latitude,longitude,init_date,valid_date,lead_day,ens_n,t2m_C,t2m_C_max,t2m_C_min,rh_pct,wind_mps,tp_mm_mean,rh_pct_max,rh_pct_min,wind_mps_max,wind_mps_min
22.0,120.0,2010-08-01,2010-08-01,0,25,28.465927,29.808653,27.41188,83.29984,3.3246746,0.0,88.30487,76.76942,3.8253512,2.7476237
24.0,122.0,2010-08-01,2010-08-01,0,25,27.12685,27.990366,26.44852,85.889854,3.831845,0.0,87.9955,83.051834,4.4811,2.9031343
25.0,121.0,2010-08-01,2010-08-01,0,25,28.145283,29.155668,27.18124,87.53227,2.8398783,0.0,91.44192,82.30928,3.44299,2.3298712
24.0,121.0,2010-08-01,2010-08-01,0,25,26.510548,28.213251,25.184214,87.20861,1.9399456,0.0,91.959656,79.93872,2.4894583,1.4807466
23.0,122.0,2010-08-01,2010-08-01,0,25,27.31282,28.456562,26.395292,83.828674,3.032497,0.0,87.72373,78.88892,3.5683951,2.561143
24.0,120.0,2010-08-01,2010-08-01,0,25,28.312551,29.40686,27.274073,86.45595,2.9640338,0.0,91.10701,80.340065,4.0092297,1.9270658
23.0,121.0,2010-08-01,2010-08-01,0,25,26.539108,28.55289,25.11398,86.06219,1.999946,0.0,91.98193,77.1712,2.7098203,1.4684299
25.0,122.0,2010-08-01,2010-08-01,0,25,28.750471,28.96957,28.428677,86.30311,4.403574,0.0,87.61845,85.24881,5.2473946,3.690381
22.0,122.0,2010-08-01,2010-08-01,0,25,29.212675,29.669594,28.619707,81.08584,4.090848,0.0,84.534035,78.09875,4.5297155,3.644597
23.0,120.0,2010-08-01,2010-08-01,0,25,28.347458,29.750525,27.211987,85.31417,2.707872,0.0,91.14309,77.57939,3.3816342,1.905136
22.0,121.0,2010-08-01,2010-08-01,0,25,28.436956,29.76031,27.33477,83.158295,3.19594,0.0,88.57122,76.46543,3.6388073,2.696126
25.0,120.0,2010-08-01,2010-08-01,0,25,27.974438,29.69068,26.592163,88.19455,3.0916505,0.0,93.906975,79.72889,3.434039,2.6414392
22.0,121.0,2010-08-01,2010-08-02,1,25,28.323074,29.383005,27.492369,83.44105,2.0569541,1.3332193,87.669586,77.694725,2.6932907,1.4493918
24.0,120.0,2010-08-01,2010-08-02,1,25,28.018583,28.956856,27.237774,86.84496,2.3645875,0.98070025,90.97786,81.64639,2.9841566,1.7326869
24.0,121.0,2010-08-01,2010-08-02,1,25,26.258324,27.72126,25.001762,87.22158,1.4630334,2.22436,92.59372,81.00656,1.9988474,0.96184844
25.0,121.0,2010-08-01,2010-08-02,1,25,27.896397,28.835405,27.059687,87.88373,3.2931137,0.839656,92.188446,83.12336,4.105999,2.4010003
23.0,122.0,2010-08-01,2010-08-02,1,25,27.060774,27.998232,26.236422,84.277664,1.6066003,1.6049094,87.723175,80.43313,2.4561555,0.7937733
23.0,121.0,2010-08-01,2010-08-02,1,25,26.346357,28.051079,25.009315,86.15374,0.66772,2.5251179,91.58286,78.53242,0.945088,0.41059682
24.0,122.0,2010-08-01,2010-08-02,1,25,26.921352,27.567856,26.221113,84.07223,1.5500045,1.4849216,87.36028,80.95208,2.3294086,0.90112567
22.0,120.0,2010-08-01,2010-08-02,1,25,28.367058,29.348555,27.64166,82.66531,1.9057927,1.3679539,86.142624,77.52053,2.4259667,1.3934376
25.0,120.0,2010-08-01,2010-08-02,1,25,27.79784,29.534239,26.623632,88.65101,3.0078354,0.95184386,94.68962,80.17903,3.675333,2.4025452
25.0,122.0,2010-08-01,2010-08-02,1,25,28.548416,28.925903,28.243658,84.79184,3.3724096,0.11155962,86.991455,82.56015,4.3259587,2.5130017
23.0,120.0,2010-08-01,2010-08-02,1,25,28.112377,29.289335,27.256485,85.78842,1.667075,1.2787116,90.102585,79.17713,2.2038095,1.1653885
22.0,122.0,2010-08-01,2010-08-02,1,25,29.039156,29.517675,28.554346,81.70034,2.6234388,0.41119516,84.62588,78.9161,3.9013474,1.4974266
24.0,120.0,2010-08-01,2010-08-03,2,25,28.089672,29.274189,27.133085,86.061806,2.0539515,0.6296435,91.27605,79.29153,2.9346728,1.2641641
22.0,120.0,2010-08-01,2010-08-03,2,25,28.403154,29.426855,27.537119,83.10183,3.088583,5.075797,86.76619,78.92186,4.1609273,1.8944227
23.0,121.0,2010-08-01,2010-08-03,2,25,26.29625,27.924654,24.892963,86.24392,1.1684885,7.6865544,91.16257,80.32167,1.5578502,0.7395196
25.0,122.0,2010-08-01,2010-08-03,2,25,28.671432,29.138714,28.186752,85.41526,2.5597327,1.1524572,88.39167,82.518555,3.4400358,1.7247777
24.0,122.0,2010-08-01,2010-08-03,2,25,26.978943,27.873428,26.180176,84.52375,1.5522522,4.377023,87.9374,80.92283,2.2742527,0.74326056
25.0,121.0,2010-08-01,2010-08-03,2,25,28.044565,29.241793,27.070845,87.14255,2.3606837,0.6837883,92.46488,80.59972,3.4188416,1.2163085
24.0,121.0,2010-08-01,2010-08-03,2,25,26.340687,27.983536,24.930069,86.288445,0.9792238,3.9166012,92.002625,79.139854,1.5387095,0.4704296
22.0,121.0,2010-08-01,2010-08-03,2,25,28.293028,29.485098,27.209072,83.98482,2.886107,5.7786717,87.88015,79.23809,3.702666,2.0897577
23.0,122.0,2010-08-01,2010-08-03,2,25,26.948235,27.923164,25.977505,84.301,1.5556331,5.89251,87.75952,80.49641,2.3582013,0.8060905
23.0,120.0,2010-08-01,2010-08-03,2,25,28.05156,29.22002,27.104454,86.01653,2.0416937,4.3862243,90.44734,80.476776,3.3339508,0.83893484
22.0,122.0,2010-08-01,2010-08-03,2,25,28.946096,29.526705,28.251728,82.13814,2.947998,3.989288,84.88129,79.266716,3.9434779,2.0554886
25.0,120.0,2010-08-01,2010-08-03,2,25,28.12963,30.12984,26.755844,87.58855,1.807893,1.1106505,93.99783,77.83227,2.6525433,0.96343523
24.0,121.0,2010-08-01,2010-08-04,3,25,25.863564,27.489737,24.366089,87.40977,2.1324224,6.231167,92.12164,81.36038,3.3634949,1.021484
22.0,121.0,2010-08-01,2010-08-04,3,25,27.570444,28.661505,26.523941,84.86894,2.7765024,11.058681,88.75718,80.10477,3.526016,1.8846511
25.0,121.0,2010-08-01,2010-08-04,3,25,27.842896,28.994455,26.704556,86.46987,3.0560389,3.4900591,90.35083,81.37027,4.2495155,1.5661076
24.0,120.0,2010-08-01,2010-08-04,3,25,27.955873,29.189926,26.82164,86.01752,2.6299827,3.9682171,89.80894,80.69713,4.130189,1.2620398
25.0,120.0,2010-08-01,2010-08-04,3,25,27.874083,29.571983,26.40018,87.077286,2.7591276,4.5945525,91.80415,79.691475,4.1078224,1.3108394
23.0,122.0,2010-08-01,2010-08-04,3,25,26.11099,27.117468,25.068428,86.655174,2.9161007,10.732562,89.981415,82.937035,4.08635,1.7443373
25.0,122.0,2010-08-01,2010-08-04,3,25,28.20389,28.804565,27.538872,86.02741,3.6840453,5.148871,88.6454,83.226555,4.8077483,2.5235279
23.0,121.0,2010-08-01,2010-08-04,3,25,25.740461,27.380322,24.390932,86.72872,1.3871814,8.487904,90.923065,80.53386,1.8649125,0.9155072
23.0,120.0,2010-08-01,2010-08-04,3,25,27.841545,29.08791,26.857344,85.346146,1.9413451,6.210434,88.72636,79.871,2.9771826,1.0261381
22.0,122.0,2010-08-01,2010-08-04,3,25,27.940557,28.509018,27.216562,84.83044,4.2167897,13.316863,87.91343,82.245705,5.3457103,2.956311
24.0,122.0,2010-08-01,2010-08-04,3,25,26.233503,27.248886,25.219786,86.92059,2.6143827,7.901757,89.84,83.3428,3.8148365,1.5303047
22.0,120.0,2010-08-01,2010-08-04,3,25,27.913715,28.971874,26.974194,83.7969,2.651608,8.662421,87.29917,79.22687,3.9312277,1.3932631
25.0,121.0,2010-08-01,2010-08-05,4,25,27.542688,28.472763,26.831284,87.39384,3.5770676,4.481544,91.05289,83.353836,4.472216,2.6945841
24.0,122.0,2010-08-01,2010-08-05,4,25,26.243126,27.21146,25.412748,86.6055,2.762592,9.5453825,89.87312,83.25332,3.5057287,1.9809179
25.0,120.0,2010-08-01,2010-08-05,4,25,27.324211,28.47551,26.55648,87.89888,2.4980586,6.2134447,91.747665,82.881935,3.4010918,1.6993636
22.0,122.0,2010-08-01,2010-08-05,4,25,28.046022,28.537361,27.609018,86.15003,4.961157,18.132744,88.8436,83.03363,6.3151164,3.6838288
23.0,121.0,2010-08-01,2010-08-05,4,25,25.62195,27.069214,24.559277,86.537445,1.7520634,9.16521,90.50771,81.385345,2.2031896,1.319654
23.0,122.0,2010-08-01,2010-08-05,4,25,26.201235,27.175373,25.450377,86.63193,2.976287,13.827466,90.03362,82.781204,3.699755,2.230831
23.0,120.0,2010-08-01,2010-08-05,4,25,27.612984,28.509224,27.018774,85.176544,1.8026831,5.920343,88.62653,80.719826,2.4921556,1.045817
25.0,122.0,2010-08-01,2010-08-05,4,25,28.215082,28.76864,27.640532,86.17061,5.4369183,5.227269,89.25014,83.61189,6.7539353,4.129942
22.0,121.0,2010-08-01,2010-08-05,4,25,27.46444,28.183426,26.893085,86.01877,3.7003992,13.463801,89.15454,82.63519,4.861131,2.5078266
24.0,120.0,2010-08-01,2010-08-05,4,25,27.542715,28.383692,26.990541,86.491425,1.7314414,5.5800524,89.927704,82.17099,2.5626507,0.9649292
22.0,120.0,2010-08-01,2010-08-05,4,25,27.557745,28.20433,27.036856,85.386955,4.0753617,11.57483,88.52495,82.29819,5.666166,2.6546576
24.0,121.0,2010-08-01,2010-08-05,4,25,25.559937,26.95727,24.555586,87.878845,1.2456868,8.797835,91.84812,82.891365,1.914239,0.6673647
22.0,121.0,2010-08-01,2010-08-06,5,25,27.34933,28.232458,26.533916,86.88341,5.106048,18.87687,89.693665,83.29554,5.87007,4.2534575
24.0,120.0,2010-08-01,2010-08-06,5,25,28.011019,29.075903,27.260962,85.76925,1.7297931,6.084263,89.402054,80.86395,2.7794573,0.8251817
22.0,120.0,2010-08-01,2010-08-06,5,25,27.5124,28.430048,26.816162,86.24724,5.9321575,15.8603115,88.92612,82.34688,6.8930345,5.0254974
24.0,122.0,2010-08-01,2010-08-06,5,25,25.989346,26.984428,25.19664,87.72636,3.448653,13.641827,90.6207,84.018654,4.2295513,2.6024995
25.0,122.0,2010-08-01,2010-08-06,5,25,28.05434,28.577852,27.49065,86.99117,6.915727,6.334593,88.74163,85.197685,8.034479,5.8677173
23.0,121.0,2010-08-01,2010-08-06,5,25,25.456314,27.126854,24.301886,86.90935,2.4058466,12.269709,90.83731,80.72202,2.7591922,2.058327
24.0,121.0,2010-08-01,2010-08-06,5,25,25.680231,27.195148,24.617563,87.45894,1.6010431,12.115586,91.37325,81.79898,2.4119325,0.83193594
25.0,121.0,2010-08-01,2010-08-06,5,25,27.75348,28.768072,26.920263,86.70856,4.459816,4.8284545,89.64093,82.98135,5.163878,3.6489465
25.0,120.0,2010-08-01,2010-08-06,5,25,27.716614,29.006739,26.796001,86.80642,3.1918993,5.7962246,90.634186,81.24673,4.1616955,2.077679
23.0,120.0,2010-08-01,2010-08-06,5,25,27.79711,29.01561,26.963886,85.21047,2.0436175,6.1853237,88.745964,79.74922,2.854617,1.2420348
23.0,122.0,2010-08-01,2010-08-06,5,25,25.918512,26.931875,25.127935,88.15059,4.0522556,19.172709,91.03006,84.511406,4.887342,3.191949
22.0,122.0,2010-08-01,2010-08-06,5,25,27.813448,28.206758,27.36544,88.159325,6.8146834,25.786594,89.78847,86.26694,7.989796,5.7063727
24.0,122.0,2010-08-01,2010-08-07,6,25,25.780397,26.578867,25.055504,86.70865,3.370117,9.074684,89.1241,83.63738,4.186914,2.479652
22.0,120.0,2010-08-01,2010-08-07,6,25,27.356043,28.143057,26.670341,85.67909,5.287661,13.646104,88.57984,82.139694,6.2349176,4.35554
25.0,120.0,2010-08-01,2010-08-07,6,25,27.503345,28.955532,26.262808,86.30493,3.5435596,6.1825147,90.68816,80.32434,4.559221,2.4796314
22.0,122.0,2010-08-01,2010-08-07,6,25,27.607227,28.097946,27.115406,87.42875,6.21926,18.157364,89.32244,85.22999,7.614825,4.5817113
22.0,121.0,2010-08-01,2010-08-07,6,25,27.114529,27.859385,26.36213,86.6354,4.578426,14.585663,89.32074,83.46348,5.5394826,3.5374072
24.0,120.0,2010-08-01,2010-08-07,6,25,27.786427,28.919807,26.780249,85.8483,2.1197917,7.585694,89.50547,81.07012,3.099741,0.9871553
25.0,121.0,2010-08-01,2010-08-07,6,25,27.497448,28.575289,26.48102,86.27461,4.5694413,4.9623265,89.794304,82.15927,5.257641,3.868796
24.0,121.0,2010-08-01,2010-08-07,6,25,25.470222,26.923838,24.271269,86.85351,1.8534535,9.486271,91.01792,81.35118,2.6867175,1.0947918
25.0,122.0,2010-08-01,2010-08-07,6,25,27.799362,28.28811,27.214272,86.161644,6.5898075,4.552609,88.27197,84.21333,7.6753974,5.4822273
23.0,120.0,2010-08-01,2010-08-07,6,25,27.53139,28.632906,26.656841,85.58426,1.9520935,7.656704,88.86496,80.80643,2.7361712,1.1500385
23.0,121.0,2010-08-01,2010-08-07,6,25,25.205162,26.64082,24.14558,86.601425,2.2339911,9.5790825,90.256836,81.142685,2.7112687,1.7361159
23.0,122.0,2010-08-01,2010-08-07,6,25,25.69642,26.50958,24.972841,87.35345,3.802176,13.151241,90.0744,84.40224,4.8077583,2.523314
23.0,121.0,2010-08-01,2010-08-08,7,25,25.18607,26.52567,24.209492,87.32313,2.1330674,16.200586,91.71965,81.94095,2.9116473,1.3304814
23.0,122.0,2010-08-01,2010-08-08,7,25,25.886757,26.63332,25.30022,86.50584,3.5388303,13.862253,89.38675,83.34487,4.6995344,1.9857242
22.0,122.0,2010-08-01,2010-08-08,7,25,27.778322,28.184118,27.37686,85.723145,5.1541357,17.536875,87.862625,83.65985,6.578517,3.4175177
25.0,122.0,2010-08-01,2010-08-08,7,25,27.88395,28.359322,27.462158,85.36106,5.4619184,5.2455006,87.43552,83.05105,6.61891,4.163808
25.0,120.0,2010-08-01,2010-08-08,7,25,27.099947,28.419584,26.054785,86.45767,2.7661512,6.2179437,91.12442,80.451935,3.9851704,1.3514404
23.0,120.0,2010-08-01,2010-08-08,7,25,27.231792,28.200249,26.516748,85.982,2.706002,13.425928,89.446434,81.66164,3.9093735,1.6321219
24.0,121.0,2010-08-01,2010-08-08,7,25,25.365862,26.624361,24.407173,87.18039,1.9958277,10.2794895,91.43205,81.867584,3.0238242,0.89593315
24.0,122.0,2010-08-01,2010-08-08,7,25,25.948183,26.736485,25.369638,86.318214,3.827216,10.399844,88.96824,82.91499,4.98087,2.4298627
22.0,120.0,2010-08-01,2010-08-08,7,25,27.18323,27.857428,26.54778,86.12681,4.1382236,18.846725,89.05864,83.107834,5.4462867,2.9988105
24.0,120.0,2010-08-01,2010-08-08,7,25,27.403797,28.292809,26.686596,85.860886,2.5857923,7.5106297,89.32785,81.60518,4.055368,1.2776403
25.0,121.0,2010-08-01,2010-08-08,7,25,27.312584,28.247686,26.533175,86.174675,3.5209143,5.108248,90.02198,81.881615,4.468458,2.439186
22.0,121.0,2010-08-01,2010-08-08,7,25,27.075567,27.799477,26.449701,86.46993,3.7460139,19.875017,89.267685,83.31036,4.8037505,2.5253146
24.0,120.0,2010-08-01,2010-08-09,8,25,27.261852,28.049438,26.683403,86.32364,3.69321,10.44656,89.631485,82.571365,4.7881374,2.5112307
24.0,122.0,2010-08-01,2010-08-09,8,25,26.218645,26.887535,25.724018,86.43401,4.1167693,7.820714,88.58412,83.94455,5.2645965,2.79306
25.0,121.0,2010-08-01,2010-08-09,8,25,27.281492,28.072702,26.668188,86.185616,2.746536,7.0020795,89.48714,82.411354,3.727439,1.7834573
22.0,121.0,2010-08-01,2010-08-09,8,25,27.284975,28.012129,26.669067,86.207695,3.973828,12.951673,88.98884,83.206635,4.944268,2.8199744
24.0,121.0,2010-08-01,2010-08-09,8,25,25.404387,26.59901,24.538979,87.586136,2.175966,9.72833,91.2355,83.0326,3.0463896,1.2758248
22.0,120.0,2010-08-01,2010-08-09,8,25,27.217749,27.763412,26.701963,86.69742,4.45591,16.72544,89.29341,84.145294,5.602124,3.2620802
25.0,122.0,2010-08-01,2010-08-09,8,25,28.083275,28.41549,27.747543,85.09351,4.6091914,5.1281476,87.096436,83.313866,5.748568,3.457978
25.0,120.0,2010-08-01,2010-08-09,8,25,27.004028,28.262598,26.114902,86.500725,2.5859208,7.999508,91.138626,80.764946,3.67237,1.5021036
23.0,120.0,2010-08-01,2010-08-09,8,25,27.135216,27.921026,26.513931,86.962776,3.8757699,13.379108,90.02712,83.37322,4.9538665,2.6613367
22.0,122.0,2010-08-01,2010-08-09,8,25,28.183958,28.722656,27.630953,84.61542,5.387781,9.6561165,87.305984,82.24578,6.8590302,4.0501347
23.0,122.0,2010-08-01,2010-08-09,8,25,26.167574,26.927166,25.58894,86.56411,3.80629,9.347965,89.01996,83.79339,4.989556,2.5960283
23.0,121.0,2010-08-01,2010-08-09,8,25,25.271465,26.465204,24.387535,88.25245,2.4184315,12.628376,91.52229,83.97502,3.3419847,1.4888388
23.0,122.0,2010-08-01,2010-08-10,9,25,26.365124,27.316504,25.618242,86.12496,3.216709,7.942011,89.33884,82.20795,4.065559,2.2926035
25.0,122.0,2010-08-01,2010-08-10,9,25,28.2553,28.623245,27.85954,85.054756,4.109152,3.595774,87.355576,83.00837,5.064279,3.1069682
22.0,122.0,2010-08-01,2010-08-10,9,25,28.274874,28.819717,27.737099,84.73611,4.9563646,9.389766,87.47983,81.882965,6.016072,3.9158387
25.0,120.0,2010-08-01,2010-08-10,9,25,27.223373,28.501152,26.29894,86.670586,2.6156783,6.927454,91.50371,80.22063,3.3600748,1.7523688
22.0,121.0,2010-08-01,2010-08-10,9,25,27.509605,28.427961,26.777727,85.929474,3.7371273,10.836108,89.561516,81.58359,4.5395927,2.8599076
24.0,120.0,2010-08-01,2010-08-10,9,25,27.478622,28.305098,26.856035,86.44604,3.3216746,6.943857,90.06286,81.998314,4.314343,2.3206506
24.0,122.0,2010-08-01,2010-08-10,9,25,26.403181,27.223085,25.714317,86.277824,3.4775324,6.5305724,89.191185,83.020905,4.382971,2.5701487
25.0,121.0,2010-08-01,2010-08-10,9,25,27.530075,28.338223,26.855625,85.960915,2.6115122,4.406893,89.7364,81.6021,3.4041665,1.8144614
23.0,120.0,2010-08-01,2010-08-10,9,25,27.421335,28.465664,26.712618,86.586784,3.4465694,8.9738865,90.2939,81.48393,4.50668,2.2984223
23.0,121.0,2010-08-01,2010-08-10,9,25,25.602175,27.154152,24.493721,87.40523,2.0312278,9.382059,91.84748,81.00798,2.8650727,1.247553
24.0,121.0,2010-08-01,2010-08-10,9,25,25.666105,26.99067,24.64414,87.25195,1.8656044,7.3633976,91.64199,81.554146,2.484267,1.2155745
22.0,120.0,2010-08-01,2010-08-10,9,25,27.58084,28.375568,26.875034,85.713486,4.0880523,10.663988,89.3025,81.88169,5.0482035,3.1394312
24.0,120.0,2010-08-01,2010-08-11,10,25,27.453676,28.362305,26.79746,86.789024,2.9257002,7.279203,89.7026,82.63097,3.9661703,1.8573332
22.0,121.0,2010-08-01,2010-08-11,10,25,27.337471,28.25168,26.555937,86.12975,3.996559,13.043096,89.315285,82.06594,4.8968935,3.0563896
25.0,122.0,2010-08-01,2010-08-11,10,25,28.229517,28.610567,27.857838,84.815094,4.4890857,2.9664202,86.756165,82.84488,5.799805,3.0442681
23.0,122.0,2010-08-01,2010-08-11,10,25,26.157568,27.0817,25.348267,85.94084,3.3426154,9.331128,88.69498,82.409805,4.215995,2.4399042
22.0,120.0,2010-08-01,2010-08-11,10,25,27.47617,28.392916,26.74903,85.77243,4.393765,12.855869,88.65294,81.69017,5.3525887,3.4067142
25.0,121.0,2010-08-01,2010-08-11,10,25,27.556355,28.429438,26.804585,86.0307,2.8702428,4.307401,89.22985,82.08182,3.822364,1.7771338
24.0,121.0,2010-08-01,2010-08-11,10,25,25.551426,26.906546,24.43477,87.233955,1.8599384,7.542417,91.13634,82.100174,2.7161622,1.0881588
24.0,122.0,2010-08-01,2010-08-11,10,25,26.236238,27.059093,25.49121,85.952805,3.3300385,6.1822877,88.394646,82.93234,4.339855,2.3066435
25.0,120.0,2010-08-01,2010-08-11,10,25,27.332449,28.745995,26.314625,86.811424,2.445261,5.4578753,91.22612,80.27709,3.4340997,1.4932255
22.0,122.0,2010-08-01,2010-08-11,10,25,28.057121,28.570503,27.566933,85.1268,5.328107,11.960217,87.61768,82.449295,6.4589534,4.2139134
23.0,120.0,2010-08-01,2010-08-11,10,25,27.34945,28.415634,26.616571,86.55963,2.830484,10.152776,89.56505,81.60089,3.7761037,1.8742857
23.0,121.0,2010-08-01,2010-08-11,10,25,25.439907,26.957485,24.252632,87.01708,2.0203588,10.410383,90.820305,81.174095,2.701914,1.3962752
23.0,120.0,2010-08-01,2010-08-12,11,25,27.399084,28.451834,26.675747,85.83532,2.770452,9.762488,89.22002,80.92167,3.7784834,1.7538998
22.0,122.0,2010-08-01,2010-08-12,11,25,28.018658,28.541113,27.473755,84.16552,4.8590846,13.147653,86.951485,81.660736,5.91879,3.847581
23.0,121.0,2010-08-01,2010-08-12,11,25,25.371153,26.918556,24.18353,86.51173,1.9622467,11.948045,90.88856,80.323685,2.653584,1.4006044
25.0,122.0,2010-08-01,2010-08-12,11,25,28.191622,28.629908,27.74604,84.49009,4.741287,3.0237122,86.75543,82.25918,5.8960557,3.5919487
22.0,120.0,2010-08-01,2010-08-12,11,25,27.424498,28.173725,26.746323,85.34067,4.4378233,13.902888,88.35509,81.97394,5.411569,3.3953333
25.0,121.0,2010-08-01,2010-08-12,11,25,27.588015,28.616396,26.71956,85.656364,3.1508384,3.263694,89.555916,81.1114,4.0444183,2.218536
24.0,121.0,2010-08-01,2010-08-12,11,25,25.52507,27.033747,24.310259,86.74378,1.8175032,7.4885473,91.07192,80.88233,2.6408033,1.1191382
22.0,121.0,2010-08-01,2010-08-12,11,25,27.314817,28.140287,26.556894,85.281975,3.7300797,14.996635,88.72003,81.46995,4.706453,2.714365
23.0,122.0,2010-08-01,2010-08-12,11,25,26.073006,27.020136,25.228775,85.30211,2.9861462,10.122559,88.443855,81.52126,3.7442222,2.153177
24.0,122.0,2010-08-01,2010-08-12,11,25,26.140095,27.00939,25.39544,85.51635,3.295967,7.229796,88.364105,82.052284,4.163674,2.4315505
25.0,120.0,2010-08-01,2010-08-12,11,25,27.420889,28.994682,26.28935,86.124176,2.651451,3.774215,91.083954,78.88092,3.6155033,1.7526093
24.0,120.0,2010-08-01,2010-08-12,11,25,27.545176,28.543823,26.78982,86.07485,2.871446,5.3186336,89.36235,81.498405,3.8591933,1.8417718
22.0,120.0,2010-08-01,2010-08-13,12,25,27.322668,28.191494,26.589556,85.29381,3.720402,14.345994,88.66393,81.457634,4.8024917,2.6751587
24.0,120.0,2010-08-01,2010-08-13,12,25,27.392967,28.383867,26.629858,85.75025,2.7619517,7.6888523,89.11823,81.114525,3.880826,1.6461236
23.0,122.0,2010-08-01,2010-08-13,12,25,26.14198,27.085316,25.348125,85.08627,2.827437,7.2584796,88.58071,81.148186,3.6702666,1.9912457
25.0,121.0,2010-08-01,2010-08-13,12,25,27.50519,28.463789,26.705473,85.51346,2.9956915,3.8842263,89.00778,81.138954,3.8468122,2.0199823
24.0,122.0,2010-08-01,2010-08-13,12,25,26.194624,27.087471,25.489477,85.14456,3.172735,5.42815,88.40304,81.394714,4.1511617,2.2138271
24.0,121.0,2010-08-01,2010-08-13,12,25,25.44186,26.877104,24.33087,86.754776,1.737704,7.656925,90.97952,81.029015,2.4881983,1.0725698
22.0,121.0,2010-08-01,2010-08-13,12,25,27.304573,28.162325,26.542374,85.250824,3.2004282,12.6438,88.55325,81.28325,4.0623183,2.4045832
23.0,121.0,2010-08-01,2010-08-13,12,25,25.341875,26.868114,24.202812,86.64416,1.7012581,11.379038,91.09046,80.43759,2.3971741,1.0854951
25.0,120.0,2010-08-01,2010-08-13,12,25,27.371025,28.906816,26.19852,85.84835,2.5326815,5.1290393,91.02681,78.89853,3.3279426,1.7006967
22.0,122.0,2010-08-01,2010-08-13,12,25,28.107384,28.621609,27.574196,83.78833,4.2787013,8.498331,86.523964,81.05613,5.329609,3.2906382
25.0,122.0,2010-08-01,2010-08-13,12,25,28.24522,28.702436,27.800932,83.98953,4.45242,1.6935216,86.40585,81.44421,5.684985,3.2018452
23.0,120.0,2010-08-01,2010-08-13,12,25,27.300169,28.39473,26.514029,85.62887,2.6533594,11.422412,89.143005,80.53979,3.4868903,1.724817
25.0,122.0,2010-08-01,2010-08-14,13,25,28.21481,28.621357,27.817408,83.933655,4.2359033,2.100175,86.21827,81.7408,5.445555,2.9323037
23.0,120.0,2010-08-01,2010-08-14,13,25,27.227861,28.178965,26.484585,85.74376,2.7956061,7.4425817,89.34187,81.269424,3.7732828,1.9777588
22.0,122.0,2010-08-01,2010-08-14,13,25,28.04494,28.474333,27.523891,83.87112,4.240169,9.430496,86.3985,81.70826,5.2995677,3.2092042
25.0,120.0,2010-08-01,2010-08-14,13,25,27.259949,28.781397,26.179941,86.05567,2.9920275,6.295464,90.81934,79.15186,3.8580823,2.096461
23.0,121.0,2010-08-01,2010-08-14,13,25,25.370132,26.882607,24.13733,86.74271,1.6566331,7.7395563,91.48876,80.80233,2.3324046,1.0496441
25.0,121.0,2010-08-01,2010-08-14,13,25,27.467201,28.382812,26.705225,85.29953,3.0522904,3.6234982,88.67286,81.32193,3.9062798,2.2105758
22.0,120.0,2010-08-01,2010-08-14,13,25,27.305086,28.03443,26.666899,85.10538,3.4124808,10.610612,88.36807,81.705345,4.4270725,2.47496
24.0,120.0,2010-08-01,2010-08-14,13,25,27.301373,28.210747,26.589828,85.86317,3.1884758,6.136048,89.063995,81.77114,4.16935,2.2822363
23.0,122.0,2010-08-01,2010-08-14,13,25,26.160189,27.157093,25.305908,85.29584,2.901137,6.8680115,88.756966,81.34343,3.7569807,2.0345159
22.0,121.0,2010-08-01,2010-08-14,13,25,27.252514,28.003418,26.494213,85.2216,3.0346322,10.306161,88.71713,81.80434,3.9971683,2.143919
24.0,121.0,2010-08-01,2010-08-14,13,25,25.450167,26.913603,24.266176,86.85368,1.9721603,6.445534,91.12019,81.30773,2.702558,1.3504862
24.0,122.0,2010-08-01,2010-08-14,13,25,26.210255,27.101368,25.44542,85.40569,3.1600244,4.902793,88.54102,81.715614,4.1437697,2.1425507
22.0,121.0,2010-08-01,2010-08-15,14,25,27.312674,28.130997,26.712173,84.613976,3.5419161,12.328564,87.71789,80.84902,4.420918,2.6804879
25.0,120.0,2010-08-01,2010-08-15,14,25,27.226963,28.619003,26.179356,86.314964,3.0954733,5.6318626,90.83615,80.12448,3.8934884,2.3508883
24.0,122.0,2010-08-01,2010-08-15,14,25,26.184076,27.04699,25.513105,85.516174,3.1947315,6.3748903,88.32053,82.08971,4.1081514,2.2422476
24.0,121.0,2010-08-01,2010-08-15,14,25,25.392817,26.797413,24.257202,87.169525,2.134173,7.88406,91.12422,81.79573,2.846416,1.5531479
23.0,122.0,2010-08-01,2010-08-15,14,25,26.130451,27.06184,25.382847,85.55396,3.2745514,8.977161,88.61671,81.80898,3.973283,2.4449584
25.0,121.0,2010-08-01,2010-08-15,14,25,27.459827,28.35173,26.690336,85.30917,3.4313266,3.9937556,88.85126,81.3551,4.1939025,2.5967188
24.0,120.0,2010-08-01,2010-08-15,14,25,27.332924,28.220753,26.638882,85.70494,3.3417926,5.516506,88.86248,81.67638,4.329425,2.4381874
22.0,120.0,2010-08-01,2010-08-15,14,25,27.373184,28.155815,26.763535,84.55808,3.627328,11.138493,87.67516,80.62065,4.6575027,2.5634415
25.0,122.0,2010-08-01,2010-08-15,14,25,28.238544,28.63481,27.867895,83.75482,4.506457,2.5034294,85.987976,81.44133,5.514007,3.3663342
22.0,122.0,2010-08-01,2010-08-15,14,25,28.101452,28.568256,27.626493,83.47561,5.092706,11.389958,86.10971,80.99464,6.0457892,4.1226544
23.0,120.0,2010-08-01,2010-08-15,14,25,27.291283,28.2989,26.58938,85.335594,2.7448967,7.5273867,88.80916,80.66018,3.765908,1.747223
23.0,121.0,2010-08-01,2010-08-15,14,25,25.34409,26.87955,24.210224,86.79861,1.6221383,9.9037895,90.93044,80.84894,2.2026258,1.0517844
24.0,122.0,2010-08-01,2010-08-16,15,25,26.31691,27.153742,25.598877,84.72116,2.8652864,3.5227058,87.77947,81.109406,3.6767454,1.9863739
25.0,121.0,2010-08-01,2010-08-16,15,25,27.520367,28.487246,26.712168,85.49989,3.2095478,3.45858,89.55252,80.880394,3.895503,2.4671488
23.0,121.0,2010-08-01,2010-08-16,15,25,25.445305,27.000837,24.261816,85.8389,1.6426436,6.529488,90.487305,78.86127,2.221146,1.1202133
23.0,120.0,2010-08-01,2010-08-16,15,25,27.38379,28.405872,26.715693,85.15403,2.7114398,7.092384,88.693146,79.76562,3.54015,1.735443
25.0,120.0,2010-08-01,2010-08-16,15,25,27.30802,28.82083,26.259897,86.501175,2.9938498,4.894737,91.58695,79.289764,3.944798,2.1745405
22.0,122.0,2010-08-01,2010-08-16,15,25,28.244417,28.715904,27.719458,83.182655,4.648636,4.9833894,85.97832,80.42117,5.7726316,3.436313
25.0,122.0,2010-08-01,2010-08-16,15,25,28.348164,28.738998,27.973516,83.68579,4.2569036,1.9510117,86.15556,81.45541,5.158659,3.4418015
22.0,121.0,2010-08-01,2010-08-16,15,25,27.448153,28.353477,26.728916,84.192375,3.547828,7.158722,87.83573,79.527336,4.5266914,2.5903742
22.0,120.0,2010-08-01,2010-08-16,15,25,27.470118,28.305395,26.854483,84.427246,3.8522077,9.777968,87.51043,79.99725,4.8821907,2.9506593
24.0,120.0,2010-08-01,2010-08-16,15,25,27.407373,28.33208,26.721918,85.94549,3.0933533,5.6018286,89.441345,81.248924,4.0961556,2.1842353
24.0,121.0,2010-08-01,2010-08-16,15,25,25.476194,26.94555,24.28818,86.63814,1.8654397,5.0545344,91.35283,80.33005,2.539035,1.280929
23.0,122.0,2010-08-01,2010-08-16,15,25,26.23902,27.214441,25.464106,84.71169,2.7829342,4.36579,87.89018,80.384285,3.6320117,1.9950162
24.0,122.0,2010-08-01,2010-08-17,16,25,26.41912,27.433481,25.563871,84.34943,2.6048038,3.9854043,87.60947,80.23032,3.2752383,1.8730563
22.0,120.0,2010-08-01,2010-08-17,16,25,27.674177,28.556768,26.913418,83.873055,3.5870645,5.726661,87.71516,79.47312,4.448326,2.662358
23.0,122.0,2010-08-01,2010-08-17,16,25,26.340405,27.498774,25.414003,84.46961,2.5069158,5.169563,88.20804,79.51169,3.423899,1.6238492
25.0,120.0,2010-08-01,2010-08-17,16,25,27.389355,28.981018,26.207066,86.282616,2.6401136,4.53312,91.66956,78.62982,3.48145,1.8393844
23.0,120.0,2010-08-01,2010-08-17,16,25,27.541138,28.782166,26.687534,85.073105,2.3180346,4.1891103,89.377396,79.0428,3.1751974,1.4906911
24.0,120.0,2010-08-01,2010-08-17,16,25,27.49079,28.578053,26.691055,86.02452,2.583612,4.5264063,89.786736,80.82513,3.5694196,1.7545905
22.0,121.0,2010-08-01,2010-08-17,16,25,27.57197,28.602333,26.664043,84.44492,3.3221717,5.7645793,88.953835,79.548035,4.089696,2.4956362
24.0,121.0,2010-08-01,2010-08-17,16,25,25.594212,27.25895,24.284618,86.17589,1.5532193,5.4641337,91.177414,79.17706,2.1753917,1.0251706
25.0,121.0,2010-08-01,2010-08-17,16,25,27.547783,28.605606,26.63871,85.669365,2.9008353,3.911248,89.86084,80.62243,3.6039362,2.122858
23.0,121.0,2010-08-01,2010-08-17,16,25,25.63734,27.458996,24.276382,85.21903,1.5177656,5.1287465,90.83824,77.394394,2.1013312,1.0203931
25.0,122.0,2010-08-01,2010-08-17,16,25,28.359898,28.829283,27.891201,83.93147,3.962688,2.4497614,86.45622,81.52168,4.7780704,3.1359866
22.0,122.0,2010-08-01,2010-08-17,16,25,28.277065,28.808638,27.706455,83.77479,4.2309804,5.8047113,86.93036,80.83659,5.385275,3.0852869
23.0,121.0,2010-08-01,2010-08-18,17,25,25.5469,27.289194,24.202583,85.53208,1.3974727,5.168656,90.62138,78.38618,1.8270558,1.0248215
25.0,122.0,2010-08-01,2010-08-18,17,25,28.328175,28.768145,27.849712,84.02679,3.8003166,1.8336166,86.59064,81.589455,4.666171,2.8483734
23.0,120.0,2010-08-01,2010-08-18,17,25,27.510048,28.699976,26.645239,85.00653,2.027066,4.6307063,89.14213,79.18116,2.7358527,1.1669436
25.0,120.0,2010-08-01,2010-08-18,17,25,27.367144,28.932955,26.195112,86.25209,2.2870862,4.039427,91.58014,78.74229,3.1465566,1.5315117
23.0,122.0,2010-08-01,2010-08-18,17,25,26.196426,27.27137,25.215958,85.10818,2.591292,5.1560683,88.97739,80.58565,3.3236413,1.8271936
24.0,121.0,2010-08-01,2010-08-18,17,25,25.522537,27.119717,24.200327,86.49306,1.4504864,4.620559,91.45086,79.97141,2.181637,0.87322915
24.0,122.0,2010-08-01,2010-08-18,17,25,26.311762,27.283937,25.442533,84.637695,2.3845797,3.3147876,87.9645,80.82063,3.051067,1.7121072
25.0,121.0,2010-08-01,2010-08-18,17,25,27.551495,28.585049,26.663042,85.79482,2.7500217,3.1270275,89.74121,80.9414,3.4739916,1.9285066
22.0,121.0,2010-08-01,2010-08-18,17,25,27.478374,28.450264,26.635054,84.84618,3.333354,7.920962,88.7131,80.207596,3.975139,2.6055443
22.0,122.0,2010-08-01,2010-08-18,17,25,28.129768,28.607355,27.573261,84.4895,4.48548,7.9050903,87.47669,81.85582,5.2597833,3.6216412
22.0,120.0,2010-08-01,2010-08-18,17,25,27.590313,28.465675,26.83872,84.24188,3.498457,6.935243,87.94992,79.928734,4.3326564,2.5299554
24.0,120.0,2010-08-01,2010-08-18,17,25,27.47828,28.528236,26.648018,85.95812,2.217927,4.078642,89.815636,80.78611,3.2028697,1.2944225
24.0,120.0,2010-08-01,2010-08-19,18,25,27.482796,28.51687,26.717413,85.59659,2.2422137,4.429064,89.30675,80.69813,3.1110437,1.3951694
22.0,120.0,2010-08-01,2010-08-19,18,25,27.555798,28.345406,26.904526,84.440315,3.7594125,7.1520696,87.68588,80.41256,4.6377883,2.8200128
25.0,121.0,2010-08-01,2010-08-19,18,25,27.558088,28.597925,26.69899,85.42777,2.811205,3.3714008,89.44036,80.695915,3.5367362,1.988886
22.0,121.0,2010-08-01,2010-08-19,18,25,27.424831,28.273582,26.739208,84.975586,3.4354649,7.585188,88.27861,80.87735,4.1933274,2.6204793
24.0,121.0,2010-08-01,2010-08-19,18,25,25.550528,27.155552,24.309088,86.05877,1.4901325,4.9743357,91.01012,79.52078,2.198454,0.86370695
24.0,122.0,2010-08-01,2010-08-19,18,25,26.370996,27.313877,25.611773,84.13521,2.4853811,3.2999897,87.1286,80.340576,3.265163,1.7349316
23.0,121.0,2010-08-01,2010-08-19,18,25,25.54986,27.199451,24.344927,85.325195,1.494628,4.9802856,90.19416,78.43025,1.9369762,1.0627023
23.0,122.0,2010-08-01,2010-08-19,18,25,26.236145,27.217043,25.48672,84.681984,2.6773703,5.7463536,87.95157,80.325165,3.3571625,1.9660273
25.0,122.0,2010-08-01,2010-08-19,18,25,28.365938,28.82044,27.920845,83.600975,3.8750548,1.7160507,85.87831,81.36282,4.811499,2.7887516
25.0,120.0,2010-08-01,2010-08-19,18,25,27.376694,28.959858,26.226196,85.7952,2.3465548,4.2017074,91.08088,78.32844,3.1548018,1.4993347
22.0,122.0,2010-08-01,2010-08-19,18,25,28.113182,28.641376,27.636768,84.41811,4.5573063,8.348586,86.97713,81.46501,5.430385,3.6272986
23.0,120.0,2010-08-01,2010-08-19,18,25,27.489557,28.565386,26.75662,84.87242,2.0713384,4.4361577,88.453545,79.48815,2.7680275,1.2990181
22.0,120.0,2010-08-01,2010-08-20,19,25,27.616375,28.446953,26.869087,84.30583,3.480279,8.346216,87.83743,80.18601,4.4032087,2.5423408
24.0,122.0,2010-08-01,2010-08-20,19,25,26.29215,27.272545,25.499897,84.92205,2.452748,5.0297933,88.214325,80.643105,3.29102,1.6536684
24.0,121.0,2010-08-01,2010-08-20,19,25,25.545835,27.149956,24.314404,86.20643,1.4810956,4.9103184,91.097664,79.37983,2.1625054,0.86172354
24.0,120.0,2010-08-01,2010-08-20,19,25,27.549128,28.64105,26.782042,85.35879,2.1689367,3.4930048,89.43566,79.89225,3.0307853,1.4172848
23.0,122.0,2010-08-01,2010-08-20,19,25,26.154331,27.145998,25.352432,85.30429,2.56261,8.14274,88.779915,80.836395,3.3660047,1.785328
22.0,121.0,2010-08-01,2010-08-20,19,25,27.478508,28.340723,26.70127,84.79848,3.3811169,9.590113,88.176094,80.689026,4.245181,2.5221975
25.0,121.0,2010-08-01,2010-08-20,19,25,27.598356,28.630495,26.736074,85.38082,2.840703,2.8656385,89.73957,80.49453,3.636988,1.9405795
23.0,121.0,2010-08-01,2010-08-20,19,25,25.549576,27.231924,24.297993,85.53285,1.3392147,6.280099,90.25966,78.33208,1.901543,0.89556676
25.0,120.0,2010-08-01,2010-08-20,19,25,27.41967,28.987818,26.305304,85.55124,2.3239691,3.7853632,90.92522,78.19216,3.2313836,1.4918323
23.0,120.0,2010-08-01,2010-08-20,19,25,27.560738,28.728193,26.77827,84.686325,1.7849586,4.854776,88.61462,78.76125,2.5486243,1.0753306
25.0,122.0,2010-08-01,2010-08-20,19,25,28.332373,28.800512,27.87793,84.17383,3.9023724,2.9923627,86.79781,81.59519,4.9898767,2.891427
22.0,122.0,2010-08-01,2010-08-20,19,25,28.085142,28.635767,27.587988,84.64651,4.5908155,11.460077,87.42325,81.77384,5.6492863,3.4583185
23.0,121.0,2010-08-01,2010-08-21,20,25,25.436758,27.1435,24.138472,86.08008,1.3890538,6.37954,91.11925,78.27214,1.8603154,0.9426642
24.0,120.0,2010-08-01,2010-08-21,20,25,27.642876,28.767954,26.85047,85.308395,2.0836992,3.0469437,89.3096,79.751465,2.8871877,1.2653922
24.0,121.0,2010-08-01,2010-08-21,20,25,25.542652,27.183393,24.301142,86.38595,1.4408562,4.7382274,91.24061,79.33122,2.0686681,0.89522547
25.0,122.0,2010-08-01,2010-08-21,20,25,28.323923,28.810112,27.787403,84.149414,4.035031,2.7342162,86.83038,81.642624,4.846346,3.243431
25.0,121.0,2010-08-01,2010-08-21,20,25,27.639986,28.69868,26.835487,85.652824,2.988991,2.337793,89.40318,80.850685,3.6187136,2.2552528
22.0,121.0,2010-08-01,2010-08-21,20,25,27.390076,28.32196,26.610157,85.271935,3.3458502,9.95475,89.00526,80.57237,4.0885506,2.5467055
22.0,120.0,2010-08-01,2010-08-21,20,25,27.54814,28.427837,26.811787,84.753815,3.6788764,7.274619,88.478004,80.21441,4.5510364,2.6972446
25.0,120.0,2010-08-01,2010-08-21,20,25,27.515747,29.130972,26.455948,85.63887,2.5024908,3.0314567,90.75125,77.87297,3.2043622,1.8027288
23.0,120.0,2010-08-01,2010-08-21,20,25,27.545347,28.733887,26.70901,84.9892,1.7728658,4.6783357,89.297874,78.74869,2.5228353,0.98663163
22.0,122.0,2010-08-01,2010-08-21,20,25,28.070469,28.608536,27.481945,84.57048,4.4042535,11.916648,87.66379,81.58676,5.2768984,3.446365
24.0,122.0,2010-08-01,2010-08-21,20,25,26.238909,27.223186,25.386147,84.784645,2.371368,5.1309137,88.14001,80.3478,3.078622,1.6213886
23.0,122.0,2010-08-01,2010-08-21,20,25,26.115137,27.187206,25.233809,85.28258,2.5140066,8.327703,88.95518,80.14609,3.1848567,1.8107245
25.0,122.0,2010-08-01,2010-08-22,21,25,28.265757,28.76051,27.74934,84.20571,4.2786293,3.4264288,86.86618,81.695946,5.132751,3.4590654
24.0,121.0,2010-08-01,2010-08-22,21,25,25.53141,27.138134,24.208994,86.32383,1.5043344,6.368629,91.056046,79.697266,2.194434,0.84962577
24.0,120.0,2010-08-01,2010-08-22,21,25,27.641985,28.799122,26.743658,85.39377,2.1342525,4.964439,89.29324,79.95637,2.9920356,1.2840439
23.0,121.0,2010-08-01,2010-08-22,21,25,25.46759,27.150146,24.104918,85.69762,1.3951842,7.780752,90.70469,78.40918,1.8861885,0.9701769
22.0,120.0,2010-08-01,2010-08-22,21,25,27.588463,28.501816,26.788853,84.30956,3.6765463,9.475012,87.89325,79.85291,4.5387154,2.91145
22.0,121.0,2010-08-01,2010-08-22,21,25,27.450945,28.41335,26.640854,84.970985,3.4898953,10.268315,88.484024,80.4144,4.25036,2.7546282
25.0,120.0,2010-08-01,2010-08-22,21,25,27.498533,29.103409,26.314247,85.54499,2.500051,4.9307923,90.70962,78.14581,3.4268067,1.4984378
25.0,121.0,2010-08-01,2010-08-22,21,25,27.610601,28.634882,26.712797,85.48618,3.1572335,3.6864374,89.31024,80.999695,3.8705282,2.3632069
23.0,122.0,2010-08-01,2010-08-22,21,25,26.14234,27.17714,25.277153,85.158264,2.6633575,7.138434,88.37447,80.662575,3.4758685,1.7444818
24.0,122.0,2010-08-01,2010-08-22,21,25,26.198313,27.17163,25.306625,84.9674,2.5241287,6.0976324,88.529465,80.68026,3.3139215,1.7713535
22.0,122.0,2010-08-01,2010-08-22,21,25,28.127922,28.721796,27.607294,84.53415,4.6508393,9.614096,87.32615,81.331985,5.7100053,3.5112803
23.0,120.0,2010-08-01,2010-08-22,21,25,27.58642,28.817167,26.65123,84.765205,1.8067937,6.370612,88.95451,78.67558,2.6788282,0.9354603
22.0,120.0,2010-08-01,2010-08-23,22,25,27.56112,28.495962,26.793745,84.14576,3.5325553,8.080145,87.87937,79.64869,4.3411994,2.6184695
25.0,120.0,2010-08-01,2010-08-23,22,25,27.322485,28.815485,26.157602,85.899864,2.190427,5.03678,91.21931,78.79514,3.1606612,1.3199674
24.0,121.0,2010-08-01,2010-08-23,22,25,25.458542,26.94425,24.208067,86.52134,1.4747438,5.771184,91.42875,79.94232,2.1972284,0.9165022
25.0,122.0,2010-08-01,2010-08-23,22,25,28.28369,28.75565,27.851479,83.85819,3.8262217,2.429434,86.33244,81.24654,4.903024,2.7815905
24.0,120.0,2010-08-01,2010-08-23,22,25,27.48796,28.531937,26.680025,85.37162,2.328572,5.859534,89.216095,80.24522,3.1731696,1.5594391
23.0,122.0,2010-08-01,2010-08-23,22,25,26.193254,27.080069,25.359453,84.62975,2.466337,5.795066,88.060394,80.73936,3.2839105,1.6880286
23.0,121.0,2010-08-01,2010-08-23,22,25,25.43857,27.03458,24.164228,85.706924,1.4305397,6.3053193,90.53058,78.91178,1.8771938,0.9932708
22.0,121.0,2010-08-01,2010-08-23,22,25,27.494516,28.411827,26.655756,84.354095,3.2264874,6.8969035,88.236435,80.15042,4.006757,2.423555
24.0,122.0,2010-08-01,2010-08-23,22,25,26.21573,27.103033,25.425547,84.851364,2.50941,4.472815,88.12755,80.95847,3.4254522,1.6348369
22.0,122.0,2010-08-01,2010-08-23,22,25,28.251572,28.795937,27.731918,83.37862,4.178453,6.381309,86.32429,80.62463,5.1837354,3.2888038
23.0,120.0,2010-08-01,2010-08-23,22,25,27.47557,28.627705,26.64619,84.57459,2.076783,6.405569,88.52392,79.093704,2.8236978,1.4286075
25.0,121.0,2010-08-01,2010-08-23,22,25,27.53915,28.540861,26.695084,85.428314,2.7143412,3.7126987,89.49387,80.39916,3.5809078,1.8526727
23.0,121.0,2010-08-01,2010-08-24,23,25,25.482506,27.260727,24.197613,85.603714,1.3627626,5.0139017,90.572,78.19288,1.8827101,0.88471884
24.0,120.0,2010-08-01,2010-08-24,23,25,27.430803,28.514273,26.682545,85.17731,2.3152635,3.6111593,88.64926,80.10344,3.256668,1.3800213
22.0,121.0,2010-08-01,2010-08-24,23,25,27.522865,28.534992,26.66852,84.32486,2.9543428,5.2454524,88.21979,79.76552,3.8688648,2.0784836
23.0,122.0,2010-08-01,2010-08-24,23,25,26.242632,27.365175,25.3631,84.50297,2.526976,5.636535,88.2915,79.53542,3.3471754,1.668845
24.0,122.0,2010-08-01,2010-08-24,23,25,26.285809,27.268476,25.45855,84.54796,2.5567024,4.6403646,88.0368,80.516235,3.4833581,1.5876352
22.0,122.0,2010-08-01,2010-08-24,23,25,28.284998,28.828686,27.719532,83.32272,4.037147,5.8700695,86.38613,80.43827,5.027873,2.9970896
25.0,121.0,2010-08-01,2010-08-24,23,25,27.487907,28.483776,26.67376,85.14371,2.6967123,2.9020061,88.804085,80.66621,3.5664127,1.7772559
23.0,120.0,2010-08-01,2010-08-24,23,25,27.470465,28.688145,26.666689,84.62337,2.0279608,3.6490784,88.42774,78.80639,2.8595254,1.3281922
25.0,122.0,2010-08-01,2010-08-24,23,25,28.310226,28.745909,27.823448,83.620026,3.7210526,2.5735607,86.218475,81.23504,4.7386026,2.6247115
24.0,121.0,2010-08-01,2010-08-24,23,25,25.450012,27.08717,24.227007,86.16391,1.5432585,4.977051,90.787766,79.474236,2.316691,0.87710816
25.0,120.0,2010-08-01,2010-08-24,23,25,27.31303,28.930954,26.167173,85.41067,2.3572025,3.3689258,90.67515,77.95334,3.3110816,1.3969644
22.0,120.0,2010-08-01,2010-08-24,23,25,27.615635,28.51361,26.888647,83.78835,3.1456513,4.7706757,87.18282,79.748634,4.162472,2.103159
24.0,120.0,2010-08-01,2010-08-25,24,25,27.549221,28.598665,26.782232,84.9729,2.627293,2.9176164,88.990616,79.59396,3.630047,1.679143
23.0,121.0,2010-08-01,2010-08-25,24,25,25.553068,27.228788,24.291397,85.53796,1.4127727,7.183058,90.51586,78.05995,1.9318457,0.92052567
25.0,121.0,2010-08-01,2010-08-25,24,25,27.58878,28.59422,26.77914,84.68862,2.9265282,2.2754498,88.8796,79.79707,3.742286,1.8981276
23.0,120.0,2010-08-01,2010-08-25,24,25,27.582422,28.786596,26.781225,84.52801,2.1448588,4.2395616,88.58769,78.29616,2.9830408,1.2232673
24.0,122.0,2010-08-01,2010-08-25,24,25,26.312279,27.221186,25.455673,84.39536,2.5434692,6.351759,87.807465,80.427605,3.3313565,1.7988465
25.0,120.0,2010-08-01,2010-08-25,24,25,27.41066,29.092293,26.235445,85.09298,2.7075791,3.0615826,90.747025,77.069984,3.5230258,1.7470914
25.0,122.0,2010-08-01,2010-08-25,24,25,28.360962,28.812729,27.882471,83.18969,3.7875228,2.7796772,85.94726,80.7196,4.8194485,2.7037537
24.0,121.0,2010-08-01,2010-08-25,24,25,25.527466,27.046053,24.295382,85.983955,1.7083268,5.8487535,90.90207,79.34853,2.3596363,1.1047984
22.0,120.0,2010-08-01,2010-08-25,24,25,27.693884,28.69956,26.910297,83.68918,3.1938257,7.3142834,87.75315,78.75957,4.164136,2.2757404
22.0,121.0,2010-08-01,2010-08-25,24,25,27.587109,28.633438,26.755684,84.13544,3.2661066,8.555816,88.20742,79.1074,4.1256557,2.3919802
22.0,122.0,2010-08-01,2010-08-25,24,25,28.256414,28.77688,27.70457,83.440674,4.335058,9.1470175,86.22736,80.941414,5.277083,3.2989454
23.0,122.0,2010-08-01,2010-08-25,24,25,26.220518,27.229448,25.325468,84.763435,2.6491327,7.773649,88.283005,80.32646,3.3714933,1.9333763
22.0,121.0,2010-08-01,2010-08-26,25,25,27.559334,28.625029,26.655693,84.11645,3.454086,7.218924,88.10271,79.07363,4.225573,2.7152405
22.0,120.0,2010-08-01,2010-08-26,25,25,27.68758,28.710947,26.853682,83.73169,3.735634,5.809928,87.43242,78.88807,4.6697764,2.7446487
23.0,122.0,2010-08-01,2010-08-26,25,25,26.180618,27.248545,25.287582,84.588585,2.4098887,7.0455837,87.963905,80.340515,3.1537092,1.7015146
22.0,122.0,2010-08-01,2010-08-26,25,25,28.219925,28.774813,27.573647,83.40258,4.286415,8.583671,86.84047,80.59266,5.2094703,3.310368
25.0,120.0,2010-08-01,2010-08-26,25,25,27.463144,29.051743,26.405703,85.403915,2.279231,3.023828,90.66906,77.57822,3.2282135,1.4559758
23.0,120.0,2010-08-01,2010-08-26,25,25,27.627335,28.848274,26.814219,84.28234,2.0923245,3.6473017,88.35439,78.207855,2.9493997,1.2504449
25.0,122.0,2010-08-01,2010-08-26,25,25,28.349838,28.81025,27.877745,83.362785,4.142493,2.1136415,85.7894,80.95367,5.14876,2.9400418
24.0,120.0,2010-08-01,2010-08-26,25,25,27.635527,28.679083,26.891104,85.109825,2.3278692,3.0496147,89.03274,79.72879,3.2999432,1.4668624
23.0,121.0,2010-08-01,2010-08-26,25,25,25.522009,27.286371,24.241621,85.38497,1.4112194,5.682517,89.9546,78.021095,1.8077322,1.0239006
24.0,121.0,2010-08-01,2010-08-26,25,25,25.5384,27.129848,24.33814,86.2169,1.4237585,5.07476,90.8065,79.55545,2.156671,0.7629427
24.0,122.0,2010-08-01,2010-08-26,25,25,26.262339,27.2444,25.442505,84.49397,2.637103,4.780266,87.493065,80.61474,3.3656266,1.945307
25.0,121.0,2010-08-01,2010-08-26,25,25,27.63808,28.63125,26.873652,84.99239,2.9317453,2.4040167,88.943146,80.08497,3.7829037,2.009721
25.0,122.0,2010-08-01,2010-08-27,26,25,28.403915,28.878838,27.979486,83.4517,4.4991655,2.4347205,85.78439,81.01188,5.4705505,3.4517639
25.0,121.0,2010-08-01,2010-08-27,26,25,27.661333,28.748219,26.796192,84.95633,2.976774,2.5110145,88.999344,79.89216,3.8605804,1.9142842
22.0,120.0,2010-08-01,2010-08-27,26,25,27.63379,28.653173,26.826153,83.96411,4.1948943,5.7130737,87.884254,79.01852,5.0728354,3.278672
22.0,122.0,2010-08-01,2010-08-27,26,25,28.1077,28.637983,27.561777,84.5969,4.7456255,9.823028,87.747665,81.656166,5.612171,3.8955743
23.0,122.0,2010-08-01,2010-08-27,26,25,26.107885,27.179052,25.230976,84.87016,2.568003,6.9774165,88.814606,79.997795,3.2993155,1.823618
24.0,121.0,2010-08-01,2010-08-27,26,25,25.516834,27.173706,24.30045,85.77969,1.3083493,4.60742,90.60415,78.696266,2.0055075,0.65983754
24.0,122.0,2010-08-01,2010-08-27,26,25,26.271927,27.265976,25.511353,84.19235,2.6871972,4.5305147,87.53834,79.85884,3.3962219,2.084622
22.0,121.0,2010-08-01,2010-08-27,26,25,27.500742,28.51067,26.694317,84.51769,3.825589,7.3579707,88.3546,79.647255,4.541492,3.1189442
23.0,120.0,2010-08-01,2010-08-27,26,25,27.634062,28.85172,26.809786,84.06493,2.0401833,3.4443934,88.23925,77.85869,2.8993065,1.2373639
25.0,120.0,2010-08-01,2010-08-27,26,25,27.536936,29.252724,26.325,84.90048,2.1414394,3.0639925,90.6068,76.59073,3.0157502,1.3271263
24.0,120.0,2010-08-01,2010-08-27,26,25,27.639996,28.765467,26.814653,84.97395,2.0753183,3.543271,89.10145,79.623695,3.1871219,1.1441125
23.0,121.0,2010-08-01,2010-08-27,26,25,25.502605,27.253965,24.279413,84.86676,1.5392624,4.5178523,89.80238,76.89491,2.0635815,1.0901861
22.0,121.0,2010-08-01,2010-08-28,27,25,27.385967,28.377356,26.55458,84.76877,3.8040965,8.774381,88.28209,80.07541,4.56853,3.1213403
25.0,120.0,2010-08-01,2010-08-28,27,25,27.544502,29.174105,26.389921,84.84083,2.7513468,3.1318328,90.22443,77.05708,3.7003891,1.8920441
23.0,122.0,2010-08-01,2010-08-28,27,25,26.077848,27.199062,25.085049,85.19036,2.707754,6.9607234,89.41586,80.165146,3.4709425,1.9381145
25.0,122.0,2010-08-01,2010-08-28,27,25,28.317822,28.80855,27.78331,83.74327,4.915054,3.142209,86.572014,81.119316,5.7285542,4.076453
23.0,121.0,2010-08-01,2010-08-28,27,25,25.46822,27.280283,24.160723,85.00244,1.5853063,4.4402757,90.10756,76.78783,1.9716469,1.2140216
22.0,122.0,2010-08-01,2010-08-28,27,25,27.997166,28.53109,27.392593,85.03261,4.894426,11.296355,87.80308,82.39773,5.7363987,4.023463
23.0,120.0,2010-08-01,2010-08-28,27,25,27.580576,28.870596,26.700298,84.226555,2.240306,3.738219,88.393005,77.64729,3.0641544,1.5265288
22.0,120.0,2010-08-01,2010-08-28,27,25,27.564232,28.534418,26.761162,83.89282,4.2493033,7.0350323,87.58398,79.178,5.252746,3.2510364
24.0,120.0,2010-08-01,2010-08-28,27,25,27.668472,28.832989,26.774042,84.78398,2.5133142,3.2601595,88.99606,79.185104,3.6417599,1.5647386
25.0,121.0,2010-08-01,2010-08-28,27,25,27.651402,28.743826,26.731709,84.834045,3.5809324,2.465787,88.94357,79.80986,4.4335594,2.6275394
24.0,121.0,2010-08-01,2010-08-28,27,25,25.564707,27.244146,24.24521,85.55874,1.639473,3.9509249,90.7874,78.32011,2.4976022,0.9604588
24.0,122.0,2010-08-01,2010-08-28,27,25,26.243095,27.24665,25.33108,84.40075,2.6401377,4.632841,88.331795,80.08787,3.2119327,2.0617037
23.0,122.0,2010-08-01,2010-08-29,28,25,26.016857,26.997208,25.180883,85.16821,2.519205,8.248863,88.60525,80.92635,3.3352618,1.6574409
25.0,122.0,2010-08-01,2010-08-29,28,25,28.194426,28.696089,27.675468,83.92979,4.531247,3.637656,86.53808,81.286545,5.7291474,3.2866306
24.0,120.0,2010-08-01,2010-08-29,28,25,27.553146,28.694256,26.735645,84.90538,2.1857276,4.213524,88.9179,79.11982,3.1448464,1.3320732
22.0,121.0,2010-08-01,2010-08-29,28,25,27.362835,28.321295,26.514048,84.7593,3.6473596,9.604609,88.666985,79.85202,4.4383345,2.7836716
22.0,120.0,2010-08-01,2010-08-29,28,25,27.538242,28.420156,26.724028,83.947395,4.3193264,8.458214,87.626,79.51529,5.106955,3.4960923
22.0,122.0,2010-08-01,2010-08-29,28,25,27.980913,28.438667,27.489796,84.82604,4.507697,11.943628,87.51049,82.18625,5.4877815,3.430393
24.0,122.0,2010-08-01,2010-08-29,28,25,26.124128,27.102453,25.297314,84.66158,2.4518523,5.671043,88.005264,80.44451,3.3427372,1.5960989
25.0,120.0,2010-08-01,2010-08-29,28,25,27.401838,28.999477,26.293848,85.16082,2.7258925,5.0919724,90.35021,77.33533,3.7771406,1.7094395
24.0,121.0,2010-08-01,2010-08-29,28,25,25.436787,27.049883,24.212612,85.88578,1.4316324,5.598717,90.78945,78.76279,2.1737907,0.842574
23.0,120.0,2010-08-01,2010-08-29,28,25,27.525358,28.72022,26.64306,84.209076,2.0198493,4.5119853,88.37043,77.92173,2.8934839,1.179637
23.0,121.0,2010-08-01,2010-08-29,28,25,25.400475,27.069876,24.1036,85.1843,1.6233261,5.908012,90.126076,77.55147,2.0159,1.2445421
25.0,121.0,2010-08-01,2010-08-29,28,25,27.518948,28.589073,26.683365,85.06678,3.4473543,3.5673132,88.99542,79.99602,4.161525,2.5960975
24.0,120.0,2010-08-01,2010-08-30,29,25,27.529871,28.555605,26.731586,84.90129,2.2629912,4.28745,88.74485,79.65852,3.2982721,1.2643479
22.0,122.0,2010-08-01,2010-08-30,29,25,27.9898,28.529243,27.445576,84.38706,4.228121,11.96231,87.1188,81.614235,5.299538,2.962907
22.0,121.0,2010-08-01,2010-08-30,29,25,27.354118,28.351587,26.473808,84.63064,3.294778,10.469543,88.80378,79.81094,4.214173,2.321441
25.0,122.0,2010-08-01,2010-08-30,29,25,28.220835,28.701895,27.73021,83.87867,4.6963353,4.7085924,86.44389,81.47865,5.766363,3.498744
23.0,120.0,2010-08-01,2010-08-30,29,25,27.489187,28.670366,26.605616,84.2212,1.84423,5.248295,88.67243,78.23471,2.6827767,1.0068889
25.0,120.0,2010-08-01,2010-08-30,29,25,27.364065,28.827356,26.317749,85.48757,2.6268494,4.7920585,90.35199,78.61883,3.6599588,1.6650902
23.0,122.0,2010-08-01,2010-08-30,29,25,26.001184,27.031439,25.175308,85.40741,2.6127942,8.598665,88.79516,80.676926,3.4884014,1.6832739
22.0,120.0,2010-08-01,2010-08-30,29,25,27.53873,28.496265,26.745014,83.88671,3.7711458,7.5882287,87.86799,79.21696,4.7008834,2.743734
25.0,121.0,2010-08-01,2010-08-30,29,25,27.517536,28.540293,26.715044,85.26574,3.4522717,3.8866012,89.12163,80.37988,4.4398637,2.519118
24.0,122.0,2010-08-01,2010-08-30,29,25,26.131784,27.025795,25.377075,84.92199,2.7819576,6.9604855,87.97219,80.62358,3.6239326,1.858987
23.0,121.0,2010-08-01,2010-08-30,29,25,25.367199,26.966982,24.173618,85.71213,1.5200855,7.1089497,90.50523,78.62532,2.0081189,1.0490472
24.0,121.0,2010-08-01,2010-08-30,29,25,25.416279,26.86964,24.324102,86.38469,1.6095238,6.132542,90.74324,79.96328,2.4786277,0.7194032
22.0,121.0,2010-08-01,2010-08-31,30,25,27.252142,28.215,26.475674,85.52574,3.4891522,12.01894,89.13992,80.83624,4.212547,2.7337406
25.0,121.0,2010-08-01,2010-08-31,30,25,27.436604,28.374678,26.642794,85.52128,3.2208233,6.546986,89.40883,81.17844,4.042362,2.2507124
24.0,121.0,2010-08-01,2010-08-31,30,25,25.364754,26.769304,24.295038,86.699814,1.654952,8.508503,90.808395,81.06446,2.4716852,0.90675974
22.0,122.0,2010-08-01,2010-08-31,30,25,27.89897,28.4125,27.394258,85.18287,4.44889,13.0469265,87.858246,82.40916,5.230202,3.4985614
25.0,120.0,2010-08-01,2010-08-31,30,25,27.245014,28.623564,26.2015,85.48662,2.358558,7.0909605,90.130745,79.452545,3.2442865,1.4295377
25.0,122.0,2010-08-01,2010-08-31,30,25,28.106688,28.573875,27.668072,84.466515,4.596787,7.039387,86.944885,82.134346,5.725976,3.270148
24.0,120.0,2010-08-01,2010-08-31,30,25,27.452446,28.4123,26.679234,85.25725,2.2493393,6.665547,89.02488,80.67743,3.2382412,1.2704515
23.0,121.0,2010-08-01,2010-08-31,30,25,25.292994,26.852974,24.196386,86.35707,1.7360771,9.175772,90.51039,79.79248,2.2182891,1.2359527
22.0,120.0,2010-08-01,2010-08-31,30,25,27.381607,28.32743,26.661758,85.05158,3.806038,10.903675,88.46115,80.58437,4.8100667,2.8781934
23.0,120.0,2010-08-01,2010-08-31,30,25,27.388828,28.510796,26.59397,84.91159,2.1611693,7.333728,88.81324,79.243935,2.9072962,1.4736999
23.0,122.0,2010-08-01,2010-08-31,30,25,25.937841,26.843906,25.188189,85.94898,2.7402356,10.204213,88.90279,82.16221,3.3725212,1.9869076
24.0,122.0,2010-08-01,2010-08-31,30,25,26.04682,26.914867,25.3521,85.58625,2.9608085,9.001209,88.33029,82.03666,3.8344007,2.0100982
24.0,121.0,2010-08-01,2010-09-01,31,25,25.312628,26.710682,24.237383,86.968185,2.02858,9.666141,91.05959,81.322624,2.8601449,1.3343558
25.0,121.0,2010-08-01,2010-09-01,31,25,27.398674,28.365908,26.667358,85.914345,3.4368737,5.9446764,89.08127,81.62037,4.4443007,2.4587567
23.0,121.0,2010-08-01,2010-09-01,31,25,25.206938,26.559875,24.154184,86.63525,1.7518268,11.878208,90.75505,80.994705,2.2439165,1.2601917
22.0,122.0,2010-08-01,2010-09-01,31,25,27.87596,28.364374,27.430532,85.12925,4.795557,16.427008,87.4792,82.35759,5.838577,3.8175488
24.0,122.0,2010-08-01,2010-09-01,31,25,26.036139,26.87212,25.350151,85.773506,3.1494188,9.400943,88.973526,82.21542,3.9550934,2.306917
25.0,122.0,2010-08-01,2010-09-01,31,25,28.109951,28.556421,27.6933,84.80053,4.6987658,5.6857347,87.0386,82.478645,5.900722,3.445201
23.0,120.0,2010-08-01,2010-09-01,31,25,27.274464,28.181036,26.639204,85.29688,2.3526232,9.325261,88.445564,80.79509,3.0045373,1.755954
22.0,120.0,2010-08-01,2010-09-01,31,25,27.266674,27.894337,26.695562,85.25475,3.480726,14.405676,87.94026,82.13629,4.388706,2.62815
25.0,120.0,2010-08-01,2010-09-01,31,25,27.17495,28.56711,26.199165,85.711136,2.9234414,7.6097145,90.27926,79.06432,3.9173384,1.989568
22.0,121.0,2010-08-01,2010-09-01,31,25,27.154037,27.86096,26.57544,85.680244,3.4758182,16.415413,88.305565,82.305374,4.2652354,2.6642191
23.0,122.0,2010-08-01,2010-09-01,31,25,25.926758,26.765747,25.229599,85.996994,3.113544,11.905065,88.94469,82.37839,3.8970935,2.2637522
24.0,120.0,2010-08-01,2010-09-01,31,25,27.37222,28.335918,26.69957,85.637825,2.7238789,7.1217384,88.85541,81.07233,3.884893,1.7024674
24.0,120.0,2010-08-01,2010-09-02,32,25,27.388771,28.288568,26.662598,85.57131,2.743573,5.982494,88.902756,81.287766,3.7288089,1.7064258
23.0,122.0,2010-08-01,2010-09-02,32,25,26.00034,26.875063,25.177559,85.49233,3.0094564,11.918011,88.80877,81.24809,3.819679,2.146561
25.0,121.0,2010-08-01,2010-09-02,32,25,27.412264,28.313662,26.63285,85.62737,3.5933554,6.17933,89.19437,81.643425,4.346224,2.7377229
24.0,122.0,2010-08-01,2010-09-02,32,25,26.058731,26.885283,25.291294,85.365524,3.0638645,9.983195,88.55502,81.39835,3.9092774,2.2116458
23.0,121.0,2010-08-01,2010-09-02,32,25,25.212303,26.611588,24.090351,86.631355,1.7978616,11.539593,90.672585,80.55431,2.3186204,1.3024896
24.0,121.0,2010-08-01,2010-09-02,32,25,25.312288,26.690474,24.180122,86.89836,1.8360525,9.58662,91.178,81.06622,2.5742939,1.0954155
25.0,122.0,2010-08-01,2010-09-02,32,25,28.146051,28.551075,27.7183,84.1802,4.771628,6.5759063,86.5718,81.96125,5.68124,3.7909372
22.0,121.0,2010-08-01,2010-09-02,32,25,27.204876,27.945595,26.556997,85.718025,3.6722274,17.729473,88.64317,82.07229,4.430813,2.878404
22.0,120.0,2010-08-01,2010-09-02,32,25,27.280952,28.008642,26.708546,85.190216,3.7442973,13.459607,88.12956,81.50965,4.5224824,2.861049
23.0,120.0,2010-08-01,2010-09-02,32,25,27.296543,28.215942,26.5839,85.301765,2.5432563,7.9241743,88.48253,80.76153,3.4132087,1.7518013
25.0,120.0,2010-08-01,2010-09-02,32,25,27.202599,28.664576,26.149004,85.716644,3.0465,5.663585,90.53122,78.80075,3.9438062,2.1076598
22.0,122.0,2010-08-01,2010-09-02,32,25,27.995483,28.429138,27.554115,84.64369,4.8548408,18.090038,87.30084,82.10076,5.929689,3.888901
24.0,122.0,2010-08-01,2010-09-03,33,25,26.017529,26.854765,25.278374,85.21101,2.9045248,13.061063,88.41611,81.66831,3.9299996,1.8128811
22.0,122.0,2010-08-01,2010-09-03,33,25,27.952942,28.398352,27.456139,84.59031,4.4824657,14.209742,86.96617,82.14588,5.5218725,3.1526062
22.0,121.0,2010-08-01,2010-09-03,33,25,27.26595,28.216663,26.50227,85.10291,3.22643,11.997218,88.571815,80.71545,4.1241746,2.2867057
23.0,121.0,2010-08-01,2010-09-03,33,25,25.22871,26.885086,24.001768,86.395935,1.6082442,11.875762,91.07777,79.375755,2.2019224,1.0703601
23.0,122.0,2010-08-01,2010-09-03,33,25,25.91379,26.810932,25.076977,85.798065,2.8919404,14.075008,89.13296,81.85373,3.8065498,1.9471221
24.0,121.0,2010-08-01,2010-09-03,33,25,25.224249,26.719685,24.048515,86.87545,1.671033,10.451504,91.36374,80.65278,2.475864,0.95628756
25.0,121.0,2010-08-01,2010-09-03,33,25,27.312302,28.291737,26.523188,85.31003,3.3796744,5.990902,88.68886,80.848526,4.235968,2.5023487
25.0,122.0,2010-08-01,2010-09-03,33,25,28.092833,28.5414,27.691042,83.75018,4.669443,8.587796,86.07144,81.50425,5.686289,3.4747584
24.0,120.0,2010-08-01,2010-09-03,33,25,27.299261,28.296257,26.517847,85.36416,2.493304,5.5627418,88.87625,80.52164,3.3988404,1.7506579
25.0,120.0,2010-08-01,2010-09-03,33,25,27.150684,28.61935,26.061577,85.59939,2.6859837,5.4673743,90.44535,78.660736,3.646453,1.7213577
22.0,120.0,2010-08-01,2010-09-03,33,25,27.329292,28.250103,26.626612,84.8788,3.5078094,11.584621,88.14679,80.56492,4.382362,2.54683
23.0,120.0,2010-08-01,2010-09-03,33,25,27.31163,28.467148,26.488691,84.87609,2.2652438,6.966093,88.66828,79.17729,3.1032465,1.5508509
22.0,122.0,2010-08-01,2010-09-04,34,25,28.023706,28.475637,27.570757,84.5296,5.005871,16.020552,86.74145,82.33303,5.8797884,4.0071087
24.0,120.0,2010-08-01,2010-09-04,34,25,27.260828,28.22418,26.51954,85.52357,2.4567518,7.4409924,89.17655,80.75992,3.497833,1.4169562
25.0,121.0,2010-08-01,2010-09-04,34,25,27.353699,28.311909,26.528164,85.289154,3.2247455,4.750105,89.22539,80.77041,3.951376,2.4347887
24.0,121.0,2010-08-01,2010-09-04,34,25,25.23473,26.64579,24.093506,87.06432,1.6945797,9.324233,91.65123,80.94565,2.4771507,1.0323905
24.0,122.0,2010-08-01,2010-09-04,34,25,26.027704,26.819565,25.337471,85.5172,2.7848933,8.826948,88.49882,81.8972,3.6654394,1.926347
22.0,121.0,2010-08-01,2010-09-04,34,25,27.175714,27.853941,26.60559,85.60061,3.5576618,19.882246,88.235954,82.35492,4.4843802,2.5558047
25.0,122.0,2010-08-01,2010-09-04,34,25,28.13353,28.554737,27.715855,83.838715,4.3081636,4.272047,86.19449,81.58896,5.286129,3.4226
25.0,120.0,2010-08-01,2010-09-04,34,25,27.159365,28.66335,26.044418,85.733574,2.4605553,6.2573686,90.92593,78.79724,3.3051627,1.6835206
23.0,121.0,2010-08-01,2010-09-04,34,25,25.136433,26.511309,24.10793,87.090515,1.5630434,15.630535,91.2476,81.03212,2.1986272,0.96696943
23.0,120.0,2010-08-01,2010-09-04,34,25,27.169853,28.093945,26.529425,85.536964,2.1901126,13.742414,88.77553,80.87772,3.1734812,1.2636068
23.0,122.0,2010-08-01,2010-09-04,34,25,25.981873,26.834414,25.224312,85.92736,3.0812223,11.783644,89.28481,81.83546,3.9597354,2.219529
22.0,120.0,2010-08-01,2010-09-04,34,25,27.229834,27.88061,26.714502,85.25287,3.5571606,17.105145,87.67767,82.09331,4.4833345,2.5450225
22.0,120.0,2010-08-01,2010-09-05,35,25,27.375538,28.207214,26.687538,84.30156,3.510776,13.325331,87.75443,80.36179,4.44631,2.6246705
23.0,122.0,2010-08-01,2010-09-05,35,25,26.078442,26.909266,25.321484,85.316956,3.0824454,7.852461,88.55777,81.74211,3.912129,2.3820412
22.0,122.0,2010-08-01,2010-09-05,35,25,28.171907,28.632446,27.696724,83.54782,4.9937773,10.666028,86.30249,80.96991,5.9239655,4.048171
24.0,122.0,2010-08-01,2010-09-05,35,25,26.035147,26.789091,25.387402,85.65022,2.5223637,7.0213137,88.46505,82.48148,3.4189692,1.6781585
23.0,120.0,2010-08-01,2010-09-05,35,25,27.276873,28.299099,26.528555,85.00588,2.486652,9.036389,88.83582,79.86486,3.273327,1.6853402
23.0,121.0,2010-08-01,2010-09-05,35,25,25.22201,26.655855,24.121557,86.743385,1.6206256,10.605603,91.14333,80.626854,2.1795878,1.1397442
24.0,120.0,2010-08-01,2010-09-05,35,25,27.321325,28.254803,26.60916,85.2055,2.7135537,5.296919,88.83877,80.475975,3.6268635,1.8233085
25.0,121.0,2010-08-01,2010-09-05,35,25,27.332104,28.241417,26.605991,85.12266,3.134573,4.253219,88.54415,80.76806,3.8416474,2.2753663
25.0,122.0,2010-08-01,2010-09-05,35,25,28.080364,28.485968,27.69443,83.92665,3.9113648,4.411758,86.00953,81.88864,4.9124618,2.9215424
25.0,120.0,2010-08-01,2010-09-05,35,25,27.078985,28.466755,26.029688,85.90007,2.640755,7.7718945,90.69274,79.21873,3.643382,1.6959846
24.0,121.0,2010-08-01,2010-09-05,35,25,25.273968,26.599924,24.23169,86.93456,1.7746239,6.8655214,91.10303,81.233475,2.5446553,1.106268
22.0,121.0,2010-08-01,2010-09-05,35,25,27.312912,28.168251,26.577358,84.87416,3.551018,13.437786,88.47763,80.78895,4.4439754,2.706611
24.0,122.0,2010-08-01,2010-09-06,36,25,26.024097,26.90169,25.27494,85.44334,2.2630677,6.054001,88.24205,82.05305,3.0848966,1.3884817
24.0,120.0,2010-08-01,2010-09-06,36,25,27.304775,28.30414,26.529125,85.092575,2.743006,5.603406,88.33096,80.48292,3.667439,1.8385828
22.0,122.0,2010-08-01,2010-09-06,36,25,27.987242,28.484272,27.44103,84.46746,4.928848,9.386824,86.93137,82.110016,5.796692,4.0267806
23.0,122.0,2010-08-01,2010-09-06,36,25,25.986893,26.952044,25.130878,85.733025,3.0183616,7.7106457,88.83954,81.753235,3.8679545,2.271961
24.0,121.0,2010-08-01,2010-09-06,36,25,25.2719,26.770788,24.116411,86.665726,1.853271,7.376175,90.82359,80.629,2.7378416,1.1292804
25.0,122.0,2010-08-01,2010-09-06,36,25,28.041897,28.461748,27.562407,83.89062,3.747754,3.4467304,86.1581,81.95175,4.622612,2.6929712
25.0,121.0,2010-08-01,2010-09-06,36,25,27.302227,28.24396,26.463673,85.02121,3.3186927,4.755782,88.518875,80.97366,4.25298,2.3803751
25.0,120.0,2010-08-01,2010-09-06,36,25,26.98298,28.445616,25.907364,85.89585,3.095625,8.081433,90.27012,79.40235,4.200837,1.9472404
23.0,121.0,2010-08-01,2010-09-06,36,25,25.220469,26.763636,24.013866,86.25949,1.6097579,7.488479,90.74753,79.45761,2.2500808,1.1354795
22.0,121.0,2010-08-01,2010-09-06,36,25,27.218939,28.097715,26.382208,84.91291,3.4829414,9.1680155,88.38554,80.61691,4.318641,2.7050936
22.0,120.0,2010-08-01,2010-09-06,36,25,27.34237,28.15767,26.586836,84.168236,3.690708,9.778825,87.714455,80.10823,4.686102,2.8916345
23.0,120.0,2010-08-01,2010-09-06,36,25,27.26133,28.305204,26.436163,84.685905,2.4472778,5.7118974,88.47729,79.28134,3.2660336,1.7563366
23.0,122.0,2010-08-01,2010-09-07,37,25,25.98943,27.07564,25.15121,85.19587,2.9712026,6.308483,88.65136,80.23934,3.9138873,2.0456467
23.0,121.0,2010-08-01,2010-09-07,37,25,25.266304,26.930489,24.04131,85.783356,1.5977844,6.578409,90.79379,78.17549,2.2111042,1.0798793
24.0,120.0,2010-08-01,2010-09-07,37,25,27.34438,28.393705,26.524204,84.80933,3.1048398,4.547619,89.09329,79.80326,4.045877,2.1367137
23.0,120.0,2010-08-01,2010-09-07,37,25,27.320173,28.424116,26.49691,84.386894,2.5169556,5.542795,88.75417,78.776115,3.3093336,1.7733929
24.0,121.0,2010-08-01,2010-09-07,37,25,25.29823,26.905258,24.092949,86.19292,2.0689797,5.585062,91.166885,79.18093,2.943642,1.2538984
25.0,121.0,2010-08-01,2010-09-07,37,25,27.33142,28.369297,26.480572,84.556564,3.7223477,3.6531482,88.634186,79.67062,4.5178914,2.8599448
25.0,122.0,2010-08-01,2010-09-07,37,25,28.028008,28.523672,27.490685,83.53397,4.1259365,3.1569324,86.20376,80.92261,5.109325,2.9091854
25.0,120.0,2010-08-01,2010-09-07,37,25,27.022398,28.506836,25.929537,84.95784,3.5227551,4.7989306,89.8843,78.12925,4.547223,2.4720469
22.0,120.0,2010-08-01,2010-09-07,37,25,27.367521,28.243696,26.589048,84.21561,3.7441144,8.940773,87.96644,79.62351,4.683997,2.781966
22.0,122.0,2010-08-01,2010-09-07,37,25,28.004715,28.550335,27.452665,84.081436,4.7100573,8.928112,86.94499,80.95763,5.6711774,3.5150428
24.0,122.0,2010-08-01,2010-09-07,37,25,26.007133,27.00523,25.214678,85.080574,2.4586236,5.078623,88.55695,80.82311,3.3952265,1.4950376
22.0,121.0,2010-08-01,2010-09-07,37,25,27.279264,28.176573,26.428883,84.55776,3.3599272,9.211773,88.489296,79.97825,4.1757336,2.463242
25.0,121.0,2010-08-01,2010-09-08,38,25,27.319756,28.300674,26.49923,84.79212,3.3854384,3.3285596,88.83765,79.976265,4.3400145,2.3623383
24.0,121.0,2010-08-01,2010-09-08,38,25,25.314531,26.85416,24.095356,86.53023,1.8802762,5.7347174,91.30255,79.66053,2.731978,1.0842913
25.0,120.0,2010-08-01,2010-09-08,38,25,27.02437,28.467413,25.987818,85.06491,3.2229176,4.161689,90.12935,77.8779,4.183199,2.1518328
23.0,122.0,2010-08-01,2010-09-08,38,25,26.126366,27.168804,25.25016,84.74251,2.7904763,6.5516725,88.32968,80.04417,3.6285205,1.8428481
23.0,121.0,2010-08-01,2010-09-08,38,25,25.315239,26.991753,24.057056,86.107315,1.504376,7.1832356,90.88645,78.549416,2.0111432,1.0008311
22.0,120.0,2010-08-01,2010-09-08,38,25,27.38703,28.28858,26.623995,84.54342,3.4375389,10.411846,88.064186,80.00876,4.23397,2.6680713
22.0,121.0,2010-08-01,2010-09-08,38,25,27.383804,28.321463,26.55787,84.44307,3.317424,9.796305,88.477745,79.7997,4.1641774,2.4594047
25.0,122.0,2010-08-01,2010-09-08,38,25,28.14202,28.614862,27.661036,82.800575,4.09818,4.294898,85.323975,80.2724,5.0796795,2.9608834
23.0,120.0,2010-08-01,2010-09-08,38,25,27.32241,28.420698,26.530067,84.697334,2.1530507,5.6045613,88.581955,78.9723,3.060839,1.2852734
24.0,122.0,2010-08-01,2010-09-08,38,25,26.150084,27.095844,25.309961,84.405205,2.6623695,6.7065496,87.609886,80.51131,3.5775785,1.7280447
22.0,122.0,2010-08-01,2010-09-08,38,25,28.197634,28.684853,27.634937,83.19302,4.620654,9.151319,86.48032,80.573654,5.7282434,3.5615892
24.0,120.0,2010-08-01,2010-09-08,38,25,27.314299,28.297169,26.547266,85.137276,2.6241555,4.1577215,89.05258,80.11844,3.6707618,1.5160973
24.0,122.0,2010-08-01,2010-09-09,39,25,26.155378,27.05088,25.401997,84.23689,2.787104,9.793997,87.309494,80.421295,3.616978,1.8972616
23.0,120.0,2010-08-01,2010-09-09,39,25,27.439373,28.487328,26.65045,84.26591,2.3361502,5.1718035,88.17375,78.784676,3.0107455,1.6436747
22.0,122.0,2010-08-01,2010-09-09,39,25,28.106934,28.55466,27.618628,84.34877,5.0314164,16.264326,86.86313,81.96047,6.06766,3.9193976
23.0,122.0,2010-08-01,2010-09-09,39,25,26.069258,27.086445,25.21686,85.313416,3.078292,12.951344,88.77678,80.76946,4.0275908,2.149389
25.0,122.0,2010-08-01,2010-09-09,39,25,28.157637,28.586016,27.728077,82.21831,4.327103,5.3861914,85.16819,79.61465,5.37539,3.150096
24.0,120.0,2010-08-01,2010-09-09,39,25,27.462946,28.474482,26.698051,84.67428,2.9001648,3.9991672,88.63477,79.69277,3.997488,1.8396041
25.0,121.0,2010-08-01,2010-09-09,39,25,27.409447,28.378647,26.567965,83.9578,3.4762657,3.800803,88.073166,79.25174,4.4333987,2.5040157
23.0,121.0,2010-08-01,2010-09-09,39,25,25.36249,26.90562,24.159609,85.71959,1.605769,9.3905525,90.391884,78.733864,2.0443316,1.2033026
22.0,121.0,2010-08-01,2010-09-09,39,25,27.398203,28.294817,26.624487,84.69494,3.5864444,12.69789,88.28069,80.130035,4.440611,2.797413
24.0,121.0,2010-08-01,2010-09-09,39,25,25.394281,26.919893,24.23271,86.10844,2.0641637,8.195944,90.700325,79.63217,2.9739053,1.2086396
25.0,120.0,2010-08-01,2010-09-09,39,25,27.110435,28.61731,26.004683,84.72238,3.0873237,4.7704997,89.90099,77.64386,4.119074,2.041534
22.0,120.0,2010-08-01,2010-09-09,39,25,27.558594,28.46289,26.800909,83.63919,3.263518,9.204699,87.20465,79.04214,4.2159624,2.3178701
24.0,122.0,2010-08-01,2010-09-10,40,25,26.114893,27.062134,25.268927,83.96597,2.894835,8.742844,87.57864,79.868034,3.6460636,2.099137
25.0,120.0,2010-08-01,2010-09-10,40,25,26.979721,28.466284,25.880352,84.73381,3.2539833,5.993971,89.67038,77.53527,4.2107563,2.2995636
23.0,121.0,2010-08-01,2010-09-10,40,25,25.336418,27.028452,24.118502,85.5002,1.5801755,8.39769,90.3539,77.7182,2.0791683,1.1336662
22.0,121.0,2010-08-01,2010-09-10,40,25,27.354647,28.316923,26.588848,84.68534,3.6405501,9.625721,88.51357,79.81706,4.4505134,2.9410663
25.0,122.0,2010-08-01,2010-09-10,40,25,28.097439,28.57732,27.58026,82.3545,4.7118487,5.9106555,85.29032,79.7305,5.757573,3.585803
25.0,121.0,2010-08-01,2010-09-10,40,25,27.291712,28.286963,26.45206,84.016556,3.78062,5.6446953,88.1582,79.06664,4.6085587,2.9703627
22.0,122.0,2010-08-01,2010-09-10,40,25,28.038847,28.515015,27.544058,84.22566,4.965387,11.626606,86.97276,81.72405,6.0399075,3.795335
22.0,120.0,2010-08-01,2010-09-10,40,25,27.528234,28.526201,26.767447,83.69667,4.0095477,9.489303,87.75191,78.53206,5.0999002,2.8601844
24.0,121.0,2010-08-01,2010-09-10,40,25,25.296144,26.872986,24.053003,85.757454,2.0978317,8.474898,90.4834,78.681946,3.0218346,1.2823231
23.0,122.0,2010-08-01,2010-09-10,40,25,26.01874,27.019203,25.140453,84.953964,3.0022874,10.392168,88.53456,80.291756,3.844332,2.0534317
24.0,120.0,2010-08-01,2010-09-10,40,25,27.39303,28.459488,26.567787,84.081505,3.2111573,5.483717,88.21603,78.628426,4.2618318,2.172489
23.0,120.0,2010-08-01,2010-09-10,40,25,27.441639,28.617134,26.643692,83.79339,2.5054085,5.4017777,88.11404,77.61598,3.4104702,1.5332346
24.0,121.0,2010-08-01,2010-09-11,41,25,25.317966,26.813133,24.177221,85.84155,2.1364555,8.844418,90.63472,79.70392,2.9440625,1.2800766
25.0,122.0,2010-08-01,2010-09-11,41,25,28.069874,28.4877,27.625818,82.99783,4.6100698,5.3107896,85.46512,80.62479,5.7541227,3.466751
25.0,121.0,2010-08-01,2010-09-11,41,25,27.278088,28.173855,26.492027,84.6801,3.8960066,7.071195,88.71243,80.33856,4.80205,2.8149598
22.0,122.0,2010-08-01,2010-09-11,41,25,28.072803,28.51679,27.580416,83.80424,5.468927,11.962091,86.21337,81.27711,6.4641767,4.4191875
23.0,121.0,2010-08-01,2010-09-11,41,25,25.299932,27.015047,24.159409,85.35265,1.8064686,10.578427,90.05684,77.91821,2.2813516,1.3455648
22.0,121.0,2010-08-01,2010-09-11,41,25,27.302374,28.287745,26.568087,84.43126,4.163544,12.831385,87.96795,79.242294,5.0663385,3.3408277
25.0,120.0,2010-08-01,2010-09-11,41,25,26.991026,28.444365,25.944098,84.66629,3.3013852,7.112697,90.11249,77.357735,4.2437215,2.2040424
22.0,120.0,2010-08-01,2010-09-11,41,25,27.401138,28.329487,26.676968,83.649925,4.3578444,12.857021,87.44454,78.62669,5.1930223,3.4379706
24.0,120.0,2010-08-01,2010-09-11,41,25,27.307066,28.276695,26.543398,84.59358,3.2307858,9.069791,88.55507,79.51718,4.423323,2.0950162
23.0,122.0,2010-08-01,2010-09-11,41,25,26.067913,27.052797,25.292042,84.6455,3.144032,9.715389,87.93174,80.63746,3.9579782,2.2126358
23.0,120.0,2010-08-01,2010-09-11,41,25,27.296797,28.499866,26.552963,84.08494,2.8116992,10.808376,87.98121,77.69995,3.6807826,2.00113
24.0,122.0,2010-08-01,2010-09-11,41,25,26.122808,27.084858,25.353588,84.06221,2.8885498,7.0524254,87.230606,80.1809,3.6797528,2.1052125
22.0,120.0,2010-08-01,2010-09-12,42,25,27.440123,28.457827,26.693554,83.40512,3.9510212,8.890338,87.307434,78.0217,4.9665565,3.0224922
23.0,121.0,2010-08-01,2010-09-12,42,25,25.293285,27.01703,24.06256,85.10645,1.7467166,7.266952,90.407936,76.9377,2.2840018,1.2163615
24.0,120.0,2010-08-01,2010-09-12,42,25,27.262747,28.276716,26.38935,84.76373,2.817309,7.4392214,88.62147,79.86018,4.026044,1.5864605
24.0,122.0,2010-08-01,2010-09-12,42,25,26.106009,27.119942,25.244707,84.235634,3.0021865,6.300307,87.84683,79.960045,4.0957975,1.8580642
23.0,122.0,2010-08-01,2010-09-12,42,25,26.047304,27.080595,25.17084,84.590614,3.3415754,6.3151093,88.46115,79.98672,4.2578545,2.281333
23.0,120.0,2010-08-01,2010-09-12,42,25,27.311977,28.456406,26.457281,83.95226,2.3960595,7.7860546,88.17656,77.74984,3.3942504,1.3626164
25.0,121.0,2010-08-01,2010-09-12,42,25,27.217802,28.201288,26.365973,85.03512,4.0613365,6.140852,88.82517,80.423256,5.17872,2.9537945
25.0,122.0,2010-08-01,2010-09-12,42,25,28.058199,28.56214,27.556856,83.45955,4.9879727,5.5271435,86.27418,80.676506,6.2528377,3.6097097
22.0,122.0,2010-08-01,2010-09-12,42,25,28.058783,28.5575,27.502213,84.01549,5.5991197,8.5795145,86.97378,81.33125,6.6740794,4.3387938
25.0,120.0,2010-08-01,2010-09-12,42,25,26.916533,28.405928,25.79688,84.79666,3.312065,6.7237377,89.6792,78.17645,4.40446,2.0187476
22.0,121.0,2010-08-01,2010-09-12,42,25,27.302656,28.330473,26.474766,84.44834,4.085554,9.534867,88.651375,78.75613,4.942979,3.2627683
24.0,121.0,2010-08-01,2010-09-12,42,25,25.251934,26.83754,24.010376,85.90445,2.0496626,6.922561,90.595795,79.05077,2.9508524,1.1790805
23.0,121.0,2010-08-01,2010-09-13,43,25,25.331581,27.056816,24.081749,85.09529,1.6297742,5.9815826,90.313965,77.215065,2.1137424,1.1399987
22.0,121.0,2010-08-01,2010-09-13,43,25,27.313196,28.364683,26.469292,83.89801,3.5495355,8.874957,88.018,78.55728,4.31967,2.8528242
24.0,121.0,2010-08-01,2010-09-13,43,25,25.268034,26.854725,24.061846,85.779144,2.2815545,5.926346,90.677414,79.04835,3.35296,1.35185
25.0,121.0,2010-08-01,2010-09-13,43,25,27.170975,28.170282,26.321323,84.55857,3.9156003,5.1725645,88.42544,80.19928,4.9882236,2.8210185
24.0,120.0,2010-08-01,2010-09-13,43,25,27.270184,28.353508,26.480263,84.1169,3.067401,5.251148,87.94723,79.020226,4.306699,1.9812814
24.0,122.0,2010-08-01,2010-09-13,43,25,26.101465,27.094282,25.26023,84.28331,2.926914,5.4475265,87.81139,80.139366,3.821013,2.1554
22.0,120.0,2010-08-01,2010-09-13,43,25,27.45452,28.463839,26.695595,82.94258,3.374951,8.100726,86.93041,77.78229,4.3986344,2.4678705
25.0,120.0,2010-08-01,2010-09-13,43,25,26.87901,28.336676,25.815214,84.29555,3.5939429,5.9352,89.001595,77.92691,4.7174153,2.607675
23.0,122.0,2010-08-01,2010-09-13,43,25,26.066849,27.149483,25.131495,84.47488,3.2412527,6.3378773,88.58887,79.49479,4.08827,2.3441126
25.0,122.0,2010-08-01,2010-09-13,43,25,27.99144,28.472664,27.464228,83.16093,4.6663723,4.6987805,85.80295,80.71725,5.70459,3.394119
23.0,120.0,2010-08-01,2010-09-13,43,25,27.341404,28.55072,26.526304,83.43044,2.342188,5.3062315,87.62402,77.17957,3.197164,1.4768394
22.0,122.0,2010-08-01,2010-09-13,43,25,28.050467,28.591925,27.440279,83.38279,5.0753155,9.229877,86.68315,80.210495,6.094522,3.932025
22.0,122.0,2010-08-01,2010-09-14,44,25,28.04142,28.493244,27.568823,83.37574,4.964327,10.265817,86.33567,80.48046,6.1301727,3.805794
24.0,121.0,2010-08-01,2010-09-14,44,25,25.209,26.67956,24.051054,86.1232,2.2827957,6.204998,90.73696,79.8059,3.033063,1.5239747
22.0,121.0,2010-08-01,2010-09-14,44,25,27.327673,28.336464,26.514702,83.84997,3.2665663,8.635874,88.084656,78.6092,4.167852,2.1995912
23.0,121.0,2010-08-01,2010-09-14,44,25,25.259703,26.96873,24.014755,85.6251,1.6345559,7.538158,90.815125,77.926575,2.1834304,1.1655272
23.0,120.0,2010-08-01,2010-09-14,44,25,27.32907,28.5439,26.434664,83.76183,2.67508,5.695049,88.30749,77.49024,3.4024637,1.8328805
23.0,122.0,2010-08-01,2010-09-14,44,25,25.971403,26.950956,25.18253,85.058914,3.2853973,9.1561985,88.43865,80.66958,4.0678396,2.4235718
25.0,122.0,2010-08-01,2010-09-14,44,25,27.896955,28.336983,27.401821,83.82065,5.0149765,6.252451,86.2041,81.60512,6.1029515,3.8594317
22.0,120.0,2010-08-01,2010-09-14,44,25,27.425789,28.365835,26.631187,83.06509,3.1120875,7.450875,87.10246,78.390564,4.012952,2.2332938
24.0,122.0,2010-08-01,2010-09-14,44,25,25.963171,26.898096,25.165264,85.14488,3.3757517,7.70753,88.42717,81.32173,4.3137207,2.3840415
24.0,120.0,2010-08-01,2010-09-14,44,25,27.270779,28.248817,26.46499,84.27203,3.3422136,4.3643293,88.29893,79.33145,4.541963,2.1330569
25.0,120.0,2010-08-01,2010-09-14,44,25,26.828747,28.1852,25.805786,84.62871,3.511855,4.909677,89.268036,78.34525,4.391525,2.4849424
25.0,121.0,2010-08-01,2010-09-14,44,25,27.155281,28.081089,26.362476,84.721794,3.8745513,4.7564797,88.371346,80.43606,4.729938,2.915005
22.0,122.0,2010-08-01,2010-09-15,45,25,27.998507,28.430847,27.51765,83.491005,4.4717455,13.047748,86.12905,81.02812,5.7648144,3.2848544
24.0,121.0,2010-08-01,2010-09-15,45,25,25.138033,26.49707,24.096216,86.527725,2.5444672,9.704396,90.9444,80.35772,3.5759072,1.5473158
23.0,121.0,2010-08-01,2010-09-15,45,25,25.192295,26.719341,24.072842,86.032394,1.6855059,12.474478,90.84424,78.7539,2.3183074,1.1056764
22.0,121.0,2010-08-01,2010-09-15,45,25,27.297005,28.194233,26.534365,84.02026,3.1916964,11.989706,87.859886,79.1556,4.0652504,2.262554
23.0,122.0,2010-08-01,2010-09-15,45,25,25.892117,26.815193,25.107319,85.41788,3.0455065,13.516501,88.87354,81.12498,3.895886,2.0401897
24.0,120.0,2010-08-01,2010-09-15,45,25,27.186413,28.113214,26.45745,84.55455,3.966795,5.121266,88.34294,79.72868,5.2051287,2.6280253
23.0,120.0,2010-08-01,2010-09-15,45,25,27.248386,28.352076,26.454674,84.053,3.1340487,7.8725767,88.22304,77.98381,3.9308515,2.2830951
24.0,122.0,2010-08-01,2010-09-15,45,25,25.869665,26.714453,25.18078,85.62201,3.3718057,12.828632,88.709625,81.84386,4.290007,2.536432
22.0,120.0,2010-08-01,2010-09-15,45,25,27.436152,28.31548,26.6969,83.26114,3.506231,9.030109,87.093414,78.51381,4.4102187,2.5845487
25.0,122.0,2010-08-01,2010-09-15,45,25,27.781816,28.123013,27.370424,83.94201,5.025715,8.945423,86.19293,81.85701,6.1109157,3.8965843
25.0,121.0,2010-08-01,2010-09-15,45,25,27.06256,27.853682,26.341806,84.77351,4.213639,5.835986,88.277176,80.87119,5.3710628,3.097678
25.0,120.0,2010-08-01,2010-09-15,45,25,26.765295,28.128853,25.766367,84.624504,3.9109952,5.17574,89.53735,77.81655,5.0474825,2.7210162
24.0,121.0,2010-08-01,2010-09-16,46,25,25.162832,26.516724,24.163452,86.62906,2.438135,7.979941,90.951035,80.63575,3.3838437,1.5099312
24.0,120.0,2010-08-01,2010-09-16,46,25,27.185715,28.156103,26.452286,84.67328,3.8696268,7.560934,88.561615,79.62939,5.286481,2.3856936
23.0,122.0,2010-08-01,2010-09-16,46,25,25.831396,26.626415,25.152588,86.245995,3.4951355,10.85668,89.481995,82.54124,4.50505,2.5369577
24.0,122.0,2010-08-01,2010-09-16,46,25,25.883755,26.625149,25.289995,85.639786,3.6454687,8.311516,88.28348,82.585976,4.70377,2.6493134
22.0,120.0,2010-08-01,2010-09-16,46,25,27.318008,28.171974,26.668701,83.913025,3.7012565,13.32189,87.37231,79.28828,4.658368,2.6665435
22.0,121.0,2010-08-01,2010-09-16,46,25,27.187124,28.0292,26.461464,84.86931,3.5430331,14.423418,88.739006,80.40013,4.448488,2.6473722
23.0,121.0,2010-08-01,2010-09-16,46,25,25.134365,26.540918,24.155703,86.49551,1.892739,12.549795,90.58346,80.24716,2.5653095,1.2864603
25.0,122.0,2010-08-01,2010-09-16,46,25,27.792898,28.175362,27.377241,83.707634,5.0695696,6.0687757,86.20933,81.38821,6.207563,3.6224792
23.0,120.0,2010-08-01,2010-09-16,46,25,27.165049,28.199923,26.432636,84.51189,3.2091448,12.139334,88.31664,79.23573,4.085846,2.238202
25.0,121.0,2010-08-01,2010-09-16,46,25,27.084108,27.990288,26.347328,84.63037,3.9909198,5.7332363,88.39997,80.072685,5.2018166,2.7398953
22.0,122.0,2010-08-01,2010-09-16,46,25,27.885948,28.35996,27.352985,84.685715,5.11522,12.728473,87.71771,81.80693,6.301195,3.9481614
25.0,120.0,2010-08-01,2010-09-16,46,25,26.765268,28.182423,25.725605,84.725266,3.7722967,7.6895657,89.679085,77.55292,5.166708,2.3808384
22.0,120.0,2010-08-01,2010-09-17,47,25,27.29589,28.100876,26.613178,83.88659,3.9062655,12.171213,87.20641,79.94394,5.0278816,3.0171785
25.0,120.0,2010-08-01,2010-09-17,47,25,26.549623,27.770786,25.628784,84.61276,4.2700334,6.674695,88.80712,79.026436,5.5042114,2.9669604
23.0,121.0,2010-08-01,2010-09-17,47,25,25.08774,26.431068,24.013378,86.40647,2.032659,9.847147,90.33774,80.39092,2.677523,1.4768727
24.0,120.0,2010-08-01,2010-09-17,47,25,27.057274,27.939857,26.355663,84.55935,4.027775,6.842084,88.07578,80.23815,5.280668,2.746085
23.0,120.0,2010-08-01,2010-09-17,47,25,27.098427,28.072807,26.365156,84.2554,3.2060976,8.71693,87.76483,79.14097,4.203106,2.225251
24.0,121.0,2010-08-01,2010-09-17,47,25,25.05433,26.300165,24.027061,86.69598,2.7107897,7.9735217,90.372826,81.585754,3.7422006,1.6849923
24.0,122.0,2010-08-01,2010-09-17,47,25,25.847834,26.522236,25.212149,85.55246,3.9239101,8.253216,88.20537,82.45212,4.853141,2.880355
23.0,122.0,2010-08-01,2010-09-17,47,25,25.841524,26.56149,25.17168,85.91193,3.8061771,10.376931,88.74818,82.79234,4.691509,2.94426
22.0,122.0,2010-08-01,2010-09-17,47,25,27.929453,28.36722,27.450935,84.24727,5.559324,13.767742,86.642654,81.80487,6.773244,4.326217
25.0,122.0,2010-08-01,2010-09-17,47,25,27.752247,28.172588,27.35689,83.28804,5.414431,6.4601574,85.73835,80.805374,6.411529,4.303671
22.0,121.0,2010-08-01,2010-09-17,47,25,27.173706,28.03844,26.478554,84.66277,3.819436,13.243753,87.9049,80.20022,4.9395866,2.915979
25.0,121.0,2010-08-01,2010-09-17,47,25,26.971525,27.80088,26.288715,84.34005,4.332172,6.1801567,87.62246,80.47252,5.340085,3.2723615
24.0,120.0,2010-08-01,2010-09-18,48,25,27.045103,27.905176,26.377623,84.44573,4.059501,6.159808,87.87549,80.18367,5.244747,2.795376
25.0,120.0,2010-08-01,2010-09-18,48,25,26.519075,27.750381,25.596514,83.86827,4.2146444,6.529834,88.60606,78.0103,5.2298555,3.1435435
23.0,121.0,2010-08-01,2010-09-18,48,25,25.069712,26.509815,23.935766,86.02901,1.832445,8.5381975,90.46397,79.81781,2.4256198,1.3436952
22.0,120.0,2010-08-01,2010-09-18,48,25,27.34067,28.197203,26.633379,83.704254,3.6797352,9.731739,87.38808,79.281334,4.6988716,2.5497603
24.0,122.0,2010-08-01,2010-09-18,48,25,25.788755,26.569912,25.134453,84.93242,3.4676826,7.2653065,87.443184,81.77529,4.3948765,2.5537415
23.0,120.0,2010-08-01,2010-09-18,48,25,27.107986,28.154654,26.31103,84.41602,3.1736603,7.6087823,88.479324,79.03653,4.1412716,2.234186
22.0,122.0,2010-08-01,2010-09-18,48,25,27.95187,28.41065,27.457958,84.02141,5.1191225,10.898276,87.04022,81.24709,6.271723,3.9805367
25.0,121.0,2010-08-01,2010-09-18,48,25,26.9381,27.785494,26.228638,83.85115,4.345177,5.093828,87.38104,79.80813,5.204115,3.388421
23.0,122.0,2010-08-01,2010-09-18,48,25,25.829731,26.643095,25.092646,85.25318,3.2247708,9.132376,88.29381,81.66812,4.016768,2.4554963
24.0,121.0,2010-08-01,2010-09-18,48,25,25.014824,26.28106,24.0123,86.02853,2.515387,7.086932,89.7789,80.9692,3.2547345,1.8233582
22.0,121.0,2010-08-01,2010-09-18,48,25,27.189974,28.104904,26.410889,84.716995,3.7049825,10.308219,88.78307,80.013054,4.5420756,2.7710204
25.0,122.0,2010-08-01,2010-09-18,48,25,27.699364,28.111765,27.315088,82.85222,5.244784,5.2728133,85.373055,80.34084,6.323617,4.0920067
24.0,122.0,2010-08-01,2010-09-19,49,25,25.794628,26.704584,25.074488,84.39342,3.2548554,8.274761,87.334366,80.74537,4.21636,2.2052538
23.0,122.0,2010-08-01,2010-09-19,49,25,25.837357,26.791206,25.02979,84.85209,3.1870124,9.008709,88.15684,80.736694,3.9967434,2.3022552
23.0,120.0,2010-08-01,2010-09-19,49,25,27.12046,28.225588,26.320469,84.463264,2.969275,6.6445146,88.85542,78.44546,3.9887576,1.9035457
24.0,120.0,2010-08-01,2010-09-19,49,25,27.111008,28.172785,26.273394,84.23227,3.8584166,6.478042,88.6635,79.02625,5.360005,2.2249775
23.0,121.0,2010-08-01,2010-09-19,49,25,25.061104,26.666418,23.854467,85.836555,1.7614267,8.048931,90.82932,78.32115,2.299939,1.3041182
25.0,122.0,2010-08-01,2010-09-19,49,25,27.674498,28.091093,27.219376,82.74373,4.8213735,7.0197277,85.32908,80.334915,6.0689516,3.5729876
25.0,120.0,2010-08-01,2010-09-19,49,25,26.563875,28.04151,25.459156,83.80803,4.0008354,6.481092,88.977295,77.034615,5.008385,2.7617853
22.0,120.0,2010-08-01,2010-09-19,49,25,27.344982,28.256166,26.591904,83.9459,3.4141412,9.149396,87.78004,79.00457,4.4220686,2.4799042
22.0,122.0,2010-08-01,2010-09-19,49,25,28.015013,28.511084,27.488062,83.72727,5.010536,9.551309,87.007774,80.74519,6.0190387,3.8842273
22.0,121.0,2010-08-01,2010-09-19,49,25,27.236822,28.125105,26.47998,84.60413,3.6100287,8.595802,88.41463,79.817276,4.404826,2.672842
24.0,121.0,2010-08-01,2010-09-19,49,25,25.059608,26.622278,23.83108,85.56233,2.5157452,7.8777275,90.6107,78.88214,3.500755,1.4712965
25.0,121.0,2010-08-01,2010-09-19,49,25,26.952261,27.94648,26.095863,83.80171,4.161835,6.6193385,87.962715,79.098816,5.1287713,2.9512799
23.0,121.0,2010-08-01,2010-09-20,50,25,25.094648,26.712109,23.970875,86.00606,1.6837426,5.237276,90.70062,78.55125,2.2273095,1.1992424
22.0,121.0,2010-08-01,2010-09-20,50,25,27.27906,28.208149,26.533203,84.26474,3.6606035,7.180176,87.955986,79.174774,4.4557447,2.8094625
25.0,122.0,2010-08-01,2010-09-20,50,25,27.747557,28.128235,27.305859,82.698616,4.6737514,4.5785503,85.43882,80.31915,5.85447,3.439284
22.0,120.0,2010-08-01,2010-09-20,50,25,27.322847,28.186129,26.637388,84.1048,3.9061043,7.9731765,87.67565,79.76626,4.9381366,2.8065317
23.0,122.0,2010-08-01,2010-09-20,50,25,25.892973,26.858208,25.05582,84.79629,2.9208612,6.7350783,88.21297,80.53726,3.763816,2.0507677
24.0,122.0,2010-08-01,2010-09-20,50,25,25.860651,26.75733,25.10295,84.45864,2.8804286,5.8039875,87.758255,80.48986,3.734533,1.9765656
24.0,121.0,2010-08-01,2010-09-20,50,25,25.038828,26.552984,23.91771,86.195946,2.3716426,4.977265,90.86664,79.40432,3.3832226,1.4813648
22.0,122.0,2010-08-01,2010-09-20,50,25,28.079905,28.588272,27.552101,83.19866,4.940231,8.672943,85.928925,80.42445,6.008076,3.8855822
25.0,121.0,2010-08-01,2010-09-20,50,25,26.938854,27.85418,26.17376,84.31229,4.107258,3.7538128,88.25717,79.434525,5.311403,2.7860253
25.0,120.0,2010-08-01,2010-09-20,50,25,26.488453,27.879824,25.499659,84.20187,3.9898498,4.9206524,89.2533,76.97708,5.2240214,2.8135488
23.0,120.0,2010-08-01,2010-09-20,50,25,27.153252,28.205128,26.460815,84.318855,2.953067,4.5237713,88.2399,78.526764,3.8435035,2.0384855
24.0,120.0,2010-08-01,2010-09-20,50,25,27.08969,28.040565,26.378565,84.5372,3.6546414,4.2626925,88.30163,79.4301,5.1420655,2.208394
25.0,121.0,2010-08-01,2010-09-21,51,25,26.974085,27.926287,26.16441,84.48428,3.950324,5.052385,88.6002,79.766174,4.763132,3.0373957
22.0,121.0,2010-08-01,2010-09-21,51,25,27.237165,28.231094,26.441187,84.51075,3.3263876,7.583668,88.126175,79.603745,4.28376,2.435141
23.0,121.0,2010-08-01,2010-09-21,51,25,25.127113,26.728046,23.945654,86.075264,1.5613656,7.816668,90.53393,79.192085,2.04423,1.1418874
24.0,120.0,2010-08-01,2010-09-21,51,25,27.1352,28.135202,26.364712,84.556305,3.3674154,5.4802437,88.505714,79.526115,4.4805717,2.3635068
24.0,121.0,2010-08-01,2010-09-21,51,25,25.08323,26.554468,23.971132,86.22205,2.233181,7.479449,90.49403,79.97854,3.0298908,1.4499216
22.0,122.0,2010-08-01,2010-09-21,51,25,27.961662,28.43694,27.465082,83.74792,4.469583,8.339892,86.44708,81.06797,5.5526676,3.4226801
23.0,122.0,2010-08-01,2010-09-21,51,25,25.849445,26.74801,25.093212,85.218185,2.705101,8.574114,88.34011,81.51373,3.3959455,1.9164758
25.0,122.0,2010-08-01,2010-09-21,51,25,27.698013,28.150599,27.219288,83.20159,4.5641303,5.7722945,86.0436,80.35281,5.2802486,3.737196
23.0,120.0,2010-08-01,2010-09-21,51,25,27.18681,28.328651,26.357105,84.39948,2.566582,5.8176146,88.46084,78.7346,3.38827,1.7972102
24.0,122.0,2010-08-01,2010-09-21,51,25,25.819738,26.645391,25.09667,84.821144,2.7353907,8.2028675,87.66106,81.50744,3.4024389,1.9636093
22.0,120.0,2010-08-01,2010-09-21,51,25,27.306293,28.201197,26.590654,84.17219,3.4326153,8.840989,87.64168,79.72957,4.44729,2.5411253
25.0,120.0,2010-08-01,2010-09-21,51,25,26.601189,28.026604,25.622744,84.30534,3.865329,4.819535,89.04219,77.44209,4.952559,2.7621398
24.0,122.0,2010-08-01,2010-09-22,52,25,25.785494,26.740782,24.947016,84.53571,2.8745637,6.719587,87.81006,80.756775,3.5601306,2.1407566
25.0,120.0,2010-08-01,2010-09-22,52,25,26.490513,27.837158,25.481142,85.055305,3.8091745,6.842727,89.926,78.75531,4.768973,2.6890655
24.0,120.0,2010-08-01,2010-09-22,52,25,27.033419,28.02932,26.263838,84.65045,3.5433176,5.946117,88.4595,79.679214,4.5604043,2.4541628
25.0,121.0,2010-08-01,2010-09-22,52,25,26.897026,27.890415,26.081549,84.89959,4.0217996,5.654526,88.9067,80.06917,4.98278,2.877044
22.0,122.0,2010-08-01,2010-09-22,52,25,27.962622,28.487226,27.42437,83.51872,4.490642,7.8522463,86.52986,80.46675,5.3170123,3.6308713
24.0,121.0,2010-08-01,2010-09-22,52,25,25.002396,26.471691,23.8144,86.262794,2.3231246,6.4717827,90.76447,80.15563,3.0427315,1.5839565
23.0,121.0,2010-08-01,2010-09-22,52,25,25.062979,26.72143,23.835064,85.98103,1.6196245,6.782758,90.450226,78.77148,2.0248191,1.248446
22.0,121.0,2010-08-01,2010-09-22,52,25,27.199469,28.246172,26.387623,84.587715,3.3122218,7.1044154,88.13686,79.452484,3.9567478,2.5959995
25.0,122.0,2010-08-01,2010-09-22,52,25,27.66733,28.180326,27.143208,83.281364,4.5768833,5.902635,86.02619,80.613655,5.6282353,3.4692264
22.0,120.0,2010-08-01,2010-09-22,52,25,27.250078,28.224232,26.500523,84.33157,3.403525,8.570325,87.709785,79.67203,4.330382,2.4445922
23.0,122.0,2010-08-01,2010-09-22,52,25,25.82392,26.79292,24.996567,84.78245,2.848893,7.5348635,87.8103,80.83881,3.5753067,2.1137908
23.0,120.0,2010-08-01,2010-09-22,52,25,27.101414,28.284458,26.293447,84.35671,2.7392642,6.260297,88.1806,78.3952,3.3884788,2.1094778
24.0,122.0,2010-08-01,2010-09-23,53,25,25.74215,26.6723,24.912535,84.19208,3.0117145,5.4919086,87.628685,80.16433,3.670897,2.2782722
23.0,121.0,2010-08-01,2010-09-23,53,25,25.02346,26.66981,23.747797,85.38554,1.6156187,4.8310466,90.26755,78.02318,2.0587811,1.2140886
23.0,120.0,2010-08-01,2010-09-23,53,25,27.078814,28.19814,26.204683,84.18029,2.8872745,4.109309,88.324905,78.35854,3.6419396,2.0559745
25.0,122.0,2010-08-01,2010-09-23,53,25,27.588655,28.040752,27.11212,83.27244,5.0206666,5.961724,85.89466,80.577065,5.954214,3.9859753
24.0,121.0,2010-08-01,2010-09-23,53,25,24.943535,26.411724,23.762836,85.90805,2.5545776,4.735988,90.48469,79.4938,3.280471,1.6794939
22.0,122.0,2010-08-01,2010-09-23,53,25,27.925241,28.452238,27.380747,83.03401,4.6514654,7.8411474,86.12253,80.06037,5.72474,3.5165274
22.0,120.0,2010-08-01,2010-09-23,53,25,27.23478,28.19881,26.446314,83.57388,3.361209,6.5063086,87.20106,78.85777,4.1645656,2.519849
23.0,122.0,2010-08-01,2010-09-23,53,25,25.792706,26.80583,24.958818,84.234436,2.9728436,6.1129384,87.74728,79.683846,3.6987765,2.1990118
24.0,120.0,2010-08-01,2010-09-23,53,25,26.991367,27.934952,26.20211,84.71375,3.8764575,4.0176044,88.725555,79.82485,5.032549,2.3527036
25.0,120.0,2010-08-01,2010-09-23,53,25,26.418396,27.804651,25.363018,84.530655,4.1609197,5.0182753,89.25693,77.82485,5.168799,3.1054528
25.0,121.0,2010-08-01,2010-09-23,53,25,26.803383,27.699757,26.006645,84.90722,4.395118,5.2056513,88.75879,80.35918,5.452251,3.1178641
22.0,121.0,2010-08-01,2010-09-23,53,25,27.153894,28.170273,26.239283,84.07571,3.2687325,6.556509,88.14742,78.93189,4.0409985,2.5016954
22.0,121.0,2010-08-01,2010-09-24,54,25,27.169235,28.139526,26.35436,84.08011,3.7036905,7.223851,88.280624,78.70812,4.3875933,3.0056515
25.0,121.0,2010-08-01,2010-09-24,54,25,26.66182,27.486313,26.039385,84.24575,5.809776,5.9680524,87.862434,80.40503,6.978567,4.349113
24.0,120.0,2010-08-01,2010-09-24,54,25,26.914757,27.818554,26.26852,84.19106,5.522601,3.8566942,87.78072,79.66159,6.8066044,4.027007
23.0,121.0,2010-08-01,2010-09-24,54,25,25.063627,26.720007,23.898325,85.01502,1.8520033,6.219826,89.59508,77.466736,2.2734704,1.4456854
23.0,122.0,2010-08-01,2010-09-24,54,25,25.781685,26.818857,25.062641,84.557205,3.4101472,7.883796,88.02172,80.18915,4.1339645,2.5293608
23.0,120.0,2010-08-01,2010-09-24,54,25,27.060753,28.177008,26.26874,83.85342,3.88282,3.9044561,87.95746,77.69617,4.751085,3.053323
25.0,122.0,2010-08-01,2010-09-24,54,25,27.43872,27.856716,27.087929,83.133224,5.9287915,7.183264,85.70054,80.34444,7.022814,4.370404
22.0,120.0,2010-08-01,2010-09-24,54,25,27.306059,28.236689,26.591991,82.93052,3.719592,5.8868785,86.58862,77.725395,4.5708933,2.8361404
22.0,122.0,2010-08-01,2010-09-24,54,25,27.889183,28.283533,27.452486,83.69023,5.2498097,8.883551,86.34313,81.123924,6.2770886,4.1911335
24.0,121.0,2010-08-01,2010-09-24,54,25,24.925108,26.366606,23.92293,85.32791,3.470906,6.1639767,89.21373,79.37651,4.34809,2.4247205
24.0,122.0,2010-08-01,2010-09-24,54,25,25.715103,26.651789,25.007534,84.14216,3.4392047,7.3849835,87.41071,80.18715,4.2613096,2.4176795
25.0,120.0,2010-08-01,2010-09-24,54,25,26.323114,27.642464,25.422842,82.93597,5.478784,3.954809,87.14627,76.9939,6.570701,4.181522
24.0,121.0,2010-08-01,2010-09-25,55,25,24.83517,26.27479,23.714483,84.813095,3.8731925,6.3437767,89.05796,78.85523,4.6732163,3.0052786
22.0,122.0,2010-08-01,2010-09-25,55,25,27.844353,28.23169,27.382597,84.580666,6.464575,12.243591,86.9463,82.33414,7.73689,5.06423
23.0,122.0,2010-08-01,2010-09-25,55,25,25.705036,26.523462,24.968838,85.081825,4.20951,10.779658,88.158714,81.40398,5.087978,3.175205
22.0,120.0,2010-08-01,2010-09-25,55,25,27.242119,28.177906,26.500996,83.39482,4.0540943,8.4276705,86.904884,78.45958,4.9262977,2.98264
24.0,120.0,2010-08-01,2010-09-25,55,25,26.887615,27.836435,26.14503,83.14234,6.4139347,3.6751654,86.93142,78.45775,7.589408,5.0859904
23.0,121.0,2010-08-01,2010-09-25,55,25,24.955845,26.55666,23.753878,85.13058,2.1108174,8.277369,89.90305,77.81946,2.5182157,1.7051628
25.0,122.0,2010-08-01,2010-09-25,55,25,27.410324,27.806814,26.961573,82.333115,6.4687614,7.7053156,84.92836,79.66737,7.4669313,5.252081
23.0,120.0,2010-08-01,2010-09-25,55,25,27.01587,28.120049,26.232002,83.397125,4.513501,5.591363,87.10902,77.39022,5.2947564,3.6141262
22.0,121.0,2010-08-01,2010-09-25,55,25,27.093306,28.025146,26.305693,84.542854,4.340712,9.733367,87.99293,79.808655,5.211068,3.5333624
25.0,121.0,2010-08-01,2010-09-25,55,25,26.59359,27.466036,25.840782,83.06556,6.2586956,5.284662,86.64327,78.78836,7.250103,5.093495
25.0,120.0,2010-08-01,2010-09-25,55,25,26.215498,27.585152,25.17581,81.51431,5.9883375,3.9424994,86.21439,75.27095,6.8934984,4.9298143
24.0,122.0,2010-08-01,2010-09-25,55,25,25.665234,26.492243,24.932104,84.006805,3.9653563,8.780148,87.135,80.32643,4.8576765,3.0883164
23.0,122.0,2010-08-01,2010-09-26,56,25,25.725191,26.593233,24.958593,85.43883,4.5205297,11.370648,88.83623,81.350945,5.338926,3.5139756
24.0,122.0,2010-08-01,2010-09-26,56,25,25.652206,26.521744,24.934952,84.3085,4.3208556,10.329691,87.62032,80.453766,5.1489587,3.307954
25.0,121.0,2010-08-01,2010-09-26,56,25,26.616776,27.496231,25.891298,82.9012,6.188793,5.0394707,86.5814,78.6555,7.1880097,4.8894954
22.0,121.0,2010-08-01,2010-09-26,56,25,27.148977,27.98502,26.370155,84.37912,4.629538,10.004066,88.366486,79.72776,5.479256,3.7677681
22.0,122.0,2010-08-01,2010-09-26,56,25,27.912382,28.3482,27.393162,84.68022,6.969171,12.719826,87.52669,81.872215,8.081638,5.8078547
24.0,121.0,2010-08-01,2010-09-26,56,25,24.819294,26.286577,23.739971,85.035255,4.07442,6.883646,89.15352,78.822365,4.982462,2.8574495
22.0,120.0,2010-08-01,2010-09-26,56,25,27.29157,28.175406,26.517427,82.98109,4.068584,8.744909,86.87343,78.27438,5.1534386,3.0720038
25.0,122.0,2010-08-01,2010-09-26,56,25,27.436308,27.82417,27.004438,82.253494,6.377855,8.462628,85.3458,79.59393,7.2611995,5.3223305
23.0,120.0,2010-08-01,2010-09-26,56,25,27.00809,28.028105,26.243994,83.42856,4.443369,4.820049,87.393166,77.75302,5.349838,3.3995445
25.0,120.0,2010-08-01,2010-09-26,56,25,26.156317,27.495737,25.223007,81.88607,6.20928,3.214823,86.166435,75.74841,7.2512836,4.9794736
23.0,121.0,2010-08-01,2010-09-26,56,25,24.963892,26.529785,23.787426,85.22212,2.2749343,8.65672,90.08708,77.85542,2.7002058,1.8270992
24.0,120.0,2010-08-01,2010-09-26,56,25,26.855902,27.776367,26.164907,83.29803,6.40853,3.07536,86.72797,78.63092,7.693432,4.4403896
24.0,122.0,2010-08-01,2010-09-27,57,25,25.583652,26.372675,24.826256,83.95423,4.0019264,10.548173,86.996475,80.42183,4.8696766,3.0793502
24.0,120.0,2010-08-01,2010-09-27,57,25,26.960316,28.011694,26.20894,83.072556,6.038211,3.1635303,86.78823,77.93295,7.401554,4.5826893
23.0,122.0,2010-08-01,2010-09-27,57,25,25.672474,26.52703,24.887886,84.827614,4.6230083,13.832475,88.0635,80.83455,5.4807177,3.7420974
23.0,120.0,2010-08-01,2010-09-27,57,25,27.018492,28.140244,26.221539,83.736465,4.348905,6.664813,87.68426,77.99274,5.2566643,3.4292603
22.0,120.0,2010-08-01,2010-09-27,57,25,27.242352,28.137768,26.510967,83.39542,4.2521434,11.975487,86.84086,78.875656,5.347334,3.17933
22.0,121.0,2010-08-01,2010-09-27,57,25,27.113811,28.069578,26.317354,84.46074,4.840046,13.802268,88.15873,79.8334,5.7790613,3.9943051
23.0,121.0,2010-08-01,2010-09-27,57,25,24.922102,26.503525,23.779263,85.39007,2.3048432,11.4310465,89.97659,78.32451,2.8947527,1.7739035
25.0,121.0,2010-08-01,2010-09-27,57,25,26.682472,27.697548,25.922993,82.51176,6.0168376,4.295732,86.065765,77.67092,7.0088944,4.8973475
22.0,122.0,2010-08-01,2010-09-27,57,25,27.866142,28.340591,27.350576,84.01254,7.2715364,16.202782,86.815956,81.04702,8.49926,6.182146
24.0,121.0,2010-08-01,2010-09-27,57,25,24.871777,26.384644,23.781631,84.67462,3.9189954,7.8968062,88.98926,78.271736,4.950682,2.8298707
25.0,122.0,2010-08-01,2010-09-27,57,25,27.381702,27.810068,26.884293,81.89549,6.232376,6.926346,84.421074,79.33447,7.287615,5.0982227
25.0,120.0,2010-08-01,2010-09-27,57,25,26.259205,27.621166,25.24672,81.971756,5.826541,3.0368824,86.450836,75.6266,7.0389447,4.626718
22.0,120.0,2010-08-01,2010-09-28,58,25,27.180243,28.161077,26.397577,82.88659,4.497292,8.72376,87.11972,77.61509,5.502661,3.447657
23.0,122.0,2010-08-01,2010-09-28,58,25,25.645348,26.529282,24.931978,85.21701,4.524639,13.136605,88.77198,81.09541,5.622034,3.2416375
25.0,121.0,2010-08-01,2010-09-28,58,25,26.483915,27.399117,25.697016,82.52725,6.385596,6.3382025,86.73627,77.9416,7.509807,5.128195
22.0,121.0,2010-08-01,2010-09-28,58,25,27.018679,28.019115,26.20708,84.242874,4.7622056,9.914556,88.063835,79.15451,5.6989813,3.7000515
24.0,121.0,2010-08-01,2010-09-28,58,25,24.78373,26.237768,23.713219,84.746826,4.0754476,8.967602,89.40738,78.395905,5.1430426,2.972287
23.0,121.0,2010-08-01,2010-09-28,58,25,24.920713,26.524996,23.782831,85.268074,2.4997015,9.876717,90.21072,77.86798,3.1571739,1.9454734
22.0,122.0,2010-08-01,2010-09-28,58,25,27.745245,28.244854,27.219528,84.2731,6.7775416,13.179933,86.9121,81.40901,8.246378,5.2964015
25.0,122.0,2010-08-01,2010-09-28,58,25,27.256819,27.656792,26.821474,82.18216,6.88024,10.967415,85.61265,78.87107,8.030741,5.782351
24.0,122.0,2010-08-01,2010-09-28,58,25,25.569824,26.40143,24.850864,84.320404,4.478922,13.625801,88.190125,80.13934,5.498396,3.3270597
23.0,120.0,2010-08-01,2010-09-28,58,25,26.892231,27.976625,26.060425,83.23224,4.6581936,4.9151673,87.57206,77.33581,5.6868267,3.38902
24.0,120.0,2010-08-01,2010-09-28,58,25,26.748055,27.700743,25.964893,82.767815,6.3658404,4.023139,86.801796,77.75303,7.724682,4.7308683
25.0,120.0,2010-08-01,2010-09-28,58,25,26.035473,27.419384,25.011402,81.88771,5.7832093,3.9056482,86.874275,75.23247,6.9905934,4.3866243
22.0,121.0,2010-08-01,2010-09-29,59,25,26.984655,27.837519,26.334955,83.99293,4.277792,9.380568,87.19465,79.81299,5.1588902,3.3812876
25.0,121.0,2010-08-01,2010-09-29,59,25,26.257875,27.075245,25.50187,81.80795,6.2492504,3.9789593,85.76325,77.75617,7.148745,5.2624145
22.0,122.0,2010-08-01,2010-09-29,59,25,27.805187,28.185738,27.365269,83.281,6.1948705,10.478895,85.85589,80.84235,7.216276,5.110674
25.0,120.0,2010-08-01,2010-09-29,59,25,25.811138,27.13515,24.769093,81.04843,5.659768,3.3042157,85.57036,74.96131,6.5901446,4.5519347
25.0,122.0,2010-08-01,2010-09-29,59,25,27.054682,27.423199,26.544912,81.37761,6.5855627,6.5485406,84.50601,78.75931,7.69024,5.4725757
24.0,120.0,2010-08-01,2010-09-29,59,25,26.537893,27.421816,25.853788,82.41587,6.4565754,2.742387,85.93994,78.05549,7.4582143,5.303136
23.0,120.0,2010-08-01,2010-09-29,59,25,26.736073,27.73327,26.050283,83.16707,4.620462,4.4068146,86.53083,78.051414,5.374315,3.8460028
22.0,120.0,2010-08-01,2010-09-29,59,25,27.020144,27.863482,26.37167,83.2424,4.1269994,10.383376,86.23113,78.93276,5.130389,3.0942178
24.0,121.0,2010-08-01,2010-09-29,59,25,24.617205,26.002247,23.567974,84.45957,4.0047755,5.72792,88.4413,78.78573,4.8000636,3.2138116
23.0,122.0,2010-08-01,2010-09-29,59,25,25.626795,26.498516,24.905273,84.476204,4.227499,8.510817,87.61258,80.72114,5.102988,3.3130257
23.0,121.0,2010-08-01,2010-09-29,59,25,24.8086,26.332575,23.75581,85.28183,2.2209408,7.403336,89.46928,78.53427,2.631828,1.804396
24.0,122.0,2010-08-01,2010-09-29,59,25,25.427116,26.275124,24.72918,83.94988,4.253606,8.308185,87.08353,80.45935,5.2199154,3.346125
23.0,122.0,2010-08-01,2010-09-30,60,25,25.358469,26.227882,24.576221,84.47634,4.3030677,11.733904,87.67026,80.40192,5.081676,3.3303683
22.0,122.0,2010-08-01,2010-09-30,60,25,27.589703,28.079283,27.034796,83.52955,6.5462,14.232079,86.56058,80.73033,7.494403,5.39131
23.0,121.0,2010-08-01,2010-09-30,60,25,24.61098,26.174702,23.523321,84.95507,2.2341185,8.17464,89.211464,77.454445,2.6007519,1.8713268
24.0,121.0,2010-08-01,2010-09-30,60,25,24.3511,25.73231,23.353819,84.176865,4.3108044,7.8755674,88.052734,78.10198,5.0728765,3.448459
22.0,121.0,2010-08-01,2010-09-30,60,25,26.840382,27.806334,26.036314,83.89966,4.4058475,10.662741,87.50528,78.956345,5.1377673,3.6427026
22.0,120.0,2010-08-01,2010-09-30,60,25,26.958557,27.923872,26.245766,82.46356,3.8540182,8.347675,85.93437,77.36525,4.765221,3.0055826
24.0,122.0,2010-08-01,2010-09-30,60,25,25.219715,26.058071,24.512323,83.49989,4.035554,10.436298,86.97653,79.732704,4.954099,3.0355399
25.0,120.0,2010-08-01,2010-09-30,60,25,25.389093,26.745308,24.386202,81.14108,6.4396424,5.9532666,85.48023,74.96429,7.4495564,5.332443
23.0,120.0,2010-08-01,2010-09-30,60,25,26.547218,27.576366,25.815636,82.975494,4.724575,5.1067085,86.50535,77.356834,5.5179524,3.8641098
25.0,122.0,2010-08-01,2010-09-30,60,25,26.82281,27.287851,26.300879,81.44412,6.539828,9.701133,84.21145,79.102844,7.6349015,5.435824
24.0,120.0,2010-08-01,2010-09-30,60,25,26.280676,27.16114,25.596342,82.26332,6.830416,4.8305235,85.89522,77.678246,7.9307256,5.5044723
25.0,121.0,2010-08-01,2010-09-30,60,25,25.967808,26.838678,25.234682,82.045074,6.701441,7.1587152,85.31188,78.11502,7.794119,5.4829674
25.0,122.0,2010-08-01,2010-10-01,61,25,26.680635,27.093704,26.222534,80.84339,7.574179,12.725442,84.28979,77.74824,8.505996,6.494152
22.0,122.0,2010-08-01,2010-10-01,61,25,27.482994,27.93977,26.924736,83.83044,7.4514203,16.02104,87.22754,80.79215,8.62283,6.1432276
22.0,121.0,2010-08-01,2010-10-01,61,25,26.772467,27.727583,25.982885,83.50752,4.9450645,11.198958,87.50384,78.48944,5.715418,4.16615
23.0,121.0,2010-08-01,2010-10-01,61,25,24.53392,26.14729,23.357094,84.1588,2.5239105,8.14506,89.119804,76.584915,2.989489,2.0158036
24.0,121.0,2010-08-01,2010-10-01,61,25,24.224764,25.668678,23.120878,83.66428,5.05555,8.6623335,88.53824,77.38316,6.029411,3.9980514
25.0,120.0,2010-08-01,2010-10-01,61,25,25.142536,26.393051,24.14285,79.58389,7.357136,4.2842817,85.0473,73.35218,8.379989,6.265485
23.0,122.0,2010-08-01,2010-10-01,61,25,25.242956,26.27226,24.363653,84.382996,4.989254,12.950663,88.25873,79.61827,5.9287224,3.9127994
23.0,120.0,2010-08-01,2010-10-01,61,25,26.495394,27.464563,25.779507,82.62368,5.159175,3.556441,86.78875,77.226364,6.0305924,4.138302
24.0,122.0,2010-08-01,2010-10-01,61,25,25.121782,26.032192,24.323286,83.06186,4.8999863,13.722143,87.040596,78.38256,5.8146296,3.8078864
24.0,120.0,2010-08-01,2010-10-01,61,25,26.179531,27.024664,25.476025,82.18548,7.7572722,4.098737,86.53914,77.52332,9.090706,6.0946655
25.0,121.0,2010-08-01,2010-10-01,61,25,25.797361,26.600946,25.060015,81.36607,7.641872,7.704993,85.59055,77.14184,8.53782,6.5482287
22.0,120.0,2010-08-01,2010-10-01,61,25,26.883474,27.744019,26.229458,82.260895,4.0088477,7.2991176,85.64289,77.5065,4.7995243,3.124683
23.0,121.0,2010-08-01,2010-10-02,62,25,24.483799,25.986383,23.411793,84.995476,2.6122668,8.052325,89.036476,78.49572,3.0951297,2.1292582
24.0,122.0,2010-08-01,2010-10-02,62,25,25.032646,25.849659,24.3908,83.7485,4.875169,11.919209,86.87288,79.73741,5.7830157,3.661924
23.0,120.0,2010-08-01,2010-10-02,62,25,26.508675,27.468906,25.756157,82.66615,4.872806,5.125689,86.50466,77.75044,5.6055436,4.1185746
24.0,121.0,2010-08-01,2010-10-02,62,25,24.27044,25.681509,23.269726,83.984695,4.7413177,6.578022,88.01523,77.87498,5.804992,3.6035416
22.0,122.0,2010-08-01,2010-10-02,62,25,27.441957,27.849346,27.042837,84.474266,7.8849096,15.879169,87.00876,81.772125,9.102484,6.5002155
25.0,122.0,2010-08-01,2010-10-02,62,25,26.69895,27.103575,26.232582,80.63561,7.6295013,10.67501,83.77026,77.47024,8.575969,6.514544
24.0,120.0,2010-08-01,2010-10-02,62,25,26.287971,27.17669,25.599346,81.74035,7.1312065,3.6745794,85.608894,76.743324,8.396126,5.6972437
25.0,121.0,2010-08-01,2010-10-02,62,25,25.949533,26.77377,25.285542,80.79592,7.340269,5.3704443,84.90396,76.325294,8.265548,6.26934
22.0,120.0,2010-08-01,2010-10-02,62,25,26.899883,27.743013,26.228155,82.739876,4.514925,10.239821,85.86887,78.4937,5.4561577,3.5500946
23.0,122.0,2010-08-01,2010-10-02,62,25,25.198915,26.02958,24.550034,84.99888,5.208573,11.876789,87.90373,81.13095,6.1635547,4.0287743
25.0,120.0,2010-08-01,2010-10-02,62,25,25.289309,26.590149,24.356655,79.365486,7.161305,3.503681,84.09594,73.13075,8.307948,5.8762965
22.0,121.0,2010-08-01,2010-10-02,62,25,26.725061,27.564009,26.0,84.38359,5.203308,12.035783,87.733826,80.29103,5.9533467,4.301802
22.0,121.0,2010-08-01,2010-10-03,63,25,26.795332,27.676558,26.081684,83.72234,5.1523075,10.886449,87.37749,78.99915,6.031047,4.208386
23.0,121.0,2010-08-01,2010-10-03,63,25,24.574848,26.155073,23.533012,84.83502,2.6121118,9.218664,88.92253,77.78212,3.1135907,2.1076815
23.0,122.0,2010-08-01,2010-10-03,63,25,25.31615,26.14633,24.638926,84.29566,5.3756227,13.491129,87.61432,80.17827,6.29478,4.3890777
25.0,120.0,2010-08-01,2010-10-03,63,25,25.348488,26.639154,24.416138,80.69121,6.9024444,3.7645593,84.70039,75.45199,7.863538,5.6241364
25.0,122.0,2010-08-01,2010-10-03,63,25,26.707163,27.07339,26.311367,81.67896,7.5411267,9.156404,84.06648,79.26026,8.460998,6.4019074
24.0,122.0,2010-08-01,2010-10-03,63,25,25.11323,25.924501,24.483315,83.85236,5.078778,11.878883,86.88965,80.614655,5.8452196,4.1627464
25.0,121.0,2010-08-01,2010-10-03,63,25,25.995459,26.810467,25.26329,81.92035,7.0427113,5.686554,85.59047,78.41731,7.947863,5.8961687
22.0,120.0,2010-08-01,2010-10-03,63,25,26.891613,27.815691,26.20315,82.82142,4.3303823,9.691689,85.78572,78.14018,5.2569733,3.4671936
24.0,120.0,2010-08-01,2010-10-03,63,25,26.365053,27.274849,25.619673,82.46063,6.8657436,4.092011,86.12213,78.180824,8.059458,5.193817
22.0,122.0,2010-08-01,2010-10-03,63,25,27.538446,27.95704,27.102364,83.280685,7.939567,15.164703,86.185715,80.31195,9.276137,6.5361657
24.0,121.0,2010-08-01,2010-10-03,63,25,24.389063,25.811821,23.36827,84.16281,4.7218213,8.383393,88.08576,78.579,5.5414996,3.7205033
23.0,120.0,2010-08-01,2010-10-03,63,25,26.557896,27.615616,25.811264,83.07789,4.6323056,4.899812,87.00416,77.491554,5.3931518,3.5901392
24.0,121.0,2010-08-01,2010-10-04,64,25,24.179424,25.578701,23.21542,83.88983,5.0900617,8.768313,87.51492,78.48229,5.9176393,4.110384
23.0,121.0,2010-08-01,2010-10-04,64,25,24.505278,26.080454,23.423286,84.39342,2.8230915,11.264034,88.43364,77.31766,3.3621078,2.23825
22.0,122.0,2010-08-01,2010-10-04,64,25,27.461342,27.846764,27.027954,83.27466,8.145106,12.435005,86.25247,80.68763,9.268595,6.9001884
25.0,120.0,2010-08-01,2010-10-04,64,25,25.050743,26.294662,24.137705,80.1262,6.991426,3.8851953,84.42917,74.64602,8.05479,5.931128
22.0,121.0,2010-08-01,2010-10-04,64,25,26.7539,27.62076,26.044317,83.38278,5.2674294,10.724793,86.8887,78.87727,6.0235305,4.5036435
24.0,122.0,2010-08-01,2010-10-04,64,25,25.015503,25.898758,24.344366,83.190994,5.4836335,13.261719,86.164246,79.581726,6.4542084,4.292999
22.0,120.0,2010-08-01,2010-10-04,64,25,26.84887,27.768726,26.16545,82.26625,4.1617947,10.292356,85.41376,77.60698,5.063901,3.2205932
23.0,122.0,2010-08-01,2010-10-04,64,25,25.211077,26.164793,24.470366,84.19582,5.6238027,12.971494,87.5846,80.0283,6.547694,4.523989
23.0,120.0,2010-08-01,2010-10-04,64,25,26.414682,27.352026,25.702978,82.813965,5.2014437,7.1047997,86.27085,77.92651,6.0526032,4.1543202
25.0,122.0,2010-08-01,2010-10-04,64,25,26.553068,26.991962,26.096176,80.50352,7.822443,9.954532,83.727425,77.16829,8.81931,6.560385
24.0,120.0,2010-08-01,2010-10-04,64,25,26.082273,26.873423,25.463886,82.378815,7.5445147,4.630741,85.80552,78.63095,8.664039,6.244794
25.0,121.0,2010-08-01,2010-10-04,64,25,25.730158,26.516592,25.091734,81.10167,7.3849373,5.4852324,84.79063,77.19599,8.172951,6.422342
22.0,122.0,2010-08-01,2010-10-05,65,25,27.42545,27.854963,26.931713,82.511826,8.713248,13.218627,85.70537,79.54721,9.639765,7.6961884
24.0,120.0,2010-08-01,2010-10-05,65,25,26.05707,26.879444,25.403975,81.02377,7.9156175,2.8969855,84.76968,76.773605,9.094041,6.40894
25.0,121.0,2010-08-01,2010-10-05,65,25,25.61823,26.455088,24.907099,80.526634,7.3810854,5.3182483,84.188385,76.378,8.370766,6.21446
25.0,122.0,2010-08-01,2010-10-05,65,25,26.44716,26.873022,25.930082,79.69668,7.671371,8.729809,83.0799,76.69947,8.741115,6.517378
23.0,120.0,2010-08-01,2010-10-05,65,25,26.304638,27.239614,25.608925,81.999695,5.462756,5.1662736,85.75916,76.75159,6.3254895,4.3993645
23.0,122.0,2010-08-01,2010-10-05,65,25,25.086487,25.96897,24.340805,83.56795,5.81567,12.544804,87.42999,79.12591,6.578262,4.875622
22.0,121.0,2010-08-01,2010-10-05,65,25,26.639961,27.540403,25.906929,82.86249,5.573658,10.863589,86.66346,77.88976,6.317606,4.800947
24.0,122.0,2010-08-01,2010-10-05,65,25,24.904608,25.775501,24.166992,82.01768,5.305501,11.328984,85.592804,77.84108,6.07845,4.3475423
22.0,120.0,2010-08-01,2010-10-05,65,25,26.762354,27.63707,26.092632,81.71352,4.2580643,10.8724375,85.17375,77.08989,5.2633624,3.3064263
25.0,120.0,2010-08-01,2010-10-05,65,25,24.970875,26.326548,23.958193,79.18813,7.0917406,3.5726435,84.22781,72.78276,7.972304,6.0073757
24.0,121.0,2010-08-01,2010-10-05,65,25,24.062088,25.490808,23.011534,82.97223,5.163868,7.900338,87.35291,76.930824,5.973768,4.1554856
23.0,121.0,2010-08-01,2010-10-05,65,25,24.302729,25.84646,23.178926,84.034805,2.742348,10.199224,88.68265,76.87485,3.2759397,2.1696012
24.0,122.0,2010-08-01,2010-10-06,66,25,24.861973,25.59688,24.252235,82.619774,4.956473,14.976675,86.15848,78.995056,5.8553634,3.9471788
23.0,120.0,2010-08-01,2010-10-06,66,25,26.247095,27.193516,25.562105,82.37005,5.4490685,4.418194,86.459816,76.79375,6.2649226,4.518387
22.0,120.0,2010-08-01,2010-10-06,66,25,26.702175,27.533194,26.071245,82.005646,4.5844765,11.050292,85.73346,77.27731,5.4801426,3.7226694
24.0,121.0,2010-08-01,2010-10-06,66,25,24.000935,25.297842,23.138735,83.747536,5.058821,10.662097,88.01012,78.16668,6.038739,3.999498
25.0,120.0,2010-08-01,2010-10-06,66,25,24.846392,26.111656,23.953907,79.92652,7.285243,2.643293,84.45401,73.97496,8.410221,6.0870185
23.0,122.0,2010-08-01,2010-10-06,66,25,25.040901,25.774364,24.444208,83.95312,5.425736,16.381403,87.263565,80.33486,6.14594,4.608993
22.0,122.0,2010-08-01,2010-10-06,66,25,27.356674,27.750349,26.95172,83.12388,8.2263975,15.584281,85.97802,80.10739,9.147678,7.281361
23.0,121.0,2010-08-01,2010-10-06,66,25,24.232355,25.687237,23.27766,84.41679,2.7036402,12.351864,88.95481,77.609764,3.2035627,2.2318213
25.0,122.0,2010-08-01,2010-10-06,66,25,26.454597,26.848536,26.02981,80.1825,7.2824397,9.438805,83.508224,76.877625,8.289511,6.156914
22.0,121.0,2010-08-01,2010-10-06,66,25,26.546415,27.370733,25.912266,83.49717,5.4397945,11.539173,87.18376,78.935555,6.1330714,4.7467885
24.0,120.0,2010-08-01,2010-10-06,66,25,26.008709,26.800945,25.411543,81.76651,7.8343816,2.7766535,85.49679,77.323265,9.303355,6.3034453
25.0,121.0,2010-08-01,2010-10-06,66,25,25.607128,26.413658,24.996529,81.180405,7.2560363,5.155197,85.29024,76.871315,8.287871,6.070229
22.0,120.0,2010-08-01,2010-10-07,67,25,26.713362,27.600811,26.040321,82.23598,4.5890193,11.2420435,85.35785,77.70507,5.450972,3.672016
22.0,121.0,2010-08-01,2010-10-07,67,25,26.615446,27.378416,26.010977,83.41269,5.1405153,12.211898,86.342186,79.35699,5.8465896,4.498345
25.0,121.0,2010-08-01,2010-10-07,67,25,25.713184,26.478249,25.095287,81.30271,7.109046,6.2032914,84.87316,77.57428,8.070956,5.9765887
24.0,120.0,2010-08-01,2010-10-07,67,25,26.04741,26.84022,25.455791,82.22256,7.552385,4.0060277,85.55595,78.16662,8.600658,6.184485
23.0,122.0,2010-08-01,2010-10-07,67,25,25.09952,25.741766,24.560503,84.10927,5.3226233,14.344155,86.748116,80.98811,6.1753893,4.2938304
24.0,122.0,2010-08-01,2010-10-07,67,25,24.862982,25.521103,24.259869,83.86919,5.0313535,15.155011,87.12138,80.32204,5.9067664,3.9732623
24.0,121.0,2010-08-01,2010-10-07,67,25,24.079405,25.304958,23.21079,84.202286,4.929416,9.8431225,88.08703,78.932,5.839377,3.8510153
22.0,122.0,2010-08-01,2010-10-07,67,25,27.44629,27.73333,27.140049,82.60805,7.7933116,14.738145,84.85293,80.417946,8.794682,6.6737533
23.0,121.0,2010-08-01,2010-10-07,67,25,24.270863,25.624449,23.322573,85.06068,2.7273285,11.823711,89.428116,78.86191,3.203679,2.2230477
25.0,120.0,2010-08-01,2010-10-07,67,25,24.857763,26.05,24.005444,80.506935,6.9868593,3.9410255,84.85614,74.84427,7.985159,5.8390594
23.0,120.0,2010-08-01,2010-10-07,67,25,26.245428,27.168945,25.579111,83.01779,5.2300324,5.9619007,86.57491,77.96141,5.861376,4.4506
25.0,122.0,2010-08-01,2010-10-07,67,25,26.483414,26.841265,26.094604,81.0407,7.189797,11.488329,84.157326,78.420876,8.144523,6.1296554
23.0,121.0,2010-08-01,2010-10-08,68,25,24.372906,25.89039,23.398613,85.2144,2.4095325,8.082165,89.426506,78.30541,2.9544861,1.8290389
24.0,122.0,2010-08-01,2010-10-08,68,25,24.976624,25.748228,24.354277,84.31567,4.5049586,10.619702,87.08043,80.99656,5.3662477,3.392575
22.0,120.0,2010-08-01,2010-10-08,68,25,26.7554,27.662949,26.122587,82.40751,4.513222,7.2499514,85.67425,77.54174,5.346656,3.6755805
25.0,122.0,2010-08-01,2010-10-08,68,25,26.527512,26.922972,26.09422,82.33974,6.904794,8.979989,84.63731,80.24808,7.969046,5.721252
25.0,120.0,2010-08-01,2010-10-08,68,25,24.970732,26.339859,24.059498,81.92558,6.7561355,3.6415503,86.07796,76.29017,7.8444295,5.5153923
24.0,121.0,2010-08-01,2010-10-08,68,25,24.177814,25.5367,23.222284,84.910736,4.463111,7.6091404,88.60372,79.55483,5.305197,3.3047662
22.0,122.0,2010-08-01,2010-10-08,68,25,27.512306,27.939724,27.04505,82.24321,6.958433,12.1269655,85.21469,79.52121,8.045736,5.9005556
23.0,122.0,2010-08-01,2010-10-08,68,25,25.195103,26.00006,24.50329,84.15628,4.8034415,11.723523,87.18722,80.70821,5.5984797,3.9294577
22.0,121.0,2010-08-01,2010-10-08,68,25,26.687773,27.626123,26.01797,83.16863,4.54981,8.476453,86.53491,78.248,5.35772,3.767966
24.0,120.0,2010-08-01,2010-10-08,68,25,26.071753,26.938805,25.437983,83.19744,7.1639643,4.4383655,86.516014,79.040085,8.339355,5.5590987
23.0,120.0,2010-08-01,2010-10-08,68,25,26.273205,27.287695,25.617016,83.45959,4.9735494,4.89155,86.9459,77.9931,5.8472676,4.016324
25.0,121.0,2010-08-01,2010-10-08,68,25,25.742056,26.5921,25.066269,82.850174,6.905334,5.9917097,86.06536,79.22171,7.979104,5.611431
23.0,120.0,2010-08-01,2010-10-09,69,25,26.209522,27.20493,25.518827,82.93331,5.0168185,2.9774218,86.328896,77.395256,5.8359847,4.072734
22.0,120.0,2010-08-01,2010-10-09,69,25,26.74907,27.683388,26.078262,82.00135,4.736817,6.9935412,85.628044,77.065506,5.64512,3.7414615
25.0,120.0,2010-08-01,2010-10-09,69,25,24.80438,26.05126,23.83814,81.10153,6.6924987,2.5471253,85.42668,75.564606,7.7398176,5.638642
24.0,121.0,2010-08-01,2010-10-09,69,25,24.045782,25.416763,23.085533,84.51825,4.4932346,6.0706873,88.49162,78.75639,5.3372135,3.5657907
23.0,121.0,2010-08-01,2010-10-09,69,25,24.303526,25.831413,23.255108,84.844025,2.4217865,6.5238733,89.16539,77.63697,2.8512592,1.9583564
23.0,122.0,2010-08-01,2010-10-09,69,25,25.166193,26.00585,24.518715,83.65699,4.806358,9.716013,86.88811,79.89714,5.5881557,3.9342651
22.0,121.0,2010-08-01,2010-10-09,69,25,26.621496,27.510714,25.898935,83.14359,5.1280055,8.552374,86.85715,78.388374,5.7640686,4.502263
24.0,122.0,2010-08-01,2010-10-09,69,25,24.904655,25.690004,24.265297,83.53621,4.6566978,11.71003,86.58701,79.75848,5.5286303,3.6384976
25.0,122.0,2010-08-01,2010-10-09,69,25,26.418911,26.732582,26.0575,81.08047,7.142264,11.681648,83.78013,78.39207,8.143013,5.812866
22.0,122.0,2010-08-01,2010-10-09,69,25,27.486452,27.877657,27.064703,82.0957,7.406805,11.755503,85.159355,79.635254,8.360129,6.4400177
24.0,120.0,2010-08-01,2010-10-09,69,25,25.94568,26.78207,25.32083,82.6498,7.130252,2.548955,85.93834,78.493256,8.350768,5.728555
25.0,121.0,2010-08-01,2010-10-09,69,25,25.574003,26.341919,24.928589,81.94567,6.914991,6.0838084,85.12379,78.56466,7.940042,5.7509127
23.0,121.0,2010-08-01,2010-10-10,70,25,24.282293,25.90746,23.213507,84.40535,2.478709,5.228916,88.9539,76.818756,3.033636,1.8660663
24.0,121.0,2010-08-01,2010-10-10,70,25,23.980536,25.392813,22.98148,83.824615,4.683507,5.099524,87.78706,77.7349,5.4781165,3.6308026
25.0,120.0,2010-08-01,2010-10-10,70,25,24.651333,25.996704,23.645918,80.06715,6.7694445,2.9355226,84.83671,73.84198,7.624513,5.6907945
25.0,121.0,2010-08-01,2010-10-10,70,25,25.46943,26.324883,24.806362,80.51963,7.024538,4.5126705,84.22443,76.447044,7.822506,5.974371
22.0,121.0,2010-08-01,2010-10-10,70,25,26.606638,27.567472,25.893183,82.698685,5.233122,6.257671,86.406815,77.53554,6.113898,4.281418
24.0,120.0,2010-08-01,2010-10-10,70,25,25.897594,26.770098,25.244732,81.525,7.4145494,1.8866345,85.113106,76.85437,8.551893,6.0362444
23.0,120.0,2010-08-01,2010-10-10,70,25,26.20565,27.270376,25.51246,82.04383,5.2392025,1.9971069,86.11875,75.99847,6.065054,4.3819704
25.0,122.0,2010-08-01,2010-10-10,70,25,26.354128,26.738438,25.919468,79.39677,6.8777246,8.225746,82.39358,76.59496,8.100851,5.525114
24.0,122.0,2010-08-01,2010-10-10,70,25,24.879341,25.69402,24.23358,82.547386,4.5596976,8.836705,85.82014,78.84114,5.612065,3.3678668
22.0,122.0,2010-08-01,2010-10-10,70,25,27.412241,27.785234,27.029106,82.1024,7.786441,9.576757,84.893005,79.60298,8.970976,6.5357842
22.0,120.0,2010-08-01,2010-10-10,70,25,26.71608,27.674644,26.069843,81.59477,4.6037197,6.3476915,85.07737,76.57649,5.507976,3.7869706
23.0,122.0,2010-08-01,2010-10-10,70,25,25.085981,25.882473,24.472422,83.64969,5.0212264,8.538548,86.95666,80.11111,6.098973,3.9418578
25.0,121.0,2010-08-01,2010-10-11,71,25,25.322012,26.156456,24.584034,78.97247,7.2145977,2.5460877,82.64993,75.040794,8.095882,6.28998
23.0,120.0,2010-08-01,2010-10-11,71,25,26.086393,27.126196,25.324848,81.6434,5.357034,2.4572816,85.34208,76.39238,6.0086956,4.645074
24.0,120.0,2010-08-01,2010-10-11,71,25,25.775154,26.642363,25.058233,80.45979,7.7557507,1.1315949,83.91039,76.38099,8.743101,6.5603747
22.0,121.0,2010-08-01,2010-10-11,71,25,26.550085,27.507217,25.773321,82.2053,5.473681,6.600045,85.522644,77.40214,6.1818714,4.6706004
23.0,122.0,2010-08-01,2010-10-11,71,25,24.953974,25.849089,24.149477,82.8426,5.7451167,8.753671,86.24263,79.21493,6.543036,4.9118066
25.0,122.0,2010-08-01,2010-10-11,71,25,26.155045,26.602392,25.621958,77.79011,7.391408,4.4418373,81.29131,75.01712,8.397793,6.3279047
22.0,120.0,2010-08-01,2010-10-11,71,25,26.653645,27.568918,25.972406,81.08322,4.510115,6.300668,84.22813,76.45,5.374976,3.7022614
24.0,121.0,2010-08-01,2010-10-11,71,25,23.843496,25.29084,22.787094,82.79559,5.1343327,5.065922,86.55429,77.04096,5.8739586,4.2479343
22.0,122.0,2010-08-01,2010-10-11,71,25,27.35751,27.870937,26.79729,81.13092,8.611554,8.939528,84.078415,78.257904,9.591947,7.491922
25.0,120.0,2010-08-01,2010-10-11,71,25,24.544365,25.981724,23.515663,78.55959,6.9353786,1.1453302,83.22785,72.31076,7.7766566,6.0821104
24.0,122.0,2010-08-01,2010-10-11,71,25,24.690027,25.5859,23.895536,81.44793,5.250441,6.9766307,84.76665,77.81547,6.096636,4.282504
23.0,121.0,2010-08-01,2010-10-11,71,25,24.148535,25.776201,23.032866,84.05808,2.7029634,6.4157176,88.21295,76.89265,3.1322334,2.2982676
23.0,122.0,2010-08-01,2010-10-12,72,25,24.848248,25.714727,24.149376,82.26604,6.2269497,10.506208,85.911064,78.476654,6.9596624,5.2971973
24.0,122.0,2010-08-01,2010-10-12,72,25,24.558054,25.393898,23.883661,81.18024,5.793618,11.50139,84.38361,77.72265,6.490634,4.9331455
25.0,120.0,2010-08-01,2010-10-12,72,25,24.205584,25.508247,23.229132,78.552246,7.7500606,1.962818,83.04385,72.59533,8.768476,6.6958685
22.0,121.0,2010-08-01,2010-10-12,72,25,26.431414,27.331978,25.695938,81.67412,5.851114,6.57432,85.465515,77.013626,6.603417,4.9960947
22.0,120.0,2010-08-01,2010-10-12,72,25,26.499224,27.398188,25.840132,81.15366,4.6567364,7.1672792,84.444954,76.50757,5.555847,3.73882
24.0,120.0,2010-08-01,2010-10-12,72,25,25.536734,26.364624,24.87332,80.72461,8.726121,2.5090837,83.883156,76.75503,9.843764,7.266349
23.0,120.0,2010-08-01,2010-10-12,72,25,25.878677,26.850445,25.157066,81.77951,5.9196086,3.7303956,85.34553,76.46677,6.6456404,5.0186906
25.0,121.0,2010-08-01,2010-10-12,72,25,25.089382,25.881426,24.418726,79.17074,8.060312,4.28551,82.13507,75.993095,9.054789,6.878742
25.0,122.0,2010-08-01,2010-10-12,72,25,25.966446,26.385813,25.44976,77.94316,8.0385275,8.687979,80.7785,75.40282,8.930455,6.9304895
24.0,121.0,2010-08-01,2010-10-12,72,25,23.666916,25.05812,22.72767,82.57785,5.8298435,7.07421,86.49062,77.0758,6.5942883,4.868572
23.0,121.0,2010-08-01,2010-10-12,72,25,24.003014,25.574776,22.998964,83.69677,3.0434148,8.318712,88.09153,76.75722,3.4590216,2.6240683
22.0,122.0,2010-08-01,2010-10-12,72,25,27.278599,27.713163,26.7658,80.393425,9.10986,8.77219,83.99484,77.22087,10.099964,7.885368
25.0,122.0,2010-08-01,2010-10-13,73,25,25.915783,26.286768,25.521635,78.030075,8.398289,7.8689356,80.88578,75.15201,9.470041,7.1815486
25.0,121.0,2010-08-01,2010-10-13,73,25,25.060436,25.882944,24.432032,79.15932,8.183742,4.8785205,82.46809,75.60593,9.079709,7.104737
22.0,120.0,2010-08-01,2010-10-13,73,25,26.462946,27.374546,25.833681,81.22373,4.586032,5.585306,84.70338,76.24099,5.404657,3.6803052
23.0,120.0,2010-08-01,2010-10-13,73,25,25.839184,26.793917,25.173994,82.04299,6.062138,2.9577436,85.72276,76.75034,6.75099,5.2222886
23.0,121.0,2010-08-01,2010-10-13,73,25,23.926586,25.47204,22.912685,83.88714,3.0623085,8.37339,88.016556,76.90483,3.5187025,2.5801208
24.0,121.0,2010-08-01,2010-10-13,73,25,23.58342,24.97073,22.673424,82.65373,5.946088,8.196385,86.5095,76.950714,6.7829328,4.9883957
24.0,122.0,2010-08-01,2010-10-13,73,25,24.45263,25.281824,23.835186,81.34362,6.0385003,11.2020645,84.53638,77.669914,6.9546666,4.8988295
23.0,122.0,2010-08-01,2010-10-13,73,25,24.768936,25.633398,24.1196,82.55271,6.557519,13.074625,86.18455,78.660614,7.5413246,5.35929
22.0,122.0,2010-08-01,2010-10-13,73,25,27.201231,27.625504,26.80609,81.09405,9.717313,13.923323,84.56145,77.69053,10.926784,8.371115
24.0,120.0,2010-08-01,2010-10-13,73,25,25.489902,26.305107,24.901001,80.87958,8.998539,2.8127868,84.19451,76.741486,10.052886,7.6629457
22.0,121.0,2010-08-01,2010-10-13,73,25,26.35705,27.240765,25.68607,82.28805,6.1610355,9.191874,86.13663,77.57856,6.9761868,5.298324
25.0,120.0,2010-08-01,2010-10-13,73,25,24.176487,25.45601,23.291348,78.509674,8.014672,2.799358,82.558105,72.93171,9.049104,6.8888316
24.0,120.0,2010-08-01,2010-10-14,74,25,25.467188,26.293789,24.816513,81.048775,8.831213,2.6034746,84.68432,76.88768,9.908577,7.441038
22.0,122.0,2010-08-01,2010-10-14,74,25,27.124802,27.461119,26.775461,81.23564,9.811901,16.688557,83.89034,78.74182,10.99914,8.542102
23.0,121.0,2010-08-01,2010-10-14,74,25,23.802584,25.331856,22.711798,83.94754,3.0512235,7.0843763,88.79707,76.538124,3.528482,2.5823965
24.0,121.0,2010-08-01,2010-10-14,74,25,23.478548,24.88189,22.457275,82.77151,5.890568,6.6641517,87.09469,76.86973,6.6481586,4.9299393
23.0,122.0,2010-08-01,2010-10-14,74,25,24.647686,25.432146,23.969288,82.6978,6.5245028,12.412134,86.38159,78.959366,7.418843,5.519501
24.0,122.0,2010-08-01,2010-10-14,74,25,24.340994,25.120249,23.674078,81.635086,5.899041,11.1593895,85.08329,77.76784,6.641041,4.969385
25.0,120.0,2010-08-01,2010-10-14,74,25,24.098623,25.408543,23.091036,79.11221,8.060243,2.58669,83.68374,73.23738,8.853325,7.080606
23.0,120.0,2010-08-01,2010-10-14,74,25,25.79784,26.755278,25.083403,82.151764,5.967056,2.9925756,86.21143,76.75289,6.7233696,5.1599736
22.0,120.0,2010-08-01,2010-10-14,74,25,26.466995,27.380028,25.763697,80.938034,4.9987187,6.490505,84.59146,76.012344,5.7739396,4.2274766
25.0,121.0,2010-08-01,2010-10-14,74,25,25.002098,25.778479,24.333174,79.68347,8.193066,4.385395,83.40683,75.87961,9.041242,7.205373
25.0,122.0,2010-08-01,2010-10-14,74,25,25.850664,26.22054,25.448984,78.67541,8.3097,8.854085,81.62603,75.50914,9.1350765,7.393489
22.0,121.0,2010-08-01,2010-10-14,74,25,26.277943,27.121954,25.6271,82.275185,6.3258753,11.331199,85.87029,77.606834,7.0764637,5.47699
25.0,120.0,2010-08-01,2010-10-15,75,25,23.92733,25.205072,22.994667,78.894806,8.28515,2.6331513,83.02431,73.553894,9.219006,7.2906423
23.0,122.0,2010-08-01,2010-10-15,75,25,24.473404,25.197458,23.820923,83.62696,6.589533,11.877538,86.7045,80.326675,7.300666,5.944495
24.0,122.0,2010-08-01,2010-10-15,75,25,24.195457,24.920616,23.541801,81.81111,5.877731,11.137792,84.95446,78.49518,6.7251306,4.952267
22.0,122.0,2010-08-01,2010-10-15,75,25,26.990227,27.42248,26.519415,82.43067,9.904468,11.957512,85.69898,79.26224,10.725658,9.078196
24.0,121.0,2010-08-01,2010-10-15,75,25,23.363071,24.692608,22.404268,82.83837,5.9096417,7.519625,86.699905,77.54425,6.728639,5.0074153
22.0,120.0,2010-08-01,2010-10-15,75,25,26.388853,27.293753,25.672413,81.08782,5.219164,6.0087013,84.47947,76.30551,6.0109906,4.5508523
23.0,120.0,2010-08-01,2010-10-15,75,25,25.74619,26.745403,24.996714,81.90661,6.0984564,2.4491308,85.50404,76.468185,6.9065466,5.223869
25.0,121.0,2010-08-01,2010-10-15,75,25,24.92021,25.755377,24.19852,79.16235,8.25665,4.4703093,82.83867,75.33694,9.276056,7.1554933
23.0,121.0,2010-08-01,2010-10-15,75,25,23.703106,25.174074,22.684048,83.98388,3.1686182,7.5779176,88.21254,77.337204,3.553289,2.7685947
25.0,122.0,2010-08-01,2010-10-15,75,25,25.739399,26.110275,25.254702,78.26917,8.30663,8.056432,81.220924,75.732895,9.41495,7.1381307
22.0,121.0,2010-08-01,2010-10-15,75,25,26.218393,27.097218,25.5058,82.64859,6.4377027,7.626749,86.341446,78.0491,6.969699,5.83546
24.0,120.0,2010-08-01,2010-10-15,75,25,25.399199,26.258833,24.717129,80.8265,8.8296385,2.4222772,84.3082,76.71412,10.110052,7.376654
24.0,121.0,2010-08-01,2010-10-16,76,25,23.408892,24.672913,22.578438,82.66801,5.849964,6.9937706,86.71698,77.20515,6.745783,4.7266254
23.0,121.0,2010-08-01,2010-10-16,76,25,23.663994,25.062206,22.775406,83.721085,3.1459308,7.0157456,87.96773,76.976776,3.545398,2.695578
23.0,122.0,2010-08-01,2010-10-16,76,25,24.449682,25.08754,23.91415,83.28462,6.712411,10.974795,86.755066,79.95313,7.5472145,5.629991
22.0,120.0,2010-08-01,2010-10-16,76,25,26.294104,27.187193,25.669106,81.06917,5.1523504,5.1523414,84.56697,76.19389,5.8659763,4.490004
25.0,122.0,2010-08-01,2010-10-16,76,25,25.78559,26.173853,25.337387,77.97162,8.536798,9.646359,81.51579,75.15056,9.532692,7.484065
22.0,121.0,2010-08-01,2010-10-16,76,25,26.149527,27.000738,25.519394,82.30091,6.477495,6.185974,86.11017,77.5525,7.1020565,5.7060485
22.0,122.0,2010-08-01,2010-10-16,76,25,26.936853,27.385859,26.502207,82.003944,10.06573,10.166985,85.0737,78.99341,11.138388,8.694903
24.0,122.0,2010-08-01,2010-10-16,76,25,24.226513,24.884174,23.67442,81.42055,5.9294972,11.350769,85.28417,78.07783,6.822592,4.876548
25.0,120.0,2010-08-01,2010-10-16,76,25,23.855963,25.021843,22.959541,78.75554,8.29081,2.8470397,82.84953,73.60324,9.326376,7.0771656
23.0,120.0,2010-08-01,2010-10-16,76,25,25.706087,26.601612,25.071386,81.71535,6.010246,2.1060748,85.09395,76.75264,6.7840505,4.9523125
24.0,120.0,2010-08-01,2010-10-16,76,25,25.44419,26.198158,24.791786,80.728,8.757983,2.1124816,83.95867,76.85395,10.081178,6.9491014
25.0,121.0,2010-08-01,2010-10-16,76,25,24.980999,25.715542,24.327286,79.04995,8.338512,5.321712,82.47813,75.479836,9.332787,7.1369643
24.0,121.0,2010-08-01,2010-10-17,77,25,23.552204,24.95621,22.601557,83.7687,5.590761,7.4418664,87.70277,78.00182,6.310907,4.859338
22.0,120.0,2010-08-01,2010-10-17,77,25,26.47004,27.43346,25.84745,80.94307,5.1325865,3.1806946,84.71043,75.71645,5.9900255,4.244263
23.0,121.0,2010-08-01,2010-10-17,77,25,23.87794,25.4544,22.860918,83.87025,3.070111,6.8873596,88.407074,76.24598,3.4729834,2.5894918
23.0,122.0,2010-08-01,2010-10-17,77,25,24.70829,25.50069,24.094082,82.87803,6.2811775,9.599456,86.1604,79.046974,7.03294,5.469338
24.0,122.0,2010-08-01,2010-10-17,77,25,24.432344,25.16288,23.826143,81.82145,5.6592603,12.252349,85.01535,78.419426,6.5122743,4.759889
22.0,122.0,2010-08-01,2010-10-17,77,25,27.168308,27.538921,26.783833,81.3876,9.460515,7.5486794,84.848114,78.269,10.500217,8.344068
22.0,121.0,2010-08-01,2010-10-17,77,25,26.336206,27.204153,25.708023,82.20491,6.242519,4.8149095,86.40465,77.255844,6.9706297,5.39747
23.0,120.0,2010-08-01,2010-10-17,77,25,25.80431,26.797379,25.108711,82.210915,5.7837768,1.9886817,86.02678,76.43012,6.5748887,4.990309
24.0,120.0,2010-08-01,2010-10-17,77,25,25.472631,26.303257,24.834072,82.136185,8.3740835,2.5633314,85.53464,77.90626,9.462508,7.054571
25.0,121.0,2010-08-01,2010-10-17,77,25,25.026182,25.836529,24.359941,81.18135,8.136711,6.1589117,84.47748,77.497055,8.906138,7.327373
25.0,122.0,2010-08-01,2010-10-17,77,25,25.892532,26.242643,25.509819,79.43069,8.362491,10.949253,82.193085,76.5962,9.313859,7.3064337
25.0,120.0,2010-08-01,2010-10-17,77,25,23.949257,25.183184,23.068275,80.161964,8.049597,2.5895753,83.917175,75.06099,8.933539,7.209059
25.0,120.0,2010-08-01,2010-10-18,78,25,23.89004,25.141802,22.94146,79.7823,8.449357,2.8965075,83.47377,74.61523,9.427619,7.409614
25.0,122.0,2010-08-01,2010-10-18,78,25,25.789375,26.18023,25.380459,79.61142,8.473141,12.920609,82.41975,77.0737,9.470552,7.519245
25.0,121.0,2010-08-01,2010-10-18,78,25,24.919233,25.73162,24.253399,80.823456,8.683019,7.745747,83.894264,77.123245,9.648329,7.680173
24.0,120.0,2010-08-01,2010-10-18,78,25,25.377453,26.113462,24.747427,82.14334,9.285453,3.287129,84.78983,78.70944,10.436576,7.894954
22.0,122.0,2010-08-01,2010-10-18,78,25,27.152895,27.510874,26.774736,81.94234,9.478016,10.200574,84.58856,79.554596,10.279384,8.553351
23.0,121.0,2010-08-01,2010-10-18,78,25,23.899565,25.425209,22.839771,84.218864,3.1605518,8.32863,88.52229,77.138405,3.6083057,2.6698105
22.0,121.0,2010-08-01,2010-10-18,78,25,26.388723,27.314995,25.623384,82.37877,6.2267346,5.979691,86.01623,77.60192,6.9058266,5.4728417
23.0,120.0,2010-08-01,2010-10-18,78,25,25.802519,26.776508,25.04584,82.52669,6.3854485,3.2416577,86.013214,77.54477,7.1769147,5.490042
24.0,121.0,2010-08-01,2010-10-18,78,25,23.48025,24.765684,22.560387,83.78847,6.0399885,8.350603,86.98522,78.49009,6.732058,5.253876
24.0,122.0,2010-08-01,2010-10-18,78,25,24.364172,25.13439,23.73977,82.44381,5.730523,13.557512,85.79178,78.77107,6.491627,4.8794103
23.0,122.0,2010-08-01,2010-10-18,78,25,24.66238,25.4217,24.05248,83.64336,6.388036,12.521437,86.50878,80.36244,6.911019,5.6629987
22.0,120.0,2010-08-01,2010-10-18,78,25,26.543554,27.514019,25.78058,81.06127,5.343782,4.4309316,84.56591,76.078415,6.175625,4.466266
24.0,120.0,2010-08-01,2010-10-19,79,25,25.1296,25.933706,24.518476,81.77261,9.917765,3.8624773,84.80886,78.20913,10.987692,8.556206
25.0,120.0,2010-08-01,2010-10-19,79,25,23.513027,24.737032,22.576748,78.912476,8.834855,4.281176,83.46271,73.63,9.747178,7.896765
25.0,121.0,2010-08-01,2010-10-19,79,25,24.780624,25.566612,24.16211,80.51799,9.061477,9.774955,83.52873,77.2023,9.952276,7.9114428
22.0,122.0,2010-08-01,2010-10-19,79,25,27.143482,27.470318,26.740572,82.11747,10.122185,9.310786,84.90171,79.931244,11.21433,8.929594
23.0,122.0,2010-08-01,2010-10-19,79,25,24.676292,25.50734,24.01602,83.798164,6.74985,11.845578,87.17366,80.10715,7.518348,5.6720357
22.0,121.0,2010-08-01,2010-10-19,79,25,26.269314,27.205112,25.552553,82.5871,6.6978283,5.707578,86.21386,77.5929,7.4281797,5.955111
23.0,121.0,2010-08-01,2010-10-19,79,25,23.804062,25.339174,22.768438,84.40174,3.2857656,8.274409,88.7943,77.26827,3.7450364,2.7373595
24.0,121.0,2010-08-01,2010-10-19,79,25,23.364008,24.654385,22.469439,83.78477,6.2503004,9.543941,87.58113,78.66372,6.9981947,5.336288
25.0,122.0,2010-08-01,2010-10-19,79,25,25.79289,26.144691,25.355835,79.4332,8.789517,14.138057,82.37109,76.55147,9.905472,7.4101048
24.0,122.0,2010-08-01,2010-10-19,79,25,24.391245,25.131495,23.810186,82.55391,5.975608,13.94366,85.85188,78.77374,6.783851,4.7640953
22.0,120.0,2010-08-01,2010-10-19,79,25,26.373425,27.34274,25.660904,80.99667,5.5173616,2.892019,84.44856,75.894684,6.4415436,4.5840073
23.0,120.0,2010-08-01,2010-10-19,79,25,25.574429,26.584003,24.828438,82.346634,6.932051,2.563648,85.90538,76.99757,7.648437,6.0273356
25.0,121.0,2010-08-01,2010-10-20,80,25,24.863672,25.832417,24.12141,80.87564,8.523557,5.5708528,84.48536,76.74283,9.368897,7.312591
24.0,120.0,2010-08-01,2010-10-20,80,25,25.136873,26.006184,24.400303,81.8279,9.54522,2.1019225,85.468216,77.36652,10.7018,8.15597
23.0,120.0,2010-08-01,2010-10-20,80,25,25.537186,26.550556,24.768661,82.59761,6.6442714,1.4177179,86.604904,76.676125,7.4443207,5.6990967
25.0,120.0,2010-08-01,2010-10-20,80,25,23.606462,25.08107,22.565962,79.514496,8.269587,2.321648,84.250046,73.43711,9.512526,7.009436
24.0,122.0,2010-08-01,2010-10-20,80,25,24.457636,25.261347,23.781012,82.5701,6.1895723,15.446037,85.74389,78.77913,7.220638,5.022176
23.0,122.0,2010-08-01,2010-10-20,80,25,24.67855,25.50504,23.964052,84.11599,6.73831,14.790523,87.36865,80.283455,7.6271996,5.7065816
23.0,121.0,2010-08-01,2010-10-20,80,25,23.842695,25.456293,22.753359,84.40581,3.2808726,8.156608,89.190544,76.49974,3.7978148,2.7490134
25.0,122.0,2010-08-01,2010-10-20,80,25,25.859756,26.27149,25.41935,79.984856,8.669387,12.1547165,82.64226,76.97275,9.843295,7.2973633
22.0,122.0,2010-08-01,2010-10-20,80,25,27.053686,27.45311,26.609312,82.93983,9.6853895,13.188276,85.58361,80.27439,10.935901,8.251187
22.0,120.0,2010-08-01,2010-10-20,80,25,26.317938,27.28955,25.59663,81.19417,5.1370306,2.3832946,85.28018,75.598625,6.0500126,4.3466616
24.0,121.0,2010-08-01,2010-10-20,80,25,23.447119,24.947832,22.414688,83.585304,6.1702814,8.8057165,87.68639,77.39834,7.0387855,5.154861
22.0,121.0,2010-08-01,2010-10-20,80,25,26.216003,27.144276,25.497564,83.08706,6.3836656,6.5150733,86.933945,77.87867,7.2150536,5.5509796
24.0,120.0,2010-08-01,2010-10-21,81,25,24.97265,25.747656,24.309843,81.80666,9.425052,2.625896,85.20448,78.15458,10.717624,7.834883
22.0,121.0,2010-08-01,2010-10-21,81,25,26.156488,27.08062,25.426275,82.56188,5.554739,5.729226,86.05407,77.58323,6.406102,4.712263
23.0,121.0,2010-08-01,2010-10-21,81,25,23.778915,25.356518,22.71352,84.44201,3.1326575,9.899757,88.96037,77.14348,3.7729406,2.4971788
22.0,122.0,2010-08-01,2010-10-21,81,25,26.975645,27.315796,26.603777,82.18412,8.39498,12.757637,84.74595,79.59217,9.671392,6.8845363
23.0,120.0,2010-08-01,2010-10-21,81,25,25.481358,26.512852,24.758926,82.28843,6.6876826,2.0945845,86.067276,76.68405,7.5660996,5.6942353
25.0,122.0,2010-08-01,2010-10-21,81,25,25.582651,25.976997,25.156466,80.86995,8.388686,21.255043,83.17194,78.48363,9.783989,6.9466066
22.0,120.0,2010-08-01,2010-10-21,81,25,26.235096,27.218687,25.487768,81.48789,5.363552,4.248812,85.03154,76.24368,6.4116545,4.257512
23.0,122.0,2010-08-01,2010-10-21,81,25,24.595942,25.366732,23.952427,83.92542,5.848971,16.89927,86.91271,80.31976,6.8089614,4.82638
25.0,120.0,2010-08-01,2010-10-21,81,25,23.456633,24.754507,22.431807,79.478355,8.070246,2.5480762,83.977325,73.59409,9.0450735,6.8538814
25.0,121.0,2010-08-01,2010-10-21,81,25,24.572725,25.31198,23.900982,81.513985,8.485556,10.405437,84.87621,77.85512,9.6182375,6.9702563
24.0,122.0,2010-08-01,2010-10-21,81,25,24.299246,25.069162,23.645702,83.17351,5.852167,21.317907,86.29556,79.929726,6.8489466,4.6980247
24.0,121.0,2010-08-01,2010-10-21,81,25,23.275059,24.569496,22.345268,83.922516,5.786127,10.388647,87.91215,78.71773,6.747048,4.5392194
22.0,121.0,2010-08-01,2010-10-22,82,25,26.058979,27.055758,25.289532,82.23078,5.7231727,5.523123,85.6335,77.5125,6.731169,4.772303
25.0,122.0,2010-08-01,2010-10-22,82,25,25.48101,25.851719,24.999985,80.22239,9.157192,13.739689,83.49456,77.00295,10.394917,7.7068634
23.0,120.0,2010-08-01,2010-10-22,82,25,25.282738,26.300962,24.503471,82.0655,7.1372337,2.3358812,85.57618,77.07531,7.7716365,6.386487
24.0,120.0,2010-08-01,2010-10-22,82,25,24.782087,25.566246,24.103594,80.95262,10.2593355,2.4899914,84.252045,77.40496,11.1431265,9.06171
24.0,122.0,2010-08-01,2010-10-22,82,25,24.219763,25.030067,23.4885,82.49645,6.406974,12.896787,85.8052,78.86386,7.3212404,5.235614
24.0,121.0,2010-08-01,2010-10-22,82,25,23.166208,24.559526,22.126991,82.729836,6.223452,7.0886865,86.40436,77.5132,6.85509,5.4313307
22.0,120.0,2010-08-01,2010-10-22,82,25,26.048704,27.071016,25.288002,81.426605,5.593168,5.4150987,84.76263,76.367035,6.363148,4.7257957
23.0,122.0,2010-08-01,2010-10-22,82,25,24.561975,25.389038,23.813326,82.95902,6.5868354,10.968374,85.93013,79.410934,7.52385,5.5807667
25.0,121.0,2010-08-01,2010-10-22,82,25,24.442104,25.267427,23.700039,80.381905,9.006423,7.962406,83.91541,76.703255,9.925255,7.8686523
25.0,120.0,2010-08-01,2010-10-22,82,25,23.224775,24.554615,22.219444,78.200836,8.7893715,2.7698388,82.01765,72.748566,9.583437,7.783728
23.0,121.0,2010-08-01,2010-10-22,82,25,23.662495,25.308052,22.48569,83.91763,3.144968,6.9577622,87.971794,77.03409,3.540478,2.7231426
22.0,122.0,2010-08-01,2010-10-22,82,25,26.960972,27.304512,26.563814,81.40625,9.294269,9.553257,84.34912,78.10448,10.852521,7.830183
24.0,120.0,2010-08-01,2010-10-23,83,25,24.422382,25.261608,23.77294,80.19758,10.675538,3.483943,83.369675,76.25189,11.659248,9.321155
25.0,122.0,2010-08-01,2010-10-23,83,25,25.172375,25.58359,24.751938,79.81242,9.459424,11.019035,82.81122,77.248726,10.860151,8.107599
22.0,122.0,2010-08-01,2010-10-23,83,25,26.852844,27.233936,26.45373,81.16073,9.616475,8.229129,83.846306,78.60201,10.781506,8.293025
24.0,121.0,2010-08-01,2010-10-23,83,25,22.8744,24.29691,21.891865,82.0775,6.5594153,9.125727,85.83493,76.08429,7.2977448,5.6358314
22.0,121.0,2010-08-01,2010-10-23,83,25,25.97734,26.886084,25.247202,81.400665,6.219693,5.211846,84.8938,76.72553,6.984574,5.451508
25.0,121.0,2010-08-01,2010-10-23,83,25,24.012535,24.862856,23.312422,79.68768,9.619704,6.935479,83.16508,75.87289,10.570498,8.345658
24.0,122.0,2010-08-01,2010-10-23,83,25,24.04928,24.918467,23.38537,82.13993,6.4969263,13.25262,85.07663,78.31017,7.3906965,5.516039
23.0,121.0,2010-08-01,2010-10-23,83,25,23.52905,25.15041,22.435122,83.13985,3.3324451,8.856867,87.6876,75.585106,3.8023396,2.8493683
25.0,120.0,2010-08-01,2010-10-23,83,25,22.752203,24.14574,21.719843,76.98602,9.052845,3.1503844,81.33359,71.23312,9.818493,8.009533
23.0,122.0,2010-08-01,2010-10-23,83,25,24.40222,25.241499,23.676996,82.7823,6.6356783,11.863156,86.06509,78.932976,7.4966016,5.5654078
23.0,120.0,2010-08-01,2010-10-23,83,25,25.080782,26.100096,24.313345,81.18417,7.4090986,3.1986022,84.800705,75.81511,8.09094,6.6050878
22.0,120.0,2010-08-01,2010-10-23,83,25,25.93268,26.899986,25.219013,80.662834,5.653852,5.6052184,84.059875,75.59463,6.3981543,4.91676
24.0,122.0,2010-08-01,2010-10-24,84,25,23.922295,24.768635,23.252138,80.97201,6.3965178,9.446935,84.418945,76.76722,7.467266,5.2523556
24.0,120.0,2010-08-01,2010-10-24,84,25,24.373428,25.224463,23.673803,80.52887,10.30883,2.0784595,83.89944,76.38038,11.51507,8.663542
23.0,120.0,2010-08-01,2010-10-24,84,25,24.998098,25.9976,24.304243,81.58952,7.16039,2.674773,85.03592,76.26326,8.015092,6.135973
22.0,122.0,2010-08-01,2010-10-24,84,25,26.59009,26.897978,26.264551,82.444466,10.121793,11.046062,84.667244,80.293465,11.191992,8.872066
25.0,121.0,2010-08-01,2010-10-24,84,25,23.992271,24.84087,23.255093,79.14307,9.096406,4.637055,82.81407,75.12277,10.210612,7.710816
22.0,121.0,2010-08-01,2010-10-24,84,25,25.80637,26.743618,25.135082,82.33453,6.2695527,7.1211867,85.507,77.53057,7.1789684,5.2639394
22.0,120.0,2010-08-01,2010-10-24,84,25,25.917995,26.87186,25.230751,80.77477,5.5283413,4.6272936,84.30316,75.5385,6.697745,4.505336
25.0,122.0,2010-08-01,2010-10-24,84,25,25.111078,25.549644,24.633896,78.224884,9.076909,8.127045,81.40024,75.17929,10.389187,7.660437
24.0,121.0,2010-08-01,2010-10-24,84,25,22.788765,24.227076,21.814537,82.05248,6.4199243,5.9331346,86.2801,75.69258,7.2870007,5.2792873
23.0,121.0,2010-08-01,2010-10-24,84,25,23.409151,25.070196,22.350304,83.17976,3.3319633,6.559662,87.649124,75.02488,3.9240716,2.7331955
23.0,122.0,2010-08-01,2010-10-24,84,25,24.191177,24.993402,23.59561,83.13588,7.0183783,10.461339,86.02626,79.25983,7.8657975,5.97852
25.0,120.0,2010-08-01,2010-10-24,84,25,22.690596,24.044287,21.69627,77.62973,8.720981,2.0125446,81.873695,71.88856,9.736877,7.554747
25.0,120.0,2010-08-01,2010-10-25,85,25,22.62519,23.964697,21.690987,77.64315,8.254734,2.6696992,82.28201,71.48558,9.153079,7.225913
23.0,122.0,2010-08-01,2010-10-25,85,25,24.031967,24.789795,23.427715,81.4091,6.9193544,8.514734,84.8405,77.31473,7.891975,5.948526
25.0,121.0,2010-08-01,2010-10-25,85,25,23.983383,24.821383,23.285381,78.44514,8.299099,3.5962129,82.17516,74.219284,9.320707,7.2728987
22.0,122.0,2010-08-01,2010-10-25,85,25,26.601294,26.939384,26.22414,79.93801,10.137516,7.971506,83.19077,76.73672,11.308314,9.014989
23.0,121.0,2010-08-01,2010-10-25,85,25,23.134382,24.715551,22.101412,82.7546,3.350487,6.265593,86.93911,75.49786,3.913479,2.7743266
24.0,121.0,2010-08-01,2010-10-25,85,25,22.627779,24.025068,21.665718,81.6213,6.009739,5.9823875,85.69466,75.61193,6.8152633,5.087272
24.0,122.0,2010-08-01,2010-10-25,85,25,23.675161,24.465593,22.996645,79.88176,6.3898244,8.852256,83.31279,76.03709,7.359505,5.3872623
25.0,122.0,2010-08-01,2010-10-25,85,25,25.015982,25.376465,24.509096,76.88774,8.5893345,6.4428954,79.92903,74.00379,9.766003,7.3876038
23.0,120.0,2010-08-01,2010-10-25,85,25,24.907753,25.861357,24.240582,81.201904,6.663984,2.3779528,85.02508,75.84772,7.4425573,5.8376994
24.0,120.0,2010-08-01,2010-10-25,85,25,24.396107,25.168089,23.781748,80.1244,9.387687,2.1181214,83.89712,75.933914,10.493091,8.119784
22.0,120.0,2010-08-01,2010-10-25,85,25,25.776787,26.704845,25.122866,80.32256,5.431167,5.0598435,83.69858,75.60954,6.271665,4.571844
22.0,121.0,2010-08-01,2010-10-25,85,25,25.701689,26.595575,25.05223,81.11725,6.5390797,5.7156715,84.62311,76.51836,7.235715,5.801817
24.0,120.0,2010-08-01,2010-10-26,86,25,24.243132,25.050669,23.559097,79.87894,9.625957,2.504502,83.34633,75.784676,10.844252,7.9985223
25.0,121.0,2010-08-01,2010-10-26,86,25,23.711302,24.540987,22.98891,78.397736,8.999301,4.529342,82.12981,74.21664,9.936802,7.7580504
23.0,120.0,2010-08-01,2010-10-26,86,25,24.763054,25.74307,24.025484,81.02297,6.6193447,2.7516956,84.60564,75.560936,7.473067,5.635086
23.0,121.0,2010-08-01,2010-10-26,86,25,22.938967,24.497421,21.862358,82.712814,3.3806977,8.693773,87.51223,75.12794,3.8785517,2.883306
24.0,121.0,2010-08-01,2010-10-26,86,25,22.424139,23.784224,21.427027,81.49802,6.3991566,8.419117,85.60365,75.66391,7.1953444,5.3752007
25.0,122.0,2010-08-01,2010-10-26,86,25,24.674397,25.144493,24.2008,77.33811,9.051407,8.861323,80.44746,74.11661,10.289762,7.6182613
22.0,121.0,2010-08-01,2010-10-26,86,25,25.615685,26.511456,24.856567,80.5224,6.6235905,5.5904384,84.54927,75.58192,7.2991724,6.0558405
22.0,120.0,2010-08-01,2010-10-26,86,25,25.626865,26.554356,24.897026,80.09018,5.265622,5.5916615,83.55253,74.91389,6.0002456,4.465021
22.0,122.0,2010-08-01,2010-10-26,86,25,26.510338,26.892662,26.081493,79.398674,10.283015,8.885124,82.64142,76.69475,11.144266,9.398469
24.0,122.0,2010-08-01,2010-10-26,86,25,23.401846,24.190796,22.764336,80.28373,6.4481163,12.769095,83.6241,76.31572,7.541742,5.2806215
25.0,120.0,2010-08-01,2010-10-26,86,25,22.394054,23.569073,21.502466,77.77542,8.758898,2.7748883,81.76676,72.93927,9.656552,7.5908775
23.0,122.0,2010-08-01,2010-10-26,86,25,23.831694,24.627113,23.169624,81.42483,6.9794636,11.968313,84.84577,77.55871,7.776437,6.133728
23.0,122.0,2010-08-01,2010-10-27,87,25,23.861994,24.60493,23.261831,82.57349,6.7912774,13.990625,86.31334,78.47617,7.8913074,5.624437
25.0,120.0,2010-08-01,2010-10-27,87,25,22.362368,23.54976,21.486322,77.858444,8.444684,2.580722,82.575066,72.169586,9.326005,7.388114
22.0,121.0,2010-08-01,2010-10-27,87,25,25.549463,26.452143,24.884516,81.904564,6.5251684,8.913421,85.79706,76.81329,7.583029,5.4712987
22.0,120.0,2010-08-01,2010-10-27,87,25,25.585255,26.486372,24.914175,80.60684,5.2850213,6.504059,84.61625,75.59685,6.20672,4.4214926
24.0,122.0,2010-08-01,2010-10-27,87,25,23.507252,24.2408,22.920748,80.58957,6.5495105,13.367459,84.74701,76.43277,7.385119,5.5759816
23.0,121.0,2010-08-01,2010-10-27,87,25,22.951466,24.471098,21.974434,83.4172,3.4417107,10.641332,88.131615,76.02353,3.925873,2.9729617
22.0,122.0,2010-08-01,2010-10-27,87,25,26.46213,26.831167,26.07851,81.198456,10.008927,12.279499,84.40052,78.00618,11.617947,8.372583
24.0,121.0,2010-08-01,2010-10-27,87,25,22.471994,23.761913,21.684423,82.18559,6.2897863,8.9360075,86.18234,76.61253,7.0860963,5.2129445
25.0,122.0,2010-08-01,2010-10-27,87,25,24.887217,25.279932,24.40061,76.89381,8.984912,8.558502,81.034966,73.54821,10.075022,7.8597
23.0,120.0,2010-08-01,2010-10-27,87,25,24.73885,25.662535,24.040674,81.43645,6.7605524,4.210966,85.51688,76.10539,7.5377865,5.7276216
25.0,121.0,2010-08-01,2010-10-27,87,25,23.866661,24.592178,23.241377,78.27566,8.566161,4.1636686,81.95586,74.67655,9.617724,7.3832054
24.0,120.0,2010-08-01,2010-10-27,87,25,24.254454,24.968994,23.673822,80.27593,9.633693,2.5425756,83.92069,76.35351,10.850656,7.92348
23.0,120.0,2010-08-01,2010-10-28,88,25,24.790857,25.708733,24.133827,81.90772,6.4283466,4.3681736,84.89215,77.17286,7.369485,5.3665266
22.0,120.0,2010-08-01,2010-10-28,88,25,25.668625,26.52719,25.030045,80.839455,5.2243648,6.634105,84.11723,76.32779,6.2414923,4.278592
25.0,121.0,2010-08-01,2010-10-28,88,25,23.828203,24.62678,23.12649,78.9784,8.441124,5.3929505,81.97038,75.725945,9.624752,6.8979926
22.0,121.0,2010-08-01,2010-10-28,88,25,25.635073,26.439451,25.02329,81.84576,6.2468038,7.29725,84.78463,77.852394,7.2938147,5.187936
24.0,121.0,2010-08-01,2010-10-28,88,25,22.481041,23.725069,21.613253,83.066376,5.9914913,7.558478,86.31165,78.31826,6.869367,4.7762275
23.0,121.0,2010-08-01,2010-10-28,88,25,23.003752,24.402847,22.080673,84.07456,3.2116024,9.13715,88.296745,77.54067,3.7177143,2.7146842
24.0,122.0,2010-08-01,2010-10-28,88,25,23.471813,24.202879,22.914873,81.75963,6.1359043,12.985116,84.74602,78.19817,7.187726,4.9887147
22.0,122.0,2010-08-01,2010-10-28,88,25,26.512955,26.855064,26.121191,81.12047,9.454638,9.380693,83.666084,78.602325,10.909567,7.911319
25.0,120.0,2010-08-01,2010-10-28,88,25,22.446724,23.824516,21.449287,78.53904,8.153664,3.2023988,82.61161,73.252426,9.223554,6.809317
23.0,122.0,2010-08-01,2010-10-28,88,25,23.879568,24.63936,23.309843,83.20957,6.3799105,11.21906,86.24805,79.90071,7.384077,5.2445393
25.0,122.0,2010-08-01,2010-10-28,88,25,24.804497,25.228018,24.335333,77.84224,8.687311,10.779608,80.829636,74.66109,10.071518,7.2018986
24.0,120.0,2010-08-01,2010-10-28,88,25,24.263361,25.060514,23.633905,80.96268,9.239187,2.8093297,83.48053,77.68616,10.600092,7.3717556
23.0,120.0,2010-08-01,2010-10-29,89,25,24.650528,25.58168,23.927202,80.19795,6.501541,2.4445574,83.7336,75.27385,7.292051,5.619852
22.0,120.0,2010-08-01,2010-10-29,89,25,25.535713,26.42813,24.87839,79.90949,5.6739235,4.6753798,83.46881,75.30429,6.4601026,4.837603
25.0,121.0,2010-08-01,2010-10-29,89,25,23.43836,24.274336,22.736822,77.39857,8.656384,3.22825,80.98589,73.34873,9.601414,7.439574
25.0,120.0,2010-08-01,2010-10-29,89,25,22.100609,23.43067,21.161943,76.730194,8.16565,2.5138307,81.46798,70.65154,9.071722,7.0318727
23.0,122.0,2010-08-01,2010-10-29,89,25,23.735327,24.460527,23.057964,81.05312,6.95204,6.640413,84.23627,77.7634,7.824981,5.984887
25.0,122.0,2010-08-01,2010-10-29,89,25,24.499195,25.000704,23.932451,76.3231,9.246104,7.0243273,79.90187,73.21991,10.4492445,7.9719486
24.0,120.0,2010-08-01,2010-10-29,89,25,24.006102,24.81457,23.347637,79.0347,9.250678,1.1014758,82.45693,74.518845,10.302387,7.843621
22.0,121.0,2010-08-01,2010-10-29,89,25,25.516413,26.353882,24.80141,80.34638,6.7598853,5.587245,83.988014,76.17104,7.527865,6.0505137
22.0,122.0,2010-08-01,2010-10-29,89,25,26.411392,26.799126,25.96766,79.24654,10.295548,6.5781617,82.57617,76.015816,11.345403,9.118161
23.0,121.0,2010-08-01,2010-10-29,89,25,22.842396,24.29608,21.7835,82.31343,3.4207838,5.66141,86.23295,75.856674,3.915642,2.8900013
24.0,122.0,2010-08-01,2010-10-29,89,25,23.278976,24.05537,22.529966,79.84123,6.6506443,8.118077,83.1663,76.548836,7.624011,5.57514
24.0,121.0,2010-08-01,2010-10-29,89,25,22.203075,23.500648,21.231318,81.087875,6.1572657,4.299105,84.88667,75.56867,6.9367723,5.216894
24.0,122.0,2010-08-01,2010-10-30,90,25,23.015152,23.79165,22.38577,78.98543,6.4760737,9.490223,82.829094,74.7519,7.4693317,5.397591
23.0,122.0,2010-08-01,2010-10-30,90,25,23.449038,24.253984,22.822216,81.193855,7.1251507,11.551384,84.301155,77.30583,8.093401,6.0050697
23.0,121.0,2010-08-01,2010-10-30,90,25,22.56144,24.08335,21.59145,82.03757,3.4233859,7.331715,86.193054,74.99519,3.9218957,2.8677964
24.0,121.0,2010-08-01,2010-10-30,90,25,21.957922,23.242285,21.090761,81.01956,6.111768,6.9819837,85.083084,75.259186,7.053489,4.87247
22.0,122.0,2010-08-01,2010-10-30,90,25,26.165693,26.52248,25.784897,79.65256,10.605622,10.880313,82.44436,76.830986,11.833007,9.268412
22.0,121.0,2010-08-01,2010-10-30,90,25,25.27608,26.127295,24.59478,80.37287,6.8541303,6.6334815,84.14175,75.89225,7.6723537,6.0172863
24.0,120.0,2010-08-01,2010-10-30,90,25,23.784592,24.567974,23.176764,79.22737,9.278122,2.2920392,82.9064,75.002205,10.637387,7.3739247
23.0,120.0,2010-08-01,2010-10-30,90,25,24.393232,25.344122,23.723354,80.17837,6.55757,2.6161335,83.796555,74.9086,7.4228277,5.4522734
25.0,121.0,2010-08-01,2010-10-30,90,25,23.243042,24.024765,22.5777,76.91133,8.269176,3.2899628,80.85396,72.76314,9.283207,6.8462114
22.0,120.0,2010-08-01,2010-10-30,90,25,25.324594,26.25764,24.660883,79.51142,5.494805,6.187008,83.213165,74.42779,6.3590727,4.6931186
25.0,122.0,2010-08-01,2010-10-30,90,25,24.285276,24.745766,23.765278,75.06302,8.696381,5.771963,79.061066,71.47478,9.938269,7.369917
25.0,120.0,2010-08-01,2010-10-30,90,25,21.781845,22.989355,20.845356,76.465164,8.208843,2.4369953,81.09495,70.690254,9.190217,6.973874
25.0,120.0,2010-08-01,2010-10-31,91,25,21.709597,23.003803,20.643745,77.31732,8.6185055,5.133456,81.69875,72.095795,9.580281,7.4003453
22.0,121.0,2010-08-01,2010-10-31,91,25,25.242432,26.095064,24.560444,79.42645,7.1177025,8.41074,83.05339,74.77943,7.830929,6.380002
24.0,120.0,2010-08-01,2010-10-31,91,25,23.783579,24.553883,23.140186,79.60854,9.844175,4.310398,83.1478,75.66049,11.06889,8.136222
24.0,121.0,2010-08-01,2010-10-31,91,25,21.847607,23.172466,20.968906,81.546486,6.2295513,10.819186,85.84389,75.72049,7.0472984,5.190469
24.0,122.0,2010-08-01,2010-10-31,91,25,22.856117,23.61165,22.244614,79.93267,6.2339196,13.289277,83.47279,75.980194,7.1668854,5.1354246
25.0,121.0,2010-08-01,2010-10-31,91,25,23.256374,24.031034,22.486954,77.60492,8.623958,8.128452,81.505325,73.68768,9.720767,7.281522
23.0,122.0,2010-08-01,2010-10-31,91,25,23.305935,24.047867,22.686329,80.99481,7.2013006,12.269082,84.95096,77.12925,8.077125,6.2193346
22.0,122.0,2010-08-01,2010-10-31,91,25,26.092463,26.463057,25.66693,78.62277,10.951125,9.105625,82.121574,75.53283,12.053241,9.724611
25.0,122.0,2010-08-01,2010-10-31,91,25,24.250526,24.78484,23.716612,76.18313,8.550673,10.586334,79.91396,72.4925,9.800787,7.157156
22.0,120.0,2010-08-01,2010-10-31,91,25,25.335117,26.236397,24.6577,78.58787,5.6224475,6.9126267,82.25248,73.56964,6.304097,4.949846
23.0,120.0,2010-08-01,2010-10-31,91,25,24.399359,25.309364,23.712055,79.99507,6.9057894,5.039465,83.485374,74.848495,7.7361336,5.9344387
23.0,121.0,2010-08-01,2010-10-31,91,25,22.457691,23.93371,21.510489,81.96276,3.399707,11.583955,86.30691,74.859726,3.8539143,2.9618063
24.0,121.0,2010-08-01,2010-11-01,92,25,21.831568,23.173111,20.943344,82.29185,5.7688417,7.040989,85.945625,77.10297,6.6361327,4.78951
24.0,120.0,2010-08-01,2010-11-01,92,25,23.653017,24.44934,23.030045,80.84013,9.153917,2.9061627,84.09784,77.14547,10.571447,7.6441536
22.0,121.0,2010-08-01,2010-11-01,92,25,25.1856,26.12646,24.452148,80.204445,6.6932783,4.1692896,84.038574,75.26151,7.4885464,5.9706864
25.0,120.0,2010-08-01,2010-11-01,92,25,21.460258,22.686417,20.63568,78.75097,8.091179,4.5022297,83.04898,73.459785,9.1883335,6.8510237
25.0,121.0,2010-08-01,2010-11-01,92,25,23.097326,23.876656,22.460884,78.8309,8.131451,7.508211,82.176414,75.48955,9.280152,6.8292627
24.0,122.0,2010-08-01,2010-11-01,92,25,22.90812,23.656275,22.25518,79.93476,6.0412917,13.216519,83.00838,76.58421,7.1554146,4.8718944
23.0,120.0,2010-08-01,2010-11-01,92,25,24.300678,25.330103,23.591446,80.95341,6.506844,2.1670234,84.99583,75.528435,7.3531165,5.559753
22.0,120.0,2010-08-01,2010-11-01,92,25,25.270645,26.284311,24.514013,79.25778,5.236845,3.3117394,83.23689,73.733696,6.063477,4.5306735
22.0,122.0,2010-08-01,2010-11-01,92,25,26.0748,26.469751,25.62412,79.289764,10.22876,6.027815,81.96911,76.72564,11.285742,9.145161
23.0,122.0,2010-08-01,2010-11-01,92,25,23.361338,24.176641,22.698252,81.36508,6.702841,8.178069,84.58237,77.573586,7.5618215,5.7718177
23.0,121.0,2010-08-01,2010-11-01,92,25,22.474094,24.065943,21.442656,82.44537,3.2048736,6.322301,87.24253,74.87085,3.7758615,2.677052
25.0,122.0,2010-08-01,2010-11-01,92,25,24.158978,24.560747,23.636099,76.686844,8.374982,13.648044,79.112434,74.2498,9.680524,6.9973936
25.0,122.0,2010-08-01,2010-11-02,93,25,24.138165,24.691904,23.480888,76.20496,8.574215,6.076244,80.29619,72.34792,9.938809,7.077676
25.0,121.0,2010-08-01,2010-11-02,93,25,23.09843,23.956017,22.272593,77.55901,8.438963,2.3094604,82.00524,73.10698,9.641362,7.0863104
24.0,120.0,2010-08-01,2010-11-02,93,25,23.613808,24.453203,22.912773,79.496025,9.83596,0.7698523,82.94722,75.37412,11.13088,8.157132
24.0,121.0,2010-08-01,2010-11-02,93,25,21.782282,23.22643,20.780615,81.21857,6.443277,5.3685374,85.26531,75.4402,7.4106646,5.279871
25.0,120.0,2010-08-01,2010-11-02,93,25,21.573814,22.959867,20.579506,76.72522,8.384956,0.9004712,81.41562,71.20213,9.45883,7.095174
22.0,121.0,2010-08-01,2010-11-02,93,25,25.151175,26.153828,24.411875,80.123764,7.1641297,3.3665771,84.22294,74.902534,7.976137,6.3969054
24.0,122.0,2010-08-01,2010-11-02,93,25,22.836681,23.652739,22.0412,79.71486,6.4615693,9.174992,83.43759,75.62844,7.62994,5.226872
22.0,122.0,2010-08-01,2010-11-02,93,25,26.0194,26.396284,25.574535,79.532875,10.9102335,8.277175,82.63072,76.511795,12.111864,9.640365
22.0,120.0,2010-08-01,2010-11-02,93,25,25.246355,26.289091,24.558657,78.95159,5.378447,2.377821,83.02888,73.43413,6.2658906,4.745413
23.0,120.0,2010-08-01,2010-11-02,93,25,24.252914,25.303516,23.512886,80.30023,6.899218,1.1076813,84.12429,74.80588,7.6793666,5.96599
23.0,122.0,2010-08-01,2010-11-02,93,25,23.282574,24.120089,22.52126,81.379715,7.2378273,10.613601,84.526924,77.29678,8.23767,6.223173
23.0,121.0,2010-08-01,2010-11-02,93,25,22.416084,24.112621,21.3198,82.10933,3.5158167,5.728644,86.7476,74.13895,4.0944705,2.9895194
24.0,120.0,2010-08-01,2010-11-03,94,25,23.515093,24.436148,22.775532,79.22662,10.213204,0.984198,82.93121,75.2,11.647706,8.345364
24.0,121.0,2010-08-01,2010-11-03,94,25,21.616165,23.134878,20.647964,81.2045,6.77281,7.1341014,85.51919,74.952995,7.7086596,5.5323267
24.0,122.0,2010-08-01,2010-11-03,94,25,22.603525,23.379204,21.906178,80.811035,6.9195485,13.096023,84.40999,76.91707,8.136079,5.4684544
23.0,120.0,2010-08-01,2010-11-03,94,25,24.150417,25.227232,23.388882,79.97936,7.149227,1.8658484,84.19719,74.54481,8.094238,6.0585675
22.0,120.0,2010-08-01,2010-11-03,94,25,25.166094,26.216763,24.399145,78.293884,5.5935845,3.5668921,82.405754,72.45284,6.449495,4.7630467
23.0,121.0,2010-08-01,2010-11-03,94,25,22.24576,23.966578,21.1577,82.02243,3.699305,8.056953,87.024445,73.75008,4.2953153,3.1022305
25.0,121.0,2010-08-01,2010-11-03,94,25,22.880085,23.749195,22.108711,77.67701,9.238477,3.5177674,81.84447,73.514145,10.181298,7.85714
25.0,120.0,2010-08-01,2010-11-03,94,25,21.31892,22.725914,20.236734,75.937904,8.993501,1.1233557,80.91668,70.228836,10.040049,7.60692
23.0,122.0,2010-08-01,2010-11-03,94,25,23.109514,23.953867,22.469995,82.20913,7.726502,13.142705,85.67272,78.084206,8.894733,6.4230323
25.0,122.0,2010-08-01,2010-11-03,94,25,23.85305,24.351387,23.316006,77.387115,9.520201,9.440315,80.66651,74.25735,10.925587,7.8456817
22.0,122.0,2010-08-01,2010-11-03,94,25,25.892729,26.198824,25.49606,80.49835,11.563158,10.461433,83.36873,77.14116,13.053564,10.100776
22.0,121.0,2010-08-01,2010-11-03,94,25,25.027258,26.04771,24.269459,80.21652,7.4777093,5.3469872,84.52975,74.64038,8.413351,6.703917
25.0,122.0,2010-08-01,2010-11-04,95,25,24.064295,24.490654,23.614399,76.71745,9.304152,9.5752735,79.30881,74.240715,10.3509655,8.025725
25.0,121.0,2010-08-01,2010-11-04,95,25,23.040752,23.902876,22.354805,77.84023,8.471676,3.6615753,81.47815,73.717674,9.418024,7.3428583
23.0,122.0,2010-08-01,2010-11-04,95,25,23.123684,23.847174,22.57236,82.80214,7.6969013,13.412549,86.066154,79.26669,8.684569,6.5977983
23.0,121.0,2010-08-01,2010-11-04,95,25,22.226389,23.71519,21.302027,83.10454,3.576239,9.829182,87.543045,75.78976,4.1256742,3.0198386
25.0,120.0,2010-08-01,2010-11-04,95,25,21.356247,22.711119,20.407478,77.22814,8.40743,1.2720466,81.73446,71.3368,9.451727,7.232158
24.0,120.0,2010-08-01,2010-11-04,95,25,23.522167,24.397793,22.883974,79.763596,9.489813,1.1154895,83.1838,75.41126,10.553509,8.228248
24.0,122.0,2010-08-01,2010-11-04,95,25,22.696806,23.380342,22.142353,80.73012,6.7709265,14.023518,83.73003,77.32367,7.7059727,5.629224
24.0,121.0,2010-08-01,2010-11-04,95,25,21.658545,23.046959,20.806875,82.00386,6.1753535,8.064652,86.12807,75.78199,7.073897,5.119342
22.0,121.0,2010-08-01,2010-11-04,95,25,24.94622,25.842266,24.343575,81.8401,7.580662,7.8330345,85.28338,77.19101,8.31416,6.871564
22.0,120.0,2010-08-01,2010-11-04,95,25,25.086914,26.01391,24.467232,79.72671,5.840644,4.7831078,83.45496,74.71964,6.4871345,5.2173324
23.0,120.0,2010-08-01,2010-11-04,95,25,24.09566,25.062597,23.450552,80.79293,6.8648543,2.8430932,84.513214,75.3859,7.5327206,6.1040025
22.0,122.0,2010-08-01,2010-11-04,95,25,25.845676,26.163048,25.514044,81.62653,11.772775,11.427673,84.63289,78.92787,12.861669,10.64532
25.0,120.0,2010-08-01,2010-11-05,96,25,21.497574,22.787914,20.578691,78.468414,8.180137,1.3540362,82.545074,73.375694,9.289082,6.8382263
24.0,122.0,2010-08-01,2010-11-05,96,25,22.817059,23.588686,22.174204,80.078896,6.2919965,11.197173,83.21669,76.76582,7.3732324,5.0151873
24.0,121.0,2010-08-01,2010-11-05,96,25,21.752363,23.136665,20.826387,82.21269,5.9738483,7.445952,86.08925,76.43135,6.8394556,4.8390846
22.0,121.0,2010-08-01,2010-11-05,96,25,25.048084,25.931875,24.411245,80.80598,7.1586566,7.3638625,84.160736,76.05369,8.1039505,6.2925496
23.0,121.0,2010-08-01,2010-11-05,96,25,22.354702,23.906776,21.34897,82.91215,3.4161258,9.460418,87.43272,75.536934,4.0287714,2.8489866
23.0,120.0,2010-08-01,2010-11-05,96,25,24.171385,25.104088,23.504185,81.1881,6.7861934,3.6620777,85.00653,76.15479,7.5302515,5.8676233
22.0,120.0,2010-08-01,2010-11-05,96,25,25.127308,26.060362,24.446749,80.038635,5.59494,6.2401977,83.58727,74.95103,6.463965,4.804921
23.0,122.0,2010-08-01,2010-11-05,96,25,23.22987,24.000889,22.638887,81.65133,7.178532,11.567356,84.495476,78.13274,8.222271,6.1209326
22.0,122.0,2010-08-01,2010-11-05,96,25,25.925304,26.236748,25.595009,79.71691,10.982451,9.480566,82.01724,77.439255,12.3460655,9.627184
24.0,120.0,2010-08-01,2010-11-05,96,25,23.563684,24.33748,22.955454,80.54502,9.479444,1.6756958,83.88842,76.60745,10.70477,7.8068767
25.0,121.0,2010-08-01,2010-11-05,96,25,23.069963,23.882318,22.408585,78.82011,8.037139,3.5412285,82.14237,74.98888,9.017204,6.838229
25.0,122.0,2010-08-01,2010-11-05,96,25,24.119879,24.565142,23.635216,76.886604,8.463024,7.2619286,79.58184,74.516754,9.6982765,7.0194397
24.0,122.0,2010-08-01,2010-11-06,97,25,22.735744,23.561241,22.012676,79.075714,6.4088373,8.851165,82.307526,75.17539,7.3538427,5.389963
24.0,120.0,2010-08-01,2010-11-06,97,25,23.432941,24.341494,22.697735,79.99023,9.013527,2.6976037,83.75575,75.18427,10.343882,7.3187227
24.0,121.0,2010-08-01,2010-11-06,97,25,21.635204,23.148428,20.566523,81.51719,5.908537,6.410979,85.44623,74.97174,6.806074,4.8488917
23.0,122.0,2010-08-01,2010-11-06,97,25,23.186708,24.022768,22.484184,80.51277,7.3149433,10.078574,83.374756,76.76609,8.217191,6.2307463
25.0,121.0,2010-08-01,2010-11-06,97,25,22.990944,23.880243,22.20222,77.74595,8.070066,3.4434521,81.17233,73.75261,9.119007,6.8396854
23.0,120.0,2010-08-01,2010-11-06,97,25,24.048395,25.03817,23.280367,80.4663,6.4533367,3.7095654,84.02299,74.81231,7.396659,5.4959297
25.0,120.0,2010-08-01,2010-11-06,97,25,21.407524,22.891201,20.292072,77.7443,7.930518,2.1934474,82.014015,71.48385,9.121594,6.5105543
23.0,121.0,2010-08-01,2010-11-06,97,25,22.245722,23.876797,21.118408,82.037674,3.383248,7.4360595,86.06791,74.32378,3.8426807,2.8846989
22.0,120.0,2010-08-01,2010-11-06,97,25,25.071894,26.01621,24.309448,78.741,5.553105,5.0782714,82.21787,73.70172,6.2553887,4.775615
22.0,122.0,2010-08-01,2010-11-06,97,25,25.968603,26.31039,25.55548,78.01267,11.03935,8.094021,80.43644,75.74663,12.341897,9.706783
25.0,122.0,2010-08-01,2010-11-06,97,25,24.075874,24.527842,23.529991,75.54255,8.550464,5.8671584,78.73917,72.628494,9.786094,7.319844
22.0,121.0,2010-08-01,2010-11-06,97,25,25.025497,25.907564,24.270805,79.32176,7.1179976,5.4295216,82.54519,74.7241,7.968933,6.269193
24.0,122.0,2010-08-01,2010-11-07,98,25,22.76095,23.657042,22.051723,79.4371,6.1427245,6.717301,82.66342,75.52864,7.0192204,5.2528358
22.0,121.0,2010-08-01,2010-11-07,98,25,24.922081,25.8742,24.243536,79.90377,6.8853383,4.997644,83.67462,74.78361,7.5495934,6.1995497
24.0,121.0,2010-08-01,2010-11-07,98,25,21.563076,23.074472,20.610537,81.45359,5.904732,4.5941954,86.029495,74.97499,6.711494,4.887513
25.0,121.0,2010-08-01,2010-11-07,98,25,22.84859,23.717556,22.199522,78.30008,8.033383,2.7149146,82.11486,73.79782,8.902772,7.025035
24.0,120.0,2010-08-01,2010-11-07,98,25,23.287144,24.177519,22.659492,80.00625,8.927214,1.2299335,83.83738,75.366264,9.969785,7.6341352
23.0,122.0,2010-08-01,2010-11-07,98,25,23.188637,24.067104,22.52462,80.60612,6.9966903,7.1768994,83.79996,76.536835,7.90897,5.952308
22.0,120.0,2010-08-01,2010-11-07,98,25,24.960749,25.947763,24.296558,79.05562,5.407221,3.5834608,82.870125,73.65631,6.147357,4.6960096
22.0,122.0,2010-08-01,2010-11-07,98,25,25.906174,26.252539,25.494635,78.49654,10.641846,7.115559,81.0868,75.92767,11.679348,9.496744
23.0,120.0,2010-08-01,2010-11-07,98,25,23.93553,24.946318,23.266895,80.72076,6.332821,1.7035693,84.77595,74.788765,7.020615,5.5758433
25.0,122.0,2010-08-01,2010-11-07,98,25,24.030014,24.464058,23.549517,76.444084,8.36873,4.8285694,79.386345,73.0428,9.290447,7.4613237
23.0,121.0,2010-08-01,2010-11-07,98,25,22.2069,23.864906,21.159077,82.22029,3.3218627,5.083395,87.27484,74.23345,3.7891963,2.8703094
25.0,120.0,2010-08-01,2010-11-07,98,25,21.184298,22.653051,20.220524,77.68259,7.7328615,1.4890283,82.56577,71.117035,8.612012,6.7864323
23.0,121.0,2010-08-01,2010-11-08,99,25,22.079353,23.656334,21.01543,82.16811,3.323899,8.025851,87.08078,74.090324,3.8933566,2.7781045
22.0,121.0,2010-08-01,2010-11-08,99,25,24.799421,25.72964,24.052963,80.21464,6.8655086,7.34897,84.41988,74.9868,7.729964,5.9234123
24.0,120.0,2010-08-01,2010-11-08,99,25,23.209908,24.095963,22.462408,79.7579,9.253561,1.274757,82.806885,75.43154,10.789004,7.3500757
23.0,122.0,2010-08-01,2010-11-08,99,25,22.95954,23.766617,22.332588,81.12672,6.9317555,10.250884,84.50917,76.68655,8.045599,5.782778
25.0,122.0,2010-08-01,2010-11-08,99,25,23.761415,24.262388,23.195093,76.50017,8.495166,6.80057,79.01177,73.78088,10.248654,6.644073
22.0,122.0,2010-08-01,2010-11-08,99,25,25.681875,25.996538,25.314,79.35185,10.529034,9.582546,82.26563,76.32085,11.912697,9.120997
22.0,120.0,2010-08-01,2010-11-08,99,25,24.869423,25.81224,24.125801,79.41228,5.5463557,6.0742493,83.66284,74.09059,6.306625,4.7617393
23.0,120.0,2010-08-01,2010-11-08,99,25,23.880112,24.884546,23.072466,80.62135,6.5917006,2.7450914,84.48576,75.1342,7.5441823,5.5537367
25.0,121.0,2010-08-01,2010-11-08,99,25,22.67042,23.608335,21.84694,77.956955,8.318169,3.230022,81.40121,73.62648,9.783251,6.7297664
25.0,120.0,2010-08-01,2010-11-08,99,25,21.034561,22.501915,20.005201,77.65345,8.139172,1.2662134,82.179794,71.33621,9.471976,6.627276
24.0,121.0,2010-08-01,2010-11-08,99,25,21.414639,22.870033,20.434696,81.23056,5.985727,6.525609,85.11116,74.85841,7.157282,4.7014546
24.0,122.0,2010-08-01,2010-11-08,99,25,22.520874,23.359848,21.822334,79.60201,6.072044,10.120572,83.19075,75.55825,7.406021,4.5008397
23.0,121.0,2010-08-01,2010-11-09,100,25,21.776457,23.371714,20.731182,82.10658,3.6454957,8.581661,86.78435,75.04401,4.230368,2.9876015
23.0,120.0,2010-08-01,2010-11-09,100,25,23.585712,24.521328,22.868032,80.21158,7.042892,3.0415003,84.15292,75.324646,7.995765,5.980696
25.0,122.0,2010-08-01,2010-11-09,100,25,23.286427,23.81829,22.657944,76.66339,9.369698,9.572565,80.49443,73.45348,10.781711,7.8790965
24.0,120.0,2010-08-01,2010-11-09,100,25,22.821905,23.612476,22.103008,79.83334,9.716625,3.5395434,83.30666,76.12619,11.065579,7.9758
25.0,120.0,2010-08-01,2010-11-09,100,25,20.516958,21.758795,19.46526,77.31157,8.499075,3.5233717,81.6033,71.97979,9.492751,7.1335645
24.0,121.0,2010-08-01,2010-11-09,100,25,21.018042,22.360142,20.086542,81.67055,6.2933455,9.057428,85.41819,76.366486,7.178484,5.155803
22.0,121.0,2010-08-01,2010-11-09,100,25,24.571846,25.534058,23.781015,80.115776,7.255445,5.1676564,84.640625,75.18816,8.216497,6.319278
25.0,121.0,2010-08-01,2010-11-09,100,25,22.201418,23.039112,21.387583,77.8918,8.870206,6.1246877,81.539024,74.05339,10.04221,7.411747
24.0,122.0,2010-08-01,2010-11-09,100,25,22.1179,22.933666,21.435844,80.29028,6.669231,12.530634,83.93646,76.43321,7.9463067,5.4080186
23.0,122.0,2010-08-01,2010-11-09,100,25,22.643679,23.472994,21.94396,81.54167,7.2884383,11.422842,85.320564,77.79389,8.476665,6.014851
22.0,120.0,2010-08-01,2010-11-09,100,25,24.652739,25.61996,23.90688,79.113014,5.953328,4.6552672,83.38493,74.0252,6.850782,5.124353
22.0,122.0,2010-08-01,2010-11-09,100,25,25.441034,25.844223,24.961748,79.65439,10.970935,8.025932,83.289,76.68792,12.491587,9.431764
25.0,120.0,2010-08-01,2010-11-10,101,25,20.220346,21.545982,19.14218,76.23858,8.442116,2.224328,82.15931,69.89288,9.391144,7.249663
25.0,121.0,2010-08-01,2010-11-10,101,25,21.839832,22.715239,21.093834,76.560135,8.771295,3.8152142,81.368225,71.63352,9.730788,7.6139846
24.0,121.0,2010-08-01,2010-11-10,101,25,20.584496,21.97875,19.593958,80.84669,6.4660454,5.956941,85.34546,75.01965,7.2658587,5.402647
25.0,122.0,2010-08-01,2010-11-10,101,25,22.913923,23.476421,22.305761,75.34414,9.48093,7.185581,79.09909,71.801025,10.627803,8.2409525
22.0,120.0,2010-08-01,2010-11-10,101,25,24.35636,25.345966,23.564829,78.886314,6.4328504,4.3919997,82.95108,74.01699,7.1683364,5.7028265
22.0,121.0,2010-08-01,2010-11-10,101,25,24.261724,25.260874,23.409151,79.87742,7.7661495,4.930945,84.12555,75.09526,8.6519165,6.8503447
24.0,122.0,2010-08-01,2010-11-10,101,25,21.673058,22.550014,20.897236,79.477585,6.9782624,9.353852,83.155685,75.537605,7.984299,5.873299
24.0,120.0,2010-08-01,2010-11-10,101,25,22.502398,23.371836,21.781963,78.59285,9.792159,3.028778,83.00081,73.67572,10.99701,8.087862
22.0,122.0,2010-08-01,2010-11-10,101,25,25.121279,25.677412,24.563902,79.48252,11.650409,7.702556,83.16592,76.31476,12.994633,10.130363
23.0,122.0,2010-08-01,2010-11-10,101,25,22.232159,23.108164,21.47229,81.28368,7.715799,9.063943,84.74177,77.423256,8.781019,6.550204
23.0,121.0,2010-08-01,2010-11-10,101,25,21.374676,22.924604,20.265244,81.79603,3.8758013,6.30728,86.17027,74.87508,4.4276314,3.3563795
23.0,120.0,2010-08-01,2010-11-10,101,25,23.298418,24.319527,22.505342,79.472855,7.177311,3.3714893,83.5108,74.103836,8.055175,6.045639
25.0,120.0,2010-08-01,2010-11-11,102,25,20.246218,21.52564,19.245275,77.37069,7.79664,2.2534125,81.915184,71.55189,8.751947,6.460536
22.0,121.0,2010-08-01,2010-11-11,102,25,24.129942,24.967701,23.450909,79.23747,7.815766,3.3346412,82.77811,74.95177,8.47934,7.1006403
24.0,121.0,2010-08-01,2010-11-11,102,25,20.559639,21.820679,19.68105,81.04207,5.8808775,4.505001,84.907745,75.64945,6.720706,4.8473325
24.0,122.0,2010-08-01,2010-11-11,102,25,21.637758,22.353384,20.981758,79.22429,6.7380724,6.9174123,82.43758,75.77871,7.6000853,5.895675
25.0,121.0,2010-08-01,2010-11-11,102,25,21.914766,22.756207,21.171055,77.04481,8.099748,3.0899005,80.82132,72.799324,9.059437,6.9896307
23.0,120.0,2010-08-01,2010-11-11,102,25,23.162172,24.039845,22.461987,79.29342,6.5366955,3.0786097,83.04722,74.51998,7.4281907,5.601438
25.0,122.0,2010-08-01,2010-11-11,102,25,22.977497,23.462042,22.433716,75.42695,9.171925,5.4827843,78.79622,72.25977,10.095158,8.171709
23.0,121.0,2010-08-01,2010-11-11,102,25,21.191538,22.55041,20.251041,81.69244,3.7496643,4.8519835,86.15063,75.28671,4.1957626,3.328379
22.0,122.0,2010-08-01,2010-11-11,102,25,25.123096,25.545357,24.66833,78.37105,11.773076,6.463921,81.353455,75.58251,12.811777,10.632699
22.0,120.0,2010-08-01,2010-11-11,102,25,24.198193,25.03628,23.502457,78.51482,6.437799,3.6779723,82.06795,74.033966,7.1915755,5.6496434
24.0,120.0,2010-08-01,2010-11-11,102,25,22.524233,23.341928,21.868633,78.700836,8.681026,2.7361982,82.133865,74.38221,10.008054,7.16653
23.0,122.0,2010-08-01,2010-11-11,102,25,22.182045,22.930958,21.555918,80.665085,7.683266,7.9672265,84.08125,76.83517,8.449684,6.810966
25.0,122.0,2010-08-01,2010-11-12,103,25,23.00995,23.404375,22.53039,76.80715,9.093106,5.9149866,79.73505,73.73579,10.1488085,8.0435
22.0,122.0,2010-08-01,2010-11-12,103,25,25.247316,25.586157,24.837252,77.815285,11.344335,3.5492675,81.03599,74.71054,12.347251,10.303888
22.0,120.0,2010-08-01,2010-11-12,103,25,24.260193,25.274054,23.54526,78.008675,5.9992785,3.5535388,81.8188,72.67194,6.945737,5.1897154
24.0,122.0,2010-08-01,2010-11-12,103,25,21.765121,22.615435,21.088047,79.73345,6.728739,7.3221655,82.897415,75.735954,7.542546,5.8570423
22.0,121.0,2010-08-01,2010-11-12,103,25,24.236172,25.206074,23.499462,78.74706,7.5065856,2.7140088,83.02229,73.69502,8.168512,6.7892632
25.0,120.0,2010-08-01,2010-11-12,103,25,20.235535,21.67854,19.165802,77.42072,7.9180446,1.6913617,82.237366,70.93716,8.893646,6.837627
23.0,121.0,2010-08-01,2010-11-12,103,25,21.342352,23.093287,20.192091,81.31118,3.6798856,4.4538097,86.156136,73.036415,4.1955194,3.2046232
24.0,121.0,2010-08-01,2010-11-12,103,25,20.608414,22.152945,19.566183,81.23326,6.043109,4.4943957,85.918365,74.312225,6.883384,5.05608
23.0,122.0,2010-08-01,2010-11-12,103,25,22.350967,23.261734,21.62794,80.17582,7.467388,5.2811375,83.87726,75.575615,8.239951,6.613246
24.0,120.0,2010-08-01,2010-11-12,103,25,22.427387,23.30557,21.745743,79.598206,9.179211,2.5614202,83.64387,74.60912,10.366339,7.7453175
25.0,121.0,2010-08-01,2010-11-12,103,25,21.869526,22.777647,21.115307,78.16918,8.226,3.0982146,82.61223,73.42371,9.277157,7.0061626
23.0,120.0,2010-08-01,2010-11-12,103,25,23.166388,24.231064,22.404776,79.64095,6.765451,2.5196009,83.602936,73.75518,7.534079,5.969269
23.0,120.0,2010-08-01,2010-11-13,104,25,22.956377,24.03355,22.062954,79.81617,7.603235,1.729502,83.26236,74.86899,8.536557,6.441151
23.0,121.0,2010-08-01,2010-11-13,104,25,21.131304,22.741709,20.01485,81.76696,3.8566248,6.657472,86.6018,74.84595,4.452235,3.231238
22.0,120.0,2010-08-01,2010-11-13,104,25,24.030079,24.981007,23.246367,78.69447,5.8009486,2.6801183,82.41247,73.895645,6.630826,5.0314555
22.0,122.0,2010-08-01,2010-11-13,104,25,24.906082,25.342157,24.391705,78.96893,11.813369,7.982241,82.54718,75.336006,13.244219,10.4241
25.0,121.0,2010-08-01,2010-11-13,104,25,21.3931,22.377335,20.470768,77.72517,9.542749,3.7723498,81.52693,74.12415,10.69046,7.8738823
24.0,121.0,2010-08-01,2010-11-13,104,25,20.348743,21.811855,19.257433,80.65673,7.0578566,6.3596277,84.16864,75.50166,7.9350634,5.8763685
22.0,121.0,2010-08-01,2010-11-13,104,25,23.973417,24.932257,23.199835,79.71758,7.6129255,4.818784,83.730515,74.90083,8.506736,6.828216
25.0,120.0,2010-08-01,2010-11-13,104,25,19.680086,21.155298,18.361042,75.97197,9.035761,1.2070385,80.052826,70.32611,10.008995,7.7638555
23.0,122.0,2010-08-01,2010-11-13,104,25,22.06163,22.913364,21.297216,80.85553,8.008734,9.789187,84.48541,76.63598,9.057878,6.8385377
24.0,120.0,2010-08-01,2010-11-13,104,25,22.168459,23.156075,21.2732,78.79188,10.807148,1.455448,81.79429,75.400116,12.089673,9.064027
24.0,122.0,2010-08-01,2010-11-13,104,25,21.51864,22.38537,20.745815,79.39711,7.4719286,10.571965,82.812775,75.54195,8.53914,6.148887
25.0,122.0,2010-08-01,2010-11-13,104,25,22.547695,23.156591,21.930426,76.57055,9.91621,7.948679,79.907715,73.48203,11.415819,8.07292
25.0,122.0,2010-08-01,2010-11-14,105,25,22.172129,22.80849,21.480766,74.15085,9.897928,7.5370264,77.79993,70.71561,10.970237,8.74416
23.0,122.0,2010-08-01,2010-11-14,105,25,21.633545,22.46112,20.867945,79.679535,8.531922,11.023663,82.77699,75.97953,9.473133,7.4092393
24.0,120.0,2010-08-01,2010-11-14,105,25,21.932995,22.793983,21.214346,77.02472,10.958645,0.6849201,80.894844,72.87962,12.069225,9.369411
24.0,122.0,2010-08-01,2010-11-14,105,25,21.015894,21.830925,20.196451,78.107704,7.514809,9.666543,82.078674,74.47153,8.379207,6.4871373
22.0,121.0,2010-08-01,2010-11-14,105,25,23.719,24.69923,22.893242,77.9652,8.20644,5.2186155,81.48006,73.16614,8.9358635,7.447468
25.0,121.0,2010-08-01,2010-11-14,105,25,21.135696,21.971302,20.343145,75.08131,9.616597,2.939558,79.08659,71.05729,10.661691,8.395097
25.0,120.0,2010-08-01,2010-11-14,105,25,19.318176,20.691153,18.150265,74.49138,9.221104,0.86613524,79.186844,68.900826,10.139429,8.044312
24.0,121.0,2010-08-01,2010-11-14,105,25,19.964321,21.388268,18.935352,79.17396,7.28385,5.0266504,83.481155,73.310165,8.035683,6.232572
22.0,122.0,2010-08-01,2010-11-14,105,25,24.630142,25.135849,24.130919,77.3814,12.758636,10.847881,80.19772,74.58481,13.935242,11.464446
22.0,120.0,2010-08-01,2010-11-14,105,25,23.824858,24.811216,22.972124,77.024254,6.00312,2.0136573,80.79541,72.04554,6.7595644,5.24949
23.0,121.0,2010-08-01,2010-11-14,105,25,20.72449,22.338163,19.547657,80.421745,4.019494,5.4410887,84.888885,72.98662,4.544316,3.4743814
23.0,120.0,2010-08-01,2010-11-14,105,25,22.699268,23.692812,21.850004,78.20922,7.718525,1.0755445,82.0002,73.07928,8.549536,6.701632
25.0,122.0,2010-08-01,2010-11-15,106,25,22.51225,22.986826,21.931978,73.88026,8.90405,5.705435,77.21778,70.95959,10.1380825,7.6266003
23.0,122.0,2010-08-01,2010-11-15,106,25,21.81347,22.617592,21.088482,78.81675,7.5834837,7.3988576,81.89436,75.2132,8.536434,6.5366697
24.0,122.0,2010-08-01,2010-11-15,106,25,21.231573,22.063051,20.467903,77.85432,6.565764,7.653689,81.42916,73.95536,7.618605,5.421541
24.0,120.0,2010-08-01,2010-11-15,106,25,22.047483,22.916367,21.297935,77.49818,9.749476,2.3076093,81.51341,72.56174,11.034224,8.116581
25.0,120.0,2010-08-01,2010-11-15,106,25,19.506926,20.950401,18.364168,75.565674,8.435308,1.937124,80.67483,68.84533,9.431103,7.243384
24.0,121.0,2010-08-01,2010-11-15,106,25,20.125996,21.640419,19.075298,79.612206,6.3533106,4.3776135,84.31834,72.71646,7.2212586,5.217593
22.0,121.0,2010-08-01,2010-11-15,106,25,23.799253,24.701563,23.073086,77.05706,7.5965867,5.7402296,80.86477,72.5906,8.394584,6.8629413
25.0,121.0,2010-08-01,2010-11-15,106,25,21.422905,22.278067,20.644936,75.43699,8.528285,2.4464636,79.657455,70.92487,9.591991,7.293206
23.0,120.0,2010-08-01,2010-11-15,106,25,22.725136,23.718838,21.95208,77.88319,7.0079713,3.2130628,82.13645,72.2094,7.8436217,5.9582458
23.0,121.0,2010-08-01,2010-11-15,106,25,20.798088,22.44874,19.677105,80.025215,3.6206381,5.2986364,85.102196,72.337616,4.147931,3.061082
22.0,120.0,2010-08-01,2010-11-15,106,25,23.874607,24.826866,23.146645,76.12719,6.0557976,3.7626867,80.22145,71.19301,6.8440022,5.3042274
22.0,122.0,2010-08-01,2010-11-15,106,25,24.817163,25.212158,24.398663,76.05198,11.605358,7.849304,78.71568,73.71713,12.854663,10.387782
22.0,122.0,2010-08-01,2010-11-16,107,25,24.992382,25.384014,24.493877,77.444626,11.089729,8.758354,80.12266,74.76234,12.630649,9.478496
22.0,120.0,2010-08-01,2010-11-16,107,25,23.959091,24.95233,23.23229,77.513115,6.236045,6.001388,81.54599,71.94274,7.161499,5.453423
23.0,121.0,2010-08-01,2010-11-16,107,25,21.017197,22.717339,19.923439,80.84148,3.5421815,7.4445605,85.64487,72.699,4.072031,2.9629579
23.0,120.0,2010-08-01,2010-11-16,107,25,22.85062,23.920843,22.078375,79.159966,6.731662,4.433694,83.372246,73.24572,7.593347,5.6692224
24.0,121.0,2010-08-01,2010-11-16,107,25,20.347101,21.898705,19.30233,80.58348,5.9527984,7.035021,85.46916,73.960884,6.782967,4.744029
25.0,120.0,2010-08-01,2010-11-16,107,25,19.708385,21.292055,18.485426,77.115875,7.883549,2.883712,82.60035,70.5454,8.892982,6.5498905
25.0,121.0,2010-08-01,2010-11-16,107,25,21.646656,22.659233,20.799078,76.93817,8.332273,4.250592,81.61244,72.26987,9.355305,7.029613
22.0,121.0,2010-08-01,2010-11-16,107,25,23.95908,24.926401,23.19962,78.39621,7.33384,5.9897923,81.96464,73.681984,8.299308,6.415074
24.0,120.0,2010-08-01,2010-11-16,107,25,22.175352,23.148447,21.423779,78.937874,9.155571,4.0384936,83.44677,74.05964,10.409036,7.3519216
24.0,122.0,2010-08-01,2010-11-16,107,25,21.47726,22.3516,20.636293,78.62431,6.375393,11.184483,82.68746,74.30861,7.4524813,4.962754
23.0,122.0,2010-08-01,2010-11-16,107,25,22.047785,22.8872,21.295582,79.67802,7.2164917,10.209773,82.967926,76.10557,8.386652,6.0057306
25.0,122.0,2010-08-01,2010-11-16,107,25,22.760305,23.374805,21.996445,75.163605,8.94219,8.377488,78.90249,71.959656,10.1149,7.352747
23.0,120.0,2010-08-01,2010-11-17,108,25,22.921846,23.856323,22.237865,80.045746,6.5023494,3.0286438,83.78267,74.67056,7.358176,5.4442363
23.0,121.0,2010-08-01,2010-11-17,108,25,21.003922,22.580551,20.018072,81.795555,3.4861982,8.708584,86.05034,74.221535,4.021138,2.971985
22.0,120.0,2010-08-01,2010-11-17,108,25,23.98684,24.863813,23.343447,78.39269,6.2098403,6.607744,81.94528,73.377045,6.927277,5.5522594
22.0,122.0,2010-08-01,2010-11-17,108,25,24.968426,25.344213,24.574745,78.24293,11.220534,8.32833,81.48746,75.05826,12.5086,10.03827
25.0,120.0,2010-08-01,2010-11-17,108,25,19.837261,21.207426,18.867985,78.67432,7.6906147,1.5778418,83.053474,72.390335,8.628249,6.514586
24.0,121.0,2010-08-01,2010-11-17,108,25,20.342226,21.747778,19.466915,82.01206,5.7416005,7.6758595,85.83646,75.7406,6.6141953,4.6735973
23.0,122.0,2010-08-01,2010-11-17,108,25,22.022572,22.809013,21.414219,80.708664,7.18223,10.999531,84.084274,76.551445,8.1751375,6.146694
22.0,121.0,2010-08-01,2010-11-17,108,25,23.947351,24.836182,23.276451,79.1522,7.4754763,6.038286,82.93646,74.230576,8.290602,6.7427125
24.0,122.0,2010-08-01,2010-11-17,108,25,21.563354,22.334745,20.9141,79.11404,6.409448,11.24461,82.57875,75.36485,7.517314,5.152638
24.0,120.0,2010-08-01,2010-11-17,108,25,22.25449,23.039692,21.626928,80.29316,8.814008,2.025227,83.72793,75.904396,10.113053,7.0558214
25.0,122.0,2010-08-01,2010-11-17,108,25,22.950096,23.383076,22.386372,76.080055,8.812901,7.035906,79.35953,73.16201,10.010437,7.5952277
25.0,121.0,2010-08-01,2010-11-17,108,25,21.745655,22.610752,21.006254,78.759315,7.95382,3.4912963,82.26794,74.66153,8.975525,6.7975264
24.0,120.0,2010-08-01,2010-11-18,109,25,22.710207,23.600258,22.030067,80.32925,8.335548,0.8835681,84.18718,75.69474,9.6689625,6.662643
24.0,122.0,2010-08-01,2010-11-18,109,25,21.788364,22.58188,21.083462,79.85665,6.31024,10.532612,82.96968,76.31588,7.52253,4.9274406
25.0,121.0,2010-08-01,2010-11-18,109,25,22.155788,23.023775,21.406713,78.19784,7.980175,2.7555175,82.0911,73.91015,8.963088,6.727782
25.0,120.0,2010-08-01,2010-11-18,109,25,20.243088,21.710556,19.19047,79.31053,7.5959873,1.0822425,84.08373,72.8762,8.641116,6.245344
24.0,121.0,2010-08-01,2010-11-18,109,25,20.726707,22.190947,19.756573,82.043724,5.540699,6.2418566,86.35889,75.40293,6.521981,4.2437987
25.0,122.0,2010-08-01,2010-11-18,109,25,23.201696,23.599184,22.72711,76.23515,8.990591,7.006321,79.270004,73.17032,10.232737,7.6468797
22.0,121.0,2010-08-01,2010-11-18,109,25,24.20316,25.187963,23.503315,79.92976,7.122502,3.960669,84.273636,74.38589,7.8747773,6.33439
23.0,122.0,2010-08-01,2010-11-18,109,25,22.257872,23.039936,21.602095,81.54455,6.813949,9.83469,84.797386,77.568054,7.9711485,5.5899177
22.0,122.0,2010-08-01,2010-11-18,109,25,25.143543,25.47496,24.75145,79.530106,10.703914,7.327971,82.52682,76.79204,11.927831,9.421898
22.0,120.0,2010-08-01,2010-11-18,109,25,24.325989,25.334726,23.631376,78.584984,6.020046,3.1598864,82.5492,72.75543,6.828062,5.3029714
23.0,121.0,2010-08-01,2010-11-18,109,25,21.319677,22.960136,20.28045,82.10334,3.2908673,6.4832473,86.960526,73.766,3.8477085,2.67963
23.0,120.0,2010-08-01,2010-11-18,109,25,23.30911,24.351475,22.57538,80.36258,6.070744,1.0953674,84.56232,74.14629,6.8816504,5.0506535
24.0,120.0,2010-08-01,2010-11-19,110,25,22.46023,23.431524,21.684912,80.61772,8.812343,3.0970263,84.08974,76.57267,9.766604,7.520311
25.0,121.0,2010-08-01,2010-11-19,110,25,21.87942,22.85418,21.08599,78.58787,7.7005877,4.401655,82.75,74.80094,8.681327,6.591982
25.0,120.0,2010-08-01,2010-11-19,110,25,19.909958,21.387514,18.832794,79.84528,7.600063,3.5804224,84.441376,73.64987,8.482155,6.6010833
24.0,121.0,2010-08-01,2010-11-19,110,25,20.602087,22.119707,19.493973,81.99965,5.651786,6.243075,86.29185,76.09013,6.398298,4.704786
23.0,122.0,2010-08-01,2010-11-19,110,25,22.263079,23.15314,21.502426,81.33192,6.6625667,7.6954026,84.33416,77.81468,7.5377154,5.534554
24.0,122.0,2010-08-01,2010-11-19,110,25,21.831171,22.671392,21.060362,79.32341,6.1837664,10.097138,82.965225,75.90113,7.107053,4.9936624
25.0,122.0,2010-08-01,2010-11-19,110,25,23.092308,23.526386,22.5842,76.14949,8.468348,8.233128,79.7784,72.40723,9.637923,7.0491447
22.0,121.0,2010-08-01,2010-11-19,110,25,24.222876,25.258917,23.41334,79.84408,6.711892,3.5029004,83.599144,74.93482,7.5998683,5.9668403
23.0,120.0,2010-08-01,2010-11-19,110,25,23.241043,24.34521,22.382252,80.597374,6.4450555,2.53855,84.46093,74.97993,7.093792,5.554977
23.0,121.0,2010-08-01,2010-11-19,110,25,21.377398,23.11855,20.149046,82.00674,3.3020713,5.6949754,86.775856,74.21812,3.7749112,2.7577949
22.0,120.0,2010-08-01,2010-11-19,110,25,24.312708,25.383041,23.471216,79.0917,5.733688,2.9169617,82.94114,73.79864,6.5017176,5.0187244
22.0,122.0,2010-08-01,2010-11-19,110,25,25.110645,25.492382,24.669468,79.347565,10.133266,5.506069,82.070526,76.500984,11.478175,8.767808
22.0,122.0,2010-08-01,2010-11-20,111,25,24.906723,25.219727,24.549522,78.18603,10.381356,5.91178,80.54779,75.99822,11.811972,8.990452
22.0,120.0,2010-08-01,2010-11-20,111,25,24.06733,24.996025,23.35894,77.789825,5.6500072,2.2423365,81.30057,72.53133,6.475767,4.902485
23.0,121.0,2010-08-01,2010-11-20,111,25,21.054848,22.670605,19.98627,81.58353,3.351072,6.205957,86.3297,73.75868,3.983415,2.731521
23.0,120.0,2010-08-01,2010-11-20,111,25,22.992783,24.010967,22.256329,79.81626,6.6312575,2.1828284,83.5055,73.985794,7.6308904,5.4456744
22.0,121.0,2010-08-01,2010-11-20,111,25,23.972946,24.919487,23.261972,78.94448,6.9087276,3.1618261,82.62064,73.58657,7.7367225,6.0331316
25.0,122.0,2010-08-01,2010-11-20,111,25,22.6438,23.147022,22.151274,76.44688,8.760561,8.146265,79.09922,73.54288,10.0869,7.1007204
24.0,122.0,2010-08-01,2010-11-20,111,25,21.443716,22.21897,20.780024,79.6952,6.366496,10.55532,82.930725,76.13705,7.575027,5.012368
23.0,122.0,2010-08-01,2010-11-20,111,25,21.986485,22.758545,21.331236,80.64964,6.781185,8.939727,83.62703,77.274734,8.037527,5.592338
25.0,120.0,2010-08-01,2010-11-20,111,25,19.708828,21.111567,18.686806,78.63759,8.106297,2.4431396,83.5842,72.72435,9.311284,6.545073
25.0,121.0,2010-08-01,2010-11-20,111,25,21.511997,22.377602,20.793629,78.081024,8.372376,3.8750243,81.75703,74.29099,9.539567,6.828096
24.0,121.0,2010-08-01,2010-11-20,111,25,20.295782,21.702095,19.341778,81.50717,6.059402,6.265466,85.98943,75.689995,7.0964375,4.7395325
24.0,120.0,2010-08-01,2010-11-20,111,25,22.227985,23.093023,21.558687,79.7576,9.331732,2.2624743,83.38331,75.46986,10.771518,7.412068
24.0,122.0,2010-08-01,2010-11-21,112,25,21.489075,22.257719,20.831738,79.428925,6.4892335,8.947949,82.62046,75.64583,7.3390865,5.6096435
25.0,122.0,2010-08-01,2010-11-21,112,25,22.797531,23.219048,22.353018,75.67732,8.805036,6.300243,78.379715,72.66658,9.67091,7.820497
23.0,122.0,2010-08-01,2010-11-21,112,25,22.010332,22.7562,21.40681,81.18439,7.184078,10.091728,84.04317,77.66384,8.118222,6.2343636
22.0,121.0,2010-08-01,2010-11-21,112,25,23.988062,24.931847,23.34667,79.1748,7.1345983,2.9902978,83.010155,73.75441,7.865041,6.322431
24.0,120.0,2010-08-01,2010-11-21,112,25,22.30747,23.262793,21.620224,79.8759,8.887587,1.786079,83.67926,75.03873,9.954075,7.457282
24.0,121.0,2010-08-01,2010-11-21,112,25,20.353628,21.79556,19.444141,81.890205,5.8439136,6.165967,85.97559,75.29028,6.5219617,5.021673
25.0,121.0,2010-08-01,2010-11-21,112,25,21.678064,22.601788,20.98297,77.91983,8.087964,3.542063,81.4267,73.33119,8.985676,7.1427474
25.0,120.0,2010-08-01,2010-11-21,112,25,19.658684,21.016802,18.726261,78.93525,7.92507,1.9173071,83.27624,72.504326,8.753175,6.9677873
23.0,120.0,2010-08-01,2010-11-21,112,25,22.966448,24.015121,22.260426,80.08634,6.3998537,1.7671607,84.41036,73.856926,7.1351385,5.4944344
23.0,121.0,2010-08-01,2010-11-21,112,25,21.007055,22.582012,20.041729,82.12367,3.3703701,6.1678004,86.79464,73.992386,3.8560529,2.9026206
22.0,122.0,2010-08-01,2010-11-21,112,25,24.993591,25.289516,24.680235,78.40228,10.953375,6.939871,80.67178,76.23082,12.064571,9.656075
22.0,120.0,2010-08-01,2010-11-21,112,25,24.054651,25.057846,23.380552,77.89358,5.6396594,2.3573706,81.94612,72.21414,6.427163,4.9742646
22.0,122.0,2010-08-01,2010-11-22,113,25,24.878593,25.225927,24.496895,79.60299,10.596845,12.181204,81.75511,77.091194,11.854386,9.356828
23.0,120.0,2010-08-01,2010-11-22,113,25,22.867973,23.93851,22.102856,81.04284,6.832846,3.5465503,84.99572,75.23879,7.782327,5.8365984
23.0,121.0,2010-08-01,2010-11-22,113,25,21.027704,22.716612,20.017471,82.98981,3.494461,7.604172,87.49481,74.9349,4.0197964,2.9007905
25.0,122.0,2010-08-01,2010-11-22,113,25,22.657242,23.231085,22.00924,76.76836,9.313717,6.35051,80.01614,73.37754,10.850215,7.6196346
24.0,122.0,2010-08-01,2010-11-22,113,25,21.433405,22.244535,20.694775,80.46629,6.653311,8.984175,83.844765,76.59887,7.879855,5.356545
23.0,122.0,2010-08-01,2010-11-22,113,25,21.967169,22.76996,21.308208,82.068634,7.05425,12.896533,84.809456,78.49262,8.05366,5.926265
22.0,121.0,2010-08-01,2010-11-22,113,25,23.93689,24.9508,23.244122,80.330086,7.057586,6.8693113,84.00351,75.04062,7.8690434,6.3652325
24.0,120.0,2010-08-01,2010-11-22,113,25,22.087828,22.959517,21.31038,80.61427,9.362995,2.153125,84.11221,76.743835,10.892298,7.609298
25.0,121.0,2010-08-01,2010-11-22,113,25,21.492353,22.473804,20.599443,78.6305,8.298153,3.576455,82.23001,74.698616,9.721511,6.7022448
22.0,120.0,2010-08-01,2010-11-22,113,25,24.01919,25.096498,23.274502,79.29299,5.928657,5.7682314,83.16327,73.40596,6.6763387,5.0948105
25.0,120.0,2010-08-01,2010-11-22,113,25,19.552702,20.97248,18.373781,78.91847,8.135999,1.8979932,83.106995,73.949066,9.267237,6.689294
24.0,121.0,2010-08-01,2010-11-22,113,25,20.252876,21.657286,19.254087,82.47312,5.9732833,6.1887646,86.28505,77.047424,7.0362034,4.7503233
24.0,122.0,2010-08-01,2010-11-23,114,25,21.158754,21.95171,20.533022,78.66173,6.6732764,6.884116,81.75264,74.99755,7.7750206,5.4947896
24.0,120.0,2010-08-01,2010-11-23,114,25,21.824146,22.677769,21.138832,79.04224,9.806364,1.7602173,82.582375,74.958954,11.170262,8.195597
24.0,121.0,2010-08-01,2010-11-23,114,25,19.925356,21.344883,18.99501,80.649704,6.2791195,4.188187,84.75774,74.630135,7.235509,5.138709
23.0,122.0,2010-08-01,2010-11-23,114,25,21.68505,22.479507,21.055893,80.68815,7.477389,6.415376,83.83388,76.7685,8.380684,6.465125
23.0,120.0,2010-08-01,2010-11-23,114,25,22.636248,23.603022,21.904722,79.73836,7.112051,1.8517627,83.20232,74.96494,7.976396,6.1178203
25.0,122.0,2010-08-01,2010-11-23,114,25,22.324247,22.835112,21.809364,75.340126,8.95671,7.0922313,78.54619,72.3315,10.391995,7.4589014
22.0,121.0,2010-08-01,2010-11-23,114,25,23.690397,24.594854,22.934942,79.38055,7.481451,3.8946142,83.23357,74.794685,8.154754,6.7839417
23.0,121.0,2010-08-01,2010-11-23,114,25,20.731855,22.29956,19.65916,81.40444,3.6002295,4.293169,85.63365,74.15966,4.1552343,3.082901
22.0,122.0,2010-08-01,2010-11-23,114,25,24.645649,25.041748,24.250488,78.81261,11.384713,6.033291,82.1232,75.49251,12.422016,10.216749
25.0,121.0,2010-08-01,2010-11-23,114,25,21.107075,21.98687,20.29523,77.155304,8.437965,4.414025,81.21487,73.06484,9.793322,6.954906
25.0,120.0,2010-08-01,2010-11-23,114,25,19.130999,20.45124,18.118883,77.799736,8.237517,2.4023085,82.5524,72.28132,9.28361,7.0253086
22.0,120.0,2010-08-01,2010-11-23,114,25,23.807854,24.771093,23.052994,78.248634,6.088978,3.5229027,81.88864,73.42488,6.939686,5.3460264
23.0,122.0,2010-08-01,2010-11-24,115,25,21.310827,22.170006,20.570366,80.28862,7.4327154,7.3459716,83.294395,77.06211,8.449012,6.2261004
22.0,121.0,2010-08-01,2010-11-24,115,25,23.42327,24.526918,22.61192,78.496056,7.38799,3.227937,82.729385,73.17518,8.250373,6.5630884
25.0,122.0,2010-08-01,2010-11-24,115,25,21.851791,22.546415,21.177197,74.746735,8.98086,7.267251,78.33426,71.13689,10.149325,7.5124865
24.0,122.0,2010-08-01,2010-11-24,115,25,20.70168,21.665703,19.851355,78.53977,6.63763,8.534341,82.17069,74.72231,7.696698,5.377561
23.0,120.0,2010-08-01,2010-11-24,115,25,22.319225,23.555239,21.440742,79.12487,7.0978575,3.2676134,83.46188,73.173775,7.924419,6.100931
22.0,122.0,2010-08-01,2010-11-24,115,25,24.364243,24.780571,23.875996,77.83898,11.308023,5.047998,80.44806,75.25449,12.57687,10.037536
23.0,121.0,2010-08-01,2010-11-24,115,25,20.371893,22.192188,19.1894,81.14109,3.59521,5.5362916,86.202644,72.84138,4.1877627,2.985563
25.0,121.0,2010-08-01,2010-11-24,115,25,20.633307,21.730122,19.764938,77.07889,8.303712,4.2838454,81.0835,72.99878,9.312865,6.956959
22.0,120.0,2010-08-01,2010-11-24,115,25,23.519932,24.669737,22.678106,77.52788,5.9220138,3.5245776,82.08814,71.58264,6.912195,4.9958267
25.0,120.0,2010-08-01,2010-11-24,115,25,18.677532,20.18346,17.51816,77.91341,8.060726,2.5260253,83.47082,71.62381,9.088937,6.7820787
24.0,120.0,2010-08-01,2010-11-24,115,25,21.40852,22.441866,20.586655,79.15406,9.708068,3.267605,82.77431,74.87195,10.940494,8.101163
24.0,121.0,2010-08-01,2010-11-24,115,25,19.466743,21.01148,18.367935,81.12821,6.1841927,5.5295753,85.16482,74.96108,7.0113835,5.1116266
23.0,121.0,2010-08-01,2010-11-25,116,25,19.915173,21.64729,18.826563,80.20198,3.8090546,4.85927,85.07185,71.72913,4.5550146,3.1208794
25.0,121.0,2010-08-01,2010-11-25,116,25,20.014633,20.986948,18.918673,76.02351,8.948083,4.250741,80.19018,71.88991,10.257905,7.095982
25.0,122.0,2010-08-01,2010-11-25,116,25,21.30128,21.987114,20.449535,74.000725,9.321755,7.036394,77.59894,70.717255,10.963337,7.560556
24.0,122.0,2010-08-01,2010-11-25,116,25,20.285088,21.221764,19.45194,77.49805,6.8859797,7.768811,81.10438,73.64608,8.2229595,5.4404964
25.0,120.0,2010-08-01,2010-11-25,116,25,18.103218,19.588987,16.76635,76.42807,8.499402,2.39083,81.43149,70.30897,9.478031,7.179134
22.0,121.0,2010-08-01,2010-11-25,116,25,23.028154,24.013374,22.252958,77.509346,7.647963,3.6983764,81.375984,72.28802,8.51236,6.87063
23.0,122.0,2010-08-01,2010-11-25,116,25,20.91061,21.782671,20.18949,79.09814,7.6568055,8.373674,82.492676,75.08875,8.801971,6.5402613
23.0,120.0,2010-08-01,2010-11-25,116,25,21.848888,22.957338,20.934126,78.02765,7.4176426,1.889292,82.0476,72.31584,8.515478,6.2528386
22.0,122.0,2010-08-01,2010-11-25,116,25,24.025928,24.445679,23.568619,76.60201,11.537794,7.2304907,79.56306,73.834755,12.871627,10.379011
22.0,120.0,2010-08-01,2010-11-25,116,25,23.058418,24.115707,22.237007,77.03513,6.382169,2.6388037,81.384315,71.25321,7.255136,5.5221686
24.0,120.0,2010-08-01,2010-11-25,116,25,20.909502,21.813257,19.940079,77.629715,10.242614,2.00953,81.240486,73.56941,11.708098,8.322838
24.0,121.0,2010-08-01,2010-11-25,116,25,18.981339,20.451698,17.903614,79.74165,6.627298,4.963022,83.94729,73.59974,7.657355,5.3222246
23.0,120.0,2010-08-01,2010-11-26,117,25,21.482994,22.457335,20.624496,76.50385,7.146496,1.3174511,80.54206,71.50129,8.05476,6.0153346
22.0,122.0,2010-08-01,2010-11-26,117,25,23.812872,24.324516,23.24015,74.496414,12.179779,4.31304,77.55139,71.68422,13.515023,10.493704
25.0,121.0,2010-08-01,2010-11-26,117,25,19.74952,20.717295,18.72634,73.77732,8.682218,2.7786365,77.79149,69.53587,9.942677,7.1497307
22.0,120.0,2010-08-01,2010-11-26,117,25,22.774578,23.742168,21.970991,75.770966,6.5950475,2.383728,79.238556,71.03281,7.49391,5.7928596
25.0,122.0,2010-08-01,2010-11-26,117,25,20.99773,21.769428,20.039215,71.16343,9.382495,4.9160743,74.683365,68.12375,10.673921,7.938422
23.0,122.0,2010-08-01,2010-11-26,117,25,20.615921,21.43859,19.80155,77.09674,8.021726,5.8486843,80.10418,73.54128,9.08357,6.6916847
22.0,121.0,2010-08-01,2010-11-26,117,25,22.75282,23.675453,21.925903,75.82772,8.067438,2.4850562,79.453156,71.3955,8.944505,7.1026893
24.0,122.0,2010-08-01,2010-11-26,117,25,19.901638,20.710943,18.970367,75.34839,6.9797816,6.0128736,78.920654,71.77902,8.103929,5.859902
23.0,121.0,2010-08-01,2010-11-26,117,25,19.558226,21.104492,18.442497,78.63788,3.917579,4.026177,82.885605,71.44864,4.565025,3.3043573
25.0,120.0,2010-08-01,2010-11-26,117,25,17.664606,19.035303,16.447014,74.428856,8.331516,1.3046386,79.9009,67.93301,9.464624,6.8092585
24.0,120.0,2010-08-01,2010-11-26,117,25,20.556036,21.456724,19.660803,76.18325,9.689359,1.1599804,80.32173,71.65476,11.046449,7.7399178
24.0,121.0,2010-08-01,2010-11-26,117,25,18.636526,20.014776,17.501305,78.296,6.4458094,3.8626173,82.49303,72.31248,7.514239,5.080277
25.0,121.0,2010-08-01,2010-11-27,118,25,19.623108,20.639887,18.612175,74.021355,7.9204016,4.99188,78.76387,68.56529,9.19607,6.317478
22.0,120.0,2010-08-01,2010-11-27,118,25,22.616999,23.562222,21.872944,75.087654,6.387002,5.2891283,79.755035,69.64001,7.545726,5.3996763
22.0,122.0,2010-08-01,2010-11-27,118,25,23.736609,24.243824,23.148378,74.29516,11.329079,4.58478,78.28991,70.91224,12.707974,9.970952
23.0,120.0,2010-08-01,2010-11-27,118,25,21.28166,22.299229,20.53161,76.25234,6.7976093,3.5648828,80.682785,70.738716,7.876958,5.458733
25.0,122.0,2010-08-01,2010-11-27,118,25,20.983383,21.735668,20.209675,71.44981,8.805361,8.363467,75.20023,67.78956,10.008156,7.2923603
24.0,122.0,2010-08-01,2010-11-27,118,25,19.829666,20.732822,18.966534,75.447266,6.366832,10.013847,79.318695,71.72214,7.454163,4.9181533
23.0,121.0,2010-08-01,2010-11-27,118,25,19.371294,20.951519,18.275549,78.528435,3.6171598,7.9856544,83.89655,70.932434,4.1664786,3.0337079
22.0,121.0,2010-08-01,2010-11-27,118,25,22.58135,23.542252,21.802422,75.77956,7.563555,4.864922,80.38711,70.25357,8.494072,6.694885
24.0,120.0,2010-08-01,2010-11-27,118,25,20.355879,21.309135,19.489582,76.06546,8.968457,2.225165,80.73354,70.373405,10.613097,6.6804094
23.0,122.0,2010-08-01,2010-11-27,118,25,20.52376,21.399912,19.710274,76.797554,7.287971,7.7024584,81.06244,72.501076,8.362565,6.063588
24.0,121.0,2010-08-01,2010-11-27,118,25,18.45083,19.945389,17.39906,78.30203,5.7473364,6.624568,83.24329,71.143585,6.7114162,4.365612
25.0,120.0,2010-08-01,2010-11-27,118,25,17.431608,18.970112,16.191603,75.06854,7.6142383,2.902035,80.93431,67.616806,8.705165,6.1717706
25.0,122.0,2010-08-01,2010-11-28,119,25,21.21017,21.875483,20.466618,72.28787,8.596964,7.693782,76.573975,68.502174,10.054134,6.944314
24.0,122.0,2010-08-01,2010-11-28,119,25,19.967949,20.855318,19.12653,76.168755,6.2206225,8.315721,80.71642,71.455986,7.474084,4.7662225
24.0,121.0,2010-08-01,2010-11-28,119,25,18.607615,20.144154,17.551704,79.12154,5.7733097,4.5254445,84.50049,71.6174,6.682935,4.738966
25.0,120.0,2010-08-01,2010-11-28,119,25,17.699999,19.225435,16.598688,76.20538,7.6308565,2.153014,82.18097,68.685905,8.498902,6.546923
24.0,120.0,2010-08-01,2010-11-28,119,25,20.486534,21.444307,19.72982,76.42303,8.995023,1.5298401,80.93022,70.8417,10.180218,7.3804035
23.0,122.0,2010-08-01,2010-11-28,119,25,20.611504,21.493847,19.805676,77.398346,6.9686174,6.202068,81.787384,72.70317,8.184097,5.710928
23.0,120.0,2010-08-01,2010-11-28,119,25,21.289335,22.344448,20.52375,76.4459,6.6117764,1.9033802,81.06442,69.861305,7.4364944,5.596606
23.0,121.0,2010-08-01,2010-11-28,119,25,19.405334,21.124384,18.23845,79.16539,3.479587,4.9172974,85.078636,70.42822,4.117938,2.8244233
22.0,122.0,2010-08-01,2010-11-28,119,25,23.790369,24.241236,23.244867,74.47795,10.796414,5.1333447,78.41248,71.139725,12.427418,9.318572
22.0,121.0,2010-08-01,2010-11-28,119,25,22.581053,23.626328,21.721952,76.01457,7.2397456,3.847339,80.822685,70.084526,8.383519,6.3646083
22.0,120.0,2010-08-01,2010-11-28,119,25,22.545347,23.589478,21.75561,75.47492,6.302344,3.513484,80.200325,69.40535,7.3201213,5.3887267
25.0,121.0,2010-08-01,2010-11-28,119,25,19.868414,20.892725,19.003927,74.96713,7.9738407,3.9260828,80.093575,69.38332,9.075856,6.704088
25.0,120.0,2010-08-01,2010-11-29,120,25,17.944054,19.45721,16.822721,76.81418,7.7558193,1.8529505,81.854546,70.08584,8.791028,6.523189
24.0,121.0,2010-08-01,2010-11-29,120,25,18.886463,20.430574,17.908806,79.560844,5.8488183,3.646775,84.043076,72.57557,6.7458,4.6444926
24.0,122.0,2010-08-01,2010-11-29,120,25,20.110964,20.951147,19.334166,77.22058,6.423009,8.417898,81.18885,73.62483,7.48105,5.1417003
25.0,122.0,2010-08-01,2010-11-29,120,25,21.335468,21.937202,20.750732,73.69931,8.562908,7.380293,77.07269,71.13274,9.640092,7.3321157
22.0,121.0,2010-08-01,2010-11-29,120,25,22.742807,23.749653,21.902739,77.18067,7.6676164,3.8616211,81.030716,71.931496,8.451112,6.878124
22.0,122.0,2010-08-01,2010-11-29,120,25,23.864258,24.333834,23.311768,76.268845,11.26613,5.7433324,79.01034,73.271255,12.35365,9.968905
23.0,122.0,2010-08-01,2010-11-29,120,25,20.761284,21.606783,20.007095,78.48076,7.163493,5.7054906,81.74454,74.79273,8.120245,5.9468236
24.0,120.0,2010-08-01,2010-11-29,120,25,20.805273,21.701178,20.083258,77.47949,8.874514,1.4507325,81.429016,72.73093,10.187396,7.3297977
25.0,121.0,2010-08-01,2010-11-29,120,25,20.128662,21.05854,19.38401,75.781494,7.945257,2.6409192,79.701035,71.234924,9.017734,6.788285
23.0,121.0,2010-08-01,2010-11-29,120,25,19.642488,21.392368,18.511477,79.608536,3.5961347,3.833523,84.65882,71.19892,4.1818314,2.9891427
22.0,120.0,2010-08-01,2010-11-29,120,25,22.78869,23.795166,21.978256,75.97418,6.310621,3.1932838,80.19914,70.567535,7.090982,5.589002
23.0,120.0,2010-08-01,2010-11-29,120,25,21.566519,22.60164,20.720634,77.511024,6.5717144,1.6259083,81.91301,71.48629,7.47444,5.6680446
24.0,121.0,2010-08-01,2010-11-30,121,25,19.060356,20.713364,17.927038,81.014656,5.5230055,6.5417504,85.849945,73.585144,6.753375,4.066211
23.0,122.0,2010-08-01,2010-11-30,121,25,21.083616,21.987514,20.274273,78.861015,6.3192005,8.657859,82.26101,74.72622,7.6125727,4.9927897
24.0,120.0,2010-08-01,2010-11-30,121,25,20.793657,21.831383,19.947247,79.38276,8.987512,4.9176025,83.71876,74.00802,10.652126,6.915514
25.0,122.0,2010-08-01,2010-11-30,121,25,21.598948,22.34854,20.707344,74.99736,8.038149,8.430783,78.41259,71.78418,9.5958185,6.394699
23.0,121.0,2010-08-01,2010-11-30,121,25,19.886864,21.68566,18.77781,80.823685,3.2419884,6.664436,86.10661,71.891975,3.8873792,2.579243
25.0,121.0,2010-08-01,2010-11-30,121,25,20.185867,21.368427,19.11651,77.751015,7.852132,5.447992,82.401184,72.83337,9.236946,6.234913
24.0,122.0,2010-08-01,2010-11-30,121,25,20.49218,21.426573,19.57855,78.006195,5.6989427,9.548343,81.63024,73.78972,6.9526086,4.21604
25.0,120.0,2010-08-01,2010-11-30,121,25,17.974525,19.639305,16.725348,78.67731,7.5751123,3.7945569,84.22252,71.64005,8.743366,6.090346
22.0,122.0,2010-08-01,2010-11-30,121,25,24.171152,24.59898,23.688335,76.065895,9.892082,7.5342627,78.937096,73.46926,11.412577,8.36073
22.0,121.0,2010-08-01,2010-11-30,121,25,22.971664,23.926674,22.209604,77.74213,6.724159,5.537175,81.88895,72.28386,7.6518226,5.8436565
23.0,120.0,2010-08-01,2010-11-30,121,25,21.624321,22.703472,20.811504,79.17742,6.6075897,5.032953,83.80928,72.72966,7.651635,5.4582796
22.0,120.0,2010-08-01,2010-11-30,121,25,22.924677,23.915499,22.174444,77.16045,6.0316944,5.396116,81.138214,71.667244,6.832794,5.2680817
23.0,122.0,2010-08-01,2010-12-01,122,25,20.774021,21.751465,19.944273,79.72062,6.8226476,9.312156,83.216774,75.94855,8.283596,5.2690797
24.0,120.0,2010-08-01,2010-12-01,122,25,20.193626,21.151329,19.290245,78.99921,9.886801,4.61734,82.232376,74.95552,11.120528,8.379593
25.0,120.0,2010-08-01,2010-12-01,122,25,17.429207,19.003092,16.107042,77.73369,8.025667,3.6175842,82.51402,71.379425,9.149383,6.789831
25.0,121.0,2010-08-01,2010-12-01,122,25,19.490551,20.509521,18.497326,77.31308,8.746468,6.247589,81.15486,73.57815,10.008707,7.3053937
22.0,120.0,2010-08-01,2010-12-01,122,25,22.664837,23.685684,21.819487,78.357086,6.230077,6.159082,82.4407,73.14713,7.2853336,5.3218703
24.0,122.0,2010-08-01,2010-12-01,122,25,20.037825,20.9896,19.213415,78.753746,6.702044,12.655676,81.79522,75.22703,8.074425,5.0325613
23.0,121.0,2010-08-01,2010-12-01,122,25,19.59613,21.272432,18.48111,81.94058,3.6516917,9.141885,86.323235,74.61743,4.374607,2.8707666
23.0,120.0,2010-08-01,2010-12-01,122,25,21.244003,22.33374,20.419014,79.60342,7.2528405,4.79984,83.33047,74.30898,8.152793,6.1722274
22.0,121.0,2010-08-01,2010-12-01,122,25,22.762686,23.82085,21.901114,78.60479,6.864137,4.6618896,82.53543,73.526924,8.082636,5.69112
25.0,122.0,2010-08-01,2010-12-01,122,25,20.959923,21.64522,20.212173,75.01528,9.337944,9.944485,78.091705,72.00423,10.882242,7.4834337
22.0,122.0,2010-08-01,2010-12-01,122,25,23.94356,24.48754,23.305536,76.66245,10.142761,4.83522,79.999855,73.63442,12.086145,8.197872
24.0,121.0,2010-08-01,2010-12-01,122,25,18.549404,20.069866,17.444654,81.28067,6.283863,8.94595,85.07431,75.6319,7.292445,5.0427814
23.0,122.0,2010-08-01,2010-12-02,123,25,20.197485,21.140024,19.298399,78.077415,7.4291134,5.531614,81.76295,73.98222,8.328115,6.37924
23.0,121.0,2010-08-01,2010-12-02,123,25,19.008482,20.634659,17.815636,80.16167,3.7481036,4.2901516,85.20022,72.926834,4.2472687,3.1625106
25.0,120.0,2010-08-01,2010-12-02,123,25,16.752258,18.335512,15.409591,75.01773,7.8682647,2.6238794,80.56345,68.023094,9.03035,6.5976505
24.0,120.0,2010-08-01,2010-12-02,123,25,19.654558,20.633339,18.863894,77.31937,9.513908,3.7652404,81.51268,72.3585,10.782117,8.03861
25.0,121.0,2010-08-01,2010-12-02,123,25,18.853188,19.91422,17.935055,75.285645,8.429903,4.3170033,79.90231,70.23483,9.7694235,7.077909
22.0,122.0,2010-08-01,2010-12-02,123,25,23.456932,24.006807,22.875639,75.27722,11.263191,3.6663916,78.63088,71.68203,12.348279,10.024574
25.0,122.0,2010-08-01,2010-12-02,123,25,20.351145,21.053642,19.555782,72.35954,9.20593,5.538323,76.3522,68.99724,10.561633,7.8942738
22.0,121.0,2010-08-01,2010-12-02,123,25,22.264841,23.202797,21.446383,77.103096,7.5513487,2.4163697,81.37961,72.25036,8.242253,6.7847776
23.0,120.0,2010-08-01,2010-12-02,123,25,20.749046,21.759493,19.946793,77.8458,7.0875764,2.849104,82.57371,72.44021,7.897383,6.146784
24.0,121.0,2010-08-01,2010-12-02,123,25,17.918129,19.424847,16.765705,79.57168,6.161268,5.2026243,83.94281,73.39086,7.104557,5.0806694
24.0,122.0,2010-08-01,2010-12-02,123,25,19.43498,20.421297,18.528898,76.368675,6.8155394,6.4337063,80.33901,72.16896,7.8677864,5.747537
22.0,120.0,2010-08-01,2010-12-02,123,25,22.18914,23.137041,21.388594,76.793236,6.458126,2.4700806,81.09089,71.897224,7.2030206,5.550033
24.0,121.0,2010-08-01,2010-12-03,124,25,17.803423,19.264612,16.771173,78.74737,6.258806,4.917888,83.10533,72.250786,7.25231,4.922412
25.0,120.0,2010-08-01,2010-12-03,124,25,16.545778,17.974205,15.322575,74.806244,8.043027,2.9891834,80.1387,67.67738,9.109047,6.6285157
25.0,121.0,2010-08-01,2010-12-03,124,25,18.766306,19.668299,17.739805,74.900665,8.443343,4.0072436,78.918655,70.40972,9.6331625,7.016653
24.0,122.0,2010-08-01,2010-12-03,124,25,19.173946,19.99998,18.42649,76.479805,6.661948,7.6681347,79.97416,72.5878,7.83401,5.4091554
23.0,121.0,2010-08-01,2010-12-03,124,25,18.815083,20.503227,17.768663,78.76036,3.7568662,4.2666407,83.428375,71.11279,4.3448052,3.1827445
23.0,120.0,2010-08-01,2010-12-03,124,25,20.701591,21.67414,19.94051,76.757,7.0657787,1.9827124,80.614105,71.25958,8.053005,6.0389333
22.0,121.0,2010-08-01,2010-12-03,124,25,22.083002,23.035528,21.380587,75.87489,7.5208473,2.5491138,79.735306,70.966995,8.3234415,6.803501
22.0,122.0,2010-08-01,2010-12-03,124,25,23.223055,23.575756,22.791191,74.82633,11.273347,6.6225905,78.03001,71.86791,12.512967,10.126493
25.0,122.0,2010-08-01,2010-12-03,124,25,20.118828,20.776953,19.303381,72.86724,8.87423,6.7355175,76.490234,69.46701,10.368375,7.314493
23.0,122.0,2010-08-01,2010-12-03,124,25,19.952465,20.784107,19.284904,77.49913,7.480791,8.315098,81.13985,73.60782,8.572549,6.3936462
24.0,120.0,2010-08-01,2010-12-03,124,25,19.68499,20.513609,18.837814,76.76796,9.574998,2.643109,80.55201,72.07336,11.070365,7.7028575
22.0,120.0,2010-08-01,2010-12-03,124,25,22.093739,23.02397,21.348417,75.45955,6.4436936,2.1182177,79.31175,70.51376,7.2922587,5.7216077
24.0,120.0,2010-08-01,2010-12-04,125,25,19.82989,20.704351,19.059063,77.14623,9.1463175,2.5371313,81.252815,72.19832,10.391923,7.4344683
25.0,120.0,2010-08-01,2010-12-04,125,25,16.754105,18.200048,15.572921,75.267,7.952209,1.7436731,80.49517,68.55017,9.021841,6.603793
24.0,122.0,2010-08-01,2010-12-04,125,25,19.17597,20.011374,18.409805,77.27312,6.6175566,9.544573,80.29197,73.8717,7.5325203,5.333389
23.0,122.0,2010-08-01,2010-12-04,125,25,19.948828,20.83164,19.14547,78.00078,7.5760083,6.959729,80.761116,74.6951,8.568748,6.215984
25.0,121.0,2010-08-01,2010-12-04,125,25,19.031221,19.942947,18.137907,75.35678,8.334638,3.5875475,79.7408,70.74022,9.433534,6.9382668
22.0,121.0,2010-08-01,2010-12-04,125,25,22.09272,22.962168,21.294575,76.228,7.6581435,3.0412793,79.581696,71.75898,8.61665,6.705782
23.0,121.0,2010-08-01,2010-12-04,125,25,18.819254,20.379776,17.740143,80.010086,3.6206062,6.3145924,84.33235,72.78847,4.1938896,2.9866624
24.0,121.0,2010-08-01,2010-12-04,125,25,17.917469,19.403019,16.933058,79.901566,5.937154,5.89833,84.12527,73.570786,6.734783,4.7095737
23.0,120.0,2010-08-01,2010-12-04,125,25,20.736826,21.642773,19.954357,77.22927,6.75426,2.9381323,81.34301,71.95348,7.585552,5.6902337
22.0,122.0,2010-08-01,2010-12-04,125,25,23.224977,23.747475,22.65067,74.50241,11.677794,3.688855,77.238655,72.169685,12.985841,10.125874
22.0,120.0,2010-08-01,2010-12-04,125,25,22.087654,22.965176,21.318535,76.41623,6.4655766,4.2851686,79.92879,71.5696,7.4878483,5.618128
25.0,122.0,2010-08-01,2010-12-04,125,25,20.272028,20.898409,19.581623,73.04229,9.135223,7.218528,76.395454,69.83535,10.225667,7.785283
22.0,120.0,2010-08-01,2010-12-05,126,25,21.977612,22.985283,21.196905,76.55437,6.46376,3.5057447,81.08348,70.90601,7.337021,5.6880217
23.0,120.0,2010-08-01,2010-12-05,126,25,20.631697,21.600824,19.869987,78.54455,6.9216805,2.6109655,82.58505,73.04098,7.7537203,5.771122
22.0,121.0,2010-08-01,2010-12-05,126,25,22.028603,23.018755,21.295567,76.55514,7.424974,3.9409132,80.97987,70.789345,8.34639,6.5214014
22.0,122.0,2010-08-01,2010-12-05,126,25,23.26516,23.656284,22.777832,74.57636,11.260477,6.320078,78.06753,71.49644,12.670108,9.85516
25.0,122.0,2010-08-01,2010-12-05,126,25,20.449234,21.070704,19.803858,72.99072,8.725426,6.7204566,76.25214,69.83118,10.037305,7.4968786
25.0,121.0,2010-08-01,2010-12-05,126,25,19.118511,20.118675,18.210983,75.92838,8.174046,3.6503942,79.67256,71.55921,9.081378,7.053144
24.0,121.0,2010-08-01,2010-12-05,126,25,17.934715,19.389523,16.911291,80.27378,5.8709917,5.0560474,84.258766,73.9312,6.800387,4.6653132
24.0,122.0,2010-08-01,2010-12-05,126,25,19.283834,20.089352,18.554987,77.05524,6.197209,8.156602,80.539474,73.03378,7.325468,5.0126753
23.0,121.0,2010-08-01,2010-12-05,126,25,18.744688,20.342548,17.696676,80.43967,3.6031134,5.523562,85.68167,72.5992,4.1582303,2.992591
25.0,120.0,2010-08-01,2010-12-05,126,25,16.808308,18.290016,15.682652,76.586975,7.9269567,1.7064246,81.414894,70.300896,8.92377,6.661656
23.0,122.0,2010-08-01,2010-12-05,126,25,19.97826,20.761997,19.273975,78.18729,7.175199,7.8905053,81.67873,74.359566,8.206024,6.124707
24.0,120.0,2010-08-01,2010-12-05,126,25,19.81671,20.696665,19.02777,78.41868,9.195771,2.1629686,81.97718,73.984924,10.461344,7.295508
25.0,122.0,2010-08-01,2010-12-06,127,25,20.310808,20.952114,19.616905,74.73629,9.271877,9.070147,77.693016,71.10633,10.634413,7.7910047
23.0,120.0,2010-08-01,2010-12-06,127,25,20.630177,21.681177,19.800495,78.41395,7.2729383,2.2256665,82.96292,72.265656,8.169107,6.211359
22.0,122.0,2010-08-01,2010-12-06,127,25,23.281445,23.752235,22.724106,76.67218,11.327685,8.216875,80.04167,73.668755,12.798515,9.997176
22.0,121.0,2010-08-01,2010-12-06,127,25,22.047579,23.062115,21.206724,77.72294,7.6857543,4.570647,82.308945,72.09701,8.546284,6.918496
23.0,122.0,2010-08-01,2010-12-06,127,25,20.0958,20.905523,19.396687,79.14395,7.449304,8.617878,82.36075,75.26011,8.568182,6.317895
23.0,121.0,2010-08-01,2010-12-06,127,25,18.865223,20.539078,17.762178,80.39576,3.8734438,4.99178,85.39538,72.27806,4.4697843,3.228327
24.0,120.0,2010-08-01,2010-12-06,127,25,19.691261,20.63244,18.868273,78.30068,9.706178,2.6706104,82.48148,73.21093,10.976646,8.104127
25.0,120.0,2010-08-01,2010-12-06,127,25,16.72746,18.243654,15.524816,77.25191,8.022806,3.697832,82.89046,70.40349,9.025426,6.7622313
25.0,121.0,2010-08-01,2010-12-06,127,25,18.89897,19.917938,17.991148,76.95798,8.564569,5.2761974,81.22273,71.99541,9.710906,7.195072
22.0,120.0,2010-08-01,2010-12-06,127,25,21.961685,22.976948,21.146679,76.69949,6.8407393,2.637644,80.97322,70.928215,7.5799,6.1405525
24.0,122.0,2010-08-01,2010-12-06,127,25,19.361279,20.279505,18.568405,77.84829,6.8112,9.246548,81.4065,73.97191,7.8791394,5.5572233
24.0,121.0,2010-08-01,2010-12-06,127,25,17.930578,19.415209,16.89762,80.22816,6.269527,5.4214478,84.57101,73.564865,7.1767635,5.105547
22.0,122.0,2010-08-01,2010-12-07,128,25,22.969799,23.476845,22.341196,76.76625,12.475361,5.595132,80.388145,73.18854,14.171072,10.7685995
25.0,122.0,2010-08-01,2010-12-07,128,25,19.654736,20.455084,18.812746,74.80259,9.976,7.528699,78.414314,71.3812,11.189566,8.281532
22.0,121.0,2010-08-01,2010-12-07,128,25,21.873985,22.842012,20.99333,77.44305,8.348442,3.3203368,81.85949,72.774925,9.372586,7.349719
23.0,120.0,2010-08-01,2010-12-07,128,25,20.343477,21.361416,19.38593,77.76415,8.117592,2.3547473,81.46805,72.994354,9.1229,6.878519
23.0,122.0,2010-08-01,2010-12-07,128,25,19.753418,20.619556,18.840294,79.19423,8.327509,6.12125,83.20214,75.273445,9.636737,6.8448524
23.0,121.0,2010-08-01,2010-12-07,128,25,18.660189,20.304022,17.446632,80.051544,4.2541957,3.8623316,85.11866,73.153656,4.962831,3.5033576
24.0,120.0,2010-08-01,2010-12-07,128,25,19.144278,20.113157,18.144655,77.05276,11.0476,3.2818701,80.140434,73.35785,12.305364,9.351731
25.0,120.0,2010-08-01,2010-12-07,128,25,16.15812,17.603582,14.839826,74.599075,8.916834,3.321543,79.572014,68.39272,9.793322,7.6267076
22.0,120.0,2010-08-01,2010-12-07,128,25,21.822926,22.791836,20.96773,76.9546,6.8359747,2.9040747,81.11271,72.05493,7.784043,5.914712
24.0,121.0,2010-08-01,2010-12-07,128,25,17.464867,18.846704,16.352917,79.28206,7.197484,4.782737,83.45031,74.12714,8.102304,5.990394
25.0,121.0,2010-08-01,2010-12-07,128,25,18.198656,19.191265,17.153267,75.864944,9.42233,5.1928806,79.57981,71.99686,10.427481,8.0406885
24.0,122.0,2010-08-01,2010-12-07,128,25,18.939148,19.845175,17.99422,78.10911,7.633531,7.1344285,82.790115,74.31848,8.886363,6.0706086
24.0,121.0,2010-08-01,2010-12-08,129,25,17.185925,18.714293,16.029133,78.937836,6.5959063,3.9927442,83.41353,72.37883,7.407106,5.7360687
22.0,120.0,2010-08-01,2010-12-08,129,25,21.483818,22.411245,20.67483,76.31596,6.900124,3.2694726,80.50561,71.49835,7.766527,6.1532006
24.0,122.0,2010-08-01,2010-12-08,129,25,18.647083,19.523188,17.714123,77.2569,7.384624,5.665105,80.63959,73.692535,8.21547,6.5294776
25.0,121.0,2010-08-01,2010-12-08,129,25,18.169844,19.085136,17.22177,74.72387,8.851243,3.072334,78.72969,70.125824,9.820939,7.920655
23.0,121.0,2010-08-01,2010-12-08,129,25,18.280384,19.952103,17.065777,79.413666,4.074129,4.0952783,84.37607,72.11902,4.5582705,3.5661578
23.0,122.0,2010-08-01,2010-12-08,129,25,19.445602,20.312181,18.52712,78.46837,8.1982,4.443181,81.82758,74.94099,9.145692,7.160468
25.0,120.0,2010-08-01,2010-12-08,129,25,15.907777,17.395723,14.667272,73.63415,8.293611,1.4219446,78.84356,66.86074,9.186146,7.2836623
24.0,120.0,2010-08-01,2010-12-08,129,25,18.928474,19.80952,18.099771,76.53234,10.099887,1.7838831,80.73398,71.861916,11.252963,8.754768
23.0,120.0,2010-08-01,2010-12-08,129,25,20.027258,20.980562,19.19151,76.966736,7.579681,1.8790966,81.126366,71.76691,8.378576,6.705686
25.0,122.0,2010-08-01,2010-12-08,129,25,19.612215,20.22809,18.843897,73.28416,9.731661,4.7428637,76.44101,70.179016,10.690488,8.77679
22.0,121.0,2010-08-01,2010-12-08,129,25,21.592216,22.523243,20.699785,76.57258,8.195297,2.4107008,80.49896,72.05159,9.040567,7.34186
22.0,122.0,2010-08-01,2010-12-08,129,25,22.760426,23.345518,22.110634,75.82768,12.343419,2.7586107,78.80398,72.58428,13.697685,10.967585
23.0,121.0,2010-08-01,2010-12-09,130,25,18.119959,19.731005,16.999737,79.90875,3.967901,4.0504932,84.753914,72.4904,4.591986,3.4053059
23.0,122.0,2010-08-01,2010-12-09,130,25,19.279613,20.164337,18.424929,78.74838,7.933764,5.660596,81.933,75.25452,9.147159,6.6943727
25.0,120.0,2010-08-01,2010-12-09,130,25,15.641396,17.12797,14.281949,74.31728,8.311575,2.5453625,79.73648,68.41389,9.504016,6.85187
24.0,120.0,2010-08-01,2010-12-09,130,25,18.651104,19.538074,17.732882,77.23099,10.132729,1.8831311,81.00332,72.902985,11.529102,8.463707
25.0,122.0,2010-08-01,2010-12-09,130,25,19.217833,19.911608,18.41297,73.91533,9.702194,7.267661,77.20904,71.14383,11.159311,8.091835
23.0,120.0,2010-08-01,2010-12-09,130,25,19.802889,20.771519,18.953478,77.555756,7.531258,1.4699267,81.34193,72.64117,8.475614,6.607797
22.0,122.0,2010-08-01,2010-12-09,130,25,22.54234,22.97771,21.966875,75.82309,11.726681,3.897898,78.450836,73.036804,13.24122,10.275691
22.0,121.0,2010-08-01,2010-12-09,130,25,21.379787,22.296324,20.619228,76.77338,7.716086,2.2853613,80.17905,72.30281,8.721387,6.8364344
24.0,122.0,2010-08-01,2010-12-09,130,25,18.432531,19.331085,17.521177,78.10386,7.323379,7.6137257,81.34571,74.609535,8.516256,5.9851665
25.0,121.0,2010-08-01,2010-12-09,130,25,17.77642,18.690084,16.787037,75.161896,8.843571,4.1273985,79.22959,70.62857,10.07137,7.3419204
24.0,121.0,2010-08-01,2010-12-09,130,25,16.972185,18.463463,15.793688,79.54289,6.5481215,4.451499,83.95637,73.51022,7.536601,5.311271
22.0,120.0,2010-08-01,2010-12-09,130,25,21.315977,22.23501,20.563871,76.030815,6.4690557,1.9154859,79.96651,70.94155,7.330054,5.7187614
24.0,121.0,2010-08-01,2010-12-10,131,25,16.85823,18.348183,15.811934,79.03272,6.93542,3.3381324,82.8158,73.06088,7.7210903,5.774406
22.0,120.0,2010-08-01,2010-12-10,131,25,21.104263,22.073608,20.362316,75.815895,6.576551,1.517456,79.856766,70.415436,7.453164,5.7680693
24.0,122.0,2010-08-01,2010-12-10,131,25,18.35169,19.277767,17.492302,76.69046,7.3786902,5.955298,80.21884,72.689964,8.478828,6.045052
25.0,121.0,2010-08-01,2010-12-10,131,25,17.667866,18.591742,16.750431,75.485504,9.301475,3.4931653,78.50119,71.7964,10.2665615,8.049204
24.0,120.0,2010-08-01,2010-12-10,131,25,18.502058,19.349735,17.706192,77.229065,10.61192,1.1457568,80.32778,73.272896,11.758969,9.112218
25.0,120.0,2010-08-01,2010-12-10,131,25,15.304379,16.741138,14.057613,74.459854,8.662473,1.3563281,78.944664,68.2266,9.5172,7.5358706
23.0,122.0,2010-08-01,2010-12-10,131,25,19.168062,20.049341,18.397028,77.38477,8.115968,3.6561084,80.5416,73.45944,9.240718,6.796896
23.0,121.0,2010-08-01,2010-12-10,131,25,17.949883,19.626976,16.824049,79.16732,4.103309,2.844353,83.64565,71.277336,4.6303926,3.5508215
22.0,121.0,2010-08-01,2010-12-10,131,25,21.209864,22.160751,20.440435,75.80432,7.93105,1.0908105,79.45373,70.58621,8.7690735,7.17908
22.0,122.0,2010-08-01,2010-12-10,131,25,22.430975,22.863066,21.965004,74.2781,11.972347,1.9068433,77.19156,71.62329,13.425449,10.4622965
23.0,120.0,2010-08-01,2010-12-10,131,25,19.597364,20.59958,18.78021,77.33018,7.781747,0.6434338,81.06698,71.98503,8.562228,6.8793483
25.0,122.0,2010-08-01,2010-12-10,131,25,19.142284,19.888214,18.423555,73.38567,9.82466,6.095703,76.3992,70.72143,11.056416,8.408256
23.0,120.0,2010-08-01,2010-12-11,132,25,19.794916,20.744316,19.07171,75.63107,6.8458514,0.9954199,80.2557,69.44413,7.85887,5.7006273
22.0,120.0,2010-08-01,2010-12-11,132,25,21.226835,22.193672,20.515043,74.04582,6.328186,1.908501,78.689766,68.27622,7.05988,5.6798263
25.0,122.0,2010-08-01,2010-12-11,132,25,19.451906,20.039259,18.814205,71.30656,9.015617,4.980393,75.08156,67.93127,10.383179,7.5549293
22.0,122.0,2010-08-01,2010-12-11,132,25,22.496485,22.941626,22.03625,72.66785,11.578231,4.331604,75.77975,69.70704,12.889762,10.224399
24.0,122.0,2010-08-01,2010-12-11,132,25,18.276531,19.083126,17.554014,75.6265,6.6459937,6.1590037,79.20643,71.45003,7.857672,5.272725
24.0,121.0,2010-08-01,2010-12-11,132,25,16.872112,18.409672,15.937584,78.70564,5.944986,3.6443481,83.66281,71.17734,7.1621814,4.490663
25.0,121.0,2010-08-01,2010-12-11,132,25,18.066526,18.900509,17.276485,74.044495,8.067085,2.481626,78.79531,68.60043,9.4595175,6.508821
24.0,120.0,2010-08-01,2010-12-11,132,25,18.798044,19.598248,18.120836,76.132645,9.162248,0.79155886,80.5978,70.88918,10.754486,7.1765733
22.0,121.0,2010-08-01,2010-12-11,132,25,21.30613,22.235815,20.610424,74.167854,7.6408978,2.8777466,78.46581,68.803566,8.4908085,6.881817
23.0,121.0,2010-08-01,2010-12-11,132,25,17.864016,19.568216,16.85296,78.20671,3.6292734,3.8591895,83.48071,69.67309,4.315943,2.98994
25.0,120.0,2010-08-01,2010-12-11,132,25,15.544465,17.070349,14.364913,74.9829,7.776797,0.85380495,81.32121,67.20119,8.964687,6.371301
23.0,122.0,2010-08-01,2010-12-11,132,25,19.051497,19.874134,18.351643,76.42738,7.5127697,5.311831,79.83103,72.54,8.689047,6.2354765
22.0,122.0,2010-08-01,2010-12-12,133,25,22.485428,22.992851,21.84271,73.32836,10.728572,4.6185207,76.60192,70.331535,12.698557,8.814256
23.0,120.0,2010-08-01,2010-12-12,133,25,19.877607,21.03793,18.922256,75.88453,6.8315015,1.0748218,80.117355,69.47681,7.794546,5.8515835
23.0,122.0,2010-08-01,2010-12-12,133,25,19.157001,20.19359,18.159294,76.49101,6.909914,5.8849974,80.4246,71.625984,8.447866,5.346834
25.0,121.0,2010-08-01,2010-12-12,133,25,18.013735,19.16969,16.821104,75.11659,7.6287174,2.832522,80.02956,70.13771,8.937155,6.101262
23.0,121.0,2010-08-01,2010-12-12,133,25,18.002052,19.959518,16.724981,78.15719,3.557908,3.5760474,83.51173,68.501335,4.24946,2.7966917
22.0,121.0,2010-08-01,2010-12-12,133,25,21.32773,22.42187,20.438501,74.67246,7.2643113,2.2961352,79.0514,68.51999,8.475812,6.1251
22.0,120.0,2010-08-01,2010-12-12,133,25,21.303354,22.414545,20.397585,73.72427,6.4672875,1.4196754,78.0204,67.51157,7.4439263,5.4974885
25.0,122.0,2010-08-01,2010-12-12,133,25,19.544256,20.454819,18.492102,71.6067,8.487905,5.440061,75.42628,68.32105,10.152531,6.7794313
24.0,120.0,2010-08-01,2010-12-12,133,25,18.750568,19.772331,17.779034,77.00238,8.861567,1.1505066,81.08777,72.1073,10.356487,7.1452746
25.0,120.0,2010-08-01,2010-12-12,133,25,15.677566,17.519388,14.156012,76.24992,7.244101,1.1975049,82.86447,68.312996,8.356148,5.8366976
24.0,121.0,2010-08-01,2010-12-12,133,25,16.879808,18.671051,15.611856,79.251495,5.591417,3.6352465,83.88758,71.462456,6.6849103,4.2584553
24.0,122.0,2010-08-01,2010-12-12,133,25,18.430431,19.515392,17.298834,75.41583,6.1828656,6.2652464,79.86054,70.6181,7.5948,4.719639
24.0,122.0,2010-08-01,2010-12-13,134,25,17.82464,18.732098,16.97232,77.37324,6.6369214,6.7263036,81.101395,72.77381,7.990494,5.075116
25.0,121.0,2010-08-01,2010-12-13,134,25,17.025928,18.020384,16.055285,74.891266,8.539912,3.0592945,79.197586,70.22925,9.720242,7.079193
25.0,120.0,2010-08-01,2010-12-13,134,25,14.871225,16.430458,13.614132,74.11144,7.9394383,1.307589,80.42312,66.24233,8.987973,6.739683
24.0,120.0,2010-08-01,2010-12-13,134,25,17.941622,18.77939,17.175001,77.104774,9.862126,1.6426721,80.211296,73.061676,11.191133,8.027329
24.0,121.0,2010-08-01,2010-12-13,134,25,16.227858,17.725216,15.192672,79.57797,6.274939,4.138396,83.66724,72.966156,7.288576,4.9609776
23.0,122.0,2010-08-01,2010-12-13,134,25,18.66014,19.546616,17.811028,78.31859,7.48104,6.448596,82.32852,73.64299,8.597956,6.3407836
23.0,120.0,2010-08-01,2010-12-13,134,25,19.255238,20.187828,18.506056,77.054665,7.358755,2.1779468,80.289566,72.17294,8.289133,6.157284
22.0,122.0,2010-08-01,2010-12-13,134,25,22.039993,22.567799,21.47317,74.99763,11.439213,5.1253514,79.21504,71.4271,12.645866,10.3129635
22.0,121.0,2010-08-01,2010-12-13,134,25,20.91444,21.88434,20.18147,76.03374,7.6210475,3.3602076,80.38113,70.29063,8.361714,6.8737183
25.0,122.0,2010-08-01,2010-12-13,134,25,18.603203,19.476355,17.768457,72.926926,9.017935,5.6258326,76.296814,69.93355,10.66989,7.259903
22.0,120.0,2010-08-01,2010-12-13,134,25,20.835909,21.805918,20.128654,75.68987,6.3102565,3.4358861,80.078514,69.90602,7.2777596,5.450139
23.0,121.0,2010-08-01,2010-12-13,134,25,17.53736,19.256857,16.481817,79.578,3.7530715,4.690161,84.34438,71.36398,4.4182577,3.0550451
22.0,122.0,2010-08-01,2010-12-14,135,25,21.801085,22.394447,21.25271,75.08082,11.621665,5.1119432,78.43653,71.849396,12.955659,10.16905
23.0,120.0,2010-08-01,2010-12-14,135,25,19.09076,19.919798,18.339226,76.42227,7.0560865,2.8225098,80.1715,71.70727,7.9785366,6.0097265
22.0,121.0,2010-08-01,2010-12-14,135,25,20.655508,21.530458,19.874107,76.20002,7.8136773,3.5921607,80.24849,71.68036,8.601493,7.0817995
22.0,120.0,2010-08-01,2010-12-14,135,25,20.601517,21.422216,19.86547,75.88262,6.767337,2.9171143,80.0633,71.28488,7.61203,6.004216
23.0,122.0,2010-08-01,2010-12-14,135,25,18.476412,19.283363,17.664454,78.03488,7.5407395,6.511482,81.52933,74.752304,8.57911,6.280505
25.0,120.0,2010-08-01,2010-12-14,135,25,14.745269,16.281597,13.519894,73.98534,7.636654,1.4003894,79.971664,66.22301,8.701343,6.3006835
23.0,121.0,2010-08-01,2010-12-14,135,25,17.333761,18.827824,16.196642,79.34908,3.875896,4.9971924,83.94708,72.639656,4.414666,3.3278663
25.0,122.0,2010-08-01,2010-12-14,135,25,18.576515,19.33346,17.768208,72.397194,8.292944,6.9368873,76.288445,68.938126,9.6509,6.8864374
24.0,120.0,2010-08-01,2010-12-14,135,25,17.916819,18.759092,17.079449,76.25733,9.275169,2.4971912,80.205605,72.02212,10.587407,7.5971317
24.0,122.0,2010-08-01,2010-12-14,135,25,17.676807,18.490393,16.85508,76.69028,6.425672,8.43165,80.433586,73.18767,7.5632124,5.1824913
24.0,121.0,2010-08-01,2010-12-14,135,25,16.16414,17.609442,15.097623,79.17393,6.1083617,4.662722,83.58363,73.08459,7.0354676,4.8683424
25.0,121.0,2010-08-01,2010-12-14,135,25,17.083042,18.059006,16.104128,74.608185,7.8088536,3.185669,78.84811,70.396454,8.930896,6.43832
25.0,121.0,2010-08-01,2010-12-15,136,25,17.511501,18.604696,16.381046,75.0387,7.796814,2.8591356,79.42347,70.21284,8.947655,6.542921
22.0,120.0,2010-08-01,2010-12-15,136,25,20.811195,21.890953,19.903864,74.83786,6.5519824,1.426023,79.14754,68.71681,7.5421295,5.75424
24.0,122.0,2010-08-01,2010-12-15,136,25,18.001846,19.007536,17.008028,76.02107,6.386719,6.1165648,79.83736,71.63779,7.513678,5.287983
24.0,121.0,2010-08-01,2010-12-15,136,25,16.426712,18.06589,15.21442,78.88875,5.8282995,3.0727613,83.81373,71.45471,6.7991905,4.725718
23.0,121.0,2010-08-01,2010-12-15,136,25,17.521862,19.343473,16.251417,78.49207,3.641354,2.952522,83.66584,69.42435,4.251853,3.0801752
23.0,122.0,2010-08-01,2010-12-15,136,25,18.756218,19.718437,17.847082,76.79642,7.4338226,4.768298,80.639885,72.367966,8.481046,6.402729
25.0,120.0,2010-08-01,2010-12-15,136,25,15.138784,16.664299,13.866046,74.89238,7.626031,0.99878174,80.677025,67.12682,8.697281,6.2900896
24.0,120.0,2010-08-01,2010-12-15,136,25,18.206865,19.221704,17.208458,76.75971,9.015006,1.2343799,80.79433,71.57521,10.32945,7.4404564
25.0,122.0,2010-08-01,2010-12-15,136,25,19.066591,19.85256,18.116182,72.45332,8.636979,5.888887,75.88979,69.27188,9.946425,7.2552934
22.0,121.0,2010-08-01,2010-12-15,136,25,20.87312,21.968134,19.925045,75.338425,7.772914,1.938728,80.43673,69.114426,8.69672,7.0837092
23.0,120.0,2010-08-01,2010-12-15,136,25,19.30618,20.41119,18.376877,76.30794,6.83633,1.1043762,80.37039,70.19285,7.707826,5.860482
22.0,122.0,2010-08-01,2010-12-15,136,25,22.110567,22.615995,21.46229,73.88844,11.606424,3.7715967,77.87026,70.52506,12.920012,10.401262
25.0,122.0,2010-08-01,2010-12-16,137,25,19.456284,20.123934,18.648983,72.42967,8.462768,5.6775856,76.16202,69.147194,9.804444,7.188627
25.0,120.0,2010-08-01,2010-12-16,137,25,15.56175,17.199598,14.257482,75.50063,7.548739,0.8338318,80.84644,68.34912,8.531489,6.198203
24.0,122.0,2010-08-01,2010-12-16,137,25,18.33568,19.18639,17.460686,76.59583,6.3588963,6.7304296,80.18599,72.704796,7.420363,5.37018
24.0,121.0,2010-08-01,2010-12-16,137,25,16.827503,18.341984,15.788414,79.42522,5.7775292,3.380818,83.9241,72.94014,6.7235036,4.6222086
23.0,122.0,2010-08-01,2010-12-16,137,25,19.011665,19.797264,18.28416,77.84822,7.2665486,7.4652953,80.90298,74.20074,8.236382,6.1958513
23.0,121.0,2010-08-01,2010-12-16,137,25,17.788662,19.404728,16.73218,79.60026,3.4898953,3.6615722,84.313545,71.208466,4.0851526,2.901072
24.0,120.0,2010-08-01,2010-12-16,137,25,18.57589,19.467178,17.714752,77.16734,9.080661,0.82467407,80.966896,72.524895,10.3171,7.4953923
23.0,120.0,2010-08-01,2010-12-16,137,25,19.54118,20.521719,18.749836,77.27792,6.784136,1.0871265,81.26391,71.52124,7.6301775,5.7906895
22.0,121.0,2010-08-01,2010-12-16,137,25,21.06351,21.94915,20.328293,76.197784,7.3697143,4.8340626,79.90164,71.17567,8.218293,6.5752
25.0,121.0,2010-08-01,2010-12-16,137,25,17.967743,18.913908,16.90088,75.00357,7.801294,2.3523865,79.57504,70.070984,9.127839,6.3801093
22.0,122.0,2010-08-01,2010-12-16,137,25,22.289429,22.696693,21.83709,74.739815,11.187957,8.656704,77.39682,72.350174,12.413818,9.890748
22.0,120.0,2010-08-01,2010-12-16,137,25,20.986712,21.934198,20.213825,75.85127,6.156466,1.7646265,79.545876,70.36238,6.957558,5.393518
24.0,121.0,2010-08-01,2010-12-17,138,25,16.969765,18.458782,16.106758,80.45386,5.9553895,3.6319654,84.53958,73.46939,6.770943,5.0123754
24.0,122.0,2010-08-01,2010-12-17,138,25,18.513252,19.297497,17.867456,78.372826,6.1862926,7.001123,82.259796,74.16232,7.3268175,4.996985
25.0,121.0,2010-08-01,2010-12-17,138,25,17.860981,18.739202,17.159039,76.79431,8.249906,2.9245691,80.73147,72.29966,9.506698,6.9911604
25.0,122.0,2010-08-01,2010-12-17,138,25,19.385178,19.928062,18.859562,74.92303,8.397056,6.274187,78.26319,71.781105,9.926861,7.100921
23.0,120.0,2010-08-01,2010-12-17,138,25,19.64946,20.672134,18.89342,78.51196,6.9922047,2.2049646,82.77766,72.29845,7.8533974,5.923337
23.0,121.0,2010-08-01,2010-12-17,138,25,18.036448,19.731312,17.01694,80.797,3.4913049,4.9570556,85.820335,72.33676,3.9769595,2.924133
24.0,120.0,2010-08-01,2010-12-17,138,25,18.579155,19.444384,17.946404,78.23087,9.487867,0.90186524,82.19782,73.378586,10.714082,7.967591
23.0,122.0,2010-08-01,2010-12-17,138,25,19.24822,20.038996,18.6057,78.9924,6.97527,6.2088866,82.082306,75.11091,7.873829,5.880506
25.0,120.0,2010-08-01,2010-12-17,138,25,15.523153,16.996334,14.467951,76.36331,7.926012,0.957406,81.2389,69.53467,8.970921,6.7969966
22.0,122.0,2010-08-01,2010-12-17,138,25,22.466843,22.83,22.068232,75.87379,10.751344,6.297998,78.260574,73.60501,12.039458,9.426782
22.0,121.0,2010-08-01,2010-12-17,138,25,21.251978,22.219698,20.536875,77.40398,7.206349,5.0437183,81.409584,71.9621,7.9521317,6.4197764
22.0,120.0,2010-08-01,2010-12-17,138,25,21.164406,22.142427,20.428883,77.14073,6.0049577,3.2596412,81.69219,71.56947,6.6446595,5.342386
25.0,122.0,2010-08-01,2010-12-18,139,25,19.45655,20.224455,18.650728,74.061966,9.102779,5.8297024,77.76935,70.57946,10.105949,8.026919
25.0,120.0,2010-08-01,2010-12-18,139,25,15.524031,17.057526,14.201154,76.83676,8.114357,1.2838207,82.561584,69.75833,9.000243,6.9898963
24.0,122.0,2010-08-01,2010-12-18,139,25,18.54922,19.426344,17.661911,78.416916,6.61051,8.034297,82.18826,74.6585,7.5050206,5.5359583
25.0,121.0,2010-08-01,2010-12-18,139,25,18.008732,18.986954,17.095812,76.1823,8.434057,2.8450952,80.39691,71.99448,9.364795,7.284302
23.0,122.0,2010-08-01,2010-12-18,139,25,19.25805,20.123844,18.446814,79.866684,7.334506,7.8383694,83.21147,75.928116,8.335032,6.1411495
23.0,121.0,2010-08-01,2010-12-18,139,25,18.163977,19.843277,17.017897,81.27605,3.5503778,6.043328,86.13746,73.604256,4.0524406,2.9524493
24.0,120.0,2010-08-01,2010-12-18,139,25,18.674463,19.557842,17.864382,78.98715,9.809127,0.93652225,82.76096,74.87813,10.806736,8.541734
24.0,121.0,2010-08-01,2010-12-18,139,25,17.083244,18.599972,15.974728,80.828964,6.1653347,5.02771,85.15373,74.464935,6.938394,5.140291
22.0,121.0,2010-08-01,2010-12-18,139,25,21.354342,22.3554,20.541616,78.15623,7.353538,3.465813,82.492966,72.73842,8.226377,6.3291063
22.0,120.0,2010-08-01,2010-12-18,139,25,21.278442,22.29726,20.47192,77.79289,6.063483,3.482295,82.12147,72.17609,6.8754234,5.3453298
22.0,122.0,2010-08-01,2010-12-18,139,25,22.451138,22.872993,21.945948,76.94555,11.1902,5.272202,80.23476,73.69832,12.519122,9.611156
23.0,120.0,2010-08-01,2010-12-18,139,25,19.759157,20.773033,18.970592,79.39353,7.181893,1.9344506,83.686356,74.07324,7.887203,6.3889318
24.0,122.0,2010-08-01,2010-12-19,140,25,18.447474,19.158056,17.771706,76.93085,6.1749682,6.868027,80.51517,73.122375,7.3488293,4.804926
25.0,121.0,2010-08-01,2010-12-19,140,25,18.019434,18.908361,17.10334,76.376945,8.100668,2.8201733,80.21194,72.092316,9.433554,6.5056953
25.0,122.0,2010-08-01,2010-12-19,140,25,19.550196,20.137882,18.85917,73.072975,8.546771,6.088606,76.509796,69.6377,9.867657,6.8942437
25.0,120.0,2010-08-01,2010-12-19,140,25,15.433214,16.87397,14.205641,77.38134,7.99221,1.2265564,82.60239,70.49061,9.114974,6.523865
23.0,121.0,2010-08-01,2010-12-19,140,25,17.89834,19.363667,16.960352,80.54772,3.465636,3.7784302,85.01238,73.41885,4.1054573,2.8350515
23.0,122.0,2010-08-01,2010-12-19,140,25,19.086782,19.796017,18.455826,78.033005,7.0314527,6.076401,80.556786,74.64599,8.205461,5.747696
24.0,121.0,2010-08-01,2010-12-19,140,25,16.89739,18.249933,15.996818,80.57745,5.93912,3.577019,84.93202,74.381454,6.9695473,4.580515
24.0,120.0,2010-08-01,2010-12-19,140,25,18.562721,19.37605,17.81689,78.91338,9.589825,0.9097791,82.58323,74.26292,10.929462,7.8854723
22.0,122.0,2010-08-01,2010-12-19,140,25,22.312279,22.685875,21.918335,74.646126,10.959014,4.704331,76.66536,72.7432,12.5755005,9.383479
23.0,120.0,2010-08-01,2010-12-19,140,25,19.56776,20.433142,18.879274,78.87936,7.0908465,1.0965406,82.66587,73.364265,7.967118,6.0848107
22.0,121.0,2010-08-01,2010-12-19,140,25,21.12084,21.961123,20.499653,76.84086,7.3367176,2.3996508,80.109695,72.12636,8.340955,6.481195
22.0,120.0,2010-08-01,2010-12-19,140,25,21.062881,21.935068,20.403849,77.05373,6.2193913,1.9211328,80.734535,71.92105,6.9860883,5.491408
25.0,122.0,2010-08-01,2010-12-20,141,25,20.001778,20.586231,19.285093,74.31019,8.03448,5.940498,77.82426,70.84741,9.156512,6.8477125
25.0,121.0,2010-08-01,2010-12-20,141,25,18.294367,19.221848,17.45802,77.590744,7.348349,2.6574194,82.67891,72.20828,8.42213,6.073256
24.0,122.0,2010-08-01,2010-12-20,141,25,18.849224,19.702726,17.985079,77.55556,5.7755623,7.2930274,80.969925,73.62347,6.665765,4.8032093
25.0,120.0,2010-08-01,2010-12-20,141,25,15.595031,17.161959,14.415616,78.9086,7.1155744,0.80134034,84.673386,71.482346,8.053531,5.9610534
23.0,122.0,2010-08-01,2010-12-20,141,25,19.425146,20.28191,18.654474,78.91477,6.4956126,5.423516,82.31017,74.980675,7.4270043,5.491915
23.0,121.0,2010-08-01,2010-12-20,141,25,18.115683,19.929201,16.916403,81.01965,3.2484598,4.633721,86.687965,72.19848,3.8422337,2.6647215
24.0,120.0,2010-08-01,2010-12-20,141,25,18.647655,19.560856,17.913132,79.876205,8.568557,0.93989134,84.22918,74.55928,9.686719,7.153805
24.0,121.0,2010-08-01,2010-12-20,141,25,17.121088,18.667793,16.043625,81.10398,5.3123493,3.9910278,86.08231,73.87714,6.1754766,4.133823
22.0,121.0,2010-08-01,2010-12-20,141,25,21.324104,22.35601,20.507412,77.58546,6.7890835,2.8112135,82.23222,71.98032,7.681897,6.002018
22.0,120.0,2010-08-01,2010-12-20,141,25,21.171265,22.185547,20.381432,77.508385,5.909206,2.7074537,82.23835,71.73154,6.68239,5.2110558
22.0,122.0,2010-08-01,2010-12-20,141,25,22.637066,22.981806,22.188326,75.79333,10.177257,3.6046705,78.96056,72.90992,11.550463,8.901843
23.0,120.0,2010-08-01,2010-12-20,141,25,19.645254,20.696217,18.86986,79.75615,6.4743958,1.5691675,84.82548,73.24472,7.2760363,5.6541786
24.0,122.0,2010-08-01,2010-12-21,142,25,19.065763,19.967396,18.244122,79.14546,5.7804413,9.3067875,82.56457,75.20896,6.963773,4.5669427
25.0,120.0,2010-08-01,2010-12-21,142,25,15.780591,17.492704,14.516998,80.379425,7.0276995,1.4637622,85.43869,72.75786,8.267895,5.6664824
25.0,122.0,2010-08-01,2010-12-21,142,25,20.08201,20.629639,19.406588,76.90111,8.199239,7.2651587,79.782364,73.780334,9.678006,6.6375637
25.0,121.0,2010-08-01,2010-12-21,142,25,18.277344,19.277264,17.34378,80.506004,7.5135546,3.5999901,84.17378,76.17434,8.767479,6.017073
23.0,121.0,2010-08-01,2010-12-21,142,25,18.317238,20.20469,17.13145,82.38678,3.1156735,6.098787,87.658554,73.034904,3.7487326,2.5838583
23.0,122.0,2010-08-01,2010-12-21,142,25,19.647118,20.609419,18.9013,80.02381,6.3037453,7.4873366,83.340645,75.74393,7.3073454,5.310026
24.0,121.0,2010-08-01,2010-12-21,142,25,17.239775,18.880945,16.106613,83.0036,5.1529884,5.6190357,87.450294,75.884125,6.209822,3.9923968
24.0,120.0,2010-08-01,2010-12-21,142,25,18.695396,19.5859,17.890295,81.71292,8.6689205,2.006366,85.41779,77.20702,10.000289,7.084712
22.0,122.0,2010-08-01,2010-12-21,142,25,22.793316,23.148798,22.407343,77.03541,9.925599,5.668486,79.608185,74.16249,11.151264,8.758506
23.0,120.0,2010-08-01,2010-12-21,142,25,19.775415,20.854511,18.957394,81.067566,6.5981307,2.4702294,85.20165,74.73547,7.394753,5.7307363
22.0,121.0,2010-08-01,2010-12-21,142,25,21.45998,22.498384,20.724785,79.081985,6.659491,4.2683325,82.814415,73.53208,7.417106,5.9596925
22.0,120.0,2010-08-01,2010-12-21,142,25,21.260056,22.273598,20.507133,78.814964,6.0609016,3.7532153,82.61805,72.98428,6.760996,5.316637
25.0,122.0,2010-08-01,2010-12-22,143,25,19.476599,20.025436,18.851706,75.60747,8.847293,7.3732934,79.33867,71.960846,9.952517,7.6398487
25.0,121.0,2010-08-01,2010-12-22,143,25,17.695463,18.70256,16.81449,78.229935,7.836792,3.1234217,82.736145,73.41408,8.82945,6.741703
24.0,122.0,2010-08-01,2010-12-22,143,25,18.63559,19.52738,17.803844,78.8176,6.453003,8.813106,82.28586,74.81659,7.3447223,5.434469
25.0,120.0,2010-08-01,2010-12-22,143,25,15.414458,17.071619,14.147423,78.033615,7.2707686,1.323512,83.22348,70.852234,8.079925,6.3890376
23.0,122.0,2010-08-01,2010-12-22,143,25,19.350386,20.258919,18.58149,79.57687,7.008244,6.3753614,83.07285,75.54357,7.9843135,5.9625564
23.0,121.0,2010-08-01,2010-12-22,143,25,18.121807,19.86646,16.973297,81.97745,3.5153708,5.418943,86.67255,74.02473,4.0098205,3.0099902
24.0,120.0,2010-08-01,2010-12-22,143,25,18.27178,19.13081,17.50209,80.34635,9.0975895,1.8032348,83.933876,75.86462,10.164376,7.8970833
24.0,121.0,2010-08-01,2010-12-22,143,25,16.834078,18.382269,15.789367,81.641685,5.6798787,4.5418677,85.519844,75.36984,6.4371605,4.827739
22.0,121.0,2010-08-01,2010-12-22,143,25,21.283686,22.24959,20.511925,79.27944,7.2733903,5.6063256,83.57666,74.25974,8.048723,6.4433804
22.0,120.0,2010-08-01,2010-12-22,143,25,21.121328,22.06983,20.359503,79.31499,6.2533717,4.7237425,83.35143,74.255516,6.9349647,5.635744
22.0,122.0,2010-08-01,2010-12-22,143,25,22.515575,22.922558,22.069517,77.16221,10.85588,6.5664062,80.47942,74.09228,12.124481,9.482402
23.0,120.0,2010-08-01,2010-12-22,143,25,19.562263,20.5542,18.760714,80.62147,6.9093432,2.6680994,84.795906,75.08577,7.6734705,6.0344
24.0,122.0,2010-08-01,2010-12-23,144,25,18.09938,18.94263,17.318844,78.01188,6.2014256,8.998823,81.97394,73.82534,7.212075,5.091396
25.0,120.0,2010-08-01,2010-12-23,144,25,15.118386,16.645311,14.046603,76.47718,7.6058254,1.1429846,81.4079,69.40253,8.519425,6.504896
25.0,122.0,2010-08-01,2010-12-23,144,25,18.893785,19.566454,18.177649,74.31236,8.493012,7.023716,77.55847,71.45317,9.610481,7.1469264
25.0,121.0,2010-08-01,2010-12-23,144,25,17.385094,18.245577,16.586725,76.50168,7.7981887,3.04057,80.66458,72.00783,8.788962,6.46376
23.0,121.0,2010-08-01,2010-12-23,144,25,17.797522,19.481316,16.791441,80.7887,3.3949766,5.960481,85.28271,73.0859,3.9217486,2.8760214
23.0,122.0,2010-08-01,2010-12-23,144,25,18.898062,19.758394,18.20083,78.57035,6.887505,7.000532,81.60609,74.900665,7.9660597,5.6711774
24.0,121.0,2010-08-01,2010-12-23,144,25,16.571983,18.137018,15.577481,80.43254,5.726385,4.9930835,84.6874,73.61935,6.591366,4.6188064
24.0,120.0,2010-08-01,2010-12-23,144,25,18.125242,18.970161,17.42698,78.45386,9.153191,2.276411,82.22628,73.90472,10.227586,7.7281513
22.0,122.0,2010-08-01,2010-12-23,144,25,22.07251,22.49457,21.653715,75.72582,10.654339,5.8060718,78.11282,73.46311,11.970698,9.161591
23.0,120.0,2010-08-01,2010-12-23,144,25,19.354197,20.286018,18.737598,78.77521,6.803815,3.231006,82.59866,73.51105,7.5525355,5.9764585
22.0,121.0,2010-08-01,2010-12-23,144,25,20.969036,21.853378,20.293385,77.64375,7.0363836,4.7562623,80.86723,73.06285,7.916011,6.160856
22.0,120.0,2010-08-01,2010-12-23,144,25,20.894855,21.776943,20.229942,77.7372,6.0013566,6.0825586,81.185684,72.840935,6.8089733,5.2515383
25.0,122.0,2010-08-01,2010-12-24,145,25,19.281815,19.89602,18.616085,74.34694,7.66199,6.061233,77.63853,71.559296,9.152597,6.0741687
25.0,121.0,2010-08-01,2010-12-24,145,25,17.62267,18.629253,16.690851,77.14523,7.4446497,2.7262707,80.682465,72.478065,8.736911,5.922138
24.0,122.0,2010-08-01,2010-12-24,145,25,18.341358,19.336597,17.488937,77.34142,5.609088,7.015205,80.99603,72.95005,6.856862,4.4385786
25.0,120.0,2010-08-01,2010-12-24,145,25,15.137069,16.731476,13.949181,77.68854,7.26101,1.3291235,82.730095,70.43527,8.260828,5.978098
23.0,122.0,2010-08-01,2010-12-24,145,25,19.030691,20.02583,18.17422,78.213036,6.2100964,4.2136965,81.67665,73.73151,7.2702847,5.1579857
23.0,121.0,2010-08-01,2010-12-24,145,25,17.800287,19.726276,16.595402,80.369156,3.1165514,3.5264428,85.62776,70.806786,3.8326845,2.476858
24.0,120.0,2010-08-01,2010-12-24,145,25,18.226862,19.176336,17.427092,78.716156,8.641697,1.2162597,82.60647,73.59199,9.8657255,7.094334
24.0,121.0,2010-08-01,2010-12-24,145,25,16.661793,18.360983,15.538775,80.40368,5.2328863,3.6625538,85.05288,72.6895,6.3466835,4.0436354
22.0,121.0,2010-08-01,2010-12-24,145,25,21.021902,22.081993,20.127829,77.26992,6.470563,1.3511523,81.511154,71.64866,7.2849355,5.6744137
22.0,120.0,2010-08-01,2010-12-24,145,25,20.925793,21.99355,20.059708,77.19735,5.851001,1.5061841,81.62887,71.40786,6.7063093,4.9506073
22.0,122.0,2010-08-01,2010-12-24,145,25,22.25553,22.682823,21.705488,75.40014,9.628106,2.0371778,78.17491,73.07478,10.850483,8.259708
23.0,120.0,2010-08-01,2010-12-24,145,25,19.368633,20.47902,18.516804,78.64063,6.4467373,1.0697753,83.06634,72.11855,7.293605,5.4312353
24.0,122.0,2010-08-01,2010-12-25,146,25,18.39137,19.387764,17.522482,78.42097,5.8972654,7.682219,82.0956,73.80287,6.854863,4.8042088
25.0,120.0,2010-08-01,2010-12-25,146,25,15.160436,16.85616,13.897433,78.83391,7.334359,2.0413196,83.64244,71.18998,8.31245,6.1499577
25.0,122.0,2010-08-01,2010-12-25,146,25,19.259071,19.84964,18.56547,75.98327,8.225769,6.4523463,78.591194,73.41697,9.232957,7.0302415
25.0,121.0,2010-08-01,2010-12-25,146,25,17.65351,18.59267,16.714127,78.58191,7.714478,3.481139,82.114944,74.12862,8.717795,6.4776726
23.0,121.0,2010-08-01,2010-12-25,146,25,17.879843,19.82522,16.695524,80.803055,3.2312546,4.908779,86.349075,70.609856,3.7656934,2.6796224
23.0,122.0,2010-08-01,2010-12-25,146,25,19.095974,20.091513,18.307379,78.238266,6.2867584,4.686001,81.889984,73.401215,7.1556096,5.3605547
24.0,121.0,2010-08-01,2010-12-25,146,25,16.765997,18.483297,15.585509,81.24455,5.405455,4.6994143,85.78745,73.14122,6.256954,4.4490786
24.0,120.0,2010-08-01,2010-12-25,146,25,18.32649,19.295525,17.459034,79.95232,8.816546,2.2671497,83.749435,74.76855,9.951648,7.508285
22.0,122.0,2010-08-01,2010-12-25,146,25,22.270681,22.611504,21.847553,75.0544,9.776992,3.3114893,77.78115,72.03743,10.782463,8.640784
23.0,120.0,2010-08-01,2010-12-25,146,25,19.443604,20.6308,18.608078,79.49998,6.5429053,2.4691784,84.27001,72.34175,7.331142,5.7341027
22.0,121.0,2010-08-01,2010-12-25,146,25,21.051458,22.168545,20.305538,77.30678,6.6809044,3.5415893,81.92921,70.70474,7.40557,5.9310822
22.0,120.0,2010-08-01,2010-12-25,146,25,20.970747,22.075102,20.242224,77.2344,5.977354,2.5113208,81.84204,70.44831,6.6843977,5.2829156
25.0,122.0,2010-08-01,2010-12-26,147,25,19.04106,19.60329,18.450953,75.36498,8.282544,5.265525,78.467896,72.30722,9.272144,7.1974645
25.0,121.0,2010-08-01,2010-12-26,147,25,17.506035,18.434977,16.681505,78.47364,7.5480433,2.8589063,82.713936,73.44724,8.475206,6.452225
24.0,122.0,2010-08-01,2010-12-26,147,25,18.083458,18.913044,17.29822,78.62644,5.8711004,7.296162,81.93258,74.93843,6.721065,4.8604937
25.0,120.0,2010-08-01,2010-12-26,147,25,14.947126,16.396542,13.833566,79.44507,7.3292894,1.7669873,84.47827,72.40687,8.22571,6.346945
23.0,122.0,2010-08-01,2010-12-26,147,25,18.823597,19.693789,18.04319,79.1184,6.5035915,7.2784595,82.272194,75.4166,7.483992,5.2911363
23.0,121.0,2010-08-01,2010-12-26,147,25,17.706648,19.399694,16.518448,81.428795,3.1928742,5.181294,85.67458,73.427635,3.7382314,2.6298575
24.0,120.0,2010-08-01,2010-12-26,147,25,18.222971,19.140932,17.365255,80.16603,8.726557,1.3965027,84.36929,75.012276,9.837827,7.3656573
24.0,121.0,2010-08-01,2010-12-26,147,25,16.529343,18.087889,15.42961,82.00479,5.4071126,4.8742824,86.239044,75.02396,6.219066,4.393536
22.0,121.0,2010-08-01,2010-12-26,147,25,21.028898,22.058378,20.23002,77.33616,6.7630577,2.6446679,80.896454,72.112274,7.5762877,5.9154944
22.0,120.0,2010-08-01,2010-12-26,147,25,21.019268,22.091803,20.144903,77.52889,6.0516634,2.4853687,81.17839,71.89123,6.877995,5.1870866
22.0,122.0,2010-08-01,2010-12-26,147,25,22.148535,22.575586,21.711748,75.3378,10.153426,4.747334,78.03925,72.6286,11.370388,8.776124
23.0,120.0,2010-08-01,2010-12-26,147,25,19.404377,20.454605,18.4992,79.58867,6.48951,1.6827612,83.59205,73.49288,7.2798047,5.6776776
24.0,122.0,2010-08-01,2010-12-27,148,25,18.119087,18.835611,17.484352,78.25517,5.697339,7.0207033,81.999275,74.40191,6.685343,4.5751653
25.0,120.0,2010-08-01,2010-12-27,148,25,14.88835,16.19181,13.862555,79.026596,7.5830092,2.6591456,83.64436,73.161,8.472944,6.3772326
25.0,122.0,2010-08-01,2010-12-27,148,25,19.098501,19.686365,18.544567,75.17829,8.112575,6.0148582,78.86875,72.06945,9.245249,6.862218
25.0,121.0,2010-08-01,2010-12-27,148,25,17.52446,18.358118,16.782661,78.86767,7.6461964,4.0129066,83.028046,74.69985,8.616831,6.329569
23.0,121.0,2010-08-01,2010-12-27,148,25,17.674986,19.296375,16.680635,81.017784,3.247598,4.7068653,86.00779,72.448875,3.7546525,2.700426
23.0,122.0,2010-08-01,2010-12-27,148,25,18.816225,19.575912,18.228292,78.845436,6.3597865,5.4563694,82.42679,74.882416,7.2527037,5.3357897
24.0,121.0,2010-08-01,2010-12-27,148,25,16.526125,17.844374,15.689781,82.157364,5.395421,5.00228,86.06134,76.176384,6.196938,4.3321824
24.0,120.0,2010-08-01,2010-12-27,148,25,18.192926,18.914991,17.527721,80.90398,8.650614,2.2233558,84.207985,77.24292,9.7710905,7.1661882
22.0,122.0,2010-08-01,2010-12-27,148,25,22.131723,22.503618,21.730986,75.17896,10.154547,2.843462,78.9141,72.08954,11.254962,8.991598
23.0,120.0,2010-08-01,2010-12-27,148,25,19.345755,20.333275,18.654333,79.73916,6.458778,1.9212292,83.94791,73.794014,7.1859646,5.5990496
22.0,121.0,2010-08-01,2010-12-27,148,25,20.987715,21.966547,20.300524,77.04032,6.966045,2.0878491,81.49893,71.38105,7.655132,6.287205
22.0,120.0,2010-08-01,2010-12-27,148,25,20.963129,21.926699,20.26883,77.05468,6.3122544,2.2624,81.39622,71.30053,6.920707,5.7273035
25.0,122.0,2010-08-01,2010-12-28,149,25,19.073038,19.765583,18.234571,77.19474,8.086748,9.229384,80.26531,73.98888,9.884789,6.120019
25.0,121.0,2010-08-01,2010-12-28,149,25,17.318438,18.264257,16.33855,80.14032,7.73839,5.919458,83.981804,75.94836,9.13254,6.197679
24.0,122.0,2010-08-01,2010-12-28,149,25,18.228292,19.116531,17.418869,79.95483,5.861466,10.439716,83.35247,75.62872,7.2945323,4.4193544
25.0,120.0,2010-08-01,2010-12-28,149,25,14.662036,15.970302,13.583463,79.86452,7.600032,3.6251428,84.51112,74.04312,8.832654,6.145321
23.0,122.0,2010-08-01,2010-12-28,149,25,18.923796,19.755953,18.211021,80.54437,6.2734737,8.523215,83.188965,77.02526,7.467528,5.0784945
23.0,121.0,2010-08-01,2010-12-28,149,25,17.779509,19.483812,16.708893,82.39487,3.2270682,7.2201147,87.11261,74.35924,3.99878,2.4394536
24.0,120.0,2010-08-01,2010-12-28,149,25,17.951872,18.817692,17.159704,81.43664,9.164713,3.865011,85.0134,77.00334,10.571583,7.1587553
24.0,121.0,2010-08-01,2010-12-28,149,25,16.453655,17.86509,15.499835,83.0785,5.4822655,7.1169777,87.02615,77.43271,6.607568,4.129817
22.0,121.0,2010-08-01,2010-12-28,149,25,20.999277,21.943623,20.28863,79.2216,6.8441257,4.7231665,82.65505,74.08494,7.9131384,5.8954887
22.0,120.0,2010-08-01,2010-12-28,149,25,20.974218,22.008238,20.241728,78.983894,6.3054156,5.274929,82.85454,73.24519,7.173008,5.4260607
22.0,122.0,2010-08-01,2010-12-28,149,25,22.14644,22.55004,21.696505,77.63597,9.969559,6.027495,80.06374,75.25522,11.536598,8.577305
23.0,120.0,2010-08-01,2010-12-28,149,25,19.280857,20.283026,18.527784,80.71667,6.8844213,3.9553466,84.771706,75.04752,7.8107567,5.681986
24.0,122.0,2010-08-01,2010-12-29,150,25,17.860737,18.779757,17.00819,78.21583,5.9328113,6.7320266,81.353966,74.83415,7.2807198,4.5262666
25.0,120.0,2010-08-01,2010-12-29,150,25,14.298653,15.848964,13.19857,78.311386,7.668356,1.5281787,83.08178,71.936165,8.714159,6.3203998
25.0,122.0,2010-08-01,2010-12-29,150,25,18.608196,19.267143,17.966026,75.40014,8.447344,6.710054,78.82405,72.21606,9.925946,6.7162123
25.0,121.0,2010-08-01,2010-12-29,150,25,16.850464,17.844385,15.989205,78.25969,8.169055,3.8060071,82.39907,74.15597,9.576663,6.5503893
23.0,121.0,2010-08-01,2010-12-29,150,25,17.438385,19.184792,16.261515,81.443886,3.3125644,4.1819677,85.90805,73.54493,4.004938,2.618856
23.0,122.0,2010-08-01,2010-12-29,150,25,18.67619,19.62791,17.842936,78.88854,6.4763317,4.8185744,82.2159,75.0878,7.799914,5.128784
24.0,121.0,2010-08-01,2010-12-29,150,25,16.083006,17.660536,15.014235,81.31127,5.713556,3.8114893,85.11684,75.35413,6.6467347,4.5361247
24.0,120.0,2010-08-01,2010-12-29,150,25,17.57824,18.58487,16.72691,79.97007,9.4132,1.0991015,83.73318,75.58824,10.538264,8.015275
22.0,122.0,2010-08-01,2010-12-29,150,25,22.06312,22.558437,21.541685,75.670235,10.14567,3.1779492,79.30289,72.29943,11.703772,8.606588
23.0,120.0,2010-08-01,2010-12-29,150,25,18.936813,20.091375,18.079561,80.04986,6.9905066,1.4604309,84.18965,74.06803,7.76098,6.2469807
22.0,121.0,2010-08-01,2010-12-29,150,25,20.821949,21.874683,20.04108,77.91388,6.929098,2.5389063,82.20772,72.42728,7.9201202,6.0350633
22.0,120.0,2010-08-01,2010-12-29,150,25,20.700865,21.8,19.853521,78.3748,6.203446,3.1999218,82.89035,72.33392,7.013645,5.409391
25.0,122.0,2010-08-01,2010-12-30,151,25,18.366426,18.967472,17.54549,75.29586,8.312366,6.0257106,78.47661,72.42914,10.138198,6.601334
25.0,121.0,2010-08-01,2010-12-30,151,25,16.636913,17.590448,15.710172,77.73296,7.990211,3.4945605,81.65793,73.60471,9.638708,6.406959
24.0,122.0,2010-08-01,2010-12-30,151,25,17.745546,18.825583,16.809,77.823784,6.319856,6.2539845,81.67196,73.51174,7.8123674,4.9324536
25.0,120.0,2010-08-01,2010-12-30,151,25,14.2107115,15.881081,12.953927,77.77648,7.500885,2.2415051,82.872795,70.53056,8.841436,6.233099
23.0,122.0,2010-08-01,2010-12-30,151,25,18.562868,19.61435,17.68209,78.49933,6.5731506,4.9154835,82.365105,73.840706,7.8727846,5.204738
23.0,121.0,2010-08-01,2010-12-30,151,25,17.402824,19.425053,16.188072,80.250946,3.407427,3.6252003,85.540596,70.75101,4.208538,2.6716006
24.0,120.0,2010-08-01,2010-12-30,151,25,17.40712,18.25445,16.615509,79.20083,9.597063,1.213064,82.958145,74.96481,11.005271,8.223556
24.0,121.0,2010-08-01,2010-12-30,151,25,15.996046,17.74865,14.865734,80.456505,5.875636,3.7094262,84.913605,72.99192,7.095943,4.7361174
22.0,121.0,2010-08-01,2010-12-30,151,25,20.691818,21.754194,19.88864,77.496185,6.776083,2.0016723,81.655365,71.81233,7.6471643,5.903111
22.0,120.0,2010-08-01,2010-12-30,151,25,20.527416,21.622637,19.798292,77.419716,6.1423364,1.7465357,81.4665,71.51239,7.1775527,5.120577
22.0,122.0,2010-08-01,2010-12-30,151,25,21.854858,22.306982,21.32796,76.01849,10.003167,3.2907276,79.538025,73.15335,11.511069,8.529596
23.0,120.0,2010-08-01,2010-12-30,151,25,18.816458,19.876303,18.062136,78.947624,7.136588,1.1141895,83.22196,73.11169,8.054052,6.251759
24.0,122.0,2010-08-01,2010-12-31,152,25,17.101967,18.093048,15.985235,77.2703,6.7195,7.5378857,80.49233,73.98754,8.087078,5.137168
25.0,120.0,2010-08-01,2010-12-31,152,25,13.702379,15.322165,12.187037,75.16594,7.6028523,1.3928894,82.15745,68.11528,8.7863655,6.1241703
25.0,122.0,2010-08-01,2010-12-31,152,25,17.637842,18.692907,16.5447,73.09653,8.892023,5.353452,76.425964,69.54102,10.42283,7.1196218
25.0,121.0,2010-08-01,2010-12-31,152,25,16.105713,17.127893,14.859982,75.425865,8.155048,2.7634509,79.842575,70.756966,9.5404625,6.5545983
23.0,121.0,2010-08-01,2010-12-31,152,25,16.9401,18.62122,15.652975,80.27859,3.6871157,5.608562,85.20737,73.14834,4.466366,2.8631372
23.0,122.0,2010-08-01,2010-12-31,152,25,18.004934,18.996283,16.91937,78.88828,7.2074995,6.81584,82.3669,75.1631,8.68336,5.541495
24.0,121.0,2010-08-01,2010-12-31,152,25,15.551367,17.086414,14.290705,79.84559,6.082448,4.9347363,84.67394,73.92849,7.263395,4.6625075
24.0,120.0,2010-08-01,2010-12-31,152,25,17.00531,17.949715,15.988385,77.62519,9.587992,1.477727,82.03544,73.06164,11.0997715,7.736705
22.0,122.0,2010-08-01,2010-12-31,152,25,21.277021,21.93395,20.440187,76.08503,10.722701,4.8364697,79.13938,72.8626,12.514154,8.845514
23.0,120.0,2010-08-01,2010-12-31,152,25,18.397163,19.392782,17.424938,77.99312,7.2294893,2.1393445,82.09828,73.0355,8.268145,6.076227
22.0,121.0,2010-08-01,2010-12-31,152,25,20.209192,21.232964,19.199709,77.27682,7.160115,3.6175976,80.93247,72.75773,8.270047,6.096701
22.0,120.0,2010-08-01,2010-12-31,152,25,20.112583,21.113989,19.211939,77.173615,6.312524,3.609048,81.15001,72.59228,7.2326775,5.3568068
