latitude,longitude,init_date,valid_date,lead_day,ens_n,t2m_C,t2m_C_max,t2m_C_min,rh_pct,wind_mps,tp_mm_mean,rh_pct_max,rh_pct_min,wind_mps_max,wind_mps_min
22.5,120.5,2024-08-01,2024-08-01,0,51,27.72667,29.49503,26.270618,85.24632,2.3556678,0.0,92.334724,76.15604,2.9299538,1.7785559
24.5,120.5,2024-08-01,2024-08-01,0,51,27.749048,29.172035,26.550299,86.362114,4.7868223,0.0,91.041885,79.19081,5.399219,4.2506084
23.5,120.5,2024-08-01,2024-08-01,0,51,25.76189,28.54309,23.706318,87.12331,1.527512,0.0,95.00461,73.77878,2.4114714,0.91965634
22.5,121.5,2024-08-01,2024-08-01,0,51,28.786041,29.757168,27.842539,85.563805,2.9811275,0.0,90.49057,79.56857,3.8177934,2.2061596
24.5,121.5,2024-08-01,2024-08-01,0,51,24.68129,27.058792,22.74584,87.59972,0.5667422,0.0,94.740395,77.13489,0.864458,0.32466966
23.5,121.5,2024-08-01,2024-08-01,0,51,25.48165,27.485186,23.958883,89.164696,0.93457365,0.0,94.87371,81.05202,1.5109928,0.48754716
23.5,120.5,2024-08-01,2024-08-02,1,51,25.704199,28.308233,23.309448,86.37409,1.1112849,2.7756035,95.93679,75.28028,2.2617228,0.50305027
22.5,120.5,2024-08-01,2024-08-02,1,51,27.828587,29.696215,26.43238,85.63822,2.3486037,1.3008865,92.247185,76.85503,3.8104963,1.3322482
23.5,121.5,2024-08-01,2024-08-02,1,51,25.467604,27.363838,23.904194,87.8771,0.8536074,3.69244,93.24546,81.08683,1.5642933,0.27026722
24.5,121.5,2024-08-01,2024-08-02,1,51,24.847439,27.219002,22.773718,86.30336,0.7616211,3.2264485,94.00173,77.157486,1.2882389,0.3562514
22.5,121.5,2024-08-01,2024-08-02,1,51,28.71657,29.855413,28.017523,85.30368,2.2145472,0.7388545,89.18,78.85883,3.191877,1.3490012
24.5,120.5,2024-08-01,2024-08-02,1,51,27.921877,29.46004,26.571436,84.75639,4.2326865,0.28367135,90.75485,78.38093,4.897403,3.5770192
23.5,120.5,2024-08-01,2024-08-03,2,51,25.755259,28.305044,23.188995,86.72447,0.88488203,3.9417791,96.096504,74.624916,1.5021036,0.36585975
22.5,121.5,2024-08-01,2024-08-03,2,51,28.665098,29.482471,27.960455,85.605255,1.9596964,0.92809343,89.564384,80.67759,2.6220295,1.3718613
22.5,120.5,2024-08-01,2024-08-03,2,51,27.917253,29.872332,26.333986,85.8749,1.6964997,2.7168124,92.93667,76.99206,2.7141876,0.69440126
24.5,120.5,2024-08-01,2024-08-03,2,51,27.969212,29.605864,26.48794,85.461655,3.0573366,0.70706534,92.10455,77.48591,3.8227882,2.2944343
24.5,121.5,2024-08-01,2024-08-03,2,51,24.93105,26.986187,22.96971,85.86977,0.79833716,1.9841661,93.43058,76.17187,1.2876604,0.32535434
23.5,121.5,2024-08-01,2024-08-03,2,51,25.644371,27.422998,24.04006,85.211365,0.81882423,2.0330093,90.07497,77.76034,1.7951083,0.2983901
23.5,121.5,2024-08-01,2024-08-04,3,51,25.444008,27.59698,23.92822,84.003525,0.87442845,0.52104276,90.45434,73.86443,1.7757504,0.3160675
24.5,121.5,2024-08-01,2024-08-04,3,51,24.694277,27.095984,22.741716,86.7998,0.8690646,1.1413425,94.940834,74.77468,1.5208969,0.41278648
22.5,121.5,2024-08-01,2024-08-04,3,51,28.502583,29.386387,27.805561,85.06231,1.8522083,0.4911236,88.79146,79.86013,2.5956328,1.1466146
23.5,120.5,2024-08-01,2024-08-04,3,51,25.699753,28.711142,23.37989,86.53237,1.0491769,2.144907,95.293915,71.847046,1.811596,0.51012653
24.5,120.5,2024-08-01,2024-08-04,3,51,27.830086,29.539112,26.4687,84.88917,1.9690828,0.7375081,91.837,75.93878,2.8555012,1.1508272
22.5,120.5,2024-08-01,2024-08-04,3,51,27.987293,29.971174,26.609133,84.44715,1.3717209,1.3568355,90.87748,73.94136,2.2877553,0.49770266
22.5,120.5,2024-08-01,2024-08-05,4,51,27.918148,30.142145,26.275894,84.23829,1.5123099,3.1134663,91.36986,73.82295,2.4279265,0.67956305
24.5,120.5,2024-08-01,2024-08-05,4,51,27.781803,29.60695,26.242346,85.009346,1.9487985,0.93863994,92.930016,75.46003,2.9904284,1.0006193
23.5,120.5,2024-08-01,2024-08-05,4,51,25.605312,28.762243,22.996367,85.91125,1.1038266,2.6857712,95.520065,71.00997,2.0585778,0.45989832
22.5,121.5,2024-08-01,2024-08-05,4,51,28.31651,29.255312,27.529907,84.34271,2.42595,2.0325603,88.92319,78.96677,3.6474283,1.3965417
24.5,121.5,2024-08-01,2024-08-05,4,51,24.420322,27.145554,22.369835,86.41789,1.3043499,1.2328204,94.74984,72.79236,2.5232122,0.5300662
23.5,121.5,2024-08-01,2024-08-05,4,51,25.159657,27.031736,23.669085,85.393166,1.2588494,2.1289752,91.77675,76.32013,2.2802196,0.54827327
23.5,120.5,2024-08-01,2024-08-06,5,51,25.34123,27.786736,23.191788,87.223,0.9783156,8.37139,95.03793,76.16162,1.6576602,0.43988827
22.5,120.5,2024-08-01,2024-08-06,5,51,27.638248,29.367256,26.22924,84.92487,1.4532044,9.019291,90.80852,77.09058,2.5141656,0.62561494
23.5,121.5,2024-08-01,2024-08-06,5,51,24.914003,26.320206,23.64126,87.51599,1.2759949,8.033005,92.36918,81.13909,2.3203676,0.5007732
24.5,121.5,2024-08-01,2024-08-06,5,51,24.304264,26.36748,22.53602,87.39045,1.4199326,5.0545487,94.84151,77.656395,2.5964918,0.67742014
22.5,121.5,2024-08-01,2024-08-06,5,51,28.14043,29.01936,27.513145,84.59194,2.1027086,5.855934,88.06803,79.61587,3.127059,1.2661238
24.5,120.5,2024-08-01,2024-08-06,5,51,27.64854,29.096172,26.37626,85.6533,2.055311,3.4061506,91.937454,78.369896,3.09979,1.1311568
24.5,120.5,2024-08-01,2024-08-07,6,51,27.54234,28.915361,26.418,85.80969,2.346538,4.863365,91.192276,79.59838,3.1188555,1.5991814
22.5,121.5,2024-08-01,2024-08-07,6,51,28.24082,29.187492,27.531122,84.634796,2.5365744,5.4566627,88.122406,80.365585,3.7370484,1.3769448
24.5,121.5,2024-08-01,2024-08-07,6,51,24.251707,26.209978,22.71187,87.987335,1.201199,8.696762,94.16544,79.58996,1.9307158,0.62888473
23.5,121.5,2024-08-01,2024-08-07,6,51,24.815441,26.057558,23.70411,87.92784,1.0215057,12.001785,91.59432,83.52649,1.9050282,0.3989896
22.5,120.5,2024-08-01,2024-08-07,6,51,27.401772,28.902035,26.12911,85.93784,1.9844992,12.048459,91.62774,79.31844,3.2312577,1.0950903
23.5,120.5,2024-08-01,2024-08-07,6,51,25.224726,27.479317,23.161854,87.58914,1.1587085,11.972165,94.74212,78.56985,1.8591009,0.6540262
23.5,121.5,2024-08-01,2024-08-08,7,51,24.958765,26.23972,23.881048,87.38748,1.0077367,9.998247,91.13127,82.498825,1.90823,0.41420653
24.5,121.5,2024-08-01,2024-08-08,7,51,24.32148,26.204678,22.808348,87.72824,1.0855949,8.913227,93.97873,79.57043,1.661233,0.59864265
22.5,121.5,2024-08-01,2024-08-08,7,51,28.288765,29.317385,27.588293,85.02305,2.830417,4.286224,88.7117,79.90878,3.9942565,1.79494
23.5,120.5,2024-08-01,2024-08-08,7,51,25.262026,27.629923,23.30943,87.57579,1.3519348,13.272753,94.55233,78.00988,2.0705178,0.83856606
24.5,120.5,2024-08-01,2024-08-08,7,51,27.611855,28.962645,26.563984,85.604256,3.071643,6.0098686,90.67799,79.647316,3.8598976,2.2873836
22.5,120.5,2024-08-01,2024-08-08,7,51,27.296282,28.888355,26.001726,86.99421,2.3280945,12.923147,93.06708,79.93742,3.6106617,1.2739509
24.5,120.5,2024-08-01,2024-08-09,8,51,27.55528,28.785889,26.557102,86.08461,3.483569,10.251513,90.932014,80.358444,4.3785677,2.538795
22.5,120.5,2024-08-01,2024-08-09,8,51,27.37522,28.956863,26.260706,86.5281,2.4765346,12.908486,91.66069,79.37268,3.6931336,1.4582831
23.5,120.5,2024-08-01,2024-08-09,8,51,25.236395,27.496834,23.397648,87.79834,1.5612782,15.726576,94.28263,78.50271,2.4548836,0.94029635
24.5,121.5,2024-08-01,2024-08-09,8,51,24.312883,26.129557,22.848429,87.78601,1.0618309,11.131436,93.80731,79.66041,1.6757458,0.5618545
22.5,121.5,2024-08-01,2024-08-09,8,51,28.3541,29.389866,27.670044,85.125404,3.2312233,3.9013133,88.77307,79.72628,4.3926716,2.1070445
23.5,121.5,2024-08-01,2024-08-09,8,51,25.052122,26.549742,23.911158,87.32384,1.0516226,9.950825,91.5172,81.48225,1.9890354,0.43833584
22.5,121.5,2024-08-01,2024-08-10,9,51,28.406689,29.431957,27.702875,84.94168,3.2429914,2.7782965,88.74647,79.419785,4.3769255,2.2115607
24.5,121.5,2024-08-01,2024-08-10,9,51,24.371904,26.230602,22.842716,87.30428,1.0915608,8.144005,93.76318,78.43844,1.6368884,0.5678718
23.5,120.5,2024-08-01,2024-08-10,9,51,25.218786,27.39874,23.419422,87.45702,1.5869144,13.501784,93.77125,78.54555,2.4189498,1.0408714
24.5,120.5,2024-08-01,2024-08-10,9,51,27.655405,28.941305,26.619429,85.49753,3.920467,7.4307313,90.50942,79.61252,4.718736,3.089672
23.5,121.5,2024-08-01,2024-08-10,9,51,25.006786,26.437996,23.885658,87.54721,1.1465279,7.5137568,91.72436,81.7231,1.997736,0.5778021
22.5,120.5,2024-08-01,2024-08-10,9,51,27.366152,28.8747,26.223867,86.55649,2.4657142,9.924645,91.79289,79.80407,3.6625848,1.3683233
23.5,120.5,2024-08-01,2024-08-11,10,51,25.28634,27.707056,23.138105,87.00878,1.6553328,9.0655155,94.3027,77.11223,2.3965628,1.1418674
22.5,120.5,2024-08-01,2024-08-11,10,51,27.456339,29.203964,26.176945,86.44487,2.1963408,7.523331,92.35122,78.63056,3.3892176,1.2922323
24.5,121.5,2024-08-01,2024-08-11,10,51,24.46308,26.501322,22.8,86.66381,1.0908469,6.6475964,93.50564,77.33563,1.7156166,0.5911794
22.5,121.5,2024-08-01,2024-08-11,10,51,28.52491,29.589775,27.82576,84.45556,3.1652412,2.5802314,88.318596,78.84358,4.217489,2.2294996
24.5,120.5,2024-08-01,2024-08-11,10,51,27.688953,29.097073,26.559887,85.11519,4.051815,4.326764,90.49208,78.434265,4.9210515,3.2153945
23.5,121.5,2024-08-01,2024-08-11,10,51,25.111862,26.68637,23.777342,86.711365,1.0404937,6.844614,91.49376,80.05445,1.9406775,0.4223174
22.5,121.5,2024-08-01,2024-08-12,11,51,28.585281,29.652021,27.862705,84.576195,2.826601,2.201903,88.45387,79.01678,4.0495086,1.7101566
23.5,120.5,2024-08-01,2024-08-12,11,51,25.33418,27.716768,23.237677,87.21269,1.5017767,6.7621865,94.19329,77.60084,2.2681203,0.959396
23.5,121.5,2024-08-01,2024-08-12,11,51,25.173334,26.738707,23.856695,86.86217,1.0226638,6.173676,91.4215,80.48825,1.8151634,0.46709234
24.5,121.5,2024-08-01,2024-08-12,11,51,24.476997,26.520422,22.8482,87.11672,0.9538295,9.306664,93.54182,78.33533,1.4413562,0.510779
24.5,120.5,2024-08-01,2024-08-12,11,51,27.70447,28.991776,26.57546,85.46514,3.5518625,4.4600544,90.617035,79.703094,4.4763274,2.629477
22.5,120.5,2024-08-01,2024-08-12,11,51,27.503183,29.147106,26.331615,86.52885,1.8593743,5.5100684,91.80616,79.14895,3.088287,0.8939562
23.5,121.5,2024-08-01,2024-08-13,12,51,25.139633,26.663027,23.844389,86.851036,1.04824,5.100475,91.83492,79.84822,1.8387945,0.48055255
22.5,121.5,2024-08-01,2024-08-13,12,51,28.542456,29.528923,27.870514,84.9357,2.5348098,3.2861748,88.46123,79.8458,3.7268174,1.4103681
24.5,121.5,2024-08-01,2024-08-13,12,51,24.329126,26.27129,22.557056,87.4176,0.96374923,5.7836795,94.522736,78.57076,1.5380939,0.48270795
24.5,120.5,2024-08-01,2024-08-13,12,51,27.742958,29.088041,26.50259,85.6325,2.7470748,3.1950707,91.78481,79.27435,3.5963488,1.8323272
22.5,120.5,2024-08-01,2024-08-13,12,51,27.66021,29.331224,26.44055,86.329124,1.7041355,5.830204,91.86151,78.8729,2.8182065,0.8812394
23.5,120.5,2024-08-01,2024-08-13,12,51,25.427519,27.84459,23.193537,87.53567,1.2172432,6.5000944,95.268105,77.5448,1.9249792,0.6978882
24.5,120.5,2024-08-01,2024-08-14,13,51,27.726864,29.100006,26.606134,85.91871,2.7534451,4.4955087,91.59566,79.06446,3.6928732,1.8740568
23.5,121.5,2024-08-01,2024-08-14,13,51,25.142775,26.710573,23.890532,87.15843,1.1731793,5.907994,91.91424,80.11643,1.9674871,0.6236367
24.5,121.5,2024-08-01,2024-08-14,13,51,24.40074,26.387772,22.77051,87.3759,1.1038507,5.9809966,93.98365,78.2016,1.8454092,0.5165641
23.5,120.5,2024-08-01,2024-08-14,13,51,25.387749,27.917873,23.305437,87.60946,1.2153707,6.980148,94.89332,76.74336,1.8876284,0.7114203
22.5,121.5,2024-08-01,2024-08-14,13,51,28.566612,29.496847,27.90767,84.540665,2.6786509,3.7728105,87.94752,79.80644,3.654425,1.7623143
22.5,120.5,2024-08-01,2024-08-14,13,51,27.728922,29.374823,26.508753,85.55341,1.7154111,6.1594644,91.26593,78.00918,2.685931,0.9376986
24.5,120.5,2024-08-01,2024-08-15,14,51,27.701876,28.988031,26.567621,85.91321,2.940368,4.9882774,90.80758,80.308,3.9715905,1.935383
24.5,121.5,2024-08-01,2024-08-15,14,51,24.341879,26.310623,22.667109,87.31735,1.3249912,6.5570908,93.8013,78.55951,2.1038563,0.74088335
22.5,121.5,2024-08-01,2024-08-15,14,51,28.57094,29.411633,27.881779,84.573845,3.0968726,5.0469193,88.04154,80.38635,4.2747545,1.9696914
23.5,120.5,2024-08-01,2024-08-15,14,51,25.340126,27.706018,23.278524,87.444305,1.297125,8.86416,94.51622,77.59491,2.0485432,0.7272298
23.5,121.5,2024-08-01,2024-08-15,14,51,25.1465,26.654778,23.886137,87.399925,1.2914749,7.2628846,92.156395,80.97225,2.1311758,0.6498686
22.5,120.5,2024-08-01,2024-08-15,14,51,27.64916,29.237001,26.470419,85.857605,1.9119589,8.406246,91.077484,78.66272,2.9866965,1.016298
23.5,120.5,2024-08-01,2024-08-16,15,51,25.38018,27.761148,23.411211,87.796844,1.4448516,10.912278,94.54301,77.97923,2.222434,0.87741715
22.5,121.5,2024-08-01,2024-08-16,15,51,28.587929,29.582983,27.874237,84.55491,3.6711335,6.1512365,88.28779,79.76688,4.880691,2.5303192
23.5,121.5,2024-08-01,2024-08-16,15,51,25.196568,26.722641,23.971254,87.16478,1.5624782,10.1001215,91.63202,80.94536,2.3014998,0.9263515
24.5,120.5,2024-08-01,2024-08-16,15,51,27.739048,29.013857,26.643242,85.5701,3.362699,6.777745,90.48682,79.77479,4.524601,2.149786
24.5,121.5,2024-08-01,2024-08-16,15,51,24.36959,26.270111,22.741627,87.72594,1.5908885,10.7758465,93.845146,79.697685,2.225615,0.94092065
22.5,120.5,2024-08-01,2024-08-16,15,51,27.695417,29.38436,26.475082,85.87027,2.1931975,8.684345,91.20661,78.32894,3.2192948,1.3267817
22.5,121.5,2024-08-01,2024-08-17,16,51,28.54343,29.452251,27.792387,84.903244,3.9967713,7.444494,88.59947,80.429955,5.095565,2.836305
23.5,121.5,2024-08-01,2024-08-17,16,51,25.211218,26.866493,23.927149,87.27482,1.7478269,10.271259,92.09475,80.50232,2.6659286,1.0539193
23.5,120.5,2024-08-01,2024-08-17,16,51,25.462175,27.851442,23.425552,87.639206,1.5371972,12.859718,94.35691,78.38739,2.3356519,0.9139281
24.5,120.5,2024-08-01,2024-08-17,16,51,27.805887,29.11978,26.725567,85.464874,3.5529993,9.107852,90.41297,79.635925,4.600581,2.5093758
22.5,120.5,2024-08-01,2024-08-17,16,51,27.691427,29.188644,26.528263,85.671646,2.0680904,8.74179,90.67328,79.18174,3.090221,1.2772021
24.5,121.5,2024-08-01,2024-08-17,16,51,24.42385,26.331184,22.93084,87.5578,1.6331877,12.132234,93.62369,79.33977,2.2612696,0.979658
22.5,121.5,2024-08-01,2024-08-18,17,51,28.435474,29.29561,27.724686,85.57689,3.9774044,6.669886,89.08786,81.397484,5.3394938,2.6003466
24.5,121.5,2024-08-01,2024-08-18,17,51,24.384645,26.348364,22.864885,87.89869,1.4855899,8.100921,93.87566,79.48753,2.1738179,0.8692789
23.5,121.5,2024-08-01,2024-08-18,17,51,25.135345,26.70677,23.991585,87.546585,1.5800589,7.7993355,91.80582,80.908424,2.475486,0.8932477
23.5,120.5,2024-08-01,2024-08-18,17,51,25.483576,27.925367,23.668474,87.860016,1.3903171,8.376178,94.54409,77.616585,2.1280446,0.8328968
24.5,120.5,2024-08-01,2024-08-18,17,51,27.788197,29.168167,26.722507,86.03001,3.0194206,5.731321,91.15489,79.802635,4.0221133,1.981795
22.5,120.5,2024-08-01,2024-08-18,17,51,27.689,29.27855,26.539276,85.86299,2.0985816,7.780187,90.97187,78.51184,3.1137347,1.2061108
24.5,120.5,2024-08-01,2024-08-19,18,51,27.791355,29.142252,26.701588,86.12441,2.9663293,4.347259,91.285355,80.123566,3.952725,1.9421327
22.5,120.5,2024-08-01,2024-08-19,18,51,27.687084,29.297205,26.493355,85.88213,2.168263,8.029115,91.071655,78.92996,3.2015896,1.2136846
24.5,121.5,2024-08-01,2024-08-19,18,51,24.367739,26.281738,22.827183,88.056854,1.490552,7.7299232,93.95605,79.75328,2.1129215,0.97162074
23.5,121.5,2024-08-01,2024-08-19,18,51,25.139078,26.741678,23.904213,87.42487,1.5574117,8.151185,92.01822,80.9267,2.5121543,0.7962674
23.5,120.5,2024-08-01,2024-08-19,18,51,25.489138,27.898287,23.437084,87.64847,1.3661917,8.9605,94.64619,78.10505,2.0348577,0.789181
22.5,121.5,2024-08-01,2024-08-19,18,51,28.460148,29.33512,27.775177,85.5198,3.7992804,6.64984,88.77499,81.430595,5.260341,2.374478
24.5,121.5,2024-08-01,2024-08-20,19,51,24.370613,26.263617,22.833063,88.03982,1.5785419,11.022231,93.76261,79.94991,2.2493086,0.97859347
22.5,121.5,2024-08-01,2024-08-20,19,51,28.41362,29.230852,27.704893,85.42369,3.745521,9.467929,88.69622,81.70449,5.1577964,2.2986362
24.5,120.5,2024-08-01,2024-08-20,19,51,27.73666,29.099472,26.6461,86.47063,2.9970186,5.2553062,91.23397,80.7025,4.0627356,1.8405123
22.5,120.5,2024-08-01,2024-08-20,19,51,27.6299,29.098606,26.435452,85.96657,2.1892748,12.22977,90.90992,79.66234,3.3344173,1.1995199
23.5,121.5,2024-08-01,2024-08-20,19,51,25.124739,26.746262,23.872118,87.523705,1.7547908,12.42604,92.043655,81.384125,2.713022,1.0338917
23.5,120.5,2024-08-01,2024-08-20,19,51,25.39744,27.809618,23.41597,88.16818,1.3512346,10.867848,94.68163,78.75506,2.070243,0.73880553
24.5,121.5,2024-08-01,2024-08-21,20,51,24.36766,26.292171,22.857843,88.48316,1.5990409,10.398715,93.90058,80.82299,2.3308427,0.96486187
24.5,120.5,2024-08-01,2024-08-21,20,51,27.747171,29.059765,26.641102,86.49707,2.939061,5.8566823,91.262405,80.67897,4.2742043,1.7349197
23.5,121.5,2024-08-01,2024-08-21,20,51,25.119461,26.630575,23.919893,87.79272,1.8005623,9.869145,91.99379,82.12091,2.7733223,1.0727881
22.5,120.5,2024-08-01,2024-08-21,20,51,27.713345,29.281487,26.56877,85.568436,2.112641,9.837431,90.668884,78.56992,3.1656685,1.3015558
23.5,120.5,2024-08-01,2024-08-21,20,51,25.457075,27.742401,23.483232,88.017494,1.3038106,11.070701,94.80423,78.87378,1.9856427,0.791998
22.5,121.5,2024-08-01,2024-08-21,20,51,28.45289,29.284191,27.782248,85.001495,3.601669,7.983339,88.35834,80.99847,4.9543805,2.2711337
24.5,121.5,2024-08-01,2024-08-22,21,51,24.293749,26.25215,22.758602,88.51449,1.6458912,11.3573265,94.09241,80.244415,2.3853135,0.9945241
23.5,120.5,2024-08-01,2024-08-22,21,51,25.42191,27.791504,23.552143,88.17283,1.296416,14.02911,94.703514,78.58959,2.0555048,0.7340564
24.5,120.5,2024-08-01,2024-08-22,21,51,27.732676,29.161371,26.638847,86.469826,2.8904345,7.084566,91.14373,80.53551,4.0386467,1.7260691
22.5,120.5,2024-08-01,2024-08-22,21,51,27.628174,29.141056,26.495663,86.17953,2.2207327,12.420954,91.28994,79.388535,3.1691365,1.4089181
22.5,121.5,2024-08-01,2024-08-22,21,51,28.363132,29.159008,27.67258,85.29106,3.6315691,12.104408,88.47949,81.4887,5.006283,2.3817358
23.5,121.5,2024-08-01,2024-08-22,21,51,25.058876,26.556875,23.90125,87.624405,1.7611177,12.715059,92.02775,81.44171,2.706399,1.0523707
24.5,121.5,2024-08-01,2024-08-23,22,51,24.291044,26.14536,22.806725,88.329315,2.0028687,12.14839,93.791626,80.724884,2.6818461,1.3534037
22.5,120.5,2024-08-01,2024-08-23,22,51,27.533089,28.946926,26.480177,86.36125,2.4660854,14.276242,90.738914,79.78773,3.396835,1.5795178
23.5,121.5,2024-08-01,2024-08-23,22,51,25.096527,26.662365,23.881426,87.54521,2.0150914,13.627595,92.061264,81.46619,3.0254426,1.1035542
24.5,120.5,2024-08-01,2024-08-23,22,51,27.69691,28.986046,26.639223,86.23883,2.7711737,6.373686,90.89359,80.31742,3.9310453,1.7233149
23.5,120.5,2024-08-01,2024-08-23,22,51,25.364803,27.660995,23.517477,88.00115,1.3679421,11.885699,94.31881,78.8808,2.0820403,0.76308405
22.5,121.5,2024-08-01,2024-08-23,22,51,28.30392,29.027197,27.640894,85.73183,4.194287,12.034996,88.81243,82.0038,5.5319047,2.968371
22.5,121.5,2024-08-01,2024-08-24,23,51,28.183865,28.958178,27.543615,85.9321,4.404814,9.795245,89.00108,82.37976,5.814206,3.0878146
23.5,120.5,2024-08-01,2024-08-24,23,51,25.443275,27.934015,23.50579,87.72517,1.5118755,11.6472435,94.45156,77.52595,2.2914648,0.8372246
22.5,120.5,2024-08-01,2024-08-24,23,51,27.494392,29.073751,26.366735,86.441864,2.5755532,14.209822,91.12232,79.53884,3.4758227,1.6816367
23.5,121.5,2024-08-01,2024-08-24,23,51,25.084436,26.680092,23.923046,87.493515,2.0806582,9.777293,91.90305,81.1137,3.0137198,1.2748256
24.5,121.5,2024-08-01,2024-08-24,23,51,24.33416,26.381542,22.737867,88.116844,1.9110502,10.359221,93.91721,79.45816,2.6983721,1.2188824
24.5,120.5,2024-08-01,2024-08-24,23,51,27.74444,29.1433,26.567394,86.33447,2.9931977,6.4682307,91.43313,80.175735,4.2968807,1.78522
23.5,120.5,2024-08-01,2024-08-25,24,51,25.304764,27.616064,23.393839,88.13476,1.5203348,13.736201,94.44475,79.20337,2.223733,0.9249339
22.5,121.5,2024-08-01,2024-08-25,24,51,28.139122,28.880213,27.45223,86.07399,4.8617606,11.881511,88.99328,82.679,6.2802987,3.4590852
24.5,121.5,2024-08-01,2024-08-25,24,51,24.26189,26.103216,22.775515,87.99278,1.739083,10.294597,93.382515,80.66458,2.4113443,1.0727237
24.5,120.5,2024-08-01,2024-08-25,24,51,27.65561,29.004328,26.518906,86.595375,2.95043,7.801131,91.16091,80.96626,4.3127255,1.6815357
23.5,121.5,2024-08-01,2024-08-25,24,51,24.98582,26.494095,23.785692,87.77467,1.9711086,10.003781,92.16203,81.98598,2.8576095,1.1857351
22.5,120.5,2024-08-01,2024-08-25,24,51,27.372768,28.681807,26.35332,86.77166,2.5823574,15.021829,90.78325,80.943535,3.563991,1.6652819
22.5,121.5,2024-08-01,2024-08-26,25,51,28.004923,28.766865,27.37405,86.117645,4.8467107,12.243533,89.01265,82.66371,6.164899,3.446872
23.5,120.5,2024-08-01,2024-08-26,25,51,25.189724,27.380936,23.424751,88.59889,1.4725226,17.122156,94.49467,80.45022,2.1858134,0.8284203
22.5,120.5,2024-08-01,2024-08-26,25,51,27.248537,28.611137,26.236073,86.82171,2.764894,17.101213,90.916435,81.119064,3.8095903,1.8470293
23.5,121.5,2024-08-01,2024-08-26,25,51,24.894659,26.417164,23.736094,87.98633,1.9188932,13.604557,91.827675,82.70755,2.858589,1.0686914
24.5,120.5,2024-08-01,2024-08-26,25,51,27.505508,28.714346,26.4771,86.695,2.9999099,9.2079315,90.78453,81.87246,4.0190563,2.0067787
24.5,121.5,2024-08-01,2024-08-26,25,51,24.197191,26.166464,22.609375,88.05227,1.7585263,11.957805,93.630135,80.638565,2.3475041,1.199581
23.5,120.5,2024-08-01,2024-08-27,26,51,25.053015,27.28065,23.302519,88.66563,1.4914271,12.946933,94.62139,79.80756,2.257811,0.8500537
22.5,121.5,2024-08-01,2024-08-27,26,51,27.962128,28.74398,27.32898,86.39993,4.707354,10.740691,89.18638,83.03621,5.8896713,3.3672051
23.5,121.5,2024-08-01,2024-08-27,26,51,24.83008,26.321281,23.709654,87.646774,1.677459,11.102116,91.63931,81.784485,2.5654588,0.94147074
22.5,120.5,2024-08-01,2024-08-27,26,51,27.192596,28.518116,26.153566,86.93666,2.5652816,15.226775,91.38985,81.19094,3.4808605,1.7526181
24.5,120.5,2024-08-01,2024-08-27,26,51,27.394016,28.66985,26.418976,86.99549,3.0827956,9.396123,91.22333,81.602425,4.296664,2.0306528
24.5,121.5,2024-08-01,2024-08-27,26,51,24.100235,26.024412,22.591505,88.11173,1.6197116,10.5414295,93.38056,80.482796,2.3129566,0.9840135
22.5,121.5,2024-08-01,2024-08-28,27,51,27.928364,28.680807,27.274248,86.010445,4.1432924,13.678757,88.937325,82.55669,5.4527984,2.7854505
23.5,120.5,2024-08-01,2024-08-28,27,51,25.137234,27.528488,23.32077,88.340195,1.3592654,13.84391,94.54561,78.46252,2.1063945,0.76222736
22.5,120.5,2024-08-01,2024-08-28,27,51,27.215216,28.650276,26.090254,86.62048,2.56541,14.328003,91.229294,80.38629,3.4609926,1.6473923
24.5,121.5,2024-08-01,2024-08-28,27,51,24.029112,26.016504,22.549194,88.13062,1.8135638,8.649939,93.88391,80.12062,2.528995,1.1268396
23.5,121.5,2024-08-01,2024-08-28,27,51,24.783737,26.31608,23.648796,87.5405,1.7057767,10.891484,92.07899,81.35125,2.540074,0.94453615
24.5,120.5,2024-08-01,2024-08-28,27,51,27.442045,28.811316,26.364153,86.66644,3.0040598,7.547715,91.38604,80.99591,4.269029,1.8537569
23.5,120.5,2024-08-01,2024-08-29,28,51,24.99352,27.324615,23.153164,88.42867,1.4409492,14.887791,94.65997,78.909065,2.1375518,0.8135
22.5,121.5,2024-08-01,2024-08-29,28,51,27.865448,28.571283,27.2358,85.949936,4.5182548,15.088549,88.88499,82.444664,5.8053613,3.2002752
23.5,121.5,2024-08-01,2024-08-29,28,51,24.61335,26.07146,23.506641,87.956245,1.991734,14.004875,92.022766,82.47953,2.892045,1.1596407
22.5,120.5,2024-08-01,2024-08-29,28,51,27.121105,28.48505,26.102726,86.617035,2.6526322,16.54352,90.70058,80.61895,3.616167,1.8275677
24.5,121.5,2024-08-01,2024-08-29,28,51,23.971348,25.863678,22.480827,87.55693,1.9339284,10.89657,93.17693,80.05567,2.7777324,1.1571273
24.5,120.5,2024-08-01,2024-08-29,28,51,27.414343,28.732243,26.325165,85.9307,3.022821,9.60825,90.67416,80.47272,4.268858,1.849661
22.5,121.5,2024-08-01,2024-08-30,29,51,27.78776,28.464695,27.182966,86.10258,4.558004,14.847101,88.79213,82.77844,6.081373,3.0699131
23.5,120.5,2024-08-01,2024-08-30,29,51,24.958046,27.137066,23.304398,88.44004,1.6200778,15.538235,94.15652,79.74734,2.4342868,0.97089654
24.5,120.5,2024-08-01,2024-08-30,29,51,27.340313,28.605555,26.303017,86.06777,3.650705,10.71167,90.46806,80.58069,4.97694,2.2565744
22.5,120.5,2024-08-01,2024-08-30,29,51,27.055578,28.41502,26.03743,86.697914,2.7278547,15.729118,90.815254,80.6036,3.809538,1.8055471
24.5,121.5,2024-08-01,2024-08-30,29,51,23.851822,25.69982,22.410303,88.20571,2.1605167,12.40749,93.60166,80.559074,2.9299777,1.4875469
23.5,121.5,2024-08-01,2024-08-30,29,51,24.663881,26.131992,23.611975,87.47836,2.1065686,14.580222,91.60029,81.70588,3.1473098,1.1293212
23.5,121.5,2024-08-01,2024-08-31,30,51,24.599564,25.930323,23.5777,87.69933,1.9070536,13.58511,91.74808,82.153046,2.7389135,1.1465904
22.5,121.5,2024-08-01,2024-08-31,30,51,27.80422,28.523033,27.194569,85.97509,4.6125765,14.871335,88.92187,82.45554,5.9240403,3.3330834
22.5,120.5,2024-08-01,2024-08-31,30,51,27.01288,28.3514,26.013544,86.949,2.9148304,19.459444,91.18787,81.009094,3.9314587,2.0080245
24.5,120.5,2024-08-01,2024-08-31,30,51,27.274952,28.484169,26.287863,86.39979,3.4586408,8.501839,90.41061,81.48487,4.8009877,2.3436244
23.5,120.5,2024-08-01,2024-08-31,30,51,24.97487,27.033115,23.355204,88.295135,1.6347721,14.993107,94.109634,79.85013,2.5237565,0.94175524
24.5,121.5,2024-08-01,2024-08-31,30,51,23.783474,25.537842,22.438238,88.5267,2.0532365,10.955213,93.61741,81.24526,2.8183157,1.3922014
24.5,121.5,2024-08-01,2024-09-01,31,51,23.788952,25.750656,22.397507,88.20245,1.898116,12.0218315,93.41148,80.36564,2.615141,1.2423476
23.5,120.5,2024-08-01,2024-09-01,31,51,24.937572,27.285582,23.12651,88.39125,1.6007636,12.861962,94.321884,79.00067,2.4531848,0.9094474
22.5,121.5,2024-08-01,2024-09-01,31,51,27.770416,28.5018,27.105701,86.0007,4.550844,12.404199,89.10603,82.64051,5.9580073,3.1955848
22.5,120.5,2024-08-01,2024-09-01,31,51,27.074482,28.620426,25.9457,86.497894,2.8095458,15.575035,91.15205,79.62403,3.7752192,1.9364561
24.5,120.5,2024-08-01,2024-09-01,31,51,27.269594,28.496284,26.295626,86.29831,3.1446393,8.210126,90.49413,80.924385,4.496206,1.8318433
23.5,121.5,2024-08-01,2024-09-01,31,51,24.532242,25.974104,23.440742,87.56791,1.926387,10.802923,91.86012,81.92773,2.7826009,1.1861677
22.5,120.5,2024-08-01,2024-09-02,32,51,27.111876,28.54873,26.007542,86.24244,2.5312192,14.988319,90.918274,79.80765,3.58428,1.6137387
24.5,120.5,2024-08-01,2024-09-02,32,51,27.30875,28.721298,26.179417,85.98888,3.3392086,7.448982,90.80235,80.14922,4.578414,2.1292136
23.5,120.5,2024-08-01,2024-09-02,32,51,24.929106,27.37211,23.157743,88.15917,1.560201,11.858772,94.41056,78.480865,2.282803,0.8746006
22.5,121.5,2024-08-01,2024-09-02,32,51,27.859503,28.571543,27.279089,85.66475,4.6476607,11.655022,88.45762,82.41147,6.0958295,3.1814277
24.5,121.5,2024-08-01,2024-09-02,32,51,23.858095,25.885094,22.325068,87.92628,1.9748259,9.508619,93.88915,79.59887,2.7795389,1.2665867
23.5,121.5,2024-08-01,2024-09-02,32,51,24.667444,26.235546,23.601776,87.24141,2.0567758,11.532951,91.779594,80.5682,3.0277069,1.2090585
23.5,121.5,2024-08-01,2024-09-03,33,51,24.720655,26.153042,23.613594,87.081406,1.9210286,10.404998,91.56543,81.22461,2.9196253,1.0679679
23.5,120.5,2024-08-01,2024-09-03,33,51,24.906998,27.232964,23.077833,88.13604,1.45881,12.540331,94.45752,79.01147,2.1895747,0.8160592
22.5,121.5,2024-08-01,2024-09-03,33,51,27.875298,28.600182,27.282152,85.24428,4.156368,11.076086,88.23505,81.9207,5.533123,2.8414786
24.5,121.5,2024-08-01,2024-09-03,33,51,23.791159,25.648558,22.298481,88.24404,1.9078702,11.333391,94.21724,79.734955,2.7053785,1.1774728
24.5,120.5,2024-08-01,2024-09-03,33,51,27.183891,28.565042,26.097391,86.32223,3.0745826,8.171531,91.07475,80.429565,4.287875,1.8311542
22.5,120.5,2024-08-01,2024-09-03,33,51,27.102951,28.524551,26.076218,86.01217,2.5270739,13.320623,90.34901,79.503204,3.5831966,1.6503577
24.5,120.5,2024-08-01,2024-09-04,34,51,27.148973,28.31337,26.225521,86.71154,2.8787315,9.41557,91.13386,81.15152,4.3675323,1.4502878
22.5,120.5,2024-08-01,2024-09-04,34,51,27.099936,28.499332,26.039661,86.225426,2.578571,15.011357,91.08082,79.87771,3.439684,1.7598672
24.5,121.5,2024-08-01,2024-09-04,34,51,23.787281,25.59955,22.464096,88.71228,1.943708,13.505525,93.919044,81.09241,2.8252857,1.131517
22.5,121.5,2024-08-01,2024-09-04,34,51,27.882008,28.589443,27.269918,85.36605,4.0735254,12.059529,88.451744,81.8235,5.4763494,2.7647755
23.5,120.5,2024-08-01,2024-09-04,34,51,24.846565,27.013374,23.192022,88.67766,1.5280482,15.381457,94.80041,79.77006,2.3270292,0.8610222
23.5,121.5,2024-08-01,2024-09-04,34,51,24.677456,26.101198,23.648232,87.39946,1.7959905,13.270958,91.647766,81.46695,2.7546244,0.95857596
22.5,121.5,2024-08-01,2024-09-05,35,51,27.878616,28.580116,27.287935,85.46675,4.2243237,13.164744,88.273575,82.05355,5.446798,2.991432
24.5,121.5,2024-08-01,2024-09-05,35,51,23.711786,25.497036,22.300291,89.198006,1.9169979,11.369294,94.387344,81.832985,2.7458377,1.1627421
23.5,121.5,2024-08-01,2024-09-05,35,51,24.569658,25.916014,23.52843,88.08281,1.7168974,13.445087,92.104576,82.618576,2.600822,0.93183076
23.5,120.5,2024-08-01,2024-09-05,35,51,24.823977,26.912258,23.080614,89.271645,1.469987,15.179204,94.99802,80.92918,2.2770524,0.8251741
22.5,120.5,2024-08-01,2024-09-05,35,51,27.033144,28.402784,26.035675,86.956055,2.6271753,16.556385,91.2337,80.581764,3.4698918,1.801088
24.5,120.5,2024-08-01,2024-09-05,35,51,27.199005,28.406834,26.172401,87.17429,2.7956204,9.128047,91.662834,81.9217,4.0638356,1.6208432
22.5,120.5,2024-08-01,2024-09-06,36,51,27.084707,28.630613,25.940458,86.36362,2.46507,12.162452,91.06181,79.58832,3.3587186,1.6234294
24.5,120.5,2024-08-01,2024-09-06,36,51,27.191353,28.465689,26.202208,86.81081,3.1508024,8.900661,91.09131,81.15759,4.512369,2.0049376
24.5,121.5,2024-08-01,2024-09-06,36,51,23.710014,25.53273,22.281578,88.54346,1.8990656,13.030108,93.79665,81.29694,2.6486433,1.3461913
22.5,121.5,2024-08-01,2024-09-06,36,51,27.871002,28.605543,27.20624,85.344604,4.2356186,12.023926,88.29792,82.02431,5.391479,3.0631783
23.5,120.5,2024-08-01,2024-09-06,36,51,24.833807,27.268806,23.016205,88.85652,1.4247044,12.814092,94.82513,79.26449,2.1921716,0.84872204
23.5,121.5,2024-08-01,2024-09-06,36,51,24.616503,26.11994,23.462648,87.51273,1.6793671,12.090945,91.65465,81.6898,2.5429783,0.9740265
23.5,121.5,2024-08-01,2024-09-07,37,51,24.61203,26.168451,23.372992,87.03944,1.8876024,11.1078005,91.23604,81.0578,2.7556024,1.1208668
23.5,120.5,2024-08-01,2024-09-07,37,51,24.846748,27.307276,22.90126,88.250046,1.4380867,13.143802,94.81558,78.35086,2.2777958,0.7408137
24.5,121.5,2024-08-01,2024-09-07,37,51,23.732779,25.732027,22.142635,87.82853,1.8136435,13.354432,93.68343,79.61262,2.6248634,1.1170717
22.5,121.5,2024-08-01,2024-09-07,37,51,27.837433,28.577982,27.168003,85.199776,4.3455896,8.76034,88.107056,81.92987,5.4618983,3.2088668
22.5,120.5,2024-08-01,2024-09-07,37,51,27.051348,28.60915,25.897432,86.152466,2.3076456,12.0218315,90.861855,79.10956,3.120933,1.5206885
24.5,120.5,2024-08-01,2024-09-07,37,51,27.216656,28.553823,26.1478,85.89951,3.0615249,8.287019,90.56032,80.01596,4.2387094,1.8662769
24.5,120.5,2024-08-01,2024-09-08,38,51,27.17716,28.481945,26.10004,85.81927,2.8664763,7.5160007,90.79372,79.68028,4.100201,1.6257015
22.5,120.5,2024-08-01,2024-09-08,38,51,27.064558,28.592726,26.004065,85.90938,2.1068177,7.9701743,90.807014,78.64026,2.950661,1.2640996
24.5,121.5,2024-08-01,2024-09-08,38,51,23.681095,25.75729,22.107773,87.67584,1.6442823,9.972666,93.71728,78.83057,2.4518216,0.94630414
22.5,121.5,2024-08-01,2024-09-08,38,51,27.83071,28.575668,27.182766,85.20539,4.084613,8.778591,88.47262,81.41606,5.2267103,2.8701339
23.5,120.5,2024-08-01,2024-09-08,38,51,24.698137,27.23481,22.807835,88.23298,1.3111855,8.888095,94.834175,77.99109,1.9903784,0.81201255
23.5,121.5,2024-08-01,2024-09-08,38,51,24.52765,26.164038,23.399622,87.03522,1.7686554,8.790857,91.54395,80.13556,2.5885293,1.0160213
22.5,120.5,2024-08-01,2024-09-09,39,51,27.078362,28.498375,26.042995,86.35071,2.065075,12.373382,90.80515,79.78921,2.9931042,1.2384223
22.5,121.5,2024-08-01,2024-09-09,39,51,27.754862,28.380068,27.12259,85.9161,4.34753,13.519587,88.76198,82.94842,5.5169444,3.0383945
24.5,121.5,2024-08-01,2024-09-09,39,51,23.618565,25.575323,22.138844,88.4512,1.9656755,10.765823,94.38671,79.924416,2.806941,1.2224902
23.5,120.5,2024-08-01,2024-09-09,39,51,24.773407,27.223127,22.993095,88.55495,1.290183,12.276145,94.99377,78.42093,2.0164902,0.6932489
24.5,120.5,2024-08-01,2024-09-09,39,51,27.190964,28.564962,26.149439,86.2639,3.3088863,7.7242384,91.16745,79.68253,4.6820498,1.938158
23.5,121.5,2024-08-01,2024-09-09,39,51,24.550558,26.016226,23.43443,87.52104,2.1124344,12.796439,91.95674,81.53215,2.9978936,1.2491299
23.5,121.5,2024-08-01,2024-09-10,40,51,24.545984,26.036299,23.462433,87.71991,1.9820288,15.6342745,91.84436,82.13485,2.9210608,1.1626437
23.5,120.5,2024-08-01,2024-09-10,40,51,24.770737,27.014349,23.113438,88.7243,1.382322,14.397415,94.79367,79.60567,2.0619984,0.79228467
24.5,120.5,2024-08-01,2024-09-10,40,51,27.143957,28.466436,26.164068,86.53135,3.2274501,9.02333,90.92939,80.71938,4.5870395,1.9475399
22.5,121.5,2024-08-01,2024-09-10,40,51,27.790327,28.467155,27.1489,85.62561,4.034642,12.8111,88.47503,82.40347,5.35724,2.754504
22.5,120.5,2024-08-01,2024-09-10,40,51,26.990425,28.271206,25.991905,86.600174,2.420448,14.779484,90.830765,80.674324,3.1958687,1.6040914
24.5,121.5,2024-08-01,2024-09-10,40,51,23.654604,25.630161,22.274338,88.780846,2.0656366,13.816684,94.09891,80.884476,2.822426,1.2630069
22.5,121.5,2024-08-01,2024-09-11,41,51,27.765139,28.47648,27.113247,85.23223,4.468081,11.620017,88.30282,81.893,5.6060786,3.0607085
24.5,121.5,2024-08-01,2024-09-11,41,51,23.48249,25.31805,21.995966,88.716545,2.0002053,14.021032,94.14347,81.15654,2.7635505,1.2825924
22.5,120.5,2024-08-01,2024-09-11,41,51,27.020176,28.432934,25.927998,86.26423,2.5214095,14.378267,90.65415,79.985985,3.429657,1.7140703
24.5,120.5,2024-08-01,2024-09-11,41,51,27.035685,28.232424,26.040655,86.17344,3.5839813,9.80811,90.49595,80.95512,4.7706804,2.2950642
23.5,120.5,2024-08-01,2024-09-11,41,51,24.774311,27.009146,22.961103,88.71251,1.5425546,15.359616,94.80006,79.78586,2.2891028,0.9121023
23.5,121.5,2024-08-01,2024-09-11,41,51,24.526274,25.993252,23.392485,87.54348,2.04994,13.697307,91.71758,81.65047,2.936842,1.2984543
23.5,121.5,2024-08-01,2024-09-12,42,51,24.434193,25.837202,23.291824,87.33309,2.1536758,13.006473,91.3732,81.796135,2.961256,1.3272666
22.5,121.5,2024-08-01,2024-09-12,42,51,27.720852,28.374012,27.087072,85.42293,4.773433,10.279038,88.32174,82.34584,5.9002924,3.4195156
24.5,120.5,2024-08-01,2024-09-12,42,51,26.966543,28.292511,25.876745,86.064835,3.828887,11.591892,90.58613,80.05878,5.204453,2.5187902
23.5,120.5,2024-08-01,2024-09-12,42,51,24.591791,26.932896,22.69029,88.80533,1.5477868,14.532949,95.011055,79.14821,2.2720144,0.9176013
22.5,120.5,2024-08-01,2024-09-12,42,51,26.9203,28.350306,25.875357,86.44685,2.3213813,13.51809,90.72844,79.71015,3.1637313,1.515878
24.5,121.5,2024-08-01,2024-09-12,42,51,23.400673,25.263887,21.964956,88.28828,2.0306134,15.869141,93.41148,80.59939,2.902465,1.2849284
22.5,120.5,2024-08-01,2024-09-13,43,51,26.957113,28.37025,25.882559,85.88329,2.2147691,12.560078,90.359634,79.18929,3.0590103,1.4618863
22.5,121.5,2024-08-01,2024-09-13,43,51,27.658619,28.343374,27.016426,85.36041,5.379213,15.527463,88.696655,81.974915,6.5099792,4.1242867
23.5,120.5,2024-08-01,2024-09-13,43,51,24.571428,26.797094,22.939613,88.77581,1.5141304,11.702594,94.91863,79.45161,2.359111,0.8571619
24.5,120.5,2024-08-01,2024-09-13,43,51,26.945585,28.196108,25.947039,85.34089,4.214987,7.377475,89.83999,79.71301,5.5945196,2.930064
24.5,121.5,2024-08-01,2024-09-13,43,51,23.30046,25.179434,21.888657,88.28416,2.4486651,15.909831,93.73185,80.48397,3.3721476,1.6928276
23.5,121.5,2024-08-01,2024-09-13,43,51,24.36589,25.777353,23.3114,87.302216,2.6630166,17.828249,91.56726,81.21637,3.5125177,1.8697368
24.5,121.5,2024-08-01,2024-09-14,44,51,23.270498,25.123837,21.925772,88.291275,2.4506183,14.4342165,93.29431,80.906715,3.4188159,1.6203988
22.5,120.5,2024-08-01,2024-09-14,44,51,26.933613,28.395182,25.876467,85.7057,2.0676596,11.654124,90.29071,78.984085,2.8928485,1.231615
23.5,120.5,2024-08-01,2024-09-14,44,51,24.652622,27.032114,22.836348,88.00046,1.6335635,11.777391,94.412605,78.30611,2.5123396,0.9379417
22.5,121.5,2024-08-01,2024-09-14,44,51,27.5978,28.158098,27.080631,85.68392,5.514799,12.649836,88.17025,83.15147,6.85,4.044316
23.5,121.5,2024-08-01,2024-09-14,44,51,24.331245,25.687983,23.320578,87.16653,2.620908,13.581519,91.10798,81.98317,3.5273597,1.6802975
24.5,120.5,2024-08-01,2024-09-14,44,51,26.978899,28.32018,25.939075,84.70304,4.413069,10.441799,89.26814,78.894226,5.907544,2.8867025
24.5,121.5,2024-08-01,2024-09-15,45,51,23.217659,24.920128,21.891836,88.425804,2.3267565,11.719947,93.49268,81.13088,3.1251137,1.6428735
22.5,121.5,2024-08-01,2024-09-15,45,51,27.63197,28.26042,27.026375,85.08364,5.222722,11.778588,87.82399,81.92387,6.3776693,4.09508
23.5,121.5,2024-08-01,2024-09-15,45,51,24.327436,25.677399,23.306065,87.306816,2.521348,14.7734995,91.227646,81.840225,3.303503,1.7689921
22.5,120.5,2024-08-01,2024-09-15,45,51,26.988205,28.543737,25.909615,85.50652,2.2176802,12.051452,90.2023,78.15884,3.113604,1.3615527
24.5,120.5,2024-08-01,2024-09-15,45,51,26.938324,28.190563,25.919735,84.90066,4.178084,9.227678,89.64388,79.26237,5.3051543,2.8833992
23.5,120.5,2024-08-01,2024-09-15,45,51,24.587164,26.899054,22.873013,88.56922,1.5287853,12.749167,94.873634,78.87266,2.3381531,0.85344493
22.5,121.5,2024-08-01,2024-09-16,46,51,27.570557,28.2348,26.965471,84.86786,5.0113096,13.376273,87.82866,81.65177,6.209905,3.7258995
23.5,121.5,2024-08-01,2024-09-16,46,51,24.203236,25.602505,23.154144,87.01634,2.4826372,12.425442,91.35585,81.17083,3.4112024,1.5913436
23.5,120.5,2024-08-01,2024-09-16,46,51,24.575659,27.035679,22.75027,88.018845,1.550436,9.803323,94.77397,77.7822,2.4047315,0.82888174
24.5,121.5,2024-08-01,2024-09-16,46,51,23.131554,24.981182,21.775408,88.12886,2.420815,10.467529,93.48889,80.152306,3.3486004,1.5359932
22.5,120.5,2024-08-01,2024-09-16,46,51,26.893894,28.391865,25.768959,85.41842,2.193644,9.972666,90.19415,78.31386,3.0078356,1.3808564
24.5,120.5,2024-08-01,2024-09-16,46,51,26.88182,28.212034,25.904224,84.984085,4.273628,6.2471275,89.472206,79.294464,5.546365,2.8746808
23.5,120.5,2024-08-01,2024-09-17,47,51,24.45368,26.958279,22.595552,87.78876,1.7660395,10.092342,94.570076,77.12961,2.717103,0.9557439
22.5,120.5,2024-08-01,2024-09-17,47,51,26.841759,28.369392,25.684477,85.270546,2.2963054,10.989919,90.53945,77.638504,3.1645036,1.4444321
24.5,120.5,2024-08-01,2024-09-17,47,51,26.817957,28.181177,25.758636,84.31211,4.558031,6.3937316,89.41274,78.048454,6.008731,3.1589353
24.5,121.5,2024-08-01,2024-09-17,47,51,23.03572,24.91753,21.664747,87.934235,2.4383965,11.960497,93.36418,79.771034,3.2720747,1.6383392
22.5,121.5,2024-08-01,2024-09-17,47,51,27.512838,28.162554,26.85594,84.96795,5.480796,12.455959,88.271286,81.4245,6.5637755,4.23052
23.5,121.5,2024-08-01,2024-09-17,47,51,24.197687,25.688093,23.106236,86.78834,2.6322699,13.607848,91.08951,80.622475,3.4665976,1.7641566
22.5,120.5,2024-08-01,2024-09-18,48,51,26.755926,28.317043,25.690645,85.22303,2.527593,12.592989,90.02994,77.679,3.4465852,1.6781645
23.5,121.5,2024-08-01,2024-09-18,48,51,24.135483,25.74713,23.024864,86.701546,2.4775798,13.831045,91.54316,80.24535,3.4638603,1.5511596
24.5,120.5,2024-08-01,2024-09-18,48,51,26.748316,28.041296,25.718513,84.80665,4.5040646,7.5348496,89.934654,78.69713,5.9717565,3.0016305
23.5,120.5,2024-08-01,2024-09-18,48,51,24.366154,26.868126,22.502182,87.64916,1.9490626,12.0352955,94.52753,77.22512,2.903241,1.2023175
24.5,121.5,2024-08-01,2024-09-18,48,51,23.069977,24.985424,21.67974,88.02118,2.3974342,13.637169,93.56002,80.187996,3.3254766,1.5258564
22.5,121.5,2024-08-01,2024-09-18,48,51,27.408749,28.131262,26.789637,85.414024,5.0965266,15.420353,88.48617,81.86117,6.426973,3.6897922
24.5,120.5,2024-08-01,2024-09-19,49,51,26.601654,27.808718,25.648653,85.279236,4.5094724,7.37927,89.45259,79.74105,5.9018993,3.0309565
23.5,120.5,2024-08-01,2024-09-19,49,51,24.223446,26.458448,22.604698,88.49209,1.7266682,10.773902,94.7062,78.933754,2.582112,1.0240855
22.5,121.5,2024-08-01,2024-09-19,49,51,27.402493,28.032825,26.865562,85.388535,5.2935667,14.787861,88.29095,82.13056,6.533287,4.1204157
22.5,120.5,2024-08-01,2024-09-19,49,51,26.64735,27.96437,25.636585,85.9422,2.3318367,12.753356,90.56613,79.27713,3.2597787,1.3918488
24.5,121.5,2024-08-01,2024-09-19,49,51,22.906446,24.76751,21.45488,88.578575,2.3557954,13.05913,93.72734,80.92278,3.3003774,1.5290817
23.5,121.5,2024-08-01,2024-09-19,49,51,24.045712,25.39728,23.078236,87.43207,2.4881124,14.492259,91.45079,81.60627,3.2935877,1.7089808
23.5,121.5,2024-08-01,2024-09-20,50,51,24.026163,25.417597,23.028633,86.83035,2.7837164,12.274051,90.88228,81.31559,3.6456385,1.8445184
24.5,121.5,2024-08-01,2024-09-20,50,51,22.847424,24.83561,21.459997,87.74997,2.5387976,9.465237,93.23757,79.1649,3.6368752,1.6602701
22.5,120.5,2024-08-01,2024-09-20,50,51,26.612858,27.993448,25.591496,85.43824,2.276977,10.809805,89.721275,78.62649,3.0510652,1.5125387
22.5,121.5,2024-08-01,2024-09-20,50,51,27.349684,27.969995,26.798117,85.01107,5.9744315,11.192172,87.64803,82.053604,7.179981,4.559632
24.5,120.5,2024-08-01,2024-09-20,50,51,26.676785,28.064022,25.595392,83.79852,4.870964,5.6218166,88.479576,77.35573,6.366762,3.3570728
23.5,120.5,2024-08-01,2024-09-20,50,51,24.21377,26.626429,22.443592,87.88971,1.7846664,11.240043,94.295105,77.86012,2.7612047,0.98524046
22.5,121.5,2024-08-01,2024-09-21,51,51,27.318727,27.898653,26.814735,84.82307,5.917432,9.925393,87.57642,81.41936,7.0761538,4.632329
22.5,120.5,2024-08-01,2024-09-21,51,51,26.590528,27.967482,25.584738,85.1349,2.1602633,8.264878,89.757835,78.207306,2.913254,1.4104053
24.5,121.5,2024-08-01,2024-09-21,51,51,22.744654,24.764574,21.387384,87.65307,2.6067128,10.763131,93.229065,79.04925,3.6075895,1.7060345
23.5,121.5,2024-08-01,2024-09-21,51,51,23.980532,25.522436,22.984625,86.43357,2.8810992,11.141908,90.661476,79.77994,3.6974938,2.0258386
23.5,120.5,2024-08-01,2024-09-21,51,51,24.252514,26.823206,22.480791,87.28385,1.7263634,7.37927,94.176506,76.37367,2.6901488,0.9700952
24.5,120.5,2024-08-01,2024-09-21,51,51,26.617317,28.020472,25.59309,83.61185,5.38636,4.1216683,88.31659,77.3988,6.794392,3.868972
24.5,120.5,2024-08-01,2024-09-22,52,51,26.504292,27.859964,25.44214,83.05518,5.7825627,4.5070276,87.81448,77.250916,7.042826,4.408516
23.5,120.5,2024-08-01,2024-09-22,52,51,24.229313,26.84589,22.346493,87.18614,1.9314052,6.219602,94.047615,76.6861,2.9159665,1.1429006
23.5,121.5,2024-08-01,2024-09-22,52,51,23.986847,25.539862,22.923243,85.857376,3.0208428,9.955313,90.03802,79.81992,3.7156534,2.1833158
24.5,121.5,2024-08-01,2024-09-22,52,51,22.626621,24.523443,21.253511,87.443504,2.8457596,10.375379,92.65192,79.87632,3.7923677,1.998396
22.5,120.5,2024-08-01,2024-09-22,52,51,26.672451,28.22304,25.564812,84.70564,2.191457,6.0987287,89.54527,77.059135,2.8927197,1.4763575
22.5,121.5,2024-08-01,2024-09-22,52,51,27.362709,28.048775,26.793413,84.24323,6.1617875,9.070901,87.25895,80.83411,7.201217,4.974888
23.5,120.5,2024-08-01,2024-09-23,53,51,24.073515,26.723082,22.170845,87.31529,1.9547555,8.888992,94.267006,76.32273,2.8948061,1.2238698
24.5,120.5,2024-08-01,2024-09-23,53,51,26.380777,27.707472,25.378557,83.49201,5.878828,6.492465,87.75536,77.78237,7.2930183,4.4523177
24.5,121.5,2024-08-01,2024-09-23,53,51,22.554827,24.341143,21.317846,88.02628,2.9565525,17.468023,93.02123,80.64059,3.8593493,2.1242225
23.5,121.5,2024-08-01,2024-09-23,53,51,23.847767,25.322762,22.820799,86.43803,3.0897698,18.719244,90.811935,80.197205,3.8464353,2.2978697
22.5,121.5,2024-08-01,2024-09-23,53,51,27.315243,27.912191,26.7827,84.35694,6.5053062,15.161252,87.36074,80.99894,7.5417266,5.1587105
22.5,120.5,2024-08-01,2024-09-23,53,51,26.636005,28.249294,25.5075,84.34426,2.2955205,7.240445,89.05395,76.36528,3.0299692,1.5707546
23.5,121.5,2024-08-01,2024-09-24,54,51,23.868423,25.362011,22.822485,86.547516,3.0449924,20.258286,91.05172,80.34857,3.8609643,2.2591047
24.5,121.5,2024-08-01,2024-09-24,54,51,22.554554,24.35208,21.280603,88.23688,2.7519693,15.49156,93.2939,80.569145,3.572281,1.9632652
22.5,120.5,2024-08-01,2024-09-24,54,51,26.622683,28.107607,25.550625,84.91602,2.5175161,10.922899,90.051834,77.63505,3.4706235,1.5712979
22.5,121.5,2024-08-01,2024-09-24,54,51,27.31249,27.912521,26.779345,84.41692,6.4971404,17.38365,87.488174,81.05608,7.7365847,5.198366
24.5,120.5,2024-08-01,2024-09-24,54,51,26.445906,27.780085,25.436499,83.26488,5.8374615,4.475313,87.82939,77.540825,7.198102,4.2280416
23.5,120.5,2024-08-01,2024-09-24,54,51,24.204361,26.83814,22.353168,86.927925,1.9978364,7.550408,93.50297,76.54354,2.8794653,1.2630147
22.5,121.5,2024-08-01,2024-09-25,55,51,27.248745,27.85639,26.686262,84.98675,5.832968,13.455858,87.796265,81.72475,7.2664237,4.1623225
22.5,120.5,2024-08-01,2024-09-25,55,51,26.587,28.052921,25.56465,85.05946,2.7928963,9.518493,89.75805,77.981544,3.7104776,1.9347258
24.5,120.5,2024-08-01,2024-09-25,55,51,26.417988,27.662165,25.478611,84.045135,5.4131055,6.589403,88.46278,78.668945,6.792015,4.083649
23.5,120.5,2024-08-01,2024-09-25,55,51,24.20797,26.67581,22.468441,87.14685,2.0882103,8.709477,93.55762,77.43081,3.0288875,1.3613558
23.5,121.5,2024-08-01,2024-09-25,55,51,23.887283,25.2877,22.879723,86.878685,3.0526955,15.416164,91.14385,81.080315,4.0124917,2.1033762
24.5,121.5,2024-08-01,2024-09-25,55,51,22.707739,24.5158,21.443396,88.37572,2.9778063,16.730814,93.56672,80.646225,3.8560545,2.1165965
22.5,120.5,2024-08-01,2024-09-26,56,51,26.560305,28.092445,25.472807,85.41741,2.6470408,10.209027,90.09911,78.3663,3.573229,1.7143509
23.5,120.5,2024-08-01,2024-09-26,56,51,24.069563,26.511612,22.2306,87.72483,2.107966,11.050954,94.221016,78.18925,2.9888058,1.2884083
24.5,120.5,2024-08-01,2024-09-26,56,51,26.336758,27.546818,25.344944,84.290375,5.530908,6.987927,88.49594,79.15851,6.8034897,4.077698
24.5,121.5,2024-08-01,2024-09-26,56,51,22.685976,24.449175,21.365494,88.66576,2.907389,20.455753,93.839806,81.56963,3.742602,2.1327496
23.5,121.5,2024-08-01,2024-09-26,56,51,23.89652,25.344799,22.870539,87.18852,2.946473,15.461641,91.333,81.61396,3.9573965,1.9840411
22.5,121.5,2024-08-01,2024-09-26,56,51,27.312891,27.948765,26.769215,85.069534,5.5254893,11.564367,87.78753,81.93236,6.8818774,4.27127
24.5,121.5,2024-08-01,2024-09-27,57,51,22.56122,24.302525,21.292145,88.447945,2.8310583,16.834932,93.209656,80.674545,3.7076924,1.9112893
24.5,120.5,2024-08-01,2024-09-27,57,51,26.193438,27.396261,25.278994,84.07935,5.652564,6.589403,88.57122,78.50393,7.1061635,4.079236
22.5,121.5,2024-08-01,2024-09-27,57,51,27.26152,27.908976,26.621792,84.693016,5.868821,11.709774,87.55918,81.14603,7.1506844,4.450121
23.5,121.5,2024-08-01,2024-09-27,57,51,23.853498,25.30851,22.756283,86.685326,3.0694406,13.522878,90.9521,80.48334,3.9568038,2.1093493
23.5,120.5,2024-08-01,2024-09-27,57,51,23.942778,26.322077,22.120478,87.727875,2.1144912,8.324717,94.090866,77.68168,2.9872632,1.3483151
22.5,120.5,2024-08-01,2024-09-27,57,51,26.514862,27.98039,25.449453,85.15615,2.3663054,8.191277,89.7548,78.00298,3.1765156,1.6031218
23.5,120.5,2024-08-01,2024-09-28,58,51,24.029291,26.771868,22.141684,87.44758,2.0749052,8.215811,94.05762,76.593666,2.8792763,1.4754422
24.5,120.5,2024-08-01,2024-09-28,58,51,26.249537,27.552963,25.273767,83.61554,5.8237534,6.482891,88.0546,78.096146,7.1380115,4.472632
22.5,121.5,2024-08-01,2024-09-28,58,51,27.303514,27.949188,26.71756,84.38671,6.3990393,9.56397,87.38129,81.0323,7.6030984,5.1522803
24.5,121.5,2024-08-01,2024-09-28,58,51,22.588451,24.470968,21.296787,87.947914,2.9726043,14.526965,92.86713,80.2484,3.7911787,2.1639156
23.5,121.5,2024-08-01,2024-09-28,58,51,23.897514,25.48796,22.812199,86.17923,3.1588132,9.309656,90.729034,79.646095,4.002436,2.1549926
22.5,120.5,2024-08-01,2024-09-28,58,51,26.557478,28.172909,25.43595,84.87075,2.2870474,5.95392,89.72392,77.129745,3.0216053,1.5498887
23.5,120.5,2024-08-01,2024-09-29,59,51,24.006123,26.621998,22.079187,87.517685,2.0576532,6.5923953,94.39994,76.57686,2.8993075,1.3582175
24.5,121.5,2024-08-01,2024-09-29,59,51,22.436289,24.346668,21.06954,87.98088,2.8963645,15.120563,93.15745,79.95704,3.7696402,2.0336936
24.5,120.5,2024-08-01,2024-09-29,59,51,26.253681,27.652905,25.229832,83.30988,5.890603,5.541633,88.05022,77.29396,7.2722116,4.3359556
22.5,121.5,2024-08-01,2024-09-29,59,51,27.293587,27.920135,26.696161,84.14934,6.5294995,11.210722,87.31431,80.78098,7.6273074,5.4105926
22.5,120.5,2024-08-01,2024-09-29,59,51,26.5237,28.127886,25.359581,84.77824,2.4233978,6.3434677,89.9438,76.59169,3.1866853,1.7257929
23.5,121.5,2024-08-01,2024-09-29,59,51,23.755865,25.190004,22.634275,86.261154,3.0043514,11.382459,90.80746,80.09387,3.810211,2.229691
22.5,121.5,2024-08-01,2024-09-30,60,51,27.175747,27.812359,26.550846,84.412346,6.613379,8.881812,87.35822,81.196976,7.8513107,5.425105
24.5,120.5,2024-08-01,2024-09-30,60,51,25.985748,27.273981,25.033102,83.742065,6.307446,7.051356,87.567726,78.58245,7.6600947,4.8476105
24.5,121.5,2024-08-01,2024-09-30,60,51,22.235691,24.077972,20.90106,88.28042,3.0449429,15.059527,92.92132,80.81893,3.880719,2.2398872
22.5,120.5,2024-08-01,2024-09-30,60,51,26.48908,28.055496,25.40057,84.57748,2.458872,5.585315,89.12762,76.78348,3.1447942,1.7022212
23.5,121.5,2024-08-01,2024-09-30,60,51,23.675766,25.230028,22.583647,86.3087,3.0941365,12.323117,90.5472,80.00375,3.8136647,2.3102312
23.5,120.5,2024-08-01,2024-09-30,60,51,23.871922,26.459488,22.099848,87.57389,2.1536787,8.712469,93.86271,76.92649,2.983573,1.4545641
24.5,121.5,2024-08-01,2024-10-01,61,51,21.968271,23.898314,20.636518,87.89595,3.3010461,11.46324,92.84308,79.91526,4.1021204,2.4620903
23.5,120.5,2024-08-01,2024-10-01,61,51,23.823711,26.572369,21.833496,86.33909,2.1841154,4.761939,93.35821,75.234024,3.160148,1.3783534
22.5,120.5,2024-08-01,2024-10-01,61,51,26.413296,27.96535,25.294508,84.20937,2.1826515,4.832548,89.440094,76.437675,2.9459503,1.4421206
23.5,121.5,2024-08-01,2024-10-01,61,51,23.60949,25.215597,22.474348,85.59504,3.5811121,10.518392,90.17994,78.879036,4.277006,2.8239884
22.5,121.5,2024-08-01,2024-10-01,61,51,27.10273,27.696007,26.53481,83.72756,7.2840595,9.961895,86.75543,80.33963,8.393504,6.0472317
24.5,120.5,2024-08-01,2024-10-01,61,51,25.892435,27.242056,24.923641,81.87913,6.8760614,3.1205719,85.969284,76.283165,7.9836974,5.6718397
24.5,121.5,2024-08-01,2024-10-02,62,51,21.825464,23.590895,20.568735,87.73741,3.4948194,18.421846,92.54631,80.41489,4.3535957,2.5766625
23.5,120.5,2024-08-01,2024-10-02,62,51,23.629702,26.417276,21.655922,86.84196,2.3551385,6.4583573,93.94876,75.292046,3.400379,1.5850201
24.5,120.5,2024-08-01,2024-10-02,62,51,25.796453,27.095682,24.793991,81.9232,7.2062364,4.6703863,86.4858,76.159676,8.446619,5.7381563
22.5,121.5,2024-08-01,2024-10-02,62,51,27.019781,27.589148,26.52439,83.30639,7.5373497,14.921899,85.69554,80.25919,8.582161,6.2863293
23.5,121.5,2024-08-01,2024-10-02,62,51,23.471813,25.03435,22.379229,85.31104,3.7920816,17.313042,89.418526,78.8989,4.5489306,2.9245713
22.5,120.5,2024-08-01,2024-10-02,62,51,26.287895,27.899815,25.15612,83.9824,2.319636,6.598379,89.21086,75.56766,2.9983025,1.7034019
23.5,120.5,2024-08-01,2024-10-03,63,51,23.640854,26.389065,21.836575,87.02694,2.143457,5.8928847,93.77018,75.65881,3.138098,1.3404471
22.5,121.5,2024-08-01,2024-10-03,63,51,26.982574,27.58847,26.433586,83.225685,7.220882,12.6863365,86.24298,79.91187,8.404864,6.043088
22.5,120.5,2024-08-01,2024-10-03,63,51,26.203144,27.836905,25.110346,84.000984,2.4642086,5.982642,89.257965,75.37143,3.2871706,1.6765248
24.5,120.5,2024-08-01,2024-10-03,63,51,25.92582,27.35605,24.961273,82.18524,6.7316985,3.8260665,86.79998,76.02011,8.166185,5.0978966
23.5,121.5,2024-08-01,2024-10-03,63,51,23.41996,24.968395,22.369,85.522095,3.5123808,13.926786,89.74631,79.16425,4.2726936,2.6724784
24.5,121.5,2024-08-01,2024-10-03,63,51,21.919672,23.808603,20.676018,87.50142,3.1858735,11.836632,92.45398,79.95082,4.0540314,2.355232
22.5,121.5,2024-08-01,2024-10-04,64,51,26.94139,27.548807,26.391195,83.30874,7.123167,13.674867,86.239746,79.94591,8.2048235,5.9906545
22.5,120.5,2024-08-01,2024-10-04,64,51,26.202534,27.758957,25.105103,84.013695,2.4421775,7.236256,88.90186,76.11636,3.141438,1.697904
24.5,120.5,2024-08-01,2024-10-04,64,51,25.86472,27.196798,24.854763,82.65739,5.926401,5.3597245,87.45764,76.56585,7.3254814,4.4916368
24.5,121.5,2024-08-01,2024-10-04,64,51,21.978384,23.862547,20.680277,87.376656,2.9850688,12.843113,92.6022,79.713554,3.9194746,2.0963135
23.5,120.5,2024-08-01,2024-10-04,64,51,23.66777,26.337597,21.835176,86.74587,1.9258064,6.5307617,93.679825,75.7093,2.90722,1.1474487
23.5,121.5,2024-08-01,2024-10-04,64,51,23.388252,24.883276,22.364952,85.72802,3.2692633,12.870639,89.91475,79.98996,4.022998,2.5186143
22.5,120.5,2024-08-01,2024-10-05,65,51,26.136274,27.767542,25.024939,84.477684,2.4527044,7.1315393,89.31687,76.45942,3.130738,1.7978019
22.5,121.5,2024-08-01,2024-10-05,65,51,26.875206,27.416132,26.368454,83.385826,6.7625937,12.47032,86.502106,80.21457,7.970457,5.473753
23.5,121.5,2024-08-01,2024-10-05,65,51,23.29576,24.62533,22.351395,85.76265,3.37927,14.700497,89.95394,80.33241,4.243294,2.4876926
24.5,120.5,2024-08-01,2024-10-05,65,51,25.755386,27.050709,24.840952,82.88138,6.169948,5.5655684,87.61293,77.14522,7.4429293,4.5003514
24.5,121.5,2024-08-01,2024-10-05,65,51,21.918825,23.620224,20.710024,87.55871,3.1911528,14.426437,92.069305,80.34924,4.0699997,2.29657
23.5,120.5,2024-08-01,2024-10-05,65,51,23.527502,26.13029,21.78183,87.388565,2.0569558,7.8382306,93.8757,76.39499,3.0022616,1.292626
23.5,120.5,2024-08-01,2024-10-06,66,51,23.529922,26.049633,21.813251,87.37969,2.0787408,7.9567103,94.012764,76.88125,3.021173,1.3655044
23.5,121.5,2024-08-01,2024-10-06,66,51,23.42114,24.869473,22.451574,85.69648,3.5360878,16.031303,90.179794,79.62702,4.354095,2.7278523
24.5,120.5,2024-08-01,2024-10-06,66,51,25.71881,26.992311,24.77231,82.84382,6.7256627,5.1556754,87.13981,77.35699,7.9703584,5.292703
24.5,121.5,2024-08-01,2024-10-06,66,51,21.883877,23.479986,20.75862,87.87244,3.2589872,17.417759,92.07533,81.63791,4.136704,2.3917832
22.5,121.5,2024-08-01,2024-10-06,66,51,26.9625,27.506952,26.493313,83.195335,7.3401027,14.000986,86.39717,79.87865,8.473328,6.1703606
22.5,120.5,2024-08-01,2024-10-06,66,51,26.114452,27.604626,25.097853,84.21269,2.3094616,7.6886344,89.01348,76.69895,3.042586,1.6285131
22.5,120.5,2024-08-01,2024-10-07,67,51,26.211319,27.80975,25.120913,83.91493,2.3257542,6.8155923,89.435425,75.495544,2.9967628,1.6671901
22.5,121.5,2024-08-01,2024-10-07,67,51,27.023895,27.611233,26.433159,83.83912,7.3700933,13.437308,86.97679,80.51894,8.553735,6.258225
24.5,121.5,2024-08-01,2024-10-07,67,51,21.85089,23.454706,20.725937,88.245415,3.157502,16.040277,93.29641,81.05129,3.9605784,2.2993538
23.5,120.5,2024-08-01,2024-10-07,67,51,23.593613,26.32637,21.678461,87.002846,2.1510303,6.5056295,94.05311,75.57623,3.0978732,1.4877224
24.5,120.5,2024-08-01,2024-10-07,67,51,25.712315,26.947208,24.791616,82.538765,6.800749,5.4052014,86.69279,77.03996,8.093026,5.236844
23.5,121.5,2024-08-01,2024-10-07,67,51,23.38103,24.82697,22.317173,86.164024,3.5431833,16.371185,90.66583,79.90641,4.252555,2.7853343
22.5,121.5,2024-08-01,2024-10-08,68,51,26.877817,27.523684,26.32565,83.983925,7.597102,13.061523,86.845856,80.72363,8.6414795,6.3977427
22.5,120.5,2024-08-01,2024-10-08,68,51,26.162054,27.825132,25.064732,84.21279,2.2691483,4.8247695,89.10892,75.6506,2.929925,1.6118091
23.5,121.5,2024-08-01,2024-10-08,68,51,23.221462,24.657143,22.154276,86.45178,3.5422513,16.338274,90.826744,80.412735,4.2587075,2.7492557
24.5,120.5,2024-08-01,2024-10-08,68,51,25.63919,26.992414,24.714092,82.62951,6.9376955,4.729626,86.924736,76.99296,8.071837,5.667241
23.5,120.5,2024-08-01,2024-10-08,68,51,23.540167,26.39461,21.643326,86.78846,2.1279798,5.36152,93.5808,75.280754,2.9412081,1.5031799
24.5,121.5,2024-08-01,2024-10-08,68,51,21.784412,23.487324,20.655035,87.90343,3.161856,17.291498,92.53135,80.490456,3.9593344,2.3327873
22.5,120.5,2024-08-01,2024-10-09,69,51,26.10376,27.723223,25.051046,84.50038,2.2530782,6.0347013,89.32627,76.27688,2.9387064,1.5490915
22.5,121.5,2024-08-01,2024-10-09,69,51,26.859121,27.502022,26.290443,83.79147,7.1474094,13.3553295,86.90136,80.48773,8.266763,6.0733666
24.5,121.5,2024-08-01,2024-10-09,69,51,21.79529,23.495716,20.618504,88.4856,3.0862641,20.991306,93.237915,81.28368,3.882329,2.2195418
24.5,120.5,2024-08-01,2024-10-09,69,51,25.68062,27.055801,24.728434,83.269615,7.166091,5.575741,87.52167,77.721504,8.41137,5.686902
23.5,121.5,2024-08-01,2024-10-09,69,51,23.167734,24.614588,22.114239,86.70936,3.265728,15.212115,91.01009,80.66432,3.9814522,2.5406098
23.5,120.5,2024-08-01,2024-10-09,69,51,23.541,26.357542,21.689198,87.34917,2.1036258,7.16086,94.02508,75.938225,2.91591,1.4213651
23.5,121.5,2024-08-01,2024-10-10,70,51,23.146523,24.505478,22.204634,86.977455,3.3805542,23.062912,90.86019,81.64494,4.0378437,2.7343118
24.5,121.5,2024-08-01,2024-10-10,70,51,21.7725,23.404697,20.65914,88.83255,3.1302593,19.736496,93.30124,82.280396,3.9111059,2.3128831
23.5,120.5,2024-08-01,2024-10-10,70,51,23.537224,26.117329,21.778708,87.775536,2.0443194,9.11937,94.10566,77.36957,2.751743,1.4617883
24.5,120.5,2024-08-01,2024-10-10,70,51,25.636776,26.976095,24.730932,83.635,7.143629,5.4500804,87.738235,77.86031,8.530117,5.6120934
22.5,121.5,2024-08-01,2024-10-10,70,51,26.854578,27.435122,26.331835,84.039,7.3087807,17.606249,86.82632,80.96044,8.23016,6.257319
22.5,120.5,2024-08-01,2024-10-10,70,51,26.136509,27.723028,25.069,84.52231,2.2995315,8.079379,89.33737,76.39448,3.0227027,1.6322025
24.5,120.5,2024-08-01,2024-10-11,71,51,25.547934,26.89135,24.571785,83.73313,7.1618514,5.7678223,87.747826,78.322044,8.391823,5.72746
22.5,121.5,2024-08-01,2024-10-11,71,51,26.7681,27.421593,26.212757,84.52686,7.346546,12.323117,87.70809,81.12519,8.374054,6.228636
23.5,120.5,2024-08-01,2024-10-11,71,51,23.515131,26.100348,21.655844,87.80199,1.9830593,7.920209,94.17889,77.45375,2.6680596,1.3652563
23.5,121.5,2024-08-01,2024-10-11,71,51,23.134684,24.518545,22.114943,86.88934,3.4836416,18.594181,91.04221,81.36122,4.0943804,2.7850103
22.5,120.5,2024-08-01,2024-10-11,71,51,26.092768,27.569952,25.097252,84.68699,2.2059014,6.5229826,89.3507,77.20109,2.7729318,1.5793585
24.5,121.5,2024-08-01,2024-10-11,71,51,21.662708,23.281836,20.506865,88.89223,3.2998068,23.368687,93.24388,82.299835,4.0460153,2.4947832
24.5,121.5,2024-08-01,2024-10-12,72,51,21.349106,22.922596,20.206028,88.73182,3.5105696,17.169428,92.76901,82.50765,4.289267,2.6368096
22.5,121.5,2024-08-01,2024-10-12,72,51,26.749344,27.32234,26.23403,83.60618,8.020926,9.540034,86.64708,80.385254,9.205482,6.676253
23.5,121.5,2024-08-01,2024-10-12,72,51,23.057287,24.558704,22.03064,86.03528,3.9307253,16.070198,89.99046,80.22524,4.7059574,3.0716715
24.5,120.5,2024-08-01,2024-10-12,72,51,25.354555,26.685274,24.354744,82.65058,7.2972674,4.849303,86.75455,77.42065,8.443349,5.9868116
23.5,120.5,2024-08-01,2024-10-12,72,51,23.378662,26.248827,21.354904,87.0417,2.1403499,7.025027,93.70567,75.858894,2.9664226,1.4822083
22.5,120.5,2024-08-01,2024-10-12,72,51,26.044888,27.804567,24.867449,84.27696,2.2643633,5.3196325,89.21308,75.74618,2.9046001,1.695204
23.5,121.5,2024-08-01,2024-10-13,73,51,22.946564,24.509598,21.847414,85.53678,4.165865,16.42504,90.00935,78.82303,4.8577895,3.3710816
22.5,121.5,2024-08-01,2024-10-13,73,51,26.638515,27.262411,26.057007,83.09901,8.525695,14.054841,85.9132,80.0041,9.525696,7.376618
22.5,120.5,2024-08-01,2024-10-13,73,51,25.896914,27.682053,24.68118,84.17062,2.2303915,5.6403666,89.206215,75.31531,2.8341157,1.5806578
24.5,120.5,2024-08-01,2024-10-13,73,51,25.135807,26.45185,24.17425,81.291016,7.4977884,2.782485,85.28891,76.12516,8.672931,6.0762897
23.5,120.5,2024-08-01,2024-10-13,73,51,23.245468,26.10038,21.37182,86.530045,2.31377,6.210028,93.108635,75.20533,3.2242994,1.6216364
24.5,121.5,2024-08-01,2024-10-13,73,51,21.134706,22.855045,19.947428,88.03004,3.7550786,16.72842,92.43284,81.26364,4.514291,2.9189801
24.5,120.5,2024-08-01,2024-10-14,74,51,24.987213,26.31724,24.014856,80.58909,7.8333693,3.1217687,84.73258,75.23823,8.961483,6.499359
23.5,121.5,2024-08-01,2024-10-14,74,51,22.677116,24.031456,21.71442,84.895546,4.428243,11.40041,88.82602,79.54522,5.1724997,3.6236124
24.5,121.5,2024-08-01,2024-10-14,74,51,20.82969,22.472778,19.630997,87.57928,3.84212,15.445485,91.95756,80.91572,4.6417456,3.021855
23.5,120.5,2024-08-01,2024-10-14,74,51,23.100475,25.783195,21.26329,85.93743,2.44095,4.916322,92.56254,75.41555,3.3646204,1.7490946
22.5,121.5,2024-08-01,2024-10-14,74,51,26.50527,27.073757,25.939236,81.88338,9.154704,9.715361,85.1809,78.48661,10.189205,8.039563
22.5,120.5,2024-08-01,2024-10-14,74,51,25.741264,27.44028,24.59894,83.27271,2.2948482,4.323922,88.09344,75.23889,2.8921423,1.709493
22.5,120.5,2024-08-01,2024-10-15,75,51,25.479774,27.116266,24.360537,82.76389,2.5810897,5.006678,87.84145,74.63918,3.1789155,1.9745954
24.5,121.5,2024-08-01,2024-10-15,75,51,20.577642,22.17791,19.467258,87.50672,3.830408,17.344156,91.61912,80.94923,4.6482477,2.9335144
23.5,120.5,2024-08-01,2024-10-15,75,51,22.787985,25.579807,20.916403,85.58108,2.5995705,4.5686607,92.52968,74.32602,3.5167005,1.8620079
24.5,120.5,2024-08-01,2024-10-15,75,51,24.745897,26.04587,23.81685,80.323395,8.000807,3.5029392,84.5907,74.67099,9.098223,6.63192
22.5,121.5,2024-08-01,2024-10-15,75,51,26.364109,26.905312,25.839554,81.05241,8.897992,11.195164,83.98711,77.91189,9.959246,7.6639237
23.5,121.5,2024-08-01,2024-10-15,75,51,22.46685,23.928635,21.520365,84.25959,4.416888,13.211718,88.43854,78.1665,5.2040296,3.503338
22.5,121.5,2024-08-01,2024-10-16,76,51,26.462074,27.068443,25.909412,80.373695,8.237262,8.488674,83.35948,77.199455,9.237207,7.0307217
22.5,120.5,2024-08-01,2024-10-16,76,51,25.454569,27.11416,24.406702,82.734344,2.4800324,5.9521246,87.651474,74.26911,3.2280433,1.7881776
23.5,121.5,2024-08-01,2024-10-16,76,51,22.6227,24.043018,21.66622,83.94681,4.01187,11.869543,88.10633,78.41753,4.6189423,3.316355
24.5,120.5,2024-08-01,2024-10-16,76,51,24.668703,26.034658,23.67123,80.29976,8.074666,3.76922,84.63354,74.864944,9.21589,6.728115
24.5,121.5,2024-08-01,2024-10-16,76,51,20.583694,22.321465,19.362616,87.15547,3.6694324,17.042572,91.78493,80.22404,4.5040536,2.808971
23.5,120.5,2024-08-01,2024-10-16,76,51,22.693855,25.34754,20.960152,85.65754,2.6433709,5.257401,92.41843,75.00438,3.6729896,1.8357158
24.5,120.5,2024-08-01,2024-10-17,77,51,24.393929,25.62937,23.479671,79.61042,8.615524,3.9313822,83.88521,74.650566,9.760422,7.159784
22.5,121.5,2024-08-01,2024-10-17,77,51,26.255228,26.85254,25.652872,80.74369,8.516713,9.949328,84.02351,77.47384,9.758216,7.169513
24.5,121.5,2024-08-01,2024-10-17,77,51,20.298828,21.858332,19.226187,87.1472,4.0047135,21.358116,91.17875,80.85614,4.876883,3.0090015
23.5,121.5,2024-08-01,2024-10-17,77,51,22.411219,23.77122,21.403872,84.32654,4.2745314,16.679352,88.45652,78.84133,5.0060067,3.4458292
23.5,120.5,2024-08-01,2024-10-17,77,51,22.480728,25.065569,20.672108,85.42912,2.7333436,5.1299453,91.72487,75.33919,3.7145817,1.9766759
22.5,120.5,2024-08-01,2024-10-17,77,51,25.319355,26.896645,24.261982,82.70824,2.434698,4.811605,87.690544,74.7809,3.0936465,1.7293192
24.5,120.5,2024-08-01,2024-10-18,78,51,24.396723,25.680197,23.428747,79.56255,8.140231,3.4640443,83.813446,74.31401,9.171739,6.9446335
23.5,121.5,2024-08-01,2024-10-18,78,51,22.213743,23.520557,21.29769,84.37267,4.39531,18.403296,88.218216,79.07581,5.117882,3.6009252
22.5,121.5,2024-08-01,2024-10-18,78,51,26.166197,26.704733,25.625866,80.599976,8.785978,11.4201565,83.61147,77.55128,9.843205,7.5722017
23.5,120.5,2024-08-01,2024-10-18,78,51,22.409084,25.042597,20.650684,85.48322,2.4357984,5.7283287,92.159996,74.9975,3.339909,1.7078791
24.5,121.5,2024-08-01,2024-10-18,78,51,20.229502,21.788553,19.084751,87.01766,3.925158,18.170525,91.31231,80.874916,4.791205,3.0301464
22.5,120.5,2024-08-01,2024-10-18,78,51,25.209682,26.73877,24.169836,82.58282,2.4673712,6.3392787,87.302956,74.73031,3.1265411,1.847779
23.5,120.5,2024-08-01,2024-10-19,79,51,22.28554,25.159172,20.408333,85.10926,2.411527,4.652435,92.25153,73.28954,3.311547,1.6959047
22.5,120.5,2024-08-01,2024-10-19,79,51,25.159706,26.851269,24.048998,81.94293,2.5744545,5.5033364,87.15012,73.25825,3.2966006,1.933653
24.5,121.5,2024-08-01,2024-10-19,79,51,20.277994,22.15377,19.062206,86.28969,3.7290668,12.454762,90.91486,78.67568,4.5898194,2.792498
23.5,121.5,2024-08-01,2024-10-19,79,51,22.175179,23.594322,21.203686,83.451775,4.377479,12.056238,88.0811,77.318115,5.188261,3.4975913
22.5,121.5,2024-08-01,2024-10-19,79,51,26.070074,26.676498,25.511463,80.28273,8.94269,10.855881,83.55878,76.97798,10.2286625,7.572714
24.5,120.5,2024-08-01,2024-10-19,79,51,24.353382,25.816523,23.324863,79.71256,7.558089,2.9655905,84.56089,73.42626,8.733846,6.149308
23.5,120.5,2024-08-01,2024-10-20,80,51,22.216885,25.217798,20.209793,85.178566,2.3775015,3.5962873,92.91496,72.46509,3.3462446,1.5782528
23.5,121.5,2024-08-01,2024-10-20,80,51,22.05961,23.625162,20.958218,83.915016,4.310899,13.52946,88.41759,77.32723,5.100201,3.4760141
24.5,120.5,2024-08-01,2024-10-20,80,51,24.252893,25.683565,23.235733,79.79016,7.556481,2.3821661,84.31793,73.68597,8.85168,5.911112
22.5,121.5,2024-08-01,2024-10-20,80,51,25.956995,26.57692,25.351637,80.62718,8.673111,11.121563,84.13558,76.996056,9.728057,7.444889
22.5,120.5,2024-08-01,2024-10-20,80,51,25.096893,26.894613,23.867027,81.85658,2.4071128,3.535252,87.82821,72.58811,3.0858681,1.7660124
24.5,121.5,2024-08-01,2024-10-20,80,51,20.142694,21.918797,18.913958,86.42513,3.6888225,16.784668,91.33227,79.12865,4.534723,2.7832358
22.5,121.5,2024-08-01,2024-10-21,81,51,25.906744,26.42935,25.404669,79.84944,8.748252,5.657121,83.008194,76.73456,9.925964,7.4951525
23.5,120.5,2024-08-01,2024-10-21,81,51,22.078829,24.823587,20.258135,85.25944,2.281616,3.197165,92.23655,73.75824,3.1844757,1.6089627
23.5,121.5,2024-08-01,2024-10-21,81,51,21.875025,23.23382,20.948643,83.835144,4.266231,9.660908,87.68203,78.28751,5.0593896,3.3410156
24.5,120.5,2024-08-01,2024-10-21,81,51,24.139614,25.556124,23.118214,79.261116,7.563148,2.5245817,83.68814,73.28557,8.780606,6.118129
22.5,120.5,2024-08-01,2024-10-21,81,51,24.910112,26.536095,23.818003,82.12635,2.3151233,3.0762916,87.033325,73.99323,2.906677,1.7394146
24.5,121.5,2024-08-01,2024-10-21,81,51,19.884369,21.47018,18.67259,86.63752,3.7216313,14.650232,90.907,80.455536,4.5703516,2.7776616
22.5,120.5,2024-08-01,2024-10-22,82,51,24.873228,26.635708,23.673412,80.85794,2.3259947,2.1553788,86.32397,71.586075,2.9448402,1.7707878
23.5,120.5,2024-08-01,2024-10-22,82,51,21.937357,24.81685,19.849554,84.52386,2.4506264,2.023136,92.27475,72.26776,3.332552,1.7929118
24.5,120.5,2024-08-01,2024-10-22,82,51,23.986319,25.447865,22.923508,78.79307,7.6706266,1.9112381,83.96596,72.4084,8.857755,6.1909885
23.5,121.5,2024-08-01,2024-10-22,82,51,21.752508,23.220888,20.675587,82.66272,4.184702,7.143507,87.418465,76.172874,4.8579483,3.4064636
24.5,121.5,2024-08-01,2024-10-22,82,51,19.736483,21.49907,18.50435,85.93664,3.5878224,12.960397,90.973595,78.73455,4.385998,2.715352
22.5,121.5,2024-08-01,2024-10-22,82,51,25.856005,26.508713,25.253017,78.419136,8.71501,4.0690103,82.23895,74.54308,9.824104,7.554789
23.5,120.5,2024-08-01,2024-10-23,83,51,21.726357,24.746696,19.680132,84.73502,2.424033,2.1930768,92.4452,72.0916,3.365482,1.7200186
24.5,121.5,2024-08-01,2024-10-23,83,51,19.608345,21.374174,18.409052,85.7975,3.616105,11.666691,90.73016,78.55,4.4850354,2.6568077
24.5,120.5,2024-08-01,2024-10-23,83,51,23.822481,25.290277,22.78715,78.34277,7.902776,1.9309849,83.163765,72.01327,9.014232,6.4402776
23.5,121.5,2024-08-01,2024-10-23,83,51,21.72493,23.21735,20.712967,82.51216,4.187037,7.3164396,87.24117,76.16505,4.948922,3.3347008
22.5,121.5,2024-08-01,2024-10-23,83,51,25.821783,26.424967,25.248121,78.295074,8.541,3.8841097,82.18247,74.31219,9.645215,7.43696
22.5,120.5,2024-08-01,2024-10-23,83,51,24.74966,26.569384,23.627909,80.94307,2.1749103,2.2744572,86.75594,71.104294,2.7454648,1.6037409
22.5,120.5,2024-08-01,2024-10-24,84,51,24.742857,26.658428,23.512142,80.474785,2.2811465,1.7837824,86.333374,70.68945,2.8950317,1.7373621
23.5,120.5,2024-08-01,2024-10-24,84,51,21.706917,24.796793,19.740898,84.10994,2.4008577,1.7760034,91.98836,71.07073,3.2707307,1.7399815
24.5,121.5,2024-08-01,2024-10-24,84,51,19.568865,21.296947,18.383379,85.84563,3.6576807,10.050456,90.44921,78.9493,4.4410086,2.805682
23.5,121.5,2024-08-01,2024-10-24,84,51,21.6302,23.173761,20.554564,82.957115,4.33526,6.84611,87.47041,76.60277,4.9986696,3.4749355
22.5,121.5,2024-08-01,2024-10-24,84,51,25.721527,26.386726,25.11395,78.85425,8.970134,3.6830528,82.22892,75.26332,10.0023365,7.749059
24.5,120.5,2024-08-01,2024-10-24,84,51,23.805262,25.291061,22.785229,78.196465,7.7438574,1.0723039,83.0089,72.0019,8.929817,6.338384
23.5,120.5,2024-08-01,2024-10-25,85,51,21.535654,24.501022,19.56391,84.47491,2.5397775,1.8436208,92.06816,71.97543,3.5390942,1.7852582
22.5,120.5,2024-08-01,2024-10-25,85,51,24.61667,26.459509,23.452929,80.718575,2.3343902,1.530666,85.950935,71.087204,2.964526,1.7016374
24.5,120.5,2024-08-01,2024-10-25,85,51,23.598969,24.908478,22.652145,78.52284,7.9414086,1.8496046,82.73292,73.04193,9.073765,6.47114
22.5,121.5,2024-08-01,2024-10-25,85,51,25.65897,26.208326,25.152966,78.370995,8.961708,5.158069,81.683975,74.59947,9.862739,8.005317
23.5,121.5,2024-08-01,2024-10-25,85,51,21.546625,23.057375,20.561316,82.66786,4.3177686,8.765725,86.84616,76.3477,4.9593415,3.5932903
24.5,121.5,2024-08-01,2024-10-25,85,51,19.470741,21.169622,18.32976,85.58042,3.7319238,13.1770115,90.1501,78.450264,4.4879265,2.928347
24.5,121.5,2024-08-01,2024-10-26,86,51,19.579437,21.320436,18.374401,86.138824,3.7563531,15.231862,91.09968,78.75162,4.4442463,3.0246687
23.5,121.5,2024-08-01,2024-10-26,86,51,21.55326,23.03787,20.502434,83.16749,4.3130383,11.369892,88.10184,76.376076,4.958587,3.641658
22.5,121.5,2024-08-01,2024-10-26,86,51,25.706007,26.256744,25.153923,78.87533,8.937025,5.9192133,82.43035,75.33645,9.928991,7.8474793
24.5,120.5,2024-08-01,2024-10-26,86,51,23.700253,25.153189,22.680075,78.87963,7.743507,1.563577,83.823685,72.55946,8.745659,6.517911
22.5,120.5,2024-08-01,2024-10-26,86,51,24.689713,26.534536,23.505684,80.71224,2.3608813,1.8669577,87.15109,70.61173,2.9170885,1.8596132
23.5,120.5,2024-08-01,2024-10-26,86,51,21.606503,24.692318,19.587374,84.317154,2.485045,2.0117667,92.134865,71.27775,3.338161,1.8051431
24.5,120.5,2024-08-01,2024-10-27,87,51,23.680878,25.199444,22.593882,78.59005,7.970821,1.8095129,83.424644,72.29794,9.121628,6.5602045
22.5,121.5,2024-08-01,2024-10-27,87,51,25.631207,26.200737,25.064596,78.64725,9.300332,8.328905,82.29151,74.86606,10.3353615,8.293543
23.5,120.5,2024-08-01,2024-10-27,87,51,21.639086,24.773453,19.659521,84.391014,2.4938745,2.7735093,92.01307,71.56591,3.3789427,1.7956209
22.5,120.5,2024-08-01,2024-10-27,87,51,24.614012,26.476768,23.40781,81.35801,2.3273165,4.6033673,87.36984,71.40887,2.9115095,1.7376534
23.5,121.5,2024-08-01,2024-10-27,87,51,21.519045,23.080896,20.495625,82.98005,4.3831697,11.01146,87.627335,76.478485,5.0648055,3.634255
24.5,121.5,2024-08-01,2024-10-27,87,51,19.499523,21.306559,18.187761,86.13462,3.7106204,12.17412,90.92906,78.51353,4.541223,2.8857532
24.5,120.5,2024-08-01,2024-10-28,88,51,23.557158,25.134495,22.51854,78.939064,7.770733,2.3067698,84.21498,72.02219,8.747381,6.6596637
24.5,121.5,2024-08-01,2024-10-28,88,51,19.395374,21.291203,18.201302,85.89838,3.6270998,13.8849,91.097664,77.5927,4.343006,2.782167
22.5,120.5,2024-08-01,2024-10-28,88,51,24.441875,26.268936,23.282621,81.47731,2.3814583,5.0371957,87.09957,71.90532,2.9451165,1.8067282
22.5,121.5,2024-08-01,2024-10-28,88,51,25.55284,26.156803,24.994404,78.63751,9.302811,12.421252,82.767654,74.917915,10.356984,8.2659645
23.5,121.5,2024-08-01,2024-10-28,88,51,21.430655,23.042282,20.377104,82.61933,4.332363,13.350543,87.690125,75.62957,4.933124,3.6372333
23.5,120.5,2024-08-01,2024-10-28,88,51,21.479837,24.640068,19.335127,84.54135,2.415428,3.1086042,92.45692,71.45061,3.2710645,1.7397343
23.5,120.5,2024-08-01,2024-10-29,89,51,21.579983,24.77912,19.507496,84.53156,2.3395875,2.0554485,92.477394,71.25191,3.2190585,1.7072666
24.5,120.5,2024-08-01,2024-10-29,89,51,23.698606,25.25281,22.687292,79.06345,7.697679,1.685049,83.798935,72.52804,8.756752,6.372237
22.5,121.5,2024-08-01,2024-10-29,89,51,25.561888,26.058456,25.079336,79.292015,8.855211,9.69322,82.46658,75.91087,9.744505,7.782678
22.5,120.5,2024-08-01,2024-10-29,89,51,24.57803,26.388992,23.493776,81.23426,2.2603564,4.04687,86.677704,71.65145,2.7800467,1.708128
23.5,121.5,2024-08-01,2024-10-29,89,51,21.471977,22.990118,20.448845,83.03059,4.124058,10.691325,87.88752,76.266,4.791082,3.3525589
24.5,121.5,2024-08-01,2024-10-29,89,51,19.555826,21.403835,18.416275,86.0495,3.5120466,12.734806,90.895164,78.04331,4.255711,2.7063823
23.5,121.5,2024-08-01,2024-10-30,90,51,21.37819,22.952965,20.27051,82.83737,4.4877524,7.822074,87.63169,76.11562,5.170279,3.658275
23.5,120.5,2024-08-01,2024-10-30,90,51,21.588274,24.924345,19.365366,84.012245,2.4217033,1.7688228,91.53107,70.53301,3.3240066,1.69448
24.5,120.5,2024-08-01,2024-10-30,90,51,23.558067,25.043541,22.522133,78.81687,8.101001,1.5611836,83.36385,72.684425,9.188689,6.6766353
24.5,121.5,2024-08-01,2024-10-30,90,51,19.30102,20.863838,18.18008,86.41437,3.8686273,12.9627905,90.80173,80.17521,4.685119,2.924563
22.5,121.5,2024-08-01,2024-10-30,90,51,25.527027,26.126614,24.967869,79.00139,9.440966,4.885206,82.25608,75.91255,10.505454,8.219833
22.5,120.5,2024-08-01,2024-10-30,90,51,24.576363,26.49324,23.292952,80.83511,2.3767846,2.0548503,86.36973,71.184814,2.9014928,1.8423088
23.5,121.5,2024-08-01,2024-10-31,91,51,21.298103,22.824097,20.305683,83.17529,4.4037285,9.685442,87.84856,76.42797,5.0195427,3.6473045
24.5,120.5,2024-08-01,2024-10-31,91,51,23.398392,24.805845,22.456264,79.312355,8.140231,1.6497444,84.26735,72.6663,9.241978,6.837422
23.5,120.5,2024-08-01,2024-10-31,91,51,21.408962,24.614233,19.381697,84.3086,2.5731468,2.3013844,92.258965,70.914024,3.4689527,1.8808944
22.5,121.5,2024-08-01,2024-10-31,91,51,25.453003,26.005058,24.912558,79.11331,9.262884,5.7540593,82.37965,75.72986,10.239154,8.200851
22.5,120.5,2024-08-01,2024-10-31,91,51,24.458422,26.372429,23.232115,81.05492,2.4308188,2.3043764,87.20222,70.97919,2.951151,1.8847326
24.5,121.5,2024-08-01,2024-10-31,91,51,19.284824,20.919281,18.234016,86.818886,3.7408123,14.330696,91.5421,79.520966,4.453066,2.9630425
24.5,120.5,2024-08-01,2024-11-01,92,51,23.375076,24.825268,22.43745,79.80693,7.9313097,2.9314826,84.49535,73.58277,9.04466,6.5446153
23.5,121.5,2024-08-01,2024-11-01,92,51,21.329273,22.858557,20.33373,83.96874,4.1004605,8.135029,88.72193,77.21791,4.824632,3.2928207
24.5,121.5,2024-08-01,2024-11-01,92,51,19.324076,21.069633,18.236773,86.88904,3.5978203,12.712666,91.43919,79.449196,4.3838487,2.8070023
23.5,120.5,2024-08-01,2024-11-01,92,51,21.349274,24.533266,19.334068,84.64343,2.541698,3.578934,92.43089,71.564316,3.4543958,1.8514717
22.5,121.5,2024-08-01,2024-11-01,92,51,25.433287,26.063604,24.886538,79.86713,8.90975,4.9965053,83.334885,76.1356,9.970533,7.790056
22.5,120.5,2024-08-01,2024-11-01,92,51,24.37567,26.20212,23.200027,81.68123,2.5503712,2.808814,87.542244,72.09973,3.0954773,1.9855189
24.5,120.5,2024-08-01,2024-11-02,93,51,23.359104,24.822075,22.36192,80.08004,8.021241,4.0797815,84.59559,73.65738,9.055523,6.688094
22.5,120.5,2024-08-01,2024-11-02,93,51,24.445684,26.296337,23.372229,81.49433,2.415284,2.1087048,86.8749,71.693214,2.9641702,1.84146
23.5,121.5,2024-08-01,2024-11-02,93,51,21.38414,22.997158,20.362125,83.92214,4.0953927,10.018143,88.558266,77.0392,4.83581,3.1747587
24.5,121.5,2024-08-01,2024-11-02,93,51,19.430632,21.192192,18.238401,87.04783,3.6350217,16.96897,91.48671,79.63125,4.3279343,2.935877
23.5,120.5,2024-08-01,2024-11-02,93,51,21.428047,24.640537,19.51723,84.61372,2.5497262,3.4460928,92.32816,71.51332,3.4608963,1.8407723
22.5,121.5,2024-08-01,2024-11-02,93,51,25.42484,26.022882,24.868402,79.8791,8.727286,4.2485256,83.25178,76.436325,9.825503,7.4791126
22.5,120.5,2024-08-01,2024-11-03,94,51,24.355818,26.203981,23.131144,81.451515,2.5332186,1.9555185,87.39551,71.86641,3.0359974,1.9944938
23.5,120.5,2024-08-01,2024-11-03,94,51,21.321016,24.46168,19.268913,84.24828,2.583909,2.0722034,91.77153,71.593994,3.5386155,1.8881162
24.5,121.5,2024-08-01,2024-11-03,94,51,19.157299,20.863935,17.957958,86.95145,3.8385608,13.055539,91.39035,80.215515,4.545973,2.9996746
23.5,121.5,2024-08-01,2024-11-03,94,51,21.283304,22.845327,20.231316,83.653694,4.249876,9.269565,87.97111,76.961266,4.953069,3.3710701
22.5,121.5,2024-08-01,2024-11-03,94,51,25.362377,25.95629,24.853134,79.43867,8.887153,4.6117444,82.71007,76.04575,9.990288,7.6503687
24.5,120.5,2024-08-01,2024-11-03,94,51,23.204653,24.665596,22.16905,79.034706,8.170834,1.7215505,84.0989,72.83465,9.202177,6.945268
22.5,120.5,2024-08-01,2024-11-04,95,51,24.298014,26.148203,23.115627,81.18663,2.5748553,2.9620001,86.97214,71.57637,3.2159283,1.8736191
23.5,121.5,2024-08-01,2024-11-04,95,51,21.198664,22.726599,20.107922,83.274376,4.093909,9.042777,88.02615,76.64816,4.8188615,3.3007236
24.5,121.5,2024-08-01,2024-11-04,95,51,19.142874,21.01137,17.906448,86.33311,3.53399,12.794045,91.46004,78.04537,4.259965,2.7795951
23.5,120.5,2024-08-01,2024-11-04,95,51,21.255314,24.360523,19.274242,84.145424,2.4958904,2.6921291,92.08559,71.23553,3.3791332,1.8058784
24.5,120.5,2024-08-01,2024-11-04,95,51,23.121103,24.583857,22.110632,79.59397,7.626472,1.6030704,84.69329,72.836975,8.756019,6.230446
22.5,121.5,2024-08-01,2024-11-04,95,51,25.312836,25.946335,24.703098,79.36471,8.979052,5.6140375,82.90198,75.636314,10.163547,7.700557
24.5,120.5,2024-08-01,2024-11-05,96,51,23.04939,24.608448,21.947067,78.73469,8.022716,1.4085957,83.58008,72.60084,9.403711,6.187596
24.5,121.5,2024-08-01,2024-11-05,96,51,18.957794,20.87534,17.573147,86.19655,3.7698421,13.230268,90.86185,78.73668,4.64542,2.7890718
23.5,120.5,2024-08-01,2024-11-05,96,51,21.183582,24.301758,19.224588,83.90673,2.587645,1.2913125,91.320244,71.501236,3.4500616,1.7438089
23.5,121.5,2024-08-01,2024-11-05,96,51,20.988232,22.587786,19.868668,83.66092,4.224423,8.305569,88.1885,77.1169,5.233622,3.1749225
22.5,121.5,2024-08-01,2024-11-05,96,51,25.106884,25.732986,24.439234,79.5108,8.950642,6.8981695,83.0134,76.0421,10.457805,7.5052633
22.5,120.5,2024-08-01,2024-11-05,96,51,24.159197,25.972025,22.930082,81.21098,2.7037668,1.9052542,86.93798,72.357,3.3624947,2.0760868
24.5,120.5,2024-08-01,2024-11-06,97,51,22.666485,24.119818,21.61412,77.54832,8.214638,1.2147193,82.38949,71.3463,9.410921,6.676774
22.5,120.5,2024-08-01,2024-11-06,97,51,23.885551,25.788511,22.692654,79.94878,2.5759146,1.6192268,85.64811,70.120895,3.2281268,1.9966816
23.5,121.5,2024-08-01,2024-11-06,97,51,20.596039,22.237425,19.53263,82.55483,4.543214,6.214815,87.24736,75.256424,5.267245,3.7120163
22.5,121.5,2024-08-01,2024-11-06,97,51,24.887466,25.486044,24.324448,77.88094,9.788773,4.1886873,80.89613,74.42212,10.850364,8.53927
24.5,121.5,2024-08-01,2024-11-06,97,51,18.42131,20.147333,17.185997,86.12293,3.843297,14.133827,90.8271,78.551506,4.6451654,2.9641907
23.5,120.5,2024-08-01,2024-11-06,97,51,20.81879,24.133999,18.628183,82.992874,2.5917017,1.0794846,91.259766,69.394394,3.522636,1.8873312
23.5,121.5,2024-08-01,2024-11-07,98,51,20.66303,22.1727,19.691353,82.66997,4.442046,10.853487,87.03691,76.236885,5.1788063,3.6199718
24.5,120.5,2024-08-01,2024-11-07,98,51,22.706373,24.240206,21.69874,78.343575,7.8740687,2.2343655,83.66971,71.361465,8.835732,6.606752
22.5,121.5,2024-08-01,2024-11-07,98,51,24.960537,25.54374,24.403784,78.19935,9.348675,6.5367455,81.51487,74.66182,10.632065,7.976959
23.5,120.5,2024-08-01,2024-11-07,98,51,20.799223,24.102247,18.825958,82.970146,2.5624115,2.1122952,90.85187,69.42215,3.4770627,1.907334
24.5,121.5,2024-08-01,2024-11-07,98,51,18.49626,20.20503,17.383266,86.62654,3.8456898,14.865052,91.04324,79.57934,4.519914,3.1259186
22.5,120.5,2024-08-01,2024-11-07,98,51,23.858448,25.720161,22.651545,80.22552,2.6419692,2.576641,86.22274,70.67158,3.189934,2.1361089
22.5,121.5,2024-08-01,2024-11-08,99,51,24.916336,25.554293,24.365122,78.3201,9.545316,10.082768,81.77967,74.16528,10.752893,8.196341
22.5,120.5,2024-08-01,2024-11-08,99,51,23.819906,25.721119,22.607231,80.246796,2.732934,3.8332472,86.165634,70.52628,3.2627857,2.149079
24.5,121.5,2024-08-01,2024-11-08,99,51,18.484898,20.207592,17.256788,86.606346,3.9278772,17.330395,90.870895,79.62266,4.6690354,3.0803876
23.5,121.5,2024-08-01,2024-11-08,99,51,20.612251,22.164413,19.542938,82.92278,4.50805,13.792748,87.34601,76.34424,5.336163,3.6298501
24.5,120.5,2024-08-01,2024-11-08,99,51,22.615028,24.091719,21.553263,78.60569,8.186804,2.7034984,83.183525,72.4269,9.297981,6.7874174
23.5,120.5,2024-08-01,2024-11-08,99,51,20.629322,23.88725,18.548595,83.367905,2.662185,3.9648917,90.94838,70.514595,3.546615,1.9244426
22.5,121.5,2024-08-01,2024-11-09,100,51,24.688189,25.311028,24.034744,79.39377,9.8897705,16.042671,82.74312,75.79203,11.395761,8.345739
23.5,120.5,2024-08-01,2024-11-09,100,51,20.462872,23.43983,18.568623,83.65711,2.859546,3.5424325,90.659706,71.72206,3.6739001,2.1633017
24.5,121.5,2024-08-01,2024-11-09,100,51,18.14994,19.710392,16.962626,87.463356,4.104226,17.59847,91.646965,81.16019,4.7836914,3.290288
24.5,120.5,2024-08-01,2024-11-09,100,51,22.248564,23.579096,21.279074,78.98884,8.717472,3.4538717,83.4525,73.35152,9.772605,7.391712
22.5,120.5,2024-08-01,2024-11-09,100,51,23.572544,25.278133,22.443375,80.86584,2.9182737,5.726534,86.194275,72.17228,3.568092,2.2876656
23.5,121.5,2024-08-01,2024-11-09,100,51,20.43167,21.859503,19.37753,83.72397,4.829015,17.434513,87.808105,77.7546,5.619033,3.9282687
24.5,121.5,2024-08-01,2024-11-10,101,51,17.723387,19.31361,16.64748,86.84609,4.3114805,18.196854,90.72071,80.81969,5.063394,3.4260862
22.5,121.5,2024-08-01,2024-11-10,101,51,24.490448,25.11528,23.927666,78.84666,10.210679,10.318532,82.1221,75.6161,11.611924,8.691173
24.5,120.5,2024-08-01,2024-11-10,101,51,21.927172,23.271467,21.020828,77.773,9.041407,3.2276826,81.93776,72.468254,10.067093,7.7800784
22.5,120.5,2024-08-01,2024-11-10,101,51,23.401035,25.08403,22.284872,80.11907,3.0193653,3.7135704,85.50342,72.06459,3.6269157,2.403877
23.5,121.5,2024-08-01,2024-11-10,101,51,20.186516,21.626764,19.17252,83.335976,5.018551,14.251111,87.381676,77.84489,5.8583865,4.073507
23.5,120.5,2024-08-01,2024-11-10,101,51,20.251438,23.17686,18.358467,83.01406,3.0280223,3.1606636,89.972015,71.57587,4.065914,2.2905996
22.5,121.5,2024-08-01,2024-11-11,102,51,24.426977,25.009468,23.844822,78.390144,9.906599,4.2533126,81.83042,74.9903,11.266888,8.529408
23.5,121.5,2024-08-01,2024-11-11,102,51,20.05056,21.496187,19.052008,82.66668,4.621296,7.4953566,87.19099,76.558815,5.468988,3.6270485
22.5,120.5,2024-08-01,2024-11-11,102,51,23.324812,25.203249,22.01105,79.20345,2.8623314,1.4875823,85.26161,70.091125,3.4045434,2.2632606
24.5,120.5,2024-08-01,2024-11-11,102,51,21.917816,23.322485,20.875454,77.623886,8.640591,2.8459136,82.51957,71.54399,9.685536,7.207402
23.5,120.5,2024-08-01,2024-11-11,102,51,20.039148,23.24147,17.980476,82.58455,2.7915192,1.5115176,90.18514,69.8878,3.6746294,2.0605896
24.5,121.5,2024-08-01,2024-11-11,102,51,17.696737,19.322771,16.558496,86.35712,4.0416903,14.188879,90.83951,79.76205,4.804445,3.1158051
24.5,120.5,2024-08-01,2024-11-12,103,51,21.868998,23.27526,20.886803,77.979294,8.441516,2.6460536,82.88761,71.56831,9.432889,7.2105603
22.5,120.5,2024-08-01,2024-11-12,103,51,23.239632,25.064425,22.105543,80.04297,2.6709383,4.0187464,86.299576,70.418686,3.2875605,2.0964162
23.5,120.5,2024-08-01,2024-11-12,103,51,20.039608,23.28306,18.068386,82.86381,2.6902864,2.699908,91.07647,69.643456,3.5855784,2.0029836
22.5,121.5,2024-08-01,2024-11-12,103,51,24.324936,24.887955,23.755331,78.69916,9.613425,7.291906,81.891335,75.46726,10.799543,8.431008
24.5,121.5,2024-08-01,2024-11-12,103,51,17.770258,19.405254,16.685266,86.4789,3.8003747,14.43302,91.22276,78.854385,4.479872,3.0814464
23.5,121.5,2024-08-01,2024-11-12,103,51,20.001303,21.4932,19.008205,83.08413,4.410109,8.694518,87.53659,76.18318,5.0953913,3.6675487
23.5,120.5,2024-08-01,2024-11-13,104,51,19.9791,23.063421,18.148342,83.28607,2.838144,2.5838215,90.37253,70.926575,3.7778175,2.0768194
24.5,120.5,2024-08-01,2024-11-13,104,51,21.629145,22.995855,20.589293,78.32145,8.709592,2.9775581,82.98519,72.39162,9.757776,7.33758
22.5,121.5,2024-08-01,2024-11-13,104,51,24.318005,24.922089,23.64059,78.86143,9.873938,9.018842,81.8991,75.72956,11.025326,8.682557
23.5,121.5,2024-08-01,2024-11-13,104,51,19.952503,21.421236,18.895658,83.78858,4.773186,12.168735,87.82148,77.92048,5.496126,3.9247873
24.5,121.5,2024-08-01,2024-11-13,104,51,17.543467,19.161844,16.308178,87.33537,4.1055493,17.511106,91.34605,81.145966,4.7771826,3.3374057
22.5,120.5,2024-08-01,2024-11-13,104,51,23.195122,25.05201,21.989965,80.66538,2.8401556,4.791858,86.62836,71.4526,3.3759599,2.2831855
24.5,120.5,2024-08-01,2024-11-14,105,51,21.541712,22.932888,20.554966,76.96085,9.051231,2.236759,81.84331,70.96354,10.252169,7.562054
23.5,121.5,2024-08-01,2024-11-14,105,51,19.607744,20.940903,18.593338,82.71038,5.0336113,10.457356,86.95781,76.94318,5.7360826,4.1637635
22.5,121.5,2024-08-01,2024-11-14,105,51,24.050117,24.61311,23.449839,77.77835,10.723163,7.5348496,81.16669,74.1932,11.721286,9.474242
23.5,120.5,2024-08-01,2024-11-14,105,51,19.855246,22.945484,17.8314,82.63416,2.6753016,2.7082856,90.641426,70.01084,3.5626101,1.9169563
24.5,121.5,2024-08-01,2024-11-14,105,51,17.277735,18.772272,16.16022,86.280525,4.173627,14.838723,90.32066,80.17816,5.0012293,3.273993
22.5,120.5,2024-08-01,2024-11-14,105,51,22.950891,24.736807,21.769417,79.4625,2.7823055,4.2592964,85.27518,70.44943,3.3465357,2.2256477
24.5,121.5,2024-08-01,2024-11-15,106,51,17.342258,18.915754,16.20316,86.62696,3.9993055,12.064616,90.791275,80.02792,4.7033415,3.2286656
22.5,120.5,2024-08-01,2024-11-15,106,51,22.93007,24.817816,21.724901,79.327644,2.7526116,2.4497836,85.20994,69.45601,3.239598,2.2683072
23.5,121.5,2024-08-01,2024-11-15,106,51,19.628008,21.105433,18.604767,82.77629,4.727963,7.8244677,87.10441,76.32627,5.520329,3.8255181
24.5,120.5,2024-08-01,2024-11-15,106,51,21.643364,23.197906,20.544764,77.585144,8.441134,1.653933,82.86418,70.8954,9.553128,6.9873366
23.5,120.5,2024-08-01,2024-11-15,106,51,19.830645,23.028639,17.882246,82.677086,2.629161,1.8502029,90.615715,69.16911,3.409081,1.9755244
22.5,121.5,2024-08-01,2024-11-15,106,51,24.074066,24.629923,23.48044,77.25499,10.394441,5.7468786,80.59351,74.00474,11.556775,9.050842
23.5,120.5,2024-08-01,2024-11-16,107,51,19.678009,22.850632,17.613682,83.254135,2.5686302,2.0656211,91.27836,70.10187,3.3798077,1.908342
22.5,120.5,2024-08-01,2024-11-16,107,51,22.873291,24.753052,21.668055,79.8866,2.6305416,2.2343655,86.31529,69.932396,3.1316853,2.1709785
23.5,121.5,2024-08-01,2024-11-16,107,51,19.654217,21.047005,18.679071,82.91519,4.5504875,10.238348,87.1843,76.68103,5.2806673,3.761161
24.5,120.5,2024-08-01,2024-11-16,107,51,21.550442,23.008236,20.499506,78.307846,8.044079,2.024931,83.27424,72.04341,9.186384,6.6522293
24.5,121.5,2024-08-01,2024-11-16,107,51,17.482561,19.089964,16.36682,86.31073,3.8662317,13.22189,90.57742,79.482994,4.600633,3.144771
22.5,121.5,2024-08-01,2024-11-16,107,51,24.096636,24.637129,23.56087,77.621506,9.896344,6.3739853,80.815605,74.21841,10.98561,8.711998
23.5,121.5,2024-08-01,2024-11-17,108,51,19.835587,21.28663,18.8853,83.60528,4.2637506,10.061227,87.83248,77.32826,4.9584217,3.4151423
24.5,120.5,2024-08-01,2024-11-17,108,51,21.599133,23.064526,20.645369,79.45483,7.789112,1.6682943,84.67874,72.87344,8.961924,6.238885
23.5,120.5,2024-08-01,2024-11-17,108,51,19.69546,22.928905,17.754038,84.20805,2.5147102,2.4258482,91.92714,70.89883,3.3737175,1.8453543
24.5,121.5,2024-08-01,2024-11-17,108,51,17.707819,19.345701,16.631025,87.235245,3.6731915,13.056736,91.311676,80.60641,4.357766,2.859234
22.5,121.5,2024-08-01,2024-11-17,108,51,24.211954,24.753542,23.680355,78.40185,9.138138,4.8864026,81.81306,75.09136,10.167884,8.048908
22.5,120.5,2024-08-01,2024-11-17,108,51,22.877224,24.743721,21.665522,81.19067,2.6313972,2.5024414,87.02461,71.02795,3.1948502,2.1097164
24.5,120.5,2024-08-01,2024-11-18,109,51,21.53852,23.042208,20.452997,79.733765,7.715935,1.38107,84.621086,73.23837,8.746597,6.341649
22.5,120.5,2024-08-01,2024-11-18,109,51,23.011503,25.00872,21.768486,81.28795,2.7138433,5.106608,87.216125,70.96576,3.269254,2.1651287
24.5,121.5,2024-08-01,2024-11-18,109,51,17.77526,19.691826,16.443653,87.01603,3.585033,10.817584,91.37721,79.633736,4.2788267,2.882349
23.5,121.5,2024-08-01,2024-11-18,109,51,19.988783,21.622744,18.895575,83.47445,4.0665727,8.348652,88.27643,76.5975,4.845203,3.2179644
23.5,120.5,2024-08-01,2024-11-18,109,51,19.751257,23.072536,17.791563,83.98959,2.679594,1.8873028,91.65538,70.73508,3.5492785,1.9704535
22.5,121.5,2024-08-01,2024-11-18,109,51,24.291346,24.919144,23.673258,78.71252,8.960448,6.15378,82.29413,74.97887,10.162068,7.76366
23.5,120.5,2024-08-01,2024-11-19,110,51,19.463114,22.94917,17.376205,83.788376,2.5977337,1.7975452,91.66664,69.77844,3.42118,1.9157676
22.5,121.5,2024-08-01,2024-11-19,110,51,24.022753,24.701227,23.326437,78.477715,8.938533,6.0412836,82.031204,74.622665,10.37694,7.5088625
23.5,121.5,2024-08-01,2024-11-19,110,51,19.682793,21.335796,18.553896,83.28104,4.1346574,9.67467,88.118515,75.832634,4.9703894,3.2999651
24.5,120.5,2024-08-01,2024-11-19,110,51,21.280546,22.913477,20.13578,79.35322,7.692137,2.5742474,84.34949,72.62236,8.784794,6.4615245
22.5,120.5,2024-08-01,2024-11-19,110,51,22.77846,24.747452,21.511269,80.89377,2.6965935,2.3672066,87.19915,70.58044,3.3035526,2.0555782
24.5,121.5,2024-08-01,2024-11-19,110,51,17.491291,19.502832,16.163746,86.31578,3.5232732,11.737898,91.074684,78.29184,4.2276063,2.7300906
24.5,120.5,2024-08-01,2024-11-20,111,51,20.942413,22.452827,19.881342,78.463585,8.223007,2.88062,83.380646,71.54223,9.437206,6.5816746
23.5,121.5,2024-08-01,2024-11-20,111,51,19.333479,20.878887,18.292822,83.00154,4.4650526,9.98583,87.29525,76.3817,5.40352,3.5209253
24.5,121.5,2024-08-01,2024-11-20,111,51,16.970007,18.753567,15.688675,86.099304,3.8783174,14.697505,90.55808,78.82594,4.6140747,3.0410073
23.5,120.5,2024-08-01,2024-11-20,111,51,19.318142,22.613531,17.314587,83.0805,2.5976923,3.1726313,90.587364,69.57494,3.4132001,1.8575605
22.5,121.5,2024-08-01,2024-11-20,111,51,23.717154,24.338535,23.09577,78.04368,9.507086,4.7475777,81.65799,74.3963,10.834501,8.059069
22.5,120.5,2024-08-01,2024-11-20,111,51,22.626152,24.574812,21.441212,79.81871,2.7227142,3.2384536,85.556564,70.24114,3.2628741,2.1318395
23.5,121.5,2024-08-01,2024-11-21,112,51,19.016724,20.447086,17.975471,82.408844,4.4827557,8.492264,87.21657,75.72767,5.240761,3.731063
24.5,120.5,2024-08-01,2024-11-21,112,51,20.774843,22.226416,19.638918,78.14017,8.201184,1.0040882,83.38236,71.59817,9.380199,6.837067
24.5,121.5,2024-08-01,2024-11-21,112,51,16.745852,18.468,15.469937,85.88331,3.772401,10.125852,90.62226,78.476814,4.4823065,2.9608045
22.5,120.5,2024-08-01,2024-11-21,112,51,22.428804,24.294483,21.255621,78.7736,2.723368,2.4880803,84.776794,68.97379,3.2802324,2.2152245
23.5,120.5,2024-08-01,2024-11-21,112,51,19.053316,22.305168,16.989658,82.662796,2.6538935,1.1249617,90.61248,69.01293,3.5986595,1.9227457
22.5,121.5,2024-08-01,2024-11-21,112,51,23.546816,24.146767,22.966795,77.20618,9.748811,6.0688095,80.62777,73.5401,10.815862,8.572364
23.5,121.5,2024-08-01,2024-11-22,113,51,18.966099,20.464832,17.882477,82.546364,4.502842,8.266075,87.01404,75.86954,5.3257656,3.5624046
24.5,120.5,2024-08-01,2024-11-22,113,51,20.741287,22.294205,19.679583,78.60184,7.7717843,0.96459484,84.36129,71.151695,9.106174,6.0971155
22.5,121.5,2024-08-01,2024-11-22,113,51,23.510551,24.120634,22.87394,77.49599,9.797568,7.115981,81.09363,73.81626,11.106912,8.404476
24.5,121.5,2024-08-01,2024-11-22,113,51,16.697485,18.585787,15.395771,86.07029,3.7055607,9.627996,91.33286,78.08502,4.4776115,2.8121862
22.5,120.5,2024-08-01,2024-11-22,113,51,22.252337,24.144087,21.01675,79.30316,2.8575048,2.6903338,85.700356,69.19695,3.4260414,2.2642295
23.5,120.5,2024-08-01,2024-11-22,113,51,18.874014,22.09273,16.886435,83.00011,2.6184125,1.8825157,90.95764,69.576164,3.3526788,1.9175348
24.5,121.5,2024-08-01,2024-11-23,114,51,16.299784,18.194931,14.866848,85.672104,3.8538826,11.977252,90.52544,78.11286,4.6299067,2.9294903
22.5,121.5,2024-08-01,2024-11-23,114,51,23.245794,24.025938,22.530704,76.726425,10.043583,8.610744,80.476456,73.038605,11.351111,8.574795
23.5,120.5,2024-08-01,2024-11-23,114,51,18.64203,22.03372,16.440952,82.09875,2.6790724,3.1247606,90.3588,68.16717,3.5910163,1.9095514
22.5,120.5,2024-08-01,2024-11-23,114,51,22.009974,23.899122,20.72926,78.60113,2.987268,5.962297,84.717125,69.0016,3.6324923,2.3606458
24.5,120.5,2024-08-01,2024-11-23,114,51,20.379583,22.009863,19.169365,77.51101,8.063815,1.4349246,83.12087,70.55242,9.407703,6.378004
23.5,121.5,2024-08-01,2024-11-23,114,51,18.673145,20.293102,17.508215,81.99744,4.5597644,9.578929,86.70664,75.135086,5.3880286,3.6141722
23.5,121.5,2024-08-01,2024-11-24,115,51,18.720493,20.253687,17.68078,82.90613,4.107554,8.962594,87.45999,76.01025,4.8673844,3.2640402
24.5,120.5,2024-08-01,2024-11-24,115,51,20.512629,22.022322,19.457436,78.499886,7.36707,1.4133828,84.21196,71.131546,8.628807,5.878342
22.5,120.5,2024-08-01,2024-11-24,115,51,21.971287,23.77798,20.844349,79.02447,2.786667,2.1158855,85.331535,69.40601,3.2519386,2.2965086
23.5,120.5,2024-08-01,2024-11-24,115,51,18.620472,21.940933,16.739738,82.56089,2.4607112,1.7544615,90.824036,68.372025,3.2193267,1.820982
22.5,121.5,2024-08-01,2024-11-24,115,51,23.261278,23.857466,22.658974,77.89238,9.30937,5.736108,81.37718,74.30576,10.488994,7.980527
24.5,121.5,2024-08-01,2024-11-24,115,51,16.489717,18.267862,15.312091,86.204414,3.4637084,11.737898,90.8709,78.444756,4.254409,2.6627748
24.5,120.5,2024-08-01,2024-11-25,116,51,20.61531,22.081532,19.637472,78.75982,7.50371,1.3774856,83.727425,72.17847,8.648447,5.9645166
23.5,121.5,2024-08-01,2024-11-25,116,51,18.8485,20.368086,17.809145,83.1549,4.284247,7.3924394,87.410835,76.93383,5.030165,3.3209825
24.5,121.5,2024-08-01,2024-11-25,116,51,16.61376,18.383694,15.410812,86.44501,3.6855338,10.118676,90.52103,79.46842,4.325468,2.9250438
22.5,120.5,2024-08-01,2024-11-25,116,51,22.144522,23.996063,20.9701,79.78336,2.7358131,1.967491,85.711685,70.445946,3.240427,2.239015
23.5,120.5,2024-08-01,2024-11-25,116,51,18.700617,21.910109,16.8043,83.42391,2.467675,1.633594,91.24858,70.16373,3.341428,1.8184333
22.5,121.5,2024-08-01,2024-11-25,116,51,23.446165,24.047647,22.849493,77.63589,9.51707,4.0055866,81.231926,74.09439,10.764046,8.047083
22.5,121.5,2024-08-01,2024-11-26,117,51,23.544092,24.148172,22.945957,77.311325,9.514413,4.1156917,80.67603,73.91161,10.810572,8.029138
23.5,120.5,2024-08-01,2024-11-26,117,51,18.86269,22.284744,16.989136,83.037254,2.4539232,1.2721701,90.98122,68.85262,3.2357616,1.7265525
22.5,120.5,2024-08-01,2024-11-26,117,51,22.244545,24.206696,21.074858,79.27634,2.7490442,1.603676,85.26979,68.935036,3.2718413,2.2104182
24.5,121.5,2024-08-01,2024-11-26,117,51,16.833958,18.690054,15.562275,85.88638,3.693416,10.825969,90.29236,78.22997,4.458309,2.7573276
23.5,121.5,2024-08-01,2024-11-26,117,51,18.936037,20.429085,17.903677,82.952896,4.141041,7.6305985,87.41002,76.06514,5.0234437,3.1387706
24.5,120.5,2024-08-01,2024-11-26,117,51,20.802238,22.368458,19.668207,78.57481,7.3876867,1.1883963,84.336464,71.12442,8.720477,5.5215135
23.5,120.5,2024-08-01,2024-11-27,118,51,18.948683,22.340784,16.906181,82.95638,2.5924022,1.1620615,90.72199,69.113464,3.4859998,1.8721133
22.5,121.5,2024-08-01,2024-11-27,118,51,23.371256,24.02955,22.722467,78.62219,9.386431,5.91682,82.19778,74.78001,10.622415,8.07614
22.5,120.5,2024-08-01,2024-11-27,118,51,22.278425,24.167646,21.101244,79.76817,2.7650878,1.8693513,86.15587,70.24407,3.249622,2.2794456
24.5,121.5,2024-08-01,2024-11-27,118,51,16.68658,18.446825,15.459544,86.577576,3.7332215,11.986826,90.84889,79.705315,4.5123825,2.8406768
24.5,120.5,2024-08-01,2024-11-27,118,51,20.668926,22.171745,19.591242,78.9519,7.804621,1.1943742,84.06207,72.49227,9.056349,6.127599
23.5,121.5,2024-08-01,2024-11-27,118,51,18.868374,20.403746,17.844,83.503265,4.2073,8.313946,87.76115,77.06253,5.0434904,3.2946727
23.5,121.5,2024-08-01,2024-11-28,119,51,18.82914,20.336576,17.774464,83.638855,4.3389015,7.2272806,87.6345,77.47226,5.174192,3.4457796
24.5,120.5,2024-08-01,2024-11-28,119,51,20.401205,21.86387,19.237719,79.11841,8.071299,1.9363703,84.032074,73.127754,9.311019,6.510045
22.5,120.5,2024-08-01,2024-11-28,119,51,22.160156,23.969069,20.939766,80.10275,2.8747056,2.0057828,86.1141,71.089096,3.5417712,2.2813847
24.5,121.5,2024-08-01,2024-11-28,119,51,16.503418,18.187649,15.253358,87.04597,3.8624275,11.120366,91.05539,80.54317,4.5699563,3.0003166
22.5,121.5,2024-08-01,2024-11-28,119,51,23.317104,23.965246,22.610662,78.50844,9.565203,4.9246993,81.61008,75.44806,10.888152,8.239952
23.5,120.5,2024-08-01,2024-11-28,119,51,18.865866,21.948503,17.021107,83.196396,2.6993253,1.3583314,90.5328,70.652466,3.655845,1.9220111
24.5,120.5,2024-08-01,2024-11-29,120,51,20.060911,21.43976,19.061073,78.59098,8.141093,2.0428982,83.55044,71.95827,9.35482,6.6230536
23.5,121.5,2024-08-01,2024-11-29,120,51,18.463648,19.805342,17.418568,83.44607,4.4600887,7.5851297,87.40998,77.64767,5.2349596,3.5890431
24.5,121.5,2024-08-01,2024-11-29,120,51,16.109125,17.62623,14.964089,87.09626,3.7841716,11.851605,91.13608,80.46377,4.465754,3.0617888
22.5,120.5,2024-08-01,2024-11-29,120,51,21.844498,23.605873,20.626154,79.77604,2.8861508,3.01228,85.18092,70.91182,3.4148505,2.341661
23.5,120.5,2024-08-01,2024-11-29,120,51,18.476265,21.476814,16.622784,83.29803,2.6710818,2.2571197,90.52226,70.79278,3.5112312,1.9746293
22.5,121.5,2024-08-01,2024-11-29,120,51,23.009153,23.61264,22.377777,78.228935,9.64618,6.220814,81.365456,74.776375,10.820614,8.353507
23.5,121.5,2024-08-01,2024-11-30,121,51,18.570745,20.146557,17.497719,82.79713,4.3546567,8.005168,87.63007,75.59318,5.0999985,3.5171745
24.5,120.5,2024-08-01,2024-11-30,121,51,20.065279,21.512457,19.049786,78.85634,7.9249825,2.978743,83.508064,72.120316,9.082882,6.522053
24.5,121.5,2024-08-01,2024-11-30,121,51,16.26537,18.03106,15.037325,86.49191,3.7225463,12.3614025,90.87192,78.91636,4.396127,2.963773
23.5,120.5,2024-08-01,2024-11-30,121,51,18.329391,21.615602,16.239382,83.462524,2.650541,2.9811366,91.6828,69.79288,3.4834023,2.0187194
22.5,120.5,2024-08-01,2024-11-30,121,51,21.816792,23.674692,20.56094,79.47992,2.8908093,2.6975026,85.834625,69.607155,3.5333216,2.2563674
22.5,121.5,2024-08-01,2024-11-30,121,51,23.140522,23.748518,22.544258,77.52773,9.3952265,4.288007,81.27662,73.80521,10.547987,8.126748
24.5,120.5,2024-08-01,2024-12-01,122,51,20.176092,21.610952,19.172216,79.04976,7.9126234,2.7082856,83.90512,72.34171,9.061276,6.479978
22.5,120.5,2024-08-01,2024-12-01,122,51,21.906015,23.881742,20.6604,79.53916,2.7935863,0.96459484,85.576195,69.35175,3.2740245,2.2623456
22.5,121.5,2024-08-01,2024-12-01,122,51,23.23708,23.872494,22.58125,77.46683,9.4884815,2.567067,80.90805,73.71897,10.545753,8.371205
23.5,121.5,2024-08-01,2024-12-01,122,51,18.641846,20.206743,17.570171,83.00533,4.3527803,8.534151,87.089424,76.53053,5.0356674,3.5999894
23.5,120.5,2024-08-01,2024-12-01,122,51,18.322462,21.691677,16.401855,83.6574,2.6174042,1.653933,91.294556,69.75147,3.3710864,1.9444938
24.5,121.5,2024-08-01,2024-12-01,122,51,16.317493,18.005417,15.13657,86.836266,3.7446442,14.553893,90.592026,80.054054,4.356015,3.0124261
22.5,121.5,2024-08-01,2024-12-02,123,51,23.09295,23.665976,22.52412,77.11891,9.688243,4.1097007,80.61171,74.01353,10.878888,8.202986
22.5,120.5,2024-08-01,2024-12-02,123,51,21.861208,23.79417,20.628777,79.24741,2.7836008,3.0553482,85.281334,69.40111,3.3304222,2.2653184
24.5,121.5,2024-08-01,2024-12-02,123,51,16.181694,17.929522,15.054778,86.73344,3.8647242,13.862161,90.82309,79.86587,4.5749097,3.0207863
24.5,120.5,2024-08-01,2024-12-02,123,51,20.206644,21.755426,19.23224,79.07798,7.798328,2.95841,84.03687,72.35971,8.948248,6.2518563
23.5,121.5,2024-08-01,2024-12-02,123,51,18.464563,19.97572,17.42713,82.961876,4.4436917,8.532954,87.1187,76.8205,5.256531,3.470374
23.5,120.5,2024-08-01,2024-12-02,123,51,18.426218,21.772633,16.55154,83.75094,2.4519503,2.5957892,91.44355,69.81378,3.3086863,1.771907
22.5,120.5,2024-08-01,2024-12-03,124,51,21.692957,23.543756,20.490616,78.89686,2.8358662,2.6760361,84.66141,69.50387,3.5216653,2.2580042
22.5,121.5,2024-08-01,2024-12-03,124,51,22.9427,23.505524,22.374296,76.55109,9.427324,5.413044,79.6924,73.570496,10.822077,7.839363
23.5,120.5,2024-08-01,2024-12-03,124,51,18.24236,21.549347,16.266363,83.49985,2.5194914,2.3708603,91.14016,69.54604,3.2656746,1.8335135
24.5,120.5,2024-08-01,2024-12-03,124,51,19.952703,21.507492,18.829042,79.61757,7.5383844,2.302644,85.01813,72.89662,8.648389,6.023208
23.5,121.5,2024-08-01,2024-12-03,124,51,18.228956,19.65631,17.220047,82.912796,4.1837997,7.670147,86.853035,76.781525,5.047346,3.1713421
24.5,121.5,2024-08-01,2024-12-03,124,51,16.038029,17.82337,14.808991,86.78687,3.647156,11.465097,90.838745,79.72968,4.406618,2.729297
24.5,121.5,2024-08-01,2024-12-04,125,51,15.41456,17.24632,14.122185,85.99162,3.8933954,9.443716,90.609535,79.2162,4.5992155,3.0257506
23.5,121.5,2024-08-01,2024-12-04,125,51,17.918083,19.452589,16.80578,82.1925,4.625909,7.98725,86.52114,75.96795,5.4250917,3.6883264
24.5,120.5,2024-08-01,2024-12-04,125,51,19.418571,20.936737,18.334208,77.98,7.9839053,1.9591316,83.418785,71.31733,9.038122,6.6644764
23.5,120.5,2024-08-01,2024-12-04,125,51,17.852634,21.005447,15.889157,82.49452,2.7686334,2.1685648,90.03997,69.73185,3.5364149,2.0942082
22.5,121.5,2024-08-01,2024-12-04,125,51,22.628637,23.363552,21.896465,76.22525,10.13955,5.928809,80.167435,72.49812,11.410751,8.77752
22.5,120.5,2024-08-01,2024-12-04,125,51,21.386106,23.250288,20.144028,78.52882,3.002708,2.281061,84.568596,69.12644,3.612965,2.4059794
22.5,121.5,2024-08-01,2024-12-05,126,51,22.322489,22.913857,21.740957,75.90955,9.728,6.020939,79.62112,72.16246,10.86866,8.435559
23.5,121.5,2024-08-01,2024-12-05,126,51,17.56103,19.016346,16.5434,82.15917,4.3829355,8.860868,86.54154,75.85476,5.209726,3.466645
24.5,120.5,2024-08-01,2024-12-05,126,51,19.366148,20.903414,18.285568,76.87506,7.909438,1.5617819,82.17494,69.84206,9.130386,6.494359
24.5,121.5,2024-08-01,2024-12-05,126,51,15.210242,16.997934,14.02232,85.47058,3.692816,11.419559,90.03813,78.226715,4.447205,2.862378
23.5,120.5,2024-08-01,2024-12-05,126,51,17.56935,20.784891,15.583987,82.08564,2.5457366,1.349954,90.382805,68.21876,3.3278365,1.839735
22.5,120.5,2024-08-01,2024-12-05,126,51,21.090363,22.866064,19.91738,77.85562,2.8878558,1.8023323,83.75037,68.59008,3.4206164,2.3828797
23.5,121.5,2024-08-01,2024-12-06,127,51,17.688118,19.276089,16.668495,82.365906,4.1042404,6.8155923,86.742386,75.641594,4.9712725,3.1648457
23.5,120.5,2024-08-01,2024-12-06,127,51,17.566286,20.890497,15.676808,82.584694,2.5785863,1.4468923,90.494286,68.43003,3.3831637,1.853016
24.5,121.5,2024-08-01,2024-12-06,127,51,15.289288,17.13717,14.03519,86.38079,3.622075,11.050954,90.68707,78.8869,4.26565,2.910114
22.5,120.5,2024-08-01,2024-12-06,127,51,21.072405,22.894928,19.938292,78.39343,2.8409064,2.4856865,84.14011,68.73647,3.4193337,2.2699258
22.5,121.5,2024-08-01,2024-12-06,127,51,22.429712,23.06371,21.806631,75.6363,9.250425,5.1760206,79.20569,71.96894,10.705156,7.9278827
24.5,120.5,2024-08-01,2024-12-06,127,51,19.251604,20.813643,18.140738,78.08386,7.7059026,1.041188,83.323494,71.30729,8.866793,6.2646594
22.5,120.5,2024-08-01,2024-12-07,128,51,21.053963,22.928137,19.93246,78.22811,2.8302937,2.1901042,83.694305,68.65391,3.3871605,2.330022
22.5,121.5,2024-08-01,2024-12-07,128,51,22.376612,22.992441,21.737682,75.55409,9.433389,2.7286496,78.69641,72.37779,10.679499,8.021042
23.5,120.5,2024-08-01,2024-12-07,128,51,17.476929,20.876978,15.620975,82.61832,2.5086226,1.0651425,90.29943,68.11397,3.3020914,1.8935508
24.5,120.5,2024-08-01,2024-12-07,128,51,19.32961,20.935928,18.24645,78.059525,7.440721,0.964614,83.939255,70.29371,8.594687,5.9891715
23.5,121.5,2024-08-01,2024-12-07,128,51,17.58098,19.1432,16.572208,82.308365,4.2441163,6.1202893,86.06179,75.776146,5.0501027,3.2918067
24.5,121.5,2024-08-01,2024-12-07,128,51,15.299846,17.190233,14.065081,85.89984,3.7078865,9.533471,90.233086,78.02321,4.3996215,2.881599
24.5,121.5,2024-08-01,2024-12-08,129,51,15.298959,17.101618,14.091957,85.91046,3.5569494,8.717257,90.395195,78.29054,4.202498,2.8031993
23.5,121.5,2024-08-01,2024-12-08,129,51,17.510221,19.073837,16.466587,82.025116,4.0077553,6.1980605,86.50127,75.11288,4.73467,3.2700808
24.5,120.5,2024-08-01,2024-12-08,129,51,19.327433,20.887142,18.205103,78.492584,7.360048,0.6414675,83.254875,71.396515,8.431523,6.0889115
22.5,120.5,2024-08-01,2024-12-08,129,51,20.952862,22.88021,19.732227,77.7714,2.718648,1.0172526,84.03055,67.20921,3.227524,2.1454904
23.5,120.5,2024-08-01,2024-12-08,129,51,17.39066,20.920652,15.303684,82.3492,2.4614666,0.6498449,90.70786,67.00238,3.1901336,1.858221
22.5,121.5,2024-08-01,2024-12-08,129,51,22.301466,22.899477,21.707766,75.117584,9.209589,2.8279622,78.75694,71.64043,10.342722,8.106325
23.5,121.5,2024-08-01,2024-12-09,130,51,17.563051,19.094805,16.534027,82.46877,4.168053,7.2260838,87.05034,75.595566,4.969118,3.2241657
23.5,120.5,2024-08-01,2024-12-09,130,51,17.370161,20.904234,15.257061,82.74768,2.5398204,1.5402402,90.92403,67.90121,3.3192527,1.9307792
22.5,121.5,2024-08-01,2024-12-09,130,51,22.307411,22.91669,21.656229,76.448135,9.44098,4.9139285,80.25155,72.81126,10.763645,7.9936705
24.5,121.5,2024-08-01,2024-12-09,130,51,15.370198,17.145754,14.106833,86.15346,3.6742468,10.707481,90.211395,78.81397,4.367021,2.7941756
22.5,120.5,2024-08-01,2024-12-09,130,51,21.035065,22.96708,19.774687,78.23157,2.840708,1.6036688,84.465416,67.981705,3.3303618,2.3546865
24.5,120.5,2024-08-01,2024-12-09,130,51,19.3587,20.926079,18.261587,78.12826,7.727081,1.2757545,83.41259,70.84486,8.853722,6.3341966
22.5,121.5,2024-08-01,2024-12-10,131,51,22.279823,22.929745,21.604254,76.68039,9.382628,5.002489,80.10924,73.080246,10.626503,7.9021564
22.5,120.5,2024-08-01,2024-12-10,131,51,21.09083,23.170269,19.828964,77.98677,2.7890768,1.2398514,84.44922,67.4621,3.2835839,2.29001
24.5,121.5,2024-08-01,2024-12-10,131,51,15.366133,17.226015,14.100816,85.95203,3.5803127,9.362314,90.5681,78.09019,4.3372703,2.7207801
24.5,120.5,2024-08-01,2024-12-10,131,51,19.317574,20.943155,18.200062,78.20526,7.670007,1.0519589,83.76667,70.73393,8.917427,6.0940623
23.5,121.5,2024-08-01,2024-12-10,131,51,17.507753,19.091475,16.355413,82.84271,4.092409,7.1722293,87.20233,76.10944,4.8906784,3.181495
23.5,120.5,2024-08-01,2024-12-10,131,51,17.52403,21.18915,15.41097,81.999084,2.5063434,0.7970473,90.40061,66.98711,3.307414,1.8329492
23.5,121.5,2024-08-01,2024-12-11,132,51,17.550474,19.143745,16.511051,82.88711,3.9511242,6.15378,87.395065,75.71924,4.757686,2.9648414
24.5,120.5,2024-08-01,2024-12-11,132,51,19.282303,20.824594,18.149351,78.81574,7.461639,1.4851888,84.29352,72.026024,8.707143,5.748007
24.5,121.5,2024-08-01,2024-12-11,132,51,15.406432,17.325544,14.097898,85.94644,3.4074104,8.664598,90.59252,77.97383,4.079927,2.544265
22.5,121.5,2024-08-01,2024-12-11,132,51,22.304506,22.894096,21.729063,76.60857,8.933814,4.8134,80.336395,72.92675,10.178476,7.4438624
22.5,120.5,2024-08-01,2024-12-11,132,51,20.98557,22.955084,19.795576,78.57492,2.7786245,1.8310547,85.287384,67.99918,3.3354683,2.269868
23.5,120.5,2024-08-01,2024-12-11,132,51,17.460611,20.97519,15.461854,82.695305,2.457011,1.2195064,91.04447,67.85054,3.1303918,1.8640447
23.5,121.5,2024-08-01,2024-12-12,133,51,17.726624,19.423515,16.613514,83.00297,3.6548676,7.823271,87.59617,75.85044,4.592461,2.5365012
24.5,120.5,2024-08-01,2024-12-12,133,51,19.086697,20.6719,17.89443,80.09229,7.162339,2.9380648,85.39503,72.93062,8.309271,5.647169
24.5,121.5,2024-08-01,2024-12-12,133,51,15.457858,17.46959,14.106745,86.692894,3.362408,11.784573,91.14228,78.81545,4.081707,2.509363
23.5,120.5,2024-08-01,2024-12-12,133,51,17.271555,20.653404,15.243693,83.82239,2.6146255,2.833946,92.10274,69.61666,3.4442117,1.9543762
22.5,121.5,2024-08-01,2024-12-12,133,51,22.391453,23.02735,21.75266,77.001205,8.381523,5.1137886,80.719986,73.353806,9.89761,6.795291
22.5,120.5,2024-08-01,2024-12-12,133,51,20.983326,22.929094,19.71968,79.66341,2.883622,2.3360908,86.35542,69.13848,3.4130979,2.319353
24.5,120.5,2024-08-01,2024-12-13,134,51,18.62378,20.058779,17.501194,79.0795,7.809556,2.1601717,84.06213,72.66942,8.782683,6.5760818
23.5,121.5,2024-08-01,2024-12-13,134,51,17.568842,19.261444,16.330292,83.12443,4.2102413,7.075296,87.12391,76.58291,4.998727,3.15389
24.5,121.5,2024-08-01,2024-12-13,134,51,15.027358,17.045597,13.62802,86.52719,3.654934,10.220402,90.70182,78.90819,4.3077035,2.7776783
22.5,120.5,2024-08-01,2024-12-13,134,51,20.835855,22.75509,19.60486,79.93343,3.0971365,2.5670717,85.77395,70.31969,3.6275532,2.5286157
22.5,121.5,2024-08-01,2024-12-13,134,51,22.224136,22.905865,21.520874,77.24749,9.16402,4.1695437,80.6111,73.74284,10.622548,7.511923
23.5,120.5,2024-08-01,2024-12-13,134,51,17.077066,20.424784,15.0974245,83.498505,2.8925245,2.3001935,91.25101,70.16689,3.755091,2.186011
22.5,121.5,2024-08-01,2024-12-14,135,51,21.927,22.507378,21.307795,75.9129,9.81791,3.7398994,79.52341,72.38158,10.981989,8.433711
23.5,121.5,2024-08-01,2024-12-14,135,51,17.133993,18.656796,16.108189,82.07876,4.4406805,6.383559,86.442116,75.51947,5.2532654,3.456073
23.5,120.5,2024-08-01,2024-12-14,135,51,16.942682,20.36531,14.956706,82.2261,2.684701,1.8502041,90.04959,67.968155,3.5161822,1.9960816
24.5,120.5,2024-08-01,2024-12-14,135,51,18.620867,20.098537,17.603785,77.16689,7.9490356,1.5462252,82.49016,70.03999,9.07192,6.565821
24.5,121.5,2024-08-01,2024-12-14,135,51,14.656541,16.49446,13.429508,85.63762,3.694486,8.959003,90.163605,77.81212,4.400909,2.8580236
22.5,120.5,2024-08-01,2024-12-14,135,51,20.613235,22.523169,19.420042,78.297806,2.8830237,1.9244038,84.19878,68.49124,3.375575,2.4049103
22.5,120.5,2024-08-01,2024-12-15,136,51,20.39614,22.312885,19.152105,77.76336,2.85974,1.5793661,84.082184,67.95343,3.419135,2.3779578
22.5,121.5,2024-08-01,2024-12-15,136,51,21.681765,22.325161,20.992655,75.54702,9.41294,2.6779988,79.32408,71.95781,10.782324,7.8916607
23.5,120.5,2024-08-01,2024-12-15,136,51,16.739994,20.23117,14.642236,82.5231,2.5835297,1.6044981,90.73358,67.57417,3.4465907,1.8471171
24.5,121.5,2024-08-01,2024-12-15,136,51,14.453056,16.291822,13.18947,85.19739,3.6327233,7.9186463,89.55115,77.78233,4.3609047,2.760249
23.5,121.5,2024-08-01,2024-12-15,136,51,16.855429,18.478758,15.70257,81.94378,4.251632,5.7141986,86.581474,74.673615,5.0997124,3.2276764
24.5,120.5,2024-08-01,2024-12-15,136,51,18.508308,20.06701,17.368382,77.64656,7.766574,1.2502555,82.74847,70.5112,8.976368,6.124664
22.5,120.5,2024-08-01,2024-12-16,137,51,20.279755,22.29815,19.038149,77.776505,2.7827315,1.0950425,84.22417,67.06754,3.3554688,2.2171345
23.5,120.5,2024-08-01,2024-12-16,137,51,16.536427,20.104214,14.490837,82.109726,2.5794733,1.0854684,90.970474,66.49291,3.4672415,1.8980354
24.5,120.5,2024-08-01,2024-12-16,137,51,18.367903,19.944128,17.231861,78.17241,7.432434,1.4684341,83.95563,70.214745,8.701372,5.78336
22.5,121.5,2024-08-01,2024-12-16,137,51,21.680872,22.318394,21.000423,75.620895,8.677565,2.52518,79.345825,71.85025,10.090332,7.157078
23.5,121.5,2024-08-01,2024-12-16,137,51,16.869072,18.56983,15.774814,81.82774,3.8544874,5.225088,86.68348,74.04826,4.756422,2.8204367
24.5,121.5,2024-08-01,2024-12-16,137,51,14.512137,16.608274,13.136874,85.67059,3.436992,8.487477,90.80451,76.67662,4.212733,2.5775332
24.5,121.5,2024-08-01,2024-12-17,138,51,14.462625,16.364834,13.1228485,85.88744,3.4328506,9.185193,90.35809,77.980515,4.2116256,2.5041878
23.5,121.5,2024-08-01,2024-12-17,138,51,16.887506,18.388279,15.755216,82.69509,3.8797972,7.3206286,87.198364,76.03816,4.841631,2.7167902
24.5,120.5,2024-08-01,2024-12-17,138,51,18.170547,19.665005,17.04029,78.18713,7.2768226,2.5539024,83.34982,70.88803,8.625979,5.6192327
22.5,120.5,2024-08-01,2024-12-17,138,51,20.311651,22.188635,19.11935,78.07492,2.9884324,3.4000173,84.578415,68.05906,3.61192,2.3336465
22.5,121.5,2024-08-01,2024-12-17,138,51,21.661346,22.264505,21.002707,76.26085,8.312556,5.1664467,80.12489,72.19978,9.911693,6.5803976
23.5,120.5,2024-08-01,2024-12-17,138,51,16.492113,19.787458,14.577098,82.41173,2.7183664,2.44739,90.55599,68.18789,3.5918002,1.9433055
23.5,120.5,2024-08-01,2024-12-18,139,51,16.224874,19.724262,14.220878,81.89717,2.6615765,1.5282904,89.77551,66.94059,3.4981024,1.9459028
22.5,121.5,2024-08-01,2024-12-18,139,51,21.412373,22.08364,20.69754,76.82351,8.774932,4.6590347,80.76398,73.02948,10.155536,7.313205
22.5,120.5,2024-08-01,2024-12-18,139,51,20.123579,22.114237,18.824867,78.04304,2.8732793,2.158987,84.48082,67.65756,3.5162122,2.2563725
24.5,120.5,2024-08-01,2024-12-18,139,51,17.898453,19.383062,16.794584,77.58963,7.3416185,0.7479972,82.636986,70.429794,8.536287,5.9427333
23.5,121.5,2024-08-01,2024-12-18,139,51,16.63617,18.351992,15.381479,82.31692,4.150626,6.543943,87.01586,75.1511,5.0362806,3.17929
24.5,121.5,2024-08-01,2024-12-18,139,51,14.070443,16.092884,12.712453,85.31574,3.456548,7.524093,89.72732,77.309105,4.1988564,2.684581
24.5,121.5,2024-08-01,2024-12-19,140,51,14.207109,16.14461,13.070145,85.221405,3.2266812,7.9291945,90.09642,76.722176,3.8295345,2.501888
23.5,121.5,2024-08-01,2024-12-19,140,51,16.475788,17.967617,15.503123,81.883514,3.7446253,6.235768,86.09233,74.94647,4.482434,2.9262633
22.5,120.5,2024-08-01,2024-12-19,140,51,20.062798,21.900148,18.909582,77.41918,2.8611095,1.8783365,83.81754,67.18942,3.433035,2.2749882
23.5,120.5,2024-08-01,2024-12-19,140,51,16.229733,19.706522,14.18536,81.8204,2.405654,1.3290201,90.24043,66.1026,3.140766,1.7863345
24.5,120.5,2024-08-01,2024-12-19,140,51,18.17268,19.770018,17.108278,78.11186,6.8151894,1.0812875,84.11385,69.78417,8.05367,5.2511263
22.5,121.5,2024-08-01,2024-12-19,140,51,21.363466,21.93677,20.781746,75.95596,8.735592,4.5172095,79.59872,72.1015,9.972895,7.514473
23.5,121.5,2024-08-01,2024-12-20,141,51,16.769394,18.33486,15.695834,82.17828,3.657204,7.0183144,86.61465,75.277824,4.4023986,2.7726896
24.5,121.5,2024-08-01,2024-12-20,141,51,14.547974,16.471935,13.289034,85.77314,3.3318708,8.9977665,90.23577,77.73442,3.9394398,2.6049476
24.5,120.5,2024-08-01,2024-12-20,141,51,18.236546,19.788107,17.104391,79.46527,6.697068,1.8578509,84.869606,71.62872,7.973541,5.223071
23.5,120.5,2024-08-01,2024-12-20,141,51,16.247824,19.858057,14.182457,82.908005,2.4819825,2.3293781,91.38081,67.011696,3.187866,1.8668343
22.5,121.5,2024-08-01,2024-12-20,141,51,21.614351,22.19145,21.014227,75.71723,8.14734,3.7283995,79.60007,72.05166,9.42093,6.664501
22.5,120.5,2024-08-01,2024-12-20,141,51,20.11502,22.112078,18.880596,78.315384,2.8528113,1.6208915,84.74561,67.50177,3.3962634,2.274256
22.5,120.5,2024-08-01,2024-12-21,142,51,20.086857,22.069239,18.839228,78.725525,2.708392,2.6138809,85.21983,67.747314,3.3472865,2.1586475
23.5,121.5,2024-08-01,2024-12-21,142,51,16.750986,18.482382,15.625419,82.03531,3.6058047,6.067754,86.68349,74.66791,4.4745007,2.762172
23.5,120.5,2024-08-01,2024-12-21,142,51,16.193014,19.792238,14.168574,82.811134,2.4628189,1.4542129,91.20123,67.428604,3.1965494,1.7931391
24.5,120.5,2024-08-01,2024-12-21,142,51,18.168447,19.851522,17.058907,78.98545,6.65264,0.95037425,84.27731,71.42921,7.9146423,5.1361456
24.5,121.5,2024-08-01,2024-12-21,142,51,14.490234,16.826897,13.032155,85.043945,3.202724,7.666638,90.40554,75.541794,3.9460814,2.3532772
22.5,121.5,2024-08-01,2024-12-21,142,51,21.568579,22.205738,20.955343,76.14096,8.151199,4.3192763,80.4561,71.79138,9.541552,6.9596705
23.5,121.5,2024-08-01,2024-12-22,143,51,16.482323,18.223925,15.274747,81.29039,3.9177606,6.670323,86.06814,73.882576,4.691518,3.1328175
22.5,121.5,2024-08-01,2024-12-22,143,51,21.327383,22.047216,20.600246,75.78761,8.8826685,4.7435265,79.75093,71.89202,10.068715,7.63117
22.5,120.5,2024-08-01,2024-12-22,143,51,19.8466,21.873476,18.537975,77.93286,2.9640863,2.418207,84.65716,67.14676,3.5287757,2.3510437
23.5,120.5,2024-08-01,2024-12-22,143,51,15.954768,19.694708,13.872004,82.023094,2.5795238,2.381107,90.71207,66.195244,3.343157,1.9429592
24.5,120.5,2024-08-01,2024-12-22,143,51,17.953552,19.7305,16.739712,77.91773,6.9306707,2.007715,84.15668,69.91848,8.213792,5.4021287
24.5,121.5,2024-08-01,2024-12-22,143,51,14.058265,16.262264,12.657808,84.6091,3.3683417,8.509753,90.10929,75.522194,3.9940312,2.6719031
22.5,121.5,2024-08-01,2024-12-23,144,51,20.804115,21.525335,20.109692,75.44122,9.155919,5.2430396,79.40047,71.60243,10.63033,7.5264516
22.5,120.5,2024-08-01,2024-12-23,144,51,19.511204,21.560678,18.213964,76.97909,2.9913123,2.813601,84.14141,66.14939,3.6824212,2.330908
24.5,121.5,2024-08-01,2024-12-23,144,51,13.372245,15.460993,12.013497,84.30982,3.4756854,9.803922,89.68878,75.32028,4.198157,2.556927
23.5,120.5,2024-08-01,2024-12-23,144,51,15.573551,19.125515,13.577622,81.143135,2.7614064,3.0804803,89.90057,65.185394,3.6225278,1.996318
24.5,120.5,2024-08-01,2024-12-23,144,51,17.397646,18.981682,16.327127,76.570305,7.487821,2.8483074,82.452675,68.567245,8.669428,5.9104185
23.5,121.5,2024-08-01,2024-12-23,144,51,15.977005,17.649551,14.853439,81.38394,4.189048,7.713168,86.28135,74.32197,4.9969654,3.193339
24.5,120.5,2024-08-01,2024-12-24,145,51,17.553032,19.168512,16.412004,77.42804,7.08959,1.9917232,83.2953,69.458755,8.362988,5.484972
22.5,120.5,2024-08-01,2024-12-24,145,51,19.484375,21.461437,18.237856,76.681725,2.7879803,1.241351,83.25759,65.91837,3.3834605,2.227587
22.5,121.5,2024-08-01,2024-12-24,145,51,20.871046,21.513544,20.09359,74.3757,8.791937,2.9323838,78.16563,70.6065,10.103627,7.4745727
23.5,120.5,2024-08-01,2024-12-24,145,51,15.615225,19.254297,13.549879,81.53057,2.5052464,1.849309,90.16379,65.729546,3.3138323,1.8404341
23.5,121.5,2024-08-01,2024-12-24,145,51,15.948434,17.577198,14.776965,80.924194,3.9140837,5.431235,85.525795,73.73168,4.68905,3.0743968
24.5,121.5,2024-08-01,2024-12-24,145,51,13.53846,15.506297,12.199899,84.64806,3.1651542,7.5686607,89.49926,76.071014,3.8929162,2.4199045
22.5,121.5,2024-08-01,2024-12-25,146,51,21.002542,21.747728,20.232607,75.584724,8.77574,4.937864,79.952614,71.11805,10.23597,7.138131
23.5,121.5,2024-08-01,2024-12-25,146,51,16.089062,17.84654,14.861096,81.698105,3.880923,6.1980605,86.72729,74.23978,4.7876534,2.8377082
23.5,120.5,2024-08-01,2024-12-25,146,51,15.539287,19.412905,13.291889,81.56036,2.6909041,1.0136623,90.293945,65.34543,3.4951956,2.0355651
24.5,120.5,2024-08-01,2024-12-25,146,51,17.454775,19.147163,16.232006,78.03102,7.1225777,0.62471277,84.18463,70.00018,8.302384,5.604124
24.5,121.5,2024-08-01,2024-12-25,146,51,13.59474,15.8099985,12.073274,85.03704,3.3233774,6.931679,89.89228,76.323555,4.017134,2.474253
22.5,120.5,2024-08-01,2024-12-25,146,51,19.59135,21.74865,18.241203,77.32027,3.0103736,2.3983226,84.03348,65.82547,3.5412438,2.4043283
23.5,121.5,2024-08-01,2024-12-26,147,51,15.9428425,17.475574,14.858511,82.43629,3.7675207,8.076661,86.54531,75.80953,4.719442,2.7961087
24.5,121.5,2024-08-01,2024-12-26,147,51,13.495969,15.548495,12.175794,85.20527,3.245043,8.19634,89.75204,76.84094,4.023633,2.4458632
24.5,120.5,2024-08-01,2024-12-26,147,51,17.218452,18.800058,16.159267,78.10066,7.005467,1.2682477,83.10651,70.52197,8.162662,5.5529976
22.5,121.5,2024-08-01,2024-12-26,147,51,20.787971,21.394363,20.154863,76.121414,8.466453,7.9162946,79.613235,72.44534,9.8196745,7.1401405
22.5,120.5,2024-08-01,2024-12-26,147,51,19.40985,21.236273,18.19581,78.3098,2.9725962,4.1883607,84.133705,68.71119,3.590786,2.3131742
23.5,120.5,2024-08-01,2024-12-26,147,51,15.515223,19.008299,13.461004,81.58184,2.6712918,2.0449493,89.59386,66.59731,3.4561026,1.9823465
24.5,121.5,2024-08-01,2024-12-27,148,51,13.487956,15.40193,12.134682,85.407555,3.3309658,8.475524,90.1874,77.09466,4.2271414,2.3050523
23.5,121.5,2024-08-01,2024-12-27,148,51,15.942258,17.49081,14.822383,81.98821,3.8912988,6.229191,86.61393,75.11195,4.8736672,2.7888033
23.5,120.5,2024-08-01,2024-12-27,148,51,15.490704,18.949156,13.564363,81.68607,2.6539638,1.7484897,89.83482,66.5954,3.484717,1.8781251
24.5,120.5,2024-08-01,2024-12-27,148,51,17.28262,18.754358,16.184996,77.564125,7.2224975,2.005796,83.18092,69.863396,8.679802,5.442354
22.5,121.5,2024-08-01,2024-12-27,148,51,20.814165,21.44685,20.137411,75.6219,8.544894,4.0103807,79.36327,71.679756,9.974817,6.9646726
22.5,120.5,2024-08-01,2024-12-27,148,51,19.458908,21.29173,18.329737,77.28261,2.9673872,1.8274764,83.18866,67.5915,3.5327337,2.4311802
22.5,120.5,2024-08-01,2024-12-28,149,51,19.331411,21.241762,18.047398,77.072426,2.9575796,2.7338998,83.69467,67.001686,3.5459082,2.3514814
24.5,120.5,2024-08-01,2024-12-28,149,51,17.240217,18.742289,16.054981,77.913055,7.021615,1.7154511,83.65952,70.15951,8.308706,5.3578014
22.5,121.5,2024-08-01,2024-12-28,149,51,20.730997,21.430883,20.019886,74.77428,8.461395,5.346444,78.68575,70.49368,9.933811,6.8359876
23.5,120.5,2024-08-01,2024-12-28,149,51,15.410216,18.909576,13.418354,81.78215,2.6105673,2.35572,90.281334,66.55955,3.5277007,1.8783706
23.5,121.5,2024-08-01,2024-12-28,149,51,15.791526,17.474264,14.616393,81.42323,3.7062275,8.048744,86.23476,74.027245,4.6363273,2.5776618
24.5,121.5,2024-08-01,2024-12-28,149,51,13.385467,15.367314,12.001663,85.22758,3.239143,9.381944,89.81449,76.89459,3.9478962,2.3679624
24.5,121.5,2024-08-01,2024-12-29,150,51,13.451275,15.698093,11.999624,84.33935,3.1928732,6.5872946,89.306305,75.04972,3.8739648,2.32307
22.5,120.5,2024-08-01,2024-12-29,150,51,19.335888,21.347237,18.070875,76.69428,2.8782227,2.258587,83.323235,65.93682,3.4932296,2.296369
24.5,120.5,2024-08-01,2024-12-29,150,51,17.221611,18.885288,16.107582,77.97362,6.7628694,1.2461201,83.42247,69.81994,7.934162,5.2900186
22.5,121.5,2024-08-01,2024-12-29,150,51,20.700048,21.306206,20.013262,74.30104,8.385206,4.0238194,78.32663,70.2609,9.750294,7.0069633
23.5,120.5,2024-08-01,2024-12-29,150,51,15.244722,19.023516,13.092965,82.07636,2.505626,1.6877285,90.70714,65.72857,3.321964,1.7992615
23.5,121.5,2024-08-01,2024-12-29,150,51,15.703563,17.367235,14.567088,81.18636,3.6206865,6.176803,86.106674,73.54575,4.367911,2.739536
22.5,120.5,2024-08-01,2024-12-30,151,51,19.385134,21.517529,18.123714,77.27756,2.8558822,2.2930071,84.25535,65.76695,3.442992,2.3237436
24.5,121.5,2024-08-01,2024-12-30,151,51,13.613314,15.880306,12.156382,84.767685,3.1428947,7.708381,90.37083,74.58394,3.886552,2.371921
24.5,120.5,2024-08-01,2024-12-30,151,51,17.328913,19.069427,16.161491,78.35975,6.4957395,1.1357327,84.234116,69.91491,7.78817,4.975478
23.5,120.5,2024-08-01,2024-12-30,151,51,15.333911,19.268076,13.08458,81.82355,2.4110599,1.9471412,90.78556,65.174446,3.1572304,1.7854408
23.5,121.5,2024-08-01,2024-12-30,151,51,15.874822,17.59356,14.794197,81.72157,3.5362,6.3105564,86.531525,74.20665,4.4460173,2.539547
22.5,121.5,2024-08-01,2024-12-30,151,51,20.869299,21.436567,20.280777,74.976944,8.089099,4.662607,78.76596,71.12434,9.51083,6.567666
24.5,121.5,2024-08-01,2024-12-31,152,51,13.960453,16.204014,12.603977,85.387856,3.2947989,8.157552,90.276566,76.37558,4.1272316,2.3683631
23.5,121.5,2024-08-01,2024-12-31,152,51,16.20037,18.071869,15.008157,82.035416,3.6896749,6.2379365,86.94176,74.05568,4.6808095,2.6111953
23.5,120.5,2024-08-01,2024-12-31,152,51,15.632271,19.526909,13.490237,82.14805,2.4487636,1.6519237,90.97886,65.88572,3.257426,1.7908462
24.5,120.5,2024-08-01,2024-12-31,152,51,17.577038,19.270367,16.41045,78.67972,6.795541,1.3275996,84.20444,70.58664,8.299494,5.064659
22.5,121.5,2024-08-01,2024-12-31,152,51,21.05653,21.773745,20.308264,75.93049,8.089149,3.5081105,79.565254,72.067955,9.595338,6.5942636
22.5,120.5,2024-08-01,2024-12-31,152,51,19.595907,21.74773,18.301683,78.00492,2.7505045,1.6674817,84.42014,66.383934,3.3303394,2.1795366
