latitude,longitude,init_date,valid_date,lead_day,ens_n,t2m_C,t2m_C_max,t2m_C_min,rh_pct,wind_mps,tp_mm_mean,rh_pct_max,rh_pct_min,wind_mps_max,wind_mps_min
22.5,120.5,2006-04-01,2006-04-01,0,25,23.984907,26.093706,22.547457,84.45703,3.3728147,0.0,93.1989,71.35013,5.8785167,1.2781439
24.5,120.5,2006-04-01,2006-04-01,0,25,22.950977,24.307768,21.909565,84.74816,3.7572503,0.0,91.9609,73.77881,5.074969,2.3303905
23.5,120.5,2006-04-01,2006-04-01,0,25,22.22418,26.354332,19.394812,80.54181,2.986213,0.0,92.92096,59.86864,4.5512915,1.8097075
22.5,121.5,2006-04-01,2006-04-01,0,25,24.66306,25.042768,24.242847,83.030205,7.0827284,0.0,87.67392,77.7259,7.891013,6.404064
24.5,121.5,2006-04-01,2006-04-01,0,25,19.95608,22.3473,18.480005,85.255646,2.6781769,0.0,93.025955,71.53457,3.0240643,2.2915742
23.5,121.5,2006-04-01,2006-04-01,0,25,21.016756,23.33277,19.456861,85.98615,4.5271287,0.0,93.940575,72.262856,6.0670667,3.1713593
23.5,120.5,2006-04-01,2006-04-02,1,25,21.85235,25.706621,18.537453,86.14561,1.5521666,1.2927246,97.08186,69.28763,2.863353,0.72199774
22.5,120.5,2006-04-01,2006-04-02,1,25,24.325516,27.001934,22.364874,85.8107,2.0482225,0.57403564,95.067795,71.63951,3.5623858,1.0902011
23.5,121.5,2006-04-01,2006-04-02,1,25,21.24069,23.933184,19.369719,87.966446,2.4254751,5.4631042,94.83319,77.9633,3.1871674,1.6676396
24.5,121.5,2006-04-01,2006-04-02,1,25,20.007313,22.612167,17.807842,87.85532,1.5104889,8.093414,95.8556,76.78694,2.0843215,1.0167954
22.5,121.5,2006-04-01,2006-04-02,1,25,25.271805,26.835136,24.063702,85.872444,5.4629807,1.6334534,90.22799,79.04721,7.305311,2.1927912
24.5,120.5,2006-04-01,2006-04-02,1,25,22.813269,24.938183,21.11089,89.371864,3.1131709,0.2973938,95.5325,80.658844,4.4248214,1.5040141
23.5,120.5,2006-04-01,2006-04-03,2,25,21.83853,24.993164,19.86174,86.28645,1.2269353,2.0578003,95.61763,71.48222,2.2265382,0.5431245
22.5,121.5,2006-04-01,2006-04-03,2,25,24.753374,25.32457,24.329208,85.54284,3.8104587,2.166748,88.65221,82.018265,5.319872,2.2663527
22.5,120.5,2006-04-01,2006-04-03,2,25,24.54189,27.068554,23.153267,84.3832,2.0177808,1.006012,92.61031,70.25646,3.163276,1.1427556
24.5,120.5,2006-04-01,2006-04-03,2,25,22.367632,23.732616,21.44832,88.36377,1.9104719,0.52978516,92.43882,81.908264,3.1576154,0.8149653
24.5,121.5,2006-04-01,2006-04-03,2,25,20.022045,22.54465,18.418087,88.80744,2.1721406,4.2575073,95.19016,78.49228,2.8133094,1.6141318
23.5,121.5,2006-04-01,2006-04-03,2,25,21.175562,23.025663,20.178225,88.15238,1.9434415,4.062805,93.31912,79.07468,2.865876,0.95566297
23.5,121.5,2006-04-01,2006-04-04,3,25,22.030846,25.029453,19.785387,87.045685,3.7887793,0.3123474,93.92979,74.71721,5.2380605,2.7184021
24.5,121.5,2006-04-01,2006-04-04,3,25,21.527466,24.841093,19.446949,84.778114,2.672988,0.5743408,92.621,70.81711,3.223952,2.0536005
22.5,121.5,2006-04-01,2006-04-04,3,25,25.363873,26.439375,24.59749,84.40818,6.9790545,0.081329346,89.87318,78.02101,8.256393,4.750569
23.5,120.5,2006-04-01,2006-04-04,3,25,22.751215,27.184063,19.56742,82.07665,2.4207141,0.26992798,92.489265,62.516518,4.0988593,1.430389
24.5,120.5,2006-04-01,2006-04-04,3,25,24.01975,25.959923,22.982847,84.75245,5.9898057,0.13305664,90.31503,77.566154,7.1732764,4.4674373
22.5,120.5,2006-04-01,2006-04-04,3,25,24.766607,27.612577,22.884449,83.70616,2.604989,0.14587402,93.20689,68.389465,4.008925,1.4569016
22.5,120.5,2006-04-01,2006-04-05,4,25,25.20362,28.371733,22.94604,82.4573,2.765023,0.08163452,92.14806,67.000946,4.385233,1.5097306
24.5,120.5,2006-04-01,2006-04-05,4,25,23.84327,26.383883,21.496977,84.068146,5.235646,2.6123047,92.4379,74.96501,6.7210402,3.2652009
23.5,120.5,2006-04-01,2006-04-05,4,25,23.037996,27.639545,19.444557,81.558945,1.6750555,0.39505005,94.69102,61.39622,3.195606,0.68587816
22.5,121.5,2006-04-01,2006-04-05,4,25,25.91825,27.981577,24.434399,84.367256,6.14492,0.18951416,91.2563,74.55257,7.803733,3.8030145
24.5,121.5,2006-04-01,2006-04-05,4,25,21.460632,25.217827,18.327213,83.00799,1.5872272,3.0677795,93.997795,67.45887,2.37227,0.7490979
23.5,121.5,2006-04-01,2006-04-05,4,25,22.572975,25.974781,19.949244,84.83296,2.2824383,1.0432434,93.50729,70.801315,3.4904563,1.0930318
23.5,120.5,2006-04-01,2006-04-06,5,25,22.295652,26.415596,19.366817,83.35119,1.5428368,0.7197571,94.967415,64.90525,2.8095522,0.75615877
22.5,120.5,2006-04-01,2006-04-06,5,25,24.936707,27.91583,22.87955,81.941696,2.1521845,0.282135,91.985466,66.88797,3.164429,1.2529149
23.5,121.5,2006-04-01,2006-04-06,5,25,21.6536,24.15794,19.997833,86.89996,1.8692241,2.064972,93.66979,75.033104,2.8255365,1.0620977
24.5,121.5,2006-04-01,2006-04-06,5,25,20.03155,22.739267,18.250969,87.35087,1.4224024,2.9394531,94.5975,76.64184,2.0103848,0.774799
22.5,121.5,2006-04-01,2006-04-06,5,25,25.03991,25.927988,24.387138,86.69492,3.8944733,0.6454468,90.73305,81.685646,5.6957507,2.2396555
24.5,120.5,2006-04-01,2006-04-06,5,25,22.3245,23.67606,21.184238,84.48726,3.6945188,2.5845337,89.70959,78.05827,5.154282,2.2307699
24.5,120.5,2006-04-01,2006-04-07,6,25,22.185125,23.569674,21.151674,83.64224,4.318302,2.0532227,89.1262,77.580124,5.736805,2.728895
22.5,121.5,2006-04-01,2006-04-07,6,25,24.589655,25.40287,23.912495,84.86674,5.1627812,2.0243835,87.62328,81.5374,6.875842,3.128901
24.5,121.5,2006-04-01,2006-04-07,6,25,19.03075,21.330767,17.488985,88.487366,2.0436275,4.9305725,93.50342,80.55038,2.9946206,1.2398517
23.5,121.5,2006-04-01,2006-04-07,6,25,20.892488,22.922964,19.494898,86.4719,2.7321768,4.3260193,91.02016,77.91129,3.6023505,1.6529894
22.5,120.5,2006-04-01,2006-04-07,6,25,24.679245,27.422667,23.038706,80.93595,2.0549006,0.8973694,88.75149,68.01067,3.0162346,1.3067734
23.5,120.5,2006-04-01,2006-04-07,6,25,21.85698,25.676964,19.395754,83.16141,1.7530255,1.5660095,94.63263,66.01993,2.9428866,0.90233934
23.5,121.5,2006-04-01,2006-04-08,7,25,20.93873,23.001656,19.826124,84.883125,1.997151,2.3760986,89.99306,75.15187,3.051274,0.8129283
24.5,121.5,2006-04-01,2006-04-08,7,25,19.750372,22.299389,18.259396,85.796585,2.158296,2.4066162,92.76262,74.24007,2.7506907,1.6713971
22.5,121.5,2006-04-01,2006-04-08,7,25,24.706875,25.446733,24.153955,80.28213,4.382111,1.3020325,83.8655,76.24983,5.6528053,2.830178
23.5,120.5,2006-04-01,2006-04-08,7,25,21.8492,25.420717,19.604034,83.46247,1.1899399,1.0105896,94.57132,66.48307,2.2761257,0.49023005
24.5,120.5,2006-04-01,2006-04-08,7,25,22.641523,24.226578,21.566187,83.39367,2.4154534,0.36376953,90.40947,74.96119,3.6706522,1.0887635
22.5,120.5,2006-04-01,2006-04-08,7,25,24.637695,27.37353,23.021221,78.52362,2.1480753,0.5194092,87.50844,64.127075,3.1638732,1.2151413
24.5,120.5,2006-04-01,2006-04-09,8,25,24.163939,25.79997,23.25212,82.052635,5.0803647,2.68219,87.46733,74.999954,6.5676985,3.280218
22.5,120.5,2006-04-01,2006-04-09,8,25,25.188293,27.90459,23.430151,78.43593,3.6359003,1.2579346,89.51768,63.56855,4.703771,2.6942432
23.5,120.5,2006-04-01,2006-04-09,8,25,23.026184,27.146152,20.330133,78.33115,2.4226904,1.2280273,88.32341,60.444386,3.9448984,1.1481862
24.5,121.5,2006-04-01,2006-04-09,8,25,21.290382,24.15537,19.579338,84.3508,2.8739367,1.625824,91.93638,71.823074,3.524579,2.3487031
22.5,121.5,2006-04-01,2006-04-09,8,25,25.525364,26.507183,24.76934,79.87327,5.7008314,0.9553528,86.077126,73.32634,6.684542,4.1602006
23.5,121.5,2006-04-01,2006-04-09,8,25,21.901106,24.637949,20.15932,84.08417,3.709718,0.87509155,91.021034,71.92868,4.8627977,2.5740206
22.5,121.5,2006-04-01,2006-04-10,9,25,26.267742,27.54834,25.243414,83.92705,7.4985566,1.2680054,90.69225,77.013985,8.970127,5.781041
24.5,121.5,2006-04-01,2006-04-10,9,25,21.832975,24.744356,19.724787,82.618195,2.4063947,7.5561523,90.84313,70.20156,3.3648386,1.5460948
23.5,120.5,2006-04-01,2006-04-10,9,25,23.466745,27.274185,20.46049,77.5715,3.0728717,11.12915,89.47185,61.126205,4.7793036,1.9399469
24.5,120.5,2006-04-01,2006-04-10,9,25,24.679695,26.514961,23.162548,81.443405,6.587732,14.715271,88.743614,73.50904,8.1804905,4.888936
23.5,121.5,2006-04-01,2006-04-10,9,25,22.627468,25.596933,20.525957,83.651726,3.909215,2.800293,91.201805,70.90971,5.4812093,2.7046125
22.5,120.5,2006-04-01,2006-04-10,9,25,25.655262,28.11848,23.773926,81.68392,3.1892343,7.9785156,91.56431,69.11353,4.86453,1.6483643
23.5,120.5,2006-04-01,2006-04-11,10,25,22.839746,25.756035,20.523457,82.68472,2.3694236,8.678589,91.728096,70.56545,3.6586645,1.5179714
22.5,120.5,2006-04-01,2006-04-11,10,25,25.467714,27.552437,23.853155,82.948906,2.1782398,6.06781,90.76492,72.54088,3.7768946,1.1302927
24.5,121.5,2006-04-01,2006-04-11,10,25,21.232851,23.673302,19.45919,85.39841,1.7167227,7.378235,91.92955,75.348236,2.402211,1.0462726
22.5,121.5,2006-04-01,2006-04-11,10,25,26.160566,27.37859,25.223282,85.05593,6.6610203,1.4212036,89.28135,79.270515,8.405608,4.608401
24.5,120.5,2006-04-01,2006-04-11,10,25,23.995665,25.300356,22.868877,84.87251,5.487411,12.671814,90.25785,79.108406,6.939311,3.823995
23.5,121.5,2006-04-01,2006-04-11,10,25,22.391172,24.631245,20.53588,85.65688,2.777627,4.1360474,91.79477,76.51768,4.1069703,1.481874
22.5,121.5,2006-04-01,2006-04-12,11,25,26.312315,27.483404,25.337349,83.72681,6.438374,1.0592651,88.531456,77.18924,7.9014153,4.5677633
23.5,120.5,2006-04-01,2006-04-12,11,25,23.029951,25.99434,20.475035,82.45578,2.4432757,9.343567,91.24143,70.22222,3.7992728,1.3694273
23.5,121.5,2006-04-01,2006-04-12,11,25,22.50663,24.819809,20.636206,84.84042,2.7788877,4.4506836,91.52706,74.87663,4.113948,1.5856191
24.5,121.5,2006-04-01,2006-04-12,11,25,21.327452,23.79981,19.561178,84.50613,1.8888069,7.0196533,90.65242,74.65791,2.7057657,1.0908676
24.5,120.5,2006-04-01,2006-04-12,11,25,24.256006,25.715826,23.10442,84.0045,5.8416195,12.6297,89.07775,78.56225,7.461901,3.9321694
22.5,120.5,2006-04-01,2006-04-12,11,25,25.610712,27.774652,23.831362,82.25069,2.3851266,4.3988037,90.56929,71.523506,3.776689,1.430059
23.5,121.5,2006-04-01,2006-04-13,12,25,22.06788,24.634697,19.9159,84.06064,3.267615,8.977661,89.98846,74.69105,4.6699605,1.696548
22.5,121.5,2006-04-01,2006-04-13,12,25,25.923643,27.510986,24.483614,83.482735,7.0843077,2.9309082,88.10163,77.055115,8.828748,4.8073144
24.5,121.5,2006-04-01,2006-04-13,12,25,20.353426,23.056856,18.069263,84.71893,2.4908898,15.770569,91.543915,75.64932,3.3329358,1.6936166
24.5,120.5,2006-04-01,2006-04-13,12,25,23.20786,24.861322,21.709478,83.5941,6.7883306,24.818115,88.263084,79.183075,8.29167,4.7219987
22.5,120.5,2006-04-01,2006-04-13,12,25,25.291983,27.40544,23.381235,82.75247,2.7034245,12.122192,90.55744,73.30555,4.450925,1.3991752
23.5,120.5,2006-04-01,2006-04-13,12,25,22.45089,25.400532,19.877954,83.54141,2.5021255,22.93274,91.47098,72.488495,3.9032867,1.3126678
24.5,120.5,2006-04-01,2006-04-14,13,25,22.265694,23.432123,21.21809,82.036125,6.116789,10.238647,87.66255,76.3148,7.567473,4.2133074
23.5,121.5,2006-04-01,2006-04-14,13,25,20.86749,22.61335,19.488575,85.2841,3.1245124,8.441467,89.868484,78.3333,4.2578645,1.9150095
24.5,121.5,2006-04-01,2006-04-14,13,25,18.808914,20.776176,17.141056,86.64247,2.579204,8.873291,91.90276,79.4925,3.3937163,1.7363566
23.5,120.5,2006-04-01,2006-04-14,13,25,21.519638,24.041094,19.556564,85.40958,2.1209466,9.127502,93.35188,74.58978,3.1297727,1.2651588
22.5,121.5,2006-04-01,2006-04-14,13,25,24.772392,25.89208,23.792763,82.39149,5.949241,5.1608276,86.5141,77.24999,7.7747645,3.8169317
22.5,120.5,2006-04-01,2006-04-14,13,25,24.444386,26.512085,22.83626,82.37795,2.4019237,7.9904175,89.57752,72.57412,3.4805117,1.4665217
24.5,120.5,2006-04-01,2006-04-15,14,25,22.02269,23.254004,21.08899,82.6468,5.153185,7.8320312,88.95221,76.518074,6.825166,3.1729286
24.5,121.5,2006-04-01,2006-04-15,14,25,18.516285,20.493843,17.146797,87.01434,2.5682244,11.296082,92.5477,78.84808,3.3204775,1.8000673
22.5,121.5,2006-04-01,2006-04-15,14,25,24.373745,25.195044,23.657846,80.81527,5.7079234,4.6243286,84.682434,77.066895,7.399044,3.8271952
23.5,120.5,2006-04-01,2006-04-15,14,25,21.025131,23.834244,19.085007,85.44228,1.8795786,6.576233,93.79538,73.08243,2.9909708,0.9879001
23.5,121.5,2006-04-01,2006-04-15,14,25,20.421324,22.190596,19.11067,84.65729,2.8777006,9.414368,89.79997,76.74412,4.073098,1.668303
22.5,120.5,2006-04-01,2006-04-15,14,25,24.055561,26.12729,22.56932,80.59064,2.4527373,4.5983887,88.12615,70.31998,3.3380866,1.7743095
23.5,120.5,2006-04-01,2006-04-16,15,25,21.268583,24.248652,19.041784,85.45217,1.6844783,7.043152,94.37176,73.00039,2.6888385,0.9615136
22.5,121.5,2006-04-01,2006-04-16,15,25,24.867647,25.770952,23.99276,80.731865,5.022848,7.5509644,86.10753,75.367546,6.8089814,3.2102041
23.5,121.5,2006-04-01,2006-04-16,15,25,20.653095,22.497011,19.321695,85.83295,2.499154,11.280518,90.933914,78.30586,3.704688,1.4202327
24.5,120.5,2006-04-01,2006-04-16,15,25,22.38829,23.562393,21.43016,84.34992,4.092695,9.190674,89.97796,78.22336,5.384441,2.7996588
24.5,121.5,2006-04-01,2006-04-16,15,25,19.165634,21.0937,17.727413,87.5954,2.3622174,11.372986,93.11242,79.8646,3.05506,1.5973424
22.5,120.5,2006-04-01,2006-04-16,15,25,24.39331,26.68584,22.820156,80.14454,2.4414203,3.027954,88.72901,68.87729,3.550248,1.5418173
22.5,121.5,2006-04-01,2006-04-17,16,25,25.11417,25.916313,24.26232,81.50613,5.2105064,3.7854004,85.54014,77.37014,6.8598247,3.3663235
23.5,121.5,2006-04-01,2006-04-17,16,25,20.931456,22.765415,19.531237,85.679276,2.7678027,7.609253,90.915634,77.445145,4.020805,1.6674
23.5,120.5,2006-04-01,2006-04-17,16,25,21.336807,24.385752,19.025572,85.12128,1.8871665,6.8188477,94.31819,71.34912,2.9568086,1.0725746
24.5,120.5,2006-04-01,2006-04-17,16,25,22.445929,23.800869,21.389244,84.58451,4.586712,8.877869,89.91894,77.727844,6.214373,2.874454
22.5,120.5,2006-04-01,2006-04-17,16,25,24.64038,26.87247,22.979712,80.3775,2.6314685,2.9846191,88.52661,69.34282,3.4598324,1.7994218
24.5,121.5,2006-04-01,2006-04-17,16,25,19.25005,21.289639,17.636583,87.602325,2.403352,9.897156,92.952,78.67459,3.33948,1.6219847
22.5,121.5,2006-04-01,2006-04-18,17,25,25.155037,26.034267,24.353653,80.57088,4.641576,2.5665283,85.48134,75.50001,6.2243896,3.1107712
24.5,121.5,2006-04-01,2006-04-18,17,25,19.51449,21.442314,17.924763,86.60153,2.0434473,8.694153,92.995476,78.44336,2.7772977,1.2412124
23.5,121.5,2006-04-01,2006-04-18,17,25,21.001501,22.874756,19.485182,84.663475,2.2522717,5.963135,90.58001,76.398705,3.47983,1.3138388
23.5,120.5,2006-04-01,2006-04-18,17,25,21.44238,24.446095,18.95523,84.42183,1.7120187,3.3483887,94.72656,70.871925,2.5429468,1.0630311
24.5,120.5,2006-04-01,2006-04-18,17,25,22.903591,24.193735,21.83001,83.82571,4.0525136,2.5390625,90.43527,76.59187,5.693721,2.4095957
22.5,120.5,2006-04-01,2006-04-18,17,25,24.739119,27.104727,23.008398,79.14894,2.518638,1.9726562,88.39781,66.96965,3.3969102,1.7418381
24.5,120.5,2006-04-01,2006-04-19,18,25,23.170015,24.614883,21.98589,84.14621,3.6562936,2.8753662,90.30169,76.9977,5.095396,2.14584
22.5,120.5,2006-04-01,2006-04-19,18,25,24.864721,27.318897,23.111513,78.93381,2.6812747,1.4663696,88.41782,65.98575,3.382745,1.9666231
24.5,121.5,2006-04-01,2006-04-19,18,25,19.943861,22.307432,18.075977,86.38901,2.1906185,8.001404,93.76356,76.46547,2.8367434,1.5375736
23.5,121.5,2006-04-01,2006-04-19,18,25,21.271948,23.425556,19.677433,84.25252,2.3556368,5.649109,90.78206,74.675064,3.4036276,1.3786474
23.5,120.5,2006-04-01,2006-04-19,18,25,21.627378,24.891973,19.14968,84.71736,1.6089139,3.9840698,94.75489,69.43767,2.4175053,0.95249176
22.5,121.5,2006-04-01,2006-04-19,18,25,25.33312,26.239439,24.479576,80.176476,4.426822,3.1698608,85.35881,75.018654,5.689347,3.0453818
24.5,121.5,2006-04-01,2006-04-20,19,25,20.045303,22.549732,18.1546,85.69373,2.2316296,7.3049927,92.678444,74.408455,2.9188952,1.4808027
22.5,121.5,2006-04-01,2006-04-20,19,25,25.354326,26.261011,24.468422,80.26453,4.7623363,2.8744507,84.98504,75.29924,6.0737658,3.3934064
24.5,120.5,2006-04-01,2006-04-20,19,25,23.377958,24.878014,22.201948,83.47596,3.5970466,3.9526367,89.348015,75.94578,5.0920687,1.9989974
22.5,120.5,2006-04-01,2006-04-20,19,25,24.973682,27.546703,23.127338,78.307594,2.6533904,1.5356445,88.007645,64.78928,3.4609284,1.8069764
23.5,121.5,2006-04-01,2006-04-20,19,25,21.37206,23.548735,19.79731,84.214645,2.6157207,5.9436035,90.22805,74.270096,3.837762,1.5265695
23.5,120.5,2006-04-01,2006-04-20,19,25,21.814775,25.191235,19.17656,83.84018,1.6238925,3.6373901,94.00901,67.933105,2.6606236,0.7693046
24.5,121.5,2006-04-01,2006-04-21,20,25,19.967651,22.108887,18.30632,86.50752,2.344535,6.8463135,93.12373,77.52519,3.0534377,1.6833316
24.5,120.5,2006-04-01,2006-04-21,20,25,23.658491,25.179277,22.441322,82.508064,3.797785,2.095337,88.59619,75.09139,5.281681,2.381349
23.5,121.5,2006-04-01,2006-04-21,20,25,21.357847,23.512793,19.820807,84.79678,2.6872115,5.2474976,90.683525,75.61883,3.8673763,1.6954715
22.5,120.5,2006-04-01,2006-04-21,20,25,25.0273,27.35545,23.36565,78.86131,2.650322,2.0303345,87.41755,67.200035,3.4107883,1.8498709
23.5,120.5,2006-04-01,2006-04-21,20,25,21.965893,25.348808,19.352804,83.71149,1.584902,3.5061646,94.263855,68.380424,2.6075244,0.86343604
22.5,121.5,2006-04-01,2006-04-21,20,25,25.356928,26.184454,24.611425,80.6477,4.877068,2.4719238,84.728,76.56746,6.107568,3.6479201
24.5,121.5,2006-04-01,2006-04-22,21,25,20.405022,22.845963,18.534342,85.966934,2.2129257,6.84021,92.97353,75.4354,2.8826296,1.5658482
23.5,120.5,2006-04-01,2006-04-22,21,25,22.192463,25.634834,19.634249,83.66528,1.7040396,3.768921,93.95166,68.58422,2.732934,0.9592163
24.5,120.5,2006-04-01,2006-04-22,21,25,23.864944,25.415777,22.623241,83.39227,3.9421122,2.9733276,90.25104,75.88894,5.5290694,2.230008
22.5,120.5,2006-04-01,2006-04-22,21,25,25.266212,27.808619,23.481514,78.8872,2.676614,2.2177124,88.21937,66.393486,3.6047463,1.8563714
22.5,121.5,2006-04-01,2006-04-22,21,25,25.654552,26.569971,24.850718,80.68948,4.6512833,5.276184,85.70648,75.51145,6.2713537,2.8085284
23.5,121.5,2006-04-01,2006-04-22,21,25,21.626507,23.786352,20.08361,84.77629,2.536757,6.0525513,90.39031,75.40351,3.824583,1.2797779
24.5,121.5,2006-04-01,2006-04-23,22,25,20.660025,22.847256,18.881037,86.457146,1.9673,8.434143,93.252625,77.21478,2.5263233,1.3600054
22.5,120.5,2006-04-01,2006-04-23,22,25,25.37897,27.707691,23.666986,80.0233,2.3492155,2.3675537,89.44291,67.8488,3.2881024,1.5147992
23.5,121.5,2006-04-01,2006-04-23,22,25,21.953697,24.052979,20.423409,84.61178,2.3169518,6.599121,90.66203,75.60091,3.6203558,1.1751814
24.5,120.5,2006-04-01,2006-04-23,22,25,23.955317,25.358004,22.75459,83.98764,4.169145,3.2199097,89.815384,77.06277,5.518237,2.7681384
23.5,120.5,2006-04-01,2006-04-23,22,25,22.419302,25.766285,19.852242,83.635895,1.8440795,4.109192,93.84828,68.79233,2.8449755,1.087464
22.5,121.5,2006-04-01,2006-04-23,22,25,25.839224,26.782207,25.019249,81.56423,4.424222,2.8469849,86.12004,76.77758,5.732273,3.0916467
22.5,121.5,2006-04-01,2006-04-24,23,25,25.718573,26.559849,24.932417,81.1876,4.2275395,2.9309082,84.960686,76.77095,5.4993267,2.9223855
23.5,120.5,2006-04-01,2006-04-24,23,25,22.135271,25.22122,19.526466,84.36533,1.6469977,4.977417,94.50402,70.02929,2.4633994,0.9870354
22.5,120.5,2006-04-01,2006-04-24,23,25,25.264997,27.498642,23.56544,79.79821,2.2202444,3.684082,88.73413,67.46309,2.8890982,1.459505
23.5,121.5,2006-04-01,2006-04-24,23,25,21.61281,23.479809,20.205656,85.78503,2.1736355,7.630615,90.798225,77.753624,3.3630226,1.0413408
24.5,121.5,2006-04-01,2006-04-24,23,25,20.151463,22.260752,18.414299,87.56212,2.1622634,10.579834,93.74956,78.48509,2.8218107,1.4559447
24.5,120.5,2006-04-01,2006-04-24,23,25,23.664118,25.115845,22.407148,83.70483,4.1742287,5.680237,89.49103,76.55347,5.5329547,2.6280713
23.5,120.5,2006-04-01,2006-04-25,24,25,22.184631,25.101822,19.796906,84.47026,1.7375435,4.541931,94.14121,71.08565,2.7089813,1.0329429
22.5,121.5,2006-04-01,2006-04-25,24,25,25.729515,26.529213,24.992563,80.31038,4.1187854,3.7341309,84.47703,75.977005,5.512649,2.5534768
24.5,121.5,2006-04-01,2006-04-25,24,25,20.205647,22.270292,18.556349,87.04935,2.1043358,9.155579,93.4306,77.91908,2.845338,1.3031293
24.5,120.5,2006-04-01,2006-04-25,24,25,23.714943,24.901352,22.67252,82.92136,4.274507,3.2254028,88.78522,76.79328,5.5117893,2.911927
23.5,121.5,2006-04-01,2006-04-25,24,25,21.696898,23.537745,20.353321,85.100105,2.2640657,8.530273,90.20287,76.84053,3.3357465,1.3654343
22.5,120.5,2006-04-01,2006-04-25,24,25,25.273693,27.518057,23.58042,79.53362,2.4498124,2.8967285,88.13278,68.17392,3.27473,1.6680456
22.5,121.5,2006-04-01,2006-04-26,25,25,25.977602,26.881811,25.190868,79.84234,4.8330016,3.4039307,84.3636,74.80498,6.2864094,3.2162912
23.5,120.5,2006-04-01,2006-04-26,25,25,22.498325,25.844742,20.044577,82.75545,1.6440336,3.9819336,93.3652,67.558235,2.746055,0.9022917
22.5,120.5,2006-04-01,2006-04-26,25,25,25.393793,27.776226,23.723955,78.94854,2.3816934,2.477417,87.8207,66.75219,3.2250419,1.5817872
23.5,121.5,2006-04-01,2006-04-26,25,25,21.89604,23.934273,20.433321,84.47042,2.6525126,8.022461,90.58707,75.850815,3.9574258,1.4414641
24.5,120.5,2006-04-01,2006-04-26,25,25,23.962349,25.497583,22.761269,82.46576,4.0141354,4.7390747,88.78035,74.44655,5.4225535,2.456998
24.5,121.5,2006-04-01,2006-04-26,25,25,20.39141,22.674507,18.563063,86.19416,2.2234042,10.491028,93.01089,76.1131,2.906274,1.5300002
23.5,120.5,2006-04-01,2006-04-27,26,25,22.629446,25.652945,20.313923,83.89382,1.6809859,6.4630127,93.43828,70.32548,2.78372,0.8460331
22.5,121.5,2006-04-01,2006-04-27,26,25,25.953371,26.750034,25.231201,80.79572,4.6547446,4.2834473,85.17694,76.336365,6.0582123,3.142951
23.5,121.5,2006-04-01,2006-04-27,26,25,22.08345,24.0356,20.689215,84.836525,2.6519227,6.4038086,90.89258,75.56057,3.8066282,1.655076
22.5,120.5,2006-04-01,2006-04-27,26,25,25.427845,27.344542,23.986485,80.14581,2.44733,4.309082,88.05542,70.32053,3.2935116,1.660512
24.5,120.5,2006-04-01,2006-04-27,26,25,24.170656,25.650663,22.994501,82.88894,4.0220976,5.9851074,89.209885,75.55175,5.546745,2.3723316
24.5,121.5,2006-04-01,2006-04-27,26,25,20.7372,23.047398,19.028448,86.05958,2.18549,6.673584,93.362335,75.337,2.8467035,1.4786575
22.5,121.5,2006-04-01,2006-04-28,27,25,26.115612,27.11065,25.344936,80.86039,5.1670527,4.6447754,85.688515,75.827255,6.641623,3.6441193
23.5,120.5,2006-04-01,2006-04-28,27,25,22.702059,25.826519,20.288311,83.115486,1.931689,8.596802,92.55845,69.25526,3.1317523,1.0524852
22.5,120.5,2006-04-01,2006-04-28,27,25,25.55741,27.791328,24.000322,79.87425,2.4747322,6.221924,88.2681,68.646996,3.5833108,1.4721577
24.5,121.5,2006-04-01,2006-04-28,27,25,20.763172,22.967388,18.957237,86.60767,2.365991,10.921631,93.14652,77.26283,3.1673756,1.6652749
23.5,121.5,2006-04-01,2006-04-28,27,25,22.168875,24.280634,20.608936,85.1981,2.987937,11.040649,91.3734,76.42587,4.1442394,2.0272584
24.5,120.5,2006-04-01,2006-04-28,27,25,24.2219,25.647627,23.081459,82.5393,4.723955,7.192383,88.404755,75.32776,6.072301,3.3915179
23.5,120.5,2006-04-01,2006-04-29,28,25,22.541515,25.212324,20.185368,84.35034,1.8449512,8.430786,93.70061,72.75325,3.0327528,0.99458826
22.5,121.5,2006-04-01,2006-04-29,28,25,26.04216,26.977734,25.212666,81.06472,5.788183,5.015259,85.609886,76.33382,7.280947,3.9144046
23.5,121.5,2006-04-01,2006-04-29,28,25,22.066906,23.968023,20.555035,85.54195,3.0138683,12.784424,90.84384,77.878395,4.3086796,1.7949225
22.5,120.5,2006-04-01,2006-04-29,28,25,25.452394,27.471464,23.809116,80.465256,2.4023914,5.0408936,88.124756,70.90525,3.404067,1.5696925
24.5,121.5,2006-04-01,2006-04-29,28,25,20.53472,22.498657,18.892227,86.388214,2.4249754,12.514038,92.45773,77.93052,3.2547314,1.4503881
24.5,120.5,2006-04-01,2006-04-29,28,25,24.110012,25.504492,22.856186,82.4283,5.0674562,6.9519043,89.00561,75.42137,6.5495934,3.212619
22.5,121.5,2006-04-01,2006-04-30,29,25,25.969393,26.88214,25.18227,81.1062,5.052423,3.7921143,85.584984,75.964584,6.436722,3.3203366
23.5,120.5,2006-04-01,2006-04-30,29,25,22.497614,25.243399,20.265905,84.76113,1.7961359,7.246704,93.68582,73.10401,2.7852068,1.0449344
24.5,120.5,2006-04-01,2006-04-30,29,25,23.949802,25.262836,22.829355,83.22913,4.357626,7.027588,88.93409,76.755104,5.662993,2.8917823
22.5,120.5,2006-04-01,2006-04-30,29,25,25.42912,27.466913,23.928022,80.34184,2.3998113,4.6307373,88.15139,70.33267,3.3006713,1.6420648
24.5,121.5,2006-04-01,2006-04-30,29,25,20.378357,22.170416,18.84666,87.59421,2.2032282,10.130615,93.10005,80.566444,2.8178806,1.539686
23.5,121.5,2006-04-01,2006-04-30,29,25,21.963202,23.595196,20.617607,85.644646,2.4864604,9.394531,90.98403,78.760025,3.3885298,1.5768878
23.5,121.5,2006-04-01,2006-05-01,30,25,22.00366,23.75478,20.699663,85.7808,2.5772452,10.738525,91.34316,78.13587,3.7275312,1.4056902
22.5,121.5,2006-04-01,2006-05-01,30,25,26.021921,26.881104,25.333794,81.03737,5.028389,4.4555664,85.6927,76.17023,6.66593,3.2912579
22.5,120.5,2006-04-01,2006-05-01,30,25,25.406668,27.375889,23.944145,80.86393,2.0983884,5.4211426,88.75289,71.073166,3.0865,1.324003
24.5,120.5,2006-04-01,2006-05-01,30,25,24.07823,25.441607,22.99689,82.168076,4.457184,8.271484,87.9929,75.18411,5.975872,2.7291443
23.5,120.5,2006-04-01,2006-05-01,30,25,22.588524,25.308935,20.41821,84.30629,1.7104478,8.497925,93.246025,72.20044,2.6881063,0.9567825
24.5,121.5,2006-04-01,2006-05-01,30,25,20.4462,22.362999,18.91337,87.04332,2.1438255,11.348877,92.96178,78.57919,2.939791,1.3083212
24.5,121.5,2006-04-01,2006-05-02,31,25,20.549515,22.415,19.144459,87.9157,2.0524812,12.29248,93.346634,80.31545,2.7312756,1.4094852
23.5,120.5,2006-04-01,2006-05-02,31,25,22.545042,25.05004,20.525463,85.04622,1.6961719,6.244507,93.71626,73.817055,2.6252165,0.9772584
22.5,121.5,2006-04-01,2006-05-02,31,25,26.10973,27.023134,25.325634,81.973114,4.79193,7.3394775,86.25952,77.38587,6.2848525,3.2485685
22.5,120.5,2006-04-01,2006-05-02,31,25,25.486214,27.29752,24.114565,80.94217,2.214705,4.614258,88.29048,71.55422,3.200799,1.3378308
24.5,120.5,2006-04-01,2006-05-02,31,25,24.088753,25.243004,23.08006,83.348625,4.361989,5.9210205,89.241905,77.349266,5.7560496,2.737677
23.5,121.5,2006-04-01,2006-05-02,31,25,22.079554,23.641191,20.892315,86.515305,2.2495735,11.5271,91.23069,79.81732,3.189183,1.4124008
22.5,120.5,2006-04-01,2006-05-03,32,25,25.579058,27.498394,24.06891,80.09328,2.3322773,5.305786,87.835655,70.6487,3.1543734,1.496128
24.5,120.5,2006-04-01,2006-05-03,32,25,24.406557,25.684711,23.372656,81.99753,4.761147,3.781128,87.37544,75.4643,5.9346466,3.4365013
23.5,120.5,2006-04-01,2006-05-03,32,25,22.755543,25.560175,20.275816,83.67881,1.7895236,6.8847656,92.93652,71.80264,2.8450425,1.0268831
22.5,121.5,2006-04-01,2006-05-03,32,25,26.104214,26.933678,25.375835,81.29026,5.1882567,5.0634766,85.60418,76.4352,6.2914424,3.9750733
24.5,121.5,2006-04-01,2006-05-03,32,25,20.73187,22.713316,19.164278,86.990875,2.2757607,12.592163,92.80647,79.2039,2.941333,1.5909164
23.5,121.5,2006-04-01,2006-05-03,32,25,22.13275,23.924677,20.761368,85.86307,2.6410882,12.164917,90.43551,78.54641,3.5416453,1.8720587
23.5,121.5,2006-04-01,2006-05-04,33,25,22.164637,24.028858,20.580341,85.16098,2.8937407,10.24231,90.7885,77.44984,4.0101385,1.9188379
23.5,120.5,2006-04-01,2006-05-04,33,25,22.682117,25.615908,20.103659,83.67,1.9217978,6.7785645,92.96623,71.03282,3.1056647,1.0828269
22.5,121.5,2006-04-01,2006-05-04,33,25,26.145906,27.078852,25.318876,81.618225,5.789362,6.1987305,86.41856,76.83655,7.0372953,4.3733006
24.5,121.5,2006-04-01,2006-05-04,33,25,20.684324,22.930342,18.88504,86.28709,2.3553169,12.582397,92.509026,77.04962,3.0665622,1.7334123
24.5,120.5,2006-04-01,2006-05-04,33,25,24.363659,25.897295,23.093721,81.719925,5.236215,7.0080566,87.580536,75.0322,6.661525,3.7576294
22.5,120.5,2006-04-01,2006-05-04,33,25,25.553465,27.428017,24.002172,80.81541,2.254071,6.4068604,88.43679,71.594505,3.3121731,1.3647985
24.5,120.5,2006-04-01,2006-05-05,34,25,24.276264,25.493042,23.247408,82.814865,4.7701936,7.913208,88.5798,76.46926,6.2467375,3.1642804
22.5,120.5,2006-04-01,2006-05-05,34,25,25.47271,27.364805,24.048985,81.24321,2.3509793,7.526245,88.33169,71.936195,3.4078932,1.4044853
24.5,121.5,2006-04-01,2006-05-05,34,25,20.600348,22.380386,19.095114,86.92856,2.198056,13.405151,92.697296,79.25353,2.8301558,1.5626003
22.5,121.5,2006-04-01,2006-05-05,34,25,26.11109,27.028994,25.332691,81.699524,5.4454,7.296753,86.42849,76.27287,7.1919994,3.428021
23.5,120.5,2006-04-01,2006-05-05,34,25,22.621832,25.163086,20.404938,84.78143,1.7000439,9.746704,93.35666,73.72128,2.6750185,0.9931478
23.5,121.5,2006-04-01,2006-05-05,34,25,22.075699,23.806835,20.735415,85.95075,2.5716143,12.803955,91.37001,78.72586,3.6554012,1.5479757
22.5,121.5,2006-04-01,2006-05-06,35,25,26.30577,27.130117,25.54079,82.509514,5.3701916,4.0734863,87.12702,77.7445,7.079516,3.5492883
24.5,121.5,2006-04-01,2006-05-06,35,25,20.853115,22.789576,19.370842,87.703514,1.980635,12.078247,93.01589,80.06504,2.9076328,1.1375281
23.5,121.5,2006-04-01,2006-05-06,35,25,22.274815,23.965464,20.849337,87.08581,2.438669,10.632935,91.94553,80.319084,3.5529613,1.3497461
23.5,120.5,2006-04-01,2006-05-06,35,25,22.887451,25.674576,20.47192,84.88006,1.6595697,5.565796,93.987305,73.58535,2.692115,0.87532926
22.5,120.5,2006-04-01,2006-05-06,35,25,25.642725,27.578873,24.116255,81.54325,2.0576615,3.7530518,89.386604,72.44079,3.059991,1.1905086
24.5,120.5,2006-04-01,2006-05-06,35,25,24.449112,25.684298,23.351816,83.40019,4.3583407,6.9573975,88.54091,77.87596,5.9044037,2.7259574
22.5,120.5,2006-04-01,2006-05-07,36,25,25.762823,27.744785,24.259922,81.00844,1.7803836,3.5388184,88.68344,71.23004,2.7951684,0.9483537
24.5,120.5,2006-04-01,2006-05-07,36,25,24.594404,25.895824,23.558043,82.18588,4.307252,5.806885,88.3847,75.47491,5.649032,2.786678
24.5,121.5,2006-04-01,2006-05-07,36,25,21.052607,23.025894,19.474796,86.5788,1.9263762,10.522461,92.90918,78.075165,2.62202,1.2488433
22.5,121.5,2006-04-01,2006-05-07,36,25,26.32124,27.260792,25.595224,81.96161,5.098308,3.7957764,85.989296,77.0148,6.5576572,3.4134052
23.5,120.5,2006-04-01,2006-05-07,36,25,22.90421,25.744135,20.646914,84.47889,1.5979162,5.142212,93.629944,71.71946,2.7717865,0.76680356
23.5,121.5,2006-04-01,2006-05-07,36,25,22.406494,24.238735,21.049257,86.187386,2.452773,9.093018,91.27695,78.00679,3.504906,1.5273917
23.5,121.5,2006-04-01,2006-05-08,37,25,22.577215,24.29709,21.198236,85.430275,2.3169024,13.342285,90.86617,78.45709,3.6829412,1.0997905
23.5,120.5,2006-04-01,2006-05-08,37,25,23.282331,25.97938,21.124205,83.63124,1.540408,6.23291,92.85611,71.62216,2.5417135,0.80191344
24.5,121.5,2006-04-01,2006-05-08,37,25,21.187057,23.199635,19.550558,86.38208,1.94792,11.5271,92.69909,78.47541,2.660531,1.0746012
22.5,121.5,2006-04-01,2006-05-08,37,25,26.412624,27.459444,25.482344,81.65823,4.846993,8.106689,86.4745,76.815575,6.680038,3.0143125
22.5,120.5,2006-04-01,2006-05-08,37,25,25.940847,27.894615,24.414751,80.483986,2.0428388,4.657593,88.28523,71.453835,3.2184765,1.0806224
24.5,120.5,2006-04-01,2006-05-08,37,25,24.815866,26.26314,23.736172,82.730965,4.2259502,5.9570312,88.59347,76.30008,5.421062,2.7570906
24.5,120.5,2006-04-01,2006-05-09,38,25,24.937342,26.399351,23.791573,82.37314,3.658799,2.9455566,88.37838,75.7354,4.8129826,2.333172
22.5,120.5,2006-04-01,2006-05-09,38,25,26.017849,28.00686,24.46937,80.46897,2.0272672,2.878418,87.96933,70.65002,3.0687346,1.1131759
24.5,121.5,2006-04-01,2006-05-09,38,25,21.377731,23.589672,19.702965,86.57585,1.6848079,9.56665,93.058945,77.94395,2.3973787,1.029954
22.5,121.5,2006-04-01,2006-05-09,38,25,26.36615,27.359121,25.553194,81.2171,4.5325747,4.0649414,85.75252,76.494576,5.8555717,3.3381772
23.5,120.5,2006-04-01,2006-05-09,38,25,23.266247,26.18397,20.804214,84.215706,1.4816856,4.5855713,93.589806,72.038284,2.479968,0.80669993
23.5,121.5,2006-04-01,2006-05-09,38,25,22.517498,24.387402,21.12545,85.444786,1.944517,9.130859,90.209755,78.43824,2.95396,0.9374656
22.5,120.5,2006-04-01,2006-05-10,39,25,26.033228,28.042099,24.506176,80.46874,2.0978403,4.265747,88.16875,70.7569,2.9885976,1.1707326
22.5,121.5,2006-04-01,2006-05-10,39,25,26.256783,27.096563,25.533281,81.565704,4.005164,6.265869,85.67885,76.931366,5.350095,2.4223735
24.5,121.5,2006-04-01,2006-05-10,39,25,21.328053,23.368013,19.704166,86.86589,1.9439692,11.469116,92.99595,78.83457,2.6664865,1.308639
23.5,120.5,2006-04-01,2006-05-10,39,25,23.423735,26.16624,21.195396,84.2803,1.4066216,5.4821777,93.99216,72.3352,2.3454893,0.7651237
24.5,120.5,2006-04-01,2006-05-10,39,25,24.992603,26.326597,23.857979,83.14919,3.5337088,3.6505127,89.41468,76.43827,5.1184144,1.651021
23.5,121.5,2006-04-01,2006-05-10,39,25,22.54233,24.250826,21.263866,85.56172,2.0433457,11.619873,90.55469,78.55435,2.918217,1.1325101
23.5,121.5,2006-04-01,2006-05-11,40,25,22.634493,24.390308,21.369644,85.945,1.978968,8.770142,91.60886,78.58366,3.1569076,1.0632861
23.5,120.5,2006-04-01,2006-05-11,40,25,23.436113,26.22645,21.121597,84.649475,1.4928241,7.312622,93.96018,72.69727,2.3912704,0.8050438
24.5,120.5,2006-04-01,2006-05-11,40,25,25.070097,26.394371,23.935444,83.86314,3.5153396,6.826172,90.420166,77.11416,4.835716,2.1023886
22.5,121.5,2006-04-01,2006-05-11,40,25,26.38877,27.253368,25.692827,82.74226,4.035149,5.789795,87.18512,77.97007,5.4252152,2.65963
22.5,120.5,2006-04-01,2006-05-11,40,25,26.186329,28.167646,24.75082,80.886215,2.3419924,4.1540527,88.542,71.04064,3.2479239,1.495812
24.5,121.5,2006-04-01,2006-05-11,40,25,21.554415,23.585308,19.974283,87.32846,1.9264103,10.152588,94.1776,78.648384,2.4536936,1.3591648
22.5,121.5,2006-04-01,2006-05-12,41,25,26.833008,27.731445,26.053047,83.50388,4.2054176,5.024414,87.51832,79.14182,5.5406556,2.744948
24.5,121.5,2006-04-01,2006-05-12,41,25,22.276094,24.549911,20.459118,86.19419,1.8730344,10.960693,93.09053,76.04721,2.5310705,1.2134581
22.5,120.5,2006-04-01,2006-05-12,41,25,26.450527,28.330175,24.99204,81.68821,2.5931885,5.1922607,89.56474,72.152405,3.5238855,1.7814059
24.5,120.5,2006-04-01,2006-05-12,41,25,25.569374,27.076347,24.345322,83.9355,3.8384573,6.199341,89.66803,76.74884,5.351281,2.253942
23.5,120.5,2006-04-01,2006-05-12,41,25,23.820156,26.721382,21.407866,84.20537,1.5970664,7.2491455,93.976,70.85215,2.6470087,0.83976156
23.5,121.5,2006-04-01,2006-05-12,41,25,23.202343,25.115488,21.723804,85.98038,2.0017533,6.9055176,91.859955,77.46834,3.0260186,1.0363246
23.5,121.5,2006-04-01,2006-05-13,42,25,23.134811,24.925919,21.647388,87.35672,2.0423095,13.764038,92.60046,80.12185,3.2636075,0.9988338
22.5,121.5,2006-04-01,2006-05-13,42,25,26.756315,27.707407,25.95624,84.04212,4.007246,9.5147705,87.82144,79.41001,5.6365514,2.261304
24.5,120.5,2006-04-01,2006-05-13,42,25,25.483112,26.972475,24.169931,84.17156,4.0813837,5.3253174,90.20578,77.24028,5.3972077,2.69968
23.5,120.5,2006-04-01,2006-05-13,42,25,23.702995,26.531538,21.208242,85.28867,1.535795,9.34082,94.4526,73.30328,2.5191557,0.9284619
22.5,120.5,2006-04-01,2006-05-13,42,25,26.310614,28.204546,24.76519,82.71425,2.5358806,8.684692,90.13046,73.42112,3.5046277,1.6828659
24.5,121.5,2006-04-01,2006-05-13,42,25,22.043543,24.15314,20.096281,87.40791,1.9678046,12.615967,94.261566,78.30463,2.781391,1.1962385
22.5,120.5,2006-04-01,2006-05-14,43,25,26.344366,28.366064,24.805292,81.284004,2.6189628,6.434326,89.22075,71.04703,3.472681,1.8852116
22.5,121.5,2006-04-01,2006-05-14,43,25,26.66913,27.57569,25.8534,82.409805,4.2568207,7.3101807,86.91495,77.62046,5.6157618,2.8109753
23.5,120.5,2006-04-01,2006-05-14,43,25,23.629423,26.37854,21.167168,85.117714,1.4601501,7.2491455,94.41264,72.76546,2.321023,0.81756586
24.5,120.5,2006-04-01,2006-05-14,43,25,25.306025,26.738071,24.075796,83.46243,3.6056738,5.4693604,89.692215,76.412766,5.0562735,2.0959835
24.5,121.5,2006-04-01,2006-05-14,43,25,21.812218,23.829584,20.071545,86.49034,2.0788877,11.810303,93.265175,77.41182,2.7322457,1.4168018
23.5,121.5,2006-04-01,2006-05-14,43,25,22.915186,24.657211,21.458199,86.04973,2.298138,8.815918,91.61541,78.54137,3.292991,1.4251596
24.5,121.5,2006-04-01,2006-05-15,44,25,21.892134,23.761387,20.354733,87.691925,2.2647185,9.680786,93.89938,79.594574,2.959988,1.5356532
22.5,120.5,2006-04-01,2006-05-15,44,25,26.313227,28.154747,24.874062,82.07522,2.5146134,6.380615,89.340996,72.9798,3.4615853,1.5666612
23.5,120.5,2006-04-01,2006-05-15,44,25,23.705513,26.37834,21.501612,84.71715,1.8335475,9.203491,93.52114,73.05878,2.9202302,1.069318
22.5,121.5,2006-04-01,2006-05-15,44,25,26.678617,27.436996,26.026962,83.32293,4.6449404,5.1568604,86.8074,79.488686,5.843912,3.2056687
23.5,121.5,2006-04-01,2006-05-15,44,25,23.08229,24.772558,21.8054,86.37314,2.5532935,8.963013,91.67156,79.31366,3.6769063,1.4725976
24.5,120.5,2006-04-01,2006-05-15,44,25,25.411139,26.740751,24.26893,83.578224,4.216165,6.178589,88.956825,77.496765,5.508756,2.6561112
24.5,121.5,2006-04-01,2006-05-16,45,25,21.74019,23.912563,19.876345,86.513596,2.143455,11.239624,93.2193,77.34974,2.9448278,1.2774131
22.5,121.5,2006-04-01,2006-05-16,45,25,26.61726,27.56501,25.729458,83.09817,5.0193596,5.518799,87.241394,78.74095,6.5567236,3.3790667
23.5,121.5,2006-04-01,2006-05-16,45,25,23.041986,24.865938,21.48809,86.15475,2.4542747,11.235352,91.492294,79.09808,3.7392569,1.3214401
22.5,120.5,2006-04-01,2006-05-16,45,25,26.217398,28.03337,24.73251,81.89831,2.3784173,6.066284,89.141495,73.15347,3.3273475,1.5377139
24.5,120.5,2006-04-01,2006-05-16,45,25,25.357084,26.885395,24.03695,82.34739,4.7382903,4.020996,88.77463,75.05407,6.0663257,3.256654
23.5,120.5,2006-04-01,2006-05-16,45,25,23.668629,26.399614,21.203135,84.55252,1.6832151,6.7504883,94.02702,72.10938,2.728412,0.9077214
22.5,121.5,2006-04-01,2006-05-17,46,25,26.505674,27.22482,25.839008,82.49625,4.93497,4.591675,85.97597,78.41584,6.3003173,3.331218
23.5,121.5,2006-04-01,2006-05-17,46,25,22.90913,24.533632,21.709053,85.75496,2.4455893,9.915161,90.7822,79.271805,3.4203782,1.634491
23.5,120.5,2006-04-01,2006-05-17,46,25,23.807354,26.576601,21.65835,83.88858,1.522294,6.239624,93.476585,71.38325,2.465812,0.84112394
24.5,121.5,2006-04-01,2006-05-17,46,25,21.740889,23.69857,20.147598,86.37205,2.0703485,9.198608,92.80724,77.96475,2.703977,1.412048
22.5,120.5,2006-04-01,2006-05-17,46,25,26.213388,27.979258,24.793755,80.70895,2.2800446,5.0567627,88.01757,71.90535,3.0418777,1.6253384
24.5,120.5,2006-04-01,2006-05-17,46,25,25.53206,26.988632,24.324444,82.0353,4.187665,3.2971191,88.39218,74.72527,5.553173,2.7356544
23.5,120.5,2006-04-01,2006-05-18,47,25,23.74801,26.247408,21.475758,84.58359,1.5682217,5.588379,93.562294,73.4587,2.543789,0.9122458
22.5,120.5,2006-04-01,2006-05-18,47,25,26.28922,27.959047,24.93755,82.20916,2.0995293,5.0860596,89.32868,73.88027,2.8824594,1.3695453
24.5,120.5,2006-04-01,2006-05-18,47,25,25.55512,26.942955,24.282055,82.57379,4.0171275,5.6188965,88.54882,75.96349,5.312646,2.6869006
24.5,121.5,2006-04-01,2006-05-18,47,25,21.959084,23.88183,20.29735,86.79664,2.0403194,8.797607,93.170235,78.08035,2.7064161,1.4019808
22.5,121.5,2006-04-01,2006-05-18,47,25,26.641565,27.318222,25.969545,83.32834,4.7492313,4.024048,87.557434,78.72636,6.0923176,3.2240684
23.5,121.5,2006-04-01,2006-05-18,47,25,23.008324,24.610659,21.723583,87.10016,2.393364,8.9782715,92.27849,79.88918,3.53104,1.4718649
22.5,120.5,2006-04-01,2006-05-19,48,25,26.34719,28.187866,24.931734,82.079765,2.043005,3.988037,88.60928,73.84397,3.0369635,1.2637737
23.5,121.5,2006-04-01,2006-05-19,48,25,23.125158,24.72789,21.77979,86.80462,2.4618213,9.506836,91.7344,80.38436,3.5353675,1.3789129
24.5,120.5,2006-04-01,2006-05-19,48,25,25.43928,26.86626,24.291225,82.17929,4.3794518,4.7247314,87.86608,75.31364,5.6120234,2.9988327
23.5,120.5,2006-04-01,2006-05-19,48,25,23.864826,26.603882,21.486343,83.95427,1.6992017,6.6308594,93.12762,72.10508,2.6974518,1.0101091
24.5,121.5,2006-04-01,2006-05-19,48,25,21.81211,23.644262,20.27901,86.99905,1.9564633,8.62854,92.877686,78.91322,2.7884488,1.0693415
22.5,121.5,2006-04-01,2006-05-19,48,25,26.752365,27.64025,25.947046,83.46973,4.958353,3.156128,87.69173,79.28177,6.4168806,3.2228613
24.5,120.5,2006-04-01,2006-05-20,49,25,25.426495,26.655014,24.28772,83.45335,4.2327905,7.249756,89.458496,77.83143,5.857149,2.511996
23.5,120.5,2006-04-01,2006-05-20,49,25,23.714872,26.102818,21.66503,85.18493,1.5789118,10.187378,93.890945,75.018265,2.5631516,0.881376
22.5,121.5,2006-04-01,2006-05-20,49,25,26.663233,27.646719,25.856295,84.075645,4.636014,4.802246,87.69205,79.517624,6.259172,2.9637709
22.5,120.5,2006-04-01,2006-05-20,49,25,26.272276,27.9844,24.869951,82.212654,2.0180116,6.4709473,89.06281,74.36128,2.9395127,1.251281
24.5,121.5,2006-04-01,2006-05-20,49,25,21.818604,23.58961,20.285133,87.28706,1.8536038,11.801758,93.22213,80.40189,2.7316754,0.9656312
23.5,121.5,2006-04-01,2006-05-20,49,25,23.002491,24.466524,21.779121,87.69642,2.1502059,10.59082,91.91095,81.63802,3.1602228,1.210174
23.5,121.5,2006-04-01,2006-05-21,50,25,22.996748,24.494736,21.849869,87.21288,2.0158863,11.7907715,91.8255,81.08371,3.1201642,1.0958537
24.5,121.5,2006-04-01,2006-05-21,50,25,21.881964,23.735899,20.429552,87.75496,1.8831875,13.501587,93.03408,80.559235,2.714291,1.0745184
22.5,120.5,2006-04-01,2006-05-21,50,25,26.232393,27.978165,24.860859,82.26451,2.1359458,7.022705,88.716896,74.13116,3.0575378,1.2933714
22.5,121.5,2006-04-01,2006-05-21,50,25,26.665342,27.523306,25.844952,83.51895,4.35531,5.5566406,87.38317,79.681946,5.7947607,2.7449253
24.5,120.5,2006-04-01,2006-05-21,50,25,25.430498,26.736523,24.331142,83.708786,4.1233716,7.5683594,89.16184,77.63457,5.5235524,2.351304
23.5,120.5,2006-04-01,2006-05-21,50,25,23.654503,26.124102,21.651142,85.42546,1.5286983,9.977417,93.97343,74.51673,2.5218153,0.8079837
22.5,121.5,2006-04-01,2006-05-22,51,25,26.500927,27.505054,25.617285,83.260704,4.8058586,7.6654053,87.085266,79.03782,6.2143726,3.0696926
22.5,120.5,2006-04-01,2006-05-22,51,25,26.069307,27.81377,24.753355,82.74752,2.119124,9.11499,88.52011,75.09022,2.880854,1.3682202
24.5,121.5,2006-04-01,2006-05-22,51,25,21.531767,23.416811,19.905025,87.35893,1.9835784,14.688721,93.20581,80.28836,2.7761014,1.1081868
23.5,121.5,2006-04-01,2006-05-22,51,25,22.857294,24.401752,21.5394,86.37451,2.2741895,14.213867,91.325066,80.458275,3.3085897,1.2902756
23.5,120.5,2006-04-01,2006-05-22,51,25,23.542646,25.895254,21.525507,85.39119,1.5026685,10.443115,93.65622,75.34249,2.2909527,0.925594
24.5,120.5,2006-04-01,2006-05-22,51,25,25.244892,26.564907,24.103945,83.34368,3.914534,6.4208984,90.04404,76.85389,5.1997075,2.6049798
24.5,120.5,2006-04-01,2006-05-23,52,25,25.191631,26.262379,24.25063,83.979385,3.6518302,12.752075,89.369965,78.38149,4.9887495,2.0886214
23.5,120.5,2006-04-01,2006-05-23,52,25,23.29085,25.346573,21.373306,86.163536,1.4555573,14.658813,94.217674,77.05393,2.317072,0.8086515
23.5,121.5,2006-04-01,2006-05-23,52,25,22.696552,24.120728,21.540415,86.33611,2.0841508,16.574707,91.31692,80.79516,3.050655,1.1340775
24.5,121.5,2006-04-01,2006-05-23,52,25,21.486572,23.030336,20.158375,87.63019,1.895444,19.186401,93.01007,81.532684,2.5977736,1.2104795
22.5,120.5,2006-04-01,2006-05-23,52,25,25.91374,27.374146,24.680962,82.0739,2.2270157,11.716919,88.3035,74.92235,3.0355463,1.415983
22.5,121.5,2006-04-01,2006-05-23,52,25,26.342003,27.115494,25.656319,82.6417,4.7494035,8.563843,86.05608,78.88756,6.143296,3.3525703
23.5,120.5,2006-04-01,2006-05-24,53,25,23.438292,25.519278,21.721582,86.49729,1.5088822,14.836426,93.83761,78.01971,2.5126574,0.75511396
24.5,120.5,2006-04-01,2006-05-24,53,25,25.298525,26.420288,24.32747,83.80418,3.8788092,8.61084,89.00214,78.33936,5.487418,2.1194282
24.5,121.5,2006-04-01,2006-05-24,53,25,21.561573,23.14063,20.290987,87.85288,2.0127447,14.37439,92.714386,81.316315,2.7357244,1.271234
23.5,121.5,2006-04-01,2006-05-24,53,25,22.744911,23.978653,21.772026,87.32325,2.2669532,12.351685,91.40152,82.10041,3.2756717,1.2561772
22.5,121.5,2006-04-01,2006-05-24,53,25,26.388037,27.097784,25.792988,83.16391,4.8562045,7.6831055,86.80806,79.43205,6.1548414,3.3744667
22.5,120.5,2006-04-01,2006-05-24,53,25,25.95042,27.34562,24.842056,82.53865,2.280648,10.6311035,88.4434,75.786865,3.1298554,1.4449797
23.5,121.5,2006-04-01,2006-05-25,54,25,22.837444,24.142344,21.7271,87.573906,2.3644967,9.251709,91.389404,83.00572,3.2979882,1.4329277
24.5,121.5,2006-04-01,2006-05-25,54,25,21.693127,23.399565,20.187403,87.262146,2.005207,10.366211,92.73818,80.49099,2.7820609,1.1745514
22.5,120.5,2006-04-01,2006-05-25,54,25,25.987991,27.372602,24.88711,83.208664,2.0359268,8.293457,88.99748,76.543564,2.8301668,1.3506825
22.5,121.5,2006-04-01,2006-05-25,54,25,26.438166,27.117617,25.81413,83.778,4.922723,5.114746,86.84861,80.45042,6.151392,3.5180008
24.5,120.5,2006-04-01,2006-05-25,54,25,25.483109,26.658266,24.367504,82.165535,4.452632,5.159912,87.53377,76.24327,5.8433976,2.9234762
23.5,120.5,2006-04-01,2006-05-25,54,25,23.568811,25.81147,21.548756,85.52134,1.6782594,8.461914,93.14701,76.08816,2.6626816,1.0170125
22.5,121.5,2006-04-01,2006-05-26,55,25,26.617188,27.449297,25.860346,83.708565,4.9480367,6.442871,87.324455,79.54139,6.6139956,3.3239603
22.5,120.5,2006-04-01,2006-05-26,55,25,26.03043,27.340977,24.782158,83.86111,2.0589988,9.145508,89.577194,77.79147,2.8880734,1.3056734
24.5,120.5,2006-04-01,2006-05-26,55,25,25.494062,26.680792,24.486904,82.9171,4.2385283,6.665039,88.74735,77.27111,5.8131146,2.5201178
23.5,120.5,2006-04-01,2006-05-26,55,25,23.683222,25.795849,21.672636,85.917,1.6541098,10.966797,93.86444,77.53933,2.620002,0.8931738
23.5,121.5,2006-04-01,2006-05-26,55,25,22.993652,24.395147,21.845694,87.47056,2.2347462,11.791992,91.91295,81.75325,3.3511999,1.207281
24.5,121.5,2006-04-01,2006-05-26,55,25,21.875704,23.535551,20.444918,87.34163,1.8625479,9.378662,92.93193,80.785645,2.5954695,1.0004712
22.5,120.5,2006-04-01,2006-05-27,56,25,26.16014,27.638252,24.933784,83.71996,2.453552,13.9123535,89.71079,77.019684,3.2558868,1.6440744
23.5,120.5,2006-04-01,2006-05-27,56,25,23.738636,25.954859,21.82693,85.960335,1.7413923,16.884766,93.9114,76.42577,2.7157297,1.0324496
24.5,120.5,2006-04-01,2006-05-27,56,25,25.46469,26.639746,24.43098,83.33002,4.2896686,9.182129,88.63713,77.44197,5.7387805,2.8878422
24.5,121.5,2006-04-01,2006-05-27,56,25,21.930374,23.52711,20.512934,87.44173,2.0245085,12.471924,92.80273,80.56003,2.8868124,1.2094793
23.5,121.5,2006-04-01,2006-05-27,56,25,23.048382,24.52165,21.87233,86.916885,2.2850785,13.31543,91.52825,80.74204,3.344223,1.2337443
22.5,121.5,2006-04-01,2006-05-27,56,25,26.527756,27.241583,25.885015,84.07287,4.8488483,7.3571777,87.74093,80.41833,6.169627,3.2734056
24.5,121.5,2006-04-01,2006-05-28,57,25,21.723396,23.32747,20.303394,88.19754,1.9287893,14.714355,93.62635,82.090324,2.6175468,1.1549214
24.5,120.5,2006-04-01,2006-05-28,57,25,25.282732,26.40974,24.260971,84.62293,3.814019,11.495361,90.204,79.38733,5.4324923,2.3103852
22.5,121.5,2006-04-01,2006-05-28,57,25,26.432165,27.236137,25.767529,84.53265,5.109259,8.85498,87.84624,80.92375,6.41164,3.5430994
23.5,121.5,2006-04-01,2006-05-28,57,25,22.998377,24.45997,21.85521,87.1273,2.3533387,11.82251,91.24299,82.13547,3.5442858,1.2089363
23.5,120.5,2006-04-01,2006-05-28,57,25,23.584158,25.851377,21.752823,86.507774,1.6932199,14.613037,93.518654,77.31845,2.7567701,0.951298
22.5,120.5,2006-04-01,2006-05-28,57,25,25.964724,27.45334,24.738335,83.99664,2.5700185,15.076904,89.36812,77.20772,3.5074747,1.6542511
23.5,120.5,2006-04-01,2006-05-29,58,25,23.621815,25.586132,21.900156,87.25076,1.5007625,13.823242,94.11335,79.08647,2.4299335,0.7500467
24.5,120.5,2006-04-01,2006-05-29,58,25,25.294313,26.327602,24.266333,85.0918,3.6694002,10.180664,89.64637,79.836174,5.3682113,2.0101588
22.5,121.5,2006-04-01,2006-05-29,58,25,26.428688,27.192812,25.695454,85.167725,4.6343718,8.97583,88.48766,81.836174,5.984342,3.0666163
24.5,121.5,2006-04-01,2006-05-29,58,25,21.90617,23.615185,20.538418,88.087265,1.8893166,12.786865,93.53941,80.59441,2.649606,1.0813717
23.5,121.5,2006-04-01,2006-05-29,58,25,22.953377,24.360268,21.83106,88.49836,2.2814512,10.743408,92.60199,83.1499,3.3213236,1.3601334
22.5,120.5,2006-04-01,2006-05-29,58,25,26.013454,27.406822,24.831337,84.62923,2.3592646,13.0529785,90.038895,78.82672,3.3780997,1.460761
23.5,120.5,2006-04-01,2006-05-30,59,25,23.704773,25.955107,21.801714,87.21998,1.5037313,12.833252,94.28455,78.067566,2.315983,0.8581706
24.5,121.5,2006-04-01,2006-05-30,59,25,22.013348,23.760004,20.563345,88.398186,1.6647977,13.779297,93.45522,81.50836,2.3828428,1.0602677
24.5,120.5,2006-04-01,2006-05-30,59,25,25.470066,26.657036,24.46608,85.292725,3.9208188,7.8063965,90.65392,79.429535,5.2278404,2.6398053
22.5,121.5,2006-04-01,2006-05-30,59,25,26.682644,27.547188,25.903652,85.40775,4.8858128,9.125977,89.02868,81.59632,6.241797,3.406648
22.5,120.5,2006-04-01,2006-05-30,59,25,26.087605,27.63066,24.842567,84.9488,2.345691,12.373047,90.465675,78.29364,3.3119147,1.4628017
23.5,121.5,2006-04-01,2006-05-30,59,25,23.179852,24.730318,21.949644,88.43461,1.9590995,13.358154,92.52355,82.58186,3.0189817,0.94147855
22.5,121.5,2006-04-01,2006-05-31,60,25,26.581663,27.429258,25.88475,85.835144,4.7353687,16.165771,89.15678,82.2791,6.366333,3.0638275
24.5,120.5,2006-04-01,2006-05-31,60,25,25.741936,26.993292,24.688799,84.636696,3.580211,7.9663086,89.55642,78.84383,4.82539,2.396573
24.5,121.5,2006-04-01,2006-05-31,60,25,22.152386,23.979141,20.682842,88.31291,1.8319412,16.64795,93.50629,81.535355,2.562546,1.1845334
22.5,120.5,2006-04-01,2006-05-31,60,25,25.996174,27.35211,24.91872,85.900055,2.452366,20.683594,90.96226,80.134796,3.4678388,1.5078195
23.5,121.5,2006-04-01,2006-05-31,60,25,23.17213,24.596338,22.04188,88.372826,2.102867,19.382324,92.60891,83.52497,3.2135317,1.1643695
23.5,120.5,2006-04-01,2006-05-31,60,25,23.795412,25.950947,22.018154,87.69876,1.486449,17.567139,94.48246,79.24419,2.3065488,0.8217705
24.5,121.5,2006-04-01,2006-06-01,61,25,22.427221,24.056501,21.012402,88.281006,1.7463602,12.877197,93.5664,81.89848,2.3278003,1.1280239
23.5,120.5,2006-04-01,2006-06-01,61,25,23.883198,26.004002,22.015766,87.58997,1.5587714,17.147217,94.01994,79.43435,2.3538444,0.9675165
22.5,120.5,2006-04-01,2006-06-01,61,25,26.277494,27.681892,25.225176,85.22696,2.6202717,20.864258,90.56202,78.74378,3.6542382,1.7719605
23.5,121.5,2006-04-01,2006-06-01,61,25,23.392847,24.898846,22.232876,87.96425,2.2653317,13.966064,92.162674,82.256546,3.184785,1.3640476
22.5,121.5,2006-04-01,2006-06-01,61,25,26.793608,27.587095,26.154,85.78269,4.7395525,13.947754,89.16828,81.939064,6.030238,3.4797473
24.5,120.5,2006-04-01,2006-06-01,61,25,25.86859,27.003826,24.88439,85.25876,3.5782614,9.232178,89.92659,80.1876,4.6414957,2.400454
24.5,121.5,2006-04-01,2006-06-02,62,25,22.572987,24.229214,21.07501,89.27237,1.744262,13.077393,94.36193,82.46164,2.4506338,1.0827117
23.5,120.5,2006-04-01,2006-06-02,62,25,24.01572,26.145308,22.079596,87.90408,1.7194602,15.936279,94.7029,79.685524,2.8229647,0.9690996
24.5,120.5,2006-04-01,2006-06-02,62,25,25.93367,26.946299,25.013584,86.2757,4.019378,11.503906,90.785576,81.55488,5.35995,2.840554
22.5,121.5,2006-04-01,2006-06-02,62,25,27.105974,27.952002,26.344511,86.07613,4.9560857,5.756836,89.55065,82.40132,6.6927776,3.0832987
23.5,121.5,2006-04-01,2006-06-02,62,25,23.623123,25.16768,22.260635,88.94143,2.2090063,11.292725,93.41957,83.07402,3.4556513,1.1086899
22.5,120.5,2006-04-01,2006-06-02,62,25,26.441208,27.906948,25.25251,85.67191,2.3727198,14.473877,91.10561,78.8395,3.6653347,1.1781596
23.5,120.5,2006-04-01,2006-06-03,63,25,24.169836,26.462265,22.184063,87.460785,1.7321787,12.321777,94.558914,78.67853,2.6740177,1.071093
22.5,121.5,2006-04-01,2006-06-03,63,25,27.073626,27.76704,26.469736,85.82383,5.1387987,6.434326,88.84797,82.4395,6.592512,3.5435674
22.5,120.5,2006-04-01,2006-06-03,63,25,26.477707,27.788237,25.273022,85.70568,2.2346275,9.698486,91.274635,79.63671,3.3750021,1.2439551
24.5,120.5,2006-04-01,2006-06-03,63,25,26.034094,27.177319,25.016846,85.58032,4.11209,10.609131,90.29523,80.26431,5.265501,2.9511971
23.5,121.5,2006-04-01,2006-06-03,63,25,23.786497,25.454956,22.46587,88.27257,2.2430933,11.553955,93.02863,82.12227,3.455183,1.2013232
24.5,121.5,2006-04-01,2006-06-03,63,25,22.66673,24.535982,21.0742,88.45149,1.8005242,13.240967,94.23214,80.8918,2.568528,1.0279043
22.5,121.5,2006-04-01,2006-06-04,64,25,27.194918,28.071083,26.465454,84.68383,5.041444,4.8901367,88.41257,80.357765,6.3642726,3.3631046
22.5,120.5,2006-04-01,2006-06-04,64,25,26.513374,28.095537,25.3336,84.82655,2.30025,8.747559,90.329025,77.368256,3.3692966,1.5397263
24.5,120.5,2006-04-01,2006-06-04,64,25,26.092104,27.249458,25.069399,85.34248,4.1804705,10.158691,90.36268,79.88018,5.5952535,2.6822598
24.5,121.5,2006-04-01,2006-06-04,64,25,22.720055,24.49836,21.238403,88.188194,1.6794735,12.838135,93.939804,80.735245,2.3459306,1.0947199
23.5,120.5,2006-04-01,2006-06-04,64,25,24.257143,26.618843,22.375206,87.096535,1.7278827,11.202393,94.44144,77.00413,2.8543286,0.9644967
23.5,121.5,2006-04-01,2006-06-04,64,25,23.816246,25.426733,22.597647,87.46128,2.0405128,8.894043,92.074295,80.82027,3.0323124,1.0783854
22.5,120.5,2006-04-01,2006-06-05,65,25,26.53906,27.935816,25.320606,85.14146,2.4214501,8.499756,90.6077,78.64065,3.2965293,1.6017145
22.5,121.5,2006-04-01,2006-06-05,65,25,27.229237,28.075708,26.527002,84.88305,4.913622,5.262451,88.40729,80.70392,6.3212934,3.3488224
23.5,121.5,2006-04-01,2006-06-05,65,25,23.897184,25.56034,22.561396,87.43237,2.191809,7.874756,92.540596,80.82116,3.331024,1.2353625
24.5,120.5,2006-04-01,2006-06-05,65,25,26.154333,27.386675,25.142187,85.44267,4.469519,9.6936035,90.12837,79.72569,5.846562,3.03923
24.5,121.5,2006-04-01,2006-06-05,65,25,22.833807,24.728209,21.284174,88.24013,1.688729,10.7873535,94.27941,80.43775,2.4638119,1.0933458
23.5,120.5,2006-04-01,2006-06-05,65,25,24.303728,26.619638,22.268496,86.87078,1.7798842,10.960693,94.17076,77.48883,2.7911334,1.0401458
23.5,120.5,2006-04-01,2006-06-06,66,25,24.260155,26.613253,22.17626,87.359825,1.7228502,9.953613,94.49954,77.98596,2.6956768,1.041794
23.5,121.5,2006-04-01,2006-06-06,66,25,23.839842,25.408403,22.486729,87.86861,2.3165956,9.078369,92.34511,81.68344,3.3325937,1.3628793
24.5,120.5,2006-04-01,2006-06-06,66,25,26.216345,27.467157,25.07165,84.9743,4.5892477,7.225342,90.13621,79.17068,5.8268867,3.2470536
24.5,121.5,2006-04-01,2006-06-06,66,25,22.743141,24.473555,21.0679,88.14966,1.7764412,10.811768,93.92997,81.27313,2.5491457,1.1375766
22.5,121.5,2006-04-01,2006-06-06,66,25,27.243689,28.161484,26.551582,84.99048,5.0700684,3.269043,88.00266,81.178375,6.3852305,3.655564
22.5,120.5,2006-04-01,2006-06-06,66,25,26.61035,28.206142,25.353077,84.91075,2.1667664,7.026367,90.67103,77.74976,3.0248911,1.3072134
22.5,120.5,2006-04-01,2006-06-07,67,25,26.605825,28.150732,25.346552,84.792366,2.0506353,7.578125,90.57166,77.490875,3.1035814,1.1928668
22.5,121.5,2006-04-01,2006-06-07,67,25,27.29311,28.170738,26.605951,84.653656,5.1219707,5.3479004,88.3277,80.02248,6.614818,3.6151457
24.5,121.5,2006-04-01,2006-06-07,67,25,22.792719,24.645136,21.235567,87.68695,1.7566552,12.319336,93.695526,79.63777,2.4009888,1.2073071
23.5,120.5,2006-04-01,2006-06-07,67,25,24.323833,26.703262,22.200977,86.372765,1.7264439,9.090576,93.74563,76.68728,2.6415205,1.015114
24.5,120.5,2006-04-01,2006-06-07,67,25,26.192154,27.412403,25.140898,84.8653,4.588605,9.279785,89.42134,80.0466,5.6543064,3.4239864
23.5,121.5,2006-04-01,2006-06-07,67,25,23.938189,25.580294,22.578009,87.12789,2.2873178,9.039307,91.98347,80.2476,3.3782225,1.3388635
22.5,121.5,2006-04-01,2006-06-08,68,25,27.342945,28.354658,26.552822,85.62291,4.17243,7.142334,89.41228,80.93013,5.8521824,2.6425192
22.5,120.5,2006-04-01,2006-06-08,68,25,26.67857,28.252398,25.394062,84.7841,2.2756987,8.205566,90.85453,77.28218,3.254971,1.3639536
23.5,121.5,2006-04-01,2006-06-08,68,25,23.861479,25.421133,22.595575,88.556404,1.9591442,13.205566,93.204735,81.53271,2.9405453,1.0326753
24.5,120.5,2006-04-01,2006-06-08,68,25,26.106518,27.225386,25.167105,86.09411,4.202391,10.418701,90.53498,81.09865,5.6135817,2.5151865
23.5,120.5,2006-04-01,2006-06-08,68,25,24.284702,26.48394,22.38336,87.39192,1.6207869,11.025391,94.53952,78.086205,2.487983,0.9464519
24.5,121.5,2006-04-01,2006-06-08,68,25,22.647865,24.137007,21.288183,89.51079,1.8361866,16.811523,94.46713,82.67839,2.6026983,1.1816825
22.5,120.5,2006-04-01,2006-06-09,69,25,26.763304,28.445332,25.421133,84.57544,2.4034705,7.993164,90.75874,77.20626,3.5424764,1.3593045
22.5,121.5,2006-04-01,2006-06-09,69,25,27.428616,28.452803,26.640522,84.8113,4.6929307,6.0424805,88.875305,79.8895,6.177395,2.9856946
24.5,121.5,2006-04-01,2006-06-09,69,25,22.746956,24.62043,21.081549,88.08241,1.8927158,12.467041,93.77546,79.76092,2.7107906,1.1544197
24.5,120.5,2006-04-01,2006-06-09,69,25,26.245882,27.60459,25.118593,85.06411,4.1163898,5.397949,90.21419,78.95562,5.2965264,2.8629553
23.5,121.5,2006-04-01,2006-06-09,69,25,23.945023,25.650566,22.515562,88.01677,2.262379,12.652588,93.008125,81.03258,3.3641458,1.3650007
23.5,120.5,2006-04-01,2006-06-09,69,25,24.329025,26.802402,22.080717,86.660866,1.6788303,8.571777,94.47419,76.254005,2.6189313,0.9366671
23.5,121.5,2006-04-01,2006-06-10,70,25,23.922235,25.583124,22.610699,87.1123,2.0992475,12.423096,92.23986,80.68112,3.170533,1.1683079
24.5,121.5,2006-04-01,2006-06-10,70,25,22.945538,24.902813,21.375366,87.21304,1.7132345,12.495117,93.445564,79.41524,2.477541,0.97272563
23.5,120.5,2006-04-01,2006-06-10,70,25,24.300556,26.84164,22.128023,86.26539,1.5176818,9.017334,93.96484,75.91157,2.3444443,0.8792744
24.5,120.5,2006-04-01,2006-06-10,70,25,26.382158,27.680439,25.250526,84.20522,4.03677,4.527588,89.64371,77.884995,5.1921754,2.8632324
22.5,121.5,2006-04-01,2006-06-10,70,25,27.40337,28.219877,26.670795,84.69235,4.855588,6.072998,88.31629,80.547386,6.200553,3.2862527
22.5,120.5,2006-04-01,2006-06-10,70,25,26.75878,28.434298,25.46587,84.45734,2.0892718,9.697266,90.52031,76.24607,2.9780457,1.3021152
24.5,120.5,2006-04-01,2006-06-11,71,25,26.437517,27.663837,25.333242,84.88476,3.6830387,4.5629883,90.7254,78.76178,4.952402,2.4033017
22.5,121.5,2006-04-01,2006-06-11,71,25,27.392555,28.256708,26.636826,84.34306,4.594543,4.904785,88.418655,79.90286,5.909521,3.2150803
23.5,120.5,2006-04-01,2006-06-11,71,25,24.542732,26.887823,22.458656,86.78474,1.4554442,11.485596,94.400116,77.369934,2.2602808,0.85925627
23.5,121.5,2006-04-01,2006-06-11,71,25,24.073513,25.741161,22.722496,86.437805,1.8474877,9.01123,92.00817,80.07003,2.8028216,1.0399728
22.5,120.5,2006-04-01,2006-06-11,71,25,26.83824,28.489697,25.491196,84.601166,2.209679,7.392578,90.63465,77.25796,3.0853434,1.3630838
24.5,121.5,2006-04-01,2006-06-11,71,25,22.970348,24.873833,21.378267,87.30457,1.584333,9.699707,93.85904,78.988884,2.257191,0.94072074
24.5,121.5,2006-04-01,2006-06-12,72,25,23.076689,25.046436,21.359234,87.74159,1.801205,10.684814,93.68496,80.46066,2.5995798,1.0899998
22.5,121.5,2006-04-01,2006-06-12,72,25,27.333584,28.190464,26.532846,84.6824,4.4730587,6.558838,88.28598,80.85651,5.736687,3.1467361
23.5,121.5,2006-04-01,2006-06-12,72,25,24.058252,25.761011,22.649233,86.91215,2.0924082,10.880127,91.70681,80.82102,3.1141586,1.0973366
24.5,120.5,2006-04-01,2006-06-12,72,25,26.573135,27.853857,25.397749,85.779305,3.6596155,4.2456055,91.53378,80.12832,5.144374,2.2976604
23.5,120.5,2006-04-01,2006-06-12,72,25,24.60126,26.995966,22.45439,86.9246,1.5306767,11.921387,94.4563,77.55744,2.4463515,0.8958884
22.5,120.5,2006-04-01,2006-06-12,72,25,26.777334,28.350859,25.4629,84.695145,2.4129078,8.760986,90.564606,77.373024,3.3021865,1.6173835
23.5,121.5,2006-04-01,2006-06-13,73,25,24.142115,25.816225,22.832094,86.85904,2.0478373,10.270996,91.576996,80.18196,3.2296906,1.0701554
22.5,121.5,2006-04-01,2006-06-13,73,25,27.322094,28.149408,26.61336,85.2644,4.4934983,8.835449,88.834625,81.158264,5.722136,3.0832453
22.5,120.5,2006-04-01,2006-06-13,73,25,26.771626,28.217989,25.614058,85.113045,2.4109092,10.72876,90.51546,78.32791,3.2712536,1.6549578
24.5,120.5,2006-04-01,2006-06-13,73,25,26.682993,27.989302,25.617144,85.41997,3.6040177,4.605713,90.53591,79.48514,4.82266,2.4655466
23.5,120.5,2006-04-01,2006-06-13,73,25,24.66893,26.997427,22.68503,86.91672,1.546761,10.9765625,94.174324,77.36111,2.6028748,0.8396329
24.5,121.5,2006-04-01,2006-06-13,73,25,23.3494,25.173359,21.794561,87.15251,1.8255502,9.46167,93.338425,79.32698,2.4660385,1.2115988
24.5,120.5,2006-04-01,2006-06-14,74,25,26.808123,27.89558,25.791035,86.3958,3.677538,5.106201,90.653946,81.406525,4.73767,2.3603196
23.5,121.5,2006-04-01,2006-06-14,74,25,24.333923,25.935205,23.016733,87.26388,2.0956402,10.183105,92.54587,80.671646,3.0402832,1.1667365
24.5,121.5,2006-04-01,2006-06-14,74,25,23.466911,25.028814,22.017418,88.1596,1.7973702,9.986572,93.719475,81.54193,2.4083886,1.1199185
23.5,120.5,2006-04-01,2006-06-14,74,25,24.754099,27.018272,22.70916,87.020256,1.6063218,10.795898,94.26339,77.9534,2.4747584,0.8908279
22.5,121.5,2006-04-01,2006-06-14,74,25,27.55277,28.432411,26.822798,85.144135,4.539605,8.652344,88.97312,80.91121,5.8912034,3.1310477
22.5,120.5,2006-04-01,2006-06-14,74,25,26.969704,28.540987,25.767115,85.14948,2.6548476,9.332275,90.75297,78.21666,3.5950732,1.8925273
22.5,120.5,2006-04-01,2006-06-15,75,25,26.928291,28.456377,25.660538,85.47357,3.0317383,9.058838,90.872696,78.52404,4.078713,2.1475573
24.5,121.5,2006-04-01,2006-06-15,75,25,23.547314,25.550112,21.82334,87.25295,1.8182123,8.166504,93.68169,78.46917,2.5752022,1.0290937
23.5,120.5,2006-04-01,2006-06-15,75,25,24.824112,27.169893,22.821543,86.505684,1.9274228,11.010742,93.49923,77.17533,2.7797492,1.1799974
24.5,120.5,2006-04-01,2006-06-15,75,25,26.81466,28.126143,25.657509,85.6125,3.9689584,4.7753906,90.55128,79.858986,5.1806774,2.7300198
22.5,121.5,2006-04-01,2006-06-15,75,25,27.618292,28.51857,26.824863,85.245895,5.064624,5.045166,88.922195,81.260086,6.439897,3.6853235
23.5,121.5,2006-04-01,2006-06-15,75,25,24.475576,26.255512,22.990225,86.93694,2.313486,7.244873,92.23484,79.64542,3.413847,1.365284
22.5,121.5,2006-04-01,2006-06-16,76,25,27.46615,28.391401,26.665709,85.35777,4.9041386,7.2888184,88.96001,81.21081,6.250063,3.499144
22.5,120.5,2006-04-01,2006-06-16,76,25,26.897263,28.370274,25.64855,85.36521,3.0688825,12.457275,90.75664,78.907295,4.090907,2.0297537
23.5,121.5,2006-04-01,2006-06-16,76,25,24.411657,26.105898,22.952637,86.83786,2.165126,7.9504395,91.89237,80.2182,3.211671,1.3686817
24.5,120.5,2006-04-01,2006-06-16,76,25,26.851307,28.095928,25.692593,85.707184,3.8679059,6.0595703,90.30393,80.82063,5.128623,2.6612432
24.5,121.5,2006-04-01,2006-06-16,76,25,23.591072,25.498554,21.86123,87.160576,1.7159054,8.446045,93.31055,79.3179,2.4339752,0.9985254
23.5,120.5,2006-04-01,2006-06-16,76,25,24.784391,27.040308,22.719746,86.92085,1.7108995,15.821533,93.91076,77.87115,2.5294807,1.0786194
24.5,120.5,2006-04-01,2006-06-17,77,25,26.778627,28.032433,25.747559,86.397,3.6792643,7.1069336,91.08765,81.2214,4.8924465,2.5291924
22.5,121.5,2006-04-01,2006-06-17,77,25,27.289291,28.093935,26.595953,86.34114,4.504379,9.528809,89.44786,82.62901,5.796129,3.2910907
24.5,121.5,2006-04-01,2006-06-17,77,25,23.503334,25.27376,22.036427,87.91591,1.8056526,9.621582,93.80346,80.51976,2.4735565,1.1727651
23.5,121.5,2006-04-01,2006-06-17,77,25,24.255249,25.795948,23.02504,87.66997,2.1426127,10.527344,92.54782,81.37616,3.0639799,1.3382066
23.5,120.5,2006-04-01,2006-06-17,77,25,24.721733,26.914385,22.905195,87.60561,1.6143647,17.402344,94.24263,78.90708,2.4495125,1.0127736
22.5,120.5,2006-04-01,2006-06-17,77,25,26.790133,28.164228,25.65651,85.98105,2.9586267,14.481201,91.10899,79.980316,3.8810825,2.0148296
24.5,120.5,2006-04-01,2006-06-18,78,25,26.741167,27.997671,25.709932,86.200615,3.7595513,9.139404,90.69516,80.8298,5.137283,2.3783762
23.5,121.5,2006-04-01,2006-06-18,78,25,24.30474,25.853252,23.00544,87.34158,2.35248,8.681641,92.14677,80.91548,3.379536,1.4023492
22.5,121.5,2006-04-01,2006-06-18,78,25,27.375523,28.120073,26.743305,85.80156,4.759958,8.604736,89.03972,82.161224,6.2616963,3.3090894
23.5,120.5,2006-04-01,2006-06-18,78,25,24.736675,27.022749,22.790512,87.23711,1.7420436,16.512451,94.02359,77.71116,2.510733,1.1194543
24.5,121.5,2006-04-01,2006-06-18,78,25,23.541832,25.31939,21.93664,87.70608,1.9400858,10.515137,93.425606,79.955956,2.6033247,1.2721976
22.5,120.5,2006-04-01,2006-06-18,78,25,26.769897,28.166285,25.647163,85.97258,3.2165594,17.63794,91.05171,79.65521,3.9607902,2.3625927
23.5,120.5,2006-04-01,2006-06-19,79,25,24.725622,26.998755,22.694649,86.81148,1.8954893,13.062744,93.90561,77.69905,2.864378,1.1623526
22.5,120.5,2006-04-01,2006-06-19,79,25,26.864647,28.482716,25.653765,85.6115,3.1281443,11.500244,90.724655,78.94802,4.1454086,2.2818506
24.5,121.5,2006-04-01,2006-06-19,79,25,23.499744,25.344145,21.791138,87.89866,1.7891579,10.513916,94.32203,80.19551,2.363358,1.0992411
23.5,121.5,2006-04-01,2006-06-19,79,25,24.37031,26.145552,23.00728,87.259056,2.2744646,8.348389,92.722946,80.42104,3.3578112,1.3326364
22.5,121.5,2006-04-01,2006-06-19,79,25,27.544157,28.46268,26.801285,85.52788,4.6524563,6.119385,89.18596,81.30237,6.0963445,3.2529812
24.5,120.5,2006-04-01,2006-06-19,79,25,26.742556,27.947056,25.647305,85.838806,3.742932,8.188477,91.02856,80.37431,4.730222,2.7200708
23.5,120.5,2006-04-01,2006-06-20,80,25,24.814302,27.058022,22.797235,86.853874,1.8140179,15.81665,94.00162,77.302956,2.8623743,1.1046815
23.5,121.5,2006-04-01,2006-06-20,80,25,24.37813,26.01107,23.068491,87.735306,2.2495522,9.763184,92.653564,80.94374,3.315655,1.2550173
24.5,120.5,2006-04-01,2006-06-20,80,25,26.828363,28.043432,25.723282,85.56895,3.6880229,8.0896,90.64107,79.98501,4.820816,2.4387925
22.5,121.5,2006-04-01,2006-06-20,80,25,27.566002,28.397367,26.865732,85.69122,4.787155,8.321533,88.998505,81.85757,6.07222,3.5297287
22.5,120.5,2006-04-01,2006-06-20,80,25,26.952309,28.33313,25.823427,85.32318,2.7791605,11.607666,90.13863,79.66889,3.7980146,1.7708703
24.5,121.5,2006-04-01,2006-06-20,80,25,23.568325,25.562412,21.926573,87.889275,1.6381229,10.616455,93.900604,79.39194,2.2897565,1.0527343
22.5,121.5,2006-04-01,2006-06-21,81,25,27.662449,28.591167,26.947704,85.06278,4.5727086,6.4074707,88.77603,80.77191,5.885629,3.055188
23.5,120.5,2006-04-01,2006-06-21,81,25,24.865358,27.074726,22.911205,86.90778,1.752159,10.499268,93.85104,77.78348,2.465465,1.1585199
23.5,121.5,2006-04-01,2006-06-21,81,25,24.474655,26.129023,23.182573,87.63085,2.099153,8.959961,92.553185,81.14527,3.1166635,1.1343503
24.5,120.5,2006-04-01,2006-06-21,81,25,26.908836,28.185816,25.769371,85.87041,3.9261837,5.5407715,91.0342,80.18547,5.0732975,2.811564
22.5,120.5,2006-04-01,2006-06-21,81,25,27.010887,28.603008,25.791332,85.33113,2.6074643,9.921875,90.92819,78.233986,3.4245582,1.7580283
24.5,121.5,2006-04-01,2006-06-21,81,25,23.569265,25.368633,21.960894,87.7922,1.52722,8.526611,93.78037,80.29401,2.2498615,0.9009942
22.5,120.5,2006-04-01,2006-06-22,82,25,26.99,28.51898,25.745903,85.25181,2.7648141,10.852051,90.44569,78.64621,3.7711313,1.7333885
23.5,120.5,2006-04-01,2006-06-22,82,25,24.8791,27.066948,22.935064,86.71541,1.8790172,11.2561035,93.84972,77.619286,2.6932435,1.2691001
24.5,120.5,2006-04-01,2006-06-22,82,25,26.944277,28.193506,25.86453,85.66053,4.204274,6.0620117,90.19642,80.629555,5.367074,3.1640875
23.5,121.5,2006-04-01,2006-06-22,82,25,24.50832,26.127808,23.236294,87.777275,2.3231225,8.999023,92.64317,81.39859,3.2437646,1.5115836
24.5,121.5,2006-04-01,2006-06-22,82,25,23.816544,25.657887,22.240107,87.007965,1.7366905,8.388672,93.153534,79.19159,2.478708,1.0518403
22.5,121.5,2006-04-01,2006-06-22,82,25,27.711855,28.65562,26.962997,85.0813,5.2574525,6.9189453,88.574646,80.74808,6.5223985,3.9863727
23.5,120.5,2006-04-01,2006-06-23,83,25,24.773376,27.033525,22.647865,86.97714,1.7356172,13.520508,94.411514,78.015755,2.7163966,0.99746585
24.5,121.5,2006-04-01,2006-06-23,83,25,23.583084,25.490175,21.882978,87.47592,1.8649576,14.630127,93.62936,79.777794,2.5225003,1.1662903
24.5,120.5,2006-04-01,2006-06-23,83,25,26.784431,28.047691,25.663712,86.3692,3.523754,10.461426,91.217186,81.00696,4.7416897,2.3892088
23.5,121.5,2006-04-01,2006-06-23,83,25,24.373455,25.956215,22.99774,87.85649,2.0152624,13.364258,92.67725,81.317764,3.183029,1.0720211
22.5,121.5,2006-04-01,2006-06-23,83,25,27.63533,28.513535,26.868393,85.512054,4.8778234,8.00293,89.04714,81.427864,6.3234944,3.4434745
22.5,120.5,2006-04-01,2006-06-23,83,25,26.826834,28.215216,25.595322,85.95339,3.0694299,16.033936,91.26773,79.88707,4.3334293,1.9748782
22.5,120.5,2006-04-01,2006-06-24,84,25,26.89544,28.367031,25.743427,85.74155,2.8829017,12.303467,90.70786,79.29109,4.234603,1.9104995
23.5,120.5,2006-04-01,2006-06-24,84,25,24.782255,27.059067,22.750547,87.05396,1.7901199,11.929932,94.01876,78.28151,2.706883,1.131805
24.5,121.5,2006-04-01,2006-06-24,84,25,23.618292,25.427822,22.089024,87.82035,1.7921555,9.986572,93.536995,80.24275,2.4051914,1.1529402
23.5,121.5,2006-04-01,2006-06-24,84,25,24.384932,26.028364,23.092949,87.55082,2.279313,10.03418,92.13502,81.23144,3.332453,1.4056941
22.5,121.5,2006-04-01,2006-06-24,84,25,27.641808,28.503712,26.919931,85.18894,4.530901,7.225342,88.87,81.07982,6.0873485,2.9613128
24.5,120.5,2006-04-01,2006-06-24,84,25,26.882236,28.084234,25.851534,85.93238,3.6051435,6.1584473,90.77693,80.66346,4.63416,2.571605
23.5,120.5,2006-04-01,2006-06-25,85,25,24.798368,27.171938,22.714678,86.907715,1.7448533,7.7111816,94.36164,77.135605,2.625824,1.0327959
22.5,120.5,2006-04-01,2006-06-25,85,25,26.913408,28.344692,25.63921,85.48511,2.4252784,7.9089355,91.01646,78.88483,3.4704804,1.4640316
24.5,120.5,2006-04-01,2006-06-25,85,25,26.966553,28.297798,25.788002,85.67997,3.802436,4.5422363,91.124725,79.56644,4.8419857,2.6983707
22.5,121.5,2006-04-01,2006-06-25,85,25,27.64245,28.463676,26.871275,85.205734,4.2734647,4.9975586,88.989525,81.33832,5.579704,3.0928297
23.5,121.5,2006-04-01,2006-06-25,85,25,24.448076,26.155767,23.024912,87.66845,2.078637,5.2563477,93.07705,80.424355,3.184929,1.2033095
24.5,121.5,2006-04-01,2006-06-25,85,25,23.659912,25.539526,21.970615,87.803375,1.7218318,8.382568,94.28455,79.76101,2.371954,1.112006
24.5,121.5,2006-04-01,2006-06-26,86,25,23.754345,25.44418,22.126894,87.71565,1.6405196,10.786133,94.02411,79.727325,2.2050295,1.0452253
23.5,121.5,2006-04-01,2006-06-26,86,25,24.522646,26.1715,23.181953,87.43688,2.200442,8.081055,92.4783,80.59084,3.4886475,1.211863
22.5,121.5,2006-04-01,2006-06-26,86,25,27.730907,28.556519,26.996328,84.798676,4.2901173,5.8361816,88.42407,80.847755,5.821687,2.8943489
24.5,120.5,2006-04-01,2006-06-26,86,25,27.01751,28.272743,25.878853,85.82328,3.2386205,7.6000977,91.35583,79.78987,4.1600237,2.3349705
22.5,120.5,2006-04-01,2006-06-26,86,25,27.008154,28.35544,25.902378,85.596504,2.6009595,14.683838,90.79663,79.20064,3.8486488,1.5781058
23.5,120.5,2006-04-01,2006-06-26,86,25,24.87038,27.20478,22.819317,87.36925,1.5851293,15.45166,94.89728,77.73981,2.632773,0.92792517
24.5,120.5,2006-04-01,2006-06-27,87,25,27.037432,28.322948,25.947353,86.75457,3.487599,8.543701,91.75154,80.88261,4.7313447,2.4068139
22.5,121.5,2006-04-01,2006-06-27,87,25,27.794306,28.634033,27.087608,84.81738,4.1981854,4.32251,88.04725,80.943695,5.5384955,2.6603568
23.5,120.5,2006-04-01,2006-06-27,87,25,24.848526,27.136192,22.87229,87.57602,1.596835,12.313232,94.92255,77.731476,2.4582822,0.92686224
22.5,120.5,2006-04-01,2006-06-27,87,25,27.084326,28.495655,25.919136,85.33681,2.5938463,8.5095215,90.45525,78.97777,3.5402157,1.593205
23.5,121.5,2006-04-01,2006-06-27,87,25,24.594091,26.311817,23.308998,87.289825,2.2526073,5.7507324,92.299286,79.94168,3.3337185,1.3185741
24.5,121.5,2006-04-01,2006-06-27,87,25,23.746513,25.4302,22.175024,88.27923,1.6893687,8.092041,94.10352,80.95708,2.3478026,1.1128335
24.5,120.5,2006-04-01,2006-06-28,88,25,27.064777,28.31523,25.884005,86.16221,3.6662743,8.117676,91.30894,80.68418,4.7694206,2.6627002
24.5,121.5,2006-04-01,2006-06-28,88,25,23.799953,25.7089,22.054726,87.24094,1.8848594,10.395508,93.064835,79.28911,2.5843253,1.1902626
22.5,120.5,2006-04-01,2006-06-28,88,25,27.262474,28.859488,26.022089,84.36178,2.7003548,12.041016,90.01438,77.26742,3.8525522,1.8104904
22.5,121.5,2006-04-01,2006-06-28,88,25,27.749485,28.613657,26.95963,84.590675,4.5566893,8.227539,88.41378,80.324,5.932059,3.1260703
23.5,121.5,2006-04-01,2006-06-28,88,25,24.637571,26.45269,23.18752,86.14376,2.1932747,9.714355,91.472275,78.116554,3.395112,1.2697365
23.5,120.5,2006-04-01,2006-06-28,88,25,24.977024,27.352182,22.81705,86.7675,1.6294315,14.505615,94.39226,76.748375,2.4352808,0.9827961
23.5,120.5,2006-04-01,2006-06-29,89,25,24.96839,27.245918,22.951723,86.4443,1.7480937,14.050293,93.32917,77.12241,2.555976,1.0366555
24.5,120.5,2006-04-01,2006-06-29,89,25,27.17087,28.415674,26.05186,85.519295,3.7266014,7.3742676,90.45076,79.58487,4.7954664,2.7511768
22.5,121.5,2006-04-01,2006-06-29,89,25,27.73292,28.629854,26.890835,85.07558,4.868709,5.506592,89.29432,80.62448,6.1571584,3.4012263
22.5,120.5,2006-04-01,2006-06-29,89,25,27.046358,28.569511,25.8261,85.2743,3.1260378,15.075684,90.7807,78.4001,3.9879456,2.3589697
23.5,121.5,2006-04-01,2006-06-29,89,25,24.587587,26.274746,23.204906,86.68461,1.9738878,7.385254,92.13672,79.95278,2.98056,1.1190971
24.5,121.5,2006-04-01,2006-06-29,89,25,23.841045,25.614843,22.175688,87.2419,1.8156451,9.328613,93.909386,79.456184,2.3954055,1.2536663
23.5,121.5,2006-04-01,2006-06-30,90,25,24.685966,26.457241,23.28668,87.0413,1.9887599,6.0290527,92.324875,80.26792,3.095683,1.1934407
23.5,120.5,2006-04-01,2006-06-30,90,25,24.894384,27.125673,22.810875,86.57189,1.8458724,10.681152,93.71442,77.52964,2.6072342,1.2494718
24.5,120.5,2006-04-01,2006-06-30,90,25,27.12501,28.36378,26.00519,85.41424,4.0864873,5.690918,90.52538,79.91446,4.933107,3.2692728
24.5,121.5,2006-04-01,2006-06-30,90,25,23.939425,25.82917,22.18002,87.113014,1.5796938,7.380371,93.65422,78.808105,2.149707,1.063526
22.5,121.5,2006-04-01,2006-06-30,90,25,27.749659,28.620977,27.015375,85.307655,5.0373497,3.3032227,88.84362,81.58081,6.1551757,3.7684052
22.5,120.5,2006-04-01,2006-06-30,90,25,27.03997,28.414316,25.877047,85.3984,3.013482,12.548828,90.488495,79.37015,4.0401855,2.1629694
23.5,121.5,2006-04-01,2006-07-01,91,25,24.694836,26.39397,23.266495,87.27396,2.0028596,4.202881,92.456345,80.29783,2.9048104,1.2355572
24.5,120.5,2006-04-01,2006-07-01,91,25,27.097786,28.359594,25.913681,85.94937,4.0205016,5.7336426,90.967926,80.82889,5.1559014,3.112277
23.5,120.5,2006-04-01,2006-07-01,91,25,24.94472,27.26648,22.723135,86.4607,1.7340115,6.7822266,93.85691,76.86422,2.5279012,1.123971
22.5,121.5,2006-04-01,2006-07-01,91,25,27.809582,28.699844,27.067642,85.34506,4.766162,3.2214355,88.83321,81.244804,5.751028,3.7507682
22.5,120.5,2006-04-01,2006-07-01,91,25,27.143333,28.626572,25.945107,84.814804,2.3750024,6.8078613,90.373634,77.9975,3.2001843,1.4634984
24.5,121.5,2006-04-01,2006-07-01,91,25,23.893215,25.862095,22.100868,87.47012,1.5321208,7.022705,93.901085,78.380394,2.1137686,0.95334303
24.5,120.5,2006-04-01,2006-07-02,92,25,27.159826,28.447075,25.988272,85.97537,3.5748577,4.7106934,91.43714,80.52798,4.5349674,2.6910098
23.5,121.5,2006-04-01,2006-07-02,92,25,24.754261,26.549576,23.338818,87.041916,2.1969976,5.263672,92.3102,79.7619,3.2405546,1.3534013
24.5,121.5,2006-04-01,2006-07-02,92,25,23.931545,25.862389,22.129288,87.52547,1.6194556,6.199951,94.17281,79.22998,2.1830583,1.1377944
23.5,120.5,2006-04-01,2006-07-02,92,25,25.003792,27.507153,22.761553,86.60644,1.7144294,9.223633,94.26458,76.661674,2.6061041,1.1343211
22.5,121.5,2006-04-01,2006-07-02,92,25,27.791956,28.629326,27.0952,85.4626,4.5328197,2.8649902,88.85128,81.659325,5.7974987,3.1877575
22.5,120.5,2006-04-01,2006-07-02,92,25,27.204103,28.760435,25.961855,84.7269,2.3512397,6.9140625,90.27714,77.71464,3.3265991,1.586562
24.5,120.5,2006-04-01,2006-07-03,93,25,27.173244,28.503124,25.939037,85.80041,3.529089,4.400635,91.280495,80.00726,4.626686,2.385632
22.5,120.5,2006-04-01,2006-07-03,93,25,27.126507,28.742813,25.847559,85.101166,2.4903514,5.2563477,90.31777,77.9401,3.4812434,1.6766238
23.5,121.5,2006-04-01,2006-07-03,93,25,24.625412,26.500626,23.05584,86.838,2.164257,4.9682617,92.657234,79.32114,3.295167,1.2506661
24.5,121.5,2006-04-01,2006-07-03,93,25,23.87924,25.899141,21.954355,86.972015,1.6837213,6.1206055,94.0187,78.26818,2.3253813,1.0671333
23.5,120.5,2006-04-01,2006-07-03,93,25,24.990393,27.556719,22.75662,86.3396,1.5801501,7.8723145,93.77627,76.17787,2.4070961,0.94827825
22.5,121.5,2006-04-01,2006-07-03,93,25,27.678343,28.6176,26.812012,85.55319,4.489231,4.387207,89.43808,81.153496,5.6407337,3.2964687
22.5,120.5,2006-04-01,2006-07-04,94,25,27.2289,28.717714,25.900293,84.30281,2.198017,6.3293457,90.17461,77.26701,3.015674,1.345027
23.5,120.5,2006-04-01,2006-07-04,94,25,25.04691,27.583424,22.843512,86.694954,1.3360666,9.73999,94.594635,76.43684,2.0751994,0.7939751
24.5,121.5,2006-04-01,2006-07-04,94,25,23.813295,25.977564,21.821714,86.9448,1.7377042,6.0021973,94.21659,77.88309,2.2771425,1.1948599
23.5,121.5,2006-04-01,2006-07-04,94,25,24.535717,26.44069,23.019293,86.68663,1.8410469,5.822754,92.23834,79.26969,2.9894533,0.9099375
22.5,121.5,2006-04-01,2006-07-04,94,25,27.65685,28.507402,26.8854,85.37497,4.222761,5.428467,88.67743,81.62479,5.438636,3.0560894
24.5,120.5,2006-04-01,2006-07-04,94,25,27.185738,28.636559,25.921972,85.78433,3.0827045,4.1064453,91.37407,79.48895,4.1681023,2.1254487
22.5,120.5,2006-04-01,2006-07-05,95,25,27.226536,28.821796,25.913643,84.15192,2.303283,14.177246,90.27277,76.6045,3.4624488,1.1347268
23.5,121.5,2006-04-01,2006-07-05,95,25,24.539251,26.351835,23.118872,86.550095,1.8672496,10.499268,92.068115,79.05154,2.9824743,0.98919624
24.5,121.5,2006-04-01,2006-07-05,95,25,23.771906,25.980274,21.951012,87.20636,1.829797,7.3779297,94.056366,77.60315,2.481824,1.2192405
23.5,120.5,2006-04-01,2006-07-05,95,25,25.103586,27.616758,22.925932,86.74302,1.3932382,14.692383,94.84389,75.86277,2.218406,0.67059726
24.5,120.5,2006-04-01,2006-07-05,95,25,27.29267,28.745352,26.05085,85.91197,2.877713,6.011963,91.55232,79.47437,3.9647818,1.8209537
22.5,121.5,2006-04-01,2006-07-05,95,25,27.692238,28.539387,26.95746,85.00659,4.248463,10.332031,88.84877,80.86982,5.71826,2.7170084
24.5,120.5,2006-04-01,2006-07-06,96,25,27.242857,28.738716,26.034151,85.487595,2.9848492,5.4504395,90.72554,78.74059,3.9994986,1.9574171
24.5,121.5,2006-04-01,2006-07-06,96,25,23.801645,25.973886,21.94165,86.21882,2.0111861,4.6887207,93.32168,76.59917,2.683176,1.3498996
23.5,120.5,2006-04-01,2006-07-06,96,25,24.93102,27.561934,22.641651,86.81358,1.5393008,10.755615,94.52461,75.773445,2.2552266,0.9887827
23.5,121.5,2006-04-01,2006-07-06,96,25,24.378208,26.11772,23.07328,86.40112,1.9455789,7.241211,91.08745,79.231735,2.9943793,1.1529973
22.5,121.5,2006-04-01,2006-07-06,96,25,27.580238,28.372778,26.935093,84.65169,3.9954755,9.893799,87.58017,81.04438,5.3471303,2.7712579
22.5,120.5,2006-04-01,2006-07-06,96,25,27.01653,28.638731,25.76873,84.717316,2.6375678,9.572754,89.80142,77.36454,3.4828117,1.7959093
24.5,120.5,2006-04-01,2006-07-07,97,25,27.202627,28.659609,25.903492,85.72189,2.4078436,4.802246,91.56519,79.41152,3.4020872,1.5520265
22.5,120.5,2006-04-01,2006-07-07,97,25,27.169697,28.925156,25.781939,83.47879,2.653998,7.7575684,89.91037,75.45229,3.6139777,1.7218555
23.5,121.5,2006-04-01,2006-07-07,97,25,24.428974,26.343437,22.998936,86.31902,1.9602509,6.784668,91.878845,78.374825,2.989403,1.0066538
22.5,121.5,2006-04-01,2006-07-07,97,25,27.650635,28.476002,26.834766,84.39841,3.742681,10.048828,88.44159,79.95927,5.0946336,2.4300961
24.5,121.5,2006-04-01,2006-07-07,97,25,23.759384,26.045078,21.849672,86.45324,1.8928049,4.6899414,93.84282,76.6436,2.4832582,1.3320022
23.5,120.5,2006-04-01,2006-07-07,97,25,24.888565,27.501875,22.623344,86.80632,1.2191181,7.8881836,95.07928,75.78442,1.9983826,0.5593204
23.5,121.5,2006-04-01,2006-07-08,98,25,24.384008,26.149956,23.083393,86.10762,1.8031958,9.367676,90.928444,78.749016,2.8260717,1.0876926
24.5,120.5,2006-04-01,2006-07-08,98,25,27.231274,28.652065,25.99604,85.49302,2.3041048,4.9401855,91.301956,78.948166,3.4640558,1.0924461
22.5,121.5,2006-04-01,2006-07-08,98,25,27.50979,28.265102,26.834053,85.25801,4.0842123,11.37207,88.45575,81.94623,5.1535425,2.8419797
23.5,120.5,2006-04-01,2006-07-08,98,25,24.94313,27.603394,22.764877,86.642204,1.2094462,9.620361,94.977425,74.95802,1.9607644,0.6458726
24.5,121.5,2006-04-01,2006-07-08,98,25,23.684927,25.824175,21.810835,86.578415,2.0379877,7.3376465,93.264725,77.42923,2.6923382,1.3738097
22.5,120.5,2006-04-01,2006-07-08,98,25,27.06061,28.760815,25.756084,84.39832,2.6795762,9.987793,90.14786,76.84433,3.5864725,1.7681558
22.5,121.5,2006-04-01,2006-07-09,99,25,27.44,28.18832,26.715244,84.92934,4.650619,10.447998,88.15903,81.1262,5.8961015,3.3488302
22.5,120.5,2006-04-01,2006-07-09,99,25,27.056581,28.717623,25.741226,84.1037,2.7896879,11.711426,89.67949,76.84226,3.709913,1.6370996
24.5,121.5,2006-04-01,2006-07-09,99,25,23.666466,25.954107,21.834745,86.34008,2.01692,5.3186035,93.10731,76.74734,2.6460104,1.4492067
23.5,121.5,2006-04-01,2006-07-09,99,25,24.356483,26.192778,23.000648,85.34202,1.8538864,7.4365234,90.30221,78.13484,2.8196924,1.1087978
24.5,120.5,2006-04-01,2006-07-09,99,25,27.224785,28.594965,26.018105,86.04776,2.4751148,5.2490234,91.191956,79.73669,3.6438324,1.5701901
23.5,120.5,2006-04-01,2006-07-09,99,25,24.85084,27.464966,22.770136,87.17047,1.4727091,9.084473,94.443695,76.408005,2.2707832,0.76143664
22.5,121.5,2006-04-01,2006-07-10,100,25,27.304344,28.079805,26.58672,85.72568,5.0138173,17.728271,88.81368,82.12475,6.423294,3.6188555
23.5,120.5,2006-04-01,2006-07-10,100,25,24.912254,27.409126,22.927471,86.48657,1.4910805,13.833008,93.76352,76.56332,2.174032,0.8991604
24.5,121.5,2006-04-01,2006-07-10,100,25,23.752253,25.843111,22.070362,85.65078,2.168398,6.652832,92.63446,76.95425,2.8519754,1.4488001
24.5,120.5,2006-04-01,2006-07-10,100,25,27.33155,28.739365,26.16747,85.16895,2.7978287,7.0617676,90.18972,79.15707,4.1637225,1.4706907
22.5,120.5,2006-04-01,2006-07-10,100,25,26.833582,28.274954,25.602783,85.00223,3.1905398,17.470703,90.41762,78.40799,4.2608814,2.2830324
23.5,121.5,2006-04-01,2006-07-10,100,25,24.22909,25.833952,22.98146,85.92813,1.9500574,10.541992,90.87906,79.04401,2.9611115,1.0848019
24.5,121.5,2006-04-01,2006-07-11,101,25,23.56412,25.450722,21.931782,87.33079,2.213421,11.782227,93.36847,79.08444,2.99404,1.4849982
22.5,121.5,2006-04-01,2006-07-11,101,25,27.285818,28.039923,26.645157,86.030174,5.329372,14.433594,88.81552,82.749054,6.829729,3.66928
24.5,120.5,2006-04-01,2006-07-11,101,25,27.068083,28.31399,25.975327,85.88386,3.377545,9.880371,90.01982,80.82173,4.800454,2.2183728
22.5,120.5,2006-04-01,2006-07-11,101,25,26.556482,27.908009,25.511812,86.394,3.5093381,20.843506,90.8586,80.47551,4.624947,2.3933494
23.5,121.5,2006-04-01,2006-07-11,101,25,24.283884,25.789814,23.092999,86.84446,2.3439476,12.095947,91.2831,80.83106,3.2917838,1.4265672
23.5,120.5,2006-04-01,2006-07-11,101,25,24.712107,26.83483,22.779463,87.10802,1.757863,18.261719,93.50794,78.69065,2.6591318,0.99641854
22.5,121.5,2006-04-01,2006-07-12,102,25,27.228228,27.96552,26.600082,86.26628,5.7696056,15.92041,89.17558,82.95832,6.9825263,4.420309
23.5,121.5,2006-04-01,2006-07-12,102,25,24.234243,25.710772,23.090698,87.25495,2.523322,16.566162,91.35394,81.08148,3.468652,1.6902092
22.5,120.5,2006-04-01,2006-07-12,102,25,26.52817,27.752802,25.575317,86.717674,3.5365462,27.426758,90.93097,81.326195,4.6755476,2.565759
24.5,120.5,2006-04-01,2006-07-12,102,25,26.925396,28.156967,25.898584,85.7146,3.841251,11.879883,90.62058,80.48459,5.2098002,2.6612103
23.5,120.5,2006-04-01,2006-07-12,102,25,24.620161,26.765495,22.82521,87.1666,2.093069,27.437744,93.960976,78.55791,3.0184526,1.3018898
24.5,121.5,2006-04-01,2006-07-12,102,25,23.597387,25.359991,22.189243,87.31317,2.1151443,11.503906,92.4413,79.22338,2.8267066,1.4207934
24.5,120.5,2006-04-01,2006-07-13,103,25,26.944042,28.223051,25.854708,86.27316,3.9967115,8.754883,91.22645,81.08977,5.3284764,2.7360947
22.5,120.5,2006-04-01,2006-07-13,103,25,26.66086,27.83348,25.682013,86.60087,3.1595886,19.425049,90.915016,81.51885,4.132408,2.2219045
23.5,120.5,2006-04-01,2006-07-13,103,25,24.522305,26.58399,22.642515,88.15288,1.870061,20.427246,94.7879,80.0285,2.647243,1.1491287
22.5,121.5,2006-04-01,2006-07-13,103,25,27.27918,27.975883,26.683428,86.28919,5.05033,13.635254,89.50015,83.10455,6.325501,3.558526
24.5,121.5,2006-04-01,2006-07-13,103,25,23.552168,25.41437,21.947363,88.07059,2.1813803,11.032715,94.06181,80.3314,2.9169126,1.5271536
23.5,121.5,2006-04-01,2006-07-13,103,25,24.267754,25.647089,23.132202,87.57694,2.3423426,13.903809,91.521416,82.201195,3.4451807,1.4448934
23.5,120.5,2006-04-01,2006-07-14,104,25,24.677324,26.80459,22.931625,88.09943,2.1318216,20.773926,94.36216,79.44414,3.1209216,1.4134107
24.5,120.5,2006-04-01,2006-07-14,104,25,27.047363,28.341856,26.003437,86.28005,4.0993605,9.182129,90.96024,80.97945,5.525497,2.661814
22.5,121.5,2006-04-01,2006-07-14,104,25,27.308046,28.101246,26.68037,86.786835,5.1304035,12.998047,89.45477,83.51395,6.3534236,3.6182895
23.5,121.5,2006-04-01,2006-07-14,104,25,24.342285,25.819668,23.21233,87.773964,2.313962,11.11084,91.9124,82.11573,3.3206449,1.4355941
24.5,121.5,2006-04-01,2006-07-14,104,25,23.621855,25.401386,22.160006,88.57641,2.301738,14.541016,94.08214,80.94646,2.9536543,1.566447
22.5,120.5,2006-04-01,2006-07-14,104,25,26.758379,28.14795,25.664043,86.76002,3.646737,19.14795,91.16361,81.036644,4.4716587,2.80412
24.5,120.5,2006-04-01,2006-07-15,105,25,27.014154,28.31081,25.910826,86.685394,3.8341112,13.344727,91.24589,81.23892,5.2892504,2.4455469
23.5,121.5,2006-04-01,2006-07-15,105,25,24.227182,25.562706,23.141748,87.88077,2.353002,11.630859,91.525764,83.17965,3.3241065,1.5276327
22.5,121.5,2006-04-01,2006-07-15,105,25,27.245659,27.889399,26.627203,86.833855,5.5812116,14.299316,89.28791,84.17823,6.850827,4.1239076
23.5,120.5,2006-04-01,2006-07-15,105,25,24.678804,26.851835,22.94166,88.55904,1.9281105,20.083008,94.510086,79.64592,2.6738262,1.1903607
24.5,121.5,2006-04-01,2006-07-15,105,25,23.60392,25.457651,22.045488,87.84027,2.4716024,9.338379,92.960976,80.851715,3.1797347,1.6657239
22.5,120.5,2006-04-01,2006-07-15,105,25,26.627047,27.933008,25.521221,87.10972,3.5494988,20.983887,91.22946,81.594025,4.5787272,2.6225226
24.5,121.5,2006-04-01,2006-07-16,106,25,23.679932,25.742476,22.068047,87.45309,2.082957,9.853516,93.72185,78.915146,2.8876023,1.3719609
22.5,120.5,2006-04-01,2006-07-16,106,25,26.716982,28.137266,25.607056,86.57488,3.3833008,16.30371,91.464745,80.675026,4.536141,2.3950837
23.5,121.5,2006-04-01,2006-07-16,106,25,24.385166,26.032032,23.105253,87.2848,2.2300227,9.20166,91.981224,80.52657,3.1419032,1.425934
24.5,120.5,2006-04-01,2006-07-16,106,25,26.982744,28.31537,25.871479,86.710075,3.6074002,8.75,91.3389,81.00691,4.817513,2.4609964
23.5,120.5,2006-04-01,2006-07-16,106,25,24.64548,26.902695,22.75666,87.9268,1.8771722,17.841797,94.536354,78.652145,2.866256,0.96841896
22.5,121.5,2006-04-01,2006-07-16,106,25,27.385674,28.163506,26.679287,86.259125,5.9399276,9.736328,89.568115,83.03059,7.2360387,4.6483335
23.5,120.5,2006-04-01,2006-07-17,107,25,24.62213,26.980278,22.640606,88.46477,1.7141485,14.008789,94.60645,79.13664,2.576465,1.0350754
22.5,120.5,2006-04-01,2006-07-17,107,25,26.64881,27.968325,25.487486,87.43502,3.121512,17.167969,91.72532,82.095924,4.261269,2.103934
23.5,121.5,2006-04-01,2006-07-17,107,25,24.342695,26.055962,23.021875,87.6106,2.1555228,13.813477,91.988,81.15042,3.1065307,1.285727
24.5,120.5,2006-04-01,2006-07-17,107,25,26.988165,28.309254,25.890709,86.61211,3.576114,6.335449,91.31275,80.71894,4.613487,2.4485116
24.5,121.5,2006-04-01,2006-07-17,107,25,23.72461,25.760908,22.010517,87.829124,1.9623791,10.087891,93.24857,79.61713,2.668921,1.2096682
22.5,121.5,2006-04-01,2006-07-17,107,25,27.340176,28.056612,26.64293,86.55653,5.515679,13.07373,89.35365,83.37675,6.7647886,4.1627817
23.5,121.5,2006-04-01,2006-07-18,108,25,24.357643,25.916016,23.10123,87.21279,1.7946465,9.460449,91.9616,80.71367,2.8059428,0.95769113
24.5,120.5,2006-04-01,2006-07-18,108,25,27.019793,28.375244,25.907734,86.40422,3.2103987,6.9140625,91.43077,80.50059,4.330008,2.149177
23.5,120.5,2006-04-01,2006-07-18,108,25,24.79739,27.170782,22.802568,87.76932,1.5576249,14.367676,94.5112,78.43078,2.3924284,0.92066693
24.5,121.5,2006-04-01,2006-07-18,108,25,23.723034,25.846289,21.923975,87.11235,1.8932642,7.5561523,93.86381,78.19012,2.6810606,1.2182479
22.5,121.5,2006-04-01,2006-07-18,108,25,27.317371,28.039507,26.695215,86.59079,4.7889247,11.381836,89.65494,83.07565,6.204695,3.501737
22.5,120.5,2006-04-01,2006-07-18,108,25,26.762468,28.210093,25.585371,86.44915,3.0589776,14.001465,91.05735,80.423294,4.099184,2.1344123
24.5,120.5,2006-04-01,2006-07-19,109,25,27.16521,28.524818,26.00147,86.12353,3.0219378,6.0473633,90.733795,80.61872,4.103309,1.9763798
22.5,120.5,2006-04-01,2006-07-19,109,25,26.746538,28.272915,25.545416,86.37786,3.071207,10.866699,91.123505,80.00406,4.077,2.140077
24.5,121.5,2006-04-01,2006-07-19,109,25,23.718472,25.689568,21.995455,86.927734,1.7812295,6.71875,93.26776,78.735466,2.5357125,1.2164476
23.5,121.5,2006-04-01,2006-07-19,109,25,24.225327,25.651829,23.064453,87.35805,1.5666475,9.331055,91.801476,81.4121,2.563798,0.7246805
23.5,120.5,2006-04-01,2006-07-19,109,25,24.875288,27.282303,22.964516,87.70732,1.4610242,12.6171875,94.38254,77.96995,2.2123704,0.89019936
22.5,121.5,2006-04-01,2006-07-19,109,25,27.23437,27.961912,26.624111,86.48775,4.0221477,12.363281,89.264786,82.984024,5.2690625,2.6470816
23.5,120.5,2006-04-01,2006-07-20,110,25,24.694284,26.988487,22.784483,87.97046,1.4345102,14.379883,94.21173,79.444786,2.23807,0.8009026
22.5,121.5,2006-04-01,2006-07-20,110,25,27.413132,28.217901,26.807442,85.84252,4.3695636,11.721191,88.74097,82.45982,5.6666856,2.9813364
23.5,121.5,2006-04-01,2006-07-20,110,25,24.235378,25.665766,23.12295,87.25379,1.8289878,11.320801,91.507034,81.69332,2.5869148,1.0655671
24.5,120.5,2006-04-01,2006-07-20,110,25,27.08413,28.40372,26.01837,85.70194,3.0196688,7.7075195,90.09228,80.15188,4.1992617,2.005412
22.5,120.5,2006-04-01,2006-07-20,110,25,26.761843,28.21294,25.687572,86.31507,3.0589814,9.619141,91.00918,80.13592,4.112186,2.174956
24.5,121.5,2006-04-01,2006-07-20,110,25,23.683405,25.650024,22.050997,86.88455,1.965258,7.121582,93.15293,78.635956,2.7352197,1.2281952
24.5,120.5,2006-04-01,2006-07-21,111,25,27.00912,28.282665,25.968203,85.91072,3.4769711,8.786621,90.43085,80.43564,4.6693783,2.2668078
23.5,121.5,2006-04-01,2006-07-21,111,25,24.420683,25.889107,23.243032,87.168365,1.799286,14.98291,91.39267,81.2671,2.8325148,0.96370673
24.5,121.5,2006-04-01,2006-07-21,111,25,23.71873,25.57358,22.145313,87.36744,1.741817,10.895996,93.440254,79.53325,2.4912615,0.90157545
23.5,120.5,2006-04-01,2006-07-21,111,25,24.694298,26.91047,22.762188,87.90168,1.5376828,16.918945,94.329124,78.98396,2.3048604,0.9730734
22.5,121.5,2006-04-01,2006-07-21,111,25,27.559082,28.297613,26.95248,86.189545,4.731333,11.645508,89.130165,82.82025,6.259911,3.3199956
22.5,120.5,2006-04-01,2006-07-21,111,25,26.764961,28.172266,25.688711,86.77899,2.7959254,13.95752,91.43958,80.78159,3.9399436,1.7124866
23.5,121.5,2006-04-01,2006-07-22,112,25,24.54529,26.021568,23.418354,87.066696,1.8004535,11.704102,91.20246,80.7724,2.5940735,1.0703282
24.5,120.5,2006-04-01,2006-07-22,112,25,27.03947,28.287651,26.02185,86.603905,3.4466355,10.693359,91.11158,81.49515,4.776898,2.2353976
24.5,121.5,2006-04-01,2006-07-22,112,25,23.840857,25.738441,22.299078,87.54423,1.814694,9.934082,93.338264,79.57184,2.4267325,1.2239475
22.5,120.5,2006-04-01,2006-07-22,112,25,26.862087,28.343744,25.825127,86.49359,2.9664514,15.52002,91.20235,79.89137,3.9144917,2.151206
23.5,120.5,2006-04-01,2006-07-22,112,25,24.702791,26.939629,22.870508,88.43151,1.5920577,17.29248,94.73508,79.180176,2.4066825,0.9247777
22.5,121.5,2006-04-01,2006-07-22,112,25,27.590017,28.406391,26.95626,85.91696,5.1378245,10.732422,88.93133,81.87747,6.4563293,3.7170923
23.5,121.5,2006-04-01,2006-07-23,113,25,24.640741,26.187963,23.338926,86.61679,1.7473413,7.102051,90.92282,80.49356,2.7392807,0.9465793
24.5,120.5,2006-04-01,2006-07-23,113,25,27.114552,28.470665,25.96309,86.49396,3.5279658,9.350586,91.078964,81.22139,4.8987103,2.239128
22.5,121.5,2006-04-01,2006-07-23,113,25,27.656015,28.385445,26.991426,85.68648,5.085565,6.220703,88.408516,82.53181,6.509922,3.728763
24.5,121.5,2006-04-01,2006-07-23,113,25,23.97127,26.07416,22.220337,86.91712,1.7466538,8.730469,93.20271,77.871994,2.4810064,1.1112626
22.5,120.5,2006-04-01,2006-07-23,113,25,26.928125,28.387388,25.715538,86.428444,2.8479223,12.546387,91.14173,80.10498,3.8464909,1.9035137
23.5,120.5,2006-04-01,2006-07-23,113,25,24.78869,27.113901,22.761093,88.30042,1.6485629,15.27832,94.640335,79.45181,2.3461583,1.0038747
24.5,121.5,2006-04-01,2006-07-24,114,25,23.953978,25.814638,22.417202,87.22359,1.8013302,13.334961,93.45441,79.357506,2.5518215,1.1380458
22.5,121.5,2006-04-01,2006-07-24,114,25,27.544914,28.285673,26.856586,86.08367,5.537371,10.427246,89.37632,82.43662,6.6014323,4.341598
23.5,120.5,2006-04-01,2006-07-24,114,25,24.854465,27.296997,22.974472,88.1812,1.8345745,14.707031,94.41083,78.64512,2.7549732,1.1573132
22.5,120.5,2006-04-01,2006-07-24,114,25,26.9347,28.419405,25.782564,86.6007,2.7933924,14.685059,91.43782,80.117676,3.6769223,1.9390588
24.5,120.5,2006-04-01,2006-07-24,114,25,27.174915,28.418476,26.086992,86.43582,3.735932,7.7026367,90.99054,81.20752,4.789014,2.4923944
23.5,121.5,2006-04-01,2006-07-24,114,25,24.56556,26.246407,23.322128,87.36046,2.0819361,12.189941,92.480804,80.474144,2.9711428,1.2276531
23.5,121.5,2006-04-01,2006-07-25,115,25,24.500399,26.00831,23.440508,88.557816,2.5181556,23.762207,92.24698,82.62433,3.590042,1.56946
24.5,120.5,2006-04-01,2006-07-25,115,25,27.092096,28.285532,26.110943,86.69809,3.9136822,12.485352,90.928055,82.02296,5.157658,2.5356398
22.5,120.5,2006-04-01,2006-07-25,115,25,26.854149,28.130653,25.859922,87.03335,3.1441355,25.97168,91.14077,81.73746,4.5095143,2.0528288
23.5,120.5,2006-04-01,2006-07-25,115,25,24.860573,27.103857,23.116392,88.16757,1.750734,19.604492,94.28589,79.30952,2.7046387,1.0114512
22.5,121.5,2006-04-01,2006-07-25,115,25,27.532957,28.172724,26.953667,86.60429,5.829627,18.591309,89.18782,83.52336,7.1579766,4.4514723
24.5,121.5,2006-04-01,2006-07-25,115,25,23.784967,25.611591,22.411118,88.641594,2.3555937,19.609375,93.80728,81.2502,3.1855664,1.411176
24.5,120.5,2006-04-01,2006-07-26,116,25,27.113506,28.376837,26.106861,86.04401,3.8922217,11.447754,90.62045,80.74008,5.05446,2.6809542
23.5,121.5,2006-04-01,2006-07-26,116,25,24.286493,25.738585,23.14337,88.640755,2.8358676,16.315918,92.54947,82.824974,3.958325,1.7134227
24.5,121.5,2006-04-01,2006-07-26,116,25,23.605165,25.327408,22.188643,88.35241,2.586788,14.907227,93.40172,81.031136,3.6172836,1.5983632
22.5,120.5,2006-04-01,2006-07-26,116,25,26.771767,28.070503,25.812729,87.296524,3.3804367,19.587402,91.29793,81.57097,4.7764916,2.1118178
23.5,120.5,2006-04-01,2006-07-26,116,25,24.636612,26.650225,22.960762,88.46503,2.0403745,18.293457,94.122665,80.31025,2.9456666,1.2380209
22.5,121.5,2006-04-01,2006-07-26,116,25,27.521046,28.324003,26.878067,86.70473,6.300519,13.469238,89.62312,83.15858,7.9472156,4.5519915
22.5,121.5,2006-04-01,2006-07-27,117,25,27.45025,28.231451,26.825922,86.43108,5.6060414,8.334961,89.506,82.61922,6.984043,4.263243
23.5,120.5,2006-04-01,2006-07-27,117,25,24.79947,27.486382,22.69525,87.4465,1.8858982,10.36377,94.290634,76.91148,2.9050438,1.1001735
22.5,120.5,2006-04-01,2006-07-27,117,25,26.783201,28.20234,25.684498,86.483475,2.8412313,11.350098,90.72204,80.319176,3.8645372,1.8921607
24.5,121.5,2006-04-01,2006-07-27,117,25,23.649607,25.76817,21.95897,87.51339,2.1359954,8.62793,93.87041,77.80459,2.990702,1.3970284
23.5,121.5,2006-04-01,2006-07-27,117,25,24.338142,26.106962,23.033022,87.85052,2.4731393,9.34082,92.67497,80.61302,3.4069915,1.4910432
24.5,120.5,2006-04-01,2006-07-27,117,25,27.092087,28.540077,25.928638,85.6514,3.7118454,4.9804688,90.61293,79.46464,5.079364,2.3507295
23.5,120.5,2006-04-01,2006-07-28,118,25,24.8436,27.25755,22.748936,87.688156,1.5842739,7.873535,95.06776,77.77228,2.465715,0.83388066
22.5,121.5,2006-04-01,2006-07-28,118,25,27.6427,28.441713,26.97458,85.468506,4.536156,6.5185547,88.660774,81.64029,5.7963037,3.2346616
22.5,120.5,2006-04-01,2006-07-28,118,25,26.962349,28.485205,25.849014,85.632614,2.5514555,6.623535,90.977844,78.26586,3.4632351,1.7533346
24.5,121.5,2006-04-01,2006-07-28,118,25,23.739965,25.916454,22.061874,86.892265,1.721029,6.6748047,93.276215,77.673386,2.5064416,1.0181578
24.5,120.5,2006-04-01,2006-07-28,118,25,27.050396,28.328667,25.924482,85.849815,3.410449,4.3896484,91.5762,79.51649,4.4768457,2.17077
23.5,121.5,2006-04-01,2006-07-28,118,25,24.47567,26.10497,23.158466,87.237434,1.809525,6.8286133,92.225784,80.65665,2.6764305,1.0016938
23.5,121.5,2006-04-01,2006-07-29,119,25,24.530708,26.258066,23.193174,86.84042,1.9307039,9.050293,91.49944,79.88277,2.8655949,1.1052957
24.5,120.5,2006-04-01,2006-07-29,119,25,27.147661,28.660507,25.919477,86.151505,3.3961234,6.489258,91.25697,79.607956,4.707821,2.1576226
22.5,120.5,2006-04-01,2006-07-29,119,25,26.90852,28.425627,25.657139,85.70735,2.512863,10.46875,91.135895,79.03951,3.555134,1.5200415
24.5,121.5,2006-04-01,2006-07-29,119,25,23.821157,26.079784,22.065327,86.52821,1.8057425,9.204102,93.167336,77.07586,2.640906,1.1213824
22.5,121.5,2006-04-01,2006-07-29,119,25,27.622818,28.432356,26.921318,85.587776,4.8573318,8.90625,88.715744,81.86809,6.530155,3.2326877
23.5,120.5,2006-04-01,2006-07-29,119,25,24.890434,27.576504,22.721827,87.208046,1.5762033,9.758301,94.44842,76.43111,2.4863496,0.8455638
24.5,120.5,2006-04-01,2006-07-30,120,25,27.197903,28.628984,26.036016,85.80077,3.6584542,4.790039,90.91067,79.84016,4.91903,2.4305701
23.5,121.5,2006-04-01,2006-07-30,120,25,24.60851,26.306086,23.343716,86.77121,1.9903893,10.126953,91.89984,79.8931,2.892346,1.2107191
24.5,121.5,2006-04-01,2006-07-30,120,25,23.873293,25.7764,22.356352,86.89667,1.849888,10.085449,93.38609,77.89654,2.5354555,1.2429771
22.5,120.5,2006-04-01,2006-07-30,120,25,26.89427,28.348625,25.818188,86.173965,2.3723996,10.444336,90.922775,79.3758,3.2980442,1.5354494
23.5,120.5,2006-04-01,2006-07-30,120,25,24.937454,27.370695,22.911314,87.27142,1.5915712,8.842773,94.37185,76.945404,2.5419652,0.8463064
22.5,121.5,2006-04-01,2006-07-30,120,25,27.532122,28.259377,26.940332,86.26015,4.910973,9.519043,88.93829,82.9405,6.071712,3.5330296
23.5,121.5,2006-04-01,2006-07-31,121,25,24.475718,26.036083,23.266699,87.88672,1.9966288,15.700684,92.32736,81.847565,2.9533396,1.2148219
24.5,120.5,2006-04-01,2006-07-31,121,25,27.081264,28.319204,26.07729,86.44727,3.6889694,11.784668,91.16615,81.36193,4.813135,2.6644366
24.5,121.5,2006-04-01,2006-07-31,121,25,23.785366,25.562773,22.320938,87.94789,1.8331053,15.424805,93.773506,79.776634,2.4908476,1.1313767
23.5,120.5,2006-04-01,2006-07-31,121,25,24.912632,27.288502,23.025469,88.18125,1.6083754,15.371094,94.783485,79.023605,2.342662,1.0474484
22.5,120.5,2006-04-01,2006-07-31,121,25,26.844799,28.169518,25.878656,86.40472,2.4462013,13.3203125,90.488205,80.555916,3.4129322,1.5417224
22.5,121.5,2006-04-01,2006-07-31,121,25,27.498589,28.270445,26.819996,86.29901,5.0854383,11.333008,89.32144,82.76375,6.2994804,3.759588
24.5,120.5,2006-04-01,2006-08-01,122,25,27.14195,28.47728,26.109043,86.28997,3.5413797,9.987818,90.75345,80.897316,4.646132,2.3480902
22.5,120.5,2006-04-01,2006-08-01,122,25,26.826502,28.106195,25.862324,86.74805,2.9716117,19.133326,90.81086,81.45161,3.9354837,2.1440752
22.5,121.5,2006-04-01,2006-08-01,122,25,27.428688,28.165981,26.905088,86.67473,5.3743596,15.288111,89.07264,83.37837,6.6287313,4.0573535
23.5,121.5,2006-04-01,2006-08-01,122,25,24.405369,25.835796,23.322256,88.12729,2.2053523,15.607935,92.288376,82.72791,3.0489142,1.4472079
23.5,120.5,2006-04-01,2006-08-01,122,25,24.831266,26.879946,23.183428,88.20236,1.5520597,18.503443,94.523834,79.76877,2.344673,0.91578585
24.5,121.5,2006-04-01,2006-08-01,122,25,23.769861,25.750639,22.271484,87.96294,2.0285177,11.838404,93.628624,79.76783,2.7015252,1.3387088
22.5,121.5,2006-04-01,2006-08-02,123,25,27.466925,28.091885,26.943413,86.51631,5.005447,13.608398,89.2777,83.20365,6.442175,3.5536757
22.5,120.5,2006-04-01,2006-08-02,123,25,26.71081,27.8885,25.75893,86.83708,3.1882546,19.401855,90.85896,81.68341,4.28233,2.2625327
24.5,121.5,2006-04-01,2006-08-02,123,25,23.791864,25.617369,22.449823,87.55471,1.7587117,9.562988,92.99362,79.94721,2.4340081,1.1531867
24.5,120.5,2006-04-01,2006-08-02,123,25,27.131807,28.342222,26.188936,85.600716,3.5317025,7.5585938,89.88967,80.3673,4.6550756,2.4932358
23.5,121.5,2006-04-01,2006-08-02,123,25,24.331123,25.54022,23.415586,88.827034,1.8368237,14.465332,92.47028,83.811356,2.67122,1.1536431
23.5,120.5,2006-04-01,2006-08-02,123,25,24.804249,26.784985,23.199078,87.99625,1.7645035,17.963867,93.34179,80.24603,2.468062,1.1650393
22.5,120.5,2006-04-01,2006-08-03,124,25,26.640615,27.888466,25.655376,87.46791,3.095702,11.921387,91.371086,82.39352,4.1587734,2.0079718
22.5,121.5,2006-04-01,2006-08-03,124,25,27.612255,28.38809,27.016695,86.110794,5.065212,5.0805664,88.812294,82.41716,6.396147,3.8020031
23.5,120.5,2006-04-01,2006-08-03,124,25,24.67755,26.752783,22.83857,87.6822,1.9425976,12.512207,93.266624,80.14786,2.6044736,1.3741935
24.5,120.5,2006-04-01,2006-08-03,124,25,26.98538,28.096596,25.991177,85.923515,4.013357,7.651367,90.14471,81.22748,4.9757533,3.1523807
23.5,121.5,2006-04-01,2006-08-03,124,25,24.400263,25.713463,23.256445,88.5112,1.6589845,9.494629,92.76216,83.30415,2.5404394,0.87091124
24.5,121.5,2006-04-01,2006-08-03,124,25,23.810928,25.568857,22.273178,87.54284,1.6040921,11.948242,93.12378,80.89326,2.2609944,1.0711358
24.5,121.5,2006-04-01,2006-08-04,125,25,23.852365,25.786665,22.165434,87.30682,1.3260279,9.318848,93.34242,79.65182,1.9021381,0.7890852
23.5,121.5,2006-04-01,2006-08-04,125,25,24.534573,26.042105,23.276606,87.756386,1.5804652,8.996582,92.103455,81.94937,2.4523885,0.9244232
24.5,120.5,2006-04-01,2006-08-04,125,25,27.01346,28.305336,25.900776,86.11333,4.2662153,5.842285,90.45914,81.10964,5.289096,3.2908921
23.5,120.5,2006-04-01,2006-08-04,125,25,24.67258,26.84237,22.68192,88.03086,1.7991693,10.668945,94.13383,80.306885,2.5550041,1.2154458
22.5,121.5,2006-04-01,2006-08-04,125,25,27.649513,28.42704,27.004902,85.96456,4.821173,4.6557617,89.03101,82.37249,6.023963,3.6346047
22.5,120.5,2006-04-01,2006-08-04,125,25,26.663792,27.84251,25.668228,87.27875,2.694314,11.59668,91.25819,82.48142,3.7178826,1.8470334
22.5,121.5,2006-04-01,2006-08-05,126,25,27.666563,28.57621,26.98421,85.76057,4.621177,4.9121094,89.10432,81.86238,5.734876,3.536702
23.5,121.5,2006-04-01,2006-08-05,126,25,24.556484,26.15958,23.262505,87.66475,1.5252097,9.260254,92.27092,81.49092,2.3853035,0.8432785
24.5,120.5,2006-04-01,2006-08-05,126,25,26.930508,28.11315,25.921562,86.10125,3.9868925,9.382324,90.62137,81.265366,4.9580326,3.1313844
24.5,121.5,2006-04-01,2006-08-05,126,25,23.888184,25.668056,22.337896,87.41514,1.3008724,9.484863,93.25806,80.080055,1.8488808,0.7630626
23.5,120.5,2006-04-01,2006-08-05,126,25,24.562872,26.77329,22.660864,88.40894,1.6428118,15.449219,94.216866,80.73208,2.3088148,1.1080663
22.5,120.5,2006-04-01,2006-08-05,126,25,26.687616,28.060556,25.68457,87.24392,2.3769636,13.479004,91.70259,81.675934,3.3879414,1.4836607
23.5,121.5,2006-04-01,2006-08-06,127,25,24.443548,25.988575,23.250034,88.32588,1.4579468,11.003418,92.3783,82.38685,2.2553015,0.8927176
23.5,120.5,2006-04-01,2006-08-06,127,25,24.407845,26.666542,22.608192,89.08094,1.7367282,15.109863,94.501114,80.85678,2.584394,1.1497694
24.5,121.5,2006-04-01,2006-08-06,127,25,23.770266,25.727715,22.236553,87.941185,1.4421746,9.260254,93.59048,79.71968,2.0702894,0.8625687
22.5,120.5,2006-04-01,2006-08-06,127,25,26.590052,27.828562,25.545626,87.85241,2.6714957,19.052734,92.44206,82.3507,3.738302,1.8291276
22.5,121.5,2006-04-01,2006-08-06,127,25,27.626282,28.376108,27.038847,85.97015,4.3938975,6.315918,88.54017,82.374695,5.526182,3.2360466
24.5,120.5,2006-04-01,2006-08-06,127,25,26.784523,28.019932,25.778765,86.83547,3.9168627,7.158203,91.118225,81.673195,4.9186306,2.9430895
22.5,120.5,2006-04-01,2006-08-07,128,25,26.630705,28.007236,25.584595,87.68748,2.7513752,15.744629,91.921455,81.620476,3.8084612,1.9474716
22.5,121.5,2006-04-01,2006-08-07,128,25,27.602932,28.36838,26.990942,85.57681,4.393794,5.859375,88.732574,82.00477,5.5289135,3.1858845
23.5,120.5,2006-04-01,2006-08-07,128,25,24.54219,26.816124,22.627901,88.57059,1.7267518,14.111328,94.43877,79.83044,2.730423,1.0264834
24.5,120.5,2006-04-01,2006-08-07,128,25,26.922112,28.076807,25.894669,86.39435,4.161056,7.5317383,90.78365,81.63821,5.2447233,3.1774414
23.5,121.5,2006-04-01,2006-08-07,128,25,24.49844,26.039404,23.231339,88.286446,1.6146475,9.411621,92.78652,82.73402,2.4577112,0.83770424
24.5,121.5,2006-04-01,2006-08-07,128,25,23.862112,25.668106,22.37586,87.37088,1.5647339,10.166016,92.7794,80.491844,2.2511485,0.9364306
24.5,121.5,2006-04-01,2006-08-08,129,25,23.743746,25.46172,22.208258,87.63195,1.9411399,13.557129,93.24316,80.695274,2.8122048,1.2137156
23.5,121.5,2006-04-01,2006-08-08,129,25,24.450405,25.823437,23.21979,87.64705,1.8414526,15.046387,91.56628,82.74541,2.700351,1.0616062
24.5,120.5,2006-04-01,2006-08-08,129,25,26.93431,28.142359,25.945274,86.48657,4.3222804,7.9956055,90.209724,81.95712,5.6874766,3.1098046
22.5,120.5,2006-04-01,2006-08-08,129,25,26.741615,28.024033,25.754341,87.13826,2.8419845,16.264648,90.98951,81.73659,4.053097,1.735518
23.5,120.5,2006-04-01,2006-08-08,129,25,24.586206,26.785172,22.742447,88.685936,1.8140286,22.373047,94.43973,80.500725,2.7799737,1.0784545
22.5,121.5,2006-04-01,2006-08-08,129,25,27.606401,28.338818,26.98379,85.80894,4.7871795,10.505371,88.88875,82.42788,6.6250963,3.147823
23.5,121.5,2006-04-01,2006-08-09,130,25,24.385918,25.842232,23.189322,87.54212,2.0873115,12.836914,92.18171,81.07716,3.061169,1.2391354
23.5,120.5,2006-04-01,2006-08-09,130,25,24.596836,26.929644,22.645767,88.21436,1.9295228,16.594238,94.77085,78.93544,2.9939425,1.0373362
22.5,121.5,2006-04-01,2006-08-09,130,25,27.59539,28.393072,26.961782,85.9529,5.0945945,8.312988,89.003044,82.21201,6.784156,3.378513
24.5,121.5,2006-04-01,2006-08-09,130,25,23.633945,25.52827,21.973501,87.39843,1.9054976,10.715332,93.08245,79.77185,2.720582,1.1991504
22.5,120.5,2006-04-01,2006-08-09,130,25,26.728378,28.089956,25.641245,87.174675,2.7804594,13.637695,91.85836,80.963196,3.9489694,1.8442054
24.5,120.5,2006-04-01,2006-08-09,130,25,27.03914,28.418238,25.844908,85.85222,4.213291,9.455566,90.87734,80.28912,5.629746,2.9883153
22.5,121.5,2006-04-01,2006-08-10,131,25,27.587934,28.341646,26.993736,85.95594,4.4446793,8.706055,88.722244,82.48866,5.6204786,3.2386105
22.5,120.5,2006-04-01,2006-08-10,131,25,26.809107,28.332842,25.68542,86.64401,2.3864548,7.5195312,91.09746,80.270584,3.4722955,1.4564899
24.5,121.5,2006-04-01,2006-08-10,131,25,23.673325,25.508755,22.165493,87.205765,1.9148556,10.705566,93.10218,80.223335,2.7917309,1.1587566
24.5,120.5,2006-04-01,2006-08-10,131,25,27.12688,28.64313,25.905884,85.3794,4.07253,4.291992,90.71387,79.27719,5.6824255,2.461631
23.5,121.5,2006-04-01,2006-08-10,131,25,24.38977,25.703442,23.316046,87.82652,1.8136871,11.469727,91.605125,82.253624,2.6535428,1.0235472
23.5,120.5,2006-04-01,2006-08-10,131,25,24.712368,27.121021,22.74964,87.75318,1.6854434,8.129883,94.19914,78.13577,2.6438553,0.8555641
23.5,121.5,2006-04-01,2006-08-11,132,25,24.354897,25.870283,23.189028,87.27114,1.8487296,9.528809,91.689186,80.88856,2.6626759,1.232131
24.5,120.5,2006-04-01,2006-08-11,132,25,26.901617,28.339619,25.74913,86.22456,3.6286821,12.172852,91.15,80.04957,5.1698503,2.226322
24.5,121.5,2006-04-01,2006-08-11,132,25,23.424273,25.369463,21.856943,88.26525,1.6240354,12.20459,94.0984,80.276115,2.3984678,0.94295865
22.5,121.5,2006-04-01,2006-08-11,132,25,27.584429,28.367285,26.917221,85.565704,4.6063447,6.826172,89.00162,81.53382,5.894001,3.391416
22.5,120.5,2006-04-01,2006-08-11,132,25,26.709585,28.105654,25.670479,86.67348,2.201087,11.848145,91.39877,80.05072,3.1321826,1.438858
23.5,120.5,2006-04-01,2006-08-11,132,25,24.544624,26.843023,22.722584,87.97741,1.6289183,14.875488,94.38795,78.30856,2.4788344,1.0508264
23.5,121.5,2006-04-01,2006-08-12,133,25,24.376602,25.774014,23.292734,87.61321,1.6681894,9.191895,91.72196,81.47303,2.5258608,0.9312624
24.5,120.5,2006-04-01,2006-08-12,133,25,26.78709,28.044409,25.750917,86.7981,3.2664933,9.360352,91.46126,81.29076,4.3317714,2.1435084
24.5,121.5,2006-04-01,2006-08-12,133,25,23.574902,25.5573,22.053028,88.313576,1.6395062,12.839355,93.976524,80.13536,2.318533,0.97730476
23.5,120.5,2006-04-01,2006-08-12,133,25,24.446543,26.649101,22.789185,88.85411,1.6368093,15.183105,94.71956,80.2005,2.4811661,0.8966503
22.5,121.5,2006-04-01,2006-08-12,133,25,27.574823,28.305777,26.916157,85.56205,4.254963,6.652832,88.55169,81.92257,5.556662,2.9949677
22.5,120.5,2006-04-01,2006-08-12,133,25,26.682013,28.029503,25.70556,86.780945,2.2963457,13.55957,91.075264,80.65018,3.4124928,1.3859155
24.5,120.5,2006-04-01,2006-08-13,134,25,26.801355,28.076216,25.7775,87.12154,3.1448073,8.215332,91.45865,81.789406,4.3033924,2.0697882
23.5,121.5,2006-04-01,2006-08-13,134,25,24.35575,25.880165,23.208956,87.25317,1.6612412,15.5078125,91.59769,81.42778,2.5081573,1.0048814
24.5,121.5,2006-04-01,2006-08-13,134,25,23.690985,25.83019,22.059414,88.0699,1.8185784,13.674316,93.74225,79.99389,2.4475007,1.1837378
22.5,120.5,2006-04-01,2006-08-13,134,25,26.630827,27.946386,25.572779,87.18821,2.6665027,16.38916,91.83829,80.87069,3.8559806,1.5687474
22.5,121.5,2006-04-01,2006-08-13,134,25,27.431374,28.134756,26.830019,86.08659,4.235251,10.1171875,88.84959,82.8921,5.4571733,3.0294204
23.5,120.5,2006-04-01,2006-08-13,134,25,24.515104,26.740347,22.696949,88.894226,1.6294423,15.407715,94.879036,80.05964,2.515076,0.83188224
22.5,121.5,2006-04-01,2006-08-14,135,25,27.42542,28.1194,26.82102,85.588844,4.737822,10.168457,88.422424,82.42004,5.9304523,3.5157943
23.5,121.5,2006-04-01,2006-08-14,135,25,24.312393,25.763618,23.214605,87.395676,1.9597373,12.1484375,91.69744,82.0582,2.913523,1.302433
23.5,120.5,2006-04-01,2006-08-14,135,25,24.612705,26.939556,22.940805,88.56706,1.4519521,12.270508,94.1868,79.87277,2.212122,0.8711399
24.5,120.5,2006-04-01,2006-08-14,135,25,26.936182,28.290962,25.844166,86.18338,3.153841,5.773926,91.1406,80.08494,4.427712,1.8768849
24.5,121.5,2006-04-01,2006-08-14,135,25,23.464815,25.422134,21.936274,88.0983,1.7830659,11.804199,93.67407,79.934235,2.6587255,1.1026005
22.5,120.5,2006-04-01,2006-08-14,135,25,26.636963,28.070024,25.639238,86.70533,2.4887185,15.578613,90.670105,80.43557,3.320968,1.737742
22.5,120.5,2006-04-01,2006-08-15,136,25,26.746454,28.19752,25.632042,86.53442,2.0883317,14.228516,91.628525,79.85164,3.1284015,1.1629801
22.5,121.5,2006-04-01,2006-08-15,136,25,27.41751,28.012714,26.843481,85.87273,4.3448,9.846191,88.64182,83.04026,5.830444,2.8285809
23.5,120.5,2006-04-01,2006-08-15,136,25,24.60624,26.911114,22.701763,88.37102,1.5359606,15.244141,94.78977,79.1398,2.5471468,0.7381192
24.5,121.5,2006-04-01,2006-08-15,136,25,23.419249,25.248154,21.859413,88.62556,1.6243631,12.861328,94.47796,81.01278,2.7364259,0.6427031
23.5,121.5,2006-04-01,2006-08-15,136,25,24.194775,25.604395,23.079731,88.18837,1.9049385,14.133301,92.6942,82.085075,2.99407,0.92798525
24.5,120.5,2006-04-01,2006-08-15,136,25,26.931377,28.243769,25.814203,86.61228,2.8663745,7.6220703,91.54579,80.6624,4.3774667,1.5135145
22.5,120.5,2006-04-01,2006-08-16,137,25,26.771729,28.212954,25.642056,86.35751,2.3614492,14.067383,91.07878,80.24578,3.2506223,1.5971648
23.5,120.5,2006-04-01,2006-08-16,137,25,24.498995,26.706612,22.68102,88.46714,1.3082032,14.875488,94.55863,79.83936,2.0208776,0.70999396
24.5,120.5,2006-04-01,2006-08-16,137,25,26.791338,27.993853,25.81438,86.580185,2.7297273,7.824707,91.04048,80.793846,4.3577657,1.2532886
22.5,121.5,2006-04-01,2006-08-16,137,25,27.396181,28.006294,26.839859,85.90328,3.8405929,7.7783203,88.72207,82.86704,5.307359,2.350907
23.5,121.5,2006-04-01,2006-08-16,137,25,24.18958,25.532677,23.144941,87.8228,1.7891107,10.668945,91.79468,82.5897,2.6995533,1.010779
24.5,121.5,2006-04-01,2006-08-16,137,25,23.365673,25.25229,21.987686,88.06068,1.5422665,8.57666,93.51121,80.09399,2.411118,0.85424715
24.5,121.5,2006-04-01,2006-08-17,138,25,23.464739,25.700773,21.915987,87.68162,1.8884346,9.719238,93.28781,78.8088,2.8361633,1.0936397
23.5,121.5,2006-04-01,2006-08-17,138,25,24.255579,25.763899,23.147661,87.66856,1.8170682,12.954102,92.06987,81.92108,2.739648,0.89511114
24.5,120.5,2006-04-01,2006-08-17,138,25,26.784935,28.047009,25.740835,86.48992,3.2651658,6.1401367,91.20829,80.82703,4.7520647,1.8398867
22.5,120.5,2006-04-01,2006-08-17,138,25,26.709875,28.110695,25.692852,86.66666,2.4972064,11.525879,90.94034,81.04978,3.6383598,1.4235443
22.5,121.5,2006-04-01,2006-08-17,138,25,27.375051,28.111338,26.816626,85.986374,3.815236,12.802734,88.839874,82.68801,5.175746,2.4800482
23.5,120.5,2006-04-01,2006-08-17,138,25,24.54308,26.768898,22.76164,88.48329,1.4720752,12.971191,95.08772,79.8951,2.399608,0.73045945
23.5,120.5,2006-04-01,2006-08-18,139,25,24.485346,26.779316,22.702753,88.419846,1.4287076,15.056152,94.443634,79.55601,2.2831838,0.77270406
22.5,121.5,2006-04-01,2006-08-18,139,25,27.439116,28.207983,26.779766,85.43303,4.284064,11.843262,88.1409,81.890915,5.4890227,3.024973
22.5,120.5,2006-04-01,2006-08-18,139,25,26.666676,28.151173,25.57829,86.387695,2.8657568,20.67871,90.70113,80.06089,3.9562578,1.8731211
24.5,120.5,2006-04-01,2006-08-18,139,25,26.972612,28.335333,25.936827,85.54259,3.4707303,5.1586914,90.26753,79.8375,4.6254964,2.3319368
23.5,121.5,2006-04-01,2006-08-18,139,25,24.205307,25.730244,23.136314,87.58806,1.6658041,13.47168,91.98881,80.979675,2.634064,0.87377256
24.5,121.5,2006-04-01,2006-08-18,139,25,23.553217,25.603535,22.010454,87.12894,1.8344073,9.194336,93.57471,78.02738,2.6257663,1.2207794
24.5,121.5,2006-04-01,2006-08-19,140,25,23.548443,25.563868,21.95848,87.59207,1.6788977,9.191895,94.02134,78.81861,2.3784945,1.0993623
23.5,121.5,2006-04-01,2006-08-19,140,25,24.223658,25.724127,23.048897,87.670975,1.700335,12.419434,92.231895,81.15005,2.4966173,0.88508064
22.5,120.5,2006-04-01,2006-08-19,140,25,26.632349,27.991098,25.563955,86.86629,2.5854397,13.151855,91.63068,80.52245,3.6684399,1.6000098
23.5,120.5,2006-04-01,2006-08-19,140,25,24.530024,26.924063,22.557701,88.36364,1.6102583,11.477051,94.89771,78.714905,2.4963953,0.94876784
24.5,120.5,2006-04-01,2006-08-19,140,25,26.951178,28.298866,25.914097,85.98531,3.426307,6.4453125,91.14656,79.6479,4.696866,2.0653656
22.5,121.5,2006-04-01,2006-08-19,140,25,27.440825,28.232847,26.774063,85.76053,4.3199787,11.77002,88.99811,81.67717,5.7405677,2.7558508
23.5,121.5,2006-04-01,2006-08-20,141,25,24.395653,25.895586,23.3285,87.61041,1.7193778,12.807617,92.1339,81.368034,2.521063,0.8428865
24.5,121.5,2006-04-01,2006-08-20,141,25,23.573328,25.503399,22.099575,88.04266,1.7103304,9.545898,93.93093,80.01612,2.348465,1.064405
24.5,120.5,2006-04-01,2006-08-20,141,25,26.984148,28.217304,25.987207,86.301994,3.5115385,5.2563477,90.659325,80.969345,4.7780876,2.4213154
23.5,120.5,2006-04-01,2006-08-20,141,25,24.603836,26.950508,22.78859,88.507324,1.5572547,11.057129,94.605194,79.12965,2.425443,0.8899627
22.5,121.5,2006-04-01,2006-08-20,141,25,27.440807,28.229664,26.831982,86.1608,4.666433,13.334961,89.25708,82.16468,6.06552,3.332577
22.5,120.5,2006-04-01,2006-08-20,141,25,26.683739,28.1916,25.668573,86.78785,2.80013,12.087402,91.22659,79.99474,3.6825442,1.9358428
22.5,120.5,2006-04-01,2006-08-21,142,25,26.641138,28.128847,25.574347,86.95211,2.5376518,17.53418,91.4212,80.013504,3.4057145,1.6500571
23.5,121.5,2006-04-01,2006-08-21,142,25,24.22608,25.684708,23.12352,87.391075,1.7429059,11.99707,91.5875,81.1552,2.5074973,1.1259948
23.5,120.5,2006-04-01,2006-08-21,142,25,24.487465,26.861256,22.515205,88.619896,1.4843172,17.70752,95.09805,78.910965,2.4150367,0.8126341
24.5,120.5,2006-04-01,2006-08-21,142,25,26.972212,28.367115,25.823408,85.79792,3.6166155,6.838379,90.77239,79.75325,4.7177773,2.448865
24.5,121.5,2006-04-01,2006-08-21,142,25,23.52987,25.619429,21.939302,87.55077,1.7009513,9.160156,93.749886,78.200966,2.3883364,1.142528
22.5,121.5,2006-04-01,2006-08-21,142,25,27.359203,28.06857,26.827559,85.891014,4.4441323,12.270508,88.50111,82.4697,5.625882,3.3102145
23.5,121.5,2006-04-01,2006-08-22,143,25,24.1784,25.507305,23.21351,87.92476,1.9682864,18.964844,92.11383,82.126045,2.974111,1.1535074
22.5,121.5,2006-04-01,2006-08-22,143,25,27.447756,28.087994,26.89373,85.62814,4.8223534,15.593262,88.43084,82.1007,6.301527,3.1728506
22.5,120.5,2006-04-01,2006-08-22,143,25,26.527267,27.803179,25.55605,87.674034,2.7118108,24.14795,92.055115,81.844734,3.6907141,1.7687585
23.5,120.5,2006-04-01,2006-08-22,143,25,24.412483,26.632774,22.743042,89.15551,1.5935401,18.415527,94.71042,80.49792,2.4572978,0.931173
24.5,120.5,2006-04-01,2006-08-22,143,25,26.85301,28.055038,25.86039,86.489365,3.5284138,9.577637,90.81216,81.63542,4.8702517,2.2701943
24.5,121.5,2006-04-01,2006-08-22,143,25,23.352835,25.067383,22.03602,88.6702,1.9121175,15.43457,93.81411,81.40626,2.7644062,1.2168052
22.5,121.5,2006-04-01,2006-08-23,144,25,27.444908,28.172949,26.811357,85.805565,4.71999,12.946777,89.19497,82.1979,6.0915446,3.4606366
22.5,120.5,2006-04-01,2006-08-23,144,25,26.53895,27.83019,25.573336,87.43165,2.8768563,21.582031,91.46218,81.71323,3.8108728,1.9791278
24.5,121.5,2006-04-01,2006-08-23,144,25,23.317583,24.977617,22.019691,88.83966,1.8058835,16.14746,93.723854,82.14517,2.6048725,1.151039
23.5,120.5,2006-04-01,2006-08-23,144,25,24.311,26.299288,22.743017,89.401924,1.804561,19.28711,94.6516,81.53603,2.5422323,1.2155241
24.5,120.5,2006-04-01,2006-08-23,144,25,26.683678,27.828081,25.725811,87.06787,3.5809238,12.243652,91.67504,81.72008,4.6899815,2.4964902
23.5,121.5,2006-04-01,2006-08-23,144,25,24.227348,25.648277,23.127022,87.7969,2.1618502,16.296387,91.94151,82.43247,3.1328173,1.2975284
24.5,120.5,2006-04-01,2006-08-24,145,25,26.808422,28.099337,25.878057,87.03107,3.0953803,11.699219,91.18486,81.431175,4.5666223,1.9584204
22.5,120.5,2006-04-01,2006-08-24,145,25,26.501978,27.755522,25.550747,87.402214,2.5056658,22.48291,91.455,81.698875,3.6851416,1.555471
22.5,121.5,2006-04-01,2006-08-24,145,25,27.348442,28.069712,26.758638,86.324005,4.605029,11.257324,89.31418,82.85602,5.929677,3.1796134
23.5,120.5,2006-04-01,2006-08-24,145,25,24.50319,26.698242,22.89691,88.636444,1.6666481,22.546387,94.24978,80.291306,2.396763,0.9715682
23.5,121.5,2006-04-01,2006-08-24,145,25,24.197798,25.50789,23.190956,88.38368,2.2814744,12.13623,92.41233,83.07084,3.3077154,1.3498572
24.5,121.5,2006-04-01,2006-08-24,145,25,23.446568,25.257408,22.182777,89.04277,1.7841676,12.2265625,93.77072,82.21515,2.801955,1.0067443
22.5,121.5,2006-04-01,2006-08-25,146,25,27.354399,28.002602,26.812794,86.10469,4.136564,7.404785,88.56982,83.01589,5.3041353,2.8425007
23.5,121.5,2006-04-01,2006-08-25,146,25,24.21358,25.544487,23.227367,88.171394,2.113893,9.621582,91.89564,83.08237,2.9356954,1.3368688
23.5,120.5,2006-04-01,2006-08-25,146,25,24.39438,26.529922,22.708906,88.853,1.450845,15.59082,94.80869,80.49249,2.2067847,0.80916494
24.5,120.5,2006-04-01,2006-08-25,146,25,26.669262,27.878124,25.709532,86.878525,3.0199716,7.976074,91.15305,81.84448,4.369046,1.8457069
24.5,121.5,2006-04-01,2006-08-25,146,25,23.36272,25.24896,21.918125,88.820045,1.674948,10.144043,94.13319,81.59484,2.5424955,0.9945888
22.5,120.5,2006-04-01,2006-08-25,146,25,26.552973,27.957031,25.545937,87.025856,2.0492857,17.614746,91.20623,80.6081,3.123156,1.1962693
23.5,121.5,2006-04-01,2006-08-26,147,25,24.255909,25.625034,23.191563,87.66126,1.9036938,11.784668,91.47303,82.311935,2.7836866,1.1794356
24.5,121.5,2006-04-01,2006-08-26,147,25,23.390009,25.348232,21.87856,88.13832,1.8437245,8.896484,93.76047,80.29836,2.9058557,1.0528091
24.5,120.5,2006-04-01,2006-08-26,147,25,26.7971,28.07589,25.727915,86.624626,3.1322117,5.456543,91.67763,80.75429,4.5486875,1.7339542
22.5,121.5,2006-04-01,2006-08-26,147,25,27.404228,27.995981,26.870049,85.25034,3.763104,10.014648,87.82702,82.14042,4.685288,2.8169165
22.5,120.5,2006-04-01,2006-08-26,147,25,26.635752,28.009869,25.660576,86.5477,2.000402,13.112793,90.94119,79.96626,2.8818102,1.1657587
23.5,120.5,2006-04-01,2006-08-26,147,25,24.394814,26.6912,22.61981,88.65502,1.336311,10.412598,95.04498,79.37403,2.1291466,0.7620845
24.5,121.5,2006-04-01,2006-08-27,148,25,23.447334,25.452988,21.829653,87.81896,1.6185172,6.6918945,93.91103,79.47083,2.607391,0.9126473
23.5,121.5,2006-04-01,2006-08-27,148,25,24.255478,25.71581,23.142788,86.83921,1.562586,6.789551,90.844475,80.859886,2.3545897,0.96191627
23.5,120.5,2006-04-01,2006-08-27,148,25,24.393349,26.891191,22.381138,88.518486,1.3009496,9.98291,95.14258,78.39086,2.1657286,0.6974894
24.5,120.5,2006-04-01,2006-08-27,148,25,26.846376,28.194786,25.704853,86.69593,2.826951,4.753418,91.707184,80.65512,4.156322,1.7818648
22.5,121.5,2006-04-01,2006-08-27,148,25,27.525478,28.222734,27.01523,84.64566,3.3798401,4.260254,87.40691,81.293335,4.6004453,2.282259
22.5,120.5,2006-04-01,2006-08-27,148,25,26.73626,28.158379,25.642466,86.06142,1.9684191,7.3120117,91.03658,79.64158,2.7550826,1.3191599
22.5,120.5,2006-04-01,2006-08-28,149,25,26.902124,28.683949,25.581459,85.55828,1.7125479,6.098633,91.3649,77.3395,2.6741292,0.84167945
24.5,120.5,2006-04-01,2006-08-28,149,25,26.962418,28.371527,25.922016,86.41247,2.9387,3.7670898,91.19085,80.002655,4.230654,1.6412395
22.5,121.5,2006-04-01,2006-08-28,149,25,27.633745,28.37311,27.033598,84.425255,3.0953503,4.4335938,87.67338,80.72154,4.13593,1.988635
23.5,120.5,2006-04-01,2006-08-28,149,25,24.485893,27.084183,22.427788,88.52584,1.2887917,7.4243164,95.51711,77.50411,2.1417098,0.65021795
23.5,121.5,2006-04-01,2006-08-28,149,25,24.474077,26.102697,23.219088,86.40494,1.5224234,5.810547,91.571465,78.93738,2.2495413,0.9249994
24.5,121.5,2006-04-01,2006-08-28,149,25,23.50933,25.515745,21.99348,87.52634,1.6356647,6.730957,93.6567,78.3484,2.509022,0.98265666
24.5,121.5,2006-04-01,2006-08-29,150,25,23.570786,25.536098,22.065908,87.045746,1.5291224,6.4941406,93.17732,78.56598,2.3534155,0.83703035
22.5,120.5,2006-04-01,2006-08-29,150,25,26.919615,28.603365,25.813784,85.48524,1.9013476,5.2246094,90.450615,77.88914,2.8679647,1.0786611
24.5,120.5,2006-04-01,2006-08-29,150,25,27.038383,28.463207,25.922392,85.806786,3.082209,3.737793,90.81753,79.69905,4.390662,1.7048349
22.5,121.5,2006-04-01,2006-08-29,150,25,27.73307,28.579327,27.049839,84.256355,3.621521,4.1625977,87.98421,79.965034,4.87418,2.2481892
23.5,120.5,2006-04-01,2006-08-29,150,25,24.584087,27.075161,22.653252,88.37043,1.2861325,6.694336,94.96599,78.205734,2.0715408,0.6795717
23.5,121.5,2006-04-01,2006-08-29,150,25,24.437954,26.050083,23.255621,86.335335,1.7350018,6.633301,91.30307,79.449394,2.7314005,1.0430225
22.5,120.5,2006-04-01,2006-08-30,151,25,27.039343,28.726822,25.801811,85.24316,1.9607507,8.012695,90.754906,77.49734,3.0471754,1.1874622
24.5,121.5,2006-04-01,2006-08-30,151,25,23.517996,25.43604,22.020874,87.46762,1.8098857,9.995117,93.380165,79.305664,2.611268,1.1517951
24.5,120.5,2006-04-01,2006-08-30,151,25,26.996649,28.4244,25.868174,85.71096,3.4419775,3.7792969,90.82522,79.43107,4.937628,2.0450416
23.5,120.5,2006-04-01,2006-08-30,151,25,24.64569,27.131664,22.70478,87.992226,1.4191326,7.98584,94.47426,77.83974,2.3657603,0.6778575
23.5,121.5,2006-04-01,2006-08-30,151,25,24.538757,26.093384,23.328785,85.84696,1.8668349,9.299316,90.786415,78.76418,2.834509,1.02257
22.5,121.5,2006-04-01,2006-08-30,151,25,27.832195,28.61817,27.128687,83.93205,3.7008526,8.547363,87.489494,79.98945,4.8503623,2.4554935
24.5,121.5,2006-04-01,2006-08-31,152,25,23.368338,25.105566,22.00246,88.28714,2.1149561,21.391602,93.75229,80.392624,2.9538696,1.3043048
23.5,121.5,2006-04-01,2006-08-31,152,25,24.366266,25.77776,23.328789,87.16189,1.9746763,16.254883,91.34312,81.06057,2.892526,1.1904875
23.5,120.5,2006-04-01,2006-08-31,152,25,24.525642,26.716059,22.834389,88.80933,1.6878424,9.96582,94.88425,79.96861,2.6165328,0.92627335
24.5,120.5,2006-04-01,2006-08-31,152,25,26.961267,28.26329,25.93559,85.78771,4.3607006,8.161621,90.49759,79.97106,5.7918634,2.9685721
22.5,121.5,2006-04-01,2006-08-31,152,25,27.631208,28.400864,27.013634,85.01151,4.444978,12.285156,87.949295,81.528175,5.5699434,3.041618
22.5,120.5,2006-04-01,2006-08-31,152,25,26.88697,28.283403,25.859547,85.80291,2.2210712,10.546875,90.665146,79.46392,2.9714441,1.5033355
