latitude,longitude,init_date,valid_date,lead_day,ens_n,t2m_C,t2m_C_max,t2m_C_min,rh_pct,wind_mps,tp_mm_mean,rh_pct_max,rh_pct_min,wind_mps_max,wind_mps_min
22.0,120.0,2014-02-01,2014-02-01,0,25,22.083735,23.38316,21.314922,74.07551,4.259518,0.0,81.05791,63.637936,4.723329,3.8453383
23.0,120.0,2014-02-01,2014-02-01,0,25,20.795677,21.977812,20.105915,75.41422,2.983561,0.0,81.531425,64.943,3.39248,2.60895
24.0,120.0,2014-02-01,2014-02-01,0,25,19.11207,20.429789,18.25922,79.45791,2.8572104,0.0,84.85787,70.220436,3.2315345,2.4610538
25.0,122.0,2014-02-01,2014-02-01,0,25,20.077324,20.323763,19.887072,81.37065,1.458775,0.0,85.62691,76.76457,1.8801558,1.0311763
25.0,121.0,2014-02-01,2014-02-01,0,25,17.945278,19.621954,16.925539,83.797264,1.6008283,0.0,89.58315,73.34191,2.0239632,1.2160249
23.0,121.0,2014-02-01,2014-02-01,0,25,19.44688,21.598442,18.09503,75.6219,1.5708505,0.0,84.42425,59.67406,1.8658137,1.3089066
24.0,122.0,2014-02-01,2014-02-01,0,25,19.91754,20.715044,19.28699,77.17599,1.0090005,0.0,83.38774,67.69638,1.3525869,0.67495203
24.0,121.0,2014-02-01,2014-02-01,0,25,17.765926,20.04963,16.40717,79.630585,1.3984466,0.0,87.88486,64.52786,1.6971074,1.0778393
23.0,122.0,2014-02-01,2014-02-01,0,25,20.120386,21.11464,19.403366,81.15699,3.4057639,0.0,87.233635,70.476845,3.7791996,3.1079059
22.0,122.0,2014-02-01,2014-02-01,0,25,22.713926,22.940351,22.506382,84.67793,6.9979496,0.0,89.2423,79.632286,7.395977,6.5309725
25.0,120.0,2014-02-01,2014-02-01,0,25,16.381926,19.378502,14.215167,84.900566,1.0532933,0.0,92.952484,70.24982,1.5503223,0.57042867
22.0,121.0,2014-02-01,2014-02-01,0,25,22.038967,23.153696,21.38147,78.754074,4.97631,0.0,86.01713,67.63654,5.3965664,4.543207
25.0,122.0,2014-02-01,2014-02-02,1,25,20.741705,21.20354,20.234089,87.06894,2.909426,1.957848,89.7607,85.04276,3.7208471,1.9461708
24.0,120.0,2014-02-01,2014-02-02,1,25,19.65419,20.527676,18.99738,83.2222,2.9731457,0.8602188,89.72825,77.0544,4.0687733,1.7076794
24.0,122.0,2014-02-01,2014-02-02,1,25,20.807405,21.74128,20.213385,86.55869,2.313283,7.521679,89.83127,83.29584,3.0293827,1.419635
23.0,120.0,2014-02-01,2014-02-02,1,25,21.068087,21.832304,20.575699,82.03665,2.8419487,3.2064435,88.426865,76.225266,3.605633,1.8943846
24.0,121.0,2014-02-01,2014-02-02,1,25,18.718575,20.405106,17.733566,88.22074,1.5665509,6.1658382,93.43067,81.59768,2.322176,0.8430456
22.0,122.0,2014-02-01,2014-02-02,1,25,23.125208,23.33959,22.899023,90.10997,4.5160213,8.317921,91.53396,88.54033,6.1234045,2.4119337
25.0,120.0,2014-02-01,2014-02-02,1,25,16.561035,19.334965,14.901354,87.359924,1.9506712,0.4604909,94.88971,74.18137,2.6017916,1.32924
22.0,120.0,2014-02-01,2014-02-02,1,25,22.06522,22.73399,21.561518,82.48451,3.7304096,3.4789464,86.30891,78.41408,4.5041256,2.8226783
23.0,121.0,2014-02-01,2014-02-02,1,25,20.131882,21.701109,19.297379,86.963936,1.3891739,8.540034,92.22928,80.47628,1.8437624,0.9340117
25.0,121.0,2014-02-01,2014-02-02,1,25,18.670069,19.834452,17.826876,88.71087,2.3903031,0.61737275,93.30953,83.31243,3.1942167,1.5550946
22.0,121.0,2014-02-01,2014-02-02,1,25,22.40771,23.062403,21.93146,87.006386,3.361942,4.26522,90.21917,83.043,4.3013663,2.238811
23.0,122.0,2014-02-01,2014-02-02,1,25,20.847345,21.73516,20.34024,90.014275,2.4858766,12.575622,92.63769,87.11749,3.545964,1.2570752
24.0,122.0,2014-02-01,2014-02-03,2,25,19.670446,21.085064,18.128927,82.74675,5.368938,5.6332207,87.48703,78.46369,6.6936297,4.0531974
25.0,122.0,2014-02-01,2014-02-03,2,25,19.56429,20.334223,18.3984,83.12833,7.180625,2.4501374,88.63762,79.63179,9.663504,4.802401
23.0,121.0,2014-02-01,2014-02-03,2,25,19.560442,21.86687,17.97505,84.749664,2.5767038,4.933443,89.42621,75.855965,3.1649497,1.8825625
24.0,120.0,2014-02-01,2014-02-03,2,25,19.354942,20.708618,18.318317,84.966805,6.6052885,0.16182464,89.267,78.87932,9.586472,3.710977
22.0,121.0,2014-02-01,2014-02-03,2,25,22.28147,23.691137,21.234629,84.49027,4.4626727,4.6763806,88.43352,79.53123,6.4625273,2.6731777
25.0,121.0,2014-02-01,2014-02-03,2,25,18.036264,19.484085,16.82065,85.797615,6.4240413,0.8568339,92.38082,80.66345,9.380372,3.0039806
22.0,120.0,2014-02-01,2014-02-03,2,25,22.138828,23.360523,21.376196,81.79584,4.2092743,3.6415246,85.79587,75.80421,5.4950337,3.0299325
23.0,120.0,2014-02-01,2014-02-03,2,25,20.79111,22.327099,19.71692,84.24209,4.6112514,1.0466388,88.02439,77.68711,6.277126,3.4810421
25.0,120.0,2014-02-01,2014-02-03,2,25,16.419886,19.424894,14.738317,84.85983,5.91416,0.37354988,92.99078,72.84355,9.359853,2.5971744
23.0,122.0,2014-02-01,2014-02-03,2,25,20.193838,21.40788,18.958776,85.33039,5.099341,5.586806,90.11106,81.95085,6.617468,2.9518023
22.0,122.0,2014-02-01,2014-02-03,2,25,22.915972,23.388882,22.219887,85.20222,6.8214235,5.3318505,89.24079,80.613884,9.925131,3.1523511
24.0,121.0,2014-02-01,2014-02-03,2,25,18.126068,20.247461,16.59798,85.46999,4.6269655,4.030891,90.964134,77.053116,6.4075527,2.487034
22.0,122.0,2014-02-01,2014-02-04,3,25,21.407997,21.82769,20.959322,77.77449,10.857967,5.2669873,79.83236,75.89269,11.6488695,10.159191
24.0,121.0,2014-02-01,2014-02-04,3,25,16.351526,17.848038,15.373253,81.77041,6.97065,11.097065,85.60898,74.532814,7.8908234,5.7167335
24.0,122.0,2014-02-01,2014-02-04,3,25,17.18506,18.000158,16.463127,81.93235,7.2533345,16.816288,84.19958,78.90624,7.973062,6.29708
23.0,120.0,2014-02-01,2014-02-04,3,25,19.204235,20.17199,18.387432,81.54349,7.6138487,4.7156396,84.92465,76.00313,8.230107,6.9411793
22.0,121.0,2014-02-01,2014-02-04,3,25,20.808332,21.80275,19.963507,79.030525,7.0978703,5.1377645,82.1324,73.649025,7.58333,6.5952263
22.0,120.0,2014-02-01,2014-02-04,3,25,21.005842,22.057905,20.160074,79.43317,6.944236,6.4521656,82.3679,73.84643,7.6517377,6.2724223
25.0,122.0,2014-02-01,2014-02-04,3,25,17.339708,17.790909,16.966637,77.90931,10.792098,10.004154,79.38879,76.44466,11.64596,9.678359
25.0,121.0,2014-02-01,2014-02-04,3,25,16.517715,17.218142,15.965543,77.67056,10.483221,4.3149724,80.9452,73.32855,11.497974,8.997683
24.0,120.0,2014-02-01,2014-02-04,3,25,18.029085,18.823605,17.401573,80.1008,11.337198,3.45245,83.649704,75.464386,12.39525,10.06525
23.0,121.0,2014-02-01,2014-02-04,3,25,17.522034,19.196085,16.302916,83.25767,3.4363012,12.394157,87.37766,75.08056,3.8824482,3.0379193
23.0,122.0,2014-02-01,2014-02-04,3,25,18.121475,19.006739,17.3113,81.83408,7.0889525,12.526041,84.45746,77.99693,7.788814,6.3919244
25.0,120.0,2014-02-01,2014-02-04,3,25,14.32043,15.302774,13.539943,77.82904,10.51871,2.1084177,81.66099,72.621735,11.375736,9.318106
25.0,121.0,2014-02-01,2014-02-05,4,25,18.230364,19.110798,17.401016,82.046875,4.6891503,3.5233161,87.16409,76.76235,7.019306,2.8756733
24.0,120.0,2014-02-01,2014-02-05,4,25,18.54543,19.20605,18.06818,83.618965,5.456031,3.035607,87.66937,79.040306,8.132293,2.4546866
23.0,121.0,2014-02-01,2014-02-05,4,25,17.396706,18.491924,16.571373,83.75193,2.9826994,7.045598,87.253136,77.492455,3.4547315,2.5032845
25.0,120.0,2014-02-01,2014-02-05,4,25,15.164861,16.23562,14.309274,83.44043,6.0326977,3.6451383,89.31235,76.815834,8.018436,3.4740784
25.0,122.0,2014-02-01,2014-02-05,4,25,19.433552,20.118874,18.39218,76.59176,8.700109,4.9626393,79.741394,73.31009,9.502499,7.849433
22.0,121.0,2014-02-01,2014-02-05,4,25,20.733889,21.341782,20.101954,79.49112,7.094855,3.1870697,83.1252,74.729095,7.7189317,6.4263
22.0,122.0,2014-02-01,2014-02-05,4,25,21.615053,22.05667,21.067827,76.54491,9.8248625,3.6891599,79.36685,74.16538,11.299264,8.570885
24.0,121.0,2014-02-01,2014-02-05,4,25,16.671158,17.823257,15.937809,85.269684,2.4407458,7.079148,89.50355,79.44441,4.514693,0.6826205
23.0,122.0,2014-02-01,2014-02-05,4,25,18.277462,18.777502,17.588438,80.53237,5.764615,7.542843,83.04796,77.77025,7.001386,4.7800703
23.0,120.0,2014-02-01,2014-02-05,4,25,19.2776,19.878899,18.741476,82.13612,4.718844,2.9796643,85.42623,77.30791,6.2212486,3.4294162
24.0,122.0,2014-02-01,2014-02-05,4,25,17.89006,18.405241,17.06115,79.47244,5.9746556,8.523698,81.97601,76.49805,6.6246424,5.3783026
22.0,120.0,2014-02-01,2014-02-05,4,25,21.07918,21.692446,20.389772,79.83544,7.949209,2.6276634,83.106,75.21109,8.549373,7.3178844
22.0,121.0,2014-02-01,2014-02-06,5,25,22.320616,23.518208,21.36329,83.297165,5.52196,2.3307922,89.39349,76.39131,6.632818,4.291629
23.0,122.0,2014-02-01,2014-02-06,5,25,20.163563,21.263847,19.090168,83.365585,5.1338453,3.1224945,88.66375,77.54197,5.903255,4.1587996
24.0,120.0,2014-02-01,2014-02-06,5,25,19.955385,20.964521,18.804235,86.999886,3.000307,5.1337175,91.95743,81.07768,4.396344,1.6553339
25.0,121.0,2014-02-01,2014-02-06,5,25,18.713707,19.847404,17.825329,88.05466,2.218347,6.51563,92.31797,82.59255,3.556886,1.1871048
23.0,121.0,2014-02-01,2014-02-06,5,25,19.393965,21.695385,17.924385,85.26309,3.126168,3.051503,92.05354,74.69364,4.264334,2.023005
22.0,122.0,2014-02-01,2014-02-06,5,25,23.090622,23.529541,22.454483,81.58772,7.4354296,2.4012115,86.28223,77.56005,8.79979,6.434873
25.0,122.0,2014-02-01,2014-02-06,5,25,20.5151,21.02228,19.884308,83.81833,5.617532,6.0400896,88.13797,79.77732,7.5287185,3.9107277
23.0,120.0,2014-02-01,2014-02-06,5,25,21.18502,22.611645,19.913004,85.203415,3.883882,3.727334,91.71679,76.83566,5.256492,2.4661503
25.0,120.0,2014-02-01,2014-02-06,5,25,16.95663,18.846292,15.357555,88.61404,2.057743,6.04049,94.31587,80.105446,3.4517558,0.85095924
24.0,121.0,2014-02-01,2014-02-06,5,25,18.17131,20.014364,16.817429,87.067276,1.9682938,4.4580965,92.228195,78.87428,2.7741883,1.1872458
24.0,122.0,2014-02-01,2014-02-06,5,25,19.9904,21.118647,18.843596,82.80311,6.1317763,3.9820604,88.04741,77.02988,7.395582,4.4244075
22.0,120.0,2014-02-01,2014-02-06,5,25,22.579897,23.842125,21.641626,84.4721,5.8184357,1.9105079,90.49936,77.489334,7.387044,3.9311903
25.0,121.0,2014-02-01,2014-02-07,6,25,17.488903,19.579046,14.998331,86.69846,6.500689,10.049073,90.15312,82.99644,9.300377,3.5395977
24.0,122.0,2014-02-01,2014-02-07,6,25,19.485815,21.414082,17.579245,85.298805,5.7832794,5.5566187,89.2086,80.724495,7.67885,3.5168345
22.0,120.0,2014-02-01,2014-02-07,6,25,22.42049,23.97146,21.051855,86.400345,3.4674466,2.0825741,90.71161,79.887794,4.7235923,2.180541
22.0,121.0,2014-02-01,2014-02-07,6,25,22.406416,23.916632,21.038227,86.491875,4.221825,2.0143483,90.7683,80.3956,5.400157,3.098194
24.0,120.0,2014-02-01,2014-02-07,6,25,19.34322,20.90498,17.393307,88.626366,5.819121,6.641557,92.05023,84.45362,8.94578,3.0238254
23.0,120.0,2014-02-01,2014-02-07,6,25,20.819687,22.569355,19.110767,88.17624,4.0332985,3.256738,92.232666,81.4713,6.1048217,2.1581054
25.0,122.0,2014-02-01,2014-02-07,6,25,18.887459,20.50855,16.677433,84.92321,7.939687,7.970369,88.259544,81.02732,10.950222,4.5645695
25.0,120.0,2014-02-01,2014-02-07,6,25,15.939505,18.38276,13.397335,87.928246,5.6774807,8.668363,92.37564,82.7017,8.202432,3.0408258
23.0,122.0,2014-02-01,2014-02-07,6,25,20.412006,22.131758,18.860588,86.50353,5.08585,3.939779,90.238106,81.44681,7.039728,3.1248202
22.0,122.0,2014-02-01,2014-02-07,6,25,23.274754,23.90183,22.289175,86.3532,7.0340924,1.6881534,89.68676,83.3571,8.647316,5.6867113
23.0,121.0,2014-02-01,2014-02-07,6,25,19.54516,22.289955,17.601168,86.7848,2.556865,4.263913,91.7033,76.222374,3.5687644,1.4527504
24.0,121.0,2014-02-01,2014-02-07,6,25,18.071726,20.57334,15.88841,87.16292,4.3335676,7.6445556,91.47178,80.245735,6.312354,2.1273699
22.0,120.0,2014-02-01,2014-02-08,7,25,20.37781,21.646753,19.196846,84.10415,4.49756,6.5628743,87.91696,79.471535,6.1199956,2.8541272
22.0,122.0,2014-02-01,2014-02-08,7,25,20.75267,21.682808,19.815445,79.86941,9.0916395,2.6992347,83.52887,76.400536,10.9682,6.8340735
25.0,120.0,2014-02-01,2014-02-08,7,25,11.978848,12.739918,11.142438,81.32935,9.084275,8.775074,84.539925,78.53485,9.564239,8.435265
25.0,122.0,2014-02-01,2014-02-08,7,25,15.093405,15.953688,14.428283,77.48343,10.010959,8.516152,79.67563,75.078354,11.030151,8.724147
23.0,122.0,2014-02-01,2014-02-08,7,25,17.415203,18.618145,16.067823,82.22988,6.9582973,8.289616,85.14799,79.17545,8.374179,5.3708525
22.0,121.0,2014-02-01,2014-02-08,7,25,20.220161,21.391918,19.010494,82.55027,5.5886717,4.276383,86.655266,78.304855,6.897836,4.123559
23.0,120.0,2014-02-01,2014-02-08,7,25,17.962336,19.043428,16.880255,83.948,6.992011,6.088364,87.19586,80.26053,7.857688,5.8905125
24.0,121.0,2014-02-01,2014-02-08,7,25,14.635013,15.845348,13.3771305,83.993385,7.010529,11.898225,86.12951,81.27264,7.7213335,6.1184607
23.0,121.0,2014-02-01,2014-02-08,7,25,16.882761,18.601355,15.246588,85.08633,3.4487395,9.858983,88.29223,80.14297,4.132222,2.6977253
24.0,122.0,2014-02-01,2014-02-08,7,25,16.000322,17.117302,14.804737,81.07301,7.273623,10.071271,82.9803,79.27701,8.340986,5.797869
25.0,121.0,2014-02-01,2014-02-08,7,25,13.74193,14.504884,13.063346,80.228615,9.658507,10.323364,82.64025,78.337425,10.297747,8.885466
24.0,120.0,2014-02-01,2014-02-08,7,25,15.712292,16.636578,14.901911,82.876686,10.554675,8.137562,85.28328,80.88323,11.443049,9.319006
24.0,120.0,2014-02-01,2014-02-09,8,25,15.534918,16.126226,14.855846,81.20632,9.653433,7.287462,84.002655,78.10964,10.6310215,8.645672
23.0,122.0,2014-02-01,2014-02-09,8,25,16.501413,17.09005,15.731632,79.51255,6.024451,8.099859,81.69939,77.315056,6.8796825,5.151285
22.0,121.0,2014-02-01,2014-02-09,8,25,19.237337,19.917301,18.53984,78.89055,6.0025477,4.0013485,81.914055,75.05421,6.835648,5.252466
24.0,122.0,2014-02-01,2014-02-09,8,25,15.5224,16.170914,14.603521,79.31314,6.1489534,10.306699,81.8659,76.970116,6.9489355,5.338566
25.0,121.0,2014-02-01,2014-02-09,8,25,14.265092,14.958043,13.372692,79.15073,8.660589,9.801729,82.54701,75.86336,9.570998,7.81872
22.0,120.0,2014-02-01,2014-02-09,8,25,19.412867,20.15491,18.670822,80.11819,6.0715637,6.10092,83.52047,75.96044,6.9374824,5.189349
25.0,120.0,2014-02-01,2014-02-09,8,25,11.861394,12.533238,11.078409,79.82685,8.649733,7.517641,83.813965,75.77461,9.317438,7.9688835
24.0,121.0,2014-02-01,2014-02-09,8,25,14.054154,14.938995,13.207262,82.72905,5.8606367,10.011214,85.264435,79.26109,6.6257877,5.1126156
22.0,122.0,2014-02-01,2014-02-09,8,25,20.024,20.55812,19.47775,76.19654,8.808974,3.720568,78.45303,74.32619,9.975571,7.7340503
25.0,122.0,2014-02-01,2014-02-09,8,25,15.716783,16.524591,14.786515,75.90821,8.462424,10.104101,78.59868,73.23422,9.47427,7.4059277
23.0,121.0,2014-02-01,2014-02-09,8,25,15.715335,16.811182,14.780944,82.416435,3.2575305,8.375967,85.56774,77.840164,3.814023,2.7275274
23.0,120.0,2014-02-01,2014-02-09,8,25,17.199886,17.927715,16.551676,80.903595,6.7747235,5.645979,84.10328,76.90225,7.6308317,5.935021
22.0,122.0,2014-02-01,2014-02-10,9,25,20.547888,21.18938,19.657106,77.84445,8.487126,8.022376,81.07362,74.616516,11.015156,6.046644
23.0,121.0,2014-02-01,2014-02-10,9,25,16.12015,17.702545,14.804591,82.86245,3.45375,8.367454,87.05124,77.23495,4.4850426,2.4316688
24.0,121.0,2014-02-01,2014-02-10,9,25,14.252968,15.595651,13.015807,82.69179,6.1507783,8.936853,85.75721,79.134865,7.5254602,4.682279
25.0,120.0,2014-02-01,2014-02-10,9,25,11.83565,12.853249,10.699796,79.52083,8.792959,5.8505735,83.27826,75.90464,9.665844,7.6078844
23.0,120.0,2014-02-01,2014-02-10,9,25,17.149668,18.153429,16.13609,80.74226,7.605985,5.138369,84.36863,76.55006,8.935863,6.094553
22.0,121.0,2014-02-01,2014-02-10,9,25,19.500256,20.483427,18.483814,79.413475,5.6347475,6.05281,83.01492,75.03613,7.401939,4.0764155
24.0,122.0,2014-02-01,2014-02-10,9,25,16.079851,17.105959,14.870875,81.47962,6.7523265,12.269812,84.68053,78.22033,8.574872,4.77985
25.0,122.0,2014-02-01,2014-02-10,9,25,15.934288,16.948366,14.827462,78.21679,9.562933,11.643345,81.50444,74.99584,11.594767,7.043878
24.0,120.0,2014-02-01,2014-02-10,9,25,15.281926,16.210436,14.2946205,80.602264,10.593344,5.724746,83.69769,77.59599,12.114925,8.676242
23.0,122.0,2014-02-01,2014-02-10,9,25,17.165716,18.145128,15.978668,81.12668,6.0761757,10.332213,84.46257,77.75707,7.9296207,4.2635913
22.0,120.0,2014-02-01,2014-02-10,9,25,19.330923,20.427671,18.209522,80.42472,5.919196,6.0985284,84.53826,76.02967,7.4294143,4.334989
25.0,121.0,2014-02-01,2014-02-10,9,25,14.1262245,15.1957,12.932574,79.36901,9.457127,8.332721,82.60884,76.499504,10.708981,7.6517806
25.0,121.0,2014-02-01,2014-02-11,10,25,13.278555,13.951534,12.583087,76.88707,9.663174,6.1940684,80.52202,73.74875,10.499944,8.651272
23.0,121.0,2014-02-01,2014-02-11,10,25,15.044041,16.471672,13.918092,81.36599,3.9738598,7.632268,84.693054,76.15697,4.5250916,3.452158
23.0,122.0,2014-02-01,2014-02-11,10,25,16.043219,16.893726,15.18151,80.00182,7.6727495,7.724336,83.11572,77.064156,8.712739,6.4041967
23.0,120.0,2014-02-01,2014-02-11,10,25,16.279417,17.024483,15.598111,78.85895,7.775704,3.8382456,82.00077,75.29636,8.5163965,6.9644446
22.0,121.0,2014-02-01,2014-02-11,10,25,18.535015,19.336031,17.74341,77.99294,6.924161,3.559143,81.28603,74.26567,7.749799,6.136404
22.0,120.0,2014-02-01,2014-02-11,10,25,18.330633,19.092087,17.610504,78.67645,6.1846595,4.395973,82.02582,75.10678,7.157495,5.195203
25.0,122.0,2014-02-01,2014-02-11,10,25,14.981316,15.651515,14.339034,76.02402,10.520247,8.572782,79.53165,72.47764,11.736809,8.9649105
24.0,122.0,2014-02-01,2014-02-11,10,25,14.952097,15.772677,14.136876,79.95841,7.8301196,10.5406885,83.337135,76.54371,8.818416,6.5934143
24.0,121.0,2014-02-01,2014-02-11,10,25,13.231214,14.312672,12.4030285,80.939095,6.9907207,8.152344,83.97038,77.01722,7.697544,6.1787496
24.0,120.0,2014-02-01,2014-02-11,10,25,14.464931,15.018258,13.858703,78.46546,10.884058,4.37505,81.46868,75.648026,11.72546,9.860912
25.0,120.0,2014-02-01,2014-02-11,10,25,11.217327,12.015568,10.390314,76.02288,9.120451,4.4293895,80.62586,71.45792,9.786803,8.445225
22.0,122.0,2014-02-01,2014-02-11,10,25,19.536148,20.132471,18.90942,76.78581,10.5826645,3.648121,80.307556,73.78845,11.824121,9.262752
23.0,122.0,2014-02-01,2014-02-12,11,25,15.962207,16.642721,15.203381,78.84019,6.585885,8.286354,82.07125,75.079475,7.766646,5.459398
22.0,122.0,2014-02-01,2014-02-12,11,25,19.490686,19.919548,18.974468,74.83668,9.503905,4.72419,77.961525,71.9006,11.016213,7.968742
24.0,120.0,2014-02-01,2014-02-12,11,25,14.89758,15.5838,14.160362,79.2124,9.854476,4.9833612,82.70624,75.19629,11.055908,8.298794
24.0,121.0,2014-02-01,2014-02-12,11,25,13.437796,14.604469,12.548375,81.303734,6.077927,8.597711,84.90174,76.27064,7.0389185,4.9522233
25.0,121.0,2014-02-01,2014-02-12,11,25,13.951169,14.692038,13.041891,78.060646,8.86315,8.146699,81.50551,74.33407,10.012717,7.5983443
22.0,120.0,2014-02-01,2014-02-12,11,25,18.454287,19.443087,17.727676,76.71959,6.171843,3.8371212,80.54015,71.71087,7.293232,5.071246
22.0,121.0,2014-02-01,2014-02-12,11,25,18.50663,19.380783,17.77653,76.10431,6.221712,3.7195523,79.973656,71.383194,7.376484,5.2082973
25.0,122.0,2014-02-01,2014-02-12,11,25,15.585499,16.295485,14.7836685,76.169556,9.239115,10.899384,79.14421,72.73932,10.530269,7.7480903
24.0,122.0,2014-02-01,2014-02-12,11,25,15.090807,15.76128,14.290182,79.25148,6.6255975,11.365006,82.21236,75.755104,7.635592,5.375706
23.0,121.0,2014-02-01,2014-02-12,11,25,14.979671,16.43836,13.957545,80.295265,3.512866,7.283813,84.47733,73.350464,4.207496,2.7266734
25.0,120.0,2014-02-01,2014-02-12,11,25,11.661576,12.622223,10.63338,78.0274,8.446987,5.3555994,81.89233,73.27221,9.339045,7.289595
23.0,120.0,2014-02-01,2014-02-12,11,25,16.442415,17.323921,15.769718,78.22049,7.1469026,3.6539776,82.004364,73.20531,8.131156,6.009343
22.0,120.0,2014-02-01,2014-02-13,12,25,18.608372,19.592655,17.742722,76.93801,6.0999827,3.0609064,81.29327,71.498,7.228755,5.0050325
23.0,120.0,2014-02-01,2014-02-13,12,25,16.572805,17.51188,15.796935,78.52107,6.8333387,2.3790286,82.44019,72.71426,7.741726,5.7907543
24.0,122.0,2014-02-01,2014-02-13,12,25,15.404369,16.316168,14.485152,79.06395,6.4096956,9.701112,82.469215,75.00358,7.8083262,4.8177385
23.0,121.0,2014-02-01,2014-02-13,12,25,15.252417,16.82441,14.122193,80.48106,3.464012,6.104997,85.36432,73.01216,4.2779174,2.618754
22.0,121.0,2014-02-01,2014-02-13,12,25,18.751854,19.709099,17.874636,75.58748,6.149153,2.296174,80.19576,70.051506,7.3421993,5.0096846
25.0,121.0,2014-02-01,2014-02-13,12,25,14.195547,14.989476,13.338688,77.862434,8.856742,5.7887197,81.15879,74.129974,9.827981,7.576517
25.0,122.0,2014-02-01,2014-02-13,12,25,15.898425,16.64995,15.1443815,75.78246,9.229183,8.755296,78.69287,72.40675,10.544024,7.587307
25.0,120.0,2014-02-01,2014-02-13,12,25,11.965406,12.898107,11.025684,78.341576,8.0748415,3.5392303,82.77423,73.41562,8.946929,7.0330176
22.0,122.0,2014-02-01,2014-02-13,12,25,19.858614,20.45552,19.193703,73.19783,9.052502,2.7030876,77.044334,69.85661,10.896785,7.1479406
24.0,121.0,2014-02-01,2014-02-13,12,25,13.6819515,14.92174,12.746222,81.34417,5.8626194,6.720917,84.80646,76.01242,6.7772985,4.7872725
23.0,122.0,2014-02-01,2014-02-13,12,25,16.357111,17.259449,15.484562,77.7668,6.281978,6.5152674,81.55923,73.47939,7.697047,4.7821317
24.0,120.0,2014-02-01,2014-02-13,12,25,15.000383,15.704677,14.238903,79.39288,9.384954,3.0102081,82.7905,75.29779,10.423545,8.177531
24.0,120.0,2014-02-01,2014-02-14,13,25,15.041032,15.745846,14.32465,79.58338,8.610824,2.0844576,83.76882,75.4071,9.681266,7.3759613
24.0,121.0,2014-02-01,2014-02-14,13,25,13.738071,14.886388,12.810153,80.916306,5.176802,4.6284776,84.85418,75.90482,6.099284,4.20098
23.0,122.0,2014-02-01,2014-02-14,13,25,16.312847,17.059828,15.455997,76.96917,6.005335,4.3476386,80.6971,73.04721,7.1673512,4.7979026
22.0,122.0,2014-02-01,2014-02-14,13,25,19.754517,20.234362,19.17964,72.6766,8.78805,1.8668661,76.166176,69.47832,10.477811,7.1315002
25.0,120.0,2014-02-01,2014-02-14,13,25,12.070676,13.176,11.108454,78.72502,7.2121325,3.2922668,83.86597,72.93812,8.203399,6.0542893
25.0,121.0,2014-02-01,2014-02-14,13,25,14.407849,15.181825,13.550158,77.60178,7.542711,4.145957,82.303185,72.889885,8.615305,6.375513
22.0,121.0,2014-02-01,2014-02-14,13,25,18.713984,19.587671,17.914757,75.166046,5.948837,1.8912424,79.10306,70.62935,7.123467,4.978515
22.0,120.0,2014-02-01,2014-02-14,13,25,18.633999,19.61467,17.798038,76.687874,5.8475275,2.556793,81.24629,71.15342,7.0912914,4.731482
24.0,122.0,2014-02-01,2014-02-14,13,25,15.552293,16.281645,14.638087,77.35008,6.067638,7.326079,81.925545,73.57283,7.166318,4.9754934
23.0,120.0,2014-02-01,2014-02-14,13,25,16.579063,17.47605,15.832643,78.418945,6.4499755,1.8133854,82.64502,73.17968,7.326244,5.588276
25.0,122.0,2014-02-01,2014-02-14,13,25,16.20205,16.77818,15.481379,74.22385,8.203153,6.8313127,79.13563,70.25161,9.773569,6.732007
23.0,121.0,2014-02-01,2014-02-14,13,25,15.2738285,16.703524,14.192208,79.81338,3.1865358,4.367438,84.464676,72.84889,3.9644654,2.5818598
22.0,120.0,2014-02-01,2014-02-15,14,25,18.586403,19.717876,17.655651,76.51821,5.812654,2.2784996,81.47553,70.63154,6.928212,4.670375
25.0,120.0,2014-02-01,2014-02-15,14,25,11.933381,13.250871,10.839513,78.38457,6.9524207,2.1523855,83.10213,72.69505,7.9213386,5.890558
23.0,120.0,2014-02-01,2014-02-15,14,25,16.4959,17.553404,15.679108,78.2293,6.432827,2.048244,82.358864,72.597534,7.4123316,5.4035783
23.0,121.0,2014-02-01,2014-02-15,14,25,15.382459,17.156837,14.145822,80.04498,3.079523,5.1036654,85.21428,71.964294,4.0041766,2.27478
25.0,121.0,2014-02-01,2014-02-15,14,25,14.123413,15.014215,13.218053,77.29631,7.505338,3.6385932,81.252205,72.862305,8.834399,5.9551744
25.0,122.0,2014-02-01,2014-02-15,14,25,16.07032,16.765562,15.238581,74.30076,8.311962,6.226141,78.2102,70.01572,9.877424,6.631792
22.0,121.0,2014-02-01,2014-02-15,14,25,18.764353,19.822735,17.887566,75.271736,5.422967,2.4545484,80.34551,69.275055,6.62495,4.2991686
24.0,122.0,2014-02-01,2014-02-15,14,25,15.684208,16.6669,14.708361,77.514885,6.111341,7.9718213,81.29703,73.19331,7.200644,4.838798
24.0,120.0,2014-02-01,2014-02-15,14,25,14.828713,15.643419,14.066446,78.99122,8.6453085,2.3287387,82.527145,74.56426,9.846316,7.2746773
24.0,121.0,2014-02-01,2014-02-15,14,25,13.716343,15.17815,12.629278,80.71328,5.0360875,5.3711915,84.3484,74.723175,6.130224,3.9916804
22.0,122.0,2014-02-01,2014-02-15,14,25,19.925945,20.451164,19.255495,72.57789,7.997306,2.8026397,77.10321,69.038895,9.899066,6.4526076
23.0,122.0,2014-02-01,2014-02-15,14,25,16.541735,17.52979,15.584127,76.96778,5.7367816,5.4547334,81.146996,72.38404,7.1547594,4.3818827
23.0,120.0,2014-02-01,2014-02-16,15,25,16.357237,17.361622,15.605592,77.12689,6.9207854,2.0220122,81.28481,71.43733,7.746168,5.971601
24.0,122.0,2014-02-01,2014-02-16,15,25,15.346588,16.276398,14.455314,77.821754,6.2749653,7.668187,82.01924,73.48192,7.5062466,4.588639
23.0,122.0,2014-02-01,2014-02-16,15,25,16.298054,17.284178,15.353551,77.56253,6.294833,4.7729836,81.54873,72.91339,7.867705,4.8521056
24.0,120.0,2014-02-01,2014-02-16,15,25,14.656607,15.463219,13.967945,76.857086,9.253519,2.468107,81.08042,72.12848,10.182115,8.110627
24.0,121.0,2014-02-01,2014-02-16,15,25,13.517861,15.020333,12.47215,79.65174,5.7491527,5.1430454,84.089554,73.05522,6.551854,4.767898
25.0,120.0,2014-02-01,2014-02-16,15,25,11.747666,13.236127,10.694972,76.43551,7.176232,2.6002102,82.54629,69.07452,7.9708686,6.2088666
22.0,122.0,2014-02-01,2014-02-16,15,25,19.696379,20.197731,19.018106,74.109474,8.899926,2.5280704,78.59831,70.41629,11.156214,7.022558
22.0,120.0,2014-02-01,2014-02-16,15,25,18.39669,19.44541,17.547037,76.88228,5.8330054,3.125414,80.96823,70.94907,6.9520044,4.6331477
25.0,121.0,2014-02-01,2014-02-16,15,25,13.843989,14.677796,13.048619,75.09501,7.9296527,4.2186675,79.53268,70.6066,8.715884,6.9387317
23.0,121.0,2014-02-01,2014-02-16,15,25,15.21735,17.025171,14.059723,80.00191,3.3845031,4.708476,84.82288,71.57484,4.203683,2.572888
22.0,121.0,2014-02-01,2014-02-16,15,25,18.613873,19.65733,17.722471,76.22303,5.892292,2.4693234,80.97319,70.606544,7.386276,4.7060604
25.0,122.0,2014-02-01,2014-02-16,15,25,15.652597,16.202642,15.002877,73.49238,8.390453,6.733049,77.51609,69.44802,9.61997,6.7261333
23.0,121.0,2014-02-01,2014-02-17,16,25,14.920213,16.636225,13.737204,79.42126,3.3736823,5.867926,83.939766,71.654915,4.1797028,2.575604
22.0,121.0,2014-02-01,2014-02-17,16,25,18.380869,19.403837,17.530485,75.029274,5.9401813,3.1169207,78.98673,69.724075,7.258965,4.8296504
25.0,122.0,2014-02-01,2014-02-17,16,25,15.353564,16.195904,14.503043,71.83293,8.293797,6.403053,75.14932,68.646706,9.524311,6.8474674
24.0,120.0,2014-02-01,2014-02-17,16,25,14.557394,15.391646,13.765748,76.85074,9.03236,2.2992775,81.07312,71.75034,10.182008,7.856072
22.0,120.0,2014-02-01,2014-02-17,16,25,18.344658,19.410952,17.503912,76.172104,5.982214,3.6156914,79.95069,70.7394,7.0084825,4.8603945
23.0,120.0,2014-02-01,2014-02-17,16,25,16.258648,17.287394,15.464483,76.70767,6.7277174,1.9948277,81.07897,70.72226,7.5239744,5.8751564
24.0,122.0,2014-02-01,2014-02-17,16,25,14.93011,15.883441,13.981056,77.01452,6.1039233,8.127141,80.16901,73.36164,7.3024144,4.66675
25.0,121.0,2014-02-01,2014-02-17,16,25,13.66405,14.601295,12.698146,74.07376,7.8522863,4.442184,78.46844,69.30433,8.855278,6.727729
22.0,122.0,2014-02-01,2014-02-17,16,25,19.284544,19.839874,18.61276,73.074715,8.830497,3.7707207,76.631165,70.14277,10.8379345,7.218914
23.0,122.0,2014-02-01,2014-02-17,16,25,15.822881,16.801102,14.876295,77.16201,6.1573515,6.5253124,80.45432,73.067184,7.619753,4.8050494
24.0,121.0,2014-02-01,2014-02-17,16,25,13.221531,14.670697,12.155905,79.53704,5.6130204,6.1546006,83.88267,73.11145,6.5138535,4.550009
25.0,120.0,2014-02-01,2014-02-17,16,25,11.560207,12.866774,10.478146,75.349144,7.3418293,3.137907,80.858025,68.027756,8.343218,6.347193
22.0,122.0,2014-02-01,2014-02-18,17,25,19.427088,19.932491,18.863317,72.7536,8.631366,2.8422992,76.61105,69.789894,10.20336,6.905222
24.0,121.0,2014-02-01,2014-02-18,17,25,13.37193,14.618151,12.452237,80.59906,5.097672,5.938116,84.65828,74.45222,6.032037,3.9672785
23.0,122.0,2014-02-01,2014-02-18,17,25,15.948117,16.745113,15.171305,77.15247,5.8594646,6.1510143,81.14267,73.279106,7.0510654,4.5432096
24.0,120.0,2014-02-01,2014-02-18,17,25,14.720379,15.3671255,14.032658,78.3016,8.381996,2.2295823,82.33223,74.03717,9.534362,7.0575957
23.0,120.0,2014-02-01,2014-02-18,17,25,16.31873,17.16965,15.600407,77.35427,6.2337275,1.9742639,82.01033,71.987785,7.050687,5.360912
22.0,120.0,2014-02-01,2014-02-18,17,25,18.460781,19.408512,17.668854,75.53604,5.80765,3.005759,80.090485,70.2504,6.807441,4.7241125
22.0,121.0,2014-02-01,2014-02-18,17,25,18.445463,19.31651,17.705685,74.95226,5.856846,2.391325,79.343285,69.811356,6.8684716,4.834802
24.0,122.0,2014-02-01,2014-02-18,17,25,15.145952,15.901036,14.304322,77.02425,5.735432,7.8306246,80.676956,72.97582,6.983194,4.422024
25.0,120.0,2014-02-01,2014-02-18,17,25,11.680455,12.805768,10.758097,76.74075,7.1208186,2.4609056,81.59974,70.13944,7.934845,6.021596
23.0,121.0,2014-02-01,2014-02-18,17,25,14.967591,16.488146,13.941075,79.657814,3.1965222,5.6995068,84.47381,72.25603,3.901184,2.4650602
25.0,121.0,2014-02-01,2014-02-18,17,25,14.054161,14.7738,13.150919,75.35175,7.2354794,3.5567536,79.0871,70.9095,8.346237,5.8646736
25.0,122.0,2014-02-01,2014-02-18,17,25,15.808399,16.47145,15.087721,72.10938,7.560087,5.4399548,75.0288,68.63225,9.091524,5.989602
23.0,120.0,2014-02-01,2014-02-19,18,25,16.518768,17.383009,15.809792,79.611404,6.182706,3.468418,83.717255,74.422714,7.203411,5.1159163
25.0,121.0,2014-02-01,2014-02-19,18,25,14.351974,15.096969,13.550694,78.307,7.3796015,6.0482597,82.36587,74.05171,8.522541,6.06405
22.0,120.0,2014-02-01,2014-02-19,18,25,18.712704,19.649948,17.915304,77.59918,5.6393623,4.592419,82.236984,72.165375,6.598512,4.4918785
24.0,122.0,2014-02-01,2014-02-19,18,25,15.520818,16.314888,14.630383,78.381744,5.771467,11.548023,82.05158,74.45491,7.2086124,4.455359
23.0,121.0,2014-02-01,2014-02-19,18,25,15.306683,16.774498,14.242936,81.265656,3.0238988,7.9421043,85.711464,73.91729,3.7920437,2.2957044
24.0,121.0,2014-02-01,2014-02-19,18,25,13.670106,14.855714,12.804879,82.703186,4.8860326,8.807735,86.27009,77.408485,6.090022,3.6534274
22.0,121.0,2014-02-01,2014-02-19,18,25,18.799536,19.71074,17.980925,76.54206,5.485959,4.2378054,80.9559,71.35222,6.669314,4.2485046
25.0,122.0,2014-02-01,2014-02-19,18,25,16.182545,16.833317,15.39923,74.274864,8.231943,8.77409,78.08748,70.72452,9.7674675,6.702936
23.0,122.0,2014-02-01,2014-02-19,18,25,16.346176,17.093975,15.484864,78.381,5.4766784,8.967838,82.0737,74.82316,6.7638526,4.0954065
24.0,120.0,2014-02-01,2014-02-19,18,25,14.880371,15.524142,14.268122,81.078865,8.32404,4.353847,84.43098,77.2649,9.783093,6.707749
22.0,122.0,2014-02-01,2014-02-19,18,25,19.840715,20.333576,19.214317,74.02747,8.145402,5.258008,78.06778,70.61409,9.794621,6.3545504
25.0,120.0,2014-02-01,2014-02-19,18,25,11.954451,13.085719,11.063194,79.4285,6.9189014,3.9949987,84.528,73.6616,8.114432,5.632122
23.0,120.0,2014-02-01,2014-02-20,19,25,16.855877,17.723526,16.146997,78.6249,6.141623,1.6898059,82.92776,73.06773,6.764548,5.490455
24.0,122.0,2014-02-01,2014-02-20,19,25,15.850878,16.58481,15.11087,78.0823,5.714756,7.821854,82.001564,73.36895,6.753335,4.694578
23.0,121.0,2014-02-01,2014-02-20,19,25,15.601867,17.135172,14.564792,81.207855,2.9368255,5.249985,85.51687,73.87947,3.5477097,2.3553126
22.0,120.0,2014-02-01,2014-02-20,19,25,18.966768,19.956501,18.139053,77.68569,5.642172,2.934312,81.890396,72.08989,6.767108,4.5492344
25.0,121.0,2014-02-01,2014-02-20,19,25,14.753168,15.483971,14.010533,76.78762,6.475394,2.8642743,81.344734,72.59554,7.573759,5.297762
22.0,121.0,2014-02-01,2014-02-20,19,25,19.020996,19.96947,18.196095,76.98737,5.7168717,2.5220962,81.34855,71.540924,6.7278514,4.701987
22.0,122.0,2014-02-01,2014-02-20,19,25,19.995874,20.479435,19.421104,75.19998,8.5547,3.2160652,78.97429,72.1139,10.0187845,7.0650706
24.0,121.0,2014-02-01,2014-02-20,19,25,13.960692,15.182584,13.10523,81.91879,4.629133,5.126084,85.99882,76.31615,5.458509,3.761895
25.0,120.0,2014-02-01,2014-02-20,19,25,12.328535,13.612941,11.423966,78.933815,6.2962804,1.6753865,84.72273,72.07199,7.2664585,5.2277083
25.0,122.0,2014-02-01,2014-02-20,19,25,16.62323,17.238497,15.968795,73.2608,7.5184,5.545548,77.390884,68.96023,8.902973,6.1227183
24.0,120.0,2014-02-01,2014-02-20,19,25,15.212872,15.819288,14.61485,79.3937,8.0052395,1.5822312,83.56232,75.32673,8.926284,6.9513216
23.0,122.0,2014-02-01,2014-02-20,19,25,16.575611,17.333067,15.818717,79.13437,5.7044606,5.9452515,82.644226,74.78211,6.707894,4.7227335
23.0,122.0,2014-02-01,2014-02-21,20,25,16.988722,17.981398,16.12549,76.73153,5.416443,4.6891713,80.730576,71.88495,6.5061674,4.3421354
24.0,120.0,2014-02-01,2014-02-21,20,25,15.812802,16.708282,15.160802,79.44044,7.420224,2.5483618,83.37665,74.83262,8.62064,5.9205103
25.0,120.0,2014-02-01,2014-02-21,20,25,12.838018,14.412287,11.803898,80.09416,5.9613523,2.619162,85.30759,72.71236,7.05647,4.741157
24.0,121.0,2014-02-01,2014-02-21,20,25,14.447627,16.074928,13.415666,80.78797,4.1214237,4.755011,85.23023,73.49005,5.114344,2.9369478
25.0,122.0,2014-02-01,2014-02-21,20,25,17.228704,17.824366,16.583399,72.21579,6.8341804,5.9266577,75.97174,68.93862,8.348095,5.2398224
22.0,122.0,2014-02-01,2014-02-21,20,25,20.294266,20.728008,19.748566,73.3591,8.2242365,2.4664986,76.829124,70.19482,9.770719,6.914067
22.0,121.0,2014-02-01,2014-02-21,20,25,19.34089,20.488764,18.480371,75.3341,5.577288,2.3462582,79.81176,69.422714,6.695555,4.7473955
25.0,121.0,2014-02-01,2014-02-21,20,25,15.311096,16.1934,14.536827,77.04311,6.1575375,3.470144,81.120476,73.05671,7.4258633,4.648631
23.0,121.0,2014-02-01,2014-02-21,20,25,16.036217,18.012365,14.786735,79.03144,2.7608764,4.5651927,84.18177,69.68539,3.5921297,2.0557835
22.0,120.0,2014-02-01,2014-02-21,20,25,19.426855,20.629156,18.54669,75.761024,5.7373133,3.3285432,80.1704,69.48266,6.7870097,4.649211
24.0,122.0,2014-02-01,2014-02-21,20,25,16.385668,17.38629,15.501095,75.57291,5.145254,7.223884,79.45947,71.09904,6.2045913,4.0579133
23.0,120.0,2014-02-01,2014-02-21,20,25,17.404444,18.625557,16.575617,77.62583,5.744749,2.346564,82.096115,71.01902,6.6777782,4.8140264
22.0,122.0,2014-02-01,2014-02-22,21,25,20.4671,20.916832,19.9044,73.681435,7.7123017,3.048242,77.68967,70.20495,9.2971115,6.11237
25.0,122.0,2014-02-01,2014-02-22,21,25,17.43601,18.134314,16.655006,73.079956,6.7794495,4.750738,76.90994,69.93639,8.277087,4.9040637
24.0,121.0,2014-02-01,2014-02-22,21,25,14.651828,16.232643,13.539639,81.86852,3.844946,3.9678094,86.82299,74.73301,4.9225335,2.5427783
25.0,120.0,2014-02-01,2014-02-22,21,25,12.941392,14.474293,11.841436,81.44069,5.740005,1.6139145,87.03192,73.98776,6.7997875,4.399046
23.0,121.0,2014-02-01,2014-02-22,21,25,16.287813,18.224812,15.042755,79.733955,2.5825183,3.9160056,85.437874,70.438324,3.2779603,1.704785
22.0,121.0,2014-02-01,2014-02-22,21,25,19.4804,20.65583,18.606222,75.98476,5.17449,1.7495627,80.974266,69.271576,6.268177,4.028482
24.0,120.0,2014-02-01,2014-02-22,21,25,15.856061,16.717682,15.138039,80.864815,6.8989654,1.3372715,85.489716,75.78736,8.154912,5.256455
23.0,122.0,2014-02-01,2014-02-22,21,25,17.273561,18.268457,16.391382,77.108116,4.936823,5.2131543,81.538414,72.301254,6.1075206,3.561906
25.0,121.0,2014-02-01,2014-02-22,21,25,15.439304,16.341774,14.579268,78.464294,5.8422356,2.217398,83.18683,73.64379,7.0458694,4.374308
24.0,122.0,2014-02-01,2014-02-22,21,25,16.668953,17.605715,15.722936,76.10526,4.9810395,6.518468,80.54718,71.62459,6.168058,3.5460522
22.0,120.0,2014-02-01,2014-02-22,21,25,19.578169,20.790293,18.662657,76.22368,5.414839,1.7334653,81.29428,69.68959,6.3630495,4.410352
23.0,120.0,2014-02-01,2014-02-22,21,25,17.494404,18.71298,16.684942,78.692184,5.261695,1.2695208,83.815285,71.60042,6.1843305,4.135543
24.0,121.0,2014-02-01,2014-02-23,22,25,14.778772,16.51216,13.632018,82.3149,3.7742736,3.931802,86.69098,74.818146,4.565864,2.8243423
23.0,122.0,2014-02-01,2014-02-23,22,25,17.366993,18.399918,16.395266,77.74538,5.1920123,3.6371536,81.06317,73.20243,6.0507765,4.213884
24.0,122.0,2014-02-01,2014-02-23,22,25,16.87445,17.88044,15.82485,76.91423,5.5292616,5.109018,80.45264,72.49745,6.523564,4.397974
22.0,121.0,2014-02-01,2014-02-23,22,25,19.634552,20.750938,18.70801,76.24781,5.4659953,1.4327948,80.62225,70.15402,6.3363905,4.56137
24.0,120.0,2014-02-01,2014-02-23,22,25,16.036766,17.00652,15.233024,81.022606,6.662465,1.8026699,84.9871,75.43568,7.7911243,5.3240952
25.0,120.0,2014-02-01,2014-02-23,22,25,13.159691,14.801075,12.077448,81.907906,5.318499,2.6680813,87.74625,73.56589,6.17865,4.275972
25.0,122.0,2014-02-01,2014-02-23,22,25,17.610691,18.275816,16.838741,73.92363,7.0185184,3.745034,77.40505,70.12691,8.147148,5.6452246
22.0,122.0,2014-02-01,2014-02-23,22,25,20.483257,20.970024,19.868414,73.936584,7.870192,1.2873013,77.075745,71.5164,9.075894,6.56882
23.0,121.0,2014-02-01,2014-02-23,22,25,16.518663,18.501114,15.18776,80.38375,2.806039,3.780053,85.5175,71.08501,3.449693,2.1393719
23.0,120.0,2014-02-01,2014-02-23,22,25,17.779772,18.988503,16.853552,79.088005,5.257326,1.6413827,83.50052,71.878044,6.0921154,4.3648767
22.0,120.0,2014-02-01,2014-02-23,22,25,19.791882,20.976768,18.84251,76.92993,5.5158706,1.8897189,81.154495,70.45523,6.2315187,4.6542253
25.0,121.0,2014-02-01,2014-02-23,22,25,15.535133,16.522448,14.658952,78.98011,5.670362,2.573312,83.67368,73.28128,6.7822423,4.401375
25.0,120.0,2014-02-01,2014-02-24,23,25,13.46011,15.201654,12.360196,82.34155,4.846682,2.3716128,87.93526,74.58026,6.0434723,3.4891355
25.0,122.0,2014-02-01,2014-02-24,23,25,17.928291,18.424074,17.388336,74.36878,6.269342,3.5290701,78.132935,70.86046,7.4202824,4.810612
24.0,120.0,2014-02-01,2014-02-24,23,25,16.398619,17.35276,15.665138,81.27872,6.057694,2.2471764,84.869446,76.012024,7.259602,4.683747
22.0,122.0,2014-02-01,2014-02-24,23,25,20.64291,21.054672,20.099693,74.85016,7.7167344,1.1512152,77.965454,71.90233,8.831106,6.511924
22.0,120.0,2014-02-01,2014-02-24,23,25,20.107119,21.218296,19.322023,76.85246,5.0487456,1.4734801,81.57204,70.42404,6.0852537,4.0407863
24.0,122.0,2014-02-01,2014-02-24,23,25,17.193466,18.264183,16.284893,76.81622,5.1760106,4.790741,80.31283,72.46159,6.273592,3.7792556
23.0,121.0,2014-02-01,2014-02-24,23,25,16.82306,18.914827,15.535558,80.192444,2.5422807,3.2659316,85.463875,70.53515,3.349749,1.7943383
23.0,120.0,2014-02-01,2014-02-24,23,25,18.13864,19.280819,17.330416,79.210236,4.683675,1.4392238,83.63274,72.36965,5.675267,3.6673422
22.0,121.0,2014-02-01,2014-02-24,23,25,19.875032,20.975786,19.027653,76.63362,5.2012978,1.2336121,81.32943,70.40337,6.11284,4.251861
23.0,122.0,2014-02-01,2014-02-24,23,25,17.59105,18.748665,16.67423,78.136406,5.0595875,3.1833053,81.638176,73.160545,6.0593996,4.0084505
25.0,121.0,2014-02-01,2014-02-24,23,25,15.8412895,16.907452,15.057677,79.475075,4.957453,2.8061829,83.81785,74.06209,6.106015,3.5598764
24.0,121.0,2014-02-01,2014-02-24,23,25,15.08649,16.968075,13.964494,82.23651,3.5039396,4.0672474,86.617615,74.37123,4.4040437,2.4822767
24.0,121.0,2014-02-01,2014-02-25,24,25,15.752764,17.944433,14.370265,82.73988,3.0492404,3.1498995,88.19159,73.144005,4.2706256,1.7764335
22.0,122.0,2014-02-01,2014-02-25,24,25,21.110498,21.554682,20.554258,75.74336,6.629098,0.88480973,78.827675,72.78764,7.9482756,5.6035986
23.0,122.0,2014-02-01,2014-02-25,24,25,18.120825,19.432415,17.113644,78.58481,4.1549973,2.8175638,82.6394,72.51041,5.2499943,3.1157184
25.0,122.0,2014-02-01,2014-02-25,24,25,18.51319,19.190184,17.663366,75.27304,5.503522,3.05232,79.24353,71.68585,7.0194635,4.1134324
25.0,120.0,2014-02-01,2014-02-25,24,25,14.162634,16.290247,12.715665,84.0332,4.49165,1.9336996,89.90996,75.2405,6.0377717,2.8363476
22.0,120.0,2014-02-01,2014-02-25,24,25,20.543423,21.960772,19.575085,77.45943,4.661585,0.9974197,82.66487,69.228325,5.6947656,3.5712988
24.0,122.0,2014-02-01,2014-02-25,24,25,17.773579,19.023327,16.744122,76.98445,4.1896334,4.0903745,81.62138,71.385445,5.3439393,3.026739
23.0,120.0,2014-02-01,2014-02-25,24,25,18.682375,20.19974,17.669968,79.922264,4.027215,1.0177916,85.41152,70.7882,5.3735185,2.7966535
24.0,120.0,2014-02-01,2014-02-25,24,25,17.126286,18.362686,16.139225,82.01973,5.1459975,1.4020077,86.69124,75.44719,6.9762893,3.3989215
25.0,121.0,2014-02-01,2014-02-25,24,25,16.51215,17.758469,15.3893175,80.64817,4.703626,2.1162713,85.51068,75.006424,6.309296,2.9918823
22.0,121.0,2014-02-01,2014-02-25,24,25,20.294884,21.59068,19.386755,77.48735,4.6082416,0.8422377,82.46724,69.9198,5.654589,3.6660337
23.0,121.0,2014-02-01,2014-02-25,24,25,17.305315,19.78106,15.841353,80.68067,2.2069678,2.7736948,87.13388,68.55678,2.9642901,1.5411525
22.0,121.0,2014-02-01,2014-02-26,25,25,20.499722,21.799345,19.58897,78.02762,4.8368664,1.2016311,82.61923,71.14081,5.668874,3.9174201
24.0,121.0,2014-02-01,2014-02-26,25,25,15.997973,18.073353,14.730704,83.08209,3.6187649,4.7590656,88.32443,74.14349,4.556781,2.572235
25.0,120.0,2014-02-01,2014-02-26,25,25,14.224135,16.158941,12.911588,83.644455,5.3186555,2.8577607,88.84903,75.46744,6.437441,4.1369677
24.0,120.0,2014-02-01,2014-02-26,25,25,17.239807,18.425621,16.31771,83.07322,6.070297,2.67763,87.305916,77.27085,7.3462677,4.558172
25.0,121.0,2014-02-01,2014-02-26,25,25,16.57473,17.841488,15.554449,81.45692,5.386464,3.6500547,86.26363,76.27309,6.7276096,3.8845298
24.0,122.0,2014-02-01,2014-02-26,25,25,17.941444,19.185196,16.942041,78.38364,4.9889226,6.310353,82.52622,73.07215,6.11899,3.8254964
22.0,120.0,2014-02-01,2014-02-26,25,25,20.670498,22.060337,19.6565,77.89452,4.9817653,1.6735855,82.7003,70.64185,6.0135775,3.9286416
23.0,120.0,2014-02-01,2014-02-26,25,25,18.803102,20.258778,17.76113,81.044876,4.581962,1.8307506,85.943,72.79487,5.6316614,3.4662406
23.0,121.0,2014-02-01,2014-02-26,25,25,17.5583,19.933386,16.125036,81.106,2.5338209,3.9180014,87.04248,69.8076,3.2463198,1.8484076
22.0,122.0,2014-02-01,2014-02-26,25,25,21.302517,21.703995,20.78855,76.60635,7.0482106,1.2937346,79.86135,73.61791,8.006647,6.027144
23.0,122.0,2014-02-01,2014-02-26,25,25,18.360916,19.653639,17.40946,79.37509,4.556476,4.0109267,83.719284,73.390686,5.4653215,3.6398063
25.0,122.0,2014-02-01,2014-02-26,25,25,18.499395,19.045387,17.776207,76.99858,6.4083576,5.193407,80.61516,73.85541,7.9415483,5.0831785
23.0,122.0,2014-02-01,2014-02-27,26,25,17.831417,19.037867,16.743273,79.730034,5.125449,4.174826,83.65671,74.566986,6.5488877,3.8079565
25.0,120.0,2014-02-01,2014-02-27,26,25,13.844034,15.530689,12.609631,82.095955,5.5079894,1.9027916,87.9865,74.67841,6.6235657,3.9757836
22.0,122.0,2014-02-01,2014-02-27,26,25,20.910276,21.520004,20.199121,76.88254,7.656875,1.3382908,80.47769,73.71789,9.627643,6.06183
24.0,121.0,2014-02-01,2014-02-27,26,25,15.454846,17.271204,14.150167,82.742195,4.043645,4.5386696,87.16828,75.23881,5.161466,2.7341883
25.0,121.0,2014-02-01,2014-02-27,26,25,15.928125,17.160942,14.901246,80.11834,5.8059187,2.6341455,84.66693,74.6461,7.0084977,4.3638635
23.0,121.0,2014-02-01,2014-02-27,26,25,17.105911,19.26985,15.68631,81.20096,2.7615006,4.5302763,86.74679,71.46096,3.509661,2.060775
23.0,120.0,2014-02-01,2014-02-27,26,25,18.41632,19.793653,17.388536,80.25303,5.1372914,1.7655389,85.28194,72.95325,6.222526,3.8706558
22.0,121.0,2014-02-01,2014-02-27,26,25,20.184578,21.47898,19.18544,78.106766,5.2064986,1.697636,82.84319,71.87602,6.4458556,4.0332103
25.0,122.0,2014-02-01,2014-02-27,26,25,17.696533,18.534105,16.86488,75.986404,6.9298596,3.770389,80.11821,71.75242,8.425171,5.3155174
22.0,120.0,2014-02-01,2014-02-27,26,25,20.269037,21.636728,19.257526,78.42143,5.3492694,2.364445,83.085075,71.85917,6.4359856,4.176081
24.0,122.0,2014-02-01,2014-02-27,26,25,17.240755,18.459982,16.121862,78.34859,5.280155,5.677435,82.5969,73.4694,6.6098256,3.826827
24.0,120.0,2014-02-01,2014-02-27,26,25,16.762121,17.835417,15.845324,81.81606,6.636408,1.7832484,85.90816,76.56606,8.007737,4.8125324
24.0,121.0,2014-02-01,2014-02-28,27,25,15.079929,16.723856,14.022091,81.29005,4.3935246,4.059348,85.84213,74.04491,5.607446,2.9822376
25.0,120.0,2014-02-01,2014-02-28,27,25,13.752839,15.349604,12.638824,79.24274,5.75698,0.99477005,85.39458,71.53317,6.9862294,4.3494377
23.0,122.0,2014-02-01,2014-02-28,27,25,17.298882,18.468534,16.292336,78.65093,5.4340377,4.46111,83.22521,73.08655,7.00979,3.9034967
22.0,122.0,2014-02-01,2014-02-28,27,25,20.428127,21.015766,19.752638,75.48786,8.15984,1.6867578,79.574615,72.12387,9.916236,6.513512
23.0,120.0,2014-02-01,2014-02-28,27,25,18.127281,19.29068,17.295006,78.6915,5.2885365,0.86651933,83.91717,71.56772,6.4033666,4.0502615
23.0,121.0,2014-02-01,2014-02-28,27,25,16.586166,18.55537,15.3136635,80.56614,2.8998878,4.307304,85.89694,71.29031,3.7305791,2.0575595
22.0,120.0,2014-02-01,2014-02-28,27,25,19.902452,21.039658,19.023405,77.27017,5.5619054,1.9770033,81.66552,70.89028,6.430282,4.554166
24.0,122.0,2014-02-01,2014-02-28,27,25,16.655962,17.721533,15.67086,77.17395,5.6310177,5.3241453,81.61217,72.45254,6.886999,4.1592064
22.0,121.0,2014-02-01,2014-02-28,27,25,19.715435,20.818531,18.80883,77.1643,5.5872054,1.5352614,81.774284,70.95644,6.631234,4.6409416
25.0,122.0,2014-02-01,2014-02-28,27,25,17.251703,17.905977,16.461906,73.031006,7.348814,2.4650342,77.60026,68.921646,8.626523,5.863449
24.0,120.0,2014-02-01,2014-02-28,27,25,16.616718,17.489714,15.843463,79.496826,6.976729,0.63344115,84.212395,74.11924,8.522294,5.1217737
25.0,121.0,2014-02-01,2014-02-28,27,25,15.692107,16.604412,14.821217,76.85713,6.050609,1.2081665,82.34961,71.71907,7.2627163,4.626774
24.0,122.0,2014-02-01,2014-03-01,28,25,16.994072,18.021387,16.064772,76.95459,4.897095,6.0859566,81.21735,72.39736,6.2087846,3.5747824
22.0,120.0,2014-02-01,2014-03-01,28,25,20.215605,21.420088,19.392853,76.655075,5.066676,1.4348505,81.71003,69.94277,6.1067348,4.107409
23.0,121.0,2014-02-01,2014-03-01,28,25,16.86761,18.830782,15.61216,80.0353,2.4902084,3.8654969,85.864235,70.47563,3.3175159,1.808832
25.0,121.0,2014-02-01,2014-03-01,28,25,16.188356,17.135796,15.329395,78.8567,5.0917926,3.5496411,83.56585,74.161194,6.7485323,3.2983758
22.0,122.0,2014-02-01,2014-03-01,28,25,20.611107,21.094223,20.030123,74.66244,7.5562763,1.0354544,78.46607,71.6518,8.94916,6.2529707
23.0,120.0,2014-02-01,2014-03-01,28,25,18.473145,19.7397,17.576056,78.637474,4.773487,1.3067535,83.52692,71.22373,5.9393573,3.5726929
22.0,121.0,2014-02-01,2014-03-01,28,25,19.95687,21.101059,19.09878,76.3266,5.1790986,0.85539794,81.32542,69.987785,6.334885,4.1663375
25.0,122.0,2014-02-01,2014-03-01,28,25,17.716728,18.376795,16.948723,74.126366,6.0896373,4.7543974,77.74226,70.99208,7.809224,4.4343786
25.0,120.0,2014-02-01,2014-03-01,28,25,14.054019,15.538065,12.984928,80.887276,5.223969,2.8504853,86.96707,73.72061,6.5802364,3.6943643
23.0,122.0,2014-02-01,2014-03-01,28,25,17.522251,18.557867,16.626335,78.104004,4.850387,4.046772,82.263405,73.646484,5.965307,3.8170483
24.0,121.0,2014-02-01,2014-03-01,28,25,15.449292,17.005793,14.329489,81.98726,3.6508605,4.8762393,86.877365,75.05904,4.9408355,2.3341966
24.0,120.0,2014-02-01,2014-03-01,28,25,17.049911,17.933039,16.2313,80.59187,6.3131056,2.326117,84.74187,75.671364,7.960059,4.374834
25.0,121.0,2014-02-01,2014-03-02,29,25,16.184254,17.216105,15.334024,79.57644,5.8766823,2.7616239,84.0122,74.07554,7.004543,4.5117064
25.0,120.0,2014-02-01,2014-03-02,29,25,14.151608,15.822716,12.8844595,81.536285,5.5281854,2.1968975,87.91033,73.355774,6.6826344,3.9965029
23.0,122.0,2014-02-01,2014-03-02,29,25,17.76414,18.890045,16.809679,78.912285,4.98896,4.6725545,82.978,73.93181,6.3166237,3.58368
24.0,121.0,2014-02-01,2014-03-02,29,25,15.599673,17.308435,14.457262,82.560646,3.970374,4.6032023,87.36876,75.162674,5.0824046,2.5702415
22.0,120.0,2014-02-01,2014-03-02,29,25,20.319248,21.577515,19.30318,77.87708,5.4883533,2.9074922,82.573975,71.572235,6.403311,4.3565216
23.0,121.0,2014-02-01,2014-03-02,29,25,17.04876,19.062431,15.66796,80.90825,2.687339,4.486855,86.32254,71.840065,3.585096,1.7881515
24.0,122.0,2014-02-01,2014-03-02,29,25,17.138378,18.140255,16.174278,78.146454,5.209571,6.012734,82.108536,73.82134,6.6774898,3.60055
22.0,121.0,2014-02-01,2014-03-02,29,25,20.165329,21.306177,19.17855,76.9924,5.198006,2.1265473,81.40962,71.17359,6.3833876,4.0552416
23.0,120.0,2014-02-01,2014-03-02,29,25,18.635525,19.872824,17.665108,79.536736,4.991713,1.7026585,84.202126,72.67474,5.996756,3.943209
25.0,122.0,2014-02-01,2014-03-02,29,25,17.706526,18.30297,16.995026,75.4242,6.8999853,4.165352,78.820854,72.265755,8.395221,5.2129574
22.0,122.0,2014-02-01,2014-03-02,29,25,20.880844,21.430185,20.206417,75.28134,7.545194,2.309729,78.678116,72.218994,9.268742,6.031799
24.0,120.0,2014-02-01,2014-03-02,29,25,17.182053,18.190252,16.340456,81.18423,6.532555,1.8297639,85.36844,75.53666,7.7373414,4.9031386
24.0,121.0,2014-02-01,2014-03-03,30,25,15.693073,17.526644,14.556042,80.71452,4.117608,3.7389472,85.908005,72.37189,5.131934,2.8534524
24.0,120.0,2014-02-01,2014-03-03,30,25,17.33788,18.412228,16.551432,79.71853,6.4779835,1.5018666,84.293594,73.97412,7.8062396,4.743988
22.0,122.0,2014-02-01,2014-03-03,30,25,20.713526,21.21833,20.180632,74.629005,7.7789392,2.2866259,78.80013,71.12457,9.386584,6.138548
22.0,121.0,2014-02-01,2014-03-03,30,25,20.018305,21.245045,19.15213,76.37078,5.340142,1.9976125,81.97586,69.495,6.505121,4.2308865
23.0,120.0,2014-02-01,2014-03-03,30,25,18.633196,20.00705,17.741486,78.51552,4.83926,1.5449601,83.850525,70.491516,5.823175,3.7867951
25.0,122.0,2014-02-01,2014-03-03,30,25,17.871931,18.399889,17.261358,73.18186,6.554782,3.4912326,77.17336,69.92602,7.8656816,5.0153475
25.0,120.0,2014-02-01,2014-03-03,30,25,14.312261,16.146168,13.148659,80.09735,5.773764,1.6445367,85.97559,71.93051,6.9328985,4.409433
23.0,122.0,2014-02-01,2014-03-03,30,25,17.678358,18.764904,16.755123,77.50674,4.9474044,4.0808954,81.80034,71.865204,6.1763654,3.6364489
25.0,121.0,2014-02-01,2014-03-03,30,25,16.410204,17.41405,15.654259,77.693115,5.83119,2.5257196,82.76277,72.1393,7.079419,4.3680415
23.0,121.0,2014-02-01,2014-03-03,30,25,16.983282,19.118664,15.661769,79.55864,2.5673559,3.7919707,85.50242,69.07274,3.254434,1.8103774
24.0,122.0,2014-02-01,2014-03-03,30,25,17.17093,18.158367,16.25624,75.86818,4.9046774,4.7110076,79.930046,70.80476,6.098689,3.4652033
22.0,120.0,2014-02-01,2014-03-03,30,25,20.241661,21.574879,19.34629,76.5975,5.1984215,2.47857,82.168594,69.31148,6.3819494,4.184659
24.0,122.0,2014-02-01,2014-03-04,31,25,17.46428,18.455921,16.572124,76.04101,4.769228,3.924295,80.662636,70.9446,5.9200892,3.4247372
23.0,120.0,2014-02-01,2014-03-04,31,25,18.845373,20.186058,17.928034,78.032524,4.561399,1.2525593,83.920555,70.12682,5.7758594,3.250489
22.0,122.0,2014-02-01,2014-03-04,31,25,20.980396,21.437109,20.352184,73.6154,7.7889194,1.3375515,78.20087,70.562225,9.217656,6.3345823
24.0,121.0,2014-02-01,2014-03-04,31,25,15.898407,17.637735,14.855382,81.23527,3.452165,2.8874595,86.6756,73.1902,4.65126,1.8338633
25.0,122.0,2014-02-01,2014-03-04,31,25,18.399353,19.04618,17.694635,73.76053,6.546226,3.110011,78.23598,69.644226,7.659209,5.193225
25.0,120.0,2014-02-01,2014-03-04,31,25,14.475874,16.176123,13.2888975,81.09732,5.4014454,2.0764587,87.47478,73.03872,6.9015903,3.3928368
24.0,120.0,2014-02-01,2014-03-04,31,25,17.558176,18.546976,16.771944,80.17587,5.8898125,1.620678,85.066185,74.06095,7.502225,3.6889267
23.0,122.0,2014-02-01,2014-03-04,31,25,17.924671,19.007183,17.02093,77.13993,4.8440914,2.7038207,81.94054,71.57088,6.0448604,3.4656374
22.0,121.0,2014-02-01,2014-03-04,31,25,20.235725,21.446392,19.281897,75.28631,5.464796,1.1588706,81.23048,68.261734,6.527511,4.4072013
23.0,121.0,2014-02-01,2014-03-04,31,25,17.18041,19.274569,15.890577,79.10567,2.536662,2.5246058,85.6588,68.74745,3.3803005,1.6671267
22.0,120.0,2014-02-01,2014-03-04,31,25,20.417725,21.6482,19.459553,75.89733,5.6580377,1.0532026,81.33865,69.060555,6.7573686,4.5236135
25.0,121.0,2014-02-01,2014-03-04,31,25,16.85038,17.885181,15.92255,78.641945,5.286166,2.0780606,84.274666,72.373474,6.657285,3.7005644
25.0,120.0,2014-02-01,2014-03-05,32,25,15.005813,16.7962,13.85797,82.9301,4.2060285,1.1884826,88.950195,74.26846,5.3356476,2.877925
22.0,122.0,2014-02-01,2014-03-05,32,25,21.400043,21.831758,20.828657,73.84983,6.9248466,1.002232,77.89452,70.597664,8.657825,5.460979
24.0,122.0,2014-02-01,2014-03-05,32,25,18.083393,19.228876,17.15796,75.78901,4.516284,3.5510595,80.00097,70.20275,5.4855995,3.4342568
22.0,120.0,2014-02-01,2014-03-05,32,25,20.742416,22.099205,19.846647,75.427864,5.1397343,1.6763649,80.52837,67.57775,6.3822365,3.9322627
23.0,121.0,2014-02-01,2014-03-05,32,25,17.659792,20.049553,16.259392,78.941635,2.2056565,2.8023856,85.77961,67.01064,2.9359756,1.3931572
22.0,121.0,2014-02-01,2014-03-05,32,25,20.587889,21.90937,19.696892,75.55209,4.851359,1.3059568,81.0672,67.830765,6.0830355,3.718725
24.0,121.0,2014-02-01,2014-03-05,32,25,16.333914,18.187435,15.21673,81.67202,2.926858,2.5028558,87.01071,72.969734,3.8983521,1.7738096
25.0,122.0,2014-02-01,2014-03-05,32,25,18.901457,19.34111,18.373371,74.668594,5.7907257,2.3888733,78.31227,71.64886,7.1572948,4.489726
23.0,120.0,2014-02-01,2014-03-05,32,25,19.160149,20.534355,18.271652,78.10616,3.9544394,1.152148,83.41156,69.470314,4.9034014,2.8542092
23.0,122.0,2014-02-01,2014-03-05,32,25,18.471584,19.728144,17.5528,76.91895,4.2918043,2.5003376,81.504745,70.76707,5.3965635,3.118101
25.0,121.0,2014-02-01,2014-03-05,32,25,17.170143,18.063164,16.49174,80.23507,4.4972177,1.344108,84.78795,75.04969,5.8204536,3.0226092
24.0,120.0,2014-02-01,2014-03-05,32,25,17.830097,18.71327,17.166695,80.87991,4.936824,0.8584166,85.044044,75.494385,6.3128657,3.259382
22.0,122.0,2014-02-01,2014-03-06,33,25,21.626623,22.023243,21.109121,75.06239,7.14797,1.0910336,78.61187,72.10151,8.632839,5.7765856
25.0,120.0,2014-02-01,2014-03-06,33,25,15.648447,17.769218,14.219244,82.88088,4.5461206,1.2371408,88.80327,73.895134,6.1566143,2.5711856
24.0,121.0,2014-02-01,2014-03-06,33,25,16.839645,18.934244,15.502545,81.907394,3.2784817,2.9479554,87.75943,72.5646,4.610713,1.9026964
25.0,122.0,2014-02-01,2014-03-06,33,25,19.103443,19.796724,18.3461,75.427956,6.0140133,3.2208674,79.320496,71.84086,7.6842637,4.0519123
23.0,122.0,2014-02-01,2014-03-06,33,25,18.759005,20.07913,17.737795,78.01645,4.5634913,3.126102,83.103165,71.30884,5.7646766,3.510398
23.0,120.0,2014-02-01,2014-03-06,33,25,19.623362,21.192686,18.606583,79.1618,3.9403858,0.8079088,85.25509,70.264534,5.2875996,2.5125813
22.0,120.0,2014-02-01,2014-03-06,33,25,21.07886,22.451426,20.126705,76.74104,4.8393145,1.1834271,82.82329,69.07397,5.8751545,3.5635018
24.0,122.0,2014-02-01,2014-03-06,33,25,18.336792,19.660248,17.224224,77.24615,4.491599,4.8154006,82.06085,71.94356,5.7707644,2.9830194
22.0,121.0,2014-02-01,2014-03-06,33,25,20.882318,22.192383,19.92584,76.75109,4.7799597,1.1506951,82.330055,69.29029,5.873628,3.711898
23.0,121.0,2014-02-01,2014-03-06,33,25,18.014904,20.43983,16.494947,80.01846,2.2183378,3.1850004,87.23619,68.058784,3.0958855,1.3821771
24.0,120.0,2014-02-01,2014-03-06,33,25,18.44354,19.685362,17.532648,81.06291,5.351306,0.5810898,85.928986,74.509026,7.248727,3.1330469
25.0,121.0,2014-02-01,2014-03-06,33,25,17.623055,18.893383,16.635948,79.75733,5.0543914,1.3613461,84.49326,73.22102,6.672658,3.0295541
25.0,122.0,2014-02-01,2014-03-07,34,25,18.888783,19.408426,18.233498,74.48729,6.3605127,3.0517364,78.38798,70.54668,7.9703884,4.818566
24.0,121.0,2014-02-01,2014-03-07,34,25,16.686508,18.648043,15.404913,81.60804,3.6860101,3.1504614,86.989876,72.8959,4.775473,2.5004754
25.0,120.0,2014-02-01,2014-03-07,34,25,15.502119,17.32835,14.217072,81.71538,5.430455,1.1353449,87.770065,73.497986,6.5905085,4.1123257
22.0,122.0,2014-02-01,2014-03-07,34,25,21.37603,21.731298,20.949434,76.026024,7.734201,1.5039642,79.29233,73.56652,9.073528,6.4858303
23.0,120.0,2014-02-01,2014-03-07,34,25,19.573774,20.98565,18.667892,79.16663,4.5951676,0.7485011,84.47483,70.93507,5.592533,3.5522213
24.0,122.0,2014-02-01,2014-03-07,34,25,18.031788,19.119757,17.144102,76.62206,4.6863213,4.4939995,80.949196,71.405495,6.013057,3.342566
22.0,120.0,2014-02-01,2014-03-07,34,25,21.03227,22.38495,20.115158,77.2498,5.405441,1.1504931,82.70336,69.83863,6.3186855,4.3728995
23.0,122.0,2014-02-01,2014-03-07,34,25,18.467041,19.670372,17.632668,78.26183,4.827631,3.3169348,82.64545,72.30604,5.956189,3.728795
25.0,121.0,2014-02-01,2014-03-07,34,25,17.558876,18.672379,16.674118,79.13662,5.4315963,1.7168992,84.37185,73.18453,6.7870293,4.073454
24.0,120.0,2014-02-01,2014-03-07,34,25,18.391716,19.467056,17.51922,80.94524,6.099615,0.93942094,85.40311,75.0303,7.473396,4.552239
23.0,121.0,2014-02-01,2014-03-07,34,25,17.863358,20.164242,16.481758,79.86557,2.450217,2.9681191,86.35567,68.82475,3.2972682,1.6907638
22.0,121.0,2014-02-01,2014-03-07,34,25,20.772575,22.043852,19.882074,77.37077,5.350178,1.1537738,82.768425,70.42283,6.2594743,4.500049
24.0,121.0,2014-02-01,2014-03-08,35,25,16.800148,18.759762,15.583508,81.88469,3.3194354,2.3945355,87.59895,72.575714,4.3445582,2.1530557
25.0,122.0,2014-02-01,2014-03-08,35,25,19.146591,19.731611,18.399826,76.28697,6.174754,2.5165296,79.70473,73.19143,7.6028385,4.69292
23.0,122.0,2014-02-01,2014-03-08,35,25,18.592737,19.853815,17.756437,78.360374,4.582421,2.8347516,83.21124,71.85997,5.514307,3.5956705
23.0,120.0,2014-02-01,2014-03-08,35,25,19.641237,21.0781,18.687496,79.52641,4.352922,0.55363864,85.10264,71.037346,5.443377,3.2140565
24.0,122.0,2014-02-01,2014-03-08,35,25,18.249712,19.43187,17.401924,77.30649,4.6395307,3.6736774,81.72375,71.260414,5.8393917,3.4946172
22.0,120.0,2014-02-01,2014-03-08,35,25,21.029726,22.4294,20.10937,77.16728,5.1549377,0.6797531,82.296165,69.483925,6.1131988,4.086966
22.0,121.0,2014-02-01,2014-03-08,35,25,20.80705,22.121393,19.89186,77.13632,5.08634,0.9452559,82.643425,69.80991,6.0132627,4.315036
25.0,121.0,2014-02-01,2014-03-08,35,25,17.712818,18.870447,16.743345,80.6885,5.068007,1.2430032,85.845985,74.825264,6.360332,3.5157306
24.0,120.0,2014-02-01,2014-03-08,35,25,18.461435,19.45902,17.643547,81.36766,5.63983,0.55325776,85.86516,75.68814,7.0427074,3.9953394
23.0,121.0,2014-02-01,2014-03-08,35,25,17.9749,20.3953,16.525421,80.094246,2.2804425,2.4035382,86.95164,68.22608,3.165197,1.5474304
22.0,122.0,2014-02-01,2014-03-08,35,25,21.42485,21.84436,20.941635,75.69498,7.42774,1.3799798,79.53452,72.28725,8.589358,6.339245
25.0,120.0,2014-02-01,2014-03-08,35,25,15.671609,17.487188,14.401462,82.3004,4.995287,0.8487442,88.43394,73.57684,6.156051,3.6686845
22.0,122.0,2014-02-01,2014-03-09,36,25,21.562117,22.10669,20.885395,76.20643,7.212476,0.84500396,79.85595,72.76225,9.184098,5.35036
24.0,122.0,2014-02-01,2014-03-09,36,25,18.252327,19.547789,17.064543,78.928246,5.0048056,4.223808,83.44216,73.613914,6.503847,3.0821311
24.0,121.0,2014-02-01,2014-03-09,36,25,16.84922,18.876774,15.514523,82.62714,3.2902563,3.2150464,87.99836,74.33018,4.535194,1.9184384
25.0,122.0,2014-02-01,2014-03-09,36,25,18.790482,19.72287,17.83069,78.020035,6.3469086,3.9338894,82.51263,74.01309,8.058832,4.2506742
22.0,120.0,2014-02-01,2014-03-09,36,25,21.082973,22.548271,19.99983,77.46499,5.232243,1.241246,83.19151,69.42912,6.3115497,4.055163
23.0,122.0,2014-02-01,2014-03-09,36,25,18.7436,20.086773,17.613863,79.19373,4.661185,2.6156812,83.75284,73.26125,6.035296,3.2118695
23.0,121.0,2014-02-01,2014-03-09,36,25,18.087011,20.519253,16.55606,80.71515,2.4856122,2.707768,87.680244,69.01331,3.3825948,1.695827
24.0,120.0,2014-02-01,2014-03-09,36,25,18.389555,19.599411,17.422419,81.79007,5.585785,2.1610453,86.37585,76.78865,7.4479127,3.646655
25.0,121.0,2014-02-01,2014-03-09,36,25,17.402685,18.734705,16.307281,81.57637,4.983887,2.9287138,87.01675,76.46146,6.7114162,3.2622268
22.0,121.0,2014-02-01,2014-03-09,36,25,20.90541,22.329308,19.839184,77.45811,4.96359,0.9372914,83.1558,69.54145,6.3019075,3.6740136
23.0,120.0,2014-02-01,2014-03-09,36,25,19.631966,21.224321,18.534548,79.83234,4.3917665,1.6498762,85.81352,71.3363,5.5525036,3.0226808
25.0,120.0,2014-02-01,2014-03-09,36,25,15.466645,17.349886,14.132394,83.09501,4.696659,2.605867,89.279366,75.69451,6.2088737,3.0862544
24.0,120.0,2014-02-01,2014-03-10,37,25,18.343615,19.272175,17.610914,79.71089,6.018421,2.1596017,84.20797,73.65147,7.4260883,4.383594
22.0,120.0,2014-02-01,2014-03-10,37,25,20.98001,22.293106,20.080832,78.234665,4.9444532,1.6214987,83.06323,71.43249,5.977238,3.9618237
23.0,122.0,2014-02-01,2014-03-10,37,25,18.579147,19.792746,17.642313,79.977264,4.845762,3.3898401,84.47242,74.26764,6.0343432,3.586716
24.0,121.0,2014-02-01,2014-03-10,37,25,16.783833,18.61408,15.661774,81.36567,3.7282238,3.6625147,86.57036,72.984375,4.7583637,2.5110843
24.0,122.0,2014-02-01,2014-03-10,37,25,18.083502,19.148993,17.153193,78.444084,4.7501936,4.419045,82.81839,73.18729,6.029126,3.2732008
25.0,122.0,2014-02-01,2014-03-10,37,25,18.721899,19.363731,18.021751,75.900154,5.93541,3.144554,80.07599,72.24408,7.4126573,4.417409
22.0,122.0,2014-02-01,2014-03-10,37,25,21.42271,21.891314,20.864775,77.423065,7.3735294,1.4104694,81.40894,74.14664,8.941835,5.7180133
25.0,120.0,2014-02-01,2014-03-10,37,25,15.522582,17.287155,14.398293,80.447464,4.9680624,1.8234494,86.7056,71.387184,6.180231,3.5348852
23.0,120.0,2014-02-01,2014-03-10,37,25,19.538715,20.798311,18.66445,79.2377,4.4715505,2.0413456,84.25659,71.85847,5.5016785,3.3732407
23.0,121.0,2014-02-01,2014-03-10,37,25,17.974377,20.240105,16.603361,80.969574,2.4591024,3.5479975,86.82791,70.58855,3.283819,1.7512932
22.0,121.0,2014-02-01,2014-03-10,37,25,20.817804,22.046656,19.890474,78.21048,4.9391594,1.5683213,83.26157,71.64226,6.157555,3.7686744
25.0,121.0,2014-02-01,2014-03-10,37,25,17.43738,18.425129,16.553967,78.63357,5.272655,2.390252,83.70195,72.627495,6.5952873,3.9218082
22.0,120.0,2014-02-01,2014-03-11,38,25,21.218426,22.541742,20.309576,77.865555,4.897245,0.89217436,83.00435,70.64387,5.901761,3.8813257
24.0,122.0,2014-02-01,2014-03-11,38,25,18.418734,19.54887,17.583107,77.2923,4.3840494,2.9534833,81.491425,72.13817,5.5682817,3.268888
23.0,120.0,2014-02-01,2014-03-11,38,25,19.859808,21.309805,18.987213,79.20748,3.8868725,0.6964795,84.869286,70.96193,4.9293056,2.8163507
23.0,122.0,2014-02-01,2014-03-11,38,25,18.84702,20.0485,18.009943,79.118256,4.453662,2.414239,83.7021,73.168625,5.4294124,3.3929095
25.0,122.0,2014-02-01,2014-03-11,38,25,19.224367,19.702147,18.658127,74.93741,5.675218,1.6047614,78.627655,72.0352,7.128616,4.2206845
24.0,120.0,2014-02-01,2014-03-11,38,25,18.758404,19.864836,18.011677,80.250465,5.132992,0.9775465,85.455345,74.10225,6.459897,3.611023
23.0,121.0,2014-02-01,2014-03-11,38,25,18.22112,20.453585,16.976637,80.67759,2.2913465,2.4138575,87.0503,69.712326,3.025405,1.6694734
22.0,121.0,2014-02-01,2014-03-11,38,25,21.025713,22.26662,20.183395,78.066925,4.8514967,0.7128835,82.91571,71.07995,5.6847286,3.9752352
25.0,121.0,2014-02-01,2014-03-11,38,25,17.945257,18.95885,17.211018,79.021286,4.6756096,1.3413931,84.40029,73.099556,5.926867,3.1239007
24.0,121.0,2014-02-01,2014-03-11,38,25,17.124666,19.003922,16.027868,81.67862,3.1883721,2.6882105,87.58409,72.65571,4.3223586,2.0091233
25.0,120.0,2014-02-01,2014-03-11,38,25,15.923388,17.856487,14.639918,81.65517,4.544551,0.9873886,88.41309,72.23852,5.784457,2.9838865
22.0,122.0,2014-02-01,2014-03-11,38,25,21.65184,22.05351,21.139267,76.744606,7.0784,0.7130359,79.91869,73.75316,8.135142,5.9876614
25.0,122.0,2014-02-01,2014-03-12,39,25,19.947449,20.45626,19.353714,77.26801,5.6474986,2.2803943,80.807526,73.96658,6.5610743,4.531477
24.0,122.0,2014-02-01,2014-03-12,39,25,18.93108,20.137882,18.076393,78.3757,4.577992,2.8766334,82.677185,72.74248,5.5033007,3.5945525
22.0,120.0,2014-02-01,2014-03-12,39,25,21.54101,22.984892,20.613663,77.741486,5.1131206,1.0049887,83.5492,69.409424,6.1334114,4.041957
25.0,120.0,2014-02-01,2014-03-12,39,25,16.691195,18.726337,15.35903,83.08971,3.6169329,1.2602584,89.405266,73.02944,4.7843237,2.4114234
22.0,122.0,2014-02-01,2014-03-12,39,25,21.934088,22.332808,21.435932,76.66977,6.5089746,0.7138535,79.97642,73.97988,7.6294823,5.3584614
22.0,121.0,2014-02-01,2014-03-12,39,25,21.340004,22.73121,20.426983,77.53819,4.7391667,0.7958664,83.358116,69.27841,5.682728,3.7038324
23.0,121.0,2014-02-01,2014-03-12,39,25,18.61621,21.123735,17.150602,80.53733,2.2903275,2.041137,87.636765,68.062416,3.0468779,1.6192508
24.0,120.0,2014-02-01,2014-03-12,39,25,19.42613,20.55855,18.583199,81.41402,4.0589,0.7314743,86.02976,74.85983,5.3068304,2.7219381
25.0,121.0,2014-02-01,2014-03-12,39,25,18.699377,19.857111,17.883419,81.04788,3.8114011,1.4709171,85.86163,74.821495,4.7179723,2.7381244
23.0,122.0,2014-02-01,2014-03-12,39,25,19.210278,20.509283,18.350435,79.40784,4.0940614,1.9614868,83.61823,73.05293,4.9903502,3.1906648
23.0,120.0,2014-02-01,2014-03-12,39,25,20.379698,21.959082,19.379772,79.53614,3.4838266,0.7022534,85.48542,70.21536,4.422502,2.4405262
24.0,121.0,2014-02-01,2014-03-12,39,25,17.668385,19.725897,16.476765,82.41899,2.603389,2.0662377,88.29858,72.57327,3.3851612,1.6609089
24.0,121.0,2014-02-01,2014-03-13,40,25,18.111998,20.310663,16.770348,83.31354,2.652965,2.6364355,89.55147,73.247734,3.7362359,1.467546
24.0,120.0,2014-02-01,2014-03-13,40,25,19.843424,21.13587,18.7698,82.27362,4.1374288,1.0875951,87.415436,75.34092,5.628673,2.2474718
24.0,122.0,2014-02-01,2014-03-13,40,25,19.33376,20.607002,18.377481,80.2623,4.499324,3.593315,84.9727,74.22744,5.605455,3.2794094
23.0,120.0,2014-02-01,2014-03-13,40,25,20.84191,22.520054,19.73088,80.73088,3.3513055,0.85489976,87.02281,71.04319,4.4545317,2.1130002
22.0,121.0,2014-02-01,2014-03-13,40,25,21.793587,23.226118,20.899452,79.723175,4.199998,0.79996794,85.64488,71.32233,5.204403,3.2774007
25.0,121.0,2014-02-01,2014-03-13,40,25,19.000708,20.27619,17.967062,82.40011,3.888913,1.812385,87.31545,76.38882,5.282817,2.522246
22.0,120.0,2014-02-01,2014-03-13,40,25,22.024803,23.514542,21.092632,79.800545,4.5183544,0.82392335,86.194824,71.02865,5.502387,3.4069571
23.0,121.0,2014-02-01,2014-03-13,40,25,19.104555,21.694649,17.661442,81.78534,2.1161833,2.4103765,89.17126,69.040215,3.0345087,1.3051153
25.0,120.0,2014-02-01,2014-03-13,40,25,17.26084,19.448912,15.775792,84.501366,3.77496,2.1192417,91.07292,74.51582,5.1933837,2.3230965
23.0,122.0,2014-02-01,2014-03-13,40,25,19.658247,21.010382,18.794405,81.532814,3.8227966,2.531988,86.49008,74.605125,4.619524,3.0072374
22.0,122.0,2014-02-01,2014-03-13,40,25,22.34741,22.703253,21.872818,79.70401,5.850143,0.921427,83.2581,76.7696,6.9762836,4.757812
25.0,122.0,2014-02-01,2014-03-13,40,25,20.20822,20.754707,19.57022,79.5612,5.4545903,2.7636945,83.00045,76.51235,6.945522,3.9890084
23.0,122.0,2014-02-01,2014-03-14,41,25,19.977287,21.424332,19.061256,83.0231,4.242919,3.029104,87.44615,75.874695,5.2323875,3.019166
22.0,122.0,2014-02-01,2014-03-14,41,25,22.581375,22.904976,22.17959,81.5637,6.2989264,1.1324142,84.53087,78.772224,7.5295744,4.8635125
24.0,120.0,2014-02-01,2014-03-14,41,25,20.12672,21.37269,19.074772,82.81709,5.0397058,1.1927872,87.69368,75.94556,6.833636,3.3256881
25.0,122.0,2014-02-01,2014-03-14,41,25,20.269062,20.893974,19.44776,80.68887,6.061443,4.390644,84.52713,77.25278,7.7877693,4.5140147
24.0,121.0,2014-02-01,2014-03-14,41,25,18.49284,20.700903,17.138086,83.29825,3.3172808,3.0760248,89.111145,73.19457,4.5477123,2.0121021
24.0,122.0,2014-02-01,2014-03-14,41,25,19.607742,20.969044,18.630507,81.58652,4.9171767,5.0491376,86.0538,75.16019,6.2739625,3.4604053
23.0,120.0,2014-02-01,2014-03-14,41,25,21.11583,22.811207,19.995785,82.119026,3.7915528,0.83580244,88.35352,72.27296,4.86479,2.5386398
25.0,121.0,2014-02-01,2014-03-14,41,25,19.167627,20.463043,18.054977,82.20992,4.8899508,2.4268384,87.07763,76.14329,6.503643,3.3489313
22.0,120.0,2014-02-01,2014-03-14,41,25,22.295822,23.841616,21.320513,81.211716,4.3317943,0.8394702,87.04905,72.62182,5.4410915,3.2392206
23.0,121.0,2014-02-01,2014-03-14,41,25,19.476631,22.141245,17.898867,82.64665,2.3573966,2.7258356,89.719574,69.57857,3.2784965,1.5289354
22.0,121.0,2014-02-01,2014-03-14,41,25,22.080687,23.564766,21.121069,80.96649,4.354509,0.8290892,86.3894,72.67128,5.3349824,3.2612498
25.0,120.0,2014-02-01,2014-03-14,41,25,17.473974,19.57552,15.904586,83.833984,4.695524,2.5227442,89.83274,74.70754,6.2447357,3.1516747
24.0,121.0,2014-02-01,2014-03-15,42,25,18.159124,20.141916,16.78258,83.43139,3.7975929,3.9980645,88.715294,74.80906,4.842807,2.4709585
22.0,120.0,2014-02-01,2014-03-15,42,25,22.114126,23.628809,20.986757,81.20547,4.5074935,1.411395,86.782936,73.417534,5.765705,3.3473406
23.0,121.0,2014-02-01,2014-03-15,42,25,19.2621,21.696646,17.61114,82.907845,2.4483745,3.502306,89.216774,71.673294,3.4686272,1.470221
25.0,120.0,2014-02-01,2014-03-15,42,25,16.848194,18.565565,15.622467,83.43725,5.4380717,3.0111256,89.32913,76.08459,6.6294036,3.9658556
22.0,121.0,2014-02-01,2014-03-15,42,25,21.902105,23.353554,20.794096,80.973366,4.4565177,1.2137933,86.4903,73.49783,5.6828394,3.270917
25.0,121.0,2014-02-01,2014-03-15,42,25,18.678848,19.84471,17.737604,81.918106,5.675351,3.1112232,87.01328,76.50184,6.819849,4.229213
25.0,122.0,2014-02-01,2014-03-15,42,25,19.750393,20.369875,19.098413,80.58211,6.6211157,3.8241162,84.14773,77.33513,8.067011,5.03573
22.0,122.0,2014-02-01,2014-03-15,42,25,22.37069,22.895805,21.741583,81.17021,6.6038604,1.275744,84.871376,78.03419,8.3494425,4.946715
24.0,122.0,2014-02-01,2014-03-15,42,25,19.243507,20.477612,18.212408,81.93673,5.1264577,4.7132444,85.75901,76.79311,6.5315065,3.5632784
23.0,120.0,2014-02-01,2014-03-15,42,25,20.781197,22.441362,19.595758,82.28829,4.3250437,1.3908709,88.05449,73.77374,5.4718075,3.0041578
24.0,120.0,2014-02-01,2014-03-15,42,25,19.673552,20.919365,18.694683,82.84255,5.9745793,1.8934194,87.731575,77.03556,7.314469,4.295373
23.0,122.0,2014-02-01,2014-03-15,42,25,19.730623,21.046083,18.68983,82.90798,4.546015,3.5628839,87.00339,77.133224,5.999636,2.906325
22.0,122.0,2014-02-01,2014-03-16,43,25,22.234726,22.730024,21.627178,80.267166,7.3442006,1.5013633,83.90798,76.88144,8.547532,6.1405306
24.0,121.0,2014-02-01,2014-03-16,43,25,18.017164,19.776276,16.815502,82.96194,3.886969,5.089009,87.82775,75.60291,4.926063,2.8633914
22.0,120.0,2014-02-01,2014-03-16,43,25,21.948471,23.244701,21.024893,80.36992,4.7949204,3.322425,85.57722,73.500015,5.841516,3.854185
25.0,121.0,2014-02-01,2014-03-16,43,25,18.712116,19.65535,17.974512,80.63188,5.4807234,3.3924603,85.483086,75.191605,6.7471676,4.2901278
24.0,122.0,2014-02-01,2014-03-16,43,25,19.027225,20.175394,18.033533,81.736374,5.292697,5.7825956,85.31769,76.54012,6.3205647,4.202643
25.0,122.0,2014-02-01,2014-03-16,43,25,19.709631,20.13785,19.10924,79.552475,6.593961,4.088794,83.44316,75.89316,7.8182344,5.4847484
23.0,122.0,2014-02-01,2014-03-16,43,25,19.496624,20.772533,18.447678,82.44776,4.9846935,4.478505,86.54157,76.87527,6.0190687,3.8257937
23.0,120.0,2014-02-01,2014-03-16,43,25,20.668951,22.078886,19.722662,81.578514,4.4068656,3.2466626,86.84922,73.76812,5.5493383,3.4004722
22.0,121.0,2014-02-01,2014-03-16,43,25,21.77841,23.131948,20.748892,80.07401,4.8973494,2.3158028,85.0988,73.01345,5.8888454,3.9669082
25.0,120.0,2014-02-01,2014-03-16,43,25,17.00101,18.617186,15.953087,82.370605,5.2409167,3.0708804,88.00604,75.24622,6.512595,3.7743595
24.0,120.0,2014-02-01,2014-03-16,43,25,19.64085,20.623047,18.900944,82.15334,5.829274,3.0515018,86.41233,76.861435,7.358497,4.2924733
23.0,121.0,2014-02-01,2014-03-16,43,25,19.04025,21.29582,17.537945,82.4169,2.6175573,5.2879066,88.501015,72.124435,3.4270313,2.0302181
22.0,121.0,2014-02-01,2014-03-17,44,25,21.609915,22.953604,20.718071,79.534515,4.9885936,1.9690797,84.026184,72.56688,5.952471,3.8017929
25.0,120.0,2014-02-01,2014-03-17,44,25,17.112886,18.71179,15.963514,81.76316,5.5332203,2.3151493,87.63113,74.256744,6.946142,3.8032072
22.0,120.0,2014-02-01,2014-03-17,44,25,21.849619,23.244648,20.912764,79.56548,4.800745,1.8274786,84.36125,71.973076,6.0082088,3.720129
25.0,122.0,2014-02-01,2014-03-17,44,25,19.673838,20.463425,18.909975,78.14883,6.2914953,4.24775,81.76258,74.85113,7.7157745,4.640143
23.0,120.0,2014-02-01,2014-03-17,44,25,20.648169,22.15835,19.717323,80.714485,4.278417,1.7737676,86.008965,72.57175,5.5046983,2.9331977
24.0,122.0,2014-02-01,2014-03-17,44,25,18.80179,19.968054,17.838585,80.72221,4.911408,4.919974,84.20553,76.085144,6.225913,3.3336065
25.0,121.0,2014-02-01,2014-03-17,44,25,18.875332,20.060047,17.935375,79.744255,5.472248,3.4691706,84.77118,73.50198,7.154379,3.5052085
23.0,121.0,2014-02-01,2014-03-17,44,25,18.84182,21.07727,17.414711,81.920586,2.4836102,3.7542036,87.74145,71.631454,3.4151766,1.7011311
24.0,121.0,2014-02-01,2014-03-17,44,25,17.991417,19.811022,16.75155,82.54284,3.654046,4.1378846,87.915245,74.09853,4.9538636,2.137969
23.0,122.0,2014-02-01,2014-03-17,44,25,19.275251,20.4923,18.287863,82.14994,4.855323,4.4230714,85.98948,76.82438,6.086291,3.520514
22.0,122.0,2014-02-01,2014-03-17,44,25,22.04339,22.552095,21.445171,79.89171,7.343024,2.6415336,82.80112,76.93854,8.886971,5.561068
24.0,120.0,2014-02-01,2014-03-17,44,25,19.791758,20.914776,18.977327,81.36903,5.742662,2.1665287,86.29643,74.703674,7.5103865,3.646065
22.0,121.0,2014-02-01,2014-03-18,45,25,21.81657,23.140099,20.857372,78.2125,4.700155,0.8803036,83.6498,71.11893,5.6368713,3.751514
24.0,121.0,2014-02-01,2014-03-18,45,25,18.147978,20.055017,16.934381,82.354904,3.1084597,2.217892,87.695076,73.683334,3.9981627,2.1731558
24.0,122.0,2014-02-01,2014-03-18,45,25,19.178022,20.35363,18.166977,79.91915,4.806322,3.3111842,83.70457,74.65372,5.8844953,3.5621598
25.0,121.0,2014-02-01,2014-03-18,45,25,19.033445,20.13013,18.242424,80.343094,4.8491793,1.0952994,85.18723,75.034744,5.975354,3.8021045
22.0,120.0,2014-02-01,2014-03-18,45,25,22.043045,23.434336,21.07065,78.28471,5.071586,0.9660571,83.63473,71.08601,6.0964184,4.023449
23.0,121.0,2014-02-01,2014-03-18,45,25,19.12227,21.468496,17.603477,80.93589,2.4246736,2.2741961,87.5259,70.04624,3.1642714,1.7421837
25.0,120.0,2014-02-01,2014-03-18,45,25,17.313065,19.161995,15.991703,82.14447,4.597704,0.87389433,88.11402,73.35858,5.699731,3.525603
24.0,120.0,2014-02-01,2014-03-18,45,25,19.867943,20.935308,19.04988,81.10548,4.869331,0.8284241,85.853004,75.021736,6.13183,3.3368049
22.0,122.0,2014-02-01,2014-03-18,45,25,22.273605,22.751778,21.653242,78.017784,6.8696575,0.89638215,81.61587,75.05118,8.097587,5.5215454
23.0,122.0,2014-02-01,2014-03-18,45,25,19.579323,20.806772,18.599163,80.549385,4.5709295,2.2895324,84.73563,74.60332,5.6431427,3.4001975
23.0,120.0,2014-02-01,2014-03-18,45,25,20.848085,22.345503,19.85081,79.667725,3.8712308,0.87847227,85.49958,71.47497,4.841814,2.8442795
25.0,122.0,2014-02-01,2014-03-18,45,25,20.050646,20.538624,19.462631,78.11017,6.3109984,2.1863055,81.594734,75.07595,7.6808763,4.7446
22.0,122.0,2014-02-01,2014-03-19,46,25,22.551792,22.988194,21.991148,79.2842,6.3199463,3.3521557,81.90246,76.78993,7.6877337,4.931092
24.0,122.0,2014-02-01,2014-03-19,46,25,19.53761,20.75625,18.619146,80.66603,4.780972,4.4786363,84.78278,75.49884,6.0081434,3.4594445
23.0,122.0,2014-02-01,2014-03-19,46,25,19.929625,21.233126,18.994268,81.580025,4.263155,4.866819,85.516075,75.79256,5.4761586,3.0528877
23.0,120.0,2014-02-01,2014-03-19,46,25,21.080051,22.683954,20.033527,81.148506,3.9546857,2.7092261,86.41114,72.86206,5.2991524,2.7195406
25.0,121.0,2014-02-01,2014-03-19,46,25,19.362894,20.459894,18.460451,80.54566,5.1886206,2.1320639,85.3823,75.5108,6.6926856,3.3936484
24.0,120.0,2014-02-01,2014-03-19,46,25,20.156622,21.3765,19.210505,81.8561,5.3969946,1.5118884,86.34899,76.34757,7.189707,3.5571907
25.0,122.0,2014-02-01,2014-03-19,46,25,20.341255,20.875738,19.684956,78.827736,6.4155335,3.091461,82.28903,76.03606,7.865477,4.75186
23.0,121.0,2014-02-01,2014-03-19,46,25,19.465149,21.864824,17.991192,81.89774,2.2814994,4.718353,88.54662,70.77988,3.2523901,1.4923424
22.0,120.0,2014-02-01,2014-03-19,46,25,22.335234,23.767778,21.335243,79.44125,4.441167,4.183759,84.69977,71.605385,5.7863464,3.271771
22.0,121.0,2014-02-01,2014-03-19,46,25,22.087217,23.48102,21.10608,79.40766,4.2807493,3.204145,84.39376,71.97437,5.45331,3.27898
25.0,120.0,2014-02-01,2014-03-19,46,25,17.47083,19.342897,16.121466,82.78621,5.3464165,2.301226,88.4217,75.09493,6.681764,3.7682822
24.0,121.0,2014-02-01,2014-03-19,46,25,18.546898,20.574348,17.223713,82.56831,3.4611077,3.514738,88.39946,73.974724,4.6221495,2.2656007
24.0,120.0,2014-02-01,2014-03-20,47,25,20.05853,21.142403,19.204157,81.83211,5.610008,2.9650092,87.24947,75.542206,6.986202,4.101396
25.0,122.0,2014-02-01,2014-03-20,47,25,20.253515,20.884031,19.566881,78.090935,5.743059,5.1076465,82.08629,74.76901,7.3598437,3.8570163
23.0,121.0,2014-02-01,2014-03-20,47,25,19.544117,21.813913,18.15576,81.252106,2.2259142,3.934018,88.09583,70.057045,3.2099829,1.362563
22.0,121.0,2014-02-01,2014-03-20,47,25,22.15595,23.52053,21.19453,79.27739,4.3175883,3.4904444,85.53708,71.04243,5.4294147,3.1153805
24.0,121.0,2014-02-01,2014-03-20,47,25,18.527643,20.338709,17.326393,82.12295,3.2852302,4.700391,88.05452,73.825424,4.416011,2.1388352
25.0,121.0,2014-02-01,2014-03-20,47,25,19.235441,20.317707,18.285528,80.38033,5.1696,4.1805234,85.643,74.90467,6.515271,3.4393308
22.0,120.0,2014-02-01,2014-03-20,47,25,22.412413,23.81795,21.4319,79.238914,4.557941,1.9564029,85.13166,71.17275,5.828461,3.3582249
25.0,120.0,2014-02-01,2014-03-20,47,25,17.265867,18.881832,16.122038,82.80757,5.2130413,4.230039,88.88631,75.31404,6.4571767,3.628706
23.0,120.0,2014-02-01,2014-03-20,47,25,21.079815,22.61983,20.088974,80.9535,4.019165,2.190854,87.18157,71.77723,5.2290373,2.7566144
23.0,122.0,2014-02-01,2014-03-20,47,25,19.994837,21.201738,19.078947,80.96479,4.391087,4.798276,85.547806,74.81949,5.401388,3.3085737
24.0,122.0,2014-02-01,2014-03-20,47,25,19.558144,20.735785,18.581734,79.62918,4.3525968,5.6322474,84.40286,74.09362,5.596363,2.889791
22.0,122.0,2014-02-01,2014-03-20,47,25,22.60683,23.069565,22.018486,79.16709,6.538431,4.365459,83.127205,75.57172,7.720688,5.327266
24.0,122.0,2014-02-01,2014-03-21,48,25,19.20871,20.27482,18.296555,80.45312,4.9381084,6.4680815,83.33879,76.7617,6.398481,3.248938
22.0,120.0,2014-02-01,2014-03-21,48,25,22.231464,23.597221,21.262589,79.64975,4.6440625,1.4393231,84.56344,72.91909,5.769509,3.2799222
23.0,122.0,2014-02-01,2014-03-21,48,25,19.831543,20.994967,18.878176,81.892395,4.5289416,4.509544,85.29349,77.58326,6.010066,3.076294
23.0,120.0,2014-02-01,2014-03-21,48,25,20.772758,22.107515,19.865128,81.05304,4.582385,1.600914,85.58171,73.84707,5.811126,3.1702192
25.0,122.0,2014-02-01,2014-03-21,48,25,19.677221,20.259851,19.062634,78.09008,6.688175,5.2556977,81.303024,75.11327,8.337649,4.830545
22.0,122.0,2014-02-01,2014-03-21,48,25,22.47517,22.972008,21.908833,79.77534,6.780082,1.4417001,82.95096,77.09826,8.590885,5.0578423
24.0,121.0,2014-02-01,2014-03-21,48,25,18.155193,19.748383,17.090816,83.2378,3.8869505,5.3319163,87.9562,76.3836,5.300843,2.3595557
25.0,121.0,2014-02-01,2014-03-21,48,25,18.63615,19.537548,17.931705,80.67967,5.891348,4.1247168,85.19588,75.689575,7.1968865,4.4168735
25.0,120.0,2014-02-01,2014-03-21,48,25,16.67968,18.11107,15.626354,82.59877,5.6798296,3.1404612,88.163536,75.63374,6.9246306,4.196683
24.0,120.0,2014-02-01,2014-03-21,48,25,19.53772,20.460985,18.857077,82.29739,6.35888,2.6787949,86.600235,77.108284,8.045134,4.3475013
22.0,121.0,2014-02-01,2014-03-21,48,25,22.029709,23.279732,21.122105,79.74271,4.5024905,1.1958691,84.5173,73.425095,5.7808466,3.2474906
23.0,121.0,2014-02-01,2014-03-21,48,25,19.38639,21.470509,17.999292,82.018616,2.376406,4.265173,87.50772,72.851326,3.3344736,1.3628534
25.0,121.0,2014-02-01,2014-03-22,49,25,19.152908,20.121239,18.40525,81.050545,4.9469786,3.040743,86.00995,75.405876,6.11867,3.660335
23.0,121.0,2014-02-01,2014-03-22,49,25,19.246681,21.352749,18.03725,81.77571,2.3988104,3.6064618,88.10302,71.38826,3.273622,1.6203912
24.0,121.0,2014-02-01,2014-03-22,49,25,18.251781,19.940851,17.300972,83.182304,3.2703092,4.136168,88.56097,74.90467,4.438599,2.0801241
24.0,120.0,2014-02-01,2014-03-22,49,25,19.823675,20.78495,19.132383,82.18641,5.2010646,2.339753,87.127235,76.18984,6.8426824,3.5575538
23.0,122.0,2014-02-01,2014-03-22,49,25,19.743336,20.790869,19.045713,81.09937,4.3902755,3.5067444,85.287766,75.61179,5.4385047,3.3465576
25.0,122.0,2014-02-01,2014-03-22,49,25,20.189049,20.676285,19.614758,77.9621,6.172903,3.3933723,81.652084,74.94158,7.3829713,4.854126
23.0,120.0,2014-02-01,2014-03-22,49,25,20.823658,22.19958,19.923328,80.771774,4.025315,1.8028727,86.56788,72.64341,5.2943025,2.867251
24.0,122.0,2014-02-01,2014-03-22,49,25,19.300442,20.26345,18.582771,79.87342,4.512387,4.4875045,83.86728,75.132416,5.8324237,3.3063016
22.0,121.0,2014-02-01,2014-03-22,49,25,21.911963,23.108004,21.100815,79.009766,4.887509,1.8482678,84.20723,72.002396,5.810629,3.9064732
22.0,120.0,2014-02-01,2014-03-22,49,25,22.148537,23.464361,21.277266,78.981766,4.9098005,1.8883221,84.333954,71.46419,5.939024,3.7572174
25.0,120.0,2014-02-01,2014-03-22,49,25,17.064714,18.606424,16.007502,82.559715,4.810368,2.4691482,88.351395,74.55947,6.073274,3.533761
22.0,122.0,2014-02-01,2014-03-22,49,25,22.409058,22.779224,21.96877,78.51888,6.983404,1.7488568,81.808205,75.62437,8.295504,5.6986303
24.0,120.0,2014-02-01,2014-03-23,50,25,20.243275,21.276543,19.469591,83.3909,4.7418923,1.9989628,87.75039,77.58026,6.286272,3.069943
24.0,122.0,2014-02-01,2014-03-23,50,25,19.851812,20.964033,18.988775,81.82602,4.0927863,5.2791443,86.01203,76.29387,5.3121576,2.8446445
25.0,122.0,2014-02-01,2014-03-23,50,25,20.702137,21.163609,20.150654,80.57635,5.4056325,3.3527246,83.8937,77.34015,6.7406464,3.9967263
23.0,120.0,2014-02-01,2014-03-23,50,25,21.245552,22.730982,20.280014,81.82554,3.612888,2.3047493,87.30995,73.451775,4.7467895,2.390428
22.0,122.0,2014-02-01,2014-03-23,50,25,22.885899,23.303125,22.3706,79.521866,6.1180854,2.470461,82.79569,76.590935,7.3199596,5.100557
23.0,122.0,2014-02-01,2014-03-23,50,25,20.242624,21.444092,19.35918,82.24111,3.848026,4.595094,86.637596,76.26463,4.8711,2.9117954
22.0,120.0,2014-02-01,2014-03-23,50,25,22.583454,23.96162,21.666235,79.713455,4.277095,2.8395698,85.182785,72.110916,5.23739,3.3123662
25.0,120.0,2014-02-01,2014-03-23,50,25,17.669916,19.336823,16.530758,84.18418,4.3034053,1.6358029,90.15248,76.62405,5.5432973,2.848602
23.0,121.0,2014-02-01,2014-03-23,50,25,19.742762,21.985533,18.362251,82.58584,2.0215805,4.591814,89.38565,71.67979,2.8407373,1.274862
24.0,121.0,2014-02-01,2014-03-23,50,25,18.744867,20.497255,17.581993,84.12989,2.8010921,4.2781696,89.87193,75.81281,3.8338885,1.7979611
25.0,121.0,2014-02-01,2014-03-23,50,25,19.608282,20.575762,18.839092,82.712494,4.356918,2.3533478,87.312645,77.16891,5.606223,3.0898826
22.0,121.0,2014-02-01,2014-03-23,50,25,22.385986,23.721107,21.467842,79.68244,4.21103,2.468324,85.07637,72.301315,5.147008,3.2734215
24.0,122.0,2014-02-01,2014-03-24,51,25,20.011911,21.12121,19.22438,82.251564,4.664718,4.456041,86.26125,76.56466,5.76295,3.4020462
25.0,122.0,2014-02-01,2014-03-24,51,25,20.885593,21.38598,20.300299,80.54663,5.938174,3.4835956,84.21635,76.897865,7.1751194,4.6316957
24.0,120.0,2014-02-01,2014-03-24,51,25,20.527657,21.636162,19.673485,82.45566,5.154448,1.5140707,87.11102,76.43852,6.6106987,3.713952
23.0,120.0,2014-02-01,2014-03-24,51,25,21.461018,22.946465,20.453772,81.56073,3.8949325,1.5734274,87.09224,73.13518,5.045293,2.7651095
25.0,121.0,2014-02-01,2014-03-24,51,25,19.863768,20.998053,18.931486,81.907135,4.794156,2.3080626,87.22997,75.575066,6.0366173,3.47741
22.0,120.0,2014-02-01,2014-03-24,51,25,22.732948,24.098677,21.807476,79.80806,4.5366654,1.5741913,85.13075,71.98722,5.4508247,3.6744683
24.0,121.0,2014-02-01,2014-03-24,51,25,18.977531,20.89707,17.750969,83.778496,3.2114682,3.2789764,89.11206,75.00805,4.2327123,2.2060509
23.0,121.0,2014-02-01,2014-03-24,51,25,19.906118,22.20567,18.480389,82.939186,2.2775998,3.3451226,89.36301,71.57581,3.1109893,1.5568756
22.0,121.0,2014-02-01,2014-03-24,51,25,22.482285,23.820679,21.547739,80.06617,4.2718215,1.3420275,85.031784,72.46794,5.1914344,3.4515433
25.0,120.0,2014-02-01,2014-03-24,51,25,18.037762,20.017876,16.714266,83.656105,4.48841,1.8754752,89.247604,74.89292,5.821102,3.1856854
22.0,122.0,2014-02-01,2014-03-24,51,25,22.97258,23.341694,22.499619,80.18177,6.1429996,1.0738543,83.33194,77.449905,7.4577665,5.055655
23.0,122.0,2014-02-01,2014-03-24,51,25,20.396404,21.636211,19.540442,82.878685,4.136142,3.0787055,86.903046,76.691,5.2164826,3.0737383
25.0,121.0,2014-02-01,2014-03-25,52,25,19.629753,20.797417,18.6725,79.63786,5.237423,3.5198677,85.74616,73.47713,6.8338804,3.3945208
22.0,120.0,2014-02-01,2014-03-25,52,25,22.679062,24.082203,21.64922,79.1231,4.7800245,1.9277536,84.197014,71.70664,5.8851233,3.7603605
25.0,120.0,2014-02-01,2014-03-25,52,25,17.922285,19.75261,16.650126,81.71939,5.2334523,2.7705238,88.404495,73.286476,6.7911882,3.2908185
22.0,121.0,2014-02-01,2014-03-25,52,25,22.380928,23.738731,21.345966,79.05209,4.632689,1.8246042,83.9956,71.92366,5.773866,3.7263162
24.0,121.0,2014-02-01,2014-03-25,52,25,18.82069,20.688974,17.478537,81.952774,3.6585271,4.5701213,87.584015,73.653244,4.8979964,2.2102113
22.0,122.0,2014-02-01,2014-03-25,52,25,22.812119,23.26724,22.257963,78.92541,6.5810366,1.9974723,82.54927,75.64803,8.099895,5.260443
23.0,121.0,2014-02-01,2014-03-25,52,25,19.732412,22.047207,18.138939,81.61784,2.3950431,4.0331655,87.9362,71.05897,3.3625824,1.5843921
24.0,120.0,2014-02-01,2014-03-25,52,25,20.440645,21.507744,19.579643,80.82508,5.7343097,2.7053041,86.46724,74.95952,7.515188,3.631717
23.0,122.0,2014-02-01,2014-03-25,52,25,20.163933,21.411968,19.163769,81.2733,4.3385277,4.203072,85.5028,75.2318,5.584817,3.1646225
25.0,122.0,2014-02-01,2014-03-25,52,25,20.539524,21.251371,19.82615,78.30023,6.2157316,4.128329,82.76944,74.65209,7.774082,4.229852
23.0,120.0,2014-02-01,2014-03-25,52,25,21.357605,22.836298,20.313026,80.39775,4.2113466,2.1611373,86.24462,72.42648,5.5506544,2.834594
24.0,122.0,2014-02-01,2014-03-25,52,25,19.742786,20.894371,18.733376,80.41982,4.833717,5.182687,84.914024,74.87905,6.075979,3.431245
22.0,122.0,2014-02-01,2014-03-26,53,25,22.753687,23.250654,22.174028,77.93133,6.5728483,0.9842007,81.42629,74.8201,7.856387,4.9213467
24.0,122.0,2014-02-01,2014-03-26,53,25,19.588646,20.755064,18.670868,79.81416,4.532093,3.491286,84.26583,74.63628,5.6208773,3.438723
23.0,120.0,2014-02-01,2014-03-26,53,25,21.307364,22.86771,20.34706,79.90852,3.8049738,1.101918,86.24455,70.92875,4.9143953,2.767526
24.0,121.0,2014-02-01,2014-03-26,53,25,18.639414,20.59087,17.383049,82.40455,3.0985553,3.0443604,88.58116,73.11954,4.1027226,2.0093827
24.0,120.0,2014-02-01,2014-03-26,53,25,20.363453,21.541842,19.51722,81.12232,4.872553,1.3904004,86.7395,74.08394,6.3587146,3.2929368
23.0,121.0,2014-02-01,2014-03-26,53,25,19.577497,21.956865,18.096842,81.204475,2.2613068,2.762301,88.26806,69.96775,3.0329053,1.5474724
25.0,122.0,2014-02-01,2014-03-26,53,25,20.570591,21.262836,19.838081,77.80203,5.84428,2.701269,81.776825,74.608025,7.2055707,4.4918237
23.0,122.0,2014-02-01,2014-03-26,53,25,19.990948,21.229902,19.107347,80.93316,4.1722636,2.7854168,85.489426,74.83503,5.2411757,2.9114296
22.0,121.0,2014-02-01,2014-03-26,53,25,22.340582,23.709457,21.374706,78.00554,4.6143703,0.9597076,83.457054,70.49042,5.582193,3.461509
25.0,120.0,2014-02-01,2014-03-26,53,25,17.833176,19.851368,16.469418,81.94391,4.439997,2.3928266,89.26074,72.284424,5.692749,3.1512432
22.0,120.0,2014-02-01,2014-03-26,53,25,22.630543,24.014423,21.668467,77.78414,4.6745687,1.1658587,83.174805,70.19997,5.723297,3.568915
25.0,121.0,2014-02-01,2014-03-26,53,25,19.63366,20.837784,18.655506,80.118744,4.541548,2.2537305,85.6907,73.73883,5.9522285,2.9730246
25.0,121.0,2014-02-01,2014-03-27,54,25,20.048477,21.364086,18.91692,81.56393,4.5579667,2.5099347,86.91435,75.708885,6.2893195,2.6594663
23.0,122.0,2014-02-01,2014-03-27,54,25,20.550041,21.89589,19.505648,81.55618,3.8816144,2.519624,85.967735,75.31892,5.161768,2.673852
25.0,120.0,2014-02-01,2014-03-27,54,25,18.059034,20.033989,16.668173,83.359085,4.3529778,2.316757,89.84863,74.926544,5.941979,2.5799122
24.0,122.0,2014-02-01,2014-03-27,54,25,20.204021,21.51813,19.09761,80.70174,4.3048825,3.7754211,85.272125,74.93365,5.533139,3.1435914
22.0,122.0,2014-02-01,2014-03-27,54,25,23.136267,23.60544,22.510181,79.32538,6.042785,1.3189893,82.317345,76.29107,7.7322645,4.5936313
25.0,122.0,2014-02-01,2014-03-27,54,25,21.086226,21.835167,20.16975,79.47256,5.4258776,3.496034,83.3288,76.15936,7.283355,3.499152
23.0,120.0,2014-02-01,2014-03-27,54,25,21.725567,23.394722,20.604633,80.76256,3.674181,1.0907894,86.82175,71.77814,5.1391697,2.2668798
22.0,121.0,2014-02-01,2014-03-27,54,25,22.73191,24.146015,21.731113,79.18157,4.237313,1.2530664,84.451706,71.28372,5.3315325,3.1880267
24.0,121.0,2014-02-01,2014-03-27,54,25,19.153885,21.178164,17.739056,82.96823,2.9128425,2.788485,89.01587,74.00553,4.141151,1.577834
22.0,120.0,2014-02-01,2014-03-27,54,25,23.030832,24.458662,22.040098,78.49932,4.5112677,1.1369482,83.875,70.60564,5.493861,3.4688778
23.0,121.0,2014-02-01,2014-03-27,54,25,20.145256,22.594498,18.597244,81.602745,2.1101222,2.452256,88.39789,69.71419,3.0267608,1.3369259
24.0,120.0,2014-02-01,2014-03-27,54,25,20.729181,21.980541,19.721163,82.1625,4.8167553,1.4304504,87.49283,76.10121,6.789792,2.6191537
23.0,122.0,2014-02-01,2014-03-28,55,25,20.6054,21.911411,19.670137,82.35568,4.865291,2.2699342,86.6824,76.17104,5.880018,3.8389335
22.0,121.0,2014-02-01,2014-03-28,55,25,22.902954,24.280502,21.943707,79.58911,4.9700913,1.0238256,85.555176,71.95669,5.8388195,4.100171
23.0,120.0,2014-02-01,2014-03-28,55,25,21.92736,23.466387,20.915049,81.05201,4.2766566,1.1512378,87.19255,72.12891,5.2509246,3.1446137
25.0,122.0,2014-02-01,2014-03-28,55,25,21.112764,21.69413,20.54707,79.729645,6.33797,2.6811578,82.70418,76.64873,7.4617915,5.1892743
22.0,122.0,2014-02-01,2014-03-28,55,25,23.246477,23.656792,22.716822,80.33563,7.163348,1.0040649,84.020515,77.33068,8.444159,5.9265795
24.0,121.0,2014-02-01,2014-03-28,55,25,19.35639,21.353888,18.08562,82.79157,3.7557526,2.860219,88.08462,73.961296,4.68684,2.637388
24.0,120.0,2014-02-01,2014-03-28,55,25,21.01696,22.175165,20.21801,82.11917,5.577175,1.7266452,86.826904,75.5001,6.8473597,4.0198674
22.0,120.0,2014-02-01,2014-03-28,55,25,23.227678,24.665312,22.227348,79.01045,4.8812065,1.1536008,84.52264,71.48304,5.834122,3.874215
23.0,121.0,2014-02-01,2014-03-28,55,25,20.261229,22.69316,18.686447,81.74312,2.6518567,2.2893896,88.33176,70.404366,3.525443,1.9156879
25.0,120.0,2014-02-01,2014-03-28,55,25,18.591705,20.342606,17.389503,82.91135,5.251587,2.7817898,88.88614,74.0695,6.4742823,3.7669864
24.0,122.0,2014-02-01,2014-03-28,55,25,20.219847,21.446665,19.300543,81.13709,5.2161694,2.8904364,84.93206,75.71192,6.291737,4.115861
25.0,121.0,2014-02-01,2014-03-28,55,25,20.26056,21.394093,19.437447,81.21885,5.0983753,2.6491137,85.56765,75.19283,6.2559834,3.8191564
22.0,120.0,2014-02-01,2014-03-29,56,25,23.509768,24.897812,22.561708,79.23247,4.507203,1.9665625,84.60877,72.283646,5.6403127,3.4126825
25.0,120.0,2014-02-01,2014-03-29,56,25,18.923086,20.847075,17.442663,84.59468,4.452157,6.476754,90.69302,76.17746,5.8812013,2.7266965
24.0,122.0,2014-02-01,2014-03-29,56,25,20.447563,21.668316,19.554893,81.7069,4.5856614,4.3486104,85.852234,76.13901,5.7021375,3.3734217
23.0,120.0,2014-02-01,2014-03-29,56,25,22.224873,23.742651,21.205069,81.84738,3.6166863,3.2057252,87.830246,73.81629,4.838983,2.3651743
22.0,122.0,2014-02-01,2014-03-29,56,25,23.46999,23.892994,22.93834,80.81956,7.036512,1.3696362,84.06978,78.06775,8.170792,5.8955684
22.0,121.0,2014-02-01,2014-03-29,56,25,23.191418,24.516655,22.265171,79.73782,4.7108507,1.645744,84.94993,72.666405,5.7001886,3.8004513
24.0,121.0,2014-02-01,2014-03-29,56,25,19.60282,21.599005,18.263937,83.56319,3.0887344,6.4449377,89.86228,74.70472,4.206325,1.9656243
25.0,122.0,2014-02-01,2014-03-29,56,25,21.426285,22.02542,20.671568,80.65933,5.8010545,5.3192253,84.03823,77.573425,7.2558174,4.385342
24.0,120.0,2014-02-01,2014-03-29,56,25,21.277622,22.478432,20.314434,83.653145,4.7771163,5.9449077,89.07397,77.62269,6.163104,3.0453281
23.0,121.0,2014-02-01,2014-03-29,56,25,20.54439,22.885439,19.096123,81.762634,2.3776586,3.7067487,88.52619,70.89878,3.3900275,1.5337036
23.0,122.0,2014-02-01,2014-03-29,56,25,20.824167,22.11084,19.93535,82.69727,4.637319,3.4305646,87.04862,76.57981,5.580019,3.5469172
25.0,121.0,2014-02-01,2014-03-29,56,25,20.59227,21.819092,19.460705,82.34336,4.503426,7.402962,87.87056,76.25709,6.057533,2.980147
23.0,121.0,2014-02-01,2014-03-30,57,25,20.528477,22.770327,19.076746,82.43104,2.1759484,3.4491155,88.84116,71.75405,3.0853002,1.3801885
24.0,120.0,2014-02-01,2014-03-30,57,25,21.22786,22.347431,20.281021,83.33615,4.6028357,1.8230695,88.1311,77.227425,5.981731,3.0251827
25.0,121.0,2014-02-01,2014-03-30,57,25,20.39251,21.48558,19.483055,81.81752,4.5393543,3.4605603,86.56641,76.283615,5.8794527,3.0593421
25.0,122.0,2014-02-01,2014-03-30,57,25,21.165998,21.773403,20.559038,79.961624,5.791629,4.1032605,84.26486,76.459694,7.2488227,4.3584456
23.0,120.0,2014-02-01,2014-03-30,57,25,22.18246,23.649786,21.144434,81.92834,3.5681612,1.404058,87.536766,73.52537,4.667077,2.5317488
22.0,121.0,2014-02-01,2014-03-30,57,25,23.220648,24.561787,22.200123,80.08059,4.2073817,1.7985727,85.46977,72.77036,5.45325,3.0566447
24.0,121.0,2014-02-01,2014-03-30,57,25,19.57945,21.473457,18.292276,83.82199,3.0814495,3.8612573,89.11364,75.36753,4.0533123,2.0095065
22.0,122.0,2014-02-01,2014-03-30,57,25,23.528975,24.09938,22.845043,80.88323,6.1022587,2.245349,84.456345,77.51276,7.5538263,4.6662574
23.0,122.0,2014-02-01,2014-03-30,57,25,20.837566,22.09834,19.863207,83.1076,4.0148354,3.896505,87.49525,77.417244,5.09515,2.8799415
22.0,120.0,2014-02-01,2014-03-30,57,25,23.502005,24.894663,22.482237,79.5748,4.3546267,2.2236075,85.1263,72.12179,5.62183,3.1304398
25.0,120.0,2014-02-01,2014-03-30,57,25,18.746628,20.543451,17.426224,83.74508,4.434123,2.8814945,89.39747,75.68937,5.7835217,2.9742181
24.0,122.0,2014-02-01,2014-03-30,57,25,20.363855,21.4629,19.494728,81.77082,4.472696,4.5073147,86.15465,76.77324,5.771729,3.132439
22.0,122.0,2014-02-01,2014-03-31,58,25,23.6117,24.133028,22.995737,80.13315,5.98691,1.2327157,83.28454,77.21201,7.708239,4.2667513
24.0,121.0,2014-02-01,2014-03-31,58,25,19.67203,21.585411,18.325338,83.587776,2.8080168,3.614306,89.22262,75.0141,4.054786,1.300724
24.0,120.0,2014-02-01,2014-03-31,58,25,21.212149,22.36374,20.28736,83.28583,4.6011977,1.7777597,88.32424,77.05024,6.536981,2.3289192
23.0,121.0,2014-02-01,2014-03-31,58,25,20.690834,23.1386,19.096676,81.99693,2.0303783,2.900346,88.52519,70.70263,2.8610198,1.1269399
23.0,122.0,2014-02-01,2014-03-31,58,25,20.974157,22.280996,19.975782,82.534225,3.844628,3.2148304,86.41825,76.583275,5.0359087,2.5139909
25.0,120.0,2014-02-01,2014-03-31,58,25,18.674143,20.325525,17.421734,83.59253,4.6801906,2.9017217,89.54288,75.79392,6.056589,3.1061716
22.0,120.0,2014-02-01,2014-03-31,58,25,23.62498,25.114662,22.57226,79.22274,4.5208955,0.9446292,84.64864,71.45773,5.585426,3.4701834
25.0,121.0,2014-02-01,2014-03-31,58,25,20.531862,21.664228,19.551039,81.7493,4.7401347,3.599353,87.2775,75.87583,6.1219234,3.2411675
25.0,122.0,2014-02-01,2014-03-31,58,25,21.371197,22.085577,20.669336,79.52308,6.080061,4.847826,83.81898,75.44395,7.6348534,4.2301927
24.0,122.0,2014-02-01,2014-03-31,58,25,20.522337,21.737104,19.50663,81.18533,4.34229,4.8720875,85.14138,75.945045,5.5265007,2.8398085
23.0,120.0,2014-02-01,2014-03-31,58,25,22.236038,23.87727,21.144127,81.66262,3.4978204,1.0560181,87.47161,73.13757,4.768046,2.116128
22.0,121.0,2014-02-01,2014-03-31,58,25,23.32944,24.765512,22.316256,79.450714,4.1945133,0.9171634,84.86831,71.70537,5.4064717,3.04615
25.0,120.0,2014-02-01,2014-04-01,59,25,18.583237,19.992773,17.550701,82.89475,5.0507307,5.68032,88.00984,75.73557,6.1404195,3.783249
25.0,122.0,2014-02-01,2014-04-01,59,25,21.10882,21.80753,20.419296,80.42304,6.5445924,5.4093237,84.19269,77.11094,7.849627,5.136186
22.0,121.0,2014-02-01,2014-04-01,59,25,23.410679,24.830175,22.30332,79.757706,4.738839,2.7202673,85.08716,72.727005,5.76125,3.6031418
23.0,120.0,2014-02-01,2014-04-01,59,25,22.245903,23.74004,21.111607,81.15798,4.1736083,3.8971767,86.81248,73.491936,5.1693807,3.0365555
23.0,121.0,2014-02-01,2014-04-01,59,25,20.714249,22.973976,19.143045,82.05142,2.6099014,5.2022643,88.57677,72.05307,3.4066153,1.6966177
24.0,120.0,2014-02-01,2014-04-01,59,25,21.103327,22.129566,20.27958,82.28397,5.554962,5.4119177,86.446045,77.246574,6.8528576,4.1231003
25.0,121.0,2014-02-01,2014-04-01,59,25,20.221466,21.242443,19.422722,81.51809,5.2324953,5.5684724,85.993195,76.45477,6.316932,4.0788803
22.0,120.0,2014-02-01,2014-04-01,59,25,23.654844,25.097754,22.578066,79.749626,4.7262316,3.4478054,85.086525,72.548584,5.669195,3.8107977
24.0,121.0,2014-02-01,2014-04-01,59,25,19.576424,21.29024,18.365953,83.15371,3.7514935,6.7165437,88.07311,76.028015,4.8014193,2.46933
22.0,122.0,2014-02-01,2014-04-01,59,25,23.719032,24.258638,22.936235,80.499916,6.97971,2.4471345,83.71705,77.717255,8.475674,5.377697
24.0,122.0,2014-02-01,2014-04-01,59,25,20.474941,21.662304,19.438553,81.93439,5.334531,6.5538836,85.963486,77.08637,6.5484147,3.8791296
23.0,122.0,2014-02-01,2014-04-01,59,25,21.023401,22.289024,19.937504,82.67544,4.786278,4.932638,86.84308,77.25447,5.9402046,3.4421856
22.0,121.0,2014-02-01,2014-04-02,60,25,23.213707,24.454584,22.178984,80.46829,4.925009,3.9768353,84.97071,74.45154,5.8809896,3.9193103
23.0,120.0,2014-02-01,2014-04-02,60,25,22.15139,23.553808,21.101631,81.8258,4.6405697,3.2454822,86.88959,75.118835,5.9541473,3.343424
25.0,122.0,2014-02-01,2014-04-02,60,25,21.164585,21.91631,20.248207,79.76183,6.905271,6.0495906,84.07055,75.79983,8.357529,5.094697
24.0,121.0,2014-02-01,2014-04-02,60,25,19.626226,21.4102,18.284826,82.95066,4.285948,6.02823,88.330185,75.53628,5.4830446,3.0022886
25.0,121.0,2014-02-01,2014-04-02,60,25,20.354792,21.594414,19.254911,80.45969,5.9117517,5.4813523,86.216415,74.93857,7.123795,4.334813
22.0,120.0,2014-02-01,2014-04-02,60,25,23.413681,24.702784,22.412666,80.38561,4.504622,4.0769334,85.118095,74.06167,5.490223,3.3962371
24.0,120.0,2014-02-01,2014-04-02,60,25,21.191578,22.334473,20.220945,82.197655,6.25557,3.9981983,87.29258,76.70617,7.8604183,4.409684
23.0,121.0,2014-02-01,2014-04-02,60,25,20.581362,22.733881,19.02749,82.61297,2.8202145,5.2829866,88.75782,73.07234,3.805808,1.9179927
22.0,122.0,2014-02-01,2014-04-02,60,25,23.57456,24.08919,22.890831,80.87937,7.6084304,3.5617974,83.780754,78.34149,8.882242,6.3728657
24.0,122.0,2014-02-01,2014-04-02,60,25,20.446896,21.665703,19.354012,82.07494,5.50972,6.5935698,86.09015,76.88435,6.8658905,3.9739368
25.0,120.0,2014-02-01,2014-04-02,60,25,18.883778,20.700747,17.579865,82.291855,5.7210526,3.904204,88.46768,74.542854,7.1076093,4.135656
23.0,122.0,2014-02-01,2014-04-02,60,25,20.94297,22.181303,19.876225,82.87468,5.430124,4.867188,86.7879,77.35728,6.584215,4.25517
23.0,122.0,2014-02-01,2014-04-03,61,25,20.644323,21.824612,19.71578,80.665085,5.2850566,2.9577227,85.021286,75.160805,6.3905945,4.0901484
23.0,120.0,2014-02-01,2014-04-03,61,25,22.015226,23.34518,21.017982,80.258644,4.270254,1.3691334,85.496826,73.32889,5.29476,3.2285624
22.0,122.0,2014-02-01,2014-04-03,61,25,23.360407,23.842262,22.832144,78.55065,7.5638413,1.0050595,82.41669,75.20861,8.637195,6.41395
24.0,121.0,2014-02-01,2014-04-03,61,25,19.36225,21.108007,18.152176,81.18601,4.183304,3.91979,86.67258,73.84709,5.2400928,3.1004407
22.0,121.0,2014-02-01,2014-04-03,61,25,23.018261,24.275373,22.049253,78.801,4.8554296,1.5429306,84.01054,72.33172,5.7334676,3.823871
25.0,122.0,2014-02-01,2014-04-03,61,25,20.973583,21.488535,20.394573,76.16051,6.618864,3.3948877,79.42341,72.98056,7.8643994,5.4366307
24.0,120.0,2014-02-01,2014-04-03,61,25,21.070644,22.140152,20.21067,80.46456,5.978379,1.8033991,85.50544,74.921524,7.3262324,4.5978622
22.0,120.0,2014-02-01,2014-04-03,61,25,23.31555,24.563652,22.370064,78.414764,4.332698,1.6779712,83.32034,72.11041,5.449149,3.1987772
23.0,121.0,2014-02-01,2014-04-03,61,25,20.301186,22.368584,18.84461,81.060875,2.6675947,3.4928515,86.94828,71.83293,3.4799685,2.0000155
24.0,122.0,2014-02-01,2014-04-03,61,25,20.111912,21.157583,19.286976,79.35894,5.2529726,4.1784253,83.17121,74.67602,6.49516,4.051195
25.0,120.0,2014-02-01,2014-04-03,61,25,18.725018,20.460464,17.456993,80.631874,5.3506374,2.4061222,86.45388,72.57972,6.7310877,3.990104
25.0,121.0,2014-02-01,2014-04-03,61,25,20.23484,21.245964,19.388756,77.70787,5.6024947,3.132744,82.31579,72.15141,6.7862353,4.3321214
23.0,122.0,2014-02-01,2014-04-04,62,25,20.598755,21.70752,19.702333,80.05112,4.9821844,3.5522144,84.02093,74.92884,6.127389,3.7691267
25.0,122.0,2014-02-01,2014-04-04,62,25,21.229038,21.84683,20.482265,75.684,6.631908,3.6689417,80.16831,72.14233,8.094451,5.074156
25.0,120.0,2014-02-01,2014-04-04,62,25,19.011154,20.902472,17.696526,80.51669,4.6023493,3.2590928,87.474014,70.86834,5.934792,2.9272907
24.0,121.0,2014-02-01,2014-04-04,62,25,19.486952,21.318497,18.24624,80.6415,3.3443651,4.04446,86.478264,71.68449,4.6161227,1.9459475
22.0,122.0,2014-02-01,2014-04-04,62,25,23.324287,23.821812,22.679249,78.134384,7.7108474,1.3122232,81.79995,75.496994,9.039803,6.370529
23.0,120.0,2014-02-01,2014-04-04,62,25,22.095722,23.579937,21.073755,78.59368,3.8565867,2.114531,84.75295,70.34689,4.8649063,2.811943
22.0,120.0,2014-02-01,2014-04-04,62,25,23.317417,24.720161,22.295551,76.635895,5.0179834,1.8382095,82.81143,68.92171,6.137884,3.852953
23.0,121.0,2014-02-01,2014-04-04,62,25,20.26391,22.477383,18.776596,79.44092,2.5802135,3.614622,86.32833,69.04216,3.3722558,1.8938789
24.0,120.0,2014-02-01,2014-04-04,62,25,21.312302,22.449848,20.468971,79.833885,4.9576654,2.548949,85.19588,72.94973,6.491034,3.294122
22.0,121.0,2014-02-01,2014-04-04,62,25,22.99021,24.35233,21.999868,77.40499,5.2481666,1.3757111,83.18433,69.984314,6.144835,4.356685
25.0,121.0,2014-02-01,2014-04-04,62,25,20.586496,21.75893,19.63696,77.68362,5.0204988,3.403899,83.682816,70.932434,6.389103,3.467349
24.0,122.0,2014-02-01,2014-04-04,62,25,20.139788,21.221107,19.232124,78.38389,4.9121013,4.3066053,82.60427,73.43639,6.1344967,3.4478378
24.0,120.0,2014-02-01,2014-04-05,63,25,21.433237,22.540102,20.531034,81.628204,4.5556307,3.6829805,87.112236,75.567116,6.398017,2.8147266
22.0,120.0,2014-02-01,2014-04-05,63,25,23.603994,24.873169,22.696962,78.16348,4.6993794,4.83349,84.045105,70.872025,5.7829027,3.5989344
23.0,122.0,2014-02-01,2014-04-05,63,25,21.071106,22.270508,20.114332,81.53328,4.5103636,5.6034484,86.207726,75.72523,5.5943923,3.3474152
25.0,121.0,2014-02-01,2014-04-05,63,25,20.863604,22.007593,19.855968,79.76883,4.795801,2.9818456,85.338104,74.015236,6.3403296,3.2434664
23.0,120.0,2014-02-01,2014-04-05,63,25,22.285341,23.702953,21.29464,80.26833,3.5139847,3.8317509,86.38731,72.09102,4.7026143,2.493274
22.0,122.0,2014-02-01,2014-04-05,63,25,23.748274,24.1775,23.175625,79.99106,7.0896397,3.799713,83.40308,76.75526,8.345742,5.5603228
22.0,121.0,2014-02-01,2014-04-05,63,25,23.339476,24.605463,22.39977,78.927055,4.788505,3.390161,84.63374,71.7546,5.730064,3.7806168
24.0,122.0,2014-02-01,2014-04-05,63,25,20.647354,21.834702,19.610521,79.6741,4.3419,5.560115,84.256165,74.3621,5.735654,3.0719912
25.0,122.0,2014-02-01,2014-04-05,63,25,21.684631,22.328257,20.764717,77.74322,6.2244062,3.4966705,81.79078,74.48958,7.8611603,4.4025335
25.0,120.0,2014-02-01,2014-04-05,63,25,19.185074,21.100698,17.815533,82.096436,4.5185137,2.8509188,89.31586,73.92371,6.1564784,2.7111094
23.0,121.0,2014-02-01,2014-04-05,63,25,20.661667,22.938671,19.247929,80.62776,2.2253683,5.1922245,87.7636,69.91124,3.0635247,1.4380227
24.0,121.0,2014-02-01,2014-04-05,63,25,19.814781,21.720108,18.516094,81.954285,2.9503284,5.0478764,88.37378,73.39563,4.3623834,1.6099024
22.0,121.0,2014-02-01,2014-04-06,64,25,23.42857,24.755014,22.3152,79.60858,4.730096,2.4507253,84.476204,73.69581,5.7649555,3.740414
24.0,121.0,2014-02-01,2014-04-06,64,25,19.703398,21.406445,18.41671,83.05926,3.4978309,5.372024,88.045296,76.33055,4.617677,2.3234708
24.0,122.0,2014-02-01,2014-04-06,64,25,20.483702,21.661592,19.457777,81.14079,4.7991548,5.993667,85.08901,76.56541,5.959939,3.3928797
22.0,122.0,2014-02-01,2014-04-06,64,25,23.756407,24.400084,22.970308,80.177986,7.1573596,2.7095175,83.2214,77.503395,8.703211,5.710183
23.0,120.0,2014-02-01,2014-04-06,64,25,22.28766,23.69706,21.208208,81.000206,4.1192427,2.6655695,86.332985,74.30809,5.2608385,2.9681153
23.0,122.0,2014-02-01,2014-04-06,64,25,21.079449,22.316065,19.97069,82.40869,4.7381563,5.1585526,86.08059,77.85623,5.9790916,3.480937
23.0,121.0,2014-02-01,2014-04-06,64,25,20.750881,22.914757,19.162672,81.98728,2.4100769,4.9003735,88.2372,73.07392,3.1738153,1.7280545
25.0,122.0,2014-02-01,2014-04-06,64,25,21.322535,22.065395,20.721846,78.60979,6.5688233,4.259964,82.46676,75.02997,7.794058,5.0603275
25.0,121.0,2014-02-01,2014-04-06,64,25,20.552763,21.62206,19.762745,80.34298,5.13987,3.6389277,85.167755,75.61064,6.3238463,3.8669715
22.0,120.0,2014-02-01,2014-04-06,64,25,23.70876,25.079453,22.56275,79.42695,4.473944,2.5825613,84.81216,72.855415,5.6357255,3.4167035
24.0,120.0,2014-02-01,2014-04-06,64,25,21.235289,22.311949,20.395433,82.1003,5.439551,3.1469834,86.48326,77.14716,6.893488,3.7972467
25.0,120.0,2014-02-01,2014-04-06,64,25,19.024176,20.563526,17.880812,82.311325,4.8816915,3.0737417,88.03027,74.97081,6.171459,3.4472132
25.0,121.0,2014-02-01,2014-04-07,65,25,20.986801,22.004675,20.061415,79.73497,4.7380114,2.7970214,85.37808,74.17087,6.144619,2.964343
22.0,120.0,2014-02-01,2014-04-07,65,25,23.749218,25.079039,22.822105,78.69481,4.5301933,1.5822681,83.83346,71.40905,5.5062656,3.6293626
24.0,122.0,2014-02-01,2014-04-07,65,25,20.674639,21.634205,19.851555,80.29629,4.3182735,4.053885,84.134285,75.54472,5.7089124,2.8527327
23.0,122.0,2014-02-01,2014-04-07,65,25,21.145334,22.222727,20.33829,81.36231,4.4594073,3.554466,85.537674,76.196976,5.7008533,3.1237206
22.0,121.0,2014-02-01,2014-04-07,65,25,23.467844,24.750935,22.565702,78.74359,4.606964,1.3053211,83.86334,71.622765,5.608118,3.6545053
24.0,121.0,2014-02-01,2014-04-07,65,25,19.920177,21.579145,18.785511,82.4814,3.0968323,4.1902995,88.079834,75.04592,4.5009403,1.6363465
22.0,122.0,2014-02-01,2014-04-07,65,25,23.836468,24.224737,23.295172,78.98876,6.8842115,1.5342016,82.23545,76.20198,8.291248,5.390629
25.0,120.0,2014-02-01,2014-04-07,65,25,19.478083,21.198711,18.260344,82.21754,4.45939,2.6187515,89.22707,74.2525,6.11409,2.4430423
23.0,121.0,2014-02-01,2014-04-07,65,25,20.775852,22.875376,19.408934,81.2551,2.2218258,3.3283308,87.49258,71.330956,3.0499039,1.5121897
23.0,120.0,2014-02-01,2014-04-07,65,25,22.467958,23.958738,21.511938,80.59667,3.6303878,1.5645679,86.24627,72.403076,4.861535,2.517814
25.0,122.0,2014-02-01,2014-04-07,65,25,21.730127,22.310875,20.981264,77.80784,6.140204,2.6648786,81.62187,74.04987,7.512597,4.7014947
24.0,120.0,2014-02-01,2014-04-07,65,25,21.606909,22.656645,20.78788,81.81256,4.7312737,2.4337075,87.07032,76.11301,6.460369,2.8203242
22.0,121.0,2014-02-01,2014-04-08,66,25,23.61303,24.915102,22.60684,79.38672,4.5746455,1.8522452,84.574554,72.92004,5.5833693,3.531913
23.0,120.0,2014-02-01,2014-04-08,66,25,22.698633,24.116005,21.65105,80.71809,3.4635665,1.8629264,86.62748,73.07308,4.482217,2.5325499
24.0,120.0,2014-02-01,2014-04-08,66,25,21.797426,22.816904,20.813105,81.63819,4.40381,2.4525278,86.6629,75.914825,5.9176164,2.83145
22.0,120.0,2014-02-01,2014-04-08,66,25,23.88846,25.19016,22.873686,79.0083,4.4693294,2.1162229,84.17319,72.23609,5.6877766,3.178428
25.0,121.0,2014-02-01,2014-04-08,66,25,21.06749,22.115078,20.054708,80.64416,4.6581316,3.505382,85.64827,75.27748,6.083467,3.2920587
25.0,120.0,2014-02-01,2014-04-08,66,25,19.61233,21.316587,18.15183,81.968605,4.2962556,3.1301696,88.13749,74.10098,5.71305,2.6270018
24.0,121.0,2014-02-01,2014-04-08,66,25,20.131802,21.84689,18.780462,82.58821,3.0011082,4.3122654,88.490105,74.462036,4.044658,1.7676605
23.0,121.0,2014-02-01,2014-04-08,66,25,21.027407,23.183477,19.50383,81.71345,2.2330918,3.7292266,88.47918,71.49553,2.9303513,1.5969216
22.0,122.0,2014-02-01,2014-04-08,66,25,23.958332,24.448193,23.37191,79.55095,6.8821216,1.827526,82.674034,76.80215,7.966203,5.775035
24.0,122.0,2014-02-01,2014-04-08,66,25,20.946772,22.093334,19.9393,81.06717,4.399469,4.8307605,84.92536,76.05891,5.523003,3.301737
25.0,122.0,2014-02-01,2014-04-08,66,25,21.871132,22.530771,21.108925,79.283875,5.8025146,4.023264,82.4907,76.14637,7.146064,4.506699
23.0,122.0,2014-02-01,2014-04-08,66,25,21.37334,22.565674,20.37536,81.71187,4.4929304,3.7037451,85.60648,76.251396,5.3525586,3.406564
23.0,122.0,2014-02-01,2014-04-09,67,25,21.358692,22.485596,20.453272,81.330956,4.263655,3.7088451,84.79289,76.61369,5.2835526,2.9363532
25.0,121.0,2014-02-01,2014-04-09,67,25,21.1664,22.242426,20.117096,80.148834,5.031169,2.2014368,85.59064,74.998245,6.4329195,3.4246845
22.0,121.0,2014-02-01,2014-04-09,67,25,23.604126,24.901352,22.66041,78.35888,4.5280614,2.1852505,83.12406,71.508156,5.5539775,3.614114
25.0,122.0,2014-02-01,2014-04-09,67,25,22.004742,22.61838,21.265415,78.55677,5.864517,3.311673,82.37605,75.506035,7.2491155,4.295391
23.0,121.0,2014-02-01,2014-04-09,67,25,20.970295,23.11501,19.493708,81.50516,2.1893694,4.396101,87.618034,71.42858,2.961257,1.4150625
24.0,121.0,2014-02-01,2014-04-09,67,25,20.109852,21.84982,18.799274,82.607956,3.2418952,3.7671332,88.26729,74.93482,4.3884764,1.8687893
22.0,122.0,2014-02-01,2014-04-09,67,25,23.991728,24.43874,23.5,78.37625,6.757429,1.4941797,81.38602,75.94328,7.912958,5.453631
25.0,120.0,2014-02-01,2014-04-09,67,25,19.511011,21.169668,18.209309,81.92214,4.8203106,1.9188437,88.629395,74.120125,6.2429423,3.0395799
24.0,122.0,2014-02-01,2014-04-09,67,25,20.959988,22.028555,20.04792,80.85862,4.3796706,4.879042,84.77963,76.21521,5.3704033,3.0622897
22.0,120.0,2014-02-01,2014-04-09,67,25,23.858051,25.149185,22.93252,77.90036,4.4693794,3.8516624,82.97254,70.9538,5.7011647,3.2380352
24.0,120.0,2014-02-01,2014-04-09,67,25,21.79982,22.822548,20.871973,81.4006,5.133686,1.8956385,87.22458,75.84943,6.7496467,3.0449739
23.0,120.0,2014-02-01,2014-04-09,67,25,22.665743,24.075317,21.670914,80.26904,3.7569373,2.5262988,86.150604,72.38063,4.843032,2.436176
23.0,120.0,2014-02-01,2014-04-10,68,25,22.930761,24.391674,21.92118,79.93939,3.2513561,1.2944684,86.33038,71.395966,4.2234364,2.180351
22.0,120.0,2014-02-01,2014-04-10,68,25,24.082598,25.413774,23.14393,77.536964,4.4989834,1.7236981,83.03274,70.17062,5.5413556,3.4151723
23.0,121.0,2014-02-01,2014-04-10,68,25,21.17617,23.41417,19.696222,80.90307,2.0483189,3.3020642,88.1122,69.99434,2.9320261,1.3123039
24.0,120.0,2014-02-01,2014-04-10,68,25,22.12907,23.2133,21.253393,81.619,4.1276684,1.412572,87.143524,74.92783,5.496378,2.5395555
25.0,122.0,2014-02-01,2014-04-10,68,25,22.322912,22.773794,21.759672,78.93903,5.283349,2.444978,82.27788,76.12604,6.4559417,3.8916147
25.0,120.0,2014-02-01,2014-04-10,68,25,19.94843,21.880299,18.59363,83.04611,3.7421649,1.6221234,89.981384,73.93164,5.015441,2.3790565
22.0,122.0,2014-02-01,2014-04-10,68,25,24.297314,24.699913,23.79234,77.57575,6.183229,1.1386786,81.00026,74.887924,7.434932,4.7865944
24.0,121.0,2014-02-01,2014-04-10,68,25,20.380344,22.221674,19.146242,82.59079,2.5835419,3.413911,88.69236,73.76234,3.7428207,1.3729225
23.0,122.0,2014-02-01,2014-04-10,68,25,21.65557,22.826157,20.782837,80.50479,3.9376829,3.2213452,84.69192,74.79303,4.968704,2.6891909
24.0,122.0,2014-02-01,2014-04-10,68,25,21.231762,22.30894,20.369532,80.271416,4.0421386,4.041963,84.476906,75.1391,5.2576237,2.7052794
22.0,121.0,2014-02-01,2014-04-10,68,25,23.818344,25.095684,22.881714,77.75121,4.318757,1.2197003,83.3968,70.65038,5.2494893,3.3800352
25.0,121.0,2014-02-01,2014-04-10,68,25,21.483492,22.503145,20.597603,81.07047,4.0697474,1.8181549,86.27448,75.15781,5.305998,2.686491
25.0,120.0,2014-02-01,2014-04-11,69,25,20.550596,22.627914,19.167656,83.61497,3.4575973,3.9872055,90.761475,73.25735,4.6406674,2.1856263
22.0,122.0,2014-02-01,2014-04-11,69,25,24.53035,24.90148,24.037159,79.34373,5.9093447,1.8890195,82.80144,76.401215,7.0483646,4.6526823
23.0,122.0,2014-02-01,2014-04-11,69,25,22.007061,23.257437,21.14316,81.63565,3.7738101,3.1606367,86.31066,75.52163,4.711626,2.687977
24.0,121.0,2014-02-01,2014-04-11,69,25,20.82685,22.820375,19.46853,83.06031,2.449071,4.0898976,89.47746,73.49861,3.398576,1.5607098
25.0,121.0,2014-02-01,2014-04-11,69,25,21.97278,23.193989,21.058228,81.65856,3.611659,3.609397,86.99827,74.76494,4.6417327,2.4929447
25.0,122.0,2014-02-01,2014-04-11,69,25,22.804602,23.315723,22.150679,79.89251,5.299519,3.0628278,83.96426,76.20169,6.245918,4.2568707
24.0,122.0,2014-02-01,2014-04-11,69,25,21.67025,22.850893,20.822021,81.13263,4.242832,3.5324938,85.389694,75.42765,5.096451,3.322828
22.0,120.0,2014-02-01,2014-04-11,69,25,24.382286,25.715054,23.459248,79.05892,4.324423,2.7762678,84.68052,71.85853,5.365235,3.459862
22.0,121.0,2014-02-01,2014-04-11,69,25,24.121061,25.413092,23.232437,79.42517,4.1693883,2.2046719,85.11942,72.29995,5.03245,3.3179526
24.0,120.0,2014-02-01,2014-04-11,69,25,22.557812,23.748648,21.691566,82.062965,3.8595498,3.5411913,87.54367,75.27858,5.070385,2.5104587
23.0,120.0,2014-02-01,2014-04-11,69,25,23.334019,24.833384,22.368868,80.86458,3.2169852,2.9239712,87.02559,72.523796,4.1102843,2.2249603
23.0,121.0,2014-02-01,2014-04-11,69,25,21.597193,23.902603,20.137602,81.88763,2.0777328,3.473899,88.938194,70.79053,2.9270263,1.4401412
23.0,120.0,2014-02-01,2014-04-12,70,25,23.585608,25.133705,22.548199,81.0875,3.3135407,2.5307345,87.313126,72.38348,4.5214777,2.0715556
24.0,120.0,2014-02-01,2014-04-12,70,25,22.870981,24.104345,22.029839,82.194756,4.224463,4.0804334,87.76131,75.314285,5.8359656,2.5328841
23.0,121.0,2014-02-01,2014-04-12,70,25,21.77013,24.063608,20.140097,81.411606,2.2886367,3.3464704,88.52965,70.16876,3.1812952,1.4348705
25.0,121.0,2014-02-01,2014-04-12,70,25,22.107195,23.337082,21.23978,81.56787,4.4164414,4.439763,87.29338,74.4011,5.5567627,3.087725
23.0,122.0,2014-02-01,2014-04-12,70,25,22.138823,23.407593,21.16558,81.75365,4.2448854,3.3809552,86.29793,75.51657,5.3743353,3.151405
22.0,122.0,2014-02-01,2014-04-12,70,25,24.705412,25.21377,24.049658,79.874954,6.391785,1.5405887,83.273994,76.799324,7.5924745,5.182118
24.0,121.0,2014-02-01,2014-04-12,70,25,21.061785,23.006142,19.728548,82.50435,3.0300558,4.8964586,88.78572,73.20567,4.233967,1.74492
25.0,122.0,2014-02-01,2014-04-12,70,25,22.796606,23.398205,22.184608,80.30783,5.7207603,3.580235,84.61423,75.93626,6.701967,4.2970905
24.0,122.0,2014-02-01,2014-04-12,70,25,21.761972,22.958145,20.800137,81.086334,4.5180354,4.027317,85.42938,75.41249,5.7793517,3.1784594
22.0,120.0,2014-02-01,2014-04-12,70,25,24.575272,25.937613,23.634619,79.09567,4.4099183,1.7760336,84.938995,71.48193,5.4946055,3.2482734
25.0,120.0,2014-02-01,2014-04-12,70,25,20.756786,22.582914,19.62659,83.75901,4.316019,5.331503,90.1254,75.043564,5.5864844,2.7107818
22.0,121.0,2014-02-01,2014-04-12,70,25,24.33722,25.695473,23.350918,79.395706,4.4369326,1.507174,85.1952,71.67221,5.3500433,3.5312002
25.0,122.0,2014-02-01,2014-04-13,71,25,22.836885,23.478706,22.167465,80.59387,5.8955293,4.897925,84.35556,77.08537,7.3873277,4.303023
22.0,121.0,2014-02-01,2014-04-13,71,25,24.42305,25.799034,23.369692,80.155304,4.5915117,1.8864554,85.82018,72.85197,5.722503,3.4729218
22.0,122.0,2014-02-01,2014-04-13,71,25,24.813938,25.282017,24.234419,80.678696,6.7735267,1.760875,84.134056,77.76758,8.302334,5.2146344
23.0,122.0,2014-02-01,2014-04-13,71,25,22.23327,23.54099,21.140253,82.40639,4.5732985,3.1335511,86.923584,76.459114,5.871719,3.2562613
24.0,120.0,2014-02-01,2014-04-13,71,25,23.017601,24.252426,21.975801,82.98204,4.7487183,2.3884673,88.455055,76.89566,6.5439873,2.8227563
25.0,121.0,2014-02-01,2014-04-13,71,25,22.224749,23.509165,21.133404,82.12179,4.672354,4.1236935,87.64705,75.983604,6.2615724,3.0162454
23.0,120.0,2014-02-01,2014-04-13,71,25,23.692408,25.313427,22.527237,81.68675,3.554758,1.669169,87.93203,73.12977,4.933349,2.2251866
23.0,121.0,2014-02-01,2014-04-13,71,25,21.841988,24.233505,20.152538,82.040596,2.4331636,3.2600465,89.34226,71.07383,3.562232,1.4799986
24.0,121.0,2014-02-01,2014-04-13,71,25,21.1736,23.170034,19.610191,83.30012,3.2370007,3.9740045,89.51895,75.01193,4.587721,1.9192572
25.0,120.0,2014-02-01,2014-04-13,71,25,20.9138,22.846128,19.47332,84.17051,4.5863433,3.743141,90.62691,75.70348,6.174201,2.7290058
24.0,122.0,2014-02-01,2014-04-13,71,25,21.795952,23.036728,20.751446,81.592804,4.6975245,4.7502193,85.73601,76.40994,6.134748,3.224798
22.0,120.0,2014-02-01,2014-04-13,71,25,24.658585,26.13459,23.557827,80.179,4.4170246,2.0864959,86.12924,72.43658,5.59501,3.3621464
23.0,122.0,2014-02-01,2014-04-14,72,25,22.369204,23.528584,21.468306,82.66166,4.414841,2.9920533,86.89893,76.97031,5.516407,3.081289
22.0,121.0,2014-02-01,2014-04-14,72,25,24.483383,25.814781,23.462553,80.5564,4.235099,1.142536,86.19012,73.4621,5.288018,3.1890411
25.0,120.0,2014-02-01,2014-04-14,72,25,20.875364,22.674166,19.51347,83.28349,4.9044905,4.048726,89.756134,75.03603,6.281078,3.196251
23.0,121.0,2014-02-01,2014-04-14,72,25,21.993393,24.231499,20.428173,82.36097,2.231639,2.7427247,89.25097,72.01103,3.1724014,1.4465753
22.0,122.0,2014-02-01,2014-04-14,72,25,24.858583,25.26668,24.353413,81.010315,6.453273,1.392171,84.339905,78.31083,7.82756,4.852583
24.0,120.0,2014-02-01,2014-04-14,72,25,22.931036,24.085732,21.960215,82.67923,4.9351225,2.4839349,88.287704,76.08677,6.339759,2.869677
22.0,120.0,2014-02-01,2014-04-14,72,25,24.719345,26.064747,23.718822,80.24942,4.116397,1.1487916,85.81199,73.10981,5.065219,3.1140623
23.0,120.0,2014-02-01,2014-04-14,72,25,23.691807,25.181744,22.616371,81.787926,3.5143824,1.2397332,88.13678,73.75314,4.632,2.3103044
24.0,121.0,2014-02-01,2014-04-14,72,25,21.238388,23.138466,19.828411,83.198555,3.3902552,3.9840271,89.30179,74.38499,4.389784,1.9541436
24.0,122.0,2014-02-01,2014-04-14,72,25,21.935942,23.019472,21.02996,81.839874,4.517266,3.4695008,85.94773,76.45748,5.6317053,3.3479269
25.0,122.0,2014-02-01,2014-04-14,72,25,22.878868,23.315454,22.324078,80.57311,5.859127,3.6425354,84.50395,77.289566,7.185198,4.482891
25.0,121.0,2014-02-01,2014-04-14,72,25,22.191841,23.297148,21.234503,81.77665,4.997941,4.1547723,87.302185,75.96138,6.2351036,3.5744178
24.0,120.0,2014-02-01,2014-04-15,73,25,22.799244,23.944298,21.948921,82.53588,4.638122,3.2246287,87.309875,76.42388,6.168258,2.9378314
25.0,120.0,2014-02-01,2014-04-15,73,25,20.692583,22.47214,19.43953,83.14109,4.733626,3.942704,88.92591,75.007935,6.22764,2.7442472
22.0,122.0,2014-02-01,2014-04-15,73,25,24.825996,25.325747,24.25083,79.8384,6.6625843,0.95669615,82.97454,77.18383,7.842278,5.2527184
22.0,121.0,2014-02-01,2014-04-15,73,25,24.45398,25.830206,23.404644,79.7416,4.218186,1.0412298,84.9784,72.704735,5.26814,3.1272361
24.0,122.0,2014-02-01,2014-04-15,73,25,21.75376,22.952133,20.873247,81.126595,4.141242,4.1773725,84.95668,76.377686,5.372149,2.687425
25.0,121.0,2014-02-01,2014-04-15,73,25,21.993015,23.13085,21.126963,81.079094,4.9921303,4.696941,85.85816,75.62398,6.269934,3.277604
23.0,122.0,2014-02-01,2014-04-15,73,25,22.31459,23.54685,21.347593,81.714096,4.4147606,3.0816393,85.34304,76.43263,5.5057945,3.1004934
23.0,121.0,2014-02-01,2014-04-15,73,25,21.942158,24.201832,20.347956,81.79544,2.0987406,3.1657152,88.6076,71.26723,2.937573,1.3628982
23.0,120.0,2014-02-01,2014-04-15,73,25,23.616798,25.148687,22.544283,81.42332,3.3316832,1.6129785,87.36353,73.22475,4.4566436,2.1828513
22.0,120.0,2014-02-01,2014-04-15,73,25,24.726433,26.182896,23.660538,79.53802,3.9482164,1.220217,85.01141,71.98487,5.1103106,2.6273632
24.0,121.0,2014-02-01,2014-04-15,73,25,21.130295,23.024452,19.850643,82.87951,3.2603877,4.7717023,88.45724,74.75684,4.34544,1.9128879
25.0,122.0,2014-02-01,2014-04-15,73,25,22.606247,23.246056,21.98918,79.50837,5.675267,4.1076403,83.36889,76.711395,7.0044994,4.063486
24.0,121.0,2014-02-01,2014-04-16,74,25,21.28011,23.066885,20.002169,84.166794,2.4205456,5.555954,90.24431,76.22207,3.4137204,1.3956575
24.0,120.0,2014-02-01,2014-04-16,74,25,22.985535,24.052351,22.154634,83.58542,3.8235092,4.1291094,88.78225,77.84193,5.225464,2.513789
23.0,120.0,2014-02-01,2014-04-16,74,25,23.853453,25.414526,22.819805,81.6503,3.0429764,2.6776927,87.959305,73.038605,4.088809,2.0886328
25.0,120.0,2014-02-01,2014-04-16,74,25,20.84707,22.469177,19.653551,84.81446,3.802938,4.4510694,91.293594,77.202614,5.0018826,2.40384
23.0,121.0,2014-02-01,2014-04-16,74,25,22.142136,24.429096,20.635918,82.22406,2.0589623,4.1039295,89.267624,71.34756,3.062691,1.2384089
22.0,122.0,2014-02-01,2014-04-16,74,25,25.126787,25.637764,24.43365,79.12475,5.9830346,0.79536986,82.49909,76.3598,7.492159,4.406271
23.0,122.0,2014-02-01,2014-04-16,74,25,22.593863,23.806646,21.62243,81.91474,3.802907,3.392259,86.027756,76.20593,4.972659,2.5044281
22.0,121.0,2014-02-01,2014-04-16,74,25,24.675064,26.038269,23.690815,79.275024,4.1604476,1.5078006,85.08347,71.70501,5.262035,3.1285326
24.0,122.0,2014-02-01,2014-04-16,74,25,22.056704,23.14415,21.190815,81.861145,4.0549693,5.2567306,86.033424,76.57951,5.1701655,2.9095285
25.0,121.0,2014-02-01,2014-04-16,74,25,22.27909,23.318457,21.43689,82.68444,4.241303,5.4390736,88.35046,76.89004,5.4339905,2.9576583
22.0,120.0,2014-02-01,2014-04-16,74,25,24.879307,26.288458,23.902725,79.52929,4.2535744,1.8778272,85.23211,71.67223,5.410596,3.0585787
25.0,122.0,2014-02-01,2014-04-16,74,25,23.044975,23.611485,22.314384,80.5278,5.523909,5.14748,84.57238,76.97592,6.803486,4.1659513
22.0,121.0,2014-02-01,2014-04-17,75,25,25.006641,26.45811,23.95727,80.04003,4.1845326,1.468507,86.88584,72.012634,5.079899,3.2164118
23.0,122.0,2014-02-01,2014-04-17,75,25,23.016796,24.31563,22.090742,82.62862,4.3864193,2.2158833,87.43086,76.23473,5.2788973,3.2613757
24.0,120.0,2014-02-01,2014-04-17,75,25,23.503355,24.625479,22.677973,83.392265,4.3780737,3.1752021,88.98916,77.058365,5.871745,2.854032
24.0,121.0,2014-02-01,2014-04-17,75,25,21.828276,23.829151,20.480352,83.45366,2.969191,3.7039208,90.02637,74.55372,4.0515246,1.7843024
22.0,120.0,2014-02-01,2014-04-17,75,25,25.155655,26.640322,24.07981,79.94156,4.08369,2.1158013,86.721146,71.9768,5.103788,2.9271684
23.0,120.0,2014-02-01,2014-04-17,75,25,24.228882,25.826889,23.089546,81.97807,3.3766778,2.3416152,89.42086,72.55446,4.476499,2.234449
22.0,122.0,2014-02-01,2014-04-17,75,25,25.475513,25.885561,24.983599,80.772575,6.3053145,0.8090216,84.367455,77.762566,7.5155406,5.0819817
25.0,120.0,2014-02-01,2014-04-17,75,25,21.588057,23.447172,20.348043,84.971375,4.0221233,5.1661677,91.23264,76.46984,5.4787774,2.291836
23.0,121.0,2014-02-01,2014-04-17,75,25,22.548,25.028082,20.843046,82.05822,2.1969976,2.8721638,90.21682,70.276276,3.1075919,1.371811
24.0,122.0,2014-02-01,2014-04-17,75,25,22.640312,23.81708,21.797783,82.68017,4.424315,2.4829102,87.1468,76.78421,5.4963098,3.0408883
25.0,122.0,2014-02-01,2014-04-17,75,25,23.722832,24.129702,23.246489,82.259476,5.209469,2.9223652,85.51535,78.95764,6.413949,3.9151895
25.0,121.0,2014-02-01,2014-04-17,75,25,22.922234,24.0198,22.102617,82.91584,4.0422435,4.1329975,88.45285,76.68403,5.333923,2.7631302
25.0,121.0,2014-02-01,2014-04-18,76,25,22.952383,24.23711,21.879858,83.08921,4.6990905,5.966877,88.00958,77.57061,6.234851,2.970929
25.0,122.0,2014-02-01,2014-04-18,76,25,23.770657,24.422949,23.059038,82.900215,5.629626,4.6352777,86.02261,79.942345,7.2797813,3.9412365
24.0,121.0,2014-02-01,2014-04-18,76,25,22.03683,24.248707,20.337442,83.236115,3.149901,7.0673428,89.591995,74.45859,4.4017935,1.7739067
22.0,121.0,2014-02-01,2014-04-18,76,25,25.192307,26.690569,24.035084,80.18313,4.278034,2.5220563,86.23734,72.319885,5.3596516,3.2007143
23.0,121.0,2014-02-01,2014-04-18,76,25,22.791533,25.399937,20.805122,81.743385,2.3406801,5.557638,89.439384,69.97882,3.3815744,1.4250183
24.0,120.0,2014-02-01,2014-04-18,76,25,23.647865,24.931059,22.608208,83.79167,4.6026573,4.6777024,88.85703,77.90798,6.323349,2.6297653
22.0,122.0,2014-02-01,2014-04-18,76,25,25.708189,26.189034,25.19022,81.25662,6.5406523,1.1960688,84.816956,77.922386,7.815491,4.91564
25.0,120.0,2014-02-01,2014-04-18,76,25,21.872454,23.833532,20.440943,84.36151,4.422102,5.559469,90.4263,76.70034,6.05064,2.380824
23.0,120.0,2014-02-01,2014-04-18,76,25,24.407682,26.075283,23.118208,82.24738,3.6034253,3.1630769,88.422646,73.47104,4.9676266,2.2586727
23.0,122.0,2014-02-01,2014-04-18,76,25,23.30713,24.844921,22.06623,82.64456,4.4432845,4.2372956,87.13023,76.18404,5.5891356,2.931634
22.0,120.0,2014-02-01,2014-04-18,76,25,25.372925,26.875662,24.191303,79.83614,3.9297712,2.5597477,86.000824,71.939514,5.3602314,2.6030426
24.0,122.0,2014-02-01,2014-04-18,76,25,22.866968,24.28526,21.645805,82.92048,4.2288175,5.7224717,87.13545,77.437164,5.7547174,2.5861554
22.0,121.0,2014-02-01,2014-04-19,77,25,24.905552,26.400034,23.693218,80.050026,4.568263,2.1623964,86.14018,72.24447,5.635389,3.516376
24.0,120.0,2014-02-01,2014-04-19,77,25,23.16933,24.304161,22.291357,81.708916,5.6338716,2.7288086,87.488846,75.214874,6.975599,3.8840964
25.0,122.0,2014-02-01,2014-04-19,77,25,23.039349,23.580172,22.475473,78.817215,6.4467607,2.7280414,83.96729,74.70974,7.8256,4.9629064
22.0,120.0,2014-02-01,2014-04-19,77,25,25.049463,26.56748,23.888277,79.63995,4.329513,3.0544252,85.80215,71.429665,5.4283795,3.1680546
23.0,120.0,2014-02-01,2014-04-19,77,25,23.980213,25.540123,22.807589,80.93772,4.1039524,2.1549253,87.56319,72.2255,5.1341677,2.9267097
22.0,122.0,2014-02-01,2014-04-19,77,25,25.384706,25.938765,24.712305,81.18199,6.7423387,2.0232358,84.707146,78.0114,8.2688675,5.122003
23.0,121.0,2014-02-01,2014-04-19,77,25,22.352837,24.769594,20.509995,81.27,2.524007,3.4821312,89.1863,69.68478,3.3314104,1.6752461
24.0,121.0,2014-02-01,2014-04-19,77,25,21.5472,23.438702,20.055014,81.9064,3.7851171,4.055861,88.32116,73.04085,4.9234715,2.3004622
25.0,121.0,2014-02-01,2014-04-19,77,25,22.384497,23.491133,21.494179,79.61138,5.406658,3.6280053,85.72183,73.67849,6.7737164,3.827072
25.0,120.0,2014-02-01,2014-04-19,77,25,21.25015,22.85796,20.011354,81.29319,5.26285,3.4218578,87.34148,73.43583,6.7172265,3.5011032
23.0,122.0,2014-02-01,2014-04-19,77,25,22.831505,24.189903,21.643023,82.25792,4.6366177,3.3434284,87.40876,76.0035,5.9197063,3.091583
24.0,122.0,2014-02-01,2014-04-19,77,25,22.212412,23.502632,21.122925,80.896,4.817796,3.1479633,86.12385,74.891205,6.208649,3.2495606
23.0,121.0,2014-02-01,2014-04-20,78,25,22.285303,24.624434,20.750439,81.40828,2.0921395,2.7877686,88.49934,70.43382,3.0829895,1.3154618
24.0,120.0,2014-02-01,2014-04-20,78,25,23.359495,24.593369,22.445341,81.8191,4.6013007,3.3662262,87.99354,74.760796,6.176583,2.7721004
24.0,121.0,2014-02-01,2014-04-20,78,25,21.566074,23.550196,20.219982,82.50813,2.8682308,3.5998414,88.96979,73.644485,4.0782223,1.6857449
22.0,122.0,2014-02-01,2014-04-20,78,25,25.349419,25.827139,24.802525,80.293755,6.2195034,2.8034844,83.94464,76.78269,7.334575,4.9145823
25.0,121.0,2014-02-01,2014-04-20,78,25,22.727276,23.961592,21.807251,80.20958,4.48061,3.728473,86.370995,73.287445,5.9341908,3.1086805
25.0,122.0,2014-02-01,2014-04-20,78,25,23.443924,23.986526,22.818394,78.36835,5.294504,3.215625,82.76689,74.52215,6.638389,4.171654
22.0,121.0,2014-02-01,2014-04-20,78,25,24.855888,26.222988,23.89,79.68953,4.3492613,2.4720635,85.67546,71.82141,5.3023853,3.3181193
22.0,120.0,2014-02-01,2014-04-20,78,25,25.054768,26.446108,24.075512,79.38034,4.276218,2.9202182,85.17408,71.60645,5.430476,3.1751065
24.0,122.0,2014-02-01,2014-04-20,78,25,22.293789,23.41607,21.375708,80.419495,3.960265,3.0848548,84.74472,74.91733,5.0502644,2.7682633
25.0,120.0,2014-02-01,2014-04-20,78,25,21.409267,23.209684,20.157352,82.26926,4.1961446,3.5698528,89.34125,73.8,5.652255,2.6431952
23.0,122.0,2014-02-01,2014-04-20,78,25,22.778418,24.03397,21.802046,81.90274,3.9279292,3.1220887,86.32831,75.83148,5.066662,2.6915786
23.0,120.0,2014-02-01,2014-04-20,78,25,24.085028,25.670969,22.997192,80.68359,3.569762,2.5520184,87.41264,72.01483,4.8432693,2.3098905
25.0,120.0,2014-02-01,2014-04-21,79,25,21.84315,23.60357,20.509853,83.493095,4.2735023,3.2117114,90.04521,75.304375,5.5050597,2.731249
23.0,120.0,2014-02-01,2014-04-21,79,25,24.439346,26.009027,23.3979,82.03467,3.326527,2.7103088,88.816536,73.68478,4.4206433,2.2219336
23.0,122.0,2014-02-01,2014-04-21,79,25,23.113836,24.338896,22.112665,83.56713,3.6377118,4.774056,88.29387,77.81224,4.6891837,2.3864272
22.0,122.0,2014-02-01,2014-04-21,79,25,25.622282,26.11251,25.076044,81.96105,5.3280787,2.1349018,85.90077,78.612144,6.511497,4.0163593
25.0,122.0,2014-02-01,2014-04-21,79,25,23.748909,24.219257,23.218988,81.47249,5.7464643,5.5636983,85.417946,77.93459,6.934538,4.333175
25.0,121.0,2014-02-01,2014-04-21,79,25,23.054129,24.160011,22.16312,81.681465,4.543681,3.1335833,87.41956,75.656746,5.838753,3.0454006
22.0,120.0,2014-02-01,2014-04-21,79,25,25.37349,26.757664,24.409365,80.57522,3.5944746,2.9246933,86.79551,72.87477,4.4477067,2.6829653
22.0,121.0,2014-02-01,2014-04-21,79,25,25.215435,26.583654,24.20668,81.02149,3.5448349,2.7031374,87.26778,73.29349,4.4941487,2.6395159
24.0,121.0,2014-02-01,2014-04-21,79,25,21.922832,23.738832,20.532627,83.41023,2.8796198,4.7404847,89.66438,75.26405,3.919246,1.7582725
24.0,122.0,2014-02-01,2014-04-21,79,25,22.628191,23.691856,21.73169,83.10143,4.244942,7.1777744,87.5932,78.0842,5.579148,2.8509035
24.0,120.0,2014-02-01,2014-04-21,79,25,23.649282,24.77477,22.704208,82.76077,4.348933,2.110791,88.42584,76.5109,5.7707105,2.8440294
23.0,121.0,2014-02-01,2014-04-21,79,25,22.706982,24.9702,21.148941,82.74598,1.9826174,5.3485494,90.16499,72.24666,2.8300893,1.2703483
24.0,120.0,2014-02-01,2014-04-22,80,25,23.710571,24.893145,22.703995,83.43379,4.8287024,2.8410351,89.02634,77.228935,6.46567,2.9217744
24.0,121.0,2014-02-01,2014-04-22,80,25,22.142492,24.00381,20.732607,83.77425,3.2942944,4.6362343,90.18146,75.308075,4.5261292,1.8754367
25.0,121.0,2014-02-01,2014-04-22,80,25,23.053728,24.243235,22.138096,82.22955,4.7261105,3.688966,87.702484,76.30243,5.8712807,3.3874962
25.0,122.0,2014-02-01,2014-04-22,80,25,23.731758,24.29645,23.142328,82.27246,5.797577,3.8266015,85.722664,78.65573,7.2132134,4.346375
22.0,121.0,2014-02-01,2014-04-22,80,25,25.31922,26.644676,24.281544,82.437836,3.8676026,1.9770823,87.9051,75.21411,4.91234,2.7495708
22.0,120.0,2014-02-01,2014-04-22,80,25,25.538467,26.90936,24.458252,81.79204,3.5922155,1.9110117,87.44964,74.44116,4.7732663,2.367802
23.0,121.0,2014-02-01,2014-04-22,80,25,22.953928,25.16708,21.320244,83.265625,2.1776915,3.71567,90.24469,72.824486,3.1276646,1.3124434
23.0,120.0,2014-02-01,2014-04-22,80,25,24.527336,26.016024,23.37171,82.877235,3.5925035,1.9149798,88.98862,74.86798,4.8569093,2.2983596
25.0,120.0,2014-02-01,2014-04-22,80,25,21.767174,23.423843,20.468632,83.64016,4.6852117,3.8725293,90.29163,75.68011,6.0442743,3.0204632
23.0,122.0,2014-02-01,2014-04-22,80,25,23.346424,24.594519,22.32873,84.435684,4.0772076,4.3531823,88.62643,78.8456,5.2664547,2.5310018
24.0,122.0,2014-02-01,2014-04-22,80,25,22.83111,23.98134,21.900454,83.749275,4.4423227,4.7743263,87.92721,78.88271,5.8126707,2.8402297
22.0,122.0,2014-02-01,2014-04-22,80,25,25.711702,26.182478,25.13708,83.72129,5.86584,2.622529,86.64813,81.1842,7.244102,4.2327104
22.0,120.0,2014-02-01,2014-04-23,81,25,25.533907,26.875006,24.494043,81.46826,3.5120902,2.56506,87.19173,74.08239,4.530322,2.602479
23.0,120.0,2014-02-01,2014-04-23,81,25,24.599306,26.077765,23.52687,82.72925,3.4394844,2.5685625,88.76894,74.61771,4.4991755,2.413096
24.0,121.0,2014-02-01,2014-04-23,81,25,22.166353,23.87474,20.90024,84.58339,2.854052,4.949241,90.38005,76.81994,3.9095645,1.7072548
22.0,121.0,2014-02-01,2014-04-23,81,25,25.367737,26.6756,24.357632,82.03995,3.8809257,3.6380506,87.671745,74.85674,4.772878,3.029298
24.0,120.0,2014-02-01,2014-04-23,81,25,23.81146,24.87146,23.016539,83.740585,4.4299664,2.5351484,88.78222,77.851204,5.810726,2.9047112
23.0,121.0,2014-02-01,2014-04-23,81,25,22.948698,25.108555,21.388922,83.59668,2.0548208,4.993798,90.53791,73.43085,2.9535918,1.303638
25.0,122.0,2014-02-01,2014-04-23,81,25,23.901348,24.348188,23.394203,81.907684,5.019211,3.6122668,84.73679,79.3869,6.337729,3.7340033
25.0,121.0,2014-02-01,2014-04-23,81,25,23.201288,24.210121,22.460005,82.710594,4.1620584,2.946833,87.93105,77.26163,5.460006,2.9210246
25.0,120.0,2014-02-01,2014-04-23,81,25,22.018902,23.597822,20.865185,84.276764,4.197097,2.8028357,90.853615,76.32766,5.584036,2.6983817
22.0,122.0,2014-02-01,2014-04-23,81,25,25.75794,26.181713,25.278881,83.12468,6.0712957,3.9766436,85.74546,80.72081,7.119727,4.9185753
23.0,122.0,2014-02-01,2014-04-23,81,25,23.338911,24.479965,22.455772,84.57799,4.175841,5.3293386,88.13083,79.38621,5.244551,3.1056845
24.0,122.0,2014-02-01,2014-04-23,81,25,22.876854,23.896757,22.048634,83.62956,3.8192031,5.6212354,86.71542,79.316986,5.16432,2.582705
24.0,121.0,2014-02-01,2014-04-24,82,25,22.29711,24.146034,20.87494,84.71602,2.9674172,6.4754395,90.92239,76.498985,4.004518,1.8316498
23.0,121.0,2014-02-01,2014-04-24,82,25,23.09647,25.38376,21.4242,83.06926,1.9766076,5.9119306,90.57163,72.204575,2.8796434,1.1536949
24.0,120.0,2014-02-01,2014-04-24,82,25,23.914946,25.007036,23.014385,84.738,4.451119,5.8550324,89.824066,79.03555,5.8327394,2.951
22.0,121.0,2014-02-01,2014-04-24,82,25,25.487999,26.856329,24.422802,81.65737,3.9508317,3.5752037,87.54871,74.256226,4.9201436,2.9771302
25.0,120.0,2014-02-01,2014-04-24,82,25,22.259644,23.995352,21.060947,85.4976,4.016009,5.5977674,91.53074,77.661026,5.431087,2.5993009
25.0,122.0,2014-02-01,2014-04-24,82,25,24.125261,24.669102,23.51027,82.10495,5.110847,3.2604108,85.61247,79.151825,6.3873143,3.7565143
24.0,122.0,2014-02-01,2014-04-24,82,25,23.081291,24.238813,22.076939,83.13082,4.0792894,5.261759,86.91446,78.235344,5.1610594,2.782694
22.0,122.0,2014-02-01,2014-04-24,82,25,25.886475,26.3708,25.316065,82.61144,6.0620904,3.8554523,85.92826,79.64615,7.363137,4.701632
23.0,122.0,2014-02-01,2014-04-24,82,25,23.4948,24.798828,22.413769,83.90258,4.154475,6.187808,88.2041,78.150665,5.312561,3.076445
22.0,120.0,2014-02-01,2014-04-24,82,25,25.62999,26.967602,24.611168,81.44545,3.527071,3.4702237,87.300316,74.10627,4.6704907,2.502071
23.0,120.0,2014-02-01,2014-04-24,82,25,24.71978,26.231203,23.627012,83.06058,3.2902212,5.2864766,89.36397,74.94158,4.310944,2.2999668
25.0,121.0,2014-02-01,2014-04-24,82,25,23.35198,24.39877,22.473736,83.52256,4.1997824,4.462193,88.514366,77.76488,5.3071566,2.9604902
23.0,120.0,2014-02-01,2014-04-25,83,25,24.708124,26.169693,23.668379,82.437294,3.1942124,4.929689,88.225174,74.65207,4.4404693,2.0985546
23.0,121.0,2014-02-01,2014-04-25,83,25,22.974167,25.144493,21.415483,82.47,2.096801,4.8486657,89.46576,72.46748,2.9165664,1.2584084
24.0,121.0,2014-02-01,2014-04-25,83,25,22.371853,24.206537,21.035782,83.73323,3.1716607,5.336795,89.49166,75.35282,4.439405,1.745783
25.0,120.0,2014-02-01,2014-04-25,83,25,22.349384,24.091307,21.04039,84.347565,4.364819,4.45881,90.051765,76.34891,6.032106,2.557735
22.0,121.0,2014-02-01,2014-04-25,83,25,25.352493,26.604746,24.399921,81.4342,4.3022447,3.9395468,87.04886,74.59343,5.225008,3.4603443
24.0,120.0,2014-02-01,2014-04-25,83,25,24.09955,25.259706,23.218657,83.72517,4.425818,5.4129424,88.551414,77.57122,6.0351567,2.6425104
25.0,121.0,2014-02-01,2014-04-25,83,25,23.515175,24.692001,22.618862,82.190285,4.6514115,4.4363804,86.98852,76.292435,6.0535793,3.2221973
22.0,120.0,2014-02-01,2014-04-25,83,25,25.572647,26.945385,24.506342,80.8018,3.917354,4.650148,86.54687,73.62575,5.0947337,2.8202486
24.0,122.0,2014-02-01,2014-04-25,83,25,22.99367,24.114738,22.14085,82.24121,4.139458,4.450719,86.27107,77.02943,5.3804145,2.5060618
25.0,122.0,2014-02-01,2014-04-25,83,25,24.12689,24.632662,23.561035,80.85893,5.659461,3.561588,84.088974,77.95097,7.024776,4.391794
23.0,122.0,2014-02-01,2014-04-25,83,25,23.353205,24.500507,22.510561,83.361496,4.4629245,3.838078,87.77058,77.66147,5.451778,3.2431202
22.0,122.0,2014-02-01,2014-04-25,83,25,25.731714,26.12063,25.31588,82.42325,6.7782,2.9243793,85.64855,79.504234,7.845044,5.5208354
22.0,122.0,2014-02-01,2014-04-26,84,25,25.791025,26.257587,25.213272,83.15813,6.138402,7.057484,85.96899,80.772224,7.924774,4.4206967
25.0,120.0,2014-02-01,2014-04-26,84,25,22.043686,23.71794,20.8277,83.622986,4.402965,5.6890845,89.72451,76.349815,5.791022,2.8850546
24.0,122.0,2014-02-01,2014-04-26,84,25,22.746597,23.71778,21.81563,82.55267,4.02793,7.620691,86.280334,78.22575,5.25107,2.629271
23.0,122.0,2014-02-01,2014-04-26,84,25,23.24918,24.323315,22.300621,84.29672,3.9382718,9.087979,87.95274,79.6503,5.3440447,2.530795
23.0,121.0,2014-02-01,2014-04-26,84,25,22.873037,24.812344,21.397636,83.000206,2.0191443,7.801662,89.24594,74.03485,2.7875304,1.2808671
22.0,121.0,2014-02-01,2014-04-26,84,25,25.414612,26.6485,24.434834,81.77553,4.1678677,5.770254,86.6499,75.75442,5.3354325,3.1116006
25.0,122.0,2014-02-01,2014-04-26,84,25,23.802116,24.411606,23.159092,80.15631,6.126701,5.901332,84.3612,76.87984,7.216706,4.9106884
24.0,121.0,2014-02-01,2014-04-26,84,25,22.106035,23.725098,20.824532,84.21491,2.978548,7.840725,89.50576,77.054756,4.172374,1.6572316
22.0,120.0,2014-02-01,2014-04-26,84,25,25.578297,26.86873,24.562515,80.99927,3.964673,4.8149004,86.13252,74.519485,5.17401,2.737899
23.0,120.0,2014-02-01,2014-04-26,84,25,24.650742,26.00768,23.608492,82.3259,3.3677292,5.4405117,87.83747,75.39588,4.4988594,2.2488294
25.0,121.0,2014-02-01,2014-04-26,84,25,23.17199,24.241371,22.290073,81.656105,4.8311653,6.121826,87.091805,76.394295,6.028558,3.4771583
24.0,120.0,2014-02-01,2014-04-26,84,25,23.877434,24.942549,23.009321,83.57648,4.4599147,5.4948363,88.523186,78.095436,6.057389,2.7046757
22.0,122.0,2014-02-01,2014-04-27,85,25,25.74244,26.228106,25.246485,82.65625,6.3195076,3.6517599,85.97447,80.02745,7.5537357,4.920899
23.0,122.0,2014-02-01,2014-04-27,85,25,23.216948,24.21983,22.424576,84.216125,3.9355857,6.738302,88.05046,79.89893,4.9173098,2.8097994
23.0,121.0,2014-02-01,2014-04-27,85,25,22.795921,24.623144,21.506786,83.64547,1.9766166,7.568841,89.6079,75.56087,2.5797622,1.4338346
24.0,120.0,2014-02-01,2014-04-27,85,25,23.673418,24.541714,22.954014,83.52271,4.1691456,7.171964,88.71191,77.711975,5.806348,2.4677124
23.0,120.0,2014-02-01,2014-04-27,85,25,24.483727,25.771957,23.557539,82.516914,3.2770998,6.040828,88.34336,75.47556,4.2658653,2.2053983
22.0,120.0,2014-02-01,2014-04-27,85,25,25.459854,26.616611,24.548765,81.66415,4.1605167,5.094326,86.62162,75.631165,5.2032332,3.0381205
24.0,121.0,2014-02-01,2014-04-27,85,25,21.991402,23.39228,20.979765,84.616936,2.5815165,8.700123,89.83671,77.92607,3.6547506,1.4554901
25.0,120.0,2014-02-01,2014-04-27,85,25,21.806055,23.159327,20.787935,83.75432,3.91979,7.37292,90.170944,76.664215,5.2329726,2.3208818
22.0,121.0,2014-02-01,2014-04-27,85,25,25.321108,26.429926,24.41771,81.988884,4.225084,4.4865685,87.0532,76.28935,5.193472,3.223519
25.0,121.0,2014-02-01,2014-04-27,85,25,23.090158,23.892729,22.389126,81.95473,4.2733154,8.060328,87.38024,76.56892,5.618862,2.886164
25.0,122.0,2014-02-01,2014-04-27,85,25,23.858932,24.343843,23.292774,79.74019,5.8144593,7.022576,83.41749,76.16297,6.983243,4.656448
24.0,122.0,2014-02-01,2014-04-27,85,25,22.77132,23.681679,22.022432,82.2244,4.126178,7.648335,85.888405,77.83794,5.1190267,2.9509103
25.0,121.0,2014-02-01,2014-04-28,86,25,23.182356,24.17796,22.361113,81.60104,3.9195418,4.973626,87.12633,75.6398,5.258249,2.782814
25.0,120.0,2014-02-01,2014-04-28,86,25,22.05604,23.7254,20.895771,83.65227,3.4541025,3.9383173,90.43917,75.25209,4.98346,2.0646882
22.0,121.0,2014-02-01,2014-04-28,86,25,25.353462,26.60853,24.418491,81.13196,4.42254,3.46011,86.28864,74.7156,5.547935,3.386842
23.0,121.0,2014-02-01,2014-04-28,86,25,22.867037,24.881763,21.418442,82.72647,2.041668,6.2533817,89.35226,73.584015,2.861081,1.3696103
23.0,120.0,2014-02-01,2014-04-28,86,25,24.623117,26.035528,23.623686,81.197266,3.055822,4.2735558,87.28682,73.707184,4.168512,1.9563782
24.0,121.0,2014-02-01,2014-04-28,86,25,22.026073,23.60685,20.818657,83.98461,2.439552,6.1757164,89.78611,76.778114,3.6812787,1.2493137
25.0,122.0,2014-02-01,2014-04-28,86,25,24.010757,24.533642,23.39831,79.53945,5.2409043,5.422845,83.79753,75.64371,6.713671,3.8726091
22.0,120.0,2014-02-01,2014-04-28,86,25,25.53043,26.828814,24.56651,80.45928,4.4380617,3.4430194,85.63043,73.97782,5.5817966,3.380592
22.0,122.0,2014-02-01,2014-04-28,86,25,25.757584,26.241905,25.183271,81.61134,6.4052553,2.2586334,84.45537,79.04319,7.9035273,4.852014
24.0,122.0,2014-02-01,2014-04-28,86,25,22.866127,23.899286,22.008404,81.72703,3.7817583,6.6102858,85.80353,77.10281,5.104152,2.6194396
23.0,122.0,2014-02-01,2014-04-28,86,25,23.270933,24.340548,22.399048,83.08685,4.0197697,5.0541945,86.73708,78.358,5.258954,2.7995636
24.0,120.0,2014-02-01,2014-04-28,86,25,23.775963,24.767262,22.94418,82.49458,3.7660043,4.198786,87.90331,76.68613,5.5360494,2.1768677
22.0,120.0,2014-02-01,2014-04-29,87,25,25.61192,26.969532,24.591543,79.636345,4.2728214,1.6351349,85.420166,72.50881,5.2685976,3.2873504
24.0,122.0,2014-02-01,2014-04-29,87,25,22.937332,23.95626,22.126183,81.28637,4.25689,4.4935646,85.31743,76.61585,5.259683,3.098696
23.0,122.0,2014-02-01,2014-04-29,87,25,23.30909,24.469648,22.393642,82.926605,4.3543196,4.7262573,86.81233,77.79119,5.4119263,3.2346408
25.0,121.0,2014-02-01,2014-04-29,87,25,23.547113,24.591429,22.711632,81.01927,4.1957307,2.7508557,86.61121,75.45356,5.2854924,3.0802903
22.0,121.0,2014-02-01,2014-04-29,87,25,25.420128,26.741112,24.383999,80.36004,4.513207,2.4757407,85.833534,73.314514,5.398321,3.6633413
25.0,122.0,2014-02-01,2014-04-29,87,25,24.205584,24.638899,23.769604,79.06619,5.667398,2.667545,82.84853,75.80281,6.751007,4.576636
23.0,120.0,2014-02-01,2014-04-29,87,25,24.835094,26.314072,23.779722,80.859604,3.084547,2.0558197,87.625656,72.84225,3.9759965,2.102723
22.0,122.0,2014-02-01,2014-04-29,87,25,25.773388,26.18837,25.260263,81.63011,6.701,3.4335346,84.36914,79.12167,7.8323684,5.5360756
23.0,121.0,2014-02-01,2014-04-29,87,25,22.955837,25.157059,21.36453,81.75994,2.1417832,3.772279,88.86099,71.521965,2.8965821,1.5270381
25.0,120.0,2014-02-01,2014-04-29,87,25,22.636684,24.495865,21.392988,83.08296,3.8145149,2.588656,90.31638,74.079216,5.01615,2.471791
24.0,120.0,2014-02-01,2014-04-29,87,25,24.140484,25.246391,23.322212,82.55593,3.988479,2.8715534,88.21677,76.50425,5.1064587,2.6242087
24.0,121.0,2014-02-01,2014-04-29,87,25,22.268034,24.038076,20.954893,83.423874,2.882902,4.578401,89.49607,75.36344,3.9217072,1.7648066
24.0,122.0,2014-02-01,2014-04-30,88,25,23.275557,24.266968,22.542812,81.48161,3.9371963,4.6298094,85.687675,76.37743,4.978877,2.9856863
23.0,122.0,2014-02-01,2014-04-30,88,25,23.549067,24.676275,22.748032,82.498436,3.725103,4.2358274,86.98406,76.66673,4.820045,2.5433095
22.0,122.0,2014-02-01,2014-04-30,88,25,25.986275,26.385927,25.540133,80.84383,5.820504,1.8429468,84.09974,77.98731,6.9620833,4.571758
24.0,120.0,2014-02-01,2014-04-30,88,25,24.5608,25.70082,23.750357,83.34289,3.8200822,2.9921508,88.59899,76.80158,5.0410895,2.4466882
25.0,121.0,2014-02-01,2014-04-30,88,25,24.045727,25.225332,23.188282,82.390205,4.013909,3.2118084,87.67256,75.95252,5.0961475,2.814322
25.0,120.0,2014-02-01,2014-04-30,88,25,23.136538,24.985786,21.875977,84.28279,3.7975042,3.6742182,90.96866,75.33745,5.014733,2.4339998
23.0,121.0,2014-02-01,2014-04-30,88,25,23.18067,25.26483,21.76836,82.115944,1.9440761,3.9897022,89.34008,71.996826,2.7384863,1.2573061
24.0,121.0,2014-02-01,2014-04-30,88,25,22.652588,24.440279,21.396215,83.477936,2.637681,4.998308,89.612175,74.95646,3.6131272,1.575797
22.0,121.0,2014-02-01,2014-04-30,88,25,25.617958,26.810186,24.761587,80.346,4.0321717,1.5949836,85.87273,73.45408,4.978766,3.0783873
23.0,120.0,2014-02-01,2014-04-30,88,25,25.096079,26.51164,24.167969,81.95162,2.9437277,1.9711124,88.28801,73.81477,3.92607,1.946875
25.0,122.0,2014-02-01,2014-04-30,88,25,24.658396,25.07523,24.170795,80.558075,5.3662887,2.8440697,83.90504,77.18296,6.695421,4.232878
22.0,120.0,2014-02-01,2014-04-30,88,25,25.844423,27.042442,25.000391,79.764114,4.073137,1.4198133,85.24065,73.108215,5.044795,3.1827805
25.0,120.0,2014-02-01,2014-05-01,89,25,23.210135,24.968634,21.903946,84.45404,4.739997,3.6855547,90.15261,77.28664,6.09599,3.0825448
24.0,122.0,2014-02-01,2014-05-01,89,25,23.719456,24.886536,22.730108,83.61778,4.4164968,3.406925,87.8502,78.67989,5.3553095,3.2717261
22.0,122.0,2014-02-01,2014-05-01,89,25,26.373503,26.815205,25.804092,82.01414,5.6667085,1.13169,84.98838,79.39871,7.041301,4.2910767
23.0,122.0,2014-02-01,2014-05-01,89,25,24.054094,25.374834,23.023766,83.66446,3.9219677,2.8499804,88.01164,77.69284,4.980113,2.5748017
24.0,121.0,2014-02-01,2014-05-01,89,25,22.96328,24.920172,21.475248,83.854454,3.2614698,4.12531,89.87197,76.0465,4.273951,2.1421003
23.0,120.0,2014-02-01,2014-05-01,89,25,25.33226,26.891142,24.105268,82.554,3.5412133,2.3850477,89.22091,74.20529,4.742758,2.5170367
25.0,122.0,2014-02-01,2014-05-01,89,25,24.82907,25.451468,24.14598,83.00584,5.788031,2.940009,86.334465,80.00015,6.8520045,4.445306
22.0,120.0,2014-02-01,2014-05-01,89,25,26.128403,27.524883,25.014019,80.803116,3.790903,1.9066858,87.07247,73.203514,4.719863,2.8044648
25.0,121.0,2014-02-01,2014-05-01,89,25,24.083897,25.311,23.011969,83.18203,4.6826687,3.647101,88.41955,77.78324,5.8480268,3.2006476
24.0,120.0,2014-02-01,2014-05-01,89,25,24.658113,25.85976,23.62706,83.71268,4.8771615,3.2157354,88.79378,77.8998,6.362762,3.5250673
22.0,121.0,2014-02-01,2014-05-01,89,25,25.950647,27.321,24.897158,80.96283,3.8254654,1.5712957,86.77354,73.50252,4.6766744,3.041395
23.0,121.0,2014-02-01,2014-05-01,89,25,23.631353,25.981684,21.917622,82.748215,2.1127732,3.294774,90.59167,71.71037,2.95047,1.3900402
23.0,122.0,2014-02-01,2014-05-02,90,25,23.955967,25.17895,22.93452,83.3344,4.255035,2.9320936,87.88622,77.80898,5.425235,2.921537
22.0,121.0,2014-02-01,2014-05-02,90,25,25.954187,27.333618,24.853832,80.762,4.030092,1.9955075,86.59947,73.45531,4.9749403,2.9540753
25.0,121.0,2014-02-01,2014-05-02,90,25,23.808361,24.804571,22.941397,81.58646,5.0797815,2.9293463,86.54832,76.028534,6.4799953,3.6293237
24.0,120.0,2014-02-01,2014-05-02,90,25,24.470217,25.503567,23.574858,83.004974,5.176054,2.4491718,88.1395,77.14592,6.6709566,3.4030282
25.0,120.0,2014-02-01,2014-05-02,90,25,22.961329,24.478798,21.696308,83.26668,4.8961463,4.9578667,88.94651,76.31581,6.3460035,3.2749252
23.0,121.0,2014-02-01,2014-05-02,90,25,23.600674,25.755177,21.94453,82.265915,2.192006,3.6309462,89.301315,72.49723,3.0062551,1.3897747
25.0,122.0,2014-02-01,2014-05-02,90,25,24.527534,25.02287,23.975126,81.33107,5.8273716,3.7937567,85.272064,77.638214,7.198898,4.4608245
22.0,120.0,2014-02-01,2014-05-02,90,25,26.117805,27.46605,25.06002,80.4949,3.629046,2.3499694,86.02511,73.45954,4.7728167,2.5860183
24.0,121.0,2014-02-01,2014-05-02,90,25,22.786833,24.461563,21.442837,83.402756,3.397222,3.558618,88.832375,76.205315,4.542108,1.9910358
23.0,120.0,2014-02-01,2014-05-02,90,25,25.28995,26.740314,24.20875,81.794044,3.6839476,2.5199523,87.953476,74.00801,4.82053,2.5292158
24.0,122.0,2014-02-01,2014-05-02,90,25,23.516874,24.566486,22.590416,83.048096,4.3235188,4.4254665,87.056366,78.34561,5.4424176,2.8750896
22.0,122.0,2014-02-01,2014-05-02,90,25,26.309446,26.818596,25.721933,81.92171,6.1513276,1.2925391,85.6179,78.70488,7.4784,4.5694766
22.0,120.0,2014-02-01,2014-05-03,91,25,26.013147,27.300674,25.011143,79.653885,3.6555636,1.3210999,85.03903,73.07188,4.698032,2.7248337
25.0,122.0,2014-02-01,2014-05-03,91,25,24.62713,25.023672,24.178608,80.12355,5.0252557,3.810913,82.79341,77.75298,6.1033645,3.7922606
23.0,120.0,2014-02-01,2014-05-03,91,25,25.216637,26.626745,24.168282,80.99282,3.519473,1.5824829,86.7719,73.57014,4.4645786,2.4772196
24.0,121.0,2014-02-01,2014-05-03,91,25,22.811102,24.655663,21.426908,82.63864,3.4019907,4.4459496,88.6212,74.52643,4.4207916,2.0866354
24.0,120.0,2014-02-01,2014-05-03,91,25,24.623222,25.740635,23.745161,81.602615,5.102055,2.4554396,86.4859,75.796875,6.2829504,3.5483847
25.0,121.0,2014-02-01,2014-05-03,91,25,23.993505,25.032587,23.131357,80.37503,4.8748226,3.5702448,85.41879,74.80319,5.9771757,3.5695477
22.0,121.0,2014-02-01,2014-05-03,91,25,25.798838,27.101147,24.749043,80.36289,4.099573,1.3903754,86.389725,73.56345,4.904104,3.325468
23.0,121.0,2014-02-01,2014-05-03,91,25,23.397915,25.538223,21.798193,82.07089,2.0757563,3.5786376,88.97626,72.398865,2.834194,1.409112
24.0,122.0,2014-02-01,2014-05-03,91,25,23.45522,24.488274,22.653706,82.17585,3.8543458,4.68994,85.70034,77.594826,4.9439344,2.5823245
22.0,122.0,2014-02-01,2014-05-03,91,25,26.197216,26.628912,25.652866,81.57217,6.2521205,1.9634955,85.44758,78.46981,7.392478,5.000762
23.0,122.0,2014-02-01,2014-05-03,91,25,23.796232,24.950869,22.894253,83.16662,4.2099037,4.146571,87.64886,77.65919,5.2064123,3.086804
25.0,120.0,2014-02-01,2014-05-03,91,25,23.036942,24.6915,21.791836,81.89585,4.7957497,4.1720557,88.41156,74.05621,5.9979286,3.2200513
22.0,120.0,2014-02-01,2014-05-04,92,25,26.069841,27.5269,24.887012,79.61728,3.887662,1.968219,85.70834,72.15007,5.1311817,2.6334252
25.0,122.0,2014-02-01,2014-05-04,92,25,24.657837,25.266285,24.048813,81.06725,4.5954957,6.766798,85.27686,77.53474,6.2686467,2.7360075
25.0,120.0,2014-02-01,2014-05-04,92,25,23.112778,24.880783,21.771523,83.03721,3.840102,7.4523754,89.79175,75.001144,5.293915,2.160581
23.0,122.0,2014-02-01,2014-05-04,92,25,23.861217,25.164272,22.852173,83.07666,3.6316724,4.4495983,87.23833,77.701996,4.9552903,2.2878277
24.0,122.0,2014-02-01,2014-05-04,92,25,23.473139,24.646378,22.567524,82.6432,3.4079292,6.34184,86.325615,77.69063,4.89501,1.9783854
23.0,121.0,2014-02-01,2014-05-04,92,25,23.478611,25.771778,21.7713,81.95425,1.8366995,4.5547314,89.53104,71.6028,2.7117596,1.1109498
22.0,122.0,2014-02-01,2014-05-04,92,25,26.258213,26.763857,25.708643,81.519035,5.708429,2.3007061,84.443504,78.79495,7.340189,4.3152113
24.0,121.0,2014-02-01,2014-05-04,92,25,22.808266,24.707178,21.366304,83.28732,2.5186753,6.8974133,89.34574,75.58504,3.776987,1.3871857
24.0,120.0,2014-02-01,2014-05-04,92,25,24.622137,25.816319,23.672075,82.71195,4.228657,5.6657276,87.9867,77.02222,5.5694737,2.6927958
22.0,121.0,2014-02-01,2014-05-04,92,25,25.875402,27.331926,24.721886,80.2854,3.9765022,2.4067557,86.24987,72.81367,5.033193,3.0181043
23.0,120.0,2014-02-01,2014-05-04,92,25,25.299095,26.89774,24.10997,81.35389,3.1901865,3.31923,87.77418,73.276405,4.2517967,2.0854535
25.0,121.0,2014-02-01,2014-05-04,92,25,24.003399,25.255077,22.956734,81.534744,3.9314435,7.3159633,87.72928,75.663345,5.3261724,2.1639998
23.0,120.0,2014-02-01,2014-05-05,93,25,25.271936,26.713995,24.249355,80.720505,3.6254706,3.8452694,86.98126,73.092224,4.5464034,2.5683913
24.0,121.0,2014-02-01,2014-05-05,93,25,22.733858,24.471996,21.334688,82.992004,2.906369,6.3364186,89.10513,75.20277,3.920436,1.7401459
25.0,122.0,2014-02-01,2014-05-05,93,25,24.729258,25.209517,24.255283,80.446625,5.4710064,4.713385,84.444374,76.846954,6.574119,4.2858315
22.0,122.0,2014-02-01,2014-05-05,93,25,26.223284,26.707666,25.640903,80.884094,6.300361,2.838037,84.73176,77.44473,7.2415442,5.1446943
25.0,121.0,2014-02-01,2014-05-05,93,25,23.979649,24.9671,23.143906,81.58894,4.341955,5.780999,86.75728,75.83745,5.2172956,3.2725556
22.0,121.0,2014-02-01,2014-05-05,93,25,25.801048,27.057842,24.777895,79.91104,4.3282337,3.6011264,85.981125,72.941956,5.3080277,3.425623
24.0,120.0,2014-02-01,2014-05-05,93,25,24.576244,25.653702,23.723066,82.19236,4.5872936,4.663749,87.33314,76.43516,5.830591,3.0157359
22.0,120.0,2014-02-01,2014-05-05,93,25,25.981983,27.261269,24.98436,79.46607,4.0756755,3.5399456,85.728836,72.5559,5.1689606,3.052971
25.0,120.0,2014-02-01,2014-05-05,93,25,23.02843,24.558525,21.865654,83.49515,4.1792936,6.8756633,89.65832,76.054436,5.33236,2.8297243
23.0,122.0,2014-02-01,2014-05-05,93,25,23.844616,25.012213,22.831114,82.42815,4.1018915,4.7620177,86.92343,76.68411,5.0072966,3.1139054
23.0,121.0,2014-02-01,2014-05-05,93,25,23.42272,25.528442,21.817617,81.54694,2.1564245,5.5222106,88.84215,71.97057,3.033337,1.3794909
24.0,122.0,2014-02-01,2014-05-05,93,25,23.494465,24.58592,22.595522,81.69995,4.1006904,5.2594557,85.860916,76.63449,5.2320204,2.7639935
24.0,121.0,2014-02-01,2014-05-06,94,25,22.861418,24.530968,21.62495,82.655136,2.7727585,6.1025743,88.700554,74.85527,3.5866895,1.8016233
25.0,122.0,2014-02-01,2014-05-06,94,25,24.879898,25.335365,24.352266,80.91694,4.9093227,6.582687,84.48539,77.84269,6.0624146,3.6438842
22.0,121.0,2014-02-01,2014-05-06,94,25,25.75914,26.867403,24.874208,79.741776,4.297049,2.5643682,85.45759,73.42762,5.184285,3.3037307
23.0,120.0,2014-02-01,2014-05-06,94,25,25.248281,26.556248,24.32271,80.45285,3.318099,3.400548,86.335526,73.23329,4.1816587,2.3577654
22.0,122.0,2014-02-01,2014-05-06,94,25,26.294048,26.662886,25.84136,80.063034,6.423379,2.46159,82.98404,77.29714,7.667486,5.16578
25.0,121.0,2014-02-01,2014-05-06,94,25,24.202429,25.23337,23.32747,81.26695,3.680446,5.5406604,86.79127,75.22026,4.689713,2.4133797
24.0,122.0,2014-02-01,2014-05-06,94,25,23.54972,24.540064,22.786133,82.20058,3.999058,7.141693,86.24086,77.27706,4.9484434,2.906637
23.0,121.0,2014-02-01,2014-05-06,94,25,23.380161,25.330732,21.999073,82.0053,2.0726473,4.891787,89.07509,72.51748,2.7593186,1.5111026
23.0,122.0,2014-02-01,2014-05-06,94,25,23.914412,24.998482,23.109024,82.2104,4.2248225,4.789551,86.2897,76.87968,5.30768,3.1725748
25.0,120.0,2014-02-01,2014-05-06,94,25,23.296665,24.807634,22.127525,83.07025,3.6404855,5.329634,89.42325,75.481865,4.820687,2.0933335
22.0,120.0,2014-02-01,2014-05-06,94,25,25.917303,27.054913,25.052462,79.341995,3.75326,3.1188707,84.912384,72.850975,4.613402,2.8210883
24.0,120.0,2014-02-01,2014-05-06,94,25,24.722874,25.752789,23.935053,81.11748,4.183953,4.612706,86.0941,75.514084,5.218039,2.9030797
24.0,122.0,2014-02-01,2014-05-07,95,25,23.610195,24.656866,22.691172,82.011925,4.0707326,6.8521204,86.07965,77.1868,5.3661833,2.5228004
22.0,120.0,2014-02-01,2014-05-07,95,25,26.035917,27.141808,25.07187,80.12204,3.7013884,4.8025575,85.2418,74.61256,4.7636642,2.610187
24.0,120.0,2014-02-01,2014-05-07,95,25,24.670364,25.699791,23.793404,82.501976,4.5846453,4.415464,87.79512,76.90685,6.03116,2.9507627
24.0,121.0,2014-02-01,2014-05-07,95,25,22.90516,24.628778,21.508467,83.359375,3.2248733,6.7653003,89.53171,75.70191,4.2570076,2.0758352
25.0,122.0,2014-02-01,2014-05-07,95,25,24.798592,25.288643,24.24706,80.63362,4.9766808,4.882229,84.158165,77.15987,6.4714746,3.2705588
22.0,121.0,2014-02-01,2014-05-07,95,25,25.887905,27.011036,24.896425,80.16806,4.12787,4.1513104,85.56867,74.27762,5.1629276,3.1446276
23.0,120.0,2014-02-01,2014-05-07,95,25,25.301079,26.489231,24.335411,81.36083,3.4226034,4.295969,86.81106,75.17561,4.490416,2.38543
25.0,121.0,2014-02-01,2014-05-07,95,25,24.104551,25.158693,23.218311,81.813736,4.2977886,4.791134,87.30522,75.97029,5.6522827,2.7797272
22.0,122.0,2014-02-01,2014-05-07,95,25,26.329506,26.773123,25.811485,80.56439,6.3798604,4.3344336,83.58922,77.69631,7.8256483,5.031259
25.0,120.0,2014-02-01,2014-05-07,95,25,23.275503,24.894133,22.026085,83.60977,4.209617,4.9832463,89.83021,75.84125,5.6599755,2.6497684
23.0,122.0,2014-02-01,2014-05-07,95,25,23.97112,25.138481,22.968653,82.52625,4.3818817,6.8382373,86.667336,77.55415,5.627408,2.925085
23.0,121.0,2014-02-01,2014-05-07,95,25,23.529797,25.443487,21.961147,82.2351,2.153315,6.6525364,88.902176,74.05055,2.990365,1.3694919
22.0,120.0,2014-02-01,2014-05-08,96,25,26.036047,27.198149,25.176582,80.28703,3.577813,3.147191,85.37078,74.24801,4.7388234,2.402432
23.0,122.0,2014-02-01,2014-05-08,96,25,23.966616,25.081436,23.106073,83.04983,4.0565495,6.1600413,86.68213,77.89538,5.042146,3.0378542
24.0,121.0,2014-02-01,2014-05-08,96,25,22.964222,24.66873,21.72326,84.0754,3.0269158,8.046331,89.5479,76.67813,4.0840774,1.8470643
25.0,122.0,2014-02-01,2014-05-08,96,25,24.785969,25.374317,24.1858,80.65725,5.2305126,6.0295787,84.18251,77.55102,6.3988013,4.1088066
22.0,121.0,2014-02-01,2014-05-08,96,25,25.835318,26.99894,24.944395,80.93836,3.911921,4.1988254,86.12409,74.60675,4.896107,2.992767
23.0,120.0,2014-02-01,2014-05-08,96,25,25.294916,26.58954,24.401348,81.8484,3.3449345,3.686894,87.16039,74.97244,4.506495,2.185013
23.0,121.0,2014-02-01,2014-05-08,96,25,23.496826,25.466728,22.121592,82.92501,1.9685988,5.8774486,89.080086,73.9374,2.8638146,1.3071483
24.0,122.0,2014-02-01,2014-05-08,96,25,23.607185,24.65892,22.758232,82.55077,3.960301,7.2811036,86.205536,77.81345,5.2540846,2.664214
22.0,122.0,2014-02-01,2014-05-08,96,25,26.30535,26.724678,25.787407,81.179276,6.0599456,4.48615,84.30653,78.16643,7.188707,4.8090816
24.0,120.0,2014-02-01,2014-05-08,96,25,24.756176,25.795233,23.957178,83.006615,4.564805,5.8629503,87.55007,77.43334,5.971562,3.0007346
25.0,120.0,2014-02-01,2014-05-08,96,25,23.314768,24.922972,22.126781,83.77661,4.3774004,6.322851,89.53585,76.709076,5.7084417,3.0153582
25.0,121.0,2014-02-01,2014-05-08,96,25,24.153662,25.254,23.25318,82.00974,4.438318,6.787787,86.65647,76.9129,5.6642065,3.1703248
24.0,120.0,2014-02-01,2014-05-09,97,25,24.890192,25.911993,24.11457,83.84779,3.7339628,6.5250444,88.56467,78.41796,4.988933,2.4795713
24.0,121.0,2014-02-01,2014-05-09,97,25,23.07287,24.686745,21.870127,85.05874,2.4771013,10.00023,90.94124,77.758965,3.3916106,1.5495175
25.0,122.0,2014-02-01,2014-05-09,97,25,24.966963,25.37366,24.504278,81.43371,4.877938,5.729906,84.73002,78.70431,6.1692376,3.6067019
22.0,121.0,2014-02-01,2014-05-09,97,25,26.148981,27.322548,25.259703,81.30481,3.9309008,6.5316076,86.76619,74.88551,4.838724,3.067865
23.0,120.0,2014-02-01,2014-05-09,97,25,25.5518,26.88254,24.62956,82.26321,2.9064095,6.362997,87.88135,75.14736,3.9096317,1.9046142
23.0,122.0,2014-02-01,2014-05-09,97,25,24.168085,25.28749,23.362455,84.5529,3.737949,8.564226,88.81992,79.176125,4.7945666,2.5816658
25.0,121.0,2014-02-01,2014-05-09,97,25,24.318438,25.275434,23.516909,82.75173,3.9024627,6.6922803,87.65855,77.54462,5.0626326,2.630554
25.0,120.0,2014-02-01,2014-05-09,97,25,23.371025,24.959805,22.26857,84.23388,3.840813,6.632618,90.55675,76.43972,5.1333723,2.511124
24.0,122.0,2014-02-01,2014-05-09,97,25,23.731844,24.669756,23.005566,83.571815,3.5695906,9.028252,87.67628,79.04542,4.574478,2.4516222
22.0,122.0,2014-02-01,2014-05-09,97,25,26.589031,26.993696,26.123692,82.47011,5.9987273,5.238455,85.73227,79.66472,7.071962,4.755389
22.0,120.0,2014-02-01,2014-05-09,97,25,26.318863,27.50229,25.441484,80.15741,3.4831142,4.8691626,85.10349,74.088455,4.5198016,2.5048153
23.0,121.0,2014-02-01,2014-05-09,97,25,23.728277,25.679644,22.34641,83.46873,1.8405324,9.854967,90.19722,74.45273,2.4935985,1.2954029
23.0,121.0,2014-02-01,2014-05-10,98,25,23.96724,25.861778,22.631645,83.72244,1.668916,7.571526,89.81945,75.04085,2.2964873,1.1360478
22.0,122.0,2014-02-01,2014-05-10,98,25,26.73494,27.108267,26.343369,83.213165,5.854498,5.0063906,85.46942,80.94129,6.8956423,4.7567306
25.0,121.0,2014-02-01,2014-05-10,98,25,24.737574,25.741999,23.883461,83.49634,3.6402102,6.383931,88.55776,78.08872,4.608436,2.5386682
24.0,122.0,2014-02-01,2014-05-10,98,25,24.05392,24.99127,23.370249,84.34347,3.4565325,7.621266,87.612015,80.19678,4.350671,2.54763
23.0,122.0,2014-02-01,2014-05-10,98,25,24.391123,25.430351,23.629917,85.065956,3.8145044,8.631403,88.367226,80.50456,4.789598,2.7442572
22.0,120.0,2014-02-01,2014-05-10,98,25,26.474512,27.636858,25.6017,80.76562,3.43851,4.033465,85.908134,74.75632,4.4663506,2.3505836
24.0,121.0,2014-02-01,2014-05-10,98,25,23.377857,24.939293,22.186235,85.53572,2.4345884,9.224512,91.15691,78.3319,3.367003,1.4275261
23.0,120.0,2014-02-01,2014-05-10,98,25,25.791372,27.116589,24.842583,82.820175,2.9678583,4.5772896,88.38769,75.55438,3.8614957,2.142262
25.0,122.0,2014-02-01,2014-05-10,98,25,25.403145,25.808008,24.942802,82.4599,4.5761766,4.788628,85.33511,79.822556,5.6099815,3.398364
22.0,121.0,2014-02-01,2014-05-10,98,25,26.310663,27.453718,25.471548,81.790146,3.760508,3.9414563,86.51535,75.79611,4.600046,2.9535851
25.0,120.0,2014-02-01,2014-05-10,98,25,23.844582,25.43812,22.601982,84.913216,3.6427948,5.584235,90.92536,77.455154,5.0176177,2.0629127
24.0,120.0,2014-02-01,2014-05-10,98,25,25.195625,26.235909,24.390684,84.6128,3.8650668,6.240345,89.66577,78.91421,5.1129627,2.4446938
23.0,122.0,2014-02-01,2014-05-11,99,25,24.53019,25.528044,23.731323,85.23339,3.9852915,5.336184,88.6241,80.635155,4.9493217,3.0338235
22.0,120.0,2014-02-01,2014-05-11,99,25,26.541094,27.606733,25.674135,81.71699,3.6471674,4.436067,86.58125,76.02517,4.5585938,2.819169
24.0,122.0,2014-02-01,2014-05-11,99,25,24.175974,25.058317,23.44607,84.58652,3.6507385,5.620154,88.2041,80.08846,4.690478,2.5284727
23.0,121.0,2014-02-01,2014-05-11,99,25,24.064636,25.824238,22.671991,84.33373,1.8522266,5.7675476,90.50789,76.05996,2.5814142,1.196827
25.0,122.0,2014-02-01,2014-05-11,99,25,25.497856,25.889809,25.051968,83.17403,4.87122,5.0128503,86.45995,80.14555,6.0583215,3.5460987
23.0,120.0,2014-02-01,2014-05-11,99,25,25.880787,27.082607,24.988203,83.51528,3.135678,3.5809655,88.96764,76.988945,3.9740393,2.3213003
25.0,121.0,2014-02-01,2014-05-11,99,25,24.88313,25.80454,24.07709,84.099754,3.9011538,6.3386865,88.63414,79.04929,5.0966887,2.572303
22.0,122.0,2014-02-01,2014-05-11,99,25,26.853548,27.263077,26.458017,83.410995,5.8427253,3.5304585,85.78009,80.954254,6.91985,4.6532674
22.0,121.0,2014-02-01,2014-05-11,99,25,26.387545,27.444477,25.512714,82.43379,3.7187726,3.9693024,87.33152,77.0079,4.5948772,2.8935938
24.0,121.0,2014-02-01,2014-05-11,99,25,23.550539,25.063004,22.370625,85.61024,2.7356308,6.9556017,90.45905,78.8224,3.7144845,1.7686099
24.0,120.0,2014-02-01,2014-05-11,99,25,25.360334,26.32204,24.60646,84.78359,4.160571,4.773898,89.12946,79.618576,5.3198075,3.0862286
25.0,120.0,2014-02-01,2014-05-11,99,25,24.167242,25.749079,23.05475,85.09989,3.5774503,5.1086745,90.7664,77.36811,4.846542,2.3091743
25.0,121.0,2014-02-01,2014-05-12,100,25,25.045942,26.02982,24.244516,84.14086,4.0703,5.8491335,88.460785,79.344246,5.356661,2.905934
23.0,122.0,2014-02-01,2014-05-12,100,25,24.68634,25.836851,23.676392,85.20693,4.077648,5.339641,89.23009,80.16939,5.235807,2.9133909
22.0,120.0,2014-02-01,2014-05-12,100,25,26.640657,27.745657,25.770502,82.014015,3.7760022,6.0232377,86.71355,76.22896,4.8555303,2.710761
24.0,121.0,2014-02-01,2014-05-12,100,25,23.726875,25.360357,22.360859,85.586006,2.8674653,6.638003,91.05514,78.502716,3.958819,1.8427058
24.0,122.0,2014-02-01,2014-05-12,100,25,24.382431,25.417212,23.47245,84.946495,3.6869168,5.2502174,88.62928,80.44686,4.5697947,2.7302976
25.0,122.0,2014-02-01,2014-05-12,100,25,25.690697,26.112226,25.234203,83.60599,4.841118,4.4744654,86.48287,80.906105,5.988506,3.787204
23.0,121.0,2014-02-01,2014-05-12,100,25,24.215937,26.119766,22.668907,84.63659,2.0382633,7.0281825,90.93664,76.10473,2.9158707,1.3172308
22.0,122.0,2014-02-01,2014-05-12,100,25,26.964567,27.363352,26.49569,83.27589,6.2761116,4.296861,86.18252,80.89663,7.611395,4.917407
22.0,121.0,2014-02-01,2014-05-12,100,25,26.49361,27.58937,25.580551,82.62193,4.205348,5.997907,87.43659,77.136024,5.336927,3.0958786
23.0,120.0,2014-02-01,2014-05-12,100,25,26.030088,27.274565,25.096651,83.78352,3.3604827,5.8233476,89.03658,77.22016,4.4661536,2.28018
24.0,120.0,2014-02-01,2014-05-12,100,25,25.53463,26.509571,24.754213,84.73635,4.283078,5.4391313,89.44729,79.61769,5.612501,3.0240262
25.0,120.0,2014-02-01,2014-05-12,100,25,24.357237,25.90876,23.20541,85.38709,4.1468034,5.7406435,91.20444,77.911766,5.480212,2.666896
23.0,121.0,2014-02-01,2014-05-13,101,25,24.15222,25.870543,22.74519,84.89902,2.0372846,8.977647,90.95413,77.0266,2.814313,1.3053235
24.0,122.0,2014-02-01,2014-05-13,101,25,24.2279,25.193893,23.343393,84.59564,3.4994812,7.142935,87.8891,80.4231,4.8064837,2.2294524
25.0,122.0,2014-02-01,2014-05-13,101,25,25.4919,26.005606,24.971392,81.96581,5.0110493,6.8585095,84.994934,79.20772,6.474052,3.5302808
22.0,122.0,2014-02-01,2014-05-13,101,25,27.009632,27.414043,26.521416,83.65563,6.20879,5.180649,86.62939,81.05567,7.643295,4.862409
23.0,122.0,2014-02-01,2014-05-13,101,25,24.643482,25.679697,23.749195,85.42089,4.0416484,6.8885655,89.02695,80.85336,5.21274,2.900415
22.0,120.0,2014-02-01,2014-05-13,101,25,26.661108,27.618977,25.793463,82.64223,3.8414352,7.6063414,87.60445,77.426056,4.7978597,2.8785377
24.0,120.0,2014-02-01,2014-05-13,101,25,25.484846,26.53075,24.588764,83.83002,4.439554,8.586564,88.809746,78.22487,5.9913654,2.7061934
22.0,121.0,2014-02-01,2014-05-13,101,25,26.517847,27.540615,25.598618,83.05502,4.237848,7.2759886,88.17969,77.57786,5.226016,3.256872
24.0,121.0,2014-02-01,2014-05-13,101,25,23.669968,25.284327,22.350836,84.99436,2.857824,8.8377285,90.43637,77.76487,3.9289253,1.6141837
25.0,120.0,2014-02-01,2014-05-13,101,25,24.274805,25.918467,23.026997,84.05304,4.0794325,7.977434,89.8507,76.95827,5.381239,2.6503773
23.0,120.0,2014-02-01,2014-05-13,101,25,25.973444,27.119228,24.995962,83.669685,3.448905,8.739155,89.0882,77.213356,4.6776457,2.1400094
25.0,121.0,2014-02-01,2014-05-13,101,25,24.944283,25.976215,24.063047,82.24414,4.261083,8.533465,86.85953,77.06007,5.2915387,3.0092826
23.0,122.0,2014-02-01,2014-05-14,102,25,24.42634,25.312325,23.707617,85.790596,3.6996446,7.551952,88.92574,82.05281,4.7199883,2.675572
22.0,120.0,2014-02-01,2014-05-14,102,25,26.546062,27.528393,25.738794,82.671906,3.540345,5.9328465,86.682625,78.05006,4.470283,2.4959674
24.0,122.0,2014-02-01,2014-05-14,102,25,24.108126,24.897398,23.4252,84.32306,3.7109818,6.92375,87.28571,81.06822,4.6992555,2.5642765
23.0,121.0,2014-02-01,2014-05-14,102,25,23.977154,25.564922,22.71607,85.338104,1.8080444,8.905866,90.43053,78.60053,2.4919372,1.1401447
25.0,121.0,2014-02-01,2014-05-14,102,25,24.766193,25.650215,24.023018,82.832214,4.181251,6.0260777,87.498924,78.26024,5.310434,2.9676635
22.0,122.0,2014-02-01,2014-05-14,102,25,26.816956,27.213285,26.344004,83.88937,6.0328674,5.361557,86.540794,81.571266,7.1690383,4.797545
25.0,120.0,2014-02-01,2014-05-14,102,25,24.003977,25.35249,22.966797,84.66242,4.011729,7.0880003,90.36519,78.00236,5.2283797,2.620226
24.0,120.0,2014-02-01,2014-05-14,102,25,25.258005,26.216759,24.493004,84.08356,4.255148,5.858905,88.675964,78.68931,5.7093763,2.6161594
22.0,121.0,2014-02-01,2014-05-14,102,25,26.367159,27.374353,25.53622,83.37588,4.0658326,6.717606,87.57878,78.251564,4.9883265,3.094537
23.0,120.0,2014-02-01,2014-05-14,102,25,25.811546,26.980053,24.933325,83.65183,3.1901352,6.645431,88.20043,77.628685,4.2978425,2.0777705
25.0,122.0,2014-02-01,2014-05-14,102,25,25.433445,25.785583,25.047802,81.54446,5.211045,4.852064,84.68625,78.89998,6.440458,3.78203
24.0,121.0,2014-02-01,2014-05-14,102,25,23.430353,24.793774,22.302011,85.75122,2.7280688,8.111495,90.68819,79.66573,3.6804388,1.520466
24.0,121.0,2014-02-01,2014-05-15,103,25,23.670975,25.11751,22.503311,85.04443,2.832271,8.3748665,89.88383,78.95069,3.7191584,1.9200394
25.0,122.0,2014-02-01,2014-05-15,103,25,25.590427,26.014803,25.161894,81.682755,5.4958143,5.396046,84.542244,79.3157,6.5732207,4.3533583
23.0,122.0,2014-02-01,2014-05-15,103,25,24.57217,25.52186,23.824379,85.03782,4.0150776,7.4280615,88.02994,80.98145,4.976205,2.9003158
22.0,120.0,2014-02-01,2014-05-15,103,25,26.639032,27.654547,25.885492,82.02034,3.5744443,5.8156605,86.68033,76.58786,4.556034,2.5895104
22.0,122.0,2014-02-01,2014-05-15,103,25,26.866274,27.247744,26.46275,83.80504,6.119091,5.7315865,86.37338,81.526764,7.3691554,4.6720805
25.0,121.0,2014-02-01,2014-05-15,103,25,25.037535,25.954653,24.299078,82.74111,4.386469,7.6473255,87.09118,78.15709,5.34264,3.3385968
25.0,120.0,2014-02-01,2014-05-15,103,25,24.372662,25.878733,23.268496,84.39597,3.9310033,6.3822193,90.22252,77.15592,5.1485896,2.5365298
24.0,120.0,2014-02-01,2014-05-15,103,25,25.524477,26.42095,24.803217,83.77815,4.1382756,6.219409,88.21616,79.02358,5.5734777,2.7232287
23.0,120.0,2014-02-01,2014-05-15,103,25,25.991253,27.133804,25.197842,83.05806,3.0078483,6.378865,87.94814,76.867165,4.061913,1.9678819
22.0,121.0,2014-02-01,2014-05-15,103,25,26.42434,27.419794,25.677109,82.99929,4.074806,6.84914,87.41041,77.6692,5.12126,2.9404054
23.0,121.0,2014-02-01,2014-05-15,103,25,24.130728,25.861275,22.838676,84.33576,1.8388292,8.545008,89.89292,76.61973,2.5671165,1.2340908
24.0,122.0,2014-02-01,2014-05-15,103,25,24.233732,25.08764,23.50437,83.86907,3.8812354,6.1074147,86.87426,80.39186,4.9640856,2.7268102
23.0,120.0,2014-02-01,2014-05-16,104,25,26.125586,27.29767,25.219877,83.63968,2.9361017,6.099225,88.36868,77.979706,3.9133182,2.0059452
22.0,121.0,2014-02-01,2014-05-16,104,25,26.544489,27.561611,25.687128,83.05765,3.7712374,6.8993964,87.607796,78.10201,4.7287807,2.7797549
24.0,122.0,2014-02-01,2014-05-16,104,25,24.370977,25.224281,23.643257,84.107315,3.5063713,7.566202,87.7169,80.33041,4.379386,2.4639366
24.0,121.0,2014-02-01,2014-05-16,104,25,23.843555,25.34728,22.56974,84.960625,2.61462,7.4653444,90.541306,78.76431,3.5504687,1.6413519
23.0,122.0,2014-02-01,2014-05-16,104,25,24.742002,25.743452,23.909355,84.785545,3.7574508,6.5443287,88.55367,80.67388,4.7400994,2.6756375
22.0,120.0,2014-02-01,2014-05-16,104,25,26.728725,27.68873,25.879902,82.21861,3.5959363,6.4018097,86.56814,77.52984,4.6677017,2.423565
25.0,122.0,2014-02-01,2014-05-16,104,25,25.754715,26.117207,25.370176,82.34711,4.7161937,4.776901,85.887764,79.58239,5.648718,3.7366962
25.0,120.0,2014-02-01,2014-05-16,104,25,24.557756,26.096176,23.389082,84.45908,3.5910964,5.2366467,90.71004,77.10739,4.9023733,2.3583364
25.0,121.0,2014-02-01,2014-05-16,104,25,25.237381,26.221186,24.399464,83.09933,3.8647528,4.660322,88.4942,77.980545,4.8188896,2.887579
23.0,121.0,2014-02-01,2014-05-16,104,25,24.24151,25.91496,22.881914,84.52755,1.758984,9.113599,90.142,77.48859,2.5446165,1.0999813
22.0,122.0,2014-02-01,2014-05-16,104,25,27.045687,27.51441,26.586838,83.408104,5.5467334,4.3223395,86.30708,80.730804,6.609912,4.457289
24.0,120.0,2014-02-01,2014-05-16,104,25,25.720732,26.72735,24.906279,84.068,3.9379935,4.464094,88.98886,79.12655,5.130933,2.6948864
24.0,122.0,2014-02-01,2014-05-17,105,25,24.664524,25.606627,23.877012,84.594,3.261627,6.6089563,87.87586,80.58856,4.3869734,2.14536
22.0,122.0,2014-02-01,2014-05-17,105,25,27.218925,27.642778,26.776709,83.21868,5.694309,3.161389,86.1842,80.69585,6.7712517,4.3653975
23.0,122.0,2014-02-01,2014-05-17,105,25,24.969952,25.96434,24.164204,84.999855,3.719754,5.976172,88.721634,80.32456,4.676734,2.6577697
25.0,122.0,2014-02-01,2014-05-17,105,25,26.017536,26.489996,25.446592,83.56164,4.530896,5.490945,86.550354,80.82067,5.7699633,3.3497667
25.0,120.0,2014-02-01,2014-05-17,105,25,24.664383,26.130081,23.499296,85.14977,3.5411189,9.085307,90.84555,78.17462,4.7270875,2.0220318
24.0,121.0,2014-02-01,2014-05-17,105,25,24.010017,25.491762,22.79729,85.585075,2.502784,9.907297,90.7845,79.43234,3.3722374,1.4712557
25.0,121.0,2014-02-01,2014-05-17,105,25,25.373892,26.338823,24.56983,84.4758,3.6929255,8.765634,89.26005,79.73072,4.6852407,2.5660834
23.0,121.0,2014-02-01,2014-05-17,105,25,24.46399,26.177786,23.147505,84.42002,1.7969936,6.7394166,90.50586,76.80706,2.5167127,1.1703326
22.0,121.0,2014-02-01,2014-05-17,105,25,26.71238,27.719053,25.885351,82.56335,3.8019438,3.929211,87.52381,77.28389,4.7264686,2.8754144
23.0,120.0,2014-02-01,2014-05-17,105,25,26.1956,27.312101,25.326773,84.0032,2.9981203,6.198957,88.975365,78.207214,4.0967326,2.0129282
24.0,120.0,2014-02-01,2014-05-17,105,25,25.735628,26.667543,24.959604,85.18495,3.7895052,9.359812,89.675186,80.286285,4.993231,2.5220082
22.0,120.0,2014-02-01,2014-05-17,105,25,26.867796,27.819439,26.056246,81.91925,3.4705868,4.304424,86.35666,77.062386,4.486191,2.468849
22.0,120.0,2014-02-01,2014-05-18,106,25,26.811403,27.782515,26.075386,82.37445,3.46948,5.209991,86.54371,77.49484,4.611883,2.4311602
24.0,121.0,2014-02-01,2014-05-18,106,25,23.98318,25.37832,22.893715,85.538704,2.6734524,9.103127,90.36559,79.31823,3.5741086,1.7183632
25.0,122.0,2014-02-01,2014-05-18,106,25,26.020126,26.329897,25.695444,82.50458,5.0511336,4.018286,86.137375,79.42265,6.2467957,3.7678525
25.0,120.0,2014-02-01,2014-05-18,106,25,24.814243,26.240347,23.843985,84.31209,3.7546246,4.630312,90.31159,77.49978,4.8448577,2.459586
24.0,122.0,2014-02-01,2014-05-18,106,25,24.647348,25.491943,23.95955,84.85344,3.601776,8.920175,88.03628,81.05061,4.821631,2.4940817
25.0,121.0,2014-02-01,2014-05-18,106,25,25.366735,26.20942,24.670967,83.10998,4.0780125,4.187505,88.418144,78.04826,5.1746736,2.885096
22.0,122.0,2014-02-01,2014-05-18,106,25,27.231443,27.683714,26.773762,83.557274,5.7880583,5.313143,86.4849,80.86136,7.091151,4.246227
23.0,121.0,2014-02-01,2014-05-18,106,25,24.444387,26.160704,23.205137,84.96837,1.830262,9.495428,90.34859,77.5555,2.5094001,1.224946
24.0,120.0,2014-02-01,2014-05-18,106,25,25.73863,26.624357,25.038124,84.35105,3.855401,4.9911823,88.99541,79.09564,4.933092,2.6785867
23.0,122.0,2014-02-01,2014-05-18,106,25,24.984,25.98393,24.207808,85.45703,3.869994,9.538914,88.8616,80.741844,4.9803963,2.648133
22.0,121.0,2014-02-01,2014-05-18,106,25,26.69078,27.73316,25.888008,83.02532,3.7724726,5.267669,87.293976,77.77254,4.9301643,2.712457
23.0,120.0,2014-02-01,2014-05-18,106,25,26.20569,27.346817,25.420683,83.71261,2.9608438,5.3769207,88.725,77.25959,4.004553,2.0328567
25.0,122.0,2014-02-01,2014-05-19,107,25,26.135048,26.53357,25.682379,83.69056,5.0337768,6.383983,86.81268,80.86299,5.994343,3.9837089
24.0,121.0,2014-02-01,2014-05-19,107,25,24.088451,25.407988,22.96291,86.21058,2.43926,9.9345455,91.57537,80.05836,3.2510278,1.4655222
22.0,122.0,2014-02-01,2014-05-19,107,25,27.336512,27.769072,26.840157,84.45452,5.4751835,7.789928,87.14474,81.96595,6.962129,3.781767
25.0,121.0,2014-02-01,2014-05-19,107,25,25.506807,26.379457,24.723232,84.246056,3.8064477,5.3189197,89.22148,79.15962,4.794056,2.621066
23.0,121.0,2014-02-01,2014-05-19,107,25,24.503933,26.054907,23.239902,85.529305,1.6095917,10.594189,91.426125,78.45896,2.1863236,1.0658519
24.0,122.0,2014-02-01,2014-05-19,107,25,24.727585,25.492739,24.023985,85.57355,3.6611445,11.000979,88.66811,81.66088,4.67429,2.6328592
25.0,120.0,2014-02-01,2014-05-19,107,25,24.90994,26.310755,23.82681,85.36739,3.4918885,5.0070314,91.440926,78.338295,4.5291915,2.2723656
22.0,120.0,2014-02-01,2014-05-19,107,25,26.885765,27.815937,26.059364,82.89375,3.1917772,6.358656,87.42135,78.068695,4.0749035,2.2841768
23.0,122.0,2014-02-01,2014-05-19,107,25,25.04768,25.941002,24.240147,86.38324,3.605024,11.3099785,89.78914,82.07958,4.5839324,2.536392
24.0,120.0,2014-02-01,2014-05-19,107,25,25.862469,26.774382,25.082714,84.98695,3.6989672,5.2894716,89.5904,79.87273,4.9738407,2.3530238
22.0,121.0,2014-02-01,2014-05-19,107,25,26.791964,27.753931,25.954868,83.5439,3.5855725,7.0739875,88.4095,78.43132,4.765312,2.4676757
23.0,120.0,2014-02-01,2014-05-19,107,25,26.283699,27.401527,25.402212,84.2901,2.9084885,5.930495,89.48243,78.165375,3.8137677,1.9717604
25.0,121.0,2014-02-01,2014-05-20,108,25,25.54671,26.289722,24.864555,84.53963,4.171638,4.3374205,88.47702,80.46272,5.244114,3.0092914
24.0,122.0,2014-02-01,2014-05-20,108,25,24.797983,25.634487,24.107006,85.93528,3.7130191,15.000424,88.5658,82.87449,4.816941,2.5532763
22.0,121.0,2014-02-01,2014-05-20,108,25,26.786762,27.810894,25.950249,84.1812,3.5261009,8.557548,88.49545,79.09161,4.4795165,2.5343335
23.0,120.0,2014-02-01,2014-05-20,108,25,26.319708,27.421743,25.483925,85.11636,3.0104957,6.8506994,89.5722,79.44506,3.8910017,2.149911
22.0,122.0,2014-02-01,2014-05-20,108,25,27.305632,27.777397,26.834122,84.561554,5.251262,8.633079,87.25571,81.87042,6.59298,3.8646564
23.0,121.0,2014-02-01,2014-05-20,108,25,24.567085,26.192793,23.28683,86.27286,1.7084996,15.021019,91.367676,79.72163,2.4135745,1.0866199
25.0,120.0,2014-02-01,2014-05-20,108,25,24.945555,26.229712,23.938828,85.44414,4.00615,5.3647966,90.48435,78.93896,5.151086,2.6555328
22.0,120.0,2014-02-01,2014-05-20,108,25,26.927702,27.8706,26.172724,83.50039,3.2948697,8.241537,87.708115,78.65362,4.3367825,2.154767
23.0,122.0,2014-02-01,2014-05-20,108,25,25.085152,26.039207,24.280537,86.57157,3.3834693,15.097162,89.67569,83.05651,4.414666,2.3052948
24.0,120.0,2014-02-01,2014-05-20,108,25,25.905468,26.697792,25.23518,85.581795,4.1381493,4.194602,89.303406,81.13492,5.4049287,2.8555818
25.0,122.0,2014-02-01,2014-05-20,108,25,26.175108,26.55929,25.761812,83.8845,5.1546016,6.9788723,86.48552,81.566376,6.368476,3.8782728
24.0,121.0,2014-02-01,2014-05-20,108,25,24.158928,25.465277,23.064312,86.715225,2.7110457,12.338829,91.119385,81.458954,3.691887,1.6878617
23.0,120.0,2014-02-01,2014-05-21,109,25,26.560566,27.701775,25.70788,84.60871,2.9685156,6.264465,89.38166,78.70055,3.968619,2.0459707
23.0,122.0,2014-02-01,2014-05-21,109,25,25.20059,26.172554,24.420038,86.47725,3.7929828,8.156242,89.465775,82.67303,4.7244334,2.9535944
24.0,120.0,2014-02-01,2014-05-21,109,25,26.235065,27.249496,25.463018,85.341805,4.0893636,6.552702,89.41428,80.32611,5.359525,2.8043823
24.0,121.0,2014-02-01,2014-05-21,109,25,24.383282,25.880508,23.209858,86.69099,2.8787048,9.905971,91.40338,80.732254,3.7222776,2.0348258
25.0,120.0,2014-02-01,2014-05-21,109,25,25.293703,26.834745,24.162334,85.52244,4.0575843,6.7088013,90.99307,78.56951,5.292276,2.5972867
22.0,122.0,2014-02-01,2014-05-21,109,25,27.446918,27.880854,26.981407,84.02221,5.53874,3.7640069,86.707054,81.49364,6.4990973,4.5424156
22.0,120.0,2014-02-01,2014-05-21,109,25,27.094328,28.054035,26.321133,82.91287,3.3546336,5.2395325,87.023186,77.8508,4.3016186,2.2799764
23.0,121.0,2014-02-01,2014-05-21,109,25,24.702124,26.371763,23.404716,85.94693,1.7816979,9.621851,91.17629,78.99537,2.5506284,1.1324753
24.0,122.0,2014-02-01,2014-05-21,109,25,24.929287,25.80079,24.23297,85.86489,3.3845267,8.55175,88.64192,82.39421,4.475583,2.3390553
25.0,121.0,2014-02-01,2014-05-21,109,25,25.838184,26.806929,25.02294,84.302734,4.21883,5.980652,88.76199,79.36861,5.4229903,2.9488394
25.0,122.0,2014-02-01,2014-05-21,109,25,26.374151,26.77527,25.966806,83.58621,4.8175325,4.647339,86.34803,80.89768,6.060277,3.4338684
22.0,121.0,2014-02-01,2014-05-21,109,25,26.947842,27.939634,26.110445,83.432686,3.7131455,5.230835,87.92621,78.20739,4.6772313,2.8330762
24.0,121.0,2014-02-01,2014-05-22,110,25,24.352058,25.724669,23.205366,86.84441,2.7302246,8.73666,91.658646,80.96907,3.711423,1.7454484
25.0,122.0,2014-02-01,2014-05-22,110,25,26.342121,26.736433,25.93077,84.36741,4.6979375,6.054314,87.17916,81.882126,5.9455132,3.2325764
23.0,122.0,2014-02-01,2014-05-22,110,25,25.302725,26.248152,24.541065,86.6517,3.5621707,8.089843,89.8906,82.45927,4.639297,2.425544
24.0,122.0,2014-02-01,2014-05-22,110,25,25.025808,25.872646,24.3208,85.95683,3.3164425,8.175747,89.11342,82.30191,4.5278416,1.9807101
23.0,121.0,2014-02-01,2014-05-22,110,25,24.786226,26.37726,23.507309,85.89675,1.7270943,8.789608,91.49738,78.90347,2.4636538,1.0962108
25.0,121.0,2014-02-01,2014-05-22,110,25,25.678892,26.462418,24.966415,85.1688,4.106232,6.605314,89.30501,80.84121,5.299929,2.7858853
22.0,122.0,2014-02-01,2014-05-22,110,25,27.531946,27.939756,27.160484,84.76196,5.2621803,4.317607,87.06533,82.33647,6.512761,4.0060506
25.0,120.0,2014-02-01,2014-05-22,110,25,25.012348,26.294468,24.000957,86.28054,4.1527524,6.4150376,91.1792,80.36594,5.390183,2.7907429
22.0,121.0,2014-02-01,2014-05-22,110,25,27.014755,27.942852,26.213242,83.945656,3.5475457,5.022213,88.6347,79.28964,4.691626,2.5541193
24.0,120.0,2014-02-01,2014-05-22,110,25,26.0906,26.927383,25.398998,86.163536,4.060881,6.5375643,90.16196,81.54239,5.3124657,2.8285687
22.0,120.0,2014-02-01,2014-05-22,110,25,27.148369,28.044544,26.375977,83.38256,3.239056,6.0152545,87.61626,78.92004,4.145991,2.3478823
23.0,120.0,2014-02-01,2014-05-22,110,25,26.531012,27.559803,25.710552,85.2238,2.9330597,6.584256,90.02045,79.58488,3.8650575,1.9916888
24.0,121.0,2014-02-01,2014-05-23,111,25,24.519854,25.902058,23.41307,87.24114,2.7028198,11.134464,91.76869,81.50909,3.7362173,1.7032329
22.0,121.0,2014-02-01,2014-05-23,111,25,27.174332,28.127874,26.409433,84.17807,3.2138474,4.981809,88.15558,79.42306,4.283635,2.2036653
22.0,120.0,2014-02-01,2014-05-23,111,25,27.219336,28.088179,26.506397,83.89645,3.1779456,5.8955064,87.811386,79.47354,4.360114,2.124584
22.0,122.0,2014-02-01,2014-05-23,111,25,27.732908,28.18424,27.230478,84.661514,4.8020864,3.3137195,86.939964,82.36521,5.997715,3.6445112
25.0,121.0,2014-02-01,2014-05-23,111,25,25.841206,26.68357,25.161304,86.04064,3.8662748,8.17578,89.974464,81.89295,4.983141,2.5389943
24.0,122.0,2014-02-01,2014-05-23,111,25,25.140232,25.991722,24.46337,86.96454,3.3768368,11.117681,89.885254,83.43642,4.3784714,2.3842053
23.0,121.0,2014-02-01,2014-05-23,111,25,24.92911,26.57149,23.689215,86.41376,1.6591791,10.385257,91.801025,79.3104,2.4994965,1.0423131
24.0,120.0,2014-02-01,2014-05-23,111,25,26.280266,27.125933,25.603418,86.3413,4.2297297,6.984067,90.22235,81.99623,5.605757,2.8151731
23.0,122.0,2014-02-01,2014-05-23,111,25,25.486658,26.489063,24.715454,86.82691,3.2088015,8.725098,90.09857,82.66248,4.237627,2.2557411
23.0,120.0,2014-02-01,2014-05-23,111,25,26.69539,27.788414,25.904297,85.51919,3.1779678,6.22479,90.099434,79.9225,4.4392114,2.1717825
25.0,120.0,2014-02-01,2014-05-23,111,25,25.128778,26.573853,24.094385,86.788055,3.570909,8.6607,92.2804,80.481155,4.8766217,2.0997334
25.0,122.0,2014-02-01,2014-05-23,111,25,26.451227,26.852394,26.02979,85.82494,4.6500463,8.163577,88.20529,83.48768,5.934451,3.413198
24.0,121.0,2014-02-01,2014-05-24,112,25,24.561064,25.98127,23.389854,87.0814,3.115483,10.665842,91.51928,81.069786,4.2114944,1.9909787
22.0,121.0,2014-02-01,2014-05-24,112,25,27.198242,28.130867,26.396782,84.0997,3.7991226,6.1391726,87.974045,79.58257,4.7917147,2.8226392
25.0,122.0,2014-02-01,2014-05-24,112,25,26.497679,26.895884,26.09792,85.56755,4.886056,9.201303,87.80333,83.30996,6.008212,3.701977
23.0,122.0,2014-02-01,2014-05-24,112,25,25.581717,26.579082,24.78234,86.51492,4.019853,8.295544,89.65297,82.038155,4.985,2.8919344
24.0,120.0,2014-02-01,2014-05-24,112,25,26.27437,27.11134,25.541786,86.10736,4.6246758,7.181958,89.736984,81.893654,5.9169226,3.3506913
24.0,122.0,2014-02-01,2014-05-24,112,25,25.21373,26.08238,24.447914,87.154755,3.72301,11.56428,90.06,83.46915,4.846451,2.5355828
23.0,120.0,2014-02-01,2014-05-24,112,25,26.705988,27.728065,25.843315,85.45612,3.37005,6.624706,89.72905,80.321686,4.2500587,2.3593714
22.0,120.0,2014-02-01,2014-05-24,112,25,27.34863,28.239107,26.574482,83.49906,3.32899,7.908887,87.4299,79.02168,4.348598,2.2418106
23.0,121.0,2014-02-01,2014-05-24,112,25,24.98695,26.590937,23.651762,86.43237,1.9058313,10.111032,91.71188,79.47105,2.7056446,1.1988156
25.0,121.0,2014-02-01,2014-05-24,112,25,25.856318,26.69147,25.12161,85.432205,4.4317007,8.292492,89.17731,81.24118,5.4726405,3.2550323
22.0,122.0,2014-02-01,2014-05-24,112,25,27.793926,28.249956,27.339321,84.26987,5.85682,4.3163548,86.674164,81.77492,6.9409513,4.644141
25.0,120.0,2014-02-01,2014-05-24,112,25,25.265467,26.682154,24.231543,85.867035,4.3859396,6.8075085,90.83669,79.23838,5.522952,3.0836356
22.0,120.0,2014-02-01,2014-05-25,113,25,27.21514,28.10316,26.4338,84.1162,3.459111,9.369003,88.25744,79.57729,4.4551783,2.5556328
22.0,122.0,2014-02-01,2014-05-25,113,25,27.772917,28.186668,27.269358,84.242226,5.5921254,6.2504163,86.95831,81.693504,6.892814,4.182361
24.0,122.0,2014-02-01,2014-05-25,113,25,25.165674,26.068937,24.375156,86.57631,3.2059715,11.455191,89.49043,83.41689,4.2663665,2.1989424
23.0,121.0,2014-02-01,2014-05-25,113,25,24.890053,26.486923,23.547401,86.570335,1.7086198,11.385918,91.94696,79.934906,2.3155575,1.1051412
25.0,121.0,2014-02-01,2014-05-25,113,25,25.845928,26.653532,25.113594,85.83987,4.0048738,8.217277,89.61516,82.015976,5.228598,2.8212385
23.0,120.0,2014-02-01,2014-05-25,113,25,26.643848,27.631617,25.836163,85.78257,3.097154,8.346362,90.25011,80.625046,4.142636,2.1421778
23.0,122.0,2014-02-01,2014-05-25,113,25,25.530262,26.548412,24.667198,86.40501,3.5192907,9.120596,89.92219,82.46702,4.5838475,2.4067667
24.0,120.0,2014-02-01,2014-05-25,113,25,26.230768,27.084341,25.504248,86.76074,4.103204,8.677479,90.5435,82.62259,5.395922,2.6656911
25.0,120.0,2014-02-01,2014-05-25,113,25,25.221691,26.467329,24.275171,86.741554,3.9928296,7.684745,91.56819,80.8737,5.1241765,2.6579654
24.0,121.0,2014-02-01,2014-05-25,113,25,24.482994,25.926968,23.262827,87.54485,2.5684664,11.718557,92.2559,82.09302,3.5615346,1.5169872
25.0,122.0,2014-02-01,2014-05-25,113,25,26.51729,26.937847,26.102758,84.97371,4.415739,7.9755797,87.287796,82.632454,5.5725794,3.2871354
22.0,121.0,2014-02-01,2014-05-25,113,25,27.131254,28.044174,26.31436,84.322235,3.8140028,8.530381,88.69486,79.63821,4.828788,2.8099623
23.0,121.0,2014-02-01,2014-05-26,114,25,24.958618,26.54962,23.72939,86.24075,1.7873703,10.113464,91.16662,79.38292,2.3971431,1.2896559
25.0,121.0,2014-02-01,2014-05-26,114,25,25.906008,26.797955,25.092213,85.58659,4.3143096,9.217464,89.29326,81.43481,5.312483,3.3489282
24.0,122.0,2014-02-01,2014-05-26,114,25,25.243568,26.072842,24.572002,86.1618,3.4259167,7.5039086,89.05123,82.61307,4.5537734,2.3125403
23.0,122.0,2014-02-01,2014-05-26,114,25,25.560461,26.507885,24.803003,86.44025,3.5848424,7.2979126,89.491165,82.508965,4.4815974,2.6789362
24.0,121.0,2014-02-01,2014-05-26,114,25,24.55379,25.959194,23.416632,87.190384,2.788366,9.800052,91.449455,81.55415,3.6598988,1.823914
25.0,122.0,2014-02-01,2014-05-26,114,25,26.584644,26.99236,26.165255,84.647804,4.948364,6.9472656,87.3601,82.08537,6.1793523,3.7324438
23.0,120.0,2014-02-01,2014-05-26,114,25,26.677645,27.723198,25.856157,85.662415,3.1889503,9.908083,89.926,80.291046,4.1354322,2.3765457
24.0,120.0,2014-02-01,2014-05-26,114,25,26.266787,27.160904,25.50248,86.61554,4.184363,9.582458,90.21267,82.26126,5.515497,2.9462545
22.0,120.0,2014-02-01,2014-05-26,114,25,27.276234,28.239286,26.49252,84.10896,3.6451023,8.9126,87.94839,79.27826,4.5152507,2.8596482
22.0,122.0,2014-02-01,2014-05-26,114,25,27.751348,28.177893,27.301182,84.835175,5.5942364,5.44916,87.18733,82.470535,6.5332355,4.708651
25.0,120.0,2014-02-01,2014-05-26,114,25,25.369278,26.767506,24.271782,86.56955,4.052711,8.62756,91.45333,80.31479,5.4132237,2.5483522
22.0,121.0,2014-02-01,2014-05-26,114,25,27.14849,28.104658,26.368912,84.56724,3.8341007,8.278445,88.66663,79.69667,4.5993795,3.0759847
23.0,122.0,2014-02-01,2014-05-27,115,25,25.615356,26.623926,24.789097,86.29988,3.9624739,6.9025574,89.204796,82.15286,5.016512,2.891138
24.0,122.0,2014-02-01,2014-05-27,115,25,25.298452,26.170584,24.565176,86.06252,3.7619128,7.199491,88.87852,82.47572,5.019571,2.4123602
25.0,120.0,2014-02-01,2014-05-27,115,25,25.371576,26.633127,24.38163,85.88602,4.152216,3.8584282,90.91168,79.75719,5.297613,2.6958532
23.0,121.0,2014-02-01,2014-05-27,115,25,25.025528,26.701675,23.70603,86.10941,1.9016002,8.935028,91.3311,79.12008,2.706903,1.2298311
25.0,121.0,2014-02-01,2014-05-27,115,25,25.877392,26.656382,25.164879,85.30698,4.2852807,4.429718,89.22472,81.15851,5.519492,2.8846123
23.0,120.0,2014-02-01,2014-05-27,115,25,26.742256,27.856323,25.848433,85.1225,3.3983037,6.5543475,89.43073,79.946365,4.54618,2.201424
25.0,122.0,2014-02-01,2014-05-27,115,25,26.561155,26.96353,26.15235,84.52868,5.1108003,4.870083,87.278366,82.29025,6.6589923,3.5424175
24.0,121.0,2014-02-01,2014-05-27,115,25,24.603745,26.001568,23.47707,86.93816,2.9310288,6.7679734,91.23886,81.16969,3.9441633,1.6761855
22.0,120.0,2014-02-01,2014-05-27,115,25,27.298674,28.270533,26.468657,83.86639,3.6125588,7.627651,87.81462,79.47346,4.766519,2.4526033
24.0,120.0,2014-02-01,2014-05-27,115,25,26.314636,27.16055,25.580225,85.95788,4.410679,4.3900456,89.493805,81.884224,5.8527336,2.7103927
22.0,121.0,2014-02-01,2014-05-27,115,25,27.214746,28.231129,26.348892,84.337555,4.025442,6.451198,88.48704,79.60872,4.978732,3.044173
22.0,122.0,2014-02-01,2014-05-27,115,25,27.805609,28.24708,27.371666,84.59871,5.9633837,4.411708,86.70786,82.455505,7.184496,4.569815
25.0,120.0,2014-02-01,2014-05-28,116,25,25.550312,26.881912,24.518427,85.59282,4.4700046,9.469612,90.47848,79.5972,5.672243,3.0772607
22.0,121.0,2014-02-01,2014-05-28,116,25,27.262629,28.136696,26.459833,83.98817,4.086111,4.9807825,87.82451,79.80504,4.969712,3.2064195
22.0,122.0,2014-02-01,2014-05-28,116,25,27.891287,28.296055,27.394981,84.063156,6.209139,3.0264344,86.67938,81.92323,7.409334,4.906509
23.0,122.0,2014-02-01,2014-05-28,116,25,25.625706,26.564419,24.77708,85.98951,4.063137,6.519777,89.33802,81.901855,5.0481496,3.0229905
23.0,121.0,2014-02-01,2014-05-28,116,25,24.9981,26.520191,23.68997,85.976036,1.8047839,8.469849,91.05968,79.65321,2.4375436,1.2209283
25.0,121.0,2014-02-01,2014-05-28,116,25,26.156328,27.081432,25.359835,84.24362,4.4530635,8.660284,88.30326,79.90311,5.4403353,3.3896694
24.0,121.0,2014-02-01,2014-05-28,116,25,24.694546,26.105946,23.510382,86.17724,2.8672373,9.4314575,90.83188,80.25649,3.7947602,1.9096293
25.0,122.0,2014-02-01,2014-05-28,116,25,26.778172,27.150436,26.330046,83.38223,4.768611,6.009524,85.95465,80.99704,5.968227,3.657095
24.0,122.0,2014-02-01,2014-05-28,116,25,25.327316,26.17288,24.555298,85.21466,3.3028252,6.753235,88.5883,81.516884,4.397651,2.2564018
22.0,120.0,2014-02-01,2014-05-28,116,25,27.351954,28.240341,26.557076,83.74469,3.6246119,6.276253,87.64017,79.53015,4.57496,2.6511621
24.0,120.0,2014-02-01,2014-05-28,116,25,26.509886,27.440176,25.76565,85.13971,4.6778846,7.9721117,89.09122,80.516075,5.8308535,3.3680549
23.0,120.0,2014-02-01,2014-05-28,116,25,26.819624,27.822044,25.975292,84.92335,3.46876,7.013861,89.300514,79.88234,4.384184,2.4185898
22.0,120.0,2014-02-01,2014-05-29,117,25,27.2717,28.240137,26.435118,84.17048,3.9580328,8.513517,87.96836,79.66102,5.0529037,3.0016034
24.0,120.0,2014-02-01,2014-05-29,117,25,26.387896,27.249327,25.67877,85.48653,4.857078,13.6593895,89.172295,81.260124,6.3060217,3.27125
24.0,122.0,2014-02-01,2014-05-29,117,25,25.314018,26.209833,24.49645,85.399284,3.7837145,9.114717,88.31694,81.95069,4.84013,2.5407386
23.0,120.0,2014-02-01,2014-05-29,117,25,26.711155,27.808111,25.888237,85.29294,3.5823307,11.929349,89.21143,80.17806,4.7413425,2.468144
25.0,122.0,2014-02-01,2014-05-29,117,25,26.7152,27.208252,26.15386,83.68025,5.44377,9.311555,86.516945,80.868484,6.8558807,4.0053706
24.0,121.0,2014-02-01,2014-05-29,117,25,24.631767,25.9496,23.510992,86.08647,3.136217,12.593415,90.20156,81.11918,4.1326613,1.9801973
22.0,121.0,2014-02-01,2014-05-29,117,25,27.198454,28.155247,26.302584,84.32095,4.2703295,7.3037987,88.24819,79.84632,5.3170586,3.2948914
25.0,120.0,2014-02-01,2014-05-29,117,25,25.535734,26.827065,24.518633,85.36952,4.450184,11.261011,90.28494,80.076096,5.7414203,2.877081
22.0,122.0,2014-02-01,2014-05-29,117,25,27.8633,28.350683,27.346533,84.34922,6.246654,4.7366633,86.75854,81.95372,7.4784813,5.0388026
23.0,122.0,2014-02-01,2014-05-29,117,25,25.61209,26.554781,24.757578,85.89625,4.0935225,8.290741,88.83303,81.858284,5.0752606,3.0059838
25.0,121.0,2014-02-01,2014-05-29,117,25,26.044353,26.924324,25.231977,84.29596,4.731278,12.749049,88.23291,80.02088,6.012748,3.258586
23.0,121.0,2014-02-01,2014-05-29,117,25,24.948833,26.497831,23.66311,85.92905,2.0471303,10.845674,90.832275,79.29628,2.7591794,1.373122
23.0,120.0,2014-02-01,2014-05-30,118,25,26.574463,27.510342,25.758896,85.3354,3.6238394,13.339243,89.14417,80.87464,4.5018153,2.694156
24.0,120.0,2014-02-01,2014-05-30,118,25,26.30718,27.160816,25.536797,85.16835,4.818688,13.854683,88.7772,81.34139,5.844454,3.3941991
25.0,120.0,2014-02-01,2014-05-30,118,25,25.457539,26.849026,24.310093,84.92382,4.194856,13.091745,89.95796,79.12503,5.332735,2.862961
23.0,122.0,2014-02-01,2014-05-30,118,25,25.47068,26.4161,24.673965,85.4855,3.978111,8.775642,88.549,81.84085,5.0956597,2.877318
24.0,121.0,2014-02-01,2014-05-30,118,25,24.505234,25.807837,23.343105,85.95197,3.074377,13.927312,90.28168,81.07774,4.004601,2.020813
25.0,122.0,2014-02-01,2014-05-30,118,25,26.623755,27.04147,26.13666,82.45748,4.997766,7.8845277,84.96812,80.246506,6.4449916,3.54335
22.0,121.0,2014-02-01,2014-05-30,118,25,26.977163,27.817417,26.207958,84.33157,4.194079,9.945075,88.092354,80.479485,5.387844,3.1578848
22.0,122.0,2014-02-01,2014-05-30,118,25,27.683113,28.170156,27.108238,83.748405,6.229453,5.311894,86.776505,81.06171,7.745686,4.698842
23.0,121.0,2014-02-01,2014-05-30,118,25,24.766243,26.169117,23.543467,86.15917,1.8792806,13.392644,90.7204,80.54186,2.6007931,1.2899305
25.0,121.0,2014-02-01,2014-05-30,118,25,25.955235,26.809097,25.126884,83.345985,4.594817,12.516794,86.985596,79.89383,5.8360896,3.3065786
22.0,120.0,2014-02-01,2014-05-30,118,25,27.120089,27.93817,26.360317,83.862366,3.9223423,10.893257,87.59388,79.988846,5.011063,2.8027506
24.0,122.0,2014-02-01,2014-05-30,118,25,25.185102,26.005705,24.434843,84.941765,3.5727367,9.2443905,87.63508,82.00364,4.6110215,2.4812412
22.0,120.0,2014-02-01,2014-05-31,119,25,27.11374,27.972403,26.466957,83.79695,3.674215,9.18114,87.15572,79.510956,4.8250885,2.5200143
25.0,120.0,2014-02-01,2014-05-31,119,25,25.299088,26.713251,24.167383,84.90688,4.1037607,7.672959,90.18477,78.45986,5.3578396,2.5298595
23.0,122.0,2014-02-01,2014-05-31,119,25,25.328087,26.19903,24.55564,85.57007,3.479733,10.569993,88.33478,82.45115,4.7052536,2.152968
23.0,120.0,2014-02-01,2014-05-31,119,25,26.522612,27.501537,25.839775,85.07958,3.1705334,9.8973875,88.81284,80.11863,4.2262073,1.9877304
22.0,121.0,2014-02-01,2014-05-31,119,25,27.00019,27.904966,26.288227,84.10316,3.947734,9.202809,87.38522,79.94888,5.1383,2.9260623
25.0,122.0,2014-02-01,2014-05-31,119,25,26.4523,26.903364,26.015854,81.94549,4.5219994,6.7784886,84.42523,79.510796,5.713711,3.054
22.0,122.0,2014-02-01,2014-05-31,119,25,27.61103,27.999853,27.189096,83.53861,5.789451,7.278678,85.59437,81.48634,7.288297,4.271547
24.0,121.0,2014-02-01,2014-05-31,119,25,24.381548,25.731207,23.241806,86.42007,2.8410919,10.99602,90.927345,81.1698,3.8081052,1.6127005
24.0,120.0,2014-02-01,2014-05-31,119,25,26.17937,27.088432,25.449385,85.278854,4.4962144,8.408131,89.28748,80.71794,5.8593736,2.8400657
24.0,122.0,2014-02-01,2014-05-31,119,25,25.034645,25.83061,24.340952,84.50663,3.0856142,9.793016,87.320724,81.41449,4.196454,1.9882895
25.0,121.0,2014-02-01,2014-05-31,119,25,25.810198,26.749239,25.027138,83.69067,4.475372,7.957384,88.04234,79.22046,5.535023,2.9763107
23.0,121.0,2014-02-01,2014-05-31,119,25,24.718525,26.17365,23.56952,86.23957,1.638098,12.490161,90.9094,80.28928,2.3638554,0.98477304
24.0,121.0,2014-02-01,2014-06-01,120,25,24.452614,25.862099,23.36873,86.064285,2.486458,8.2188,90.7184,80.10162,3.3154316,1.4800961
23.0,122.0,2014-02-01,2014-06-01,120,25,25.392736,26.301373,24.672436,84.82325,3.1966305,8.158682,87.716385,81.34763,4.0094576,2.3526692
25.0,120.0,2014-02-01,2014-06-01,120,25,25.54584,26.982046,24.562325,84.7921,4.084255,6.614528,90.36775,77.56012,5.210066,2.8536587
22.0,120.0,2014-02-01,2014-06-01,120,25,27.232344,28.088005,26.508965,82.753105,3.5051599,5.991021,86.731064,78.416374,4.4827623,2.5321882
25.0,122.0,2014-02-01,2014-06-01,120,25,26.7184,27.104298,26.258398,82.63392,4.4153447,4.4135656,85.4438,80.03226,5.6005554,3.2547555
25.0,121.0,2014-02-01,2014-06-01,120,25,26.035097,26.927895,25.285372,84.059685,4.1590276,4.828944,88.50189,79.325516,5.0408897,3.1460977
23.0,121.0,2014-02-01,2014-06-01,120,25,24.789682,26.31475,23.623817,85.47245,1.5465941,7.9645886,90.23895,79.071625,2.0286844,1.0235337
24.0,120.0,2014-02-01,2014-06-01,120,25,26.332642,27.19981,25.650772,85.17237,4.080855,6.2592998,89.27679,80.50606,5.3470097,2.5221882
22.0,121.0,2014-02-01,2014-06-01,120,25,27.07127,27.95191,26.316631,83.260506,3.4974334,5.49084,87.29739,78.89565,4.3600655,2.5364003
22.0,122.0,2014-02-01,2014-06-01,120,25,27.675276,28.103945,27.285288,82.70659,5.182343,5.6858463,85.24094,80.430084,6.219554,4.115273
23.0,120.0,2014-02-01,2014-06-01,120,25,26.676594,27.622202,25.961329,84.59137,2.980552,6.0059752,88.79958,79.66182,3.9069288,1.9698737
24.0,122.0,2014-02-01,2014-06-01,120,25,25.147133,25.983711,24.509497,84.51497,2.9309933,7.8028493,87.36814,81.00185,4.03855,1.9068074
24.0,120.0,2014-02-01,2014-06-02,121,25,26.526072,27.452106,25.686987,85.836334,4.170625,9.294309,89.952286,81.22549,5.5619617,2.5068595
23.0,120.0,2014-02-01,2014-06-02,121,25,26.826939,27.904892,25.964668,85.21519,3.2498002,8.137691,89.66615,80.047195,4.240657,2.3046432
22.0,122.0,2014-02-01,2014-06-02,121,25,27.816975,28.263756,27.2658,83.39991,5.4591885,6.292295,85.83345,81.1293,6.7329197,4.189704
22.0,121.0,2014-02-01,2014-06-02,121,25,27.205513,28.170713,26.333775,83.71584,3.6353562,7.249935,87.909424,79.3353,4.6802425,2.6064358
24.0,122.0,2014-02-01,2014-06-02,121,25,25.426723,26.270786,24.675957,84.957344,3.250408,9.397464,88.26737,81.32254,4.1524143,2.1820688
23.0,121.0,2014-02-01,2014-06-02,121,25,25.057243,26.64999,23.755772,85.60955,1.8584028,9.933963,91.13317,79.07592,2.5730507,1.1849769
25.0,122.0,2014-02-01,2014-06-02,121,25,26.867058,27.320908,26.4396,83.47703,4.553829,8.637881,86.36998,80.840324,5.6470203,3.3765376
25.0,121.0,2014-02-01,2014-06-02,121,25,26.213999,27.164795,25.366152,84.66951,3.944988,10.317867,88.88488,80.265175,5.236515,2.5438895
25.0,120.0,2014-02-01,2014-06-02,121,25,25.710152,27.151745,24.542686,85.714935,3.9190834,11.224849,91.165886,79.19029,5.149416,2.361658
22.0,120.0,2014-02-01,2014-06-02,121,25,27.314407,28.235159,26.517118,83.46513,3.7900805,7.6780977,87.516464,79.21482,4.798649,2.809411
24.0,121.0,2014-02-01,2014-06-02,121,25,24.762802,26.200523,23.52916,86.24068,2.6482,11.093938,91.4563,80.3573,3.6545365,1.4759296
23.0,122.0,2014-02-01,2014-06-02,121,25,25.667597,26.572588,24.832613,85.216805,3.660083,8.981511,88.55019,81.58918,4.668136,2.5021293
22.0,121.0,2014-02-01,2014-06-03,122,25,27.235004,28.199522,26.439678,84.140656,3.8288822,8.807248,88.068085,79.71114,4.8145814,2.871268
22.0,122.0,2014-02-01,2014-06-03,122,25,27.920591,28.338892,27.43511,83.84054,5.7037854,6.435727,86.28004,81.72341,6.874643,4.6379323
23.0,122.0,2014-02-01,2014-06-03,122,25,25.739548,26.686996,24.97603,85.786964,3.7682126,9.275382,89.00113,82.06871,4.770592,2.77658
24.0,121.0,2014-02-01,2014-06-03,122,25,24.723623,26.072754,23.68268,86.89969,2.4215102,10.780814,90.95326,81.67978,3.3630674,1.5540161
23.0,121.0,2014-02-01,2014-06-03,122,25,25.05558,26.664404,23.8273,86.15828,1.8439293,11.63592,91.17361,79.55493,2.6415973,1.1488614
24.0,120.0,2014-02-01,2014-06-03,122,25,26.481403,27.321009,25.826616,85.8021,3.9348755,8.703186,89.233215,81.741,5.0014925,2.7697556
23.0,120.0,2014-02-01,2014-06-03,122,25,26.819426,27.917847,26.001167,85.06654,3.2299743,9.56256,89.329384,79.6633,4.297323,2.2399507
25.0,121.0,2014-02-01,2014-06-03,122,25,26.146038,26.940737,25.452988,85.32456,3.7762432,9.399898,88.88556,81.189445,4.9522405,2.665802
24.0,122.0,2014-02-01,2014-06-03,122,25,25.426203,26.292503,24.715918,85.65973,3.386222,8.99462,88.753555,82.16075,4.4772673,2.2365386
25.0,122.0,2014-02-01,2014-06-03,122,25,26.837297,27.236675,26.413261,84.186104,4.451532,7.632317,86.88253,81.66563,5.809834,3.09459
22.0,120.0,2014-02-01,2014-06-03,122,25,27.304398,28.209558,26.574507,83.92764,4.0169587,10.069762,88.00257,79.35275,5.102007,2.817473
25.0,120.0,2014-02-01,2014-06-03,122,25,25.615376,26.815952,24.725786,86.28702,3.7419448,8.8426485,90.706116,80.921394,5.047912,2.4624252
22.0,120.0,2014-02-01,2014-06-04,123,25,27.341896,28.236645,26.618921,84.33771,4.2380223,12.443047,88.11559,79.98416,5.509403,2.9327893
25.0,120.0,2014-02-01,2014-06-04,123,25,25.935793,27.265789,24.95625,85.951485,4.032843,9.38641,90.979485,79.60811,5.1732802,2.687188
22.0,122.0,2014-02-01,2014-06-04,123,25,28.01498,28.372332,27.628304,84.14268,6.227314,4.9003253,86.158936,81.99476,7.275879,5.210697
24.0,121.0,2014-02-01,2014-06-04,123,25,24.854406,26.166756,23.80983,86.90727,2.8366125,11.233642,91.062294,81.49954,3.8000567,1.9672177
23.0,121.0,2014-02-01,2014-06-04,123,25,25.114923,26.628447,23.921885,86.47512,2.228982,14.606444,90.945076,80.10283,3.0750604,1.5187318
23.0,120.0,2014-02-01,2014-06-04,123,25,26.89244,27.912266,26.153809,85.38463,3.6027603,13.028377,89.43875,80.087585,4.65998,2.4953039
24.0,120.0,2014-02-01,2014-06-04,123,25,26.626001,27.445225,25.973871,85.81915,4.4015594,9.640925,89.64116,81.50847,5.534213,3.2221134
23.0,122.0,2014-02-01,2014-06-04,123,25,25.818298,26.67071,25.093578,86.06163,4.194732,9.242063,88.83867,82.56603,5.1149187,3.2073357
25.0,121.0,2014-02-01,2014-06-04,123,25,26.341314,27.081202,25.66899,85.35019,4.2653384,8.939021,89.39313,81.2456,5.406648,3.043915
24.0,122.0,2014-02-01,2014-06-04,123,25,25.537771,26.29998,24.856358,86.00271,3.733844,9.319274,88.90047,82.46666,4.992732,2.3808455
25.0,122.0,2014-02-01,2014-06-04,123,25,27.01287,27.341602,26.635958,84.52337,4.863744,7.054868,87.37722,82.1091,6.3462396,3.4587948
22.0,121.0,2014-02-01,2014-06-04,123,25,27.309898,28.174843,26.63935,84.47643,4.33767,10.279655,87.91351,80.3033,5.262065,3.467184
22.0,122.0,2014-02-01,2014-06-05,124,25,28.110083,28.533934,27.617348,84.158585,6.3695507,3.350033,86.53954,81.76166,7.479775,5.0727625
22.0,121.0,2014-02-01,2014-06-05,124,25,27.427757,28.482944,26.610195,84.122406,4.184851,5.3074327,88.18339,78.993385,5.0099115,3.3073545
24.0,121.0,2014-02-01,2014-06-05,124,25,24.931608,26.408413,23.690336,86.604485,2.7808714,8.416873,90.93744,80.67368,3.6533477,1.9328723
25.0,120.0,2014-02-01,2014-06-05,124,25,26.104134,27.460693,25.058979,85.781296,3.9357593,6.744812,90.723366,78.991035,5.088565,2.8875496
23.0,121.0,2014-02-01,2014-06-05,124,25,25.186758,26.924332,23.844458,86.07881,1.9189644,8.207828,91.047516,78.82378,2.7651565,1.2251253
23.0,122.0,2014-02-01,2014-06-05,124,25,25.867617,26.920006,24.96941,86.03219,4.144825,6.2608056,89.02972,81.81023,5.21293,2.9582946
23.0,120.0,2014-02-01,2014-06-05,124,25,27.047121,28.197803,26.244375,85.18471,3.1936417,6.3261113,89.38051,79.46236,4.143136,2.1766043
24.0,120.0,2014-02-01,2014-06-05,124,25,26.785433,27.674946,26.089165,85.73396,4.1787724,6.5345497,89.175476,81.30057,5.3363233,2.9883053
22.0,120.0,2014-02-01,2014-06-05,124,25,27.490025,28.516682,26.665117,83.679825,3.7846234,6.00934,87.81644,78.576744,4.8171263,2.725585
24.0,122.0,2014-02-01,2014-06-05,124,25,25.556358,26.472061,24.786549,85.851875,3.7048957,6.3593774,88.63364,82.32659,4.838719,2.5369844
25.0,122.0,2014-02-01,2014-06-05,124,25,27.113035,27.436918,26.729053,84.123405,5.0263844,4.0812364,86.31978,82.0737,6.127302,3.9526281
25.0,121.0,2014-02-01,2014-06-05,124,25,26.49934,27.320175,25.766836,84.796364,4.147113,6.118595,88.07494,80.95062,5.1682525,3.1596622
24.0,120.0,2014-02-01,2014-06-06,125,25,26.897772,27.905264,26.049566,85.47848,4.2392116,4.9319153,89.846985,80.78168,5.5285077,2.7680082
22.0,120.0,2014-02-01,2014-06-06,125,25,27.51563,28.467388,26.72952,84.04614,3.5127902,6.6320553,88.05693,79.56039,4.552165,2.4632277
23.0,122.0,2014-02-01,2014-06-06,125,25,25.946821,26.929188,25.06163,85.75634,4.062357,6.7132277,89.30334,81.56479,4.938855,2.980647
22.0,121.0,2014-02-01,2014-06-06,125,25,27.444891,28.482529,26.600967,84.21728,3.8452413,5.9499884,88.52608,79.19876,4.844398,2.945372
23.0,121.0,2014-02-01,2014-06-06,125,25,25.26122,26.879719,23.900118,86.26748,1.8619839,8.193939,91.557,79.6861,2.5620892,1.2132466
23.0,120.0,2014-02-01,2014-06-06,125,25,27.090313,28.234304,26.217247,85.444534,3.1173754,5.954257,89.765915,79.91591,4.0661182,2.0676908
22.0,122.0,2014-02-01,2014-06-06,125,25,28.13214,28.586233,27.674055,83.789246,5.972323,4.4604244,86.6394,80.81047,6.93627,4.852279
24.0,121.0,2014-02-01,2014-06-06,125,25,25.07522,26.552158,23.74292,86.28669,2.978038,7.1670227,91.48671,80.64374,3.9771922,1.9231633
25.0,122.0,2014-02-01,2014-06-06,125,25,27.166588,27.601202,26.638472,83.81257,5.1903977,3.646217,86.1311,81.90104,6.253633,4.1512804
25.0,120.0,2014-02-01,2014-06-06,125,25,26.234653,27.75335,24.943169,85.51576,4.4668074,4.418346,91.156494,78.8664,5.5566473,3.3735778
24.0,122.0,2014-02-01,2014-06-06,125,25,25.656467,26.502623,24.814337,85.77466,3.671217,6.029022,88.60083,82.521996,4.820978,2.4245641
25.0,121.0,2014-02-01,2014-06-06,125,25,26.596254,27.60521,25.626171,84.23783,4.4788294,4.7686477,88.736946,80.04194,5.4904985,3.3226504
25.0,122.0,2014-02-01,2014-06-07,126,25,26.944849,27.359858,26.524536,83.887375,4.9956813,4.921034,86.61966,81.27798,6.307,3.6167252
24.0,122.0,2014-02-01,2014-06-07,126,25,25.505022,26.312885,24.790361,85.5097,3.6809988,7.4048634,88.42232,82.19981,4.626846,2.4254446
23.0,120.0,2014-02-01,2014-06-07,126,25,26.981787,28.022934,26.16728,85.841896,3.1379557,8.515704,90.029686,80.73143,4.10759,2.0887313
24.0,120.0,2014-02-01,2014-06-07,126,25,26.704107,27.56835,25.955454,85.8254,4.1971564,6.236344,90.00133,81.285286,5.214607,2.9439268
25.0,121.0,2014-02-01,2014-06-07,126,25,26.349232,27.21146,25.580166,84.70701,4.1424956,5.670244,88.780266,80.24199,5.265926,3.0639834
23.0,121.0,2014-02-01,2014-06-07,126,25,25.169731,26.665161,23.92709,86.456184,1.790767,10.43709,91.16611,80.38614,2.4793253,1.1467216
22.0,120.0,2014-02-01,2014-06-07,126,25,27.493261,28.377525,26.71748,84.62499,3.4878886,9.531629,88.296974,80.615875,4.464143,2.4503229
23.0,122.0,2014-02-01,2014-06-07,126,25,25.799152,26.767044,24.966421,85.90079,3.8080437,8.438494,88.9149,82.081825,4.8554606,2.708516
22.0,121.0,2014-02-01,2014-06-07,126,25,27.364124,28.31708,26.5598,84.72312,3.6428716,8.1031065,88.660515,80.28279,4.629526,2.6782784
22.0,122.0,2014-02-01,2014-06-07,126,25,27.994917,28.474443,27.489233,84.24149,5.603935,6.091082,86.73332,81.544235,6.8507094,4.2764096
24.0,121.0,2014-02-01,2014-06-07,126,25,24.89868,26.223688,23.74538,86.42891,2.7407022,8.165667,90.92337,80.99261,3.6353097,1.7429146
25.0,120.0,2014-02-01,2014-06-07,126,25,25.99658,27.290728,24.992851,85.69373,4.0866857,6.7142506,90.682365,79.4035,5.3466578,2.679545
23.0,121.0,2014-02-01,2014-06-08,127,25,25.06942,26.432856,23.979853,86.62375,1.8212832,11.0403805,90.51535,81.3383,2.5076735,1.2462716
25.0,121.0,2014-02-01,2014-06-08,127,25,26.500757,27.35982,25.77894,84.268684,4.209376,5.376626,87.86656,80.22786,5.101323,3.325983
22.0,122.0,2014-02-01,2014-06-08,127,25,28.057432,28.457134,27.618755,83.76374,5.929287,5.762663,85.87857,81.76155,6.895117,4.988323
22.0,121.0,2014-02-01,2014-06-08,127,25,27.354681,28.188038,26.654541,84.544044,4.002186,8.405182,87.66951,80.89124,4.9420185,3.151209
25.0,120.0,2014-02-01,2014-06-08,127,25,26.036928,27.243525,25.133038,85.45393,4.0858855,6.791421,89.842224,79.73952,4.932138,3.216082
24.0,121.0,2014-02-01,2014-06-08,127,25,24.883501,26.13732,23.83915,86.20165,2.7120917,8.481787,89.89568,81.37898,3.497507,1.8129448
23.0,120.0,2014-02-01,2014-06-08,127,25,26.996635,27.966309,26.259497,85.50151,3.1636887,8.642612,88.88968,80.897,4.057255,2.2728033
22.0,120.0,2014-02-01,2014-06-08,127,25,27.410809,28.171606,26.764917,84.63997,3.8518493,10.52097,87.39885,81.18044,4.9049315,2.8661535
25.0,122.0,2014-02-01,2014-06-08,127,25,27.084803,27.513166,26.62271,83.70885,4.953761,4.4775743,86.53295,81.28166,6.0310726,3.8097675
24.0,122.0,2014-02-01,2014-06-08,127,25,25.478535,26.197548,24.810297,85.56753,3.4227629,7.5687013,88.349846,82.646866,4.532515,2.3784735
23.0,122.0,2014-02-01,2014-06-08,127,25,25.770454,26.58834,25.071762,85.7634,3.859536,8.411596,88.635056,82.221085,4.7389936,3.0112326
24.0,120.0,2014-02-01,2014-06-08,127,25,26.803734,27.666157,26.132734,85.10422,4.036268,6.094093,88.38954,80.987625,5.1525683,2.9245446
24.0,121.0,2014-02-01,2014-06-09,128,25,24.984024,26.334766,23.800127,86.074715,3.1308994,11.808031,90.62027,80.58318,4.299447,1.9854643
24.0,120.0,2014-02-01,2014-06-09,128,25,26.820173,27.645746,26.115454,85.08794,4.587243,9.971483,88.59834,81.30757,5.8264008,3.1299071
23.0,121.0,2014-02-01,2014-06-09,128,25,25.14624,26.608276,23.896807,86.39836,2.3684819,13.94213,91.33021,80.17367,3.2600482,1.4923952
22.0,120.0,2014-02-01,2014-06-09,128,25,27.394093,28.108828,26.646513,84.43415,4.5241923,11.732353,88.10656,80.79203,5.4103284,3.4070568
23.0,120.0,2014-02-01,2014-06-09,128,25,26.988699,27.933727,26.215097,85.38396,3.8330393,12.103748,89.222145,80.89297,4.898736,2.6918087
23.0,122.0,2014-02-01,2014-06-09,128,25,25.888239,26.79875,25.038414,86.201126,4.534035,8.674181,89.78377,82.221725,5.46702,3.4991164
24.0,122.0,2014-02-01,2014-06-09,128,25,25.578857,26.35376,24.807314,85.93847,3.931085,9.019645,89.00899,82.76318,5.0499535,2.6801136
22.0,122.0,2014-02-01,2014-06-09,128,25,28.06985,28.489649,27.57143,84.58952,6.7028027,5.1896925,87.220085,82.44416,7.7899003,5.658969
25.0,120.0,2014-02-01,2014-06-09,128,25,26.04475,27.285772,25.055035,85.434845,4.368948,10.643175,89.8969,80.071266,5.6222935,3.0350072
25.0,121.0,2014-02-01,2014-06-09,128,25,26.527414,27.341099,25.77308,84.09581,4.4561424,10.430775,87.844894,80.14321,5.523462,3.2350886
22.0,121.0,2014-02-01,2014-06-09,128,25,27.326056,28.14794,26.516075,84.714424,4.6795907,10.482048,88.68388,80.79266,5.586767,3.7004664
25.0,122.0,2014-02-01,2014-06-09,128,25,27.111067,27.474463,26.681797,84.020905,5.3482513,7.6759534,86.65903,81.84036,6.616477,4.080694
25.0,121.0,2014-02-01,2014-06-10,129,25,26.650434,27.518827,25.92892,83.30531,4.6798363,4.839126,87.4312,79.066505,5.641929,3.541642
25.0,122.0,2014-02-01,2014-06-10,129,25,27.308804,27.704613,26.863365,83.029564,5.231016,3.2216969,85.40318,80.68501,6.4583125,4.053943
22.0,121.0,2014-02-01,2014-06-10,129,25,27.301525,28.066738,26.623892,84.72639,4.7382402,7.177387,87.91556,81.191765,5.6459618,3.8565314
22.0,122.0,2014-02-01,2014-06-10,129,25,28.079773,28.48204,27.63305,84.20737,6.860681,4.332544,86.46935,82.07398,7.9449544,5.6088405
25.0,120.0,2014-02-01,2014-06-10,129,25,26.13512,27.379898,25.163145,84.97552,4.8280296,7.070879,89.40193,79.6198,5.9952593,3.2897708
23.0,120.0,2014-02-01,2014-06-10,129,25,26.98194,27.834723,26.288252,85.47101,3.890154,8.009297,89.28161,81.16821,4.8478303,2.9697394
24.0,120.0,2014-02-01,2014-06-10,129,25,26.846548,27.658335,26.215248,84.81647,4.9374623,6.0512905,88.42249,80.9064,5.919991,3.8203506
24.0,121.0,2014-02-01,2014-06-10,129,25,25.052261,26.439384,23.946884,85.59141,3.3313391,7.309529,89.88066,80.032715,4.2360673,2.306452
23.0,122.0,2014-02-01,2014-06-10,129,25,25.957447,26.86762,25.211655,85.66759,4.646254,6.429402,88.41464,81.93613,5.6654854,3.4572918
22.0,120.0,2014-02-01,2014-06-10,129,25,27.404573,28.213799,26.741098,84.41103,4.52391,8.550982,87.81374,80.42319,5.5918074,3.4760861
23.0,121.0,2014-02-01,2014-06-10,129,25,25.181196,26.603565,23.966425,86.2672,2.36917,9.263257,90.60074,80.51396,3.1854103,1.5761975
24.0,122.0,2014-02-01,2014-06-10,129,25,25.722197,26.518116,25.013784,85.23334,3.9700634,5.6673756,87.564964,82.10006,5.1522517,2.8222833
22.0,120.0,2014-02-01,2014-06-11,130,25,27.464289,28.205122,26.824492,84.48664,4.417821,9.56983,87.70938,80.768654,5.4265885,3.3413415
25.0,120.0,2014-02-01,2014-06-11,130,25,26.18073,27.55876,25.116358,85.70602,4.027087,8.776682,90.24219,79.8107,5.2684937,2.6803265
24.0,121.0,2014-02-01,2014-06-11,130,25,25.12294,26.635565,23.822481,85.946266,2.938993,8.1129265,90.828156,79.864655,3.9871552,1.944173
24.0,122.0,2014-02-01,2014-06-11,130,25,25.87725,26.817768,25.02582,84.99844,3.4238882,5.252208,88.53167,81.13995,4.4929724,2.3467634
23.0,121.0,2014-02-01,2014-06-11,130,25,25.308775,26.881802,23.991283,85.89014,2.0962532,8.816967,91.11666,79.2898,2.914375,1.3501734
23.0,120.0,2014-02-01,2014-06-11,130,25,27.057358,28.015732,26.27124,85.6884,3.5419195,9.128851,89.611374,80.85089,4.5736837,2.565793
23.0,122.0,2014-02-01,2014-06-11,130,25,26.122997,27.14664,25.225962,85.13762,4.404504,5.0333996,88.77927,80.80901,5.396428,3.2622051
24.0,120.0,2014-02-01,2014-06-11,130,25,26.865568,27.76893,26.091816,85.737946,4.4939427,8.403146,89.3544,81.649666,5.468859,3.3590918
25.0,121.0,2014-02-01,2014-06-11,130,25,26.618176,27.524982,25.790709,84.58649,4.147247,8.21943,88.41704,80.57133,5.3570485,2.9842668
25.0,122.0,2014-02-01,2014-06-11,130,25,27.360214,27.78587,26.921392,83.744705,4.7039766,5.3837404,86.541565,81.5284,5.7677064,3.6171007
22.0,121.0,2014-02-01,2014-06-11,130,25,27.420456,28.250683,26.72997,84.30036,4.6156445,7.503488,87.96544,80.158356,5.539389,3.7166116
22.0,122.0,2014-02-01,2014-06-11,130,25,28.236946,28.64956,27.874245,83.6533,6.878623,3.6948895,86.16316,81.41582,7.8733068,5.726457
24.0,121.0,2014-02-01,2014-06-12,131,25,25.042568,26.427828,23.904312,87.09275,2.8994467,12.050746,91.32517,81.57541,3.8404891,1.9531125
24.0,122.0,2014-02-01,2014-06-12,131,25,25.685448,26.507164,24.943535,86.11081,3.224544,9.437521,89.09371,82.84221,4.5010815,2.085499
22.0,120.0,2014-02-01,2014-06-12,131,25,27.32136,28.115051,26.633408,85.1768,4.3499336,14.034695,88.50094,81.52622,5.3515515,3.2769845
25.0,120.0,2014-02-01,2014-06-12,131,25,26.036343,27.296684,25.086538,86.4797,4.3678455,9.249538,90.99926,80.7779,5.6240773,3.0961916
23.0,120.0,2014-02-01,2014-06-12,131,25,26.884676,27.844282,26.113365,86.35039,3.3868847,14.04385,90.07135,81.74255,4.435688,2.309182
23.0,121.0,2014-02-01,2014-06-12,131,25,25.166807,26.588066,23.9454,87.226746,1.9675831,14.153409,91.8354,81.42781,2.816866,1.2247146
24.0,120.0,2014-02-01,2014-06-12,131,25,26.754623,27.667734,26.068275,86.22255,4.3006186,11.920127,89.722374,81.95697,5.5474706,3.1635468
23.0,122.0,2014-02-01,2014-06-12,131,25,26.02126,26.916515,25.20521,86.08081,4.056602,9.712181,89.28733,82.43166,5.159557,2.9164448
22.0,121.0,2014-02-01,2014-06-12,131,25,27.262022,28.042086,26.491352,85.3447,4.4730134,13.518944,88.84106,81.56741,5.5839534,3.3368866
22.0,122.0,2014-02-01,2014-06-12,131,25,28.118912,28.589355,27.657799,84.306885,6.5012693,9.059103,86.701,81.86296,7.909129,5.066271
25.0,121.0,2014-02-01,2014-06-12,131,25,26.501629,27.402227,25.821152,84.788994,4.1947613,9.079555,88.2427,80.867035,5.316934,3.0445504
25.0,122.0,2014-02-01,2014-06-12,131,25,27.133112,27.520363,26.73108,83.931175,4.6326475,6.502648,86.563255,81.803375,5.851279,3.3253014
25.0,120.0,2014-02-01,2014-06-13,132,25,26.093855,27.353891,25.165865,86.02625,4.7577534,8.436031,90.130974,80.42263,5.7532043,3.5782533
25.0,121.0,2014-02-01,2014-06-13,132,25,26.533218,27.335989,25.79044,85.105995,4.718406,8.064008,88.35732,81.37823,5.5628033,3.5866199
24.0,121.0,2014-02-01,2014-06-13,132,25,24.985672,26.294592,23.87377,87.32126,3.1209476,11.6260195,91.10733,82.207054,3.9130063,2.2624636
24.0,122.0,2014-02-01,2014-06-13,132,25,25.618504,26.398565,24.949438,86.84249,3.3905091,10.758405,89.56945,83.61377,4.5076585,2.3918152
23.0,121.0,2014-02-01,2014-06-13,132,25,25.102009,26.46696,23.940502,87.55165,2.049313,17.200966,91.8839,81.816284,2.8268423,1.4178084
23.0,120.0,2014-02-01,2014-06-13,132,25,26.855742,27.726929,26.113316,86.5833,3.484432,15.668074,89.933685,82.21862,4.4843993,2.433268
23.0,122.0,2014-02-01,2014-06-13,132,25,25.874924,26.692427,25.142344,86.778656,4.1456575,11.986126,89.384186,83.33601,5.0073237,3.3072715
24.0,120.0,2014-02-01,2014-06-13,132,25,26.733126,27.532965,26.044971,86.37487,4.769128,10.078174,89.119385,82.546295,5.735317,3.6679547
25.0,122.0,2014-02-01,2014-06-13,132,25,27.154585,27.513378,26.780947,84.71662,4.9257736,7.2205005,86.70857,82.70521,5.97287,3.9231906
22.0,120.0,2014-02-01,2014-06-13,132,25,27.293718,27.980854,26.688921,85.63511,4.104978,15.5600395,88.31623,82.244,5.105867,3.1852582
22.0,121.0,2014-02-01,2014-06-13,132,25,27.16007,27.868902,26.533955,85.791115,4.177835,15.688213,88.93384,82.06731,5.0216827,3.2642956
22.0,122.0,2014-02-01,2014-06-13,132,25,27.93493,28.333593,27.542719,85.10391,6.214349,10.452317,87.131874,82.86554,7.044519,5.306264
24.0,121.0,2014-02-01,2014-06-14,133,25,25.045193,26.390041,23.9419,86.60721,2.7838178,9.380688,91.000595,80.98217,3.5750918,1.9621115
24.0,122.0,2014-02-01,2014-06-14,133,25,25.71452,26.542461,25.000673,86.031425,3.2881362,11.001183,89.00882,82.417175,4.314753,2.1067393
25.0,120.0,2014-02-01,2014-06-14,133,25,26.178661,27.431866,25.2304,86.09113,4.3818607,7.092178,90.61186,80.29501,5.368457,3.337815
25.0,121.0,2014-02-01,2014-06-14,133,25,26.587275,27.401827,25.861685,84.45774,4.267197,6.3130713,87.90399,80.56991,5.101728,3.3566167
23.0,120.0,2014-02-01,2014-06-14,133,25,26.940022,27.852879,26.19629,86.41339,3.2873304,10.340168,90.23574,81.70357,4.1389647,2.4790902
23.0,121.0,2014-02-01,2014-06-14,133,25,25.203384,26.679798,24.029331,87.033424,1.7692822,12.620134,91.729935,80.565926,2.413159,1.1761308
24.0,120.0,2014-02-01,2014-06-14,133,25,26.775837,27.567223,26.064302,86.012314,4.498024,7.0952306,89.61828,81.94496,5.515348,3.3366897
23.0,122.0,2014-02-01,2014-06-14,133,25,25.990652,26.915936,25.190136,86.1933,3.77116,8.898826,89.47897,82.20678,4.692572,2.8724844
22.0,121.0,2014-02-01,2014-06-14,133,25,27.282621,28.066082,26.587193,85.637375,4.189166,10.780234,89.32952,81.52383,5.0577836,3.3014927
22.0,122.0,2014-02-01,2014-06-14,133,25,28.07205,28.491693,27.614077,84.891975,6.2497807,7.0464087,87.605354,82.45821,7.6063795,5.0412803
25.0,122.0,2014-02-01,2014-06-14,133,25,27.245125,27.613571,26.876186,83.96189,4.819707,7.9366064,86.1185,81.758064,5.8456154,3.6621172
22.0,120.0,2014-02-01,2014-06-14,133,25,27.339724,28.125795,26.6546,85.749435,3.7936594,11.552937,89.39633,81.68958,4.5789332,2.911775
25.0,122.0,2014-02-01,2014-06-15,134,25,27.323328,27.68108,26.907255,84.495705,4.5767617,6.2862034,86.58297,82.45615,5.664143,3.3724706
25.0,120.0,2014-02-01,2014-06-15,134,25,26.233027,27.431973,25.37625,86.12207,4.3484654,7.932019,90.20606,80.88025,5.5229907,3.14441
24.0,122.0,2014-02-01,2014-06-15,134,25,25.804634,26.535479,25.110834,86.62636,3.0604331,11.0536585,89.58199,83.328514,4.056346,1.9196486
25.0,121.0,2014-02-01,2014-06-15,134,25,26.643108,27.401628,25.936201,84.88975,4.387276,7.393684,88.41794,81.40395,5.5773573,3.0863492
23.0,122.0,2014-02-01,2014-06-15,134,25,26.097143,26.932852,25.34544,86.64258,3.7530355,12.067758,89.87705,83.04502,4.8542094,2.6699822
23.0,121.0,2014-02-01,2014-06-15,134,25,25.213524,26.487688,24.097734,87.745476,1.7938285,14.640397,92.15186,82.576904,2.5565367,1.0569271
24.0,120.0,2014-02-01,2014-06-15,134,25,26.789385,27.551468,26.161758,86.646454,4.4621696,10.398142,89.87384,83.14855,5.62016,3.0132036
24.0,121.0,2014-02-01,2014-06-15,134,25,25.112608,26.360447,24.05921,87.09484,2.7141623,12.183122,91.470436,82.251526,3.5293767,1.8390472
22.0,121.0,2014-02-01,2014-06-15,134,25,27.28764,27.941734,26.709766,86.19125,4.1159887,12.585333,89.103004,83.03592,5.2328734,3.1183636
22.0,120.0,2014-02-01,2014-06-15,134,25,27.332634,27.943523,26.774912,86.3409,3.9424121,13.429754,89.11462,83.44961,5.028342,2.7863152
22.0,122.0,2014-02-01,2014-06-15,134,25,28.173672,28.541065,27.834778,85.17163,6.116065,9.99744,87.39499,82.9392,7.4174623,4.8477654
23.0,120.0,2014-02-01,2014-06-15,134,25,26.895912,27.654924,26.253593,87.282684,3.370927,12.865788,90.57219,83.52901,4.3626175,2.2664661
24.0,122.0,2014-02-01,2014-06-16,135,25,25.944983,26.752012,25.241915,86.92398,3.344491,8.161809,90.15413,83.10574,4.3584347,2.2376473
25.0,121.0,2014-02-01,2014-06-16,135,25,26.788824,27.56493,26.145449,85.983025,4.0135465,7.3088365,89.662445,82.076195,5.015122,2.9326131
25.0,122.0,2014-02-01,2014-06-16,135,25,27.476604,27.8754,27.10832,85.54489,4.5671105,5.538817,87.814674,83.279884,5.760802,3.1825767
25.0,120.0,2014-02-01,2014-06-16,135,25,26.391037,27.540073,25.529463,86.810715,4.1220098,7.964049,91.29819,81.67589,5.231909,2.9378622
23.0,121.0,2014-02-01,2014-06-16,135,25,25.423792,26.873907,24.26253,87.23047,1.9776654,10.252566,91.96204,81.28366,2.8174005,1.3260754
23.0,122.0,2014-02-01,2014-06-16,135,25,26.18485,27.074448,25.451138,86.78416,3.810611,8.97449,89.95972,82.92546,4.750377,2.9281738
24.0,121.0,2014-02-01,2014-06-16,135,25,25.24577,26.515886,24.190767,87.416725,2.7572916,9.955022,91.88411,82.06157,3.5826557,1.8978039
24.0,120.0,2014-02-01,2014-06-16,135,25,26.942974,27.672535,26.352724,87.06689,4.420755,10.333736,90.25031,83.50705,5.297207,3.4127784
22.0,122.0,2014-02-01,2014-06-16,135,25,28.258123,28.607075,27.838804,85.322845,6.0419493,7.8480873,87.41964,83.498146,7.020146,4.9562745
23.0,120.0,2014-02-01,2014-06-16,135,25,27.126787,27.989737,26.447544,86.87044,3.614256,10.643189,90.27867,82.85816,4.5717087,2.7147229
22.0,121.0,2014-02-01,2014-06-16,135,25,27.494946,28.284674,26.796577,85.70331,4.220553,9.138675,88.86785,82.23775,5.116713,3.2633908
22.0,120.0,2014-02-01,2014-06-16,135,25,27.541704,28.320087,26.899868,85.51072,3.939756,9.135928,88.411476,81.963135,4.8626957,3.0302367
25.0,122.0,2014-02-01,2014-06-17,136,25,27.680487,28.04833,27.297413,86.000336,4.5376883,4.076675,88.143105,83.85101,5.6379566,3.4624746
25.0,120.0,2014-02-01,2014-06-17,136,25,26.56412,27.777964,25.677696,87.50972,4.255617,8.235151,91.99781,82.06446,5.352619,3.137897
24.0,122.0,2014-02-01,2014-06-17,136,25,26.017506,26.81194,25.361113,87.31697,3.6402247,8.480809,90.13296,84.00544,4.5197163,2.7231944
25.0,121.0,2014-02-01,2014-06-17,136,25,27.017534,27.870161,26.29229,86.36426,4.044053,7.0445104,90.19924,82.343475,4.975011,3.1562552
23.0,122.0,2014-02-01,2014-06-17,136,25,26.195122,27.034723,25.467157,87.078125,4.0058756,9.256569,89.946526,83.64048,4.695406,3.1841314
23.0,121.0,2014-02-01,2014-06-17,136,25,25.449617,26.8625,24.288897,87.661026,2.2658286,12.8063755,92.343925,81.96876,2.9803283,1.6185607
24.0,120.0,2014-02-01,2014-06-17,136,25,27.138456,27.971907,26.471992,87.02039,4.644811,9.145796,90.501465,83.10829,5.639698,3.6133404
24.0,121.0,2014-02-01,2014-06-17,136,25,25.343012,26.673914,24.238804,87.7366,2.9148836,11.480695,92.09657,82.61086,3.6770806,2.0983255
22.0,121.0,2014-02-01,2014-06-17,136,25,27.53472,28.328194,26.87515,85.74002,4.3384404,10.968611,88.9191,82.13066,5.0757017,3.5771787
22.0,120.0,2014-02-01,2014-06-17,136,25,27.596924,28.351757,26.97106,85.5105,4.0631666,10.813888,88.59817,81.933075,4.975246,3.1206336
22.0,122.0,2014-02-01,2014-06-17,136,25,28.282036,28.664589,27.92261,85.23471,6.1829653,7.4029346,87.083046,83.255295,7.0556397,5.1646013
23.0,120.0,2014-02-01,2014-06-17,136,25,27.250986,28.156788,26.57026,86.93497,3.88676,10.468427,90.57303,82.55836,4.7320714,2.9990082
24.0,122.0,2014-02-01,2014-06-18,137,25,26.157831,26.943857,25.461758,87.22102,3.9876404,7.2192554,89.61828,84.02876,4.872665,3.0153918
25.0,121.0,2014-02-01,2014-06-18,137,25,27.088242,27.93778,26.3791,86.311615,4.3462024,5.0398426,89.796326,82.3607,5.368172,3.4141004
25.0,122.0,2014-02-01,2014-06-18,137,25,27.781767,28.079966,27.489883,85.9193,5.1226172,3.2237415,87.953835,83.92748,6.0197535,4.1271086
25.0,120.0,2014-02-01,2014-06-18,137,25,26.716284,27.9961,25.742348,87.39271,4.6040936,6.16396,91.84218,81.7397,5.6642485,3.569968
23.0,121.0,2014-02-01,2014-06-18,137,25,25.534885,26.989626,24.306778,87.510895,2.2814424,11.593645,92.02397,81.5648,3.0194476,1.5991205
23.0,122.0,2014-02-01,2014-06-18,137,25,26.319036,27.22796,25.524971,86.82124,4.4265485,9.03353,89.76577,83.08077,5.2305083,3.4582186
24.0,121.0,2014-02-01,2014-06-18,137,25,25.452486,26.850824,24.260805,87.67356,3.1077883,9.055658,91.79212,82.24727,4.003124,2.2971923
24.0,120.0,2014-02-01,2014-06-18,137,25,27.23537,28.085249,26.560005,87.087845,4.8052807,5.8011074,90.35097,83.135284,5.9979334,3.751357
22.0,122.0,2014-02-01,2014-06-18,137,25,28.390423,28.771734,27.943716,84.92198,6.447689,7.2041516,87.26604,82.881805,7.5800242,5.2903295
23.0,120.0,2014-02-01,2014-06-18,137,25,27.323793,28.22218,26.622255,86.91491,3.8686347,8.332999,90.444855,82.54887,4.786748,2.9699383
22.0,121.0,2014-02-01,2014-06-18,137,25,27.604454,28.35179,26.899092,85.5254,4.479739,9.776327,88.93027,81.98619,5.554912,3.5813432
22.0,120.0,2014-02-01,2014-06-18,137,25,27.661083,28.391254,26.986534,85.336525,4.131004,9.534016,88.404564,81.88078,5.160461,3.1982353
25.0,122.0,2014-02-01,2014-06-19,138,25,27.838818,28.20848,27.49944,85.366745,4.7200665,2.534607,87.32516,83.28168,5.684359,3.7850714
25.0,121.0,2014-02-01,2014-06-19,138,25,27.24226,28.176924,26.46711,85.44211,4.0774117,3.1760864,89.0368,81.26258,5.0622783,3.1617577
24.0,122.0,2014-02-01,2014-06-19,138,25,26.186043,27.101292,25.386177,86.461815,3.623256,4.327366,89.64387,82.5408,4.5417137,2.7278323
25.0,120.0,2014-02-01,2014-06-19,138,25,26.889265,28.222055,25.868355,86.69384,4.407872,4.216123,91.45135,80.72116,5.5960956,3.3914275
23.0,122.0,2014-02-01,2014-06-19,138,25,26.387531,27.355303,25.55,85.980606,4.2277184,4.7597923,89.15781,81.78426,5.0993342,3.4384835
23.0,121.0,2014-02-01,2014-06-19,138,25,25.667994,27.312044,24.327465,86.414085,2.1093922,5.987825,91.7424,79.42879,2.9010217,1.5139123
24.0,120.0,2014-02-01,2014-06-19,138,25,27.345884,28.254883,26.642422,86.355804,4.382751,3.731958,89.78935,82.12608,5.4802413,3.340554
24.0,121.0,2014-02-01,2014-06-19,138,25,25.578405,27.1028,24.317354,86.59375,2.8651083,4.977063,91.57446,80.25921,3.7972076,2.0501037
22.0,121.0,2014-02-01,2014-06-19,138,25,27.67267,28.530237,26.942276,85.09629,4.2517204,5.868801,88.38087,81.15904,5.0672307,3.3947525
22.0,120.0,2014-02-01,2014-06-19,138,25,27.719135,28.5618,27.000498,84.83541,3.9906456,6.2426414,88.20898,81.02507,4.880292,3.098051
22.0,122.0,2014-02-01,2014-06-19,138,25,28.39397,28.79684,27.962803,84.75608,6.2603803,4.6412306,86.94879,82.57882,7.317845,5.282961
23.0,120.0,2014-02-01,2014-06-19,138,25,27.44179,28.47479,26.67315,86.165146,3.552533,4.742395,89.95249,81.25762,4.3841243,2.718875
24.0,122.0,2014-02-01,2014-06-20,139,25,26.147802,27.068237,25.372978,86.45943,3.4885054,6.668165,89.44584,82.68332,4.4259853,2.5168128
25.0,120.0,2014-02-01,2014-06-20,139,25,26.847193,28.248774,25.735088,86.83253,4.340535,6.104044,91.63644,80.93653,5.367143,3.158442
25.0,122.0,2014-02-01,2014-06-20,139,25,27.798101,28.151007,27.423819,85.792656,4.8939457,4.312965,87.732666,83.87281,5.9559593,3.843927
25.0,121.0,2014-02-01,2014-06-20,139,25,27.230528,28.149136,26.419077,85.72024,4.338533,4.2790904,89.36772,81.91228,5.4480944,3.1757357
23.0,121.0,2014-02-01,2014-06-20,139,25,25.620632,27.202364,24.384262,86.38093,2.0411532,9.5380335,91.28708,79.52029,2.9401498,1.3033143
23.0,122.0,2014-02-01,2014-06-20,139,25,26.322674,27.291052,25.548378,85.91464,4.02537,6.8402796,89.00657,81.880394,4.7959723,3.2134433
24.0,121.0,2014-02-01,2014-06-20,139,25,25.569273,27.058413,24.331528,86.421165,2.7837515,6.6466455,91.24879,80.56778,3.6764486,1.8405606
24.0,120.0,2014-02-01,2014-06-20,139,25,27.347422,28.24373,26.56732,86.380684,4.230344,4.058301,89.94628,82.34891,5.266274,3.1144297
22.0,122.0,2014-02-01,2014-06-20,139,25,28.310139,28.698912,27.856255,84.7951,6.2257237,7.401804,87.11819,82.707855,7.273996,5.206423
23.0,120.0,2014-02-01,2014-06-20,139,25,27.405107,28.404078,26.646578,86.32391,3.3065875,6.943587,89.97174,81.35495,4.2578588,2.3991292
22.0,121.0,2014-02-01,2014-06-20,139,25,27.606533,28.468401,26.861103,85.17895,4.2981434,10.102917,88.681755,81.08315,5.2677703,3.4218917
22.0,120.0,2014-02-01,2014-06-20,139,25,27.658318,28.47898,26.976538,85.1938,4.196037,9.822763,88.75837,81.280975,5.285471,3.2223077
25.0,122.0,2014-02-01,2014-06-21,140,25,27.75722,28.170137,27.342968,85.158424,4.615175,4.288302,87.35037,83.18746,5.7513843,3.468378
25.0,121.0,2014-02-01,2014-06-21,140,25,27.169966,28.1137,26.331615,85.595634,3.7258887,6.5765076,89.106995,81.65938,4.8208013,2.6233244
24.0,122.0,2014-02-01,2014-06-21,140,25,26.094109,26.952307,25.344463,86.13972,3.1415746,5.2654686,88.99804,82.555374,4.119804,2.1536167
25.0,120.0,2014-02-01,2014-06-21,140,25,26.791676,28.241827,25.65772,86.62729,3.586647,8.085599,91.55621,79.92544,4.7533092,2.4416118
23.0,122.0,2014-02-01,2014-06-21,140,25,26.257925,27.1971,25.451372,85.92249,3.7545807,6.5215774,89.28942,81.82479,4.772345,2.7347732
23.0,121.0,2014-02-01,2014-06-21,140,25,25.556757,27.181524,24.273897,86.329025,1.8272004,7.4593825,91.394745,79.27106,2.5269902,1.205348
24.0,120.0,2014-02-01,2014-06-21,140,25,27.360502,28.328716,26.530815,86.266556,3.8608863,6.2493606,89.99425,81.59781,5.1416783,2.5588923
24.0,121.0,2014-02-01,2014-06-21,140,25,25.496206,26.941475,24.259693,86.633575,2.281394,7.569873,91.408936,80.55954,3.23242,1.3956445
22.0,121.0,2014-02-01,2014-06-21,140,25,27.566544,28.501001,26.763544,85.23733,4.493834,7.8899865,88.857445,80.81871,5.4504137,3.4201586
22.0,120.0,2014-02-01,2014-06-21,140,25,27.62968,28.518257,26.88106,85.193665,4.244707,7.5732164,88.7184,80.87588,5.2198944,3.2477188
22.0,122.0,2014-02-01,2014-06-21,140,25,28.2696,28.701109,27.811182,84.9159,6.402618,6.9531016,87.48354,82.4691,7.8334875,4.8462696
23.0,120.0,2014-02-01,2014-06-21,140,25,27.42781,28.576792,26.560024,85.95867,3.1495576,6.1404114,90.101654,80.285355,3.9902313,2.203306
24.0,122.0,2014-02-01,2014-06-22,141,25,26.18128,27.043388,25.490786,86.08848,3.7501497,5.1368957,89.42463,82.202705,5.055037,2.4537034
25.0,120.0,2014-02-01,2014-06-22,141,25,26.783855,28.057375,25.790781,86.42161,3.648504,11.14321,91.2413,80.43464,4.751461,2.5050683
25.0,122.0,2014-02-01,2014-06-22,141,25,27.832891,28.202543,27.49249,84.98911,4.6478724,5.044266,87.35613,82.83978,5.91788,3.4927971
25.0,121.0,2014-02-01,2014-06-22,141,25,27.179384,28.03588,26.449673,85.44747,3.6722379,9.539813,89.00667,81.629456,4.697277,2.6696632
23.0,121.0,2014-02-01,2014-06-22,141,25,25.525799,27.131563,24.263105,86.75213,2.2732394,9.855976,91.636154,80.43778,3.2248363,1.3788327
23.0,122.0,2014-02-01,2014-06-22,141,25,26.353779,27.335743,25.543451,85.84364,4.345607,6.1357265,89.15782,81.68299,5.309326,3.4764538
24.0,121.0,2014-02-01,2014-06-22,141,25,25.516106,26.965435,24.316582,86.5947,2.504735,9.673171,91.284424,80.91748,3.3672843,1.7766156
24.0,120.0,2014-02-01,2014-06-22,141,25,27.294138,28.1715,26.615162,86.22394,4.214195,11.787894,89.479416,82.0737,5.27412,3.048188
22.0,122.0,2014-02-01,2014-06-22,141,25,28.35688,28.710932,27.96624,84.761955,6.813109,6.190964,86.73899,83.131,7.895767,5.7432775
23.0,120.0,2014-02-01,2014-06-22,141,25,27.30978,28.32773,26.571953,86.37569,3.6989148,11.997396,89.8691,81.55265,4.8100886,2.5651352
22.0,121.0,2014-02-01,2014-06-22,141,25,27.526358,28.356579,26.836792,85.58053,4.806555,9.930895,88.72712,82.02748,5.8396387,3.8141665
22.0,120.0,2014-02-01,2014-06-22,141,25,27.548803,28.397123,26.841719,85.68084,4.6924243,11.713426,89.04444,81.87863,5.723507,3.569509
25.0,122.0,2014-02-01,2014-06-23,142,25,27.852245,28.17476,27.497627,85.32704,5.023063,5.3206725,87.44,83.15663,6.1347938,3.8962827
25.0,121.0,2014-02-01,2014-06-23,142,25,27.172382,27.973387,26.456762,85.5055,3.920762,7.1883497,88.966034,81.45969,4.890997,3.0128624
24.0,122.0,2014-02-01,2014-06-23,142,25,26.220509,27.127607,25.42856,86.52947,4.1109166,6.4411135,89.570694,82.70381,5.1030827,3.0235717
25.0,120.0,2014-02-01,2014-06-23,142,25,26.82246,28.11109,25.84437,86.90169,3.9632592,9.156424,91.468445,81.0522,5.0101514,3.0570407
23.0,122.0,2014-02-01,2014-06-23,142,25,26.403399,27.458897,25.530367,85.93321,4.407415,6.004116,89.30489,81.4233,5.4053736,3.41338
23.0,121.0,2014-02-01,2014-06-23,142,25,25.581665,27.226067,24.273178,86.83296,2.5528147,11.830677,91.974686,79.96502,3.5954669,1.7166731
24.0,120.0,2014-02-01,2014-06-23,142,25,27.289814,28.14639,26.60514,86.39804,4.447212,8.703999,89.897354,82.37419,5.576961,3.3358495
24.0,121.0,2014-02-01,2014-06-23,142,25,25.528973,26.966274,24.33878,86.770706,2.8424554,8.336106,91.422874,80.84592,3.759617,2.0959017
22.0,121.0,2014-02-01,2014-06-23,142,25,27.591002,28.54453,26.790024,85.2479,4.9434037,10.784384,88.94946,80.9274,5.8188114,3.8759718
22.0,120.0,2014-02-01,2014-06-23,142,25,27.609543,28.506714,26.86106,85.507774,4.8934236,11.950459,89.327576,81.357864,5.7761927,3.9194322
22.0,122.0,2014-02-01,2014-06-23,142,25,28.414972,28.89854,27.89809,84.43606,6.77051,4.932029,86.853455,82.05198,7.801169,5.540594
23.0,120.0,2014-02-01,2014-06-23,142,25,27.348623,28.399586,26.566322,86.45975,4.0964355,12.209095,90.480194,81.51538,5.040579,3.0773394
24.0,122.0,2014-02-01,2014-06-24,143,25,26.28861,27.149956,25.574379,86.54834,4.325828,4.849164,89.36505,82.84465,5.107465,3.438579
25.0,120.0,2014-02-01,2014-06-24,143,25,26.881207,28.159624,25.902168,87.03565,4.346023,5.7173862,91.63503,81.116905,5.3630195,3.4606736
25.0,122.0,2014-02-01,2014-06-24,143,25,27.9196,28.226788,27.568272,85.303,5.1936083,3.2750635,87.36803,83.43632,6.106627,4.2722454
25.0,121.0,2014-02-01,2014-06-24,143,25,27.258247,28.042856,26.54099,85.79015,4.02163,4.3337183,89.394226,82.088005,4.889153,3.1173737
23.0,121.0,2014-02-01,2014-06-24,143,25,25.712635,27.350674,24.439722,86.828835,2.6343863,7.2902613,91.76235,79.92707,3.5179963,1.9316041
23.0,122.0,2014-02-01,2014-06-24,143,25,26.453896,27.474268,25.641558,85.809296,4.079138,4.895852,89.16189,81.475105,4.8036046,3.309632
24.0,121.0,2014-02-01,2014-06-24,143,25,25.615679,27.01027,24.480043,87.10762,3.0424619,5.928872,91.57084,81.35358,3.840214,2.261304
24.0,120.0,2014-02-01,2014-06-24,143,25,27.363876,28.203253,26.694902,86.76265,4.774661,6.508707,90.0,82.93325,5.8205166,3.713603
22.0,122.0,2014-02-01,2014-06-24,143,25,28.482765,28.939692,28.042465,83.90208,5.917424,4.3129663,86.40653,81.513504,6.8886175,4.9724646
23.0,120.0,2014-02-01,2014-06-24,143,25,27.467186,28.516638,26.660425,86.487724,4.3533273,7.884137,90.29095,81.56706,5.268976,3.402373
22.0,121.0,2014-02-01,2014-06-24,143,25,27.739643,28.70642,26.951982,84.82813,4.5349994,6.720499,88.35176,80.47268,5.272479,3.799541
22.0,120.0,2014-02-01,2014-06-24,143,25,27.786411,28.757391,27.025196,84.94,4.870678,7.158729,88.40274,80.49706,5.6980042,3.9828956
25.0,122.0,2014-02-01,2014-06-25,144,25,28.048851,28.364048,27.713911,85.07273,4.630632,2.2139575,87.36284,83.21367,5.6880603,3.4677117
25.0,121.0,2014-02-01,2014-06-25,144,25,27.402744,28.296822,26.660883,85.777245,3.772629,3.2457557,89.71203,81.43111,4.64971,2.8641136
24.0,122.0,2014-02-01,2014-06-25,144,25,26.36063,27.291279,25.534653,85.634254,3.7332664,4.0614843,89.00371,81.32477,4.860992,2.6622074
25.0,120.0,2014-02-01,2014-06-25,144,25,27.046803,28.447865,26.030376,86.78059,4.14463,4.1988206,91.948044,79.717514,5.09003,3.1404114
23.0,122.0,2014-02-01,2014-06-25,144,25,26.534996,27.591936,25.615873,84.684875,3.7369485,4.7572875,88.26993,79.83795,4.583104,2.8084495
23.0,121.0,2014-02-01,2014-06-25,144,25,25.784336,27.581738,24.37547,85.72319,2.3230584,7.076013,90.893524,77.82832,3.222589,1.6216631
24.0,120.0,2014-02-01,2014-06-25,144,25,27.47434,28.433472,26.735928,86.42621,4.2335887,4.0218177,90.00485,81.66746,5.1105123,3.3130732
24.0,121.0,2014-02-01,2014-06-25,144,25,25.70297,27.30044,24.392866,86.41271,2.6818643,5.109153,91.28504,79.479744,3.4122965,1.967448
22.0,121.0,2014-02-01,2014-06-25,144,25,27.763365,28.747381,26.965425,84.323135,4.3503265,6.6536536,88.17996,79.515434,5.1182346,3.5797722
22.0,120.0,2014-02-01,2014-06-25,144,25,27.80976,28.75559,27.07185,84.3642,4.53715,7.4416175,87.923454,79.74045,5.211711,3.8165665
22.0,122.0,2014-02-01,2014-06-25,144,25,28.515972,28.927393,28.079163,83.39955,5.736376,4.319364,85.936806,81.18449,6.8505635,4.655978
23.0,120.0,2014-02-01,2014-06-25,144,25,27.562107,28.717363,26.749174,85.735016,3.7634437,5.991721,89.70753,80.03733,4.5557604,2.914625
24.0,122.0,2014-02-01,2014-06-26,145,25,26.332203,27.300444,25.484581,85.84208,3.8038447,4.9123096,89.37385,81.4142,4.7229915,2.7979064
25.0,120.0,2014-02-01,2014-06-26,145,25,27.106651,28.471153,26.035503,87.08046,3.723729,5.9154234,91.98208,80.7735,4.711713,2.8228116
25.0,122.0,2014-02-01,2014-06-26,145,25,28.105278,28.480396,27.671684,85.07869,4.5971575,2.310381,87.51254,82.86706,5.5357795,3.5793033
25.0,121.0,2014-02-01,2014-06-26,145,25,27.437431,28.356705,26.612436,85.82626,3.2935221,4.0218077,89.87407,81.58507,4.084062,2.3980436
23.0,121.0,2014-02-01,2014-06-26,145,25,25.730873,27.421658,24.33584,86.04992,2.3082113,8.02907,91.8962,78.67617,3.172214,1.58958
23.0,122.0,2014-02-01,2014-06-26,145,25,26.447823,27.494404,25.57004,85.24075,3.7458727,6.694534,88.939384,80.54692,4.4595857,2.8896856
24.0,121.0,2014-02-01,2014-06-26,145,25,25.652655,27.215387,24.335333,86.65656,2.4378335,6.641133,91.82793,79.90467,3.1640704,1.8000388
24.0,120.0,2014-02-01,2014-06-26,145,25,27.486506,28.399477,26.735674,86.53571,4.0163317,5.7277393,90.00355,82.21424,4.8238316,3.182989
22.0,122.0,2014-02-01,2014-06-26,145,25,28.457281,28.86417,27.983618,84.09754,5.7944727,6.345719,86.439285,81.979385,6.811452,4.753112
23.0,120.0,2014-02-01,2014-06-26,145,25,27.571089,28.601255,26.742926,85.92734,3.7230177,7.121781,90.1071,80.918,4.4596424,2.9150467
22.0,121.0,2014-02-01,2014-06-26,145,25,27.738394,28.617397,26.96214,84.801735,4.453818,7.6878843,88.57484,80.69701,5.2241364,3.6259167
22.0,120.0,2014-02-01,2014-06-26,145,25,27.78352,28.605776,27.04212,84.91755,4.6722894,8.130082,88.484245,80.97178,5.524718,3.7736547
25.0,122.0,2014-02-01,2014-06-27,146,25,28.165615,28.53584,27.7735,85.30722,4.6675215,1.902207,87.621155,83.19152,5.646945,3.6831062
25.0,121.0,2014-02-01,2014-06-27,146,25,27.523212,28.51916,26.757652,85.91664,3.4073036,3.7479088,89.92501,80.91297,4.261755,2.526622
24.0,122.0,2014-02-01,2014-06-27,146,25,26.433413,27.352812,25.647114,85.845245,3.7749712,3.6377442,89.22188,81.70206,4.673085,2.9581802
25.0,120.0,2014-02-01,2014-06-27,146,25,27.22385,28.70807,26.135927,86.97997,3.7033722,5.4404116,92.36836,79.90182,4.5998616,2.8565693
23.0,122.0,2014-02-01,2014-06-27,146,25,26.520674,27.556751,25.67016,85.4046,3.724092,5.199326,88.98026,80.70559,4.5461435,2.9716632
23.0,121.0,2014-02-01,2014-06-27,146,25,25.801975,27.543804,24.462593,86.215546,2.2222936,7.8836575,91.53359,78.32694,3.126566,1.5882752
24.0,120.0,2014-02-01,2014-06-27,146,25,27.56766,28.535688,26.822256,86.50688,3.9289765,5.757797,90.32488,81.7717,4.8080544,3.0217826
24.0,121.0,2014-02-01,2014-06-27,146,25,25.779844,27.406256,24.501509,86.51803,2.4672644,5.502976,91.70421,79.273705,3.1629782,1.8533193
22.0,121.0,2014-02-01,2014-06-27,146,25,27.730068,28.686104,26.889687,85.24027,4.4606075,8.287398,89.13267,80.63613,5.258881,3.6043572
22.0,120.0,2014-02-01,2014-06-27,146,25,27.784048,28.704762,26.998085,85.171074,4.675736,8.539786,88.96731,80.68906,5.588582,3.7528033
22.0,122.0,2014-02-01,2014-06-27,146,25,28.45069,28.92604,27.917847,84.54408,5.8621783,5.5902586,87.3412,81.943504,6.767334,4.9566984
23.0,120.0,2014-02-01,2014-06-27,146,25,27.596193,28.682175,26.764898,86.20274,3.612779,8.146111,90.29922,80.752464,4.5095797,2.749042
24.0,122.0,2014-02-01,2014-06-28,147,25,26.481226,27.383677,25.678823,85.92229,3.6667397,6.734685,89.01741,82.34639,4.5463,2.7615366
25.0,120.0,2014-02-01,2014-06-28,147,25,27.342056,28.835642,26.261625,87.252716,3.482689,8.109497,92.23032,80.23851,4.3518944,2.6602273
25.0,122.0,2014-02-01,2014-06-28,147,25,28.277029,28.667429,27.897432,85.18254,4.9143586,2.8232422,87.261765,83.247025,5.951799,3.732981
25.0,121.0,2014-02-01,2014-06-28,147,25,27.635506,28.579615,26.833164,85.95145,3.5710027,7.218994,89.681595,81.5882,4.604693,2.474653
23.0,121.0,2014-02-01,2014-06-28,147,25,25.845757,27.447851,24.553482,86.02444,2.2068741,11.26135,91.048386,79.51858,3.0372555,1.5868387
23.0,122.0,2014-02-01,2014-06-28,147,25,26.60484,27.579199,25.766752,85.235306,3.9064877,7.587346,88.34376,81.18629,4.666927,3.1342907
24.0,121.0,2014-02-01,2014-06-28,147,25,25.828154,27.322657,24.56081,86.753975,2.303399,11.169499,91.482285,80.63378,3.1345403,1.5588585
24.0,120.0,2014-02-01,2014-06-28,147,25,27.692757,28.596922,26.981924,86.558304,3.7612536,8.453431,90.14001,82.17056,4.9158263,2.6550446
22.0,122.0,2014-02-01,2014-06-28,147,25,28.578493,28.95604,28.09456,84.14515,6.2595024,6.138668,86.35829,82.14777,7.279148,5.2068114
23.0,120.0,2014-02-01,2014-06-28,147,25,27.717009,28.720356,26.970093,85.83145,3.56871,8.533078,89.81096,80.92549,4.558661,2.576705
22.0,121.0,2014-02-01,2014-06-28,147,25,27.817148,28.685453,27.052246,84.83873,4.6141014,9.832214,88.33284,80.77512,5.470405,3.6493037
22.0,120.0,2014-02-01,2014-06-28,147,25,27.865883,28.697598,27.126293,84.653625,4.705645,10.3790865,88.04535,80.65468,5.8035164,3.6177452
25.0,122.0,2014-02-01,2014-06-29,148,25,28.259666,28.63794,27.90231,85.21724,5.3969617,3.6845655,87.188835,83.15639,6.617304,3.959424
25.0,121.0,2014-02-01,2014-06-29,148,25,27.654072,28.585781,26.856157,85.90625,3.77119,8.063534,89.35216,81.725525,4.7157164,2.6369562
24.0,122.0,2014-02-01,2014-06-29,148,25,26.40004,27.294218,25.625206,86.13261,4.0643797,7.7144017,89.21959,82.48088,5.209427,2.887085
25.0,120.0,2014-02-01,2014-06-29,148,25,27.453707,28.897507,26.329618,86.77884,3.606919,8.283568,91.612755,80.318016,4.589674,2.668595
23.0,122.0,2014-02-01,2014-06-29,148,25,26.522707,27.5102,25.700405,85.57126,4.192621,9.344966,88.63756,81.540115,5.246146,3.2327356
23.0,121.0,2014-02-01,2014-06-29,148,25,25.778973,27.398394,24.461523,85.91252,2.4856443,12.938403,90.98505,79.096214,3.3936594,1.7103826
24.0,120.0,2014-02-01,2014-06-29,148,25,27.698402,28.630882,26.952662,86.360344,4.183952,8.998593,89.77758,81.976944,5.258466,2.9522016
24.0,121.0,2014-02-01,2014-06-29,148,25,25.783022,27.268818,24.533989,86.88323,2.5090494,12.140678,91.46781,80.91964,3.3514469,1.6559091
22.0,121.0,2014-02-01,2014-06-29,148,25,27.760933,28.644638,26.98722,84.55733,4.942261,12.447387,88.1462,80.38681,5.919762,3.9015903
22.0,120.0,2014-02-01,2014-06-29,148,25,27.864897,28.714043,27.136177,84.10837,5.0240765,11.802246,87.563416,80.022316,6.170724,3.8352084
22.0,122.0,2014-02-01,2014-06-29,148,25,28.506706,28.91262,28.117847,84.31055,6.6083193,8.845707,86.29461,82.27546,7.560946,5.525023
23.0,120.0,2014-02-01,2014-06-29,148,25,27.701262,28.747242,26.896328,85.38933,4.162015,9.781376,89.32257,80.09732,5.1401386,3.155235
24.0,122.0,2014-02-01,2014-06-30,149,25,26.373919,27.198559,25.658857,86.09824,4.2668557,7.070232,88.76444,82.66887,5.2585607,3.3857694
25.0,120.0,2014-02-01,2014-06-30,149,25,27.489374,28.936779,26.415318,86.5906,4.2344565,6.8245544,91.596054,79.79678,5.364799,2.9244404
25.0,122.0,2014-02-01,2014-06-30,149,25,28.255632,28.578526,27.912905,84.89975,5.613308,3.7316027,86.91466,83.24466,6.7429686,4.4548674
25.0,121.0,2014-02-01,2014-06-30,149,25,27.674047,28.600624,26.894976,85.511375,4.1410537,6.1858253,89.00913,81.41133,5.226455,3.0122106
23.0,121.0,2014-02-01,2014-06-30,149,25,25.755566,27.406889,24.474443,86.26119,2.4245985,11.709835,91.33165,79.338104,3.212996,1.6771489
23.0,122.0,2014-02-01,2014-06-30,149,25,26.53266,27.46877,25.804888,85.42002,4.348705,8.460915,88.19014,81.48204,5.1553664,3.4156985
24.0,121.0,2014-02-01,2014-06-30,149,25,25.780907,27.279175,24.582191,86.786736,2.7421615,9.554668,91.46461,80.521576,3.605633,1.8813645
24.0,120.0,2014-02-01,2014-06-30,149,25,27.727827,28.689907,27.00451,86.15989,4.4366765,7.4767165,89.54868,81.57898,5.5002685,3.4077926
22.0,122.0,2014-02-01,2014-06-30,149,25,28.588263,28.985918,28.18041,83.89351,6.5363383,7.75717,86.05487,81.905525,7.6714535,5.430254
23.0,120.0,2014-02-01,2014-06-30,149,25,27.709637,28.815517,26.905933,85.62576,4.0786085,9.619965,89.52454,80.3471,5.136214,3.149341
22.0,121.0,2014-02-01,2014-06-30,149,25,27.808867,28.7206,27.065157,84.61899,4.8474107,11.020722,87.970795,80.498055,5.6987586,3.8565347
22.0,120.0,2014-02-01,2014-06-30,149,25,27.858068,28.751581,27.147837,84.50684,5.0743847,11.651828,87.83084,80.38444,6.1883764,4.0600724
