latitude,longitude,init_date,valid_date,lead_day,ens_n,t2m_C,t2m_C_max,t2m_C_min,rh_pct,wind_mps,tp_mm_mean,rh_pct_max,rh_pct_min,wind_mps_max,wind_mps_min
24.5,120.5,2003-01-01,2003-01-01,0,25,15.439231,16.479927,14.833136,72.71445,8.213014,0.0,78.41438,64.74818,9.623873,6.607021
23.5,120.5,2003-01-01,2003-01-01,0,25,13.621159,16.130865,11.708405,80.06583,2.213618,0.0,89.163124,66.18971,3.3346016,1.470305
22.5,120.5,2003-01-01,2003-01-01,0,25,17.461105,18.796179,16.457438,71.82171,2.974452,0.0,74.88598,67.22813,3.414807,2.515474
23.5,121.5,2003-01-01,2003-01-01,0,25,13.11608,14.520006,12.172047,78.34161,4.3994894,0.0,83.41313,71.67837,5.107661,3.5849009
24.5,121.5,2003-01-01,2003-01-01,0,25,10.702618,12.102506,9.828683,81.82949,3.871789,0.0,86.73147,73.55543,4.56311,3.1642623
22.5,121.5,2003-01-01,2003-01-01,0,25,18.451002,18.854454,18.037916,70.65254,9.808401,0.0,73.807365,67.50458,10.605075,8.683776
22.5,120.5,2003-01-01,2003-01-02,1,25,17.674202,19.713127,16.406754,74.61714,2.676106,0.32180786,84.17878,62.08156,3.4742181,1.9753336
24.5,120.5,2003-01-01,2003-01-02,1,25,15.996507,17.552736,14.768399,80.1606,5.735876,1.8006897,88.40217,70.62978,6.811837,4.6411304
22.5,121.5,2003-01-01,2003-01-02,1,25,19.181408,19.609362,18.521133,71.149086,5.3184648,2.402649,74.8694,67.576706,7.486112,2.9602842
24.5,121.5,2003-01-01,2003-01-02,1,25,12.2689085,13.907892,10.966681,84.43582,2.0838447,8.625946,89.064095,75.37771,2.990997,0.91428477
23.5,121.5,2003-01-01,2003-01-02,1,25,13.97301,15.223438,12.857404,80.12426,1.7739019,4.1870117,84.20188,74.123085,2.9328432,0.76555026
23.5,120.5,2003-01-01,2003-01-02,1,25,13.65803,16.893986,11.655866,82.96028,2.2161002,0.49606323,93.070274,66.61137,2.9563215,1.5784767
22.5,120.5,2003-01-01,2003-01-03,2,25,17.552948,19.623816,16.19071,77.09611,3.8190987,0.88974,82.29137,68.57751,4.6567216,3.2078009
23.5,121.5,2003-01-01,2003-01-03,2,25,13.722694,15.58443,11.898434,82.94396,4.8424196,7.0646667,87.896805,78.02099,6.779917,1.4778675
24.5,120.5,2003-01-01,2003-01-03,2,25,13.34451,14.294913,12.393815,77.43222,9.190371,1.1161804,84.97705,71.94512,9.732529,8.507929
23.5,120.5,2003-01-01,2003-01-03,2,25,12.68994,15.056003,11.249176,83.53461,3.6827667,0.6416321,89.250534,74.20816,4.96765,2.6791062
24.5,121.5,2003-01-01,2003-01-03,2,25,9.5557995,11.580724,7.2633557,88.14082,4.2788424,5.0878906,91.976974,84.80853,5.0185666,3.32597
22.5,121.5,2003-01-01,2003-01-03,2,25,18.716228,19.996153,17.415298,77.19654,8.591514,4.315033,85.05715,69.65821,12.938049,2.217925
23.5,121.5,2003-01-01,2003-01-04,3,25,11.583063,13.274879,10.398707,80.15678,5.295485,4.916687,84.83681,72.38158,5.7211175,4.769154
22.5,121.5,2003-01-01,2003-01-04,3,25,16.882906,17.477798,16.151667,73.08096,11.131744,1.9163513,76.53084,70.0699,11.910814,10.303842
22.5,120.5,2003-01-01,2003-01-04,3,25,16.500816,18.299332,15.210699,71.479324,3.1512923,0.34088135,75.73403,63.53327,3.6956534,2.587718
24.5,120.5,2003-01-01,2003-01-04,3,25,12.788336,14.786051,11.558599,72.63145,9.274525,0.054473877,77.75344,63.856895,9.757271,8.656279
23.5,120.5,2003-01-01,2003-01-04,3,25,12.030172,15.505582,9.894918,79.129974,2.7764335,0.24124146,87.35164,62.635902,3.6627908,2.178281
24.5,121.5,2003-01-01,2003-01-04,3,25,8.052125,10.715738,6.5742836,82.62292,3.784176,3.345642,87.75046,72.41382,4.193557,3.2840078
24.5,120.5,2003-01-01,2003-01-05,4,25,12.088666,12.992027,11.238825,75.278625,9.527287,0.10284424,78.42659,69.97783,10.266399,8.460365
22.5,120.5,2003-01-01,2003-01-05,4,25,15.6163025,17.154127,14.5612755,71.01619,3.5274894,0.29174805,75.48775,63.42186,4.0750246,2.9979596
23.5,121.5,2003-01-01,2003-01-05,4,25,10.799838,11.781647,10.090485,82.61908,5.170368,6.507721,85.88076,77.440506,5.7503357,4.4365635
23.5,120.5,2003-01-01,2003-01-05,4,25,11.088685,13.971003,9.435719,79.84044,2.7266724,0.15167236,87.3703,66.09857,3.6649802,1.9479434
24.5,121.5,2003-01-01,2003-01-05,4,25,7.524662,8.743219,6.40027,85.308685,3.846687,5.315094,88.35009,79.44891,4.2950826,3.201026
22.5,121.5,2003-01-01,2003-01-05,4,25,16.473217,16.823044,16.03631,74.140366,10.889613,3.1381226,76.346115,72.02427,11.716659,9.848019
22.5,120.5,2003-01-01,2003-01-06,5,25,16.588886,18.24511,15.248541,73.06026,3.9073234,4.5059204,79.94616,62.734215,4.891407,3.2006574
24.5,120.5,2003-01-01,2003-01-06,5,25,14.669121,16.165586,13.209352,76.73308,7.4852386,5.3552246,84.82792,66.60268,8.749387,5.8635902
23.5,121.5,2003-01-01,2003-01-06,5,25,12.473808,13.636906,11.227282,81.4908,3.141037,12.225647,85.92912,74.92868,4.229785,1.8936063
23.5,120.5,2003-01-01,2003-01-06,5,25,12.425196,15.697374,10.530734,80.74258,2.1160145,3.8467407,90.43691,64.2092,2.699522,1.5931553
22.5,121.5,2003-01-01,2003-01-06,5,25,18.26457,18.856169,17.379322,71.716896,8.219885,7.8585815,75.19639,68.572685,9.4799385,6.9192457
24.5,121.5,2003-01-01,2003-01-06,5,25,10.407949,12.034049,8.704351,84.7794,3.6398249,15.464478,90.36245,75.008965,4.065442,3.1318808
24.5,121.5,2003-01-01,2003-01-07,6,25,12.085306,13.093946,11.0130825,90.85858,3.2454047,20.454102,92.8395,88.585846,4.2661247,1.9551687
22.5,121.5,2003-01-01,2003-01-07,6,25,20.006556,20.763365,19.06256,80.00364,7.244826,21.765137,83.79719,75.79151,9.415711,4.941045
23.5,120.5,2003-01-01,2003-01-07,6,25,12.945169,14.72525,11.576686,88.9119,3.3859098,8.571777,92.80228,82.892685,4.373583,2.312042
22.5,120.5,2003-01-01,2003-01-07,6,25,17.562025,18.666964,16.483679,82.98477,4.422204,15.2508545,86.9173,77.82224,5.424537,3.4928842
24.5,120.5,2003-01-01,2003-01-07,6,25,14.530013,15.440748,13.660811,85.54983,8.597616,9.461365,88.39438,82.66289,9.9963,6.949417
23.5,121.5,2003-01-01,2003-01-07,6,25,14.531693,15.598751,13.169552,86.47021,3.0511374,17.653503,88.79363,83.32773,4.3891473,1.7289997
23.5,121.5,2003-01-01,2003-01-08,7,25,15.913848,17.727629,14.849557,83.61175,3.503881,5.5477905,87.95898,76.553474,4.5246434,2.286126
22.5,120.5,2003-01-01,2003-01-08,7,25,18.714336,20.932001,17.450401,82.448,2.7844024,1.2472534,88.874306,71.617966,3.5424716,2.1664164
24.5,120.5,2003-01-01,2003-01-08,7,25,15.841445,17.490988,14.667023,83.19206,7.8975134,1.6186523,88.29115,75.9906,9.367832,5.9960704
23.5,120.5,2003-01-01,2003-01-08,7,25,14.570859,18.55755,12.352111,86.78844,2.5677643,1.2283325,94.27864,72.00732,3.3606904,1.8451923
24.5,121.5,2003-01-01,2003-01-08,7,25,13.29998,15.194581,12.200534,88.196915,3.3960485,7.7700806,92.445335,79.7819,4.1700435,2.399028
22.5,121.5,2003-01-01,2003-01-08,7,25,20.673105,21.17858,20.182764,78.886116,7.9746113,3.6282349,82.908424,75.27911,9.603467,5.89156
23.5,121.5,2003-01-01,2003-01-09,8,25,16.095318,18.418705,14.672081,84.78313,2.644186,7.756653,89.592926,76.335945,3.6953983,1.585419
23.5,120.5,2003-01-01,2003-01-09,8,25,14.278012,17.786907,12.249068,87.97954,2.7113848,1.555481,93.885765,75.92081,3.3381763,2.189418
22.5,120.5,2003-01-01,2003-01-09,8,25,18.705278,21.013706,17.26439,82.964485,3.4509635,1.2521362,88.84561,71.86564,4.133613,2.6898797
24.5,120.5,2003-01-01,2003-01-09,8,25,15.287192,16.434408,14.457126,85.6636,5.9485598,1.882019,88.92843,81.37337,7.061942,4.9117074
22.5,121.5,2003-01-01,2003-01-09,8,25,21.042662,22.04568,20.172897,78.68189,5.113054,3.5092163,83.24864,73.461075,7.413606,3.1517203
24.5,121.5,2003-01-01,2003-01-09,8,25,13.469204,15.789018,11.856324,88.76099,2.381526,6.7614746,93.1582,80.178,3.1518588,1.4699683
23.5,120.5,2003-01-01,2003-01-10,9,25,13.842273,16.991755,12.1065445,85.60574,2.773891,0.786438,91.87266,73.36116,3.6709836,2.0341506
23.5,121.5,2003-01-01,2003-01-10,9,25,14.872878,16.633785,13.707325,84.0454,3.8940852,6.2387085,88.02229,77.75735,4.6810713,2.9353533
22.5,120.5,2003-01-01,2003-01-10,9,25,18.318348,20.22777,17.193396,80.98746,3.1145947,1.2094116,85.92854,71.83948,3.7931843,2.453843
24.5,120.5,2003-01-01,2003-01-10,9,25,14.737976,15.965973,13.983238,80.388245,7.333965,0.8404541,84.17735,74.3949,8.25683,6.2602053
24.5,121.5,2003-01-01,2003-01-10,9,25,11.827801,13.89566,10.560973,87.07655,3.095001,5.1574707,91.10164,78.91564,3.742353,2.4084501
22.5,121.5,2003-01-01,2003-01-10,9,25,19.87321,20.56507,19.220007,78.841705,7.847526,2.9370117,82.64539,75.332146,9.238757,5.9272094
23.5,120.5,2003-01-01,2003-01-11,10,25,14.0941305,17.456295,12.296876,84.150566,2.4681401,1.2728882,91.46923,69.393974,3.3163564,1.827874
24.5,121.5,2003-01-01,2003-01-11,10,25,11.983857,14.181217,10.614547,84.98664,2.7220047,6.322632,90.00916,76.194534,3.3234808,1.977323
23.5,121.5,2003-01-01,2003-01-11,10,25,14.70456,16.528091,13.477306,81.42961,3.2968795,6.567383,86.546455,73.67518,4.1628966,2.3191607
24.5,120.5,2003-01-01,2003-01-11,10,25,15.138642,16.520357,14.290577,79.437454,6.3960524,1.5768433,84.59519,72.23895,7.4173803,5.208339
22.5,120.5,2003-01-01,2003-01-11,10,25,18.367744,20.12942,17.340929,77.86774,2.9246204,1.1480713,83.3215,68.6712,3.5091271,2.3442547
22.5,121.5,2003-01-01,2003-01-11,10,25,19.736143,20.309141,19.074034,75.08279,7.1724663,2.946167,78.968315,71.62698,8.587196,5.678039
22.5,121.5,2003-01-01,2003-01-12,11,25,19.66018,20.252516,19.026623,75.27422,7.8621716,4.89563,79.34731,71.75027,9.168034,6.254541
24.5,121.5,2003-01-01,2003-01-12,11,25,11.907426,14.131456,10.514215,84.87364,2.8801093,7.1813965,89.80475,75.91989,3.4831328,2.216081
23.5,121.5,2003-01-01,2003-01-12,11,25,14.540004,16.303688,13.429298,81.67247,3.489245,6.979065,86.3066,74.39328,4.1827564,2.494449
24.5,120.5,2003-01-01,2003-01-12,11,25,15.269379,16.72628,14.283087,79.73559,6.4829607,1.2249756,84.91731,73.04002,7.674109,4.9678545
23.5,120.5,2003-01-01,2003-01-12,11,25,13.998402,17.358688,12.074205,84.36471,2.4767144,2.1243286,91.82693,70.28149,3.3116958,1.815518
22.5,120.5,2003-01-01,2003-01-12,11,25,18.34305,20.278429,17.119522,78.21899,2.8799267,2.399292,84.092606,68.493286,3.4880042,2.3396301
22.5,120.5,2003-01-01,2003-01-13,12,25,18.124025,20.061571,16.86729,78.45355,2.7650638,1.6577148,85.17428,67.97479,3.3613558,2.1255348
23.5,120.5,2003-01-01,2003-01-13,12,25,13.855002,17.518837,11.662023,84.0004,2.3499746,2.178955,91.96944,68.61548,3.1425943,1.7164917
24.5,120.5,2003-01-01,2003-01-13,12,25,15.299944,16.966444,14.250509,80.4675,6.022647,2.5067139,86.06474,72.72463,7.2328734,4.6088805
23.5,121.5,2003-01-01,2003-01-13,12,25,14.545706,16.259071,13.4061,81.56185,3.1671674,6.3027954,86.2601,74.28432,3.9396887,2.3249433
22.5,121.5,2003-01-01,2003-01-13,12,25,19.55428,20.100496,18.985167,74.90117,7.318186,4.348755,78.43257,71.57224,8.671985,6.0318055
24.5,121.5,2003-01-01,2003-01-13,12,25,12.169241,14.521649,10.807565,84.07202,2.7319882,7.4087524,89.28987,74.168724,3.3940744,1.9890275
22.5,120.5,2003-01-01,2003-01-14,13,25,18.032866,20.0206,16.805084,79.11217,2.8673754,5.6518555,85.563225,69.111336,3.5593672,2.1964488
23.5,121.5,2003-01-01,2003-01-14,13,25,14.63185,16.42017,13.267428,81.48044,3.0783236,9.214783,86.60002,74.00474,4.132313,1.8820578
24.5,120.5,2003-01-01,2003-01-14,13,25,15.313921,17.066566,14.166661,80.92184,5.5678425,1.6299438,87.21416,72.55971,7.113374,3.9199212
24.5,121.5,2003-01-01,2003-01-14,13,25,12.17228,14.665882,10.454825,84.2418,2.756937,6.6955566,90.245255,74.308235,3.6183105,1.708077
23.5,120.5,2003-01-01,2003-01-14,13,25,13.687885,17.427319,11.494508,84.27505,2.4222317,3.84552,92.31808,68.99655,3.2133226,1.8136525
22.5,121.5,2003-01-01,2003-01-14,13,25,19.64441,20.345766,18.871637,74.982445,7.334543,6.930847,79.24497,70.61992,9.047694,5.1707454
22.5,121.5,2003-01-01,2003-01-15,14,25,19.736172,20.31295,19.081902,73.2939,6.9139643,5.682373,77.54871,69.00424,8.454994,5.3808045
22.5,120.5,2003-01-01,2003-01-15,14,25,18.21209,20.240528,17.12423,77.22041,2.8914213,2.0300293,82.89714,66.30642,3.5949557,2.2672846
24.5,120.5,2003-01-01,2003-01-15,14,25,15.504629,17.222013,14.352901,80.25776,5.242175,0.6549072,86.08689,72.28114,6.63883,3.8176703
24.5,121.5,2003-01-01,2003-01-15,14,25,12.264609,14.837829,10.744503,83.60969,2.6583734,5.0408936,89.68917,72.34948,3.303384,1.9614743
23.5,121.5,2003-01-01,2003-01-15,14,25,14.551816,16.353107,13.359631,80.50136,2.8746119,6.45874,85.41974,72.17777,3.858361,1.7396436
23.5,120.5,2003-01-01,2003-01-15,14,25,13.737774,17.593342,11.721158,83.67386,2.2919745,1.4916992,91.40957,67.78096,2.9639056,1.7241619
23.5,120.5,2003-01-01,2003-01-16,15,25,14.268039,18.159523,12.145285,83.92952,2.1609554,3.0145264,92.63541,67.328735,2.900248,1.559587
23.5,121.5,2003-01-01,2003-01-16,15,25,15.084972,16.925383,13.827462,80.76809,2.7301886,5.1013184,85.800964,72.84859,3.7661994,1.6090736
22.5,120.5,2003-01-01,2003-01-16,15,25,18.64593,20.780224,17.424973,78.0274,2.8705912,2.2131348,84.6897,66.53394,3.5275607,2.2026281
24.5,121.5,2003-01-01,2003-01-16,15,25,13.021573,15.601915,11.5323305,83.79776,2.5953882,5.784912,89.57974,72.59891,3.4268796,1.7228143
24.5,120.5,2003-01-01,2003-01-16,15,25,15.863038,17.55757,14.827642,81.717575,5.1332774,3.460083,87.99769,73.25026,6.7741175,3.2825155
22.5,121.5,2003-01-01,2003-01-16,15,25,20.057804,20.637197,19.46066,75.18386,6.704049,3.4777832,79.40884,71.179726,8.075722,5.121406
23.5,121.5,2003-01-01,2003-01-17,16,25,15.127024,17.236969,13.4822035,82.058426,2.9238317,6.2695312,86.82027,74.01075,3.8582299,1.8656272
23.5,120.5,2003-01-01,2003-01-17,16,25,14.336535,18.276148,11.954489,84.44633,2.269745,1.4990234,92.41402,69.1472,2.9483728,1.6062714
22.5,120.5,2003-01-01,2003-01-17,16,25,18.639484,20.724546,17.217897,79.24762,2.859351,2.5115967,85.830345,68.83316,3.522083,2.27827
24.5,121.5,2003-01-01,2003-01-17,16,25,12.755754,15.608058,10.857081,85.30158,2.61501,4.545288,90.664215,74.53968,3.2394505,1.8317527
22.5,121.5,2003-01-01,2003-01-17,16,25,20.04601,20.930283,19.143435,75.92215,6.5427265,4.7436523,80.08352,71.74275,8.023817,4.8145576
24.5,120.5,2003-01-01,2003-01-17,16,25,15.673997,17.353252,14.475402,82.48822,5.1552334,0.62805176,87.540375,75.31551,6.405859,3.6143541
23.5,120.5,2003-01-01,2003-01-18,17,25,14.401921,18.372635,12.016144,84.2518,2.2622433,2.8009033,92.842316,68.799416,2.9928389,1.5745953
23.5,121.5,2003-01-01,2003-01-18,17,25,15.18825,17.226698,13.779049,82.41293,2.9951823,6.446533,87.43946,73.848206,3.8690183,2.0939665
22.5,120.5,2003-01-01,2003-01-18,17,25,18.666843,20.850605,17.248528,80.496994,2.695363,3.378296,87.200485,69.297356,3.27203,2.0819323
24.5,120.5,2003-01-01,2003-01-18,17,25,15.789637,17.628572,14.474508,83.0964,5.5313783,3.1311035,88.17263,75.16319,6.7684407,3.9250095
24.5,121.5,2003-01-01,2003-01-18,17,25,12.867624,15.661073,11.016529,85.35997,2.7165964,6.824951,91.100945,74.00458,3.5031323,1.7953744
22.5,121.5,2003-01-01,2003-01-18,17,25,20.12153,20.777353,19.291485,76.90919,6.211578,5.0128174,80.88385,73.226135,7.7061706,4.758792
23.5,121.5,2003-01-01,2003-01-19,18,25,15.363085,17.537281,14.070592,83.33722,3.2005148,6.502075,88.64181,74.268776,4.258663,2.1570184
23.5,120.5,2003-01-01,2003-01-19,18,25,14.551249,18.5844,12.351676,84.14642,2.5673432,1.5875244,92.04703,68.770134,3.2802138,1.8975197
22.5,121.5,2003-01-01,2003-01-19,18,25,20.2866,21.043457,19.573423,77.53986,6.3064995,4.453125,82.29045,72.899704,8.121662,4.6597652
24.5,120.5,2003-01-01,2003-01-19,18,25,16.061464,17.59543,14.845856,82.11035,6.086927,1.7431641,86.78004,75.378044,7.4267116,4.4297304
24.5,121.5,2003-01-01,2003-01-19,18,25,12.941503,15.473776,11.3657675,86.59661,2.784346,7.128296,91.81556,76.5341,3.6368864,1.8512906
22.5,120.5,2003-01-01,2003-01-19,18,25,18.769276,21.000328,17.497023,80.82574,2.712375,1.8878174,87.04736,68.88754,3.3833153,2.0144656
23.5,120.5,2003-01-01,2003-01-20,19,25,14.843257,18.287348,12.795104,84.66256,2.2153122,2.3040771,91.84268,71.09643,2.8955765,1.6395509
23.5,121.5,2003-01-01,2003-01-20,19,25,15.327456,17.106606,14.219943,83.25729,3.0863407,5.553589,87.10638,76.2316,4.0418534,2.0139008
24.5,120.5,2003-01-01,2003-01-20,19,25,16.18851,17.604916,15.141593,81.96017,5.846277,2.6904297,86.31985,75.68337,7.161817,4.3729024
24.5,121.5,2003-01-01,2003-01-20,19,25,12.926479,15.175267,11.51399,86.83251,2.6974509,6.539917,91.539154,77.29107,3.4493213,1.9495811
22.5,120.5,2003-01-01,2003-01-20,19,25,18.858648,20.82355,17.513186,80.19328,2.695405,2.4334717,86.23211,70.06814,3.3014867,2.009518
22.5,121.5,2003-01-01,2003-01-20,19,25,20.168589,20.82934,19.52108,76.79894,6.5262475,4.5544434,80.768616,73.13093,8.030758,5.076681
23.5,121.5,2003-01-01,2003-01-21,20,25,15.354357,17.284245,13.874489,82.43987,3.3538125,7.4090576,87.28724,74.2634,4.4454913,2.272794
23.5,120.5,2003-01-01,2003-01-21,20,25,14.6359,18.101744,12.61775,84.89745,2.5347543,2.7398682,92.16814,71.67671,3.338123,1.9200557
22.5,121.5,2003-01-01,2003-01-21,20,25,20.18262,21.010933,19.308004,76.72973,6.3896904,4.0838623,81.202835,72.04513,8.314161,4.263595
24.5,121.5,2003-01-01,2003-01-21,20,25,12.66879,15.047359,10.980944,86.56441,2.9137015,8.150635,91.69363,76.91658,3.8245676,1.9794774
24.5,120.5,2003-01-01,2003-01-21,20,25,15.908204,17.312794,14.817321,81.4752,6.399253,3.527832,86.62263,74.51016,8.060012,4.929058
22.5,120.5,2003-01-01,2003-01-21,20,25,18.897404,21.08693,17.460743,79.43292,2.8933322,2.927246,85.923805,68.64291,3.7290497,1.9750487
22.5,120.5,2003-01-01,2003-01-22,21,25,18.44729,20.429037,17.083532,78.648,2.912968,1.517334,85.07166,68.1453,3.5499475,2.18981
24.5,120.5,2003-01-01,2003-01-22,21,25,15.346802,16.65224,14.302965,80.119965,7.1937065,2.965088,84.74623,74.10587,8.422724,5.9240966
24.5,121.5,2003-01-01,2003-01-22,21,25,11.900142,14.113354,10.493473,86.32952,3.2000709,8.414307,91.47575,76.92854,3.8325825,2.3988602
22.5,121.5,2003-01-01,2003-01-22,21,25,19.810942,20.51023,19.083952,75.93094,7.2270794,2.9614258,80.463264,71.68833,8.826081,5.6052303
23.5,121.5,2003-01-01,2003-01-22,21,25,14.821236,16.62281,13.576012,82.02841,3.5768974,6.278076,87.020584,74.124756,4.560055,2.512993
23.5,120.5,2003-01-01,2003-01-22,21,25,14.149009,17.399584,12.241661,83.79015,2.7740164,1.5179443,90.95652,70.527466,3.436189,2.1290188
24.5,120.5,2003-01-01,2003-01-23,22,25,15.621189,16.915749,14.422696,79.53197,6.9334483,2.3773193,84.117615,73.53697,8.410661,5.497855
22.5,120.5,2003-01-01,2003-01-23,22,25,18.319704,20.069714,17.216179,79.106224,2.9996881,2.637329,84.720215,69.777695,3.633811,2.2999823
22.5,121.5,2003-01-01,2003-01-23,22,25,19.615993,20.33297,18.86131,77.463264,7.076244,4.923706,81.45863,73.457756,8.627669,5.2906923
24.5,121.5,2003-01-01,2003-01-23,22,25,11.8682,13.725983,10.390978,86.79167,3.2717144,10.335083,90.875984,79.25899,4.0827847,2.4307642
23.5,120.5,2003-01-01,2003-01-23,22,25,14.252439,17.216589,12.53591,83.6438,2.5884964,2.113037,90.51907,71.26252,3.2451637,1.9066566
23.5,121.5,2003-01-01,2003-01-23,22,25,14.655954,16.215425,13.428493,83.32962,3.5723321,8.496094,87.22614,76.77082,4.6068096,2.475679
23.5,121.5,2003-01-01,2003-01-24,23,25,14.806604,16.341305,13.735002,83.73855,3.163738,8.153687,88.40029,77.63413,4.176225,2.2065241
22.5,121.5,2003-01-01,2003-01-24,23,25,19.717678,20.396343,19.025148,77.66564,6.463483,4.578247,82.417435,72.94681,8.298478,4.4598594
22.5,120.5,2003-01-01,2003-01-24,23,25,18.341429,20.033737,17.185055,79.83704,2.772206,2.5061035,85.870575,70.91696,3.4031146,2.135851
24.5,120.5,2003-01-01,2003-01-24,23,25,15.823967,17.005602,14.944913,79.79102,6.275207,3.005371,84.90791,74.17959,7.3991504,4.9207444
24.5,121.5,2003-01-01,2003-01-24,23,25,12.371917,14.37568,11.103571,86.015686,2.855812,7.5811768,90.7387,78.0319,3.5274694,2.0806115
23.5,120.5,2003-01-01,2003-01-24,23,25,14.3626,17.297222,12.686134,83.86066,2.4079435,2.878418,91.29119,71.71883,3.140236,1.8245014
24.5,120.5,2003-01-01,2003-01-25,24,25,16.09385,17.47965,15.106524,79.70593,5.604544,2.5335693,84.958694,73.29584,6.877456,4.135351
22.5,120.5,2003-01-01,2003-01-25,24,25,18.61375,20.643433,17.31526,79.6165,2.7494972,2.6654053,86.184525,68.761154,3.556121,1.9037871
22.5,121.5,2003-01-01,2003-01-25,24,25,20.070158,20.777885,19.327545,76.672165,6.1822414,4.399414,81.0698,72.19991,7.703202,4.611965
23.5,121.5,2003-01-01,2003-01-25,24,25,15.233028,17.008512,14.024249,82.73247,2.9625373,6.942749,88.06131,74.749985,3.9535282,1.9448205
23.5,120.5,2003-01-01,2003-01-25,24,25,14.5009775,17.913244,12.595055,84.12678,2.34983,2.2784424,92.00394,69.74004,3.1003177,1.6237514
24.5,121.5,2003-01-01,2003-01-25,24,25,12.854239,15.098244,11.365612,85.07413,2.5573914,6.875,91.16103,75.17024,3.5281382,1.5559869
24.5,121.5,2003-01-01,2003-01-26,25,25,12.745205,15.214974,11.073019,85.88854,2.6096935,6.591797,91.15181,75.85317,3.3897998,1.7135469
23.5,121.5,2003-01-01,2003-01-26,25,25,15.145947,17.26433,13.755353,83.26144,2.9962194,5.7873535,88.05088,74.88975,4.0308924,1.9767784
22.5,121.5,2003-01-01,2003-01-26,25,25,20.063799,20.852026,19.271969,77.48147,6.147993,3.305664,81.4995,73.15787,7.886939,4.288722
24.5,120.5,2003-01-01,2003-01-26,25,25,16.094072,17.71059,14.813898,79.80325,5.7281413,2.786255,85.40367,72.47432,7.047244,4.082252
22.5,120.5,2003-01-01,2003-01-26,25,25,18.766123,21.066109,17.339396,79.06542,2.7764602,1.9464111,85.8837,67.8396,3.5683014,1.8960826
23.5,120.5,2003-01-01,2003-01-26,25,25,14.509307,18.511185,12.060997,83.85743,2.3407516,2.005005,92.27835,68.14475,3.0257275,1.6705313
24.5,120.5,2003-01-01,2003-01-27,26,25,15.949812,17.69808,14.622506,80.948456,6.155586,2.60437,86.29296,73.462776,7.8289704,4.439859
22.5,120.5,2003-01-01,2003-01-27,26,25,18.573854,20.695269,17.38798,79.428734,2.6890447,2.7111816,85.708984,68.5038,3.4604733,1.9477903
23.5,121.5,2003-01-01,2003-01-27,26,25,14.997175,17.15472,13.710367,82.602684,2.9989069,6.759033,87.63671,73.5988,4.3249784,1.7684579
24.5,121.5,2003-01-01,2003-01-27,26,25,12.654187,15.277221,10.916988,85.6749,2.6754344,7.318115,91.25175,75.00545,3.6132848,1.7381821
23.5,120.5,2003-01-01,2003-01-27,26,25,14.389539,18.390657,12.308971,83.96624,2.3779469,3.3563232,91.93976,68.37701,3.0720644,1.80744
22.5,121.5,2003-01-01,2003-01-27,26,25,19.919167,20.702314,19.057755,77.66877,6.361407,4.613037,82.217804,73.05799,8.65315,4.462467
22.5,121.5,2003-01-01,2003-01-28,27,25,19.637737,20.41463,18.827623,77.701836,7.623395,6.245117,81.57897,74.17866,9.081375,6.11075
24.5,120.5,2003-01-01,2003-01-28,27,25,15.671018,17.244242,14.460187,79.0787,6.8028126,3.8287354,83.691864,72.36667,8.031028,5.4753656
22.5,120.5,2003-01-01,2003-01-28,27,25,18.505022,20.517525,17.139084,79.06413,3.0557415,3.579712,85.357666,69.11595,3.681742,2.3201578
23.5,121.5,2003-01-01,2003-01-28,27,25,14.767717,16.77454,13.352731,83.03539,3.7994306,8.806763,87.71013,74.941635,4.823012,2.85011
24.5,121.5,2003-01-01,2003-01-28,27,25,12.127581,14.49432,10.5367985,85.686775,3.266619,9.801025,90.743744,75.97585,4.04961,2.5041883
23.5,120.5,2003-01-01,2003-01-28,27,25,14.474065,17.954008,12.290812,83.02236,2.5620992,3.9611816,90.61832,68.89875,3.2894137,1.905894
23.5,120.5,2003-01-01,2003-01-29,28,25,14.016968,17.23627,12.209772,83.00261,2.6278381,3.5308838,89.83194,69.825935,3.4329996,1.8425145
22.5,121.5,2003-01-01,2003-01-29,28,25,19.14275,19.80218,18.37376,76.45548,8.302897,5.310669,79.769745,72.96723,9.834261,6.4091954
24.5,120.5,2003-01-01,2003-01-29,28,25,15.172378,16.700232,14.072462,79.71946,7.150442,3.6291504,84.50027,73.17734,8.374868,5.670301
22.5,120.5,2003-01-01,2003-01-29,28,25,18.045483,19.941534,16.709919,78.24274,3.2625515,3.8494873,83.81586,68.64396,3.9863846,2.4747295
23.5,121.5,2003-01-01,2003-01-29,28,25,14.087866,15.600285,12.860748,82.84288,3.9680758,7.6916504,86.221756,77.27389,4.89697,2.7967029
24.5,121.5,2003-01-01,2003-01-29,28,25,11.416499,13.601476,9.94231,86.115036,3.3920782,8.50647,90.55591,77.52952,4.193128,2.461578
22.5,120.5,2003-01-01,2003-01-30,29,25,18.094995,19.82335,16.89315,78.18312,3.0082061,2.9840088,83.72255,69.21756,3.7714372,2.190126
23.5,120.5,2003-01-01,2003-01-30,29,25,14.051147,17.207321,12.10611,83.08702,2.4347205,3.6260986,90.26755,69.89749,3.2585175,1.7277865
22.5,121.5,2003-01-01,2003-01-30,29,25,19.288277,19.928228,18.500168,76.05054,6.8623376,5.13855,79.36397,72.34388,8.567942,5.285923
23.5,121.5,2003-01-01,2003-01-30,29,25,14.438921,16.041466,13.08276,82.53603,3.3347754,8.12561,87.27385,75.4979,4.336912,2.426417
24.5,121.5,2003-01-01,2003-01-30,29,25,11.905874,14.113487,10.263205,85.78373,2.9633324,9.876099,90.96836,76.52867,3.6500933,2.0898337
24.5,120.5,2003-01-01,2003-01-30,29,25,15.224761,16.566822,14.036134,79.854836,6.5129533,5.479126,84.23441,73.65746,7.7335134,5.1400166
24.5,121.5,2003-01-01,2003-01-31,30,25,11.971645,13.784584,10.492047,86.69586,3.118681,9.646606,90.918045,79.598976,3.8695776,2.1833105
22.5,120.5,2003-01-01,2003-01-31,30,25,18.152212,19.874203,17.079689,79.42645,2.8642304,2.6239014,84.7676,70.811676,3.6490166,2.1269224
24.5,120.5,2003-01-01,2003-01-31,30,25,15.448911,16.754158,14.267823,79.801704,6.918963,4.0411377,84.75854,73.70418,8.256559,5.289731
22.5,121.5,2003-01-01,2003-01-31,30,25,19.434107,20.069542,18.701973,77.32391,7.094187,4.4195557,80.88259,74.03418,8.681589,5.2482715
23.5,121.5,2003-01-01,2003-01-31,30,25,14.564223,16.025576,13.408395,83.515625,3.5740283,8.062134,87.41117,77.665085,4.63498,2.4112563
23.5,120.5,2003-01-01,2003-01-31,30,25,14.212017,17.390541,12.49567,83.67069,2.5195599,2.7496338,90.57621,70.452644,3.386962,1.8258846
22.5,120.5,2003-01-01,2003-02-01,31,25,18.352146,20.303463,17.003542,79.040245,2.9785132,2.1191406,84.73483,69.420746,3.7108567,2.1340368
24.5,120.5,2003-01-01,2003-02-01,31,25,15.388689,16.674982,14.454517,80.60043,6.9004726,3.0517578,85.065765,74.88441,8.3558235,5.3084636
23.5,120.5,2003-01-01,2003-02-01,31,25,14.243064,17.5044,12.327169,83.58416,2.7319164,2.4487305,90.987175,70.23598,3.4410203,2.0013566
24.5,121.5,2003-01-01,2003-02-01,31,25,12.087966,14.184449,10.619152,86.53365,3.2342672,10.093384,91.18812,78.161865,4.000292,2.40617
22.5,121.5,2003-01-01,2003-02-01,31,25,19.66906,20.373018,18.8446,76.27636,7.063391,4.01062,80.287865,72.80031,8.7392435,5.3916802
23.5,121.5,2003-01-01,2003-02-01,31,25,14.720329,16.392305,13.413209,82.81533,3.5626059,8.009033,87.39169,75.64385,4.6507835,2.3879554
24.5,121.5,2003-01-01,2003-02-02,32,25,11.81915,13.516363,10.59815,87.9448,3.2172027,10.769653,91.92328,80.94312,4.072416,2.378155
22.5,121.5,2003-01-01,2003-02-02,32,25,19.654425,20.243702,19.028797,77.54337,7.2275605,5.4089355,80.91957,73.68928,9.192162,5.200139
23.5,121.5,2003-01-01,2003-02-02,32,25,14.6082325,16.238424,13.394196,83.68995,3.5013812,8.966675,87.966156,77.10237,4.5911236,2.268507
23.5,120.5,2003-01-01,2003-02-02,32,25,14.077842,17.171583,12.37525,84.08817,2.6037164,3.2678223,90.64452,71.8473,3.3946006,1.9360558
22.5,120.5,2003-01-01,2003-02-02,32,25,18.338623,20.185333,17.252447,79.28015,2.7953205,2.7667236,84.67525,70.16395,3.481563,2.0550919
24.5,120.5,2003-01-01,2003-02-02,32,25,15.2746,16.39926,14.511691,80.7216,6.983904,4.437256,85.193954,75.18226,8.215283,5.651384
22.5,121.5,2003-01-01,2003-02-03,33,25,19.981953,20.670448,19.098185,77.67422,6.341045,4.0612793,81.773346,73.72497,8.175102,4.4128566
22.5,120.5,2003-01-01,2003-02-03,33,25,18.679842,20.907465,17.219397,79.703415,2.6875248,2.1643066,86.452,68.21203,3.356055,1.8113285
24.5,121.5,2003-01-01,2003-02-03,33,25,12.681112,15.097623,10.976158,86.36007,2.8841453,7.8448486,91.26346,77.105156,3.669441,2.007191
23.5,121.5,2003-01-01,2003-02-03,33,25,15.084433,16.975592,13.656217,83.16941,3.1102662,6.51001,87.803444,75.0908,4.233105,2.0373504
24.5,120.5,2003-01-01,2003-02-03,33,25,15.782948,17.424397,14.54966,81.58632,6.152213,3.5198975,87.30646,74.371735,7.4832044,4.5678086
23.5,120.5,2003-01-01,2003-02-03,33,25,14.467733,18.26403,12.466588,84.48529,2.4083817,3.295288,92.67644,69.312965,3.1919184,1.7398664
24.5,120.5,2003-01-01,2003-02-04,34,25,15.603457,17.28387,14.280822,82.22615,6.278676,3.5247803,87.894325,75.38727,7.8605375,4.5322013
22.5,120.5,2003-01-01,2003-02-04,34,25,18.562363,20.555445,17.155777,81.228516,2.8784423,5.4577637,87.68741,71.64393,3.7482252,2.0067492
23.5,120.5,2003-01-01,2003-02-04,34,25,14.453379,17.753735,12.399454,85.011566,2.5908294,4.771118,92.569534,71.99638,3.361159,1.8213986
24.5,121.5,2003-01-01,2003-02-04,34,25,12.506758,14.998841,10.7769,86.36875,2.9142754,9.515991,91.71853,77.51998,3.842619,2.0058603
23.5,121.5,2003-01-01,2003-02-04,34,25,15.207637,17.147762,13.740412,82.84814,3.223964,9.696045,87.519295,74.7905,4.356128,2.218536
22.5,121.5,2003-01-01,2003-02-04,34,25,20.043476,20.934502,19.060461,77.385315,6.7748914,6.154175,82.01581,72.825035,8.693699,4.7834053
24.5,120.5,2003-01-01,2003-02-05,35,25,15.488063,17.07228,14.396969,81.154465,6.3828845,1.741333,86.00465,74.72683,7.735936,4.8663006
22.5,120.5,2003-01-01,2003-02-05,35,25,18.404312,20.427877,17.146965,80.02151,2.7658942,2.3583984,86.2543,69.889626,3.4908903,2.006559
23.5,120.5,2003-01-01,2003-02-05,35,25,14.284098,17.803814,12.191578,84.14286,2.5104468,2.150879,91.44681,70.0834,3.2839303,1.8064547
24.5,121.5,2003-01-01,2003-02-05,35,25,12.339176,14.848394,10.8811,85.38965,3.0003998,6.1480713,90.64241,75.32977,3.6284058,2.3444428
22.5,121.5,2003-01-01,2003-02-05,35,25,19.725836,20.404238,19.04791,77.22128,6.918661,3.4570312,81.23773,73.15967,8.330595,5.3484664
23.5,121.5,2003-01-01,2003-02-05,35,25,14.839176,16.760544,13.562208,82.924034,3.3416092,5.828247,87.93877,75.20457,4.139383,2.4981518
23.5,121.5,2003-01-01,2003-02-06,36,25,15.00742,17.227379,13.557706,83.48042,3.0563002,6.519165,88.75907,74.15939,4.206596,1.9859073
24.5,121.5,2003-01-01,2003-02-06,36,25,12.708552,15.338981,10.984513,86.14287,2.7374885,7.755127,91.69719,75.48184,3.585636,1.8207927
24.5,120.5,2003-01-01,2003-02-06,36,25,15.742751,17.395166,14.4888,81.48697,5.9824433,2.6287842,85.8301,74.89653,7.485304,4.35965
23.5,120.5,2003-01-01,2003-02-06,36,25,14.537712,18.381676,12.339601,83.92377,2.3563094,1.7364502,91.91055,69.27099,3.1238031,1.672651
22.5,120.5,2003-01-01,2003-02-06,36,25,18.640017,20.900112,17.24438,79.69265,2.5741744,0.9979248,86.32381,68.41257,3.308244,1.8200128
22.5,121.5,2003-01-01,2003-02-06,36,25,19.953846,20.717642,19.054346,77.87527,6.0152764,2.8564453,81.6138,73.86221,7.5000167,4.6685867
24.5,120.5,2003-01-01,2003-02-07,37,25,15.179949,16.479723,14.142799,80.43686,6.9745283,3.8116455,85.2628,74.355896,8.578263,5.277697
22.5,120.5,2003-01-01,2003-02-07,37,25,18.325457,20.425001,17.02112,79.54226,2.8609574,2.923584,84.9739,70.24099,3.5739973,2.0026684
23.5,120.5,2003-01-01,2003-02-07,37,25,14.189148,17.552189,12.231061,83.71982,2.6391206,2.7642822,90.56483,70.91686,3.4038785,1.8985592
24.5,121.5,2003-01-01,2003-02-07,37,25,11.818953,13.940235,10.394889,87.0095,3.2785077,10.179443,90.9728,79.40846,4.069177,2.2616978
22.5,121.5,2003-01-01,2003-02-07,37,25,19.557312,20.493315,18.725964,77.77997,7.0640736,3.6688232,82.105316,73.73315,9.264408,4.879782
23.5,121.5,2003-01-01,2003-02-07,37,25,14.610222,16.51211,13.350919,83.50175,3.8151166,8.7323,87.79148,76.77498,4.9887066,2.4721537
23.5,121.5,2003-01-01,2003-02-08,38,25,14.503982,16.162966,13.214347,82.472206,3.431816,6.2145996,86.97598,75.752,4.6824718,2.3889973
24.5,120.5,2003-01-01,2003-02-08,38,25,15.149334,16.69236,13.964577,80.627785,6.546213,2.8033447,86.013054,74.102684,8.031207,4.912656
23.5,120.5,2003-01-01,2003-02-08,38,25,14.101971,17.399605,12.166398,84.242744,2.4089944,2.150879,91.72901,71.25131,3.0695035,1.8096404
24.5,121.5,2003-01-01,2003-02-08,38,25,11.860876,14.215182,10.208463,85.8977,3.1164923,7.849121,90.58084,77.26999,3.8438978,2.302198
22.5,121.5,2003-01-01,2003-02-08,38,25,19.510056,20.21633,18.6882,75.390686,7.0557528,2.9144287,80.15507,70.93104,9.097347,5.233001
22.5,120.5,2003-01-01,2003-02-08,38,25,18.236326,20.241636,17.010557,78.63454,2.7528121,1.9122314,84.6099,68.722786,3.4690597,2.0323696
23.5,120.5,2003-01-01,2003-02-09,39,25,14.006796,17.44134,12.143537,83.226974,2.462489,3.6297607,91.04866,69.612366,3.203432,1.7043257
22.5,121.5,2003-01-01,2003-02-09,39,25,19.261307,20.025997,18.36258,75.91773,7.1088867,4.5898438,80.1134,71.724915,8.768643,5.3699737
22.5,120.5,2003-01-01,2003-02-09,39,25,18.100527,20.121096,16.83154,78.16723,2.707776,2.954712,84.47342,68.30601,3.375177,2.0079849
24.5,120.5,2003-01-01,2003-02-09,39,25,15.007167,16.340435,14.000436,79.868324,6.2803493,4.6331787,84.962326,73.729,7.8451843,4.4001155
24.5,121.5,2003-01-01,2003-02-09,39,25,11.749256,13.996495,10.231402,85.16042,3.0339918,9.248657,90.42171,76.13487,3.8025222,2.1178486
23.5,121.5,2003-01-01,2003-02-09,39,25,14.354374,16.275597,13.092516,82.04279,3.437732,7.796631,86.529205,74.70796,4.528212,2.1574755
23.5,121.5,2003-01-01,2003-02-10,40,25,14.533617,16.4045,13.261012,81.77055,3.186518,5.4174805,87.0301,73.7533,4.1654267,2.1288435
24.5,121.5,2003-01-01,2003-02-10,40,25,12.04725,14.337502,10.68274,85.13113,2.9099488,7.628784,90.663506,76.27356,3.5470562,2.1244133
22.5,121.5,2003-01-01,2003-02-10,40,25,19.469965,20.132574,18.635857,75.421295,6.492425,3.2922363,79.951836,71.23966,8.000767,4.7635183
23.5,120.5,2003-01-01,2003-02-10,40,25,13.9869175,17.410572,11.796564,83.324615,2.351869,2.5402832,91.5366,69.569214,3.2265992,1.6522746
24.5,120.5,2003-01-01,2003-02-10,40,25,15.153226,16.541578,14.162101,79.834724,5.920475,3.5809326,85.30534,73.501366,7.062035,4.6036506
22.5,120.5,2003-01-01,2003-02-10,40,25,18.09602,20.076275,16.789165,78.32791,2.8966937,1.9940186,84.94992,68.228905,3.6273358,2.1776104
24.5,121.5,2003-01-01,2003-02-11,41,25,12.951755,15.48649,11.296837,86.02301,2.4962072,7.2247314,91.52583,75.8272,3.0954964,1.8751141
23.5,121.5,2003-01-01,2003-02-11,41,25,15.204782,17.35,13.789024,82.877174,2.8337543,5.7629395,88.223564,73.636055,3.7548554,1.9750615
22.5,121.5,2003-01-01,2003-02-11,41,25,19.96652,20.69524,19.207443,77.78433,5.9857874,4.1381836,81.85368,73.198135,7.361897,4.655807
23.5,120.5,2003-01-01,2003-02-11,41,25,14.357945,18.071173,12.296046,84.44375,2.284054,3.1378174,92.76084,69.28565,2.927672,1.7229211
22.5,120.5,2003-01-01,2003-02-11,41,25,18.477926,20.581562,17.20509,80.07919,2.6655347,3.4570312,86.55295,69.43896,3.3487406,1.9139128
24.5,120.5,2003-01-01,2003-02-11,41,25,15.751676,17.333166,14.644767,82.22631,5.4245257,3.7487793,87.35904,75.14467,6.6235914,3.975437
23.5,120.5,2003-01-01,2003-02-12,42,25,14.959524,18.652113,12.905069,84.58307,2.25692,3.1433105,92.08342,70.275116,3.0936673,1.4709897
24.5,120.5,2003-01-01,2003-02-12,42,25,16.107414,17.702171,14.88587,82.095535,5.870442,2.6165771,87.23712,75.181564,7.0003357,4.437247
23.5,121.5,2003-01-01,2003-02-12,42,25,15.275813,17.292503,13.889543,83.80643,3.3302429,8.138428,88.328995,75.98803,4.3107967,2.2786
24.5,121.5,2003-01-01,2003-02-12,42,25,13.152903,15.600692,11.662633,86.29941,2.909342,8.28186,91.501144,77.26057,3.4623144,2.2078767
22.5,120.5,2003-01-01,2003-02-12,42,25,18.824993,20.862192,17.49862,80.37193,2.7593691,2.8863525,86.28051,70.82271,3.429113,1.9735303
22.5,121.5,2003-01-01,2003-02-12,42,25,20.022882,20.730034,19.211039,77.94592,6.8961525,4.0753174,82.54894,73.963585,8.635586,5.216394
24.5,121.5,2003-01-01,2003-02-13,43,25,13.187257,15.498976,11.773429,85.80178,2.8140175,6.0491943,90.63716,76.26932,3.4292548,2.122706
23.5,121.5,2003-01-01,2003-02-13,43,25,15.173937,17.02052,13.941706,82.59058,2.8357563,6.3360596,87.39957,74.9072,3.7614758,1.9094853
22.5,121.5,2003-01-01,2003-02-13,43,25,20.022316,20.644087,19.393463,76.4543,6.1594715,3.2037354,80.45985,72.575005,7.7251625,4.552406
22.5,120.5,2003-01-01,2003-02-13,43,25,18.825323,20.913408,17.589167,79.16121,3.0772293,1.2353516,85.46402,68.30622,3.9474998,2.3770804
23.5,120.5,2003-01-01,2003-02-13,43,25,14.91712,18.532364,12.87778,84.608444,2.0782928,2.2399902,92.170265,69.98357,2.8812933,1.4739598
24.5,120.5,2003-01-01,2003-02-13,43,25,16.34003,17.817364,15.272116,82.08541,5.046749,2.0214844,87.073456,75.27304,6.504543,3.42764
24.5,120.5,2003-01-01,2003-02-14,44,25,16.72925,18.228668,15.60877,82.30187,5.392441,3.1341553,87.65977,75.39877,6.7955055,3.7746842
22.5,121.5,2003-01-01,2003-02-14,44,25,20.560266,21.26941,19.780123,77.821594,5.6304917,4.8291016,81.96175,73.294075,7.1507215,3.929571
23.5,121.5,2003-01-01,2003-02-14,44,25,15.857669,18.026793,14.439581,82.72211,2.8221598,8.694458,88.489105,73.66571,3.8993573,1.6989276
23.5,120.5,2003-01-01,2003-02-14,44,25,15.417005,19.197887,13.2298355,84.33796,2.2636478,3.5778809,91.96384,69.668846,3.027639,1.5823293
24.5,121.5,2003-01-01,2003-02-14,44,25,13.823411,16.3582,12.356213,85.80984,2.6965406,8.127441,91.46461,75.29025,3.4977057,1.7458088
22.5,120.5,2003-01-01,2003-02-14,44,25,19.277102,21.617886,17.907463,80.2698,2.800589,4.1412354,87.32797,68.34111,3.4964063,2.1499155
24.5,120.5,2003-01-01,2003-02-15,45,25,16.872515,18.372808,15.808307,84.40396,5.392678,4.645996,89.697365,77.41957,6.7827663,3.6440868
24.5,121.5,2003-01-01,2003-02-15,45,25,14.159527,16.589893,12.612892,87.78065,2.5197496,8.776855,92.818634,78.19581,3.2912748,1.5439954
22.5,120.5,2003-01-01,2003-02-15,45,25,19.648472,22.078253,18.217443,81.858055,2.2817004,1.5594482,89.21846,69.397255,3.1111367,1.3502246
23.5,121.5,2003-01-01,2003-02-15,45,25,16.323336,18.665596,14.9542885,84.788216,2.671437,6.8322754,90.27685,74.949135,3.844123,1.4208689
22.5,121.5,2003-01-01,2003-02-15,45,25,20.928705,21.846767,20.208263,80.09578,5.4768724,3.7878418,84.640305,75.18002,7.21729,3.7715936
23.5,120.5,2003-01-01,2003-02-15,45,25,15.830347,19.584581,13.736075,85.55867,2.2210708,3.0627441,93.6259,70.60443,3.0791252,1.5411682
23.5,120.5,2003-01-01,2003-02-16,46,25,15.532061,19.141146,13.360396,86.241234,2.3579893,1.6577148,93.45747,72.79947,3.1751351,1.6237897
23.5,121.5,2003-01-01,2003-02-16,46,25,16.108526,18.3118,14.66797,84.60504,2.9081097,5.463867,89.51387,76.13796,4.021576,1.6876578
24.5,121.5,2003-01-01,2003-02-16,46,25,13.821338,16.41164,12.056984,87.563866,2.574581,5.819092,92.66734,78.072075,3.3321087,1.5696079
22.5,120.5,2003-01-01,2003-02-16,46,25,19.453857,21.691147,17.923853,82.767784,2.5697935,1.5197754,89.02483,72.30433,3.2619107,1.8054996
24.5,120.5,2003-01-01,2003-02-16,46,25,16.364756,17.897709,15.219845,84.3624,5.4967937,2.8320312,89.228294,78.12435,6.901524,3.8733237
22.5,121.5,2003-01-01,2003-02-16,46,25,20.752998,21.64256,19.903952,79.594055,5.545271,3.3398438,83.66695,75.009315,7.3905425,3.9335468
23.5,120.5,2003-01-01,2003-02-17,47,25,15.319304,18.997128,13.258449,84.29736,2.3730874,1.394043,92.23815,69.32498,3.1297085,1.685251
23.5,121.5,2003-01-01,2003-02-17,47,25,15.695535,17.99663,14.25779,83.48083,3.0971212,5.8239746,88.60328,74.04317,4.227947,1.7964032
22.5,121.5,2003-01-01,2003-02-17,47,25,20.477566,21.442242,19.61878,78.26707,5.8945622,2.3486328,82.80649,73.29162,7.575429,4.2054734
22.5,120.5,2003-01-01,2003-02-17,47,25,19.27655,21.611269,17.764542,80.53953,2.4324138,1.0327148,87.1326,68.74993,3.1499968,1.7807753
24.5,121.5,2003-01-01,2003-02-17,47,25,13.224265,15.643324,11.623053,86.97953,2.6949618,7.2094727,92.03877,77.26701,3.457768,1.8299952
24.5,120.5,2003-01-01,2003-02-17,47,25,16.21745,17.782679,15.107872,81.74185,6.266577,2.3962402,87.29541,74.632774,7.6445355,4.5900316
23.5,120.5,2003-01-01,2003-02-18,48,25,15.335035,19.008272,13.15025,84.11272,2.30141,2.557373,92.38918,69.204185,3.0161424,1.6401366
24.5,120.5,2003-01-01,2003-02-18,48,25,16.184528,17.646461,15.052008,82.322845,5.7890296,3.446045,87.6884,75.691574,7.2850256,4.359361
22.5,121.5,2003-01-01,2003-02-18,48,25,20.306267,21.158564,19.416822,77.16686,6.0812864,2.4365234,82.34187,72.31254,7.9621162,4.2366204
23.5,121.5,2003-01-01,2003-02-18,48,25,15.649997,17.785015,14.1129265,82.90049,3.0825348,5.394287,88.488396,73.61863,4.184154,1.9746261
22.5,120.5,2003-01-01,2003-02-18,48,25,19.157673,21.517256,17.613462,79.75016,2.7009542,1.5673828,87.421745,67.61265,3.633729,1.8381337
24.5,121.5,2003-01-01,2003-02-18,48,25,13.3629265,15.953507,11.563214,86.50182,2.646819,6.1816406,91.797386,76.16505,3.4116201,1.9168713
22.5,121.5,2003-01-01,2003-02-19,49,25,19.928255,20.773012,19.01131,78.144264,6.960031,3.7426758,82.347305,74.079346,8.513102,5.308997
24.5,120.5,2003-01-01,2003-02-19,49,25,15.880423,17.384232,14.693639,81.01578,6.4588814,3.1640625,86.97827,74.169495,7.7680264,4.743933
23.5,121.5,2003-01-01,2003-02-19,49,25,15.223254,17.30225,13.700606,83.614494,3.5882971,7.628174,88.20619,75.682976,4.674949,2.4742365
23.5,120.5,2003-01-01,2003-02-19,49,25,15.021907,18.625355,12.973327,83.191696,2.6090803,3.2824707,91.67734,69.09414,3.5025492,1.8516891
24.5,121.5,2003-01-01,2003-02-19,49,25,12.780637,15.3628845,11.019205,85.78893,3.1283987,8.001709,91.23977,75.96996,3.9331183,2.1732306
22.5,120.5,2003-01-01,2003-02-19,49,25,18.932785,21.024029,17.549469,79.92547,2.7695756,2.8125,86.692726,69.37938,3.465911,1.9103872
22.5,121.5,2003-01-01,2003-02-20,50,25,19.697882,20.506817,18.89422,76.53976,6.5791936,4.0283203,80.99069,72.23886,8.430536,4.8757915
23.5,121.5,2003-01-01,2003-02-20,50,25,14.838702,16.61319,13.536173,83.387665,3.2732165,7.281494,87.73838,76.144394,4.4879866,2.061495
23.5,120.5,2003-01-01,2003-02-20,50,25,14.78464,17.89442,12.78671,83.46543,2.4478853,3.4326172,90.76346,70.99578,3.3478026,1.5714663
24.5,120.5,2003-01-01,2003-02-20,50,25,15.778175,17.140905,14.690905,80.01321,6.410194,3.5021973,84.07299,73.93512,8.028402,4.7419004
22.5,120.5,2003-01-01,2003-02-20,50,25,18.65751,20.612017,17.379381,78.93101,2.8683634,2.0300293,84.71174,69.988396,3.634458,2.0836549
24.5,121.5,2003-01-01,2003-02-20,50,25,12.458527,14.700334,11.000206,85.78169,2.8837388,7.9370117,90.272995,77.439964,3.7898319,1.8879797
24.5,120.5,2003-01-01,2003-02-21,51,25,15.7925205,17.291666,14.6992445,79.152954,6.640595,3.3483887,85.424934,71.52194,7.808613,4.977007
22.5,121.5,2003-01-01,2003-02-21,51,25,19.734982,20.610054,18.859972,76.20524,6.756219,3.0395508,80.54892,71.9685,8.6310005,4.570563
23.5,121.5,2003-01-01,2003-02-21,51,25,14.9552555,16.925884,13.495563,82.34845,3.3735034,6.9750977,87.199265,74.54022,4.452802,2.1477897
22.5,120.5,2003-01-01,2003-02-21,51,25,18.758282,20.949038,17.331724,77.631424,2.8064106,1.5991211,84.17628,67.07066,3.7549899,1.812772
24.5,121.5,2003-01-01,2003-02-21,51,25,12.287677,14.401617,10.851651,85.69692,3.0220406,8.588867,91.51814,76.89329,3.7275765,2.1635346
23.5,120.5,2003-01-01,2003-02-21,51,25,14.803048,18.365913,12.762008,81.824326,2.5488157,2.8198242,90.45972,67.32262,3.352705,1.7601947
23.5,120.5,2003-01-01,2003-02-22,52,25,14.929561,18.449518,12.956632,83.15738,2.1719575,2.6367188,91.709206,68.72311,2.8868203,1.478649
24.5,121.5,2003-01-01,2003-02-22,52,25,13.105146,15.500065,11.606632,85.23236,2.918495,6.4990234,90.64628,74.76033,3.6108446,2.1704683
22.5,120.5,2003-01-01,2003-02-22,52,25,18.821026,20.963657,17.584469,77.99021,2.955161,1.8933105,84.69189,66.80785,3.606707,2.2903376
23.5,121.5,2003-01-01,2003-02-22,52,25,15.099522,16.865593,13.964034,83.12764,2.9647133,6.225586,87.661995,75.27841,4.0618825,1.796926
22.5,121.5,2003-01-01,2003-02-22,52,25,19.945127,20.68027,19.198732,76.575485,5.835741,4.0966797,81.08825,71.99944,7.60965,4.012835
24.5,120.5,2003-01-01,2003-02-22,52,25,16.04458,17.450924,15.060338,80.88979,5.5899653,2.9052734,85.69501,74.26172,6.9473004,3.889604
22.5,121.5,2003-01-01,2003-02-23,53,25,20.721718,21.505718,19.892859,76.77465,5.358934,3.9160156,81.572014,72.30852,7.262154,3.6115105
24.5,120.5,2003-01-01,2003-02-23,53,25,16.728262,18.394466,15.373522,82.40454,4.6265426,4.2834473,88.32677,74.85354,6.5394073,2.9481618
23.5,121.5,2003-01-01,2003-02-23,53,25,15.906563,18.25386,14.36964,83.052376,2.6724799,6.7529297,88.73088,72.84852,3.9991093,1.3611946
23.5,120.5,2003-01-01,2003-02-23,53,25,15.429121,19.377514,12.911539,83.973854,2.1907723,3.7927246,92.69727,68.50493,3.1526268,1.4060553
24.5,121.5,2003-01-01,2003-02-23,53,25,13.942519,16.731575,12.003331,86.22753,2.4496822,8.725586,92.11856,75.54962,3.3449464,1.5242077
22.5,120.5,2003-01-01,2003-02-23,53,25,19.370665,21.772358,17.743511,79.67085,2.718503,3.7927246,87.294235,67.63528,3.7776976,1.7239033
24.5,120.5,2003-01-01,2003-02-24,54,25,16.192438,17.754463,15.025734,81.829094,6.3613386,5.4418945,86.834114,75.69803,7.631015,4.9379826
24.5,121.5,2003-01-01,2003-02-24,54,25,13.262224,15.736027,11.617531,86.94733,2.976258,10.178223,91.767555,78.0733,3.7684,1.9625888
23.5,120.5,2003-01-01,2003-02-24,54,25,15.440017,19.25553,13.175402,83.59808,2.4516368,5.025635,92.158134,69.032364,3.382944,1.6603203
22.5,121.5,2003-01-01,2003-02-24,54,25,20.372478,21.291786,19.477238,78.35888,5.960441,5.303955,83.46917,72.52001,7.7110524,4.083244
22.5,120.5,2003-01-01,2003-02-24,54,25,19.289158,21.718243,17.693039,80.49198,2.5621247,4.453125,87.84051,68.30409,3.3871286,1.7146904
23.5,121.5,2003-01-01,2003-02-24,54,25,15.674939,17.890978,14.075318,83.79055,3.2612312,8.874512,88.8109,74.84895,4.414009,2.0468655
22.5,120.5,2003-01-01,2003-02-25,55,25,19.245695,21.347115,17.90669,80.94091,2.8404055,2.5598145,86.75177,71.22137,3.6239362,2.042428
24.5,121.5,2003-01-01,2003-02-25,55,25,13.439563,15.722879,11.844801,86.81225,2.7833657,7.318115,92.201935,78.52506,3.5288079,1.9125553
23.5,121.5,2003-01-01,2003-02-25,55,25,15.62302,17.546053,14.255338,84.34502,3.2414956,6.130371,88.86708,77.02854,4.1877503,2.0807087
22.5,121.5,2003-01-01,2003-02-25,55,25,20.268744,21.149727,19.496119,78.753334,6.7322645,2.8405762,82.677666,73.77714,8.578979,4.5126586
23.5,120.5,2003-01-01,2003-02-25,55,25,15.609934,18.818754,13.722296,84.616135,2.3110662,3.5144043,92.30964,72.3975,3.3387628,1.6163675
24.5,120.5,2003-01-01,2003-02-25,55,25,16.562473,17.829985,15.525167,81.658104,5.8724437,4.350586,87.45132,74.82831,7.406592,3.939458
24.5,120.5,2003-01-01,2003-02-26,56,25,16.348965,17.76515,15.169425,80.96942,6.083575,4.2199707,86.49944,74.602165,7.7442183,4.229994
23.5,120.5,2003-01-01,2003-02-26,56,25,15.5333,18.939075,13.413507,84.01001,2.353336,4.963379,92.05369,70.66835,3.2335117,1.5487161
22.5,121.5,2003-01-01,2003-02-26,56,25,20.118652,21.110239,19.100573,78.304146,6.700507,5.5493164,82.5183,74.185135,8.512283,4.763397
22.5,120.5,2003-01-01,2003-02-26,56,25,19.200079,21.42669,17.58547,79.918106,3.0500433,4.781494,86.878204,69.441444,3.68237,2.3707526
23.5,121.5,2003-01-01,2003-02-26,56,25,15.459942,17.33385,13.944972,83.78038,3.4880593,8.132324,87.96451,76.7543,4.4570174,2.3529882
24.5,121.5,2003-01-01,2003-02-26,56,25,13.124726,15.50701,11.392779,86.317024,3.2281394,8.178711,91.26326,78.17956,4.0444126,2.1967635
23.5,121.5,2003-01-01,2003-02-27,57,25,15.522419,17.489555,13.965431,83.31472,3.602322,6.184082,88.918526,75.40936,4.8361077,2.4947937
24.5,121.5,2003-01-01,2003-02-27,57,25,13.180935,15.524613,11.390621,85.63658,3.089576,9.506836,91.58668,76.699196,4.0582523,2.1336749
22.5,121.5,2003-01-01,2003-02-27,57,25,20.145819,20.927095,19.290905,77.882774,6.838089,2.6623535,82.90237,73.42466,8.696646,4.748645
24.5,120.5,2003-01-01,2003-02-27,57,25,16.620895,18.178852,15.350577,80.18484,6.0011926,7.1081543,86.729225,73.06523,7.6110783,4.246655
22.5,120.5,2003-01-01,2003-02-27,57,25,19.246502,21.328697,17.918224,79.173676,2.965607,1.875,85.48365,69.600044,3.8432016,2.1156325
23.5,120.5,2003-01-01,2003-02-27,57,25,15.724587,19.048616,13.745685,82.819626,2.3534372,3.9404297,91.09768,69.58833,3.495162,1.4188663
22.5,121.5,2003-01-01,2003-02-28,58,25,20.086626,21.020645,19.090616,77.71301,6.830437,3.7817383,81.599236,73.375786,8.8536415,4.8445616
23.5,121.5,2003-01-01,2003-02-28,58,25,15.490181,17.297089,14.112321,83.06226,3.3907614,7.63916,87.87862,76.13535,4.510823,2.2257054
24.5,120.5,2003-01-01,2003-02-28,58,25,16.436646,17.64061,15.452276,80.978424,5.806462,4.5166016,86.74254,74.154915,7.458991,3.995355
23.5,120.5,2003-01-01,2003-02-28,58,25,15.62188,18.665804,13.628136,84.02036,2.271488,4.482422,91.64178,72.360374,3.1837957,1.4475379
24.5,121.5,2003-01-01,2003-02-28,58,25,13.258071,15.551825,11.603307,85.5111,2.9958918,9.343262,90.793396,76.773445,3.8089788,2.0219681
22.5,120.5,2003-01-01,2003-02-28,58,25,19.20606,21.29356,17.670084,79.988945,2.7878518,3.416748,86.28927,69.76312,3.760959,1.8716667
23.5,120.5,2003-01-01,2003-03-01,59,25,15.833454,19.300741,13.732291,82.697556,2.3190641,1.973877,90.72182,68.24284,3.2469287,1.535974
22.5,121.5,2003-01-01,2003-03-01,59,25,20.319979,21.092773,19.580456,76.86761,5.887774,3.3044434,81.4213,72.07179,7.404785,4.344086
23.5,121.5,2003-01-01,2003-03-01,59,25,15.707576,17.790115,14.288439,82.61219,2.9773774,6.7614746,88.32017,73.53834,3.9145174,1.952984
24.5,121.5,2003-01-01,2003-03-01,59,25,13.723572,16.211601,12.045514,84.821785,2.663014,6.628418,91.125534,73.95783,3.3340406,1.9528856
22.5,120.5,2003-01-01,2003-03-01,59,25,19.290623,21.50129,17.980474,79.37647,2.515362,1.3452148,85.99554,68.16921,3.410272,1.5468559
24.5,120.5,2003-01-01,2003-03-01,59,25,17.056774,18.462898,16.015944,80.1861,5.4474807,3.2788086,85.32607,73.4677,6.8220906,3.9231076
24.5,120.5,2003-01-01,2003-03-02,60,25,17.066177,18.60247,15.9544935,81.631256,5.28093,4.2382812,86.8862,74.38642,6.647622,3.641123
24.5,121.5,2003-01-01,2003-03-02,60,25,13.900494,16.425566,12.148781,86.42736,2.568675,7.532959,91.97273,76.665695,3.275902,1.7706234
23.5,121.5,2003-01-01,2003-03-02,60,25,15.994907,18.050726,14.527628,83.425156,2.6428487,6.6308594,88.59324,75.055695,3.7333353,1.5588562
22.5,120.5,2003-01-01,2003-03-02,60,25,19.680395,21.96065,18.274006,79.63723,2.4205341,1.6796875,86.78375,68.05845,3.25674,1.6237438
22.5,121.5,2003-01-01,2003-03-02,60,25,20.744322,21.668354,19.847355,77.31317,5.5692997,3.8562012,82.17813,72.45845,7.1247454,3.7079544
23.5,120.5,2003-01-01,2003-03-02,60,25,15.876411,19.538612,13.652155,84.14382,2.0272744,3.515625,92.69658,69.43059,2.8200934,1.4188371
23.5,120.5,2003-01-01,2003-03-03,61,25,16.26698,20.288942,13.674225,83.70151,2.1988685,2.2705078,92.7222,67.88861,2.9962711,1.5216837
22.5,121.5,2003-01-01,2003-03-03,61,25,21.015047,21.848623,20.133547,77.49666,5.451071,2.659912,81.85508,72.65643,7.2101097,3.647331
23.5,121.5,2003-01-01,2003-03-03,61,25,16.437996,18.80341,14.996613,82.99829,2.825225,5.584717,88.54297,73.364265,3.914188,1.6201824
24.5,120.5,2003-01-01,2003-03-03,61,25,17.44153,19.296803,16.10523,81.17649,4.751424,2.8637695,87.02421,72.9907,6.1249657,3.0990098
22.5,120.5,2003-01-01,2003-03-03,61,25,19.947683,22.348955,18.36041,80.230095,2.724875,1.4709473,87.38667,68.89367,3.663237,1.9370209
24.5,121.5,2003-01-01,2003-03-03,61,25,14.440203,17.428785,12.612199,85.666565,2.711377,5.963135,91.9057,74.06053,3.3530169,1.9757406
22.5,120.5,2003-01-01,2003-03-04,62,25,20.090155,22.61003,18.468473,79.752464,2.65626,0.95581055,87.14303,67.66665,3.5041623,1.7914456
23.5,121.5,2003-01-01,2003-03-04,62,25,16.445467,18.876513,14.876705,83.19065,2.8586228,3.7023926,88.90396,72.809616,3.8668199,1.8520886
24.5,120.5,2003-01-01,2003-03-04,62,25,17.834158,19.495459,16.601875,81.464005,4.7066283,0.72265625,87.57526,73.27234,6.1960993,3.1743178
24.5,121.5,2003-01-01,2003-03-04,62,25,14.748845,17.606865,12.9881315,84.76468,2.5289633,4.2456055,91.650925,72.247635,3.2086136,1.9088228
23.5,120.5,2003-01-01,2003-03-04,62,25,16.4374,20.512608,13.921486,82.69741,2.1602013,1.1962891,91.67532,66.77875,3.080671,1.4425142
22.5,121.5,2003-01-01,2003-03-04,62,25,21.033611,21.92775,20.194576,78.70783,5.6253786,1.8811035,83.37783,73.48355,6.9821153,3.9421952
22.5,120.5,2003-01-01,2003-03-05,63,25,20.334911,23.115278,18.594429,80.12819,2.2908714,0.826416,87.87944,66.18809,3.1681337,1.4781226
24.5,121.5,2003-01-01,2003-03-05,63,25,15.118407,18.194874,13.13714,84.20111,2.355438,4.9121094,91.64102,71.17664,3.1567593,1.4485881
23.5,121.5,2003-01-01,2003-03-05,63,25,16.843758,19.656334,15.07003,83.02636,2.6579363,3.7780762,89.97146,70.5986,3.8201265,1.4836705
22.5,121.5,2003-01-01,2003-03-05,63,25,21.291336,22.413984,20.29877,79.316826,5.0867925,1.763916,84.186035,73.87574,6.774835,3.1400874
23.5,120.5,2003-01-01,2003-03-05,63,25,16.693035,21.194185,14.122047,82.40984,1.9618564,1.1071777,92.44757,64.43527,2.8308816,1.2048125
24.5,120.5,2003-01-01,2003-03-05,63,25,17.976591,19.94208,16.570572,81.33248,4.413032,2.2607422,87.631516,73.01173,5.94404,2.6767783
23.5,120.5,2003-01-01,2003-03-06,64,25,17.0802,21.181875,14.472945,83.38317,1.9925133,1.2646484,92.88877,66.5865,2.9879012,1.3486187
24.5,120.5,2003-01-01,2003-03-06,64,25,18.412973,20.005602,17.252657,82.59838,4.429527,1.9958496,88.14998,75.07999,5.808594,2.9374542
22.5,121.5,2003-01-01,2003-03-06,64,25,21.528715,22.456333,20.649132,80.54805,5.10059,2.331543,85.07809,75.0327,6.751397,3.2562354
23.5,121.5,2003-01-01,2003-03-06,64,25,17.009418,19.468752,15.352262,84.65014,2.7842476,4.892578,90.47331,73.60101,3.828898,1.9075172
24.5,121.5,2003-01-01,2003-03-06,64,25,15.363774,18.013712,13.613976,85.98841,2.4390993,5.534668,91.98833,74.80735,3.1246643,1.7095926
22.5,120.5,2003-01-01,2003-03-06,64,25,20.574556,23.073828,18.97027,81.033264,2.58557,0.8276367,88.56752,68.162865,3.529965,1.7104137
22.5,121.5,2003-01-01,2003-03-07,65,25,21.877546,23.100527,20.7112,80.57357,5.6508284,2.6000977,85.11612,74.57382,7.7240906,3.4148524
23.5,120.5,2003-01-01,2003-03-07,65,25,17.4145,21.615742,14.79299,82.78195,2.1394303,2.6867676,92.2402,65.96251,3.1670387,1.2319509
24.5,121.5,2003-01-01,2003-03-07,65,25,15.527117,18.616522,13.266979,85.11216,2.363671,6.636963,92.21886,72.98839,3.2794726,1.3004261
24.5,120.5,2003-01-01,2003-03-07,65,25,18.499538,20.461727,16.85591,81.68313,5.074091,4.2456055,87.79166,73.95029,6.7117186,2.9270096
23.5,121.5,2003-01-01,2003-03-07,65,25,17.413795,20.179726,15.589948,83.66548,2.922126,4.569092,89.86246,72.48684,4.1588793,1.7169485
22.5,120.5,2003-01-01,2003-03-07,65,25,20.786413,23.499912,19.000778,80.88856,2.6350164,2.1118164,87.87081,68.10275,3.7519605,1.5754213
22.5,120.5,2003-01-01,2003-03-08,66,25,20.538467,23.027456,18.986628,80.45363,2.4958997,1.2878418,87.969505,68.00345,3.278792,1.6950535
23.5,121.5,2003-01-01,2003-03-08,66,25,16.971651,19.21488,15.553546,83.54128,2.7765417,5.6359863,88.55095,73.9237,4.020541,1.4458171
23.5,120.5,2003-01-01,2003-03-08,66,25,17.206593,20.949722,14.982169,84.48008,1.9898329,2.9589844,93.310234,69.13572,2.8067787,1.3055699
24.5,121.5,2003-01-01,2003-03-08,66,25,15.0240345,17.622301,13.353044,86.24563,2.5626478,7.3046875,91.712265,75.90706,3.313917,1.8041906
22.5,121.5,2003-01-01,2003-03-08,66,25,21.315361,22.113476,20.570498,79.251335,5.9678454,2.1350098,83.62807,74.482735,7.504641,4.2548203
24.5,120.5,2003-01-01,2003-03-08,66,25,18.149172,19.817326,17.085285,82.12666,5.172378,4.9865723,87.721756,73.78318,6.8634973,3.2884862
23.5,120.5,2003-01-01,2003-03-09,67,25,17.256401,21.234228,14.958902,83.914246,2.1867957,2.6586914,92.2629,68.11441,3.0626004,1.425019
22.5,121.5,2003-01-01,2003-03-09,67,25,21.563139,22.356968,20.705406,79.191055,5.4571743,2.6428223,84.96812,73.75324,6.8855867,3.8844836
23.5,121.5,2003-01-01,2003-03-09,67,25,17.118237,19.458527,15.493014,83.49419,2.9152796,4.0930176,89.839745,73.19258,3.8826935,1.7871566
24.5,121.5,2003-01-01,2003-03-09,67,25,15.363667,18.011183,13.664762,86.04927,2.80838,6.282959,92.491425,75.00874,3.4012012,2.0371304
22.5,120.5,2003-01-01,2003-03-09,67,25,20.681324,23.128838,19.04607,80.2491,2.7813025,1.7834473,87.84406,67.72514,3.683364,1.6769634
24.5,120.5,2003-01-01,2003-03-09,67,25,18.25062,19.68337,17.23844,82.364525,5.1132827,4.658203,88.11195,75.91306,6.392598,3.4077177
23.5,120.5,2003-01-01,2003-03-10,68,25,17.534763,21.118477,15.49838,84.75702,2.115107,4.1418457,92.87224,70.09668,2.956759,1.3213646
22.5,120.5,2003-01-01,2003-03-10,68,25,20.915428,23.246523,19.391964,81.807655,2.698844,4.539795,88.970276,70.42148,3.5918756,1.7543459
23.5,121.5,2003-01-01,2003-03-10,68,25,17.374197,19.616135,15.849557,84.247765,2.8640943,6.439209,89.373955,75.38309,4.115469,1.5737556
24.5,121.5,2003-01-01,2003-03-10,68,25,15.431189,18.080744,13.577589,86.45612,2.802841,8.493652,92.23072,76.08108,3.533739,1.8508464
22.5,121.5,2003-01-01,2003-03-10,68,25,21.745506,22.591265,20.826103,80.98168,5.9623637,4.165039,84.954315,76.97874,7.820241,3.9110477
24.5,120.5,2003-01-01,2003-03-10,68,25,18.494509,20.084087,17.300978,82.99232,5.5608077,4.58374,88.42667,76.30844,7.0291095,3.542777
23.5,120.5,2003-01-01,2003-03-11,69,25,17.692677,21.377691,15.287531,84.01963,2.4432476,3.6132812,92.59741,69.49292,3.4290185,1.5030926
24.5,120.5,2003-01-01,2003-03-11,69,25,18.333046,19.884838,16.98091,82.48705,5.7697425,6.669922,88.24631,75.31996,7.438211,3.7972784
24.5,121.5,2003-01-01,2003-03-11,69,25,15.280469,17.936546,13.54899,86.5973,2.9717646,8.3654785,93.13205,75.710884,3.8364553,2.0941565
22.5,120.5,2003-01-01,2003-03-11,69,25,20.915703,23.228628,19.373316,81.799286,2.8509731,2.4267578,88.96976,71.02275,3.829238,1.9453715
22.5,121.5,2003-01-01,2003-03-11,69,25,21.643652,22.43562,20.756044,81.01004,6.017961,2.7331543,85.59022,76.205345,7.8869696,4.147707
23.5,121.5,2003-01-01,2003-03-11,69,25,17.236406,19.474018,15.760489,85.015305,3.3428366,5.703125,90.78687,75.16545,4.6157002,2.08397
23.5,120.5,2003-01-01,2003-03-12,70,25,17.300804,20.723711,15.196866,84.456276,2.2612276,3.6450195,92.507576,70.99838,3.2740068,1.2823144
24.5,120.5,2003-01-01,2003-03-12,70,25,18.147972,19.671478,16.86442,82.103455,5.9626093,4.840088,87.247696,76.52268,7.5426273,3.7699115
22.5,120.5,2003-01-01,2003-03-12,70,25,20.737679,23.011484,19.23633,81.67334,2.3863251,2.2314453,88.252266,70.8089,3.1907587,1.5377752
24.5,121.5,2003-01-01,2003-03-12,70,25,15.223362,17.824726,13.436329,86.113106,2.6375132,7.694092,91.44234,76.44914,3.4550061,1.7959617
22.5,121.5,2003-01-01,2003-03-12,70,25,21.673695,22.77941,20.739433,80.53304,6.450851,2.6293945,85.72234,74.902336,8.019298,4.408766
23.5,121.5,2003-01-01,2003-03-12,70,25,17.281818,19.682812,15.68213,84.08483,3.22251,6.1450195,89.97912,74.814476,4.333304,1.9203163
24.5,120.5,2003-01-01,2003-03-13,71,25,18.34852,19.851898,17.177364,81.17021,5.5551467,3.2519531,87.31966,74.54205,7.015204,3.974569
23.5,120.5,2003-01-01,2003-03-13,71,25,17.552387,21.179293,15.442247,83.53633,2.2869859,2.1728516,91.90367,69.26208,3.4113839,1.3954382
24.5,121.5,2003-01-01,2003-03-13,71,25,15.101138,17.85201,13.353595,86.10052,2.8386636,6.1816406,91.82724,75.68247,3.579396,2.0098863
22.5,120.5,2003-01-01,2003-03-13,71,25,20.929693,23.310387,19.386173,80.317894,2.7192495,0.9729004,87.230705,69.27231,3.6446927,1.8976731
22.5,121.5,2003-01-01,2003-03-13,71,25,21.584087,22.52832,20.588545,79.70655,6.195943,1.8981934,84.033844,75.02304,8.022982,3.9156709
23.5,121.5,2003-01-01,2003-03-13,71,25,17.220552,19.40909,15.63089,83.87726,3.2754505,5.3259277,89.45078,75.180534,4.4366145,1.9083686
22.5,121.5,2003-01-01,2003-03-14,72,25,21.493975,22.295586,20.740307,77.35349,6.467554,2.5183105,82.26049,72.954094,7.952477,4.723908
24.5,120.5,2003-01-01,2003-03-14,72,25,18.560223,20.000893,17.540339,81.98039,5.2445135,4.8754883,87.881035,74.56054,6.781963,3.2703083
23.5,120.5,2003-01-01,2003-03-14,72,25,17.693056,20.89876,15.667253,83.883545,2.1627307,4.0930176,92.23677,70.16854,3.1371427,1.2414405
23.5,121.5,2003-01-01,2003-03-14,72,25,17.161337,19.151924,15.844582,82.837364,3.0290287,5.3918457,87.85753,74.54498,4.184102,1.8608568
22.5,120.5,2003-01-01,2003-03-14,72,25,20.864796,23.20208,19.38545,79.40826,2.4882119,2.6745605,87.10367,68.19355,3.3970194,1.7195466
24.5,121.5,2003-01-01,2003-03-14,72,25,15.340946,17.625347,13.880187,85.44817,2.8421094,7.023926,90.80986,76.159035,3.515004,2.101276
24.5,120.5,2003-01-01,2003-03-15,73,25,18.914469,20.460524,17.588844,83.63243,4.260912,6.9140625,88.90277,76.88707,6.153691,2.4119697
23.5,120.5,2003-01-01,2003-03-15,73,25,18.055387,21.791254,15.794425,84.50285,1.8920457,5.0476074,92.91821,69.31137,2.8167834,1.0670048
24.5,121.5,2003-01-01,2003-03-15,73,25,16.280582,19.113756,14.282994,86.19755,2.3670788,6.8737793,92.87912,75.26813,3.0715003,1.6302705
22.5,120.5,2003-01-01,2003-03-15,73,25,21.320894,23.902271,19.741858,80.55425,2.520314,3.0749512,88.88816,68.06095,3.3606207,1.7171996
22.5,121.5,2003-01-01,2003-03-15,73,25,22.041382,22.869888,21.083223,79.311874,4.795289,2.3669434,84.46858,74.401306,6.401264,3.240831
23.5,121.5,2003-01-01,2003-03-15,73,25,17.7723,20.09149,16.142906,84.044945,2.66469,5.0012207,90.14036,74.13791,3.7305624,1.681241
22.5,121.5,2003-01-01,2003-03-16,74,25,22.04203,23.267447,20.902124,81.05574,5.9668236,3.5778809,86.02152,76.2787,7.9011016,3.690507
23.5,120.5,2003-01-01,2003-03-16,74,25,17.915,21.432812,15.49943,85.09385,2.328773,4.453125,93.42093,71.268166,3.2987309,1.446241
22.5,120.5,2003-01-01,2003-03-16,74,25,21.321484,23.789766,19.505129,82.21774,2.7462354,3.3496094,89.3878,71.44292,3.8201587,1.7246264
24.5,121.5,2003-01-01,2003-03-16,74,25,15.64,18.248495,13.691158,86.91626,2.905471,8.359375,92.44012,77.34761,3.65568,2.085077
23.5,121.5,2003-01-01,2003-03-16,74,25,17.71873,20.13865,15.891535,84.86958,3.3366697,6.1743164,90.31887,76.06524,4.4639606,2.3012354
24.5,120.5,2003-01-01,2003-03-16,74,25,18.638926,20.262753,17.33401,82.88723,5.673423,5.3588867,88.836845,76.17741,7.0569363,3.9330819
22.5,121.5,2003-01-01,2003-03-17,75,25,21.768713,22.508028,21.086088,80.70969,6.628616,2.614746,83.959885,76.822845,8.007831,4.935149
23.5,121.5,2003-01-01,2003-03-17,75,25,17.526682,19.593325,16.12154,84.317825,3.3998241,4.888916,88.86736,76.02167,4.5815034,2.142148
24.5,121.5,2003-01-01,2003-03-17,75,25,15.6099825,17.998167,14.001431,85.24211,2.8587928,6.0388184,90.922714,75.46124,3.6221247,2.0509257
22.5,120.5,2003-01-01,2003-03-17,75,25,21.111095,23.239223,19.74826,81.24157,2.6772268,1.8408203,87.28951,71.00916,3.6620922,1.7255085
24.5,120.5,2003-01-01,2003-03-17,75,25,19.051838,20.525785,17.93555,80.30379,5.463727,4.8083496,85.74686,73.38657,6.899266,3.5546327
23.5,120.5,2003-01-01,2003-03-17,75,25,18.033537,21.39153,16.042336,82.53952,2.35856,2.7685547,90.79653,69.05425,3.5154364,1.4483893
23.5,121.5,2003-01-01,2003-03-18,76,25,17.64812,19.791754,15.954415,84.7209,3.1365125,7.371826,89.67209,77.36277,4.4215755,1.8305188
22.5,121.5,2003-01-01,2003-03-18,76,25,21.958158,22.976904,20.795713,80.16832,6.098419,3.8537598,84.34086,75.497604,7.904814,4.1834054
23.5,120.5,2003-01-01,2003-03-18,76,25,17.967867,21.219776,15.631915,83.76851,2.2042444,5.4296875,92.149445,71.31082,3.3764715,1.0648949
24.5,120.5,2003-01-01,2003-03-18,76,25,18.840973,20.569574,17.343483,81.50991,5.379118,6.4086914,87.4677,74.56127,6.9652643,3.3816354
22.5,120.5,2003-01-01,2003-03-18,76,25,21.210543,23.499306,19.57757,80.73062,2.663009,4.477539,87.516914,70.28006,3.5851352,1.6872444
24.5,121.5,2003-01-01,2003-03-18,76,25,15.618102,18.415636,13.395089,85.754616,2.643326,9.359131,92.380035,75.86904,3.4433188,1.5537792
24.5,120.5,2003-01-01,2003-03-19,77,25,18.920904,20.518589,17.826021,80.54367,5.518873,4.8913574,85.94493,73.16212,6.9723907,3.8534455
23.5,120.5,2003-01-01,2003-03-19,77,25,17.706587,21.269058,15.458634,83.223976,2.0406883,2.2875977,92.00595,68.48368,3.1697714,1.1611843
24.5,121.5,2003-01-01,2003-03-19,77,25,15.450923,17.955387,13.890455,84.9727,2.7150128,7.1313477,91.27313,74.10739,3.4722567,1.8466599
22.5,120.5,2003-01-01,2003-03-19,77,25,20.908384,23.115541,19.444786,79.50283,2.5676966,1.3793945,87.121826,68.88684,3.467383,1.5938034
22.5,121.5,2003-01-01,2003-03-19,77,25,21.616295,22.474722,20.845844,78.617134,6.374326,1.6503906,83.60725,73.834465,8.092988,4.5844035
23.5,121.5,2003-01-01,2003-03-19,77,25,17.298481,19.420416,15.855626,83.31647,3.1489675,4.403076,88.62302,74.68527,4.4527884,2.1483164
22.5,120.5,2003-01-01,2003-03-20,78,25,21.064024,23.358408,19.464367,77.99208,2.7083042,1.8652344,85.29733,67.128494,3.46459,1.9921849
22.5,121.5,2003-01-01,2003-03-20,78,25,21.648203,22.548183,20.792997,77.93232,6.530163,2.947998,82.25356,73.74919,8.046309,4.7707067
24.5,120.5,2003-01-01,2003-03-20,78,25,18.592598,20.160633,17.416964,80.8059,4.9611526,3.6206055,87.26579,72.93387,6.704809,2.8524842
23.5,121.5,2003-01-01,2003-03-20,78,25,17.148788,19.294031,15.480973,82.69901,3.092341,5.6433105,87.77574,74.49076,4.213342,1.8442447
23.5,120.5,2003-01-01,2003-03-20,78,25,17.677753,21.118877,15.211109,83.37117,1.9185945,2.479248,92.727585,69.40892,2.8955054,1.0382552
24.5,121.5,2003-01-01,2003-03-20,78,25,15.200195,17.714218,13.42528,85.22512,2.883913,6.2841797,90.681015,75.60878,3.5875432,2.098855
24.5,121.5,2003-01-01,2003-03-21,79,25,15.821768,18.483662,14.190133,85.25059,2.5320115,6.0351562,91.3647,74.50491,3.163483,1.7378404
23.5,120.5,2003-01-01,2003-03-21,79,25,17.75876,21.391006,15.304957,83.46349,1.9462619,3.2324219,92.99879,68.512054,2.8584046,1.2261254
22.5,121.5,2003-01-01,2003-03-21,79,25,21.92415,22.682129,21.170961,77.54683,5.242381,1.7272949,81.59011,73.06345,6.8521256,3.6644258
24.5,120.5,2003-01-01,2003-03-21,79,25,18.848583,20.320406,17.797998,81.4808,4.323696,4.1015625,86.63077,75.03987,5.7836647,2.7359362
23.5,121.5,2003-01-01,2003-03-21,79,25,17.540167,19.743275,16.049929,82.888824,2.6404977,3.6730957,88.3916,73.492355,3.7629595,1.5455623
22.5,120.5,2003-01-01,2003-03-21,79,25,21.192373,23.524057,19.596954,78.72021,2.7957525,1.2060547,86.52859,67.093285,3.7111716,1.9192318
22.5,120.5,2003-01-01,2003-03-22,80,25,21.636585,24.232471,20.020826,79.863434,2.8015559,2.3205566,87.67076,67.294075,3.6590307,1.9018904
23.5,121.5,2003-01-01,2003-03-22,80,25,18.016155,20.392685,16.364943,84.02823,2.9079993,6.870117,90.40318,74.06441,4.198242,1.5670972
24.5,120.5,2003-01-01,2003-03-22,80,25,19.230686,20.743486,17.976505,82.37127,4.772761,4.661865,87.765976,75.45357,6.2244096,3.124208
22.5,121.5,2003-01-01,2003-03-22,80,25,22.297073,23.252134,21.370459,79.3089,5.3910027,3.0944824,85.09999,73.92844,7.1575203,3.5261972
23.5,120.5,2003-01-01,2003-03-22,80,25,18.27094,22.082216,15.9400015,83.70448,2.107459,4.802246,92.71861,68.354126,3.0098295,1.3178805
24.5,121.5,2003-01-01,2003-03-22,80,25,16.168146,18.80247,14.292267,86.22447,2.7692652,7.4536133,92.65295,75.591576,3.4563339,1.9546434
23.5,120.5,2003-01-01,2003-03-23,81,25,18.739042,22.444273,16.430222,82.74422,2.4612324,4.1296387,91.67963,68.60283,3.751991,1.3557309
24.5,121.5,2003-01-01,2003-03-23,81,25,16.357716,19.213924,14.222052,85.68705,2.9079897,8.532715,91.98533,75.89656,3.8762374,1.8646121
23.5,121.5,2003-01-01,2003-03-23,81,25,18.22623,20.617397,16.655342,84.23726,3.4912045,4.974365,89.56794,75.188484,4.7717867,2.2484472
24.5,120.5,2003-01-01,2003-03-23,81,25,19.540333,21.265806,18.152916,81.24001,5.9853797,6.5930176,86.00233,75.23259,7.415354,4.1881013
22.5,121.5,2003-01-01,2003-03-23,81,25,22.35711,23.401133,21.295835,80.81293,6.4865613,2.0874023,85.51874,75.832405,8.323926,4.4702754
22.5,120.5,2003-01-01,2003-03-23,81,25,21.719044,24.225054,20.041447,80.9169,2.915974,1.640625,87.91407,69.59142,4.126105,1.7515016
22.5,120.5,2003-01-01,2003-03-24,82,25,21.296026,23.488525,19.678629,80.2839,2.604542,2.8063965,86.87538,70.68547,3.4997675,1.7166486
22.5,121.5,2003-01-01,2003-03-24,82,25,21.769346,22.650497,20.811298,79.00167,6.899857,2.3901367,83.14949,74.954445,8.721823,5.05055
24.5,120.5,2003-01-01,2003-03-24,82,25,19.09044,20.59627,17.816622,80.26821,6.015969,4.4714355,85.84692,73.76828,7.5962358,4.29781
24.5,121.5,2003-01-01,2003-03-24,82,25,15.442648,17.908363,13.613273,85.89763,2.7763724,7.425537,92.19467,76.009315,3.5788367,1.8388999
23.5,120.5,2003-01-01,2003-03-24,82,25,18.106632,21.370556,15.893092,83.92989,2.2282853,4.6325684,91.919075,70.41055,3.2004373,1.4990671
23.5,121.5,2003-01-01,2003-03-24,82,25,17.484133,19.689926,15.760948,83.76943,3.4183402,5.9484863,89.312744,74.736275,4.625919,2.2272367
23.5,121.5,2003-01-01,2003-03-25,83,25,17.295603,19.2616,15.913458,83.685715,3.1067011,6.8847656,88.96529,75.60988,4.1879506,1.9616205
24.5,120.5,2003-01-01,2003-03-25,83,25,18.81734,20.12038,17.808609,80.0216,5.6262245,3.791504,85.24885,73.98125,7.2047243,3.92842
22.5,121.5,2003-01-01,2003-03-25,83,25,21.715778,22.596245,20.830181,78.13096,5.917203,3.35083,83.18419,73.43311,7.3785496,4.394267
23.5,120.5,2003-01-01,2003-03-25,83,25,17.80904,21.00314,15.759791,83.23819,2.2196112,3.5644531,91.568054,69.56648,3.2023292,1.3525311
24.5,121.5,2003-01-01,2003-03-25,83,25,15.3278885,17.588163,13.777692,86.02294,2.7867532,7.755127,91.74442,77.710175,3.5261283,2.0681026
22.5,120.5,2003-01-01,2003-03-25,83,25,21.151756,23.490562,19.636652,78.74868,2.712107,2.3168945,85.861824,67.000725,3.5710742,1.7951818
22.5,120.5,2003-01-01,2003-03-26,84,25,21.229887,23.418774,19.87607,78.910614,2.8771384,3.050537,86.063614,68.74124,3.832594,2.0735192
24.5,121.5,2003-01-01,2003-03-26,84,25,15.477544,17.8276,13.793302,85.53941,2.8838112,9.79248,91.95284,76.04154,3.5604773,2.0851326
23.5,120.5,2003-01-01,2003-03-26,84,25,17.88733,21.144634,15.797682,83.04608,2.281482,5.5895996,91.75425,69.83922,3.260958,1.4123073
22.5,121.5,2003-01-01,2003-03-26,84,25,21.829477,22.581778,21.018286,79.4157,6.477071,3.7683105,83.891846,74.945244,8.252899,4.6702113
24.5,120.5,2003-01-01,2003-03-26,84,25,18.972857,20.437634,17.738493,80.36574,5.79041,6.434326,85.7938,73.814514,7.2005186,3.9634507
23.5,121.5,2003-01-01,2003-03-26,84,25,17.530474,19.458847,16.022985,83.86386,3.2970688,7.43042,88.97108,75.76769,4.3630867,2.2656972
23.5,120.5,2003-01-01,2003-03-27,85,25,17.854029,21.125849,15.73216,83.81485,2.0759184,6.022949,92.079636,71.06228,3.0222363,1.313092
24.5,121.5,2003-01-01,2003-03-27,85,25,15.644692,18.079912,14.098371,85.42243,2.744214,8.664551,91.9648,75.88755,3.513948,1.9094479
23.5,121.5,2003-01-01,2003-03-27,85,25,17.489555,19.539,16.05381,83.48837,3.2985659,8.044434,88.45476,75.32456,4.402597,2.1706803
22.5,120.5,2003-01-01,2003-03-27,85,25,21.208443,23.362646,19.789497,78.947975,2.788862,3.479004,86.07778,69.05706,3.7396057,1.9521004
22.5,121.5,2003-01-01,2003-03-27,85,25,21.824457,22.618057,21.089863,78.134285,6.4837494,3.9990234,82.05734,74.244125,7.8296113,5.017001
24.5,120.5,2003-01-01,2003-03-27,85,25,18.95852,20.2538,17.909288,80.73317,4.9857993,5.2441406,86.415245,74.20392,6.3873296,3.3380973
23.5,120.5,2003-01-01,2003-03-28,86,25,18.14657,21.489496,16.081486,83.43252,2.0732236,4.04541,91.55164,70.39587,3.1219807,1.2336736
22.5,121.5,2003-01-01,2003-03-28,86,25,22.187038,23.040459,21.289394,78.03297,5.7258635,3.0456543,82.46961,73.2754,7.666408,3.8246496
24.5,120.5,2003-01-01,2003-03-28,86,25,19.269264,20.712831,18.129112,81.034546,4.7784605,5.319824,87.00265,73.62084,6.462367,2.859533
24.5,121.5,2003-01-01,2003-03-28,86,25,16.149109,18.801483,14.325617,85.26155,2.504415,8.093262,92.2244,74.64264,3.2502947,1.8023667
22.5,120.5,2003-01-01,2003-03-28,86,25,21.495573,23.912138,20.073223,79.005936,2.5248606,2.0080566,86.38892,67.2821,3.4304218,1.6072736
23.5,121.5,2003-01-01,2003-03-28,86,25,17.870789,20.09934,16.296267,83.485466,2.870021,6.8066406,88.71159,74.66595,3.8876593,1.825408
23.5,120.5,2003-01-01,2003-03-29,87,25,18.386694,21.689844,16.186901,84.489395,1.8747051,4.033203,93.716034,71.0642,2.8128338,1.1100149
22.5,121.5,2003-01-01,2003-03-29,87,25,22.278921,23.0642,21.465332,78.93631,5.5436463,2.7807617,83.66563,74.176765,7.0564528,3.9514701
24.5,121.5,2003-01-01,2003-03-29,87,25,16.356695,19.018595,14.678702,86.19594,2.6226315,8.355713,92.18174,75.63096,3.337735,1.9547948
24.5,120.5,2003-01-01,2003-03-29,87,25,19.43941,21.01729,18.216984,81.91687,4.650653,6.522217,88.02676,74.471085,6.3524556,2.8287907
23.5,121.5,2003-01-01,2003-03-29,87,25,18.059038,20.127266,16.681154,84.30674,2.8657792,6.0424805,89.08953,75.86007,4.151698,1.6319499
22.5,120.5,2003-01-01,2003-03-29,87,25,21.630249,23.783047,20.141369,79.85678,2.506408,1.8676758,87.51231,69.209946,3.288437,1.7207043
22.5,120.5,2003-01-01,2003-03-30,88,25,21.75541,24.021568,20.364567,80.370605,2.5909834,3.1542969,87.03739,69.95814,3.5733697,1.6589432
23.5,121.5,2003-01-01,2003-03-30,88,25,18.113945,20.18482,16.676384,84.02183,3.1067338,8.608398,88.759,76.151375,4.2303395,1.8545612
24.5,120.5,2003-01-01,2003-03-30,88,25,19.460722,20.949995,18.346395,81.71523,5.3352537,8.601074,87.28586,75.354355,6.8361526,3.685754
23.5,120.5,2003-01-01,2003-03-30,88,25,18.601679,21.927588,16.538586,84.5656,2.0845695,7.4694824,92.63319,72.20364,3.123082,1.2835474
24.5,121.5,2003-01-01,2003-03-30,88,25,16.2092,18.532824,14.538756,86.4408,2.9051108,12.108154,91.89078,78.35499,3.6561792,2.1906044
22.5,121.5,2003-01-01,2003-03-30,88,25,22.278946,23.10541,21.394009,78.90498,5.7885213,3.1274414,82.81062,75.2598,7.3305774,3.9670646
24.5,120.5,2003-01-01,2003-03-31,89,25,19.704784,21.164194,18.622482,81.47683,4.7514086,5.3564453,87.25139,74.71923,6.1399107,3.0433853
22.5,120.5,2003-01-01,2003-03-31,89,25,21.806524,24.104404,20.351612,79.83441,2.4537148,3.3105469,87.57428,68.37617,3.3166049,1.5100844
23.5,120.5,2003-01-01,2003-03-31,89,25,18.56791,21.83206,16.325665,84.699104,1.8668834,4.5703125,92.867195,71.951805,2.8062537,1.0175747
24.5,121.5,2003-01-01,2003-03-31,89,25,16.50504,18.969824,14.704537,86.023056,2.5897686,7.3950195,92.17421,76.54143,3.2078292,1.9621701
22.5,121.5,2003-01-01,2003-03-31,89,25,22.474571,23.376553,21.59168,78.01061,5.528371,3.3105469,82.95215,72.99188,6.7406635,4.1546955
23.5,121.5,2003-01-01,2003-03-31,89,25,18.210487,20.359406,16.765152,84.01524,2.973877,5.8447266,89.7267,75.0828,3.9742544,1.9693817
24.5,120.5,2003-01-01,2003-04-01,90,25,20.096285,21.68148,18.767492,81.644684,5.201896,5.22583,87.6561,74.75347,6.849303,3.226703
23.5,121.5,2003-01-01,2003-04-01,90,25,18.506088,20.790155,16.954649,84.19758,3.180892,6.324463,89.5736,74.86303,4.416243,2.0866294
24.5,121.5,2003-01-01,2003-04-01,90,25,16.860893,19.423656,15.008141,85.63131,2.7697837,7.906494,91.9668,75.276566,3.5560064,1.9878092
23.5,120.5,2003-01-01,2003-04-01,90,25,18.890738,22.1523,16.676071,84.45493,2.1024587,5.9155273,93.119446,71.31804,3.2101388,1.2700001
22.5,120.5,2003-01-01,2003-04-01,90,25,22.00523,24.23066,20.470446,80.310974,2.6048968,3.8415527,88.04854,69.05421,3.409688,1.7433457
22.5,121.5,2003-01-01,2003-04-01,90,25,22.706793,23.633648,21.718359,79.0898,5.9230413,3.116455,83.62673,73.90931,7.5183935,4.244184
23.5,120.5,2003-01-01,2003-04-02,91,25,18.873869,22.127037,16.51733,84.04929,1.9516361,3.7475586,92.56334,70.67194,3.0461535,1.1288426
22.5,120.5,2003-01-01,2003-04-02,91,25,22.004906,24.202652,20.5502,79.57437,2.733469,1.6552734,86.4224,69.09173,3.7709913,1.8707308
22.5,121.5,2003-01-01,2003-04-02,91,25,22.661585,23.503105,21.854155,79.000275,6.013018,2.2045898,82.94722,74.53859,7.643613,4.182041
24.5,121.5,2003-01-01,2003-04-02,91,25,16.98221,19.52272,15.166559,84.52304,2.7260554,6.541748,91.482635,73.584015,3.6100345,1.9101115
23.5,121.5,2003-01-01,2003-04-02,91,25,18.397678,20.479538,16.920465,84.01946,3.1348996,5.2783203,89.15581,75.7568,4.3891335,2.0011542
24.5,120.5,2003-01-01,2003-04-02,91,25,20.308401,21.978422,19.032385,80.89583,4.594166,4.885254,87.40789,72.95985,6.6989684,2.5424511
24.5,120.5,2003-01-01,2003-04-03,92,25,20.508394,22.003555,19.429527,83.246376,3.8196757,4.078369,89.39895,75.66339,5.097088,2.400563
23.5,121.5,2003-01-01,2003-04-03,92,25,18.743298,20.808706,17.184761,84.1076,2.564878,5.9887695,90.18535,75.01147,3.6571307,1.5252703
24.5,121.5,2003-01-01,2003-04-03,92,25,17.3207,19.625893,15.68092,86.241066,2.3348098,7.548828,93.07138,76.08342,2.905211,1.7204596
22.5,121.5,2003-01-01,2003-04-03,92,25,22.993902,23.755527,22.2473,78.6388,5.1522884,3.215332,83.309044,73.990875,6.384878,3.5516884
22.5,120.5,2003-01-01,2003-04-03,92,25,22.460737,24.724644,20.92499,79.36276,2.550669,3.0761719,87.79793,67.63913,3.5135477,1.696645
23.5,120.5,2003-01-01,2003-04-03,92,25,19.294527,22.713003,16.950739,84.9826,1.6153345,5.15625,94.435135,70.64355,2.5228052,0.9534187
24.5,120.5,2003-01-01,2003-04-04,93,25,21.007278,22.522026,19.849928,84.32503,4.423053,3.99292,89.68885,78.00225,5.9791045,2.8950055
22.5,120.5,2003-01-01,2003-04-04,93,25,22.97556,25.541801,21.313627,81.29289,2.6782753,2.3388672,89.786224,68.73354,3.565796,1.680609
23.5,120.5,2003-01-01,2003-04-04,93,25,19.995228,23.452662,17.733824,85.045135,1.8154628,3.5534668,93.71316,71.26499,2.8779721,1.035334
24.5,121.5,2003-01-01,2003-04-04,93,25,18.24884,20.877104,16.420313,87.33584,2.4181437,8.348389,93.97657,76.86048,3.1264315,1.6407548
22.5,121.5,2003-01-01,2003-04-04,93,25,23.582962,24.486826,22.695375,81.06918,4.5841746,3.2910156,85.97776,75.6419,5.9169917,3.052226
23.5,121.5,2003-01-01,2003-04-04,93,25,19.64343,21.905787,18.10256,85.66445,2.7558103,7.3620605,91.22579,76.55712,3.991874,1.550639
22.5,120.5,2003-01-01,2003-04-05,94,25,23.15709,25.509922,21.480547,81.99119,2.5306342,1.9750977,89.71076,70.76708,3.5469778,1.591481
23.5,120.5,2003-01-01,2003-04-05,94,25,20.366678,23.739922,17.864298,83.95732,2.2096567,3.0480957,92.950935,70.26007,3.5289855,1.1223812
23.5,121.5,2003-01-01,2003-04-05,94,25,19.900839,22.242285,18.068995,85.344826,3.2398005,5.168457,91.316154,75.89973,4.6536074,2.0493853
24.5,120.5,2003-01-01,2003-04-05,94,25,21.161621,22.73353,19.698467,82.97328,5.4751177,3.9990234,88.39826,76.48,7.2121043,3.375611
24.5,121.5,2003-01-01,2003-04-05,94,25,18.135721,20.732265,16.105461,86.86663,2.546586,6.66626,93.28731,77.03985,3.445715,1.5920011
22.5,121.5,2003-01-01,2003-04-05,94,25,23.811485,24.809996,22.867914,82.4294,5.8390737,2.1472168,87.23106,77.55903,7.5329604,3.9219341
22.5,121.5,2003-01-01,2003-04-06,95,25,23.397285,24.294859,22.581327,80.822556,6.945297,1.3916016,85.05158,75.77355,8.231187,5.480994
24.5,121.5,2003-01-01,2003-04-06,95,25,17.549646,19.803896,16.019224,85.618965,2.616918,5.83374,90.993965,76.551926,3.4356413,1.8256097
23.5,120.5,2003-01-01,2003-04-06,95,25,19.860819,22.914366,17.633654,84.48985,2.18135,2.9089355,92.370285,71.59536,3.4048362,1.2936871
22.5,120.5,2003-01-01,2003-04-06,95,25,22.863165,24.989521,21.345678,81.58909,2.3135026,1.8383789,88.26645,71.20163,3.3372812,1.4410077
23.5,121.5,2003-01-01,2003-04-06,95,25,19.339375,21.385069,17.810656,84.48145,3.3902755,4.3688965,89.951416,75.38896,4.451614,2.399158
24.5,120.5,2003-01-01,2003-04-06,95,25,20.935312,22.31127,19.827642,81.28226,6.0077724,3.741455,86.50515,75.1948,7.688038,4.351065
23.5,121.5,2003-01-01,2003-04-07,96,25,19.173954,21.210146,17.700695,83.7364,2.7370324,5.7348633,88.96278,75.63943,3.8218534,1.663515
24.5,120.5,2003-01-01,2003-04-07,96,25,20.725576,22.254995,19.557154,82.16625,4.9879932,5.9692383,87.81793,75.7525,6.5345597,3.1130047
22.5,120.5,2003-01-01,2003-04-07,96,25,22.758701,25.007177,21.188408,79.38267,2.435076,1.7236328,87.10282,68.398865,3.3345509,1.6233691
23.5,120.5,2003-01-01,2003-04-07,96,25,19.711473,22.785069,17.533672,84.67023,1.8586162,4.604492,93.0733,72.23514,2.8214767,1.0600669
24.5,121.5,2003-01-01,2003-04-07,96,25,17.575459,19.936815,15.734635,85.45364,2.3561084,8.074951,91.53473,76.28772,3.0412488,1.5910866
22.5,121.5,2003-01-01,2003-04-07,96,25,23.315655,24.203184,22.515362,78.65969,6.025672,1.5307617,82.85264,74.101555,7.501951,4.5916996
22.5,121.5,2003-01-01,2003-04-08,97,25,23.497168,24.248219,22.819649,80.46226,5.0832686,3.0444336,85.10338,75.70203,6.4328413,3.7619436
23.5,120.5,2003-01-01,2003-04-08,97,25,19.779787,22.78254,17.700886,85.12231,1.78274,5.8911133,93.039375,72.25341,2.8736825,0.9719348
24.5,120.5,2003-01-01,2003-04-08,97,25,20.7275,22.082558,19.641163,83.4384,3.8573692,7.5012207,89.00202,76.32616,5.2363915,2.426253
23.5,121.5,2003-01-01,2003-04-08,97,25,19.366817,21.248829,18.085653,85.28944,2.6997495,6.3415527,90.781,77.11791,3.7174668,1.674559
24.5,121.5,2003-01-01,2003-04-08,97,25,17.9301,20.176735,16.44235,86.70254,2.2569602,8.03833,93.28701,77.26437,2.974856,1.5826491
22.5,120.5,2003-01-01,2003-04-08,97,25,22.853321,25.029278,21.408257,80.6092,2.684515,3.4570312,88.68875,69.87483,3.614801,1.6863674
23.5,121.5,2003-01-01,2003-04-09,98,25,19.474482,21.513174,17.972893,85.29436,2.882262,6.418457,90.403564,77.0409,4.1859508,1.724012
24.5,120.5,2003-01-01,2003-04-09,98,25,21.27083,22.708393,20.258244,81.08721,4.4371257,2.7331543,86.4201,74.389015,5.9684534,2.7103148
22.5,120.5,2003-01-01,2003-04-09,98,25,22.926905,25.054512,21.34875,81.22005,2.7067587,4.3859863,89.09507,70.467766,3.769181,1.5464
24.5,121.5,2003-01-01,2003-04-09,98,25,18.010029,20.380436,16.305357,85.81979,2.3820372,5.751953,91.47645,76.38846,3.1317065,1.624674
23.5,120.5,2003-01-01,2003-04-09,98,25,19.875948,23.028105,17.517878,83.7528,1.9022728,3.3483887,91.90733,71.12857,3.0538926,1.0577517
22.5,121.5,2003-01-01,2003-04-09,98,25,23.660128,24.466314,22.93375,81.08863,5.7470217,5.06958,86.15129,76.14547,7.230532,4.1580296
23.5,120.5,2003-01-01,2003-04-10,99,25,19.970259,23.08604,17.663673,84.57732,1.8280147,3.145752,93.48562,71.81875,2.954257,1.0120823
24.5,120.5,2003-01-01,2003-04-10,99,25,21.178696,22.597008,20.03294,82.75864,4.3954487,3.737793,88.95462,75.835526,5.975263,2.7607648
22.5,121.5,2003-01-01,2003-04-10,99,25,23.639927,24.650074,22.724293,81.93882,5.4802275,4.0930176,86.30928,77.14374,6.923281,3.754183
22.5,120.5,2003-01-01,2003-04-10,99,25,23.006294,25.232916,21.386879,81.559685,2.3437552,2.298584,89.57097,71.02597,3.3932998,1.4679202
23.5,121.5,2003-01-01,2003-04-10,99,25,19.556059,21.64651,17.884796,85.115265,2.5904977,6.315918,91.06129,76.44388,3.6532612,1.4597293
24.5,121.5,2003-01-01,2003-04-10,99,25,17.853168,20.172745,16.001104,85.9399,2.070254,6.119385,92.92428,76.41278,2.778694,1.2687913
24.5,121.5,2003-01-01,2003-04-11,100,25,18.338755,20.998926,16.466574,85.79262,2.1413848,6.5637207,92.85115,74.17895,2.8257382,1.484227
22.5,120.5,2003-01-01,2003-04-11,100,25,23.300337,25.757988,21.66933,80.43238,2.2629266,0.88256836,88.80385,68.31481,3.1541443,1.2746518
23.5,121.5,2003-01-01,2003-04-11,100,25,19.69934,21.981817,18.252193,84.91273,2.3967056,4.852295,90.83211,75.03673,3.4152558,1.3707795
22.5,121.5,2003-01-01,2003-04-11,100,25,23.840767,24.714697,23.150293,80.36191,4.8421044,1.817627,85.031105,75.42993,6.2016172,3.3901663
24.5,120.5,2003-01-01,2003-04-11,100,25,21.562407,23.07416,20.535757,82.7988,3.638239,2.8857422,88.04859,75.71652,4.9418197,2.3280187
23.5,120.5,2003-01-01,2003-04-11,100,25,20.20485,23.629316,17.867535,83.83767,1.7032589,2.0288086,92.82199,69.49642,2.7773001,0.92891306
23.5,120.5,2003-01-01,2003-04-12,101,25,20.595022,24.062387,18.031393,84.30171,1.8590593,6.94458,94.28996,69.04437,2.9998345,0.9952464
22.5,120.5,2003-01-01,2003-04-12,101,25,23.58012,26.056099,21.926348,80.6745,2.539107,4.3164062,89.13286,68.27522,3.5629923,1.5900372
24.5,120.5,2003-01-01,2003-04-12,101,25,21.745178,23.609747,20.272652,83.69668,4.058699,8.15918,90.1074,76.28912,5.8037095,2.2989964
23.5,121.5,2003-01-01,2003-04-12,101,25,20.215237,22.45813,18.459196,84.422585,2.5678537,6.287842,90.78087,74.53728,3.99817,1.3394027
22.5,121.5,2003-01-01,2003-04-12,101,25,24.151566,25.257935,23.10962,80.65201,5.0386662,3.6877441,85.54298,74.832664,6.864409,3.0408392
24.5,121.5,2003-01-01,2003-04-12,101,25,18.727444,21.519903,16.553482,85.91731,2.3147917,8.741455,92.83847,74.66537,3.149392,1.3491894
22.5,121.5,2003-01-01,2003-04-13,102,25,23.98102,24.977924,23.09056,80.9619,5.7762437,3.540039,85.60355,75.9957,7.489072,3.9334567
24.5,121.5,2003-01-01,2003-04-13,102,25,18.226412,20.675484,16.231573,85.52072,2.4967985,6.7993164,91.6513,76.214005,3.2481225,1.7347896
23.5,120.5,2003-01-01,2003-04-13,102,25,20.128033,23.304293,17.734303,84.78542,2.1393661,4.7802734,92.92298,71.4446,3.2930832,1.3019624
23.5,121.5,2003-01-01,2003-04-13,102,25,19.913403,22.088041,18.258175,85.09584,3.0049908,6.147461,90.66599,76.494995,4.218681,1.798284
22.5,120.5,2003-01-01,2003-04-13,102,25,23.312916,25.5173,21.661724,81.02827,2.7248328,3.269043,88.551,71.09135,3.6367676,1.8521303
24.5,120.5,2003-01-01,2003-04-13,102,25,21.388697,22.815811,20.158375,82.02247,5.194813,4.3847656,87.64913,74.87772,6.687559,3.5011096
23.5,120.5,2003-01-01,2003-04-14,103,25,20.037155,23.363316,17.525284,82.69731,1.8297086,3.881836,92.25629,68.517586,2.958475,0.97455525
24.5,121.5,2003-01-01,2003-04-14,103,25,17.752762,20.352457,15.745216,83.16098,2.4349651,6.5942383,90.65839,72.27418,3.139726,1.6364537
22.5,121.5,2003-01-01,2003-04-14,103,25,23.43491,24.298822,22.630108,77.93811,6.0932994,2.7563477,82.5021,73.045906,8.014081,4.047984
23.5,121.5,2003-01-01,2003-04-14,103,25,19.331081,21.316103,17.781876,82.63901,2.8887703,5.3759766,88.23863,74.03856,4.140503,1.4267982
24.5,120.5,2003-01-01,2003-04-14,103,25,21.395437,23.194702,20.018414,79.04624,4.7145205,3.881836,86.27689,70.34522,6.3637013,2.7306871
22.5,120.5,2003-01-01,2003-04-14,103,25,23.00526,25.195503,21.360205,78.55356,2.4804938,1.809082,85.81738,67.90305,3.4315765,1.5562873
22.5,121.5,2003-01-01,2003-04-15,104,25,23.495325,24.4029,22.704384,78.268684,5.3151565,4.35791,83.250206,72.655655,6.6268597,3.7677636
24.5,120.5,2003-01-01,2003-04-15,104,25,21.459446,22.885069,20.36153,80.16801,4.0119357,5.7714844,86.76036,72.95469,5.2566814,2.582323
22.5,120.5,2003-01-01,2003-04-15,104,25,23.104876,25.458242,21.515703,77.87307,2.5048335,4.2651367,86.2521,66.29678,3.3099906,1.7832625
23.5,120.5,2003-01-01,2003-04-15,104,25,20.012707,23.311445,17.50046,82.90617,1.7369064,5.1000977,92.81355,69.313446,2.8195386,0.9301062
23.5,121.5,2003-01-01,2003-04-15,104,25,19.321478,21.427017,17.806402,82.92132,2.607582,7.0751953,89.30092,73.76642,3.612964,1.7057587
24.5,121.5,2003-01-01,2003-04-15,104,25,17.927532,20.29115,16.19271,84.72854,2.440059,8.364258,92.074554,74.45885,3.088746,1.8130324
24.5,121.5,2003-01-01,2003-04-16,105,25,18.616552,21.030396,16.83861,84.87258,2.2493224,6.3842773,91.79288,74.46152,2.9786487,1.5210246
22.5,121.5,2003-01-01,2003-04-16,105,25,23.875538,24.731094,23.158535,79.77157,5.423992,3.4960938,84.65946,74.603264,6.715849,4.0134354
24.5,120.5,2003-01-01,2003-04-16,105,25,21.920616,23.506645,20.715097,82.009056,4.0940075,3.828125,88.31746,74.63744,5.6574354,2.2992735
22.5,120.5,2003-01-01,2003-04-16,105,25,23.342041,25.664068,21.697115,79.71023,2.362505,3.7304688,88.039276,68.36145,3.2576098,1.49404
23.5,120.5,2003-01-01,2003-04-16,105,25,20.356123,23.865707,17.847965,84.20599,1.673348,4.748535,93.58212,69.42958,2.7208004,0.8869271
23.5,121.5,2003-01-01,2003-04-16,105,25,19.845322,21.931957,18.393682,84.22125,2.5670993,6.3842773,90.14649,74.94091,3.789856,1.5591071
23.5,121.5,2003-01-01,2003-04-17,106,25,19.901949,21.90101,18.447922,83.616234,2.5710297,7.0874023,88.89602,75.366325,3.601832,1.4377102
24.5,121.5,2003-01-01,2003-04-17,106,25,18.445738,20.790169,16.771461,85.525635,2.429065,7.9370117,92.35998,75.67361,3.0460968,1.8440504
22.5,121.5,2003-01-01,2003-04-17,106,25,23.827671,24.570982,23.120869,79.703705,5.343854,3.0004883,83.59528,75.48884,6.6467314,3.7228756
24.5,120.5,2003-01-01,2003-04-17,106,25,21.824644,23.218555,20.760536,82.64207,4.2003045,5.029297,89.54969,74.876045,5.587258,2.7931657
22.5,120.5,2003-01-01,2003-04-17,106,25,23.479116,25.622963,22.00538,79.63341,2.3418157,2.265625,86.98361,69.3558,3.1831596,1.53207
23.5,120.5,2003-01-01,2003-04-17,106,25,20.492613,23.676245,18.19093,84.31614,1.7392871,4.892578,93.57522,71.11603,2.7748392,0.96399057
24.5,121.5,2003-01-01,2003-04-18,107,25,18.561623,20.841099,16.823877,85.523094,2.209653,8.349609,91.85793,75.9164,2.872505,1.552383
22.5,120.5,2003-01-01,2003-04-18,107,25,23.621758,25.780058,22.132593,79.84799,2.320197,3.112793,87.81791,69.48776,3.3344889,1.459439
23.5,121.5,2003-01-01,2003-04-18,107,25,20.02959,21.968653,18.602598,83.826385,2.5123234,5.6884766,89.64768,75.28735,3.621149,1.482838
23.5,120.5,2003-01-01,2003-04-18,107,25,20.602968,23.477045,18.540216,83.99661,1.7590399,4.4189453,92.19829,71.96837,2.7923791,1.0106827
24.5,120.5,2003-01-01,2003-04-18,107,25,21.952637,23.326044,20.851744,81.625786,4.1159906,5.029297,88.15099,74.00118,5.583779,2.602736
22.5,121.5,2003-01-01,2003-04-18,107,25,24.140331,25.002544,23.34266,79.66303,5.2389326,3.190918,84.29779,74.60329,6.6755867,3.5163834
24.5,120.5,2003-01-01,2003-04-19,108,25,22.192034,23.452665,21.206427,82.45142,4.1046224,9.953613,88.53891,75.2682,5.6337366,2.3046768
23.5,121.5,2003-01-01,2003-04-19,108,25,20.355335,22.199463,18.982458,84.85515,2.510304,8.127441,91.072205,76.71482,3.5397108,1.5883436
22.5,121.5,2003-01-01,2003-04-19,108,25,24.419456,25.395845,23.440283,80.633575,5.143019,2.4291992,85.87098,74.54073,6.679958,3.3798776
24.5,121.5,2003-01-01,2003-04-19,108,25,18.825628,20.86873,17.291319,86.511536,2.211203,10.612793,93.480934,77.82552,3.0100763,1.4624687
22.5,120.5,2003-01-01,2003-04-19,108,25,23.896389,26.030401,22.353535,80.9218,2.4965823,3.9379883,88.783936,70.818436,3.6321564,1.5681416
23.5,120.5,2003-01-01,2003-04-19,108,25,20.952932,23.689941,18.908287,84.66133,1.7502816,9.655762,92.96768,73.54704,2.7719953,0.9890761
24.5,120.5,2003-01-01,2003-04-20,109,25,22.400112,23.709824,21.326601,82.77735,4.124715,6.291504,88.006004,76.44297,5.777452,2.293697
22.5,121.5,2003-01-01,2003-04-20,109,25,24.501205,25.399702,23.772924,81.149826,5.016741,2.409668,85.245964,77.06909,6.5290766,3.301811
23.5,121.5,2003-01-01,2003-04-20,109,25,20.463726,22.28231,19.151773,85.7102,2.6321323,6.6845703,90.589714,78.56223,3.7448318,1.550797
24.5,121.5,2003-01-01,2003-04-20,109,25,19.013863,21.216948,17.253883,87.25269,2.3818552,8.222656,93.13805,79.24554,3.1434736,1.6179557
22.5,120.5,2003-01-01,2003-04-20,109,25,24.069527,26.115839,22.659721,81.674934,2.368222,2.2460938,88.55454,71.76968,3.3637757,1.4394531
23.5,120.5,2003-01-01,2003-04-20,109,25,21.24359,23.977089,19.199743,85.569305,1.6475606,5.1293945,93.42401,74.307274,2.50939,0.92696035
24.5,120.5,2003-01-01,2003-04-21,110,25,22.653326,23.940166,21.672964,82.85811,4.071583,7.8466797,88.99535,75.737816,5.5007505,2.5238674
23.5,120.5,2003-01-01,2003-04-21,110,25,21.330805,24.255049,19.230684,85.35751,1.6540912,6.599121,93.84954,72.68606,2.6658492,0.9073988
22.5,121.5,2003-01-01,2003-04-21,110,25,24.605453,25.424376,23.971767,80.61828,5.1911864,2.2998047,84.70933,75.89453,6.715616,3.5601275
24.5,121.5,2003-01-01,2003-04-21,110,25,19.252153,21.224943,17.845367,86.467575,2.2619658,9.338379,92.54713,78.38936,2.9788063,1.5359893
23.5,121.5,2003-01-01,2003-04-21,110,25,20.625826,22.5691,19.361403,85.18959,2.3873434,6.2036133,90.34695,77.44726,3.4416742,1.2772396
22.5,120.5,2003-01-01,2003-04-21,110,25,24.254908,26.342392,22.830225,80.346794,2.3356202,2.1826172,87.75237,69.69429,3.2786698,1.4693941
22.5,120.5,2003-01-01,2003-04-22,111,25,24.576782,26.750278,23.075123,82.51764,2.4746065,6.57959,91.2051,71.874344,3.4460278,1.480715
23.5,121.5,2003-01-01,2003-04-22,111,25,21.05147,22.889542,19.6984,86.46264,2.348511,10.422363,91.836716,78.67565,3.462976,1.3528692
22.5,121.5,2003-01-01,2003-04-22,111,25,24.974731,25.707691,24.282417,83.04102,4.6930494,5.9838867,87.59566,78.788155,6.124017,3.24354
24.5,121.5,2003-01-01,2003-04-22,111,25,19.806255,21.795826,18.272018,87.33077,2.1506662,10.57373,93.39515,79.04269,2.7209382,1.5523299
23.5,120.5,2003-01-01,2003-04-22,111,25,21.723013,24.532139,19.652813,86.13546,1.5902696,12.60498,94.69814,74.14745,2.5871503,0.8248407
24.5,120.5,2003-01-01,2003-04-22,111,25,23.054672,24.416695,21.92359,84.69628,3.3090491,13.884277,91.144714,77.77286,4.70012,1.7510127
24.5,120.5,2003-01-01,2003-04-23,112,25,22.912832,24.063814,21.849546,86.06338,4.220377,14.060059,90.93646,81.013504,5.555585,2.8952615
23.5,121.5,2003-01-01,2003-04-23,112,25,21.170273,23.019804,19.798326,87.4932,2.7268136,11.894531,92.546425,80.30994,3.953522,1.5543563
22.5,121.5,2003-01-01,2003-04-23,112,25,25.066914,25.96415,24.175972,84.34822,5.004344,6.196289,88.32915,79.96105,6.670487,3.217287
23.5,120.5,2003-01-01,2003-04-23,112,25,21.801035,24.31793,19.716827,86.833405,1.6607364,11.477051,94.191124,76.985535,2.659706,0.8164659
24.5,121.5,2003-01-01,2003-04-23,112,25,19.691408,21.62144,18.056568,88.89721,2.4184437,15.712891,93.76811,82.066475,3.040801,1.7359405
22.5,120.5,2003-01-01,2003-04-23,112,25,24.668085,26.803164,23.020508,83.31794,2.6304357,6.088867,90.58338,73.15671,3.5943558,1.6573895
24.5,120.5,2003-01-01,2003-04-24,113,25,22.931591,24.121616,21.994053,84.131386,4.958196,7.1655273,89.04115,78.414406,6.2106047,3.3498583
23.5,121.5,2003-01-01,2003-04-24,113,25,21.003136,22.59836,19.769108,87.48686,2.889713,9.223633,91.6798,81.48259,3.9033272,1.8816174
23.5,120.5,2003-01-01,2003-04-24,113,25,21.725946,24.300932,19.6234,86.789375,1.8842272,9.379883,94.125496,76.237015,2.9604223,1.104821
22.5,121.5,2003-01-01,2003-04-24,113,25,24.900772,25.751831,24.208515,83.9418,5.9430842,4.8461914,87.65328,79.99602,7.360876,4.324713
22.5,120.5,2003-01-01,2003-04-24,113,25,24.450245,26.38,22.958027,83.661545,2.310567,6.25,89.980194,74.974686,3.3786054,1.2709458
24.5,121.5,2003-01-01,2003-04-24,113,25,19.507196,21.515547,17.979366,87.99295,2.3038125,9.650879,93.24279,80.15502,3.0948193,1.498444
23.5,121.5,2003-01-01,2003-04-25,114,25,20.935757,22.73435,19.366226,86.17052,2.497505,8.769531,91.35512,78.65706,3.5435102,1.3918272
24.5,120.5,2003-01-01,2003-04-25,114,25,22.92525,24.186407,21.781166,83.4805,5.0372305,5.788574,89.487335,77.11831,6.9836335,3.204499
22.5,121.5,2003-01-01,2003-04-25,114,25,24.804995,25.651382,24.08673,82.600365,5.6076336,6.0742188,86.79725,77.78039,6.9104176,4.2569594
23.5,120.5,2003-01-01,2003-04-25,114,25,21.49734,24.203804,19.24963,85.76631,1.7970601,5.637207,94.06561,74.12403,2.8207123,1.0357504
24.5,121.5,2003-01-01,2003-04-25,114,25,19.41521,21.348194,17.675108,86.97459,2.165162,9.675293,93.48723,78.332664,3.1095765,1.3215692
22.5,120.5,2003-01-01,2003-04-25,114,25,24.255718,26.135054,22.798634,82.357956,2.2414262,4.9536133,88.9366,73.45671,3.1759644,1.4275064
22.5,120.5,2003-01-01,2003-04-26,115,25,24.154,25.889843,22.795282,82.78081,2.383609,7.3828125,89.4253,74.040886,3.2739584,1.4792823
24.5,121.5,2003-01-01,2003-04-26,115,25,19.328804,21.229805,17.875622,87.7104,2.2621682,13.3203125,92.67589,80.148476,2.9230986,1.5688672
23.5,120.5,2003-01-01,2003-04-26,115,25,21.452887,23.873253,19.574308,85.93862,1.7202662,10.634766,93.5488,76.10085,2.711473,0.9524903
22.5,121.5,2003-01-01,2003-04-26,115,25,24.611225,25.265352,23.928783,82.37127,5.2880425,9.055176,85.73679,79.090965,6.7784443,3.5626373
24.5,120.5,2003-01-01,2003-04-26,115,25,22.744995,23.97799,21.696993,83.854935,4.193735,10.703125,88.71752,77.77512,5.380218,2.668595
23.5,121.5,2003-01-01,2003-04-26,115,25,20.774742,22.340752,19.511812,85.8539,2.4932795,9.716797,90.63525,79.19666,3.554928,1.4782666
23.5,121.5,2003-01-01,2003-04-27,116,25,20.984797,22.626226,19.875338,86.08121,2.2084036,11.245117,90.44928,79.64976,3.1861925,1.2128096
24.5,120.5,2003-01-01,2003-04-27,116,25,22.699114,23.76145,21.80228,84.68379,3.8019602,11.318359,89.74219,79.39678,5.1345286,2.2028031
22.5,121.5,2003-01-01,2003-04-27,116,25,24.867455,25.789291,24.111084,81.7978,4.483232,7.3095703,86.26524,77.17525,5.9687567,2.8806329
23.5,120.5,2003-01-01,2003-04-27,116,25,21.380266,23.79685,19.524195,87.13128,1.5856826,10.03418,94.09799,76.941154,2.3009553,0.9071053
24.5,121.5,2003-01-01,2003-04-27,116,25,19.55097,21.37839,18.235895,87.47273,2.1822183,14.609375,92.72696,80.787025,2.8431766,1.5027162
22.5,120.5,2003-01-01,2003-04-27,116,25,24.304054,26.177343,22.934433,82.87032,2.3461971,6.3061523,89.52568,73.30707,3.2421975,1.4099133
23.5,121.5,2003-01-01,2003-04-28,117,25,21.173512,22.95418,19.802862,86.5229,2.3662937,8.745117,91.9677,79.23045,3.3193078,1.441664
24.5,120.5,2003-01-01,2003-04-28,117,25,22.977436,24.21605,22.021856,84.85292,3.8205454,8.127441,90.004944,78.70788,4.9763165,2.5973928
23.5,120.5,2003-01-01,2003-04-28,117,25,21.633276,24.3166,19.576916,86.433685,1.7198248,9.265137,94.09155,75.617966,2.577555,0.99517626
22.5,121.5,2003-01-01,2003-04-28,117,25,25.074156,25.942978,24.318275,82.96432,4.650181,6.706543,87.74906,77.61588,5.843103,3.415903
22.5,120.5,2003-01-01,2003-04-28,117,25,24.505875,26.54767,23.02411,82.98875,2.450941,6.7504883,90.56333,72.622894,3.3088143,1.4732294
24.5,121.5,2003-01-01,2003-04-28,117,25,19.748941,21.829765,18.153532,88.17647,2.185762,9.157715,93.91672,80.11626,2.6876743,1.5326495
24.5,121.5,2003-01-01,2003-04-29,118,25,19.651705,21.525566,18.050606,87.7427,2.2983522,15.075684,93.578545,80.88466,3.138479,1.4841669
22.5,120.5,2003-01-01,2003-04-29,118,25,24.536705,26.455923,23.003334,83.13417,2.3897433,8.54248,89.74112,74.691444,3.3978128,1.4738605
22.5,121.5,2003-01-01,2003-04-29,118,25,25.09061,26.042768,24.23918,83.27961,5.577994,5.5737305,87.32895,78.74572,7.154085,3.6852682
23.5,120.5,2003-01-01,2003-04-29,118,25,21.616587,24.173925,19.608244,86.98543,1.8738108,14.047852,94.07786,77.10697,3.0082877,1.0031048
24.5,120.5,2003-01-01,2003-04-29,118,25,23.085903,24.400488,21.975492,84.17743,4.5945907,10.969238,89.71667,77.95932,6.1931844,2.9263947
23.5,121.5,2003-01-01,2003-04-29,118,25,21.098207,22.885698,19.657423,87.06671,2.7159302,11.948242,92.07506,79.94548,3.922079,1.5418428
22.5,120.5,2003-01-01,2003-04-30,119,25,24.223656,25.981117,22.924414,82.59195,2.2898135,4.4311523,88.90378,73.846504,3.1712356,1.5118539
22.5,121.5,2003-01-01,2003-04-30,119,25,24.763323,25.654394,24.044731,82.17618,5.6047697,4.926758,86.58247,77.199265,6.8295965,4.0237007
24.5,120.5,2003-01-01,2003-04-30,119,25,23.153225,24.351059,22.192852,82.27184,4.368318,7.1191406,87.40262,76.446915,5.8315563,2.7790644
23.5,120.5,2003-01-01,2003-04-30,119,25,21.565588,23.927794,19.622423,85.88648,1.652251,6.8725586,93.00302,75.95229,2.5554078,0.92185503
24.5,121.5,2003-01-01,2003-04-30,119,25,19.55471,21.250294,18.144327,86.62726,2.2389688,9.82666,92.35051,79.65779,2.96783,1.5171607
23.5,121.5,2003-01-01,2003-04-30,119,25,20.950373,22.525963,19.679737,86.0708,2.5700343,7.7612305,90.57505,79.4966,3.6967525,1.4948009
23.5,120.5,2003-01-01,2003-05-01,120,25,21.55969,23.82985,19.685396,86.61899,1.8487239,14.980469,93.75043,77.22774,2.8978784,1.0104773
23.5,121.5,2003-01-01,2003-05-01,120,25,21.002308,22.635107,19.70224,86.137184,2.6538181,12.011719,90.386856,80.051384,4.0109367,1.2548821
24.5,120.5,2003-01-01,2003-05-01,120,25,22.924631,24.275356,21.82123,83.78878,4.524187,16.33545,89.28973,77.87485,6.084373,2.568861
24.5,121.5,2003-01-01,2003-05-01,120,25,19.522717,21.568666,18.050074,87.5823,2.4032323,15.666504,93.211334,80.17694,3.1222777,1.6191316
22.5,121.5,2003-01-01,2003-05-01,120,25,24.887365,25.791655,24.052011,82.701904,5.812182,6.176758,86.584076,78.57111,7.5767035,3.4821882
22.5,120.5,2003-01-01,2003-05-01,120,25,24.334475,25.98892,22.979921,82.68641,2.4226296,8.852539,88.942474,74.955154,3.3304555,1.5776616
24.5,121.5,2003-01-01,2003-05-02,121,25,19.961754,22.018427,18.594845,87.15539,2.0271428,8.657227,92.933685,78.904076,2.6949747,1.3325799
24.5,120.5,2003-01-01,2003-05-02,121,25,23.349058,24.540928,22.539062,83.272835,3.8632696,4.523926,88.936455,76.878006,5.285995,2.220386
23.5,120.5,2003-01-01,2003-05-02,121,25,21.760933,24.146631,20.048038,86.80946,1.5606091,9.54834,93.95455,76.929,2.4340022,0.84127337
22.5,121.5,2003-01-01,2003-05-02,121,25,25.172613,25.953936,24.46316,82.77099,4.840861,4.104004,87.00712,78.78521,6.1188903,3.3163269
23.5,121.5,2003-01-01,2003-05-02,121,25,21.2948,22.949623,20.187403,86.33505,2.0707753,7.5146484,91.40304,79.380135,3.019115,1.2265172
22.5,120.5,2003-01-01,2003-05-02,121,25,24.561636,26.407255,23.28689,83.298965,2.2256444,6.0180664,89.95069,74.40957,3.1553454,1.3446041
23.5,121.5,2003-01-01,2003-05-03,122,25,21.643295,23.369131,20.331022,86.797516,2.221194,7.338867,91.805244,80.1536,3.3365781,1.2191242
24.5,121.5,2003-01-01,2003-05-03,122,25,20.472378,22.46833,18.82797,87.177956,2.0389707,9.589844,93.1045,79.00295,2.75829,1.3944044
23.5,120.5,2003-01-01,2003-05-03,122,25,22.293901,24.974443,20.075895,86.302795,1.4619248,5.275879,94.44973,75.292175,2.3866172,0.7420427
24.5,120.5,2003-01-01,2003-05-03,122,25,23.865093,25.104897,22.839947,84.21578,3.2858322,5.3881836,89.81884,77.6793,4.8867035,1.6000104
22.5,121.5,2003-01-01,2003-05-03,122,25,25.580307,26.408691,24.908833,83.26293,4.362089,3.4960938,87.45123,78.93144,5.7677727,2.7469752
22.5,120.5,2003-01-01,2003-05-03,122,25,25.049526,27.053818,23.546831,82.35735,2.3144872,3.3276367,90.14108,72.90399,3.2903607,1.5454221
24.5,121.5,2003-01-01,2003-05-04,123,25,20.393505,22.578682,18.625538,87.46972,2.1708322,16.501465,93.98791,77.575264,2.9498491,1.4033294
23.5,121.5,2003-01-01,2003-05-04,123,25,21.708818,23.57518,20.15845,86.925316,2.4527178,13.156738,92.71093,78.79096,3.5931284,1.5724987
24.5,120.5,2003-01-01,2003-05-04,123,25,23.785673,25.243515,22.58647,84.664474,4.2796354,13.950195,89.800156,78.35915,5.5353603,2.745138
23.5,120.5,2003-01-01,2003-05-04,123,25,22.309542,24.986488,19.982296,86.62982,1.6454062,12.0703125,94.51086,75.60439,2.6070428,0.9404207
22.5,120.5,2003-01-01,2003-05-04,123,25,25.035028,26.773344,23.556406,83.39409,2.3180087,6.2939453,90.41801,75.27035,3.252191,1.5298221
22.5,121.5,2003-01-01,2003-05-04,123,25,25.649893,26.556377,24.850845,83.679756,4.9862995,6.1035156,88.34761,78.7548,6.6583595,3.397287
23.5,121.5,2003-01-01,2003-05-05,124,25,21.856993,23.635126,20.533873,87.58452,2.3419971,13.571777,92.21914,81.37108,3.629602,1.2456653
23.5,120.5,2003-01-01,2003-05-05,124,25,22.27793,24.858095,20.287878,87.9607,1.5967063,9.316406,94.76619,78.05583,2.519513,0.9473386
24.5,120.5,2003-01-01,2003-05-05,124,25,23.873848,25.194971,22.913414,84.67083,4.0833025,6.3305664,89.661896,78.76507,5.500845,2.385653
22.5,120.5,2003-01-01,2003-05-05,124,25,25.044395,26.869423,23.641197,84.60348,2.0432358,5.078125,91.119095,75.94301,2.8935478,1.2174098
22.5,121.5,2003-01-01,2003-05-05,124,25,25.643457,26.432241,24.934755,84.33754,4.841143,4.777832,88.32952,80.10649,6.246325,3.228427
24.5,121.5,2003-01-01,2003-05-05,124,25,20.572285,22.747784,19.038116,88.29897,2.0329986,11.491699,93.867546,80.273636,2.8402646,1.2416893
23.5,120.5,2003-01-01,2003-05-06,125,25,22.381165,24.832354,20.453478,87.39355,1.7881591,10.871582,94.334816,77.29885,2.7057574,1.072866
24.5,121.5,2003-01-01,2003-05-06,125,25,20.53056,22.30768,19.096798,87.98203,2.0183303,13.17627,92.71813,81.24763,2.8399997,1.2882004
23.5,121.5,2003-01-01,2003-05-06,125,25,21.874035,23.577198,20.650337,87.62981,2.3262942,9.938965,91.92412,81.29078,3.4474478,1.2867366
22.5,120.5,2003-01-01,2003-05-06,125,25,25.09007,27.053213,23.727135,83.73806,2.2315023,5.732422,90.43287,74.11497,3.258532,1.3449054
22.5,121.5,2003-01-01,2003-05-06,125,25,25.713255,26.591822,25.06808,83.64089,4.912209,4.836426,87.322685,79.05123,6.332038,3.4791274
24.5,120.5,2003-01-01,2003-05-06,125,25,23.893469,25.122154,22.89018,85.42501,4.1496544,12.541504,89.91302,80.01859,5.534155,2.8752112
22.5,120.5,2003-01-01,2003-05-07,126,25,25.043316,26.688398,23.863262,84.29911,2.3319483,10.305176,89.820625,76.93315,3.4961762,1.3641428
24.5,120.5,2003-01-01,2003-05-07,126,25,24.043413,25.231592,23.125523,84.07648,4.5844765,10.3125,88.99536,78.69722,6.098132,3.0377297
23.5,121.5,2003-01-01,2003-05-07,126,25,21.878746,23.443378,20.68684,87.41071,2.2417445,11.30127,92.25835,81.415016,3.3833246,1.0982332
23.5,120.5,2003-01-01,2003-05-07,126,25,22.404507,24.651714,20.638525,87.33715,1.7459887,14.204102,93.779755,78.58691,2.9137452,0.89034116
24.5,121.5,2003-01-01,2003-05-07,126,25,20.614918,22.48938,19.186085,87.13096,2.0779886,10.57373,92.48943,80.27117,2.848148,1.3421196
22.5,121.5,2003-01-01,2003-05-07,126,25,25.753101,26.633144,25.004122,83.5526,5.3613563,7.438965,87.768845,78.95411,6.865794,3.5618153
24.5,120.5,2003-01-01,2003-05-08,127,25,24.363806,25.636314,23.364052,84.36475,3.7338104,9.611816,90.278015,78.08452,5.1266494,2.041697
24.5,121.5,2003-01-01,2003-05-08,127,25,20.913162,22.897276,19.306086,87.28607,1.9405824,8.579102,93.562675,79.354675,2.549868,1.3443662
23.5,120.5,2003-01-01,2003-05-08,127,25,22.64283,25.138067,20.65127,86.7625,1.5012131,8.29834,94.21676,76.10742,2.4326787,0.81238484
22.5,121.5,2003-01-01,2003-05-08,127,25,25.816092,26.604546,25.11438,83.79707,4.832145,4.4506836,87.82707,79.69451,6.0362463,3.3949714
22.5,120.5,2003-01-01,2003-05-08,127,25,25.296698,27.174429,23.863003,83.39317,2.1594043,6.1914062,90.383446,74.30362,3.0954728,1.3029217
23.5,121.5,2003-01-01,2003-05-08,127,25,21.984098,23.615166,20.689356,87.32879,2.1354516,7.6904297,91.95479,80.7526,3.1145735,1.1980265
24.5,121.5,2003-01-01,2003-05-09,128,25,21.29937,23.398708,19.544289,87.623825,1.7949593,10.012207,93.531555,79.74577,2.5954623,1.0439306
24.5,120.5,2003-01-01,2003-05-09,128,25,24.442749,25.802927,23.220362,85.740524,3.7431593,8.22998,90.42062,80.28253,5.232195,2.399045
23.5,121.5,2003-01-01,2003-05-09,128,25,22.449194,24.459646,20.906187,86.95982,2.0531383,10.046387,92.37989,79.524124,3.3783898,0.9312219
22.5,121.5,2003-01-01,2003-05-09,128,25,26.228472,27.270235,25.388882,83.73049,4.826327,4.4677734,88.19122,78.577545,6.310541,3.1041784
22.5,120.5,2003-01-01,2003-05-09,128,25,25.602026,27.616053,24.232006,83.55018,2.211854,6.015625,90.59381,73.87688,3.293985,1.2871552
23.5,120.5,2003-01-01,2003-05-09,128,25,22.967398,25.665817,20.735558,86.50329,1.6198196,9.9609375,94.60953,76.388336,2.508529,0.88043535
23.5,120.5,2003-01-01,2003-05-10,129,25,23.011713,25.34208,20.913496,87.15616,1.8729544,9.56543,94.37334,77.975945,2.8487155,1.0683548
24.5,121.5,2003-01-01,2003-05-10,129,25,21.200151,23.104921,19.579723,87.83354,2.1088738,11.369629,93.660675,80.44093,2.9014094,1.3785199
23.5,121.5,2003-01-01,2003-05-10,129,25,22.466558,24.186089,21.025585,87.11589,2.7281973,8.249512,91.855736,80.16297,3.926624,1.3710774
22.5,120.5,2003-01-01,2003-05-10,129,25,25.637047,27.613487,24.102774,84.149506,2.2926612,5.283203,91.043,75.30871,3.3292642,1.33789
22.5,121.5,2003-01-01,2003-05-10,129,25,26.20099,27.189224,25.31276,84.81603,5.367237,4.4213867,88.982864,80.41524,7.0192957,3.551665
24.5,120.5,2003-01-01,2003-05-10,129,25,24.497437,25.631538,23.44438,84.99667,4.644452,12.797852,89.89889,79.621086,6.132909,2.901275
22.5,120.5,2003-01-01,2003-05-11,130,25,25.555414,27.349024,24.189322,84.40281,2.2841325,9.86084,90.788536,75.77688,3.1549006,1.4654763
24.5,120.5,2003-01-01,2003-05-11,130,25,24.502935,25.665962,23.492657,85.844055,4.4774175,10.688477,90.65432,80.69835,5.735382,3.0020685
23.5,121.5,2003-01-01,2003-05-11,130,25,22.536627,24.274286,21.111685,87.743034,2.246262,15.0390625,92.86978,80.97493,3.2274091,1.2342896
22.5,121.5,2003-01-01,2003-05-11,130,25,26.192621,27.060966,25.426958,84.201065,5.1160364,5.5859375,88.25712,79.69942,6.34972,3.7716818
23.5,120.5,2003-01-01,2003-05-11,130,25,22.96059,25.314869,20.969893,87.75922,1.6879938,14.709473,94.76963,78.17078,2.7149615,0.9212827
24.5,121.5,2003-01-01,2003-05-11,130,25,21.24147,23.249712,19.612974,88.556305,1.9970231,13.95752,93.91046,81.017586,2.5906718,1.3142905
23.5,120.5,2003-01-01,2003-05-12,131,25,23.139938,25.598999,21.140142,88.09409,1.4835141,11.342773,95.40494,78.26852,2.4183547,0.80658877
24.5,121.5,2003-01-01,2003-05-12,131,25,21.256891,22.999668,19.806105,89.21539,2.0698652,17.978516,94.08624,82.480545,2.7608013,1.3809974
24.5,120.5,2003-01-01,2003-05-12,131,25,24.582928,25.753077,23.625908,86.4529,4.002635,9.51416,91.45432,81.1414,5.4638915,2.401363
22.5,121.5,2003-01-01,2003-05-12,131,25,26.199255,26.963848,25.507797,84.61441,4.6331096,4.033203,88.172356,81.025856,6.1304145,3.018009
22.5,120.5,2003-01-01,2003-05-12,131,25,25.761814,27.476421,24.392788,84.05773,2.2551758,6.032715,90.38648,76.25093,3.2630405,1.3764883
23.5,121.5,2003-01-01,2003-05-12,131,25,22.527596,24.241089,21.182589,87.96317,2.2352533,11.074219,92.3743,81.59439,3.3365939,1.2093382
23.5,120.5,2003-01-01,2003-05-13,132,25,23.133299,25.47626,21.124474,88.12744,1.6068202,12.709961,95.058075,78.408005,2.5264742,0.93903977
24.5,120.5,2003-01-01,2003-05-13,132,25,24.669685,25.836391,23.665787,86.26786,4.025171,11.213379,90.72033,80.86716,5.4020085,2.5410872
23.5,121.5,2003-01-01,2003-05-13,132,25,22.662302,24.268467,21.333227,87.91518,2.0154717,11.066895,92.589005,81.661964,3.0934548,0.94657636
22.5,120.5,2003-01-01,2003-05-13,132,25,25.8157,27.638657,24.429848,83.99692,2.3183594,11.21582,90.54711,75.39227,3.3120065,1.3408123
22.5,121.5,2003-01-01,2003-05-13,132,25,26.380526,27.265528,25.610693,84.121346,4.7749147,6.2402344,88.138176,79.72444,6.2532587,3.1178634
24.5,121.5,2003-01-01,2003-05-13,132,25,21.377575,23.14942,19.908653,88.700264,1.9569082,13.696289,93.91549,81.496605,2.7172544,1.2922305
23.5,121.5,2003-01-01,2003-05-14,133,25,22.857607,24.425722,21.640387,88.28733,2.5721624,10.083008,92.519485,82.26576,3.6253278,1.5512234
24.5,120.5,2003-01-01,2003-05-14,133,25,24.87706,26.086245,23.894604,86.01335,4.525027,8.466797,90.63666,80.40967,5.7978096,3.0234156
24.5,121.5,2003-01-01,2003-05-14,133,25,21.598154,23.354023,20.09897,88.84428,2.199421,10.808105,94.17039,81.90147,2.8433795,1.4673747
22.5,121.5,2003-01-01,2003-05-14,133,25,26.383467,27.136211,25.714712,85.01547,5.2415133,4.567871,88.664925,81.28074,6.439597,3.6885195
22.5,120.5,2003-01-01,2003-05-14,133,25,25.839502,27.526928,24.541636,84.49279,2.2736642,6.2890625,90.473854,76.412605,3.2488925,1.41885
23.5,120.5,2003-01-01,2003-05-14,133,25,23.36454,25.719507,21.419136,87.73845,1.7040033,10.786133,95.085625,77.65092,2.7367263,0.9734346
22.5,120.5,2003-01-01,2003-05-15,134,25,25.735489,27.53106,24.327055,84.04217,2.210716,7.385254,90.0455,75.45307,3.1196172,1.3496373
24.5,121.5,2003-01-01,2003-05-15,134,25,21.403437,23.256548,19.806221,88.08042,2.1372945,11.750488,93.4381,80.47093,2.7679064,1.4766555
23.5,121.5,2003-01-01,2003-05-15,134,25,22.73623,24.564322,21.186407,87.25041,2.5838113,10.024414,91.9317,79.758514,3.6677182,1.5933722
23.5,120.5,2003-01-01,2003-05-15,134,25,23.218203,25.571377,21.148506,87.38736,1.735482,11.2890625,94.51786,77.16937,2.6777413,1.0445721
24.5,120.5,2003-01-01,2003-05-15,134,25,24.809687,26.081821,23.66671,84.7874,5.082491,9.09668,90.06062,78.50139,6.6696577,3.2963605
22.5,121.5,2003-01-01,2003-05-15,134,25,26.34621,27.24877,25.553902,83.99603,5.8294854,4.6411133,87.8817,79.662994,7.1422114,4.202613
22.5,120.5,2003-01-01,2003-05-16,135,25,25.465906,27.104742,24.081615,83.43866,2.3321948,6.105957,89.56066,76.01586,3.2512677,1.4344068
22.5,121.5,2003-01-01,2003-05-16,135,25,26.118444,27.100655,25.256748,82.34065,6.0278673,4.604492,86.07535,77.82913,7.21776,4.447108
23.5,121.5,2003-01-01,2003-05-16,135,25,22.374792,24.200352,20.924238,86.42348,2.5300136,11.384277,91.61542,79.2585,3.6906426,1.327736
24.5,120.5,2003-01-01,2003-05-16,135,25,24.543152,25.662554,23.600533,84.39737,5.0171666,6.870117,89.28661,78.913994,6.4327197,3.3890295
23.5,120.5,2003-01-01,2003-05-16,135,25,22.884441,25.280567,20.806616,87.896034,1.6964808,8.793945,94.90837,78.57243,2.7811978,1.0292804
24.5,121.5,2003-01-01,2003-05-16,135,25,21.070965,22.954693,19.573532,87.224945,2.1419291,14.545898,93.00021,79.70396,2.8118234,1.4546967
23.5,120.5,2003-01-01,2003-05-17,136,25,22.888733,25.291485,20.75246,87.353806,1.5222763,10.76416,94.793365,77.529144,2.415738,0.8200662
24.5,120.5,2003-01-01,2003-05-17,136,25,24.650705,25.919756,23.56466,84.56875,3.945329,7.4243164,90.010086,78.86508,5.245202,2.4368048
24.5,121.5,2003-01-01,2003-05-17,136,25,21.196487,23.063047,19.59691,87.48581,2.0826864,15.97168,93.547195,79.61954,2.7472155,1.3495642
22.5,121.5,2003-01-01,2003-05-17,136,25,26.174046,27.052807,25.367037,82.25528,5.309948,8.874512,86.537994,77.48717,6.6771736,3.801941
22.5,120.5,2003-01-01,2003-05-17,136,25,25.614435,27.420078,24.354908,82.582344,2.2419813,6.6137695,89.14847,73.976814,3.1570082,1.3488326
23.5,121.5,2003-01-01,2003-05-17,136,25,22.339533,23.903706,21.01744,86.67763,2.1065757,14.953613,91.278564,80.56667,3.0856504,1.1735383
22.5,121.5,2003-01-01,2003-05-18,137,25,26.31584,27.226416,25.440351,82.74846,4.802149,8.979492,87.436615,77.89078,6.3987274,3.3694754
22.5,120.5,2003-01-01,2003-05-18,137,25,25.78541,27.622793,24.290966,83.05415,2.11808,10.605469,90.55427,74.09045,2.9604633,1.2155263
23.5,121.5,2003-01-01,2003-05-18,137,25,22.582657,24.22084,21.28463,86.79464,2.3167374,13.984375,91.66198,80.20348,3.3135846,1.311955
24.5,121.5,2003-01-01,2003-05-18,137,25,21.413887,23.172207,19.85881,87.72277,2.182533,12.910156,93.306114,80.72041,2.9340842,1.4078186
24.5,120.5,2003-01-01,2003-05-18,137,25,24.818184,26.040264,23.721363,85.160614,3.6941407,4.9072266,90.99558,78.9574,4.9736056,2.2924
23.5,120.5,2003-01-01,2003-05-18,137,25,23.136797,25.538652,21.120268,87.37239,1.3911129,8.703613,95.24941,77.05431,2.2504778,0.75941557
22.5,121.5,2003-01-01,2003-05-19,138,25,26.126158,26.896212,25.410938,83.58694,4.4869466,6.8554688,87.45759,79.09227,5.938315,2.8394992
23.5,120.5,2003-01-01,2003-05-19,138,25,23.035864,25.395987,21.109716,87.71286,1.5378907,13.217773,94.43985,78.03335,2.3738482,0.91983116
24.5,121.5,2003-01-01,2003-05-19,138,25,21.275707,23.082691,19.774767,88.16417,2.0207498,12.416992,93.697266,80.89412,2.6136112,1.3277851
22.5,120.5,2003-01-01,2003-05-19,138,25,25.628912,27.32457,24.295103,83.67965,2.3573012,9.3359375,89.800125,75.09732,3.3775878,1.4659762
24.5,120.5,2003-01-01,2003-05-19,138,25,24.663502,25.827217,23.672407,85.73044,3.4713764,10.725098,90.55417,80.16493,4.8485527,2.052896
23.5,121.5,2003-01-01,2003-05-19,138,25,22.465513,24.115206,21.210337,86.788864,2.0940883,12.3046875,91.609726,80.24623,3.1144335,1.023072
22.5,120.5,2003-01-01,2003-05-20,139,25,25.763315,27.497759,24.564014,83.83246,2.1555548,4.716797,89.57363,75.84275,3.0418048,1.2882117
22.5,121.5,2003-01-01,2003-05-20,139,25,26.36937,27.286816,25.665693,83.5747,4.561113,3.7719727,87.37431,79.10966,6.071064,2.8026755
23.5,121.5,2003-01-01,2003-05-20,139,25,22.6373,24.406075,21.335176,86.997795,2.191658,9.926758,91.88047,80.28982,3.4012585,1.1020492
24.5,120.5,2003-01-01,2003-05-20,139,25,24.744291,25.760536,23.841415,85.85012,3.6274893,6.8115234,90.26436,81.09055,5.0445356,2.0281653
23.5,120.5,2003-01-01,2003-05-20,139,25,23.160835,25.618696,21.11837,87.30319,1.6208124,8.813477,94.19079,77.97535,2.576017,0.9422537
24.5,121.5,2003-01-01,2003-05-20,139,25,21.435698,23.197056,20.007896,88.493225,1.9063492,11.396484,93.87666,81.31181,2.5412698,1.2534705
24.5,120.5,2003-01-01,2003-05-21,140,25,25.050058,26.248367,24.017706,85.09849,4.046632,5.4589844,90.276344,79.35513,5.4416614,2.5836706
23.5,121.5,2003-01-01,2003-05-21,140,25,22.700918,24.394592,21.360424,86.29217,2.125265,11.057129,91.101135,79.56445,3.1125565,1.1990554
24.5,121.5,2003-01-01,2003-05-21,140,25,21.57709,23.580828,19.982023,87.37895,1.9183961,10.187988,93.07338,79.65659,2.574526,1.2633693
22.5,120.5,2003-01-01,2003-05-21,140,25,25.849766,27.5458,24.530264,83.59228,2.1595566,5.9057617,89.60309,75.75549,2.9131372,1.3474425
22.5,121.5,2003-01-01,2003-05-21,140,25,26.298712,27.133879,25.586798,83.78696,4.9097924,7.2875977,87.434296,79.68741,6.15222,3.6568623
23.5,120.5,2003-01-01,2003-05-21,140,25,23.390547,25.832205,21.319014,86.91275,1.6140898,7.9370117,94.54289,76.68853,2.5761306,0.8622541
22.5,121.5,2003-01-01,2003-05-22,141,25,26.401535,27.251421,25.65149,83.26448,4.521259,3.8110352,87.076195,78.64379,5.8551564,3.2095094
22.5,120.5,2003-01-01,2003-05-22,141,25,25.946419,27.582949,24.508188,83.65155,2.2974138,6.3134766,90.28903,75.69133,3.0532553,1.5668563
23.5,121.5,2003-01-01,2003-05-22,141,25,22.888664,24.58562,21.522549,86.47196,1.9762529,6.8945312,91.562225,79.84376,3.0348816,1.1107059
24.5,121.5,2003-01-01,2003-05-22,141,25,22.02798,24.142529,20.232452,86.712166,1.8905516,9.765625,92.98627,77.908455,2.514894,1.2467536
24.5,120.5,2003-01-01,2003-05-22,141,25,25.25597,26.4417,24.162529,85.23883,3.6424832,6.23291,90.011765,79.47746,4.8309264,2.4542506
23.5,120.5,2003-01-01,2003-05-22,141,25,23.491613,25.941792,21.461948,87.058914,1.4384006,9.331055,94.175575,77.32269,2.137239,0.8090657
22.5,121.5,2003-01-01,2003-05-23,142,25,26.52213,27.37062,25.724882,83.94643,5.080717,6.320801,88.05852,79.72682,6.451132,3.4664402
24.5,120.5,2003-01-01,2003-05-23,142,25,25.344883,26.707476,24.167143,85.47506,3.801774,13.613281,90.385605,79.566956,5.1508846,2.338149
24.5,121.5,2003-01-01,2003-05-23,142,25,22.024023,24.217846,20.102507,87.33517,1.9175605,11.745605,94.32582,78.575714,2.5563745,1.2556859
22.5,120.5,2003-01-01,2003-05-23,142,25,25.994844,27.645336,24.648619,84.4725,2.6107502,10.227051,90.39288,77.20903,3.7219856,1.7333065
23.5,120.5,2003-01-01,2003-05-23,142,25,23.570898,26.132055,21.568775,87.03725,1.628884,12.932129,94.23951,76.75224,2.6834474,0.87717456
23.5,121.5,2003-01-01,2003-05-23,142,25,23.050058,24.898697,21.605253,86.82405,2.2457912,8.793945,92.35227,79.31715,3.3488784,1.2734271
24.5,120.5,2003-01-01,2003-05-24,143,25,25.171192,26.41273,24.22418,85.84705,3.7740166,11.723633,91.15068,79.73665,5.0302124,2.268685
22.5,121.5,2003-01-01,2003-05-24,143,25,26.492579,27.388622,25.796558,84.37063,4.7973156,10.864258,87.88958,80.47545,6.301415,2.9010773
22.5,120.5,2003-01-01,2003-05-24,143,25,25.965567,27.664062,24.60308,84.44516,2.6925106,15.620117,90.79363,76.40695,3.8480735,1.6427581
24.5,121.5,2003-01-01,2003-05-24,143,25,21.780157,23.729643,20.343987,88.08084,2.0051012,13.864746,94.09895,80.16538,2.7257006,1.4021134
23.5,121.5,2003-01-01,2003-05-24,143,25,22.866718,24.518257,21.699219,87.43851,2.286858,15.03418,92.11091,80.8478,3.2813425,1.2464128
23.5,120.5,2003-01-01,2003-05-24,143,25,23.409023,25.773418,21.599653,87.609085,1.5531653,20.119629,94.43916,77.51035,2.590722,0.7498979
23.5,120.5,2003-01-01,2003-05-25,144,25,23.676699,26.002924,21.64105,86.782135,1.7567887,10.170898,94.27842,76.715706,2.699218,1.1029037
22.5,121.5,2003-01-01,2003-05-25,144,25,26.702753,27.614164,25.915264,84.085724,4.6892405,7.373047,88.37232,79.65856,6.3361607,2.998352
24.5,121.5,2003-01-01,2003-05-25,144,25,22.036348,24.060585,20.38827,87.641495,2.0890412,10.773926,93.739914,78.99183,2.7783237,1.4450108
23.5,121.5,2003-01-01,2003-05-25,144,25,23.161953,24.839375,21.771797,87.106476,2.3286078,12.436523,92.20165,80.16138,3.5109916,1.2373986
24.5,120.5,2003-01-01,2003-05-25,144,25,25.417871,26.612267,24.371235,85.19221,4.150643,8.166504,90.28591,79.2141,5.6436396,2.736979
22.5,120.5,2003-01-01,2003-05-25,144,25,26.180567,27.865429,24.764458,83.622635,2.6632864,8.874512,90.33044,75.7504,3.8744378,1.6387231
23.5,121.5,2003-01-01,2003-05-26,145,25,23.270733,24.833946,22.037294,87.82826,2.121665,10.695801,92.60314,81.359985,3.2670739,1.0103253
24.5,121.5,2003-01-01,2003-05-26,145,25,22.166767,24.0619,20.61463,88.17525,2.0143278,13.522949,94.09662,80.67989,2.695737,1.4382591
22.5,120.5,2003-01-01,2003-05-26,145,25,26.25792,27.970034,24.945307,84.014305,2.5887823,6.713867,90.43363,75.7639,3.7906792,1.5848715
24.5,120.5,2003-01-01,2003-05-26,145,25,25.415634,26.7008,24.304083,85.53176,3.9073937,12.3828125,90.868965,79.19802,5.34862,2.3614283
22.5,121.5,2003-01-01,2003-05-26,145,25,26.851845,27.769732,26.043808,84.59096,4.8446717,5.2001953,89.01181,79.51921,6.5403357,2.9795172
23.5,120.5,2003-01-01,2003-05-26,145,25,23.73044,25.992592,21.734917,87.39633,1.6185237,14.538574,94.801796,77.46332,2.6926522,0.7777952
23.5,120.5,2003-01-01,2003-05-27,146,25,23.859886,26.215918,21.892485,86.18763,1.5045595,6.1743164,93.37403,76.20315,2.4045506,0.7628446
23.5,121.5,2003-01-01,2003-05-27,146,25,23.193655,24.714512,21.947691,87.59728,2.1112857,7.998047,91.9108,81.81422,3.0067258,1.248102
24.5,121.5,2003-01-01,2003-05-27,146,25,22.073948,24.157402,20.367052,87.466286,1.8214947,10.458984,94.0841,78.868454,2.4740424,1.182678
24.5,120.5,2003-01-01,2003-05-27,146,25,25.39676,26.668995,24.288515,84.84753,3.578486,5.715332,90.23253,78.94832,4.9520216,2.0285337
22.5,121.5,2003-01-01,2003-05-27,146,25,26.655842,27.501734,25.99123,84.49,4.3413444,3.815918,87.90394,80.46803,5.855451,2.8103373
22.5,120.5,2003-01-01,2003-05-27,146,25,26.32504,28.022636,24.936895,83.491066,2.103972,3.9941406,89.90279,75.67788,2.9919007,1.3291016
23.5,121.5,2003-01-01,2003-05-28,147,25,23.358637,25.062866,22.054926,87.142815,2.1637783,10.10498,92.06903,80.28058,3.248461,1.1027768
23.5,120.5,2003-01-01,2003-05-28,147,25,23.931059,26.376406,21.966187,85.87116,1.6378573,10.483398,93.5257,75.72283,2.4857366,0.99171746
22.5,121.5,2003-01-01,2003-05-28,147,25,26.86479,27.711197,26.164995,83.734245,4.883937,5.930176,87.41875,79.594215,6.2221565,3.3669596
24.5,121.5,2003-01-01,2003-05-28,147,25,22.334986,24.401207,20.669405,86.954056,1.807913,9.145508,93.43344,78.374825,2.4397588,1.2117804
22.5,120.5,2003-01-01,2003-05-28,147,25,26.271997,27.937788,24.992857,83.59134,2.3390236,9.487305,89.65661,75.67192,3.3549247,1.3667637
24.5,120.5,2003-01-01,2003-05-28,147,25,25.67319,26.981928,24.60663,84.45401,3.9950998,6.7626953,89.821594,78.34226,5.1565747,2.7419508
24.5,121.5,2003-01-01,2003-05-29,148,25,22.229013,24.279531,20.612267,88.00318,1.8115971,13.591309,94.216484,79.3775,2.5584471,1.1351601
22.5,120.5,2003-01-01,2003-05-29,148,25,26.33835,27.946499,25.090176,84.159836,2.3077822,12.072754,90.09863,76.816925,3.3094714,1.3953699
24.5,120.5,2003-01-01,2003-05-29,148,25,25.498838,26.780396,24.45644,85.84695,4.164239,12.087402,90.716774,80.477615,5.4825616,2.5938866
22.5,121.5,2003-01-01,2003-05-29,148,25,26.920147,27.860806,26.065527,84.61969,4.5383387,5.708008,88.58281,80.056404,6.356626,2.7533882
23.5,120.5,2003-01-01,2003-05-29,148,25,23.865498,26.144863,21.887539,87.265495,1.5661005,14.006348,94.50671,77.92659,2.488242,0.85704523
23.5,121.5,2003-01-01,2003-05-29,148,25,23.419834,25.152782,22.057934,87.597855,2.1907291,10.5859375,92.71499,80.541595,3.226445,1.1379583
23.5,121.5,2003-01-01,2003-05-30,149,25,23.415627,24.97398,22.206715,87.23714,2.0080004,9.238281,91.76719,81.33133,2.9188318,1.1420765
24.5,121.5,2003-01-01,2003-05-30,149,25,22.226252,24.023287,20.80419,87.79381,1.6418682,10.34668,93.088615,80.834564,2.436824,0.99090385
22.5,121.5,2003-01-01,2003-05-30,149,25,26.859612,27.725391,26.140015,84.739815,4.7557135,3.8671875,88.30591,80.838585,6.066371,3.2433548
24.5,120.5,2003-01-01,2003-05-30,149,25,25.574884,26.765509,24.609873,84.9476,3.9765797,8.752441,90.58818,78.666534,5.2538843,2.6932497
22.5,120.5,2003-01-01,2003-05-30,149,25,26.359007,27.877495,25.051739,84.61545,2.2737746,9.11377,90.931,77.47537,3.2684326,1.4664606
23.5,120.5,2003-01-01,2003-05-30,149,25,23.94049,26.1018,22.108208,87.27944,1.563244,10.283203,94.46407,78.13052,2.3511927,0.93903166
23.5,120.5,2003-01-01,2003-05-31,150,25,24.112133,26.206099,22.253822,87.25629,1.6498096,14.189453,94.06624,78.88627,2.5866024,0.98336923
23.5,121.5,2003-01-01,2003-05-31,150,25,23.54268,25.064775,22.272202,87.39111,1.8335578,10.649414,92.70286,80.847244,2.877522,0.8918182
24.5,121.5,2003-01-01,2003-05-31,150,25,22.515083,24.408134,20.984034,88.1388,1.5747551,11.882324,94.32264,80.18619,2.0829163,1.0349995
22.5,121.5,2003-01-01,2003-05-31,150,25,27.05942,27.948017,26.271606,84.08193,4.463193,4.375,88.155685,79.61995,6.100883,2.9252992
24.5,120.5,2003-01-01,2003-05-31,150,25,25.82026,27.014004,24.871109,85.701866,3.7734017,8.87207,90.330925,80.36082,5.153366,2.5668092
22.5,120.5,2003-01-01,2003-05-31,150,25,26.476744,28.043053,25.24958,84.28489,2.4145942,9.887695,90.33252,77.06102,3.5386307,1.532298
