latitude,longitude,init_date,valid_date,lead_day,ens_n,t2m_C,t2m_C_max,t2m_C_min,rh_pct,wind_mps,tp_mm_mean,rh_pct_max,rh_pct_min,wind_mps_max,wind_mps_min
22.0,120.0,2011-03-01,2011-03-01,0,25,21.972662,23.931791,20.665625,81.53934,5.6846604,0.0,87.09045,73.3873,6.582301,4.184811
24.0,122.0,2011-03-01,2011-03-01,0,25,18.255068,20.632305,16.350948,81.92272,8.146637,0.0,84.115685,79.40372,9.092602,7.1794457
25.0,121.0,2011-03-01,2011-03-01,0,25,15.164792,17.036057,13.669293,82.235,10.0924225,0.0,83.245125,81.32162,10.58523,9.458719
24.0,121.0,2011-03-01,2011-03-01,0,25,16.759039,19.457125,14.739215,83.19577,7.4462776,0.0,87.14755,77.1654,8.070196,6.459434
23.0,122.0,2011-03-01,2011-03-01,0,25,19.672134,21.83607,17.82404,82.511444,7.152979,0.0,86.936134,77.55205,9.064413,4.0803556
24.0,120.0,2011-03-01,2011-03-01,0,25,17.258184,19.069649,15.868287,84.180664,10.852639,0.0,85.51931,82.95031,11.834506,9.515621
23.0,121.0,2011-03-01,2011-03-01,0,25,19.276804,22.260845,17.10707,82.2883,3.9962363,0.0,88.96342,71.382286,4.68998,3.0000978
25.0,122.0,2011-03-01,2011-03-01,0,25,16.647804,18.206915,15.264684,81.10103,10.770909,0.0,84.3187,78.59474,11.505241,10.073779
22.0,122.0,2011-03-01,2011-03-01,0,25,22.5134,23.570581,21.310688,81.55247,9.130734,0.0,84.05351,79.71651,12.87608,4.7934237
23.0,120.0,2011-03-01,2011-03-01,0,25,19.77442,21.869492,18.237204,83.10831,7.532259,0.0,87.3195,76.70398,8.415413,6.2593203
22.0,121.0,2011-03-01,2011-03-01,0,25,22.118362,23.998194,20.593418,81.1722,5.7960253,0.0,86.04534,73.85358,8.153106,3.2834496
25.0,120.0,2011-03-01,2011-03-01,0,25,14.349902,16.454893,12.62252,82.44331,9.065195,0.0,84.49912,81.024826,9.811662,8.063294
22.0,121.0,2011-03-01,2011-03-02,1,25,19.813599,20.690624,18.893356,76.22474,7.721122,1.2771262,78.28117,72.62733,8.708982,6.824629
24.0,120.0,2011-03-01,2011-03-02,1,25,15.797456,16.115334,15.516441,79.08974,11.181646,0.34552002,80.73871,77.322174,12.200035,9.970996
24.0,121.0,2011-03-01,2011-03-02,1,25,14.558542,15.622306,13.908805,80.19292,7.231729,3.0986679,82.612,76.21796,8.120105,6.011096
25.0,121.0,2011-03-01,2011-03-02,1,25,14.01027,14.361911,13.380143,75.41616,9.308627,0.8745946,77.9749,73.326775,10.386957,8.114457
23.0,122.0,2011-03-01,2011-03-02,1,25,16.7332,17.509624,16.0492,79.25958,7.9786787,3.6849868,81.16819,77.15535,9.345531,6.415097
23.0,121.0,2011-03-01,2011-03-02,1,25,16.437422,17.865303,15.290744,80.05918,3.8767974,3.587507,82.60877,74.55229,4.6269403,3.1836317
24.0,122.0,2011-03-01,2011-03-02,1,25,15.377839,16.005402,14.907882,78.96445,7.146142,4.9063864,81.23504,77.07262,8.350351,5.79271
22.0,120.0,2011-03-01,2011-03-02,1,25,20.05043,20.954248,19.21986,77.08501,6.189775,2.653693,79.429535,73.02631,6.858269,5.704679
25.0,120.0,2011-03-01,2011-03-02,1,25,12.474715,13.062994,12.051554,74.12724,9.306768,0.1334181,77.89826,69.72036,10.2960825,8.272963
25.0,122.0,2011-03-01,2011-03-02,1,25,14.818942,15.273975,14.290417,74.335785,9.217221,2.6749363,76.96909,71.893974,10.373985,7.9210567
23.0,120.0,2011-03-01,2011-03-02,1,25,17.678623,18.347248,17.152828,78.96783,7.8692408,0.82819366,80.79245,75.86075,8.64416,7.0924354
22.0,122.0,2011-03-01,2011-03-02,1,25,20.107813,20.736967,19.640543,75.523224,11.835034,1.3761176,77.129745,74.034546,13.405315,10.079369
24.0,120.0,2011-03-01,2011-03-03,2,25,16.041664,16.595173,15.649059,77.15387,10.428318,0.17419814,79.01288,74.65577,11.320263,9.520431
22.0,120.0,2011-03-01,2011-03-03,2,25,19.644075,20.557201,19.019943,75.541794,5.660594,2.0539095,79.24995,70.57067,6.308588,4.94427
23.0,121.0,2011-03-01,2011-03-03,2,25,16.0464,17.676876,14.999752,79.407074,3.470072,5.6966877,83.792274,72.2122,4.0380015,2.9080706
25.0,122.0,2011-03-01,2011-03-03,2,25,15.5716915,15.890133,15.156051,72.00646,8.884159,3.7152197,74.4716,69.40952,10.209359,7.6113105
24.0,122.0,2011-03-01,2011-03-03,2,25,15.465127,16.4325,14.697672,78.088165,6.7211394,7.9450703,81.02814,74.55221,7.809949,5.406688
25.0,121.0,2011-03-01,2011-03-03,2,25,14.571987,15.186017,14.101485,73.19777,8.888748,0.97208023,75.60819,70.97516,9.810959,8.051284
24.0,121.0,2011-03-01,2011-03-03,2,25,14.452018,15.852111,13.600885,79.4755,6.681922,5.1857185,82.370125,74.05643,7.300938,5.866627
22.0,121.0,2011-03-01,2011-03-03,2,25,19.536673,20.438395,18.84343,73.86557,6.4467773,1.362238,77.8945,69.09657,7.158475,5.6011753
23.0,122.0,2011-03-01,2011-03-03,2,25,16.611647,17.59776,15.811994,77.6104,6.8401027,6.1388397,81.24045,73.049095,7.9179645,5.8691573
23.0,120.0,2011-03-01,2011-03-03,2,25,17.63938,18.4171,17.162775,77.08602,7.228723,0.6657982,80.047585,72.89135,7.8773265,6.610877
22.0,122.0,2011-03-01,2011-03-03,2,25,20.101007,20.494228,19.580103,72.28799,9.895184,1.8050672,75.91379,69.295265,11.055085,8.77087
25.0,120.0,2011-03-01,2011-03-03,2,25,12.955043,14.190612,12.276769,73.14875,8.755963,0.17878531,76.06835,68.9843,9.388954,8.0969925
24.0,121.0,2011-03-01,2011-03-04,3,25,14.673715,16.013536,13.8903475,77.377,5.1701226,3.2990777,81.75317,69.90119,7.0895357,2.3629985
22.0,121.0,2011-03-01,2011-03-04,3,25,19.209743,20.133844,18.629122,72.46328,7.689352,1.6804445,75.50593,67.879135,8.235477,7.0301313
25.0,121.0,2011-03-01,2011-03-04,3,25,15.908817,16.623625,14.792501,70.14206,7.353998,0.36197078,75.04523,64.48837,9.252728,4.547449
24.0,120.0,2011-03-01,2011-03-04,3,25,17.208588,17.942286,16.400759,74.027374,7.9222083,0.10640516,78.005035,68.62592,10.189993,4.557018
25.0,120.0,2011-03-01,2011-03-04,3,25,14.052621,15.339308,13.111905,70.727936,7.5818877,0.04878416,77.23309,63.37961,9.357189,4.9141407
23.0,122.0,2011-03-01,2011-03-04,3,25,15.98765,16.526188,15.575739,75.89555,6.7727656,4.000992,79.15936,73.03439,8.254912,4.8842373
25.0,122.0,2011-03-01,2011-03-04,3,25,16.37182,17.530397,15.411813,67.24333,8.371484,1.7729036,70.111206,64.75208,9.779315,6.7787867
23.0,121.0,2011-03-01,2011-03-04,3,25,15.562141,17.066011,14.716618,76.765114,3.4677625,3.737272,80.71431,69.22108,4.363512,2.4952493
23.0,120.0,2011-03-01,2011-03-04,3,25,18.106142,18.993767,17.568707,73.4557,5.9234066,0.52907354,76.61794,67.96093,7.296198,4.329658
22.0,122.0,2011-03-01,2011-03-04,3,25,19.633678,19.912268,19.349533,71.765015,10.996834,1.9443356,74.593544,68.628334,12.056408,9.534715
24.0,122.0,2011-03-01,2011-03-04,3,25,15.147281,15.624118,14.559831,74.08581,5.8019466,4.7171535,77.55,71.338486,7.58502,3.9723618
22.0,120.0,2011-03-01,2011-03-04,3,25,19.69438,20.69731,19.113838,72.593285,7.652694,1.6780701,76.113594,67.08202,8.4274435,6.9045677
25.0,121.0,2011-03-01,2011-03-05,4,25,18.01992,19.179058,17.305426,78.39773,2.719952,0.63181573,85.25444,71.65635,3.809364,1.663148
24.0,122.0,2011-03-01,2011-03-05,4,25,17.849348,18.721783,16.429577,71.6167,4.558749,2.692553,75.12794,66.927414,5.1528797,3.963973
25.0,120.0,2011-03-01,2011-03-05,4,25,15.153389,17.15133,14.055856,81.54919,2.9599497,0.70522964,90.89676,71.75348,4.2155213,1.6365755
22.0,122.0,2011-03-01,2011-03-05,4,25,21.027369,21.821255,20.127628,69.71491,7.8310146,4.7441163,73.059296,66.9032,8.993687,6.806023
23.0,121.0,2011-03-01,2011-03-05,4,25,17.273117,19.390753,15.800187,76.19668,2.5907962,4.1206994,82.26063,65.749,3.0797608,2.0852768
23.0,122.0,2011-03-01,2011-03-05,4,25,17.921389,18.81034,16.629,73.06104,4.097852,3.6204593,76.622986,67.954956,4.741486,3.2474673
23.0,120.0,2011-03-01,2011-03-05,4,25,19.203188,20.510098,18.363506,75.56984,3.364874,3.3122318,81.98842,66.85919,4.170597,2.5371056
25.0,122.0,2011-03-01,2011-03-05,4,25,19.779108,20.398033,18.672876,69.84922,6.153728,0.831076,73.81022,66.46599,7.2573304,4.992188
22.0,121.0,2011-03-01,2011-03-05,4,25,20.37958,21.345654,19.331837,72.5116,6.3436456,5.246684,77.50759,66.2799,7.027524,5.6959767
24.0,120.0,2011-03-01,2011-03-05,4,25,17.994875,18.914955,17.500568,79.923515,2.9041047,1.6886204,86.36495,73.523094,3.983898,1.7405653
22.0,120.0,2011-03-01,2011-03-05,4,25,20.817303,21.863754,19.836817,73.5947,7.581944,4.7786202,78.39408,67.32893,8.213261,6.85768
24.0,121.0,2011-03-01,2011-03-05,4,25,16.0725,17.802977,15.14608,80.583206,1.33712,2.4933307,86.64257,72.17345,1.9298503,0.6604497
22.0,121.0,2011-03-01,2011-03-06,5,25,22.15354,23.097916,21.12434,79.82543,5.7831593,8.626042,86.31812,72.98128,6.5088887,4.984301
24.0,120.0,2011-03-01,2011-03-06,5,25,19.7831,20.873867,18.50611,84.07533,3.3941429,14.31162,89.64879,76.72615,5.0255766,1.7344333
22.0,120.0,2011-03-01,2011-03-06,5,25,22.47951,23.437227,21.482065,80.626434,6.5022087,7.789804,87.23941,73.447266,7.7343683,5.113466
24.0,122.0,2011-03-01,2011-03-06,5,25,20.062378,21.087475,18.954226,78.44215,5.787176,10.305024,85.84947,71.55688,6.812736,4.4026246
25.0,122.0,2011-03-01,2011-03-06,5,25,21.05074,21.601353,20.476486,79.01522,5.509065,11.3409815,85.56465,73.65078,6.7192597,4.3109455
23.0,121.0,2011-03-01,2011-03-06,5,25,19.325756,21.368067,17.81984,81.97092,3.0013642,10.456564,89.95892,70.92615,3.856257,2.147786
24.0,121.0,2011-03-01,2011-03-06,5,25,18.101816,19.959702,16.671974,84.2589,2.0195508,12.570649,90.628105,74.59475,3.1018317,0.894158
25.0,121.0,2011-03-01,2011-03-06,5,25,19.10793,20.426844,18.226452,84.770584,2.0613372,13.581773,90.325516,77.161964,3.4363782,0.93637115
25.0,120.0,2011-03-01,2011-03-06,5,25,17.202248,19.16776,15.564396,86.414055,2.1024468,13.006135,92.640976,75.98624,3.3862488,0.95453525
23.0,120.0,2011-03-01,2011-03-06,5,25,21.01381,22.238272,19.655943,81.790825,4.2296085,12.19822,89.0685,72.90204,5.349538,3.10574
23.0,122.0,2011-03-01,2011-03-06,5,25,20.08982,21.180391,18.913073,80.13036,4.5728126,8.716908,87.20418,73.114716,5.452065,3.4977252
22.0,122.0,2011-03-01,2011-03-06,5,25,22.917486,23.447754,22.195118,78.18645,7.1831813,6.878454,83.79746,73.513145,8.098239,6.3812385
24.0,122.0,2011-03-01,2011-03-07,6,25,19.792816,21.903555,17.486837,85.205505,6.9588027,13.858445,88.91566,81.2209,9.359532,3.7508771
22.0,120.0,2011-03-01,2011-03-07,6,25,22.720922,24.273409,20.935732,88.404785,4.95442,10.154222,91.5558,84.181404,6.430891,3.5032902
25.0,120.0,2011-03-01,2011-03-07,6,25,15.848213,18.60779,13.16171,85.8142,7.0747766,15.925153,92.23675,78.047676,10.605008,2.8506074
22.0,122.0,2011-03-01,2011-03-07,6,25,23.438927,24.424858,21.963003,85.45303,8.932477,5.410645,88.56163,81.64369,11.277362,7.32925
22.0,121.0,2011-03-01,2011-03-07,6,25,22.720806,24.181704,21.06706,87.49617,5.576442,9.561608,91.033455,83.53384,7.1024785,4.3340583
24.0,120.0,2011-03-01,2011-03-07,6,25,19.035883,21.37416,16.307735,87.35595,8.022273,14.623673,91.824455,82.00489,12.446073,3.4850345
25.0,121.0,2011-03-01,2011-03-07,6,25,17.208958,19.690449,14.699996,85.32942,7.8741612,19.880308,90.76467,79.02068,11.557054,3.285695
24.0,121.0,2011-03-01,2011-03-07,6,25,18.101736,20.630665,15.480055,87.15692,5.3598714,17.416586,91.13418,82.66619,8.256833,2.193486
25.0,122.0,2011-03-01,2011-03-07,6,25,18.884193,21.124994,16.687302,83.48018,8.901288,16.369146,88.62504,77.119415,12.39471,3.8652678
23.0,120.0,2011-03-01,2011-03-07,6,25,20.947935,22.90936,18.647736,88.59588,5.937958,11.572488,92.21641,84.486084,8.745049,3.475148
23.0,121.0,2011-03-01,2011-03-07,6,25,20.012175,22.442787,17.833536,88.45083,3.2673142,14.373774,92.40084,82.37898,4.7842793,1.882809
23.0,122.0,2011-03-01,2011-03-07,6,25,20.730183,22.591421,18.745163,86.27783,6.562179,10.239307,89.65551,82.5714,9.192495,3.9952865
23.0,121.0,2011-03-01,2011-03-08,7,25,16.24271,17.651613,14.666491,81.87292,4.4398594,7.491451,85.83542,78.20925,4.8603725,3.8252282
23.0,122.0,2011-03-01,2011-03-08,7,25,16.89495,18.043703,15.64274,78.380615,8.868078,5.5155516,81.49774,75.78729,9.777401,7.5250487
22.0,122.0,2011-03-01,2011-03-08,7,25,20.18756,21.121704,19.375753,75.38793,12.265403,1.8106798,79.0094,72.395515,13.370601,10.680346
25.0,122.0,2011-03-01,2011-03-08,7,25,15.711134,16.144722,15.237931,70.09957,10.563377,2.7925067,74.13416,66.334564,11.940246,8.652727
25.0,120.0,2011-03-01,2011-03-08,7,25,13.049265,13.962135,12.339752,69.55,9.788364,0.77506614,74.76738,63.968674,10.6338625,8.678699
23.0,120.0,2011-03-01,2011-03-08,7,25,17.657265,18.362047,16.9882,78.88439,8.476745,3.459316,83.15265,75.37599,9.215,7.4934387
24.0,121.0,2011-03-01,2011-03-08,7,25,14.503095,15.77382,13.399097,78.648865,8.093931,5.340858,81.992744,75.33606,8.834833,6.896437
24.0,122.0,2011-03-01,2011-03-08,7,25,15.761543,16.777512,14.647711,76.71986,8.397129,6.5312343,80.12033,73.98805,9.424244,6.828855
22.0,120.0,2011-03-01,2011-03-08,7,25,19.521837,20.406061,18.567204,80.94027,6.1566534,6.907821,85.2101,77.8529,6.988659,5.365082
24.0,120.0,2011-03-01,2011-03-08,7,25,15.914436,16.511211,15.441315,75.76943,12.07301,1.3137778,79.57748,72.42869,13.104748,10.57921
25.0,121.0,2011-03-01,2011-03-08,7,25,14.465906,15.033619,13.968234,71.76264,10.258436,1.5969425,75.93188,68.365135,11.293453,8.762352
22.0,121.0,2011-03-01,2011-03-08,7,25,19.534937,20.529991,18.428316,78.659035,7.7990875,3.7950091,83.02435,75.51519,8.48142,6.869759
24.0,120.0,2011-03-01,2011-03-09,8,25,16.588606,17.153873,15.985661,73.23997,8.760792,0.67370176,76.39596,69.7384,10.030066,7.204773
24.0,122.0,2011-03-01,2011-03-09,8,25,15.668916,16.37934,14.780143,72.74648,5.5527234,5.077256,76.40032,69.15059,6.661362,4.193627
25.0,121.0,2011-03-01,2011-03-09,8,25,15.421399,15.995946,14.693648,69.76199,6.8852105,1.3236694,73.42635,65.931595,8.252368,5.189629
22.0,121.0,2011-03-01,2011-03-09,8,25,19.189426,20.052021,18.491817,72.74949,6.17045,1.155785,76.16916,68.22701,7.18215,5.34993
24.0,121.0,2011-03-01,2011-03-09,8,25,14.518572,15.725512,13.6598015,77.05382,5.4856,3.9233096,80.88445,71.93059,6.4052,4.263371
22.0,120.0,2011-03-01,2011-03-09,8,25,19.276793,20.121899,18.655651,74.960144,5.466006,2.3091009,78.73672,70.02207,6.588401,4.6354213
25.0,122.0,2011-03-01,2011-03-09,8,25,16.556269,17.162218,15.808761,65.976585,6.98933,2.4734957,69.76588,62.41713,8.362699,5.3275175
25.0,120.0,2011-03-01,2011-03-09,8,25,13.485618,14.901163,12.650265,71.58661,6.990101,0.53639203,78.590355,64.220695,8.348622,5.431538
23.0,120.0,2011-03-01,2011-03-09,8,25,17.779245,18.555502,17.149532,73.92799,6.2952137,0.881469,77.39446,69.44566,7.2167077,5.4333563
22.0,122.0,2011-03-01,2011-03-09,8,25,19.944717,20.307898,19.41357,69.49948,9.324733,1.0186087,72.66281,66.582634,10.720873,7.984229
23.0,122.0,2011-03-01,2011-03-09,8,25,16.458883,17.17583,15.65362,74.20295,6.1997623,4.006814,77.313866,70.96959,7.2858524,5.0127563
23.0,121.0,2011-03-01,2011-03-09,8,25,15.703396,17.166317,14.728903,77.82594,3.0686624,4.1422353,81.98029,71.19267,3.7500134,2.4276304
23.0,122.0,2011-03-01,2011-03-10,9,25,16.795185,17.826952,15.986842,69.408195,5.908149,2.6782064,73.75143,64.839836,6.97503,4.717038
25.0,122.0,2011-03-01,2011-03-10,9,25,17.485283,18.121578,16.813482,61.260677,6.7754235,1.8181456,65.705246,57.643436,7.990239,5.567719
22.0,122.0,2011-03-01,2011-03-10,9,25,20.074757,20.502113,19.60461,65.09018,9.175434,0.7626954,68.57135,62.09234,10.493661,7.8913226
25.0,120.0,2011-03-01,2011-03-10,9,25,14.382549,16.244242,13.142208,71.49974,5.7894444,0.13836159,79.08556,61.544098,6.944787,4.223545
22.0,121.0,2011-03-01,2011-03-10,9,25,19.403397,20.458605,18.620255,68.524994,6.233102,0.7716228,73.07829,63.05457,7.217435,5.2577868
24.0,120.0,2011-03-01,2011-03-10,9,25,17.309134,18.172888,16.665573,70.088806,7.2867293,0.1716248,75.5492,64.14233,8.82495,5.027404
24.0,122.0,2011-03-01,2011-03-10,9,25,16.23692,17.17745,15.405279,67.58645,5.129734,3.6908557,71.87599,62.84233,6.125558,3.9031305
25.0,121.0,2011-03-01,2011-03-10,9,25,16.358978,17.192413,15.609723,66.44276,6.347172,0.4957808,72.38063,60.850407,7.356415,5.238008
23.0,120.0,2011-03-01,2011-03-10,9,25,18.344683,19.376783,17.647896,69.80544,5.475909,0.48849487,74.918976,63.622902,6.4880967,4.192948
23.0,121.0,2011-03-01,2011-03-10,9,25,16.123352,18.012438,14.96732,73.24281,3.0369842,2.6859884,78.92036,64.83455,3.6523767,2.416625
24.0,121.0,2011-03-01,2011-03-10,9,25,15.09479,16.722792,14.064792,73.459145,4.7211266,2.3610528,79.31322,65.745384,5.698952,3.3082395
22.0,120.0,2011-03-01,2011-03-10,9,25,19.68561,20.746181,18.93385,69.89167,5.99452,1.1807112,74.86895,63.711056,7.038097,4.9672527
24.0,120.0,2011-03-01,2011-03-11,10,25,17.86032,18.877428,17.219006,72.14548,4.1979237,0.10567032,78.102516,65.05521,5.330944,2.9357226
22.0,121.0,2011-03-01,2011-03-11,10,25,19.491674,20.522432,18.675396,67.97542,6.11911,0.61733687,73.16369,61.949707,7.179315,5.2466626
25.0,122.0,2011-03-01,2011-03-11,10,25,18.489758,19.02327,17.783356,63.662716,6.283196,0.83504045,69.12529,59.726566,7.4104795,5.267437
23.0,122.0,2011-03-01,2011-03-11,10,25,17.007826,18.023308,16.18087,69.31789,5.0188656,1.808894,73.80572,64.05478,6.001684,3.9884284
22.0,120.0,2011-03-01,2011-03-11,10,25,19.898674,21.035172,19.04962,68.64452,6.2377696,0.8000594,74.04947,61.935402,7.2103744,5.444863
25.0,121.0,2011-03-01,2011-03-11,10,25,17.191317,18.27971,16.481726,70.444305,4.561225,0.28354943,77.604706,63.554432,5.8952236,3.2618568
24.0,121.0,2011-03-01,2011-03-11,10,25,15.4408455,17.284761,14.35944,75.051056,2.8913288,1.630557,81.82835,65.638664,3.8594394,1.8973123
24.0,122.0,2011-03-01,2011-03-11,10,25,16.756155,17.722366,15.840148,67.65723,4.5699673,2.1848326,72.74834,62.455547,5.2787848,3.775019
25.0,120.0,2011-03-01,2011-03-11,10,25,15.0732,17.267265,13.792276,74.84766,3.7435846,0.093005255,83.60618,63.943954,5.025666,2.4035597
22.0,122.0,2011-03-01,2011-03-11,10,25,20.182241,20.597857,19.662914,64.62708,8.502544,0.49473244,68.01482,61.863083,9.883903,7.200754
23.0,120.0,2011-03-01,2011-03-11,10,25,18.745396,19.948969,17.94324,70.28406,3.609883,0.3997074,76.346405,62.417656,4.5746574,2.591481
23.0,121.0,2011-03-01,2011-03-11,10,25,16.316738,18.335848,15.015948,73.14322,2.632724,1.9305451,79.87447,62.941185,3.305376,1.9921097
23.0,120.0,2011-03-01,2011-03-12,11,25,19.628347,21.06228,18.601042,72.66594,2.7920127,0.28624707,80.241554,63.374134,3.8209128,1.7793611
22.0,122.0,2011-03-01,2011-03-12,11,25,21.20459,21.655493,20.54022,67.46547,6.577766,0.55217135,72.27595,63.50521,8.076889,5.1179423
23.0,121.0,2011-03-01,2011-03-12,11,25,17.362879,19.84505,15.947833,75.160034,2.1133137,1.3531417,83.43085,62.790962,2.8397994,1.3459522
25.0,122.0,2011-03-01,2011-03-12,11,25,19.49185,20.021507,18.711153,69.212555,5.3328443,0.7790666,74.63781,65.32866,6.9076934,3.9000874
22.0,120.0,2011-03-01,2011-03-12,11,25,20.801262,22.078833,19.863068,70.295166,5.512154,0.4260939,76.712364,62.626835,6.5162354,4.4014225
25.0,121.0,2011-03-01,2011-03-12,11,25,18.052446,19.327374,17.117374,75.109474,3.3217764,0.17001328,82.26033,66.86272,4.6437273,2.1408212
24.0,121.0,2011-03-01,2011-03-12,11,25,16.465403,18.726566,15.2017,77.29687,2.1039438,1.2092127,84.20936,66.22927,3.1118526,1.2373425
22.0,121.0,2011-03-01,2011-03-12,11,25,20.458576,21.707798,19.493238,70.14564,4.9475517,0.48140734,76.86077,62.51988,6.0564947,3.935311
23.0,122.0,2011-03-01,2011-03-12,11,25,18.109047,19.42547,17.105728,72.01902,3.8262393,1.4246291,77.880646,64.92935,4.8046837,2.808465
24.0,122.0,2011-03-01,2011-03-12,11,25,17.922792,19.061552,16.914087,71.031334,4.1897054,1.8220444,76.56579,65.23537,5.276285,3.1321325
25.0,120.0,2011-03-01,2011-03-12,11,25,16.147667,18.67067,14.582052,78.21881,2.6397266,0.10905025,87.12615,65.9252,3.8404434,1.3367304
24.0,120.0,2011-03-01,2011-03-12,11,25,18.722498,19.939354,17.823345,74.73008,2.8406374,0.1480072,80.88997,66.723816,4.2951837,1.5223753
22.0,120.0,2011-03-01,2011-03-13,12,25,21.683897,23.0973,20.69705,75.509,4.3330956,0.43732467,82.15556,67.05029,5.5119777,3.1888392
24.0,120.0,2011-03-01,2011-03-13,12,25,19.738508,21.100971,18.723213,77.93903,3.047077,0.73102605,83.99134,69.623825,4.5311775,1.7369996
23.0,122.0,2011-03-01,2011-03-13,12,25,19.304499,20.865923,18.306046,77.537605,3.676938,1.5638815,84.05893,69.3826,4.5761995,2.64038
25.0,121.0,2011-03-01,2011-03-13,12,25,18.871521,20.290552,17.91107,79.04029,3.4316025,1.0255893,84.71635,70.78703,4.6552052,2.177901
24.0,122.0,2011-03-01,2011-03-13,12,25,19.211967,20.620928,18.22859,76.16271,4.300108,2.419976,82.05114,69.22838,5.526291,3.0362442
24.0,121.0,2011-03-01,2011-03-13,12,25,17.722853,20.3367,16.347584,79.70651,2.4366505,1.6440665,86.9347,67.32411,3.4806943,1.3698064
22.0,121.0,2011-03-01,2011-03-13,12,25,21.401768,22.77083,20.385025,75.97546,4.1740184,0.5082395,82.815575,67.47628,5.218452,3.1152375
23.0,121.0,2011-03-01,2011-03-13,12,25,18.570976,21.428726,17.01676,78.94392,1.932452,1.4848408,87.45867,64.85968,2.7709801,1.1417794
25.0,120.0,2011-03-01,2011-03-13,12,25,17.319843,19.941896,15.6392,80.6343,3.0843377,0.9912567,88.12875,67.95145,4.576895,1.5600531
22.0,122.0,2011-03-01,2011-03-13,12,25,22.135038,22.544693,21.537373,74.92285,5.8360224,0.5874707,79.928505,71.08865,6.9660378,4.7433095
25.0,122.0,2011-03-01,2011-03-13,12,25,20.342545,20.841211,19.630318,75.68827,5.0038085,1.7956247,79.819374,72.2231,6.3473096,3.621377
23.0,120.0,2011-03-01,2011-03-13,12,25,20.59382,22.193653,19.461105,77.17421,2.517083,0.5673672,84.60989,67.05149,3.65214,1.3521016
25.0,122.0,2011-03-01,2011-03-14,13,25,20.487324,21.427359,19.444948,77.54423,6.138052,2.5099113,81.99922,73.75665,8.090778,4.0356936
23.0,120.0,2011-03-01,2011-03-14,13,25,21.16502,22.865488,19.900343,80.101974,3.197828,0.75972885,87.24331,70.58183,4.497533,1.9104216
22.0,122.0,2011-03-01,2011-03-14,13,25,22.682478,23.160107,22.050186,79.20584,6.113345,1.3584448,82.72112,76.17267,8.011502,3.9361691
25.0,120.0,2011-03-01,2011-03-14,13,25,17.663202,20.056147,16.044123,80.945114,4.5430737,1.0966754,88.259056,70.76961,6.250792,2.5671039
23.0,121.0,2011-03-01,2011-03-14,13,25,19.38646,22.22639,17.59755,81.06175,2.152547,2.4254923,88.52097,68.291695,3.208233,1.1581585
25.0,121.0,2011-03-01,2011-03-14,13,25,19.260324,20.790936,18.063602,79.605995,4.9330783,1.3987278,85.26539,72.50683,6.4874487,2.9482858
22.0,120.0,2011-03-01,2011-03-14,13,25,22.354368,23.894201,21.261866,78.89527,4.205943,0.8259514,85.05604,70.681496,5.640281,2.8188398
24.0,120.0,2011-03-01,2011-03-14,13,25,20.229235,21.600754,19.145302,80.271286,4.332374,0.779794,86.3644,73.193054,6.0661244,2.3151445
23.0,122.0,2011-03-01,2011-03-14,13,25,19.970667,21.570732,18.830015,80.683586,4.0249014,2.9418116,85.33028,74.24319,5.487945,2.382444
22.0,121.0,2011-03-01,2011-03-14,13,25,22.098982,23.64511,20.96567,79.30053,4.2026176,0.8412103,85.23299,71.14681,5.5863633,2.6198578
24.0,121.0,2011-03-01,2011-03-14,13,25,18.456577,20.908438,16.866129,81.18312,3.2673178,2.4375467,87.33939,71.13476,4.6609116,1.6675215
24.0,122.0,2011-03-01,2011-03-14,13,25,19.699362,21.21645,18.425255,78.966675,4.5944567,3.558533,83.93708,73.27885,6.369862,2.7330122
22.0,121.0,2011-03-01,2011-03-15,14,25,21.984985,23.473125,20.826021,79.74115,5.0588155,1.7157712,85.20846,72.510376,6.424175,3.7500029
25.0,120.0,2011-03-01,2011-03-15,14,25,16.798353,18.85026,15.299987,80.39002,5.415839,2.1844866,86.72415,71.88089,7.0204315,3.3697531
24.0,122.0,2011-03-01,2011-03-15,14,25,19.209114,20.669853,18.042418,79.42258,5.395227,3.8347204,83.98599,74.030365,6.636897,3.8932137
24.0,121.0,2011-03-01,2011-03-15,14,25,18.073444,20.296999,16.557247,81.575226,3.965194,3.357044,87.33026,72.5439,5.144828,2.5538256
23.0,122.0,2011-03-01,2011-03-15,14,25,19.637707,21.14891,18.44482,81.20324,5.07707,3.2979548,86.04694,75.2389,6.4098797,3.67323
25.0,121.0,2011-03-01,2011-03-15,14,25,18.571566,19.916939,17.5253,79.83562,5.5275393,2.476117,84.80905,74.05969,7.02454,3.7012372
24.0,120.0,2011-03-01,2011-03-15,14,25,19.737709,21.032042,18.66255,80.21417,5.777196,1.8648494,85.60201,73.795944,7.5503516,3.6409988
22.0,120.0,2011-03-01,2011-03-15,14,25,22.265226,23.760489,21.086206,79.69038,4.710369,1.831929,85.61441,72.06528,5.989871,3.4900477
25.0,122.0,2011-03-01,2011-03-15,14,25,19.693462,20.563545,18.909079,77.80435,6.7248664,2.9514654,81.43967,74.71314,8.190393,4.9579105
22.0,122.0,2011-03-01,2011-03-15,14,25,22.351957,22.994932,21.609203,79.81752,7.5691466,1.9607894,83.364914,76.49753,9.439365,5.8183174
23.0,120.0,2011-03-01,2011-03-15,14,25,20.939476,22.558466,19.727673,79.906715,4.270331,1.5555536,86.3677,71.16416,5.6455083,2.767748
23.0,121.0,2011-03-01,2011-03-15,14,25,19.269604,21.82809,17.537834,81.3389,2.5831842,3.0538142,88.42591,70.263054,3.4773297,1.6949623
24.0,122.0,2011-03-01,2011-03-16,15,25,18.750156,20.0786,17.607409,78.99461,5.198631,4.9687676,83.35358,73.56959,6.5716677,3.4704008
25.0,121.0,2011-03-01,2011-03-16,15,25,18.206415,19.380278,17.093643,78.58425,5.7558813,3.1137552,84.024864,73.1163,7.3493614,4.2751703
23.0,121.0,2011-03-01,2011-03-16,15,25,18.878124,21.16543,17.304398,80.70453,2.5950456,4.1050057,86.64555,70.58286,3.4850957,1.7668315
23.0,120.0,2011-03-01,2011-03-16,15,25,20.563633,21.93271,19.485924,78.8707,4.3136044,2.3727121,84.34688,71.77505,5.5660906,3.0715487
25.0,120.0,2011-03-01,2011-03-16,15,25,16.609646,18.500198,15.16046,79.6281,5.3322825,2.698487,86.285995,71.1546,6.9532905,3.427041
22.0,122.0,2011-03-01,2011-03-16,15,25,21.941439,22.588911,21.226099,78.846825,7.4105854,5.835732,82.42253,75.740265,9.288843,5.561428
25.0,122.0,2011-03-01,2011-03-16,15,25,19.196627,19.923813,18.303673,76.737076,6.7458057,3.776255,80.94895,73.48105,8.34547,4.8222814
22.0,121.0,2011-03-01,2011-03-16,15,25,21.583101,22.839756,20.51815,78.98245,4.869445,3.5374153,83.80221,72.849976,6.178314,3.6530728
22.0,120.0,2011-03-01,2011-03-16,15,25,21.841608,23.131231,20.770166,79.11823,4.8180614,2.4382865,84.01541,73.00597,5.955554,3.6146479
24.0,120.0,2011-03-01,2011-03-16,15,25,19.426857,20.612202,18.518482,79.20535,5.799353,2.5802314,84.348206,73.38019,7.6795516,3.7181995
24.0,121.0,2011-03-01,2011-03-16,15,25,17.747261,19.757774,16.38005,80.98911,3.9130247,4.3017297,86.59582,72.41179,5.340291,2.294908
23.0,122.0,2011-03-01,2011-03-16,15,25,19.237347,20.608051,18.09086,80.41164,5.0845556,6.3933277,84.89363,74.410255,6.4965563,3.700108
24.0,122.0,2011-03-01,2011-03-17,16,25,18.30235,19.53492,16.996191,77.40436,5.522954,5.119584,81.489975,72.700264,6.843755,3.998742
22.0,120.0,2011-03-01,2011-03-17,16,25,21.471024,22.693316,20.476566,78.52255,5.399063,2.8026135,83.75851,72.19909,6.7242174,4.2127666
23.0,122.0,2011-03-01,2011-03-17,16,25,18.805576,20.078186,17.602884,80.02788,5.433758,4.166024,84.57278,74.59038,7.0155277,3.6591995
25.0,120.0,2011-03-01,2011-03-17,16,25,16.335613,18.293118,14.87173,78.11197,5.3870945,2.6292744,85.22375,68.74325,6.982748,3.7612922
23.0,120.0,2011-03-01,2011-03-17,16,25,20.23333,21.50845,19.178165,78.198845,4.840819,2.8175292,83.87391,71.19932,6.0309405,3.4722452
24.0,120.0,2011-03-01,2011-03-17,16,25,19.157242,20.23858,18.202765,78.13162,6.356438,2.7752624,83.65828,72.04184,8.091585,4.387079
22.0,121.0,2011-03-01,2011-03-17,16,25,21.208376,22.358522,20.193213,78.337326,5.772265,2.2103064,83.59204,72.20473,7.0880647,4.2997026
24.0,121.0,2011-03-01,2011-03-17,16,25,17.342813,19.19604,15.943097,80.206345,4.3564587,4.4800115,85.5278,72.37871,5.669131,2.9827883
25.0,121.0,2011-03-01,2011-03-17,16,25,18.030382,19.321772,16.94277,76.16319,6.0764527,3.4165509,81.47633,70.50372,7.645731,4.609806
23.0,121.0,2011-03-01,2011-03-17,16,25,18.412508,20.501799,16.83461,80.33558,2.8942542,4.525063,86.15964,71.19728,3.6621585,2.0745344
25.0,122.0,2011-03-01,2011-03-17,16,25,18.977306,19.89657,17.89005,73.648346,7.261941,4.057039,77.76551,69.73707,8.7936735,5.775685
22.0,122.0,2011-03-01,2011-03-17,16,25,21.60058,22.355879,20.829199,78.1927,8.372917,1.8505422,82.19708,75.074036,10.320496,5.741852
23.0,121.0,2011-03-01,2011-03-18,17,25,18.735853,20.932842,17.383268,80.00808,2.537341,2.8126135,86.463844,69.78241,3.381887,1.7724202
25.0,122.0,2011-03-01,2011-03-18,17,25,19.810541,20.465824,18.992481,75.12438,6.424889,3.447036,79.481415,71.295135,7.5219154,5.2234874
23.0,120.0,2011-03-01,2011-03-18,17,25,20.646275,22.006142,19.6552,78.44608,3.9620771,1.1771375,84.56508,70.40737,5.0551734,2.913931
25.0,120.0,2011-03-01,2011-03-18,17,25,16.91026,18.709213,15.548305,79.04211,4.939964,2.645851,86.02051,69.85987,6.2936053,3.168587
23.0,122.0,2011-03-01,2011-03-18,17,25,19.21687,20.305138,18.289059,79.83832,4.94064,2.9021063,84.65865,74.31159,6.024246,3.7758567
24.0,121.0,2011-03-01,2011-03-18,17,25,17.810875,19.710724,16.590816,80.317795,3.6257997,3.7303154,86.22792,71.83047,4.6977596,2.313053
24.0,122.0,2011-03-01,2011-03-18,17,25,18.847357,19.852142,17.886845,77.59723,4.931172,3.9105976,82.08626,72.50824,6.127341,3.6348863
25.0,121.0,2011-03-01,2011-03-18,17,25,18.787704,19.909534,17.805744,77.611725,5.197043,3.267784,83.322845,71.02878,6.3869753,3.7420516
22.0,121.0,2011-03-01,2011-03-18,17,25,21.624205,22.802353,20.679462,78.15395,5.43963,1.0142878,83.74499,71.338585,6.4107385,4.5328426
22.0,122.0,2011-03-01,2011-03-18,17,25,22.104538,22.592613,21.42463,78.17365,7.8691654,1.1043915,82.30283,75.10417,9.182626,6.4730535
22.0,120.0,2011-03-01,2011-03-18,17,25,21.904556,23.134184,20.979965,78.05734,5.3777633,1.241844,83.495,71.2641,6.229379,4.461243
24.0,120.0,2011-03-01,2011-03-18,17,25,19.714462,20.828579,18.81017,78.77529,5.155313,2.100371,84.39171,72.450035,6.564893,3.6215322
24.0,120.0,2011-03-01,2011-03-19,18,25,20.682379,21.775236,19.85719,82.108536,4.2646203,1.1523502,87.3094,76.08981,5.562907,2.8724504
22.0,120.0,2011-03-01,2011-03-19,18,25,22.702103,24.11791,21.736319,80.53835,4.57476,0.75823754,86.431885,72.76288,5.4778523,3.6935253
25.0,121.0,2011-03-01,2011-03-19,18,25,19.967442,21.123838,18.894754,81.417,4.325523,3.0707986,86.69092,75.66308,5.794456,2.8267138
22.0,121.0,2011-03-01,2011-03-19,18,25,22.457945,23.85524,21.466318,80.65042,4.595807,0.7377301,86.16029,73.17107,5.4636016,3.7049818
24.0,121.0,2011-03-01,2011-03-19,18,25,18.971102,21.112965,17.663933,82.733574,2.864708,2.9615078,88.80178,73.76727,3.8815353,1.7423236
24.0,122.0,2011-03-01,2011-03-19,18,25,20.091827,21.343086,19.062223,80.91734,4.7838206,4.322097,84.98009,75.28052,5.8409204,3.607992
23.0,121.0,2011-03-01,2011-03-19,18,25,19.853987,22.391592,18.35154,81.94364,2.2696326,2.5108395,88.89531,70.374535,3.1103027,1.5824592
23.0,122.0,2011-03-01,2011-03-19,18,25,20.266996,21.63842,19.299847,82.546555,4.3152165,2.7113056,86.882675,75.99593,5.1439085,3.399846
25.0,122.0,2011-03-01,2011-03-19,18,25,21.074036,21.6927,20.188803,79.794266,6.015649,4.423643,83.25121,76.707855,7.126268,4.778308
25.0,120.0,2011-03-01,2011-03-19,18,25,17.989733,19.92595,16.699604,82.95793,4.4714994,2.438628,89.12167,74.63492,5.8272247,2.971554
22.0,122.0,2011-03-01,2011-03-19,18,25,22.869984,23.266363,22.352877,81.46923,6.684653,0.93834543,84.695656,78.51572,7.6277795,5.6276674
23.0,120.0,2011-03-01,2011-03-19,18,25,21.571123,23.077793,20.52252,81.308815,3.434722,0.6944338,87.42893,72.80647,4.3929324,2.434644
22.0,120.0,2011-03-01,2011-03-20,19,25,23.03833,24.515932,22.007729,82.56836,4.304866,1.0096538,87.68307,74.913284,5.316788,3.2492917
24.0,122.0,2011-03-01,2011-03-20,19,25,20.396183,21.665625,19.384523,82.91615,5.2196956,4.91121,86.883995,77.62989,6.530747,3.883866
24.0,121.0,2011-03-01,2011-03-20,19,25,19.313532,21.444042,17.86859,83.783905,3.7147217,3.2502928,89.29088,75.09117,4.9466376,2.2518754
24.0,120.0,2011-03-01,2011-03-20,19,25,20.806175,21.997625,19.737215,83.7349,5.9894505,1.0435207,88.104744,78.278786,7.5610414,4.1613245
23.0,122.0,2011-03-01,2011-03-20,19,25,20.671791,22.111334,19.64071,84.13058,4.6960716,3.241632,88.50885,78.11275,5.6888294,3.5896854
22.0,121.0,2011-03-01,2011-03-20,19,25,22.834417,24.27538,21.839916,82.29375,4.642364,0.8065979,87.26845,75.110306,5.589099,3.7039847
25.0,121.0,2011-03-01,2011-03-20,19,25,19.96882,21.185127,18.885668,82.58117,5.3255706,2.0639591,87.24625,76.94168,6.879809,3.449422
23.0,121.0,2011-03-01,2011-03-20,19,25,20.34322,22.835478,18.781288,83.68344,2.4535995,3.2996924,90.2571,72.56126,3.3776975,1.5695314
25.0,120.0,2011-03-01,2011-03-20,19,25,18.05778,19.833782,16.662777,83.7509,5.4425535,2.1283135,89.1287,76.18871,7.1194706,3.4553978
23.0,120.0,2011-03-01,2011-03-20,19,25,21.840508,23.380322,20.732954,83.60724,4.4005933,1.0832777,88.94804,75.70175,5.5204754,3.2628925
25.0,122.0,2011-03-01,2011-03-20,19,25,21.038776,21.697046,20.320404,81.83162,6.323861,3.7184315,84.65642,78.901955,7.937479,4.5948677
22.0,122.0,2011-03-01,2011-03-20,19,25,23.161993,23.605295,22.607378,82.91395,6.895332,0.7483471,86.13285,80.41328,8.061558,5.396153
23.0,121.0,2011-03-01,2011-03-21,20,25,20.287226,22.656477,18.756533,83.05156,2.5287495,3.495185,89.4338,72.23663,3.3624542,1.8057839
24.0,120.0,2011-03-01,2011-03-21,20,25,20.9226,21.975288,19.997486,82.78575,5.4023876,2.0284345,87.29279,76.97746,6.7436204,3.846929
24.0,121.0,2011-03-01,2011-03-21,20,25,19.359993,21.257618,18.10979,83.11669,3.541558,3.6874452,88.39736,74.40795,4.487723,2.336911
25.0,122.0,2011-03-01,2011-03-21,20,25,20.86999,21.424387,20.308151,80.296394,6.130905,3.3065107,83.707664,77.33325,7.600361,4.5852437
25.0,121.0,2011-03-01,2011-03-21,20,25,19.986488,21.037273,19.082222,81.380394,5.104838,2.7372816,85.58807,75.86809,6.3141217,3.7148535
22.0,121.0,2011-03-01,2011-03-21,20,25,22.737688,24.082449,21.77624,82.08605,4.6655793,1.3826443,87.02866,74.81636,5.5092955,3.8231573
22.0,120.0,2011-03-01,2011-03-21,20,25,22.947702,24.316544,21.986034,82.168465,4.6372914,1.404961,87.26356,74.81094,5.7560406,3.639436
25.0,120.0,2011-03-01,2011-03-21,20,25,18.226168,19.987616,16.968063,82.94114,4.980937,3.0037382,87.87406,74.953674,6.2031927,3.4745035
23.0,120.0,2011-03-01,2011-03-21,20,25,21.855066,23.33384,20.862568,82.649704,4.1113153,1.8308715,88.028984,74.63309,4.9849334,3.0843487
22.0,122.0,2011-03-01,2011-03-21,20,25,23.019209,23.429176,22.537163,82.77582,6.864687,1.2909011,86.00334,79.89625,8.037494,5.677061
24.0,122.0,2011-03-01,2011-03-21,20,25,20.255005,21.387226,19.377226,81.85842,4.894768,4.259269,85.83192,76.57339,6.1108155,3.6012337
23.0,122.0,2011-03-01,2011-03-21,20,25,20.569677,21.860746,19.59993,83.56327,4.5585556,3.4032514,87.77883,77.301636,5.465666,3.5301535
25.0,122.0,2011-03-01,2011-03-22,21,25,21.17051,21.98731,20.269388,79.43093,6.202135,4.0577173,82.912766,76.16088,7.6829224,4.672265
24.0,121.0,2011-03-01,2011-03-22,21,25,19.519451,21.397095,18.187864,83.76867,3.201153,5.5219517,88.92415,76.356606,4.426038,1.9517677
24.0,120.0,2011-03-01,2011-03-22,21,25,21.118458,22.219727,20.197796,83.39624,5.166897,4.057641,87.63495,78.21226,6.9339967,3.308491
23.0,121.0,2011-03-01,2011-03-22,21,25,20.417036,22.872797,18.813618,82.499176,2.3945568,3.2354608,88.980354,71.71603,3.3302686,1.5614276
22.0,120.0,2011-03-01,2011-03-22,21,25,23.096743,24.589283,22.067314,81.306526,4.8248763,1.2552115,86.69963,73.456055,5.7211084,3.8523028
22.0,121.0,2011-03-01,2011-03-22,21,25,22.864374,24.345064,21.782808,81.319855,4.7380037,1.1797954,86.63605,73.85847,5.729503,3.8645332
25.0,120.0,2011-03-01,2011-03-22,21,25,18.391216,20.155602,17.096905,83.94702,4.8302965,5.5731816,89.788185,76.55459,6.299369,3.084951
25.0,121.0,2011-03-01,2011-03-22,21,25,20.309359,21.524176,19.263416,81.935455,4.969181,5.339342,86.358116,77.024086,6.345238,3.4045196
23.0,122.0,2011-03-01,2011-03-22,21,25,20.680622,22.010445,19.603474,82.92344,4.405393,3.2338965,86.96118,77.502045,5.541228,3.3153944
24.0,122.0,2011-03-01,2011-03-22,21,25,20.391768,21.631304,19.278786,81.034706,4.651807,4.2309437,84.654076,76.3474,6.0002246,3.1890883
22.0,122.0,2011-03-01,2011-03-22,21,25,23.126963,23.613798,22.484785,81.89732,6.8101063,1.1791466,85.484024,78.602554,8.11563,5.6006913
23.0,120.0,2011-03-01,2011-03-22,21,25,22.021616,23.651802,20.90831,82.10145,3.9954515,1.7662283,87.48251,73.75813,5.187685,2.6928225
22.0,120.0,2011-03-01,2011-03-23,22,25,22.935215,24.338917,21.939116,81.159294,4.9901943,1.9013695,86.2952,73.753265,6.056667,3.9581602
25.0,120.0,2011-03-01,2011-03-23,22,25,18.081413,19.728949,16.892223,84.85656,4.981691,5.8075447,90.23562,77.418495,6.319556,3.550658
24.0,121.0,2011-03-01,2011-03-23,22,25,19.17997,20.880108,18.010843,84.56348,3.3450708,6.3969526,89.401436,77.4004,4.418689,2.0875385
25.0,122.0,2011-03-01,2011-03-23,22,25,21.011452,21.74545,20.295784,79.77335,6.758558,5.1612964,82.817245,76.915535,8.2463455,5.239922
24.0,120.0,2011-03-01,2011-03-23,22,25,20.808609,21.788355,19.984081,83.94217,5.4002514,4.244853,88.12335,79.04687,6.880727,3.6824758
23.0,122.0,2011-03-01,2011-03-23,22,25,20.485083,21.675562,19.57363,82.65425,4.544193,4.4857883,86.812355,77.41744,5.6372266,3.5280693
23.0,121.0,2011-03-01,2011-03-23,22,25,20.170317,22.419897,18.729616,82.96501,2.4282715,4.7863865,89.15022,72.71954,3.2467527,1.7108837
22.0,121.0,2011-03-01,2011-03-23,22,25,22.701677,24.040346,21.722118,80.99089,4.8864675,1.7158608,86.24354,73.67076,5.89867,3.8795042
24.0,122.0,2011-03-01,2011-03-23,22,25,20.158249,21.19539,19.24339,81.464455,4.927118,6.164218,85.236404,77.05776,6.1366944,3.730762
22.0,122.0,2011-03-01,2011-03-23,22,25,23.015703,23.464663,22.452461,80.82566,7.0270348,1.4148821,84.122246,77.78987,8.412887,5.906211
23.0,120.0,2011-03-01,2011-03-23,22,25,21.804634,23.256948,20.804218,82.34573,4.1036773,2.6261237,87.60572,74.61236,5.1538367,2.9399137
25.0,121.0,2011-03-01,2011-03-23,22,25,20.045021,21.193121,19.081627,82.669685,5.2663937,5.3872023,86.83331,77.978065,6.7185073,3.7771027
23.0,121.0,2011-03-01,2011-03-24,23,25,19.887678,21.993584,18.393602,84.25333,2.4285994,8.137686,89.945946,75.29896,3.304461,1.5795989
24.0,120.0,2011-03-01,2011-03-24,23,25,20.482285,21.491138,19.553482,84.00461,6.0515733,7.9771633,87.96843,79.18143,7.724376,4.3627763
22.0,121.0,2011-03-01,2011-03-24,23,25,22.591797,23.807417,21.605713,81.90152,4.8489575,4.394781,86.80054,75.517334,5.983394,3.6820304
23.0,122.0,2011-03-01,2011-03-24,23,25,20.27064,21.463877,19.300455,83.93701,4.780046,7.8581066,87.512634,78.98208,5.945654,3.5123832
24.0,122.0,2011-03-01,2011-03-24,23,25,19.825169,20.95828,18.813148,82.50059,5.1035204,9.369604,85.64405,78.02534,6.500381,3.681729
22.0,122.0,2011-03-01,2011-03-24,23,25,22.974262,23.472134,22.386045,81.7174,7.275861,4.11028,84.88837,78.54758,8.746963,5.6800585
25.0,121.0,2011-03-01,2011-03-24,23,25,19.527935,20.58373,18.517054,82.51138,5.9257503,8.343679,86.21684,77.62965,7.198439,4.5780225
23.0,120.0,2011-03-01,2011-03-24,23,25,21.54219,22.883995,20.493902,83.2583,4.519642,6.1755204,88.18666,76.26326,5.7586694,3.307065
25.0,122.0,2011-03-01,2011-03-24,23,25,20.508005,21.153624,19.740343,80.188126,6.9296327,7.7895555,83.1497,77.109695,8.619879,5.3042507
24.0,121.0,2011-03-01,2011-03-24,23,25,18.83306,20.553242,17.509602,84.97147,3.881236,9.931585,89.08587,78.24008,4.939817,2.7991292
25.0,120.0,2011-03-01,2011-03-24,23,25,17.698812,19.326506,16.395174,83.95257,5.7475123,7.7490163,88.82014,77.07592,6.998053,4.3741918
22.0,120.0,2011-03-01,2011-03-24,23,25,22.792349,24.067818,21.777657,81.99215,4.6739416,5.910361,86.78522,75.373825,5.796434,3.5251224
24.0,120.0,2011-03-01,2011-03-25,24,25,19.993347,20.923267,19.227646,82.11437,7.2897277,3.620136,85.85049,77.82967,8.71205,5.654584
23.0,121.0,2011-03-01,2011-03-25,24,25,19.4992,21.604332,18.077955,83.15219,2.6606452,5.2662525,88.30335,74.13959,3.251469,2.038344
25.0,121.0,2011-03-01,2011-03-25,24,25,19.066168,20.050505,18.216896,80.01614,6.5250854,4.527194,84.34047,75.051605,7.9212675,5.1029096
23.0,120.0,2011-03-01,2011-03-25,24,25,21.130692,22.428257,20.185673,81.78407,5.30781,3.1468084,86.374405,75.23609,6.3049183,4.277401
24.0,122.0,2011-03-01,2011-03-25,24,25,19.32774,20.420067,18.42888,80.738396,5.022531,5.845438,83.81225,76.63112,6.1757717,3.7688305
25.0,120.0,2011-03-01,2011-03-25,24,25,17.191034,18.746403,15.955655,81.54094,6.429494,3.562838,86.548515,74.68364,7.6795516,4.989978
25.0,122.0,2011-03-01,2011-03-25,24,25,20.015244,20.7098,19.28038,77.54738,6.998239,4.6429315,81.19624,73.68604,8.370642,5.6986547
24.0,121.0,2011-03-01,2011-03-25,24,25,18.366674,20.0488,17.14375,83.45993,4.5816483,5.7307296,87.59336,77.25534,5.484759,3.399925
22.0,120.0,2011-03-01,2011-03-25,24,25,22.38571,23.722837,21.409996,81.065506,5.1108913,3.6588166,85.60665,74.30817,6.1091747,4.0989375
22.0,121.0,2011-03-01,2011-03-25,24,25,22.242512,23.544521,21.229033,80.91165,5.2062025,2.8761175,85.53131,74.67215,6.393495,4.0691476
22.0,122.0,2011-03-01,2011-03-25,24,25,22.610878,23.104483,22.034878,80.90169,7.8684373,3.4968073,83.856346,78.1747,9.41546,6.2775965
23.0,122.0,2011-03-01,2011-03-25,24,25,19.867989,21.038599,18.917065,83.00321,5.2120824,5.8878584,86.20625,78.5191,6.3199368,4.0095506
22.0,121.0,2011-03-01,2011-03-26,25,25,21.976524,23.102808,21.184101,79.57934,5.717211,3.748845,83.98464,73.69489,6.675031,4.6963854
22.0,120.0,2011-03-01,2011-03-26,25,25,22.201529,23.381699,21.385836,79.40073,5.507566,3.908225,83.63825,73.1255,6.4898663,4.5664682
23.0,122.0,2011-03-01,2011-03-26,25,25,19.682024,20.661583,18.99812,81.74281,5.470885,4.7019887,84.92532,77.47243,6.4421954,4.334338
22.0,122.0,2011-03-01,2011-03-26,25,25,22.357136,22.714434,21.9775,79.521194,8.5140505,2.854414,82.21709,77.04156,9.838779,7.198652
25.0,120.0,2011-03-01,2011-03-26,25,25,17.401402,18.958809,16.321949,80.936005,6.5963573,2.2666836,86.74124,73.74906,7.7008877,5.1782017
23.0,120.0,2011-03-01,2011-03-26,25,25,21.013096,22.233486,20.157507,80.562004,5.3563795,3.7497234,84.88909,73.98412,6.305755,4.24792
25.0,122.0,2011-03-01,2011-03-26,25,25,20.317308,20.931187,19.674208,76.70986,7.3556004,3.3833988,80.20874,73.66334,8.563135,5.957413
24.0,120.0,2011-03-01,2011-03-26,25,25,20.133318,21.105885,19.343758,81.197395,7.3219776,2.9529476,85.58417,76.13727,8.80644,5.4740057
23.0,121.0,2011-03-01,2011-03-26,25,25,19.300852,21.219229,18.18019,81.93943,2.6917214,5.5958486,86.96511,73.1365,3.3407454,2.0106802
24.0,121.0,2011-03-01,2011-03-26,25,25,18.426384,20.035519,17.43549,82.54775,4.5059195,4.791672,87.40273,75.465256,5.6176124,3.1912508
24.0,122.0,2011-03-01,2011-03-26,25,25,19.327106,20.272203,18.607338,79.86315,5.028113,5.164712,83.43083,75.51813,6.242146,3.5763583
25.0,121.0,2011-03-01,2011-03-26,25,25,19.428833,20.422552,18.57181,79.17173,6.7677703,3.0034919,83.963005,74.169464,7.954535,5.319906
25.0,122.0,2011-03-01,2011-03-27,26,25,20.398724,20.967705,19.708328,77.112015,7.40244,4.672747,80.04882,74.210434,8.509802,6.2383714
25.0,121.0,2011-03-01,2011-03-27,26,25,19.50189,20.441933,18.574669,79.62304,6.198051,4.549839,84.05155,74.85643,7.4452324,4.877256
22.0,120.0,2011-03-01,2011-03-27,26,25,22.379833,23.588617,21.488047,78.6358,5.3678226,2.477312,83.58558,72.04162,6.2411594,4.298292
22.0,122.0,2011-03-01,2011-03-27,26,25,22.478098,22.919765,21.9219,77.93941,8.113843,1.6262544,81.1493,75.21316,9.3455715,6.724345
23.0,122.0,2011-03-01,2011-03-27,26,25,19.830421,20.904238,18.961657,80.49777,5.1794524,4.068612,84.40308,75.5335,6.143467,3.9609132
24.0,121.0,2011-03-01,2011-03-27,26,25,18.52909,20.115654,17.373009,82.269646,4.1332273,5.4373255,87.27329,74.921844,5.048386,3.0432644
24.0,122.0,2011-03-01,2011-03-27,26,25,19.437832,20.446474,18.588211,79.57894,5.3652196,5.558557,83.238556,74.858284,6.238332,4.3729978
22.0,121.0,2011-03-01,2011-03-27,26,25,22.116098,23.264122,21.227652,78.63707,5.5269103,1.8791685,83.23663,72.5538,6.411246,4.5307655
23.0,120.0,2011-03-01,2011-03-27,26,25,21.181782,22.372768,20.32084,79.90096,4.9903393,2.8013325,85.17034,72.95268,5.785442,4.069611
25.0,120.0,2011-03-01,2011-03-27,26,25,17.578457,19.121979,16.455318,81.217735,5.905676,4.1934686,86.69555,74.014305,7.043487,4.575541
24.0,120.0,2011-03-01,2011-03-27,26,25,20.237883,21.122364,19.463171,80.82561,6.644168,3.923617,85.39278,75.39013,7.8615284,5.147315
23.0,121.0,2011-03-01,2011-03-27,26,25,19.467518,21.385996,18.215223,81.374405,2.6575408,4.3206115,87.381195,72.168304,3.2756243,2.021335
22.0,121.0,2011-03-01,2011-03-28,27,25,22.180975,23.333136,21.28649,79.91945,5.1765313,2.9175448,84.77703,73.23038,6.0050697,4.352049
25.0,120.0,2011-03-01,2011-03-28,27,25,17.620247,19.215767,16.45666,82.230644,5.9226117,3.9324834,87.61454,75.45977,7.4387574,4.1336503
23.0,122.0,2011-03-01,2011-03-28,27,25,19.944405,21.030235,19.03089,82.08416,4.920441,4.841984,85.5439,77.06567,5.9428935,3.8080463
25.0,122.0,2011-03-01,2011-03-28,27,25,20.566374,21.19311,19.817213,78.08288,6.959677,4.457958,80.94806,75.496895,8.230249,5.580084
23.0,121.0,2011-03-01,2011-03-28,27,25,19.512434,21.540005,18.132187,82.58791,2.4377878,5.4360466,88.26147,72.96679,3.1594708,1.8296803
22.0,122.0,2011-03-01,2011-03-28,27,25,22.61225,22.993906,22.097788,79.57588,7.696203,2.3231382,82.49122,76.979904,8.849139,6.542177
23.0,120.0,2011-03-01,2011-03-28,27,25,21.1995,22.517296,20.229382,81.39133,4.744393,3.2701373,86.4267,74.12668,5.9804826,3.5346062
22.0,120.0,2011-03-01,2011-03-28,27,25,22.433584,23.618292,21.51581,79.79239,5.0886154,2.902019,84.405304,73.07395,5.8590693,4.2559686
24.0,120.0,2011-03-01,2011-03-28,27,25,20.308702,21.299799,19.466242,82.0649,6.3961945,3.9908102,86.499855,76.66818,8.139351,4.3054237
25.0,121.0,2011-03-01,2011-03-28,27,25,19.587347,20.555649,18.692032,80.531715,5.9472175,4.967372,84.92096,75.87771,7.4901576,4.1751103
24.0,121.0,2011-03-01,2011-03-28,27,25,18.626936,20.318382,17.418343,83.24672,3.981079,6.1473346,88.37737,75.69005,5.167236,2.713802
24.0,122.0,2011-03-01,2011-03-28,27,25,19.619036,20.67062,18.673992,80.609314,4.8967957,5.6310534,83.75242,76.1033,5.9894586,3.6915436
23.0,122.0,2011-03-01,2011-03-29,28,25,20.039165,21.21747,19.124859,81.53453,5.1194115,4.3404584,85.71948,76.084915,6.1720805,4.078507
25.0,122.0,2011-03-01,2011-03-29,28,25,20.5758,21.127851,19.921755,77.385574,7.108304,4.3741045,80.63148,74.21787,8.431921,5.582003
24.0,120.0,2011-03-01,2011-03-29,28,25,20.455143,21.415533,19.641346,81.1734,6.506919,1.8430912,85.86384,75.52932,7.968236,4.837446
22.0,121.0,2011-03-01,2011-03-29,28,25,22.27075,23.499287,21.366539,79.5022,5.245324,1.9043558,84.68792,72.68285,6.20604,4.2726674
22.0,120.0,2011-03-01,2011-03-29,28,25,22.49618,23.782167,21.637623,79.26915,5.125756,2.0257394,84.14453,72.13416,6.1126537,4.060013
22.0,122.0,2011-03-01,2011-03-29,28,25,22.686106,23.083345,22.145996,79.060616,7.777368,1.9765302,82.38079,76.36197,9.052816,6.6507435
24.0,122.0,2011-03-01,2011-03-29,28,25,19.663746,20.805449,18.739655,79.99893,5.231061,5.3598986,83.91308,74.99066,6.4144483,3.9228284
25.0,120.0,2011-03-01,2011-03-29,28,25,17.89223,19.541029,16.749962,81.754295,5.767942,2.22418,87.256004,74.1373,6.953761,4.4150505
24.0,121.0,2011-03-01,2011-03-29,28,25,18.757736,20.547754,17.562458,82.65788,4.1472545,4.301321,87.90581,74.98939,5.1632442,3.0204787
23.0,120.0,2011-03-01,2011-03-29,28,25,21.325796,22.649605,20.456207,80.603676,4.8848634,1.8016639,85.956696,73.05878,5.9149776,3.8928938
23.0,121.0,2011-03-01,2011-03-29,28,25,19.623135,21.786875,18.24418,82.166084,2.642975,4.270268,88.23346,72.16274,3.3930752,1.913791
25.0,121.0,2011-03-01,2011-03-29,28,25,19.682056,20.705269,18.85113,79.83036,5.9092054,3.3183117,84.10219,74.68497,7.1292534,4.656074
24.0,120.0,2011-03-01,2011-03-30,29,25,20.250542,21.15327,19.548326,78.97823,7.0050535,1.116288,82.72806,74.3641,8.310097,5.269939
22.0,122.0,2011-03-01,2011-03-30,29,25,22.399307,22.800772,21.949068,77.507515,8.875635,1.5432668,80.714455,74.187126,9.899076,7.7352967
22.0,121.0,2011-03-01,2011-03-30,29,25,21.999868,23.100986,21.148535,77.98152,5.874791,1.603997,82.06407,72.32856,6.6521535,5.1214275
25.0,122.0,2011-03-01,2011-03-30,29,25,20.279648,20.8042,19.719563,74.483604,7.085939,3.4830463,79.243904,70.67092,8.312522,5.717728
23.0,120.0,2011-03-01,2011-03-30,29,25,21.15768,22.348516,20.338062,78.65962,4.956656,1.3028662,82.7435,72.27456,5.999248,3.8547208
25.0,120.0,2011-03-01,2011-03-30,29,25,17.562891,19.152637,16.475704,79.41625,6.3904057,2.11467,85.09915,71.98892,7.4378886,4.9935293
23.0,122.0,2011-03-01,2011-03-30,29,25,19.65055,20.676636,18.86543,79.72985,5.743127,3.047251,83.636894,74.27714,6.560702,4.8847585
22.0,120.0,2011-03-01,2011-03-30,29,25,22.277407,23.481167,21.419409,77.86061,5.3902125,1.6737301,82.12956,71.73196,6.4861865,4.4119005
25.0,121.0,2011-03-01,2011-03-30,29,25,19.383083,20.411924,18.57907,77.12946,6.520604,2.2890773,82.06627,72.26709,7.581831,5.0990276
24.0,122.0,2011-03-01,2011-03-30,29,25,19.258274,20.204649,18.497444,77.72,5.337429,4.1162806,81.89086,72.8503,6.3414974,4.144097
23.0,121.0,2011-03-01,2011-03-30,29,25,19.250383,21.208261,17.998978,80.391785,2.7304566,3.110345,85.3971,71.71554,3.3235095,2.1271877
24.0,121.0,2011-03-01,2011-03-30,29,25,18.349451,19.967726,17.296263,80.60413,4.4729667,2.9185803,85.04185,73.80728,5.383467,3.325213
22.0,121.0,2011-03-01,2011-03-31,30,25,22.121897,23.186016,21.284252,77.1794,5.766829,2.416084,81.950935,71.565674,6.472519,5.035505
25.0,121.0,2011-03-01,2011-03-31,30,25,19.466105,20.390966,18.638067,77.75726,6.502201,6.032952,82.104774,72.84586,7.598326,5.1353188
24.0,121.0,2011-03-01,2011-03-31,30,25,18.530071,20.159801,17.464527,80.78977,4.3293986,6.5324845,85.9899,73.17902,5.3284283,3.1769226
22.0,122.0,2011-03-01,2011-03-31,30,25,22.549633,22.907934,22.146982,76.96944,8.387678,2.1990275,80.07436,74.220215,9.4,7.3070965
25.0,120.0,2011-03-01,2011-03-31,30,25,17.49226,19.062296,16.39691,79.70518,6.3499446,4.98429,85.21223,72.36341,7.497535,4.850897
25.0,122.0,2011-03-01,2011-03-31,30,25,20.315828,20.811724,19.748182,75.71401,7.1177354,5.9259477,78.69417,73.24695,8.189548,5.774325
24.0,120.0,2011-03-01,2011-03-31,30,25,20.342087,21.291172,19.56673,79.19943,6.7748694,5.3957434,83.48176,74.036674,8.231092,5.197263
23.0,121.0,2011-03-01,2011-03-31,30,25,19.39924,21.247099,18.172356,79.90796,2.6767962,4.7917247,85.819824,70.939156,3.358252,2.0044737
22.0,120.0,2011-03-01,2011-03-31,30,25,22.41635,23.588516,21.563623,77.03046,5.4006658,2.3445961,82.306175,70.30189,6.3645253,4.4457088
23.0,120.0,2011-03-01,2011-03-31,30,25,21.217207,22.38819,20.352057,78.31795,4.9248734,3.6508234,83.28815,71.849945,5.926466,3.9455192
23.0,122.0,2011-03-01,2011-03-31,30,25,19.827848,20.767944,19.123777,79.516426,5.2931805,4.571465,83.15984,74.93485,6.131803,4.3458333
24.0,122.0,2011-03-01,2011-03-31,30,25,19.39193,20.303583,18.650124,78.52205,4.9947124,6.4188466,81.87388,74.21051,6.03943,3.860965
24.0,121.0,2011-03-01,2011-04-01,31,25,18.81624,20.444405,17.815454,82.54174,3.513251,6.8255224,87.9744,74.93864,4.4832644,2.4048562
25.0,121.0,2011-03-01,2011-04-01,31,25,19.972744,20.832745,19.249184,79.37622,5.5586033,5.1092525,84.36715,73.85755,6.6234326,4.330109
23.0,121.0,2011-03-01,2011-04-01,31,25,19.612562,21.525932,18.454384,81.48259,2.3519518,6.3310237,87.50112,72.17675,2.960597,1.7177587
22.0,122.0,2011-03-01,2011-04-01,31,25,22.73198,23.187725,22.181005,77.82149,7.6948137,2.2517767,81.20658,74.679726,8.715036,6.559405
24.0,122.0,2011-03-01,2011-04-01,31,25,19.720922,20.658184,18.972889,79.86094,4.537245,8.11962,83.9953,75.129715,5.572043,3.343585
25.0,122.0,2011-03-01,2011-04-01,31,25,20.864996,21.349976,20.257631,76.93259,6.5419836,6.405411,81.09429,73.33064,7.717067,5.2978215
23.0,120.0,2011-03-01,2011-04-01,31,25,21.387625,22.566782,20.678677,79.50264,4.159674,4.056054,84.75889,72.19313,5.0102205,3.1530087
22.0,120.0,2011-03-01,2011-04-01,31,25,22.530777,23.734175,21.766933,78.16141,5.0214252,3.4531012,83.034294,71.20207,6.0633907,3.9814231
25.0,120.0,2011-03-01,2011-04-01,31,25,17.939678,19.543207,16.898172,81.28695,5.150412,3.6090863,87.40835,73.686966,6.2304816,3.8215942
22.0,121.0,2011-03-01,2011-04-01,31,25,22.287992,23.455742,21.464806,78.29618,5.208872,3.2291784,83.39951,71.64083,6.06613,4.2485924
23.0,122.0,2011-03-01,2011-04-01,31,25,20.057266,21.117281,19.27317,80.82462,4.812897,5.3563676,84.717766,75.70787,5.6047664,3.8466282
24.0,120.0,2011-03-01,2011-04-01,31,25,20.585703,21.476381,19.956131,80.562386,5.5574083,4.5581822,85.35354,74.94293,6.8082123,3.9606934
24.0,120.0,2011-03-01,2011-04-02,32,25,20.909834,21.930815,20.091066,80.603424,5.091419,4.531215,86.102325,74.08697,6.5062647,3.6699462
23.0,122.0,2011-03-01,2011-04-02,32,25,20.310966,21.415503,19.484016,80.728905,4.6455245,4.56013,84.7538,75.74164,5.6215267,3.5352798
25.0,121.0,2011-03-01,2011-04-02,32,25,20.16304,21.263422,19.201244,79.52209,5.1993666,4.773906,85.21052,73.67765,6.510688,3.9215434
24.0,122.0,2011-03-01,2011-04-02,32,25,20.013348,21.099634,19.103876,79.14832,4.7913046,6.5340075,83.29375,73.881165,5.8631263,3.5480216
23.0,121.0,2011-03-01,2011-04-02,32,25,19.93215,22.039322,18.636345,81.02773,2.5325325,5.3088403,87.09484,71.30309,3.14333,1.8948183
24.0,121.0,2011-03-01,2011-04-02,32,25,19.083454,20.818335,17.959724,82.20948,3.3439758,6.072048,87.78085,74.25883,4.1744347,2.368694
25.0,122.0,2011-03-01,2011-04-02,32,25,21.080767,21.650732,20.333458,76.719765,6.636978,5.2433815,80.84221,73.11555,8.209897,5.3753743
22.0,121.0,2011-03-01,2011-04-02,32,25,22.555323,23.8106,21.642149,78.103874,5.0047855,2.575458,82.934746,71.31413,6.010429,4.072009
22.0,120.0,2011-03-01,2011-04-02,32,25,22.7664,24.043652,21.868477,77.924675,5.2569537,2.721294,83.02155,71.26772,6.2853003,4.127008
23.0,120.0,2011-03-01,2011-04-02,32,25,21.764874,23.155083,20.801924,79.391945,4.037406,3.7647269,85.29741,71.65657,5.1781945,2.9651384
25.0,120.0,2011-03-01,2011-04-02,32,25,18.409775,20.184624,17.150143,81.669815,4.6696086,4.066966,87.79781,73.60627,5.952916,3.4209595
22.0,122.0,2011-03-01,2011-04-02,32,25,22.933176,23.300186,22.410376,77.97118,7.2187133,1.8256036,81.1414,75.2968,8.580314,6.0378914
24.0,122.0,2011-03-01,2011-04-03,33,25,19.67532,20.57251,18.969147,79.93294,5.3714314,5.3134365,83.973885,75.23689,6.4086885,4.149638
22.0,122.0,2011-03-01,2011-04-03,33,25,22.830263,23.272974,22.300352,78.15869,7.3060255,3.0013864,82.289696,74.95249,8.622409,5.80546
22.0,121.0,2011-03-01,2011-04-03,33,25,22.480782,23.662582,21.587387,78.346275,5.0280123,2.4568381,83.81281,72.25157,6.005168,3.7499273
23.0,121.0,2011-03-01,2011-04-03,33,25,19.784632,21.713486,18.546394,81.341805,2.7399848,4.8647904,87.21009,72.44494,3.3295357,2.0548475
23.0,122.0,2011-03-01,2011-04-03,33,25,20.134825,21.136948,19.328978,81.00001,4.9586253,5.409339,85.20706,76.18834,5.807111,3.8831086
24.0,121.0,2011-03-01,2011-04-03,33,25,18.831831,20.309296,17.916557,81.924095,4.048199,4.5612164,86.72238,74.95425,4.8851433,3.0615299
25.0,121.0,2011-03-01,2011-04-03,33,25,19.824379,20.59915,19.267149,78.40447,5.6229763,2.8125207,83.59978,72.837494,6.674009,4.447348
25.0,122.0,2011-03-01,2011-04-03,33,25,20.65665,21.042349,20.204237,76.58652,7.0018687,3.5599718,80.83756,72.06644,8.1464615,5.7597375
24.0,120.0,2011-03-01,2011-04-03,33,25,20.610384,21.407183,20.042536,80.218735,6.2088966,2.4869735,84.45995,75.10107,7.450004,4.682207
25.0,120.0,2011-03-01,2011-04-03,33,25,18.201166,19.65601,17.254013,79.85994,5.3426166,2.8754244,86.06361,72.18878,6.4478235,3.9755433
22.0,120.0,2011-03-01,2011-04-03,33,25,22.705982,23.889858,21.84122,78.083824,4.9231176,2.406905,83.21025,71.872635,5.963831,3.8767195
23.0,120.0,2011-03-01,2011-04-03,33,25,21.569212,22.79413,20.774624,79.59594,4.6448927,2.7804012,84.596794,73.06345,5.52652,3.583021
22.0,122.0,2011-03-01,2011-04-04,34,25,22.827236,23.235718,22.298096,78.89993,7.7359242,2.639137,82.26734,75.971115,9.078843,6.267855
24.0,120.0,2011-03-01,2011-04-04,34,25,20.8794,21.956099,20.010563,79.205414,6.071252,2.8974674,84.642746,73.00736,7.7313666,4.0495906
25.0,121.0,2011-03-01,2011-04-04,34,25,20.086908,21.187471,19.159437,77.490135,5.6153154,3.8691485,83.13515,71.38971,6.8395085,4.1199317
24.0,121.0,2011-03-01,2011-04-04,34,25,19.019875,20.74878,17.845837,81.252686,3.9290423,4.9719753,86.843544,73.45039,5.000872,2.605009
24.0,122.0,2011-03-01,2011-04-04,34,25,19.828236,20.880121,18.967945,78.428055,4.8227067,6.205725,82.32797,73.70766,5.884949,3.3643944
22.0,121.0,2011-03-01,2011-04-04,34,25,22.508808,23.733032,21.605707,78.9306,5.2482557,2.9761283,83.89583,72.61389,6.310533,4.1684647
25.0,122.0,2011-03-01,2011-04-04,34,25,20.883818,21.448292,20.195671,74.93801,6.2618537,5.102363,78.92685,71.201454,7.4862504,4.8763933
25.0,120.0,2011-03-01,2011-04-04,34,25,18.404373,20.132736,17.178448,79.53411,5.4489613,3.8512943,86.606964,71.20542,6.7801847,3.8527288
23.0,121.0,2011-03-01,2011-04-04,34,25,19.853151,21.902428,18.535131,80.96648,2.5876234,4.6462765,86.604225,71.74513,3.40587,1.651318
23.0,120.0,2011-03-01,2011-04-04,34,25,21.719099,23.063637,20.785053,78.880516,4.507012,2.564139,84.05707,71.567635,5.601269,3.1413019
23.0,122.0,2011-03-01,2011-04-04,34,25,20.172504,21.25312,19.32444,80.82055,5.051974,4.313329,84.606575,76.28081,6.000826,3.6769683
22.0,120.0,2011-03-01,2011-04-04,34,25,22.760015,24.01622,21.873507,78.53793,4.9255786,3.278175,83.2625,72.03419,5.95998,3.9340115
22.0,120.0,2011-03-01,2011-04-05,35,25,22.717861,23.871422,21.832924,77.584724,4.98015,2.3637443,82.1417,71.43737,5.948279,4.056071
23.0,122.0,2011-03-01,2011-04-05,35,25,20.078802,21.096523,19.293682,79.77793,5.078041,3.1117315,83.82662,75.123795,5.941228,4.03023
22.0,122.0,2011-03-01,2011-04-05,35,25,22.71727,23.136963,22.234297,77.47616,8.020331,1.921315,80.91318,74.70852,9.131107,6.8303533
24.0,122.0,2011-03-01,2011-04-05,35,25,19.76671,20.726831,18.997383,77.55865,4.778978,3.5397396,81.84941,73.257835,5.905279,3.4906652
23.0,120.0,2011-03-01,2011-04-05,35,25,21.668098,22.848701,20.816553,78.628654,4.233457,1.9303963,84.04883,71.41241,5.241669,3.0569403
23.0,121.0,2011-03-01,2011-04-05,35,25,19.741982,21.635937,18.45428,80.40082,2.4922514,3.4563515,86.216415,71.60351,3.1141064,1.8885286
24.0,120.0,2011-03-01,2011-04-05,35,25,20.94889,21.861479,20.224579,79.18677,5.662011,1.7623966,84.341705,73.60801,7.2786803,3.6114647
25.0,121.0,2011-03-01,2011-04-05,35,25,20.207077,21.1933,19.413216,76.9821,5.518888,2.055668,82.24571,71.653885,6.8281617,4.014988
25.0,122.0,2011-03-01,2011-04-05,35,25,20.933138,21.470556,20.336407,73.935524,6.59547,2.3131618,78.870026,70.05548,7.883922,5.095101
25.0,120.0,2011-03-01,2011-04-05,35,25,18.51681,20.192802,17.317245,79.28567,5.222713,1.5990512,85.97565,70.89447,6.732342,3.482893
24.0,121.0,2011-03-01,2011-04-05,35,25,19.029612,20.660986,17.92455,80.91693,3.757483,3.2828586,86.190094,73.63882,4.77532,2.4790459
22.0,121.0,2011-03-01,2011-04-05,35,25,22.381664,23.50774,21.4998,77.97022,5.368859,2.2647142,82.583115,71.8036,6.122183,4.5230517
24.0,122.0,2011-03-01,2011-04-06,36,25,20.109343,21.221724,19.28569,77.34162,4.4624224,3.2552645,81.63854,72.07578,5.2920775,3.4301255
24.0,120.0,2011-03-01,2011-04-06,36,25,21.187449,22.16277,20.441002,79.385506,4.8755703,2.2749624,84.870995,73.59921,6.3576994,3.0931787
22.0,122.0,2011-03-01,2011-04-06,36,25,22.82575,23.233023,22.379751,77.12692,7.4963098,1.8379526,79.933846,74.76409,8.720852,6.206578
23.0,122.0,2011-03-01,2011-04-06,36,25,20.265871,21.454136,19.457823,79.63193,4.71508,3.28372,83.47395,73.9458,5.675154,3.6358035
24.0,121.0,2011-03-01,2011-04-06,36,25,19.29057,21.09411,18.125023,80.71044,3.1295283,3.2405386,86.90294,72.08201,4.1011524,1.9255923
25.0,122.0,2011-03-01,2011-04-06,36,25,21.40416,21.920576,20.771929,74.20936,6.0764546,1.8970027,77.93776,70.97474,7.2196956,4.9076376
25.0,121.0,2011-03-01,2011-04-06,36,25,20.59675,21.59694,19.775963,77.286766,4.8524795,1.8794552,83.08601,71.52056,6.0340037,3.4421525
25.0,120.0,2011-03-01,2011-04-06,36,25,18.8218,20.559517,17.598019,79.736336,4.705215,1.7747034,86.99985,70.79368,5.8207006,3.315445
23.0,121.0,2011-03-01,2011-04-06,36,25,20.014406,22.22577,18.678549,79.59639,2.329428,3.3142393,86.444336,69.10561,3.0070336,1.6647605
22.0,121.0,2011-03-01,2011-04-06,36,25,22.575733,23.812778,21.74183,76.937065,5.0421605,1.8683176,81.96994,70.329094,6.0080647,3.989154
22.0,120.0,2011-03-01,2011-04-06,36,25,22.92293,24.186348,22.084942,76.665344,4.9904265,1.9001312,82.19483,69.738396,6.025665,3.9777555
23.0,120.0,2011-03-01,2011-04-06,36,25,21.918186,23.271196,21.054628,78.21528,3.6731806,2.3467622,84.2287,70.76696,4.749693,2.6064062
23.0,122.0,2011-03-01,2011-04-07,37,25,20.622559,21.93728,19.67788,79.47563,4.5435863,2.7473366,83.70751,73.63697,5.4661717,3.529568
23.0,121.0,2011-03-01,2011-04-07,37,25,20.335115,22.715542,18.848421,79.50772,2.3364606,2.548207,86.047264,68.674515,2.9693305,1.6540909
24.0,120.0,2011-03-01,2011-04-07,37,25,21.448818,22.483267,20.684229,79.20008,4.576334,1.1401354,84.4446,73.314415,6.03475,2.8776217
23.0,120.0,2011-03-01,2011-04-07,37,25,22.195555,23.653852,21.245264,78.03605,3.5028903,1.0669633,83.86873,70.137215,4.466641,2.4928503
24.0,121.0,2011-03-01,2011-04-07,37,25,19.594994,21.533485,18.318174,80.63401,3.1441436,2.615347,86.2553,72.25666,4.2128158,1.8756051
25.0,121.0,2011-03-01,2011-04-07,37,25,20.78519,21.869253,19.956451,77.46824,4.9630027,1.7227108,82.49686,71.90134,6.0005507,3.828293
25.0,122.0,2011-03-01,2011-04-07,37,25,21.566423,22.10482,21.054628,74.22038,6.556278,3.2549965,77.9263,70.86257,7.581684,5.2128186
25.0,120.0,2011-03-01,2011-04-07,37,25,19.23053,21.187593,17.816628,80.317635,4.3898935,1.7774186,87.371605,71.527,5.552568,3.0021882
22.0,120.0,2011-03-01,2011-04-07,37,25,23.155346,24.51436,22.244482,76.6357,4.7739677,1.7092816,81.84688,69.270424,5.808925,3.6937187
22.0,122.0,2011-03-01,2011-04-07,37,25,23.135157,23.56999,22.536318,77.2304,7.1396074,1.9911873,80.513084,74.270485,8.511066,5.938077
24.0,122.0,2011-03-01,2011-04-07,37,25,20.387627,21.542788,19.518114,77.083885,4.6451507,4.156408,80.8546,72.442116,5.69106,3.3035734
22.0,121.0,2011-03-01,2011-04-07,37,25,22.849098,24.160717,21.918951,77.09587,4.8565884,1.7940435,82.374374,70.184044,5.7975283,3.9470413
25.0,121.0,2011-03-01,2011-04-08,38,25,21.113436,22.339218,20.17945,76.65113,4.898906,1.3102924,82.36459,70.88199,6.2006774,3.7446816
24.0,121.0,2011-03-01,2011-04-08,38,25,19.887257,21.90017,18.61274,79.949684,3.2903478,2.0402741,86.030075,71.19959,4.424083,2.114314
25.0,120.0,2011-03-01,2011-04-08,38,25,19.691387,21.725182,18.34302,79.40889,4.3958755,1.6353475,85.899765,70.29382,5.8791265,2.6753886
23.0,122.0,2011-03-01,2011-04-08,38,25,20.803251,22.092945,19.887196,79.863045,4.48471,2.8051212,84.67869,73.58277,5.6793737,3.208238
23.0,121.0,2011-03-01,2011-04-08,38,25,20.486738,22.817495,19.047083,79.42212,2.2999358,2.13465,86.25973,68.530304,3.1171234,1.5680346
22.0,120.0,2011-03-01,2011-04-08,38,25,23.306395,24.637861,22.411055,76.25798,4.6408553,0.8474176,81.81389,69.18848,5.828722,3.7051928
22.0,121.0,2011-03-01,2011-04-08,38,25,23.039892,24.352888,22.132086,77.16707,4.726012,1.3125821,83.23339,69.747604,5.7272377,3.9051185
25.0,122.0,2011-03-01,2011-04-08,38,25,21.748022,22.242691,21.11767,74.397835,6.266103,1.8942462,78.39919,71.0029,7.576831,4.977675
23.0,120.0,2011-03-01,2011-04-08,38,25,22.437727,23.897554,21.483267,77.782936,3.580243,0.72237176,83.96927,69.69825,4.69299,2.5025933
24.0,122.0,2011-03-01,2011-04-08,38,25,20.532299,21.727373,19.622005,77.42808,4.496014,2.6270514,81.758644,72.06186,5.547957,3.4294486
22.0,122.0,2011-03-01,2011-04-08,38,25,23.355331,23.743052,22.847162,77.73653,6.995718,1.987023,82.00119,74.33434,8.384909,5.6002407
24.0,120.0,2011-03-01,2011-04-08,38,25,21.831343,22.976538,21.038149,78.38616,4.741833,0.63376063,83.866,72.265274,6.2818413,2.987218
24.0,122.0,2011-03-01,2011-04-09,39,25,20.418896,21.592451,19.312662,78.32552,4.8778796,5.8103175,82.451866,73.73644,6.4238915,3.0517898
23.0,120.0,2011-03-01,2011-04-09,39,25,22.392092,23.866114,21.312735,78.11184,4.0370674,2.3787668,83.9667,70.175385,5.379769,2.6424472
22.0,122.0,2011-03-01,2011-04-09,39,25,23.29914,23.728071,22.766596,79.16418,7.1060133,3.9111304,82.38794,76.105934,8.374201,5.7780995
23.0,122.0,2011-03-01,2011-04-09,39,25,20.779242,21.98959,19.778065,80.89163,4.5979924,5.812147,85.08147,75.471924,5.837886,3.1885803
25.0,122.0,2011-03-01,2011-04-09,39,25,21.374561,22.089912,20.518862,74.77404,6.823149,4.164507,78.46421,71.39721,8.4432535,4.7932935
24.0,120.0,2011-03-01,2011-04-09,39,25,21.713018,22.922539,20.678886,78.30719,5.4975023,2.5382986,83.25866,72.22331,7.4151363,3.2004867
25.0,121.0,2011-03-01,2011-04-09,39,25,20.797503,22.070717,19.688473,76.46667,5.746804,3.4606235,81.58733,71.30932,7.18544,3.9609551
23.0,121.0,2011-03-01,2011-04-09,39,25,20.504272,22.743872,18.971817,80.120384,2.437633,4.957504,87.16034,69.82724,3.3142388,1.5670102
22.0,121.0,2011-03-01,2011-04-09,39,25,23.025423,24.32773,22.03382,78.24766,4.721263,3.050611,83.62358,71.3737,5.7538385,3.7619815
24.0,121.0,2011-03-01,2011-04-09,39,25,19.83183,21.72194,18.399874,80.25908,3.7742918,5.104981,86.26374,72.2405,5.2316937,2.074607
25.0,120.0,2011-03-01,2011-04-09,39,25,19.449183,21.381475,17.92347,78.9413,5.12592,3.2469199,85.20108,70.89909,6.5539575,3.2165153
22.0,120.0,2011-03-01,2011-04-09,39,25,23.288637,24.620977,22.276728,77.105125,4.495665,2.4372845,83.16606,69.99052,5.448775,3.4683902
24.0,122.0,2011-03-01,2011-04-10,40,25,19.975674,20.909868,19.171217,77.44792,4.9035344,4.98092,81.80344,72.39955,6.0962524,3.6858966
25.0,120.0,2011-03-01,2011-04-10,40,25,18.955948,20.740566,17.575153,78.31737,5.490657,2.8256161,85.59037,69.834526,6.7442737,4.0498767
23.0,121.0,2011-03-01,2011-04-10,40,25,20.077002,21.964659,18.745386,80.462555,2.4624057,4.5093474,86.43102,71.7706,3.114667,1.8387989
22.0,121.0,2011-03-01,2011-04-10,40,25,22.730244,23.83836,21.881329,78.41861,5.020044,1.9227544,83.44354,72.53793,5.9043226,4.11548
25.0,122.0,2011-03-01,2011-04-10,40,25,21.047422,21.528183,20.507881,73.74084,6.6241035,3.6901793,77.915115,70.08609,8.021465,5.227956
25.0,121.0,2011-03-01,2011-04-10,40,25,20.427048,21.49917,19.547882,75.925735,5.7603397,3.3544085,81.594894,70.01816,7.045575,4.5168767
22.0,122.0,2011-03-01,2011-04-10,40,25,23.02885,23.41727,22.598082,78.0416,7.619865,1.6427559,81.67231,74.98137,8.792459,6.5390735
22.0,120.0,2011-03-01,2011-04-10,40,25,23.068396,24.240166,22.163033,77.80747,4.54435,2.2898808,82.59703,71.647125,5.7422633,3.3580182
24.0,121.0,2011-03-01,2011-04-10,40,25,19.344788,21.010942,18.114351,79.872795,4.105625,4.646217,85.905426,72.12466,5.1370044,3.026886
23.0,122.0,2011-03-01,2011-04-10,40,25,20.376873,21.389229,19.543451,79.93029,4.961859,4.229579,84.26211,74.71806,5.904521,4.098843
24.0,120.0,2011-03-01,2011-04-10,40,25,21.324535,22.34996,20.499746,77.61749,6.049092,2.5876563,83.18391,71.563385,7.5756044,4.686662
23.0,120.0,2011-03-01,2011-04-10,40,25,22.064081,23.284971,21.137157,78.14615,4.279916,2.4450629,83.65827,71.39718,5.3272142,3.3838902
24.0,121.0,2011-03-01,2011-04-11,41,25,19.511906,21.286352,18.233871,80.30411,3.9075577,4.59397,85.959206,72.35199,4.9792876,2.5525103
25.0,122.0,2011-03-01,2011-04-11,41,25,21.336094,21.9454,20.605474,75.24723,6.4249763,3.8656664,79.46712,71.1161,7.8455434,4.9093966
25.0,121.0,2011-03-01,2011-04-11,41,25,20.716753,21.823267,19.706293,76.75146,5.4733424,3.2315896,82.041954,70.77127,6.8615475,3.8344696
22.0,122.0,2011-03-01,2011-04-11,41,25,23.127563,23.521494,22.621244,77.94727,7.572533,1.5937833,80.974525,75.16675,8.730334,6.261596
23.0,121.0,2011-03-01,2011-04-11,41,25,20.118242,22.200005,18.69196,80.519745,2.594018,4.074788,87.07098,71.11938,3.3392212,1.9127965
22.0,121.0,2011-03-01,2011-04-11,41,25,22.778614,23.952803,21.89856,77.92444,5.235637,1.4980358,82.93747,71.80392,5.9685974,4.5385323
25.0,120.0,2011-03-01,2011-04-11,41,25,19.308235,21.241938,17.828417,78.48765,5.061573,2.7639825,85.73468,69.48881,6.3523045,3.661192
22.0,120.0,2011-03-01,2011-04-11,41,25,23.05141,24.266811,22.171328,77.652855,5.0501304,2.000661,83.004326,71.26322,5.821313,4.227318
24.0,120.0,2011-03-01,2011-04-11,41,25,21.526987,22.54916,20.673555,78.288284,5.8834534,2.3926592,83.382,72.330894,7.299657,4.1018033
23.0,122.0,2011-03-01,2011-04-11,41,25,20.468319,21.64377,19.630278,80.377396,4.9025726,4.1691628,84.82794,74.82681,5.854907,3.8523474
23.0,120.0,2011-03-01,2011-04-11,41,25,22.140236,23.412329,21.246754,78.427284,4.3924913,1.8670686,84.04262,71.44703,5.5252476,3.1609693
24.0,122.0,2011-03-01,2011-04-11,41,25,20.142044,21.224663,19.299723,78.58064,4.814379,5.2323976,83.001564,73.57866,6.073797,3.4918582
22.0,120.0,2011-03-01,2011-04-12,42,25,23.279236,24.60192,22.326939,77.724915,4.877947,2.6856682,83.10104,70.29058,5.8967,3.9301803
23.0,121.0,2011-03-01,2011-04-12,42,25,20.362764,22.51941,18.947365,80.43418,2.2387419,3.3469114,86.97988,70.178055,2.9583695,1.6461966
24.0,120.0,2011-03-01,2011-04-12,42,25,21.758091,22.780895,20.989756,79.25456,4.5186696,1.8922888,84.788025,73.218056,5.864508,2.8237433
24.0,122.0,2011-03-01,2011-04-12,42,25,20.408129,21.4461,19.624857,78.01281,4.4282002,3.5288703,82.3184,72.82744,5.271027,3.5409362
23.0,122.0,2011-03-01,2011-04-12,42,25,20.662424,21.765715,19.850294,80.65308,4.4253345,4.0221114,84.963486,75.132805,5.2493806,3.4103513
23.0,120.0,2011-03-01,2011-04-12,42,25,22.368519,23.739746,21.436993,78.5551,3.547858,1.7345139,84.63533,70.37906,4.5651546,2.428049
25.0,121.0,2011-03-01,2011-04-12,42,25,21.133512,22.215425,20.32576,77.77635,4.404148,2.1557312,83.44476,71.48698,5.4164953,3.3045912
25.0,122.0,2011-03-01,2011-04-12,42,25,21.771185,22.189478,21.223238,74.99332,6.035835,2.1862497,79.03127,71.43026,7.0488434,5.02785
22.0,122.0,2011-03-01,2011-04-12,42,25,23.278746,23.71305,22.767832,78.59022,7.2283993,3.5674744,81.91392,75.49857,8.327261,6.0715404
25.0,120.0,2011-03-01,2011-04-12,42,25,19.690496,21.627348,18.372484,80.253685,4.1242723,2.0212257,87.86593,70.62492,5.3519506,2.7266874
22.0,121.0,2011-03-01,2011-04-12,42,25,22.980288,24.22352,22.077599,78.235176,4.9859176,2.8900607,83.503,71.10304,5.8286376,4.192417
24.0,121.0,2011-03-01,2011-04-12,42,25,19.759638,21.553703,18.586048,81.07317,2.9616132,3.498658,86.85665,72.81919,3.9227445,1.7957726
23.0,121.0,2011-03-01,2011-04-13,43,25,20.944033,23.350492,19.496935,80.331764,2.0936463,2.4112008,87.75409,68.709236,2.8893447,1.430283
22.0,121.0,2011-03-01,2011-04-13,43,25,23.434416,24.840303,22.501778,79.048996,4.451045,0.9659668,85.17624,71.18379,5.4428697,3.5322952
24.0,121.0,2011-03-01,2011-04-13,43,25,20.24765,22.246206,18.980627,81.04559,2.616961,2.7452927,87.86582,71.538795,3.5622244,1.5431286
25.0,121.0,2011-03-01,2011-04-13,43,25,21.526104,22.687613,20.708096,78.3628,4.1808076,1.8829434,84.72978,71.8626,5.2929792,3.0200508
24.0,120.0,2011-03-01,2011-04-13,43,25,22.188505,23.380865,21.376245,79.39006,3.9159248,1.1341182,85.859695,72.119606,5.3216157,2.4927392
24.0,122.0,2011-03-01,2011-04-13,43,25,20.978022,22.144747,20.185125,78.76102,4.081376,3.0992188,83.69458,73.424545,4.999847,3.089557
22.0,120.0,2011-03-01,2011-04-13,43,25,23.685005,25.103647,22.76772,78.316795,4.5134,0.85610336,84.778275,70.180305,5.6826534,3.4953098
25.0,120.0,2011-03-01,2011-04-13,43,25,20.27251,22.373808,18.815231,80.68559,3.6231349,2.1311274,88.214554,70.24352,4.821218,2.4589443
23.0,122.0,2011-03-01,2011-04-13,43,25,21.161953,22.48214,20.293852,81.68142,3.9808505,2.7037132,86.11887,75.6547,4.996985,2.7936792
25.0,122.0,2011-03-01,2011-04-13,43,25,22.245022,22.66689,21.777212,76.32087,5.6507497,2.2373285,80.89881,72.18648,6.7504907,4.5322914
23.0,120.0,2011-03-01,2011-04-13,43,25,22.891748,24.489042,21.912905,78.65874,3.1939895,0.7944568,85.63336,69.41477,4.220445,2.2612097
22.0,122.0,2011-03-01,2011-04-13,43,25,23.650707,24.021992,23.199434,80.53926,6.391924,1.2603916,83.777,77.782875,7.504278,5.0641565
22.0,122.0,2011-03-01,2011-04-14,44,25,23.686512,24.136948,23.154106,80.010056,6.973654,1.1356277,83.33842,77.0926,8.025595,5.810542
24.0,121.0,2011-03-01,2011-04-14,44,25,20.435003,22.395674,19.125277,81.45833,3.2052703,3.0362568,87.65152,72.52502,4.2321916,1.9094064
22.0,121.0,2011-03-01,2011-04-14,44,25,23.500547,24.831797,22.523388,79.160706,4.7778053,1.1350119,84.88861,71.7575,5.727389,3.8170524
23.0,121.0,2011-03-01,2011-04-14,44,25,21.041903,23.314856,19.542866,80.911194,2.286296,2.818972,87.50088,70.4384,3.0697405,1.556948
23.0,120.0,2011-03-01,2011-04-14,44,25,22.998205,24.53443,21.97727,79.35265,3.5699372,1.0726033,85.322266,70.858604,4.582608,2.4530494
23.0,122.0,2011-03-01,2011-04-14,44,25,21.229364,22.4675,20.357948,81.61209,4.415247,2.8191233,85.41605,75.903625,5.400159,3.2886484
25.0,122.0,2011-03-01,2011-04-14,44,25,22.40102,22.850943,21.834654,76.765656,6.153589,2.576662,81.379395,72.8229,7.3425646,4.795512
22.0,120.0,2011-03-01,2011-04-14,44,25,23.764587,25.155071,22.768003,78.898186,4.6649947,1.1121238,84.51157,71.230316,5.6869984,3.4673245
24.0,122.0,2011-03-01,2011-04-14,44,25,21.078957,22.22265,20.244919,79.339294,4.551713,3.718786,83.65432,73.93415,5.653931,3.322742
24.0,120.0,2011-03-01,2011-04-14,44,25,22.38439,23.611303,21.540688,79.91062,4.67005,1.2961437,85.75899,72.96014,6.0197496,2.9880488
25.0,120.0,2011-03-01,2011-04-14,44,25,20.424833,22.409082,19.091724,80.9044,4.493458,2.4536798,88.094086,71.32806,5.710929,2.9399614
25.0,121.0,2011-03-01,2011-04-14,44,25,21.767633,22.917183,20.868004,78.69589,4.873892,1.8937587,84.926384,72.096115,5.995059,3.4847279
22.0,122.0,2011-03-01,2011-04-15,45,25,23.755817,24.193144,23.200512,80.172386,7.001905,1.3290722,83.94223,77.31562,8.102665,5.8197255
24.0,121.0,2011-03-01,2011-04-15,45,25,20.35633,22.195044,19.015482,81.222755,3.2992237,5.223574,87.46927,73.357574,4.384415,2.1098242
23.0,121.0,2011-03-01,2011-04-15,45,25,21.050386,23.219824,19.55954,80.9564,2.3445349,4.5052657,87.95097,71.02641,3.2123797,1.5521698
22.0,121.0,2011-03-01,2011-04-15,45,25,23.556992,24.829205,22.60124,79.208725,4.8564296,1.6224239,84.65005,72.446106,5.799423,3.8272054
23.0,122.0,2011-03-01,2011-04-15,45,25,21.250582,22.451548,20.337242,81.78164,4.3971367,4.2128325,86.35462,76.32706,5.408027,3.3328567
24.0,120.0,2011-03-01,2011-04-15,45,25,22.316282,23.419872,21.438013,79.62759,5.031475,2.8222973,85.57906,73.645096,6.4955926,3.23001
23.0,120.0,2011-03-01,2011-04-15,45,25,23.017271,24.446358,22.004507,79.30785,3.8199296,2.0978103,85.43337,71.434746,4.868312,2.6421006
24.0,122.0,2011-03-01,2011-04-15,45,25,21.004671,22.116709,20.110731,79.8458,4.6311345,6.284819,84.470184,74.9219,5.819828,3.2247183
22.0,120.0,2011-03-01,2011-04-15,45,25,23.819729,25.156797,22.85192,79.01045,4.6807847,2.0709553,84.787735,71.785355,5.670162,3.619095
25.0,122.0,2011-03-01,2011-04-15,45,25,22.210543,22.642315,21.725151,77.10907,6.286266,4.7283483,81.161194,73.65347,7.6261916,4.7229924
25.0,121.0,2011-03-01,2011-04-15,45,25,21.572598,22.64507,20.793423,78.315216,5.093503,3.668321,83.71236,72.61174,6.3158875,3.524932
25.0,120.0,2011-03-01,2011-04-15,45,25,20.236704,22.046988,18.952518,79.84599,4.591921,3.3672652,86.94747,71.47859,5.9761143,3.000541
24.0,121.0,2011-03-01,2011-04-16,46,25,20.39973,22.191694,19.132086,81.46858,3.3193886,4.4553576,87.43125,73.72246,4.4533043,2.115845
24.0,120.0,2011-03-01,2011-04-16,46,25,22.292356,23.335905,21.464283,79.85959,4.983753,2.0110543,85.43079,73.950554,6.8051286,2.9656308
23.0,122.0,2011-03-01,2011-04-16,46,25,21.314907,22.460712,20.40886,81.54376,4.095176,4.202442,85.37121,76.47593,5.327253,2.6670344
24.0,122.0,2011-03-01,2011-04-16,46,25,21.16793,22.188618,20.326767,79.044426,4.652898,6.2092023,83.46114,74.25164,5.694632,3.522499
22.0,120.0,2011-03-01,2011-04-16,46,25,23.855957,25.19628,22.865942,79.070465,4.403268,1.5437539,84.532585,71.72006,5.452273,3.3913643
22.0,121.0,2011-03-01,2011-04-16,46,25,23.602974,24.915903,22.6308,79.209,4.5411468,1.5724397,84.19731,72.11883,5.629543,3.4411259
23.0,121.0,2011-03-01,2011-04-16,46,25,21.110142,23.27061,19.647917,81.010895,2.1357484,4.341527,87.427605,70.995094,2.872076,1.4803768
25.0,122.0,2011-03-01,2011-04-16,46,25,22.41165,22.792934,21.914097,76.3826,6.2028046,4.4416256,80.56516,72.76327,7.533084,4.885138
23.0,120.0,2011-03-01,2011-04-16,46,25,23.009531,24.41373,21.985298,79.35712,3.6437762,1.88723,85.65048,71.308205,4.929225,2.4245083
25.0,121.0,2011-03-01,2011-04-16,46,25,21.654797,22.6329,20.846241,78.5827,5.0593905,2.6929688,84.06104,72.97713,6.519827,3.4572103
22.0,122.0,2011-03-01,2011-04-16,46,25,23.806541,24.284536,23.265444,79.860954,6.486283,1.4322886,82.9158,76.907234,8.040637,4.7188067
25.0,120.0,2011-03-01,2011-04-16,46,25,20.325142,22.26704,18.92407,80.421684,4.601568,1.7818676,87.911865,71.42874,6.1445985,2.9907784
22.0,120.0,2011-03-01,2011-04-17,47,25,23.875483,25.232216,22.89917,78.98374,4.156594,1.6830059,84.050476,71.49446,5.145039,3.236785
25.0,120.0,2011-03-01,2011-04-17,47,25,20.486828,22.394419,19.153961,81.12805,4.3323817,2.480736,87.75631,72.63876,5.4722815,3.0981202
23.0,121.0,2011-03-01,2011-04-17,47,25,21.123634,23.34066,19.655033,81.085144,2.1937714,3.5807438,87.74795,70.90159,2.8949378,1.5777841
24.0,120.0,2011-03-01,2011-04-17,47,25,22.438013,23.667944,21.534252,80.40239,4.388412,2.0888908,85.661934,73.99441,5.5423193,3.0975115
23.0,120.0,2011-03-01,2011-04-17,47,25,23.090076,24.635883,22.05962,79.702896,3.3861597,1.8924327,85.61311,71.50046,4.283148,2.4765813
24.0,121.0,2011-03-01,2011-04-17,47,25,20.47881,22.377558,19.126087,81.76137,3.1061225,3.7709448,87.839294,73.36607,3.9182787,2.2900565
24.0,122.0,2011-03-01,2011-04-17,47,25,21.08143,22.213163,20.217806,79.71745,4.615332,4.38023,84.27909,74.625656,5.544929,3.5974293
23.0,122.0,2011-03-01,2011-04-17,47,25,21.3142,22.514887,20.43569,81.73203,4.42729,3.7127333,86.09883,76.3207,5.2117586,3.49096
22.0,122.0,2011-03-01,2011-04-17,47,25,23.794044,24.3304,23.25631,80.064224,6.8659296,1.760369,83.51822,76.98908,7.70399,5.8515997
25.0,122.0,2011-03-01,2011-04-17,47,25,22.36103,22.868706,21.832958,77.37855,5.9030137,3.1448767,80.98234,74.16454,7.098349,4.640812
22.0,121.0,2011-03-01,2011-04-17,47,25,23.604637,24.88577,22.638203,79.27425,4.625894,1.6267772,84.541435,72.32271,5.3649373,3.8602314
25.0,121.0,2011-03-01,2011-04-17,47,25,21.76872,22.922768,20.823408,79.22108,4.441812,2.5358965,84.20819,73.520226,5.5052757,3.1793497
24.0,120.0,2011-03-01,2011-04-18,48,25,22.516603,23.520308,21.689146,80.55327,4.91689,1.3216777,85.286316,75.076,6.456161,3.0649457
25.0,120.0,2011-03-01,2011-04-18,48,25,20.51424,22.185574,19.281473,81.14746,4.7171383,1.6146373,87.80769,72.88637,5.943747,3.24913
23.0,121.0,2011-03-01,2011-04-18,48,25,21.19645,23.237793,19.812864,81.369095,2.1751075,3.7612536,87.59981,72.26469,2.8354144,1.5253708
22.0,120.0,2011-03-01,2011-04-18,48,25,23.882656,25.16832,22.991987,79.038185,4.342387,1.5753559,84.14664,72.33591,5.342923,3.284534
24.0,122.0,2011-03-01,2011-04-18,48,25,21.242699,22.214106,20.465702,79.971596,4.2077923,3.9542005,83.75833,75.75241,5.0756025,3.145688
23.0,120.0,2011-03-01,2011-04-18,48,25,23.121704,24.51731,22.184965,79.74332,3.6910572,1.4393239,84.8372,72.45675,4.677821,2.644962
22.0,122.0,2011-03-01,2011-04-18,48,25,23.847265,24.242882,23.390142,80.43623,6.866202,1.9167693,83.19167,77.85274,8.079576,5.51768
25.0,121.0,2011-03-01,2011-04-18,48,25,21.86921,22.77412,21.102192,79.02651,4.843579,1.9648376,84.007225,73.73761,5.9403496,3.4735944
23.0,122.0,2011-03-01,2011-04-18,48,25,21.399378,22.496311,20.556791,82.2593,4.401577,3.961297,85.83862,77.580505,5.3830867,3.4216285
24.0,121.0,2011-03-01,2011-04-18,48,25,20.598118,22.266619,19.347755,82.1508,3.1924217,3.6324685,87.51307,74.82806,4.1765094,1.9709929
22.0,121.0,2011-03-01,2011-04-18,48,25,23.64549,24.868889,22.743658,79.44655,4.626978,1.7159654,84.431854,72.90548,5.49449,3.6364574
25.0,122.0,2011-03-01,2011-04-18,48,25,22.503363,22.945051,21.967573,77.085396,5.717118,2.285804,80.588524,73.981544,6.7315254,4.424465
24.0,122.0,2011-03-01,2011-04-19,49,25,21.567223,22.567959,20.797523,80.30673,4.248541,3.4196405,84.209694,75.65541,5.0759172,3.1450305
23.0,122.0,2011-03-01,2011-04-19,49,25,21.64438,22.740572,20.863134,82.44754,4.354074,3.3273242,86.70631,77.11147,5.1080456,3.4374158
23.0,120.0,2011-03-01,2011-04-19,49,25,23.421093,24.788965,22.494667,79.76994,3.231159,2.2887342,86.03341,71.80627,4.253677,2.193479
24.0,120.0,2011-03-01,2011-04-19,49,25,22.900908,24.010937,22.049122,80.856445,3.9576845,1.3970859,86.33325,74.55248,5.3935676,2.3264835
23.0,121.0,2011-03-01,2011-04-19,49,25,21.416227,23.478233,20.03584,81.26173,2.2614024,3.819268,88.01984,71.35325,2.9800866,1.5500662
25.0,122.0,2011-03-01,2011-04-19,49,25,22.992056,23.49102,22.363228,78.20652,5.716721,2.5149417,81.404526,75.08546,6.8674345,4.5492115
25.0,120.0,2011-03-01,2011-04-19,49,25,20.915363,22.789951,19.572905,82.24141,3.986728,2.0503902,88.62647,73.78887,5.3263435,2.5096307
22.0,120.0,2011-03-01,2011-04-19,49,25,24.06959,25.308388,23.220835,78.99903,4.672601,2.260658,84.31909,72.17354,5.7360826,3.630271
22.0,122.0,2011-03-01,2011-04-19,49,25,24.04832,24.39415,23.67082,80.916565,6.9180555,2.104638,84.101006,78.20457,7.9058375,5.950151
22.0,121.0,2011-03-01,2011-04-19,49,25,23.821304,25.029297,22.996498,79.61148,4.8245764,2.5987165,85.03865,72.641075,5.654596,3.9400752
24.0,121.0,2011-03-01,2011-04-19,49,25,20.903013,22.702608,19.621662,82.35318,2.7173777,2.922357,88.4776,74.11562,3.6367855,1.620698
25.0,121.0,2011-03-01,2011-04-19,49,25,22.33835,23.452276,21.40937,80.04824,4.3030605,2.0171251,85.21673,73.91037,5.52302,3.002033
23.0,121.0,2011-03-01,2011-04-20,50,25,21.647873,23.963398,20.03727,81.26295,2.2838793,4.0387936,88.10537,71.10696,2.9916666,1.5720061
22.0,121.0,2011-03-01,2011-04-20,50,25,24.017736,25.415014,22.952324,79.770775,4.7659397,2.1727185,85.18169,72.62467,5.7147303,3.7152517
25.0,122.0,2011-03-01,2011-04-20,50,25,22.867926,23.483921,22.294775,77.56079,6.326631,4.1162314,81.85297,73.77978,7.569959,4.986115
22.0,120.0,2011-03-01,2011-04-20,50,25,24.25484,25.724634,23.178179,79.293274,4.530793,1.3881879,84.667694,71.93344,5.6357045,3.5271444
23.0,122.0,2011-03-01,2011-04-20,50,25,21.861233,23.128828,20.82101,82.25257,4.5265965,5.1831994,86.68301,76.57997,5.6199694,3.270957
24.0,122.0,2011-03-01,2011-04-20,50,25,21.65459,22.870405,20.66959,80.03372,4.408258,5.4843335,84.470146,74.80616,5.5186763,3.056119
24.0,121.0,2011-03-01,2011-04-20,50,25,20.976988,22.76232,19.623594,82.2678,3.3236327,4.8137093,88.55921,74.44443,4.234501,2.2435098
22.0,122.0,2011-03-01,2011-04-20,50,25,24.230068,24.743267,23.671753,80.889626,7.099492,3.324375,84.28676,77.45047,8.389464,5.598873
25.0,121.0,2011-03-01,2011-04-20,50,25,22.20044,23.26709,21.293419,79.55462,5.3455043,3.4509509,85.28114,73.714676,6.4893646,4.064784
25.0,120.0,2011-03-01,2011-04-20,50,25,20.956944,22.710255,19.685759,81.6151,4.9641056,3.832876,88.75715,73.615105,6.2085443,3.5918915
23.0,120.0,2011-03-01,2011-04-20,50,25,23.459938,24.989351,22.371582,80.65544,3.5907712,1.6709335,86.54388,72.54441,4.638789,2.3363037
24.0,120.0,2011-03-01,2011-04-20,50,25,22.782936,23.905735,21.90589,81.70357,4.9811373,2.457984,87.42511,75.44294,6.422372,3.34448
25.0,121.0,2011-03-01,2011-04-21,51,25,21.983284,23.056456,21.126337,79.60552,4.953934,4.431601,84.72583,74.34601,6.1242657,3.444515
22.0,121.0,2011-03-01,2011-04-21,51,25,23.84471,25.123491,22.863798,79.42787,4.962088,2.0562677,84.75728,72.632355,5.7903047,4.115926
23.0,121.0,2011-03-01,2011-04-21,51,25,21.364729,23.44724,19.90694,80.963875,2.1628077,5.3520117,87.540504,71.34475,2.8479712,1.5285428
24.0,120.0,2011-03-01,2011-04-21,51,25,22.574257,23.606314,21.710587,81.51527,4.8876004,4.766303,86.64205,75.78557,6.4905486,2.8155441
24.0,121.0,2011-03-01,2011-04-21,51,25,20.675442,22.389332,19.410738,82.60762,3.0753741,7.058328,88.60094,75.1107,4.120453,1.7677618
22.0,122.0,2011-03-01,2011-04-21,51,25,24.07142,24.527838,23.53954,81.00034,7.226704,2.4413998,84.418274,77.77725,8.413263,6.0125813
23.0,122.0,2011-03-01,2011-04-21,51,25,21.59232,22.78268,20.669521,82.46442,4.414275,5.7359266,86.78697,76.90961,5.3110237,3.4756107
25.0,122.0,2011-03-01,2011-04-21,51,25,22.56295,23.137642,22.032696,78.02536,6.1218004,4.794686,82.006004,74.44053,7.2509017,4.7106338
23.0,120.0,2011-03-01,2011-04-21,51,25,23.270046,24.660463,22.264874,79.84683,3.6464596,3.0499964,85.3832,72.52959,4.680971,2.4807029
24.0,122.0,2011-03-01,2011-04-21,51,25,21.265139,22.397402,20.383394,80.83833,4.1903615,7.418206,85.03041,76.01622,5.155445,3.0751467
22.0,120.0,2011-03-01,2011-04-21,51,25,24.102077,25.41795,23.120743,78.74701,4.6859565,2.028039,83.90011,71.83764,5.823769,3.5738382
25.0,120.0,2011-03-01,2011-04-21,51,25,20.744967,22.328169,19.556015,81.47602,4.7794833,3.7880633,88.24987,73.55659,6.1697316,3.1370578
24.0,122.0,2011-03-01,2011-04-22,52,25,21.372932,22.35262,20.651796,80.626526,4.0937343,5.6895723,85.094124,75.51956,4.791467,3.24623
25.0,120.0,2011-03-01,2011-04-22,52,25,21.165194,22.862652,19.992779,81.60009,3.6615899,1.5137268,88.55608,72.96372,4.6382933,2.6010625
24.0,120.0,2011-03-01,2011-04-22,52,25,22.877466,23.903095,22.092745,80.79986,3.8369153,1.12834,86.85312,74.4965,4.9763594,2.6044006
25.0,121.0,2011-03-01,2011-04-22,52,25,22.36342,23.350552,21.517372,79.37569,4.0744634,1.5591713,85.2441,73.90921,5.23989,2.9574847
22.0,122.0,2011-03-01,2011-04-22,52,25,23.965273,24.314192,23.59329,82.13156,7.20011,3.267165,84.79113,79.537445,8.189672,6.1656094
24.0,121.0,2011-03-01,2011-04-22,52,25,20.807076,22.429228,19.672127,82.796425,2.4828973,4.1768165,89.023285,74.78863,3.160695,1.7109624
23.0,121.0,2011-03-01,2011-04-22,52,25,21.324976,23.26846,20.02408,82.14404,2.0264692,4.6604447,88.52122,73.10166,2.5824347,1.4936687
22.0,121.0,2011-03-01,2011-04-22,52,25,23.766201,24.887375,22.950962,80.858406,4.910885,2.6982412,85.68914,74.81891,5.830231,4.01993
25.0,122.0,2011-03-01,2011-04-22,52,25,22.9191,23.377178,22.445786,77.40945,5.615814,3.0700967,81.227325,74.35949,6.6708055,4.560106
22.0,120.0,2011-03-01,2011-04-22,52,25,24.057423,25.238325,23.218534,79.73619,4.577941,1.9570453,85.08458,73.22103,5.8139772,3.6046371
23.0,122.0,2011-03-01,2011-04-22,52,25,21.525015,22.605059,20.747818,83.32031,4.330826,5.2224245,87.04084,78.07813,5.066264,3.6007752
23.0,120.0,2011-03-01,2011-04-22,52,25,23.402842,24.713886,22.539341,80.08568,3.1056018,1.5987692,86.0098,72.73019,3.9438412,2.2969346
24.0,122.0,2011-03-01,2011-04-23,53,25,21.726406,22.738604,20.92836,80.22263,3.8036544,4.194966,83.79298,76.062454,4.7057867,2.8736253
23.0,121.0,2011-03-01,2011-04-23,53,25,21.656406,23.731236,20.259457,81.44131,1.9459949,3.0587957,87.66285,72.01481,2.603384,1.3879412
23.0,120.0,2011-03-01,2011-04-23,53,25,23.723022,25.164185,22.723783,79.69813,2.9711714,1.1275666,85.43507,71.77961,4.041289,1.9083623
25.0,122.0,2011-03-01,2011-04-23,53,25,23.24524,23.663193,22.744726,77.253006,5.397096,2.711888,80.89561,74.05152,6.3561463,4.4758935
24.0,121.0,2011-03-01,2011-04-23,53,25,21.190536,22.985254,19.917562,82.71854,2.601313,2.8363225,88.457214,74.647285,3.7092223,1.3476303
22.0,122.0,2011-03-01,2011-04-23,53,25,24.191721,24.541973,23.739355,80.97036,6.7803044,2.144947,84.04713,78.24982,7.9195113,5.753771
22.0,120.0,2011-03-01,2011-04-23,53,25,24.359892,25.67042,23.413237,78.74117,4.7067685,1.21172,83.70639,71.782585,5.7398987,3.734069
23.0,122.0,2011-03-01,2011-04-23,53,25,21.78996,22.87495,21.001177,82.58831,4.059098,3.410512,86.21695,77.847,4.9926,3.0224962
24.0,120.0,2011-03-01,2011-04-23,53,25,23.249609,24.41311,22.359062,80.99228,3.8211246,0.91356355,86.4089,74.46172,5.466322,1.9427099
25.0,120.0,2011-03-01,2011-04-23,53,25,21.52875,23.44166,20.112778,81.78902,4.1155834,1.546041,89.25488,72.58121,5.4543037,2.5576556
25.0,121.0,2011-03-01,2011-04-23,53,25,22.71924,23.817791,21.848783,79.50266,4.2182064,1.3546962,85.100624,73.46106,5.1978455,3.1037264
22.0,121.0,2011-03-01,2011-04-23,53,25,24.059458,25.30651,23.164087,79.71387,4.755217,1.7885013,84.82646,72.90214,5.601867,3.8389823
22.0,121.0,2011-03-01,2011-04-24,54,25,24.380327,25.710003,23.45644,80.536964,4.368138,2.7776673,86.503914,73.05159,5.4225707,3.4190688
25.0,121.0,2011-03-01,2011-04-24,54,25,22.921968,23.974062,22.084297,80.75313,4.374969,2.644429,86.57813,74.808426,5.5235047,3.1290765
24.0,120.0,2011-03-01,2011-04-24,54,25,23.467035,24.548193,22.623222,81.7281,3.9811513,1.3746703,87.56668,75.628815,5.514315,2.4500556
23.0,121.0,2011-03-01,2011-04-24,54,25,22.039196,24.191513,20.644835,82.167274,2.0510921,4.528613,89.249626,72.03652,2.7027862,1.4222428
23.0,122.0,2011-03-01,2011-04-24,54,25,22.204666,23.353748,21.330727,83.42812,3.7019665,4.749865,87.93531,77.84929,4.560652,2.5689077
23.0,120.0,2011-03-01,2011-04-24,54,25,24.018057,25.536568,23.029644,80.82059,3.1185956,2.0460083,87.34766,72.49268,4.0722947,2.1920996
25.0,122.0,2011-03-01,2011-04-24,54,25,23.489435,23.985847,22.94898,79.49085,5.825528,4.0460525,84.07391,75.67085,6.9836817,4.6172643
22.0,120.0,2011-03-01,2011-04-24,54,25,24.627766,26.015423,23.693003,79.900536,4.491318,2.3910856,85.97495,72.30356,5.5722103,3.4816315
22.0,122.0,2011-03-01,2011-04-24,54,25,24.544748,24.966904,24.04485,81.90942,5.971649,3.0007653,85.74625,78.737625,7.3394957,4.6044297
24.0,121.0,2011-03-01,2011-04-24,54,25,21.49531,23.203707,20.286127,83.06359,2.6423557,3.8436456,89.36749,75.21425,3.6393826,1.5067413
24.0,122.0,2011-03-01,2011-04-24,54,25,22.072702,23.143217,21.188267,81.651855,4.1454678,5.251498,86.2966,76.69856,5.1519756,3.0773618
25.0,120.0,2011-03-01,2011-04-24,54,25,21.719894,23.464672,20.444035,82.43315,3.9746087,3.1417139,89.629265,73.817764,5.325006,2.275275
24.0,121.0,2011-03-01,2011-04-25,55,25,21.937511,23.858288,20.604542,83.98448,2.6528263,5.270752,90.43772,75.05537,3.6040585,1.6048253
22.0,122.0,2011-03-01,2011-04-25,55,25,24.87146,25.242823,24.413671,83.52768,5.619636,1.9389197,86.472206,80.89425,6.536961,4.673176
23.0,122.0,2011-03-01,2011-04-25,55,25,22.616413,23.886192,21.798512,84.86921,3.7685838,4.3283677,89.0391,79.05234,4.649785,2.889728
22.0,120.0,2011-03-01,2011-04-25,55,25,24.887424,26.26461,23.9067,81.62956,3.999104,1.1814731,87.489815,74.53449,4.963641,2.9097517
24.0,120.0,2011-03-01,2011-04-25,55,25,23.80564,24.942799,22.967207,83.12178,3.7321322,4.0116277,88.692184,76.69534,4.955228,2.2526617
23.0,121.0,2011-03-01,2011-04-25,55,25,22.406372,24.71698,20.831459,83.597946,2.068398,3.6623223,90.96607,73.01392,2.880185,1.3822881
25.0,122.0,2011-03-01,2011-04-25,55,25,23.871798,24.309116,23.40455,82.43262,5.3534875,3.3586724,85.90372,79.15787,6.453794,4.19457
23.0,120.0,2011-03-01,2011-04-25,55,25,24.28105,25.79412,23.24206,82.718925,3.067979,2.3992012,89.1507,74.71389,4.029378,2.024147
22.0,121.0,2011-03-01,2011-04-25,55,25,24.662247,26.02253,23.688774,82.11596,3.9420784,1.2686771,88.06051,74.8823,4.8578057,3.1445472
25.0,121.0,2011-03-01,2011-04-25,55,25,23.306656,24.439768,22.430336,82.46123,3.962741,4.3711705,88.196045,75.92655,4.9937825,2.7490396
25.0,120.0,2011-03-01,2011-04-25,55,25,22.18496,24.078472,20.885351,83.50488,3.5554082,3.9175262,90.40988,74.2059,4.8094335,2.204768
24.0,122.0,2011-03-01,2011-04-25,55,25,22.512608,23.654072,21.725927,83.868614,4.140548,4.2539043,87.99143,78.59903,5.048799,3.080037
23.0,122.0,2011-03-01,2011-04-26,56,25,22.98337,24.269337,22.020414,85.75317,3.452775,4.278501,90.0471,79.77809,4.462416,2.351065
24.0,122.0,2011-03-01,2011-04-26,56,25,22.844389,23.990234,21.97495,84.5752,3.9712472,5.381026,88.35751,79.51934,4.9216447,2.9064748
25.0,121.0,2011-03-01,2011-04-26,56,25,23.538834,24.622486,22.671778,83.665436,3.9772058,2.1761446,88.933655,77.99743,4.9601154,2.777213
22.0,121.0,2011-03-01,2011-04-26,56,25,24.991919,26.35356,23.968468,82.432236,3.8366477,1.2209457,88.13431,74.88736,4.675797,2.984362
22.0,122.0,2011-03-01,2011-04-26,56,25,25.18673,25.649126,24.657652,84.323494,5.4121385,1.5007907,87.39868,81.3875,6.5734715,4.170248
24.0,121.0,2011-03-01,2011-04-26,56,25,22.24859,24.132463,20.896177,85.080956,2.5344927,4.3837104,91.00923,76.890434,3.458967,1.5767243
22.0,120.0,2011-03-01,2011-04-26,56,25,25.159706,26.549429,24.153105,82.08837,3.9346108,1.3778052,87.76506,74.50866,4.8336506,3.147526
25.0,122.0,2011-03-01,2011-04-26,56,25,24.124937,24.586426,23.61021,83.2565,5.2650185,3.174758,86.92207,79.948685,6.366194,4.015725
23.0,120.0,2011-03-01,2011-04-26,56,25,24.615198,26.164558,23.566626,82.98532,2.9553103,1.5361915,89.24717,74.41055,3.9279852,1.9670926
25.0,120.0,2011-03-01,2011-04-26,56,25,22.521856,24.389395,21.223867,84.343414,3.7783756,2.5261936,90.88295,75.62894,4.9369283,2.5611854
23.0,121.0,2011-03-01,2011-04-26,56,25,22.788067,25.067366,21.204784,83.965164,1.9358237,4.0003333,91.30267,73.18722,2.603495,1.3573782
24.0,120.0,2011-03-01,2011-04-26,56,25,24.069407,25.226425,23.233887,84.11584,3.8583517,1.9317279,89.14471,77.99035,5.197082,2.4435766
24.0,122.0,2011-03-01,2011-04-27,57,25,22.920496,24.061579,21.982979,83.730995,4.249336,3.7551422,87.64307,78.81512,5.492384,2.9152923
24.0,120.0,2011-03-01,2011-04-27,57,25,24.259995,25.461216,23.309546,83.53837,4.4836626,2.395512,88.70584,77.542725,5.9684577,2.5981858
23.0,122.0,2011-03-01,2011-04-27,57,25,23.031963,24.281609,22.108765,85.11966,4.0188866,3.3517754,89.170654,79.377106,5.0605526,3.033743
23.0,120.0,2011-03-01,2011-04-27,57,25,24.730219,26.182217,23.665102,82.74686,3.2789786,1.4616705,88.62695,74.6915,4.3696475,2.076079
22.0,120.0,2011-03-01,2011-04-27,57,25,25.238089,26.52422,24.296446,81.77271,3.782136,1.333649,87.10585,74.65792,4.879321,2.855249
22.0,121.0,2011-03-01,2011-04-27,57,25,25.081741,26.347841,24.109316,82.03917,3.9185708,0.8833591,87.364494,74.94474,4.697882,3.057128
23.0,121.0,2011-03-01,2011-04-27,57,25,22.876816,25.092236,21.256708,83.780716,2.0875719,2.9000373,90.68521,73.289024,2.9531028,1.4060498
25.0,121.0,2011-03-01,2011-04-27,57,25,23.70396,24.953579,22.628374,83.04482,4.343519,4.0669537,88.05827,77.38275,5.530592,3.0031555
22.0,122.0,2011-03-01,2011-04-27,57,25,25.236073,25.665318,24.769194,83.48953,5.8468175,1.336853,86.5088,80.75758,6.8169804,4.8674316
24.0,121.0,2011-03-01,2011-04-27,57,25,22.413006,24.374683,20.91005,84.548294,3.091015,3.8286884,90.75223,76.038445,4.1700044,1.8460569
25.0,122.0,2011-03-01,2011-04-27,57,25,24.202417,24.703726,23.610157,82.34494,5.515442,3.995543,85.152245,79.823845,6.831443,4.2294955
25.0,120.0,2011-03-01,2011-04-27,57,25,22.704897,24.63053,21.251991,84.243835,4.2895784,3.6742687,91.03184,75.51345,5.7479777,2.741209
22.0,120.0,2011-03-01,2011-04-28,58,25,25.341433,26.676773,24.329683,81.456116,3.6663165,2.3712745,87.13952,74.28192,4.672811,2.653984
23.0,122.0,2011-03-01,2011-04-28,58,25,23.038347,24.198008,22.166792,84.64181,3.8269708,3.4220715,88.64313,79.353134,4.826741,2.570632
25.0,121.0,2011-03-01,2011-04-28,58,25,23.539646,24.658653,22.67207,81.98147,4.3804197,2.849714,87.55393,76.105286,5.4449906,3.2071226
22.0,121.0,2011-03-01,2011-04-28,58,25,25.109913,26.409042,24.129213,81.92522,3.9119196,2.6151102,87.20724,74.9481,4.7772565,3.0755618
24.0,121.0,2011-03-01,2011-04-28,58,25,22.325056,24.132412,20.988472,84.28679,3.014946,4.2363567,90.418816,76.298546,3.9170895,1.9955597
23.0,121.0,2011-03-01,2011-04-28,58,25,22.8729,24.956293,21.377745,83.63651,2.0010433,4.392685,90.14988,74.04718,2.8139188,1.2271403
22.0,122.0,2011-03-01,2011-04-28,58,25,25.274446,25.734625,24.74769,83.04086,5.7699294,1.6396155,86.2115,80.182304,6.8667297,4.468982
25.0,122.0,2011-03-01,2011-04-28,58,25,24.027632,24.444054,23.592113,81.34642,5.477267,2.9560652,84.96914,78.668236,6.748891,4.153553
24.0,122.0,2011-03-01,2011-04-28,58,25,22.821941,23.810406,22.065874,83.523674,4.1539164,4.3373704,87.56205,79.027306,5.1271973,3.0512629
23.0,120.0,2011-03-01,2011-04-28,58,25,24.708689,26.196274,23.63456,82.576775,3.2456129,2.444363,88.25889,74.69545,4.2652636,1.9506754
24.0,120.0,2011-03-01,2011-04-28,58,25,24.154139,25.357573,23.180908,83.25241,4.377419,2.2958198,88.59277,76.845184,5.712652,2.7334902
25.0,120.0,2011-03-01,2011-04-28,58,25,22.49993,24.251371,21.182676,83.53811,4.380217,3.7649355,90.03897,75.21952,5.641549,2.9894733
22.0,121.0,2011-03-01,2011-04-29,59,25,25.12982,26.32964,24.22039,82.11257,3.7172647,3.0209162,87.68041,75.30796,4.4831276,2.8660052
25.0,121.0,2011-03-01,2011-04-29,59,25,23.652937,24.746662,22.72269,82.54885,4.102947,5.092754,87.53725,77.35109,5.2505293,2.681522
22.0,122.0,2011-03-01,2011-04-29,59,25,25.436369,25.819553,24.948484,83.21617,5.6024413,3.9986541,86.550476,80.282776,6.450677,4.59869
25.0,120.0,2011-03-01,2011-04-29,59,25,22.522652,24.262007,21.20416,84.28686,4.170959,4.892866,90.508606,76.66611,5.54682,2.571176
25.0,122.0,2011-03-01,2011-04-29,59,25,24.285673,24.77687,23.775774,81.68518,5.024877,4.893321,85.00943,78.52723,6.208908,3.6046717
24.0,120.0,2011-03-01,2011-04-29,59,25,24.121895,25.240084,23.200869,83.56528,4.1223283,2.8008869,88.52065,77.82129,5.718274,2.559614
23.0,120.0,2011-03-01,2011-04-29,59,25,24.658987,26.045082,23.651894,82.80605,3.0447123,1.6890543,88.27537,75.269646,4.2371836,1.9278576
22.0,120.0,2011-03-01,2011-04-29,59,25,25.332952,26.562773,24.38813,81.86859,3.5184083,1.6536523,87.30043,75.20859,4.4917154,2.4902894
24.0,121.0,2011-03-01,2011-04-29,59,25,22.400414,24.223885,21.01247,84.40684,2.8069243,4.173563,90.48311,76.41708,3.9974802,1.6876074
23.0,122.0,2011-03-01,2011-04-29,59,25,23.238115,24.46829,22.35623,84.65978,3.760532,4.033565,88.95282,78.75492,4.614803,2.698205
23.0,121.0,2011-03-01,2011-04-29,59,25,22.931309,25.058155,21.414223,83.65453,1.8669946,3.0676825,90.372284,73.72934,2.752123,1.0975959
24.0,122.0,2011-03-01,2011-04-29,59,25,23.0435,24.164839,22.205425,83.39687,3.964035,3.9719164,87.62991,78.15883,5.20498,2.70048
23.0,122.0,2011-03-01,2011-04-30,60,25,23.239779,24.45647,22.250992,85.22916,3.7855604,6.014538,89.4696,79.73386,4.876214,2.559447
22.0,122.0,2011-03-01,2011-04-30,60,25,25.493956,25.980318,24.946321,84.246025,5.8968287,2.9307368,87.2477,81.46562,7.3300614,4.575193
23.0,121.0,2011-03-01,2011-04-30,60,25,23.00124,25.168325,21.367006,83.53739,1.7320193,4.7854433,90.467224,73.67762,2.42495,1.117078
24.0,121.0,2011-03-01,2011-04-30,60,25,22.382824,24.083916,21.052183,83.86704,2.8560822,5.575086,89.81791,76.044205,3.7440815,1.6894002
22.0,121.0,2011-03-01,2011-04-30,60,25,25.255928,26.61588,24.18687,82.44709,3.8411045,1.6911893,88.056114,75.4411,4.915054,2.8194892
22.0,120.0,2011-03-01,2011-04-30,60,25,25.454466,26.842623,24.407066,81.8911,3.3505006,1.5978818,87.4683,74.76422,4.4226446,2.1519876
24.0,122.0,2011-03-01,2011-04-30,60,25,22.967207,24.042547,22.078457,83.64369,3.5715137,5.5044384,87.73124,78.75537,4.638608,2.210592
25.0,120.0,2011-03-01,2011-04-30,60,25,22.579346,24.187876,21.418076,83.115715,4.3141465,4.0244083,89.15162,75.89649,5.347471,2.9708843
23.0,120.0,2011-03-01,2011-04-30,60,25,24.768093,26.30023,23.68853,82.60317,3.1846867,2.4992173,88.22512,74.94316,4.215744,1.967166
25.0,122.0,2011-03-01,2011-04-30,60,25,24.105158,24.592457,23.583702,81.61666,4.9808364,4.3746767,85.4092,78.47155,6.218951,3.6909897
24.0,120.0,2011-03-01,2011-04-30,60,25,24.14354,25.237114,23.32067,82.982635,4.540369,3.2964873,87.98863,77.33677,5.7878513,2.8521874
25.0,121.0,2011-03-01,2011-04-30,60,25,23.530205,24.52765,22.677553,81.71154,4.4658394,4.44418,86.924675,76.11101,5.525349,3.187183
25.0,122.0,2011-03-01,2011-05-01,61,25,24.144035,24.62494,23.609848,79.84691,5.302435,3.958475,82.653244,77.170845,6.310438,4.2551603
22.0,122.0,2011-03-01,2011-05-01,61,25,25.411394,25.838276,24.917017,82.97123,5.8490996,1.1668787,86.24417,80.17065,7.046521,4.5865545
22.0,121.0,2011-03-01,2011-05-01,61,25,25.159016,26.321413,24.221348,81.625755,4.0645905,1.919748,86.909515,75.277405,4.9607973,3.2061954
23.0,121.0,2011-03-01,2011-05-01,61,25,22.793402,24.717514,21.305946,83.130104,1.9208362,4.4847517,89.50747,74.32623,2.6426492,1.3172524
24.0,121.0,2011-03-01,2011-05-01,61,25,22.287544,23.935053,20.995922,84.120605,2.6159716,6.2172337,90.111755,76.616425,3.7841709,1.2282945
25.0,120.0,2011-03-01,2011-05-01,61,25,22.656944,24.31041,21.43935,83.247635,3.8847005,6.5979395,89.572266,75.24671,5.268839,2.270791
23.0,122.0,2011-03-01,2011-05-01,61,25,23.046284,24.126396,22.174658,84.40925,3.683952,3.731272,88.406105,79.48606,4.827239,2.3929608
23.0,120.0,2011-03-01,2011-05-01,61,25,24.704834,26.008945,23.714039,82.08088,2.893679,3.0905554,88.04444,74.91848,4.091721,1.8085855
24.0,122.0,2011-03-01,2011-05-01,61,25,22.788269,23.79435,21.954506,82.37876,3.861639,4.437755,85.86679,78.06104,4.790991,2.7928078
24.0,120.0,2011-03-01,2011-05-01,61,25,24.19213,25.222328,23.366083,83.08474,3.7557425,4.8295994,88.7749,77.06734,5.3895874,2.0590785
25.0,121.0,2011-03-01,2011-05-01,61,25,23.652624,24.749182,22.731348,81.389336,4.0124717,5.725443,86.53754,75.70791,5.2060223,2.5949423
22.0,120.0,2011-03-01,2011-05-01,61,25,25.377808,26.561352,24.434776,80.81923,3.7690747,1.9754425,85.93501,74.61376,4.8122883,2.7543375
23.0,121.0,2011-03-01,2011-05-02,62,25,22.94582,24.907421,21.62839,83.51056,1.8336291,5.37929,89.9746,73.907974,2.4511042,1.2901062
24.0,122.0,2011-03-01,2011-05-02,62,25,22.928411,23.881088,22.168951,83.07539,3.8496664,5.573686,86.854836,78.21358,4.601451,3.0679529
23.0,120.0,2011-03-01,2011-05-02,62,25,24.855268,26.255322,23.895103,82.07076,2.707897,3.882858,88.02776,74.18539,3.813672,1.8301461
24.0,121.0,2011-03-01,2011-05-02,62,25,22.405928,23.913994,21.334854,84.9912,2.4529703,5.860705,90.08506,77.87229,3.2824545,1.6380643
22.0,122.0,2011-03-01,2011-05-02,62,25,25.534878,25.94603,25.067188,83.22293,5.373294,2.148392,86.68398,80.26555,6.5908446,4.03728
25.0,122.0,2011-03-01,2011-05-02,62,25,24.244186,24.70688,23.737417,80.54147,5.297483,3.6806817,84.21283,77.21502,6.298246,4.399027
24.0,120.0,2011-03-01,2011-05-02,62,25,24.308548,25.260326,23.588842,83.54805,3.4886842,4.365038,88.17119,78.20442,4.879795,2.0672817
25.0,121.0,2011-03-01,2011-05-02,62,25,23.731318,24.677885,22.986294,82.29361,3.811097,3.954729,87.14078,77.22233,4.783074,2.8495624
22.0,120.0,2011-03-01,2011-05-02,62,25,25.476412,26.74461,24.57985,81.47695,3.790644,4.026901,86.929794,74.56045,4.932025,2.6474078
23.0,122.0,2011-03-01,2011-05-02,62,25,23.212446,24.208778,22.43,84.77896,3.4014857,4.509997,88.66915,79.48773,4.44043,2.3573046
25.0,120.0,2011-03-01,2011-05-02,62,25,22.76104,24.322187,21.657646,84.249664,3.5083685,3.9277222,90.33696,76.72951,4.581014,2.2964458
22.0,121.0,2011-03-01,2011-05-02,62,25,25.26839,26.466402,24.392397,81.88364,3.823943,3.0262296,87.24833,75.266975,4.827937,2.8441923
22.0,121.0,2011-03-01,2011-05-03,63,25,25.528101,26.751982,24.59543,83.05391,3.710552,2.5174015,88.46077,76.57509,4.641953,2.7992132
23.0,121.0,2011-03-01,2011-05-03,63,25,23.230234,25.256983,21.825527,84.37656,1.8916609,4.7756987,90.69638,75.189644,2.7342155,1.1910233
23.0,122.0,2011-03-01,2011-05-03,63,25,23.493032,24.616611,22.674795,85.7558,3.5441604,3.9778173,89.769005,80.76439,4.634138,2.3473978
25.0,120.0,2011-03-01,2011-05-03,63,25,22.811157,24.533867,21.4435,84.648506,4.1386547,6.4352446,90.32271,77.42249,5.4558353,2.659582
25.0,122.0,2011-03-01,2011-05-03,63,25,24.454575,24.941954,23.854883,82.32407,4.99979,6.5071144,85.364044,79.67382,6.3918977,3.8187177
24.0,122.0,2011-03-01,2011-05-03,63,25,23.240469,24.24791,22.432817,84.18028,3.7756464,6.0397377,87.86437,79.79744,5.038289,2.6465771
25.0,121.0,2011-03-01,2011-05-03,63,25,23.846607,24.869225,22.95291,83.28405,4.406496,6.361393,88.11108,78.534035,5.6702313,3.057978
22.0,120.0,2011-03-01,2011-05-03,63,25,25.688408,26.952452,24.762144,82.554276,3.677226,3.0775516,87.84299,75.98992,4.7505226,2.564563
24.0,120.0,2011-03-01,2011-05-03,63,25,24.390484,25.435835,23.543207,84.3131,4.334492,4.739992,89.23524,78.79062,5.9453516,2.4878798
22.0,122.0,2011-03-01,2011-05-03,63,25,25.790627,26.207172,25.274887,84.48936,5.3525176,1.7160089,87.46216,81.998215,6.3822637,4.198139
24.0,121.0,2011-03-01,2011-05-03,63,25,22.622341,24.261992,21.407661,85.24386,2.7640858,5.9004254,90.71178,78.16212,3.9987593,1.5699345
23.0,120.0,2011-03-01,2011-05-03,63,25,25.004192,26.421328,24.005142,83.42739,3.1412377,3.6167963,88.88791,75.88756,4.347892,1.9197575
24.0,121.0,2011-03-01,2011-05-04,64,25,22.63024,24.232944,21.455435,84.76982,2.9723928,4.7347045,89.93261,77.792,3.8734179,1.9322742
23.0,121.0,2011-03-01,2011-05-04,64,25,23.1689,25.026382,21.792885,84.32667,1.9165226,4.687557,90.516594,75.91248,2.6108968,1.3178743
22.0,122.0,2011-03-01,2011-05-04,64,25,25.719267,26.203115,25.192934,83.927635,5.767436,2.3845472,86.798515,81.43006,6.93522,4.4425116
25.0,120.0,2011-03-01,2011-05-04,64,25,22.839706,24.467361,21.629194,83.582726,4.5292554,2.7760897,89.64096,75.97654,5.685498,3.1407135
22.0,121.0,2011-03-01,2011-05-04,64,25,25.471827,26.657574,24.503412,83.001114,3.8801801,3.17297,88.17612,76.71668,4.8657756,2.8592823
24.0,122.0,2011-03-01,2011-05-04,64,25,23.14789,24.046236,22.461855,83.49016,3.8820279,4.6497126,87.45499,79.33278,4.9633527,2.7020764
22.0,120.0,2011-03-01,2011-05-04,64,25,25.673538,26.830952,24.748936,82.604004,3.7427313,3.913479,87.71919,76.58146,5.0142274,2.7012136
23.0,122.0,2011-03-01,2011-05-04,64,25,23.416668,24.463028,22.596294,85.15837,3.6745834,3.9029498,88.856026,80.57859,4.705231,2.4417922
23.0,120.0,2011-03-01,2011-05-04,64,25,24.992508,26.30208,24.031889,83.17205,3.1347566,2.89465,88.85512,75.94003,4.2126884,2.0611336
25.0,122.0,2011-03-01,2011-05-04,64,25,24.38999,24.778786,23.987593,80.77804,5.239752,2.9012115,84.362404,77.85289,6.441756,3.9280927
24.0,120.0,2011-03-01,2011-05-04,64,25,24.447632,25.505898,23.653227,83.6421,4.3737226,2.9456165,88.38772,77.86725,5.657329,2.842493
25.0,121.0,2011-03-01,2011-05-04,64,25,23.881609,24.848948,23.07641,81.84536,4.3496385,2.9782686,86.73391,76.75073,5.5662937,3.0645924
22.0,122.0,2011-03-01,2011-05-05,65,25,25.826105,26.272717,25.251797,82.94465,5.5514073,1.0218457,86.27361,80.1786,6.6884594,4.39743
24.0,120.0,2011-03-01,2011-05-05,65,25,24.597063,25.695068,23.618671,83.86071,3.9922493,3.4005358,88.795746,78.28616,5.448429,2.3612525
25.0,121.0,2011-03-01,2011-05-05,65,25,24.068682,25.121216,23.157524,81.95979,4.330407,4.7053156,86.76996,76.764626,5.4356856,3.087847
25.0,122.0,2011-03-01,2011-05-05,65,25,24.592186,25.11396,23.99967,80.85168,5.249719,3.957331,84.394714,77.733986,6.3072414,4.0776315
23.0,120.0,2011-03-01,2011-05-05,65,25,25.152748,26.57903,24.08624,82.73496,2.8696444,2.2825255,88.63281,74.91667,3.9227114,1.9296492
23.0,122.0,2011-03-01,2011-05-05,65,25,23.52163,24.64768,22.629253,84.69236,3.5760434,3.0537074,88.90457,79.76071,4.5857987,2.5997915
22.0,121.0,2011-03-01,2011-05-05,65,25,25.595959,26.867882,24.629122,81.76858,3.7052093,1.4486325,87.33374,74.67146,4.5320864,2.8448021
24.0,122.0,2011-03-01,2011-05-05,65,25,23.275122,24.273174,22.409555,83.38058,3.6943707,3.838316,87.462364,79.358986,4.8606944,2.552777
22.0,120.0,2011-03-01,2011-05-05,65,25,25.827158,27.117952,24.848818,81.09672,3.502594,1.3943112,86.67618,74.005486,4.651598,2.4284403
25.0,120.0,2011-03-01,2011-05-05,65,25,23.129534,24.82551,21.791607,83.76445,4.2929,4.1114435,90.33543,75.73355,5.705139,2.7494004
24.0,121.0,2011-03-01,2011-05-05,65,25,22.741909,24.419922,21.415258,84.694374,2.8200443,4.5959144,90.42889,77.61528,3.8559222,1.6713923
23.0,121.0,2011-03-01,2011-05-05,65,25,23.291014,25.314598,21.811495,83.59308,1.7969092,3.4806464,90.472244,74.226746,2.5458302,1.1996987
24.0,122.0,2011-03-01,2011-05-06,66,25,23.377956,24.2877,22.630835,83.23145,3.7712915,4.2559114,87.01308,78.881744,4.819155,2.6041176
23.0,120.0,2011-03-01,2011-05-06,66,25,25.253778,26.63746,24.28413,82.39289,2.8831162,1.4623343,88.152435,74.955086,3.941121,1.8505517
22.0,120.0,2011-03-01,2011-05-06,66,25,25.875969,27.093534,24.99061,81.083206,3.8023407,1.2447443,86.50181,74.35728,4.8204656,2.717854
24.0,121.0,2011-03-01,2011-05-06,66,25,22.828485,24.427862,21.668203,84.43695,2.7059762,4.7168794,89.70808,77.41433,3.683544,1.6074028
25.0,120.0,2011-03-01,2011-05-06,66,25,23.281519,24.890854,22.10666,83.541466,4.2770314,2.9197013,89.671135,76.10628,5.5000067,2.695782
23.0,122.0,2011-03-01,2011-05-06,66,25,23.594742,24.641016,22.779253,84.65622,3.941237,4.162984,88.66144,79.75475,5.035327,2.5946927
22.0,122.0,2011-03-01,2011-05-06,66,25,25.851269,26.25015,25.388496,83.175156,6.23672,1.8093191,86.17168,80.46782,7.4277706,4.8372126
23.0,121.0,2011-03-01,2011-05-06,66,25,23.379934,25.341782,22.031347,83.2949,1.8588699,3.8884802,89.567345,74.24903,2.5419774,1.2190572
25.0,122.0,2011-03-01,2011-05-06,66,25,24.771921,25.182026,24.28315,81.12166,5.3920097,2.2972937,84.9,78.051605,6.5803485,4.1107717
22.0,121.0,2011-03-01,2011-05-06,66,25,25.636913,26.810268,24.766352,81.75383,4.121513,1.5320673,87.048,75.30407,5.11284,3.1273377
24.0,120.0,2011-03-01,2011-05-06,66,25,24.695503,25.744898,23.835121,83.536354,3.968825,2.3006527,88.38574,78.23074,5.42079,2.2465415
25.0,121.0,2011-03-01,2011-05-06,66,25,24.231983,25.191357,23.41076,82.18212,4.488017,2.7521598,87.4253,76.9828,5.5877647,3.311813
22.0,120.0,2011-03-01,2011-05-07,67,25,26.15833,27.477816,25.182226,81.91125,3.90533,1.6451623,87.65245,74.94374,4.9406133,3.056957
22.0,121.0,2011-03-01,2011-05-07,67,25,25.942768,27.276646,24.977583,82.38041,4.107222,1.8075159,88.04143,75.24745,4.9383187,3.3539438
25.0,121.0,2011-03-01,2011-05-07,67,25,24.512486,25.42945,23.772696,83.32067,4.346857,4.6436706,87.77941,78.766014,5.5659056,2.9445877
24.0,120.0,2011-03-01,2011-05-07,67,25,25.007195,26.038067,24.232544,83.957565,4.3491697,2.6832209,88.66211,78.65263,5.5793757,2.813687
23.0,122.0,2011-03-01,2011-05-07,67,25,23.908455,25.066835,23.043413,85.265205,4.043134,3.41183,89.43359,80.02712,4.9770756,2.9681897
24.0,122.0,2011-03-01,2011-05-07,67,25,23.731133,24.718203,22.927114,84.057655,4.0992255,4.349023,88.117676,79.835045,5.069605,2.92402
24.0,121.0,2011-03-01,2011-05-07,67,25,23.165352,24.806046,21.963448,84.7545,2.8175638,4.404566,90.32006,77.796425,3.7975357,1.7032981
22.0,122.0,2011-03-01,2011-05-07,67,25,26.102547,26.485912,25.64038,84.281006,6.167624,1.5458294,86.981064,81.70164,7.2448378,5.051172
23.0,121.0,2011-03-01,2011-05-07,67,25,23.748074,25.897673,22.252846,83.44255,2.0083916,3.6741278,90.58552,73.62058,2.6992648,1.4433206
25.0,120.0,2011-03-01,2011-05-07,67,25,23.590384,25.103863,22.504936,84.33414,4.30779,4.7221003,90.006424,77.621735,5.713706,2.550517
23.0,120.0,2011-03-01,2011-05-07,67,25,25.596592,27.133883,24.549541,82.63111,3.2383313,1.9480509,88.84634,74.45705,4.211047,2.084266
25.0,122.0,2011-03-01,2011-05-07,67,25,25.069267,25.44731,24.653746,82.72167,5.386423,4.5908766,86.16999,79.73278,6.4395623,4.2010164
23.0,121.0,2011-03-01,2011-05-08,68,25,23.748344,25.674816,22.383661,84.47073,2.0099003,8.112268,90.31943,76.008934,2.7994719,1.2593988
24.0,122.0,2011-03-01,2011-05-08,68,25,23.70039,24.766552,22.853212,84.60568,4.007029,8.551571,87.864655,80.33446,5.123123,2.7348084
22.0,120.0,2011-03-01,2011-05-08,68,25,26.132359,27.286528,25.264341,82.65677,3.6885383,6.437468,87.30959,76.68524,4.8444643,2.3814802
25.0,122.0,2011-03-01,2011-05-08,68,25,24.732376,25.27623,24.183784,82.930725,5.5361037,8.595362,85.72793,80.216934,6.8727827,3.7045488
25.0,120.0,2011-03-01,2011-05-08,68,25,23.249947,24.522577,22.214483,84.84641,4.713637,7.7741346,89.51865,79.11967,6.0064354,3.1340768
24.0,121.0,2011-03-01,2011-05-08,68,25,23.103788,24.664734,21.905005,85.70286,3.1993146,8.710108,90.44636,79.49777,4.2239375,2.063219
22.0,122.0,2011-03-01,2011-05-08,68,25,26.209824,26.62146,25.679594,84.38947,5.860047,2.7190511,87.10655,81.94715,6.9381123,4.629775
23.0,122.0,2011-03-01,2011-05-08,68,25,24.002373,25.149555,23.103954,85.72865,3.829835,6.0012164,89.2196,80.75671,4.832529,2.7236917
22.0,121.0,2011-03-01,2011-05-08,68,25,25.956045,27.106916,25.075556,83.06918,4.0525875,4.8360577,87.74005,77.123184,5.026249,2.9359133
24.0,120.0,2011-03-01,2011-05-08,68,25,24.824532,25.7649,24.037148,85.122826,5.018267,6.8103895,89.137764,80.51525,6.313259,3.5351548
23.0,120.0,2011-03-01,2011-05-08,68,25,25.474798,26.772198,24.544565,83.89393,3.5830488,6.215299,88.850586,77.17766,4.63238,2.5644226
25.0,121.0,2011-03-01,2011-05-08,68,25,24.145258,25.031553,23.371128,83.91719,5.007171,8.738947,87.910545,79.94,6.2935157,3.389024
23.0,120.0,2011-03-01,2011-05-09,69,25,25.374722,26.673315,24.52443,83.38115,3.5358777,4.6990995,88.5759,76.534386,4.4881487,2.5925748
22.0,120.0,2011-03-01,2011-05-09,69,25,26.047697,27.251232,25.222353,82.473564,3.6570275,3.8943515,86.997536,76.162,4.6753063,2.59142
25.0,120.0,2011-03-01,2011-05-09,69,25,23.211237,24.51416,22.236855,84.44656,4.7505317,6.6044674,89.94205,77.895935,5.697505,3.6651804
24.0,121.0,2011-03-01,2011-05-09,69,25,22.980928,24.389893,21.903526,85.74738,3.3102756,7.862703,90.5002,79.7204,4.140298,2.3355944
23.0,121.0,2011-03-01,2011-05-09,69,25,23.62118,25.514673,22.312105,84.60656,1.9507167,6.388247,90.44743,76.22855,2.6410303,1.3386127
23.0,122.0,2011-03-01,2011-05-09,69,25,23.84996,24.905733,23.026953,85.92054,3.9822147,6.414948,89.22862,81.504845,4.8115053,3.0921137
22.0,121.0,2011-03-01,2011-05-09,69,25,25.859333,27.057213,25.027353,82.95079,3.922536,3.981937,87.63142,76.80476,4.861996,2.8802698
24.0,122.0,2011-03-01,2011-05-09,69,25,23.516533,24.46561,22.767174,84.502045,4.1166916,6.919403,87.75175,80.42185,5.018772,3.1153736
25.0,122.0,2011-03-01,2011-05-09,69,25,24.649864,25.057457,24.151983,82.17997,5.6360164,5.396121,85.46961,79.37121,6.757821,4.471302
22.0,122.0,2011-03-01,2011-05-09,69,25,26.087975,26.516808,25.608974,84.32109,5.963847,4.009708,87.05402,81.71897,7.050722,4.7491646
24.0,120.0,2011-03-01,2011-05-09,69,25,24.728603,25.56857,24.065811,84.52859,4.895334,6.181799,88.79718,79.88979,6.110934,3.502157
25.0,121.0,2011-03-01,2011-05-09,69,25,24.123293,24.9283,23.433863,83.31278,4.9420714,6.331486,87.78173,78.73089,5.921465,3.8787394
23.0,121.0,2011-03-01,2011-05-10,70,25,23.653862,25.604307,22.257114,84.205505,1.9303383,5.484038,90.06509,75.29522,2.6233716,1.293062
24.0,121.0,2011-03-01,2011-05-10,70,25,23.119062,24.719135,21.963203,85.09423,2.919011,7.5294776,90.12045,77.972855,3.9670222,1.7369621
25.0,120.0,2011-03-01,2011-05-10,70,25,23.541498,25.055595,22.426558,84.086945,4.5391216,5.9393573,89.787224,76.70137,5.8398604,3.00799
25.0,121.0,2011-03-01,2011-05-10,70,25,24.464756,25.485098,23.639877,83.14121,4.4528365,6.6937523,87.52903,78.027,5.7141514,3.0183973
22.0,121.0,2011-03-01,2011-05-10,70,25,25.975683,27.166466,25.112974,82.581085,4.0999107,2.3033395,87.3101,76.287834,4.9230046,3.1836605
24.0,120.0,2011-03-01,2011-05-10,70,25,24.966555,25.9284,24.242294,84.346535,4.521786,7.762628,88.847725,78.99132,5.865163,2.9928718
23.0,120.0,2011-03-01,2011-05-10,70,25,25.507889,26.804993,24.610659,83.4398,3.2429502,5.7261906,88.702835,76.29486,4.216372,2.1113825
25.0,122.0,2011-03-01,2011-05-10,70,25,25.000694,25.471888,24.53099,82.39051,5.220487,5.8198814,85.211296,79.39555,6.4549036,3.8637345
24.0,122.0,2011-03-01,2011-05-10,70,25,23.664213,24.597988,22.944849,84.224945,3.7545307,6.6447725,87.5609,79.92473,4.717082,2.6743493
22.0,122.0,2011-03-01,2011-05-10,70,25,26.248709,26.638023,25.79691,83.878235,6.325575,1.904017,86.43984,81.68027,7.335833,5.140235
22.0,120.0,2011-03-01,2011-05-10,70,25,26.191883,27.418806,25.307104,81.940765,3.7035437,3.1462345,86.76361,75.46491,4.7743583,2.5788455
23.0,122.0,2011-03-01,2011-05-10,70,25,23.92727,24.971367,23.123247,85.42694,4.1400557,5.0866985,88.860115,80.81502,5.058139,3.0528855
25.0,121.0,2011-03-01,2011-05-11,71,25,24.500334,25.56843,23.654272,83.38554,4.6087203,4.651081,87.73848,78.09258,5.7393293,3.3176687
23.0,120.0,2011-03-01,2011-05-11,71,25,25.636517,27.069973,24.599102,83.10098,3.4620874,3.9975467,88.631004,75.83248,4.6626434,2.3100173
24.0,120.0,2011-03-01,2011-05-11,71,25,25.027178,26.155376,24.15166,84.255974,4.7422657,4.708164,88.67376,78.58928,6.2980585,3.1687744
22.0,121.0,2011-03-01,2011-05-11,71,25,26.1291,27.393959,25.135923,81.971375,4.043317,2.972003,86.91183,75.56331,4.896984,3.2189207
23.0,122.0,2011-03-01,2011-05-11,71,25,24.143915,25.314243,23.151953,84.82686,4.026489,4.1017647,88.992455,79.61943,5.058836,2.926073
25.0,122.0,2011-03-01,2011-05-11,71,25,25.057274,25.568476,24.540176,83.09993,5.315648,3.4315996,86.533646,80.16179,6.5262895,3.8547146
22.0,120.0,2011-03-01,2011-05-11,71,25,26.30106,27.590801,25.336802,81.66806,3.7136557,3.4657779,86.63383,75.29943,4.8514266,2.7547455
24.0,121.0,2011-03-01,2011-05-11,71,25,23.225254,25.00206,21.855873,84.71125,3.0885825,6.4180493,90.0265,77.25747,4.126681,2.10291
22.0,122.0,2011-03-01,2011-05-11,71,25,26.444494,26.903166,25.883892,83.310135,6.101388,1.3600714,86.542854,80.589874,7.1933827,4.942403
25.0,120.0,2011-03-01,2011-05-11,71,25,23.72371,25.321045,22.567568,84.09099,4.5307827,4.358278,90.21909,76.271095,5.785327,3.084916
24.0,122.0,2011-03-01,2011-05-11,71,25,23.79199,24.885113,22.875303,84.34861,3.8904717,5.1794934,88.50356,79.44578,5.042798,2.6747112
23.0,121.0,2011-03-01,2011-05-11,71,25,23.828403,25.931725,22.215893,83.607254,2.0112138,5.710498,90.33414,74.512405,2.8322024,1.3280723
23.0,122.0,2011-03-01,2011-05-12,72,25,24.3884,25.554462,23.395195,85.492714,4.118141,2.362093,89.81892,80.16075,4.967556,3.1241705
24.0,122.0,2011-03-01,2011-05-12,72,25,24.145918,25.204695,23.240938,84.957565,3.690931,2.4513586,88.583084,80.45652,4.757801,2.5321
25.0,120.0,2011-03-01,2011-05-12,72,25,24.269852,25.99231,23.003168,85.12364,4.1019993,2.2264423,91.546455,77.025925,5.4236455,2.6393223
22.0,121.0,2011-03-01,2011-05-12,72,25,26.303095,27.489063,25.40189,82.31062,3.9961915,1.9920694,87.67383,76.104866,4.870561,3.1607313
22.0,120.0,2011-03-01,2011-05-12,72,25,26.502785,27.709454,25.619926,81.26862,3.408707,2.1576273,86.35229,75.11551,4.460706,2.368916
24.0,120.0,2011-03-01,2011-05-12,72,25,25.451881,26.514107,24.569693,84.71119,4.1315055,1.8320023,89.9328,78.93348,5.286688,2.837309
23.0,120.0,2011-03-01,2011-05-12,72,25,25.899687,27.22611,24.947466,83.53596,2.8952103,1.9023471,89.45526,76.30159,3.8533444,1.915367
25.0,121.0,2011-03-01,2011-05-12,72,25,24.982018,26.066116,24.028008,83.81062,4.128886,2.2250726,88.90238,78.34357,5.229869,3.0371015
25.0,122.0,2011-03-01,2011-05-12,72,25,25.496174,25.94691,24.940596,83.997696,4.8018465,1.8245239,86.783066,81.570915,6.0552044,3.478383
24.0,121.0,2011-03-01,2011-05-12,72,25,23.621782,25.417778,22.142876,84.875145,2.8818476,2.8584619,91.15373,77.138275,3.8402047,1.8276906
23.0,121.0,2011-03-01,2011-05-12,72,25,24.063494,26.131319,22.47173,83.73145,1.8326856,2.9306343,90.60487,74.51514,2.5665827,1.2508501
22.0,122.0,2011-03-01,2011-05-12,72,25,26.62766,27.025976,26.1869,84.15367,6.2114587,1.4234421,87.19919,81.6515,7.0956435,5.110752
25.0,122.0,2011-03-01,2011-05-13,73,25,25.775959,26.250225,25.153915,84.78085,4.8848033,3.4140418,87.23734,82.48928,6.0840106,3.584742
25.0,121.0,2011-03-01,2011-05-13,73,25,25.308521,26.493298,24.260382,84.178246,4.040888,3.912242,89.0188,78.96508,5.1808815,2.7365556
22.0,120.0,2011-03-01,2011-05-13,73,25,26.839075,28.036192,25.931519,81.30821,3.1980066,1.9469076,86.7727,74.7078,4.1747766,2.3106482
23.0,120.0,2011-03-01,2011-05-13,73,25,26.269564,27.675772,25.253555,83.610794,2.8496766,2.1776202,89.824,75.65254,3.8787177,1.9632716
23.0,121.0,2011-03-01,2011-05-13,73,25,24.44752,26.584532,22.868681,83.32627,1.6974064,3.2587073,90.54333,73.31925,2.3150332,1.1483018
24.0,121.0,2011-03-01,2011-05-13,73,25,23.959631,25.876158,22.482084,84.6326,2.6334717,4.0137095,90.68338,76.53881,3.5752027,1.6561496
24.0,122.0,2011-03-01,2011-05-13,73,25,24.436295,25.569397,23.510923,85.151634,3.577049,3.513373,88.91546,80.44235,4.550672,2.5676556
23.0,122.0,2011-03-01,2011-05-13,73,25,24.69656,25.96316,23.715567,85.68436,3.7180963,3.3630767,89.87106,80.08224,4.548639,2.6365964
22.0,122.0,2011-03-01,2011-05-13,73,25,26.8769,27.2713,26.434004,84.92753,5.794483,1.8397919,87.721016,82.65345,6.632723,4.8100853
24.0,120.0,2011-03-01,2011-05-13,73,25,25.775341,26.96455,24.838125,84.93049,3.921134,2.9324744,89.76543,78.88005,5.213381,2.6562142
22.0,121.0,2011-03-01,2011-05-13,73,25,26.628393,27.829605,25.702085,82.47626,3.6928594,1.7374057,87.8179,75.83187,4.528238,2.953427
25.0,120.0,2011-03-01,2011-05-13,73,25,24.571844,26.358278,23.21663,85.589226,3.7961435,4.209789,91.477005,77.77808,4.958599,2.5104501
24.0,120.0,2011-03-01,2011-05-14,74,25,25.665438,26.753756,24.786118,85.53176,4.159872,5.3689656,90.58798,79.728485,5.4681134,2.80141
22.0,122.0,2011-03-01,2011-05-14,74,25,26.942772,27.38248,26.48312,85.333664,6.202015,1.8483053,88.03354,82.63727,7.1918306,4.9053817
23.0,121.0,2011-03-01,2011-05-14,74,25,24.392096,26.375015,22.774605,84.19738,1.9264207,4.474188,91.48765,74.63366,2.7606952,1.2109554
24.0,121.0,2011-03-01,2011-05-14,74,25,23.88102,25.630121,22.419947,85.47561,2.860118,6.129615,92.02305,77.24998,3.9172144,1.7840989
23.0,122.0,2011-03-01,2011-05-14,74,25,24.736416,25.937056,23.771278,86.31772,4.133945,3.1376703,90.69241,80.40077,5.123613,2.924903
24.0,122.0,2011-03-01,2011-05-14,74,25,24.41574,25.4766,23.535595,85.627594,3.7623398,3.802959,89.49835,80.33894,5.095961,2.3905761
25.0,120.0,2011-03-01,2011-05-14,74,25,24.514946,26.15634,23.292505,85.76502,4.104994,6.1723394,91.66069,77.78889,5.312691,2.6917324
23.0,120.0,2011-03-01,2011-05-14,74,25,26.182924,27.473467,25.161753,84.234726,3.103086,3.709878,90.07405,77.054596,4.1408124,2.066369
22.0,120.0,2011-03-01,2011-05-14,74,25,26.840427,27.976429,25.921894,81.963524,3.5767214,3.5276883,87.32149,75.90103,4.5896983,2.542115
25.0,121.0,2011-03-01,2011-05-14,74,25,25.206907,26.303364,24.295616,84.69011,4.205895,6.232001,89.73855,79.20938,5.3054767,2.884713
25.0,122.0,2011-03-01,2011-05-14,74,25,25.731817,26.181992,25.17087,84.92569,4.995004,3.921209,87.870094,82.07192,6.3900805,3.694894
22.0,121.0,2011-03-01,2011-05-14,74,25,26.598766,27.71739,25.66308,83.141174,3.9995642,3.1877222,88.50544,77.04052,4.9279666,2.9820762
25.0,120.0,2011-03-01,2011-05-15,75,25,24.42436,25.883884,23.28263,85.75879,4.0198174,5.5348577,91.61672,78.55102,5.077026,2.5349169
23.0,122.0,2011-03-01,2011-05-15,75,25,24.648167,25.775335,23.683722,86.222,3.5643864,4.136999,89.84833,81.14165,4.500941,2.5316994
24.0,122.0,2011-03-01,2011-05-15,75,25,24.351007,25.336777,23.457115,85.54956,3.5207279,5.206179,89.05559,81.09939,4.6766667,2.152094
22.0,122.0,2011-03-01,2011-05-15,75,25,26.93538,27.409475,26.428223,84.80978,5.3813415,1.5684845,87.33071,82.21787,6.5614386,4.1183686
24.0,121.0,2011-03-01,2011-05-15,75,25,23.797935,25.309414,22.439663,85.921074,2.7329981,7.029912,91.333885,79.18603,3.6658955,1.6067853
22.0,120.0,2011-03-01,2011-05-15,75,25,26.886559,28.073881,25.893984,81.93414,3.5599113,3.0301244,86.778564,75.806854,4.6618075,2.430742
23.0,120.0,2011-03-01,2011-05-15,75,25,26.20084,27.519732,25.1296,83.91114,3.1973362,4.2413683,89.25413,76.93852,4.35871,2.054421
25.0,121.0,2011-03-01,2011-05-15,75,25,25.127352,26.044008,24.284164,84.74586,4.1216936,6.0129156,89.27616,79.90071,5.25752,2.7304292
23.0,121.0,2011-03-01,2011-05-15,75,25,24.391792,26.325771,22.797417,84.08075,1.7488146,4.851874,90.80946,75.12887,2.4922595,1.0305537
25.0,122.0,2011-03-01,2011-05-15,75,25,25.670847,26.10082,25.21354,84.47041,4.932569,4.2055116,87.39245,81.90338,6.198277,3.4784946
22.0,121.0,2011-03-01,2011-05-15,75,25,26.679522,27.89459,25.64285,82.6309,3.690129,2.2874787,87.76724,76.21854,4.6534014,2.6441507
24.0,120.0,2011-03-01,2011-05-15,75,25,25.600525,26.541994,24.765678,85.74037,4.3989277,6.4160523,90.2039,80.88507,5.460246,2.9275775
24.0,121.0,2011-03-01,2011-05-16,76,25,23.794924,25.45897,22.36601,84.88518,3.0413368,6.3992095,91.156555,77.253426,3.8707147,2.0822544
23.0,121.0,2011-03-01,2011-05-16,76,25,24.343708,26.288721,22.790054,83.756424,2.0245245,5.586831,90.49014,74.61911,2.723269,1.4389873
23.0,122.0,2011-03-01,2011-05-16,76,25,24.622398,25.80024,23.681679,85.16417,3.9142911,5.0741343,89.53169,79.41941,4.8120604,2.9467633
22.0,120.0,2011-03-01,2011-05-16,76,25,26.800879,27.923761,25.866201,81.83347,3.6351037,3.1083431,86.90876,75.6436,4.5850368,2.6878653
25.0,122.0,2011-03-01,2011-05-16,76,25,25.614246,26.051197,25.107763,83.27988,5.2264953,4.6087403,87.08427,80.16585,6.5079627,3.880392
22.0,121.0,2011-03-01,2011-05-16,76,25,26.62255,27.804678,25.644281,82.41552,3.9918463,2.7776864,87.536514,76.11224,4.8224406,3.1024163
22.0,122.0,2011-03-01,2011-05-16,76,25,26.901007,27.35498,26.406034,83.8929,5.7504396,2.2631605,86.94363,81.09875,6.8342476,4.357662
24.0,122.0,2011-03-01,2011-05-16,76,25,24.302597,25.337315,23.404991,84.61029,4.104837,5.920389,89.087234,79.425514,5.159779,2.9106834
25.0,120.0,2011-03-01,2011-05-16,76,25,24.528746,26.101318,23.266098,84.513664,3.9600768,5.0584154,91.06062,76.96394,4.980856,2.7619233
23.0,120.0,2011-03-01,2011-05-16,76,25,26.183111,27.462967,25.197222,83.498604,3.4300277,3.2006578,89.01235,76.447495,4.3340344,2.5598128
24.0,120.0,2011-03-01,2011-05-16,76,25,25.627914,26.638369,24.756529,84.6614,4.5915937,4.0208187,89.78663,79.07323,5.7102027,3.3171957
25.0,121.0,2011-03-01,2011-05-16,76,25,25.115934,26.143276,24.194298,83.42375,4.219524,5.0785594,88.83806,77.98803,5.2559056,3.0252166
24.0,121.0,2011-03-01,2011-05-17,77,25,23.707748,25.240484,22.512144,84.48508,2.8145828,4.8894324,90.10542,77.329056,3.7581732,1.831224
22.0,120.0,2011-03-01,2011-05-17,77,25,26.730652,27.80807,25.924297,81.305374,3.5572715,2.6553931,86.02037,75.58197,4.5517015,2.679822
23.0,121.0,2011-03-01,2011-05-17,77,25,24.194574,25.984947,22.869165,83.591286,1.8997461,4.7592716,89.75486,75.46438,2.7068086,1.3216028
23.0,122.0,2011-03-01,2011-05-17,77,25,24.514917,25.52978,23.719868,84.9535,3.8146484,4.6675677,88.879,80.14219,4.7694826,2.8665535
24.0,122.0,2011-03-01,2011-05-17,77,25,24.173113,25.104952,23.446524,84.149376,3.7092993,5.1346397,87.88974,79.79957,4.698776,2.6835923
22.0,122.0,2011-03-01,2011-05-17,77,25,26.831902,27.263891,26.384903,83.54548,5.732093,2.4623694,86.30626,80.8294,6.601579,4.6033087
22.0,121.0,2011-03-01,2011-05-17,77,25,26.5117,27.570469,25.68329,82.11332,3.9297297,2.5554476,86.74313,76.545975,4.638503,3.1712594
23.0,120.0,2011-03-01,2011-05-17,77,25,26.118546,27.36885,25.237953,82.56931,3.0447206,2.5398843,87.77278,75.735405,3.9121702,2.1288555
24.0,120.0,2011-03-01,2011-05-17,77,25,25.624794,26.619858,24.863422,83.50299,4.13524,2.675077,88.273026,77.56162,5.3503914,2.6839554
25.0,121.0,2011-03-01,2011-05-17,77,25,25.115479,26.092031,24.285704,82.36161,4.067269,2.9926124,86.94296,77.00415,5.097435,2.9500024
25.0,122.0,2011-03-01,2011-05-17,77,25,25.571312,25.977411,25.11254,82.14395,4.8238335,3.2411768,84.992874,79.61437,5.796016,3.842659
25.0,120.0,2011-03-01,2011-05-17,77,25,24.595484,26.211632,23.399067,83.07364,4.0051117,3.6955848,89.76765,74.886406,5.1872644,2.853121
25.0,120.0,2011-03-01,2011-05-18,78,25,24.58755,26.183374,23.395044,83.6497,4.0696363,4.223001,90.34254,75.85963,5.2139525,2.75694
25.0,122.0,2011-03-01,2011-05-18,78,25,25.702608,26.124966,25.220562,82.31721,4.503245,5.066051,85.15134,79.674095,5.7851143,3.1101174
25.0,121.0,2011-03-01,2011-05-18,78,25,25.184935,26.17189,24.362011,82.50631,4.1258574,4.4025984,87.458855,76.88146,5.1529403,3.0053213
24.0,120.0,2011-03-01,2011-05-18,78,25,25.710289,26.754267,24.893082,83.60045,4.091673,3.3863637,88.38896,77.75816,5.175712,2.8725584
22.0,122.0,2011-03-01,2011-05-18,78,25,27.012157,27.404747,26.549273,83.582344,5.488569,5.0919943,85.89268,81.30364,6.6628485,4.201641
23.0,121.0,2011-03-01,2011-05-18,78,25,24.307947,26.138483,22.886168,83.90858,1.71866,5.706463,90.069244,75.25454,2.4820726,1.149057
22.0,121.0,2011-03-01,2011-05-18,78,25,26.620855,27.686802,25.708994,82.14035,3.7725158,5.0361433,87.161125,76.2775,4.5991545,2.8928154
23.0,120.0,2011-03-01,2011-05-18,78,25,26.188765,27.399391,25.271591,82.82342,3.0327086,3.5339174,88.31123,76.044106,3.9163663,2.2503932
24.0,121.0,2011-03-01,2011-05-18,78,25,23.83604,25.490215,22.543901,84.672714,2.660647,5.5447173,90.0897,77.055756,3.4850736,1.6649121
24.0,122.0,2011-03-01,2011-05-18,78,25,24.363728,25.318691,23.566378,84.35149,3.0719862,6.2115245,87.327415,80.25273,4.2359204,1.8871222
23.0,122.0,2011-03-01,2011-05-18,78,25,24.699268,25.805614,23.819242,85.29312,3.4435003,5.761853,88.56794,80.33525,4.476465,2.3846815
22.0,120.0,2011-03-01,2011-05-18,78,25,26.809721,27.839048,25.96875,81.2822,3.5092793,3.6912353,85.98404,75.61149,4.3970275,2.6598053
24.0,120.0,2011-03-01,2011-05-19,79,25,25.81787,26.915703,24.923233,82.726006,4.4316716,2.5729406,88.25235,77.21459,5.745854,3.20109
25.0,120.0,2011-03-01,2011-05-19,79,25,24.69606,26.385048,23.468735,82.96766,4.3399186,3.694768,89.89703,74.827896,5.7101374,2.7935956
25.0,121.0,2011-03-01,2011-05-19,79,25,25.348984,26.471264,24.440884,81.38561,4.4205284,2.772373,87.371925,75.44553,5.5426598,3.0578017
22.0,122.0,2011-03-01,2011-05-19,79,25,26.918545,27.395132,26.363197,82.571686,5.7818675,4.81171,85.6671,79.35529,7.155495,4.2674165
23.0,122.0,2011-03-01,2011-05-19,79,25,24.667246,25.817158,23.746485,84.19841,3.684905,5.9495587,87.783134,78.94677,4.8232703,2.4865649
22.0,121.0,2011-03-01,2011-05-19,79,25,26.620665,27.8556,25.563486,81.63127,3.844085,3.9544709,86.766556,75.66408,4.9570413,2.704276
23.0,121.0,2011-03-01,2011-05-19,79,25,24.369102,26.348238,22.836426,83.340965,1.8387631,5.099798,89.57028,74.84461,2.5598223,1.1681226
24.0,121.0,2011-03-01,2011-05-19,79,25,23.930874,25.667383,22.576576,83.752304,2.9216125,5.077674,89.697784,76.74591,3.9367697,1.8318787
25.0,122.0,2011-03-01,2011-05-19,79,25,25.800837,26.331436,25.251715,80.88617,4.9974327,2.5972033,85.07372,77.081726,6.076311,3.7433083
24.0,122.0,2011-03-01,2011-05-19,79,25,24.392061,25.425386,23.57368,83.111916,3.519859,4.8993006,86.863,78.506134,4.5920477,2.3751104
22.0,120.0,2011-03-01,2011-05-19,79,25,26.864063,28.08639,25.832876,80.99805,3.3773139,2.8271518,85.73963,75.148285,4.5124416,2.214571
23.0,120.0,2011-03-01,2011-05-19,79,25,26.262915,27.58529,25.224995,82.27831,3.1574888,2.5840783,87.7469,75.6165,4.278289,2.0983727
25.0,121.0,2011-03-01,2011-05-20,80,25,25.252283,26.233044,24.342016,81.345985,4.578695,3.6161065,86.37588,75.95644,5.7315307,3.2613342
24.0,120.0,2011-03-01,2011-05-20,80,25,25.715704,26.79212,24.795128,82.69327,4.6230626,3.6098504,87.81637,77.264694,6.042419,2.9917116
23.0,120.0,2011-03-01,2011-05-20,80,25,26.15556,27.474781,25.1775,81.57901,3.1947837,2.926107,86.774666,74.98175,4.315513,2.2155108
25.0,120.0,2011-03-01,2011-05-20,80,25,24.555754,26.069054,23.334848,82.88,4.4768844,4.537741,88.94245,75.736244,5.7118044,2.7821012
24.0,122.0,2011-03-01,2011-05-20,80,25,24.304878,25.248493,23.500507,82.6551,3.801589,4.7679873,86.22447,78.75364,4.7651067,2.8050144
23.0,122.0,2011-03-01,2011-05-20,80,25,24.531693,25.563461,23.646347,83.77166,3.8866248,5.7314315,87.493546,79.44743,4.9549837,2.6994858
23.0,121.0,2011-03-01,2011-05-20,80,25,24.238445,26.080185,22.866236,82.87186,1.7886367,4.4232945,88.73981,74.88531,2.4040592,1.2185872
25.0,122.0,2011-03-01,2011-05-20,80,25,25.742165,26.160378,25.298822,80.20125,5.2785587,3.2834656,83.435524,77.06397,6.6107674,4.017959
22.0,122.0,2011-03-01,2011-05-20,80,25,26.804598,27.23562,26.313501,81.77357,5.924853,3.9974546,84.27355,79.5643,7.0605226,4.6905394
22.0,120.0,2011-03-01,2011-05-20,80,25,26.76456,27.92541,25.860712,80.03738,3.2445834,2.8850603,84.80243,74.27278,4.1935616,2.2582695
24.0,121.0,2011-03-01,2011-05-20,80,25,23.805504,25.395203,22.496723,83.98517,3.0911875,5.103378,89.491066,77.1612,4.1208415,1.86469
22.0,121.0,2011-03-01,2011-05-20,80,25,26.511738,27.636934,25.635801,80.78649,3.7813504,2.683644,85.23403,75.37679,4.6825666,2.8692248
24.0,120.0,2011-03-01,2011-05-21,81,25,25.58227,26.556377,24.708809,83.1784,4.2042084,4.3800178,88.01608,77.90169,5.401369,2.9979546
22.0,121.0,2011-03-01,2011-05-21,81,25,26.525274,27.632732,25.678896,80.60772,3.6160688,4.7260876,85.27124,74.66194,4.519629,2.6021807
23.0,121.0,2011-03-01,2011-05-21,81,25,24.204466,26.015785,22.822807,83.01417,1.6854724,6.710036,89.0483,74.837456,2.2047803,1.1387591
22.0,122.0,2011-03-01,2011-05-21,81,25,26.865786,27.25063,26.416723,81.8697,6.002101,7.4133143,84.39219,79.49631,7.403058,4.5288677
23.0,120.0,2011-03-01,2011-05-21,81,25,26.104115,27.351126,25.132095,81.46419,2.8993618,3.9939704,86.78952,74.95869,3.7646945,2.022597
25.0,122.0,2011-03-01,2011-05-21,81,25,25.670557,26.188921,25.124868,80.8735,5.3533034,5.3881683,84.36983,77.883064,6.3389826,4.258098
22.0,120.0,2011-03-01,2011-05-21,81,25,26.677004,27.78555,25.81416,80.20553,3.1264896,4.9986086,84.94339,74.436676,4.1721272,2.0485964
23.0,122.0,2011-03-01,2011-05-21,81,25,24.54501,25.562572,23.700449,84.23049,3.9824378,9.389327,87.49138,79.73981,5.0928435,2.5964825
25.0,120.0,2011-03-01,2011-05-21,81,25,24.47515,25.9692,23.3357,83.35245,4.2509084,3.8337507,89.97006,75.73026,5.358649,2.8802118
25.0,121.0,2011-03-01,2011-05-21,81,25,25.137478,26.091743,24.256187,82.2396,4.4392424,4.6699333,87.51018,77.11435,5.2431536,3.4310617
24.0,122.0,2011-03-01,2011-05-21,81,25,24.232454,25.200478,23.41066,83.226135,3.643362,7.8144703,86.71609,79.05859,4.499342,2.5979095
24.0,121.0,2011-03-01,2011-05-21,81,25,23.689243,25.233662,22.442524,84.754814,2.831504,7.0881515,90.202644,78.20858,3.6395636,1.9599807
22.0,121.0,2011-03-01,2011-05-22,82,25,26.559536,27.628479,25.693857,81.11496,3.8184052,6.172453,85.83468,75.56988,4.6343775,2.8483298
25.0,122.0,2011-03-01,2011-05-22,82,25,25.67418,26.093393,25.149233,80.67775,5.26282,6.289943,83.37354,77.999626,6.5295753,3.833919
23.0,120.0,2011-03-01,2011-05-22,82,25,26.203213,27.466475,25.274498,81.18122,2.8774865,4.029049,86.74589,74.61424,3.9858181,1.7788827
24.0,120.0,2011-03-01,2011-05-22,82,25,25.75543,26.812096,24.928282,82.1383,4.043217,2.881437,87.14124,76.51018,5.4050612,2.5562356
24.0,122.0,2011-03-01,2011-05-22,82,25,24.261343,25.16831,23.501621,82.99359,3.7542045,10.211457,86.19503,78.79056,4.842362,2.5881045
24.0,121.0,2011-03-01,2011-05-22,82,25,23.836847,25.421127,22.635054,83.93486,2.7655632,7.687502,89.24605,77.10354,3.7145977,1.6790155
22.0,120.0,2011-03-01,2011-05-22,82,25,26.77784,27.884045,25.94211,80.33654,3.3596199,5.8662086,85.2088,74.46729,4.326005,2.2900825
23.0,122.0,2011-03-01,2011-05-22,82,25,24.563988,25.595522,23.748491,84.237816,3.7495553,9.029511,87.95121,79.63256,4.6350265,2.6705377
25.0,121.0,2011-03-01,2011-05-22,82,25,25.258617,26.278296,24.401928,81.480545,4.2793713,3.7844536,86.127556,76.27394,5.452118,2.8329806
25.0,120.0,2011-03-01,2011-05-22,82,25,24.578228,26.17268,23.397114,83.01179,4.128512,3.7664466,88.88961,75.635056,5.47057,2.4986892
23.0,121.0,2011-03-01,2011-05-22,82,25,24.277683,26.071117,22.955582,82.971085,1.8018391,8.856475,88.91183,75.26258,2.4626758,1.1865333
22.0,122.0,2011-03-01,2011-05-22,82,25,26.84553,27.220274,26.433105,82.43646,5.788662,6.3415174,84.996,80.062,6.6498547,4.692195
24.0,120.0,2011-03-01,2011-05-23,83,25,25.763689,26.670683,25.051601,82.49523,4.3830805,3.284248,87.411865,77.01705,5.6592064,2.8480654
25.0,122.0,2011-03-01,2011-05-23,83,25,25.699854,26.031143,25.333418,80.45577,5.243929,7.6755767,83.43893,77.88545,6.3484206,4.0200725
22.0,122.0,2011-03-01,2011-05-23,83,25,26.788857,27.200655,26.366362,82.41711,5.460893,6.327921,84.971085,80.13015,6.5975285,4.284754
24.0,121.0,2011-03-01,2011-05-23,83,25,23.791826,25.201294,22.690004,84.29634,2.7655761,7.277319,89.61368,77.73173,3.5614796,1.7826806
22.0,121.0,2011-03-01,2011-05-23,83,25,26.557215,27.590542,25.722603,81.20226,3.6937668,6.909431,85.68899,76.13948,4.6013737,2.7745812
25.0,121.0,2011-03-01,2011-05-23,83,25,25.261267,26.109247,24.579721,81.47455,4.4590206,4.171242,86.33999,76.489685,5.375014,3.3803108
24.0,122.0,2011-03-01,2011-05-23,83,25,24.239107,25.03144,23.613525,83.14341,3.7269397,10.799351,86.386795,79.372635,4.7442203,2.675027
23.0,121.0,2011-03-01,2011-05-23,83,25,24.23001,25.880365,22.992329,83.31176,1.7655584,9.4831295,88.879395,76.09825,2.4646256,1.1180665
25.0,120.0,2011-03-01,2011-05-23,83,25,24.550377,25.940039,23.54773,82.84955,4.3750186,2.9011016,89.058586,75.440094,5.4053454,3.0976887
23.0,122.0,2011-03-01,2011-05-23,83,25,24.462086,25.349512,23.760454,84.47338,3.6203458,8.908027,87.869385,80.34875,4.452795,2.6995025
23.0,120.0,2011-03-01,2011-05-23,83,25,26.209332,27.350348,25.350513,81.531136,3.1446373,5.467478,86.489815,75.610634,4.1516933,2.2753694
22.0,120.0,2011-03-01,2011-05-23,83,25,26.796247,27.856094,25.958315,80.330635,3.237186,5.752206,85.03016,75.12201,4.363586,2.0937943
24.0,122.0,2011-03-01,2011-05-24,84,25,24.40243,25.21209,23.74334,83.568886,3.429345,6.615646,86.30464,80.32006,4.435003,2.2857835
24.0,120.0,2011-03-01,2011-05-24,84,25,25.850122,26.816275,25.079374,83.40363,3.8742476,6.4203324,88.715935,77.95339,5.151125,2.4592233
23.0,120.0,2011-03-01,2011-05-24,84,25,26.263508,27.44106,25.353565,82.10989,3.1082947,6.7628894,87.36132,76.076035,4.1459084,2.0973547
22.0,122.0,2011-03-01,2011-05-24,84,25,26.9204,27.33015,26.449028,82.21359,5.713227,5.7910585,85.10676,79.694115,6.7129,4.446767
25.0,121.0,2011-03-01,2011-05-24,84,25,25.40702,26.278433,24.649464,82.92488,4.126426,4.944504,87.94007,78.07964,5.1003423,3.0543005
22.0,121.0,2011-03-01,2011-05-24,84,25,26.618477,27.639956,25.74477,81.42958,4.153713,6.339306,86.12297,76.26915,5.0302076,3.2841249
22.0,120.0,2011-03-01,2011-05-24,84,25,26.836035,27.868858,25.984644,81.2054,4.086222,5.910838,85.75676,76.19755,5.1098332,3.080217
25.0,122.0,2011-03-01,2011-05-24,84,25,25.911892,26.317799,25.456947,81.54209,5.0289354,4.004407,84.004425,79.3445,6.0697985,3.74047
24.0,121.0,2011-03-01,2011-05-24,84,25,23.887896,25.26704,22.782232,85.076096,2.4861434,7.5713043,90.56626,78.91306,3.3697367,1.4928471
23.0,121.0,2011-03-01,2011-05-24,84,25,24.29398,25.886738,23.058496,83.76103,1.9016716,7.91783,89.281586,76.756065,2.5030403,1.3991823
23.0,122.0,2011-03-01,2011-05-24,84,25,24.596054,25.477983,23.908789,84.45986,3.5508916,7.3738537,87.59633,80.596565,4.423224,2.682416
25.0,120.0,2011-03-01,2011-05-24,84,25,24.653477,25.97003,23.59955,84.12759,3.9501688,4.157912,90.222435,77.52643,5.077844,2.771638
25.0,120.0,2011-03-01,2011-05-25,85,25,24.988615,26.426363,23.934423,84.69829,3.4852788,2.854275,90.851906,77.02708,4.4741564,2.2882679
23.0,122.0,2011-03-01,2011-05-25,85,25,24.720913,25.605675,24.058897,85.13494,3.6759539,8.882109,88.27366,81.26335,4.421606,2.7397697
25.0,121.0,2011-03-01,2011-05-25,85,25,25.669378,26.573355,24.891674,83.75777,3.6433501,3.090937,88.70842,78.441284,4.5100703,2.6824698
22.0,122.0,2011-03-01,2011-05-25,85,25,27.004711,27.424063,26.580914,83.56535,6.142663,6.3134437,86.06724,81.11806,7.071004,5.1138244
23.0,121.0,2011-03-01,2011-05-25,85,25,24.3758,26.006542,23.15774,83.861465,1.9533867,8.882873,89.55269,76.4524,2.4848928,1.4130983
24.0,121.0,2011-03-01,2011-05-25,85,25,24.03845,25.446379,22.9379,85.34587,2.2684276,7.5330815,90.59287,78.78706,3.113518,1.2655903
24.0,122.0,2011-03-01,2011-05-25,85,25,24.488758,25.28227,23.852388,84.36462,3.6076856,7.859773,87.50646,80.73245,4.6277533,2.6542761
25.0,122.0,2011-03-01,2011-05-25,85,25,26.110498,26.479298,25.704872,82.8673,5.1891966,3.420531,85.73759,80.17276,6.2984867,4.150282
23.0,120.0,2011-03-01,2011-05-25,85,25,26.423355,27.579165,25.59704,82.21919,2.9265575,4.9293194,87.51208,75.79282,3.7448077,1.9836099
24.0,120.0,2011-03-01,2011-05-25,85,25,26.078384,27.007252,25.35714,83.69043,3.4768865,3.5906658,88.66582,78.079216,4.6306677,2.20573
22.0,120.0,2011-03-01,2011-05-25,85,25,26.824116,27.828384,26.06327,81.77737,4.503874,6.042448,86.28153,76.48555,5.456818,3.6090314
22.0,121.0,2011-03-01,2011-05-25,85,25,26.659187,27.64123,25.864721,82.21461,4.4352937,6.317257,86.87733,77.07402,5.3232026,3.4935262
24.0,120.0,2011-03-01,2011-05-26,86,25,26.229254,27.165546,25.452906,83.85121,3.7921777,3.503697,88.51266,78.842415,5.045074,2.5234354
25.0,121.0,2011-03-01,2011-05-26,86,25,25.850142,26.808022,25.04439,83.76678,4.1081295,4.084752,88.70017,78.70209,5.1040416,3.088621
23.0,120.0,2011-03-01,2011-05-26,86,25,26.491743,27.59523,25.63668,83.33818,3.1552978,4.8696656,88.192215,77.40729,4.0995383,2.248255
23.0,121.0,2011-03-01,2011-05-26,86,25,24.59125,26.268295,23.272842,84.8787,2.0584464,10.418214,90.44391,77.38071,2.8358376,1.3918424
24.0,121.0,2011-03-01,2011-05-26,86,25,24.33529,25.832808,23.121964,85.37464,2.6429226,9.015624,90.72441,79.08693,3.5583441,1.6865244
25.0,122.0,2011-03-01,2011-05-26,86,25,26.310698,26.73147,25.867853,83.57686,5.252785,4.7617817,86.69786,80.52144,6.298194,4.2399273
22.0,121.0,2011-03-01,2011-05-26,86,25,26.778322,27.800701,25.902416,83.305725,4.220783,7.8603883,87.92857,78.05289,5.0818458,3.3999496
22.0,120.0,2011-03-01,2011-05-26,86,25,26.913782,27.878033,26.095171,82.59597,4.085467,6.48313,86.7252,77.69373,5.186299,2.9519384
22.0,122.0,2011-03-01,2011-05-26,86,25,27.221552,27.638271,26.751759,84.2254,6.1198463,7.86176,86.831474,81.716705,7.214051,4.8098836
24.0,122.0,2011-03-01,2011-05-26,86,25,24.805454,25.655405,23.999302,85.10983,3.7563283,9.695098,88.56739,81.49252,4.82358,2.703573
25.0,120.0,2011-03-01,2011-05-26,86,25,25.331192,26.961641,24.092714,84.817116,3.8008294,4.7906227,91.29575,77.22606,5.037005,2.649414
23.0,122.0,2011-03-01,2011-05-26,86,25,25.033937,26.018682,24.167885,85.73684,3.9780412,10.425845,89.31666,81.35378,4.8499794,3.02004
23.0,122.0,2011-03-01,2011-05-27,87,25,25.029766,25.959572,24.255264,86.05549,3.4905975,9.319594,89.09641,82.336555,4.5630617,2.4427416
25.0,120.0,2011-03-01,2011-05-27,87,25,25.182034,26.63059,24.101334,85.13153,3.9006085,6.5873566,90.85233,77.95983,5.0616736,2.6200805
22.0,121.0,2011-03-01,2011-05-27,87,25,26.858685,27.874798,26.013008,83.13754,4.0560703,6.3117824,87.376434,77.86061,4.8804502,3.278119
22.0,120.0,2011-03-01,2011-05-27,87,25,26.983244,27.946993,26.16246,82.81281,4.159735,9.06996,87.10245,77.60474,5.1021967,3.0315669
24.0,122.0,2011-03-01,2011-05-27,87,25,24.7414,25.56705,24.059023,85.47011,3.6733422,11.268903,88.249084,82.260506,4.607229,2.6747327
23.0,121.0,2011-03-01,2011-05-27,87,25,24.58783,26.243393,23.293207,85.17156,1.9812477,10.88301,90.66084,77.8094,2.7048416,1.4141419
22.0,122.0,2011-03-01,2011-05-27,87,25,27.30102,27.733486,26.882227,84.06987,5.5046697,4.7347627,85.977806,82.10313,6.7503133,4.1929083
24.0,121.0,2011-03-01,2011-05-27,87,25,24.292622,25.749397,23.15189,85.81594,2.3291247,10.566848,91.090996,79.20987,3.1963499,1.385541
25.0,122.0,2011-03-01,2011-05-27,87,25,26.206575,26.580767,25.832851,83.63885,5.011451,7.49312,86.006905,81.38935,6.111557,3.765939
23.0,120.0,2011-03-01,2011-05-27,87,25,26.492983,27.66293,25.63251,83.68321,3.2637005,7.320386,88.502625,77.477806,4.148581,2.2489111
25.0,121.0,2011-03-01,2011-05-27,87,25,25.767227,26.720709,25.021587,83.9072,3.9032404,6.7889266,88.16841,78.935646,4.992261,2.7694933
24.0,120.0,2011-03-01,2011-05-27,87,25,26.191072,27.177223,25.44335,84.326324,3.7525845,7.0120087,88.88017,78.812805,4.977721,2.3819153
23.0,120.0,2011-03-01,2011-05-28,88,25,26.465775,27.533955,25.685162,84.174835,3.3941727,11.532489,88.47603,78.38765,4.2958107,2.3798046
22.0,120.0,2011-03-01,2011-05-28,88,25,26.943413,27.877748,26.19535,83.18284,4.4074144,13.369646,87.22805,78.25653,5.4375806,3.1623428
25.0,121.0,2011-03-01,2011-05-28,88,25,25.865839,26.779993,25.078999,84.17958,3.9818094,9.3739805,88.47568,79.65907,5.119282,2.685689
22.0,121.0,2011-03-01,2011-05-28,88,25,26.808147,27.759218,26.054459,83.33588,4.369253,8.969621,87.24644,78.35348,5.4072113,3.2759593
24.0,121.0,2011-03-01,2011-05-28,88,25,24.375916,25.799622,23.272076,85.995804,2.6349554,10.303545,90.66457,79.82292,3.59284,1.5311519
23.0,121.0,2011-03-01,2011-05-28,88,25,24.631786,26.24396,23.445591,85.21303,2.201431,10.59865,90.23486,78.10675,2.860056,1.5379264
24.0,122.0,2011-03-01,2011-05-28,88,25,24.887651,25.760216,24.145332,84.9584,3.6844187,9.514057,87.97197,81.36444,4.7153544,2.4291325
22.0,122.0,2011-03-01,2011-05-28,88,25,27.305971,27.689121,26.852243,83.85804,6.24074,5.851334,86.00258,81.67441,7.586753,4.873078
25.0,120.0,2011-03-01,2011-05-28,88,25,25.254787,26.624834,24.196373,85.73563,4.200499,10.017749,90.69368,79.42748,5.397519,2.7494352
23.0,122.0,2011-03-01,2011-05-28,88,25,25.128944,26.113857,24.34159,85.67458,4.17823,7.5061517,88.70711,81.51942,5.1601353,3.0313962
25.0,122.0,2011-03-01,2011-05-28,88,25,26.367502,26.760845,25.895323,83.2405,4.9907484,8.608598,85.88103,81.127464,6.1077642,3.8609235
24.0,120.0,2011-03-01,2011-05-28,88,25,26.203537,27.085972,25.483849,84.948654,4.2643228,11.225328,88.92345,80.228226,5.5082717,2.7389135
23.0,120.0,2011-03-01,2011-05-29,89,25,26.477602,27.484575,25.72562,83.8133,3.034986,9.63035,88.11091,78.62909,3.8630445,2.0682817
22.0,120.0,2011-03-01,2011-05-29,89,25,26.896406,27.685442,26.245111,83.26292,4.1478777,11.807171,86.83566,79.27779,5.124859,3.0818982
25.0,121.0,2011-03-01,2011-05-29,89,25,25.6199,26.519869,24.839903,83.64747,4.4501762,8.439554,88.16202,78.8983,5.563116,3.354776
25.0,120.0,2011-03-01,2011-05-29,89,25,25.13291,26.512756,24.088394,84.81201,3.9923425,7.5643115,90.06428,78.41297,5.149313,2.5481708
23.0,122.0,2011-03-01,2011-05-29,89,25,25.011164,25.83125,24.314459,85.39934,3.5140595,10.291359,88.38264,82.02776,4.4008627,2.5561075
25.0,122.0,2011-03-01,2011-05-29,89,25,26.165606,26.559776,25.7496,82.390175,5.185104,7.7608385,85.19677,79.78671,6.5413604,3.8032606
24.0,120.0,2011-03-01,2011-05-29,89,25,26.113056,27.01854,25.363823,84.3391,3.9256856,8.480447,88.591415,79.46815,5.0898566,2.5342636
22.0,121.0,2011-03-01,2011-05-29,89,25,26.748821,27.612524,26.063946,83.65021,4.048587,11.4463005,87.47914,79.29973,4.9919853,3.1362548
22.0,122.0,2011-03-01,2011-05-29,89,25,27.222822,27.598082,26.772549,83.79528,5.7322917,8.511425,86.14067,81.6749,7.053482,4.499265
23.0,121.0,2011-03-01,2011-05-29,89,25,24.537878,25.970318,23.449804,85.32691,1.707519,13.204107,90.18857,78.99098,2.2374644,1.1688787
24.0,122.0,2011-03-01,2011-05-29,89,25,24.736256,25.508339,24.074697,84.46282,3.2715366,11.346352,87.416214,81.29041,4.434124,2.0549319
24.0,121.0,2011-03-01,2011-05-29,89,25,24.180567,25.50995,23.139765,85.82864,2.4712245,12.041543,90.5482,80.17842,3.470814,1.4892519
24.0,122.0,2011-03-01,2011-05-30,90,25,24.715853,25.476406,24.11063,85.23479,3.3452747,13.544791,87.81345,82.130615,4.439784,2.1646528
23.0,122.0,2011-03-01,2011-05-30,90,25,25.006199,25.81599,24.356274,85.82592,3.112929,13.617268,88.6037,82.38978,4.152856,2.135295
23.0,121.0,2011-03-01,2011-05-30,90,25,24.53254,26.024632,23.336533,85.83989,1.601851,16.98946,90.74658,79.489334,2.1830747,1.0539081
24.0,121.0,2011-03-01,2011-05-30,90,25,24.218103,25.546856,23.122042,86.24742,2.3539994,15.458092,90.99807,80.544846,3.356347,1.254266
22.0,122.0,2011-03-01,2011-05-30,90,25,27.285461,27.658125,26.87567,83.83038,5.2107778,9.565447,85.953445,81.77078,6.42672,3.815977
22.0,121.0,2011-03-01,2011-05-30,90,25,26.811087,27.778975,25.965282,83.782715,3.762506,12.958086,87.87939,79.16766,4.822989,2.6415665
24.0,120.0,2011-03-01,2011-05-30,90,25,26.190306,27.099346,25.426285,84.41399,3.765108,7.7406483,88.70633,79.853264,5.2357183,2.0129511
23.0,120.0,2011-03-01,2011-05-30,90,25,26.51197,27.57755,25.659643,83.99294,2.9081006,9.239366,88.50356,78.6764,3.833498,1.9479308
25.0,121.0,2011-03-01,2011-05-30,90,25,25.756851,26.675169,24.991148,83.75543,3.8838701,8.52724,88.11753,78.844246,5.15748,2.5851808
22.0,120.0,2011-03-01,2011-05-30,90,25,26.942848,27.809744,26.18776,83.3523,3.7099175,11.807115,87.21892,79.02536,4.695955,2.524722
25.0,122.0,2011-03-01,2011-05-30,90,25,26.244883,26.651106,25.856583,82.83664,4.8498735,6.621574,85.26181,80.22291,6.103743,3.4912262
25.0,120.0,2011-03-01,2011-05-30,90,25,25.202208,26.639458,24.074629,84.82223,3.6212046,8.889787,90.5505,78.03915,4.9740586,2.134133
25.0,120.0,2011-03-01,2011-05-31,91,25,25.250965,26.67483,24.215492,84.60678,3.4844222,9.207744,90.01086,77.7649,4.869603,1.975043
22.0,121.0,2011-03-01,2011-05-31,91,25,26.834751,27.806944,26.047613,84.551575,3.8704453,9.199504,88.718254,79.89724,4.8818927,2.8784125
24.0,120.0,2011-03-01,2011-05-31,91,25,26.29168,27.178501,25.558105,84.462425,3.467355,7.456646,89.03198,79.45171,4.911642,1.9940195
24.0,121.0,2011-03-01,2011-05-31,91,25,24.320576,25.6897,23.280235,86.130066,2.3304849,11.770758,90.61259,80.61415,3.229283,1.3662694
24.0,122.0,2011-03-01,2011-05-31,91,25,24.805138,25.615948,24.127867,85.11939,3.3247046,10.317056,88.4719,81.68775,4.410828,2.1964412
25.0,121.0,2011-03-01,2011-05-31,91,25,25.771473,26.64142,24.986187,83.760185,3.796755,10.4478245,88.19597,79.19271,4.871069,2.4158993
23.0,122.0,2011-03-01,2011-05-31,91,25,25.106304,26.027153,24.421362,86.15535,3.120385,10.040722,89.46023,82.26163,4.2930465,1.9742279
22.0,122.0,2011-03-01,2011-05-31,91,25,27.36212,27.770296,26.930248,84.528534,5.194602,7.7767735,87.152054,82.10292,6.524467,3.7486427
25.0,122.0,2011-03-01,2011-05-31,91,25,26.246454,26.694674,25.72977,82.855705,4.774434,9.009682,86.34323,80.11439,6.159422,3.3840528
22.0,120.0,2011-03-01,2011-05-31,91,25,27.002832,27.925776,26.274921,83.97628,3.911631,9.800396,87.931046,79.49913,5.035764,2.7794988
23.0,120.0,2011-03-01,2011-05-31,91,25,26.558035,27.64751,25.780445,84.53369,2.869542,7.1232424,89.272385,78.80212,3.876794,1.9263653
23.0,121.0,2011-03-01,2011-05-31,91,25,24.57978,26.14306,23.462193,86.24672,1.7483673,11.448345,90.95589,79.92391,2.3530626,1.2470607
24.0,121.0,2011-03-01,2011-06-01,92,25,24.461647,25.846085,23.344454,85.94345,2.819929,11.065361,90.75043,80.411285,3.8419387,1.8064048
24.0,120.0,2011-03-01,2011-06-01,92,25,26.383217,27.292547,25.634981,84.64793,4.3771496,7.8007393,88.79798,80.04457,5.5832567,2.9335444
22.0,121.0,2011-03-01,2011-06-01,92,25,26.984991,27.986462,26.221718,84.18367,4.0696974,11.692344,88.55605,79.0911,5.111535,3.025775
25.0,120.0,2011-03-01,2011-06-01,92,25,25.36913,26.644455,24.381598,84.40295,4.4830227,5.8596673,89.31317,78.419685,5.6652584,3.1295
25.0,121.0,2011-03-01,2011-06-01,92,25,25.954453,26.82762,25.220728,83.89121,4.4234385,6.857289,87.9639,79.57375,5.3877034,3.2171566
24.0,122.0,2011-03-01,2011-06-01,92,25,24.965479,25.767925,24.276484,85.376686,3.4092665,9.515677,88.75717,82.04755,4.5212526,2.2195182
23.0,120.0,2011-03-01,2011-06-01,92,25,26.65394,27.778759,25.832504,84.55939,3.3707392,9.353018,89.16064,78.880486,4.328247,2.4301653
22.0,120.0,2011-03-01,2011-06-01,92,25,27.101578,28.075869,26.34876,84.0175,4.1761045,12.0756445,88.09515,79.22797,5.4545393,3.0212374
22.0,122.0,2011-03-01,2011-06-01,92,25,27.5138,27.904497,27.068365,84.37249,5.5465083,10.287768,86.838524,81.77936,6.9481697,4.257967
23.0,122.0,2011-03-01,2011-06-01,92,25,25.25341,26.161554,24.48861,86.01056,3.601934,11.235648,89.37498,82.09126,4.613055,2.4977896
23.0,121.0,2011-03-01,2011-06-01,92,25,24.725374,26.326841,23.510508,85.89882,1.9582388,12.626795,91.25653,79.237724,2.5651786,1.3505318
25.0,122.0,2011-03-01,2011-06-01,92,25,26.448563,26.8283,26.03563,83.4166,4.92758,5.325003,86.04329,81.12525,6.1280613,3.5325506
25.0,122.0,2011-03-01,2011-06-02,93,25,26.684969,27.08693,26.253593,83.84397,5.0321894,5.233147,86.8541,81.55939,6.040218,3.8166006
25.0,121.0,2011-03-01,2011-06-02,93,25,26.07651,26.949018,25.282587,84.51925,4.2085185,6.8289094,88.981094,80.12013,5.085822,3.2202964
24.0,120.0,2011-03-01,2011-06-02,93,25,26.392824,27.27873,25.658178,85.51559,3.8897538,9.021599,89.61743,80.8948,5.1872587,2.3395464
24.0,121.0,2011-03-01,2011-06-02,93,25,24.587288,26.051382,23.382105,86.81625,2.4273014,13.619525,91.61099,81.146736,3.364663,1.3198885
25.0,120.0,2011-03-01,2011-06-02,93,25,25.573563,26.924866,24.50335,85.1257,3.944616,6.495658,90.70927,78.98879,5.2372017,2.4535725
22.0,121.0,2011-03-01,2011-06-02,93,25,26.998562,27.972422,26.16937,84.624725,4.4994116,11.291035,88.598114,79.8618,5.5680156,3.3658533
24.0,122.0,2011-03-01,2011-06-02,93,25,25.2067,26.11746,24.486444,86.02756,3.1706498,11.993094,88.84699,82.78196,4.240334,2.0772185
22.0,122.0,2011-03-01,2011-06-02,93,25,27.614334,28.040516,27.148203,84.81303,6.207068,7.9490557,87.25786,82.66835,7.475427,4.8074093
22.0,120.0,2011-03-01,2011-06-02,93,25,27.114674,28.12062,26.304028,83.90927,4.116131,11.601703,88.03789,78.80151,5.3573236,2.8685174
23.0,120.0,2011-03-01,2011-06-02,93,25,26.665398,27.77674,25.856812,85.05957,3.2073994,10.569297,89.48127,79.29082,4.274699,2.0897512
23.0,122.0,2011-03-01,2011-06-02,93,25,25.468384,26.484858,24.658384,86.46076,3.5422904,11.863547,89.47375,82.75493,4.5759554,2.450357
23.0,121.0,2011-03-01,2011-06-02,93,25,24.853882,26.56064,23.557364,86.369286,1.8791618,15.182331,91.47612,79.36508,2.4792259,1.277694
24.0,120.0,2011-03-01,2011-06-03,94,25,26.500439,27.380913,25.782265,85.61677,3.4677546,8.001545,89.791336,80.77963,4.9646516,2.020854
24.0,121.0,2011-03-01,2011-06-03,94,25,24.621408,25.978985,23.53608,87.24124,2.1266994,12.959433,91.96542,81.183205,3.2260883,1.0985864
24.0,122.0,2011-03-01,2011-06-03,94,25,25.182117,25.992826,24.512611,86.59999,3.03621,16.813496,89.5429,83.09524,4.3218136,1.8254286
23.0,120.0,2011-03-01,2011-06-03,94,25,26.682594,27.69927,25.928017,85.35801,3.0328906,11.500387,89.7152,79.91689,3.9379904,2.1779168
22.0,120.0,2011-03-01,2011-06-03,94,25,27.08976,27.935762,26.417656,84.5548,3.8022473,12.084495,88.48096,80.12625,4.67771,2.8935819
23.0,121.0,2011-03-01,2011-06-03,94,25,24.797125,26.301394,23.658642,87.00081,1.6861093,16.472004,91.98278,80.277695,2.4261866,1.0122089
25.0,121.0,2011-03-01,2011-06-03,94,25,26.212612,27.073702,25.455473,85.23529,3.52641,6.1604223,89.588936,80.42333,4.6317196,2.2180376
25.0,120.0,2011-03-01,2011-06-03,94,25,25.726032,27.134756,24.648125,85.85868,3.4226172,7.4597077,91.62871,78.77511,4.67184,2.1009405
23.0,122.0,2011-03-01,2011-06-03,94,25,25.384222,26.28927,24.644112,86.94168,3.424012,14.146412,90.09522,82.88835,4.2174273,2.4546032
25.0,122.0,2011-03-01,2011-06-03,94,25,26.762783,27.17966,26.344213,84.67791,4.513943,10.009909,87.31986,82.22772,5.819502,3.1512167
22.0,122.0,2011-03-01,2011-06-03,94,25,27.572142,27.931004,27.164034,84.865,5.3744183,9.845118,87.43565,82.69516,6.5360537,4.256944
22.0,121.0,2011-03-01,2011-06-03,94,25,26.983912,27.842432,26.24917,84.850204,3.7711124,12.181238,88.90033,80.41259,4.817246,2.7850232
25.0,122.0,2011-03-01,2011-06-04,95,25,26.93369,27.268047,26.60523,85.45373,4.5928936,5.6510663,87.44961,83.48559,5.598996,3.5076673
25.0,121.0,2011-03-01,2011-06-04,95,25,26.347944,27.259878,25.601446,85.96275,3.6481435,5.393347,89.95181,81.47082,4.527002,2.7313328
23.0,122.0,2011-03-01,2011-06-04,95,25,25.555977,26.523209,24.786943,87.26352,3.509276,7.2588854,90.04007,83.551125,4.335433,2.67047
23.0,121.0,2011-03-01,2011-06-04,95,25,25.010944,26.610762,23.753368,87.1899,1.9040608,9.394203,91.920456,80.715096,2.7761981,1.1825436
25.0,120.0,2011-03-01,2011-06-04,95,25,25.845741,27.279457,24.81915,86.467926,3.6334522,5.633979,91.626015,79.813034,4.8336124,2.4615574
24.0,120.0,2011-03-01,2011-06-04,95,25,26.666618,27.60988,25.962486,86.066124,3.6911283,7.366614,90.08884,81.3035,4.8933415,2.4723537
24.0,122.0,2011-03-01,2011-06-04,95,25,25.366701,26.215645,24.70602,87.13393,3.4419382,8.537422,89.40898,83.99207,4.384702,2.560754
24.0,121.0,2011-03-01,2011-06-04,95,25,24.770327,26.249563,23.579746,87.72181,2.3002028,8.292366,92.165276,81.71084,3.1079414,1.5123047
22.0,121.0,2011-03-01,2011-06-04,95,25,27.156006,28.09831,26.366114,85.06633,4.021197,7.843297,88.85975,80.7681,5.05112,3.0890615
22.0,120.0,2011-03-01,2011-06-04,95,25,27.24211,28.097666,26.486153,84.70945,3.7858825,8.113835,88.2464,80.714554,4.943993,2.5650568
23.0,120.0,2011-03-01,2011-06-04,95,25,26.913551,27.974854,26.092676,85.538704,3.1493387,8.4829445,89.69628,80.35234,4.2011204,2.0925038
22.0,122.0,2011-03-01,2011-06-04,95,25,27.701967,28.101442,27.247593,85.19609,5.5194983,5.6956224,87.35218,83.18991,6.546223,4.4091077
25.0,120.0,2011-03-01,2011-06-05,96,25,25.953768,27.367842,24.835625,85.115204,4.462123,4.739099,90.2456,78.29251,5.592558,3.1949472
24.0,122.0,2011-03-01,2011-06-05,96,25,25.48516,26.396883,24.696856,85.93492,3.4559577,10.105309,88.86533,82.33185,4.4703116,2.2989635
24.0,121.0,2011-03-01,2011-06-05,96,25,24.91206,26.431904,23.601284,86.20918,2.7803333,10.365015,91.00673,79.7279,3.8076272,1.7616904
22.0,121.0,2011-03-01,2011-06-05,96,25,27.158415,28.07165,26.40358,84.9413,4.2289743,10.225698,88.59993,80.75357,5.0827403,3.3202682
23.0,121.0,2011-03-01,2011-06-05,96,25,25.103243,26.767384,23.790668,86.05893,2.0042036,13.285851,90.8485,79.04577,2.616813,1.4775697
23.0,120.0,2011-03-01,2011-06-05,96,25,26.921087,27.974077,26.111197,85.1808,3.2392995,8.646419,89.02428,80.05843,4.119002,2.3577254
22.0,120.0,2011-03-01,2011-06-05,96,25,27.289951,28.212353,26.585371,84.36265,3.948383,10.932029,87.99985,79.93124,4.9899793,2.9946606
23.0,122.0,2011-03-01,2011-06-05,96,25,25.65331,26.678944,24.777578,86.66625,3.8881443,11.778132,89.85183,82.47747,4.694399,3.0131118
22.0,122.0,2011-03-01,2011-06-05,96,25,27.709402,28.096836,27.261118,85.61273,6.066616,8.710959,87.865814,83.472595,7.085079,4.978365
24.0,120.0,2011-03-01,2011-06-05,96,25,26.723627,27.661186,25.937109,85.34209,4.106207,5.7406855,89.27734,80.56882,5.5132055,2.6353116
25.0,121.0,2011-03-01,2011-06-05,96,25,26.439487,27.378502,25.59333,84.27891,4.45121,4.5218163,88.20218,79.7895,5.483597,3.3727856
25.0,122.0,2011-03-01,2011-06-05,96,25,27.002102,27.393492,26.615635,84.08095,4.9194975,4.268977,86.474724,81.931786,6.1371813,3.6467712
24.0,122.0,2011-03-01,2011-06-06,97,25,25.448698,26.229874,24.791826,86.33556,3.291707,9.988213,89.180885,83.33831,4.3473897,2.4371996
24.0,120.0,2011-03-01,2011-06-06,97,25,26.723154,27.650723,25.975048,85.31152,4.450609,6.8203306,89.08611,80.955826,5.5053425,3.132963
24.0,121.0,2011-03-01,2011-06-06,97,25,24.90787,26.341084,23.727167,86.5881,2.8256905,11.216848,91.091,80.99388,3.6185029,1.9432192
23.0,122.0,2011-03-01,2011-06-06,97,25,25.665403,26.530533,24.92188,86.79984,3.8869019,10.805469,89.57774,83.44698,4.8480625,2.8447237
25.0,121.0,2011-03-01,2011-06-06,97,25,26.474085,27.468472,25.619839,84.45686,4.39626,7.387039,88.4147,80.00454,5.4851723,3.317793
23.0,120.0,2011-03-01,2011-06-06,97,25,26.905796,27.936295,26.153702,85.241806,3.6223457,8.039814,89.06902,80.27218,4.4838915,2.609912
25.0,120.0,2011-03-01,2011-06-06,97,25,25.981096,27.442123,24.899786,85.04855,4.4915066,7.690232,90.03031,78.53781,5.74003,3.1162717
23.0,121.0,2011-03-01,2011-06-06,97,25,25.08407,26.631886,23.855196,86.534424,2.0611508,12.446704,91.11922,80.33377,2.7209306,1.5249269
22.0,120.0,2011-03-01,2011-06-06,97,25,27.308193,28.226446,26.560747,84.44685,4.4102974,10.091059,88.13537,80.23585,5.423288,3.3689165
22.0,122.0,2011-03-01,2011-06-06,97,25,27.767656,28.130348,27.410185,85.41214,6.248736,8.186606,87.22418,83.40897,7.3351436,4.9254713
25.0,122.0,2011-03-01,2011-06-06,97,25,27.004576,27.417086,26.58539,84.28736,4.929873,6.169238,86.937294,82.042435,6.023501,3.8994296
22.0,121.0,2011-03-01,2011-06-06,97,25,27.185266,28.088346,26.49517,85.09302,4.522325,9.836999,88.3608,80.96833,5.4259686,3.5400999
24.0,122.0,2011-03-01,2011-06-07,98,25,25.411638,26.313618,24.65763,86.00723,3.4974816,10.647022,89.30371,82.14429,4.5952845,2.2072566
22.0,121.0,2011-03-01,2011-06-07,98,25,27.235218,28.24523,26.408306,84.65204,4.5779133,10.558501,88.77744,79.54896,5.551836,3.6787705
24.0,121.0,2011-03-01,2011-06-07,98,25,24.908352,26.360868,23.699585,86.184326,2.8165917,9.712856,90.976746,80.006096,3.736159,1.744818
25.0,121.0,2011-03-01,2011-06-07,98,25,26.472849,27.409266,25.670294,84.221306,4.6093636,5.378144,88.60578,79.96487,5.7086115,3.2507463
24.0,120.0,2011-03-01,2011-06-07,98,25,26.75145,27.66376,26.030352,85.16489,4.538561,5.654936,89.23273,80.45414,5.7280364,3.1184368
23.0,122.0,2011-03-01,2011-06-07,98,25,25.664637,26.659239,24.824135,86.240944,4.1018605,9.709526,89.71252,81.78496,5.177455,2.860849
22.0,120.0,2011-03-01,2011-06-07,98,25,27.386673,28.386415,26.581211,83.96252,4.26323,12.091552,88.0526,78.82499,5.160211,3.4391935
22.0,122.0,2011-03-01,2011-06-07,98,25,27.781128,28.197166,27.352392,85.063484,6.6084576,7.962068,87.51251,82.54931,7.8816442,5.227931
23.0,120.0,2011-03-01,2011-06-07,98,25,26.969196,28.09225,26.158428,84.84256,3.560909,8.223601,89.42551,78.843346,4.4778104,2.6095517
25.0,122.0,2011-03-01,2011-06-07,98,25,26.96603,27.368383,26.571768,84.108284,5.3036175,6.308471,86.93641,81.623116,6.4973574,3.9358988
23.0,121.0,2011-03-01,2011-06-07,98,25,25.119646,26.8071,23.826416,85.89526,2.0893393,12.285339,91.07412,78.419655,2.7917588,1.3966086
25.0,120.0,2011-03-01,2011-06-07,98,25,25.936234,27.33251,24.8513,84.9444,4.7822056,6.1622944,89.762276,78.78935,6.012004,3.343059
23.0,121.0,2011-03-01,2011-06-08,99,25,25.08978,26.565098,23.882236,86.06284,2.1412787,14.328544,91.14691,79.5715,2.7338367,1.549119
22.0,121.0,2011-03-01,2011-06-08,99,25,27.201895,28.053083,26.452934,84.470535,4.5171185,12.259906,88.15179,80.1685,5.5226426,3.3752651
24.0,120.0,2011-03-01,2011-06-08,99,25,26.754776,27.604717,26.100702,85.080986,4.4420304,6.3935204,89.21418,80.731674,5.631542,3.0770767
23.0,122.0,2011-03-01,2011-06-08,99,25,25.718515,26.585896,24.946114,86.04275,4.0472407,12.13891,89.35061,82.1461,4.9053564,3.1031196
25.0,122.0,2011-03-01,2011-06-08,99,25,27.017462,27.421318,26.629892,83.20774,5.490328,4.8653493,86.18409,80.5144,6.423793,4.576954
22.0,122.0,2011-03-01,2011-06-08,99,25,27.83185,28.211828,27.404829,84.52689,6.321393,10.060812,86.714,82.412865,7.472357,4.796549
22.0,120.0,2011-03-01,2011-06-08,99,25,27.270493,28.097202,26.598383,84.18554,4.2277193,11.672288,87.54767,79.916435,5.2721696,3.181779
23.0,120.0,2011-03-01,2011-06-08,99,25,26.922436,27.91127,26.159883,84.83883,3.6039417,8.951804,89.06978,79.69382,4.500879,2.6858943
25.0,121.0,2011-03-01,2011-06-08,99,25,26.458332,27.32882,25.731201,83.975334,4.614097,4.9533935,88.38072,79.57376,5.5927863,3.6766663
25.0,120.0,2011-03-01,2011-06-08,99,25,25.912704,27.193731,24.952164,85.12653,4.8109775,5.0501356,90.53477,79.21187,5.7599797,3.7929277
24.0,121.0,2011-03-01,2011-06-08,99,25,24.92837,26.249323,23.842636,86.28931,3.0105085,11.756218,91.06375,80.73388,3.7928555,2.1212456
24.0,122.0,2011-03-01,2011-06-08,99,25,25.498167,26.335712,24.78141,85.417656,3.747598,11.659325,88.64624,81.86249,4.6415477,2.744627
23.0,121.0,2011-03-01,2011-06-09,100,25,25.145176,26.703209,23.895214,85.83137,2.1735847,12.157214,90.8696,79.160095,2.8942575,1.5042087
23.0,120.0,2011-03-01,2011-06-09,100,25,26.889624,27.91209,26.0664,85.08496,3.6902652,9.37508,89.17365,79.89564,4.66815,2.783505
25.0,122.0,2011-03-01,2011-06-09,100,25,27.11983,27.441774,26.774853,82.968925,5.5741496,5.986864,85.300476,80.71499,6.5371685,4.6722207
24.0,120.0,2011-03-01,2011-06-09,100,25,26.744535,27.609512,26.042618,85.11426,4.795599,7.2799225,88.79398,80.5934,6.021631,3.5330112
25.0,120.0,2011-03-01,2011-06-09,100,25,25.98222,27.229815,25.055893,85.123055,4.964351,6.3541713,89.91493,79.07149,5.9841022,3.9021714
24.0,121.0,2011-03-01,2011-06-09,100,25,25.006092,26.445957,23.847832,85.85398,3.2469614,10.060199,90.49626,79.97702,4.190297,2.249261
22.0,121.0,2011-03-01,2011-06-09,100,25,27.219751,28.138853,26.47276,84.409775,4.2440934,10.185633,88.327354,79.799644,5.144747,3.239477
25.0,121.0,2011-03-01,2011-06-09,100,25,26.543692,27.422598,25.822594,83.572655,4.8907533,6.969989,87.518166,79.27917,5.8359118,3.917211
24.0,122.0,2011-03-01,2011-06-09,100,25,25.59323,26.422806,24.913048,85.14276,3.9011087,9.060596,87.93496,81.7161,4.9116907,2.9586573
23.0,122.0,2011-03-01,2011-06-09,100,25,25.798313,26.740412,25.022617,85.632324,4.4373336,9.689571,88.638016,81.6727,5.2649474,3.4973977
22.0,120.0,2011-03-01,2011-06-09,100,25,27.338007,28.20182,26.623388,83.71616,4.0006895,10.989006,87.328445,79.48363,4.866415,3.137724
22.0,122.0,2011-03-01,2011-06-09,100,25,27.874111,28.262856,27.458912,84.283035,6.5024886,7.716756,86.672714,81.82583,7.52318,5.643652
25.0,120.0,2011-03-01,2011-06-10,101,25,26.056772,27.320076,25.097284,85.70256,4.545832,6.8870935,90.58507,79.800446,5.7708044,3.1698334
25.0,121.0,2011-03-01,2011-06-10,101,25,26.564886,27.367275,25.90681,84.95354,4.4687414,6.304514,89.014206,80.65148,5.5073924,3.3558881
24.0,121.0,2011-03-01,2011-06-10,101,25,25.062454,26.4524,23.983633,86.79957,3.0707147,10.963484,91.503914,80.764206,4.1125813,2.1290455
25.0,122.0,2011-03-01,2011-06-10,101,25,27.144375,27.475435,26.784618,84.656906,5.293852,6.31718,87.55274,82.056465,6.1898,4.1049104
22.0,120.0,2011-03-01,2011-06-10,101,25,27.464397,28.290766,26.80066,83.794075,3.818825,9.582861,87.47417,79.499985,4.908016,2.6845777
22.0,121.0,2011-03-01,2011-06-10,101,25,27.36667,28.237188,26.68982,84.44265,4.1864185,9.456668,88.29981,79.83799,5.121748,3.2392383
24.0,122.0,2011-03-01,2011-06-10,101,25,25.652588,26.466328,24.962828,86.44114,3.8108673,10.955396,89.81305,82.581924,4.758723,2.6479173
24.0,120.0,2011-03-01,2011-06-10,101,25,26.872334,27.717379,26.203829,85.528046,4.927963,6.710703,89.55364,80.9994,6.2115283,3.4554856
22.0,122.0,2011-03-01,2011-06-10,101,25,28.04345,28.393286,27.625006,84.462814,6.5026646,6.7265654,86.575165,82.36066,7.6850963,5.1653056
23.0,122.0,2011-03-01,2011-06-10,101,25,25.920883,26.838242,25.176304,86.46073,4.2552376,10.401197,89.703705,82.54551,5.344387,3.2226846
23.0,121.0,2011-03-01,2011-06-10,101,25,25.245386,26.793177,24.060253,86.512184,1.9569021,13.124433,91.740875,79.724045,2.7446651,1.2430072
23.0,120.0,2011-03-01,2011-06-10,101,25,27.061428,28.047144,26.323013,85.22415,3.7301323,8.858985,89.72935,79.84704,4.8419585,2.7029798
25.0,120.0,2011-03-01,2011-06-11,102,25,26.135069,27.362427,25.195782,86.83371,4.147581,11.73132,91.14314,81.51243,5.5165296,2.7310476
22.0,121.0,2011-03-01,2011-06-11,102,25,27.365173,28.203588,26.632158,85.589005,4.4452367,10.51154,89.39844,81.3783,5.412087,3.3897343
24.0,121.0,2011-03-01,2011-06-11,102,25,25.16359,26.59184,24.020708,87.70359,2.935225,12.915095,92.330505,81.96694,3.9196155,1.8131698
24.0,122.0,2011-03-01,2011-06-11,102,25,25.785778,26.65099,25.109106,87.90213,3.919288,10.789545,90.98539,84.153076,4.845659,2.8463416
25.0,121.0,2011-03-01,2011-06-11,102,25,26.682384,27.522795,25.984531,86.45738,4.2880564,8.578395,90.14669,82.5043,5.38418,3.0716627
23.0,120.0,2011-03-01,2011-06-11,102,25,27.10437,28.053417,26.367222,86.43025,3.735258,11.167666,90.48867,81.66353,4.779125,2.6322827
25.0,122.0,2011-03-01,2011-06-11,102,25,27.293701,27.655634,26.967388,86.68569,5.2187862,6.476803,88.93032,84.33329,6.28013,4.057926
23.0,121.0,2011-03-01,2011-06-11,102,25,25.325106,26.883085,24.097534,87.33192,2.216026,14.477754,92.44033,80.913414,3.147738,1.3364488
22.0,122.0,2011-03-01,2011-06-11,102,25,28.015669,28.436636,27.568604,86.05339,6.699358,6.8730845,88.39687,83.876495,7.909187,5.441193
22.0,120.0,2011-03-01,2011-06-11,102,25,27.433498,28.210146,26.73558,85.128426,4.1648436,11.4360695,88.839386,81.19908,5.1663055,3.1550095
24.0,120.0,2011-03-01,2011-06-11,102,25,26.937017,27.76332,26.289745,86.81907,4.5967226,9.610806,90.34153,82.8237,6.012264,3.1892223
23.0,122.0,2011-03-01,2011-06-11,102,25,25.974297,26.94893,25.17227,87.73323,4.489825,10.854702,91.06867,83.7051,5.5093856,3.372806
25.0,122.0,2011-03-01,2011-06-12,103,25,27.288956,27.6658,26.915405,86.963,5.567713,5.958817,88.94834,84.76206,6.710837,4.27046
22.0,122.0,2011-03-01,2011-06-12,103,25,28.015547,28.422798,27.58805,86.0023,6.6162887,7.7887974,87.954666,83.94534,7.841936,5.1149592
22.0,120.0,2011-03-01,2011-06-12,103,25,27.347815,28.067133,26.703838,86.145355,4.4159303,12.779954,89.27221,82.589714,5.497426,3.3366883
24.0,122.0,2011-03-01,2011-06-12,103,25,25.75721,26.550087,25.04393,88.29852,4.3639774,9.103964,90.67933,85.499756,5.5958138,3.0452077
22.0,121.0,2011-03-01,2011-06-12,103,25,27.307974,28.072803,26.610117,86.20066,4.611765,12.014722,89.2988,82.62647,5.6671076,3.3201938
25.0,120.0,2011-03-01,2011-06-12,103,25,26.231878,27.327818,25.393824,87.2644,4.287905,7.7236485,91.577484,82.28386,5.4939256,3.1191854
23.0,121.0,2011-03-01,2011-06-12,103,25,25.258455,26.668737,24.083189,88.240654,2.4434893,13.519695,92.52857,82.72388,3.4419458,1.5135498
24.0,121.0,2011-03-01,2011-06-12,103,25,25.141987,26.431664,24.081646,88.17483,2.8914645,10.131031,92.00328,83.35515,3.748986,1.9819299
23.0,122.0,2011-03-01,2011-06-12,103,25,25.964367,26.857655,25.146006,87.98117,4.582836,9.322312,90.68974,84.76328,5.554494,3.484062
24.0,120.0,2011-03-01,2011-06-12,103,25,26.93513,27.694496,26.366793,87.16431,4.565112,7.9699244,90.20082,83.581055,5.4232116,3.6443276
25.0,121.0,2011-03-01,2011-06-12,103,25,26.684422,27.468422,26.059233,86.80846,4.2118864,6.963,89.97757,83.27076,5.2844,3.1412616
23.0,120.0,2011-03-01,2011-06-12,103,25,27.057905,27.917274,26.40269,87.21324,3.9173214,11.360884,90.55044,82.95082,4.7694335,3.0954046
23.0,120.0,2011-03-01,2011-06-13,104,25,27.14105,28.119667,26.439096,86.38415,3.1442804,6.231703,89.646545,81.79287,3.9837835,2.2973304
23.0,121.0,2011-03-01,2011-06-13,104,25,25.327986,26.844488,24.128984,87.13994,2.0271764,9.2212,91.480606,80.82015,2.745445,1.4084365
22.0,120.0,2011-03-01,2011-06-13,104,25,27.428818,28.215078,26.759903,85.47947,3.839354,7.509469,88.59121,81.683075,4.716364,2.8410287
22.0,122.0,2011-03-01,2011-06-13,104,25,27.957403,28.36711,27.582554,85.91609,6.277086,7.511001,87.987785,83.80814,7.363471,5.0252256
25.0,121.0,2011-03-01,2011-06-13,104,25,26.750626,27.55666,26.00853,85.46749,3.9107637,6.703045,89.099434,81.58464,5.1054115,2.6132574
24.0,121.0,2011-03-01,2011-06-13,104,25,25.167753,26.447231,24.038359,87.17422,2.5949326,9.236303,91.38505,81.76732,3.5072012,1.6574069
22.0,121.0,2011-03-01,2011-06-13,104,25,27.328848,28.154465,26.656845,85.90587,4.2711167,8.233654,89.05801,82.07142,5.177554,3.29359
25.0,120.0,2011-03-01,2011-06-13,104,25,26.337353,27.57695,25.339746,86.378136,3.5717685,6.9268928,90.971725,80.698166,4.7844734,2.2533467
23.0,122.0,2011-03-01,2011-06-13,104,25,25.955208,26.888422,25.165947,87.07779,4.2245893,8.5041895,90.024445,83.00684,5.068244,3.3384888
24.0,120.0,2011-03-01,2011-06-13,104,25,26.974428,27.741802,26.333433,86.44259,3.8010705,6.2555056,89.58099,82.79761,4.901661,2.7488012
24.0,122.0,2011-03-01,2011-06-13,104,25,25.781456,26.631844,25.008213,86.79463,3.697158,7.7095056,89.767685,82.98953,4.7994847,2.7099063
25.0,122.0,2011-03-01,2011-06-13,104,25,27.353718,27.746572,26.960411,85.16107,4.949798,5.19807,87.64338,82.785286,6.1880817,3.5471137
25.0,122.0,2011-03-01,2011-06-14,105,25,27.25354,27.646635,26.83104,85.08071,5.094906,4.2157655,87.16221,82.97102,6.3453007,3.757475
23.0,122.0,2011-03-01,2011-06-14,105,25,25.990833,26.893003,25.233408,86.872894,4.038446,8.349828,89.69907,83.26474,5.060144,3.0476587
24.0,120.0,2011-03-01,2011-06-14,105,25,27.021797,27.893457,26.308296,86.14029,3.686366,6.992562,89.746,81.78185,4.830055,2.5774145
24.0,122.0,2011-03-01,2011-06-14,105,25,25.75324,26.53233,25.108501,86.66929,3.7352731,7.6039805,89.19128,83.60844,4.9202137,2.580199
22.0,121.0,2011-03-01,2011-06-14,105,25,27.33886,28.10881,26.61541,85.56101,4.2083645,8.659885,88.76056,81.92478,5.2290015,3.090868
25.0,121.0,2011-03-01,2011-06-14,105,25,26.728039,27.55555,26.01288,85.48168,4.123361,6.768561,88.97601,81.26337,5.277727,2.9439013
25.0,120.0,2011-03-01,2011-06-14,105,25,26.312675,27.55931,25.340727,86.09051,3.8259783,6.429663,90.69238,80.44279,4.9389234,2.550944
24.0,121.0,2011-03-01,2011-06-14,105,25,25.217436,26.525347,24.131607,87.14233,2.4332795,10.183629,91.47521,81.83443,3.38304,1.5114627
22.0,122.0,2011-03-01,2011-06-14,105,25,28.011364,28.358566,27.672325,85.36845,5.9924126,5.8293786,87.10922,83.47711,7.138741,4.818483
22.0,120.0,2011-03-01,2011-06-14,105,25,27.408117,28.13335,26.664545,85.26828,4.0633335,9.918582,88.629364,81.93247,5.2944837,2.7411127
23.0,121.0,2011-03-01,2011-06-14,105,25,25.319876,26.71643,24.135263,87.122536,2.1840763,11.16538,91.640045,81.52256,3.0055375,1.4436009
23.0,120.0,2011-03-01,2011-06-14,105,25,27.130527,28.091682,26.306206,86.105095,3.2522907,7.971713,89.9288,81.368416,4.2505183,2.1684396
25.0,122.0,2011-03-01,2011-06-15,106,25,27.410757,27.792038,27.009048,84.7862,4.7080164,3.7403028,87.50077,82.62808,5.7474394,3.628323
23.0,122.0,2011-03-01,2011-06-15,106,25,25.92335,26.86996,25.178316,87.02344,3.610795,10.160138,90.01423,82.98421,4.5109735,2.7117672
24.0,122.0,2011-03-01,2011-06-15,106,25,25.75702,26.6163,25.07045,86.53222,3.3857608,9.023203,89.32471,83.06223,4.4223847,2.3786416
24.0,120.0,2011-03-01,2011-06-15,106,25,27.024738,27.902983,26.298096,86.20343,3.5581164,6.5920134,90.116455,81.69547,4.7205877,2.387354
25.0,120.0,2011-03-01,2011-06-15,106,25,26.408829,27.711382,25.410547,85.90433,3.4091702,5.9059777,90.897644,79.76288,4.7122507,2.1281376
24.0,121.0,2011-03-01,2011-06-15,106,25,25.16734,26.578514,24.041275,87.40192,2.1623683,10.297462,91.83866,81.430115,3.060701,1.2880988
22.0,121.0,2011-03-01,2011-06-15,106,25,27.387463,28.276636,26.659218,85.197205,4.1089745,9.750744,88.70795,80.84987,4.965992,3.1466606
25.0,121.0,2011-03-01,2011-06-15,106,25,26.831587,27.661867,26.093906,85.57388,3.5929372,4.9896874,89.607376,81.18671,4.400206,2.6701596
23.0,120.0,2011-03-01,2011-06-15,106,25,27.15843,28.21547,26.374136,85.833855,3.2274063,7.937997,89.878,80.71607,4.187404,2.236845
23.0,121.0,2011-03-01,2011-06-15,106,25,25.29457,26.909065,24.082886,87.05221,1.9002831,11.650613,91.722855,80.31748,2.8130145,1.2284299
22.0,120.0,2011-03-01,2011-06-15,106,25,27.417774,28.248747,26.72794,84.958145,3.9833698,9.705886,88.37982,80.90313,5.0160775,2.8979461
22.0,122.0,2011-03-01,2011-06-15,106,25,28.017706,28.445435,27.576431,85.23541,5.7800746,8.247293,87.3714,83.06293,6.7907305,4.655318
22.0,122.0,2011-03-01,2011-06-16,107,25,28.02201,28.445435,27.626904,85.983574,6.7477455,7.7685914,88.311905,83.73862,7.970907,5.4640636
22.0,120.0,2011-03-01,2011-06-16,107,25,27.417984,28.133034,26.786856,85.55012,4.11865,8.853487,88.62967,81.956055,5.392184,2.872438
23.0,121.0,2011-03-01,2011-06-16,107,25,25.350769,26.729902,24.23023,87.71713,2.1613429,14.194983,92.00597,82.02819,2.935029,1.3688322
23.0,120.0,2011-03-01,2011-06-16,107,25,27.149809,28.054838,26.461216,86.38945,3.4711409,8.73859,90.04426,81.83086,4.546683,2.3036168
24.0,121.0,2011-03-01,2011-06-16,107,25,25.289717,26.553442,24.232832,87.78668,2.4833431,12.841986,91.96203,82.68572,3.3714275,1.4896345
25.0,120.0,2011-03-01,2011-06-16,107,25,26.534914,27.788305,25.64834,86.60119,3.6774278,6.2392077,91.270905,80.850746,4.679226,2.4983976
25.0,121.0,2011-03-01,2011-06-16,107,25,26.936481,27.659344,26.287247,86.47085,3.6090522,6.767162,90.139755,82.4645,4.6859026,2.4005494
22.0,121.0,2011-03-01,2011-06-16,107,25,27.335964,28.136475,26.626602,86.11958,4.6078725,9.679447,89.607086,82.295296,5.5643353,3.6102667
24.0,120.0,2011-03-01,2011-06-16,107,25,27.082596,27.885265,26.462719,86.489365,4.01707,7.400705,90.03025,82.40582,5.2013807,2.7305682
24.0,122.0,2011-03-01,2011-06-16,107,25,25.904291,26.66259,25.235205,87.42882,3.4809515,12.168312,90.16167,84.11437,4.5559454,2.3257742
23.0,122.0,2011-03-01,2011-06-16,107,25,26.035295,26.848232,25.299717,87.50848,4.340618,12.29221,90.36941,84.029495,5.1056166,3.365422
25.0,122.0,2011-03-01,2011-06-16,107,25,27.539936,27.868818,27.224037,86.15661,4.517302,6.1267467,88.29544,83.74331,5.852024,3.1567175
23.0,120.0,2011-03-01,2011-06-17,108,25,27.321445,28.283863,26.545908,86.0782,3.733003,7.566263,90.24504,81.19754,4.8025465,2.6413054
23.0,121.0,2011-03-01,2011-06-17,108,25,25.458984,26.898218,24.246544,87.29908,2.173196,13.58143,92.33788,81.25049,2.96933,1.4143779
22.0,120.0,2011-03-01,2011-06-17,108,25,27.58717,28.270103,26.908955,84.96362,4.336917,8.882642,88.67001,81.31086,5.3691278,3.38715
22.0,122.0,2011-03-01,2011-06-17,108,25,28.13886,28.493315,27.75694,85.540245,6.754553,12.125742,87.830154,83.531944,8.009568,5.443678
25.0,120.0,2011-03-01,2011-06-17,108,25,26.83852,28.222313,25.855043,86.687706,4.189945,4.2813463,91.72262,80.35546,5.252005,3.2679086
24.0,121.0,2011-03-01,2011-06-17,108,25,25.404617,26.75703,24.264175,87.7221,2.7163496,11.248819,92.09242,82.38553,3.6019611,1.9049541
23.0,122.0,2011-03-01,2011-06-17,108,25,26.112425,26.97401,25.369287,87.33911,4.457006,13.186382,90.26633,83.93659,5.409231,3.4135787
22.0,121.0,2011-03-01,2011-06-17,108,25,27.484053,28.237045,26.77916,85.42922,4.7256846,12.523999,89.04817,81.54273,5.6832905,3.82157
24.0,122.0,2011-03-01,2011-06-17,108,25,25.948586,26.679632,25.30296,87.83527,3.7407389,11.795845,90.565544,84.975334,4.7847958,2.7718506
24.0,120.0,2011-03-01,2011-06-17,108,25,27.260565,28.138735,26.538818,86.50291,4.3655877,5.2589793,90.061005,82.33872,5.7291355,3.1967206
25.0,122.0,2011-03-01,2011-06-17,108,25,27.671494,27.964174,27.34856,86.63092,5.064643,6.398353,88.67082,84.752975,6.141395,3.9716566
25.0,121.0,2011-03-01,2011-06-17,108,25,27.138037,27.991821,26.41084,86.48203,3.999397,5.846898,89.99282,82.63504,4.9630566,3.0324903
24.0,120.0,2011-03-01,2011-06-18,109,25,27.341599,28.249504,26.541407,86.71005,3.821547,5.69829,90.37585,82.254105,4.8937817,2.7294695
24.0,122.0,2011-03-01,2011-06-18,109,25,26.029247,26.830908,25.298471,87.257034,3.6170642,12.059225,89.97706,83.688385,4.589232,2.6993754
25.0,121.0,2011-03-01,2011-06-18,109,25,27.206167,28.11021,26.391783,86.34,3.967522,5.1352415,89.75645,82.31241,5.011923,2.9202569
25.0,120.0,2011-03-01,2011-06-18,109,25,26.892107,28.296833,25.741919,86.88171,3.8480608,5.852558,91.87824,80.46075,5.040487,2.551216
24.0,121.0,2011-03-01,2011-06-18,109,25,25.461113,26.84872,24.245552,87.45647,2.5521307,11.258293,91.80829,81.59237,3.3782718,1.7820487
25.0,122.0,2011-03-01,2011-06-18,109,25,27.763489,28.156322,27.375996,86.18369,5.0182276,5.943649,88.17758,84.24584,6.3558583,3.7565773
22.0,121.0,2011-03-01,2011-06-18,109,25,27.533974,28.407734,26.757143,85.5537,4.835207,10.4785595,89.3103,81.21904,5.740269,3.8970633
23.0,122.0,2011-03-01,2011-06-18,109,25,26.18757,27.100883,25.394087,86.82536,4.39845,12.09569,89.88373,82.81034,5.3978386,3.4175177
22.0,122.0,2011-03-01,2011-06-18,109,25,28.206877,28.604134,27.747906,85.36655,6.8570333,8.658034,87.547295,83.46614,8.051751,5.5025315
22.0,120.0,2011-03-01,2011-06-18,109,25,27.647316,28.497896,26.94852,85.22878,4.4614697,8.992051,88.8194,81.01045,5.5501885,3.4164143
23.0,121.0,2011-03-01,2011-06-18,109,25,25.51605,27.03788,24.300728,87.08918,2.0787683,13.913172,91.917244,80.23557,2.8903968,1.4088136
23.0,120.0,2011-03-01,2011-06-18,109,25,27.403397,28.457973,26.601324,86.33083,3.5099807,8.33074,90.32474,80.95216,4.417414,2.5250428
24.0,120.0,2011-03-01,2011-06-19,110,25,27.364784,28.281322,26.632343,86.735306,4.087197,6.0298133,90.22543,82.069695,5.240538,2.872373
25.0,121.0,2011-03-01,2011-06-19,110,25,27.191721,28.088808,26.445673,86.209076,3.9813888,6.767118,89.99511,81.96519,5.109467,2.7133956
25.0,120.0,2011-03-01,2011-06-19,110,25,26.888426,28.302954,25.84211,86.90066,3.7757697,6.5379305,91.79956,80.26341,4.9337993,2.4901023
24.0,121.0,2011-03-01,2011-06-19,110,25,25.514656,26.996397,24.286133,87.23756,2.4417396,8.845517,91.74006,81.093796,3.2514014,1.5278038
23.0,122.0,2011-03-01,2011-06-19,110,25,26.313417,27.30375,25.49024,86.4042,3.9395003,7.070006,89.60808,82.2026,4.9368377,2.9533777
24.0,122.0,2011-03-01,2011-06-19,110,25,26.19071,27.071577,25.472109,86.43457,3.400992,7.590482,89.45298,82.64464,4.4138765,2.5358436
25.0,122.0,2011-03-01,2011-06-19,110,25,27.856434,28.202906,27.515087,85.4716,4.7062984,5.5284133,87.830734,83.30293,5.7054234,3.620003
22.0,121.0,2011-03-01,2011-06-19,110,25,27.68238,28.694609,26.84853,84.889824,4.367526,7.0338416,88.81835,79.80993,5.244653,3.2893298
23.0,120.0,2011-03-01,2011-06-19,110,25,27.537546,28.670347,26.682367,85.95718,3.458398,6.656944,90.17636,80.04403,4.3948517,2.5847714
23.0,121.0,2011-03-01,2011-06-19,110,25,25.680914,27.372984,24.330767,86.4644,1.9966923,9.479517,91.633484,79.07421,2.747808,1.3154898
22.0,120.0,2011-03-01,2011-06-19,110,25,27.76757,28.718056,26.97251,84.86028,4.3014755,6.7912254,88.70179,80.07977,5.3006487,3.263592
22.0,122.0,2011-03-01,2011-06-19,110,25,28.31606,28.724365,27.902193,84.90821,6.2170415,4.61166,87.249756,82.68025,7.4870777,4.8744707
22.0,122.0,2011-03-01,2011-06-20,111,25,28.424091,28.835503,27.97602,84.39523,5.463542,4.6450987,86.793915,82.18038,6.4454885,4.3510137
22.0,120.0,2011-03-01,2011-06-20,111,25,27.861513,28.800732,27.040722,84.245575,4.1770463,5.1790032,88.24295,79.664154,5.0433292,3.1989362
23.0,121.0,2011-03-01,2011-06-20,111,25,25.752562,27.436552,24.395245,86.06065,1.8602147,4.8445263,91.41141,78.65518,2.56082,1.2305673
23.0,120.0,2011-03-01,2011-06-20,111,25,27.59795,28.677052,26.756914,85.72405,3.2990577,4.335197,89.936745,80.06868,4.08983,2.473277
22.0,121.0,2011-03-01,2011-06-20,111,25,27.771893,28.72912,26.953585,84.40907,3.9799073,4.827287,88.36026,79.65825,4.8775315,3.0858624
25.0,122.0,2011-03-01,2011-06-20,111,25,28.011747,28.375715,27.626396,85.52441,4.4661326,3.1115918,87.67185,83.50164,5.5941057,3.4335678
24.0,122.0,2011-03-01,2011-06-20,111,25,26.300627,27.195307,25.556719,86.26607,3.1363518,4.0931883,89.37966,82.323845,4.1710277,2.1979377
23.0,122.0,2011-03-01,2011-06-20,111,25,26.403381,27.442812,25.562153,85.96393,3.4733753,4.6649303,89.241806,81.393524,4.2640047,2.6619194
25.0,120.0,2011-03-01,2011-06-20,111,25,27.121206,28.606934,26.046099,86.63016,3.898616,4.24166,91.88916,79.6776,5.108884,2.7679083
25.0,121.0,2011-03-01,2011-06-20,111,25,27.373123,28.272211,26.596674,86.09616,3.809167,3.403037,89.96571,81.82853,5.0084352,2.6635647
24.0,121.0,2011-03-01,2011-06-20,111,25,25.65072,27.167364,24.384005,86.898994,2.3303764,4.3945436,91.78271,80.40371,3.2163022,1.5749348
24.0,120.0,2011-03-01,2011-06-20,111,25,27.489668,28.40954,26.746572,86.55891,3.9429445,3.8807878,90.255684,81.944885,5.053339,2.9008105
24.0,122.0,2011-03-01,2011-06-21,112,25,26.419436,27.325249,25.586538,85.9564,3.0504408,2.7028856,89.53063,82.082245,4.1132736,2.1382256
25.0,122.0,2011-03-01,2011-06-21,112,25,28.158846,28.501406,27.792734,85.33068,4.364755,1.5041553,87.81484,83.186,5.239011,3.4507666
23.0,122.0,2011-03-01,2011-06-21,112,25,26.515121,27.55208,25.58252,85.8034,3.5330896,3.3335364,89.54781,81.24662,4.3608003,2.6935613
22.0,121.0,2011-03-01,2011-06-21,112,25,27.865366,28.771963,27.074429,84.031624,3.727645,5.0380926,87.94951,79.31949,4.7030516,2.927126
24.0,120.0,2011-03-01,2011-06-21,112,25,27.649624,28.657436,26.85585,86.049904,3.7823632,3.2224474,89.85822,81.32837,4.7461553,2.8124082
24.0,121.0,2011-03-01,2011-06-21,112,25,25.81649,27.42464,24.443829,86.38483,2.425309,3.5477734,91.566345,79.917114,3.177053,1.7182782
25.0,121.0,2011-03-01,2011-06-21,112,25,27.56678,28.559393,26.711065,85.70501,3.7731423,2.3377428,89.69521,81.50231,4.583238,2.9084547
25.0,120.0,2011-03-01,2011-06-21,112,25,27.301374,28.804756,26.175083,86.655754,3.9383624,3.4148607,92.034134,79.82973,4.6888227,3.1117795
23.0,120.0,2011-03-01,2011-06-21,112,25,27.731592,28.831167,26.884315,85.17087,3.1136978,4.2475324,89.4631,79.38228,4.081501,2.1929345
23.0,121.0,2011-03-01,2011-06-21,112,25,25.892082,27.590376,24.474228,85.500275,1.8179865,4.5682774,91.04876,78.01067,2.5729861,1.2115546
22.0,122.0,2011-03-01,2011-06-21,112,25,28.4898,28.904263,28.073511,84.406105,5.331417,3.7883978,86.906746,82.18606,6.4646783,4.2680626
22.0,120.0,2011-03-01,2011-06-21,112,25,27.914402,28.798435,27.164722,83.869,3.9126213,5.792487,87.62277,79.40883,4.847355,3.016573
22.0,122.0,2011-03-01,2011-06-22,113,25,28.391586,28.804071,27.912876,85.3239,6.3553777,5.6038322,87.37478,83.46533,7.777137,4.7350326
23.0,120.0,2011-03-01,2011-06-22,113,25,27.62283,28.653353,26.813583,85.9555,3.4999945,9.12876,90.21833,80.36411,4.483325,2.6170728
23.0,121.0,2011-03-01,2011-06-22,113,25,25.740261,27.338972,24.354101,86.215935,2.052398,9.191175,91.78997,79.02738,2.683426,1.4256648
25.0,122.0,2011-03-01,2011-06-22,113,25,28.149508,28.524996,27.77978,85.26762,4.564491,1.7996631,87.61126,83.14351,5.619576,3.2664816
24.0,122.0,2011-03-01,2011-06-22,113,25,26.368671,27.286932,25.528364,86.0251,3.2520337,4.0607142,89.37036,81.867096,4.1588025,2.2413342
23.0,122.0,2011-03-01,2011-06-22,113,25,26.432714,27.42952,25.498398,86.116135,3.9779503,5.42012,89.52512,81.7765,4.87114,2.8729072
22.0,121.0,2011-03-01,2011-06-22,113,25,27.697525,28.617416,26.923985,85.34604,4.5399694,9.393809,88.92989,80.72999,5.6095443,3.3754542
24.0,120.0,2011-03-01,2011-06-22,113,25,27.593813,28.576393,26.796265,86.335175,3.9499187,5.5656834,90.20535,81.440155,4.988034,2.9010165
25.0,121.0,2011-03-01,2011-06-22,113,25,27.50991,28.472055,26.666054,85.77327,3.818188,3.3537695,89.91611,81.21757,4.828157,2.5872886
22.0,120.0,2011-03-01,2011-06-22,113,25,27.786133,28.678999,27.04024,84.98653,4.5364637,10.270583,88.660446,80.5311,5.523559,3.502847
25.0,120.0,2011-03-01,2011-06-22,113,25,27.295452,28.804716,26.129776,86.45681,3.9398077,4.866831,91.503944,79.65071,5.021479,2.6847305
24.0,121.0,2011-03-01,2011-06-22,113,25,25.717657,27.275776,24.344063,86.58437,2.3806326,5.641216,91.76549,79.88276,3.1673083,1.5523367
24.0,122.0,2011-03-01,2011-06-23,114,25,26.302828,27.264229,25.4629,86.057884,3.816646,6.578208,89.42656,82.005554,4.79876,2.6949668
24.0,120.0,2011-03-01,2011-06-23,114,25,27.536238,28.50042,26.750996,86.088066,4.335464,13.548426,89.64417,81.51312,5.494613,3.1649213
24.0,121.0,2011-03-01,2011-06-23,114,25,25.696526,27.285017,24.395039,86.64081,2.7073357,10.0562935,91.81783,79.972626,3.67824,1.7257035
23.0,122.0,2011-03-01,2011-06-23,114,25,26.391861,27.440203,25.525673,86.17958,4.5305805,7.9032764,89.52686,81.616486,5.500082,3.4978151
23.0,120.0,2011-03-01,2011-06-23,114,25,27.561665,28.632471,26.763453,85.80206,3.7760987,17.722622,89.35139,80.793236,4.722986,2.824372
25.0,122.0,2011-03-01,2011-06-23,114,25,28.040443,28.446255,27.612661,85.081505,4.7723775,3.280935,87.638695,82.674286,5.9785643,3.6913092
22.0,121.0,2011-03-01,2011-06-23,114,25,27.666208,28.587029,26.97564,85.20577,4.9429703,14.121243,88.18576,81.18257,5.964925,4.0622087
23.0,121.0,2011-03-01,2011-06-23,114,25,25.715212,27.419224,24.409674,86.364395,2.3705268,14.208823,91.37243,79.2589,3.170874,1.646985
22.0,122.0,2011-03-01,2011-06-23,114,25,28.3445,28.695213,27.98919,85.094055,6.9206886,7.7722087,87.00945,83.371025,8.117858,5.835755
25.0,121.0,2011-03-01,2011-06-23,114,25,27.445179,28.426298,26.590088,85.59291,4.0566373,6.7245398,89.65901,81.04814,5.0786195,3.0661852
25.0,120.0,2011-03-01,2011-06-23,114,25,27.201275,28.684996,26.077847,86.0063,4.2037396,8.340598,91.285576,79.17732,5.433481,3.1009345
22.0,120.0,2011-03-01,2011-06-23,114,25,27.73136,28.602808,26.987354,84.878944,4.758454,17.454214,88.46196,80.94428,5.8293867,3.8321412
23.0,122.0,2011-03-01,2011-06-24,115,25,26.394445,27.37948,25.53521,86.17949,4.5639606,8.5998,89.54582,82.05825,5.624123,3.4698324
22.0,121.0,2011-03-01,2011-06-24,115,25,27.556719,28.345566,26.877886,85.30935,5.050072,14.229985,88.58914,81.56683,6.326815,3.7823958
25.0,122.0,2011-03-01,2011-06-24,115,25,28.009487,28.397348,27.597141,85.2442,5.4480953,4.719436,87.542694,83.17075,6.6102734,4.367746
24.0,122.0,2011-03-01,2011-06-24,115,25,26.273315,27.161402,25.513027,86.424095,4.1717553,7.615758,89.60512,82.79935,5.389464,3.013545
23.0,120.0,2011-03-01,2011-06-24,115,25,27.470041,28.353008,26.800068,85.85025,3.94316,11.071719,89.34029,81.416725,5.104013,2.7237487
22.0,122.0,2011-03-01,2011-06-24,115,25,28.310354,28.708368,27.85303,84.85731,7.190704,9.290411,87.01065,82.94841,8.715304,5.663254
23.0,121.0,2011-03-01,2011-06-24,115,25,25.64277,27.121801,24.43329,86.704865,2.497048,13.51114,91.62235,80.30756,3.515794,1.6593474
25.0,121.0,2011-03-01,2011-06-24,115,25,27.422724,28.294052,26.632973,85.26242,4.125833,7.4164805,88.70556,81.46713,5.2347536,2.894932
22.0,120.0,2011-03-01,2011-06-24,115,25,27.640955,28.384974,27.02941,84.9122,4.704824,14.788914,87.91693,81.30619,5.926851,3.492317
25.0,120.0,2011-03-01,2011-06-24,115,25,27.131887,28.474445,26.02595,85.93222,4.0678096,7.5901256,90.99648,79.603806,5.2519965,2.6401796
24.0,120.0,2011-03-01,2011-06-24,115,25,27.496233,28.301006,26.818886,85.65298,4.413688,7.920475,88.78609,81.71043,5.5782933,3.1552687
24.0,121.0,2011-03-01,2011-06-24,115,25,25.675625,27.081964,24.481577,86.488464,2.802988,10.3483,90.9633,80.88596,3.7212968,1.8708943
23.0,121.0,2011-03-01,2011-06-25,116,25,25.635784,27.130844,24.369835,86.51414,2.2493289,9.246051,90.96316,80.584045,2.9729376,1.5883557
25.0,121.0,2011-03-01,2011-06-25,116,25,27.386456,28.267593,26.615307,85.472626,3.7640598,6.8191404,89.2161,81.3971,4.7806134,2.6926825
25.0,122.0,2011-03-01,2011-06-25,116,25,27.973347,28.303596,27.640982,85.15274,5.0285287,4.760276,87.353096,83.14429,6.227385,3.849409
24.0,122.0,2011-03-01,2011-06-25,116,25,26.227123,27.065092,25.438038,86.13107,3.786156,6.4454455,88.855774,82.880936,4.8179903,2.7161262
25.0,120.0,2011-03-01,2011-06-25,116,25,27.12921,28.555065,26.03747,86.26889,3.8878696,7.686608,91.41107,80.01535,5.0700965,2.704107
22.0,121.0,2011-03-01,2011-06-25,116,25,27.60255,28.371922,26.873257,84.99246,4.703924,9.276105,88.65615,81.14338,5.7777724,3.6081643
23.0,122.0,2011-03-01,2011-06-25,116,25,26.352201,27.271187,25.540258,85.81493,4.3866153,6.6923366,88.66444,82.13838,5.228396,3.6438668
23.0,120.0,2011-03-01,2011-06-25,116,25,27.534145,28.484234,26.756943,85.642235,3.486227,8.049154,89.48819,80.963806,4.483418,2.639756
22.0,122.0,2011-03-01,2011-06-25,116,25,28.320595,28.749449,27.823402,84.376884,6.773961,6.7095795,86.98866,82.052284,8.047042,5.7062
22.0,120.0,2011-03-01,2011-06-25,116,25,27.672606,28.427462,26.941212,84.70382,4.395271,8.637528,88.3532,80.988045,5.487926,3.2577374
24.0,120.0,2011-03-01,2011-06-25,116,25,27.520432,28.425049,26.782593,85.63995,3.8143706,7.3234463,89.23452,81.32608,5.0630217,2.7273905
24.0,121.0,2011-03-01,2011-06-25,116,25,25.629038,27.090649,24.38733,86.49585,2.4722517,8.520489,90.7787,80.908745,3.3386369,1.6679823
23.0,120.0,2011-03-01,2011-06-26,117,25,27.633062,28.675451,26.903637,85.42281,3.341469,5.940887,89.27456,79.92307,4.226718,2.442583
22.0,122.0,2011-03-01,2011-06-26,117,25,28.286848,28.717657,27.823624,85.26342,6.6613207,7.3272996,87.65422,82.91672,8.001001,5.3834248
25.0,121.0,2011-03-01,2011-06-26,117,25,27.510292,28.40087,26.76319,85.37378,4.299885,3.5849268,88.911835,81.07949,5.2322917,3.1757734
22.0,120.0,2011-03-01,2011-06-26,117,25,27.775986,28.656626,27.0548,84.734505,4.224814,7.518801,88.38674,80.325745,5.360703,3.1243079
25.0,122.0,2011-03-01,2011-06-26,117,25,28.060171,28.430748,27.657652,85.3297,5.2063227,2.4580653,87.692345,83.1658,6.42599,3.94857
23.0,122.0,2011-03-01,2011-06-26,117,25,26.401962,27.425747,25.532778,85.8396,4.4440365,5.2806435,89.49473,81.09597,5.2361298,3.591079
22.0,121.0,2011-03-01,2011-06-26,117,25,27.639126,28.57127,26.903881,85.276184,4.505776,9.380681,88.92344,80.688324,5.550199,3.5284681
24.0,122.0,2011-03-01,2011-06-26,117,25,26.305761,27.240583,25.514977,86.05002,3.658877,4.819371,89.648865,81.74111,4.6610775,2.6211424
23.0,121.0,2011-03-01,2011-06-26,117,25,25.755606,27.431778,24.45392,85.93795,2.2035747,7.3169274,91.10691,78.35901,2.9219787,1.5926719
25.0,120.0,2011-03-01,2011-06-26,117,25,27.285627,28.700539,26.306274,86.00527,4.307028,4.207181,90.60581,79.4339,5.3055058,3.1870987
24.0,120.0,2011-03-01,2011-06-26,117,25,27.61527,28.540771,26.930552,85.62778,4.0600543,4.5921607,88.95999,81.210236,5.011584,2.8917038
24.0,121.0,2011-03-01,2011-06-26,117,25,25.744957,27.290161,24.510126,86.12662,2.8288965,5.9654613,90.69914,79.69653,3.6837158,1.9735714
25.0,121.0,2011-03-01,2011-06-27,118,25,27.622242,28.629517,26.731216,85.61913,3.9343488,4.4513807,89.773636,80.94475,4.8723445,2.894585
22.0,120.0,2011-03-01,2011-06-27,118,25,27.782564,28.599636,27.022924,84.651924,4.614351,10.503776,88.04127,80.73508,6.0458117,3.2821445
22.0,122.0,2011-03-01,2011-06-27,118,25,28.342356,28.73183,27.95167,85.04342,7.301048,7.467133,87.31333,82.777725,8.43196,5.9386053
23.0,120.0,2011-03-01,2011-06-27,118,25,27.714811,28.75552,26.873096,85.28467,3.347749,7.7883234,89.23217,80.18443,4.504942,2.2642465
25.0,122.0,2011-03-01,2011-06-27,118,25,28.129768,28.537373,27.702309,85.72589,5.3111176,4.2763634,87.70589,83.56278,6.4952126,3.9733582
24.0,122.0,2011-03-01,2011-06-27,118,25,26.409523,27.408762,25.52126,86.133194,3.802851,5.7459254,89.30197,81.99663,4.798956,2.5570393
23.0,121.0,2011-03-01,2011-06-27,118,25,25.851019,27.534016,24.427656,85.70915,2.3412201,8.556902,91.12914,78.63931,3.1119976,1.5100996
22.0,121.0,2011-03-01,2011-06-27,118,25,27.697393,28.554258,26.915503,84.97458,4.9410124,9.515766,88.603546,80.87535,6.022892,3.7101374
24.0,120.0,2011-03-01,2011-06-27,118,25,27.748066,28.777563,26.923931,85.66128,3.7077124,5.163965,89.621544,80.8384,4.8040276,2.7451792
23.0,122.0,2011-03-01,2011-06-27,118,25,26.4945,27.565498,25.59309,85.69061,4.6340327,6.5230618,89.13212,81.088234,5.4650393,3.565953
24.0,121.0,2011-03-01,2011-06-27,118,25,25.8912,27.548426,24.487837,86.076164,2.5308251,5.932394,91.51266,79.10698,3.4029374,1.7264885
25.0,120.0,2011-03-01,2011-06-27,118,25,27.488274,29.04343,26.291567,85.83725,3.745795,5.2556705,91.69736,78.43706,4.78912,2.7435017
25.0,122.0,2011-03-01,2011-06-28,119,25,28.120935,28.450151,27.772455,85.07409,4.971109,3.011062,87.04238,83.03313,6.1241593,3.7933357
24.0,122.0,2011-03-01,2011-06-28,119,25,26.316399,27.234142,25.534117,86.115234,3.7594514,5.517024,89.45209,82.331055,4.943071,2.5987942
24.0,121.0,2011-03-01,2011-06-28,119,25,25.775017,27.307667,24.480494,86.342155,2.4483967,7.814684,91.2346,80.0715,3.276913,1.5542859
25.0,120.0,2011-03-01,2011-06-28,119,25,27.477886,29.025902,26.30684,85.861916,3.4265604,5.5745406,91.201065,78.56761,4.5381746,2.1629424
24.0,120.0,2011-03-01,2011-06-28,119,25,27.652954,28.53419,26.858759,86.00172,4.030133,6.141865,89.59937,81.76593,5.362534,2.7464106
23.0,122.0,2011-03-01,2011-06-28,119,25,26.398088,27.464556,25.523932,86.03686,4.3848042,8.351485,89.553055,81.32716,5.3259606,3.3519766
23.0,120.0,2011-03-01,2011-06-28,119,25,27.556486,28.49211,26.780376,86.04185,3.9944444,8.7012205,89.735146,81.41775,5.255011,2.8392673
23.0,121.0,2011-03-01,2011-06-28,119,25,25.671593,27.251362,24.360586,86.39981,2.5334501,10.380756,91.41995,79.73471,3.3975315,1.7130069
22.0,122.0,2011-03-01,2011-06-28,119,25,28.3275,28.779243,27.896187,85.108864,7.097512,9.519541,87.44628,82.45134,8.181993,5.7729015
22.0,121.0,2011-03-01,2011-06-28,119,25,27.599157,28.423822,26.857578,85.387375,5.252659,11.557971,88.93917,81.336006,6.227657,4.0611787
22.0,120.0,2011-03-01,2011-06-28,119,25,27.696365,28.507412,27.003267,84.95483,5.15077,10.969286,88.325584,81.01565,6.2558093,3.975855
25.0,121.0,2011-03-01,2011-06-28,119,25,27.590132,28.446352,26.766485,85.243614,3.6858802,5.27974,88.87635,81.46135,4.642426,2.6741967
25.0,120.0,2011-03-01,2011-06-29,120,25,27.476141,28.978567,26.370064,85.79413,3.9918616,5.3009753,90.41218,79.23684,5.027117,2.8271835
24.0,121.0,2011-03-01,2011-06-29,120,25,25.789268,27.273487,24.586773,86.30349,2.7410498,6.7346935,90.53919,80.50516,3.576694,1.9512061
24.0,122.0,2011-03-01,2011-06-29,120,25,26.294355,27.129833,25.55748,86.5073,3.6716037,6.349568,89.65088,82.97296,4.5660458,2.726214
25.0,122.0,2011-03-01,2011-06-29,120,25,28.152973,28.53191,27.76789,85.2002,4.8749137,3.52333,87.5074,83.06986,5.7201753,3.854271
22.0,121.0,2011-03-01,2011-06-29,120,25,27.603418,28.44881,26.869663,85.71712,5.138284,10.145188,89.14487,81.78871,6.036686,4.1784015
22.0,122.0,2011-03-01,2011-06-29,120,25,28.256271,28.69872,27.832993,85.78697,7.2259765,9.884107,87.98049,83.52125,8.482633,6.047836
23.0,122.0,2011-03-01,2011-06-29,120,25,26.3499,27.287432,25.555473,86.58176,4.42057,8.806383,89.75126,82.683586,5.292284,3.6345553
24.0,120.0,2011-03-01,2011-06-29,120,25,27.640657,28.542042,26.892475,85.85401,4.3038173,4.8586206,89.06607,81.8255,5.3731422,3.117597
25.0,121.0,2011-03-01,2011-06-29,120,25,27.658428,28.613575,26.822617,84.96787,3.9243567,3.9020507,88.5829,80.834724,4.771958,2.951602
23.0,121.0,2011-03-01,2011-06-29,120,25,25.69838,27.257391,24.491972,86.577774,2.274485,9.074019,91.1847,80.18585,3.0022144,1.6344186
22.0,120.0,2011-03-01,2011-06-29,120,25,27.731909,28.498589,27.077847,85.12947,4.6115017,8.834459,88.224785,81.594475,5.703264,3.5540369
23.0,120.0,2011-03-01,2011-06-29,120,25,27.556482,28.532253,26.809942,86.107025,3.8116138,7.1932178,89.70337,81.47303,4.780607,2.7193458
24.0,121.0,2011-03-01,2011-06-30,121,25,25.75607,27.207983,24.562963,86.533714,2.847322,11.550445,90.76668,81.128006,3.8275008,1.9837834
23.0,122.0,2011-03-01,2011-06-30,121,25,26.35818,27.297808,25.533682,86.82665,5.1773243,12.647705,89.8418,82.98257,6.3235445,3.9679766
24.0,120.0,2011-03-01,2011-06-30,121,25,27.569016,28.442392,26.86165,86.08834,4.4156175,7.903598,89.41186,81.94628,5.6912427,3.1808279
25.0,122.0,2011-03-01,2011-06-30,121,25,28.14373,28.553694,27.771143,85.47709,5.3462224,5.056001,87.698235,83.382706,6.530162,4.0457964
23.0,121.0,2011-03-01,2011-06-30,121,25,25.662745,27.153105,24.409264,86.708084,2.443871,15.829009,91.48515,80.80229,3.278804,1.7176354
25.0,121.0,2011-03-01,2011-06-30,121,25,27.563566,28.473366,26.826532,85.46171,4.402906,5.686648,88.886406,81.31319,5.248477,3.4004405
24.0,122.0,2011-03-01,2011-06-30,121,25,26.347305,27.206139,25.569702,86.52043,3.670533,10.898425,89.588104,83.230934,4.88145,2.4022954
25.0,120.0,2011-03-01,2011-06-30,121,25,27.397532,28.747828,26.439087,85.856834,4.3489203,7.0707746,90.44458,79.55506,5.321071,3.2463562
22.0,122.0,2011-03-01,2011-06-30,121,25,28.205477,28.605383,27.789976,86.112785,8.302124,12.067266,88.29544,84.00646,9.448233,6.9110146
22.0,121.0,2011-03-01,2011-06-30,121,25,27.508308,28.256819,26.820732,85.91975,5.616995,15.270386,89.304306,82.362335,6.671025,4.568811
23.0,120.0,2011-03-01,2011-06-30,121,25,27.482393,28.386858,26.728926,86.241425,3.9944282,12.172089,90.02158,81.82932,4.871117,3.0541897
22.0,120.0,2011-03-01,2011-06-30,121,25,27.583084,28.343216,26.871387,85.73704,4.96185,14.90036,89.117195,82.146515,6.0959,3.9096365
23.0,122.0,2011-03-01,2011-07-01,122,25,26.327524,27.219013,25.627226,86.94462,5.505037,13.909457,89.61371,83.25289,6.2789826,4.7162266
24.0,120.0,2011-03-01,2011-07-01,122,25,27.588951,28.488667,26.91734,86.25303,4.8041043,9.765016,89.4292,82.266884,5.925016,3.6026895
25.0,120.0,2011-03-01,2011-07-01,122,25,27.377693,28.674131,26.3884,86.64547,4.745621,8.061978,91.13218,81.0685,5.9324856,3.5306826
25.0,121.0,2011-03-01,2011-07-01,122,25,27.589983,28.519093,26.8356,85.56907,5.0357056,6.1009192,88.809074,81.92422,5.8751316,4.182054
22.0,120.0,2011-03-01,2011-07-01,122,25,27.482445,28.182257,26.861855,86.24966,5.456715,19.641115,89.163475,82.877754,6.4287095,4.44793
24.0,122.0,2011-03-01,2011-07-01,122,25,26.288218,27.116615,25.596376,86.93655,4.3313923,12.214054,89.586914,83.58253,5.449982,3.1988416
23.0,121.0,2011-03-01,2011-07-01,122,25,25.53507,26.955133,24.453379,87.53924,2.8811321,21.40412,91.49159,81.87792,3.7638884,2.1012778
23.0,120.0,2011-03-01,2011-07-01,122,25,27.41819,28.304462,26.778955,86.86838,4.3193693,17.276613,89.825195,82.58082,5.242042,3.3204052
22.0,121.0,2011-03-01,2011-07-01,122,25,27.423271,28.13338,26.83414,86.393456,5.700795,17.599947,88.97458,83.21766,6.6328316,4.8174148
25.0,122.0,2011-03-01,2011-07-01,122,25,28.154516,28.555902,27.74811,85.63256,6.1031523,4.4662623,87.623856,83.62876,7.1172776,4.9575596
22.0,122.0,2011-03-01,2011-07-01,122,25,28.217722,28.602827,27.790771,85.878174,8.339034,10.072628,87.77674,83.80926,9.248116,7.442496
24.0,121.0,2011-03-01,2011-07-01,122,25,25.712543,27.143023,24.569195,86.90838,3.3524692,13.880774,91.07074,81.530334,4.308098,2.519866
23.0,122.0,2011-03-01,2011-07-02,123,25,26.2882,27.242807,25.499737,87.42365,4.870972,9.745781,90.26552,83.44594,5.7850785,3.9005094
23.0,121.0,2011-03-01,2011-07-02,123,25,25.545107,26.986639,24.39347,87.82055,2.6186883,14.219509,92.11869,81.959076,3.4706008,1.8759513
25.0,120.0,2011-03-01,2011-07-02,123,25,27.306581,28.504858,26.342924,87.107376,4.277891,9.232177,91.63526,81.68712,5.3975835,3.1439514
24.0,120.0,2011-03-01,2011-07-02,123,25,27.507286,28.25688,26.87689,86.89781,4.5074735,8.106993,89.82888,83.32456,5.5419965,3.5138035
25.0,121.0,2011-03-01,2011-07-02,123,25,27.523298,28.323542,26.79704,85.930534,4.5627813,6.2988296,89.26309,82.14796,5.387529,3.8604205
22.0,122.0,2011-03-01,2011-07-02,123,25,28.257471,28.669312,27.8713,85.71353,7.3365583,6.8707275,87.60185,83.54997,8.467934,6.201874
25.0,122.0,2011-03-01,2011-07-02,123,25,28.104643,28.488789,27.722816,85.752556,5.4972377,4.2123437,87.71984,83.7809,6.452514,4.4528017
22.0,121.0,2011-03-01,2011-07-02,123,25,27.512535,28.231722,26.864996,86.036896,5.136078,11.363674,88.92529,82.71337,6.219389,4.2215977
23.0,120.0,2011-03-01,2011-07-02,123,25,27.43123,28.245176,26.770123,86.91541,4.074294,11.395263,89.88578,83.21714,5.0742564,3.147914
24.0,121.0,2011-03-01,2011-07-02,123,25,25.627996,26.974459,24.506147,87.78778,2.9026995,10.927573,92.08723,82.19043,3.7719204,2.1292737
24.0,122.0,2011-03-01,2011-07-02,123,25,26.220354,27.101746,25.497208,87.561806,3.944805,8.819882,90.32895,83.832214,4.756689,3.1240366
22.0,120.0,2011-03-01,2011-07-02,123,25,27.55588,28.201256,26.989033,85.853806,4.945746,12.819516,88.618164,82.88962,5.9977508,3.8915124
24.0,121.0,2011-03-01,2011-07-03,124,25,25.660606,27.03433,24.459282,87.50371,2.845921,9.670488,91.9691,81.77414,3.6388907,2.0290391
25.0,120.0,2011-03-01,2011-07-03,124,25,27.258163,28.548273,26.229097,87.36437,3.8313906,7.540809,91.79421,81.78937,4.964928,2.7461784
25.0,121.0,2011-03-01,2011-07-03,124,25,27.470703,28.313852,26.695995,86.18534,4.0178056,6.6483216,89.43897,82.513626,4.9750414,3.0036068
24.0,122.0,2011-03-01,2011-07-03,124,25,26.255033,27.07251,25.533794,87.06582,3.8408105,7.989729,90.00425,83.22943,4.7248316,2.9388893
23.0,121.0,2011-03-01,2011-07-03,124,25,25.586641,27.033316,24.360996,87.46056,2.5105114,12.2771435,92.15368,80.90707,3.1673975,1.9719937
23.0,120.0,2011-03-01,2011-07-03,124,25,27.415993,28.346865,26.65811,86.92598,3.945464,9.780344,90.486534,82.25349,4.5766673,3.2871232
22.0,121.0,2011-03-01,2011-07-03,124,25,27.438452,28.205103,26.758501,86.19088,4.9417477,11.9181,89.086624,82.5065,5.7493334,4.094182
22.0,122.0,2011-03-01,2011-07-03,124,25,28.18108,28.531055,27.830507,85.622284,7.063498,10.064613,87.34344,83.75618,8.102924,5.9519434
25.0,122.0,2011-03-01,2011-07-03,124,25,28.053972,28.413956,27.710571,85.806465,5.1179404,4.9802294,87.742966,83.832146,5.9262524,4.188538
23.0,122.0,2011-03-01,2011-07-03,124,25,26.327581,27.198912,25.540377,86.80672,4.637573,10.426252,89.826096,82.87197,5.4071345,3.8261518
24.0,120.0,2011-03-01,2011-07-03,124,25,27.483486,28.348373,26.7408,86.97797,4.298106,7.1819215,90.26258,82.9188,5.163553,3.4125364
22.0,120.0,2011-03-01,2011-07-03,124,25,27.52232,28.279976,26.889912,85.78977,4.6192613,12.331002,88.82625,82.100784,5.3650007,3.8365455
24.0,120.0,2011-03-01,2011-07-04,125,25,27.467352,28.268845,26.793482,86.2148,4.8384576,6.2012877,89.28419,82.55426,5.8418345,3.6617858
25.0,120.0,2011-03-01,2011-07-04,125,25,27.244802,28.499825,26.287222,86.61262,4.4643025,5.913356,90.7272,81.26317,5.542907,3.334718
24.0,122.0,2011-03-01,2011-07-04,125,25,26.181076,27.043404,25.455982,87.19438,4.392236,10.486559,89.83353,83.77483,5.5647945,3.0052924
23.0,122.0,2011-03-01,2011-07-04,125,25,26.279573,27.258467,25.439732,86.71055,4.8264794,10.294757,89.67973,82.80004,5.9022193,3.734549
25.0,121.0,2011-03-01,2011-07-04,125,25,27.422186,28.25661,26.694199,85.7929,4.417089,5.527764,88.89293,82.15219,5.26071,3.5369425
22.0,121.0,2011-03-01,2011-07-04,125,25,27.483496,28.224695,26.819057,85.636795,4.9199233,11.800799,88.87316,81.96755,5.9787865,3.7192237
23.0,121.0,2011-03-01,2011-07-04,125,25,25.50818,26.969353,24.328886,87.39023,2.6284008,13.688918,91.698906,81.62042,3.5009735,1.7705667
24.0,121.0,2011-03-01,2011-07-04,125,25,25.588848,26.968758,24.41317,87.065475,3.111049,9.72057,91.140686,81.95596,4.008394,2.1992524
23.0,120.0,2011-03-01,2011-07-04,125,25,27.393526,28.241718,26.728003,86.5045,4.2379823,10.167192,89.71374,82.31435,5.361224,3.0564227
22.0,122.0,2011-03-01,2011-07-04,125,25,28.256489,28.65918,27.82074,85.03946,7.1383734,8.384208,87.38379,82.758896,8.24271,6.14204
22.0,120.0,2011-03-01,2011-07-04,125,25,27.548578,28.25475,26.942461,85.437706,4.7262044,12.953601,88.3489,82.13372,5.961637,3.4474945
25.0,122.0,2011-03-01,2011-07-04,125,25,28.003,28.348272,27.65537,85.94281,5.56807,6.3132887,87.74229,83.9942,6.534129,4.4328914
22.0,120.0,2011-03-01,2011-07-05,126,25,27.668457,28.517324,26.958735,85.255585,4.7048435,11.441078,88.71456,81.21618,5.62769,3.804709
23.0,120.0,2011-03-01,2011-07-05,126,25,27.481916,28.439913,26.770752,86.28069,4.208319,12.00123,89.88591,81.4306,5.1313457,3.2875266
22.0,121.0,2011-03-01,2011-07-05,126,25,27.569408,28.395569,26.893955,85.579,4.9976993,10.650826,88.885925,81.64466,5.9593067,4.065298
22.0,122.0,2011-03-01,2011-07-05,126,25,28.311373,28.669422,27.930004,85.184784,7.0604596,6.347086,87.11169,83.13586,8.139233,5.866318
25.0,122.0,2011-03-01,2011-07-05,126,25,28.105913,28.422203,27.788408,85.56207,5.363929,4.176521,87.47654,83.914215,6.4778385,4.3624363
25.0,121.0,2011-03-01,2011-07-05,126,25,27.536047,28.39244,26.836441,85.5548,4.503644,4.2796755,88.85618,81.93498,5.494524,3.4997265
24.0,121.0,2011-03-01,2011-07-05,126,25,25.676147,27.176416,24.493896,86.88347,3.0401335,9.145243,91.43953,80.61131,3.9881082,2.1416376
24.0,122.0,2011-03-01,2011-07-05,126,25,26.257301,27.172613,25.535341,86.8379,3.9391675,9.02424,89.86988,82.92717,4.9762397,2.9029891
23.0,121.0,2011-03-01,2011-07-05,126,25,25.61567,27.212236,24.375328,86.986015,2.5569968,13.3626175,91.89088,79.93772,3.3705063,1.8373739
25.0,120.0,2011-03-01,2011-07-05,126,25,27.32099,28.618925,26.395855,86.360115,4.627018,7.4777613,90.761955,80.55646,5.759284,3.6211884
23.0,122.0,2011-03-01,2011-07-05,126,25,26.35593,27.355976,25.54706,86.50294,4.673579,9.081305,89.92471,81.98989,5.6543036,3.6450238
24.0,120.0,2011-03-01,2011-07-05,126,25,27.535948,28.395601,26.858364,86.197685,4.8225513,7.7856846,89.38865,82.104805,5.820753,3.7295094
25.0,122.0,2011-03-01,2011-07-06,127,25,28.182768,28.553171,27.820196,85.731094,5.416708,4.7499804,87.81773,83.75722,6.4582787,4.439267
23.0,120.0,2011-03-01,2011-07-06,127,25,27.616505,28.562572,26.902456,86.23719,3.7085586,8.18947,89.92104,81.41407,4.7359056,2.670538
22.0,122.0,2011-03-01,2011-07-06,127,25,28.338694,28.70752,27.987288,85.51173,6.791149,10.728985,87.5031,83.56526,8.019356,5.493502
22.0,121.0,2011-03-01,2011-07-06,127,25,27.632423,28.45038,26.947838,85.68931,4.6935444,12.777177,88.96082,81.76733,5.6818676,3.6216924
23.0,122.0,2011-03-01,2011-07-06,127,25,26.450056,27.487776,25.674156,86.80235,4.4638467,12.5602,89.81174,82.576546,5.490115,3.4434435
23.0,121.0,2011-03-01,2011-07-06,127,25,25.745564,27.3502,24.539845,87.05009,2.2726738,14.587632,91.75857,80.379944,3.0942767,1.4589809
24.0,120.0,2011-03-01,2011-07-06,127,25,27.692041,28.59457,26.974741,86.10146,4.7290454,5.2033205,89.61026,82.00144,5.851602,3.516098
25.0,120.0,2011-03-01,2011-07-06,127,25,27.439138,28.868652,26.367598,86.27255,5.122275,5.3470545,91.10418,80.06371,6.190118,3.683041
25.0,121.0,2011-03-01,2011-07-06,127,25,27.627897,28.52817,26.815987,85.71953,4.6423564,5.012125,89.28754,82.04284,5.6363893,3.441928
22.0,120.0,2011-03-01,2011-07-06,127,25,27.733301,28.547373,27.07129,85.32388,4.1638474,11.013264,88.6814,81.32128,5.373419,2.8860855
24.0,122.0,2011-03-01,2011-07-06,127,25,26.393711,27.343779,25.669209,86.86242,3.9344642,11.29616,89.92087,83.04552,4.8793015,2.9365678
24.0,121.0,2011-03-01,2011-07-06,127,25,25.8276,27.389282,24.614029,86.89373,3.2332602,11.570046,91.42711,80.945854,4.212244,2.126989
22.0,122.0,2011-03-01,2011-07-07,128,25,28.39286,28.839605,27.91122,84.877655,6.236845,7.4280105,87.275085,82.548096,7.4833217,4.859659
25.0,122.0,2011-03-01,2011-07-07,128,25,28.154438,28.482037,27.795435,85.81368,5.395297,4.987667,87.79947,83.961784,6.6195703,4.234407
22.0,121.0,2011-03-01,2011-07-07,128,25,27.719942,28.640669,26.946728,85.00815,4.482668,11.791251,88.70015,80.56484,5.4026027,3.4837286
23.0,120.0,2011-03-01,2011-07-07,128,25,27.683382,28.74148,26.87638,85.65059,3.2210374,10.962393,89.79204,80.54973,4.44506,2.108632
23.0,122.0,2011-03-01,2011-07-07,128,25,26.418419,27.378325,25.603716,86.59452,4.0361724,12.661002,89.75751,82.57715,5.12327,2.920035
23.0,121.0,2011-03-01,2011-07-07,128,25,25.747149,27.303082,24.539682,86.800186,2.1781356,17.008997,91.58495,80.06702,2.9618196,1.4475979
24.0,120.0,2011-03-01,2011-07-07,128,25,27.728378,28.64257,26.954552,85.94161,4.080125,7.1466274,89.94137,81.835754,5.2447734,2.8346682
25.0,120.0,2011-03-01,2011-07-07,128,25,27.504288,28.955917,26.443281,86.194115,4.2348185,7.2244544,91.214645,79.652626,5.3360524,2.788341
22.0,120.0,2011-03-01,2011-07-07,128,25,27.761093,28.63345,27.073877,84.65238,4.179736,14.883289,88.11845,80.4538,5.2938666,3.02741
24.0,121.0,2011-03-01,2011-07-07,128,25,25.798838,27.206938,24.625626,87.070206,2.7294695,13.170954,91.87007,81.458694,3.624796,1.8741503
25.0,121.0,2011-03-01,2011-07-07,128,25,27.627022,28.466362,26.859858,85.94285,4.3001704,6.0493727,89.48826,82.38723,5.2919073,3.3032632
24.0,122.0,2011-03-01,2011-07-07,128,25,26.337143,27.116596,25.617676,86.89363,3.8374033,12.089556,89.98091,83.5453,4.7902346,2.9233286
24.0,121.0,2011-03-01,2011-07-08,129,25,25.730024,27.163467,24.525747,86.70348,2.3691726,7.456489,91.565384,80.75071,3.204255,1.4696982
22.0,120.0,2011-03-01,2011-07-08,129,25,27.735764,28.542366,27.030664,84.79367,4.2659893,9.482091,87.97478,81.14441,5.4373174,3.1570158
24.0,122.0,2011-03-01,2011-07-08,129,25,26.258755,27.153603,25.459478,86.46269,3.6639,6.81135,89.689445,82.55863,4.6916776,2.6561964
25.0,121.0,2011-03-01,2011-07-08,129,25,27.590696,28.461298,26.83641,85.35655,3.7919629,3.9834228,89.05212,81.22816,4.837058,2.7046554
23.0,121.0,2011-03-01,2011-07-08,129,25,25.695635,27.28161,24.439995,86.57668,2.0999997,9.475674,91.441086,80.07806,2.9108884,1.3269864
23.0,122.0,2011-03-01,2011-07-08,129,25,26.360666,27.349014,25.504848,85.983955,3.6991363,7.854734,89.54217,81.64462,4.831018,2.6091387
25.0,120.0,2011-03-01,2011-07-08,129,25,27.433184,28.79412,26.42877,86.27209,3.5258307,6.054192,91.1439,79.95061,4.647078,2.399622
24.0,120.0,2011-03-01,2011-07-08,129,25,27.702864,28.598473,26.964546,85.6863,3.6973212,4.6049194,89.59588,81.26779,4.7799892,2.5975187
23.0,120.0,2011-03-01,2011-07-08,129,25,27.675484,28.70057,26.899902,85.55456,3.4173322,6.605504,89.24957,80.74591,4.501034,2.2502942
25.0,122.0,2011-03-01,2011-07-08,129,25,28.109097,28.495981,27.678852,85.17464,5.07215,3.350796,87.503395,82.814835,6.1395845,3.997622
22.0,121.0,2011-03-01,2011-07-08,129,25,27.695185,28.587675,26.920908,84.819336,4.129398,10.691046,88.34251,80.81954,5.143417,3.1512344
22.0,122.0,2011-03-01,2011-07-08,129,25,28.361845,28.757587,27.94677,84.29406,5.578064,9.059104,86.630936,82.0221,6.837804,4.313645
23.0,121.0,2011-03-01,2011-07-09,130,25,25.633247,27.095537,24.483139,86.7725,2.1035798,11.188145,91.248,80.55062,2.6868253,1.5305684
23.0,122.0,2011-03-01,2011-07-09,130,25,26.2857,27.181992,25.544825,86.31235,3.5451224,8.603168,89.23545,82.47253,4.544955,2.5041087
25.0,120.0,2011-03-01,2011-07-09,130,25,27.415352,28.792767,26.402657,86.18772,3.5418758,4.1209035,90.82454,79.714836,4.647157,2.4027407
24.0,120.0,2011-03-01,2011-07-09,130,25,27.655895,28.608042,26.906645,85.760605,3.6566849,4.6859264,89.50965,80.9806,4.7725224,2.5816343
25.0,122.0,2011-03-01,2011-07-09,130,25,28.14353,28.550142,27.71127,84.81557,5.0931993,3.180044,87.28272,82.38724,6.0216784,4.0952415
23.0,120.0,2011-03-01,2011-07-09,130,25,27.590708,28.57809,26.836489,85.70797,3.4255002,8.109844,89.30333,80.90231,4.3891473,2.456673
22.0,122.0,2011-03-01,2011-07-09,130,25,28.231539,28.656672,27.82145,84.95994,5.4130526,9.299431,87.01018,82.76001,6.602332,4.270879
22.0,121.0,2011-03-01,2011-07-09,130,25,27.577452,28.447315,26.853775,85.35884,4.171197,11.909281,88.58713,81.3393,4.990137,3.3125799
24.0,122.0,2011-03-01,2011-07-09,130,25,26.262327,27.087208,25.549566,86.26961,3.5701401,7.625828,89.08754,82.71735,4.459581,2.6977415
25.0,121.0,2011-03-01,2011-07-09,130,25,27.59728,28.546228,26.775284,85.30054,3.7764902,3.3071496,89.35691,80.58399,4.6485353,2.7492564
24.0,121.0,2011-03-01,2011-07-09,130,25,25.70533,27.132944,24.57435,86.81374,2.2714663,7.7652893,91.28122,80.80703,3.223349,1.4320531
22.0,120.0,2011-03-01,2011-07-09,130,25,27.641594,28.401682,26.977345,85.21131,4.270015,13.030041,88.361145,81.60101,5.174684,3.17731
24.0,121.0,2011-03-01,2011-07-10,131,25,25.644115,27.06953,24.519678,86.82395,2.1407535,8.167511,91.0257,81.19647,3.0830216,1.3406581
22.0,120.0,2011-03-01,2011-07-10,131,25,27.556728,28.244448,26.918207,85.41811,4.183292,9.088214,88.532425,81.96212,5.158303,3.1676004
24.0,122.0,2011-03-01,2011-07-10,131,25,26.31041,27.114325,25.606386,85.94285,3.2908556,5.8973145,88.76584,82.73745,4.3136535,2.1960485
25.0,121.0,2011-03-01,2011-07-10,131,25,27.547598,28.52666,26.745756,85.41684,3.7246134,5.000687,89.199455,81.05862,4.734079,2.7185764
24.0,120.0,2011-03-01,2011-07-10,131,25,27.516464,28.46466,26.781977,86.111084,3.5025058,6.375659,89.45081,81.565186,4.6905837,2.3569264
25.0,120.0,2011-03-01,2011-07-10,131,25,27.327559,28.774956,26.261778,86.24084,3.1800046,5.9441357,91.10258,79.5585,4.460614,2.0145252
23.0,122.0,2011-03-01,2011-07-10,131,25,26.285194,27.17421,25.508936,85.981026,3.3144803,6.8206067,89.02158,82.29523,4.242352,2.3467884
23.0,121.0,2011-03-01,2011-07-10,131,25,25.600933,26.992266,24.45855,86.6372,1.9942567,9.45674,91.02054,80.95132,2.8066201,1.2804425
22.0,121.0,2011-03-01,2011-07-10,131,25,27.475014,28.248379,26.78793,85.6928,4.031687,9.637987,88.945724,81.757965,4.79845,3.2445626
22.0,122.0,2011-03-01,2011-07-10,131,25,28.1611,28.615137,27.684647,85.11143,5.2797565,6.988141,87.767235,82.47821,6.403166,4.2509465
23.0,120.0,2011-03-01,2011-07-10,131,25,27.479708,28.391119,26.750566,85.9188,3.2503202,7.658618,89.4512,81.3391,4.333995,2.160814
25.0,122.0,2011-03-01,2011-07-10,131,25,28.202444,28.59289,27.79461,84.59219,4.932672,2.753064,86.91615,82.55008,5.9995704,3.7605839
23.0,120.0,2011-03-01,2011-07-11,132,25,27.620413,28.697695,26.911139,85.17331,2.9257858,6.386632,88.77308,79.85909,3.8810139,2.0165005
22.0,120.0,2011-03-01,2011-07-11,132,25,27.694859,28.542225,27.094614,84.57426,4.179359,8.506841,87.52488,80.64038,5.0735393,3.3358576
25.0,122.0,2011-03-01,2011-07-11,132,25,28.247442,28.651299,27.803745,84.28561,4.841209,2.8920667,86.71899,82.22195,5.7622805,3.8392549
22.0,122.0,2011-03-01,2011-07-11,132,25,28.218578,28.713219,27.715298,84.543945,5.744718,7.306135,87.23333,81.85218,6.914864,4.1973577
24.0,122.0,2011-03-01,2011-07-11,132,25,26.338125,27.213964,25.53333,85.04966,3.1140356,5.7265234,88.32428,81.41068,4.0508924,2.2222273
24.0,121.0,2011-03-01,2011-07-11,132,25,25.724302,27.216719,24.529907,85.859924,2.1973908,6.108468,90.56015,79.37323,3.0607405,1.3948979
25.0,121.0,2011-03-01,2011-07-11,132,25,27.64501,28.618946,26.848082,85.03261,3.7898858,3.2596498,89.00879,80.323235,4.636586,2.8256295
24.0,120.0,2011-03-01,2011-07-11,132,25,27.644403,28.621347,26.924545,85.42511,3.342166,3.9940553,89.265915,80.488594,4.366247,2.4116616
22.0,121.0,2011-03-01,2011-07-11,132,25,27.581692,28.477749,26.90041,84.95511,4.202381,9.175329,87.99499,80.63043,5.115779,3.262526
23.0,121.0,2011-03-01,2011-07-11,132,25,25.69344,27.275318,24.50518,85.603035,1.9908233,8.506062,90.14275,78.871864,2.6970077,1.3609931
25.0,120.0,2011-03-01,2011-07-11,132,25,27.494295,29.039028,26.377222,85.696335,3.425466,4.4005527,91.33701,78.25909,4.4153056,2.5389614
23.0,122.0,2011-03-01,2011-07-11,132,25,26.328926,27.302753,25.527637,85.12074,3.5925186,6.648165,88.51364,80.88348,4.614523,2.451999
22.0,122.0,2011-03-01,2011-07-12,133,25,28.173077,28.644192,27.708813,85.28625,6.3112664,12.478502,87.56087,82.91301,7.55901,4.810666
23.0,120.0,2011-03-01,2011-07-12,133,25,27.621967,28.747007,26.79582,85.058205,3.4030807,13.025232,88.70144,79.693184,4.4008646,2.358477
23.0,122.0,2011-03-01,2011-07-12,133,25,26.295822,27.328886,25.435566,85.74019,4.122072,10.627615,89.210495,81.3729,5.1503215,2.9004743
25.0,121.0,2011-03-01,2011-07-12,133,25,27.69069,28.653336,26.845528,85.0337,4.107893,4.3731923,88.8749,80.46001,4.9806337,3.2375596
23.0,121.0,2011-03-01,2011-07-12,133,25,25.676931,27.34646,24.429716,85.760635,2.2342732,14.301938,90.666084,78.75779,3.0846927,1.547463
22.0,121.0,2011-03-01,2011-07-12,133,25,27.552708,28.459375,26.781567,85.22947,4.580465,16.179832,88.838455,80.96861,5.530952,3.7092872
22.0,120.0,2011-03-01,2011-07-12,133,25,27.681973,28.52388,26.96665,84.58101,4.446085,14.12432,87.88624,80.71843,5.5080895,3.4674497
25.0,122.0,2011-03-01,2011-07-12,133,25,28.314573,28.692507,27.920557,83.99432,5.368873,2.7995543,86.3789,81.92203,6.403606,4.2059746
24.0,120.0,2011-03-01,2011-07-12,133,25,27.670631,28.681734,26.85381,85.53037,3.7539396,8.485283,89.17593,80.6469,4.869312,2.5094101
25.0,120.0,2011-03-01,2011-07-12,133,25,27.518291,28.943674,26.424814,85.84072,3.7080185,6.8097143,90.65783,79.33147,5.0069027,2.6076167
24.0,121.0,2011-03-01,2011-07-12,133,25,25.732454,27.279663,24.49794,86.20914,2.4436326,9.755415,90.96642,79.66861,3.430321,1.5360032
24.0,122.0,2011-03-01,2011-07-12,133,25,26.367865,27.266592,25.61028,85.09625,3.6077087,8.155544,88.32599,81.37439,4.586407,2.583967
24.0,122.0,2011-03-01,2011-07-13,134,25,26.350039,27.19805,25.64458,86.12205,3.6852405,7.237295,89.14052,82.56177,4.7510905,2.6266708
25.0,121.0,2011-03-01,2011-07-13,134,25,27.60493,28.544697,26.820663,85.35675,3.8035874,4.9156837,89.11843,81.255974,4.798279,2.8598585
25.0,120.0,2011-03-01,2011-07-13,134,25,27.4203,28.781763,26.435894,86.02232,3.8219526,7.2342544,90.80621,79.747345,4.941578,2.8644562
24.0,120.0,2011-03-01,2011-07-13,134,25,27.632034,28.598345,26.943422,85.4636,3.6914315,6.5471544,88.8765,80.835655,4.7586575,2.797166
24.0,121.0,2011-03-01,2011-07-13,134,25,25.727198,27.194063,24.603994,86.664314,2.4878974,8.184409,91.269424,80.980705,3.4234338,1.6776577
23.0,122.0,2011-03-01,2011-07-13,134,25,26.310268,27.222994,25.55415,86.13577,4.0026345,8.114224,89.218216,82.55421,5.0177126,3.089733
23.0,120.0,2011-03-01,2011-07-13,134,25,27.595798,28.613865,26.907358,85.26647,3.3366652,9.167842,88.46961,80.42187,4.214919,2.5256534
22.0,122.0,2011-03-01,2011-07-13,134,25,28.14422,28.58147,27.662207,85.046394,6.1697865,8.215238,87.47534,82.87506,7.2473164,4.9809976
22.0,121.0,2011-03-01,2011-07-13,134,25,27.516455,28.27958,26.849678,85.30768,4.397745,10.926116,88.19638,81.83193,5.3436866,3.4274542
25.0,122.0,2011-03-01,2011-07-13,134,25,28.216745,28.61464,27.814312,84.873184,4.9748325,3.9906898,87.08017,82.824745,6.1124043,3.817202
22.0,120.0,2011-03-01,2011-07-13,134,25,27.626043,28.39194,26.958515,85.03792,4.4323573,11.1263075,88.02724,81.465324,5.4498773,3.4709888
23.0,121.0,2011-03-01,2011-07-13,134,25,25.68406,27.206455,24.581856,86.47336,2.3096113,10.814258,90.9923,80.55463,3.0826273,1.6610403
22.0,122.0,2011-03-01,2011-07-14,135,25,28.233887,28.654839,27.764145,84.67415,5.701187,8.4436865,86.99282,82.60023,6.7467937,4.521112
23.0,120.0,2011-03-01,2011-07-14,135,25,27.53127,28.418272,26.839863,86.03297,3.5159464,9.881523,89.27122,81.9285,4.444145,2.7466857
22.0,121.0,2011-03-01,2011-07-14,135,25,27.512972,28.273705,26.851816,85.61165,4.1496263,11.6953335,88.631836,82.3232,5.002815,3.155979
22.0,120.0,2011-03-01,2011-07-14,135,25,27.603765,28.312098,26.990917,85.4738,4.5182033,11.155179,88.37065,82.28324,5.3980017,3.5410426
23.0,122.0,2011-03-01,2011-07-14,135,25,26.344536,27.298164,25.538599,86.24219,3.7378464,7.797936,89.331276,82.6384,4.6287794,2.882602
25.0,120.0,2011-03-01,2011-07-14,135,25,27.338516,28.606209,26.365864,86.460625,3.534175,5.885393,91.19863,80.5729,4.530153,2.5189707
23.0,121.0,2011-03-01,2011-07-14,135,25,25.625513,27.084122,24.455156,87.26279,2.1685777,11.033733,91.54632,81.819046,2.795237,1.58655
25.0,122.0,2011-03-01,2011-07-14,135,25,28.225306,28.602749,27.816156,84.75851,4.4923906,3.0390234,87.205605,82.717,5.772673,3.3560107
24.0,120.0,2011-03-01,2011-07-14,135,25,27.61232,28.44999,26.938858,85.8504,3.7443833,6.120835,89.15663,81.94995,4.756994,2.7904005
24.0,122.0,2011-03-01,2011-07-14,135,25,26.342995,27.185596,25.594019,86.49449,3.5367827,6.1268044,89.49876,83.250824,4.501225,2.5411313
24.0,121.0,2011-03-01,2011-07-14,135,25,25.713276,27.121939,24.553583,87.071846,2.2820945,7.2747316,91.44433,81.700134,3.0805607,1.541763
25.0,121.0,2011-03-01,2011-07-14,135,25,27.606627,28.45475,26.853838,85.27737,3.3780758,4.163589,88.95113,81.30661,4.261492,2.434182
25.0,121.0,2011-03-01,2011-07-15,136,25,27.603327,28.426096,26.867203,85.666405,3.0685513,4.2095213,89.18729,81.963165,3.9633744,2.1126673
22.0,120.0,2011-03-01,2011-07-15,136,25,27.591309,28.241255,27.001606,85.410736,4.1200004,11.314925,88.25657,82.34545,5.1937466,3.0903661
24.0,122.0,2011-03-01,2011-07-15,136,25,26.409575,27.303896,25.7067,86.279465,3.4359546,6.2305517,88.89407,83.03337,4.4318786,2.5154715
24.0,121.0,2011-03-01,2011-07-15,136,25,25.76893,27.221176,24.574024,86.99497,2.0976532,7.551804,91.5665,81.46938,2.8367462,1.342402
23.0,121.0,2011-03-01,2011-07-15,136,25,25.69234,27.172052,24.518808,86.987274,2.0610247,10.667041,91.34027,81.383675,2.82844,1.4119776
23.0,122.0,2011-03-01,2011-07-15,136,25,26.46996,27.440947,25.696997,85.601494,3.5567968,7.6538987,88.68308,81.84047,4.330616,2.717353
25.0,120.0,2011-03-01,2011-07-15,136,25,27.35316,28.656923,26.343922,86.556366,3.0623505,5.6192775,91.27282,80.65209,4.0126925,2.0547886
24.0,120.0,2011-03-01,2011-07-15,136,25,27.601955,28.451275,26.941734,85.94751,3.5057032,5.358816,89.29702,81.86924,4.4752364,2.5690048
25.0,122.0,2011-03-01,2011-07-15,136,25,28.232573,28.571392,27.902485,85.012634,4.3784957,2.9068713,86.77853,83.23522,5.443957,3.2577872
22.0,121.0,2011-03-01,2011-07-15,136,25,27.589897,28.262667,26.950787,85.13881,4.10199,12.198719,88.10584,81.99139,5.088515,3.1801999
23.0,120.0,2011-03-01,2011-07-15,136,25,27.531431,28.41421,26.898554,85.93369,3.3944018,8.472215,89.121414,81.69311,4.3658233,2.4811983
22.0,122.0,2011-03-01,2011-07-15,136,25,28.369665,28.804634,27.958794,83.852776,5.441043,9.172588,86.06445,81.58858,6.5417366,4.401829
25.0,122.0,2011-03-01,2011-07-16,137,25,28.42935,28.812284,28.027666,84.36366,4.4037104,2.6021252,86.65634,82.29498,5.5060506,3.3616474
25.0,120.0,2011-03-01,2011-07-16,137,25,27.501104,28.966894,26.430517,86.56878,3.3490896,3.7253246,91.77036,79.90952,4.1611247,2.5300908
24.0,122.0,2011-03-01,2011-07-16,137,25,26.477049,27.304716,25.755136,85.85131,3.1481428,6.6186867,88.72413,82.578575,4.077769,2.1262634
24.0,121.0,2011-03-01,2011-07-16,137,25,25.800364,27.223095,24.594873,87.070404,2.0745015,7.2267504,91.80613,81.4637,2.8590052,1.4874904
23.0,122.0,2011-03-01,2011-07-16,137,25,26.462685,27.364468,25.672007,86.07878,3.6273062,8.121216,89.48918,82.31686,4.353846,2.8053982
23.0,121.0,2011-03-01,2011-07-16,137,25,25.731377,27.237328,24.552885,86.97667,1.8743832,10.16238,91.49219,81.11098,2.529278,1.2520998
24.0,120.0,2011-03-01,2011-07-16,137,25,27.688566,28.544422,26.983398,86.042725,3.460665,4.6153674,89.66208,81.84953,4.408028,2.5464585
23.0,120.0,2011-03-01,2011-07-16,137,25,27.625679,28.563442,26.931372,85.94524,3.1836047,7.5494776,89.42374,81.44056,4.132402,2.273432
22.0,121.0,2011-03-01,2011-07-16,137,25,27.642118,28.402554,27.03834,85.45491,4.0674243,9.589119,88.46557,81.97188,4.8330884,3.3854487
25.0,121.0,2011-03-01,2011-07-16,137,25,27.764448,28.671947,26.9865,85.50011,3.4436042,3.1840942,89.58576,81.45754,4.2356005,2.6714132
22.0,122.0,2011-03-01,2011-07-16,137,25,28.37532,28.77987,27.971542,84.64547,5.757507,7.529646,86.85488,82.67651,6.610417,4.7665176
22.0,120.0,2011-03-01,2011-07-16,137,25,27.702173,28.415152,27.114195,85.21913,3.9110885,10.695077,88.03997,81.9375,4.725288,3.1471653
24.0,121.0,2011-03-01,2011-07-17,138,25,25.836721,27.291592,24.620455,86.73196,2.2095685,5.5185523,91.49926,80.86398,3.1506598,1.3741102
24.0,122.0,2011-03-01,2011-07-17,138,25,26.506521,27.321138,25.794956,85.3244,3.0901334,4.874319,88.39881,81.8123,3.9203348,2.2433648
25.0,121.0,2011-03-01,2011-07-17,138,25,27.77415,28.689995,26.974834,85.77263,3.4867337,3.2569017,89.63315,81.74228,4.41638,2.5999014
25.0,122.0,2011-03-01,2011-07-17,138,25,28.432243,28.789639,28.053505,84.44807,4.4742002,2.6279383,86.757774,82.40702,5.473128,3.5534143
23.0,120.0,2011-03-01,2011-07-17,138,25,27.648237,28.631401,26.899014,85.87405,3.1595004,5.7501955,89.44267,81.15847,4.0695686,2.3266163
23.0,121.0,2011-03-01,2011-07-17,138,25,25.74763,27.234795,24.556215,86.438156,1.7731243,7.174126,90.9397,80.31483,2.4005134,1.2808328
24.0,120.0,2011-03-01,2011-07-17,138,25,27.731012,28.693413,26.969166,86.16506,3.680854,4.0979676,89.84396,81.698265,4.8214746,2.6674345
23.0,122.0,2011-03-01,2011-07-17,138,25,26.516863,27.403408,25.71737,85.69797,3.5250409,5.233523,88.82803,81.90127,4.3234835,2.7685366
25.0,120.0,2011-03-01,2011-07-17,138,25,27.595928,29.096825,26.49544,86.483185,3.5528326,3.6417298,91.5263,79.90829,4.6200886,2.4396276
22.0,122.0,2011-03-01,2011-07-17,138,25,28.481125,28.906075,28.030912,84.596344,6.0311346,5.197826,86.97307,82.32873,7.072156,4.9872556
22.0,121.0,2011-03-01,2011-07-17,138,25,27.709661,28.57522,27.000767,85.25827,4.3587685,7.150037,88.39956,81.336815,5.2460604,3.5270517
22.0,120.0,2011-03-01,2011-07-17,138,25,27.7171,28.52057,27.082169,85.30215,4.046935,7.531809,88.27821,81.51266,4.9128184,3.0890284
25.0,122.0,2011-03-01,2011-07-18,139,25,28.46942,28.86275,28.06388,84.41753,4.800325,2.866227,86.74777,82.24745,5.9312596,3.6036243
25.0,120.0,2011-03-01,2011-07-18,139,25,27.690256,29.253141,26.566256,85.87992,3.339826,3.2782142,91.076866,78.496025,4.283692,2.456884
24.0,122.0,2011-03-01,2011-07-18,139,25,26.520351,27.35893,25.768066,85.81258,3.5127423,4.5315895,88.73062,82.40458,4.4722347,2.4915922
25.0,121.0,2011-03-01,2011-07-18,139,25,27.81332,28.773954,26.983007,85.335495,3.4578524,3.6569374,89.0043,80.96711,4.418066,2.460628
23.0,122.0,2011-03-01,2011-07-18,139,25,26.553339,27.472397,25.758198,85.66406,3.5351465,5.3100805,88.41033,81.844185,4.413731,2.7074342
23.0,121.0,2011-03-01,2011-07-18,139,25,25.80787,27.42777,24.486616,86.45919,1.9671437,7.4341235,91.476326,79.829285,2.6713626,1.2885411
24.0,120.0,2011-03-01,2011-07-18,139,25,27.80018,28.7773,27.034634,85.78551,3.6034763,3.7292614,89.37971,80.95963,4.625141,2.565176
24.0,121.0,2011-03-01,2011-07-18,139,25,25.85254,27.320175,24.619638,86.81016,2.119989,5.336025,91.338036,80.84407,2.9229467,1.4300694
22.0,121.0,2011-03-01,2011-07-18,139,25,27.765392,28.692389,26.988453,84.90558,4.4552236,7.3272877,88.44172,80.69898,5.383098,3.575923
22.0,120.0,2011-03-01,2011-07-18,139,25,27.806734,28.743654,27.044062,84.85705,4.3385987,7.829613,88.52943,80.59256,5.4709234,3.232643
22.0,122.0,2011-03-01,2011-07-18,139,25,28.512974,28.916967,28.028292,84.20641,5.9022465,5.188307,86.49508,82.22833,7.096897,4.7806
23.0,120.0,2011-03-01,2011-07-18,139,25,27.762123,28.889215,26.923834,85.423004,3.3488824,5.8221607,89.674774,79.97385,4.266904,2.475587
24.0,122.0,2011-03-01,2011-07-19,140,25,26.62189,27.546494,25.82503,85.15792,3.188021,3.7834594,88.33989,81.06211,4.0535927,2.342513
25.0,121.0,2011-03-01,2011-07-19,140,25,27.865782,28.729748,27.03273,84.67047,3.3720105,3.8075624,88.651215,80.62507,4.1032977,2.5825155
25.0,122.0,2011-03-01,2011-07-19,140,25,28.513636,28.882051,28.097202,84.17299,4.3122826,2.4443421,86.36306,82.01387,5.1731114,3.5779557
25.0,120.0,2011-03-01,2011-07-19,140,25,27.728134,29.183487,26.610971,85.31788,3.2687812,4.5933876,90.66165,78.459755,4.1796527,2.2480018
23.0,121.0,2011-03-01,2011-07-19,140,25,25.918276,27.63475,24.589336,85.587265,2.0585382,8.026006,90.874756,78.15341,2.7567065,1.4267981
23.0,122.0,2011-03-01,2011-07-19,140,25,26.65667,27.714872,25.720459,84.89182,3.4894805,4.818921,88.7641,80.16922,4.343398,2.5126107
24.0,121.0,2011-03-01,2011-07-19,140,25,25.96212,27.4946,24.697548,85.70744,2.1908557,5.1677294,90.79124,79.17986,2.8684003,1.6146822
24.0,120.0,2011-03-01,2011-07-19,140,25,27.818066,28.763512,27.029375,85.478874,3.6281555,4.965094,89.35382,80.90619,4.4835434,2.8041186
22.0,122.0,2011-03-01,2011-07-19,140,25,28.546202,29.074167,28.036856,83.88127,5.6126695,4.8491282,86.72561,81.12147,6.684998,4.458038
23.0,120.0,2011-03-01,2011-07-19,140,25,27.780611,28.90808,26.955933,85.349434,3.344456,7.829164,89.43906,79.857086,4.262879,2.5432098
22.0,121.0,2011-03-01,2011-07-19,140,25,27.805836,28.81574,26.962578,84.492546,4.2945538,8.070557,88.4237,79.79092,5.237002,3.405911
22.0,120.0,2011-03-01,2011-07-19,140,25,27.87384,28.8012,27.12708,84.27954,4.284554,9.475581,87.786446,79.91863,5.199812,3.4643264
25.0,122.0,2011-03-01,2011-07-20,141,25,28.506939,28.917168,28.07434,84.30004,4.0821342,3.5945935,86.87216,82.126045,5.0538664,3.1168337
25.0,121.0,2011-03-01,2011-07-20,141,25,27.821617,28.821505,26.966372,85.29066,3.2881145,4.230576,89.42952,80.7599,4.129628,2.1719558
24.0,122.0,2011-03-01,2011-07-20,141,25,26.6081,27.516333,25.802574,85.16118,3.1179552,6.237703,88.53579,81.32941,3.9960527,2.2779932
25.0,120.0,2011-03-01,2011-07-20,141,25,27.601887,29.098396,26.50559,86.182396,3.49213,7.1181517,91.312996,79.17699,4.405914,2.5117345
23.0,122.0,2011-03-01,2011-07-20,141,25,26.57528,27.586025,25.681957,85.23716,3.4220502,7.1651344,89.00447,80.84584,4.2082853,2.5470607
23.0,121.0,2011-03-01,2011-07-20,141,25,25.909735,27.529594,24.62689,85.65029,1.8626176,8.863128,90.74439,78.78001,2.5027692,1.2827346
24.0,120.0,2011-03-01,2011-07-20,141,25,27.826956,28.88194,27.041758,85.65769,3.455973,4.86656,89.57759,80.562164,4.361449,2.4832478
24.0,121.0,2011-03-01,2011-07-20,141,25,25.910912,27.484854,24.626114,86.22692,2.243753,6.887434,91.27399,79.69046,2.975936,1.5533113
22.0,121.0,2011-03-01,2011-07-20,141,25,27.822908,28.729609,27.03606,84.48619,3.9569726,8.708423,88.17199,80.05771,4.754635,3.1798615
22.0,120.0,2011-03-01,2011-07-20,141,25,27.899107,28.731611,27.18452,84.129036,3.804304,7.8578978,87.71414,80.00329,4.7821903,2.8220987
22.0,122.0,2011-03-01,2011-07-20,141,25,28.49013,28.974863,28.02541,84.144226,5.4459395,7.0040174,86.638504,81.55625,6.3131895,4.597316
23.0,120.0,2011-03-01,2011-07-20,141,25,27.832317,28.931658,27.04024,85.09022,2.9776719,6.839829,89.01928,79.636955,3.868347,2.044362
24.0,122.0,2011-03-01,2011-07-21,142,25,26.53818,27.424288,25.822569,85.929016,3.1398706,6.6097927,89.1353,82.05563,4.1886363,2.252634
25.0,120.0,2011-03-01,2011-07-21,142,25,27.674358,29.214012,26.594698,86.190254,3.6969476,5.4312096,91.42613,78.69947,4.560701,2.5635462
25.0,122.0,2011-03-01,2011-07-21,142,25,28.43853,28.809664,28.069468,84.94691,4.3510933,3.422544,87.190605,82.91173,5.4056854,3.2304382
25.0,121.0,2011-03-01,2011-07-21,142,25,27.843166,28.792614,27.059082,85.714745,3.6120594,4.2272973,89.5977,81.098335,4.5498676,2.5211349
23.0,121.0,2011-03-01,2011-07-21,142,25,25.891125,27.50434,24.703087,86.09508,1.7836602,10.192556,90.990746,78.95728,2.428268,1.1879288
23.0,122.0,2011-03-01,2011-07-21,142,25,26.557322,27.52123,25.786928,85.565636,3.4051745,7.945862,88.89283,81.19124,4.258832,2.4403617
24.0,121.0,2011-03-01,2011-07-21,142,25,25.931257,27.476534,24.746548,86.7665,2.3536456,7.426433,91.57725,79.8914,3.2805908,1.5428053
24.0,120.0,2011-03-01,2011-07-21,142,25,27.88622,28.916763,27.125376,85.775,3.4912338,4.6176186,89.61202,80.63122,4.5987325,2.4699562
22.0,122.0,2011-03-01,2011-07-21,142,25,28.509924,28.954262,28.01562,83.96812,5.2605343,6.79443,86.51012,81.55206,6.345228,4.1547956
23.0,120.0,2011-03-01,2011-07-21,142,25,27.852844,28.948793,27.070366,85.108475,2.9122078,7.3718214,89.01492,79.66118,3.7728992,2.0549793
22.0,121.0,2011-03-01,2011-07-21,142,25,27.842154,28.75733,27.09292,84.404144,3.7410395,9.055777,88.03204,79.71356,4.666447,2.8410194
22.0,120.0,2011-03-01,2011-07-21,142,25,27.92327,28.782549,27.243643,84.19631,3.4482083,10.1443405,87.611946,79.89771,4.5101857,2.3916426
25.0,122.0,2011-03-01,2011-07-22,143,25,28.502108,28.883064,28.13045,84.72022,4.4886208,3.5273132,86.896515,82.66724,5.418946,3.5126953
25.0,121.0,2011-03-01,2011-07-22,143,25,27.875072,28.934074,27.00856,85.66741,3.65038,3.8837585,89.12346,81.39584,4.621578,2.6363754
24.0,122.0,2011-03-01,2011-07-22,143,25,26.63279,27.481773,25.930405,85.66411,3.1662147,7.3752785,88.365875,82.2821,3.9801831,2.3881311
25.0,120.0,2011-03-01,2011-07-22,143,25,27.73347,29.35639,26.540302,85.94586,3.7592106,4.632965,91.20598,78.58733,4.79483,2.6417193
23.0,122.0,2011-03-01,2011-07-22,143,25,26.621939,27.530518,25.831474,85.56998,3.1986175,8.679287,88.60499,81.77109,4.011409,2.4059715
23.0,121.0,2011-03-01,2011-07-22,143,25,25.915956,27.449375,24.734585,86.45666,1.7433947,9.589642,91.07247,79.92109,2.3624642,1.2665516
24.0,120.0,2011-03-01,2011-07-22,143,25,27.878677,28.9411,27.07624,85.91442,3.5686057,4.535614,89.35461,81.180115,4.802785,2.4115734
24.0,121.0,2011-03-01,2011-07-22,143,25,25.994247,27.562,24.780268,86.67892,2.320321,7.7475953,91.083015,80.52201,3.2102554,1.4917305
22.0,121.0,2011-03-01,2011-07-22,143,25,27.797182,28.65562,27.057724,84.94187,3.5123465,8.348481,88.61865,80.76713,4.5564117,2.5315804
22.0,120.0,2011-03-01,2011-07-22,143,25,27.822859,28.615263,27.131767,84.85624,3.3998642,9.476104,88.493195,80.79261,4.5510426,2.3451748
22.0,122.0,2011-03-01,2011-07-22,143,25,28.50497,28.988998,28.008179,84.14105,4.9315586,7.430818,86.692406,81.57827,6.1152096,3.6616344
23.0,120.0,2011-03-01,2011-07-22,143,25,27.806595,28.83604,26.999907,85.67996,2.9667556,6.367888,89.55985,80.487236,3.9685912,2.059224
24.0,122.0,2011-03-01,2011-07-23,144,25,26.540657,27.325987,25.867626,85.957146,3.1831307,15.991219,88.67136,82.85687,4.239192,2.107643
25.0,120.0,2011-03-01,2011-07-23,144,25,27.626307,29.063696,26.58518,86.00257,3.9432735,7.975785,90.58303,79.46327,4.890697,2.9051025
25.0,122.0,2011-03-01,2011-07-23,144,25,28.407583,28.71435,28.079052,84.67774,4.8296943,9.985054,86.62164,82.9618,5.8931227,3.6157794
25.0,121.0,2011-03-01,2011-07-23,144,25,27.76981,28.645884,27.03393,85.44189,4.0253115,7.9379296,88.696335,81.776505,4.828665,3.188964
23.0,121.0,2011-03-01,2011-07-23,144,25,25.82639,27.393776,24.623901,86.47126,1.8539447,14.54408,90.971886,79.90781,2.5307739,1.2321126
23.0,122.0,2011-03-01,2011-07-23,144,25,26.592913,27.470634,25.828697,85.57171,3.397926,14.532185,88.751785,81.84504,4.3845305,2.3441026
24.0,121.0,2011-03-01,2011-07-23,144,25,25.891186,27.329206,24.738863,86.78843,2.3533788,13.932815,91.2545,80.98107,3.0151653,1.6513814
24.0,120.0,2011-03-01,2011-07-23,144,25,27.773676,28.67686,27.092695,85.88894,3.6546915,7.1270814,89.113205,81.81704,4.716708,2.620288
22.0,122.0,2011-03-01,2011-07-23,144,25,28.51205,28.932995,28.046791,84.16815,5.519197,9.935302,86.40776,81.996925,6.753667,4.2132516
23.0,120.0,2011-03-01,2011-07-23,144,25,27.715063,28.745275,26.989208,85.5579,3.094674,7.71974,88.91961,80.74371,4.2441926,2.0589707
22.0,121.0,2011-03-01,2011-07-23,144,25,27.74354,28.657717,27.01666,84.98939,4.083142,9.9579,88.11291,80.67591,5.0936813,3.0225723
22.0,120.0,2011-03-01,2011-07-23,144,25,27.770046,28.587124,27.087149,84.80859,3.9002166,9.868789,88.05716,80.97143,4.873382,2.8214843
25.0,122.0,2011-03-01,2011-07-24,145,25,28.395205,28.775782,27.982553,84.33053,4.6726427,5.8798203,86.681885,82.09659,5.7789083,3.3281567
25.0,121.0,2011-03-01,2011-07-24,145,25,27.721016,28.705486,26.918589,85.44585,3.8932736,9.0533495,89.1981,80.983055,4.8746595,2.7952018
24.0,122.0,2011-03-01,2011-07-24,145,25,26.494404,27.219902,25.862095,85.8766,3.0397081,9.888933,88.61963,82.623146,3.957206,1.9964353
25.0,120.0,2011-03-01,2011-07-24,145,25,27.550213,28.963013,26.499844,86.26163,3.7031977,10.294187,91.08609,79.83666,4.79124,2.520243
23.0,122.0,2011-03-01,2011-07-24,145,25,26.497194,27.301968,25.81814,85.833984,3.5116327,11.404734,88.53707,82.074684,4.496865,2.5520637
23.0,121.0,2011-03-01,2011-07-24,145,25,25.756868,27.12922,24.712969,86.71827,1.9263366,13.98622,90.74682,80.92047,2.492115,1.3950962
24.0,120.0,2011-03-01,2011-07-24,145,25,27.717068,28.651335,26.98892,85.89916,3.5718665,11.021731,89.241936,81.50609,4.585522,2.671473
24.0,121.0,2011-03-01,2011-07-24,145,25,25.80844,27.181381,24.715527,87.07289,2.2966459,13.095717,91.174225,81.40821,3.046229,1.4825653
22.0,121.0,2011-03-01,2011-07-24,145,25,27.677061,28.419146,27.063461,85.063675,4.1870127,14.776311,87.992004,81.71413,5.210183,3.3932235
22.0,120.0,2011-03-01,2011-07-24,145,25,27.757193,28.478706,27.199541,84.82649,3.9233017,13.802493,87.48925,81.40986,4.9991403,2.981381
22.0,122.0,2011-03-01,2011-07-24,145,25,28.419136,28.768852,28.000542,84.262215,5.6211104,12.184458,86.608604,82.08167,6.9167175,4.477482
23.0,120.0,2011-03-01,2011-07-24,145,25,27.672026,28.60879,26.972666,85.545906,3.2275314,11.911321,88.86813,80.98679,4.1264687,2.3351634
24.0,122.0,2011-03-01,2011-07-25,146,25,26.351538,27.196873,25.619366,86.24625,3.4309232,14.837356,89.340706,82.7695,4.4075804,2.4124942
25.0,120.0,2011-03-01,2011-07-25,146,25,27.56119,28.984947,26.511997,85.721985,4.0264335,9.778477,90.30685,79.402016,5.0079255,2.947631
25.0,122.0,2011-03-01,2011-07-25,146,25,28.365242,28.810183,27.910147,84.57049,4.948011,5.313755,87.046974,82.27015,6.0198073,3.718301
25.0,121.0,2011-03-01,2011-07-25,146,25,27.745878,28.71513,26.95423,85.00091,4.1012144,4.9432664,88.53132,80.88416,5.0038013,3.058438
23.0,121.0,2011-03-01,2011-07-25,146,25,25.5939,26.992407,24.476562,87.2013,2.1032505,21.088873,91.42076,81.53734,2.798258,1.4696327
23.0,122.0,2011-03-01,2011-07-25,146,25,26.326733,27.20151,25.569185,86.46618,3.8371215,18.080765,89.54489,82.7475,4.79,2.9355462
24.0,121.0,2011-03-01,2011-07-25,146,25,25.72036,27.126167,24.584667,86.7243,2.6330118,14.479384,91.020584,80.99818,3.4144967,1.8073764
24.0,120.0,2011-03-01,2011-07-25,146,25,27.72175,28.593906,27.046963,85.42051,3.9749596,7.7508864,88.70001,81.32217,5.1347547,2.8296502
22.0,122.0,2011-03-01,2011-07-25,146,25,28.279896,28.696783,27.814325,84.81786,5.955664,19.020107,87.310715,82.64118,7.3983126,4.544969
23.0,120.0,2011-03-01,2011-07-25,146,25,27.602495,28.46501,26.952988,85.85872,3.4655235,14.324979,89.01132,81.756035,4.5529795,2.2905207
22.0,121.0,2011-03-01,2011-07-25,146,25,27.545347,28.241768,26.94586,85.465515,4.3932223,22.041348,88.357704,82.232704,5.4236846,3.4321778
22.0,120.0,2011-03-01,2011-07-25,146,25,27.667175,28.358105,27.03141,85.203674,4.37403,17.847013,88.31521,81.92518,5.4474964,3.2998743
25.0,122.0,2011-03-01,2011-07-26,147,25,28.356094,28.746967,27.910484,84.40727,5.1790943,5.31613,86.7191,82.25644,6.151446,4.2055535
25.0,121.0,2011-03-01,2011-07-26,147,25,27.6897,28.603422,26.91022,85.03459,4.341307,6.8389587,88.69595,80.861374,5.298957,3.4446125
24.0,122.0,2011-03-01,2011-07-26,147,25,26.394922,27.155106,25.797857,86.15043,3.809983,9.366128,88.77887,82.90179,4.685939,2.9385529
25.0,120.0,2011-03-01,2011-07-26,147,25,27.44172,28.696499,26.462124,86.025635,4.329417,11.896629,90.453964,80.28485,5.443089,3.3036797
23.0,122.0,2011-03-01,2011-07-26,147,25,26.381746,27.22984,25.704868,86.479294,4.277076,10.012487,89.49959,82.88323,5.0529,3.487541
23.0,121.0,2011-03-01,2011-07-26,147,25,25.538086,26.8963,24.511303,87.54039,2.3963168,16.06993,91.75799,81.84518,3.0724475,1.7942082
24.0,120.0,2011-03-01,2011-07-26,147,25,27.632603,28.469536,26.961542,85.628654,4.445709,11.734893,88.84247,81.58209,5.660004,3.3255591
24.0,121.0,2011-03-01,2011-07-26,147,25,25.716225,27.05289,24.66939,86.85041,2.8215725,10.918252,91.07928,81.198395,3.789872,1.9296917
22.0,121.0,2011-03-01,2011-07-26,147,25,27.50832,28.17755,26.944551,85.87127,4.8368483,15.956394,88.70064,82.73731,5.76364,4.017769
22.0,120.0,2011-03-01,2011-07-26,147,25,27.551558,28.241777,27.001177,85.51951,4.6677837,16.090977,88.22954,82.175606,5.577975,3.8861682
22.0,122.0,2011-03-01,2011-07-26,147,25,28.35423,28.745483,27.872875,84.89596,6.663886,9.875461,87.42801,82.67649,7.8038454,5.781119
23.0,120.0,2011-03-01,2011-07-26,147,25,27.460997,28.32498,26.790377,86.297325,3.929376,16.892363,89.63443,82.17356,4.815974,2.9839067
24.0,122.0,2011-03-01,2011-07-27,148,25,26.467793,27.263277,25.811762,86.291916,3.447081,7.0950193,89.157585,83.08605,4.283637,2.512285
25.0,120.0,2011-03-01,2011-07-27,148,25,27.380112,28.703989,26.414936,86.039276,4.286505,8.482657,90.78789,79.772,5.334989,3.2135928
25.0,122.0,2011-03-01,2011-07-27,148,25,28.31195,28.648836,27.947573,85.02731,4.779958,5.60698,87.281395,82.80857,5.7534328,3.5510798
25.0,121.0,2011-03-01,2011-07-27,148,25,27.610535,28.430496,26.920698,85.48026,4.1781535,6.542041,89.0903,81.5763,5.258146,3.0240567
23.0,121.0,2011-03-01,2011-07-27,148,25,25.677855,27.216225,24.557777,87.2567,2.0152662,10.584089,91.44794,81.060555,2.6995893,1.358927
23.0,122.0,2011-03-01,2011-07-27,148,25,26.515257,27.484402,25.76755,85.93383,3.7483501,7.2649927,88.79064,82.012344,4.714197,2.8165464
24.0,121.0,2011-03-01,2011-07-27,148,25,25.754143,27.155224,24.666758,86.81662,2.7026632,8.045935,91.01928,81.27815,3.468422,1.947809
24.0,120.0,2011-03-01,2011-07-27,148,25,27.512798,28.342636,26.886147,85.97558,4.7103305,9.629808,89.24252,81.840744,5.7308974,3.5502672
22.0,122.0,2011-03-01,2011-07-27,148,25,28.46819,28.89293,28.075962,84.12449,5.980505,6.76573,86.3556,81.485085,7.2638593,4.8819246
23.0,120.0,2011-03-01,2011-07-27,148,25,27.442339,28.386797,26.764385,86.411,4.026139,12.192982,89.725136,81.78608,5.0490603,3.0270748
22.0,121.0,2011-03-01,2011-07-27,148,25,27.628586,28.451332,26.96417,85.35659,4.278808,10.096106,88.51738,81.22165,5.317509,3.3593674
22.0,120.0,2011-03-01,2011-07-27,148,25,27.645008,28.387524,27.050718,85.36973,4.27176,10.635351,88.42445,81.870285,5.2882013,3.2838843
25.0,122.0,2011-03-01,2011-07-28,149,25,28.430614,28.803295,28.050346,84.533585,4.1040387,3.2885597,86.70867,82.365265,5.2524343,2.8448098
25.0,121.0,2011-03-01,2011-07-28,149,25,27.712173,28.647856,26.934874,85.44225,3.7732828,3.4359596,88.79871,81.02491,4.7291627,2.744342
24.0,122.0,2011-03-01,2011-07-28,149,25,26.599228,27.396225,25.901865,85.808075,2.61323,5.526106,88.54397,82.552795,3.7258587,1.4982854
25.0,120.0,2011-03-01,2011-07-28,149,25,27.470388,28.899885,26.402016,86.148254,3.762714,5.5325136,91.04454,79.42646,4.74534,2.7566102
23.0,122.0,2011-03-01,2011-07-28,149,25,26.647934,27.517763,25.84328,85.85139,3.1438992,6.814871,89.21083,82.02995,3.995487,2.3548946
23.0,121.0,2011-03-01,2011-07-28,149,25,25.813065,27.301826,24.662226,86.882675,1.5778736,7.362959,91.1814,80.60305,2.179986,0.9825842
24.0,120.0,2011-03-01,2011-07-28,149,25,27.592487,28.50248,26.872543,86.22942,3.9084883,4.8083286,89.675316,81.839294,4.9179583,2.686218
24.0,121.0,2011-03-01,2011-07-28,149,25,25.86853,27.28124,24.674355,86.78775,2.3575792,5.684507,91.32223,80.95982,3.1417575,1.5427032
22.0,121.0,2011-03-01,2011-07-28,149,25,27.721382,28.55208,27.012388,85.384796,3.899633,8.4670925,88.71046,81.43278,4.712479,3.0759034
22.0,120.0,2011-03-01,2011-07-28,149,25,27.739754,28.501253,27.140772,84.96959,3.7198138,7.96386,87.99567,81.32997,4.6842885,2.6765838
22.0,122.0,2011-03-01,2011-07-28,149,25,28.558567,28.95354,28.105328,84.42891,5.458862,7.912279,87.15929,82.19065,6.57054,4.4751267
23.0,120.0,2011-03-01,2011-07-28,149,25,27.5426,28.525826,26.885727,86.31334,3.1469421,6.4886293,89.569084,81.47821,3.9277456,2.220626
24.0,122.0,2011-03-01,2011-07-29,150,25,26.604353,27.516045,25.792055,85.74472,2.3007119,5.9635353,88.74861,81.74673,3.1421714,1.4692935
25.0,120.0,2011-03-01,2011-07-29,150,25,27.594091,29.048534,26.499033,85.773285,3.3796747,4.8877783,90.56732,79.328064,4.265006,2.4406562
25.0,122.0,2011-03-01,2011-07-29,150,25,28.479538,28.903381,28.026518,83.97348,3.9311075,3.205039,86.44886,81.75871,4.955766,2.8107247
25.0,121.0,2011-03-01,2011-07-29,150,25,27.81088,28.732449,27.0152,84.73152,3.6750476,4.061056,88.52678,80.46832,4.415991,2.7411294
23.0,121.0,2011-03-01,2011-07-29,150,25,25.863081,27.434467,24.62607,86.74121,1.4133055,7.96334,91.23207,79.902145,1.8943826,0.90664244
23.0,122.0,2011-03-01,2011-07-29,150,25,26.684082,27.665413,25.808954,85.81321,3.3755233,6.7112136,89.01794,81.442345,4.1518927,2.6227245
24.0,121.0,2011-03-01,2011-07-29,150,25,25.923864,27.435463,24.689741,86.56636,2.052395,6.834187,91.07531,80.23111,2.8140626,1.3706791
24.0,120.0,2011-03-01,2011-07-29,150,25,27.723858,28.645298,27.009033,85.706535,3.3448932,5.2143226,89.21815,81.151146,4.244272,2.3479953
22.0,122.0,2011-03-01,2011-07-29,150,25,28.593552,29.082188,28.117056,84.501366,5.895443,6.394436,86.94343,82.04663,6.915655,4.794589
23.0,120.0,2011-03-01,2011-07-29,150,25,27.668974,28.663414,26.926695,85.87222,2.597638,6.34652,89.45794,80.82558,3.3575284,1.7987685
22.0,121.0,2011-03-01,2011-07-29,150,25,27.77011,28.621645,27.046913,85.34818,3.8899279,7.6575584,88.79307,81.14496,4.764406,3.0010204
22.0,120.0,2011-03-01,2011-07-29,150,25,27.788696,28.610119,27.080088,85.01487,3.3450677,8.727805,88.3904,81.11946,4.264812,2.3570094
25.0,122.0,2011-03-01,2011-07-30,151,25,28.415737,28.875261,27.958023,84.46112,4.0000467,4.104939,86.990234,82.08633,5.0930257,2.8094904
25.0,121.0,2011-03-01,2011-07-30,151,25,27.714533,28.721645,26.878838,85.6913,3.737852,4.822107,89.828514,80.94079,4.755753,2.6678126
24.0,122.0,2011-03-01,2011-07-30,151,25,26.603523,27.51416,25.889292,85.400925,2.3802912,5.7269335,88.19283,81.70247,3.1759381,1.6056933
25.0,120.0,2011-03-01,2011-07-30,151,25,27.536549,29.055403,26.432734,86.07078,3.393267,5.0262647,91.211624,79.09208,4.4068823,2.3967478
23.0,122.0,2011-03-01,2011-07-30,151,25,26.634756,27.58562,25.892569,85.62287,3.3174088,5.8523655,88.60611,81.77408,4.165796,2.4613903
23.0,121.0,2011-03-01,2011-07-30,151,25,25.86422,27.44814,24.72891,86.26884,1.4317932,7.823818,90.72919,79.79125,1.8897444,0.9495294
24.0,120.0,2011-03-01,2011-07-30,151,25,27.699203,28.704185,26.937666,86.0632,3.284545,5.465422,89.70553,81.382774,4.2660875,2.3263352
24.0,121.0,2011-03-01,2011-07-30,151,25,25.890465,27.43625,24.737358,86.706635,1.9792743,6.4547925,91.16792,80.43421,2.8577697,1.1706133
22.0,121.0,2011-03-01,2011-07-30,151,25,27.767752,28.636734,27.075878,85.145706,3.8962152,8.674021,88.63825,80.973976,4.8760543,2.8055496
22.0,120.0,2011-03-01,2011-07-30,151,25,27.755573,28.574268,27.106905,85.01787,3.3963594,10.216384,88.284744,81.08916,4.48683,2.403324
22.0,122.0,2011-03-01,2011-07-30,151,25,28.54046,28.949993,28.148077,84.57336,5.790656,6.6870265,86.856224,82.253235,6.943305,4.6613646
23.0,120.0,2011-03-01,2011-07-30,151,25,27.678598,28.700615,26.94749,85.62423,2.5482736,6.845725,89.21722,80.74834,3.3922782,1.8114347
24.0,122.0,2011-03-01,2011-07-31,152,25,26.602728,27.491524,25.81018,85.36026,2.669393,10.036907,88.441536,81.48042,3.7434561,1.7746311
25.0,120.0,2011-03-01,2011-07-31,152,25,27.644594,29.179766,26.533237,85.63087,3.209906,7.9635353,91.15159,78.4256,4.2740464,2.1055915
25.0,122.0,2011-03-01,2011-07-31,152,25,28.449524,28.886343,27.967901,84.57955,4.255552,6.73459,87.054756,82.42483,5.521436,2.957294
25.0,121.0,2011-03-01,2011-07-31,152,25,27.738304,28.670404,26.928085,85.77968,3.707705,8.606533,89.569016,81.57952,4.731772,2.6536472
23.0,121.0,2011-03-01,2011-07-31,152,25,25.841755,27.349419,24.657011,86.48336,1.5625049,12.398968,90.95999,79.92846,2.0500367,1.0753185
23.0,122.0,2011-03-01,2011-07-31,152,25,26.629139,27.57757,25.7479,85.42881,3.2993872,10.266394,88.804016,81.23826,4.2007647,2.285842
24.0,121.0,2011-03-01,2011-07-31,152,25,25.879362,27.35445,24.680986,86.63696,2.0291345,11.9347925,91.22371,80.69455,2.870768,1.1847885
24.0,120.0,2011-03-01,2011-07-31,152,25,27.74593,28.659859,27.031675,85.98371,3.2399914,9.325519,89.63964,81.75409,4.299765,2.1960685
22.0,122.0,2011-03-01,2011-07-31,152,25,28.57824,29.066294,28.013243,84.27845,5.7415986,9.793068,86.98576,81.75788,6.8586607,4.482967
23.0,120.0,2011-03-01,2011-07-31,152,25,27.714573,28.64918,27.011377,85.82178,2.7213593,9.790928,89.47097,80.99009,3.524364,1.9526399
22.0,121.0,2011-03-01,2011-07-31,152,25,27.789,28.595932,27.038086,85.2476,4.1207395,11.92534,88.746315,81.05738,5.0278716,3.1296093
22.0,120.0,2011-03-01,2011-07-31,152,25,27.853819,28.611923,27.207481,84.738594,3.5618658,10.821519,87.80047,80.97807,4.4607964,2.5876915
