latitude,longitude,init_date,valid_date,lead_day,ens_n,t2m_C,t2m_C_max,t2m_C_min,rh_pct,wind_mps,tp_mm_mean,rh_pct_max,rh_pct_min,wind_mps_max,wind_mps_min
22.5,120.5,2022-06-01,2022-06-01,0,51,26.9129,29.032566,25.356777,84.88233,1.7179008,0.0,90.47194,76.07129,3.355087,0.7179278
24.5,120.5,2022-06-01,2022-06-01,0,51,26.057755,27.31868,25.00265,86.12717,5.25381,0.0,88.251465,83.651955,5.9328537,4.6932898
23.5,120.5,2022-06-01,2022-06-01,0,51,23.890703,26.927979,21.40327,86.982376,2.039068,0.0,93.61358,76.1511,3.255308,1.2138071
22.5,121.5,2022-06-01,2022-06-01,0,51,28.00738,29.117508,26.96891,85.71488,7.0664186,0.0,90.46827,79.700096,7.981891,6.3640156
24.5,121.5,2022-06-01,2022-06-01,0,51,23.102179,25.122602,21.658401,86.8756,1.6280231,0.0,91.60211,78.982285,2.563549,0.96946484
23.5,121.5,2022-06-01,2022-06-01,0,51,24.27663,26.637651,22.317945,87.7041,3.230705,0.0,94.11721,77.649345,5.0868382,1.9238163
23.5,120.5,2022-06-01,2022-06-02,1,51,24.318586,26.829412,21.748667,86.92996,1.8836765,4.7046437,94.31664,78.43625,2.5813468,1.3888614
22.5,120.5,2022-06-01,2022-06-02,1,51,26.801544,28.631918,24.973467,84.36408,2.1282713,2.6072707,92.65078,75.469025,3.2759292,1.3313849
23.5,121.5,2022-06-01,2022-06-02,1,51,24.469446,26.66646,22.40844,87.30361,1.3225486,5.761203,94.94626,78.56644,2.2374282,0.49228296
24.5,121.5,2022-06-01,2022-06-02,1,51,23.263086,25.109385,21.399593,86.200356,0.7632422,10.119681,92.77352,78.73497,1.1650928,0.41020355
22.5,121.5,2022-06-01,2022-06-02,1,51,27.958418,29.420673,26.771568,84.69914,6.2648077,0.17211017,90.48647,76.845985,7.83933,4.729344
24.5,120.5,2022-06-01,2022-06-02,1,51,26.135654,27.464907,25.040104,86.42436,5.422755,1.9871581,90.26644,82.65987,6.129961,4.762552
23.5,120.5,2022-06-01,2022-06-03,2,51,24.085318,26.25849,21.885656,87.724915,2.0715387,6.7115483,94.116615,80.35542,2.8587067,1.5683112
22.5,121.5,2022-06-01,2022-06-03,2,51,27.421667,28.517643,26.62099,86.120125,6.351925,1.0595883,89.24141,81.57298,7.7199073,4.9927897
22.5,120.5,2022-06-01,2022-06-03,2,51,26.21655,27.602167,24.953096,86.36457,2.1995153,7.1873384,91.62832,81.09255,3.1488369,1.5032098
24.5,120.5,2022-06-01,2022-06-03,2,51,25.999542,27.269903,24.908365,87.022766,5.6352983,2.7798672,91.350395,82.40205,6.3013635,5.0780573
24.5,121.5,2022-06-01,2022-06-03,2,51,23.169033,24.980453,21.436476,87.287605,1.1633276,10.578903,94.44268,79.02809,1.6495901,0.66668564
23.5,121.5,2022-06-01,2022-06-03,2,51,23.972937,25.668034,22.52046,89.47078,1.5604235,10.84683,94.580894,82.62232,2.649538,0.56007874
23.5,121.5,2022-06-01,2022-06-04,3,51,24.164728,25.575123,22.930063,89.094315,1.4809182,11.516422,92.782646,83.86471,2.3078597,0.728535
24.5,121.5,2022-06-01,2022-06-04,3,51,23.452728,24.89457,22.185303,86.500275,1.241782,11.957131,90.44321,81.18711,1.9466897,0.6400714
22.5,121.5,2022-06-01,2022-06-04,3,51,27.304922,28.203255,26.68937,85.700485,7.775687,1.0601866,88.3451,81.8252,8.711466,6.6914163
23.5,120.5,2022-06-01,2022-06-04,3,51,23.846416,25.416235,22.349579,87.48577,2.654433,18.791122,90.95836,83.566414,3.4683084,2.170975
24.5,120.5,2022-06-01,2022-06-04,3,51,25.945604,26.739174,25.36039,85.80419,6.8018656,6.629944,88.16898,83.5989,7.4705715,5.944446
22.5,120.5,2022-06-01,2022-06-04,3,51,25.758497,26.686733,24.9498,88.263756,2.481249,14.963936,91.53686,84.35637,3.7441912,1.3092035
22.5,120.5,2022-06-01,2022-06-05,4,51,25.82356,27.089869,24.891535,89.114586,3.0075963,15.451694,92.68974,83.96905,4.3743153,2.0088053
24.5,120.5,2022-06-01,2022-06-05,4,51,26.033798,27.076368,25.221071,85.25451,8.060947,10.289584,87.94598,82.55109,8.756386,7.2752733
23.5,120.5,2022-06-01,2022-06-05,4,51,23.949125,25.927357,22.293999,86.90543,3.0911722,15.000137,90.774635,81.81005,4.062119,2.5219343
22.5,121.5,2022-06-01,2022-06-05,4,51,27.336945,28.3868,26.640886,85.641594,9.344591,0.8693022,88.57329,80.94365,10.000823,8.69321
24.5,121.5,2022-06-01,2022-06-05,4,51,24.075409,25.684816,22.765465,83.192894,1.8229979,5.5262246,87.169334,77.772,2.375916,1.3711056
23.5,121.5,2022-06-01,2022-06-05,4,51,24.818678,26.676361,23.277657,84.32963,2.961026,4.922755,87.847176,77.75139,3.7300146,2.0391767
23.5,120.5,2022-06-01,2022-06-06,5,51,23.730844,25.550474,22.214123,88.17065,2.914391,33.73898,92.701256,82.65738,3.927523,2.111109
22.5,120.5,2022-06-01,2022-06-06,5,51,25.76041,27.040892,24.721409,89.280914,3.158283,23.523815,92.55334,84.34143,4.628341,1.7152764
23.5,121.5,2022-06-01,2022-06-06,5,51,24.396553,26.335855,22.564709,85.06756,2.4343815,12.396345,91.6808,76.81202,3.5663207,1.2235374
24.5,121.5,2022-06-01,2022-06-06,5,51,23.121222,25.060968,21.176672,86.20531,1.6133078,22.082832,92.73733,78.62512,2.3212357,0.95313495
22.5,121.5,2022-06-01,2022-06-06,5,51,27.137114,28.284548,26.212036,86.007126,8.313994,3.173903,89.781334,81.15888,10.189135,5.780511
24.5,120.5,2022-06-01,2022-06-06,5,51,25.481745,26.633894,24.424372,87.057594,6.8410335,37.28702,90.26765,83.85197,8.424635,4.932197
24.5,120.5,2022-06-01,2022-06-07,6,51,24.285389,25.161915,23.520376,87.62211,4.6011195,27.523191,91.01461,83.986404,5.9654512,3.1341152
22.5,121.5,2022-06-01,2022-06-07,6,51,26.304432,27.228073,25.50091,86.49023,5.092897,6.3664308,89.6717,82.982414,7.152424,3.1807065
24.5,121.5,2022-06-01,2022-06-07,6,51,21.01802,22.376968,19.755032,90.75564,1.9389395,26.74058,94.07335,85.98201,2.7732751,1.1022942
23.5,121.5,2022-06-01,2022-06-07,6,51,22.637842,23.80849,21.535767,89.52284,1.9672722,18.675337,92.671715,85.5652,2.9618297,1.0846238
22.5,120.5,2022-06-01,2022-06-07,6,51,25.391077,26.49972,24.436722,88.32339,2.3400846,13.482337,91.83192,83.751564,3.7133663,1.2094338
23.5,120.5,2022-06-01,2022-06-07,6,51,22.898258,24.44793,21.5317,90.839294,1.8389795,23.634594,94.492744,85.68916,2.7003675,1.0554024
23.5,121.5,2022-06-01,2022-06-08,7,51,22.308287,23.329788,21.511847,88.721085,1.9735659,17.452765,91.407074,85.062325,2.9130929,0.9287675
24.5,121.5,2022-06-01,2022-06-08,7,51,20.887466,22.043919,19.988243,90.08072,2.0115788,22.433638,93.86523,85.37373,2.7555609,1.2508004
22.5,121.5,2022-06-01,2022-06-08,7,51,26.034687,26.713535,25.513918,84.96459,4.7055707,8.444767,87.820175,81.759125,6.3042655,2.9766667
23.5,120.5,2022-06-01,2022-06-08,7,51,22.870232,24.436253,21.579695,90.12199,1.7595755,23.664587,94.158325,85.141136,2.6231506,0.9830367
24.5,120.5,2022-06-01,2022-06-08,7,51,24.302496,25.05479,23.680458,87.05326,4.274321,23.307577,90.28192,83.558304,5.7240863,2.680361
22.5,120.5,2022-06-01,2022-06-08,7,51,25.263586,26.484713,24.334192,87.41527,2.4013517,15.572941,91.23318,82.84115,3.384012,1.4698204
24.5,120.5,2022-06-01,2022-06-09,8,51,24.55424,25.42161,23.89379,87.39239,4.2922926,20.124249,90.82036,83.738434,5.87823,2.5719342
22.5,120.5,2022-06-01,2022-06-09,8,51,25.430206,26.741323,24.4164,87.1804,2.3026078,10.704938,91.48088,81.87913,3.3231962,1.4337435
23.5,120.5,2022-06-01,2022-06-09,8,51,23.025497,24.751358,21.690943,89.65655,1.9507434,17.878962,94.024025,84.02176,2.8464074,1.2089865
24.5,121.5,2022-06-01,2022-06-09,8,51,21.375414,22.83881,20.38874,90.090355,1.9272678,18.819473,93.71267,84.85164,2.6754322,1.2060504
22.5,121.5,2022-06-01,2022-06-09,8,51,26.444252,27.207565,25.79528,84.93514,5.2903137,5.2571015,88.19429,81.43208,6.896797,3.1472023
23.5,121.5,2022-06-01,2022-06-09,8,51,22.862411,24.114473,21.93768,88.44604,2.159825,13.600966,91.94366,83.72522,3.3820732,1.0446514
22.5,121.5,2022-06-01,2022-06-10,9,51,26.650158,27.538984,25.911533,85.527725,4.9795666,4.533057,88.85509,81.67845,6.6284904,3.0887089
24.5,121.5,2022-06-01,2022-06-10,9,51,21.544765,22.801804,20.508364,90.55531,1.8144882,17.515894,94.40924,85.82359,2.5544493,1.0278727
23.5,120.5,2022-06-01,2022-06-10,9,51,23.09327,24.801651,21.605879,89.917854,1.729222,17.78023,94.63075,83.9754,2.5975847,0.9285369
24.5,120.5,2022-06-01,2022-06-10,9,51,24.625103,25.46916,23.949745,87.90859,4.110868,16.228022,91.33807,84.079994,5.717088,2.4364264
23.5,121.5,2022-06-01,2022-06-10,9,51,23.131594,24.435827,22.056856,88.730385,2.1481059,13.5958805,92.448105,83.88667,3.1194592,1.1723969
22.5,120.5,2022-06-01,2022-06-10,9,51,25.564901,26.777708,24.590025,87.752884,2.15879,10.975408,91.65436,82.81216,3.2391865,1.154988
23.5,120.5,2022-06-01,2022-06-11,10,51,23.33898,25.104755,21.720318,89.22886,1.7239132,20.439896,94.11171,83.7064,2.6461194,0.97787064
22.5,120.5,2022-06-01,2022-06-11,10,51,25.731836,26.92031,24.758402,87.30674,1.9513466,11.335036,91.3193,82.46395,3.2176528,0.96018696
24.5,121.5,2022-06-01,2022-06-11,10,51,21.806284,23.224922,20.70922,89.6289,1.6304708,19.033394,93.62606,84.55693,2.3597014,0.9438432
22.5,121.5,2022-06-01,2022-06-11,10,51,26.698833,27.524014,26.009537,85.78828,4.814779,5.6788125,88.763145,82.29345,6.4210587,2.9380014
24.5,120.5,2022-06-01,2022-06-11,10,51,24.87132,25.6866,24.22295,87.30361,4.0333576,16.99859,90.632835,83.47404,5.4245186,2.562995
23.5,121.5,2022-06-01,2022-06-11,10,51,23.178564,24.424055,22.125198,88.80113,2.016427,17.033745,92.32904,84.41,3.0888727,0.99208283
22.5,121.5,2022-06-01,2022-06-12,11,51,26.877234,27.81811,26.130024,85.9396,4.960458,6.845811,89.395386,81.80826,6.7079496,2.875331
23.5,120.5,2022-06-01,2022-06-12,11,51,23.34402,24.945719,21.789726,89.3415,1.829093,18.369787,93.965454,84.07136,2.5833685,1.1787682
23.5,121.5,2022-06-01,2022-06-12,11,51,23.24713,24.539623,22.142464,89.109215,1.7759061,16.575981,93.11065,84.12836,2.8078275,0.8433632
24.5,121.5,2022-06-01,2022-06-12,11,51,21.93846,23.272629,20.843168,90.30937,1.523021,19.707026,94.053024,85.36948,2.1660402,0.9113498
24.5,120.5,2022-06-01,2022-06-12,11,51,24.949316,25.694912,24.259785,88.3184,4.0343165,20.133076,91.07641,85.14325,5.456055,2.6667883
22.5,120.5,2022-06-01,2022-06-12,11,51,25.8146,27.04991,24.798826,87.20953,2.0883687,12.445039,91.222176,82.330894,3.3289373,1.0972981
23.5,121.5,2022-06-01,2022-06-13,12,51,23.52833,25.055807,22.287363,88.83346,2.254427,14.322019,92.8327,83.00395,3.3035688,1.259045
22.5,121.5,2022-06-01,2022-06-13,12,51,27.099495,28.047247,26.354578,86.02059,5.357851,5.3265142,89.33823,81.87696,6.6606812,3.8074443
24.5,121.5,2022-06-01,2022-06-13,12,51,22.086512,23.575891,20.854698,90.07821,1.6373719,18.47211,94.012856,84.7337,2.3705716,0.98604476
24.5,120.5,2022-06-01,2022-06-13,12,51,25.143326,25.966175,24.396826,87.76957,4.2984037,17.397562,90.99111,84.52655,5.500965,3.1374042
22.5,120.5,2022-06-01,2022-06-13,12,51,26.106876,27.522171,25.025455,86.69932,1.9145755,9.150038,91.18435,81.164474,3.1235373,0.93981016
23.5,120.5,2022-06-01,2022-06-13,12,51,23.601734,25.5702,21.758253,88.630035,1.897783,15.429179,93.90757,82.15691,2.8593566,1.153829
24.5,120.5,2022-06-01,2022-06-14,13,51,25.46551,26.454954,24.619614,87.55465,3.8181121,8.231817,91.554054,83.326164,4.8078346,2.878465
23.5,121.5,2022-06-01,2022-06-14,13,51,23.738764,25.28678,22.404785,88.71444,2.319518,8.706037,93.31314,82.5679,3.4411905,1.3597223
24.5,121.5,2022-06-01,2022-06-14,13,51,22.368198,23.953964,21.040243,89.54319,1.4606894,12.491413,94.407455,83.21782,2.0449374,0.9026366
23.5,120.5,2022-06-01,2022-06-14,13,51,23.83194,25.98765,21.733292,87.8188,1.8000206,8.5905485,93.99034,80.08044,2.752647,1.1596153
22.5,121.5,2022-06-01,2022-06-14,13,51,27.188663,28.081476,26.433582,86.39114,4.8398395,4.4284897,89.77227,82.24835,6.2157917,3.3022096
22.5,120.5,2022-06-01,2022-06-14,13,51,26.322739,27.847412,24.98903,86.34671,1.9528679,7.9000134,92.257965,79.69293,3.0003402,1.1083896
24.5,120.5,2022-06-01,2022-06-15,14,51,25.847958,26.947206,24.864191,87.42557,4.2124968,7.5834684,91.30498,83.215065,5.262865,3.1545708
24.5,121.5,2022-06-01,2022-06-15,14,51,22.842606,24.61803,21.230991,88.8137,1.620848,11.641409,94.36598,81.49554,2.3378053,0.98728085
22.5,121.5,2022-06-01,2022-06-15,14,51,27.43492,28.411715,26.707453,86.25271,4.922369,3.588209,89.679344,82.037476,6.2953324,3.5182188
23.5,120.5,2022-06-01,2022-06-15,14,51,24.0577,26.370213,21.823555,87.60178,1.9148068,9.392532,94.09367,79.272385,2.9782653,1.179289
23.5,121.5,2022-06-01,2022-06-15,14,51,24.02282,25.727104,22.562792,88.41222,2.4938333,8.137123,93.31409,81.28393,3.7056477,1.5407858
22.5,120.5,2022-06-01,2022-06-15,14,51,26.513628,28.105814,25.203403,86.50384,2.2205486,7.352642,91.67664,80.13848,3.3692887,1.2248836
23.5,120.5,2022-06-01,2022-06-16,15,51,24.286308,26.80339,21.814613,87.0279,1.9083234,5.878972,94.09168,77.94615,2.9134464,1.2283967
22.5,121.5,2022-06-01,2022-06-16,15,51,27.549414,28.513262,26.766378,86.348854,5.012084,2.1395216,90.005775,82.03705,6.423195,3.6697
23.5,121.5,2022-06-01,2022-06-16,15,51,24.25997,26.191793,22.599249,88.13284,2.4742682,5.852344,93.88777,80.019264,3.7888534,1.5995194
24.5,120.5,2022-06-01,2022-06-16,15,51,26.063574,27.223883,25.010744,87.20037,4.4185123,4.523184,91.056854,83.001366,5.3085523,3.5788507
24.5,121.5,2022-06-01,2022-06-16,15,51,23.138369,25.105015,21.372828,88.3202,1.5603907,9.472567,94.60496,79.8215,2.2255547,0.96409583
22.5,120.5,2022-06-01,2022-06-16,15,51,26.66667,28.316105,25.275455,86.118454,2.1412761,4.9058504,91.77017,79.341675,3.333341,1.2442088
22.5,121.5,2022-06-01,2022-06-17,16,51,27.70018,28.70371,26.913445,85.898964,4.5484343,1.4135324,89.64094,81.28123,5.8451076,3.3323143
23.5,121.5,2022-06-01,2022-06-17,16,51,24.324434,26.186298,22.785074,88.170784,2.1726675,4.2130713,93.44649,80.08902,3.294003,1.2887735
23.5,120.5,2022-06-01,2022-06-17,16,51,24.41358,26.875082,22.031616,87.10626,1.7820518,4.3448653,94.59856,77.27068,2.7237725,1.1635656
24.5,120.5,2022-06-01,2022-06-17,16,51,26.349863,27.615551,25.256527,86.84387,4.222786,2.23272,91.33052,81.84806,5.102061,3.2877188
22.5,120.5,2022-06-01,2022-06-17,16,51,26.897848,28.570068,25.491045,85.34759,2.063822,3.2025506,91.55657,77.729614,3.0783613,1.2486657
24.5,121.5,2022-06-01,2022-06-17,16,51,23.3405,25.421694,21.487307,87.940834,1.5426353,6.0421815,94.46449,78.72768,2.1250715,0.97990364
22.5,121.5,2022-06-01,2022-06-18,17,51,27.880453,28.895834,27.068068,85.368835,4.5457635,1.6781676,89.33084,80.37814,5.8084803,3.11096
24.5,121.5,2022-06-01,2022-06-18,17,51,23.562428,25.658558,21.629158,87.24062,1.6492097,5.6298947,94.26621,77.67239,2.2857342,1.0663418
23.5,121.5,2022-06-01,2022-06-18,17,51,24.550882,26.502533,22.893444,87.48235,2.2430453,4.314647,93.53312,78.69497,3.4998872,1.3238304
23.5,120.5,2022-06-01,2022-06-18,17,51,24.600428,27.202404,22.074547,86.67906,1.7749681,4.5073266,94.341484,76.33859,2.8200216,1.0999696
24.5,120.5,2022-06-01,2022-06-18,17,51,26.53339,27.867346,25.39019,86.76044,4.3697906,1.7377068,91.29465,81.668655,5.27137,3.5272624
22.5,120.5,2022-06-01,2022-06-18,17,51,27.037334,28.738518,25.597296,85.25666,2.171304,3.4185672,91.44363,77.49449,3.1735759,1.3641917
24.5,120.5,2022-06-01,2022-06-19,18,51,26.764412,28.15399,25.50768,86.363174,4.201993,1.770618,91.554726,80.746445,5.0120006,3.4522896
22.5,120.5,2022-06-01,2022-06-19,18,51,27.162226,28.823277,25.726748,84.96493,2.2424872,3.1436098,91.18531,77.52151,3.2826507,1.4440057
24.5,121.5,2022-06-01,2022-06-19,18,51,23.7195,25.812716,21.727503,86.92096,1.6606411,6.029017,94.512085,77.49655,2.2112393,1.1213146
23.5,121.5,2022-06-01,2022-06-19,18,51,24.635534,26.616917,22.895166,87.27315,2.19447,3.6821551,93.30363,78.622025,3.4570181,1.336785
23.5,120.5,2022-06-01,2022-06-19,18,51,24.740438,27.36826,22.112728,86.54775,1.7441255,4.3777766,94.69517,76.059875,2.7514908,1.0653912
22.5,121.5,2022-06-01,2022-06-19,18,51,27.993473,29.004404,27.175587,85.06585,4.4709764,1.4642453,89.05304,80.32541,5.8338265,3.1378686
24.5,121.5,2022-06-01,2022-06-20,19,51,23.734241,25.774265,21.754505,87.17023,1.6643002,7.1821027,94.35877,78.3413,2.2504294,1.105996
22.5,121.5,2022-06-01,2022-06-20,19,51,28.04632,29.033989,27.213297,84.76192,4.309152,1.870548,88.44241,80.03894,5.6305094,3.1325538
24.5,120.5,2022-06-01,2022-06-20,19,51,26.829044,28.147295,25.54866,86.13761,4.1342373,3.111297,91.23688,80.72451,5.055437,3.3071196
22.5,120.5,2022-06-01,2022-06-20,19,51,27.205519,28.973888,25.63659,84.82677,2.2366574,3.4658394,91.40058,77.0908,3.362782,1.3566262
23.5,121.5,2022-06-01,2022-06-20,19,51,24.652487,26.625927,22.90593,87.21533,2.2645104,3.6516376,93.231834,78.934654,3.458977,1.4345064
23.5,120.5,2022-06-01,2022-06-20,19,51,24.737812,27.32457,22.017908,86.536026,1.7368354,4.8346424,94.77975,76.65468,2.6639214,1.0992997
24.5,121.5,2022-06-01,2022-06-21,20,51,23.68463,25.769806,21.663088,87.59796,1.6927503,6.6570206,94.746895,78.517624,2.2815866,1.1024541
24.5,120.5,2022-06-01,2022-06-21,20,51,26.812397,28.14205,25.569225,86.53617,4.042872,2.6164336,91.47261,80.756584,4.822463,3.3106222
23.5,121.5,2022-06-01,2022-06-21,20,51,24.66552,26.681992,22.972027,87.33534,2.259685,4.2874207,93.445885,78.7874,3.4737124,1.4203258
22.5,120.5,2022-06-01,2022-06-21,20,51,27.226374,28.923988,25.810255,84.79912,2.2238884,3.5900042,91.05571,77.02058,3.163167,1.4229184
23.5,120.5,2022-06-01,2022-06-21,20,51,24.838352,27.492386,22.319185,86.63841,1.6604571,5.4689293,94.682556,76.10202,2.5678573,1.0407165
22.5,121.5,2022-06-01,2022-06-21,20,51,28.066992,28.998676,27.298435,84.613205,4.0893335,1.959408,88.31343,80.298676,5.344314,2.8241544
24.5,121.5,2022-06-01,2022-06-22,21,51,23.779955,25.929728,21.769888,87.05875,1.8164867,5.6343827,94.26072,77.2057,2.3700747,1.265591
23.5,120.5,2022-06-01,2022-06-22,21,51,24.831991,27.50096,22.235727,86.63568,1.5835977,4.5755424,94.78284,75.55404,2.450394,0.98312724
24.5,120.5,2022-06-01,2022-06-22,21,51,26.951485,28.333834,25.671005,86.37846,3.8081079,2.1655512,91.52694,80.54627,4.635948,3.0571473
22.5,120.5,2022-06-01,2022-06-22,21,51,27.275982,28.99585,25.822372,84.55918,2.3043187,2.7926576,90.94805,76.593155,3.2174602,1.5690271
22.5,121.5,2022-06-01,2022-06-22,21,51,28.050098,29.001295,27.223322,84.39389,4.0252547,1.9725724,88.28193,79.85694,5.2083545,2.9268858
23.5,121.5,2022-06-01,2022-06-22,21,51,24.659866,26.73748,22.930351,86.875374,2.3201425,2.8022318,92.99588,77.67932,3.4985554,1.4637899
24.5,121.5,2022-06-01,2022-06-23,22,51,23.857681,26.207626,21.753511,86.80799,1.770253,4.6132407,94.375626,76.01744,2.3284304,1.1399047
22.5,120.5,2022-06-01,2022-06-23,22,51,27.349771,29.175076,25.80454,84.103165,2.3016827,2.713671,91.020485,75.72825,3.2428455,1.5293888
23.5,121.5,2022-06-01,2022-06-23,22,51,24.689281,26.850742,22.950241,86.3564,2.1834269,2.6260078,93.005035,76.62947,3.4735727,1.2907288
24.5,120.5,2022-06-01,2022-06-23,22,51,27.04021,28.566696,25.71663,85.902115,3.519298,2.4010153,90.957985,79.731895,4.2670236,2.7783473
23.5,120.5,2022-06-01,2022-06-23,22,51,24.871687,27.715479,22.19798,86.39336,1.5085478,4.699408,94.99155,74.512054,2.4392114,0.87288433
22.5,121.5,2022-06-01,2022-06-23,22,51,28.069517,28.99126,27.212034,84.11767,3.831886,2.3489559,88.145805,79.66253,5.030145,2.6686351
22.5,121.5,2022-06-01,2022-06-24,23,51,28.104609,29.037214,27.269016,83.847755,3.7526422,2.3962283,87.85603,79.50963,4.980967,2.574612
23.5,120.5,2022-06-01,2022-06-24,23,51,24.917694,27.726452,22.29191,86.392815,1.4800391,3.9924173,95.026306,74.2989,2.4014947,0.8867696
22.5,120.5,2022-06-01,2022-06-24,23,51,27.376612,29.222622,25.847364,83.99881,2.2847712,2.7100806,90.817894,75.49451,3.2387276,1.4721011
23.5,121.5,2022-06-01,2022-06-24,23,51,24.657574,26.655949,22.992163,86.29499,2.1901846,2.6319916,92.33948,77.3893,3.3765948,1.3018852
24.5,121.5,2022-06-01,2022-06-24,23,51,23.843264,26.146221,21.730177,86.74719,1.8053424,4.726335,94.407364,76.18877,2.3455708,1.2774795
24.5,120.5,2022-06-01,2022-06-24,23,51,27.097803,28.57315,25.7715,85.92571,3.4936402,1.8699497,91.48268,79.31741,4.384176,2.670451
23.5,120.5,2022-06-01,2022-06-25,24,51,24.920168,27.815947,22.257523,86.1492,1.3354638,5.167344,95.21789,73.43816,2.0685904,0.77065766
22.5,121.5,2022-06-01,2022-06-25,24,51,28.023062,29.001036,27.08098,83.848526,3.5078218,3.1454048,88.20015,79.34509,4.652491,2.3223839
24.5,121.5,2022-06-01,2022-06-25,24,51,23.787891,26.114277,21.658947,86.42484,1.7848716,3.9909213,94.1731,75.397255,2.2835712,1.190084
24.5,120.5,2022-06-01,2022-06-25,24,51,27.081072,28.597637,25.707392,86.15584,2.982132,2.2597969,91.75841,79.48938,3.7734525,2.2190976
23.5,121.5,2022-06-01,2022-06-25,24,51,24.65549,26.792816,22.928326,85.52045,1.9901166,2.7570539,91.87024,75.84346,3.1513288,1.1976779
22.5,120.5,2022-06-01,2022-06-25,24,51,27.433037,29.346699,25.815351,83.43833,2.3575523,2.6164336,90.64973,74.26837,3.1025858,1.638513
22.5,121.5,2022-06-01,2022-06-26,25,51,27.912117,28.859833,26.966236,83.85547,3.1274152,3.6794624,88.19384,79.54136,4.166906,1.9916202
23.5,120.5,2022-06-01,2022-06-26,25,51,24.946661,27.821255,22.313356,86.34224,1.199817,5.451576,95.53597,73.78141,1.8789138,0.6052623
22.5,120.5,2022-06-01,2022-06-26,25,51,27.46083,29.40815,25.886312,82.95873,2.3952463,2.9485366,90.079506,73.85103,3.0576503,1.7177006
23.5,121.5,2022-06-01,2022-06-26,25,51,24.607027,26.658342,22.916832,85.22093,1.7623804,2.7570539,91.67829,75.98139,2.8540826,0.990822
24.5,120.5,2022-06-01,2022-06-26,25,51,27.09415,28.575315,25.69391,86.34513,2.490708,2.8533936,92.2357,79.785416,3.2798624,1.7812084
24.5,121.5,2022-06-01,2022-06-26,25,51,23.740204,26.047535,21.604105,86.75016,1.7635169,3.945444,94.6659,75.94307,2.2450693,1.2691113
23.5,120.5,2022-06-01,2022-06-27,26,51,24.795654,27.547682,22.186401,86.88525,1.2104782,6.014955,95.89139,75.01297,1.8670685,0.66185296
22.5,121.5,2022-06-01,2022-06-27,26,51,27.88318,28.720942,27.037464,83.86902,3.1454682,3.588209,87.69623,80.06495,4.211778,2.1025949
23.5,121.5,2022-06-01,2022-06-27,26,51,24.556147,26.58299,22.908768,85.17711,1.7657436,3.2228956,91.63586,76.41797,2.8778417,0.99569064
22.5,120.5,2022-06-01,2022-06-27,26,51,27.416,29.203226,25.929596,83.263695,2.3066728,3.2151165,90.2866,74.772804,3.0021548,1.6326526
24.5,120.5,2022-06-01,2022-06-27,26,51,27.11546,28.596416,25.805082,86.08214,2.4315503,3.2082353,91.87602,79.51364,3.4293664,1.5788858
24.5,121.5,2022-06-01,2022-06-27,26,51,23.733633,26.03384,21.728374,86.78369,1.7759671,3.5146077,94.73065,76.045456,2.332033,1.2098534
22.5,121.5,2022-06-01,2022-06-28,27,51,27.92874,28.767097,27.12876,83.63867,3.158808,4.4801,87.46654,79.66686,4.2182736,2.0555844
23.5,120.5,2022-06-01,2022-06-28,27,51,24.809637,27.675121,22.388725,87.12341,1.2212808,6.3889446,95.07098,74.59857,1.7919114,0.7077188
22.5,120.5,2022-06-01,2022-06-28,27,51,27.400993,29.324133,25.919554,83.34915,2.1501944,3.774007,89.71979,74.21149,2.9233384,1.4729403
24.5,121.5,2022-06-01,2022-06-28,27,51,23.77,26.047094,21.700268,86.56783,1.6816888,3.6247103,94.24772,76.22677,2.2498906,1.1609069
23.5,121.5,2022-06-01,2022-06-28,27,51,24.580786,26.551615,23.038235,85.20033,1.6915114,3.1738281,91.21051,76.39338,2.7207828,0.9705057
24.5,120.5,2022-06-01,2022-06-28,27,51,27.235514,28.73245,25.90906,85.67943,2.4719794,2.623614,91.44091,78.739105,3.4788218,1.6344802
23.5,120.5,2022-06-01,2022-06-29,28,51,24.919907,27.654678,22.407066,86.62494,1.2128336,6.663304,94.74533,74.93,1.8389939,0.63884765
22.5,121.5,2022-06-01,2022-06-29,28,51,27.964561,28.840048,27.138418,83.45956,3.3549666,3.6040661,87.27065,79.44998,4.4521255,2.2950292
23.5,121.5,2022-06-01,2022-06-29,28,51,24.615152,26.486364,23.027279,85.31509,1.650602,3.448187,91.0548,77.563034,2.675632,0.9134285
22.5,120.5,2022-06-01,2022-06-29,28,51,27.414087,29.211433,25.977922,83.13759,2.0811124,4.1895847,89.590065,74.79284,2.8418207,1.410699
24.5,121.5,2022-06-01,2022-06-29,28,51,23.75727,26.023933,21.665186,86.90765,1.6102425,4.331402,94.58492,77.03135,2.1716216,1.0856084
24.5,120.5,2022-06-01,2022-06-29,28,51,27.237349,28.696075,25.888683,85.46511,2.651679,3.299788,91.040115,78.851036,3.681783,1.7645181
22.5,121.5,2022-06-01,2022-06-30,29,51,27.898373,28.807878,27.073046,83.598495,3.5847957,4.3822646,87.64531,79.40824,4.8554597,2.4688306
23.5,120.5,2022-06-01,2022-06-30,29,51,24.917685,27.679968,22.401257,86.62229,1.1583823,6.973865,95.08228,74.907036,1.7520809,0.65242153
24.5,120.5,2022-06-01,2022-06-30,29,51,27.255527,28.78785,25.88207,85.47543,2.679348,3.399718,91.329926,78.62942,3.4998014,1.8890082
22.5,120.5,2022-06-01,2022-06-30,29,51,27.37393,29.09354,25.972197,83.271324,2.0646234,4.5480165,89.65156,75.27146,2.836466,1.3704327
24.5,121.5,2022-06-01,2022-06-30,29,51,23.743416,26.175028,21.611237,86.41681,1.6421702,4.45796,94.14402,75.533875,2.2020411,1.1033266
23.5,121.5,2022-06-01,2022-06-30,29,51,24.538193,26.517284,22.956364,85.29654,1.720636,4.3188357,91.193474,77.00054,2.761687,1.0060791
23.5,121.5,2022-06-01,2022-07-01,30,51,24.4741,26.33856,22.99693,85.699196,1.6970055,5.482094,91.23386,77.77919,2.755323,0.83132267
22.5,121.5,2022-06-01,2022-07-01,30,51,27.762262,28.59962,26.951122,84.31375,3.7524786,6.7838783,87.92538,80.41602,4.753137,2.641443
22.5,120.5,2022-06-01,2022-07-01,30,51,27.298634,28.950579,25.983805,83.63432,2.0911498,5.7355094,89.56835,76.18704,2.8858368,1.2359449
24.5,120.5,2022-06-01,2022-07-01,30,51,27.259485,28.701256,25.94582,85.46047,2.5477314,4.516003,91.15532,79.1256,3.5623264,1.6730381
23.5,120.5,2022-06-01,2022-07-01,30,51,24.89272,27.538763,22.644651,86.88504,1.1717526,8.262485,94.91453,75.57326,1.788695,0.6316238
24.5,121.5,2022-06-01,2022-07-01,30,51,23.725163,26.066874,21.725943,86.629585,1.694738,5.1481957,94.028694,76.57583,2.2935367,1.1139061
24.5,121.5,2022-06-01,2022-07-02,31,51,23.606491,25.914751,21.715979,86.72109,1.7802669,5.72414,93.58511,76.77011,2.3182669,1.208318
23.5,120.5,2022-06-01,2022-07-02,31,51,24.739265,27.362324,22.387777,87.057655,1.1877466,9.51221,94.87766,76.03548,1.8131015,0.65575534
22.5,121.5,2022-06-01,2022-07-02,31,51,27.67843,28.532822,26.8655,84.25834,3.7778897,9.698606,88.14315,80.27116,4.9061775,2.689071
22.5,120.5,2022-06-01,2022-07-02,31,51,27.183294,28.88358,25.807009,83.61163,2.2139266,7.5605803,89.824104,75.764366,3.051292,1.3627768
24.5,120.5,2022-06-01,2022-07-02,31,51,27.180126,28.667126,25.907997,85.69396,2.509371,5.4034066,91.20086,78.975685,3.541054,1.6364237
23.5,121.5,2022-06-01,2022-07-02,31,51,24.359776,26.149809,22.9239,85.55297,1.6294491,7.3987174,91.03469,78.290665,2.72844,0.9229224
22.5,120.5,2022-06-01,2022-07-03,32,51,27.015238,28.589544,25.755466,84.03214,2.3791573,10.614432,89.62904,76.71258,3.197514,1.5801567
24.5,120.5,2022-06-01,2022-07-03,32,51,27.148586,28.556314,25.895744,85.43679,2.6267567,6.060432,90.64423,79.46403,3.6515162,1.6894917
23.5,120.5,2022-06-01,2022-07-03,32,51,24.689669,27.258406,22.42124,87.14728,1.3027302,12.531654,94.83827,76.69859,1.9824872,0.7387915
22.5,121.5,2022-06-01,2022-07-03,32,51,27.55697,28.35777,26.786036,84.63232,4.0730996,11.94075,88.25398,80.741615,5.117342,2.8886309
24.5,121.5,2022-06-01,2022-07-03,32,51,23.558578,25.776257,21.694958,86.73159,1.8994992,7.38286,93.631134,77.4173,2.4968102,1.2572627
23.5,121.5,2022-06-01,2022-07-03,32,51,24.34992,26.160374,22.970438,85.388306,1.7780279,10.939055,90.67062,77.69773,2.7714326,0.98605907
23.5,121.5,2022-06-01,2022-07-04,33,51,24.30664,26.005915,22.863329,85.51059,1.676613,7.0184445,90.95553,77.99955,2.6360004,0.93590456
23.5,120.5,2022-06-01,2022-07-04,33,51,24.704475,27.295704,22.400904,87.065346,1.2557756,10.358923,94.66533,76.61456,1.8205795,0.7109826
22.5,121.5,2022-06-01,2022-07-04,33,51,27.481186,28.288628,26.72519,85.11994,4.0249186,9.8191805,88.56712,81.564156,5.18553,2.8587909
24.5,121.5,2022-06-01,2022-07-04,33,51,23.527182,25.750937,21.625874,86.84543,1.8596087,6.2794404,93.98001,76.87155,2.4396825,1.2830341
24.5,120.5,2022-06-01,2022-07-04,33,51,27.127584,28.562819,25.875261,85.34597,2.4553907,6.174424,90.80554,79.0762,3.5340445,1.4640725
22.5,120.5,2022-06-01,2022-07-04,33,51,27.036764,28.672232,25.763834,83.93467,2.4463217,9.300681,89.28278,76.84586,3.1791806,1.6785376
24.5,120.5,2022-06-01,2022-07-05,34,51,27.10977,28.565178,25.89499,85.45408,2.7108402,6.464341,90.531075,79.04777,3.8754733,1.6915262
22.5,120.5,2022-06-01,2022-07-05,34,51,27.065815,28.670492,25.787758,83.887955,2.382069,8.539237,89.53822,76.600044,3.2358866,1.5829158
24.5,121.5,2022-06-01,2022-07-05,34,51,23.571129,25.788239,21.742884,86.77937,1.8615693,5.8118033,93.76774,77.01122,2.44332,1.2413781
22.5,121.5,2022-06-01,2022-07-05,34,51,27.500538,28.317417,26.756104,84.911156,4.0168037,7.8989663,88.46507,81.01879,5.161216,2.8703153
23.5,120.5,2022-06-01,2022-07-05,34,51,24.700323,27.311178,22.393427,87.16787,1.3615941,10.284424,94.87695,76.669876,2.0317345,0.76100785
23.5,121.5,2022-06-01,2022-07-05,34,51,24.330894,26.129692,22.885845,85.54412,1.7840459,7.0163503,91.15265,77.91683,2.6210067,1.000153
22.5,121.5,2022-06-01,2022-07-06,35,51,27.512594,28.2362,26.852634,85.162834,3.989509,9.510714,88.076485,82.12508,5.081034,2.8705037
24.5,121.5,2022-06-01,2022-07-06,35,51,23.557928,25.63142,21.75367,87.12901,1.8008223,7.2410436,93.62721,78.41289,2.4549308,1.239272
23.5,121.5,2022-06-01,2022-07-06,35,51,24.334574,25.871403,23.029314,85.96279,1.8054849,7.8382306,90.68239,79.7887,2.6646283,1.0700191
23.5,120.5,2022-06-01,2022-07-06,35,51,24.695404,27.167374,22.543037,87.578285,1.2612714,9.955911,94.74069,77.844826,1.9030732,0.7347116
22.5,120.5,2022-06-01,2022-07-06,35,51,26.996338,28.601234,25.731304,84.49742,2.463726,8.500642,90.011955,77.53315,3.3110003,1.6048756
24.5,120.5,2022-06-01,2022-07-06,35,51,27.096445,28.475424,25.869331,85.562325,2.6976213,7.002887,90.88387,79.80466,3.7085228,1.6949023
22.5,120.5,2022-06-01,2022-07-07,36,51,26.896381,28.359354,25.76048,85.103546,2.7985685,16.582415,90.19089,78.80118,3.7006176,1.8499734
24.5,120.5,2022-06-01,2022-07-07,36,51,27.098434,28.480114,25.96941,85.66376,2.7626321,6.859574,90.5894,80.0368,3.8479493,1.8071704
24.5,121.5,2022-06-01,2022-07-07,36,51,23.516384,25.537483,21.831469,87.43217,2.084458,9.5606785,93.62007,78.62492,2.7787519,1.4210323
22.5,121.5,2022-06-01,2022-07-07,36,51,27.484003,28.231195,26.83069,85.23081,4.2304583,16.810398,88.368614,81.849205,5.533539,2.999587
23.5,120.5,2022-06-01,2022-07-07,36,51,24.637726,26.999262,22.635265,87.64716,1.3572562,13.77001,94.438126,78.50764,2.0862706,0.73487115
23.5,121.5,2022-06-01,2022-07-07,36,51,24.237795,25.786453,22.971548,86.64956,1.8584331,14.893476,91.348885,80.136055,2.803437,0.96070784
23.5,121.5,2022-06-01,2022-07-08,37,51,24.263674,25.868145,23.082212,86.4918,1.9193208,14.763028,91.53805,79.77459,2.8838792,1.0334233
23.5,120.5,2022-06-01,2022-07-08,37,51,24.621393,26.975634,22.704357,87.53039,1.4195142,16.71765,94.24914,78.23994,2.243316,0.8183872
24.5,121.5,2022-06-01,2022-07-08,37,51,23.564667,25.652895,21.918642,87.151566,2.078224,9.028715,93.604126,78.02909,2.7854803,1.3762465
22.5,121.5,2022-06-01,2022-07-08,37,51,27.503008,28.206766,26.894663,85.28254,4.185353,16.634474,88.31347,81.8275,5.5453534,2.8184736
22.5,120.5,2022-06-01,2022-07-08,37,51,26.82314,28.229677,25.674047,85.522545,2.8985069,17.096127,90.616135,79.17025,3.8377628,2.0564084
24.5,120.5,2022-06-01,2022-07-08,37,51,27.081785,28.463858,25.952532,85.636314,2.6845353,8.992214,90.730125,79.75465,3.8558173,1.4799525
24.5,120.5,2022-06-01,2022-07-09,38,51,27.064863,28.36213,25.935698,85.39522,3.1402376,7.8765273,90.26477,79.906715,4.335355,2.1168368
22.5,120.5,2022-06-01,2022-07-09,38,51,26.767824,28.208647,25.620825,86.09418,2.686059,14.183494,91.01218,79.93831,3.5811696,1.8529999
24.5,121.5,2022-06-01,2022-07-09,38,51,23.542364,25.50418,21.884167,87.66862,1.8505253,9.022432,94.03865,79.26019,2.5876632,1.1285311
22.5,121.5,2022-06-01,2022-07-09,38,51,27.494196,28.195728,26.805029,85.55325,4.195225,12.464336,88.84265,82.28493,5.4502273,2.920033
23.5,120.5,2022-06-01,2022-07-09,38,51,24.556065,26.761007,22.672428,87.95755,1.5226436,12.752159,94.11488,79.33234,2.1525395,0.95486194
23.5,121.5,2022-06-01,2022-07-09,38,51,24.250189,25.728745,23.038809,87.29387,1.9530765,10.080375,92.06238,80.99528,2.8934345,1.0926613
22.5,120.5,2022-06-01,2022-07-10,39,51,26.757334,28.091818,25.653376,86.28305,2.7945156,15.315636,90.85986,80.714966,3.743006,1.9287252
22.5,121.5,2022-06-01,2022-07-10,39,51,27.521082,28.2851,26.871826,85.78553,4.58419,11.368097,88.954765,82.19062,5.8263764,3.2112215
24.5,121.5,2022-06-01,2022-07-10,39,51,23.631186,25.516596,21.96937,87.844124,1.8748236,11.244231,93.67031,80.667404,2.686314,1.0748205
23.5,120.5,2022-06-01,2022-07-10,39,51,24.637657,26.864222,22.72385,87.76531,1.6484927,14.725031,93.73932,79.85991,2.4463186,1.0093857
24.5,120.5,2022-06-01,2022-07-10,39,51,27.009794,28.18815,25.905188,85.755714,3.344372,7.7598424,90.279076,81.09942,4.579524,2.2680671
23.5,121.5,2022-06-01,2022-07-10,39,51,24.339241,25.804337,23.170551,87.77176,2.0981355,13.311648,92.17226,82.398285,3.1159558,1.2098392
23.5,121.5,2022-06-01,2022-07-11,40,51,24.439396,25.927519,23.293741,87.17607,1.840593,9.308459,91.50278,81.37207,2.8585272,1.100464
23.5,120.5,2022-06-01,2022-07-11,40,51,24.70815,26.96894,22.78043,87.4041,1.6060009,12.103511,93.93233,78.860695,2.3440259,0.98452634
24.5,120.5,2022-06-01,2022-07-11,40,51,27.054256,28.311325,25.946009,85.893364,3.317738,6.672579,90.76371,80.91285,4.2489805,2.3576603
22.5,121.5,2022-06-01,2022-07-11,40,51,27.63758,28.394295,26.994068,85.3101,4.162966,7.308661,88.07289,81.98162,5.3678856,2.9582405
22.5,120.5,2022-06-01,2022-07-11,40,51,26.835747,28.299135,25.69833,86.056404,2.632656,12.269263,90.99759,79.786026,3.4624438,1.7801484
24.5,121.5,2022-06-01,2022-07-11,40,51,23.62411,25.411655,21.997099,87.8416,1.6774548,9.167241,94.02673,80.04356,2.3479023,1.0148757
22.5,121.5,2022-06-01,2022-07-12,41,51,27.688993,28.536573,26.997482,85.35766,4.6997266,9.224088,88.765816,81.36227,6.0519004,3.3416324
24.5,121.5,2022-06-01,2022-07-12,41,51,23.703173,25.51411,22.095818,87.88126,1.7430042,13.488172,93.89351,80.348755,2.3961766,1.1032951
22.5,120.5,2022-06-01,2022-07-12,41,51,26.92871,28.474937,25.81215,85.88457,2.6547136,15.075684,90.78887,79.295654,3.7084618,1.6573375
24.5,120.5,2022-06-01,2022-07-12,41,51,26.996801,28.151611,25.944826,86.47573,3.3632221,11.361515,90.96904,81.32766,4.527404,2.349839
23.5,120.5,2022-06-01,2022-07-12,41,51,24.736319,27.019777,22.797962,87.83176,1.664096,16.233557,94.60508,78.77609,2.4612076,1.0528761
23.5,121.5,2022-06-01,2022-07-12,41,51,24.509008,26.013638,23.262354,87.31818,1.8863977,11.694815,92.0862,81.17783,2.8552067,0.99507433
23.5,121.5,2022-06-01,2022-07-13,42,51,24.454166,25.920654,23.224123,87.73532,2.1006582,13.424743,91.93818,82.30536,3.1195343,1.220116
22.5,121.5,2022-06-01,2022-07-13,42,51,27.630398,28.41395,27.00767,85.872025,5.25049,11.405197,88.597275,82.603615,6.342036,4.041929
24.5,120.5,2022-06-01,2022-07-13,42,51,26.982832,28.22922,25.912191,86.41507,3.803602,11.951521,90.70438,81.25864,4.960447,2.7536864
23.5,120.5,2022-06-01,2022-07-13,42,51,24.680758,26.872808,22.722118,88.16975,1.7369404,19.123152,94.30836,79.79586,2.5329938,1.0846741
22.5,120.5,2022-06-01,2022-07-13,42,51,26.797247,28.123444,25.763588,86.70782,2.690882,20.095526,90.939514,80.96601,3.6800258,1.7555166
24.5,121.5,2022-06-01,2022-07-13,42,51,23.661322,25.502241,22.120058,87.93514,1.7908579,11.368097,93.40331,80.510735,2.562144,1.1682036
22.5,120.5,2022-06-01,2022-07-14,43,51,26.76119,28.085184,25.741884,86.65527,2.6766887,16.4394,90.86752,81.03156,3.7521863,1.7196131
22.5,121.5,2022-06-01,2022-07-14,43,51,27.598267,28.321419,27.002787,85.99078,4.8311744,8.172129,88.64324,82.690796,6.0757556,3.6643193
23.5,120.5,2022-06-01,2022-07-14,43,51,24.720749,26.874315,22.917828,87.94529,1.8328087,14.712464,94.0673,79.59749,2.740318,1.1918962
24.5,120.5,2022-06-01,2022-07-14,43,51,27.024796,28.200384,25.987127,86.427505,3.9254832,9.455064,90.93818,81.313675,5.068176,2.9364836
24.5,121.5,2022-06-01,2022-07-14,43,51,23.77603,25.70167,22.232496,88.0231,1.7034582,11.365704,93.76838,80.25136,2.4188983,1.0796611
23.5,121.5,2022-06-01,2022-07-14,43,51,24.438799,25.90608,23.281698,88.0885,1.9772004,10.591993,92.29004,82.26913,2.8797703,1.2453351
24.5,121.5,2022-06-01,2022-07-15,44,51,23.758167,25.608099,22.260271,88.070335,1.6202167,11.825262,93.501495,80.85404,2.3560572,1.0124006
22.5,120.5,2022-06-01,2022-07-15,44,51,26.729435,27.929155,25.74262,87.07622,2.621073,18.090342,91.28936,81.86279,3.670408,1.704894
23.5,120.5,2022-06-01,2022-07-15,44,51,24.667835,26.650894,22.95048,88.41929,1.7510153,19.011255,94.12782,80.68883,2.60025,1.1096964
22.5,121.5,2022-06-01,2022-07-15,44,51,27.587193,28.30069,26.961197,85.98679,4.6746902,8.138619,88.836494,82.56798,5.927885,3.4430938
23.5,121.5,2022-06-01,2022-07-15,44,51,24.51572,25.903519,23.392557,87.95726,1.8954297,11.024625,92.11673,82.28508,2.7842,1.1095732
24.5,120.5,2022-06-01,2022-07-15,44,51,26.968597,28.185253,25.89888,86.46635,3.76286,12.169333,90.95529,81.44632,5.0111303,2.5695488
24.5,121.5,2022-06-01,2022-07-16,45,51,23.684338,25.394068,22.224419,88.22595,1.745197,12.057435,93.672066,81.35923,2.4453452,1.0919303
22.5,121.5,2022-06-01,2022-07-16,45,51,27.623983,28.331474,27.010086,86.03158,4.878714,13.057335,88.930145,82.577065,6.0722733,3.7151093
23.5,121.5,2022-06-01,2022-07-16,45,51,24.505417,25.87793,23.377947,88.1419,1.8560174,14.850093,92.080894,83.010895,2.7743597,1.0883908
22.5,120.5,2022-06-01,2022-07-16,45,51,26.761036,27.979155,25.730341,87.14089,2.59792,19.913618,91.630554,81.68123,3.5679483,1.6797432
24.5,120.5,2022-06-01,2022-07-16,45,51,27.003214,28.222963,25.993979,86.23504,3.9610417,9.141511,90.82887,80.97476,5.133568,2.88904
23.5,120.5,2022-06-01,2022-07-16,45,51,24.738844,26.814737,22.93963,88.15786,1.7420727,17.879112,94.22175,80.352776,2.5012407,1.1210822
22.5,121.5,2022-06-01,2022-07-17,46,51,27.646942,28.42323,27.034405,86.04457,4.7313204,10.65602,88.71518,82.53119,6.1348925,3.1804142
23.5,121.5,2022-06-01,2022-07-17,46,51,24.509466,25.824936,23.358303,88.41775,1.8069377,14.127844,92.299545,83.57474,2.722629,0.9980127
23.5,120.5,2022-06-01,2022-07-17,46,51,24.65128,26.534855,22.95607,88.57493,1.8809061,17.889883,94.23104,81.18859,2.6350372,1.218054
24.5,121.5,2022-06-01,2022-07-17,46,51,23.772142,25.51864,22.34493,88.838356,1.7941552,15.258789,94.091194,82.26522,2.520104,1.1136632
22.5,120.5,2022-06-01,2022-07-17,46,51,26.718739,28.023653,25.717314,87.463486,2.9250968,20.151773,91.77299,81.65393,3.983776,1.9206278
24.5,120.5,2022-06-01,2022-07-17,46,51,26.947866,28.043356,26.01448,86.71397,3.871471,11.713963,90.71665,82.18031,5.0274777,2.8266833
23.5,120.5,2022-06-01,2022-07-18,47,51,24.7264,26.82188,22.90788,88.11839,2.0365198,21.833832,93.785866,80.32084,2.8558211,1.3397018
22.5,120.5,2022-06-01,2022-07-18,47,51,26.731972,27.945873,25.77753,87.42387,2.7613404,17.772001,91.26167,82.1965,3.860083,1.8269995
24.5,120.5,2022-06-01,2022-07-18,47,51,26.9481,28.084557,25.964544,86.78849,3.9106483,11.64455,90.83853,82.09002,5.064403,2.9117138
24.5,121.5,2022-06-01,2022-07-18,47,51,23.721508,25.552614,22.183723,88.37428,1.7552289,14.304367,93.686005,80.77171,2.3360777,1.2079698
22.5,121.5,2022-06-01,2022-07-18,47,51,27.601591,28.365576,26.99853,86.04215,5.1625223,8.543725,88.70146,82.61888,6.488903,3.787466
23.5,121.5,2022-06-01,2022-07-18,47,51,24.495089,25.993525,23.358217,87.98023,2.10242,13.838824,91.98801,82.285614,3.0400486,1.3035327
22.5,120.5,2022-06-01,2022-07-19,48,51,26.756199,28.02228,25.739552,87.267624,2.696629,20.59757,91.533714,81.80369,3.6758087,1.8013709
23.5,121.5,2022-06-01,2022-07-19,48,51,24.43016,25.835207,23.252548,88.12549,2.1382327,14.483284,92.39005,82.75336,3.0644882,1.3140682
24.5,120.5,2022-06-01,2022-07-19,48,51,26.987194,28.184732,25.99026,86.70899,3.9285924,9.822472,90.94775,81.80079,5.120487,2.7406988
23.5,120.5,2022-06-01,2022-07-19,48,51,24.692034,26.773802,22.81337,88.42164,1.8808066,19.057928,94.26283,80.74939,2.6622255,1.2973669
24.5,121.5,2022-06-01,2022-07-19,48,51,23.623434,25.366089,22.17245,88.61316,1.7282233,11.241838,94.077866,81.38364,2.3855455,1.0517839
22.5,121.5,2022-06-01,2022-07-19,48,51,27.582495,28.311712,26.968428,86.109795,5.136261,11.035396,88.91082,83.06315,6.414436,3.7918556
24.5,120.5,2022-06-01,2022-07-20,49,51,27.053493,28.310255,26.005096,86.43949,3.8168097,11.136522,90.6401,81.24227,4.9012284,2.7239976
23.5,120.5,2022-06-01,2022-07-20,49,51,24.747063,26.788784,23.039148,88.41316,1.7087933,21.863152,94.03817,80.62159,2.4850593,1.0726552
22.5,121.5,2022-06-01,2022-07-20,49,51,27.493052,28.150557,26.914888,86.32978,5.022821,12.253705,89.17584,82.953835,6.3450665,3.8059726
22.5,120.5,2022-06-01,2022-07-20,49,51,26.707876,27.913403,25.730589,87.25382,2.8158214,24.208218,91.169106,82.06129,3.8370686,1.9322891
24.5,121.5,2022-06-01,2022-07-20,49,51,23.782478,25.60251,22.317467,87.988815,1.7630147,10.212618,93.67488,80.55058,2.4456885,1.0867566
23.5,121.5,2022-06-01,2022-07-20,49,51,24.39597,25.681427,23.336266,88.35748,2.1010122,14.623305,92.34111,83.12754,2.9065144,1.3697693
23.5,121.5,2022-06-01,2022-07-21,50,51,24.289675,25.610003,23.271614,88.77093,2.1498334,15.360515,92.469025,83.77219,3.0947533,1.339724
24.5,121.5,2022-06-01,2022-07-21,50,51,23.653397,25.556387,22.11442,88.537346,1.7828187,12.628293,94.14636,81.487335,2.589523,1.0723263
22.5,120.5,2022-06-01,2022-07-21,50,51,26.71581,27.951248,25.753363,87.16213,2.850907,20.98233,91.27412,81.82054,3.9478967,1.8548639
22.5,121.5,2022-06-01,2022-07-21,50,51,27.53776,28.269594,26.960674,86.49302,5.245451,12.173522,89.21353,83.168,6.5502915,3.8158484
24.5,120.5,2022-06-01,2022-07-21,50,51,27.004366,28.234194,25.976984,86.58424,3.8828535,10.490268,91.00311,81.68318,5.0862465,2.7180767
23.5,120.5,2022-06-01,2022-07-21,50,51,24.674862,26.841806,22.996162,88.38232,1.8217174,19.887886,94.047226,80.42093,2.601692,1.2008777
22.5,121.5,2022-06-01,2022-07-22,51,51,27.601725,28.240753,27.06099,85.93648,4.804995,8.668189,88.41458,83.03935,6.138479,3.493798
22.5,120.5,2022-06-01,2022-07-22,51,51,26.695744,27.89777,25.698616,87.32662,2.7566166,17.384848,91.220825,82.27159,3.8250337,1.8361822
24.5,121.5,2022-06-01,2022-07-22,51,51,23.644293,25.48648,22.238968,88.14964,1.6497833,11.112587,93.27859,80.8647,2.376148,0.9997583
23.5,121.5,2022-06-01,2022-07-22,51,51,24.415182,25.818893,23.31621,88.12507,1.9627457,14.317532,91.910995,83.18052,2.9007874,1.1709561
23.5,120.5,2022-06-01,2022-07-22,51,51,24.613903,26.678778,22.825794,88.3659,1.6656523,19.603655,93.969376,80.99937,2.4469917,1.0617818
24.5,120.5,2022-06-01,2022-07-22,51,51,26.916399,28.178833,25.920004,86.46713,3.7174537,10.670382,90.67188,81.38967,4.8475304,2.591034
24.5,120.5,2022-06-01,2022-07-23,52,51,26.979658,28.162933,25.977884,86.31424,3.7404115,8.313946,90.630455,81.338425,4.715261,2.7785265
23.5,120.5,2022-06-01,2022-07-23,52,51,24.595888,26.648016,22.747202,88.1238,1.6305106,13.502532,94.211525,80.54683,2.4028025,1.0940739
23.5,121.5,2022-06-01,2022-07-23,52,51,24.511406,25.993586,23.302755,87.963036,1.7689819,10.398715,92.12158,82.57135,2.6183898,1.0223709
24.5,121.5,2022-06-01,2022-07-23,52,51,23.835987,25.70556,22.288074,87.598755,1.6240844,9.616628,93.381424,80.12109,2.2672038,1.0500987
22.5,120.5,2022-06-01,2022-07-23,52,51,26.68328,27.87798,25.715748,87.07685,2.642649,16.566257,91.027534,81.83133,3.6691751,1.7595143
22.5,121.5,2022-06-01,2022-07-23,52,51,27.657986,28.389282,27.066172,85.716675,4.544209,8.655025,88.52934,82.21625,5.7921934,3.3819196
23.5,120.5,2022-06-01,2022-07-24,53,51,24.77399,26.98043,22.945246,87.90799,1.6574826,13.872932,94.058,79.908195,2.4281785,1.0725453
24.5,120.5,2022-06-01,2022-07-24,53,51,27.075901,28.33268,26.036417,85.94042,3.9202404,7.6455507,90.494316,80.82949,4.9881334,2.9820623
24.5,121.5,2022-06-01,2022-07-24,53,51,23.864992,25.818163,22.31433,87.4991,1.70054,12.740191,93.14645,79.90559,2.3788161,1.0772408
23.5,121.5,2022-06-01,2022-07-24,53,51,24.576084,26.104162,23.34804,87.96994,1.6411427,12.500239,92.24027,82.024254,2.4959438,0.89225703
22.5,121.5,2022-06-01,2022-07-24,53,51,27.752611,28.564745,27.077673,85.79279,4.4925375,8.50483,88.77418,82.107994,5.940255,3.038034
22.5,120.5,2022-06-01,2022-07-24,53,51,26.85585,28.19367,25.789253,86.88123,2.7201264,12.816186,91.40817,81.37163,3.7314942,1.8594828
23.5,121.5,2022-06-01,2022-07-25,54,51,24.591415,26.136436,23.419561,87.931465,1.7782059,14.129041,92.41248,82.08229,2.6652272,1.0229287
24.5,121.5,2022-06-01,2022-07-25,54,51,23.845907,25.678257,22.294958,87.63828,1.8208977,14.352836,93.34975,80.258,2.531603,1.1798167
22.5,120.5,2022-06-01,2022-07-25,54,51,26.864738,28.275467,25.729408,86.92423,2.918595,16.418457,91.30252,81.13607,3.913186,2.0020323
22.5,121.5,2022-06-01,2022-07-25,54,51,27.757795,28.64538,27.0774,85.76588,4.9611588,9.374881,88.871056,81.63949,6.4112406,3.5892074
24.5,120.5,2022-06-01,2022-07-25,54,51,27.087997,28.400661,26.044779,86.18963,4.202676,10.116278,90.36428,80.96377,5.3891644,3.2215614
23.5,120.5,2022-06-01,2022-07-25,54,51,24.819252,27.086264,22.980072,87.91544,1.8128635,19.273945,93.89313,79.67264,2.6180973,1.1357254
22.5,121.5,2022-06-01,2022-07-26,55,51,27.607563,28.374756,26.988302,86.3132,5.13725,14.328302,89.29543,82.66094,6.5421004,3.7147713
22.5,120.5,2022-06-01,2022-07-26,55,51,26.756,27.978504,25.713943,87.39836,3.099932,23.638557,91.77652,82.13529,4.124812,2.1380818
24.5,120.5,2022-06-01,2022-07-26,55,51,27.02805,28.349733,25.971464,86.55247,4.2949176,14.112884,90.92319,81.56383,5.4493623,3.31423
23.5,120.5,2022-06-01,2022-07-26,55,51,24.811426,26.898584,23.077261,88.117455,1.8811859,25.199142,93.75542,80.24219,2.6614025,1.2413214
23.5,121.5,2022-06-01,2022-07-26,55,51,24.568653,25.989765,23.484951,87.87846,1.9743114,18.7725,91.76252,82.37155,2.8920543,1.2111434
24.5,121.5,2022-06-01,2022-07-26,55,51,23.854652,25.652506,22.410954,87.85785,1.8876793,19.07947,93.146965,80.81339,2.6132028,1.1979614
22.5,120.5,2022-06-01,2022-07-27,56,51,26.705141,27.91656,25.687471,87.65741,3.040416,22.437002,91.97501,82.127625,4.169001,2.0214612
23.5,120.5,2022-06-01,2022-07-27,56,51,24.537163,26.578955,22.72917,88.69174,1.848948,20.964977,94.375084,80.823654,2.7555792,1.1056541
24.5,120.5,2022-06-01,2022-07-27,56,51,26.864683,28.04915,25.837824,86.86791,3.9368298,12.999291,91.33718,81.746346,5.221044,2.7639446
24.5,121.5,2022-06-01,2022-07-27,56,51,23.764442,25.569113,22.310099,87.94692,1.781023,13.798733,93.65689,80.33406,2.4992945,1.0725594
23.5,121.5,2022-06-01,2022-07-27,56,51,24.454624,25.82216,23.30667,88.06072,1.986436,14.208027,92.27658,82.56922,2.88881,1.2257925
22.5,121.5,2022-06-01,2022-07-27,56,51,27.58803,28.340414,26.979937,86.30291,4.9310217,11.132334,89.175644,82.759796,6.2004395,3.6547265
24.5,121.5,2022-06-01,2022-07-28,57,51,23.8323,25.660475,22.339643,88.03851,1.5065055,8.966783,93.705765,80.16841,2.1555521,0.9118676
24.5,120.5,2022-06-01,2022-07-28,57,51,26.961952,28.096766,26.063751,86.40232,3.689925,6.8419213,90.38067,81.63541,4.730703,2.6336777
22.5,121.5,2022-06-01,2022-07-28,57,51,27.719057,28.581251,27.027119,85.96244,4.5781574,5.3190346,89.373474,81.76231,5.8211265,3.2623339
23.5,121.5,2022-06-01,2022-07-28,57,51,24.600634,26.242668,23.360846,87.84612,1.6649698,8.663402,92.37504,81.1693,2.6341352,0.94739443
23.5,120.5,2022-06-01,2022-07-28,57,51,24.738703,26.892944,22.925522,88.166214,1.699353,12.789857,94.07935,79.94422,2.4669693,1.1347332
22.5,120.5,2022-06-01,2022-07-28,57,51,26.790356,28.186089,25.744535,87.38338,2.7906444,13.528263,91.89664,81.26693,3.9041088,1.851755
23.5,120.5,2022-06-01,2022-07-29,58,51,24.826677,27.084791,22.956924,88.19081,1.5518076,9.80811,94.347206,79.1333,2.3683517,0.97316533
24.5,120.5,2022-06-01,2022-07-29,58,51,27.101973,28.36609,26.011374,86.11074,3.487649,5.3866515,91.13729,80.488174,4.58968,2.5116751
22.5,121.5,2022-06-01,2022-07-29,58,51,27.843498,28.683893,27.180159,85.71408,4.0587144,5.5458217,89.10633,81.46947,5.2079725,2.9241889
24.5,121.5,2022-06-01,2022-07-29,58,51,23.908018,25.870293,22.252764,87.28317,1.4088398,7.611443,93.394394,79.06401,1.9843469,0.876911
23.5,121.5,2022-06-01,2022-07-29,58,51,24.611689,26.15629,23.43351,87.67588,1.392887,7.8537884,92.30867,81.26627,2.2628474,0.7560918
22.5,120.5,2022-06-01,2022-07-29,58,51,26.936386,28.376265,25.85053,86.79282,2.5521748,11.179606,91.342255,80.20883,3.535102,1.6423029
23.5,120.5,2022-06-01,2022-07-30,59,51,24.7733,27.055313,22.895376,87.84867,1.474664,11.46683,94.373436,78.56374,2.1966836,0.9401805
24.5,121.5,2022-06-01,2022-07-30,59,51,23.880732,25.806347,22.189991,87.46395,1.3783779,8.4324255,93.93893,79.56306,2.0880735,0.7635175
24.5,120.5,2022-06-01,2022-07-30,59,51,27.066385,28.32574,25.971933,85.96063,3.341738,7.2595935,90.69242,80.69938,4.3326316,2.444021
22.5,121.5,2022-06-01,2022-07-30,59,51,27.839104,28.646952,27.198742,85.49705,3.997291,4.8965755,88.58649,81.51505,5.082768,2.8286462
22.5,120.5,2022-06-01,2022-07-30,59,51,27.018791,28.557476,25.870466,86.142845,2.3506594,11.42255,91.27438,79.09721,3.3152575,1.5519947
23.5,121.5,2022-06-01,2022-07-30,59,51,24.629564,26.189754,23.432335,87.402,1.4601599,7.541432,92.15797,80.61754,2.3142674,0.76995534
22.5,121.5,2022-06-01,2022-07-31,60,51,27.83497,28.608896,27.19087,85.39482,3.9966497,6.5271716,88.707924,81.51605,5.2425985,2.6236243
24.5,120.5,2022-06-01,2022-07-31,60,51,27.029182,28.36876,25.964533,86.03396,3.3752503,9.436514,90.69831,80.186775,4.392888,2.3862252
24.5,121.5,2022-06-01,2022-07-31,60,51,23.767693,25.786322,22.177967,88.27676,1.4189502,11.414771,94.157265,79.73992,2.1596813,0.80140036
22.5,120.5,2022-06-01,2022-07-31,60,51,26.911304,28.405272,25.787348,86.78049,2.4153378,17.882105,91.82727,80.302795,3.5155134,1.5088648
23.5,121.5,2022-06-01,2022-07-31,60,51,24.574564,26.031666,23.45026,88.04444,1.4921582,9.691425,92.15258,82.06248,2.4365597,0.73614466
23.5,120.5,2022-06-01,2022-07-31,60,51,24.770767,27.127401,22.851213,87.96412,1.4854594,16.867844,94.41467,78.58907,2.4077592,0.8335402
24.5,121.5,2022-06-01,2022-08-01,61,51,23.816992,25.787577,22.326992,87.839584,1.3436639,8.785472,93.87939,79.317726,1.9802219,0.7594255
23.5,120.5,2022-06-01,2022-08-01,61,51,24.73749,26.95686,22.947338,88.20907,1.4882715,15.849993,94.357376,79.30705,2.4375103,0.79222614
22.5,120.5,2022-06-01,2022-08-01,61,51,26.969212,28.39359,25.827616,86.18517,2.4586055,15.695011,91.18726,79.82962,3.5460894,1.567428
23.5,121.5,2022-06-01,2022-08-01,61,51,24.579084,26.076256,23.45886,88.11945,1.3533283,11.168836,92.27843,82.07369,2.186806,0.6474707
22.5,121.5,2022-06-01,2022-08-01,61,51,27.924616,28.74881,27.273727,84.96894,3.7347553,6.8209777,88.15922,80.87407,5.0273986,2.3288872
24.5,120.5,2022-06-01,2022-08-01,61,51,26.948225,28.208992,25.96145,86.4654,3.348305,6.9777546,90.96246,80.76347,4.437938,2.259841
24.5,121.5,2022-06-01,2022-08-02,62,51,23.872335,25.816002,22.292013,87.48253,1.3057292,7.955514,93.674774,79.120384,1.9352131,0.7117429
23.5,120.5,2022-06-01,2022-08-02,62,51,24.858099,27.186924,22.954855,87.66745,1.3822228,12.33329,94.24736,78.13141,2.1337214,0.79416215
24.5,120.5,2022-06-01,2022-08-02,62,51,27.057098,28.395807,26.01465,85.912926,3.3497193,6.652832,90.76807,80.170135,4.296887,2.4639215
22.5,121.5,2022-06-01,2022-08-02,62,51,27.92956,28.769653,27.25233,85.358475,3.8863046,6.216012,88.75642,81.35036,5.1150355,2.5675292
23.5,121.5,2022-06-01,2022-08-02,62,51,24.613834,26.126877,23.488287,87.57941,1.4484024,8.590998,92.2653,81.03436,2.3013122,0.7607677
22.5,120.5,2022-06-01,2022-08-02,62,51,27.007915,28.428146,25.878218,86.447105,2.320585,13.774199,91.62542,79.936775,3.3217714,1.5110297
23.5,120.5,2022-06-01,2022-08-03,63,51,24.83246,27.052225,23.008327,88.40263,1.3924074,12.86286,94.91418,79.215065,2.1598885,0.8170853
22.5,121.5,2022-06-01,2022-08-03,63,51,27.96486,28.733664,27.368753,85.56244,4.084982,6.8766274,88.1807,82.173706,5.1937685,2.900243
22.5,120.5,2022-06-01,2022-08-03,63,51,26.98984,28.41952,25.937979,86.82487,2.3050146,12.227376,91.36801,80.71033,3.3788126,1.3615407
24.5,120.5,2022-06-01,2022-08-03,63,51,27.084404,28.38768,26.021591,86.51051,3.2205784,7.9064465,91.324295,80.6896,4.154807,2.3394341
23.5,121.5,2022-06-01,2022-08-03,63,51,24.6438,26.049658,23.601446,87.98653,1.4996561,11.646944,92.05492,81.821075,2.3174975,0.8724036
24.5,121.5,2022-06-01,2022-08-03,63,51,23.930536,25.912333,22.41291,87.710945,1.3668988,10.405896,93.74436,79.09179,2.022318,0.79832655
22.5,121.5,2022-06-01,2022-08-04,64,51,27.952044,28.789995,27.308065,85.409744,3.8668518,8.309757,88.59215,81.3952,5.0965405,2.630146
22.5,120.5,2022-06-01,2022-08-04,64,51,27.06743,28.554234,25.932524,86.43011,2.5323899,14.315736,91.33929,79.7816,3.4832034,1.6780447
24.5,120.5,2022-06-01,2022-08-04,64,51,27.187078,28.569935,26.109207,86.20332,3.2353387,6.98314,90.98944,80.26222,4.23213,2.220436
24.5,121.5,2022-06-01,2022-08-04,64,51,23.927332,25.887121,22.371414,87.73737,1.4490252,8.406096,94.02902,79.02736,2.096187,0.8076389
23.5,120.5,2022-06-01,2022-08-04,64,51,24.844545,27.101261,22.909742,88.07703,1.4794742,15.523873,94.662025,78.7964,2.292534,0.8805595
23.5,121.5,2022-06-01,2022-08-04,64,51,24.637877,26.120594,23.478926,87.817894,1.4618778,11.228674,92.043304,81.69265,2.363654,0.78203017
22.5,120.5,2022-06-01,2022-08-05,65,51,27.059317,28.540422,25.924543,86.41042,2.5897214,16.536938,91.11854,79.7828,3.6108763,1.6798508
22.5,121.5,2022-06-01,2022-08-05,65,51,27.977955,28.799278,27.33313,85.042885,4.2438765,10.759541,88.218155,81.04204,5.505422,3.121668
23.5,121.5,2022-06-01,2022-08-05,65,51,24.647781,26.11749,23.486137,87.50647,1.3289905,12.154373,92.161934,81.01389,2.1435077,0.66419137
24.5,120.5,2022-06-01,2022-08-05,65,51,27.171343,28.548862,26.120504,86.44644,3.312127,8.397121,91.31678,80.596535,4.312276,2.3856652
24.5,121.5,2022-06-01,2022-08-05,65,51,23.914976,25.840166,22.431837,87.681404,1.4214277,10.125852,93.85209,78.693054,2.0292373,0.82839787
23.5,120.5,2022-06-01,2022-08-05,65,51,24.846981,27.33359,22.82819,88.12723,1.496247,18.196854,94.73078,78.43533,2.2801545,0.9038713
23.5,120.5,2022-06-01,2022-08-06,66,51,24.722862,27.085945,22.894083,88.86569,1.6086383,22.597368,94.47878,79.95504,2.415949,1.014422
23.5,121.5,2022-06-01,2022-08-06,66,51,24.623129,26.107391,23.535831,87.87947,1.7759368,14.813591,91.84525,82.02573,2.6735256,0.9619047
24.5,120.5,2022-06-01,2022-08-06,66,51,27.153248,28.490881,26.093378,86.55084,3.492027,10.256898,90.874405,81.11575,4.6111536,2.47776
24.5,121.5,2022-06-01,2022-08-06,66,51,23.928879,25.728434,22.473297,88.11793,1.612965,12.539134,93.67759,80.51124,2.3427198,0.9745377
22.5,121.5,2022-06-01,2022-08-06,66,51,27.813854,28.557533,27.23172,85.54273,4.424503,10.909137,88.392876,81.92808,5.456102,3.4369345
22.5,120.5,2022-06-01,2022-08-06,66,51,26.864185,28.226261,25.81786,87.17448,2.8311365,22.465725,91.174644,81.61974,3.86879,1.8861296
22.5,120.5,2022-06-01,2022-08-07,67,51,26.825008,28.170666,25.788092,87.11109,2.80863,19.430721,91.570946,81.50398,3.812322,1.8983607
22.5,121.5,2022-06-01,2022-08-07,67,51,27.840519,28.655676,27.142012,85.385414,4.3374147,9.660908,88.43011,81.59379,5.6178455,3.0685406
24.5,121.5,2022-06-01,2022-08-07,67,51,23.866034,25.720566,22.376577,88.19266,1.6400424,11.12276,93.533005,81.15865,2.308367,1.0187136
23.5,120.5,2022-06-01,2022-08-07,67,51,24.643187,26.715448,22.946674,88.8469,1.6880382,18.73121,94.22588,81.210556,2.4855244,1.0579602
24.5,120.5,2022-06-01,2022-08-07,67,51,27.0363,28.24873,26.06747,86.542435,3.608052,12.366201,90.82682,81.6574,4.808637,2.5350106
23.5,121.5,2022-06-01,2022-08-07,67,51,24.604258,26.043848,23.471918,88.075005,1.8275051,12.5882015,92.18866,82.451584,2.7866876,1.0291492
22.5,121.5,2022-06-01,2022-08-08,68,51,27.791313,28.642345,27.161709,84.89014,4.4174,8.750168,88.13908,80.61986,5.7540536,3.0293825
22.5,120.5,2022-06-01,2022-08-08,68,51,26.801796,28.150183,25.837208,86.86947,2.6303573,17.721138,91.01112,81.07478,3.6521938,1.7239953
23.5,121.5,2022-06-01,2022-08-08,68,51,24.52831,25.99157,23.340895,87.84999,1.8026658,10.407691,92.35832,81.79707,2.6512496,1.1021324
24.5,120.5,2022-06-01,2022-08-08,68,51,27.027056,28.3275,26.025745,86.46767,3.7068567,12.667787,90.82173,81.06224,4.792977,2.6449177
23.5,120.5,2022-06-01,2022-08-08,68,51,24.654278,26.832691,22.808237,88.40765,1.7286044,18.941244,94.40817,80.20994,2.541236,1.0896307
24.5,121.5,2022-06-01,2022-08-08,68,51,23.75878,25.69891,22.287241,87.97251,1.5918378,9.538837,93.63093,79.484344,2.3318398,0.9404153
22.5,120.5,2022-06-01,2022-08-09,69,51,26.838972,28.155348,25.83465,86.82783,2.4450023,12.422449,91.19797,80.8323,3.3864026,1.5619913
22.5,121.5,2022-06-01,2022-08-09,69,51,27.87522,28.73287,27.230988,85.056725,4.4515247,7.2224936,88.27295,81.023254,6.0307436,3.1494596
24.5,121.5,2022-06-01,2022-08-09,69,51,23.71673,25.329687,22.326078,88.53144,1.6163882,13.190774,93.622665,81.718445,2.2610745,1.0217332
24.5,120.5,2022-06-01,2022-08-09,69,51,27.047564,28.273436,26.02165,86.63087,3.8276157,7.929185,90.818665,81.58317,5.027771,2.678871
23.5,121.5,2022-06-01,2022-08-09,69,51,24.565756,25.94607,23.49782,88.17243,1.627819,12.907141,92.208725,82.69506,2.5388732,0.9531482
23.5,120.5,2022-06-01,2022-08-09,69,51,24.709856,26.844118,22.882408,88.45096,1.6656185,13.485179,94.222176,80.45811,2.4891996,0.98278403
23.5,121.5,2022-06-01,2022-08-10,70,51,24.528692,25.906158,23.412544,88.472626,1.7738056,13.157265,92.39892,83.26531,2.6616373,1.0757633
24.5,121.5,2022-06-01,2022-08-10,70,51,23.722988,25.449425,22.288885,88.804955,1.6403813,15.656714,93.99053,82.084015,2.4112113,0.9900924
23.5,120.5,2022-06-01,2022-08-10,70,51,24.643955,26.818644,22.886381,88.95747,1.7389914,15.891879,94.63161,80.611374,2.6036866,1.0249037
24.5,120.5,2022-06-01,2022-08-10,70,51,27.00648,28.264023,25.996254,86.75496,4.039185,8.95302,90.889496,81.65309,5.205762,2.8611624
22.5,121.5,2022-06-01,2022-08-10,70,51,27.811588,28.639524,27.169693,85.75388,4.726044,8.185891,88.70824,82.01458,6.048173,3.355014
22.5,120.5,2022-06-01,2022-08-10,70,51,26.842627,28.138334,25.82588,87.16617,2.5733163,14.085359,91.530266,81.49016,3.6365333,1.6773963
24.5,120.5,2022-06-01,2022-08-11,71,51,27.057024,28.362959,25.999323,86.7091,3.9984176,9.0834675,91.26415,81.5175,5.167378,2.9330475
22.5,121.5,2022-06-01,2022-08-11,71,51,27.792116,28.557535,27.16257,85.90933,4.931745,8.374382,88.628296,82.505516,6.1452327,3.6580403
23.5,120.5,2022-06-01,2022-08-11,71,51,24.70773,26.908863,22.880692,88.724724,1.7089232,18.13522,94.5909,80.5507,2.5260425,1.1345663
23.5,121.5,2022-06-01,2022-08-11,71,51,24.550676,25.971903,23.427496,88.5094,1.6971025,13.556985,92.53764,83.15735,2.5295508,0.95655215
22.5,120.5,2022-06-01,2022-08-11,71,51,26.838696,28.169693,25.761713,87.00974,2.5216935,15.761432,91.39641,81.475624,3.563819,1.6645237
24.5,121.5,2022-06-01,2022-08-11,71,51,23.778511,25.678799,22.244535,88.203476,1.5207542,14.837527,93.380516,81.105896,2.1943204,0.9252235
24.5,121.5,2022-06-01,2022-08-12,72,51,23.803999,25.666946,22.32358,87.8979,1.5521022,13.317034,93.609,79.990944,2.2683918,0.9378903
22.5,121.5,2022-06-01,2022-08-12,72,51,27.765118,28.60421,27.107862,85.97078,4.6244497,11.787564,88.892654,82.291756,5.845072,3.382909
23.5,121.5,2022-06-01,2022-08-12,72,51,24.556967,26.102457,23.355986,88.092575,1.6848567,15.227075,92.44926,81.811935,2.5583,0.84224683
24.5,120.5,2022-06-01,2022-08-12,72,51,27.11644,28.466963,26.031548,86.69708,3.8450449,12.230369,91.301605,80.855446,5.087893,2.7097492
23.5,120.5,2022-06-01,2022-08-12,72,51,24.774683,27.189947,22.850225,88.5414,1.7263616,21.824856,94.78508,79.38444,2.5743208,1.0713285
22.5,120.5,2022-06-01,2022-08-12,72,51,26.888834,28.315298,25.800343,87.08339,2.5292225,19.229067,91.609024,80.89574,3.5541055,1.6454834
23.5,121.5,2022-06-01,2022-08-13,73,51,24.54327,26.059996,23.368214,87.97707,1.7372724,13.616824,92.100914,82.32211,2.708213,0.8741951
22.5,121.5,2022-06-01,2022-08-13,73,51,27.800968,28.599197,27.172558,85.64501,4.7145042,12.798833,88.660706,81.798706,6.321252,3.1615558
22.5,120.5,2022-06-01,2022-08-13,73,51,26.853243,28.25689,25.786293,87.18359,2.9234478,21.77519,91.339355,81.2479,4.0189767,1.9514256
24.5,120.5,2022-06-01,2022-08-13,73,51,27.174646,28.491909,26.12621,86.566895,3.6522136,9.496951,90.73902,81.35094,4.881709,2.5612016
23.5,120.5,2022-06-01,2022-08-13,73,51,24.75414,26.992466,22.965595,88.69141,1.604377,20.973953,94.327065,80.221054,2.3332233,1.0613279
24.5,121.5,2022-06-01,2022-08-13,73,51,23.841715,25.700464,22.322153,87.69628,1.6020789,9.333591,93.18094,80.30505,2.2541144,0.93994844
24.5,120.5,2022-06-01,2022-08-14,74,51,27.14946,28.409416,26.097673,86.307106,3.879743,10.359221,90.55258,81.31175,5.051013,2.7154193
23.5,121.5,2022-06-01,2022-08-14,74,51,24.529285,25.913668,23.427868,88.006165,2.1148138,14.728023,91.85225,82.57986,3.054966,1.2461832
24.5,121.5,2022-06-01,2022-08-14,74,51,23.878702,25.63568,22.397825,87.74392,1.6864595,11.794147,93.265594,80.61115,2.3759406,1.0584737
23.5,120.5,2022-06-01,2022-08-14,74,51,24.697676,26.794577,22.954006,88.47772,1.8143454,25.838217,93.91871,80.991776,2.6443388,1.1357944
22.5,121.5,2022-06-01,2022-08-14,74,51,27.79201,28.51677,27.180023,85.67341,5.2798033,11.552998,88.4626,82.392555,6.773348,3.788926
22.5,120.5,2022-06-01,2022-08-14,74,51,26.75509,27.958141,25.798483,87.40523,3.1991131,24.758732,91.49539,82.38062,4.238573,2.243004
22.5,120.5,2022-06-01,2022-08-15,75,51,26.708841,27.939867,25.748154,87.81627,3.1574929,25.15905,91.670265,82.87629,4.195354,2.2789965
24.5,121.5,2022-06-01,2022-08-15,75,51,23.842602,25.60832,22.351446,88.3459,1.5030934,12.189678,93.71725,81.226814,2.2092984,0.8813453
23.5,120.5,2022-06-01,2022-08-15,75,51,24.591787,26.5971,22.828001,88.92345,1.9760832,24.350035,93.91062,81.90355,2.7533584,1.3441132
24.5,120.5,2022-06-01,2022-08-15,75,51,27.024452,28.164057,26.03952,86.590515,3.969575,10.204839,90.365654,82.05699,5.0005784,3.0045788
22.5,121.5,2022-06-01,2022-08-15,75,51,27.784399,28.54254,27.226456,85.82246,5.1642933,10.2934,88.56081,82.24556,6.2071157,3.9941711
23.5,121.5,2022-06-01,2022-08-15,75,51,24.578268,25.93118,23.480074,88.45673,2.0397708,13.106402,92.226265,83.3856,2.903949,1.2593406
22.5,121.5,2022-06-01,2022-08-16,76,51,27.94272,28.731514,27.31683,85.403496,5.0756574,5.1730285,88.34431,81.58424,6.3418765,3.8083417
22.5,120.5,2022-06-01,2022-08-16,76,51,26.73548,27.925508,25.74224,87.54044,2.6225398,17.310648,91.55002,82.30773,3.8056068,1.6687993
23.5,121.5,2022-06-01,2022-08-16,76,51,24.642494,26.077963,23.544641,88.27735,1.7329149,10.391535,92.1383,82.82388,2.591006,1.0272515
24.5,120.5,2022-06-01,2022-08-16,76,51,26.994621,28.200922,25.972822,86.34787,4.23523,9.70818,90.25038,81.86557,5.2586412,3.1599488
24.5,121.5,2022-06-01,2022-08-16,76,51,23.894476,25.748556,22.423496,88.1489,1.4002486,11.658313,93.36043,80.85974,1.9386199,0.91352016
23.5,120.5,2022-06-01,2022-08-16,76,51,24.578989,26.616127,22.901867,88.78017,1.9088862,16.08396,93.97109,81.301895,2.7521996,1.2754431
24.5,120.5,2022-06-01,2022-08-17,77,51,27.018671,28.202925,26.011368,86.27422,4.0734005,8.987726,90.75631,81.396484,5.140305,3.0097413
22.5,121.5,2022-06-01,2022-08-17,77,51,27.843954,28.677423,27.157639,85.784004,4.969949,5.695418,88.829315,81.99719,6.220133,3.7574573
24.5,121.5,2022-06-01,2022-08-17,77,51,23.88158,25.676634,22.363266,87.82735,1.4463536,10.567459,93.113205,80.64446,2.0941448,0.83083224
23.5,121.5,2022-06-01,2022-08-17,77,51,24.632355,26.064926,23.474722,87.988396,1.5608212,10.360418,91.8507,82.58786,2.4229639,0.8516072
23.5,120.5,2022-06-01,2022-08-17,77,51,24.670431,26.835167,22.820879,88.58187,1.7725629,16.435211,93.929054,80.9084,2.5170708,1.1461554
22.5,120.5,2022-06-01,2022-08-17,77,51,26.772732,28.123447,25.660807,87.375824,2.6264386,14.984131,91.72471,81.669044,3.6364655,1.6493927
24.5,120.5,2022-06-01,2022-08-18,78,51,26.924673,28.212906,25.890919,86.54771,4.0335336,12.154373,90.72524,81.742714,5.203837,2.8767028
23.5,121.5,2022-06-01,2022-08-18,78,51,24.622906,26.142223,23.44376,87.93928,1.5747409,13.156068,92.12476,81.9147,2.5451143,0.81740934
22.5,121.5,2022-06-01,2022-08-18,78,51,27.829659,28.645384,27.174623,85.495094,4.9337096,7.8053193,88.37982,81.800934,6.333922,3.6418762
23.5,120.5,2022-06-01,2022-08-18,78,51,24.567673,26.796253,22.80299,88.84701,1.847554,20.90514,94.51232,80.60826,2.6853871,1.1596388
24.5,121.5,2022-06-01,2022-08-18,78,51,23.769936,25.577833,22.32557,87.933304,1.5803876,13.525271,93.43078,80.56678,2.293993,1.0014664
22.5,120.5,2022-06-01,2022-08-18,78,51,26.731152,28.077526,25.686844,87.3798,2.9781115,18.247118,91.771225,81.632286,4.0541515,2.0222628
23.5,120.5,2022-06-01,2022-08-19,79,51,24.447014,26.514246,22.763268,89.444305,1.8538288,27.340757,94.60747,82.00169,2.7955472,1.098842
22.5,120.5,2022-06-01,2022-08-19,79,51,26.584078,27.827063,25.56496,87.800156,3.1307337,20.215801,91.7877,82.28504,4.2319026,2.0738833
24.5,121.5,2022-06-01,2022-08-19,79,51,23.658833,25.27793,22.314568,88.4623,1.7947712,17.42853,93.432594,81.71142,2.4791465,1.1012043
23.5,121.5,2022-06-01,2022-08-19,79,51,24.512655,25.919916,23.437502,88.036804,1.803021,14.632281,91.84915,82.63949,2.7354198,1.0079409
22.5,121.5,2022-06-01,2022-08-19,79,51,27.746073,28.507626,27.10435,85.599686,5.0578547,8.444393,88.46172,82.07985,6.466161,3.563127
24.5,120.5,2022-06-01,2022-08-19,79,51,26.79941,27.935413,25.871353,87.18746,4.0398397,16.271852,90.85881,82.828064,5.1567016,2.8603935
23.5,120.5,2022-06-01,2022-08-20,80,51,24.382801,26.437046,22.788385,89.27981,2.0277123,30.125038,94.42371,81.990906,2.9752612,1.2487363
23.5,121.5,2022-06-01,2022-08-20,80,51,24.401575,25.722542,23.363337,88.39649,1.9704313,21.872128,92.05285,83.399124,2.8870747,1.1310996
24.5,120.5,2022-06-01,2022-08-20,80,51,26.814182,27.986452,25.869152,86.66178,4.3014913,16.266468,90.72301,82.03107,5.5209093,3.065886
22.5,121.5,2022-06-01,2022-08-20,80,51,27.642796,28.28435,27.086494,85.64994,5.3494763,14.138615,88.24973,82.61908,6.8148756,3.8653803
22.5,120.5,2022-06-01,2022-08-20,80,51,26.489092,27.69288,25.595776,88.17818,3.3134499,26.67715,91.81111,83.03941,4.5482163,2.1697867
24.5,121.5,2022-06-01,2022-08-20,80,51,23.632618,25.349255,22.23024,88.47107,1.9017544,19.141104,93.4078,81.68099,2.6893318,1.1709795
22.5,121.5,2022-06-01,2022-08-21,81,51,27.604681,28.359816,26.963276,85.65592,5.5394692,11.035396,88.61966,82.155846,6.7923827,4.158344
23.5,120.5,2022-06-01,2022-08-21,81,51,24.46938,26.621132,22.760962,88.48422,1.9721732,24.939444,94.05819,80.14673,2.920333,1.2556729
23.5,121.5,2022-06-01,2022-08-21,81,51,24.415783,25.736172,23.3681,87.81974,2.009793,14.026118,91.619896,82.388336,2.9499989,1.0617636
24.5,120.5,2022-06-01,2022-08-21,81,51,26.87452,28.181234,25.818422,85.776825,4.4448333,16.7727,90.040504,80.504326,5.8527637,3.0194576
22.5,120.5,2022-06-01,2022-08-21,81,51,26.567093,27.890673,25.525108,87.490166,3.049192,22.782867,91.5214,81.90294,4.1542788,2.1148193
24.5,121.5,2022-06-01,2022-08-21,81,51,23.601665,25.471645,22.128162,87.84819,1.8139806,13.535443,93.27236,80.29476,2.6118872,1.087975
22.5,120.5,2022-06-01,2022-08-22,82,51,26.550604,27.950747,25.504904,86.833084,2.9082887,21.2163,91.48505,80.34205,3.964377,1.9437851
23.5,120.5,2022-06-01,2022-08-22,82,51,24.354353,26.589077,22.556362,88.42359,1.7866377,21.97864,94.4654,79.49638,2.6119068,1.0894666
24.5,120.5,2022-06-01,2022-08-22,82,51,26.822836,28.0684,25.768023,86.034935,3.8840563,11.979646,90.715225,80.534134,5.1975374,2.609541
23.5,121.5,2022-06-01,2022-08-22,82,51,24.312515,25.695011,23.247583,87.661896,1.81257,10.744581,91.70249,81.99596,2.757743,0.9748071
24.5,121.5,2022-06-01,2022-08-22,82,51,23.558685,25.379827,22.147667,87.72381,1.6611786,9.532255,93.159,80.06889,2.4142783,0.9885771
22.5,121.5,2022-06-01,2022-08-22,82,51,27.52978,28.254028,26.939564,85.54842,4.956752,9.771609,88.41201,82.09365,6.35151,3.57287
23.5,120.5,2022-06-01,2022-08-23,83,51,24.358307,26.532557,22.63619,88.60279,1.7349179,17.567354,94.14099,80.3951,2.678484,0.9794537
24.5,121.5,2022-06-01,2022-08-23,83,51,23.55342,25.37942,22.047783,87.68131,1.6315817,10.392732,93.248055,80.05292,2.3288872,1.0362909
24.5,120.5,2022-06-01,2022-08-23,83,51,26.790924,28.09006,25.732935,86.196434,3.596897,8.859672,90.49619,81.072205,4.8339643,2.4330423
23.5,121.5,2022-06-01,2022-08-23,83,51,24.370045,25.833452,23.297728,87.75356,1.7594241,11.164646,91.665596,81.92263,2.7938504,0.8850062
22.5,121.5,2022-06-01,2022-08-23,83,51,27.609486,28.377468,27.00165,85.09301,4.726734,11.3573265,87.90713,81.356026,6.0393753,3.3659723
22.5,120.5,2022-06-01,2022-08-23,83,51,26.544275,27.835428,25.525812,87.01585,2.966473,22.635666,91.49481,81.229416,4.0422063,1.9812927
22.5,120.5,2022-06-01,2022-08-24,84,51,26.580957,27.994911,25.53726,87.09037,2.8577116,19.506119,91.59262,80.84261,3.799639,1.978558
23.5,120.5,2022-06-01,2022-08-24,84,51,24.373045,26.583607,22.57449,88.62287,1.6860303,18.417059,94.31065,80.59845,2.480233,0.9734441
24.5,121.5,2022-06-01,2022-08-24,84,51,23.56019,25.465128,22.045307,87.80237,1.6057451,13.086656,93.19426,80.28547,2.3319733,0.957284
23.5,121.5,2022-06-01,2022-08-24,84,51,24.399403,25.884893,23.259819,87.666504,1.5678284,12.508616,91.96564,81.73311,2.4698057,0.85057676
22.5,121.5,2022-06-01,2022-08-24,84,51,27.69662,28.556648,27.02506,85.00291,4.449125,10.1892805,88.33366,80.73009,5.81753,3.07103
24.5,120.5,2022-06-01,2022-08-24,84,51,26.746513,27.953964,25.76507,86.12076,3.4611402,9.028416,90.37499,81.20926,4.64265,2.4156797
23.5,120.5,2022-06-01,2022-08-25,85,51,24.430803,26.676235,22.587551,88.56418,1.6031125,17.019234,94.365395,80.132645,2.4051936,0.93486995
22.5,120.5,2022-06-01,2022-08-25,85,51,26.690817,28.104322,25.566923,86.81844,2.5621634,16.945034,91.702736,80.65074,3.5181143,1.66719
24.5,120.5,2022-06-01,2022-08-25,85,51,26.842587,28.105406,25.875608,86.098,3.553135,12.359021,90.39149,80.69301,4.7154536,2.4165833
22.5,121.5,2022-06-01,2022-08-25,85,51,27.727898,28.473848,27.09232,85.13166,4.1252027,8.43841,88.17387,81.55074,5.2720456,3.048867
23.5,121.5,2022-06-01,2022-08-25,85,51,24.425737,25.93006,23.31644,87.51774,1.6113346,10.673972,91.78832,81.36506,2.3937418,0.87991595
24.5,121.5,2022-06-01,2022-08-25,85,51,23.629486,25.533237,22.175566,87.715034,1.5707977,11.140711,93.29876,79.686386,2.3050113,0.9409226
24.5,121.5,2022-06-01,2022-08-26,86,51,23.621462,25.693098,22.036074,87.58245,1.6709632,8.52697,93.572945,78.533646,2.3280578,1.1126792
23.5,121.5,2022-06-01,2022-08-26,86,51,24.539566,26.180521,23.337667,87.17399,1.80226,9.873334,91.59543,80.26929,2.6801276,1.1128017
22.5,121.5,2022-06-01,2022-08-26,86,51,27.822567,28.644924,27.168716,84.980125,4.187079,6.5271716,88.36433,80.71942,5.4170704,2.9290612
24.5,120.5,2022-06-01,2022-08-26,86,51,26.859724,28.222826,25.778816,86.40677,3.742276,10.361615,90.89445,80.69363,4.7750154,2.6934276
22.5,120.5,2022-06-01,2022-08-26,86,51,26.754131,28.229624,25.633215,86.66702,2.5640128,16.706879,91.38615,79.99441,3.46065,1.7737561
23.5,120.5,2022-06-01,2022-08-26,86,51,24.430239,26.883032,22.456934,88.42286,1.8129437,19.168629,94.67176,78.82199,2.6655824,1.1672245
24.5,120.5,2022-06-01,2022-08-27,87,51,26.955873,28.22943,25.95748,85.92656,3.841445,10.919309,90.60521,80.34559,4.981351,2.6930451
22.5,121.5,2022-06-01,2022-08-27,87,51,27.92199,28.706152,27.258589,84.67232,4.3733244,7.0669136,88.073944,80.64683,5.575473,3.147459
23.5,120.5,2022-06-01,2022-08-27,87,51,24.53238,26.859892,22.702948,88.20823,1.8981562,18.610935,94.61005,78.73144,2.7307823,1.1771206
22.5,120.5,2022-06-01,2022-08-27,87,51,26.860247,28.38475,25.726324,86.39153,2.6062348,14.759737,91.457825,79.38293,3.6332664,1.6753908
23.5,121.5,2022-06-01,2022-08-27,87,51,24.591156,26.159586,23.399162,87.047615,1.884478,10.2251835,91.58213,80.55236,2.737624,1.2227244
24.5,121.5,2022-06-01,2022-08-27,87,51,23.681057,25.655083,22.126286,87.55304,1.7489507,11.128743,93.60127,79.350845,2.422897,1.1552153
24.5,120.5,2022-06-01,2022-08-28,88,51,26.973072,28.326,25.884512,86.005745,3.914269,10.586608,91.08128,79.715515,5.2527146,2.6426427
24.5,121.5,2022-06-01,2022-08-28,88,51,23.650587,25.628534,22.061808,87.605606,1.7684373,11.370491,93.89006,78.605644,2.5757244,0.9601985
22.5,120.5,2022-06-01,2022-08-28,88,51,26.875637,28.35948,25.811916,86.23183,2.6481955,14.993107,90.75405,79.48102,3.6511543,1.7319508
22.5,121.5,2022-06-01,2022-08-28,88,51,27.88346,28.676418,27.237152,84.85116,4.703537,7.914225,87.7507,81.13037,5.821231,3.4724786
23.5,121.5,2022-06-01,2022-08-28,88,51,24.568384,26.22707,23.291185,86.89116,2.1351957,10.342467,91.31467,79.938995,3.1476688,1.293746
23.5,120.5,2022-06-01,2022-08-28,88,51,24.53431,26.97768,22.639902,88.31598,1.8983907,18.80601,94.5551,78.31822,2.8406043,1.1006193
23.5,120.5,2022-06-01,2022-08-29,89,51,24.577724,27.015354,22.591824,87.813324,1.7451626,11.548809,94.40873,78.04433,2.5886714,1.1008155
24.5,120.5,2022-06-01,2022-08-29,89,51,26.989424,28.353537,25.918983,86.20822,3.6820824,6.3153434,90.90906,80.50942,4.7948766,2.488809
22.5,121.5,2022-06-01,2022-08-29,89,51,27.765858,28.580767,27.122158,85.43896,4.483969,10.056439,88.52598,81.63399,5.767743,3.1564949
22.5,120.5,2022-06-01,2022-08-29,89,51,26.960844,28.538877,25.813526,85.62912,2.5482128,10.501637,90.928406,78.4468,3.585136,1.6049958
23.5,121.5,2022-06-01,2022-08-29,89,51,24.47533,26.136246,23.241556,87.38733,1.9760793,9.194767,91.994225,81.11107,2.8267627,1.2187665
24.5,121.5,2022-06-01,2022-08-29,89,51,23.628439,25.619892,22.09947,87.83593,1.6029792,8.769915,93.558525,79.47398,2.2218895,1.0247182
23.5,121.5,2022-06-01,2022-08-30,90,51,24.323055,25.895056,23.152252,87.64306,1.8334633,14.023725,91.92616,80.943665,2.7403765,1.0216738
23.5,120.5,2022-06-01,2022-08-30,90,51,24.480837,27.03254,22.504705,88.20828,1.5840915,13.219497,94.879295,77.999916,2.3460712,0.9968324
24.5,120.5,2022-06-01,2022-08-30,90,51,26.96189,28.358616,25.841438,86.439,3.3379345,6.729425,91.21543,80.23384,4.546621,2.260253
24.5,121.5,2022-06-01,2022-08-30,90,51,23.558876,25.537428,22.03715,87.77493,1.8372616,11.910233,93.28506,79.3356,2.5995007,1.1464896
22.5,121.5,2022-06-01,2022-08-30,90,51,27.680984,28.420898,27.058764,85.42434,4.315203,13.787961,88.224655,82.103226,5.623215,2.9903967
22.5,120.5,2022-06-01,2022-08-30,90,51,26.866627,28.410795,25.678488,86.06067,2.564608,15.1032095,91.15028,79.05815,3.6735938,1.610462
23.5,121.5,2022-06-01,2022-08-31,91,51,24.345823,25.883429,23.171158,87.28889,2.0668147,13.652727,91.47683,81.31608,2.9418225,1.279776
24.5,120.5,2022-06-01,2022-08-31,91,51,26.916681,28.359034,25.752632,86.45845,3.050041,9.566961,91.48031,80.00697,4.4404616,1.7208846
23.5,120.5,2022-06-01,2022-08-31,91,51,24.482895,26.963547,22.464453,88.53697,1.476832,22.173714,95.31439,78.63478,2.1989036,0.88157445
22.5,121.5,2022-06-01,2022-08-31,91,51,27.636265,28.316788,27.026388,85.265465,4.4176154,13.345158,88.18058,81.84226,5.5214977,3.3489416
22.5,120.5,2022-06-01,2022-08-31,91,51,26.763304,28.234997,25.649464,86.37465,2.5376847,17.733706,91.00233,79.61289,3.5303898,1.6428088
24.5,121.5,2022-06-01,2022-08-31,91,51,23.466246,25.577446,21.88644,87.955536,1.7904752,10.735007,94.00296,79.301186,2.6544633,1.0702305
24.5,120.5,2022-06-01,2022-09-01,92,51,26.838724,28.19976,25.718113,86.669395,2.9397926,8.269666,91.60028,80.53416,4.2598014,1.6759942
23.5,121.5,2022-06-01,2022-09-01,92,51,24.348719,25.79143,23.249678,86.93777,1.9071573,10.8403225,91.1155,81.14208,2.7222424,1.1088384
24.5,121.5,2022-06-01,2022-09-01,92,51,23.52274,25.568548,21.922329,87.54966,1.7796131,9.369494,93.831985,78.67127,2.5930407,1.0480468
23.5,120.5,2022-06-01,2022-09-01,92,51,24.384823,26.739529,22.523737,88.73445,1.4421486,13.908835,95.08281,78.86094,2.1946228,0.8337465
22.5,121.5,2022-06-01,2022-09-01,92,51,27.68146,28.388126,27.084652,84.83453,4.181691,9.131338,87.64599,81.383896,5.322624,2.866605
22.5,120.5,2022-06-01,2022-09-01,92,51,26.77541,28.20475,25.649178,86.112465,2.199736,12.527765,91.136635,79.26997,3.0378742,1.3689905
24.5,120.5,2022-06-01,2022-09-02,93,51,26.730627,27.93594,25.716452,86.60089,2.8993537,6.5331554,90.91305,81.20774,4.0636086,1.747092
22.5,120.5,2022-06-01,2022-09-02,93,51,26.733624,28.097292,25.704487,86.10855,2.1323273,11.609844,90.79544,79.23576,2.9691498,1.3830918
23.5,121.5,2022-06-01,2022-09-02,93,51,24.377762,25.806305,23.283432,86.84166,1.7372272,10.841519,90.86641,80.85858,2.6229777,0.96752274
24.5,121.5,2022-06-01,2022-09-02,93,51,23.455034,25.372082,21.951166,87.9078,1.762663,10.166542,93.430275,80.177765,2.5279334,1.0474787
23.5,120.5,2022-06-01,2022-09-02,93,51,24.41289,26.78777,22.573675,88.787865,1.3359922,10.806813,95.104126,78.98166,2.0653286,0.7264153
22.5,121.5,2022-06-01,2022-09-02,93,51,27.66133,28.376307,27.055815,84.74999,3.764336,10.871438,87.66367,81.25925,4.9643493,2.4713175
22.5,120.5,2022-06-01,2022-09-03,94,51,26.754759,28.23916,25.615414,86.0208,2.3663719,13.950722,90.951805,79.061104,3.3561358,1.5812335
23.5,120.5,2022-06-01,2022-09-03,94,51,24.382822,26.721207,22.535112,88.08391,1.3596598,13.523476,94.4383,78.64377,2.0976737,0.6913159
24.5,121.5,2022-06-01,2022-09-03,94,51,23.357748,25.278534,21.851515,88.00469,1.8426691,10.802026,93.326965,79.69854,2.5514686,1.154155
23.5,121.5,2022-06-01,2022-09-03,94,51,24.29607,25.820585,23.146183,86.69664,1.7897598,11.283127,91.09171,80.52834,2.6418576,1.0812482
22.5,121.5,2022-06-01,2022-09-03,94,51,27.673225,28.44872,27.004486,84.4078,3.7389183,10.119868,87.57143,80.71537,4.899359,2.626326
24.5,120.5,2022-06-01,2022-09-03,94,51,26.781528,28.03817,25.750156,85.91813,2.9698963,9.186389,90.3484,80.204636,4.101781,1.8024194
22.5,120.5,2022-06-01,2022-09-04,95,51,26.727757,28.170689,25.696875,85.73123,2.2723758,16.019934,90.392426,78.95299,3.2898903,1.4033381
23.5,121.5,2022-06-01,2022-09-04,95,51,24.247643,25.673445,23.132706,87.01201,1.922513,11.728324,91.22834,81.33244,2.7807584,1.1376673
24.5,121.5,2022-06-01,2022-09-04,95,51,23.299582,25.272863,21.808912,87.94598,1.7268648,11.427936,93.74924,79.66994,2.4440265,1.0656935
23.5,120.5,2022-06-01,2022-09-04,95,51,24.387167,26.665709,22.612566,88.286125,1.4994924,14.663996,94.55439,79.04125,2.3141599,0.9039545
24.5,120.5,2022-06-01,2022-09-04,95,51,26.80527,28.111832,25.769417,85.66067,3.0822306,10.037292,90.38688,79.57505,4.344282,1.9586841
22.5,121.5,2022-06-01,2022-09-04,95,51,27.612293,28.300594,27.033798,84.208275,3.930435,11.471019,87.160614,80.652374,5.0310855,2.7963855
24.5,120.5,2022-06-01,2022-09-05,96,51,26.789795,28.038393,25.774498,85.46495,3.0328796,6.415872,90.43356,79.501976,4.27504,1.8233771
24.5,121.5,2022-06-01,2022-09-05,96,51,23.305075,25.231113,21.796986,87.67916,1.7263718,9.295296,93.500046,79.48622,2.5259695,1.050658
23.5,120.5,2022-06-01,2022-09-05,96,51,24.329,26.636934,22.476307,88.30977,1.4405565,11.747473,94.86208,78.40707,2.243535,0.81375474
23.5,121.5,2022-06-01,2022-09-05,96,51,24.194685,25.61666,23.112476,87.07707,1.833483,10.57105,91.238945,81.062874,2.7129247,1.0730078
22.5,121.5,2022-06-01,2022-09-05,96,51,27.671986,28.432627,27.018698,83.837036,3.9635632,8.382161,86.9657,80.04916,5.0962925,2.592229
22.5,120.5,2022-06-01,2022-09-05,96,51,26.793356,28.289806,25.747078,85.23468,2.039615,12.97775,89.88454,78.38197,2.88811,1.2871894
24.5,120.5,2022-06-01,2022-09-06,97,51,26.777805,28.161627,25.683912,85.20818,2.9395208,6.5929937,89.91492,78.95911,4.0593915,1.774426
22.5,120.5,2022-06-01,2022-09-06,97,51,26.796896,28.249018,25.679304,84.93645,1.8532681,10.247922,89.90388,77.901985,2.7076712,1.0888387
23.5,121.5,2022-06-01,2022-09-06,97,51,24.171753,25.666681,23.084621,86.82049,1.8556546,9.575339,90.844574,81.02535,2.6021857,1.1703979
22.5,121.5,2022-06-01,2022-09-06,97,51,27.568764,28.224787,26.977264,84.34747,3.971911,7.883109,87.22524,81.1082,5.082997,2.8065388
24.5,121.5,2022-06-01,2022-09-06,97,51,23.152079,25.080551,21.625534,87.89934,1.6651324,9.259392,93.47227,79.82609,2.3616495,1.000011
23.5,120.5,2022-06-01,2022-09-06,97,51,24.299768,26.764643,22.425756,88.104485,1.3929874,10.30058,94.49244,77.87692,2.1958218,0.75398177
23.5,121.5,2022-06-01,2022-09-07,98,51,24.18023,25.73438,23.072084,86.81378,1.9882339,15.2013445,91.19546,80.55227,2.8827553,1.1892484
24.5,120.5,2022-06-01,2022-09-07,98,51,26.737768,28.062006,25.694653,85.28952,3.3486347,7.4438953,90.32045,79.22342,4.737737,1.9560211
22.5,121.5,2022-06-01,2022-09-07,98,51,27.5862,28.281637,27.01773,84.30119,4.2610855,10.982738,87.283134,80.69749,5.511794,3.0866232
23.5,120.5,2022-06-01,2022-09-07,98,51,24.306578,26.879293,22.397827,87.99839,1.5551279,11.222092,94.57944,77.39515,2.4462295,0.8314348
24.5,121.5,2022-06-01,2022-09-07,98,51,23.152319,25.151592,21.647997,87.965,1.9624764,15.42155,93.65168,80.09012,2.7953491,1.1444201
22.5,120.5,2022-06-01,2022-09-07,98,51,26.854794,28.48955,25.639301,84.70778,2.1740448,11.821672,90.21823,76.7262,3.1802566,1.2019377
22.5,121.5,2022-06-01,2022-09-08,99,51,27.564014,28.288855,26.964582,84.7562,4.6964164,10.912128,87.644165,81.41627,5.9301133,3.3538697
22.5,120.5,2022-06-01,2022-09-08,99,51,26.740294,28.32158,25.652182,85.372635,2.562426,17.181995,90.260956,77.83001,3.6001143,1.6192617
24.5,121.5,2022-06-01,2022-09-08,99,51,23.22465,25.06963,21.926416,87.87662,2.1174502,14.12545,93.27989,79.98122,2.9575758,1.3391975
23.5,121.5,2022-06-01,2022-09-08,99,51,24.162342,25.622808,23.129591,86.919136,2.0394788,13.766419,90.92855,80.8543,3.0388794,0.9943433
24.5,120.5,2022-06-01,2022-09-08,99,51,26.75163,27.952776,25.828892,85.53561,3.3078437,7.976457,90.048645,80.01922,4.703684,1.8816316
23.5,120.5,2022-06-01,2022-09-08,99,51,24.25998,26.737585,22.453878,88.3033,1.549979,15.176212,94.79636,77.97729,2.4003117,0.8249344
22.5,121.5,2022-06-01,2022-09-09,100,51,27.494303,28.22864,26.867527,85.21322,4.7019086,9.279737,88.15476,81.68897,5.8381515,3.5020683
23.5,120.5,2022-06-01,2022-09-09,100,51,24.33856,26.644478,22.53692,88.11152,1.6676677,15.756644,94.60289,78.29867,2.4530504,1.0018513
24.5,121.5,2022-06-01,2022-09-09,100,51,23.316042,25.337608,21.794386,87.791916,1.9234318,8.708879,93.88557,79.27415,2.761558,1.1672605
24.5,120.5,2022-06-01,2022-09-09,100,51,26.793736,28.067886,25.715378,85.7208,3.4610655,9.186389,90.690025,79.74281,4.873113,2.1253197
22.5,120.5,2022-06-01,2022-09-09,100,51,26.734987,28.224672,25.595966,85.46037,2.5130124,13.245826,90.51461,78.52731,3.4628413,1.6856515
23.5,121.5,2022-06-01,2022-09-09,100,51,24.250717,25.815357,23.160788,86.77127,2.1176124,9.724935,91.21883,80.259155,2.942304,1.3640711
24.5,121.5,2022-06-01,2022-09-10,101,51,23.31356,25.35933,21.810238,87.68487,1.8913268,11.624206,93.4912,79.105316,2.752622,1.1734247
22.5,121.5,2022-06-01,2022-09-10,101,51,27.507982,28.158535,26.915716,85.000465,4.7605023,11.430329,87.6852,82.0142,5.869396,3.630829
24.5,120.5,2022-06-01,2022-09-10,101,51,26.8003,28.13151,25.737644,85.661804,3.3536825,8.832146,90.33417,79.84589,4.8467064,1.9577526
22.5,120.5,2022-06-01,2022-09-10,101,51,26.713263,28.209227,25.6116,85.57372,2.2847311,15.495749,90.50677,78.33764,3.2059448,1.4732037
23.5,121.5,2022-06-01,2022-09-10,101,51,24.161993,25.657595,23.012764,87.301056,2.1682467,12.957405,91.744705,80.996346,3.0522656,1.4493424
23.5,120.5,2022-06-01,2022-09-10,101,51,24.36794,26.841215,22.412975,87.93974,1.6061931,14.916513,94.65085,77.73178,2.3617334,0.97461873
22.5,121.5,2022-06-01,2022-09-11,102,51,27.561544,28.226992,26.990194,84.4016,4.113829,7.6928234,87.370636,81.010284,5.092872,3.0183067
23.5,121.5,2022-06-01,2022-09-11,102,51,24.162628,25.65743,23.056303,87.08038,2.0021338,10.515999,91.129944,81.05934,2.910472,1.1785975
22.5,120.5,2022-06-01,2022-09-11,102,51,26.75205,28.282442,25.67902,85.68967,2.206442,8.974562,90.1786,78.39696,2.931307,1.5027443
24.5,120.5,2022-06-01,2022-09-11,102,51,26.748106,27.988941,25.74694,85.69775,3.4418938,7.3373833,90.544464,79.8065,4.639522,2.2851539
23.5,120.5,2022-06-01,2022-09-11,102,51,24.354725,26.774868,22.481665,88.23603,1.5274515,10.482489,94.71068,78.10637,2.3480625,0.8637287
24.5,121.5,2022-06-01,2022-09-11,102,51,23.11809,24.859137,21.75354,88.63822,1.9251238,11.691224,93.94693,81.45885,2.7011416,1.2381614
24.5,120.5,2022-06-01,2022-09-12,103,51,26.77513,28.068079,25.723658,85.73016,3.6229088,5.508722,90.49278,79.66865,4.9819155,2.3077667
22.5,120.5,2022-06-01,2022-09-12,103,51,26.83649,28.326084,25.750727,85.220184,2.0130668,7.6904297,90.33808,77.97029,2.697002,1.351506
23.5,120.5,2022-06-01,2022-09-12,103,51,24.359306,26.822254,22.442902,88.52115,1.421973,9.283328,95.063484,78.475746,2.139826,0.8358051
22.5,121.5,2022-06-01,2022-09-12,103,51,27.546642,28.23688,26.909994,84.61006,3.8975163,7.941751,87.66838,80.95933,4.972623,2.75116
24.5,121.5,2022-06-01,2022-09-12,103,51,23.216583,25.19668,21.745522,88.02812,1.9500338,10.007372,93.81408,79.5031,2.751781,1.308491
23.5,121.5,2022-06-01,2022-09-12,103,51,24.208244,25.76078,23.060932,86.60961,1.9165716,8.56048,90.96304,80.25701,2.7431703,1.1894623
23.5,120.5,2022-06-01,2022-09-13,104,51,24.3259,26.807966,22.353786,88.559074,1.4089565,7.4079924,95.22075,78.04685,2.194685,0.8131357
24.5,120.5,2022-06-01,2022-09-13,104,51,26.748243,28.117365,25.612823,85.758965,3.6629307,5.266975,90.590775,79.89829,5.0238547,2.4814522
22.5,121.5,2022-06-01,2022-09-13,104,51,27.46193,28.178713,26.833431,85.08414,4.4084163,7.750268,88.056946,81.87362,5.483036,3.1964648
23.5,121.5,2022-06-01,2022-09-13,104,51,24.160831,25.709532,22.983776,86.73611,2.0878212,8.734012,91.30391,80.37936,2.905199,1.341358
24.5,121.5,2022-06-01,2022-09-13,104,51,23.09835,25.066189,21.615814,88.43818,1.982368,10.202445,94.17515,80.07021,2.7922106,1.2854909
22.5,120.5,2022-06-01,2022-09-13,104,51,26.756449,28.305752,25.584908,85.57932,1.9035754,7.770613,90.78208,77.9817,2.7039728,1.2196351
24.5,120.5,2022-06-01,2022-09-14,105,51,26.742613,27.951302,25.74905,85.07526,3.9373553,6.7042933,89.51377,79.69155,5.3441186,2.4871
23.5,121.5,2022-06-01,2022-09-14,105,51,24.165312,25.78199,23.022852,86.72892,2.2733026,11.096431,91.14269,80.53497,3.1134079,1.4755671
22.5,121.5,2022-06-01,2022-09-14,105,51,27.46439,28.184673,26.849531,84.65232,4.737614,9.194767,87.593445,81.389465,5.706461,3.7096949
23.5,120.5,2022-06-01,2022-09-14,105,51,24.343496,26.731415,22.537313,88.08589,1.6024412,11.459051,94.53572,78.47772,2.5227654,0.884641
24.5,121.5,2022-06-01,2022-09-14,105,51,23.068832,24.92211,21.652475,88.2169,2.1537836,13.329599,93.5127,80.81625,2.9856472,1.3985977
22.5,120.5,2022-06-01,2022-09-14,105,51,26.791288,28.289604,25.656225,85.18775,2.0267804,10.927687,89.99257,78.1331,2.8653939,1.1806076
24.5,121.5,2022-06-01,2022-09-15,106,51,23.014584,24.857903,21.59667,87.86842,2.1768644,13.379864,93.63852,79.767624,2.9356792,1.5417457
22.5,120.5,2022-06-01,2022-09-15,106,51,26.737518,28.287592,25.629637,84.948654,2.1874607,9.63039,89.83568,77.25504,3.0975544,1.3423537
23.5,121.5,2022-06-01,2022-09-15,106,51,24.104034,25.602661,23.070755,86.52668,2.1660671,9.424546,90.98637,80.471954,2.9561646,1.3822575
24.5,120.5,2022-06-01,2022-09-15,106,51,26.72624,28.053413,25.667734,84.89486,4.088331,6.6145353,89.94915,78.69917,5.2035437,3.0201957
23.5,120.5,2022-06-01,2022-09-15,106,51,24.341206,26.849367,22.512257,87.89941,1.719202,9.178012,94.41135,77.21636,2.5242777,1.0304368
22.5,121.5,2022-06-01,2022-09-15,106,51,27.417244,28.065956,26.89082,84.52152,4.5822597,9.461646,87.41131,81.254555,5.6269817,3.397967
23.5,120.5,2022-06-01,2022-09-16,107,51,24.257853,26.756096,22.477753,87.75588,1.7080971,11.3752775,94.218285,77.49439,2.485673,1.0263566
22.5,120.5,2022-06-01,2022-09-16,107,51,26.710394,28.254717,25.595715,84.85329,2.264624,9.78597,90.03171,77.26906,3.049854,1.5799941
23.5,121.5,2022-06-01,2022-09-16,107,51,24.104734,25.542301,23.084854,86.84029,2.4277365,13.2925,91.03064,80.971,3.3016517,1.6494688
24.5,120.5,2022-06-01,2022-09-16,107,51,26.66531,27.98137,25.691813,84.82344,4.2171097,7.682052,89.43461,78.74388,5.567246,2.938248
24.5,121.5,2022-06-01,2022-09-16,107,51,22.973415,24.811953,21.649471,88.06409,2.3307514,15.194163,93.5906,79.94579,3.143348,1.6877838
22.5,121.5,2022-06-01,2022-09-16,107,51,27.515915,28.150063,26.948517,84.44228,4.9379263,11.9222,87.33898,81.07961,6.0547323,3.7359154
23.5,121.5,2022-06-01,2022-09-17,108,51,24.116364,25.641392,23.027102,86.90895,2.3737664,14.912923,90.89676,80.704636,3.262051,1.5311903
24.5,120.5,2022-06-01,2022-09-17,108,51,26.605469,27.876724,25.589865,84.27103,4.2002425,6.972369,89.25335,77.82419,5.4182076,2.978446
23.5,120.5,2022-06-01,2022-09-17,108,51,24.241116,26.743872,22.387703,87.660995,1.6694683,9.70459,94.2328,77.31313,2.465117,0.95774937
24.5,121.5,2022-06-01,2022-09-17,108,51,22.910385,24.780619,21.5399,87.883224,2.3774657,14.126647,93.16849,79.65857,3.1899977,1.6246078
22.5,121.5,2022-06-01,2022-09-17,108,51,27.508808,28.202808,26.84144,84.420074,4.807664,13.428931,87.565956,81.11755,6.1040206,3.3944404
22.5,120.5,2022-06-01,2022-09-17,108,51,26.668074,28.16503,25.543554,85.21423,2.230491,10.761335,89.978676,78.048515,3.0163853,1.4538531
24.5,120.5,2022-06-01,2022-09-18,109,51,26.5723,27.817833,25.55911,84.026855,4.5603724,6.0783834,88.68836,78.43696,5.9495573,3.0929778
22.5,120.5,2022-06-01,2022-09-18,109,51,26.727123,28.329748,25.529251,84.68416,2.1716125,8.962594,90.1887,76.81659,3.0105805,1.3833792
24.5,121.5,2022-06-01,2022-09-18,109,51,22.82296,24.688948,21.419455,87.70623,2.3969915,12.439204,93.06191,79.915504,3.3294373,1.6140548
23.5,121.5,2022-06-01,2022-09-18,109,51,24.00414,25.562088,22.880804,86.756454,2.5132165,14.048857,90.87156,80.55484,3.288829,1.737742
23.5,120.5,2022-06-01,2022-09-18,109,51,24.114492,26.683037,22.239712,87.69907,1.7241064,9.531058,94.45353,76.97241,2.6383178,1.0284269
22.5,121.5,2022-06-01,2022-09-18,109,51,27.471436,28.150213,26.818565,84.31529,5.306411,9.933172,87.10599,80.95012,6.479039,4.0326467
23.5,120.5,2022-06-01,2022-09-19,110,51,24.019398,26.473383,22.17562,87.60724,1.7181741,10.014553,94.205215,77.13115,2.6633947,0.91528
22.5,121.5,2022-06-01,2022-09-19,110,51,27.360514,28.02155,26.733889,83.82214,5.515423,8.171531,86.56043,80.476295,6.589757,4.4330215
23.5,121.5,2022-06-01,2022-09-19,110,51,23.954447,25.460411,22.90832,86.124695,2.5868738,8.434819,90.28707,79.69217,3.4370377,1.7132112
24.5,120.5,2022-06-01,2022-09-19,110,51,26.427275,27.684624,25.421045,82.898575,4.656031,5.958707,87.50541,77.09571,5.984767,3.318173
22.5,120.5,2022-06-01,2022-09-19,110,51,26.534496,27.963991,25.41446,84.696884,2.1039917,8.100921,89.44362,77.69541,2.98661,1.330532
24.5,121.5,2022-06-01,2022-09-19,110,51,22.653387,24.487885,21.26708,87.036705,2.3597128,8.9494295,92.49103,79.10238,3.2098129,1.5541552
24.5,120.5,2022-06-01,2022-09-20,111,51,26.325954,27.62129,25.236368,82.29512,4.3230896,5.75765,87.551765,76.3219,5.4366927,3.066377
23.5,121.5,2022-06-01,2022-09-20,111,51,23.821455,25.334898,22.691057,85.70935,2.2931368,8.383358,90.14142,79.540565,3.002937,1.5298656
24.5,121.5,2022-06-01,2022-09-20,111,51,22.504694,24.413755,21.02198,86.68299,2.1944811,9.079877,92.4503,78.839554,2.989002,1.5158576
23.5,120.5,2022-06-01,2022-09-20,111,51,23.907707,26.466255,22.002325,87.10912,1.6563832,6.6073546,94.04405,76.41867,2.5811737,0.9586972
22.5,121.5,2022-06-01,2022-09-20,111,51,27.284824,27.99039,26.66352,83.21537,5.025834,7.5336533,86.36148,79.52911,6.155698,3.8544736
22.5,120.5,2022-06-01,2022-09-20,111,51,26.468542,28.086096,25.312614,84.04113,2.17595,7.677265,89.01567,76.22672,2.9462829,1.4061656
23.5,121.5,2022-06-01,2022-09-21,112,51,23.690104,25.143885,22.643435,85.579956,2.6308792,8.37139,89.74633,79.61908,3.4093115,1.8150326
24.5,120.5,2022-06-01,2022-09-21,112,51,26.286612,27.672028,25.205473,82.07391,4.632785,5.833046,87.11993,75.6048,6.0285964,3.0990202
24.5,121.5,2022-06-01,2022-09-21,112,51,22.362669,24.30094,20.91622,86.8065,2.3388803,11.299881,92.29095,78.94087,3.3001406,1.4675344
22.5,120.5,2022-06-01,2022-09-21,112,51,26.457481,28.054878,25.328783,83.70518,2.0082057,6.025726,88.79162,75.63749,2.8116753,1.2465059
23.5,120.5,2022-06-01,2022-09-21,112,51,23.870136,26.453117,22.00646,86.96096,1.6386673,6.414675,94.03182,75.94343,2.543132,0.94725657
22.5,121.5,2022-06-01,2022-09-21,112,51,27.206676,27.839607,26.65952,82.93138,5.4274287,7.358925,85.88678,79.71275,6.5131664,4.1343827
23.5,121.5,2022-06-01,2022-09-22,113,51,23.608025,25.137678,22.483902,84.988884,2.7632713,7.076488,89.606636,78.805824,3.5413396,1.9268944
24.5,120.5,2022-06-01,2022-09-22,113,51,26.174421,27.524988,25.103785,81.85033,5.063896,4.2329674,87.250946,75.6793,6.4457936,3.5485597
22.5,121.5,2022-06-01,2022-09-22,113,51,27.092545,27.773748,26.514881,83.07397,5.7679024,7.056143,86.25643,79.74884,6.7423463,4.716541
24.5,121.5,2022-06-01,2022-09-22,113,51,22.214777,24.166626,20.754602,86.4595,2.4905128,7.3397765,92.43837,78.417465,3.4722693,1.5793287
22.5,120.5,2022-06-01,2022-09-22,113,51,26.42602,28.091925,25.278685,83.15635,1.9046588,4.4806986,88.40541,74.64686,2.6205893,1.3048699
23.5,120.5,2022-06-01,2022-09-22,113,51,23.814808,26.45084,21.875298,86.34946,1.7282357,4.925896,93.90893,74.820885,2.6203978,1.0315697
24.5,121.5,2022-06-01,2022-09-23,114,51,22.250143,24.371748,20.773785,86.45039,2.3555844,8.495854,92.2634,77.586754,3.261952,1.4687765
22.5,121.5,2022-06-01,2022-09-23,114,51,27.064713,27.69957,26.456558,82.61152,5.676052,10.1713295,85.977844,79.47394,6.718957,4.6230145
23.5,120.5,2022-06-01,2022-09-23,114,51,23.656193,26.375809,21.672522,86.83283,1.6338177,7.806516,94.18459,75.353096,2.4350388,0.98421603
22.5,120.5,2022-06-01,2022-09-23,114,51,26.306622,27.883158,25.126305,83.4833,2.0222414,7.0429783,88.9446,75.50101,2.8120015,1.278458
24.5,120.5,2022-06-01,2022-09-23,114,51,26.197735,27.728527,25.10024,82.0764,4.7296667,3.9325788,87.352135,75.22843,6.1086426,3.3024137
23.5,121.5,2022-06-01,2022-09-23,114,51,23.458084,24.977066,22.355703,85.353355,2.6059008,11.575138,89.497696,79.2372,3.3664188,1.8191265
23.5,121.5,2022-06-01,2022-09-24,115,51,23.526405,25.086584,22.442759,84.89086,2.6104786,6.3823624,89.762405,77.68983,3.302926,1.8826693
24.5,120.5,2022-06-01,2022-09-24,115,51,26.28398,27.798944,25.173403,82.25756,4.520176,3.390443,88.03259,75.0365,5.800021,3.2004943
22.5,120.5,2022-06-01,2022-09-24,115,51,26.323109,28.021473,25.162827,83.16858,1.871185,5.3124523,88.86114,74.409386,2.620595,1.1510496
23.5,120.5,2022-06-01,2022-09-24,115,51,23.702906,26.494167,21.726059,86.57008,1.5368592,5.293304,94.32393,74.38333,2.3304234,0.90635437
22.5,121.5,2022-06-01,2022-09-24,115,51,27.108025,27.802763,26.498444,82.342026,5.705863,5.8115044,86.07509,78.19391,6.7003613,4.665967
24.5,121.5,2022-06-01,2022-09-24,115,51,22.32438,24.35224,20.887018,86.38947,2.2106333,6.8155923,92.77776,76.89978,3.0122614,1.5086408
24.5,120.5,2022-06-01,2022-09-25,116,51,26.249735,27.66253,25.17855,82.27903,5.6465025,3.8356407,87.23765,76.29623,7.216416,3.6912851
23.5,121.5,2022-06-01,2022-09-25,116,51,23.540655,25.07755,22.45817,85.515114,2.9300451,11.931775,90.14551,78.950615,3.742561,1.9476029
24.5,121.5,2022-06-01,2022-09-25,116,51,22.237364,24.214409,20.81395,86.99619,2.7282214,15.22528,92.672806,78.51909,3.7974322,1.6203098
22.5,120.5,2022-06-01,2022-09-25,116,51,26.365782,28.147173,25.177744,83.63535,2.0512502,5.597283,89.293045,74.37141,2.7520401,1.3607925
23.5,120.5,2022-06-01,2022-09-25,116,51,23.815825,26.62634,21.790415,86.51766,1.866459,4.7523646,94.28617,74.41455,2.7548864,1.1596746
22.5,121.5,2022-06-01,2022-09-25,116,51,27.045078,27.646748,26.519033,83.3978,5.737779,10.89657,86.515854,79.825226,6.8701005,4.5492163
22.5,121.5,2022-06-01,2022-09-26,117,51,27.090906,27.731773,26.483418,82.87486,6.3068557,11.277143,86.14517,79.249275,7.4378633,5.1009564
23.5,120.5,2022-06-01,2022-09-26,117,51,23.694891,26.26235,21.78448,86.55183,2.0425515,9.224686,93.55504,75.63746,2.9714844,1.239789
22.5,120.5,2022-06-01,2022-09-26,117,51,26.342123,27.961826,25.173334,83.28261,2.4342976,8.172727,88.67935,75.12523,3.2781641,1.5815418
24.5,121.5,2022-06-01,2022-09-26,117,51,22.007055,23.739494,20.688221,87.48777,3.1129005,17.766018,92.75332,79.88467,4.0366654,2.2464974
23.5,121.5,2022-06-01,2022-09-26,117,51,23.423368,24.865246,22.369556,85.91037,3.1142132,15.1570635,90.48371,79.51553,3.9048212,2.2493465
24.5,120.5,2022-06-01,2022-09-26,117,51,26.0731,27.38005,25.025673,82.04471,5.9140306,6.281834,86.9031,76.12258,7.339268,4.411656
23.5,120.5,2022-06-01,2022-09-27,118,51,23.707294,26.415434,21.80558,85.795,2.0833886,5.6116443,93.09503,74.269005,3.047471,1.3628225
22.5,121.5,2022-06-01,2022-09-27,118,51,26.985548,27.609268,26.37762,82.46797,6.354793,8.388145,85.75455,79.12724,7.551962,5.0948424
22.5,120.5,2022-06-01,2022-09-27,118,51,26.252829,27.936728,25.174736,82.938675,2.4677117,5.2490234,87.564766,74.855965,3.3597267,1.6321903
24.5,121.5,2022-06-01,2022-09-27,118,51,21.888485,23.644619,20.666315,87.3813,2.8592181,12.280034,92.249214,80.04774,3.7824206,2.033979
24.5,120.5,2022-06-01,2022-09-27,118,51,26.002197,27.301807,25.044027,81.33373,5.740263,4.1815066,85.742424,75.33944,6.939264,4.465978
23.5,121.5,2022-06-01,2022-09-27,118,51,23.37352,24.909996,22.343073,85.29903,3.0670474,8.51979,90.11705,78.941025,3.9244316,2.2453501
23.5,121.5,2022-06-01,2022-09-28,119,51,23.410984,24.911816,22.401787,85.35455,3.2271883,15.392827,89.7909,79.14893,4.193501,2.2659996
24.5,120.5,2022-06-01,2022-09-28,119,51,25.903374,27.215414,24.959564,81.67877,6.1424766,9.487975,86.52231,75.71575,7.4089217,4.731495
22.5,120.5,2022-06-01,2022-09-28,119,51,26.191698,27.742477,25.102297,83.61564,2.392012,9.867351,88.93406,75.66299,3.1925728,1.5902464
24.5,121.5,2022-06-01,2022-09-28,119,51,21.92098,23.669703,20.706152,87.76584,3.0129662,18.473307,92.762634,80.45673,3.9661667,1.9311846
22.5,121.5,2022-06-01,2022-09-28,119,51,26.933245,27.563211,26.324104,82.870705,6.7522354,12.890386,86.400795,79.14182,8.091992,5.3417587
23.5,120.5,2022-06-01,2022-09-28,119,51,23.63025,26.25503,21.82542,86.452225,2.1502578,12.756348,93.25078,75.69167,3.0254748,1.4357511
24.5,120.5,2022-06-01,2022-09-29,120,51,25.86275,27.159956,24.86744,81.7071,6.050022,4.897174,86.92313,75.857414,7.4422894,4.4287624
23.5,121.5,2022-06-01,2022-09-29,120,51,23.400251,24.852795,22.308218,85.11148,3.2611144,14.073989,89.55131,78.88444,4.039605,2.404722
24.5,121.5,2022-06-01,2022-09-29,120,51,21.896355,23.7271,20.577038,87.41899,3.0811405,13.53664,92.635155,79.91021,3.9699612,2.2072246
22.5,120.5,2022-06-01,2022-09-29,120,51,26.13408,27.764317,25.019089,83.67336,2.099597,8.043476,89.17913,75.35253,2.8113613,1.3220906
23.5,120.5,2022-06-01,2022-09-29,120,51,23.516079,26.034124,21.694841,86.72984,1.9829925,7.7933517,93.7818,76.45884,2.9254315,1.2065872
22.5,121.5,2022-06-01,2022-09-29,120,51,26.914068,27.491777,26.392939,82.76792,6.6121516,11.804917,85.907295,79.40471,7.7883773,5.268994
23.5,121.5,2022-06-01,2022-09-30,121,51,23.35219,24.79331,22.292366,85.48802,3.1479478,14.745376,89.98427,79.53162,3.907067,2.3265746
24.5,120.5,2022-06-01,2022-09-30,121,51,25.898308,27.215277,24.916998,82.455505,5.8814526,3.9972043,87.250946,76.34692,7.2386646,4.387368
24.5,121.5,2022-06-01,2022-09-30,121,51,21.92951,23.743631,20.65195,87.48991,3.0383358,15.024222,92.7032,79.86312,3.942787,2.202963
23.5,120.5,2022-06-01,2022-09-30,121,51,23.53562,26.126013,21.680513,87.22617,1.9136416,6.1669445,94.39265,76.17099,2.819815,1.1764559
22.5,120.5,2022-06-01,2022-09-30,121,51,26.209688,27.840857,25.161499,83.5421,2.1024914,7.2583966,88.37454,75.25461,2.869618,1.360549
22.5,121.5,2022-06-01,2022-09-30,121,51,27.008507,27.616499,26.442936,82.38735,6.328694,12.422449,85.834335,78.93642,7.3554473,5.125733
24.5,120.5,2022-06-01,2022-10-01,122,51,25.900074,27.288996,24.874859,82.40249,5.7933564,3.5496132,87.18972,76.19803,7.0637913,4.2789507
22.5,120.5,2022-06-01,2022-10-01,122,51,26.087738,27.677845,25.00665,83.50705,2.1776507,7.7023973,88.45259,75.142845,2.826057,1.5153834
22.5,121.5,2022-06-01,2022-10-01,122,51,26.874693,27.50295,26.22082,82.562004,6.55268,12.779086,86.336945,78.98346,7.5891285,5.377996
23.5,121.5,2022-06-01,2022-10-01,122,51,23.13671,24.514462,22.10501,85.75296,3.1469514,11.439903,90.120995,79.64925,3.9749005,2.329374
23.5,120.5,2022-06-01,2022-10-01,122,51,23.454302,26.119482,21.589092,87.33273,1.722331,5.189185,94.298065,75.6021,2.6007934,1.0530156
24.5,121.5,2022-06-01,2022-10-01,122,51,21.773706,23.542454,20.536894,87.35828,2.8279517,10.895373,92.19632,79.63474,3.7517967,1.9388156
22.5,121.5,2022-06-01,2022-10-02,123,51,26.77294,27.35019,26.19186,83.02889,6.9998026,10.9564085,86.27363,79.70172,7.951018,5.892943
22.5,120.5,2022-06-01,2022-10-02,123,51,26.04001,27.643797,24.919912,83.71046,2.1046016,5.8725395,89.00899,75.40574,2.7591457,1.4511485
24.5,121.5,2022-06-01,2022-10-02,123,51,21.668295,23.29813,20.465294,87.81812,2.835196,11.891085,92.73089,80.8528,3.595539,2.0387964
24.5,120.5,2022-06-01,2022-10-02,123,51,25.84601,27.207352,24.841522,81.86827,6.1726036,4.082175,86.338234,75.71203,7.2777834,4.9395957
23.5,121.5,2022-06-01,2022-10-02,123,51,23.102482,24.473265,22.147083,85.92096,3.2764099,10.02293,90.10784,79.93908,3.8969429,2.5616271
23.5,120.5,2022-06-01,2022-10-02,123,51,23.440065,26.072123,21.663656,86.96747,1.8839113,5.6559243,93.882034,75.76838,2.6253743,1.2471057
22.5,120.5,2022-06-01,2022-10-03,124,51,26.063524,27.713406,24.946875,83.39197,2.194669,6.70908,88.311966,75.176094,2.8406255,1.5816205
22.5,121.5,2022-06-01,2022-10-03,124,51,26.7662,27.349152,26.229218,82.511894,7.840566,11.457854,85.71493,79.27542,8.635457,6.885069
23.5,120.5,2022-06-01,2022-10-03,124,51,23.495768,26.234621,21.632118,86.238434,2.1238072,6.8108053,93.653206,74.75621,3.0869892,1.4594203
24.5,120.5,2022-06-01,2022-10-03,124,51,25.812021,27.236359,24.805273,80.9328,6.8736544,4.8421226,85.73182,75.12213,8.195941,5.4939065
23.5,121.5,2022-06-01,2022-10-03,124,51,23.134699,24.617626,22.148539,85.07588,3.6978996,13.591692,89.53239,79.0198,4.367958,2.937376
24.5,121.5,2022-06-01,2022-10-03,124,51,21.6349,23.467081,20.430984,86.83349,3.3024457,14.231962,91.88953,79.45328,4.2097616,2.4808846
24.5,121.5,2022-06-01,2022-10-04,125,51,21.6382,23.487068,20.38606,87.60003,3.3446467,12.38894,92.84251,79.62919,4.2193537,2.4847875
23.5,121.5,2022-06-01,2022-10-04,125,51,23.185057,24.758768,22.131065,85.08884,3.6307666,9.446088,89.84582,78.42248,4.301825,2.804689
24.5,120.5,2022-06-01,2022-10-04,125,51,25.772123,27.242903,24.693434,81.30843,7.103523,4.6781654,85.82482,75.233635,8.321039,5.7304916
23.5,120.5,2022-06-01,2022-10-04,125,51,23.495766,26.36572,21.586172,86.283394,2.2101145,7.317038,93.41188,74.42964,3.1511676,1.4652762
22.5,121.5,2022-06-01,2022-10-04,125,51,26.77603,27.37381,26.195087,82.85517,7.69986,8.767521,86.02005,79.67035,8.709488,6.530679
22.5,120.5,2022-06-01,2022-10-04,125,51,26.04649,27.720957,24.8729,83.337296,2.316892,6.2782435,88.814384,74.82389,2.9762576,1.6776062
22.5,121.5,2022-06-01,2022-10-05,126,51,26.737078,27.305727,26.211763,82.89719,7.8060045,8.805818,85.77938,79.923065,8.947455,6.622239
23.5,121.5,2022-06-01,2022-10-05,126,51,23.176693,24.795374,22.080875,84.80312,3.6635377,9.191176,89.54924,78.22696,4.4278603,2.8225193
24.5,120.5,2022-06-01,2022-10-05,126,51,25.685377,27.174318,24.585245,81.25849,6.8597975,2.6412666,86.03682,75.14896,8.133415,5.3154693
24.5,121.5,2022-06-01,2022-10-05,126,51,21.541506,23.526993,20.197277,87.32828,3.1895962,10.031307,92.5469,79.18923,4.023736,2.2975368
23.5,120.5,2022-06-01,2022-10-05,126,51,23.433252,26.33302,21.431957,85.94121,2.0827804,4.665001,93.349724,74.12939,3.054475,1.3199203
22.5,120.5,2022-06-01,2022-10-05,126,51,26.065384,27.721846,24.898746,83.014565,2.2868385,3.6956189,88.362785,74.53001,3.0118492,1.5120873
23.5,121.5,2022-06-01,2022-10-06,127,51,23.030352,24.644459,21.902258,85.058304,3.5304227,9.988224,89.7437,78.46547,4.2486,2.6929893
23.5,120.5,2022-06-01,2022-10-06,127,51,23.26266,26.20585,21.222712,86.296005,2.1772091,6.591797,93.64017,74.195595,3.0656388,1.4480457
24.5,121.5,2022-06-01,2022-10-06,127,51,21.509434,23.387173,20.219389,87.11493,3.1193411,12.42963,92.18253,79.418335,3.9954836,2.221978
22.5,120.5,2022-06-01,2022-10-06,127,51,26.01334,27.73479,24.824263,83.16077,2.213777,4.8564835,88.60455,74.26207,2.8983705,1.5298656
22.5,121.5,2022-06-01,2022-10-06,127,51,26.714502,27.350042,26.099384,82.55142,7.606533,8.495854,85.751236,79.11579,8.548819,6.5021486
24.5,120.5,2022-06-01,2022-10-06,127,51,25.590918,27.028425,24.55814,81.49418,6.6572366,4.8828125,86.24641,75.58119,7.9697924,5.2255526
22.5,120.5,2022-06-01,2022-10-07,128,51,25.97994,27.591883,24.932144,83.344345,2.0491512,5.457261,88.172874,75.23145,2.716143,1.4613837
22.5,121.5,2022-06-01,2022-10-07,128,51,26.694382,27.29671,26.144474,82.74821,7.6970925,10.000192,86.014336,79.33,8.678015,6.5478897
23.5,120.5,2022-06-01,2022-10-07,128,51,23.357506,26.120182,21.508368,86.351295,2.0358326,4.964193,93.58891,74.49765,2.9110222,1.3140677
24.5,120.5,2022-06-01,2022-10-07,128,51,25.649698,27.135462,24.606476,81.28283,6.704749,3.3940334,86.225555,74.62584,7.7430787,5.4499426
23.5,121.5,2022-06-01,2022-10-07,128,51,23.068222,24.625889,22.008348,85.02205,3.7763746,9.738099,89.559166,78.100655,4.38504,3.0997877
24.5,121.5,2022-06-01,2022-10-07,128,51,21.50043,23.3685,20.233202,86.86273,3.191088,11.618221,92.33574,78.39417,3.9479465,2.4455998
24.5,121.5,2022-06-01,2022-10-08,129,51,21.308762,23.156094,19.982044,87.14217,3.5410886,15.802121,92.255486,79.654274,4.4607744,2.6498218
23.5,121.5,2022-06-01,2022-10-08,129,51,22.956577,24.449368,21.93997,85.2171,3.8079243,12.803021,89.578575,78.84891,4.494124,2.9636345
24.5,120.5,2022-06-01,2022-10-08,129,51,25.404732,26.827114,24.358414,81.39144,7.345764,4.699707,85.918686,75.70505,8.4883795,5.840666
22.5,120.5,2022-06-01,2022-10-08,129,51,25.863842,27.420517,24.706459,83.31852,2.3110988,5.906049,88.55582,75.44627,3.0509772,1.6483014
23.5,120.5,2022-06-01,2022-10-08,129,51,23.175987,25.776293,21.35979,86.43232,2.2888339,5.6415634,93.03387,75.46206,3.2716877,1.5078975
22.5,121.5,2022-06-01,2022-10-08,129,51,26.619864,27.276745,26.023275,82.65635,7.487939,10.849896,86.08251,78.801704,8.671844,6.2683935
23.5,121.5,2022-06-01,2022-10-09,130,51,22.737072,24.211733,21.636446,84.92051,3.9102159,9.643555,89.32348,78.90461,4.6935387,3.0570104
23.5,120.5,2022-06-01,2022-10-09,130,51,23.039616,25.870806,21.107029,85.567116,2.2971804,4.3155446,92.87168,74.36397,3.2999487,1.5145532
22.5,121.5,2022-06-01,2022-10-09,130,51,26.490585,27.118013,25.842632,82.143974,7.945984,7.461847,85.30574,78.79649,9.139832,6.576316
24.5,121.5,2022-06-01,2022-10-09,130,51,20.905098,22.60257,19.668232,87.33649,3.568741,12.443992,92.09652,80.44854,4.4041057,2.749889
22.5,120.5,2022-06-01,2022-10-09,130,51,25.757025,27.41163,24.655956,82.63194,2.1894546,4.1312423,87.45511,74.36474,2.8328588,1.541069
24.5,120.5,2022-06-01,2022-10-09,130,51,25.13777,26.498814,24.127285,79.91041,7.4818616,2.8255687,84.241425,74.41527,8.538402,6.2695546
22.5,121.5,2022-06-01,2022-10-10,131,51,26.43503,27.008377,25.919163,82.025505,8.473951,11.627795,85.160576,78.78044,9.373022,7.3906984
22.5,120.5,2022-06-01,2022-10-10,131,51,25.6675,27.3341,24.613377,82.59224,2.33984,6.7018995,87.709274,74.0434,2.9093647,1.7635264
24.5,121.5,2022-06-01,2022-10-10,131,51,20.759775,22.348072,19.71334,87.222755,3.6160479,12.052649,91.91706,80.2818,4.367282,2.8146858
24.5,120.5,2022-06-01,2022-10-10,131,51,25.033463,26.35532,24.132046,79.60969,7.6524196,2.48449,84.116,73.74641,8.590345,6.3705735
23.5,121.5,2022-06-01,2022-10-10,131,51,22.66027,24.116663,21.713707,84.55991,4.1829476,12.147193,89.02223,78.11022,4.843891,3.395253
23.5,120.5,2022-06-01,2022-10-10,131,51,22.882324,25.534779,21.128025,85.78526,2.3656807,5.1712337,92.72725,74.614914,3.3429153,1.6487414
23.5,121.5,2022-06-01,2022-10-11,132,51,22.558512,23.862167,21.617645,84.83738,4.263497,17.038383,89.39337,78.877106,5.0970936,3.2952647
24.5,120.5,2022-06-01,2022-10-11,132,51,24.870687,26.165644,23.894192,80.23215,7.9355087,5.332797,84.96295,74.796585,9.092984,6.615314
24.5,121.5,2022-06-01,2022-10-11,132,51,20.73771,22.289953,19.623442,87.45075,3.876553,20.677753,92.032684,80.64617,4.7041216,2.9952178
22.5,121.5,2022-06-01,2022-10-11,132,51,26.350456,26.908533,25.867664,81.843124,8.557986,13.193168,85.262505,78.34421,9.82065,7.169596
22.5,120.5,2022-06-01,2022-10-11,132,51,25.572624,27.134842,24.477753,82.715546,2.5843003,8.24932,87.8808,74.714935,3.2058318,1.9490356
23.5,120.5,2022-06-01,2022-10-11,132,51,22.875628,25.526884,21.079006,85.898125,2.5210755,6.78328,92.42438,75.05655,3.5517223,1.7189614
23.5,121.5,2022-06-01,2022-10-12,133,51,22.55512,24.000244,21.558357,84.95707,4.0154986,12.380563,89.42352,78.89946,4.721288,3.1776755
24.5,120.5,2022-06-01,2022-10-12,133,51,24.914793,26.300577,23.991068,81.18896,7.6028414,4.0019913,85.769684,75.13724,8.737001,6.3204126
24.5,121.5,2022-06-01,2022-10-12,133,51,20.837002,22.549677,19.706411,87.59008,3.54989,14.0416765,92.525475,80.13111,4.37451,2.7544825
23.5,120.5,2022-06-01,2022-10-12,133,51,22.748682,25.518497,20.893732,86.06738,2.3440113,4.9175186,93.07928,74.604965,3.1568506,1.6530224
22.5,121.5,2022-06-01,2022-10-12,133,51,26.388186,26.98972,25.839903,81.77253,8.270046,10.009766,84.916626,78.355385,9.277207,7.009989
22.5,120.5,2022-06-01,2022-10-12,133,51,25.512257,27.202635,24.366453,82.69795,2.38809,5.101821,88.28522,73.90132,3.0303674,1.6945633
24.5,120.5,2022-06-01,2022-10-13,134,51,24.992077,26.39208,23.956503,81.1851,7.613295,3.773409,85.09355,75.91522,8.792417,6.338507
23.5,121.5,2022-06-01,2022-10-13,134,51,22.561901,23.92761,21.54219,85.49648,3.9232047,15.026616,89.54131,80.04681,4.6018486,3.1730585
24.5,121.5,2022-06-01,2022-10-13,134,51,20.87058,22.654299,19.577507,87.83226,3.607685,15.480191,92.27152,80.859116,4.329995,2.8494556
22.5,120.5,2022-06-01,2022-10-13,134,51,25.590088,27.15719,24.48309,82.79572,2.4840024,8.645451,87.76601,74.790085,3.1683953,1.796304
22.5,121.5,2022-06-01,2022-10-13,134,51,26.39737,26.957445,25.880642,82.3256,8.117693,13.223087,85.32414,79.44853,9.116091,6.9301624
23.5,120.5,2022-06-01,2022-10-13,134,51,22.84699,25.540215,20.920853,86.214516,2.2799118,8.047067,93.0567,75.4781,3.0863335,1.544408
22.5,121.5,2022-06-01,2022-10-14,135,51,26.302118,26.86513,25.75626,81.68006,7.929302,10.709875,84.46676,78.69388,9.012248,6.746072
23.5,121.5,2022-06-01,2022-10-14,135,51,22.452194,23.832949,21.440495,85.1585,4.05435,15.922996,89.07885,79.56025,4.825061,3.2174878
23.5,120.5,2022-06-01,2022-10-14,135,51,22.724522,25.397554,20.896318,86.14244,2.2426474,6.3979206,92.98578,75.123924,3.131375,1.5944313
24.5,120.5,2022-06-01,2022-10-14,135,51,24.91251,26.31986,23.953535,80.6857,7.1591744,3.5436294,85.13717,74.652954,8.241875,5.7710714
24.5,121.5,2022-06-01,2022-10-14,135,51,20.768974,22.419445,19.622736,87.35611,3.693606,15.342563,91.71053,80.25757,4.473937,2.855964
22.5,120.5,2022-06-01,2022-10-14,135,51,25.458628,26.991419,24.417482,82.76896,2.5450153,7.251216,87.273254,75.128296,3.2078445,1.9167645
22.5,120.5,2022-06-01,2022-10-15,136,51,25.356445,27.119413,24.128035,82.515564,2.4654777,7.394828,88.06374,73.45538,3.1005805,1.827608
22.5,121.5,2022-06-01,2022-10-15,136,51,26.19269,26.823217,25.612143,81.18777,8.003643,7.9226027,84.38848,77.57119,9.007469,6.7797008
23.5,120.5,2022-06-01,2022-10-15,136,51,22.607815,25.42083,20.645487,85.86725,2.3044016,6.1202703,93.14924,74.3689,3.2374902,1.5742741
24.5,121.5,2022-06-01,2022-10-15,136,51,20.578978,22.286715,19.297474,87.331055,3.5408514,16.26168,92.342384,80.172,4.5229893,2.576236
23.5,121.5,2022-06-01,2022-10-15,136,51,22.313946,23.77554,21.292559,84.92174,3.9390602,13.128543,89.26736,78.87663,4.6699038,3.076274
24.5,120.5,2022-06-01,2022-10-15,136,51,24.735361,26.124487,23.68532,80.61019,7.398559,3.6034677,85.41484,74.8413,8.892388,5.603015
22.5,120.5,2022-06-01,2022-10-16,137,51,25.308062,27.071789,24.11482,81.974884,2.3385773,3.066119,87.56504,72.87304,3.0040936,1.6916097
23.5,120.5,2022-06-01,2022-10-16,137,51,22.465624,25.321177,20.489744,85.53561,2.421601,3.8823147,92.580414,73.80707,3.312509,1.7106242
24.5,120.5,2022-06-01,2022-10-16,137,51,24.507406,25.875628,23.503876,80.3764,7.887878,3.4454944,84.60311,74.87371,9.052268,6.4798627
22.5,121.5,2022-06-01,2022-10-16,137,51,26.025942,26.642036,25.44828,81.48843,8.71618,8.684944,85.111595,77.84351,9.880738,7.472477
23.5,121.5,2022-06-01,2022-10-16,137,51,22.113218,23.587685,21.106129,85.05143,4.2575293,12.003581,89.51476,78.820885,5.0110993,3.4491565
24.5,121.5,2022-06-01,2022-10-16,137,51,20.272198,21.937677,19.067724,87.69651,3.7412202,16.551298,91.9902,81.060585,4.6347466,2.8146243
24.5,121.5,2022-06-01,2022-10-17,138,51,20.075527,21.836557,18.874908,86.944115,3.9406805,18.244724,91.51746,79.59459,4.677999,3.1169646
23.5,121.5,2022-06-01,2022-10-17,138,51,21.987137,23.54254,20.940454,84.40748,4.590905,14.87343,89.01506,77.28977,5.3375263,3.7952847
24.5,120.5,2022-06-01,2022-10-17,138,51,24.301418,25.737349,23.266348,79.38367,8.234994,2.900965,84.421844,73.19098,9.339342,7.0065956
22.5,120.5,2022-06-01,2022-10-17,138,51,25.173508,27.014416,23.912033,81.50837,2.5572846,4.3729897,86.85461,72.26337,3.1454284,1.9401898
22.5,121.5,2022-06-01,2022-10-17,138,51,25.980742,26.654036,25.38486,80.72691,9.433417,11.077283,84.16316,77.00403,10.556023,8.313337
23.5,120.5,2022-06-01,2022-10-17,138,51,22.259474,25.282877,20.25563,85.00789,2.5958836,3.659716,92.40344,72.40411,3.4880743,1.8069733
23.5,120.5,2022-06-01,2022-10-18,139,51,22.128565,24.914015,20.241684,84.92498,2.6452339,5.76124,91.99351,73.37174,3.5760772,1.8999177
22.5,121.5,2022-06-01,2022-10-18,139,51,25.808691,26.38151,25.311573,81.24745,9.752963,19.722733,84.263245,77.96613,10.942288,8.42499
22.5,120.5,2022-06-01,2022-10-18,139,51,25.02412,26.71151,23.967842,81.575645,2.7463677,8.817785,86.63174,72.89779,3.3416674,2.1213458
24.5,120.5,2022-06-01,2022-10-18,139,51,24.220371,25.58093,23.25185,78.94348,8.486295,3.4969554,83.00756,73.43398,9.489922,7.1851835
23.5,121.5,2022-06-01,2022-10-18,139,51,21.844767,23.246157,20.883633,84.51209,4.938829,23.615818,88.724976,78.29125,5.6022716,4.0661273
24.5,121.5,2022-06-01,2022-10-18,139,51,19.93327,21.496601,18.835897,86.70501,4.2887545,21.201939,91.177315,80.069176,5.1228004,3.394651
24.5,121.5,2022-06-01,2022-10-19,140,51,19.906303,21.577085,18.769337,86.502525,4.035767,16.480688,91.014496,79.63021,4.9120226,3.0828204
23.5,121.5,2022-06-01,2022-10-19,140,51,21.892918,23.359085,20.890753,83.74362,4.442389,11.133531,88.10207,77.78772,5.208121,3.5970328
22.5,120.5,2022-06-01,2022-10-19,140,51,25.023739,26.741894,23.869265,81.10948,2.5752656,3.5268745,86.093414,72.97524,3.3024476,1.8447138
23.5,120.5,2022-06-01,2022-10-19,140,51,22.20356,25.070444,20.294313,84.56554,2.526766,4.2293773,91.58138,73.09941,3.5522976,1.7345283
24.5,120.5,2022-06-01,2022-10-19,140,51,24.177921,25.616259,23.123158,78.46786,8.448196,3.2540116,83.06457,72.54054,9.716179,6.8238378
22.5,121.5,2022-06-01,2022-10-19,140,51,25.84297,26.40726,25.296116,79.88038,9.144976,6.8311505,83.109116,76.860954,10.333997,7.827428
23.5,121.5,2022-06-01,2022-10-20,141,51,21.6182,23.034115,20.621508,82.738815,4.6532984,10.839126,87.24169,76.81479,5.26495,3.8995023
24.5,121.5,2022-06-01,2022-10-20,141,51,19.5177,21.250294,18.289051,85.74098,3.9343123,13.187184,90.825,78.488045,4.6407256,3.1399405
24.5,120.5,2022-06-01,2022-10-20,141,51,23.889542,25.3233,22.851412,77.87928,8.194704,2.6257086,82.474205,72.01824,9.275051,6.9198437
23.5,120.5,2022-06-01,2022-10-20,141,51,21.842503,24.772919,19.910915,84.07709,2.525602,3.1917796,91.20366,72.13396,3.481553,1.7690762
22.5,121.5,2022-06-01,2022-10-20,141,51,25.622728,26.207687,25.081072,78.80741,9.734267,6.1190734,82.1947,75.101524,10.706652,8.5115795
22.5,120.5,2022-06-01,2022-10-20,141,51,24.764828,26.50373,23.605263,80.51502,2.6218438,3.2360601,85.90975,71.80566,3.3278472,1.9805058
22.5,120.5,2022-06-01,2022-10-21,142,51,24.710794,26.46234,23.615396,80.47318,2.4937747,3.6501417,85.941185,71.49088,3.0979435,1.9035909
23.5,121.5,2022-06-01,2022-10-21,142,51,21.54001,23.109188,20.453371,83.319855,4.4718456,11.871936,88.316925,76.6029,5.181084,3.6874793
23.5,120.5,2022-06-01,2022-10-21,142,51,21.859959,24.911098,19.93023,84.28989,2.4024034,3.401214,91.972435,71.525215,3.3673103,1.6369618
24.5,120.5,2022-06-01,2022-10-21,142,51,23.979378,25.395666,23.010752,78.61509,8.131619,2.808814,83.413826,72.649506,9.184751,6.740122
24.5,121.5,2022-06-01,2022-10-21,142,51,19.612198,21.277277,18.495771,86.208954,3.8002083,13.519885,91.108986,79.17864,4.580243,2.9542706
22.5,121.5,2022-06-01,2022-10-21,142,51,25.554583,26.173008,24.968784,79.48028,9.347723,8.105708,83.07539,75.79769,10.371461,8.310286
23.5,121.5,2022-06-01,2022-10-22,143,51,21.571924,22.969183,20.617252,83.83041,4.079749,10.968376,88.244896,77.77829,4.7902594,3.2460659
22.5,121.5,2022-06-01,2022-10-22,143,51,25.607338,26.208897,25.03291,79.81338,8.528598,8.299584,83.36317,76.291695,9.83508,7.140509
22.5,120.5,2022-06-01,2022-10-22,143,51,24.737642,26.515871,23.58116,80.73831,2.3537629,3.5687616,86.28578,71.3831,2.9956598,1.8036269
23.5,120.5,2022-06-01,2022-10-22,143,51,21.907507,24.798233,20.041992,84.722046,2.3595831,3.541236,92.54281,71.91594,3.2884407,1.6560353
24.5,120.5,2022-06-01,2022-10-22,143,51,24.038471,25.48295,23.087667,79.567314,7.9225836,3.627403,84.08533,73.44803,9.183253,6.496017
24.5,121.5,2022-06-01,2022-10-22,143,51,19.800085,21.543074,18.657835,86.61107,3.6688197,14.513203,91.44167,79.40669,4.4723372,2.846419
22.5,121.5,2022-06-01,2022-10-23,144,51,25.643467,26.240952,25.08809,79.64993,8.50327,6.0113645,83.14557,75.668915,9.744724,7.229873
22.5,120.5,2022-06-01,2022-10-23,144,51,24.760778,26.57053,23.673199,81.11432,2.4358776,4.1827035,86.53105,71.377205,3.0618582,1.759738
24.5,121.5,2022-06-01,2022-10-23,144,51,19.772572,21.39675,18.623236,86.76089,3.689756,19.613827,91.31623,79.771065,4.6007156,2.780441
23.5,120.5,2022-06-01,2022-10-23,144,51,21.787155,24.729883,19.689156,85.03592,2.5699568,4.636278,92.66278,73.07159,3.6376317,1.7345345
24.5,120.5,2022-06-01,2022-10-23,144,51,23.87133,25.181065,22.864468,79.85605,8.230391,4.5213885,84.22018,74.48161,9.5123205,6.85033
23.5,121.5,2022-06-01,2022-10-23,144,51,21.679102,23.209316,20.640427,83.38788,4.062437,11.243633,88.105606,76.475655,4.8147297,3.2773886
24.5,120.5,2022-06-01,2022-10-24,145,51,23.89512,25.253712,22.931492,79.074265,8.274681,2.2451363,84.01441,73.221214,9.423283,6.8263497
22.5,120.5,2022-06-01,2022-10-24,145,51,24.697386,26.433708,23.579458,81.63289,2.4449031,3.890692,86.59954,72.75089,3.042645,1.8324325
22.5,121.5,2022-06-01,2022-10-24,145,51,25.604467,26.138353,25.108887,80.7875,9.257657,7.880716,84.10097,77.49445,10.304805,8.058886
23.5,120.5,2022-06-01,2022-10-24,145,51,21.786694,24.824192,19.74835,84.67462,2.4975178,3.1355317,91.92241,72.28448,3.3949795,1.7502528
23.5,121.5,2022-06-01,2022-10-24,145,51,21.580132,22.959032,20.563131,84.488686,4.476555,12.082567,88.78853,78.77482,5.197844,3.650924
24.5,121.5,2022-06-01,2022-10-24,145,51,19.688423,21.316553,18.556913,86.98617,3.9530349,15.348547,91.48386,80.15765,4.6590066,3.1772711
22.5,121.5,2022-06-01,2022-10-25,146,51,25.512255,26.09546,24.950703,80.57234,8.962033,8.669386,83.86957,77.3324,10.246529,7.530337
23.5,121.5,2022-06-01,2022-10-25,146,51,21.461645,22.884434,20.47731,84.57993,4.3985305,16.10251,88.82859,78.54615,5.161811,3.4938264
23.5,120.5,2022-06-01,2022-10-25,146,51,21.706505,24.576708,19.825052,84.86621,2.4409962,3.675274,91.76887,73.14526,3.3790948,1.6974552
24.5,120.5,2022-06-01,2022-10-25,146,51,23.7203,25.077784,22.74952,79.35293,7.8846216,2.7884688,83.78285,73.51228,9.085551,6.302148
24.5,121.5,2022-06-01,2022-10-25,146,51,19.550169,21.210493,18.362833,87.31644,3.9332323,18.160952,91.41499,80.60387,4.7427025,2.9543293
22.5,120.5,2022-06-01,2022-10-25,146,51,24.63313,26.301153,23.521475,81.42987,2.502725,4.304774,86.894806,72.83304,3.0936117,1.9266359
23.5,121.5,2022-06-01,2022-10-26,147,51,21.30692,22.71861,20.366133,84.43762,4.319326,12.728822,88.7914,78.30751,5.0269737,3.5380366
24.5,121.5,2022-06-01,2022-10-26,147,51,19.398552,21.042574,18.328415,87.10039,3.705348,15.778186,91.218796,80.41507,4.524978,2.7845783
24.5,120.5,2022-06-01,2022-10-26,147,51,23.625038,24.968376,22.688572,79.36952,7.826814,3.2863243,83.6864,73.49881,8.883121,6.540824
22.5,121.5,2022-06-01,2022-10-26,147,51,25.40018,25.9768,24.886631,79.81103,8.899203,8.790259,83.22357,76.54102,10.086847,7.7628694
22.5,120.5,2022-06-01,2022-10-26,147,51,24.58364,26.252886,23.492987,81.19416,2.3828087,5.070705,86.50313,72.74654,3.0482423,1.7318894
23.5,120.5,2022-06-01,2022-10-26,147,51,21.69874,24.434336,19.939413,84.790985,2.3863044,4.0283203,91.7419,73.36282,3.2160845,1.6769272
24.5,121.5,2022-06-01,2022-10-27,148,51,19.229233,20.80187,18.121426,86.964005,4.0813146,18.687529,90.99445,80.898636,4.986162,3.0234637
23.5,121.5,2022-06-01,2022-10-27,148,51,21.207672,22.656425,20.12621,83.762505,4.6586766,14.393526,88.46384,77.89304,5.489628,3.6613004
23.5,120.5,2022-06-01,2022-10-27,148,51,21.625422,24.569984,19.652813,84.44172,2.583996,5.606857,91.83041,72.594604,3.5049067,1.8503829
24.5,120.5,2022-06-01,2022-10-27,148,51,23.590906,25.035362,22.59069,78.85247,8.444441,4.3765798,83.48221,73.11262,9.638415,6.878538
22.5,121.5,2022-06-01,2022-10-27,148,51,25.354904,25.977194,24.721216,79.14811,9.481319,8.304372,82.901955,75.82154,10.949028,7.8578234
22.5,120.5,2022-06-01,2022-10-27,148,51,24.525248,26.209793,23.360119,80.79342,2.6005578,4.4220567,85.924965,72.10539,3.3061197,1.9076818
22.5,120.5,2022-06-01,2022-10-28,149,51,24.418032,26.170473,23.264977,80.66128,2.6277356,1.8944833,86.06918,71.57447,3.2951999,1.9712934
24.5,120.5,2022-06-01,2022-10-28,149,51,23.51806,24.922842,22.537374,78.76858,8.277388,2.2606943,83.48309,72.862015,9.469162,6.884609
22.5,121.5,2022-06-01,2022-10-28,149,51,25.312408,25.911753,24.802713,79.227234,9.56129,4.89119,82.42098,75.91071,10.749898,8.2688675
23.5,120.5,2022-06-01,2022-10-28,149,51,21.522427,24.469263,19.668915,84.06889,2.635014,2.3432713,91.40534,71.86154,3.5938988,1.800732
23.5,121.5,2022-06-01,2022-10-28,149,51,21.2656,22.71028,20.309252,83.340416,4.586322,8.254107,87.9111,76.97683,5.3567185,3.7599344
24.5,121.5,2022-06-01,2022-10-28,149,51,19.249144,20.89891,18.183218,86.626564,3.8686488,12.5888,91.45072,79.60835,4.700144,2.9833107
24.5,121.5,2022-06-01,2022-10-29,150,51,19.132797,20.823793,17.999304,86.122795,3.9205346,14.745376,90.928856,79.052895,4.701335,3.1046507
22.5,120.5,2022-06-01,2022-10-29,150,51,24.332754,26.166004,23.127655,80.380104,2.763792,4.2856255,85.834236,71.51741,3.4261086,2.143244
24.5,120.5,2022-06-01,2022-10-29,150,51,23.305277,24.750128,22.304802,78.61328,7.9716916,2.3384843,83.59048,72.09906,9.090746,6.673661
22.5,121.5,2022-06-01,2022-10-29,150,51,25.252533,25.851397,24.694252,78.73602,9.591532,8.444393,81.72062,75.82375,10.671003,8.3317995
23.5,120.5,2022-06-01,2022-10-29,150,51,21.437534,24.395899,19.384571,83.88273,2.6520314,2.7741077,91.77002,71.89785,3.6415195,1.8625933
23.5,121.5,2022-06-01,2022-10-29,150,51,21.17595,22.639132,20.17793,83.08132,4.5565205,10.198855,87.483925,77.258575,5.263961,3.7584484
22.5,120.5,2022-06-01,2022-10-30,151,51,24.185154,26.19295,22.892056,80.38141,2.77466,3.2599955,86.51247,70.155594,3.471906,2.0517516
24.5,121.5,2022-06-01,2022-10-30,151,51,18.982777,20.922918,17.625881,85.9355,3.8396761,14.338474,90.872185,78.04324,4.663351,2.879891
24.5,120.5,2022-06-01,2022-10-30,151,51,23.121056,24.601486,22.018656,78.789444,7.8065424,3.0565448,83.463356,72.3118,9.105393,6.3747034
23.5,120.5,2022-06-01,2022-10-30,151,51,21.108963,24.387497,18.993828,83.87508,2.7123897,2.355239,91.87174,70.51705,3.721126,1.9314755
23.5,121.5,2022-06-01,2022-10-30,151,51,21.062807,22.754284,19.91194,82.709206,4.2798724,7.65333,87.9309,75.46213,5.0474176,3.4059768
22.5,121.5,2022-06-01,2022-10-30,151,51,25.162483,25.892857,24.51922,78.738144,9.2835865,5.070705,82.478065,74.5159,10.525896,7.970918
24.5,121.5,2022-06-01,2022-10-31,152,51,18.685751,20.435968,17.4449,86.11524,3.7734168,11.059331,90.64319,78.951614,4.4901834,2.9584663
23.5,121.5,2022-06-01,2022-10-31,152,51,20.734129,22.28693,19.68985,82.98198,4.3953695,7.117178,87.80413,76.3614,5.0858083,3.66213
23.5,120.5,2022-06-01,2022-10-31,152,51,21.000366,24.15698,19.023832,83.34774,2.5947466,1.4875823,91.09161,70.356384,3.552433,1.7344167
24.5,120.5,2022-06-01,2022-10-31,152,51,22.88541,24.340841,21.780867,78.38934,8.010361,1.4241537,82.9285,72.473694,9.240395,6.3823485
22.5,121.5,2022-06-01,2022-10-31,152,51,24.877234,25.497833,24.28376,78.95414,9.3948965,7.082472,83.037605,74.949524,10.646838,8.274868
22.5,120.5,2022-06-01,2022-10-31,152,51,24.028341,25.913145,22.759764,79.995544,2.5510921,1.9148284,85.89787,70.60559,3.2600412,1.8696971
