latitude,longitude,init_date,valid_date,lead_day,ens_n,t2m_C,t2m_C_max,t2m_C_min,rh_pct,wind_mps,tp_mm_mean,rh_pct_max,rh_pct_min,wind_mps_max,wind_mps_min
24.5,120.5,2022-11-01,2022-11-01,0,51,22.57977,23.409815,22.06454,77.747314,12.436749,0.0,79.87982,75.50164,13.207927,11.601135
23.5,120.5,2022-11-01,2022-11-01,0,51,21.993668,25.44633,19.484335,80.170494,3.156032,0.0,86.77012,70.56062,3.5701246,2.6460745
22.5,120.5,2022-11-01,2022-11-01,0,51,24.699959,26.455368,23.32774,77.93259,3.8044326,0.0,81.543655,73.38099,4.1970677,3.3627632
23.5,121.5,2022-11-01,2022-11-01,0,51,20.524956,21.595419,19.814068,88.0275,6.482499,0.0,90.36516,84.71271,7.193521,5.7196603
24.5,121.5,2022-11-01,2022-11-01,0,51,18.345638,18.908173,17.9657,90.60495,5.763954,0.0,91.82717,88.921936,6.495088,5.041959
22.5,121.5,2022-11-01,2022-11-01,0,51,24.837734,25.15357,24.599955,83.49486,13.000613,0.0,84.59104,82.39306,14.003476,11.596365
22.5,120.5,2022-11-01,2022-11-02,1,51,24.830679,27.18411,23.368248,82.91809,2.375544,0.7785348,91.16187,72.6972,3.6993399,1.4686911
24.5,120.5,2022-11-01,2022-11-02,1,51,23.708925,25.535099,22.705067,80.643974,7.592085,0.5355162,87.05977,73.71953,9.885875,4.551599
22.5,121.5,2022-11-01,2022-11-02,1,51,25.150244,25.702309,24.784037,83.954056,10.013342,1.8879012,86.56828,80.69092,11.82456,7.8326974
24.5,121.5,2022-11-01,2022-11-02,1,51,19.70787,21.225548,18.926132,88.541504,3.8945038,11.29528,91.74369,82.28949,4.8752885,2.6064086
23.5,121.5,2022-11-01,2022-11-02,1,51,21.393887,22.863607,20.612371,86.790306,4.724837,6.3691235,90.44087,79.86838,5.5942554,3.521004
23.5,120.5,2022-11-01,2022-11-02,1,51,22.29758,25.872644,20.38127,85.278175,1.5551566,0.89028305,93.9775,72.11014,2.1854484,0.96251035
22.5,120.5,2022-11-01,2022-11-03,2,51,24.650007,26.513105,23.406422,87.64402,1.4759077,4.434174,93.50739,78.19425,1.9526328,0.95655596
23.5,121.5,2022-11-01,2022-11-03,2,51,22.078901,23.57572,21.018768,88.93483,2.9977114,18.982008,93.32611,83.589455,3.5805976,2.4579608
24.5,120.5,2022-11-01,2022-11-03,2,51,23.479483,24.895075,22.347599,87.15519,5.5371437,5.317688,91.94044,81.42326,6.5782704,4.1963406
23.5,120.5,2022-11-01,2022-11-03,2,51,21.993164,24.409435,20.10342,89.28876,1.5634266,6.6255307,96.4775,79.44692,2.0480382,1.1742641
24.5,121.5,2022-11-01,2022-11-03,2,51,20.591452,22.308945,19.40332,90.63619,3.0001702,29.952478,95.23971,84.30306,3.5895624,2.3559847
22.5,121.5,2022-11-01,2022-11-03,2,51,25.664963,26.27624,25.1453,86.51409,5.476971,2.4665384,89.31722,83.50121,6.878315,4.3408394
23.5,121.5,2022-11-01,2022-11-04,3,51,21.359983,22.375753,20.442972,89.54895,4.126315,20.972158,91.65122,86.78177,5.043076,3.1944509
22.5,121.5,2022-11-01,2022-11-04,3,51,25.160822,25.681055,24.536482,85.97813,7.1237864,4.434174,87.81321,84.17145,8.851502,5.3839574
22.5,120.5,2022-11-01,2022-11-04,3,51,24.126804,25.355219,23.030928,88.28509,1.9108025,6.2724843,91.49842,82.543236,2.51178,1.3227844
24.5,120.5,2022-11-01,2022-11-04,3,51,22.236372,23.340157,21.227726,85.24373,8.706003,7.69402,88.546455,81.824326,9.570859,7.3800235
23.5,120.5,2022-11-01,2022-11-04,3,51,21.378288,23.36625,19.720457,89.68292,2.3745768,9.938857,93.69137,82.88736,3.0190222,1.7472665
24.5,121.5,2022-11-01,2022-11-04,3,51,19.072012,20.294554,17.876463,92.72992,4.1707687,37.551056,94.401794,90.22064,4.796392,3.4289417
24.5,120.5,2022-11-01,2022-11-05,4,51,21.406717,22.37422,20.684513,80.00857,9.64936,4.1318407,83.01315,76.79948,10.406028,8.742148
22.5,120.5,2022-11-01,2022-11-05,4,51,23.641533,25.061937,22.441732,84.57537,2.6864667,3.4475887,87.880554,78.89506,3.2183166,2.1473646
23.5,121.5,2022-11-01,2022-11-05,4,51,20.384993,21.533901,19.378288,86.59618,5.81229,13.502084,89.103065,83.3259,6.465562,5.0267982
23.5,120.5,2022-11-01,2022-11-05,4,51,20.71218,22.932917,19.060413,86.47684,2.8717873,5.1832013,90.97162,78.74493,3.8620467,2.1431353
24.5,121.5,2022-11-01,2022-11-05,4,51,17.554867,18.596466,16.64128,90.72849,4.6542807,19.254871,92.58335,88.33019,5.3084016,3.9064908
22.5,121.5,2022-11-01,2022-11-05,4,51,24.38394,24.956327,23.787119,82.81855,10.6816635,6.297093,84.92155,80.42706,11.893676,9.020919
22.5,120.5,2022-11-01,2022-11-06,5,51,23.339363,24.83759,22.370308,82.89975,2.525209,2.7064154,87.71418,75.40879,2.959645,2.0925362
24.5,120.5,2022-11-01,2022-11-06,5,51,21.768955,23.023863,21.067316,80.14825,8.1356125,2.8816671,85.88363,73.76113,9.248354,6.7132325
23.5,121.5,2022-11-01,2022-11-06,5,51,20.127247,21.05293,19.539505,84.96335,4.716082,9.797115,88.22064,81.31191,5.6324806,3.5636044
23.5,120.5,2022-11-01,2022-11-06,5,51,20.42416,22.834679,18.788853,86.13772,2.4510274,3.108754,93.132935,76.041664,3.379007,1.8507367
22.5,121.5,2022-11-01,2022-11-06,5,51,24.341967,24.692446,23.986685,79.99271,10.148628,8.095835,82.15036,77.731285,11.45099,8.579714
24.5,121.5,2022-11-01,2022-11-06,5,51,17.79129,18.879908,17.170954,88.78977,3.9104872,15.769659,92.01802,84.15073,4.8455806,2.8169308
24.5,121.5,2022-11-01,2022-11-07,6,51,18.641348,19.87874,17.899765,89.09524,3.6286237,18.174938,92.37551,84.0578,4.446441,2.80531
22.5,121.5,2022-11-01,2022-11-07,6,51,24.768751,25.2409,24.371527,81.091736,8.851055,7.586311,84.13512,78.13006,9.908241,7.5932174
23.5,120.5,2022-11-01,2022-11-07,6,51,20.615269,23.364494,18.998468,87.199646,2.3918173,3.59711,93.97888,76.15532,3.452646,1.6989135
22.5,120.5,2022-11-01,2022-11-07,6,51,23.529005,25.164013,22.552816,84.35122,2.3746164,4.437615,89.6852,75.87548,2.8701994,1.9352973
24.5,120.5,2022-11-01,2022-11-07,6,51,22.207476,23.458551,21.44798,82.4312,7.635951,3.3688264,86.96507,76.70866,8.722821,6.5155296
23.5,121.5,2022-11-01,2022-11-07,6,51,20.705208,21.952845,19.937588,85.46203,4.164617,12.457305,89.34503,80.59315,4.9550805,3.271966
23.5,121.5,2022-11-01,2022-11-08,7,51,20.895008,22.14004,20.05726,86.589516,3.2686994,11.776045,90.312004,81.28167,4.221063,2.2252975
22.5,120.5,2022-11-01,2022-11-08,7,51,23.693624,25.540697,22.48959,85.62836,2.1736498,2.1671968,91.740585,75.753334,2.6686614,1.6308781
24.5,120.5,2022-11-01,2022-11-08,7,51,22.421404,23.85852,21.454693,84.59017,6.7084517,1.6716602,90.00526,77.908264,8.104555,5.117108
23.5,120.5,2022-11-01,2022-11-08,7,51,20.791502,23.689863,18.89485,88.25775,2.1190305,2.7056675,95.17953,76.96112,2.9675953,1.5327847
24.5,121.5,2022-11-01,2022-11-08,7,51,19.111767,20.562994,18.204208,89.36979,2.9598353,14.97134,93.03149,83.57263,3.9316444,1.8933477
22.5,121.5,2022-11-01,2022-11-08,7,51,24.955545,25.430384,24.555532,82.43847,7.590443,7.9430223,85.20534,79.56599,8.96231,6.170361
23.5,121.5,2022-11-01,2022-11-09,8,51,21.290163,22.971039,20.226583,86.470894,2.7724082,6.789114,90.803635,79.51237,3.438176,2.0058458
23.5,120.5,2022-11-01,2022-11-09,8,51,20.834501,23.878246,18.83678,88.83395,2.209251,2.1032445,95.75448,76.90411,3.12038,1.6160243
22.5,120.5,2022-11-01,2022-11-09,8,51,23.822783,25.859787,22.587103,86.7136,2.272107,2.4447722,93.02004,75.81163,2.8398159,1.752892
24.5,120.5,2022-11-01,2022-11-09,8,51,22.411573,23.886408,21.377039,86.5208,5.8954124,1.3097875,90.982124,80.07564,7.0144815,4.701565
22.5,121.5,2022-11-01,2022-11-09,8,51,25.179554,25.83442,24.673151,83.37209,6.348743,3.9071476,86.91575,79.56174,7.6452355,4.9488425
24.5,121.5,2022-11-01,2022-11-09,8,51,19.519512,21.552078,18.157883,89.11684,2.3536706,9.172702,94.00581,80.667694,3.0825007,1.6248691
23.5,120.5,2022-11-01,2022-11-10,9,51,20.691305,23.882702,18.709042,87.32381,2.4551659,1.529918,94.08117,74.691284,3.681918,1.6758671
23.5,121.5,2022-11-01,2022-11-10,9,51,20.926533,22.568027,19.779083,85.28101,3.924673,5.828259,89.239334,78.79948,4.6622853,3.0183978
22.5,120.5,2022-11-01,2022-11-10,9,51,23.747917,25.667023,22.565653,85.59149,2.2722862,1.5903548,90.61059,76.166565,2.7374206,1.8168815
24.5,120.5,2022-11-01,2022-11-10,9,51,22.220459,23.764633,21.157478,82.94041,7.4251213,0.4484887,87.552734,76.58611,8.589316,5.961558
24.5,121.5,2022-11-01,2022-11-10,9,51,18.806587,20.708601,17.46695,88.32963,3.3434412,9.279438,92.67672,80.642715,4.1286182,2.3476958
22.5,121.5,2022-11-01,2022-11-10,9,51,24.962225,25.55161,24.397501,81.872,8.056881,1.4886295,84.66648,78.65416,9.352948,6.5361886
23.5,120.5,2022-11-01,2022-11-11,10,51,20.468452,23.845797,18.324278,85.63679,2.0880928,0.48469093,93.946465,70.77572,3.180429,1.3802161
24.5,121.5,2022-11-01,2022-11-11,10,51,18.225079,20.046547,17.113796,86.32271,3.3563776,5.917418,90.65418,78.5526,4.2234898,2.3121114
23.5,121.5,2022-11-01,2022-11-11,10,51,20.310509,21.833082,19.273285,83.144264,3.9887838,4.226535,87.37283,76.61476,4.8253713,2.8826609
24.5,120.5,2022-11-01,2022-11-11,10,51,22.052925,23.714363,20.960342,80.33437,7.079802,0.1599181,86.11325,72.342316,8.594036,5.16281
22.5,120.5,2022-11-01,2022-11-11,10,51,23.423264,25.29038,22.226759,82.96989,2.0841405,0.6939757,88.273056,73.321594,2.5558636,1.6311218
22.5,121.5,2022-11-01,2022-11-11,10,51,24.591568,25.113401,24.093409,78.16007,8.858014,1.581379,81.03385,75.25196,9.931687,7.557111
22.5,121.5,2022-11-01,2022-11-12,11,51,24.768291,25.378626,24.293354,77.03018,6.7199135,0.84162694,80.38061,73.084694,7.8972445,5.422451
24.5,121.5,2022-11-01,2022-11-12,11,51,18.639837,21.05547,17.141962,85.49912,2.3736365,4.4977527,91.319855,74.74104,2.9882271,1.6876117
23.5,121.5,2022-11-01,2022-11-12,11,51,20.340212,22.208809,19.248451,82.44626,2.478946,2.6963177,87.494934,73.448395,3.2664032,1.5501608
24.5,120.5,2022-11-01,2022-11-12,11,51,21.990852,23.746494,20.752525,83.16299,4.9537544,0.13912426,90.0693,73.81285,6.442335,3.212665
23.5,120.5,2022-11-01,2022-11-12,11,51,20.058352,23.721907,17.717075,85.816025,1.8784485,0.25820264,94.8449,69.62888,2.7381108,1.3114607
22.5,120.5,2022-11-01,2022-11-12,11,51,23.252436,25.48286,21.937162,82.67964,2.0268614,0.24414062,89.87001,70.08363,2.5192773,1.5024296
22.5,120.5,2022-11-01,2022-11-13,12,51,23.366203,25.62227,22.07422,83.26333,2.0209646,0.44624478,90.11072,70.43062,2.5245283,1.4646143
23.5,120.5,2022-11-01,2022-11-13,12,51,19.989166,23.811073,17.706718,85.91074,1.8843464,0.4046571,94.842926,69.58507,2.630027,1.3310769
24.5,120.5,2022-11-01,2022-11-13,12,51,21.918516,23.63671,20.797533,84.62942,4.2869673,0.19043568,90.37545,75.99148,5.5272613,2.908188
23.5,121.5,2022-11-01,2022-11-13,12,51,20.555408,22.59037,19.374578,83.13589,2.0695407,3.721499,88.45034,73.45467,2.830408,1.329284
22.5,121.5,2022-11-01,2022-11-13,12,51,24.920317,25.629078,24.375458,78.04142,5.2644286,1.4844408,81.93788,73.433105,6.264513,4.274547
24.5,121.5,2022-11-01,2022-11-13,12,51,18.873415,21.378668,17.33687,86.51455,2.2818992,5.7156134,92.42373,75.41283,2.8421826,1.6268485
22.5,120.5,2022-11-01,2022-11-14,13,51,23.527266,25.66244,22.27729,83.46519,1.9881958,0.96773636,89.79638,71.85732,2.479192,1.4085807
23.5,121.5,2022-11-01,2022-11-14,13,51,20.732763,22.611773,19.556112,83.66312,2.224006,3.9713242,88.41526,74.7732,2.9899693,1.4726446
24.5,120.5,2022-11-01,2022-11-14,13,51,22.081982,23.801992,21.006123,83.57565,4.3663974,0.82277787,89.54459,74.21673,5.559614,2.983634
24.5,121.5,2022-11-01,2022-11-14,13,51,18.995499,21.383564,17.507803,86.76746,2.3464012,6.3361373,92.18496,76.1993,2.948601,1.7041924
23.5,120.5,2022-11-01,2022-11-14,13,51,20.273436,23.813175,18.214893,85.95778,1.7763712,0.8891985,94.37462,70.58737,2.5218458,1.2283907
22.5,121.5,2022-11-01,2022-11-14,13,51,24.961643,25.578978,24.396425,78.64837,5.110389,1.9908231,81.8574,74.78176,6.1597204,4.006944
22.5,121.5,2022-11-01,2022-11-15,14,51,24.96312,25.63654,24.351969,79.99808,4.944543,3.4993489,84.022606,75.59126,6.1718554,3.750041
22.5,120.5,2022-11-01,2022-11-15,14,51,23.556124,25.613506,22.345592,84.34634,2.0042393,1.2691722,90.56976,72.88497,2.5119407,1.4746448
24.5,120.5,2022-11-01,2022-11-15,14,51,22.203737,23.644701,21.26041,84.14089,4.5493417,2.7579513,89.31258,76.62883,5.948371,3.0934649
24.5,121.5,2022-11-01,2022-11-15,14,51,19.106417,21.17256,17.78543,87.540955,2.3435276,8.353439,92.67202,78.58685,3.0865757,1.612774
23.5,121.5,2022-11-01,2022-11-15,14,51,20.787348,22.548113,19.656914,84.95986,2.3875248,6.715214,89.88265,76.8181,3.2676203,1.5668296
23.5,120.5,2022-11-01,2022-11-15,14,51,20.461933,23.70695,18.46132,86.5054,1.813955,1.5596876,94.425606,72.512764,2.4670901,1.3246616
23.5,120.5,2022-11-01,2022-11-16,15,51,20.570147,23.461302,18.821005,86.85071,1.8102177,2.3124545,94.037605,74.45401,2.4855316,1.2746366
23.5,121.5,2022-11-01,2022-11-16,15,51,20.630905,22.091476,19.724049,85.72803,2.6584058,6.641313,89.45996,79.44171,3.5014386,1.7062349
22.5,120.5,2022-11-01,2022-11-16,15,51,23.590195,25.498028,22.474636,84.14223,2.1478026,1.5035892,89.63757,73.87168,2.7054863,1.5443522
24.5,121.5,2022-11-01,2022-11-16,15,51,18.901163,20.717226,17.738876,88.155975,2.51516,9.5959835,92.33307,80.84534,3.1219573,1.8127518
24.5,120.5,2022-11-01,2022-11-16,15,51,22.331015,23.683022,21.456648,84.0303,5.139955,3.9503808,88.781624,77.29114,6.499924,3.3716521
22.5,121.5,2022-11-01,2022-11-16,15,51,24.90459,25.47416,24.401968,80.40461,5.716638,3.0644734,83.51212,76.92382,6.9855704,4.360676
23.5,121.5,2022-11-01,2022-11-17,16,51,20.71314,22.26022,19.689434,85.04534,2.6681974,5.884806,89.115265,78.36827,3.5026824,1.7822306
23.5,120.5,2022-11-01,2022-11-17,16,51,20.64231,23.70658,18.670347,86.76856,1.8789237,2.1393719,94.35562,73.77059,2.6182437,1.2605197
22.5,120.5,2022-11-01,2022-11-17,16,51,23.57933,25.555384,22.312075,84.21926,2.1894,1.2947531,90.5174,73.76767,2.7185755,1.5796405
24.5,121.5,2022-11-01,2022-11-17,16,51,19.016075,20.857927,17.861567,88.008224,2.6189573,7.972867,92.361404,80.61019,3.3291953,1.8453921
22.5,121.5,2022-11-01,2022-11-17,16,51,24.92378,25.513409,24.415318,80.091125,5.8992176,2.6016235,83.41275,76.31354,7.238069,4.419399
24.5,120.5,2022-11-01,2022-11-17,16,51,22.43729,23.80454,21.480625,83.5871,5.0879097,1.7553592,88.74332,76.70895,6.458042,3.567349
23.5,120.5,2022-11-01,2022-11-18,17,51,20.74148,23.826292,18.833025,86.748924,1.8741454,1.8321018,94.07302,73.68064,2.6131713,1.3093783
23.5,121.5,2022-11-01,2022-11-18,17,51,20.816895,22.497133,19.806406,85.62114,2.4964397,6.9907694,89.963104,77.919464,3.5742142,1.4595513
22.5,120.5,2022-11-01,2022-11-18,17,51,23.62857,25.63609,22.377865,84.51664,2.0240593,1.6615624,90.7441,73.8066,2.613626,1.4035252
24.5,120.5,2022-11-01,2022-11-18,17,51,22.530676,23.927555,21.60529,83.83744,5.265938,2.0431817,88.84419,76.78966,6.742754,3.634847
24.5,121.5,2022-11-01,2022-11-18,17,51,19.20656,21.204523,17.912952,88.20703,2.4631584,10.13423,92.82124,79.581505,3.2134717,1.6782293
22.5,121.5,2022-11-01,2022-11-18,17,51,25.04815,25.70584,24.465338,80.24407,5.323858,3.5183477,83.4476,76.56358,6.7627873,3.8731358
23.5,121.5,2022-11-01,2022-11-19,18,51,20.523981,22.078728,19.415323,86.0173,2.95041,13.580023,90.44265,79.27298,4.024742,1.7848526
23.5,120.5,2022-11-01,2022-11-19,18,51,20.526796,23.561766,18.644184,86.4499,2.089145,4.7764497,93.642815,73.31065,2.9149828,1.4079556
22.5,121.5,2022-11-01,2022-11-19,18,51,24.765614,25.467682,24.136473,81.22532,6.286029,6.469278,84.85942,77.08637,7.8949356,4.543561
24.5,120.5,2022-11-01,2022-11-19,18,51,22.253262,23.695349,21.170404,82.88988,6.0749564,3.981796,88.10297,75.94628,7.594793,4.2951827
24.5,121.5,2022-11-01,2022-11-19,18,51,18.649643,20.53556,17.308733,88.68701,2.906182,14.212814,92.97892,81.16412,3.7154915,2.0298254
22.5,120.5,2022-11-01,2022-11-19,18,51,23.480772,25.365688,22.32201,84.33631,2.2745583,3.4199135,89.95385,74.543274,2.8794792,1.6510475
23.5,120.5,2022-11-01,2022-11-20,19,51,20.08155,22.873476,18.325016,85.91078,2.1984296,3.6262064,92.55796,74.02883,2.8786092,1.5766641
23.5,121.5,2022-11-01,2022-11-20,19,51,20.045675,21.567583,18.99464,85.533195,3.1550286,13.787812,89.55773,78.921036,4.068142,2.1896918
24.5,120.5,2022-11-01,2022-11-20,19,51,21.738115,23.05246,20.835676,82.02062,6.445548,3.64341,86.54064,75.74145,7.84226,4.86927
24.5,121.5,2022-11-01,2022-11-20,19,51,17.991486,19.680883,16.876665,88.64591,3.0372722,13.564764,92.62981,81.66206,3.7463615,2.2390857
22.5,120.5,2022-11-01,2022-11-20,19,51,23.15374,24.90706,22.044277,83.45749,2.4001908,3.8247201,88.73451,74.31969,2.8816576,1.8267946
22.5,121.5,2022-11-01,2022-11-20,19,51,24.382275,25.05378,23.809044,80.28835,6.57255,7.1177764,83.536736,76.480446,8.040014,5.017939
23.5,121.5,2022-11-01,2022-11-21,20,51,19.561932,20.934423,18.484142,85.493004,3.554834,10.792302,89.18017,80.11201,4.673772,2.360273
23.5,120.5,2022-11-01,2022-11-21,20,51,19.696362,22.299074,18.082281,85.98816,2.3556173,5.242441,92.263855,75.26057,3.1715543,1.6012568
22.5,121.5,2022-11-01,2022-11-21,20,51,24.046902,24.720978,23.340923,79.96923,7.397337,7.9725676,83.332855,76.56674,9.236782,5.331201
24.5,121.5,2022-11-01,2022-11-21,20,51,17.363115,19.038492,16.056808,88.47761,3.2551374,14.575435,92.273575,82.235664,4.0590334,2.2765155
24.5,120.5,2022-11-01,2022-11-21,20,51,21.28433,22.58129,20.224037,81.318245,7.1326613,6.505181,86.268585,75.31329,8.455712,5.4746723
22.5,120.5,2022-11-01,2022-11-21,20,51,22.836988,24.401365,21.746494,83.03246,2.5754733,5.333994,87.716896,75.568954,3.1420755,1.9543041
22.5,120.5,2022-11-01,2022-11-22,21,51,22.373138,24.006111,21.20611,81.51154,2.7350547,2.4571137,86.687126,73.638626,3.3130531,2.1335018
24.5,120.5,2022-11-01,2022-11-22,21,51,20.664307,21.936535,19.629951,79.68073,7.641311,4.6273026,84.51525,73.77093,8.847922,6.067259
24.5,121.5,2022-11-01,2022-11-22,21,51,16.681925,18.393366,15.407049,87.469734,3.512583,12.449227,91.24861,81.434975,4.3255315,2.6086366
22.5,121.5,2022-11-01,2022-11-22,21,51,23.61905,24.214308,22.931086,78.66388,8.1854315,4.3275123,82.189896,75.376526,9.806038,6.2454267
23.5,121.5,2022-11-01,2022-11-22,21,51,19.143694,20.486162,18.071861,84.0909,3.9741597,8.135478,87.83905,78.51711,4.9848185,2.780333
23.5,120.5,2022-11-01,2022-11-22,21,51,19.161503,21.701601,17.4518,84.82185,2.6103237,4.277996,91.23772,74.296776,3.3988225,1.8267998
24.5,120.5,2022-11-01,2022-11-23,22,51,20.339495,21.686047,19.32387,78.1045,7.695803,2.7953503,83.12612,71.73147,8.936257,6.0453577
22.5,120.5,2022-11-01,2022-11-23,22,51,22.04554,23.680136,20.946722,79.88174,2.915645,3.1537824,85.095634,71.60718,3.5595782,2.3561995
22.5,121.5,2022-11-01,2022-11-23,22,51,23.281868,23.893389,22.61002,77.5367,8.8023205,5.5147057,80.63624,74.30871,10.248699,7.114826
24.5,121.5,2022-11-01,2022-11-23,22,51,16.055975,17.695654,14.918421,86.98965,3.5740194,10.417265,90.71943,80.802185,4.2523494,2.7584815
23.5,120.5,2022-11-01,2022-11-23,22,51,18.738754,21.369938,17.074507,83.6173,2.5533166,3.725538,90.78577,72.095894,3.3342736,1.8879526
23.5,121.5,2022-11-01,2022-11-23,22,51,18.57297,19.877583,17.572113,83.47911,4.1855726,9.467929,86.87418,78.45115,5.06704,3.0823855
23.5,121.5,2022-11-01,2022-11-24,23,51,18.367151,19.682024,17.412214,83.50943,3.8775456,7.7119713,87.5559,77.84699,4.778144,2.9558845
22.5,121.5,2022-11-01,2022-11-24,23,51,23.125067,23.717474,22.520365,77.50002,8.384723,4.4277415,81.303734,73.75535,9.70929,7.0425634
22.5,120.5,2022-11-01,2022-11-24,23,51,21.8548,23.515293,20.797577,79.480835,2.8614702,1.8741384,84.9607,70.924255,3.4635277,2.2195714
24.5,120.5,2022-11-01,2022-11-24,23,51,20.281815,21.565935,19.273998,77.33574,7.2144837,1.374787,82.26803,71.01625,8.389445,5.7469735
24.5,121.5,2022-11-01,2022-11-24,23,51,16.01304,17.670473,14.7816305,86.2968,3.429339,9.328805,90.534,79.688675,4.166254,2.6135669
23.5,120.5,2022-11-01,2022-11-24,23,51,18.459417,21.370531,16.716677,83.017456,2.4993107,1.6566257,90.53669,70.13434,3.3361835,1.7991898
24.5,120.5,2022-11-01,2022-11-25,24,51,19.959293,21.443588,18.960993,76.20435,7.4895105,1.0103712,81.50138,68.929016,8.526062,6.1883426
22.5,120.5,2022-11-01,2022-11-25,24,51,21.614786,23.46202,20.405348,78.351326,2.8106282,1.2431425,83.90713,68.73247,3.3245637,2.2735355
22.5,121.5,2022-11-01,2022-11-25,24,51,22.919819,23.54861,22.297943,76.220726,8.93082,3.572651,79.40044,72.842636,9.9233675,7.957274
23.5,121.5,2022-11-01,2022-11-25,24,51,18.109674,19.557354,17.155546,82.16586,4.069684,6.6537294,86.18098,75.789055,4.7171893,3.3604987
23.5,120.5,2022-11-01,2022-11-25,24,51,18.072048,21.144304,16.287191,82.12426,2.594363,1.3044769,89.50348,68.59405,3.4412427,1.9277881
24.5,121.5,2022-11-01,2022-11-25,24,51,15.557199,17.249693,14.444626,85.1615,3.4747665,8.821375,89.395775,78.21118,4.102449,2.6915715
24.5,121.5,2022-11-01,2022-11-26,25,51,15.647274,17.60504,14.307864,84.52564,3.363462,8.442898,89.592445,76.343925,4.082361,2.5804362
23.5,121.5,2022-11-01,2022-11-26,25,51,18.045033,19.57436,17.028345,81.487206,3.9862764,5.9802485,86.00653,74.51617,4.940701,3.00046
22.5,121.5,2022-11-01,2022-11-26,25,51,22.899525,23.524479,22.273554,75.40983,8.808125,4.157272,78.97639,71.57621,10.092467,7.415765
24.5,120.5,2022-11-01,2022-11-26,25,51,20.01923,21.636612,18.839325,76.19159,7.2920012,0.7719152,82.29173,68.257484,8.540777,5.7603636
22.5,120.5,2022-11-01,2022-11-26,25,51,21.473944,23.3456,20.260107,78.02495,2.7507334,0.9439506,84.49871,67.76373,3.3440902,2.165645
23.5,120.5,2022-11-01,2022-11-26,25,51,17.976606,21.304285,15.906258,81.7917,2.4532797,0.6366804,90.28592,67.158226,3.2982886,1.739223
24.5,120.5,2022-11-01,2022-11-27,26,51,19.859838,21.36116,18.76389,75.88443,7.6194725,0.88680494,81.81785,68.34534,8.9417305,5.9131117
22.5,120.5,2022-11-01,2022-11-27,26,51,21.470957,23.448553,20.274395,77.46058,2.9283092,0.8948831,84.09345,66.86536,3.500461,2.387041
23.5,121.5,2022-11-01,2022-11-27,26,51,17.985882,19.551516,16.854692,81.21189,4.1856384,5.8970733,86.18766,73.92566,5.14283,3.1285012
24.5,121.5,2022-11-01,2022-11-27,26,51,15.553274,17.45658,14.222544,84.87537,3.5983334,9.4894705,89.88909,76.75431,4.3952365,2.632834
23.5,120.5,2022-11-01,2022-11-27,26,51,17.80697,21.276487,15.747937,81.38395,2.6156373,0.6426643,90.17211,66.34647,3.4303715,1.8925388
22.5,121.5,2022-11-01,2022-11-27,26,51,22.926102,23.57774,22.22276,75.24452,9.063238,3.7796917,79.32299,71.132614,10.677544,7.3730464
22.5,121.5,2022-11-01,2022-11-28,27,51,22.660984,23.320358,21.97973,75.79912,9.51242,4.622216,79.472305,72.38077,10.882563,8.036977
24.5,120.5,2022-11-01,2022-11-28,27,51,19.475801,21.02129,18.37408,76.46023,8.255461,1.7751058,82.3218,69.15241,9.494163,6.6483216
22.5,120.5,2022-11-01,2022-11-28,27,51,21.339466,23.202969,20.110832,76.93766,3.1702762,1.8223782,83.15898,67.35257,3.7319663,2.6127567
23.5,121.5,2022-11-01,2022-11-28,27,51,17.756659,19.254667,16.703114,81.84271,4.33347,7.034003,86.31727,75.24811,5.1369963,3.4137073
24.5,121.5,2022-11-01,2022-11-28,27,51,15.167457,16.97047,13.963075,85.46316,3.67584,11.021932,90.105354,78.229126,4.3343644,2.8377802
23.5,120.5,2022-11-01,2022-11-28,27,51,17.59452,20.920538,15.622947,81.520744,2.8169014,1.4292399,89.99272,66.89335,3.6724405,2.0493722
23.5,120.5,2022-11-01,2022-11-29,28,51,17.410265,20.46864,15.494409,81.89777,2.70936,1.974966,89.79619,68.601234,3.52484,1.9911416
22.5,121.5,2022-11-01,2022-11-29,28,51,22.385824,23.000273,21.72856,76.42977,9.829684,6.225885,79.90289,72.97306,11.3602705,8.045933
24.5,120.5,2022-11-01,2022-11-29,28,51,19.300823,20.723001,18.166187,76.14588,8.290229,1.6715854,82.066025,68.82321,9.598926,6.807263
22.5,120.5,2022-11-01,2022-11-29,28,51,21.00236,22.629478,19.89161,77.906746,3.0659604,2.8671563,83.3515,69.613174,3.6578689,2.526584
23.5,121.5,2022-11-01,2022-11-29,28,51,17.487968,18.791712,16.458157,82.47744,4.52759,9.157368,86.72382,77.1761,5.427471,3.4539347
24.5,121.5,2022-11-01,2022-11-29,28,51,14.951491,16.520687,13.656672,85.76711,3.7993002,12.697407,89.75592,79.33067,4.5457187,2.9606698
22.5,120.5,2022-11-01,2022-11-30,29,51,21.030468,22.943283,19.784643,77.588486,3.038248,1.9184188,84.1483,67.24858,3.5501356,2.5222542
23.5,120.5,2022-11-01,2022-11-30,29,51,17.289831,20.626097,15.278191,82.132324,2.674699,1.5958898,90.077896,67.97743,3.4530156,1.9568821
22.5,121.5,2022-11-01,2022-11-30,29,51,22.530706,23.17182,21.888014,75.91363,9.361033,4.5800304,79.33262,72.36541,10.806412,7.9966335
23.5,121.5,2022-11-01,2022-11-30,29,51,17.616032,19.155943,16.514984,81.8007,4.314503,6.8625655,86.052574,75.05802,5.215194,3.3830433
24.5,121.5,2022-11-01,2022-11-30,29,51,15.119153,16.756762,13.9581375,85.747826,3.5572772,11.069802,89.821014,78.8096,4.2838554,2.704915
24.5,120.5,2022-11-01,2022-11-30,29,51,19.365524,20.81447,18.322632,76.89961,7.7318935,2.2223978,82.12139,69.53629,8.980538,6.1314516
24.5,121.5,2022-11-01,2022-12-01,30,51,15.1694,16.899464,14.002039,85.659035,3.5848856,10.525573,90.28404,78.464714,4.2967925,2.7730258
22.5,120.5,2022-11-01,2022-12-01,30,51,21.13906,23.142012,19.893507,77.6484,2.9468887,1.3445686,84.24458,67.123055,3.4557006,2.414952
24.5,120.5,2022-11-01,2022-12-01,30,51,19.482416,21.039936,18.424433,76.94934,7.9467444,1.5620811,82.55486,69.52005,9.115423,6.4052596
22.5,121.5,2022-11-01,2022-12-01,30,51,22.570269,23.187237,21.880709,75.59836,9.554717,3.6719828,79.292435,71.95986,10.802767,8.136112
23.5,121.5,2022-11-01,2022-12-01,30,51,17.601204,19.05789,16.485693,81.70584,4.3372993,6.7919564,86.14608,75.33537,5.0934935,3.454753
23.5,120.5,2022-11-01,2022-12-01,30,51,17.486084,20.955269,15.443228,81.90752,2.6467845,1.44031,90.46744,67.086815,3.3748188,1.9959277
22.5,120.5,2022-11-01,2022-12-02,31,51,21.098053,22.931566,19.957275,78.10027,2.9472518,1.8540925,84.04981,68.21399,3.4252605,2.4187543
24.5,120.5,2022-11-01,2022-12-02,31,51,19.525461,21.061987,18.534996,77.553154,7.7653503,1.225191,83.47227,69.783005,8.8161125,6.361387
23.5,120.5,2022-11-01,2022-12-02,31,51,17.449366,20.82759,15.507334,82.57447,2.6371202,1.8567852,90.740845,68.25219,3.4473536,1.9948562
24.5,121.5,2022-11-01,2022-12-02,31,51,15.342461,17.067429,14.226565,86.11881,3.5952194,11.001587,90.63098,78.44029,4.2312,2.8088799
22.5,121.5,2022-11-01,2022-12-02,31,51,22.672674,23.26496,22.060043,75.18909,9.065346,4.1608624,78.69521,71.41422,10.317449,7.762865
23.5,121.5,2022-11-01,2022-12-02,31,51,17.740229,19.271221,16.73918,82.00406,4.0720234,6.8544874,86.23084,75.074905,4.81285,3.2609718
24.5,121.5,2022-11-01,2022-12-03,32,51,15.250386,17.096592,13.992097,85.42117,3.72323,9.18998,90.190346,77.56937,4.480464,2.7842991
22.5,121.5,2022-11-01,2022-12-03,32,51,22.561403,23.248724,21.904964,76.40544,9.295932,3.8954792,80.593025,72.15991,10.519695,7.88818
23.5,121.5,2022-11-01,2022-12-03,32,51,17.70649,19.274424,16.645859,82.21145,4.2175126,6.3428693,86.86915,75.07464,5.0913587,3.2163944
23.5,120.5,2022-11-01,2022-12-03,32,51,17.5349,21.029888,15.4353,81.668686,2.5325847,0.749775,90.63436,66.6504,3.3373659,1.8816288
22.5,120.5,2022-11-01,2022-12-03,32,51,21.152042,23.051258,19.951658,78.33018,2.958872,1.2090347,84.7949,68.20492,3.4219804,2.455817
24.5,120.5,2022-11-01,2022-12-03,32,51,19.474794,21.115349,18.382504,76.9053,7.5950685,0.7057938,82.913246,68.861626,8.818703,6.1246295
22.5,121.5,2022-11-01,2022-12-04,33,51,22.631462,23.292248,21.972853,77.114075,8.785148,4.4301353,80.95935,73.24867,9.9718685,7.5309534
22.5,120.5,2022-11-01,2022-12-04,33,51,21.203173,23.237621,19.933159,78.76359,2.933574,1.8774295,85.03691,68.22684,3.5144105,2.315526
24.5,121.5,2022-11-01,2022-12-04,33,51,15.381558,17.378223,14.055017,86.52243,3.3791535,9.681552,90.87736,78.647606,4.22484,2.5017533
23.5,121.5,2022-11-01,2022-12-04,33,51,17.754347,19.374979,16.63045,83.03027,3.906535,6.722843,87.31539,76.28055,4.7657986,2.9346023
24.5,120.5,2022-11-01,2022-12-04,33,51,19.35519,20.955795,18.207182,78.48731,7.4412827,1.0310154,84.5614,70.81077,8.870031,5.655132
23.5,120.5,2022-11-01,2022-12-04,33,51,17.441051,20.91478,15.376587,82.66636,2.6228607,1.1031207,91.12565,68.25917,3.4529412,1.8843845
24.5,120.5,2022-11-01,2022-12-05,34,51,19.090256,20.656578,18.067553,77.637856,7.5268607,1.6545315,82.96868,70.09925,8.765676,5.902146
22.5,120.5,2022-11-01,2022-12-05,34,51,21.0573,23.00843,19.817978,78.664696,2.9539788,2.682555,85.10024,68.55454,3.5619354,2.3567438
23.5,120.5,2022-11-01,2022-12-05,34,51,17.365282,20.786263,15.449853,82.47854,2.630846,1.9178203,90.64366,67.95056,3.4632244,1.9135498
24.5,121.5,2022-11-01,2022-12-05,34,51,15.117925,16.98477,13.876159,85.93152,3.5552757,9.588802,90.23452,78.69602,4.3448915,2.7111208
23.5,121.5,2022-11-01,2022-12-05,34,51,17.624273,19.190552,16.540276,82.05147,4.067824,7.4145746,86.47627,75.29169,4.918493,3.1386845
22.5,121.5,2022-11-01,2022-12-05,34,51,22.466959,23.104895,21.789404,75.94635,8.957421,4.6551275,79.593834,72.604935,10.192471,7.5535975
24.5,120.5,2022-11-01,2022-12-06,35,51,18.96161,20.486912,17.959425,76.92462,7.9642377,1.805025,82.623535,69.507965,9.0000925,6.6392536
22.5,120.5,2022-11-01,2022-12-06,35,51,20.890224,22.764673,19.719671,78.10413,2.9855344,2.6589189,84.090996,68.30447,3.5629394,2.4369943
23.5,120.5,2022-11-01,2022-12-06,35,51,17.242065,20.675173,15.185908,81.884,2.6114206,1.70689,90.1324,67.20072,3.4034543,1.9058558
24.5,121.5,2022-11-01,2022-12-06,35,51,14.868215,16.64391,13.734981,85.7693,3.6229246,9.47511,90.28827,78.32111,4.373683,2.8248253
22.5,121.5,2022-11-01,2022-12-06,35,51,22.21768,22.804388,21.602745,76.146416,9.29641,4.7927556,79.70025,72.632805,10.469324,7.971053
23.5,121.5,2022-11-01,2022-12-06,35,51,17.347391,18.839668,16.277952,82.54079,4.281329,6.665697,87.069664,76.189415,5.0426497,3.365738
23.5,121.5,2022-11-01,2022-12-07,36,51,17.334951,18.656702,16.351728,83.31518,4.207952,8.167341,87.18164,77.71162,5.061664,3.2144246
24.5,121.5,2022-11-01,2022-12-07,36,51,14.974638,16.70942,13.69891,86.251625,3.693284,11.30048,90.250565,79.31741,4.404505,2.854068
24.5,120.5,2022-11-01,2022-12-07,36,51,19.081831,20.659239,17.973255,77.05071,8.071688,1.7933565,83.04935,69.263145,9.299495,6.4788446
23.5,120.5,2022-11-01,2022-12-07,36,51,17.240034,20.550959,15.394804,82.31318,2.5633385,1.7670276,90.05465,68.3677,3.4648633,1.8889834
22.5,120.5,2022-11-01,2022-12-07,36,51,20.842945,22.706495,19.672514,78.598274,2.8835053,1.8911923,84.47507,68.77765,3.3987892,2.3571246
22.5,121.5,2022-11-01,2022-12-07,36,51,22.239641,22.828783,21.596584,76.705956,9.2217455,5.206837,80.10567,73.11887,10.598191,7.6478696
24.5,120.5,2022-11-01,2022-12-08,37,51,19.032938,20.480589,18.11512,77.29993,7.6340494,1.5300676,82.690384,70.042694,8.790939,6.128044
22.5,120.5,2022-11-01,2022-12-08,37,51,20.852886,22.674522,19.690495,77.57355,2.9149437,2.3498535,83.50169,68.08621,3.5172918,2.3244784
23.5,120.5,2022-11-01,2022-12-08,37,51,17.19208,20.511763,15.228728,82.18757,2.5010948,1.8157959,90.318535,67.41298,3.310285,1.8726848
24.5,121.5,2022-11-01,2022-12-08,37,51,14.914668,16.526272,13.9098425,85.934975,3.6340616,10.560578,90.016914,78.92543,4.277085,2.884554
22.5,121.5,2022-11-01,2022-12-08,37,51,22.199987,22.758171,21.628904,76.026474,9.281435,5.3678026,79.283325,72.806435,10.382739,8.033678
23.5,121.5,2022-11-01,2022-12-08,37,51,17.265379,18.649246,16.354355,82.61046,4.1081223,8.268767,86.58416,76.42628,4.8449774,3.1792192
23.5,121.5,2022-11-01,2022-12-09,38,51,17.429628,18.92655,16.335014,82.94064,3.9546516,10.790358,87.32132,76.56448,4.7756615,3.0397124
24.5,120.5,2022-11-01,2022-12-09,38,51,19.04244,20.76662,17.85583,78.91254,7.255317,2.955418,84.60516,70.86911,8.434873,5.909722
23.5,120.5,2022-11-01,2022-12-09,38,51,17.203392,20.544855,15.3157625,82.603966,2.5624375,2.3316028,90.78834,68.13584,3.273141,1.9849467
24.5,121.5,2022-11-01,2022-12-09,38,51,15.12833,17.144571,13.735806,86.10869,3.427013,12.321322,90.71639,78.32468,4.12295,2.6515665
22.5,121.5,2022-11-01,2022-12-09,38,51,22.300417,22.95622,21.621647,76.50345,8.863538,9.222591,80.177635,72.98933,10.189903,7.3137145
22.5,120.5,2022-11-01,2022-12-09,38,51,20.791666,22.696356,19.593515,78.899666,2.9486048,2.3160448,85.01465,68.57379,3.466219,2.4250221
23.5,120.5,2022-11-01,2022-12-10,39,51,17.0859,20.317581,14.946809,82.89074,2.7933338,1.8259684,90.370605,69.989876,3.6501877,2.0243545
22.5,121.5,2022-11-01,2022-12-10,39,51,22.269493,23.025541,21.467695,77.2649,8.922632,6.9352694,81.5661,72.93649,10.520354,7.218703
22.5,120.5,2022-11-01,2022-12-10,39,51,20.784744,22.672974,19.449986,79.12333,3.0898237,1.9405589,85.663025,69.505005,3.6878157,2.468505
24.5,120.5,2022-11-01,2022-12-10,39,51,18.692928,20.206924,17.506824,78.997,8.076613,2.7008057,84.1967,72.20825,9.343579,6.458647
24.5,121.5,2022-11-01,2022-12-10,39,51,14.863319,16.65627,13.466184,86.897865,3.7056088,12.674069,91.04418,80.23528,4.432257,2.8243551
23.5,121.5,2022-11-01,2022-12-10,39,51,17.434675,18.975702,16.219059,83.12281,4.1951265,9.292603,87.55934,77.203255,5.140155,3.1934834
23.5,121.5,2022-11-01,2022-12-11,40,51,17.229454,18.741327,16.141182,83.40644,4.1518464,9.745579,87.55436,76.91432,5.062894,3.1617622
24.5,121.5,2022-11-01,2022-12-11,40,51,14.817335,16.620398,13.497506,86.57306,3.6904688,13.543522,90.78994,79.53025,4.424158,2.9174726
22.5,121.5,2022-11-01,2022-12-11,40,51,22.05845,22.651796,21.365541,77.73264,9.138594,8.20115,81.23986,74.480774,10.526281,7.7024345
23.5,120.5,2022-11-01,2022-12-11,40,51,17.083822,20.342098,15.200906,82.178185,2.5907757,2.5539024,89.7248,68.54147,3.3577964,1.9354583
24.5,120.5,2022-11-01,2022-12-11,40,51,18.708889,20.230572,17.558538,78.40955,7.714726,2.95093,83.33774,71.47919,8.934602,6.19709
22.5,120.5,2022-11-01,2022-12-11,40,51,20.73109,22.548117,19.553852,78.645905,2.950455,4.0352015,84.47768,69.3045,3.5705767,2.3444448
24.5,121.5,2022-11-01,2022-12-12,41,51,14.729125,16.484798,13.389401,86.22139,3.6622446,9.0077715,90.478035,79.479256,4.4047093,2.848565
23.5,121.5,2022-11-01,2022-12-12,41,51,17.209057,18.572462,16.16128,83.02039,4.200564,7.665597,87.04056,77.22782,5.014983,3.3372536
22.5,121.5,2022-11-01,2022-12-12,41,51,22.056108,22.636595,21.35824,76.93002,9.130057,5.2816353,80.22465,73.27741,10.48814,7.6983237
23.5,120.5,2022-11-01,2022-12-12,41,51,16.97787,20.097466,15.222609,82.78193,2.6397364,2.500048,90.04654,69.79416,3.410979,1.9128246
22.5,120.5,2022-11-01,2022-12-12,41,51,20.686777,22.366632,19.548075,78.65834,3.04079,2.5712554,84.08023,70.18244,3.597453,2.5094724
24.5,120.5,2022-11-01,2022-12-12,41,51,18.656303,20.105011,17.517744,78.090454,7.669102,1.7939548,83.12764,71.40375,8.900583,6.138999
23.5,120.5,2022-11-01,2022-12-13,42,51,16.689238,20.04482,14.637786,81.879456,2.7045462,2.4333282,89.7557,67.7136,3.492395,2.0107448
24.5,120.5,2022-11-01,2022-12-13,42,51,18.276468,19.988111,16.943232,77.17325,7.7695885,2.141915,83.25277,69.2736,8.838059,6.439705
23.5,121.5,2022-11-01,2022-12-13,42,51,16.95041,18.604334,15.675899,81.935844,4.2301826,6.7793903,86.48564,74.93703,4.945973,3.408616
24.5,121.5,2022-11-01,2022-12-13,42,51,14.366599,16.436758,12.843994,85.37225,3.6920416,10.194068,90.17767,77.407486,4.336283,2.9937744
22.5,120.5,2022-11-01,2022-12-13,42,51,20.414833,22.275787,19.159594,77.9884,3.0612183,2.612544,84.07875,68.77966,3.6681764,2.4159565
22.5,121.5,2022-11-01,2022-12-13,42,51,21.808828,22.489174,21.070961,75.9129,9.252556,4.6069574,79.58467,72.50619,10.426457,8.081574
24.5,121.5,2022-11-01,2022-12-14,43,51,13.972425,15.901087,12.688069,85.5912,3.5786428,9.325214,90.225876,77.797264,4.280612,2.726113
23.5,121.5,2022-11-01,2022-12-14,43,51,16.548817,18.115688,15.459221,82.36171,4.1595006,6.7737055,86.65009,75.90624,4.97614,3.1849308
22.5,121.5,2022-11-01,2022-12-14,43,51,21.491306,22.118565,20.836803,76.498344,9.020113,4.12107,79.912926,73.102745,10.444939,7.377887
22.5,120.5,2022-11-01,2022-12-14,43,51,20.081467,21.965889,18.836432,77.80728,3.0172164,1.2832342,83.760475,68.270454,3.6591558,2.4802601
23.5,120.5,2022-11-01,2022-12-14,43,51,16.136374,19.53831,14.132058,81.87643,2.7052197,1.0337082,90.109344,67.64401,3.450158,2.015683
24.5,120.5,2022-11-01,2022-12-14,43,51,17.844648,19.317104,16.806423,77.52587,7.7953563,1.4241537,82.687775,70.385864,9.077395,5.9724894
24.5,120.5,2022-11-01,2022-12-15,44,51,17.877972,19.457226,16.71247,77.75141,7.7301893,1.4202641,82.97526,70.51201,8.993806,6.054696
22.5,121.5,2022-11-01,2022-12-15,44,51,21.468046,22.127449,20.737257,76.274536,9.068018,3.9209104,79.4811,72.98704,10.442732,7.490128
23.5,121.5,2022-11-01,2022-12-15,44,51,16.506063,18.01277,15.36344,82.78391,4.178791,6.903555,86.99204,76.919914,5.0554504,3.1311436
23.5,120.5,2022-11-01,2022-12-15,44,51,16.175966,19.59758,14.205798,81.77505,2.7325454,1.17373,90.10144,67.2186,3.5766025,2.0654957
24.5,121.5,2022-11-01,2022-12-15,44,51,13.924894,15.8378,12.527325,86.20665,3.6956904,10.275149,90.51158,79.036385,4.4261208,2.8305225
22.5,120.5,2022-11-01,2022-12-15,44,51,20.070938,21.973766,18.792332,77.43285,3.068882,1.4023126,83.62737,67.938065,3.5860655,2.5299804
24.5,120.5,2022-11-01,2022-12-16,45,51,17.467997,19.045046,16.231768,76.82864,8.156294,1.7909629,82.02497,69.4641,9.466124,6.346981
24.5,121.5,2022-11-01,2022-12-16,45,51,13.612548,15.723063,12.11655,85.34235,3.6611829,9.571749,89.94914,77.068985,4.5055623,2.695274
22.5,120.5,2022-11-01,2022-12-16,45,51,19.78361,21.8297,18.464893,77.406654,3.1004834,2.5215898,84.12161,66.610054,3.7346246,2.4467137
23.5,121.5,2022-11-01,2022-12-16,45,51,16.374334,18.098278,15.17187,81.382706,4.374482,6.601371,85.84762,74.11495,5.391344,3.2733307
22.5,121.5,2022-11-01,2022-12-16,45,51,21.282097,22.00985,20.499392,75.576805,9.270364,7.4061975,79.20706,72.07774,10.9064245,7.6040125
23.5,120.5,2022-11-01,2022-12-16,45,51,15.902261,19.40838,13.861697,81.033134,2.8710935,1.2978946,88.99358,66.27022,3.674939,2.109267
23.5,120.5,2022-11-01,2022-12-17,46,51,15.621499,18.971245,13.58904,80.891075,2.8351297,0.95023364,88.547714,66.467255,3.677068,2.0407672
23.5,121.5,2022-11-01,2022-12-17,46,51,15.848531,17.351639,14.779324,82.340454,4.5753098,6.761738,86.47282,76.22296,5.502101,3.5731385
24.5,121.5,2022-11-01,2022-12-17,46,51,13.093055,14.8011,11.893255,85.828156,3.83419,9.175618,89.910835,78.714294,4.5418444,2.974359
22.5,120.5,2022-11-01,2022-12-17,46,51,19.474852,21.293558,18.198627,77.06724,3.2121842,1.5198951,83.05007,67.68169,3.8009586,2.6297224
24.5,120.5,2022-11-01,2022-12-17,46,51,17.178543,18.692963,16.115294,76.70987,8.452769,1.0711071,82.13904,69.65243,9.803751,6.726147
22.5,121.5,2022-11-01,2022-12-17,46,51,20.897867,21.54974,20.24079,75.94105,9.975663,5.4740157,79.257576,72.31012,11.289787,8.685303
23.5,120.5,2022-11-01,2022-12-18,47,51,15.680509,19.167763,13.6427555,81.20193,2.5427907,1.0340073,89.65911,66.08555,3.215233,1.9116292
23.5,121.5,2022-11-01,2022-12-18,47,51,15.994703,17.49092,14.925054,82.27366,3.9628694,6.9262934,86.66758,75.621315,4.7996664,3.0086708
22.5,121.5,2022-11-01,2022-12-18,47,51,21.125341,21.743755,20.411724,75.29531,9.141221,4.383162,78.958595,71.33385,10.404458,7.8618746
22.5,120.5,2022-11-01,2022-12-18,47,51,19.580507,21.376135,18.39552,76.73595,3.09192,1.6120462,82.96369,67.126884,3.6621559,2.5407906
24.5,121.5,2022-11-01,2022-12-18,47,51,13.624165,15.530446,12.282,85.58453,3.4599524,8.826162,90.47363,77.10596,4.112935,2.6702352
24.5,120.5,2022-11-01,2022-12-18,47,51,17.5948,19.192348,16.469334,77.512566,7.508566,0.9813496,83.336395,69.17089,8.755314,6.0919104
23.5,120.5,2022-11-01,2022-12-19,48,51,15.870046,19.436111,13.760658,81.83555,2.6795926,1.5689626,89.96146,67.0898,3.4495823,1.9453909
24.5,120.5,2022-11-01,2022-12-19,48,51,17.715376,19.31204,16.527212,77.817276,7.738851,1.1423148,83.08856,70.426285,9.032201,5.997869
22.5,121.5,2022-11-01,2022-12-19,48,51,21.36949,22.01142,20.72186,75.75795,9.17539,4.7882676,79.16379,72.48884,10.541669,7.704317
23.5,121.5,2022-11-01,2022-12-19,48,51,16.345287,17.91207,15.200706,82.04453,3.9891765,7.3732862,86.20845,75.3184,4.9150558,3.0311446
22.5,120.5,2022-11-01,2022-12-19,48,51,19.757914,21.629667,18.54168,77.589424,3.1282794,2.6448567,83.79135,67.78626,3.66368,2.5416791
24.5,121.5,2022-11-01,2022-12-19,48,51,13.927251,15.888713,12.526482,85.71548,3.5846639,9.646546,90.37578,77.902374,4.3234105,2.6919043
22.5,121.5,2022-11-01,2022-12-20,49,51,21.468609,22.046392,20.863867,75.02292,9.456963,3.2659793,78.58839,71.79159,10.792242,8.0286045
24.5,120.5,2022-11-01,2022-12-20,49,51,17.72464,19.331684,16.559982,78.27208,7.7863684,1.1602664,83.824905,70.523834,9.077329,6.0746694
23.5,121.5,2022-11-01,2022-12-20,49,51,16.470936,17.960194,15.44497,81.76267,4.1635003,5.3274117,86.084145,75.198166,5.074475,3.1698465
23.5,120.5,2022-11-01,2022-12-20,49,51,15.953865,19.583504,13.873856,82.28411,2.6451323,0.8515003,90.831856,66.93732,3.3664215,2.0131261
24.5,121.5,2022-11-01,2022-12-20,49,51,14.032832,15.972967,12.746438,85.72457,3.5476406,8.389342,90.43195,77.14075,4.2897735,2.7355738
22.5,120.5,2022-11-01,2022-12-20,49,51,19.854073,21.831015,18.66862,77.69953,3.0229175,1.1871936,84.19241,67.25456,3.5864563,2.4378917
22.5,121.5,2022-11-01,2022-12-21,50,51,21.40931,22.116348,20.67755,76.35366,9.025434,5.694221,80.308304,72.467125,10.27122,7.6873107
23.5,121.5,2022-11-01,2022-12-21,50,51,16.502962,18.097141,15.438053,82.870575,4.098091,8.1200695,87.27474,76.03733,4.9337435,3.2023034
23.5,120.5,2022-11-01,2022-12-21,50,51,16.006102,19.491278,14.088013,82.239075,2.8331795,1.5276741,90.032166,67.6194,3.6795726,2.1382258
24.5,120.5,2022-11-01,2022-12-21,50,51,17.598522,19.161032,16.448637,78.29043,7.8015223,1.4815985,83.42219,70.91662,8.872018,6.5004396
22.5,120.5,2022-11-01,2022-12-21,50,51,19.867468,21.781754,18.62436,78.38307,3.1817462,2.500048,84.3735,68.23829,3.758883,2.605192
24.5,121.5,2022-11-01,2022-12-21,50,51,13.951501,15.765163,12.700198,86.7509,3.6953218,10.131238,90.92476,79.56689,4.3181276,2.9265227
24.5,120.5,2022-11-01,2022-12-22,51,51,17.25438,18.650976,16.196112,78.42027,8.3321495,2.517401,82.88939,72.56216,9.482295,6.79931
22.5,121.5,2022-11-01,2022-12-22,51,51,21.272188,21.890852,20.574059,76.723915,9.63387,6.542131,80.42067,73.44559,10.843441,8.146108
23.5,121.5,2022-11-01,2022-12-22,51,51,16.391434,17.961554,15.22797,83.00326,4.486572,10.108499,87.34679,76.46607,5.307443,3.5212708
22.5,120.5,2022-11-01,2022-12-22,51,51,19.874277,21.741425,18.635534,78.39786,3.2152507,3.7004058,84.18971,69.40009,3.7988372,2.6497352
24.5,121.5,2022-11-01,2022-12-22,51,51,13.644584,15.357623,12.378437,86.82592,3.8627193,12.265075,90.6182,80.22853,4.565788,3.0452409
23.5,120.5,2022-11-01,2022-12-22,51,51,15.985921,19.277002,14.107019,82.26743,2.9881408,2.8530943,89.65516,68.80658,3.8925025,2.1819925
23.5,120.5,2022-11-01,2022-12-23,52,51,15.762709,19.115788,13.720619,81.64574,2.676419,1.483992,89.744675,66.6662,3.4636152,2.0088844
24.5,121.5,2022-11-01,2022-12-23,52,51,13.410734,15.216713,12.1471405,86.27919,3.6661227,9.881113,90.538956,78.428444,4.350432,2.9488697
22.5,120.5,2022-11-01,2022-12-23,52,51,19.555428,21.344202,18.352142,77.54535,3.0940342,1.8322514,83.78821,68.383026,3.5862253,2.5534277
23.5,121.5,2022-11-01,2022-12-23,52,51,15.9688015,17.382227,14.896949,82.73426,4.161955,7.739497,86.74299,76.45891,4.98477,3.2655737
22.5,121.5,2022-11-01,2022-12-23,52,51,21.0025,21.605415,20.322893,75.81154,9.254778,5.09105,79.32855,72.37191,10.447244,7.9591737
24.5,120.5,2022-11-01,2022-12-23,52,51,17.200745,18.811495,16.068708,77.52761,7.847664,1.2518191,82.70457,69.84649,8.98004,6.4088044
22.5,121.5,2022-11-01,2022-12-24,53,51,21.048079,21.667032,20.359518,75.798775,8.479789,4.746381,79.62652,72.16547,10.036424,6.9635015
24.5,120.5,2022-11-01,2022-12-24,53,51,17.128464,18.579927,16.058624,78.49106,7.2953258,1.6096526,84.01678,71.182465,8.514953,5.722159
23.5,121.5,2022-11-01,2022-12-24,53,51,16.00895,17.544115,14.849392,82.853714,3.8108318,8.114085,86.96531,76.61273,4.6980696,2.8358428
23.5,120.5,2022-11-01,2022-12-24,53,51,15.505713,18.931784,13.523607,82.524826,2.6386356,1.4576632,90.700485,67.63,3.4029102,1.9381028
24.5,121.5,2022-11-01,2022-12-24,53,51,13.574197,15.49315,12.2124815,86.42021,3.4202924,9.907442,90.788605,78.598656,4.084787,2.661467
22.5,120.5,2022-11-01,2022-12-24,53,51,19.522104,21.41175,18.248293,78.12245,3.1050735,1.424752,84.63544,68.280266,3.755649,2.4923394
24.5,120.5,2022-11-01,2022-12-25,54,51,17.230127,18.775352,16.158792,78.91053,7.078298,2.9177198,84.4739,71.180275,8.278748,5.493801
24.5,121.5,2022-11-01,2022-12-25,54,51,13.6752,15.67408,12.323771,86.20097,3.3143682,10.872037,90.78629,77.8703,3.9725883,2.4245844
23.5,120.5,2022-11-01,2022-12-25,54,51,15.616751,19.140465,13.747317,82.29408,2.534121,1.6593186,90.6813,67.06544,3.2057495,1.9538517
22.5,121.5,2022-11-01,2022-12-25,54,51,21.073349,21.716702,20.377768,75.818924,8.230983,4.1180778,79.53513,72.31337,9.711331,6.6790466
22.5,120.5,2022-11-01,2022-12-25,54,51,19.529665,21.46411,18.373388,78.22161,2.9382842,1.6198251,84.578064,67.73361,3.5657606,2.354696
23.5,121.5,2022-11-01,2022-12-25,54,51,16.093094,17.725924,15.005747,82.83148,3.637746,7.7227426,87.31607,75.56662,4.560815,2.5923717
22.5,120.5,2022-11-01,2022-12-26,55,51,19.626932,21.550257,18.43955,78.42691,2.8675797,1.9818474,84.22389,68.36393,3.4439728,2.3244803
24.5,121.5,2022-11-01,2022-12-26,55,51,13.761075,15.6951,12.378962,86.497925,3.2259362,9.676466,90.7099,78.8558,4.0042915,2.3424387
23.5,121.5,2022-11-01,2022-12-26,55,51,16.09793,17.751585,14.99247,82.82312,3.5967653,7.4247475,86.873535,75.93707,4.6025963,2.500492
22.5,121.5,2022-11-01,2022-12-26,55,51,21.065111,21.69968,20.3982,75.95873,7.9752274,4.2281804,79.440926,72.412704,9.543124,6.3973484
23.5,120.5,2022-11-01,2022-12-26,55,51,15.612618,19.094297,13.709951,82.977394,2.543613,2.0165536,90.815285,68.32883,3.289917,1.8678718
24.5,120.5,2022-11-01,2022-12-26,55,51,17.234459,18.744623,16.086678,79.46223,7.3592615,2.0422843,84.33729,72.29603,8.636835,5.8588934
24.5,120.5,2022-11-01,2022-12-27,56,51,16.98648,18.566275,15.876189,79.06938,7.5193496,2.0081763,84.590744,71.56546,8.758098,5.881503
23.5,120.5,2022-11-01,2022-12-27,56,51,15.504041,18.929367,13.499924,82.75679,2.7578628,1.5139112,90.58001,68.254524,3.5352333,2.13439
22.5,121.5,2022-11-01,2022-12-27,56,51,21.013288,21.69885,20.345732,75.48293,8.416315,4.325717,79.20532,71.69042,9.810808,6.9361124
22.5,120.5,2022-11-01,2022-12-27,56,51,19.511469,21.43602,18.294361,78.20203,3.106179,1.7640357,84.17278,68.28506,3.6826384,2.5883837
23.5,121.5,2022-11-01,2022-12-27,56,51,16.06183,17.72058,14.933762,82.41367,3.8281446,6.6282983,86.46747,75.391106,4.67729,2.7629046
24.5,121.5,2022-11-01,2022-12-27,56,51,13.470789,15.405618,12.126587,86.566666,3.435581,8.964988,91.10306,78.8197,4.1010923,2.602247
23.5,121.5,2022-11-01,2022-12-28,57,51,15.790456,17.2874,14.663122,82.35193,3.9178417,6.0394883,86.264465,76.08277,4.7832336,2.9072394
24.5,121.5,2022-11-01,2022-12-28,57,51,13.283524,15.1688595,12.02092,86.08053,3.518813,7.828656,90.265724,78.3933,4.1356354,2.7728846
22.5,121.5,2022-11-01,2022-12-28,57,51,20.803036,21.429127,20.145845,75.05014,8.8027525,3.042782,78.817116,71.38568,10.124065,7.306735
24.5,120.5,2022-11-01,2022-12-28,57,51,16.922436,18.495016,15.797265,78.62094,7.39752,0.89937097,84.22987,70.767265,8.605161,5.966489
22.5,120.5,2022-11-01,2022-12-28,57,51,19.40683,21.220787,18.202606,77.376434,2.989396,1.0447782,83.0492,67.87852,3.613181,2.387979
23.5,120.5,2022-11-01,2022-12-28,57,51,15.410955,18.893694,13.430144,82.186226,2.614726,0.9304869,90.552025,66.99208,3.4862165,1.9222436
22.5,121.5,2022-11-01,2022-12-29,58,51,21.09161,21.673069,20.451838,75.07683,7.789845,4.2670755,79.530846,71.282455,9.300772,6.171168
23.5,121.5,2022-11-01,2022-12-29,58,51,16.134933,17.783506,14.97459,81.802895,3.441308,7.4564614,86.614334,74.43923,4.479589,2.342185
24.5,120.5,2022-11-01,2022-12-29,58,51,17.235538,18.808409,16.085543,78.62899,6.924068,2.6723824,84.987526,70.383224,8.237416,5.4051533
23.5,120.5,2022-11-01,2022-12-29,58,51,15.637624,19.249071,13.623215,82.20553,2.5527475,1.8831141,90.946465,66.618385,3.402648,1.8514072
24.5,121.5,2022-11-01,2022-12-29,58,51,13.716438,15.723427,12.324621,85.71536,3.2121594,9.281532,90.657104,77.21645,3.8761146,2.4131396
22.5,120.5,2022-11-01,2022-12-29,58,51,19.580744,21.560154,18.41091,77.76121,2.9803278,2.3265166,84.366844,66.858315,3.5498443,2.3545501
23.5,120.5,2022-11-01,2022-12-30,59,51,15.50406,18.935041,13.6341,82.78541,2.7227914,3.7033978,90.26373,68.86129,3.5187163,2.031893
22.5,121.5,2022-11-01,2022-12-30,59,51,21.064587,21.747002,20.319082,77.7985,7.8858166,7.6419606,81.83687,73.808945,9.262074,6.4040627
23.5,121.5,2022-11-01,2022-12-30,59,51,16.130964,17.903572,14.896257,83.3963,3.6635633,9.05295,87.99019,76.18457,4.4904227,2.7433174
24.5,121.5,2022-11-01,2022-12-30,59,51,13.527123,15.709547,12.072364,86.54592,3.2937133,10.521982,91.23645,78.32554,3.9341257,2.538969
22.5,120.5,2022-11-01,2022-12-30,59,51,19.60142,21.48544,18.409609,79.37724,3.080993,3.9248,85.636086,69.30971,3.7530766,2.3853943
24.5,120.5,2022-11-01,2022-12-30,59,51,16.878763,18.433641,15.784118,79.42625,7.0565743,3.5651712,84.61595,72.277145,8.16554,5.7859282
24.5,120.5,2022-11-01,2022-12-31,60,51,16.520256,17.916483,15.436289,77.814255,8.116826,2.2259881,83.34121,71.01473,9.218466,6.6480885
24.5,121.5,2022-11-01,2022-12-31,60,51,12.902934,14.802849,11.558517,86.57531,3.626522,9.787167,91.07344,78.976204,4.290649,2.8734064
23.5,121.5,2022-11-01,2022-12-31,60,51,15.713443,17.19763,14.579104,83.764435,4.3409305,9.58611,87.66861,77.78205,5.1785893,3.264468
22.5,120.5,2022-11-01,2022-12-31,60,51,19.250456,20.990093,18.049845,79.28204,3.0259278,2.7597466,84.60021,70.88109,3.6226103,2.3967893
22.5,121.5,2022-11-01,2022-12-31,60,51,20.64356,21.409698,19.91399,78.05471,9.003652,5.99461,81.561966,74.4516,10.509185,7.1053553
23.5,120.5,2022-11-01,2022-12-31,60,51,15.265918,18.488134,13.344628,82.42195,2.899192,2.4294386,90.178406,68.713104,3.8520641,2.1348107
23.5,120.5,2022-11-01,2023-01-01,61,51,14.98408,18.500383,12.999677,80.88806,2.8339252,1.4893775,89.35948,66.083885,3.8162258,2.058013
22.5,121.5,2022-11-01,2023-01-01,61,51,20.409172,21.05265,19.710873,76.21188,8.963838,4.0767894,79.49857,72.87384,10.383816,7.400102
23.5,121.5,2022-11-01,2023-01-01,61,51,15.440374,17.066076,14.284251,82.39546,4.1543245,6.8425198,86.41207,75.922806,5.1124263,3.1875584
24.5,120.5,2022-11-01,2023-01-01,61,51,16.361513,17.847876,15.198894,76.753334,8.032163,1.412186,82.474144,69.54737,9.201283,6.4578605
22.5,120.5,2022-11-01,2023-01-01,61,51,19.01646,20.924057,17.812502,77.18315,3.1689477,1.7275343,82.93415,67.74873,3.7696018,2.5468924
24.5,121.5,2022-11-01,2023-01-01,61,51,12.734741,14.719205,11.250119,85.25756,3.6236224,8.50483,89.954056,77.121025,4.308259,2.8220105
22.5,120.5,2022-11-01,2023-01-02,62,51,18.78987,20.693386,17.573898,76.18353,2.9627652,0.9460449,82.63678,66.32791,3.6158519,2.278965
23.5,121.5,2022-11-01,2023-01-02,62,51,15.147473,16.878494,14.002771,81.89856,3.9070868,5.7791915,86.389084,74.51408,4.810302,2.922653
24.5,120.5,2022-11-01,2023-01-02,62,51,16.11741,17.61876,15.02281,77.08016,7.25253,1.672483,83.4065,68.35382,8.559443,5.7066717
24.5,121.5,2022-11-01,2023-01-02,62,51,12.527279,14.638564,11.157394,84.88485,3.3902302,7.672478,90.25051,75.650696,4.108685,2.559151
23.5,120.5,2022-11-01,2023-01-02,62,51,14.551043,18.187119,12.441468,81.08049,2.628294,1.2308756,90.18367,64.58537,3.5314558,1.8960103
22.5,121.5,2022-11-01,2023-01-02,62,51,20.150623,20.839443,19.47056,75.17942,8.483625,3.0200434,78.928604,71.47236,10.001712,6.826829
22.5,120.5,2022-11-01,2023-01-03,63,51,18.833513,20.844276,17.505548,76.60249,2.888734,1.6323912,83.60488,65.63967,3.5465894,2.1682653
24.5,121.5,2022-11-01,2023-01-03,63,51,13.076439,15.432376,11.539465,84.36798,3.0036676,6.5660663,89.77996,74.19145,3.6835625,2.2449996
23.5,121.5,2022-11-01,2023-01-03,63,51,15.379766,17.205338,14.187974,80.92654,3.3586652,5.3794713,86.12651,72.44405,4.26483,2.404374
22.5,121.5,2022-11-01,2023-01-03,63,51,20.469564,21.073057,19.773766,74.09738,7.6775,4.0001965,78.18496,70.18773,9.116827,6.2358003
23.5,120.5,2022-11-01,2023-01-03,63,51,14.632007,18.452349,12.448412,81.50439,2.4042072,0.9239047,90.640274,64.62352,3.1324494,1.7591248
24.5,120.5,2022-11-01,2023-01-03,63,51,16.49455,18.268173,15.267248,78.23559,6.409308,1.1070102,84.77952,68.96562,7.7283115,4.8258343
23.5,120.5,2022-11-01,2023-01-04,64,51,14.939031,18.505875,12.983568,82.49782,2.5708385,3.1121945,90.83317,67.32826,3.3262491,1.9369588
24.5,120.5,2022-11-01,2023-01-04,64,51,16.553604,18.202105,15.355064,79.19906,6.8329487,2.548517,84.94273,71.151764,8.071414,5.2530627
22.5,121.5,2022-11-01,2023-01-04,64,51,20.581348,21.189625,19.861673,76.44772,8.084378,6.50922,80.22085,73.06919,9.273399,6.767005
23.5,121.5,2022-11-01,2023-01-04,64,51,15.595549,17.263708,14.343657,82.339645,3.5125928,8.1290455,86.98685,74.847305,4.285169,2.6849082
24.5,121.5,2022-11-01,2023-01-04,64,51,13.215675,15.4626465,11.707745,85.41954,3.2044842,8.547914,90.64707,75.917336,3.877207,2.386392
22.5,120.5,2022-11-01,2023-01-04,64,51,19.077253,21.006622,17.764961,77.99576,3.118865,3.5891066,84.12636,67.72736,3.75454,2.521935
22.5,121.5,2022-11-01,2023-01-05,65,51,20.557379,21.322369,19.72303,76.508514,7.8407335,5.2627864,80.62966,72.415924,9.464016,6.0565767
23.5,120.5,2022-11-01,2023-01-05,65,51,14.951757,18.202532,13.034029,83.1295,2.6611648,2.9727712,90.73971,69.585464,3.345967,2.0206504
24.5,121.5,2022-11-01,2023-01-05,65,51,12.969824,15.071175,11.470191,86.95633,3.168518,9.270164,91.51237,79.01805,3.9088192,2.2889013
24.5,120.5,2022-11-01,2023-01-05,65,51,16.257679,17.761862,15.176346,79.87041,7.09956,2.3510504,85.54728,72.30017,8.200291,5.7878413
23.5,121.5,2022-11-01,2023-01-05,65,51,15.569165,17.204983,14.330133,83.18867,3.4913495,7.667093,87.502815,76.36032,4.45178,2.409312
22.5,120.5,2022-11-01,2023-01-05,65,51,19.084139,20.88377,17.816168,78.87216,2.9973803,3.3306048,85.032684,69.578926,3.5712018,2.3578928
22.5,120.5,2022-11-01,2023-01-06,66,51,19.040451,21.010637,17.763565,77.89303,3.0327668,3.2629874,84.156555,67.85498,3.6390553,2.370614
23.5,121.5,2022-11-01,2023-01-06,66,51,15.465716,17.18071,14.231057,82.12811,3.7303786,6.6145353,86.742714,75.08007,4.787476,2.4879463
23.5,120.5,2022-11-01,2023-01-06,66,51,14.900948,18.405602,12.969154,82.05799,2.7291825,2.0566454,90.0119,67.50461,3.6028004,2.048893
24.5,121.5,2022-11-01,2023-01-06,66,51,12.852502,14.943889,11.43194,85.629684,3.2986052,8.198458,90.52444,77.515144,4.0466266,2.4105315
22.5,121.5,2022-11-01,2023-01-06,66,51,20.431087,21.155188,19.630945,76.09287,8.224475,4.796645,79.87387,72.20999,9.730056,6.5206127
24.5,120.5,2022-11-01,2023-01-06,66,51,16.31072,17.829828,15.226895,78.074104,7.5580626,1.6341864,83.955574,70.895485,8.82805,5.851306
23.5,120.5,2022-11-01,2023-01-07,67,51,14.764445,18.421,12.667686,81.90637,2.620158,1.6234155,90.39442,66.04147,3.4306343,1.9623569
22.5,121.5,2022-11-01,2023-01-07,67,51,20.342876,20.986525,19.63532,75.23635,8.284009,3.7159638,78.98865,71.447105,9.701487,6.897519
23.5,121.5,2022-11-01,2023-01-07,67,51,15.255225,17.006847,14.081359,81.836586,3.770771,6.630692,86.55928,74.209595,4.6835556,2.8674245
24.5,121.5,2022-11-01,2023-01-07,67,51,12.658382,14.685992,11.374756,85.61127,3.2299542,7.4803967,90.39382,77.17186,3.9123888,2.481881
22.5,120.5,2022-11-01,2023-01-07,67,51,18.92916,20.872055,17.608782,77.32753,2.9285686,2.0578423,83.4684,67.15245,3.5533094,2.3301558
24.5,120.5,2022-11-01,2023-01-07,67,51,16.215673,17.82094,15.130084,78.27789,7.382164,1.67727,84.02501,70.0073,8.420612,6.0526223
23.5,120.5,2022-11-01,2023-01-08,68,51,14.70577,18.226233,12.644728,81.76531,2.7418091,2.9685824,89.734184,66.6505,3.592938,2.0580006
22.5,120.5,2022-11-01,2023-01-08,68,51,18.83886,20.74366,17.580923,77.53016,3.1124783,3.8158941,83.70608,67.50497,3.7100263,2.4766548
23.5,121.5,2022-11-01,2023-01-08,68,51,15.218216,16.89087,14.05333,81.97304,3.779695,8.046468,86.566055,74.814316,4.7377653,2.7380548
24.5,121.5,2022-11-01,2023-01-08,68,51,12.756839,14.963509,11.222345,84.73091,3.2922103,8.005179,90.09714,75.62499,4.1157193,2.442628
22.5,121.5,2022-11-01,2023-01-08,68,51,20.248058,20.948336,19.529352,75.85495,8.217903,5.725337,79.924706,72.015236,9.775677,6.6711082
24.5,120.5,2022-11-01,2023-01-08,68,51,16.248096,17.882126,15.052495,77.71872,7.481539,1.8202838,83.60165,69.58989,8.825458,5.9655013
23.5,120.5,2022-11-01,2023-01-09,69,51,14.42682,17.773485,12.510343,82.197716,2.6766412,2.8734393,89.93152,67.7985,3.4378278,2.019604
24.5,120.5,2022-11-01,2023-01-09,69,51,15.877934,17.35747,14.837824,78.20224,7.2606177,2.481498,83.469154,70.816376,8.495766,5.731907
24.5,121.5,2022-11-01,2023-01-09,69,51,12.414651,14.506616,11.017504,85.1212,3.2497134,8.97516,90.057106,76.527245,3.968715,2.4374752
22.5,120.5,2022-11-01,2023-01-09,69,51,18.530622,20.408558,17.308455,77.979805,3.2285283,3.4700282,84.34774,68.067474,3.9263184,2.562913
22.5,121.5,2022-11-01,2023-01-09,69,51,19.918825,20.584303,19.220654,76.1385,8.173657,5.7905607,80.162155,72.12666,9.621006,6.658357
23.5,121.5,2022-11-01,2023-01-09,69,51,14.929415,16.59949,13.768826,82.525,3.732774,7.761637,86.83801,75.55784,4.7002616,2.6909578
23.5,120.5,2022-11-01,2023-01-10,70,51,14.444706,17.990984,12.401169,81.76576,2.6180558,1.744289,90.187805,66.21433,3.3866942,1.9535159
24.5,120.5,2022-11-01,2023-01-10,70,51,15.995171,17.630405,14.842675,77.48047,7.070426,1.7526664,83.46572,69.44096,8.284863,5.6633844
22.5,120.5,2022-11-01,2023-01-10,70,51,18.508335,20.27466,17.307348,77.78627,3.0421824,2.16974,83.24958,68.44364,3.671066,2.3786848
24.5,121.5,2022-11-01,2023-01-10,70,51,12.442063,14.673581,10.9044695,85.30361,3.2964146,8.710075,89.942345,76.4548,3.8941734,2.5752857
22.5,121.5,2022-11-01,2023-01-10,70,51,19.922905,20.553211,19.153519,76.39979,7.981894,5.310657,79.88972,72.70797,9.435846,6.501763
23.5,121.5,2022-11-01,2023-01-10,70,51,14.999077,16.728628,13.743473,82.49696,3.7996635,7.750268,86.79048,74.98001,4.570226,2.9461331
24.5,120.5,2022-11-01,2023-01-11,71,51,16.009325,17.57942,14.932081,77.91204,7.0316043,2.6233149,83.61581,70.03467,8.193261,5.5864
23.5,120.5,2022-11-01,2023-01-11,71,51,14.501723,18.184488,12.451033,81.65459,2.6716242,2.235562,89.909515,65.65306,3.5319226,2.0008821
24.5,121.5,2022-11-01,2023-01-11,71,51,12.405724,14.506199,11.043673,85.57838,3.2034204,8.331897,90.24963,77.08835,3.9176154,2.4493058
22.5,120.5,2022-11-01,2023-01-11,71,51,18.662128,20.667217,17.37133,77.63864,2.9988854,1.6898361,84.085556,67.252266,3.646339,2.3320854
22.5,121.5,2022-11-01,2023-01-11,71,51,20.021753,20.681623,19.302172,75.899734,8.215709,4.281437,79.53264,72.67196,9.628937,6.564152
23.5,121.5,2022-11-01,2023-01-11,71,51,14.983609,16.738684,13.7774515,82.5765,3.8690903,7.4630437,86.937126,75.35229,4.6616683,2.8649054
22.5,121.5,2022-11-01,2023-01-12,72,51,19.895126,20.503744,19.246557,75.33733,8.045052,3.51012,78.84827,71.95193,9.516199,6.340702
24.5,120.5,2022-11-01,2023-01-12,72,51,15.966895,17.501926,14.921983,78.2739,7.257146,0.87902594,83.53041,70.755936,8.474713,5.761577
23.5,120.5,2022-11-01,2023-01-12,72,51,14.480864,18.117203,12.437321,81.72495,2.5969486,1.2039484,90.34959,66.006775,3.4956164,1.909485
23.5,121.5,2022-11-01,2023-01-12,72,51,14.848099,16.605345,13.670724,82.22323,3.6854262,6.900563,86.64423,74.92181,4.576196,2.6801581
22.5,120.5,2022-11-01,2023-01-12,72,51,18.576117,20.591198,17.357067,76.85683,2.963382,1.3254203,83.52163,66.57662,3.4925857,2.3518808
24.5,121.5,2022-11-01,2023-01-12,72,51,12.382873,14.400998,11.038153,85.63648,3.3273165,8.012959,90.316216,77.13113,3.972939,2.6087532
24.5,120.5,2022-11-01,2023-01-13,73,51,16.233252,17.88759,15.086596,78.51374,6.5351954,1.2619916,84.39504,70.11276,7.827766,5.0126824
23.5,120.5,2022-11-01,2023-01-13,73,51,14.585934,18.413168,12.45739,81.71004,2.4595077,0.8431229,90.5205,65.11638,3.2909262,1.8051342
24.5,121.5,2022-11-01,2023-01-13,73,51,12.740757,14.961134,11.281992,85.2431,2.984743,7.829853,90.2779,75.75848,3.719654,2.1352694
22.5,120.5,2022-11-01,2023-01-13,73,51,18.751001,20.794678,17.533144,76.91524,2.7697992,1.3481588,83.517715,65.78459,3.437623,2.1594129
22.5,121.5,2022-11-01,2023-01-13,73,51,20.115383,20.677792,19.47849,75.09353,7.298695,3.826665,79.07484,71.235466,8.634414,5.8426294
23.5,121.5,2022-11-01,2023-01-13,73,51,15.011562,16.83194,13.8500805,81.936134,3.2170985,6.5181956,86.79721,74.01405,4.1386585,2.1545496
22.5,121.5,2022-11-01,2023-01-14,74,51,20.229603,20.796217,19.62,75.661766,7.058808,5.26877,79.216255,72.100235,8.358198,5.8407984
23.5,120.5,2022-11-01,2023-01-14,74,51,14.62038,18.43303,12.543048,82.39153,2.5418587,2.763935,91.22859,66.28227,3.3939598,1.8805866
22.5,120.5,2022-11-01,2023-01-14,74,51,18.790733,20.855747,17.565891,78.18244,2.7971976,3.0086741,84.70775,67.23258,3.4966397,2.1792028
24.5,121.5,2022-11-01,2023-01-14,74,51,12.877456,15.255486,11.5388155,85.5392,2.9707806,8.528167,90.78379,75.62825,3.6739936,2.1836572
23.5,121.5,2022-11-01,2023-01-14,74,51,15.240105,17.038843,14.123614,82.865265,3.2539563,7.6629043,87.39266,75.01436,4.101261,2.3627737
24.5,120.5,2022-11-01,2023-01-14,74,51,16.206806,17.849545,15.0970745,79.35299,6.6374674,1.6000785,84.76595,71.4198,7.8713665,5.333082
22.5,121.5,2022-11-01,2023-01-15,75,51,20.149717,20.873379,19.41645,76.33902,7.2440567,4.371793,81.01127,71.9446,8.839239,5.5989046
23.5,121.5,2022-11-01,2023-01-15,75,51,15.245929,17.078043,14.063484,82.83345,3.3708894,6.9496303,87.70531,74.85676,4.3289638,2.2339306
24.5,121.5,2022-11-01,2023-01-15,75,51,12.954856,15.240708,11.492127,85.88111,3.0867252,7.9333735,90.928986,76.4125,3.6965473,2.2885265
22.5,120.5,2022-11-01,2023-01-15,75,51,18.8113,20.900251,17.54849,78.10341,2.8095682,2.1158855,84.89163,67.028946,3.5193813,2.16622
24.5,120.5,2022-11-01,2023-01-15,75,51,16.278002,17.980204,15.111491,79.770676,6.324947,2.15119,85.60396,71.18043,7.674275,4.6815825
23.5,120.5,2022-11-01,2023-01-15,75,51,14.699265,18.571821,12.653268,82.56446,2.3978646,1.7831839,91.3637,66.04282,3.2022002,1.7549076
23.5,121.5,2022-11-01,2023-01-16,76,51,15.490354,17.3317,14.265498,82.79989,3.3555555,7.365507,87.31404,74.741234,4.165445,2.4500039
22.5,121.5,2022-11-01,2023-01-16,76,51,20.332792,21.02678,19.559555,76.64657,7.1824183,4.2515173,80.282646,72.6333,8.713794,5.626928
23.5,120.5,2022-11-01,2023-01-16,76,51,14.854832,18.439219,12.8854265,82.71936,2.62034,3.494562,90.86162,67.719185,3.4949958,1.874574
24.5,120.5,2022-11-01,2023-01-16,76,51,16.290981,17.964787,15.123654,79.9584,6.6339135,3.6447563,85.39369,72.126816,7.971599,4.9909253
22.5,120.5,2022-11-01,2023-01-16,76,51,18.918692,21.03967,17.615864,78.46494,2.873286,2.604765,84.91655,67.43288,3.523697,2.1550736
24.5,121.5,2022-11-01,2023-01-16,76,51,13.071428,15.426044,11.583778,85.40478,2.9287112,8.861467,90.46282,76.021835,3.6890812,2.080764
24.5,120.5,2022-11-01,2023-01-17,77,51,16.148705,17.714453,15.023626,79.71791,6.7766705,1.3278139,85.108185,72.09454,8.002316,5.373599
23.5,120.5,2022-11-01,2023-01-17,77,51,14.82281,18.59126,12.777184,82.41364,2.580326,1.1309456,90.6177,66.23063,3.390929,1.9119616
24.5,121.5,2022-11-01,2023-01-17,77,51,12.862447,15.02696,11.540169,85.54146,3.2214634,7.6850443,90.23744,76.64485,3.9268773,2.4167843
22.5,120.5,2022-11-01,2023-01-17,77,51,18.901308,20.939491,17.616543,78.01876,2.8903117,1.7143698,84.31765,67.55852,3.4948673,2.2076645
22.5,121.5,2022-11-01,2023-01-17,77,51,20.234785,20.879368,19.545156,76.08626,7.438068,4.5501113,80.11888,71.78244,8.883178,5.8872604
23.5,121.5,2022-11-01,2023-01-17,77,51,15.348144,17.228745,14.195325,82.336655,3.579963,7.1925745,87.06273,74.3785,4.459167,2.5933204
22.5,120.5,2022-11-01,2023-01-18,78,51,18.760412,20.784975,17.491802,78.18631,2.928718,2.8764312,84.3628,67.58803,3.5460591,2.2223349
22.5,121.5,2022-11-01,2023-01-18,78,51,20.149477,20.844503,19.410128,75.9119,7.3210597,6.293802,79.864555,71.822365,9.111792,5.5891066
24.5,120.5,2022-11-01,2023-01-18,78,51,16.046755,17.554075,14.915671,79.273926,6.739019,2.2487266,84.68296,71.765976,7.9489436,5.2169847
23.5,121.5,2022-11-01,2023-01-18,78,51,15.214963,17.013947,13.969796,82.49816,3.456944,8.468927,87.09637,74.89056,4.486442,2.3449655
23.5,120.5,2022-11-01,2023-01-18,78,51,14.637001,18.18543,12.603027,82.43129,2.5721748,2.4090936,90.74184,66.93119,3.4424605,1.8148847
24.5,121.5,2022-11-01,2023-01-18,78,51,12.74067,15.057237,11.131991,85.24156,3.2023418,8.345061,90.242325,75.55194,4.0023193,2.2337832
24.5,121.5,2022-11-01,2023-01-19,79,51,12.784664,15.108806,11.229526,85.51994,3.10502,7.9160204,90.597725,76.29253,3.7576797,2.3511896
23.5,120.5,2022-11-01,2023-01-19,79,51,14.594541,18.281807,12.43565,82.511086,2.4817607,2.2116268,90.79408,67.39492,3.3246942,1.8074522
22.5,121.5,2022-11-01,2023-01-19,79,51,20.156935,20.840935,19.380894,76.65687,7.3290086,6.2501197,80.41471,72.88355,8.758335,5.8119607
24.5,120.5,2022-11-01,2023-01-19,79,51,16.042505,17.62024,14.869294,79.48866,6.209771,2.1613626,84.97357,71.74109,7.556701,4.751643
23.5,121.5,2022-11-01,2023-01-19,79,51,15.194773,17.061203,13.958425,82.81212,3.3509953,8.766922,87.44892,75.11353,4.229867,2.4065967
22.5,120.5,2022-11-01,2023-01-19,79,51,18.777723,20.776407,17.556568,78.12596,3.0202858,3.0242321,84.02346,68.09855,3.8506432,2.2426941
22.5,120.5,2022-11-01,2023-01-20,80,51,18.693384,20.822563,17.349371,77.730896,3.0374665,3.3365886,84.0803,67.14126,3.7210846,2.381577
23.5,121.5,2022-11-01,2023-01-20,80,51,15.036099,17.021894,13.718185,82.44672,3.5264108,7.750268,87.116165,74.20815,4.4503627,2.493633
24.5,120.5,2022-11-01,2023-01-20,80,51,15.918845,17.640833,14.703989,78.92574,6.5844116,1.9794539,84.67671,70.653496,7.864272,4.951325
22.5,121.5,2022-11-01,2023-01-20,80,51,19.932642,20.618906,19.164019,76.671005,7.558668,5.4626465,80.217255,72.80631,9.068286,6.009313
23.5,120.5,2022-11-01,2023-01-20,80,51,14.493552,18.367828,12.337199,81.671814,2.6248744,2.7489755,90.149124,65.75779,3.504256,1.8737388
24.5,121.5,2022-11-01,2023-01-20,80,51,12.584248,14.978197,10.957507,85.19956,3.191771,8.716658,90.495834,75.551674,3.8923128,2.419582
23.5,120.5,2022-11-01,2023-01-21,81,51,14.636649,18.485884,12.457149,81.25977,2.4832797,1.9136317,89.98396,65.22014,3.235877,1.839762
24.5,121.5,2022-11-01,2023-01-21,81,51,12.829377,15.292787,11.218717,84.59076,3.2235527,6.9873285,89.86327,74.99117,3.9428372,2.3357606
23.5,121.5,2022-11-01,2023-01-21,81,51,15.150876,17.09162,13.82491,81.29685,3.5226698,6.1926746,86.059204,73.465866,4.4752383,2.3802774
24.5,120.5,2022-11-01,2023-01-21,81,51,16.098362,17.76061,14.818196,78.42465,6.376082,2.0907533,84.512886,70.06221,7.7269597,4.8198133
22.5,121.5,2022-11-01,2023-01-21,81,51,20.050127,20.699183,19.263561,75.05125,7.3720417,3.792557,79.01973,71.333435,9.054584,5.555723
22.5,120.5,2022-11-01,2023-01-21,81,51,18.663208,20.754265,17.337263,77.393745,3.085072,2.24753,83.45665,66.942825,3.8410575,2.3725922
22.5,120.5,2022-11-01,2023-01-22,82,51,18.864397,21.091393,17.475763,77.30065,2.9452882,1.7592486,83.99876,65.964455,3.7170115,2.166696
22.5,121.5,2022-11-01,2023-01-22,82,51,20.166441,20.948374,19.30603,75.16191,7.348502,3.2629874,79.746635,70.7401,9.132371,5.319665
24.5,120.5,2022-11-01,2023-01-22,82,51,16.187477,17.965012,14.84551,78.451164,6.8111506,1.4474906,84.484116,70.36595,8.220911,4.9879255
24.5,121.5,2022-11-01,2023-01-22,82,51,12.686711,15.106582,11.057828,85.20279,3.190479,7.3080626,90.44343,75.68767,3.8917854,2.3298354
23.5,120.5,2022-11-01,2023-01-22,82,51,14.7372055,18.62115,12.544589,81.690056,2.6040869,1.5420352,90.670334,65.50561,3.4069726,1.8237225
23.5,121.5,2022-11-01,2023-01-22,82,51,15.156945,17.115889,13.78924,81.84635,3.59048,6.505031,86.7902,73.71914,4.6450977,2.348301
23.5,121.5,2022-11-01,2023-01-23,83,51,14.680297,16.419228,13.460018,82.71101,3.9018905,7.3577285,87.08396,75.48649,4.775097,2.9002502
24.5,120.5,2022-11-01,2023-01-23,83,51,15.751825,17.30251,14.690398,77.79937,7.359992,1.4199649,83.50346,70.27642,8.469972,5.914393
22.5,121.5,2022-11-01,2023-01-23,83,51,19.66245,20.320454,18.96753,76.33544,8.013093,3.9864335,80.06785,72.4579,9.253748,6.652187
23.5,120.5,2022-11-01,2023-01-23,83,51,14.437285,18.000828,12.467723,81.091286,2.7336166,1.0998296,89.2746,65.64883,3.5909402,2.0554447
24.5,121.5,2022-11-01,2023-01-23,83,51,12.029389,14.13569,10.614212,85.744995,3.363508,8.388145,90.49673,77.0687,4.080787,2.5509636
22.5,120.5,2022-11-01,2023-01-23,83,51,18.496157,20.46009,17.208158,77.26304,3.0275958,1.4875823,83.44559,67.63607,3.6870477,2.3892338
22.5,120.5,2022-11-01,2023-01-24,84,51,18.439394,20.43807,17.234392,76.879814,2.9600675,1.3571347,83.30459,66.572876,3.5958989,2.3418574
24.5,121.5,2022-11-01,2023-01-24,84,51,11.970069,14.326181,10.431363,85.33606,3.3322186,8.318733,90.49128,75.84673,3.975024,2.614103
23.5,120.5,2022-11-01,2023-01-24,84,51,14.351244,18.002064,12.356613,81.13885,2.6409526,1.1506922,90.04203,65.36905,3.4131951,1.9007164
22.5,121.5,2022-11-01,2023-01-24,84,51,19.644453,20.270786,18.91514,75.71043,7.687787,3.7973442,79.70107,71.85338,9.022645,6.264181
24.5,120.5,2022-11-01,2023-01-24,84,51,15.601953,17.19538,14.458488,78.382545,7.034684,1.7173618,84.3856,70.57986,8.233562,5.6399574
23.5,121.5,2022-11-01,2023-01-24,84,51,14.6056,16.404552,13.328211,82.391335,3.6611447,6.4224544,86.83606,74.9576,4.514201,2.754283
23.5,120.5,2022-11-01,2023-01-25,85,51,14.405771,17.994698,12.503557,81.277,2.7507088,2.8866038,89.57832,65.80666,3.611461,2.0460718
24.5,121.5,2022-11-01,2023-01-25,85,51,12.009929,14.3222685,10.541157,85.80374,3.287616,10.603961,90.59866,76.98577,4.013254,2.4782467
23.5,121.5,2022-11-01,2023-01-25,85,51,14.652995,16.507303,13.389251,82.64198,3.807389,9.052351,87.458015,74.932144,4.743395,2.797215
22.5,120.5,2022-11-01,2023-01-25,85,51,18.467869,20.445908,17.281786,77.29882,2.9198976,1.976462,83.524635,66.98005,3.5358057,2.219981
22.5,121.5,2022-11-01,2023-01-25,85,51,19.70234,20.380644,18.952995,76.34371,7.843677,4.8606725,80.21076,72.43076,9.225527,6.4765506
24.5,120.5,2022-11-01,2023-01-25,85,51,15.532648,17.073164,14.466476,78.20221,7.520325,2.6855469,82.95847,70.90506,8.7283,6.076172
23.5,120.5,2022-11-01,2023-01-26,86,51,14.362728,17.746536,12.309173,81.34391,2.7555652,2.102721,89.7797,66.75051,3.5597057,2.08424
22.5,121.5,2022-11-01,2023-01-26,86,51,19.523125,20.202423,18.749886,77.0659,8.073264,5.0330067,80.5086,73.41233,9.397491,6.6357136
24.5,120.5,2022-11-01,2023-01-26,86,51,15.467211,16.918005,14.273296,77.81889,7.772829,1.8843108,83.264,70.78276,8.945013,6.329219
24.5,121.5,2022-11-01,2023-01-26,86,51,11.84111,13.86107,10.343599,85.772095,3.411288,9.3599205,90.82121,77.73012,4.098643,2.5863621
22.5,120.5,2022-11-01,2023-01-26,86,51,18.369785,20.246733,17.093985,77.456116,3.0311077,2.0261278,83.465096,67.83717,3.6568944,2.378931
23.5,121.5,2022-11-01,2023-01-26,86,51,14.473501,16.09566,13.192495,83.374855,3.8751159,8.487477,88.0026,76.58485,4.7971673,2.914558
23.5,120.5,2022-11-01,2023-01-27,87,51,14.07677,17.797388,12.038814,80.6365,2.775541,0.95202875,89.483894,64.12183,3.6970088,2.015659
22.5,121.5,2022-11-01,2023-01-27,87,51,19.360222,20.045742,18.661087,76.14427,8.132391,3.190583,80.426994,72.35157,9.769359,6.4967556
24.5,121.5,2022-11-01,2023-01-27,87,51,11.6402855,13.74844,10.25984,85.58566,3.324826,7.9800477,90.14495,77.11194,4.0365887,2.4663448
24.5,120.5,2022-11-01,2023-01-27,87,51,15.352956,16.873396,14.269132,77.52219,7.483887,1.3056736,83.00267,69.78297,8.7060585,5.9456534
23.5,121.5,2022-11-01,2023-01-27,87,51,14.346206,16.107794,13.134382,82.41634,3.902353,6.479899,86.71226,75.09467,4.872515,2.8561957
22.5,120.5,2022-11-01,2023-01-27,87,51,18.205915,20.309494,16.850874,76.58832,3.0565453,1.1812098,82.86588,66.15879,3.7116568,2.3639863
22.5,120.5,2022-11-01,2023-01-28,88,51,18.225418,20.2512,16.912247,76.005264,2.8999448,1.2960995,83.10918,65.18569,3.5517015,2.2396288
23.5,121.5,2022-11-01,2023-01-28,88,51,14.4812765,16.261868,13.130601,81.20478,3.5648708,6.126254,86.09105,73.17169,4.4707603,2.4434376
24.5,120.5,2022-11-01,2023-01-28,88,51,15.539688,17.196188,14.269577,77.47079,6.761796,0.88860005,84.14537,69.05783,7.9354973,5.2409687
23.5,120.5,2022-11-01,2023-01-28,88,51,14.050325,17.88947,11.895719,80.59445,2.5488565,0.82217944,90.25242,63.697075,3.3230395,1.8574737
24.5,121.5,2022-11-01,2023-01-28,88,51,11.991099,14.256168,10.439797,84.403694,3.2109363,6.548115,89.99575,74.752716,3.8767948,2.4532902
22.5,121.5,2022-11-01,2023-01-28,88,51,19.533264,20.159594,18.801075,74.5606,7.7915907,3.4095914,78.54609,71.0631,9.420172,5.975943
24.5,120.5,2022-11-01,2023-01-29,89,51,15.5746,17.311274,14.40618,78.903854,6.154161,1.3457654,85.08814,70.205734,7.382721,4.665015
22.5,120.5,2022-11-01,2023-01-29,89,51,18.377928,20.488043,16.99766,76.82006,2.9279335,1.4223585,83.702484,66.13201,3.6157928,2.1663187
23.5,120.5,2022-11-01,2023-01-29,89,51,14.12654,17.999369,11.874169,81.58469,2.4569306,1.2416465,90.65776,65.03993,3.2297049,1.7659583
24.5,121.5,2022-11-01,2023-01-29,89,51,12.3196125,14.880596,10.787988,83.98057,2.9858284,6.005979,89.799194,73.29351,3.6963527,2.2120523
22.5,121.5,2022-11-01,2023-01-29,89,51,19.802254,20.483353,19.054827,74.35903,7.052159,3.4861846,78.53639,69.93671,8.565222,5.473645
23.5,121.5,2022-11-01,2023-01-29,89,51,14.724761,16.696596,13.449245,81.10348,3.2095897,6.277047,86.17015,72.7347,4.181241,2.1592152
24.5,120.5,2022-11-01,2023-01-30,90,51,15.855187,17.615696,14.594425,78.74196,6.269087,1.7993404,84.44966,70.2954,7.8210516,4.607285
23.5,121.5,2022-11-01,2023-01-30,90,51,14.956387,16.947601,13.569068,81.722015,3.1465044,6.699506,87.01192,72.46965,4.08552,2.190272
24.5,121.5,2022-11-01,2023-01-30,90,51,12.622718,15.0888815,11.034804,84.725746,2.9575183,7.6275992,90.33832,74.76656,3.713233,2.1718757
23.5,120.5,2022-11-01,2023-01-30,90,51,14.490585,18.443436,12.237738,81.38973,2.3962946,1.6748765,90.163155,64.377,3.141612,1.7351127
22.5,120.5,2022-11-01,2023-01-30,90,51,18.655882,20.81047,17.278217,77.11356,2.726653,1.6198251,84.09284,65.646,3.412464,1.984024
22.5,121.5,2022-11-01,2023-01-30,90,51,19.970078,20.715021,19.166128,75.28051,6.6891356,4.2592964,80.152145,70.68563,8.114703,5.3266983
23.5,120.5,2022-11-01,2023-01-31,91,51,14.555135,18.190992,12.539536,82.18916,2.584198,2.0243328,90.64298,66.79409,3.4280076,1.8589084
22.5,120.5,2022-11-01,2023-01-31,91,51,18.738194,20.727655,17.501457,78.060974,3.0968983,2.5652716,84.44986,67.8391,3.7744312,2.4531999
22.5,121.5,2022-11-01,2023-01-31,91,51,19.926756,20.602932,19.130156,77.07384,7.5545874,5.227482,81.49631,72.90952,8.858132,5.860913
24.5,121.5,2022-11-01,2023-01-31,91,51,12.501941,14.744782,11.00428,85.48733,3.1825752,6.9998946,90.71056,76.362175,3.8728704,2.3718524
23.5,121.5,2022-11-01,2023-01-31,91,51,15.051804,16.818733,13.761563,82.78719,3.580766,6.834142,87.19157,75.37916,4.4886727,2.4580216
24.5,120.5,2022-11-01,2023-01-31,91,51,15.642719,17.20638,14.519931,79.21984,6.676896,2.4647431,84.9365,71.18523,7.878364,5.3199015
24.5,120.5,2022-11-01,2023-02-01,92,51,15.89718,17.568842,14.731615,79.9863,6.7586203,1.9621007,86.11621,71.713936,8.22961,4.959499
23.5,121.5,2022-11-01,2023-02-01,92,51,15.148979,16.893055,13.954918,82.86734,3.307702,6.9759593,87.58902,75.06112,4.5087476,2.1321356
24.5,121.5,2022-11-01,2023-02-01,92,51,12.827097,15.261381,11.270144,85.17894,2.9189472,7.67547,91.00462,74.87806,3.8229933,1.9590704
22.5,121.5,2022-11-01,2023-02-01,92,51,20.065311,20.758614,19.328238,76.31262,7.242809,4.4220567,80.104836,72.61078,8.868622,5.6543016
22.5,120.5,2022-11-01,2023-02-01,92,51,18.789623,20.758959,17.5779,78.38994,2.7720191,1.6970167,84.51554,67.93984,3.4165134,2.0888135
23.5,120.5,2022-11-01,2023-02-01,92,51,14.757149,18.52558,12.701016,82.44663,2.4573371,1.7215505,91.35366,66.06002,3.2725866,1.7832373
24.5,120.5,2022-11-01,2023-02-02,93,51,15.971347,17.603786,14.816531,80.12726,6.9623036,2.1003275,85.93167,72.52224,8.186083,5.367331
22.5,120.5,2022-11-01,2023-02-02,93,51,18.898623,21.05086,17.53462,78.75171,2.8094075,2.3450665,85.206764,67.54589,3.375046,2.2192874
23.5,120.5,2022-11-01,2023-02-02,93,51,14.844221,18.546839,12.835652,82.91295,2.547056,1.692828,91.25067,67.13016,3.3857548,1.8799042
24.5,121.5,2022-11-01,2023-02-02,93,51,12.860277,15.265649,11.296284,86.063774,3.2171314,9.4849825,91.24039,76.897644,3.9195073,2.390251
22.5,121.5,2022-11-01,2023-02-02,93,51,20.152203,20.88389,19.347939,76.91462,7.432816,4.6817555,80.77051,72.8807,9.032371,5.846419
23.5,121.5,2022-11-01,2023-02-02,93,51,15.272358,17.217833,13.932512,83.266716,3.5228539,7.102218,88.01911,75.24299,4.565136,2.4114816
22.5,120.5,2022-11-01,2023-02-03,94,51,18.64154,20.65189,17.387272,78.704735,2.8401291,2.2965972,84.69739,68.43346,3.399027,2.1820297
23.5,120.5,2022-11-01,2023-02-03,94,51,14.645504,18.333109,12.589291,82.67728,2.6399126,2.1589692,90.7649,67.36903,3.540697,1.9026637
23.5,121.5,2022-11-01,2023-02-03,94,51,14.947617,16.82693,13.644395,82.88603,3.5837402,8.077584,87.65551,75.184944,4.3744125,2.6981213
24.5,120.5,2022-11-01,2023-02-03,94,51,15.719991,17.262838,14.586148,80.01671,7.1656704,2.818388,84.89478,72.90393,8.42836,5.651858
24.5,121.5,2022-11-01,2023-02-03,94,51,12.448995,14.628264,11.017775,86.3685,3.27436,9.718352,90.96111,77.89199,3.972328,2.4762707
22.5,121.5,2022-11-01,2023-02-03,94,51,19.943241,20.661247,19.199303,76.23848,7.6074595,4.5136094,80.37504,72.09382,8.9408045,6.1967607
22.5,121.5,2022-11-01,2023-02-04,95,51,19.629786,20.40953,18.713053,76.08918,7.6653075,4.915724,79.552895,72.35116,9.116199,6.009784
24.5,121.5,2022-11-01,2023-02-04,95,51,12.110081,14.425396,10.558283,85.63855,3.276573,8.546119,90.33098,76.518585,3.9617336,2.4460864
23.5,120.5,2022-11-01,2023-02-04,95,51,14.334059,17.972979,12.139314,81.8582,2.667574,2.1547804,90.90031,66.07536,3.5031538,1.9340464
22.5,120.5,2022-11-01,2023-02-04,95,51,18.43921,20.555101,17.058907,77.49935,3.0170312,2.1817076,83.81306,66.93897,3.6789854,2.395792
23.5,121.5,2022-11-01,2023-02-04,95,51,14.658057,16.51073,13.241872,82.489784,3.6446614,7.8148937,86.81978,74.93188,4.578681,2.544927
24.5,120.5,2022-11-01,2023-02-04,95,51,15.507446,17.099123,14.37676,78.90835,6.988933,1.8011355,84.74535,70.88038,8.242718,5.4682503
23.5,121.5,2022-11-01,2023-02-05,96,51,14.442933,16.277699,13.165846,81.64437,3.5311892,5.7666254,86.291435,73.87657,4.568727,2.439592
24.5,120.5,2022-11-01,2023-02-05,96,51,15.269699,16.924551,14.030357,78.55925,7.0177903,1.3361912,84.58304,70.34607,8.293239,5.3174624
22.5,120.5,2022-11-01,2023-02-05,96,51,18.140669,20.198946,16.872059,76.94157,3.0355499,1.2931076,83.20461,66.21636,3.7009075,2.291439
23.5,120.5,2022-11-01,2023-02-05,96,51,14.0462,17.706486,11.951389,81.468124,2.6532028,1.198563,90.61855,65.22927,3.6155398,1.8096977
24.5,121.5,2022-11-01,2023-02-05,96,51,11.8503895,14.190042,10.365153,84.71358,3.1740215,7.157868,89.908226,75.52301,3.8820739,2.3348615
22.5,121.5,2022-11-01,2023-02-05,96,51,19.396326,20.133808,18.597437,74.903946,7.5394187,3.0589385,79.312096,70.47877,9.135642,5.855129
22.5,121.5,2022-11-01,2023-02-06,97,51,19.490196,20.234306,18.673248,73.97673,7.2360325,3.114588,77.994865,69.87861,9.089485,5.324897
23.5,120.5,2022-11-01,2023-02-06,97,51,14.186303,18.185162,11.945703,80.91123,2.426551,0.9460449,90.22852,63.214043,3.3046296,1.6783108
24.5,120.5,2022-11-01,2023-02-06,97,51,15.524883,17.273464,14.368516,78.25243,6.1537337,1.5845206,84.39544,69.34427,7.424427,4.477604
23.5,121.5,2022-11-01,2023-02-06,97,51,14.573529,16.597712,13.201327,80.667244,3.3552961,5.1784143,85.723434,71.82842,4.4826207,2.1555097
24.5,121.5,2022-11-01,2023-02-06,97,51,12.126858,14.553318,10.618782,84.52745,3.0385509,7.0884557,90.027016,74.25142,3.67291,2.2430184
22.5,120.5,2022-11-01,2023-02-06,97,51,18.313238,20.443268,16.933714,75.89427,2.9248924,1.0352042,82.36983,65.02836,3.6795993,2.2179406
23.5,121.5,2022-11-01,2023-02-07,98,51,14.868282,16.928082,13.546696,81.42078,3.1950989,5.999995,86.60303,72.64747,4.2602406,2.0721512
24.5,120.5,2022-11-01,2023-02-07,98,51,15.786079,17.547844,14.586701,78.699295,6.267216,2.4635465,85.62072,69.414696,7.6475344,4.673116
22.5,120.5,2022-11-01,2023-02-07,98,51,18.549913,20.769701,17.212208,76.50172,2.8964715,1.91423,83.5249,65.390976,3.5804052,2.102892
24.5,121.5,2022-11-01,2023-02-07,98,51,12.500836,15.0076,10.843666,84.87458,2.9575374,8.118274,90.32164,74.91628,3.6213257,2.195611
23.5,120.5,2022-11-01,2023-02-07,98,51,14.457552,18.41981,12.256766,80.87677,2.4704564,1.8286612,90.754196,64.21751,3.3423517,1.73587
22.5,121.5,2022-11-01,2023-02-07,98,51,19.86204,20.645638,19.067968,74.65643,7.016593,3.7141688,78.95281,70.11317,8.509051,5.3943954
23.5,120.5,2022-11-01,2023-02-08,99,51,14.363709,18.41361,12.184051,82.03214,2.5659904,2.7250402,91.191185,64.982635,3.484146,1.8084295
24.5,120.5,2022-11-01,2023-02-08,99,51,15.809654,17.500471,14.631005,80.14372,6.251483,3.0906527,85.97659,71.38442,7.786277,4.472983
22.5,121.5,2022-11-01,2023-02-08,99,51,20.036886,20.763382,19.344303,74.32381,6.686989,3.66929,78.66278,70.0782,8.536636,5.09048
22.5,120.5,2022-11-01,2023-02-08,99,51,18.64427,20.909725,17.36393,77.08754,2.785893,2.1188774,83.921196,65.14546,3.5052178,2.1081622
23.5,121.5,2022-11-01,2023-02-08,99,51,14.994856,17.090157,13.736228,81.346306,3.026845,7.0854635,86.682175,72.19431,4.157032,1.8885405
24.5,121.5,2022-11-01,2023-02-08,99,51,12.68026,15.127803,11.145828,85.508385,2.8823593,9.170832,91.02888,74.96124,3.6076744,2.085321
24.5,121.5,2022-11-01,2023-02-09,100,51,12.345234,14.822534,10.6954155,85.546165,3.2445161,7.728128,90.78193,76.109726,4.1158557,2.2810123
22.5,120.5,2022-11-01,2023-02-09,100,51,18.710976,20.892662,17.402782,77.20035,2.8777313,2.1888883,83.57853,66.30708,3.5735729,2.0966156
23.5,121.5,2022-11-01,2023-02-09,100,51,14.990618,17.112576,13.614191,81.866745,3.644144,6.4769073,87.37501,73.10928,4.6090736,2.579576
22.5,121.5,2022-11-01,2023-02-09,100,51,19.961042,20.745087,19.20676,75.458206,7.5233397,4.467534,80.08852,71.00493,8.9640255,5.9216943
24.5,120.5,2022-11-01,2023-02-09,100,51,15.539589,17.18735,14.345299,79.60887,7.0292373,1.6234155,85.40708,72.19754,8.298873,5.4490232
23.5,120.5,2022-11-01,2023-02-09,100,51,14.483934,18.282482,12.43429,81.722046,2.7603905,1.538445,90.16275,65.91978,3.7636328,1.952538
23.5,120.5,2022-11-01,2023-02-10,101,51,14.509868,18.40239,12.28332,80.07278,2.5481665,0.7461847,89.75897,62.893604,3.4732964,1.839427
22.5,120.5,2022-11-01,2023-02-10,101,51,18.572271,20.69662,17.241896,76.039276,2.8529859,1.231474,82.87872,65.15603,3.5205145,2.1243463
24.5,120.5,2022-11-01,2023-02-10,101,51,15.7936735,17.513487,14.612815,77.71101,6.395576,1.0597378,84.52112,68.92572,7.6820354,4.931195
23.5,121.5,2022-11-01,2023-02-10,101,51,14.821525,16.782555,13.535462,81.27544,3.5115488,6.1454024,86.107124,72.97811,4.5473566,2.384682
22.5,121.5,2022-11-01,2023-02-10,101,51,19.700163,20.33088,19.065605,75.17895,7.496136,4.052854,78.899666,71.18386,9.031339,6.0013695
24.5,121.5,2022-11-01,2023-02-10,101,51,12.424045,14.952673,10.791578,83.65832,3.037213,6.481096,89.46519,73.1405,3.720529,2.2084389
22.5,121.5,2022-11-01,2023-02-11,102,51,19.815363,20.59403,19.028873,74.58328,7.0497785,3.3180387,79.249245,69.85801,8.631098,5.410348
24.5,121.5,2022-11-01,2023-02-11,102,51,12.53374,15.187476,10.744329,83.93984,2.9533424,6.336287,90.51338,72.87905,3.606826,2.1866848
23.5,120.5,2022-11-01,2023-02-11,102,51,14.5212555,18.572296,12.241802,80.13819,2.5674026,1.115986,90.14398,62.724213,3.4536133,1.8191116
23.5,121.5,2022-11-01,2023-02-11,102,51,14.927036,17.030975,13.536856,80.89521,3.2705348,6.2297745,86.42266,71.77447,4.30695,2.1553292
22.5,120.5,2022-11-01,2023-02-11,102,51,18.561995,20.825245,17.144506,76.32242,2.8635666,1.257803,83.688705,64.58376,3.533505,2.0845633
24.5,120.5,2022-11-01,2023-02-11,102,51,15.827782,17.629644,14.586366,78.23239,6.2471547,1.183005,85.09716,69.16408,7.7841816,4.528444
23.5,120.5,2022-11-01,2023-02-12,103,51,14.308257,18.28433,11.987249,79.88321,2.5102139,1.1877921,89.82293,62.471264,3.3901224,1.808985
24.5,121.5,2022-11-01,2023-02-12,103,51,12.329196,15.018983,10.597855,83.51757,3.0059958,5.408792,89.80764,72.426,3.6947622,2.2108626
22.5,121.5,2022-11-01,2023-02-12,103,51,19.62184,20.380566,18.843851,75.1091,7.404804,3.1893861,78.998535,71.12613,8.927464,5.826132
23.5,121.5,2022-11-01,2023-02-12,103,51,14.688619,16.732395,13.250295,81.22287,3.456895,5.8665557,86.393845,72.38966,4.4365215,2.4676769
24.5,120.5,2022-11-01,2023-02-12,103,51,15.636431,17.407602,14.34551,77.38182,6.194859,1.0830748,84.18599,68.402336,7.6170635,4.561264
22.5,120.5,2022-11-01,2023-02-12,103,51,18.427282,20.551985,16.983332,76.342575,2.840441,1.223695,83.16519,65.32285,3.4839978,2.1786332
22.5,121.5,2022-11-01,2023-02-13,104,51,19.631233,20.313843,18.841911,74.7948,6.843637,3.1403186,78.96268,70.62422,8.220889,5.2911134
24.5,120.5,2022-11-01,2023-02-13,104,51,15.779086,17.55738,14.472802,78.15953,5.8146358,2.1087048,84.38991,69.485016,7.19831,4.2572365
22.5,120.5,2022-11-01,2023-02-13,104,51,18.513412,20.746141,17.136944,76.38322,2.6753528,1.3924392,83.007286,64.9351,3.370445,2.004332
23.5,120.5,2022-11-01,2023-02-13,104,51,14.519244,18.455484,12.298728,80.509125,2.3331213,1.628801,89.763535,63.55345,3.1237547,1.66264
23.5,121.5,2022-11-01,2023-02-13,104,51,14.737151,16.740015,13.399574,81.73422,3.26012,6.257899,86.93122,73.13367,4.1436124,2.2742116
24.5,121.5,2022-11-01,2023-02-13,104,51,12.475988,15.025622,10.814944,84.44988,2.9132257,6.50922,90.02682,74.14537,3.6059308,2.0632887
24.5,121.5,2022-11-01,2023-02-14,105,51,12.348402,14.908005,10.761865,84.94072,2.9204955,6.9759593,90.33214,74.92713,3.545523,2.177721
22.5,121.5,2022-11-01,2023-02-14,105,51,19.616573,20.41671,18.781672,75.072754,6.968713,4.040288,78.99762,71.06932,8.354719,5.4357986
24.5,120.5,2022-11-01,2023-02-14,105,51,15.72052,17.434639,14.599346,78.596634,5.8701124,2.1930768,84.597946,70.66567,7.1297956,4.514043
22.5,120.5,2022-11-01,2023-02-14,105,51,18.475336,20.660896,17.053411,76.80098,2.7888932,2.0835726,84.20496,65.55825,3.4367237,2.1314604
23.5,120.5,2022-11-01,2023-02-14,105,51,14.502192,18.305365,12.379753,80.93685,2.384675,2.1284516,90.44629,64.62987,3.2610548,1.6625823
23.5,121.5,2022-11-01,2023-02-14,105,51,14.722224,16.756838,13.393339,82.05315,3.3289018,7.111194,86.78393,73.47324,4.176853,2.4205842
23.5,121.5,2022-11-01,2023-02-15,106,51,14.990481,17.022514,13.647597,81.92282,3.199205,5.8366365,87.14022,72.93409,4.2603555,2.139245
24.5,121.5,2022-11-01,2023-02-15,106,51,12.769634,15.446571,11.147569,84.38379,2.814743,6.581026,90.131546,73.20858,3.5749779,2.032173
22.5,121.5,2022-11-01,2023-02-15,106,51,19.923338,20.59686,19.10752,75.22699,6.65666,3.0122645,79.46963,71.04169,8.228054,5.0932565
24.5,120.5,2022-11-01,2023-02-15,106,51,16.240702,18.066765,14.953542,77.86228,5.8163495,1.9788555,84.2201,68.45853,7.177484,4.214222
22.5,120.5,2022-11-01,2023-02-15,106,51,18.712572,20.975286,17.24897,76.51481,2.7236514,1.5079274,83.38417,64.60112,3.458714,2.0460746
23.5,120.5,2022-11-01,2023-02-15,106,51,14.767356,18.80037,12.461849,80.22866,2.32567,1.4103909,89.49245,62.849117,3.2603807,1.634349
24.5,121.5,2022-11-01,2023-02-16,107,51,13.019874,15.594947,11.4484625,84.88367,2.8877983,6.262686,90.51581,74.13727,3.5571442,2.0834365
22.5,120.5,2022-11-01,2023-02-16,107,51,18.977911,21.27065,17.593523,77.19245,2.7112627,0.8544922,84.237724,65.44401,3.4020095,1.9081285
23.5,121.5,2022-11-01,2023-02-16,107,51,15.282483,17.412693,13.926834,82.17269,3.2279065,6.0712028,87.23453,72.941666,4.14388,2.0789275
23.5,120.5,2022-11-01,2023-02-16,107,51,15.117961,19.169548,12.940322,80.65215,2.4705493,0.525381,90.256996,63.0455,3.448937,1.7435827
24.5,120.5,2022-11-01,2023-02-16,107,51,16.419603,18.134125,15.241306,78.44096,6.15322,0.5523083,84.66747,69.75209,7.4843235,4.488288
22.5,121.5,2022-11-01,2023-02-16,107,51,20.157196,20.844088,19.439764,75.77121,6.7764306,3.1726313,80.12454,71.56714,8.145051,5.220646
24.5,120.5,2022-11-01,2023-02-17,108,51,16.61672,18.362118,15.508061,79.07316,5.942092,1.058541,85.76947,70.13077,7.2522135,4.347646
23.5,121.5,2022-11-01,2023-02-17,108,51,15.476067,17.560978,14.15407,81.63797,3.1121123,5.0964355,87.1196,72.60824,4.074229,1.8392823
22.5,121.5,2022-11-01,2023-02-17,108,51,20.270224,20.977072,19.538078,75.37774,6.6382804,2.2044463,79.51255,71.3033,8.328734,4.9412575
24.5,121.5,2022-11-01,2023-02-17,108,51,13.298581,15.938316,11.703173,84.691055,2.8899064,5.901262,90.9968,73.749596,3.5713384,2.0315926
22.5,120.5,2022-11-01,2023-02-17,108,51,19.184668,21.540695,17.80678,76.877174,2.8009882,0.7240445,83.6036,64.87224,3.5163882,1.9962109
23.5,120.5,2022-11-01,2023-02-17,108,51,15.352972,19.393291,13.169481,80.8622,2.3494968,0.7946538,90.84375,63.1676,3.2204697,1.6089239
24.5,120.5,2022-11-01,2023-02-18,109,51,16.695816,18.423506,15.549166,79.76105,5.733052,1.2865254,85.985664,70.96634,7.095344,4.2733674
22.5,121.5,2022-11-01,2023-02-18,109,51,20.467567,21.219978,19.693975,75.57774,6.3793383,2.431832,80.19299,71.0393,7.9048557,4.700907
23.5,121.5,2022-11-01,2023-02-18,109,51,15.718727,17.91658,14.296475,81.8379,3.0134797,4.5399384,87.46959,72.27419,3.9827456,1.9899333
24.5,121.5,2022-11-01,2023-02-18,109,51,13.576341,16.240036,11.863461,85.15956,2.698709,5.025228,90.98459,74.16041,3.383405,1.8616608
22.5,120.5,2022-11-01,2023-02-18,109,51,19.384293,21.648684,17.997719,77.34455,2.7665005,1.1399213,84.213295,65.98465,3.5349157,1.9582806
23.5,120.5,2022-11-01,2023-02-18,109,51,15.515142,19.518948,13.154203,81.453926,2.3480713,0.9065516,91.12845,64.41312,3.2636456,1.5892004
24.5,120.5,2022-11-01,2023-02-19,110,51,16.916126,18.771624,15.6456995,80.14062,5.759108,1.3481588,86.437546,71.01339,7.2335773,4.27431
23.5,120.5,2022-11-01,2023-02-19,110,51,15.64402,19.687431,13.39153,81.37221,2.319237,1.0417863,91.30926,64.0746,3.2709682,1.5287216
22.5,121.5,2022-11-01,2023-02-19,110,51,20.495316,21.248358,19.696316,75.711136,6.331093,2.8441186,79.380745,71.68354,7.772435,4.743803
24.5,121.5,2022-11-01,2023-02-19,110,51,13.666261,16.357588,12.024091,85.41038,2.8625133,6.7784925,91.238434,74.351585,3.5338807,2.1639154
23.5,121.5,2022-11-01,2023-02-19,110,51,15.745679,17.899168,14.352965,82.423065,3.0489562,5.6463504,87.553406,73.143616,3.8735669,2.0813026
22.5,120.5,2022-11-01,2023-02-19,110,51,19.416117,21.77555,17.93903,77.71166,2.6419854,1.2195064,84.90982,65.433174,3.3584068,1.9340328
22.5,120.5,2022-11-01,2023-02-20,111,51,19.394186,21.670225,17.965527,78.22604,2.823241,2.0775888,85.00688,66.41573,3.5663683,2.0086217
23.5,121.5,2022-11-01,2023-02-20,111,51,15.733502,17.830095,14.335351,83.03265,3.240454,6.9711723,87.88742,74.42246,4.2452393,2.0674875
22.5,121.5,2022-11-01,2023-02-20,111,51,20.43031,21.233482,19.64169,76.77148,6.4967628,4.5788336,81.02932,72.462585,7.964547,4.9403105
24.5,121.5,2022-11-01,2023-02-20,111,51,13.580402,16.129713,11.909606,85.54586,3.039241,7.3290057,91.11532,75.22883,3.6724775,2.3207097
23.5,120.5,2022-11-01,2023-02-20,111,51,15.692018,19.472347,13.518038,81.68671,2.3475273,2.4749157,90.83929,65.66611,3.1653626,1.569326
24.5,120.5,2022-11-01,2023-02-20,111,51,16.87358,18.665487,15.6424055,79.606674,6.0019712,2.2720635,86.22526,70.63812,7.250765,4.4698405
24.5,120.5,2022-11-01,2023-02-21,112,51,16.763746,18.489979,15.429635,79.62922,5.7165504,2.9991,85.54904,71.23566,7.2504196,4.167481
23.5,121.5,2022-11-01,2023-02-21,112,51,15.690983,17.81592,14.334969,81.95617,3.1030881,5.993413,87.201096,72.52843,4.2551174,1.9187914
22.5,121.5,2022-11-01,2023-02-21,112,51,20.418388,21.159445,19.6895,75.96547,6.5982814,3.8332472,79.80745,71.5866,8.137324,5.0373373
23.5,120.5,2022-11-01,2023-02-21,112,51,15.618248,19.638844,13.302404,81.18272,2.2959108,2.4545708,90.78422,63.8081,3.2001834,1.5313505
24.5,121.5,2022-11-01,2023-02-21,112,51,13.526757,16.004692,11.926102,84.96707,2.8988566,6.5259748,90.691895,74.59995,3.6955998,2.0723178
22.5,120.5,2022-11-01,2023-02-21,112,51,19.331589,21.582378,17.950966,77.7837,2.8697722,2.4342256,84.267426,66.32997,3.6734762,2.0832462
24.5,120.5,2022-11-01,2023-02-22,113,51,17.014013,18.765173,15.888808,78.533165,5.847144,2.9284906,85.29277,68.875336,7.151935,4.4468184
23.5,121.5,2022-11-01,2023-02-22,113,51,15.646128,17.704996,14.310612,82.602684,3.304844,6.6695867,87.53512,73.55446,4.1739955,2.4001462
23.5,120.5,2022-11-01,2023-02-22,113,51,15.674314,19.591768,13.477159,81.02679,2.3237555,2.582625,90.65625,63.870037,3.3239145,1.5237931
22.5,121.5,2022-11-01,2023-02-22,113,51,20.349167,21.026041,19.631649,75.82826,6.750788,4.1671453,79.59454,71.766624,7.979347,5.4048595
22.5,120.5,2022-11-01,2023-02-22,113,51,19.345366,21.495285,18.04004,77.764336,2.6867445,2.5802314,84.38984,66.93198,3.397561,1.9403561
24.5,121.5,2022-11-01,2023-02-22,113,51,13.580411,16.094755,11.982405,84.81123,2.842893,6.8419213,90.730385,73.925964,3.5177028,2.0586586
23.5,121.5,2022-11-01,2023-02-23,114,51,15.783875,17.750261,14.48089,82.25931,2.943897,6.226783,87.40523,73.35442,3.9620283,1.727339
24.5,120.5,2022-11-01,2023-02-23,114,51,17.288424,19.026125,16.019857,78.83633,5.591245,1.9603056,85.331894,69.787445,7.370552,3.8529322
22.5,121.5,2022-11-01,2023-02-23,114,51,20.49087,21.175188,19.779097,75.2447,6.2555923,2.8315525,79.32528,71.21634,7.5949183,4.729348
23.5,120.5,2022-11-01,2023-02-23,114,51,15.928847,19.88334,13.633899,80.941666,2.1551385,2.4916706,90.8196,63.601376,3.136535,1.409814
24.5,121.5,2022-11-01,2023-02-23,114,51,13.811257,16.311468,12.221026,84.82004,2.8088531,7.543227,90.7597,73.91686,3.5232446,2.009949
22.5,120.5,2022-11-01,2023-02-23,114,51,19.511711,21.771822,18.12887,77.14199,2.5080175,1.4265472,83.87098,65.435646,3.160338,1.7441111
22.5,120.5,2022-11-01,2023-02-24,115,51,19.68426,22.05693,18.27343,77.596504,2.6954055,2.4545708,85.14349,65.29299,3.4881718,1.9503006
24.5,121.5,2022-11-01,2023-02-24,115,51,13.993228,16.609392,12.350071,84.650246,2.8484411,6.6348805,90.99045,73.24987,3.5380569,2.039543
23.5,120.5,2022-11-01,2023-02-24,115,51,16.083244,20.112537,13.790486,80.74546,2.305805,2.364813,91.04684,63.274513,3.308942,1.5109582
22.5,121.5,2022-11-01,2023-02-24,115,51,20.652895,21.41648,19.80709,75.74265,6.3636575,3.3521466,80.27589,71.12902,7.7954473,4.678277
24.5,120.5,2022-11-01,2023-02-24,115,51,17.353886,19.059084,16.172619,79.155495,5.4283237,2.9249005,85.986206,70.346405,6.9362607,3.725787
23.5,121.5,2022-11-01,2023-02-24,115,51,16.007196,18.180897,14.554446,81.84939,3.1339297,5.9036555,87.51665,72.33597,4.209384,2.016199
23.5,121.5,2022-11-01,2023-02-25,116,51,16.068172,18.212383,14.759689,82.07133,2.9547708,5.039589,87.40695,72.91728,3.9341974,1.9304694
24.5,120.5,2022-11-01,2023-02-25,116,51,17.467653,19.172842,16.357319,79.319,5.0425115,1.4516793,85.59342,70.51839,6.504591,3.284358
22.5,121.5,2022-11-01,2023-02-25,116,51,20.705868,21.426695,20.00683,75.60525,6.233946,2.76214,79.93413,70.9703,7.518946,4.8494744
23.5,120.5,2022-11-01,2023-02-25,116,51,16.14533,20.096727,13.902499,81.20037,2.1162853,1.3236252,91.13612,64.04715,3.0332115,1.3503572
24.5,121.5,2022-11-01,2023-02-25,116,51,14.274457,16.998148,12.692029,84.765854,2.7279665,5.36511,91.09427,73.167885,3.4371881,1.9494857
22.5,120.5,2022-11-01,2023-02-25,116,51,19.679415,21.924404,18.26958,77.86547,2.6785762,1.4409084,85.26389,66.15132,3.3550847,1.9376471
23.5,121.5,2022-11-01,2023-02-26,117,51,16.35162,18.572803,15.0461235,82.153694,3.0066888,4.828958,87.57575,72.54394,4.029596,1.921713
24.5,120.5,2022-11-01,2023-02-26,117,51,17.848259,19.62557,16.58369,79.60495,5.2317133,1.7580519,85.933525,70.38367,6.8832726,3.4690328
23.5,120.5,2022-11-01,2023-02-26,117,51,16.528685,20.576443,14.313692,81.320526,2.1631966,1.3056736,91.36046,63.73695,3.1931806,1.3873649
22.5,121.5,2022-11-01,2023-02-26,117,51,21.003849,21.748907,20.251396,75.60191,6.0829625,2.1326401,80.66371,70.77264,7.691482,4.495424
22.5,120.5,2022-11-01,2023-02-26,117,51,19.997213,22.379292,18.637835,77.748924,2.5776484,0.9095435,85.220116,65.39848,3.4344914,1.704297
24.5,121.5,2022-11-01,2023-02-26,117,51,14.498152,17.162714,12.893246,84.77069,2.7606397,6.333295,90.87022,73.549355,3.4819794,1.9945363
24.5,121.5,2022-11-01,2023-02-27,118,51,14.573341,17.175446,12.915973,85.17717,2.8266876,7.0058784,91.0243,74.61106,3.5336812,2.0357711
22.5,120.5,2022-11-01,2023-02-27,118,51,20.139631,22.48066,18.64745,77.824776,2.7189538,1.4409084,85.318535,65.91574,3.620351,1.8418869
22.5,121.5,2022-11-01,2023-02-27,118,51,21.042809,21.779385,20.26399,76.16389,6.2414536,2.7034984,80.557434,71.838936,7.8098335,4.621985
23.5,120.5,2022-11-01,2023-02-27,118,51,16.737137,20.719944,14.461629,81.312836,2.0567188,2.303778,91.006004,64.2684,3.0641916,1.2300082
24.5,120.5,2022-11-01,2023-02-27,118,51,17.964502,19.691982,16.736256,80.13586,4.9100857,2.8518975,86.28012,71.61794,6.5028872,2.9642866
23.5,121.5,2022-11-01,2023-02-27,118,51,16.380049,18.530678,15.001972,82.44606,3.0012193,5.5458217,87.81543,73.5387,4.1505985,1.7382514
22.5,120.5,2022-11-01,2023-02-28,119,51,20.288454,22.660206,18.852373,78.59151,2.680117,2.0751953,86.06268,66.50349,3.5148962,1.8017824
22.5,121.5,2022-11-01,2023-02-28,119,51,21.23258,22.042074,20.480059,76.84943,5.9484015,3.5280714,81.81403,72.17997,7.419501,4.2905746
24.5,120.5,2022-11-01,2023-02-28,119,51,18.12466,19.884893,16.956722,80.958885,4.9519525,2.0692115,87.431915,72.18652,6.495751,3.2701983
23.5,120.5,2022-11-01,2023-02-28,119,51,16.921995,20.863983,14.694954,82.052505,2.1166866,2.551509,91.77869,65.08365,3.0426517,1.3531587
24.5,121.5,2022-11-01,2023-02-28,119,51,14.858337,17.466356,13.244868,85.477615,2.7193038,6.2590957,91.29452,74.78838,3.427912,1.9495529
23.5,121.5,2022-11-01,2023-02-28,119,51,16.651278,18.905235,15.231496,82.64988,2.8611205,6.025726,88.361664,72.91324,3.8872256,1.8400514
23.5,120.5,2022-11-01,2023-03-01,120,51,16.991762,21.078192,14.571665,81.67612,2.2477627,2.2630877,91.68627,64.27757,3.2094736,1.4509019
23.5,121.5,2022-11-01,2023-03-01,120,51,16.711191,18.973173,15.26596,82.81707,3.0267348,5.134134,88.069664,73.10167,4.05639,2.045816
24.5,120.5,2022-11-01,2023-03-01,120,51,18.1078,19.882896,16.78051,80.67864,5.5723906,3.1857958,86.78046,72.61876,7.2045684,3.560138
24.5,121.5,2022-11-01,2023-03-01,120,51,14.797005,17.620386,13.015256,85.44436,2.9339192,6.383559,91.34951,74.02008,3.5957599,2.1702788
22.5,121.5,2022-11-01,2023-03-01,120,51,21.263916,22.089212,20.418716,77.38191,6.3217635,3.2647824,81.36985,72.764656,7.937842,4.589232
22.5,120.5,2022-11-01,2023-03-01,120,51,20.328915,22.723642,18.79922,78.935684,2.7421448,1.8597771,86.14364,66.698586,3.633456,1.8266056
24.5,121.5,2022-11-01,2023-03-02,121,51,15.202679,17.975767,13.533811,85.02451,2.72167,6.2184052,91.41842,73.275154,3.4096987,1.922632
24.5,120.5,2022-11-01,2023-03-02,121,51,18.423037,20.185942,17.11489,80.55601,5.128439,3.8476083,86.78424,71.99145,6.8486843,3.245841
23.5,120.5,2022-11-01,2023-03-02,121,51,17.108133,21.218979,14.780681,81.66051,2.169205,3.1379251,91.39,64.176956,3.073462,1.3955741
22.5,121.5,2022-11-01,2023-03-02,121,51,21.485775,22.314432,20.693548,77.05054,6.195608,3.406001,82.02599,72.02532,7.826372,4.429057
23.5,121.5,2022-11-01,2023-03-02,121,51,16.901016,19.278204,15.400037,82.60119,2.9739952,5.3136487,88.61122,72.10503,4.0651903,1.7859073
22.5,120.5,2022-11-01,2023-03-02,121,51,20.495195,22.907743,18.982824,78.68459,2.724794,2.7836819,86.361465,66.1251,3.5605822,1.8852627
23.5,121.5,2022-11-01,2023-03-03,122,51,17.037834,19.21271,15.57373,83.592766,2.8342085,5.623612,88.621254,74.75836,3.8938162,1.7016906
24.5,121.5,2022-11-01,2023-03-03,122,51,15.283833,17.897223,13.625596,85.81793,2.6167483,7.290709,91.505714,75.2083,3.4123907,1.7756135
23.5,120.5,2022-11-01,2023-03-03,122,51,17.263325,20.968452,15.080437,82.293594,2.15806,3.98404,91.272606,66.97434,3.1149929,1.4007967
24.5,120.5,2022-11-01,2023-03-03,122,51,18.459078,20.173294,17.295614,80.59891,5.3922663,4.559685,86.49966,72.40605,6.944185,3.5716612
22.5,121.5,2022-11-01,2023-03-03,122,51,21.53388,22.41243,20.697876,78.29901,5.9127855,4.2509193,82.14914,74.059006,7.49592,4.2158318
22.5,120.5,2022-11-01,2023-03-03,122,51,20.607275,22.94233,19.080986,79.62003,2.613615,3.2599955,86.23667,68.05283,3.3896112,1.8022213
24.5,121.5,2022-11-01,2023-03-04,123,51,15.328261,17.79654,13.699772,86.048706,2.6450415,6.978353,91.47182,76.247696,3.3461735,1.8841927
23.5,121.5,2022-11-01,2023-03-04,123,51,17.136309,19.307402,15.666892,83.33936,2.7284818,6.716261,88.70053,74.2377,3.8016071,1.582201
24.5,120.5,2022-11-01,2023-03-04,123,51,18.556318,20.206844,17.407026,81.223526,5.1622696,3.7506702,87.33639,73.18411,6.6420245,3.5125713
23.5,120.5,2022-11-01,2023-03-04,123,51,17.37504,21.171295,15.142502,82.49285,2.1151717,3.7949505,92.02226,66.17666,2.9996572,1.2828503
22.5,120.5,2022-11-01,2023-03-04,123,51,20.601748,22.96798,19.127337,79.84146,2.6702964,3.4299364,87.125496,67.76675,3.5530524,1.7524981
22.5,121.5,2022-11-01,2023-03-04,123,51,21.60464,22.47702,20.81223,78.11663,5.7012343,3.8894951,82.30959,73.754745,7.1614833,4.2593665
23.5,121.5,2022-11-01,2023-03-05,124,51,17.021606,19.21102,15.571957,83.6624,3.2630749,5.8462105,89.0439,74.607605,4.1884675,2.1666021
23.5,120.5,2022-11-01,2023-03-05,124,51,17.38124,21.21686,15.204353,82.52441,2.2693956,1.7197553,91.635765,66.32249,3.2519965,1.4161983
24.5,120.5,2022-11-01,2023-03-05,124,51,18.300634,19.923351,17.148829,80.834984,5.8091807,1.8669577,86.0805,73.36603,7.165312,4.3212085
22.5,120.5,2022-11-01,2023-03-05,124,51,20.705631,23.185991,19.24875,79.56469,2.6881692,1.3894473,86.60247,67.34301,3.4375634,1.9604422
22.5,121.5,2022-11-01,2023-03-05,124,51,21.473783,22.236872,20.715876,78.13434,6.171835,2.7765012,82.38209,73.914734,7.741819,4.282822
24.5,121.5,2022-11-01,2023-03-05,124,51,14.944553,17.486347,13.275549,86.751755,2.9726565,7.025027,91.9892,77.02592,3.6544216,2.153313
23.5,120.5,2022-11-01,2023-03-06,125,51,17.305244,20.94539,15.132047,82.446594,2.1479406,2.0225375,91.86261,66.20818,3.050757,1.4445708
24.5,121.5,2022-11-01,2023-03-06,125,51,14.936209,17.37753,13.323269,86.048416,2.7933738,7.5324564,91.66538,75.850876,3.4988532,1.9220331
23.5,121.5,2022-11-01,2023-03-06,125,51,16.936333,19.049032,15.687605,83.04025,2.9841766,6.1669445,88.36442,73.85459,4.0475907,1.8621017
22.5,120.5,2022-11-01,2023-03-06,125,51,20.638176,23.013891,19.269806,78.9572,2.3866386,1.5641755,86.01022,66.41225,3.1276972,1.5779003
22.5,121.5,2022-11-01,2023-03-06,125,51,21.421284,22.14665,20.76693,76.75393,6.0246353,2.3600261,81.158394,72.25705,7.3226357,4.575456
24.5,120.5,2022-11-01,2023-03-06,125,51,18.410042,20.020502,17.255981,79.9051,5.8761024,2.0739985,86.06092,71.760574,7.3077645,4.081981
22.5,120.5,2022-11-01,2023-03-07,126,51,20.66875,23.080088,19.14565,78.82705,2.6947243,1.5845206,86.19704,66.59595,3.4670892,1.8641438
24.5,120.5,2022-11-01,2023-03-07,126,51,18.432568,20.036753,17.329437,80.56227,5.789433,2.6149375,86.79906,72.59958,7.431058,3.9513123
23.5,121.5,2022-11-01,2023-03-07,126,51,16.945818,19.069202,15.564166,83.208824,3.1863272,5.989823,88.28816,74.22639,4.3200326,2.0403023
23.5,120.5,2022-11-01,2023-03-07,126,51,17.339104,21.014425,15.185949,82.65797,2.2425017,2.5335574,92.079765,66.66674,3.257086,1.4744726
24.5,121.5,2022-11-01,2023-03-07,126,51,15.000295,17.489584,13.3809,85.98923,2.9833813,7.221297,91.502815,75.789406,3.6928644,2.1538477
22.5,121.5,2022-11-01,2023-03-07,126,51,21.486593,22.349722,20.678623,77.199356,6.2905116,3.1367283,81.55887,72.67762,7.8872085,4.595942
24.5,120.5,2022-11-01,2023-03-08,127,51,18.343794,20.012148,17.150108,80.23628,5.4260387,3.009871,86.439156,72.10418,6.8722954,3.7824297
24.5,121.5,2022-11-01,2023-03-08,127,51,14.992834,17.619297,13.289448,85.00116,2.8855753,6.6253066,91.28411,73.85726,3.5451815,2.0840182
23.5,120.5,2022-11-01,2023-03-08,127,51,17.189114,20.98836,14.882174,82.116165,2.2086906,2.60297,91.85651,65.65823,3.2508614,1.390232
22.5,121.5,2022-11-01,2023-03-08,127,51,21.279991,22.06392,20.52007,76.27043,6.4169517,2.7765012,80.53519,71.50784,7.909689,4.895087
22.5,120.5,2022-11-01,2023-03-08,127,51,20.41919,22.75544,19.011948,78.099014,2.7793317,1.546224,85.077835,66.161896,3.5234077,2.0595303
23.5,121.5,2022-11-01,2023-03-08,127,51,16.72629,18.811382,15.345892,82.474884,3.103793,5.1820045,88.02047,73.47567,4.0212846,2.0380664
24.5,121.5,2022-11-01,2023-03-09,128,51,15.219755,17.8995,13.490009,86.09498,2.574538,7.411583,92.06949,75.10144,3.209003,1.8435835
24.5,120.5,2022-11-01,2023-03-09,128,51,18.55437,20.338415,17.302048,81.15054,5.217693,2.2870233,87.52697,72.378914,6.6820264,3.3920827
23.5,121.5,2022-11-01,2023-03-09,128,51,17.001724,19.17781,15.591838,83.35888,2.7380898,8.007573,88.79611,73.83337,3.7726688,1.592157
22.5,121.5,2022-11-01,2023-03-09,128,51,21.527534,22.285177,20.746817,77.31044,5.6261477,5.1544785,81.29181,73.00509,7.137955,4.012304
22.5,120.5,2022-11-01,2023-03-09,128,51,20.610773,22.9908,19.261896,79.03311,2.5017042,2.7968464,86.1217,66.61781,3.3463683,1.620122
23.5,120.5,2022-11-01,2023-03-09,128,51,17.239105,21.027643,14.934051,82.71966,2.0772877,3.0649223,92.687775,66.24706,3.047253,1.269535
23.5,120.5,2022-11-01,2023-03-10,129,51,17.584463,21.460188,15.306416,81.94342,2.2154498,2.184101,91.74756,65.17878,3.3248017,1.3574014
24.5,121.5,2022-11-01,2023-03-10,129,51,15.485954,18.13619,13.903103,85.466995,2.73639,6.221996,91.76496,74.225624,3.425309,1.9966089
23.5,121.5,2022-11-01,2023-03-10,129,51,17.269829,19.581436,15.861953,82.96258,2.9682949,5.9862323,88.79561,72.82171,3.9199872,1.9582858
22.5,120.5,2022-11-01,2023-03-10,129,51,20.822592,23.208847,19.45659,79.15172,2.492645,2.473719,86.321075,67.041794,3.3544984,1.6304704
22.5,121.5,2022-11-01,2023-03-10,129,51,21.643019,22.42576,20.947113,77.42458,5.826637,4.1827035,81.88447,72.40708,7.208593,4.308879
24.5,120.5,2022-11-01,2023-03-10,129,51,18.801767,20.476175,17.727085,80.400246,5.4992175,1.5905044,86.39897,72.12822,7.0171204,3.569892
22.5,120.5,2022-11-01,2023-03-11,130,51,21.029026,23.480719,19.513956,78.36844,2.39204,1.0914522,86.51913,65.80629,3.2184696,1.5511913
24.5,120.5,2022-11-01,2023-03-11,130,51,19.21009,20.945377,17.911797,80.170456,5.1547503,1.9100413,86.25747,71.87775,6.695879,3.3030233
23.5,121.5,2022-11-01,2023-03-11,130,51,17.48577,19.761309,16.030958,82.38874,2.9226868,5.098231,88.112076,72.46216,3.9500992,1.829313
22.5,121.5,2022-11-01,2023-03-11,130,51,21.902859,22.656221,21.15538,76.13792,5.955742,2.2463331,80.91727,71.45547,7.2527294,4.4974923
23.5,120.5,2022-11-01,2023-03-11,130,51,17.846073,21.73382,15.417612,82.10162,1.9976002,2.1769207,92.49421,64.81707,3.0099697,1.2406439
24.5,121.5,2022-11-01,2023-03-11,130,51,15.796709,18.41638,14.119954,84.89441,2.624469,6.1980605,91.31416,73.97032,3.3411252,1.9032718
23.5,120.5,2022-11-01,2023-03-12,131,51,17.843594,21.723152,15.397635,82.56674,2.1101947,2.777698,92.33266,65.959595,3.1379726,1.2596916
24.5,121.5,2022-11-01,2023-03-12,131,51,15.723343,18.434832,13.884959,85.25335,2.5589716,6.90535,91.598625,73.99495,3.3048873,1.5796251
24.5,120.5,2022-11-01,2023-03-12,131,51,19.020525,20.740711,17.679268,80.51968,5.2061834,3.257602,86.72123,72.28862,6.8198977,3.2100406
22.5,121.5,2022-11-01,2023-03-12,131,51,21.974493,22.963453,21.093302,77.440285,5.6219163,3.5879097,81.96926,72.33967,7.476994,3.7874908
22.5,120.5,2022-11-01,2023-03-12,131,51,21.17058,23.766426,19.617012,78.90579,2.5910776,1.752068,86.654495,65.915726,3.3583448,1.75969
23.5,121.5,2022-11-01,2023-03-12,131,51,17.575212,19.9019,16.050238,82.90863,2.8325276,5.6822534,88.44262,73.09944,3.9429073,1.6309311
23.5,120.5,2022-11-01,2023-03-13,132,51,17.65625,21.21536,15.467688,81.99032,2.2195275,3.040987,91.39285,67.04169,3.2282577,1.4294322
24.5,120.5,2022-11-01,2023-03-13,132,51,18.764458,20.383017,17.600927,79.40795,5.546777,2.7549593,85.63706,71.94149,6.9536157,3.9552908
23.5,121.5,2022-11-01,2023-03-13,132,51,17.230152,19.302408,15.778471,82.8307,3.2416155,6.1801085,87.876656,74.251564,4.25392,2.1042385
22.5,120.5,2022-11-01,2023-03-13,132,51,20.915356,23.212986,19.450474,78.72349,2.6221972,2.071605,85.60648,67.76565,3.3228843,1.8742125
22.5,121.5,2022-11-01,2023-03-13,132,51,21.6259,22.417158,20.814087,77.00362,6.597478,2.7585497,80.83287,72.946045,8.1481905,4.8149834
24.5,121.5,2022-11-01,2023-03-13,132,51,15.257219,17.827847,13.532715,85.40984,2.906082,6.715064,90.98509,75.31096,3.6092038,2.1126983
23.5,121.5,2022-11-01,2023-03-14,133,51,17.18811,19.383492,15.84684,82.03327,2.7784588,4.855287,87.68832,72.59275,3.8422525,1.7046245
24.5,120.5,2022-11-01,2023-03-14,133,51,18.885817,20.547516,17.72126,79.224205,4.652432,2.4856865,85.82193,70.93429,5.988598,3.2085094
24.5,121.5,2022-11-01,2023-03-14,133,51,15.396291,17.962536,13.716139,84.99309,2.5789218,5.52787,91.08796,74.466484,3.2188141,1.9027158
22.5,121.5,2022-11-01,2023-03-14,133,51,21.658037,22.382229,20.972649,75.360176,5.7347913,2.4366193,79.86912,70.94346,7.151239,4.2289276
22.5,120.5,2022-11-01,2023-03-14,133,51,20.866783,23.133148,19.483532,77.682785,2.526502,1.5258789,84.84519,65.92454,3.4132385,1.7658778
23.5,120.5,2022-11-01,2023-03-14,133,51,17.601856,21.276276,15.382253,81.26847,1.983453,2.0057828,90.79361,65.1098,3.0571525,1.1947671
22.5,120.5,2022-11-01,2023-03-15,134,51,21.027817,23.42359,19.473682,77.6807,2.662176,1.2123257,85.4663,65.33508,3.524779,1.7679669
24.5,121.5,2022-11-01,2023-03-15,134,51,15.722364,18.501324,13.852292,84.931366,2.7489984,5.922804,91.4703,73.19868,3.394312,2.035293
23.5,121.5,2022-11-01,2023-03-15,134,51,17.41378,19.715391,15.920564,82.40809,2.818454,4.760742,88.11436,72.31875,4.0369487,1.6653062
23.5,120.5,2022-11-01,2023-03-15,134,51,17.782604,21.744017,15.372202,81.03146,2.0552697,1.6778684,91.284256,63.85701,3.0015442,1.2497132
24.5,120.5,2022-11-01,2023-03-15,134,51,19.1269,21.039154,17.807352,79.34838,4.949799,1.5318627,86.64982,70.290306,6.3497086,3.3715212
22.5,121.5,2022-11-01,2023-03-15,134,51,21.87128,22.747675,21.00123,75.83238,5.6514044,2.1769207,80.498795,71.0728,7.353847,3.8567703
22.5,120.5,2022-11-01,2023-03-16,135,51,21.085552,23.512642,19.547213,78.26697,2.6025689,1.1357327,85.88919,65.574066,3.3578284,1.7316989
22.5,121.5,2022-11-01,2023-03-16,135,51,21.836864,22.662441,21.028461,76.86999,5.5971203,2.252317,81.280396,72.03867,6.887371,4.3277197
23.5,121.5,2022-11-01,2023-03-16,135,51,17.450153,19.705772,16.026764,82.77497,2.807918,4.501044,88.48782,72.76274,3.8376136,1.7791712
24.5,120.5,2022-11-01,2023-03-16,135,51,19.191402,20.819468,17.971207,79.501656,4.8888707,1.3738894,85.89895,71.10629,6.2926707,3.210004
23.5,120.5,2022-11-01,2023-03-16,135,51,17.826283,21.726759,15.399799,81.34352,2.022294,1.2721641,91.94362,64.80215,3.0042853,1.301194
24.5,121.5,2022-11-01,2023-03-16,135,51,15.858845,18.551054,14.144265,84.81219,2.6305292,4.6183267,91.41409,72.90788,3.2366095,1.9018301
23.5,120.5,2022-11-01,2023-03-17,136,51,18.23431,21.970654,15.917729,81.5284,2.0386345,2.4557674,91.74412,65.597626,3.2569878,1.1743505
24.5,120.5,2022-11-01,2023-03-17,136,51,19.528994,21.13623,18.398981,80.22253,5.067085,2.7178595,86.40252,72.473,6.6466613,3.2220252
24.5,121.5,2022-11-01,2023-03-17,136,51,16.243118,18.80083,14.65323,85.405304,2.529892,6.686342,91.64058,75.08596,3.2090077,1.7374609
22.5,121.5,2022-11-01,2023-03-17,136,51,22.10209,22.919436,21.358446,77.38164,5.467017,2.6783662,81.780464,72.65189,6.947836,3.9003892
22.5,120.5,2022-11-01,2023-03-17,136,51,21.315977,23.793722,19.828115,78.537415,2.573658,1.5510111,86.13607,65.96784,3.3899782,1.7317724
23.5,121.5,2022-11-01,2023-03-17,136,51,17.798515,19.972452,16.40788,83.26986,2.8104181,5.6415634,88.684784,73.948555,3.8809426,1.722864
22.5,121.5,2022-11-01,2023-03-18,137,51,22.276115,23.098257,21.545221,77.98876,5.2591367,2.6077569,82.56403,73.09421,6.8435087,3.5448418
22.5,120.5,2022-11-01,2023-03-18,137,51,21.515997,23.983232,20.042488,78.864975,2.5211802,1.2937059,86.717255,65.90862,3.3261435,1.7782749
23.5,121.5,2022-11-01,2023-03-18,137,51,18.047407,20.387148,16.591259,83.103264,2.6462991,4.8205805,89.12523,72.651794,3.6614203,1.5206467
24.5,121.5,2022-11-01,2023-03-18,137,51,16.428371,19.146378,14.656364,85.285866,2.5145462,5.750469,91.821396,74.383255,3.300657,1.7092261
24.5,120.5,2022-11-01,2023-03-18,137,51,19.621128,21.307571,18.371725,80.685394,4.769364,2.266678,86.807495,72.87339,6.307388,3.0378478
23.5,120.5,2022-11-01,2023-03-18,137,51,18.372105,22.225498,15.942665,82.01556,2.0036807,2.3995194,92.16277,65.30657,3.1052048,1.1787286
22.5,121.5,2022-11-01,2023-03-19,138,51,22.361847,23.25879,21.50523,77.65541,5.4754477,2.478506,82.38865,72.58444,7.051665,3.82499
23.5,120.5,2022-11-01,2023-03-19,138,51,18.507404,22.288143,16.15378,81.871735,1.9396998,1.6204236,92.225,65.1708,2.9261358,1.1508117
24.5,121.5,2022-11-01,2023-03-19,138,51,16.530544,19.21741,14.653813,85.1485,2.562423,5.391439,91.47443,74.41815,3.2898126,1.7769383
22.5,120.5,2022-11-01,2023-03-19,138,51,21.64459,24.122473,20.088137,78.68439,2.4664595,1.1201746,86.62178,65.58283,3.2716596,1.6281615
24.5,120.5,2022-11-01,2023-03-19,138,51,19.885975,21.655453,18.591227,79.961,4.6816497,1.8406289,86.75945,71.14823,6.324883,2.7189107
23.5,121.5,2022-11-01,2023-03-19,138,51,18.100828,20.294022,16.615788,83.1597,2.728318,4.9905214,88.42154,74.13781,3.874811,1.5255651
22.5,120.5,2022-11-01,2023-03-20,139,51,21.71437,24.081673,20.259266,78.64229,2.637552,2.138624,86.31319,66.61271,3.474061,1.766402
22.5,121.5,2022-11-01,2023-03-20,139,51,22.364214,23.125946,21.680122,77.456474,5.618762,3.1463025,82.29824,72.79897,6.9668503,4.13671
23.5,121.5,2022-11-01,2023-03-20,139,51,18.110365,20.206383,16.822737,82.77285,2.7411451,4.7021008,88.90455,73.64856,3.806728,1.5246828
24.5,120.5,2022-11-01,2023-03-20,139,51,19.795261,21.438015,18.665947,80.42277,4.6183357,3.7841797,87.064606,71.76752,6.1643963,2.9365132
23.5,120.5,2022-11-01,2023-03-20,139,51,18.712635,22.409988,16.406832,81.53891,1.8879315,2.6819565,91.995125,64.861435,2.968046,1.0463316
24.5,121.5,2022-11-01,2023-03-20,139,51,16.491941,19.124102,14.919357,84.98743,2.598094,5.396226,91.71414,73.822,3.3057368,1.8286686
24.5,120.5,2022-11-01,2023-03-21,140,51,20.058926,21.773615,18.774548,80.53263,4.5157332,4.0785847,86.90793,72.102844,6.0308256,2.9311502
23.5,121.5,2022-11-01,2023-03-21,140,51,18.341278,20.577318,16.857176,83.15354,2.6681297,6.251915,88.61853,74.01809,3.7641788,1.545206
24.5,121.5,2022-11-01,2023-03-21,140,51,16.727451,19.442734,14.905934,85.51828,2.456745,7.317038,92.02343,74.44101,3.0757658,1.7167059
22.5,120.5,2022-11-01,2023-03-21,140,51,21.886496,24.355274,20.34226,78.93816,2.423734,2.3061714,86.50377,66.85098,3.285546,1.4649729
22.5,121.5,2022-11-01,2023-03-21,140,51,22.554033,23.423101,21.749407,77.77199,5.473751,4.3825636,82.26769,73.13215,6.9962277,3.783566
23.5,120.5,2022-11-01,2023-03-21,140,51,18.842829,22.585169,16.48074,81.95588,1.8880241,2.370797,92.015366,65.85412,2.9206505,1.0834798
22.5,121.5,2022-11-01,2023-03-22,141,51,22.412674,23.267544,21.657295,78.23583,5.814509,2.9667873,82.70637,73.846634,7.210768,4.168667
22.5,120.5,2022-11-01,2023-03-22,141,51,21.734585,24.082657,20.258604,79.67573,2.5252416,3.0732996,86.89835,68.3545,3.3968925,1.6536521
23.5,121.5,2022-11-01,2023-03-22,141,51,18.163593,20.26491,16.76743,83.84819,3.0482984,6.716261,88.81422,75.72055,3.9566624,2.1310747
24.5,121.5,2022-11-01,2023-03-22,141,51,16.27607,18.690248,14.527911,86.48895,2.795019,8.543725,92.18601,77.2805,3.546664,2.009773
24.5,120.5,2022-11-01,2023-03-22,141,51,19.832241,21.549053,18.507753,80.185684,5.6581473,4.4400086,86.80473,72.31609,7.163439,4.058194
23.5,120.5,2022-11-01,2023-03-22,141,51,18.715113,22.22217,16.51081,82.2704,2.1961472,4.7691197,91.45135,67.48107,3.3162842,1.3006781
22.5,121.5,2022-11-01,2023-03-23,142,51,22.220686,22.98558,21.494432,77.46341,6.014885,3.6154354,81.59947,73.02595,7.6726007,4.2274737
24.5,120.5,2022-11-01,2023-03-23,142,51,19.812683,21.391201,18.727898,78.66215,5.5446825,3.3114564,84.515526,70.6828,7.179087,3.5974188
24.5,121.5,2022-11-01,2023-03-23,142,51,16.060835,18.440523,14.524405,85.12395,2.8936534,7.2667737,90.89409,75.43347,3.6812286,1.9926697
22.5,120.5,2022-11-01,2023-03-23,142,51,21.60371,23.879837,20.209303,78.72104,2.6846187,2.6065602,85.6896,67.49308,3.4959648,1.8676975
23.5,120.5,2022-11-01,2023-03-23,142,51,18.621756,22.110956,16.556656,81.57712,2.1097708,3.5113165,90.81711,66.19257,3.1797366,1.1849338
23.5,121.5,2022-11-01,2023-03-23,142,51,17.93463,19.975376,16.697565,83.01075,3.141159,6.5475163,87.99146,74.36296,4.339871,1.8421483
24.5,120.5,2022-11-01,2023-03-24,143,51,19.938618,21.4905,18.860199,80.27771,5.0970874,2.659218,86.63112,72.44157,6.63419,3.4906037
22.5,121.5,2022-11-01,2023-03-24,143,51,22.537748,23.268976,21.838669,78.08695,5.5380616,3.6956189,82.33531,73.527695,6.9106827,4.0545287
22.5,120.5,2022-11-01,2023-03-24,143,51,21.860043,24.155445,20.451303,79.122,2.5931988,2.3480585,86.95343,67.63535,3.3417585,1.8135375
24.5,121.5,2022-11-01,2023-03-24,143,51,16.625572,19.122013,15.049665,85.43768,2.568805,6.4733167,91.73762,74.849976,3.3082137,1.7894915
23.5,121.5,2022-11-01,2023-03-24,143,51,18.27511,20.2963,16.955847,83.84864,2.8893573,5.4345226,89.39713,74.9776,3.8935487,1.8741027
23.5,120.5,2022-11-01,2023-03-24,143,51,18.780022,22.186045,16.652342,82.21865,2.097818,2.9572132,91.57173,67.32086,3.0960357,1.2849545
23.5,120.5,2022-11-01,2023-03-25,144,51,19.021881,22.640936,16.682606,81.53601,2.1823406,2.2271848,91.35393,65.977325,3.2791874,1.218475
22.5,121.5,2022-11-01,2023-03-25,144,51,22.665443,23.540182,21.896513,78.65474,6.0533075,3.245634,82.602806,74.29942,7.6084027,4.3598075
24.5,121.5,2022-11-01,2023-03-25,144,51,16.713047,19.176332,15.0184355,85.24997,2.7914543,6.730622,91.53099,75.30866,3.6225998,1.8900121
23.5,121.5,2022-11-01,2023-03-25,144,51,18.489069,20.699951,17.006227,83.521034,3.0411117,5.5170994,88.846535,74.36609,4.203594,1.794148
24.5,120.5,2022-11-01,2023-03-25,144,51,20.182638,21.894363,18.9406,79.25386,5.578844,2.2247913,85.598595,71.32654,7.1545043,3.656299
22.5,120.5,2022-11-01,2023-03-25,144,51,22.035408,24.393196,20.469906,79.242424,2.5836577,2.2965972,86.55851,67.685555,3.2544043,1.8872626
23.5,121.5,2022-11-01,2023-03-26,145,51,18.482244,20.687117,17.052988,83.795235,2.7189927,5.6188245,89.36282,74.211266,3.756662,1.6359853
24.5,121.5,2022-11-01,2023-03-26,145,51,16.91218,19.497711,15.256022,85.37064,2.506498,6.5786324,92.12119,74.21079,3.1718214,1.7996135
22.5,120.5,2022-11-01,2023-03-26,145,51,22.068153,24.424864,20.565855,79.66016,2.3516886,1.700607,87.26405,67.959206,3.1598198,1.6186894
24.5,120.5,2022-11-01,2023-03-26,145,51,20.40905,22.150839,19.196762,80.22392,4.6800246,2.1362305,87.37842,71.15609,6.1856017,3.0611515
22.5,121.5,2022-11-01,2023-03-26,145,51,22.627102,23.392021,21.998264,78.885506,5.478325,2.916523,82.78459,74.68693,6.7462177,4.0395656
23.5,120.5,2022-11-01,2023-03-26,145,51,19.148144,22.847397,16.80558,82.37241,1.7858859,2.6292987,92.99717,65.834656,2.8477798,0.98069096
23.5,120.5,2022-11-01,2023-03-27,146,51,19.439539,23.261717,17.016294,82.60419,1.8299433,2.5120156,92.91327,66.066124,2.812539,1.1115137
23.5,121.5,2022-11-01,2023-03-27,146,51,18.905064,21.161455,17.442205,84.22274,2.5149112,5.616431,90.02343,74.15688,3.486451,1.515327
24.5,121.5,2022-11-01,2023-03-27,146,51,17.446156,20.094616,15.635893,86.08339,2.371665,7.6246076,92.87051,74.65586,3.0386624,1.704925
24.5,120.5,2022-11-01,2023-03-27,146,51,20.705088,22.330498,19.523613,81.53293,4.4566154,2.581428,88.01342,73.285355,5.941836,2.9168851
22.5,121.5,2022-11-01,2023-03-27,146,51,23.059742,23.863317,22.305382,79.24099,4.9503784,2.9620001,83.82858,74.420044,6.3088655,3.4105048
22.5,120.5,2022-11-01,2023-03-27,146,51,22.3696,24.8745,20.802095,79.96804,2.4288654,2.2331686,88.41443,67.05208,3.201104,1.6937739
23.5,121.5,2022-11-01,2023-03-28,147,51,18.947119,21.181667,17.37233,84.54489,2.9694202,6.747377,90.02204,75.26189,4.253099,1.7872125
23.5,120.5,2022-11-01,2023-03-28,147,51,19.562965,23.34593,17.01581,82.12888,2.1007302,3.2528148,92.42048,65.459045,3.3620672,1.1633649
22.5,121.5,2022-11-01,2023-03-28,147,51,23.118523,24.001146,22.27382,79.64005,5.757277,4.6554265,83.99887,74.88471,7.2271137,4.206449
24.5,121.5,2022-11-01,2023-03-28,147,51,17.3115,19.817394,15.45176,85.84397,2.679084,8.6729765,92.253876,75.734314,3.5670176,1.7351897
22.5,120.5,2022-11-01,2023-03-28,147,51,22.438042,24.776192,20.868502,80.26161,2.4943528,3.3210306,87.71096,68.58538,3.3879945,1.6228108
24.5,120.5,2022-11-01,2023-03-28,147,51,20.877571,22.619102,19.576145,80.54165,5.4356294,3.427543,87.11627,72.1871,7.107479,3.4596527
24.5,121.5,2022-11-01,2023-03-29,148,51,16.860802,19.154215,15.084822,85.591446,2.7168095,7.448683,91.453125,76.51319,3.5434856,1.8399575
22.5,120.5,2022-11-01,2023-03-29,148,51,22.264332,24.559587,20.742876,79.55297,2.5205784,2.0751953,86.64559,68.14804,3.333538,1.6697888
24.5,120.5,2022-11-01,2023-03-29,148,51,20.514887,22.091293,19.26138,79.81114,5.271513,2.9859357,86.544365,72.07317,6.86153,3.4352925
22.5,121.5,2022-11-01,2023-03-29,148,51,22.78395,23.59835,21.987984,78.93704,5.8071213,3.0744965,82.91045,74.43441,7.4276514,3.9728198
23.5,120.5,2022-11-01,2023-03-29,148,51,19.347254,22.923174,16.950953,81.954414,2.053414,3.1690412,92.123344,66.18761,3.194858,1.1988616
23.5,121.5,2022-11-01,2023-03-29,148,51,18.573826,20.555017,17.075392,84.03156,3.0012646,6.498449,89.21645,75.659935,4.1496415,1.7340387
23.5,121.5,2022-11-01,2023-03-30,149,51,18.644842,20.68382,17.310368,83.1655,2.96997,6.3476562,88.6978,74.11835,3.9569654,1.8239834
24.5,121.5,2022-11-01,2023-03-30,149,51,17.116627,19.532087,15.556828,85.220566,2.6160338,6.8622665,91.542366,75.17955,3.4084413,1.7705896
22.5,121.5,2022-11-01,2023-03-30,149,51,22.776957,23.530737,22.121893,77.59404,5.819134,3.194173,82.13275,72.96183,7.1614327,4.2387595
24.5,120.5,2022-11-01,2023-03-30,149,51,20.844606,22.456264,19.666285,79.51485,5.1079807,2.6927276,86.03513,71.58614,6.689446,3.3683808
22.5,120.5,2022-11-01,2023-03-30,149,51,22.289614,24.694046,20.795963,78.32836,2.5129795,2.1601658,85.75959,66.27239,3.3838594,1.6338061
23.5,120.5,2022-11-01,2023-03-30,149,51,19.461718,23.021214,17.16409,81.49826,2.0096416,3.4718232,91.66217,65.77877,3.2641358,1.0861502
23.5,120.5,2022-11-01,2023-03-31,150,51,19.5738,23.1547,17.336103,81.31995,1.8679309,2.164953,91.40085,65.58045,3.0668666,0.94557685
23.5,121.5,2022-11-01,2023-03-31,150,51,18.81117,20.931583,17.39637,83.14118,2.734062,5.3112555,88.8486,73.8991,3.940391,1.5341305
24.5,121.5,2022-11-01,2023-03-31,150,51,17.33751,19.859394,15.701486,84.79429,2.530458,5.4500804,91.5014,74.04841,3.2901413,1.7228022
22.5,121.5,2022-11-01,2023-03-31,150,51,22.938553,23.867525,22.128218,77.79083,5.6806593,2.1206725,82.921715,72.397766,7.04864,4.0782638
24.5,120.5,2022-11-01,2023-03-31,150,51,20.88804,22.548555,19.686403,79.33733,4.592551,2.2702684,86.57248,70.69541,6.2073293,2.728659
22.5,120.5,2022-11-01,2023-03-31,150,51,22.425705,24.844917,20.904943,77.8639,2.5238738,1.2530159,85.947945,65.60956,3.437197,1.5499551
