latitude,longitude,init_date,valid_date,lead_day,ens_n,t2m_C,t2m_C_max,t2m_C_min,rh_pct,wind_mps,tp_mm_mean,rh_pct_max,rh_pct_min,wind_mps_max,wind_mps_min
22.0,120.0,2007-07-01,2007-07-01,0,25,28.124788,29.480156,27.017494,80.35194,5.7251844,0.0,86.38685,71.751686,6.512042,5.0211844
24.0,122.0,2007-07-01,2007-07-01,0,25,26.480593,27.60766,25.688417,82.2747,5.608739,0.0,85.66109,76.29147,6.048032,5.1050496
25.0,121.0,2007-07-01,2007-07-01,0,25,27.475676,28.613457,26.739052,83.24949,2.9177413,0.0,86.085075,78.559105,3.5238276,2.4171405
24.0,121.0,2007-07-01,2007-07-01,0,25,25.682514,27.774805,24.239784,83.63577,2.9522746,0.0,89.737885,72.93758,3.20539,2.6943388
23.0,122.0,2007-07-01,2007-07-01,0,25,26.792305,28.137894,25.772223,78.50985,4.404599,0.0,83.028564,71.234886,4.7269197,4.070462
24.0,120.0,2007-07-01,2007-07-01,0,25,27.732397,28.9392,26.739098,83.486916,4.5916295,0.0,88.651375,76.40876,5.064222,4.17329
23.0,121.0,2007-07-01,2007-07-01,0,25,25.875639,28.331938,24.122417,81.884094,3.4681704,0.0,90.35191,68.07422,4.458696,2.610638
25.0,122.0,2007-07-01,2007-07-01,0,25,28.259985,28.445932,28.125767,82.123924,5.4437165,0.0,82.80361,81.43512,6.1206746,4.940959
22.0,122.0,2007-07-01,2007-07-01,0,25,29.10642,29.334566,28.784399,75.08301,5.8568425,0.0,76.84574,73.323044,6.3021107,5.4202857
23.0,120.0,2007-07-01,2007-07-01,0,25,27.93247,29.500141,26.630468,81.696365,4.9777794,0.0,89.25213,71.389946,5.8144245,4.401131
22.0,121.0,2007-07-01,2007-07-01,0,25,28.187271,29.50257,27.130684,78.029205,5.224032,0.0,83.434105,70.14081,5.701606,4.7660384
25.0,120.0,2007-07-01,2007-07-01,0,25,27.129908,28.865498,25.837608,84.791374,3.7097235,0.0,91.105446,76.06302,4.5625377,3.0036614
22.0,121.0,2007-07-01,2007-07-02,1,25,28.16252,29.436243,26.909706,80.214714,4.738671,1.636587,87.87004,72.79885,5.1768975,4.2765317
24.0,120.0,2007-07-01,2007-07-02,1,25,27.818691,28.788202,27.097174,84.73248,4.0832415,0.7995998,89.50756,79.00826,4.9780416,3.1294956
24.0,121.0,2007-07-01,2007-07-02,1,25,25.851372,27.575176,24.584385,84.40827,2.576323,0.85674554,91.01288,76.086815,3.2361133,1.9286742
25.0,121.0,2007-07-01,2007-07-02,1,25,27.689157,28.605562,26.963385,83.35793,3.0142758,0.65897584,88.71701,77.67854,3.5930321,2.4927645
23.0,122.0,2007-07-01,2007-07-02,1,25,26.748262,28.01049,25.845919,80.22237,3.8094397,0.99083537,86.41362,73.57013,4.573868,2.9630778
23.0,121.0,2007-07-01,2007-07-02,1,25,25.983364,28.166084,24.339527,82.806244,2.8836267,0.81204623,91.078476,71.79968,4.1318507,2.1179667
24.0,122.0,2007-07-01,2007-07-02,1,25,26.553984,27.56475,25.860224,82.381485,4.8759527,0.42346203,86.31734,77.85573,5.857564,3.7291062
22.0,120.0,2007-07-01,2007-07-02,1,25,28.123852,29.439907,26.887959,81.99017,5.4564333,2.2234337,89.00231,74.63793,6.0064735,4.8942857
25.0,120.0,2007-07-01,2007-07-02,1,25,27.23359,28.65201,26.1606,86.46846,3.7353113,0.8701735,92.283424,78.96119,4.834219,2.9263327
25.0,122.0,2007-07-01,2007-07-02,1,25,28.379417,28.598534,28.181591,81.46428,5.1983767,0.23201638,84.05507,79.28419,6.0448956,4.468286
23.0,120.0,2007-07-01,2007-07-02,1,25,27.957644,29.382963,26.862022,83.11931,4.2680683,0.7563781,89.61328,74.632034,4.9833937,3.4058065
22.0,122.0,2007-07-01,2007-07-02,1,25,28.929358,29.413292,28.379263,77.82223,5.352434,1.8132826,83.47329,74.356384,6.0665812,4.6251516
24.0,120.0,2007-07-01,2007-07-03,2,25,27.944553,29.022724,27.148462,85.76569,4.9356127,1.2072606,90.02156,80.17044,5.83362,4.200159
22.0,120.0,2007-07-01,2007-07-03,2,25,28.10752,29.246788,27.192862,83.37571,4.4329057,1.8218573,88.0483,77.98131,5.166838,3.7716482
23.0,121.0,2007-07-01,2007-07-03,2,25,26.173347,28.190815,24.725142,85.295204,3.097607,1.7291876,92.47423,76.42009,4.42278,2.2766345
25.0,122.0,2007-07-01,2007-07-03,2,25,28.407175,28.63311,28.157812,84.990814,5.514849,0.37925443,88.25593,82.602776,6.464811,4.726702
24.0,122.0,2007-07-01,2007-07-03,2,25,26.7522,27.747879,26.047104,85.71006,5.2373443,0.7277258,90.305214,81.01105,5.981674,4.5026283
25.0,121.0,2007-07-01,2007-07-03,2,25,27.837046,28.778336,27.03444,85.04605,3.647066,0.94003874,90.38354,79.473,4.811528,2.7178845
24.0,121.0,2007-07-01,2007-07-03,2,25,26.171436,27.97425,24.875595,85.83588,3.231754,1.2975628,92.54967,77.356346,4.094194,2.3977032
22.0,121.0,2007-07-01,2007-07-03,2,25,28.122614,29.23429,27.203276,82.954346,4.3333163,1.9248767,87.591866,77.879074,5.1362305,3.6273632
23.0,122.0,2007-07-01,2007-07-03,2,25,26.851313,28.0683,25.982603,84.09577,4.441947,1.3525195,88.93908,78.391106,5.1288567,3.6035483
23.0,120.0,2007-07-01,2007-07-03,2,25,27.95271,29.242964,26.99875,85.23013,4.717941,1.6397996,89.96801,79.21089,5.6998634,3.8222566
22.0,122.0,2007-07-01,2007-07-03,2,25,28.802258,29.361143,28.162457,81.91723,5.582631,1.5471419,85.08757,79.06475,6.314581,4.861641
25.0,120.0,2007-07-01,2007-07-03,2,25,27.540508,29.068619,26.45392,86.87045,4.5909724,1.0507604,92.624374,79.109314,5.373091,3.793437
24.0,121.0,2007-07-01,2007-07-04,3,25,26.281258,27.985054,24.886675,86.573906,3.905148,2.1222477,92.24376,79.01895,4.5973964,3.3058994
22.0,121.0,2007-07-01,2007-07-04,3,25,28.262686,29.270977,27.399364,83.391495,4.0550685,1.5620263,87.756836,78.76977,4.8641195,3.2779224
25.0,121.0,2007-07-01,2007-07-04,3,25,27.861626,28.688225,27.066128,86.286865,4.88229,0.8278828,90.00629,82.39796,5.39069,4.3651276
24.0,120.0,2007-07-01,2007-07-04,3,25,27.989326,28.893173,27.241411,86.05506,5.666927,1.2106544,89.49972,81.8643,6.314105,5.069046
25.0,120.0,2007-07-01,2007-07-04,3,25,27.626314,28.999033,26.569326,86.76665,5.603176,0.90629166,91.42115,80.50283,6.3559422,4.989853
23.0,122.0,2007-07-01,2007-07-04,3,25,27.11724,28.332867,26.211363,85.40161,5.0748754,1.7990047,89.56424,79.78253,5.7867627,4.406473
25.0,122.0,2007-07-01,2007-07-04,3,25,28.45024,28.640074,28.277998,87.2412,5.8123217,0.56377226,89.142166,85.75216,6.510877,5.0833116
23.0,121.0,2007-07-01,2007-07-04,3,25,26.308632,28.229965,24.790966,86.28196,2.8197045,2.7527432,92.96165,77.61414,3.969736,2.0516376
23.0,120.0,2007-07-01,2007-07-04,3,25,28.022362,29.13963,27.1544,85.75008,4.595709,1.8418294,90.228264,80.43486,5.3884296,3.8728204
22.0,122.0,2007-07-01,2007-07-04,3,25,29.073362,29.463223,28.649755,82.64003,6.290236,0.6050211,84.77854,80.7007,6.9824247,5.5745063
24.0,122.0,2007-07-01,2007-07-04,3,25,26.881529,27.808052,26.146069,87.478546,4.980503,1.8486267,91.28697,83.0709,5.8004375,4.052962
22.0,120.0,2007-07-01,2007-07-04,3,25,28.220514,29.177866,27.390575,83.93875,4.486244,1.9424516,88.101654,79.524826,5.1558223,3.831761
25.0,121.0,2007-07-01,2007-07-05,4,25,27.951588,28.808828,27.116026,85.833015,4.8323774,0.9575844,90.23358,81.75513,5.3572316,4.3582106
24.0,122.0,2007-07-01,2007-07-05,4,25,26.988544,27.932398,26.16959,87.5999,5.1262054,1.7442346,90.941475,82.74334,5.9571967,4.2060485
25.0,120.0,2007-07-01,2007-07-05,4,25,27.709753,29.049345,26.594336,86.469765,5.7536106,0.9497308,91.59127,80.55682,6.53447,5.0364623
22.0,122.0,2007-07-01,2007-07-05,4,25,29.207766,29.558443,28.818419,82.533615,5.9278774,0.3726196,84.624054,80.60486,6.57264,5.3200502
23.0,121.0,2007-07-01,2007-07-05,4,25,26.386683,28.300137,24.789986,86.05419,2.8899264,2.49012,92.54163,76.91648,4.009216,2.1004796
23.0,122.0,2007-07-01,2007-07-05,4,25,27.20845,28.384478,26.215313,85.43235,4.987303,1.6526173,89.27415,79.794334,5.6433983,4.3584924
23.0,120.0,2007-07-01,2007-07-05,4,25,28.097044,29.244009,27.190865,85.71074,4.631504,1.5900946,90.2735,79.973236,5.4979277,3.8932176
25.0,122.0,2007-07-01,2007-07-05,4,25,28.565153,28.790031,28.369942,87.1705,5.830653,0.5460596,89.05717,85.74499,6.6235347,5.2175465
22.0,121.0,2007-07-01,2007-07-05,4,25,28.38405,29.431738,27.503164,83.02124,3.8912477,1.2130928,87.436806,77.85856,4.6635394,3.0957518
24.0,120.0,2007-07-01,2007-07-05,4,25,28.06781,29.006582,27.259424,85.97669,5.7552986,1.2639952,89.96652,81.64603,6.4334087,5.1652284
22.0,120.0,2007-07-01,2007-07-05,4,25,28.32641,29.342676,27.466772,83.517136,4.271934,1.4960812,87.71339,78.57836,5.102302,3.4702508
24.0,121.0,2007-07-01,2007-07-05,4,25,26.363144,28.064722,24.866371,86.30522,4.003298,2.1642804,92.20683,78.624115,4.735791,3.3846784
22.0,121.0,2007-07-01,2007-07-06,5,25,28.425312,29.488354,27.45191,82.94749,3.80409,1.0935172,87.65745,77.74684,4.517548,3.039517
24.0,120.0,2007-07-01,2007-07-06,5,25,28.047344,28.993824,27.275763,86.46318,5.3627553,1.0320123,90.39393,81.79606,5.9836755,4.6772957
22.0,120.0,2007-07-01,2007-07-06,5,25,28.476906,29.484386,27.59319,82.91901,3.653679,1.0646279,87.351135,77.98217,4.5285954,2.7319632
24.0,122.0,2007-07-01,2007-07-06,5,25,26.95311,27.98604,26.078823,87.05486,5.570437,1.0283263,90.407616,81.75782,6.3423944,4.8215065
25.0,122.0,2007-07-01,2007-07-06,5,25,28.614033,28.860952,28.365454,86.839386,6.174824,0.47822547,88.80984,85.31743,6.889407,5.6309624
23.0,121.0,2007-07-01,2007-07-06,5,25,26.387495,28.384876,24.74998,85.628555,2.820208,1.6122181,92.34619,76.05928,3.8618002,2.009353
24.0,121.0,2007-07-01,2007-07-06,5,25,26.263687,28.04302,24.772505,86.491394,3.968655,1.4833195,92.426994,78.16845,4.628565,3.4204495
25.0,121.0,2007-07-01,2007-07-06,5,25,27.937046,28.810501,27.089428,86.21431,4.749199,0.9248742,90.79872,81.822556,5.301695,4.149159
25.0,120.0,2007-07-01,2007-07-06,5,25,27.739267,29.20363,26.577148,86.70235,5.710564,0.8185991,92.36847,79.898094,6.532968,4.9733706
23.0,120.0,2007-07-01,2007-07-06,5,25,28.17748,29.338146,27.26308,85.589874,4.1234565,1.1602123,90.31727,79.61651,4.9288335,3.346804
23.0,122.0,2007-07-01,2007-07-06,5,25,27.133327,28.398998,26.099365,84.864685,4.6764517,1.100231,88.849915,78.66797,5.3376603,4.1046443
22.0,122.0,2007-07-01,2007-07-06,5,25,29.172688,29.541948,28.727993,82.32237,5.5274725,0.57989675,84.87545,80.18723,6.1962066,4.8195734
24.0,122.0,2007-07-01,2007-07-07,6,25,26.897566,28.039062,26.03124,85.536865,5.017229,0.7473942,89.35471,79.46644,5.6839075,4.2447014
22.0,120.0,2007-07-01,2007-07-07,6,25,28.539175,29.699419,27.65543,82.37758,3.7014687,1.019363,87.05895,76.03867,4.5816984,2.8108609
25.0,120.0,2007-07-01,2007-07-07,6,25,27.788502,29.533733,26.550146,86.105545,4.9774423,0.35109,92.23857,77.4814,5.671978,4.390814
22.0,122.0,2007-07-01,2007-07-07,6,25,29.18208,29.575891,28.764488,81.86282,5.2741566,1.0944791,84.53889,79.37185,6.1151195,4.40755
22.0,121.0,2007-07-01,2007-07-07,6,25,28.46098,29.668821,27.534052,82.45066,3.727015,1.2334533,87.49826,75.77709,4.4313536,2.9852817
24.0,120.0,2007-07-01,2007-07-07,6,25,28.104725,29.203012,27.314844,85.54927,4.3787346,0.531692,89.519264,79.542854,5.0113173,3.6802323
25.0,121.0,2007-07-01,2007-07-07,6,25,27.957104,28.997597,27.07816,85.45958,4.329268,0.4699083,89.77403,80.2773,5.00936,3.5790663
24.0,121.0,2007-07-01,2007-07-07,6,25,26.245806,28.233414,24.752172,85.365234,3.2726004,0.8478352,91.62217,75.465866,3.7582726,2.7841277
25.0,122.0,2007-07-01,2007-07-07,6,25,28.596691,28.850332,28.318281,85.72036,5.8934355,0.37308663,87.57615,84.24664,6.626807,5.2153454
23.0,120.0,2007-07-01,2007-07-07,6,25,28.245302,29.5817,27.312763,84.60115,3.2894473,0.8572955,89.65987,76.91629,3.8403268,2.599825
23.0,121.0,2007-07-01,2007-07-07,6,25,26.379515,28.609241,24.740395,84.43168,2.313272,1.1750073,91.67742,72.94876,3.1287274,1.631717
23.0,122.0,2007-07-01,2007-07-07,6,25,27.09921,28.43893,26.121675,83.69565,4.0745296,1.0367867,88.168,76.53221,4.6319456,3.4426033
23.0,121.0,2007-07-01,2007-07-08,7,25,26.34312,28.34894,24.78123,85.07722,2.4659483,2.5222478,91.94846,75.49021,3.3565807,1.680494
23.0,122.0,2007-07-01,2007-07-08,7,25,27.090752,28.342754,26.079546,84.49481,4.20914,1.9682724,88.88135,78.45034,4.974152,3.424445
22.0,122.0,2007-07-01,2007-07-08,7,25,29.103579,29.53271,28.64792,82.85464,5.535995,2.5353463,85.066574,80.6844,6.3763943,4.7858653
25.0,122.0,2007-07-01,2007-07-08,7,25,28.62153,28.876108,28.355087,85.85921,5.5888643,0.5251725,88.31658,83.76962,6.553146,4.6890683
25.0,120.0,2007-07-01,2007-07-08,7,25,27.884146,29.691631,26.617691,85.757835,4.5706825,0.7398494,92.16089,76.66076,5.425821,3.6761565
23.0,120.0,2007-07-01,2007-07-08,7,25,28.170942,29.38485,27.260498,85.04405,3.389749,2.275308,89.732635,78.668045,4.359388,2.5118513
24.0,121.0,2007-07-01,2007-07-08,7,25,26.329065,28.19771,24.830341,85.48943,2.978634,1.5830405,92.12029,76.522835,3.703512,2.3081229
24.0,122.0,2007-07-01,2007-07-08,7,25,26.916782,27.953701,26.078032,86.0323,4.8719583,1.2553962,90.16918,80.30292,5.867644,3.9122093
22.0,120.0,2007-07-01,2007-07-08,7,25,28.4004,29.434149,27.515884,83.16262,3.8199885,3.1851373,87.36025,78.1801,4.7421827,3.0199182
24.0,120.0,2007-07-01,2007-07-08,7,25,28.15039,29.230661,27.300127,85.466576,4.036569,1.3345417,89.915535,79.63095,5.167436,3.1192892
25.0,121.0,2007-07-01,2007-07-08,7,25,28.045591,29.022476,27.154907,85.25296,3.8715513,0.8461031,90.12911,80.04688,4.7835894,3.1384704
22.0,121.0,2007-07-01,2007-07-08,7,25,28.354197,29.448357,27.403877,83.310394,3.9936156,3.093618,87.738235,78.102936,4.774776,3.2879798
24.0,120.0,2007-07-01,2007-07-09,8,25,27.949976,28.827969,27.226772,86.04544,4.9182777,2.7691498,89.48372,81.75933,5.8663235,4.0972137
24.0,122.0,2007-07-01,2007-07-09,8,25,26.950893,27.91128,26.17,86.79209,5.0125284,1.9940748,90.22535,82.34999,5.924676,4.081869
25.0,121.0,2007-07-01,2007-07-09,8,25,27.930883,28.856552,27.078651,85.96999,4.3779864,1.8322743,90.14615,81.53103,5.156494,3.6513135
22.0,121.0,2007-07-01,2007-07-09,8,25,28.220644,29.11484,27.417665,83.78917,3.8264487,4.4048634,87.33108,79.8719,4.6294756,3.0130892
24.0,121.0,2007-07-01,2007-07-09,8,25,26.285673,27.990295,24.883266,86.49921,3.4979568,2.8039877,92.13958,78.92841,4.2957516,2.7488623
22.0,120.0,2007-07-01,2007-07-09,8,25,28.175432,28.940437,27.465858,83.942795,3.6700187,5.372094,87.16396,80.48983,4.6147118,2.762058
25.0,122.0,2007-07-01,2007-07-09,8,25,28.584148,28.837368,28.337706,86.32683,5.736343,1.034092,88.36734,84.81594,6.612817,4.924288
25.0,120.0,2007-07-01,2007-07-09,8,25,27.738771,29.319496,26.60109,86.377594,5.2004023,1.682519,91.74436,78.74147,6.046333,4.395464
23.0,120.0,2007-07-01,2007-07-09,8,25,27.95425,28.86976,27.195972,85.69169,3.9441633,4.3675747,89.23457,81.341675,4.845831,3.020745
22.0,122.0,2007-07-01,2007-07-09,8,25,29.033642,29.420307,28.598557,82.968216,5.635032,2.5584402,85.02777,80.979706,6.4665723,4.899005
23.0,122.0,2007-07-01,2007-07-09,8,25,27.095348,28.26507,26.13335,85.20566,4.5353794,2.556323,89.21184,79.901436,5.2771864,3.854943
23.0,121.0,2007-07-01,2007-07-09,8,25,26.284597,28.038445,24.872305,86.13763,2.5362823,4.393052,91.83992,78.48386,3.3307853,1.7106636
23.0,122.0,2007-07-01,2007-07-10,9,25,27.080015,28.250158,26.135454,85.22976,4.122576,2.8785462,89.02675,79.97418,4.9778028,3.3179836
25.0,122.0,2007-07-01,2007-07-10,9,25,28.579082,28.84469,28.317564,85.836044,5.036512,1.1370988,87.83256,84.06087,5.9550667,4.227634
22.0,122.0,2007-07-01,2007-07-10,9,25,29.022097,29.443886,28.63746,83.06658,5.433809,2.355275,85.31561,80.9918,6.3302555,4.6312604
25.0,120.0,2007-07-01,2007-07-10,9,25,27.70645,29.222298,26.57087,86.255264,5.065337,1.905789,91.82384,78.96121,5.9718876,4.211261
22.0,121.0,2007-07-01,2007-07-10,9,25,28.14802,29.063547,27.39022,83.876915,3.6072352,3.9148088,87.413826,79.5724,4.513377,2.774195
24.0,120.0,2007-07-01,2007-07-10,9,25,27.866592,28.73127,27.176949,85.88251,4.71482,2.9426522,89.41601,81.43786,5.528509,3.955964
24.0,122.0,2007-07-01,2007-07-10,9,25,26.930918,27.909431,26.14647,86.59533,4.107537,2.5459237,89.805534,82.20159,4.9834743,3.158403
25.0,121.0,2007-07-01,2007-07-10,9,25,27.876503,28.752144,27.089775,85.64126,4.2400484,1.9846007,89.7592,81.32442,5.068907,3.3676727
23.0,120.0,2007-07-01,2007-07-10,9,25,27.864334,28.847326,27.132437,85.5721,3.6182752,3.9718575,89.19328,80.72759,4.544296,2.737647
23.0,121.0,2007-07-01,2007-07-10,9,25,26.208305,27.976835,24.874605,86.1432,2.1714258,4.4289346,91.4459,78.47582,3.1114368,1.4176625
24.0,121.0,2007-07-01,2007-07-10,9,25,26.215752,27.873072,24.853334,86.46425,3.1930227,3.409285,91.89023,79.1244,3.9931774,2.426656
22.0,120.0,2007-07-01,2007-07-10,9,25,28.142776,28.958147,27.494701,83.59079,3.422389,4.845156,86.595856,79.78665,4.4691286,2.362497
24.0,120.0,2007-07-01,2007-07-11,10,25,27.974539,28.8098,27.29628,86.17701,3.7618594,2.3447075,89.796326,81.91493,4.4963765,3.0583963
22.0,121.0,2007-07-01,2007-07-11,10,25,28.279125,29.278267,27.447515,83.63685,3.139488,3.4294648,87.49271,79.18296,4.0688686,2.16788
25.0,122.0,2007-07-01,2007-07-11,10,25,28.704668,28.985535,28.413946,85.192,4.3828177,1.11051,87.168144,83.394775,5.313198,3.4973068
23.0,122.0,2007-07-01,2007-07-11,10,25,27.04455,28.11814,26.101377,84.90694,3.2224054,2.9462948,88.20917,80.21185,4.0090003,2.4590113
22.0,120.0,2007-07-01,2007-07-11,10,25,28.319263,29.247095,27.569893,83.32756,3.1785347,3.2227747,86.922165,79.067986,4.179023,2.208927
25.0,121.0,2007-07-01,2007-07-11,10,25,27.984503,28.818008,27.22499,85.87818,3.5737896,1.63649,89.994896,81.641945,4.366062,2.7954786
24.0,121.0,2007-07-01,2007-07-11,10,25,26.215183,27.75449,24.898087,86.5292,2.4646027,3.0851789,91.46089,79.78239,3.154638,1.8020728
24.0,122.0,2007-07-01,2007-07-11,10,25,26.947805,27.820538,26.176939,85.772736,3.341191,2.5493183,88.490295,82.00049,4.063055,2.5714252
25.0,120.0,2007-07-01,2007-07-11,10,25,27.798735,29.296972,26.664316,86.38368,4.111138,1.570591,92.2509,79.03103,4.922258,3.2932398
22.0,122.0,2007-07-01,2007-07-11,10,25,29.020987,29.521406,28.444572,83.11554,4.560444,2.8022327,86.0439,80.4734,5.483385,3.5044014
23.0,120.0,2007-07-01,2007-07-11,10,25,28.070341,29.126816,27.297125,85.18575,2.89465,2.8313677,89.15158,80.10723,3.6486983,2.1818178
23.0,121.0,2007-07-01,2007-07-11,10,25,26.304848,28.072485,24.9067,85.53164,1.7107036,3.5700552,90.72391,77.942604,2.3517897,1.1893197
23.0,120.0,2007-07-01,2007-07-12,11,25,28.286222,29.530546,27.455425,84.26091,2.353825,1.7725009,88.84626,77.5557,3.150306,1.5131999
22.0,122.0,2007-07-01,2007-07-12,11,25,28.990013,29.515139,28.463835,83.02674,4.8282027,5.903007,86.15847,80.28794,5.8071575,3.70405
23.0,121.0,2007-07-01,2007-07-12,11,25,26.389565,28.374607,24.905602,84.016205,1.5698122,2.7168484,89.89128,74.715675,2.1459997,1.0735584
25.0,122.0,2007-07-01,2007-07-12,11,25,28.768763,29.16974,28.39338,84.74264,4.492268,1.2380714,87.26478,82.235664,5.5815597,3.3910618
22.0,120.0,2007-07-01,2007-07-12,11,25,28.485313,29.498472,27.681358,82.65079,3.4688752,3.61562,86.665924,77.47881,4.670026,2.4762778
25.0,121.0,2007-07-01,2007-07-12,11,25,28.140287,29.15421,27.263481,85.58554,3.3432148,1.2039965,90.235886,80.182785,4.153026,2.4258926
24.0,121.0,2007-07-01,2007-07-12,11,25,26.288977,28.06017,24.88374,85.423515,1.8931087,2.410509,91.09933,77.18505,2.54824,1.3048177
22.0,121.0,2007-07-01,2007-07-12,11,25,28.394146,29.463673,27.48815,82.96584,3.485233,4.67066,87.42459,77.55158,4.40407,2.6294587
23.0,122.0,2007-07-01,2007-07-12,11,25,26.983938,28.198576,26.020727,83.955635,2.9613593,3.9461248,87.83457,78.308426,3.7302334,2.1694999
24.0,122.0,2007-07-01,2007-07-12,11,25,26.929136,28.014666,26.04253,84.51989,3.0151868,2.4414177,88.19909,79.30712,3.825717,2.2486377
25.0,120.0,2007-07-01,2007-07-12,11,25,27.992165,29.680079,26.753746,85.73393,3.4199665,1.2545031,92.193634,77.09264,4.2847056,2.455589
24.0,120.0,2007-07-01,2007-07-12,11,25,28.178377,29.212183,27.413202,85.66608,2.979492,1.4747353,90.03333,80.09695,3.9738102,2.0225084
22.0,120.0,2007-07-01,2007-07-13,12,25,28.507872,29.72646,27.569962,82.62929,4.5386367,5.168523,87.14253,76.54184,5.6960707,3.527225
24.0,120.0,2007-07-01,2007-07-13,12,25,28.33055,29.452866,27.466969,85.31128,2.4302826,1.895751,89.6579,79.43648,3.578844,1.3702615
23.0,122.0,2007-07-01,2007-07-13,12,25,26.919329,28.09707,25.946426,83.81152,2.950359,4.6995535,87.67587,78.73194,3.703347,2.1900353
25.0,121.0,2007-07-01,2007-07-13,12,25,28.211926,29.302065,27.27151,85.39342,3.3568509,1.6364948,89.51838,80.31736,4.346471,2.261176
24.0,122.0,2007-07-01,2007-07-13,12,25,26.908056,27.994623,25.955854,83.82621,2.9135022,2.6935666,88.010574,79.0514,3.6805243,2.155099
24.0,121.0,2007-07-01,2007-07-13,12,25,26.306877,28.078865,24.84689,84.85605,1.6604329,2.8085701,90.45017,77.00498,2.426018,0.9893366
22.0,121.0,2007-07-01,2007-07-13,12,25,28.3658,29.555693,27.364267,83.160774,4.131406,5.7744117,87.99672,77.21875,4.8081255,3.4884167
23.0,121.0,2007-07-01,2007-07-13,12,25,26.374887,28.418839,24.828789,83.30114,1.665477,2.9177082,89.53339,74.04624,2.0722876,1.2965485
25.0,120.0,2007-07-01,2007-07-13,12,25,28.136318,29.858305,26.869497,85.30691,2.873664,1.6882411,91.5761,76.648445,3.8039386,1.9000593
22.0,122.0,2007-07-01,2007-07-13,12,25,28.91161,29.37752,28.342148,83.78306,5.3609924,7.556686,86.826546,81.07862,6.3085537,4.3795776
25.0,122.0,2007-07-01,2007-07-13,12,25,28.80187,29.272766,28.342773,84.43883,4.867377,1.5224257,87.20517,82.043915,5.9155583,3.7589254
23.0,120.0,2007-07-01,2007-07-13,12,25,28.406794,29.797876,27.480825,83.75278,2.1532574,1.9918337,88.57843,76.37745,2.8259215,1.3556952
25.0,122.0,2007-07-01,2007-07-14,13,25,28.801697,29.238247,28.348452,84.50163,5.3567157,5.541173,87.02547,82.18353,6.492089,4.205989
23.0,120.0,2007-07-01,2007-07-14,13,25,28.434324,29.738266,27.466944,83.3226,2.3057752,2.6690404,88.40361,76.290436,3.2124085,1.4153894
22.0,122.0,2007-07-01,2007-07-14,13,25,28.853716,29.311714,28.364883,84.363434,6.0808697,9.923193,87.333496,81.824684,7.1540318,5.017571
25.0,120.0,2007-07-01,2007-07-14,13,25,28.319263,30.192785,26.98747,84.296875,2.6486752,1.7170159,91.48852,74.66357,3.684192,1.6819302
23.0,121.0,2007-07-01,2007-07-14,13,25,26.337004,28.230444,24.860117,83.14397,1.9219368,5.175812,89.05091,74.422195,2.4260602,1.4918876
25.0,121.0,2007-07-01,2007-07-14,13,25,28.320206,29.482193,27.356817,84.934265,3.436864,3.6631503,89.94988,78.97829,4.3830104,2.45876
22.0,120.0,2007-07-01,2007-07-14,13,25,28.395523,29.394897,27.550531,83.161156,4.960259,5.778658,87.4696,77.86558,6.058202,3.996651
24.0,120.0,2007-07-01,2007-07-14,13,25,28.498299,29.729492,27.573236,84.417816,2.3085105,2.077333,89.509415,77.91289,3.6424134,1.0457349
23.0,122.0,2007-07-01,2007-07-14,13,25,26.910791,28.058256,25.97998,83.78237,3.433321,7.6260204,87.884476,78.66798,4.1680875,2.6436892
22.0,121.0,2007-07-01,2007-07-14,13,25,28.278257,29.318243,27.342983,83.63633,4.6258636,7.473871,88.16358,78.216156,5.4330196,3.8275309
24.0,121.0,2007-07-01,2007-07-14,13,25,26.409353,28.227232,24.977446,84.21676,1.5433829,4.5596614,90.08318,76.02955,2.356207,0.7801808
24.0,122.0,2007-07-01,2007-07-14,13,25,26.901646,27.9592,26.001553,83.74183,3.3107758,6.4438453,87.31472,79.192894,4.160728,2.319969
22.0,121.0,2007-07-01,2007-07-15,14,25,28.138107,29.073809,27.343878,84.355255,4.604141,9.772138,88.059906,79.77223,5.402961,3.750926
25.0,120.0,2007-07-01,2007-07-15,14,25,28.309032,29.9183,27.066284,84.52918,2.812161,6.258774,90.75881,76.26732,3.6598365,1.9017569
24.0,122.0,2007-07-01,2007-07-15,14,25,26.826052,27.732353,26.014893,84.69426,3.7454553,9.886732,88.0506,80.7202,4.6795616,2.818997
24.0,121.0,2007-07-01,2007-07-15,14,25,26.282843,27.796204,25.025322,85.18464,1.7664876,10.048304,90.057724,78.54242,2.4500663,1.0387443
23.0,122.0,2007-07-01,2007-07-15,14,25,26.787348,27.752398,25.92062,84.665565,3.591935,10.980243,88.34578,80.447914,4.3578944,2.7780225
25.0,121.0,2007-07-01,2007-07-15,14,25,28.256508,29.251625,27.42939,85.26176,3.66966,7.1674633,89.209366,80.2311,4.6268883,2.6101165
24.0,120.0,2007-07-01,2007-07-15,14,25,28.372568,29.389708,27.620312,85.03303,2.7306888,5.999708,89.068565,79.58059,3.6669335,1.726593
22.0,120.0,2007-07-01,2007-07-15,14,25,28.293772,29.186918,27.505005,83.76155,5.0875926,8.951034,87.536385,79.39866,6.102454,4.058711
25.0,122.0,2007-07-01,2007-07-15,14,25,28.788967,29.182808,28.371777,84.815956,5.780328,7.0067983,86.98713,82.882805,6.868639,4.581009
22.0,122.0,2007-07-01,2007-07-15,14,25,28.718616,29.218163,28.22436,84.8041,6.040102,10.345477,87.66462,82.11783,7.2924004,4.9418855
23.0,120.0,2007-07-01,2007-07-15,14,25,28.306675,29.468256,27.456017,84.12967,2.7815278,6.325083,88.41615,78.23433,3.5106003,1.9889511
23.0,121.0,2007-07-01,2007-07-15,14,25,26.20849,27.884678,24.839859,84.307816,2.0668,10.402222,89.615295,77.121956,2.6842365,1.5368009
24.0,122.0,2007-07-01,2007-07-16,15,25,26.784004,27.69226,26.025185,85.06214,3.9841955,10.373957,88.8929,80.89238,4.9314833,3.0437331
25.0,121.0,2007-07-01,2007-07-16,15,25,28.211636,29.292246,27.341246,85.21955,3.407649,9.144555,89.066025,80.39316,4.4460583,2.2908587
23.0,121.0,2007-07-01,2007-07-16,15,25,26.120197,27.745241,24.877398,84.95599,2.272549,12.208444,90.51647,77.61478,3.0487866,1.6771885
23.0,120.0,2007-07-01,2007-07-16,15,25,28.178808,29.254986,27.424166,84.4113,3.121992,8.93736,88.62748,78.96982,4.0805907,2.226676
25.0,120.0,2007-07-01,2007-07-16,15,25,28.172218,29.834454,27.015059,84.76137,2.9708734,6.66525,90.03952,76.84364,4.115351,1.7587113
22.0,122.0,2007-07-01,2007-07-16,15,25,28.710634,29.166615,28.23419,84.49985,5.7037272,9.452439,86.98504,82.197685,6.9298377,4.483267
25.0,122.0,2007-07-01,2007-07-16,15,25,28.750782,29.172895,28.323565,84.882225,5.3131065,8.5331545,87.26572,82.680885,6.5026894,4.089714
22.0,121.0,2007-07-01,2007-07-16,15,25,28.075386,28.974781,27.291298,84.44741,4.3689666,10.943089,88.37035,80.11163,5.3269024,3.323455
22.0,120.0,2007-07-01,2007-07-16,15,25,28.16143,29.006777,27.41354,84.22646,4.76758,11.396427,87.740555,80.21191,5.9816437,3.6212733
24.0,120.0,2007-07-01,2007-07-16,15,25,28.284483,29.345015,27.543951,84.91519,3.0178149,7.7575502,88.63955,79.909256,4.2115164,1.7561824
24.0,121.0,2007-07-01,2007-07-16,15,25,26.233894,27.833992,25.004526,85.447685,2.0297546,11.012403,90.47049,78.62551,2.9513047,1.2467947
23.0,122.0,2007-07-01,2007-07-16,15,25,26.75359,27.756084,25.941269,84.92557,3.7039711,10.73086,88.77526,80.44891,4.6000605,2.866079
24.0,122.0,2007-07-01,2007-07-17,16,25,26.790295,27.68349,26.006348,85.47035,4.177414,6.0167475,88.65982,81.774315,4.9773464,3.396589
22.0,120.0,2007-07-01,2007-07-17,16,25,27.999998,28.81142,27.265352,84.7431,4.7793736,14.019831,87.99118,81.06704,5.8365808,3.777876
23.0,122.0,2007-07-01,2007-07-17,16,25,26.730148,27.727798,25.885191,85.43622,3.6128817,8.531796,89.0782,81.18457,4.3555384,2.7062414
25.0,120.0,2007-07-01,2007-07-17,16,25,28.082525,29.637129,26.915415,85.30457,2.8701978,7.940652,90.91918,77.99957,3.981781,1.702762
23.0,120.0,2007-07-01,2007-07-17,16,25,28.00459,29.010626,27.179804,85.2099,3.6794732,10.378168,89.07286,80.36099,4.5967665,2.6865902
24.0,120.0,2007-07-01,2007-07-17,16,25,28.125648,29.068321,27.344946,85.59041,3.5012155,7.775857,89.28338,81.08296,4.6783423,2.346924
22.0,121.0,2007-07-01,2007-07-17,16,25,27.925512,28.73381,27.128183,84.93282,4.2367573,13.357522,88.42971,81.375496,5.134076,3.2813766
24.0,121.0,2007-07-01,2007-07-17,16,25,26.156418,27.63237,24.9419,86.41592,2.2119977,9.11678,91.15698,80.493004,3.0269926,1.4592235
25.0,121.0,2007-07-01,2007-07-17,16,25,28.13213,29.08489,27.262144,85.33977,3.277594,6.5663304,89.09488,81.05534,4.365386,2.3338716
23.0,121.0,2007-07-01,2007-07-17,16,25,26.028042,27.580708,24.779839,86.04244,2.4117074,11.720578,90.97004,79.76277,3.1497567,1.7539145
25.0,122.0,2007-07-01,2007-07-17,16,25,28.75445,29.172253,28.293257,84.455505,5.2284546,3.5002296,86.48178,82.476906,6.2186503,4.1657696
22.0,122.0,2007-07-01,2007-07-17,16,25,28.62959,29.136538,28.063738,84.42878,5.368244,10.145642,87.41547,81.906136,6.4569716,4.1769958
23.0,121.0,2007-07-01,2007-07-18,17,25,25.977663,27.5495,24.762436,86.3845,2.1451383,11.382141,91.03973,79.83465,2.913743,1.5110333
25.0,122.0,2007-07-01,2007-07-18,17,25,28.72377,29.11251,28.259834,84.35459,4.3309536,2.1139524,86.86283,82.23242,5.2894053,3.3749812
23.0,120.0,2007-07-01,2007-07-18,17,25,27.818113,28.813108,27.096085,85.7491,3.5467691,10.377388,89.25512,80.83869,4.4238253,2.683013
25.0,120.0,2007-07-01,2007-07-18,17,25,27.92423,29.369667,26.827593,85.65567,2.962709,5.5008693,90.80553,78.89983,3.8521416,2.057712
23.0,122.0,2007-07-01,2007-07-18,17,25,26.734735,27.701347,25.856987,85.46478,3.4192235,8.614731,88.96871,81.23656,4.275442,2.5049968
24.0,121.0,2007-07-01,2007-07-18,17,25,26.127161,27.554693,24.946373,86.513664,2.0562048,7.927666,91.09228,80.596176,2.705556,1.4326053
24.0,122.0,2007-07-01,2007-07-18,17,25,26.81565,27.701044,26.011011,85.384705,3.5249844,5.639382,88.47213,81.755104,4.367594,2.7093701
25.0,121.0,2007-07-01,2007-07-18,17,25,28.046978,28.93544,27.246841,85.4073,2.8244762,4.3792334,89.01842,81.30162,3.653714,1.9287364
22.0,121.0,2007-07-01,2007-07-18,17,25,27.872604,28.753586,27.110605,84.79115,3.9357662,12.876054,88.3228,80.57431,4.837886,3.138287
22.0,122.0,2007-07-01,2007-07-18,17,25,28.631725,29.196474,28.072256,83.97423,5.1599164,10.094644,86.776405,81.08608,6.3978963,3.8848584
22.0,120.0,2007-07-01,2007-07-18,17,25,27.923223,28.71959,27.26309,84.77549,4.626862,12.394637,87.8078,80.98684,5.66365,3.7315204
24.0,120.0,2007-07-01,2007-07-18,17,25,27.96105,28.82748,27.278393,85.88142,3.5404627,6.915322,89.15692,81.7467,4.5406933,2.583776
24.0,120.0,2007-07-01,2007-07-19,18,25,27.910118,28.846176,27.20443,85.58823,3.3273108,5.4234743,88.86124,81.11637,4.1689663,2.495134
22.0,120.0,2007-07-01,2007-07-19,18,25,27.82101,28.466867,27.263369,85.10827,4.1202154,12.581068,87.9468,81.90903,5.1730547,3.0424693
25.0,121.0,2007-07-01,2007-07-19,18,25,28.005398,28.91175,27.23625,85.0729,3.137597,4.1605434,88.49375,80.85717,3.9386854,2.1522143
22.0,121.0,2007-07-01,2007-07-19,18,25,27.777685,28.517784,27.15974,85.11942,3.6846595,13.775525,88.061165,81.80675,4.492503,2.8652773
24.0,121.0,2007-07-01,2007-07-19,18,25,26.084496,27.540821,24.9154,86.304695,2.0178912,6.704755,90.671555,80.53197,2.798268,1.3334134
24.0,122.0,2007-07-01,2007-07-19,18,25,26.719088,27.570385,26.001709,85.48487,3.354001,7.151609,88.282616,82.02125,4.298005,2.3835292
23.0,121.0,2007-07-01,2007-07-19,18,25,25.925825,27.345625,24.79625,86.486885,1.9453216,10.650449,90.79378,80.95985,2.6546197,1.3325113
23.0,122.0,2007-07-01,2007-07-19,18,25,26.69928,27.673874,25.910128,85.34134,3.340028,8.0128145,88.259186,81.42637,4.07104,2.5532467
25.0,122.0,2007-07-01,2007-07-19,18,25,28.628395,28.993965,28.246387,84.32242,4.238659,4.6145306,86.2652,82.27776,5.322172,3.0168803
25.0,120.0,2007-07-01,2007-07-19,18,25,27.87843,29.4254,26.757706,85.3246,3.291024,4.829756,90.7659,77.81937,4.2830334,2.2968087
22.0,122.0,2007-07-01,2007-07-19,18,25,28.553339,29.048468,28.104176,84.05871,4.9740777,11.122707,86.28268,81.52978,5.9808373,3.9715924
23.0,120.0,2007-07-01,2007-07-19,18,25,27.757883,28.664125,27.080341,85.75903,3.1659288,9.372678,89.03526,81.54258,4.008029,2.3590655
22.0,120.0,2007-07-01,2007-07-20,19,25,27.778679,28.586758,27.135279,85.50637,4.2519197,13.394343,88.203896,81.874245,5.2555737,3.3167474
24.0,122.0,2007-07-01,2007-07-20,19,25,26.734,27.517406,26.011803,85.43209,3.687268,6.345201,88.217766,82.26502,4.7062798,2.7937891
24.0,121.0,2007-07-01,2007-07-20,19,25,26.022123,27.399878,24.814926,86.67027,2.2303278,8.497224,91.01005,81.19849,3.077781,1.520105
24.0,120.0,2007-07-01,2007-07-20,19,25,27.868477,28.795322,27.086958,85.90938,3.4208393,8.092295,89.475975,81.61239,4.579679,2.3049524
23.0,122.0,2007-07-01,2007-07-20,19,25,26.689001,27.579578,25.903736,85.398476,3.6768517,8.018899,88.35066,81.84324,4.432332,2.8778276
22.0,121.0,2007-07-01,2007-07-20,19,25,27.726011,28.59815,26.98558,85.56947,4.2790985,15.02707,88.63232,81.674446,5.2106876,3.3666515
25.0,121.0,2007-07-01,2007-07-20,19,25,27.984716,28.860752,27.161371,85.33525,3.4041948,9.4311,89.2237,81.30529,4.445532,2.4157362
23.0,121.0,2007-07-01,2007-07-20,19,25,25.883245,27.362455,24.726068,86.75102,2.1411664,11.342189,90.84175,80.943214,2.8048334,1.473558
25.0,120.0,2007-07-01,2007-07-20,19,25,27.912598,29.428764,26.72731,85.32102,3.3142622,6.7495203,91.028984,77.987564,4.2864976,2.3690925
23.0,120.0,2007-07-01,2007-07-20,19,25,27.735855,28.745712,26.981699,85.97953,3.2464042,10.94256,89.41421,81.33098,4.2993693,2.3397667
25.0,122.0,2007-07-01,2007-07-20,19,25,28.684397,29.014803,28.312832,84.16968,4.6737013,7.299752,86.44467,82.24289,5.836016,3.5418124
22.0,122.0,2007-07-01,2007-07-20,19,25,28.534058,29.036583,28.014908,84.30414,5.708925,11.688373,87.0283,81.74856,6.889035,4.5694942
23.0,121.0,2007-07-01,2007-07-21,20,25,25.90418,27.395891,24.72999,86.62029,2.1516597,11.047776,91.14365,80.47695,2.9924726,1.4239339
24.0,120.0,2007-07-01,2007-07-21,20,25,27.794012,28.71083,27.047104,86.01957,3.8544018,8.039391,89.41442,81.94567,4.8244,2.7441497
24.0,121.0,2007-07-01,2007-07-21,20,25,26.00346,27.4176,24.862646,86.65497,2.4392555,7.910455,91.149345,80.94029,3.300762,1.6885983
25.0,122.0,2007-07-01,2007-07-21,20,25,28.684547,29.033352,28.300362,84.253265,4.8933907,5.83835,86.51407,82.17686,6.150057,3.6423464
25.0,121.0,2007-07-01,2007-07-21,20,25,27.936163,28.83047,27.128223,85.35432,3.7731898,6.982529,89.18121,81.333115,4.758013,2.7025895
22.0,121.0,2007-07-01,2007-07-21,20,25,27.735193,28.575266,26.978975,85.34322,4.4728327,14.026634,88.80468,81.51795,5.3538237,3.5914164
22.0,120.0,2007-07-01,2007-07-21,20,25,27.822502,28.570694,27.195723,84.994026,4.3178554,13.326635,87.81842,81.67978,5.4192266,3.3267124
25.0,120.0,2007-07-01,2007-07-21,20,25,27.840664,29.354277,26.737177,85.488045,3.699811,6.4193664,90.867256,78.60616,4.7163105,2.6214936
23.0,120.0,2007-07-01,2007-07-21,20,25,27.700922,28.697407,26.92899,85.969894,3.4812171,11.185638,89.54253,81.46816,4.494542,2.5088177
22.0,122.0,2007-07-01,2007-07-21,20,25,28.543833,29.044199,28.103907,84.238045,6.318987,11.521332,86.52008,81.58475,7.3564973,5.208439
24.0,122.0,2007-07-01,2007-07-21,20,25,26.764343,27.536045,26.072626,85.48463,3.6368608,6.7500234,88.471886,81.87862,4.6898756,2.5926347
23.0,122.0,2007-07-01,2007-07-21,20,25,26.710796,27.592539,26.000298,85.424255,3.9964247,8.552088,88.4771,81.61524,4.9560194,3.0775352
25.0,122.0,2007-07-01,2007-07-22,21,25,28.637983,28.985332,28.29628,84.1865,4.842766,4.6922946,86.20117,82.35351,5.8597717,3.8047216
24.0,121.0,2007-07-01,2007-07-22,21,25,25.97392,27.267746,24.874893,86.99567,2.7238097,8.912836,90.96687,82.149445,3.4084907,2.0230162
24.0,120.0,2007-07-01,2007-07-22,21,25,27.797579,28.67122,27.08249,85.88431,4.3635273,6.918017,89.12546,81.99508,5.3313575,3.3910465
23.0,121.0,2007-07-01,2007-07-22,21,25,25.846052,27.211414,24.716152,87.28488,2.1907432,11.792588,91.31767,82.16184,2.8427172,1.6110389
22.0,120.0,2007-07-01,2007-07-22,21,25,27.737383,28.454418,27.10016,85.434456,4.3994684,12.544009,88.39838,82.09495,5.270166,3.510743
22.0,121.0,2007-07-01,2007-07-22,21,25,27.752712,28.530178,27.060488,85.26749,4.5442314,12.383677,88.34549,81.773605,5.3225536,3.7079139
25.0,120.0,2007-07-01,2007-07-22,21,25,27.820364,29.318975,26.717148,85.442696,4.190324,6.887881,90.421844,78.82028,5.1632442,3.1566534
25.0,121.0,2007-07-01,2007-07-22,21,25,27.93458,28.79553,27.171753,84.84505,4.122276,5.934817,87.95472,81.3531,5.055664,3.1992664
23.0,122.0,2007-07-01,2007-07-22,21,25,26.655762,27.419409,25.95249,86.037186,4.124495,8.73366,88.43165,83.06676,4.895444,3.2983844
24.0,122.0,2007-07-01,2007-07-22,21,25,26.689642,27.400938,26.0444,86.27053,3.5792964,7.642733,88.99623,83.372894,4.4493313,2.6202948
22.0,122.0,2007-07-01,2007-07-22,21,25,28.564451,29.023182,28.116455,84.12441,6.409554,9.314676,86.36479,81.634056,7.481824,5.3902087
23.0,120.0,2007-07-01,2007-07-22,21,25,27.675898,28.586079,26.943731,86.15757,3.7612402,9.800937,89.44297,81.9524,4.723562,2.8533041
22.0,120.0,2007-07-01,2007-07-23,22,25,27.731495,28.413755,27.14688,84.95079,4.0517755,12.129679,87.711395,81.74127,5.0045433,3.1342742
25.0,120.0,2007-07-01,2007-07-23,22,25,27.677197,29.14392,26.5456,85.58764,3.8209786,7.0502944,90.85882,78.72624,4.685467,2.8873441
24.0,121.0,2007-07-01,2007-07-23,22,25,25.870668,27.146107,24.769224,87.22519,2.3774147,10.623863,91.12851,82.34382,3.223283,1.6181874
25.0,122.0,2007-07-01,2007-07-23,22,25,28.48297,28.85151,28.080029,84.42815,4.4553285,6.3621216,86.520325,82.44527,5.3542747,3.4799116
24.0,120.0,2007-07-01,2007-07-23,22,25,27.700018,28.569136,26.955116,85.93543,3.9765887,7.4465275,89.226776,81.99007,4.903914,3.1357007
23.0,122.0,2007-07-01,2007-07-23,22,25,26.582266,27.369324,25.886084,86.188675,3.594632,9.583368,88.7832,83.00198,4.3532577,2.8193958
23.0,121.0,2007-07-01,2007-07-23,22,25,25.770222,27.06949,24.664526,87.32173,1.9154087,11.92071,91.18417,82.40931,2.5687656,1.2719434
22.0,121.0,2007-07-01,2007-07-23,22,25,27.676363,28.45562,26.981796,85.18374,4.144258,11.140719,88.35731,81.509895,5.0320754,3.207091
24.0,122.0,2007-07-01,2007-07-23,22,25,26.570244,27.308107,25.911646,86.47608,3.1995413,9.490669,88.92455,83.62616,4.242954,2.2256107
22.0,122.0,2007-07-01,2007-07-23,22,25,28.49061,28.947002,28.059046,84.123985,5.6730895,8.788538,86.324814,81.53554,6.6235957,4.6797276
23.0,120.0,2007-07-01,2007-07-23,22,25,27.605835,28.47947,26.89499,86.03045,3.537119,8.748331,89.269455,82.060555,4.499898,2.5968995
25.0,121.0,2007-07-01,2007-07-23,22,25,27.795343,28.629143,27.025284,85.11484,3.7853866,7.475022,88.60877,81.54822,4.6432133,2.951692
23.0,121.0,2007-07-01,2007-07-24,23,25,25.670837,27.035637,24.581104,87.158646,1.7507522,14.2195215,91.08977,81.75016,2.4891543,1.0891049
24.0,120.0,2007-07-01,2007-07-24,23,25,27.581022,28.483486,26.851694,86.02731,3.4783,6.3323674,89.46963,81.912315,4.48008,2.441326
22.0,121.0,2007-07-01,2007-07-24,23,25,27.586061,28.369907,26.971739,85.23655,3.917224,14.821097,87.89504,81.87432,4.914475,2.9242709
23.0,122.0,2007-07-01,2007-07-24,23,25,26.46315,27.227467,25.763111,86.012825,3.483598,11.864747,88.76767,82.69284,4.4219556,2.4449885
24.0,122.0,2007-07-01,2007-07-24,23,25,26.528664,27.26295,25.857553,85.91717,3.0900476,8.643351,88.73005,82.67317,4.1280103,1.9982013
22.0,122.0,2007-07-01,2007-07-24,23,25,28.380339,28.784475,28.020779,84.18448,5.4824224,12.467507,85.99535,82.0873,6.531971,4.276576
25.0,121.0,2007-07-01,2007-07-24,23,25,27.713308,28.65312,26.860655,85.00554,3.4839492,5.068787,88.84253,80.95535,4.478403,2.4559631
23.0,120.0,2007-07-01,2007-07-24,23,25,27.490923,28.469599,26.7729,86.27515,3.0916953,11.655739,89.41404,82.036865,4.0545487,2.0820045
25.0,122.0,2007-07-01,2007-07-24,23,25,28.4627,28.897207,28.041616,84.08054,4.382569,4.838036,86.439606,81.76867,5.4927526,3.3265574
24.0,121.0,2007-07-01,2007-07-24,23,25,25.76717,27.07383,24.624706,86.91684,2.144101,8.89245,91.318016,81.48451,2.9552712,1.3684402
25.0,120.0,2007-07-01,2007-07-24,23,25,27.566591,29.027075,26.413462,85.724754,3.3105745,6.1369395,91.15603,79.02464,4.3396816,2.3588316
22.0,120.0,2007-07-01,2007-07-24,23,25,27.631575,28.33606,27.094566,85.24115,3.806687,14.586531,87.65527,82.33692,4.9341474,2.6898391
24.0,120.0,2007-07-01,2007-07-25,24,25,27.53845,28.321806,26.90399,85.60359,3.239225,6.6415496,88.50284,81.79861,4.206382,2.352986
23.0,121.0,2007-07-01,2007-07-25,24,25,25.61589,27.006037,24.509193,86.85956,1.6443496,13.107309,91.34746,81.20144,2.240225,1.0941055
25.0,121.0,2007-07-01,2007-07-25,24,25,27.675514,28.525185,26.919405,84.95347,3.6104987,4.63151,88.25631,81.103004,4.5974903,2.4892788
23.0,120.0,2007-07-01,2007-07-25,24,25,27.47148,28.381994,26.771992,85.71233,2.8452406,10.526438,89.03927,81.41907,3.7379186,1.9438612
24.0,122.0,2007-07-01,2007-07-25,24,25,26.444878,27.153048,25.794209,85.81626,2.861033,8.69622,88.597786,82.70971,3.741164,2.002737
25.0,120.0,2007-07-01,2007-07-25,24,25,27.514124,28.881468,26.48085,85.65725,3.2720513,6.3829894,90.34354,79.32269,4.2984667,2.2666807
25.0,122.0,2007-07-01,2007-07-25,24,25,28.418852,28.819843,28.024775,84.097824,4.5333595,4.1278944,86.17494,81.9945,5.597598,3.4121935
24.0,121.0,2007-07-01,2007-07-25,24,25,25.688992,26.945114,24.633492,86.735794,2.0394197,9.216242,90.76461,81.66589,2.831971,1.2791959
22.0,120.0,2007-07-01,2007-07-25,24,25,27.615076,28.363125,27.014742,85.01057,3.9690387,13.371365,88.10755,81.49031,5.0155845,2.777466
22.0,121.0,2007-07-01,2007-07-25,24,25,27.610197,28.42718,26.962221,85.08405,4.23547,13.237619,88.30714,81.207924,5.179847,3.4638083
22.0,122.0,2007-07-01,2007-07-25,24,25,28.44811,28.896215,28.04687,84.0981,5.811864,11.035317,86.20584,81.763115,6.9888015,4.715868
23.0,122.0,2007-07-01,2007-07-25,24,25,26.45131,27.275166,25.78525,85.785095,3.3114164,10.9099655,88.76293,82.23539,4.2407804,2.3813038
22.0,121.0,2007-07-01,2007-07-26,25,25,27.618446,28.45637,26.92144,85.72041,4.7777023,12.137416,88.922356,82.02329,5.6323586,3.9870467
22.0,120.0,2007-07-01,2007-07-26,25,25,27.649563,28.39903,27.02565,85.43824,4.392146,12.405208,88.31624,82.085686,5.2982216,3.4959247
23.0,122.0,2007-07-01,2007-07-26,25,25,26.593267,27.460434,25.916035,86.04563,3.9321983,11.395535,89.05772,82.47493,4.911227,3.02802
22.0,122.0,2007-07-01,2007-07-26,25,25,28.445656,28.856329,28.0358,84.939964,6.657122,11.089214,86.76824,82.86656,7.9604607,5.5332866
25.0,120.0,2007-07-01,2007-07-26,25,25,27.619469,29.055628,26.603315,85.70711,3.9273713,6.797605,90.08936,79.324974,5.041969,2.8331726
23.0,120.0,2007-07-01,2007-07-26,25,25,27.576189,28.614126,26.857939,85.85542,3.3178864,8.589748,89.305534,80.93416,4.2946553,2.4589956
25.0,122.0,2007-07-01,2007-07-26,25,25,28.446327,28.806309,28.069618,84.27582,5.0135064,6.681026,86.41798,82.37022,6.045694,3.7925043
24.0,120.0,2007-07-01,2007-07-26,25,25,27.685389,28.638416,26.995474,85.532265,3.7718322,6.8549767,88.53551,81.324066,4.645067,2.702557
23.0,121.0,2007-07-01,2007-07-26,25,25,25.768425,27.282177,24.685553,86.89579,2.0220878,12.439845,91.3055,80.845634,2.6114483,1.5076764
24.0,121.0,2007-07-01,2007-07-26,25,25,25.883867,27.309258,24.830307,86.550255,2.3861294,10.690198,90.38625,81.05834,3.2428393,1.567573
24.0,122.0,2007-07-01,2007-07-26,25,25,26.589476,27.387484,25.949785,85.88644,3.1851134,9.528775,88.80824,82.56183,4.1010046,2.1643136
25.0,121.0,2007-07-01,2007-07-26,25,25,27.752758,28.661089,26.996826,84.88294,4.2596083,7.827649,88.19235,81.03061,5.194658,3.1539183
25.0,122.0,2007-07-01,2007-07-27,26,25,28.448923,28.886631,28.004683,84.788445,5.171378,7.61257,87.17609,82.67403,6.1424994,4.067944
25.0,121.0,2007-07-01,2007-07-27,26,25,27.776234,28.717014,26.966362,85.489044,4.625369,8.951984,88.903114,81.72006,5.502394,3.6326287
22.0,120.0,2007-07-01,2007-07-27,26,25,27.593496,28.31698,27.000751,86.08483,4.6344967,13.182028,89.0536,82.57461,5.642755,3.5659466
22.0,122.0,2007-07-01,2007-07-27,26,25,28.424673,28.792608,27.986235,85.29928,6.6080174,11.502111,87.329025,83.199295,7.811466,5.305249
23.0,122.0,2007-07-01,2007-07-27,26,25,26.516891,27.35806,25.758291,86.329056,3.9228497,10.814243,89.33345,82.85176,4.9293704,3.027077
24.0,121.0,2007-07-01,2007-07-27,26,25,25.854342,27.199936,24.73833,86.7539,2.5625086,11.571765,90.82508,81.53867,3.497991,1.7421995
24.0,122.0,2007-07-01,2007-07-27,26,25,26.539204,27.337116,25.802353,86.003044,3.2008915,10.205952,89.027626,82.682625,4.202469,2.2230058
22.0,121.0,2007-07-01,2007-07-27,26,25,27.588951,28.382164,26.897114,86.050255,4.777959,13.094824,89.306755,82.31267,5.6750298,3.9149017
23.0,120.0,2007-07-01,2007-07-27,26,25,27.570766,28.468782,26.893692,86.20654,3.4321036,8.968998,89.66451,81.90501,4.272173,2.4709022
25.0,120.0,2007-07-01,2007-07-27,26,25,27.70699,29.080185,26.654366,85.889885,4.1976895,9.894367,90.64453,79.87028,5.251545,3.0023496
24.0,120.0,2007-07-01,2007-07-27,26,25,27.734426,28.578623,27.043652,85.84599,3.8886151,8.164097,88.9926,82.12874,4.8862934,2.9127767
23.0,121.0,2007-07-01,2007-07-27,26,25,25.684027,27.077925,24.571177,87.13748,2.073401,12.3904,91.623405,81.42953,2.5702314,1.5311928
22.0,121.0,2007-07-01,2007-07-28,27,25,27.445305,28.057484,26.860449,86.388275,4.7984757,15.362799,89.07579,83.4035,5.802497,3.778544
25.0,120.0,2007-07-01,2007-07-28,27,25,27.51887,28.863428,26.478891,86.284424,3.798188,10.931687,90.81066,80.3164,4.858538,2.7664587
23.0,122.0,2007-07-01,2007-07-28,27,25,26.362024,27.236588,25.621147,86.78003,3.6965096,11.255823,89.55339,83.33054,4.579126,2.6666443
25.0,122.0,2007-07-01,2007-07-28,27,25,28.318838,28.747437,27.889502,84.79174,4.755702,8.685821,86.918365,82.742645,5.712522,3.671228
23.0,121.0,2007-07-01,2007-07-28,27,25,25.524294,26.794302,24.540987,87.93216,2.0557013,14.272178,91.67514,82.92087,2.6395576,1.5085533
22.0,122.0,2007-07-01,2007-07-28,27,25,28.285656,28.683111,27.853506,85.31252,6.378956,12.330269,87.35682,83.19373,7.594545,5.0552416
23.0,120.0,2007-07-01,2007-07-28,27,25,27.445335,28.226168,26.792675,86.766266,3.661793,11.851601,89.72035,82.92522,4.65392,2.7258475
22.0,120.0,2007-07-01,2007-07-28,27,25,27.487114,28.082836,26.935938,86.39049,4.627184,14.6064205,88.856964,83.38034,5.5417943,3.6532183
24.0,120.0,2007-07-01,2007-07-28,27,25,27.619726,28.460058,26.931435,86.328926,3.9012728,10.445657,89.57952,82.34769,5.1241994,2.7400358
25.0,121.0,2007-07-01,2007-07-28,27,25,27.652752,28.529211,26.888887,85.63066,3.9980662,11.144547,89.051384,81.85024,4.99979,2.9743109
24.0,121.0,2007-07-01,2007-07-28,27,25,25.705482,27.03208,24.638212,87.48019,2.3726406,12.867912,91.51584,82.182465,3.3235586,1.5156887
24.0,122.0,2007-07-01,2007-07-28,27,25,26.383442,27.180979,25.731508,86.56669,3.0551608,10.374054,89.422874,83.31505,3.8342507,2.2521825
23.0,122.0,2007-07-01,2007-07-29,28,25,26.259052,27.12935,25.551138,86.475075,3.2551463,9.887737,89.284935,82.722,4.1042504,2.334043
25.0,122.0,2007-07-01,2007-07-29,28,25,28.375494,28.813696,27.974028,84.497795,4.2857165,3.0931149,86.754486,82.130264,5.3476524,3.1488976
24.0,120.0,2007-07-01,2007-07-29,28,25,27.521929,28.482637,26.798468,86.035614,3.4414966,7.636455,88.98819,82.09968,4.3863454,2.4570117
22.0,121.0,2007-07-01,2007-07-29,28,25,27.341782,28.046246,26.623419,86.61836,4.4979763,19.532513,89.58363,83.79169,5.4451447,3.6901157
22.0,120.0,2007-07-01,2007-07-29,28,25,27.42128,28.07376,26.78942,86.37686,4.5623393,18.805126,89.20352,83.56427,5.343477,3.7829514
22.0,122.0,2007-07-01,2007-07-29,28,25,28.091646,28.5355,27.677485,85.58671,5.791678,15.096326,87.697205,83.28047,6.7982683,4.6636477
24.0,122.0,2007-07-01,2007-07-29,28,25,26.402754,27.195948,25.744522,85.93714,2.7724943,7.0591793,88.60888,82.607796,3.6600876,1.9033897
25.0,120.0,2007-07-01,2007-07-29,28,25,27.42741,28.790455,26.462862,86.08958,3.2653387,7.7073708,90.33368,80.23294,4.114462,2.3799124
24.0,121.0,2007-07-01,2007-07-29,28,25,25.673662,27.096104,24.612217,87.02821,1.9259186,8.577695,90.9125,81.57293,2.6107073,1.2973785
23.0,120.0,2007-07-01,2007-07-29,28,25,27.366331,28.30236,26.627207,86.56863,3.3331099,13.367276,89.439514,82.71534,4.35512,2.296913
23.0,121.0,2007-07-01,2007-07-29,28,25,25.511438,26.911837,24.434198,87.57416,1.8975483,14.301038,91.3138,82.11479,2.4981608,1.3242257
25.0,121.0,2007-07-01,2007-07-29,28,25,27.657686,28.588167,26.902925,85.49836,3.4708543,4.585194,88.73151,81.75901,4.342459,2.6795342
24.0,120.0,2007-07-01,2007-07-30,29,25,27.50005,28.379673,26.823858,85.798676,3.5959744,7.028215,88.73772,82.008995,4.6418996,2.5520816
22.0,122.0,2007-07-01,2007-07-30,29,25,28.075922,28.41123,27.756586,85.52298,6.3342767,17.338577,87.5188,83.73142,7.5088067,5.0998363
22.0,121.0,2007-07-01,2007-07-30,29,25,27.25284,27.79747,26.688038,86.61953,4.728291,20.841005,89.2739,83.954124,5.502841,3.864913
25.0,122.0,2007-07-01,2007-07-30,29,25,28.37311,28.799978,27.98064,83.97277,4.5681143,4.2207494,86.2001,81.81115,5.6143355,3.5654047
23.0,120.0,2007-07-01,2007-07-30,29,25,27.265738,28.047325,26.592749,86.49415,3.3162632,12.660537,89.511826,82.79018,4.1765466,2.4635003
25.0,120.0,2007-07-01,2007-07-30,29,25,27.435863,28.834023,26.452036,85.9192,3.5661018,7.2637343,90.18635,79.79821,4.512397,2.658011
23.0,122.0,2007-07-01,2007-07-30,29,25,26.229229,26.962875,25.59713,86.25916,3.607258,10.399187,88.87513,83.1828,4.53096,2.6708746
22.0,120.0,2007-07-01,2007-07-30,29,25,27.331202,27.882828,26.808945,86.38739,4.5810432,19.191072,88.76588,83.57375,5.4332843,3.733273
25.0,121.0,2007-07-01,2007-07-30,29,25,27.674377,28.66578,26.898907,85.11645,3.8143194,5.044801,88.372765,80.99884,4.8386106,2.726257
24.0,122.0,2007-07-01,2007-07-30,29,25,26.359997,27.073563,25.754898,85.49023,2.8444538,7.410293,88.15476,82.21074,3.6770077,2.04002
23.0,121.0,2007-07-01,2007-07-30,29,25,25.408503,26.640371,24.372105,87.431335,1.9696475,13.883686,91.21626,82.396194,2.4263794,1.5457149
24.0,121.0,2007-07-01,2007-07-30,29,25,25.649487,26.979864,24.606817,86.714806,2.250981,8.255173,90.5643,81.56926,3.1261315,1.5353606
22.0,121.0,2007-07-01,2007-07-31,30,25,27.34717,27.940489,26.773628,86.64105,5.236507,20.753565,89.163864,84.15889,6.2179804,4.209856
25.0,121.0,2007-07-01,2007-07-31,30,25,27.627344,28.475977,26.935854,85.29952,4.051824,8.282859,88.71391,81.67256,5.221594,3.054363
24.0,121.0,2007-07-01,2007-07-31,30,25,25.649342,26.877241,24.685253,87.066536,2.484618,13.343437,90.945045,82.54886,3.414813,1.6186464
22.0,122.0,2007-07-01,2007-07-31,30,25,28.252657,28.653936,27.838005,85.22315,7.023037,13.854528,87.36042,83.23431,8.268506,5.7116103
25.0,120.0,2007-07-01,2007-07-31,30,25,27.41085,28.665255,26.530952,86.124504,3.9110096,12.221685,90.34815,80.59353,5.159973,2.7362235
25.0,122.0,2007-07-01,2007-07-31,30,25,28.344517,28.742456,27.951553,84.49889,4.537555,4.392401,86.708626,82.32791,5.7736225,3.329164
24.0,120.0,2007-07-01,2007-07-31,30,25,27.469044,28.232227,26.891499,86.13359,4.158635,12.790763,89.144905,82.620384,5.3209624,2.978348
23.0,121.0,2007-07-01,2007-07-31,30,25,25.442974,26.634634,24.487408,87.92973,2.1348531,18.700645,91.50607,83.3996,2.8185217,1.5451818
22.0,120.0,2007-07-01,2007-07-31,30,25,27.414263,27.978767,26.868608,86.22649,5.019362,20.080574,88.83165,83.628,5.9453015,4.0290685
23.0,120.0,2007-07-01,2007-07-31,30,25,27.269014,28.034058,26.70771,86.98329,3.8539944,18.159187,89.91337,83.563446,4.842397,2.7956088
23.0,122.0,2007-07-01,2007-07-31,30,25,26.346077,27.075378,25.717035,86.4316,4.1508102,11.826025,89.03306,83.72997,5.055246,3.1061213
24.0,122.0,2007-07-01,2007-07-31,30,25,26.378868,27.071665,25.771826,86.20481,2.9633985,9.402245,88.76075,83.38825,4.1996136,1.8738618
24.0,121.0,2007-07-01,2007-08-01,31,25,25.67605,26.952456,24.627188,87.66667,2.5157554,10.776588,91.669365,82.48442,3.3699617,1.7609749
25.0,121.0,2007-07-01,2007-08-01,31,25,27.611082,28.446693,26.891851,85.80037,3.6450644,7.244636,89.248535,81.91773,4.6920867,2.5781684
23.0,121.0,2007-07-01,2007-08-01,31,25,25.568214,26.787481,24.569874,87.835,1.861175,15.097491,91.46993,83.129395,2.6583025,1.1673737
22.0,122.0,2007-07-01,2007-08-01,31,25,28.382513,28.799028,27.96496,84.81973,6.202748,8.423378,86.89034,82.84709,7.4928784,4.997602
24.0,122.0,2007-07-01,2007-08-01,31,25,26.469873,27.227198,25.805351,86.41833,3.2692618,7.9729376,88.861305,83.36713,4.2047634,2.4651785
25.0,122.0,2007-07-01,2007-08-01,31,25,28.392357,28.756498,28.02941,84.63754,4.2596846,4.4834056,86.705925,82.71196,5.1310797,3.234578
23.0,120.0,2007-07-01,2007-08-01,31,25,27.371675,28.091825,26.772861,86.934906,3.707294,14.604328,89.777275,83.55651,4.702307,2.8054583
22.0,120.0,2007-07-01,2007-08-01,31,25,27.577068,28.173443,27.063755,85.816956,4.3233547,14.640493,88.54029,83.03554,5.42103,3.1663299
25.0,120.0,2007-07-01,2007-08-01,31,25,27.371483,28.603018,26.43938,86.89349,3.8365555,13.489906,91.15044,81.26815,4.858667,2.9200535
22.0,121.0,2007-07-01,2007-08-01,31,25,27.503792,28.14166,26.952774,86.0095,4.5054183,14.836111,88.65074,83.167206,5.540398,3.3647747
23.0,122.0,2007-07-01,2007-08-01,31,25,26.44443,27.228022,25.767735,86.55458,3.613237,8.70986,88.96114,83.45709,4.647032,2.7029526
24.0,120.0,2007-07-01,2007-08-01,31,25,27.473167,28.258224,26.846313,86.769295,4.2590137,10.279227,89.86541,82.912766,5.185566,3.3833072
24.0,120.0,2007-07-01,2007-08-02,32,25,27.671782,28.473696,27.032051,86.664154,3.6483505,7.591659,89.842255,82.696335,4.5061755,2.6699607
23.0,122.0,2007-07-01,2007-08-02,32,25,26.50206,27.383316,25.732676,86.03665,3.1780765,10.2502,88.94542,82.62733,4.0579643,2.331188
25.0,121.0,2007-07-01,2007-08-02,32,25,27.712828,28.542227,26.967964,85.86362,3.3727987,8.585083,89.28942,81.882935,4.3262935,2.289415
24.0,122.0,2007-07-01,2007-08-02,32,25,26.502861,27.36002,25.74088,86.26003,3.1366522,10.472825,89.169876,82.83105,4.0629005,2.3505807
23.0,121.0,2007-07-01,2007-08-02,32,25,25.75095,27.222654,24.608145,87.16392,1.8101001,14.15485,91.33325,81.39312,2.4589667,1.160235
24.0,121.0,2007-07-01,2007-08-02,32,25,25.80765,27.123062,24.692846,87.41468,2.11975,11.144286,91.66787,82.09801,2.863435,1.4554743
25.0,122.0,2007-07-01,2007-08-02,32,25,28.396313,28.809727,27.961876,84.78603,4.224795,7.939102,86.82327,82.405235,5.2513795,3.2406166
22.0,121.0,2007-07-01,2007-08-02,32,25,27.629768,28.446045,26.946714,85.68862,3.9262214,13.676256,88.63397,81.89297,4.8219137,2.9732668
22.0,120.0,2007-07-01,2007-08-02,32,25,27.697657,28.404243,27.0327,85.43998,3.8484185,13.025317,88.54028,82.2965,4.8200207,2.8969312
23.0,120.0,2007-07-01,2007-08-02,32,25,27.621914,28.567783,26.941807,86.41196,3.2234805,10.587572,89.77023,82.02692,4.179311,2.2452378
25.0,120.0,2007-07-01,2007-08-02,32,25,27.536665,28.874083,26.492823,86.59658,3.3137999,8.200255,91.531044,80.36958,4.3464484,2.2447894
22.0,122.0,2007-07-01,2007-08-02,32,25,28.383116,28.789072,27.97633,84.63248,5.2486434,9.760468,86.62087,82.59315,6.428418,4.1646166
24.0,122.0,2007-07-01,2007-08-03,33,25,26.452845,27.258972,25.75542,86.08098,2.9090142,8.774583,88.75425,82.77905,3.7544258,2.029653
22.0,122.0,2007-07-01,2007-08-03,33,25,28.333574,28.772987,27.818203,84.79547,5.7046027,9.01987,87.14873,82.634544,6.8557887,4.3331227
22.0,121.0,2007-07-01,2007-08-03,33,25,27.547335,28.420654,26.830006,85.97626,4.3133492,14.994447,89.02793,82.45355,5.3295593,3.25475
23.0,121.0,2007-07-01,2007-08-03,33,25,25.65671,27.091398,24.596533,87.3321,1.8338251,15.581759,91.13833,81.59317,2.4749978,1.2265104
23.0,122.0,2007-07-01,2007-08-03,33,25,26.440712,27.301373,25.679434,86.07024,3.333287,9.623429,88.835106,82.36039,4.2126265,2.456991
24.0,121.0,2007-07-01,2007-08-03,33,25,25.810007,27.123354,24.72527,87.158966,2.1078124,10.805071,91.29786,81.460304,3.045064,1.223634
25.0,121.0,2007-07-01,2007-08-03,33,25,27.77231,28.626963,26.985968,85.75592,3.4154198,7.38405,89.29617,81.88195,4.3398204,2.3890634
25.0,122.0,2007-07-01,2007-08-03,33,25,28.403835,28.810875,27.969633,84.75322,4.0967116,5.402619,86.88608,82.72514,5.2314477,2.833254
24.0,120.0,2007-07-01,2007-08-03,33,25,27.691608,28.548697,26.950048,86.324265,3.6196892,9.795092,90.017426,82.08917,4.7638836,2.402816
25.0,120.0,2007-07-01,2007-08-03,33,25,27.61683,29.026318,26.544806,86.29458,3.1685743,7.283648,91.34207,79.55359,4.2780595,2.0467434
22.0,120.0,2007-07-01,2007-08-03,33,25,27.598328,28.418463,26.918774,85.62864,4.1996207,14.921814,88.62919,82.07791,5.131298,3.1748896
23.0,120.0,2007-07-01,2007-08-03,33,25,27.544989,28.52805,26.803696,86.48871,3.2893088,14.57857,89.913216,82.15953,4.2844586,2.2670858
22.0,122.0,2007-07-01,2007-08-04,34,25,28.435722,28.863255,27.997768,84.20256,5.38495,7.89449,86.52368,82.171585,6.685445,4.1093802
24.0,120.0,2007-07-01,2007-08-04,34,25,27.59002,28.449306,26.913847,86.405556,3.4021878,6.209464,89.888664,82.18934,4.531915,2.4110434
25.0,121.0,2007-07-01,2007-08-04,34,25,27.6774,28.522388,26.96151,85.89809,3.2663789,4.376807,89.39126,82.011086,4.295647,2.2864106
24.0,121.0,2007-07-01,2007-08-04,34,25,25.70246,27.036484,24.60857,87.0854,1.7966206,7.605032,91.32404,81.720215,2.4425135,1.2088597
24.0,122.0,2007-07-01,2007-08-04,34,25,26.414448,27.202843,25.704145,85.85012,2.8557727,6.6153474,88.58907,82.728,3.7632644,1.9605736
22.0,121.0,2007-07-01,2007-08-04,34,25,27.59966,28.377851,26.918222,85.58265,4.0062737,10.25174,88.7083,82.027596,5.0879865,2.9027665
25.0,122.0,2007-07-01,2007-08-04,34,25,28.377514,28.77037,27.93827,84.7389,4.263416,3.4061196,86.95717,82.72827,5.3089533,3.1090603
25.0,120.0,2007-07-01,2007-08-04,34,25,27.531837,29.018488,26.476713,86.091095,2.597182,6.0100307,91.178375,79.21473,3.6418242,1.6650277
23.0,121.0,2007-07-01,2007-08-04,34,25,25.620098,27.029324,24.507696,87.16246,1.7077172,10.283557,91.193405,81.434204,2.3358831,1.1230242
23.0,120.0,2007-07-01,2007-08-04,34,25,27.514013,28.435707,26.822441,86.469406,3.2994711,8.895239,89.73891,81.97692,4.386176,2.167454
23.0,122.0,2007-07-01,2007-08-04,34,25,26.453516,27.3258,25.702925,85.6946,3.126415,7.938435,88.453224,82.281906,3.9986367,2.3256538
22.0,120.0,2007-07-01,2007-08-04,34,25,27.56844,28.208462,26.952412,85.709076,4.247116,11.5020485,88.55164,82.57348,5.2653465,3.203054
22.0,120.0,2007-07-01,2007-08-05,35,25,27.609753,28.42048,26.934658,85.75847,4.066763,9.703639,88.89285,82.020294,5.2482867,2.982154
23.0,122.0,2007-07-01,2007-08-05,35,25,26.548296,27.425865,25.830357,85.574875,2.981227,6.7243605,88.86211,81.8347,3.8659856,2.1868844
22.0,122.0,2007-07-01,2007-08-05,35,25,28.438095,28.94134,27.971758,84.36656,5.198342,7.436338,86.69636,81.70206,6.157049,4.1379523
24.0,122.0,2007-07-01,2007-08-05,35,25,26.552834,27.326187,25.917149,85.33684,2.7034009,5.7835035,88.20922,81.9442,3.539173,1.7855133
23.0,120.0,2007-07-01,2007-08-05,35,25,27.555035,28.579994,26.844248,86.17498,3.2808585,7.0411305,89.62343,81.52353,4.242934,2.3440037
23.0,121.0,2007-07-01,2007-08-05,35,25,25.751305,27.252905,24.662657,86.859886,1.6810018,8.835644,91.39757,80.79196,2.3249726,1.0696619
24.0,120.0,2007-07-01,2007-08-05,35,25,27.618637,28.509394,26.989674,86.060814,3.2132525,7.8248243,89.452805,81.765755,4.2141347,2.1894653
25.0,121.0,2007-07-01,2007-08-05,35,25,27.74776,28.642183,27.047085,85.437546,2.9673758,7.2958775,88.95668,81.16274,3.8340325,2.014063
25.0,122.0,2007-07-01,2007-08-05,35,25,28.467632,28.883947,28.045176,84.12654,3.8602653,3.4950652,86.41332,81.72656,4.8264933,2.781082
25.0,120.0,2007-07-01,2007-08-05,35,25,27.564966,29.06128,26.606201,85.70811,2.7495692,9.38,90.655716,78.41418,3.638709,1.7963192
24.0,121.0,2007-07-01,2007-08-05,35,25,25.82096,27.185234,24.83394,86.73728,1.7882402,9.618495,91.26,81.031105,2.4048748,1.1894966
22.0,121.0,2007-07-01,2007-08-05,35,25,27.638779,28.567617,26.906866,85.57414,3.9917169,9.558298,88.92298,81.27433,4.996935,3.1073053
24.0,122.0,2007-07-01,2007-08-06,36,25,26.586296,27.415136,25.937431,85.62344,2.3925664,5.5540676,88.45712,82.222404,3.2197654,1.4878764
24.0,120.0,2007-07-01,2007-08-06,36,25,27.717854,28.680323,26.991405,86.00716,2.831444,4.7886844,89.59873,81.3284,3.9452033,1.7769362
22.0,122.0,2007-07-01,2007-08-06,36,25,28.39088,28.84333,27.947899,84.6842,5.1529665,7.542821,86.917366,82.4019,6.3969088,4.039372
23.0,122.0,2007-07-01,2007-08-06,36,25,26.590754,27.515474,25.902168,85.75388,2.795234,6.179221,88.66531,81.98076,3.8264472,1.8705045
24.0,121.0,2007-07-01,2007-08-06,36,25,25.91402,27.375114,24.824194,86.970856,1.723901,6.487139,91.23661,80.96614,2.491886,0.9840391
25.0,122.0,2007-07-01,2007-08-06,36,25,28.493671,28.88728,28.10772,84.134384,3.9941022,4.866353,86.70875,81.89987,5.0787945,2.8550653
25.0,121.0,2007-07-01,2007-08-06,36,25,27.83308,28.785835,27.06523,85.400246,3.2289307,5.783098,89.33663,80.86813,4.196808,2.1686258
25.0,120.0,2007-07-01,2007-08-06,36,25,27.662243,29.17445,26.609268,85.97634,2.9628577,5.1675596,91.0691,78.85129,4.013919,1.8678164
23.0,121.0,2007-07-01,2007-08-06,36,25,25.811268,27.317854,24.736444,86.871315,1.435622,8.40067,91.10454,80.64923,2.079613,0.9443857
22.0,121.0,2007-07-01,2007-08-06,36,25,27.608955,28.478569,26.891146,85.727875,3.8166595,9.772588,89.175186,81.74138,4.7230096,2.9436083
22.0,120.0,2007-07-01,2007-08-06,36,25,27.64189,28.39275,26.994009,85.42,3.593883,9.847584,88.58671,81.98315,4.652181,2.6049786
23.0,120.0,2007-07-01,2007-08-06,36,25,27.62141,28.626568,26.912119,85.899315,2.4966965,6.699773,89.388596,81.034225,3.4647949,1.5801566
23.0,122.0,2007-07-01,2007-08-07,37,25,26.537836,27.491762,25.745396,85.73114,2.8633964,8.641258,89.20514,81.545555,3.7236207,1.9937737
23.0,121.0,2007-07-01,2007-08-07,37,25,25.780544,27.291819,24.662807,86.60233,1.4301796,9.700526,91.30399,80.057434,1.9512907,0.96951735
24.0,120.0,2007-07-01,2007-08-07,37,25,27.72268,28.758286,26.94149,86.30221,2.732679,9.009075,90.081345,81.38035,3.74142,1.7365991
23.0,120.0,2007-07-01,2007-08-07,37,25,27.654583,28.697914,26.903559,85.960686,2.3975475,8.866254,89.81955,80.658005,3.28714,1.5658716
24.0,121.0,2007-07-01,2007-08-07,37,25,25.855236,27.357151,24.709532,86.9354,1.6382376,9.849452,91.505486,80.805885,2.4183614,0.9003664
25.0,121.0,2007-07-01,2007-08-07,37,25,27.795464,28.765253,26.977211,86.06285,3.3852203,7.024061,89.85512,81.82988,4.1645927,2.5382981
25.0,122.0,2007-07-01,2007-08-07,37,25,28.526909,28.984203,28.080084,84.38202,3.787399,4.5799828,86.786476,82.13442,5.0223436,2.5783083
25.0,120.0,2007-07-01,2007-08-07,37,25,27.6461,29.211777,26.548643,86.55102,2.9031615,8.642179,91.71347,79.34853,3.8913562,1.9398336
22.0,120.0,2007-07-01,2007-08-07,37,25,27.697939,28.496958,27.06667,85.193085,3.7402253,9.919567,88.259056,81.20962,4.600371,2.7804239
22.0,122.0,2007-07-01,2007-08-07,37,25,28.386309,28.849726,27.882227,84.92613,5.4438896,9.975258,87.593605,82.43666,6.4465446,4.330429
24.0,122.0,2007-07-01,2007-08-07,37,25,26.598572,27.501482,25.8788,85.16671,2.1338956,7.368446,88.49626,81.55712,2.9621165,1.1907244
22.0,121.0,2007-07-01,2007-08-07,37,25,27.627031,28.483477,26.89479,85.72367,4.066655,11.03689,89.203964,81.44446,4.891691,3.2746332
25.0,121.0,2007-07-01,2007-08-08,38,25,27.808151,28.875542,26.920494,85.93228,3.7642677,5.6019053,89.60138,81.588554,4.7064877,2.639216
24.0,121.0,2007-07-01,2007-08-08,38,25,25.81088,27.200176,24.684649,87.27823,2.0287025,9.324367,91.69832,81.675255,2.9313967,1.2498244
25.0,120.0,2007-07-01,2007-08-08,38,25,27.68705,29.31135,26.530415,86.41788,3.2901309,7.8473134,91.451485,79.39762,4.296484,2.188746
23.0,122.0,2007-07-01,2007-08-08,38,25,26.42856,27.186468,25.734735,86.41995,3.3204114,9.890997,89.33633,83.0421,4.3121614,2.3274581
23.0,121.0,2007-07-01,2007-08-08,38,25,25.652725,26.95379,24.633886,87.43875,1.62892,14.596963,91.62636,81.933136,2.1611137,1.1181915
22.0,120.0,2007-07-01,2007-08-08,38,25,27.649338,28.366253,27.0104,85.75259,3.8937964,15.397435,88.78477,82.39595,4.8014455,3.0069337
22.0,121.0,2007-07-01,2007-08-08,38,25,27.565569,28.326738,26.899298,86.14534,4.4661345,17.39047,89.41877,82.57826,5.4016004,3.543882
25.0,122.0,2007-07-01,2007-08-08,38,25,28.410078,28.86335,27.950367,84.83337,4.199536,4.726203,87.22561,82.668304,5.2828503,2.9537776
23.0,120.0,2007-07-01,2007-08-08,38,25,27.619692,28.579662,26.903301,86.45218,2.7425864,12.172494,89.89717,81.861664,3.724133,1.8798187
24.0,122.0,2007-07-01,2007-08-08,38,25,26.424105,27.163078,25.757725,86.106125,2.4584184,8.429588,88.996445,82.89109,3.3169134,1.5475804
22.0,122.0,2007-07-01,2007-08-08,38,25,28.343515,28.79809,27.87961,85.209785,6.0749273,12.670463,87.83847,82.626526,7.323164,4.8142567
24.0,120.0,2007-07-01,2007-08-08,38,25,27.77071,28.819126,26.958559,86.30267,3.2030616,6.9079814,90.09385,81.67372,4.2940464,2.2554379
24.0,122.0,2007-07-01,2007-08-09,39,25,26.41739,27.19909,25.72921,85.965645,2.5358503,10.790028,88.88965,82.76056,3.4469965,1.5107813
23.0,120.0,2007-07-01,2007-08-09,39,25,27.586023,28.564796,26.908009,86.529335,2.9024222,13.575898,90.048454,81.84235,3.7489595,2.016508
22.0,122.0,2007-07-01,2007-08-09,39,25,28.333498,28.778606,27.930092,85.45365,6.57913,12.915957,87.72112,83.080185,7.675343,5.438986
23.0,122.0,2007-07-01,2007-08-09,39,25,26.431982,27.216934,25.780727,86.39498,3.6907794,12.175983,89.273056,82.8312,4.5311236,2.7688062
25.0,122.0,2007-07-01,2007-08-09,39,25,28.372517,28.770147,27.960356,84.57797,4.3893476,5.1091003,86.80312,82.56058,5.4326506,3.250934
24.0,120.0,2007-07-01,2007-08-09,39,25,27.722553,28.590069,27.029425,86.56896,3.3982184,10.093157,90.001785,82.59506,4.576561,2.1332488
25.0,121.0,2007-07-01,2007-08-09,39,25,27.728941,28.571709,27.01647,85.940155,4.012009,8.054734,89.25838,82.28104,4.881124,2.941156
23.0,121.0,2007-07-01,2007-08-09,39,25,25.618502,27.066025,24.566713,87.38933,1.7194419,17.282946,91.400505,81.436714,2.2893112,1.2554667
22.0,121.0,2007-07-01,2007-08-09,39,25,27.517641,28.28645,26.867886,86.36509,4.6058292,18.045801,89.4459,82.57833,5.5383344,3.637399
24.0,121.0,2007-07-01,2007-08-09,39,25,25.762224,27.090355,24.735245,87.41018,2.3034458,13.791047,91.41493,82.12501,3.181813,1.354635
25.0,120.0,2007-07-01,2007-08-09,39,25,27.566093,28.87017,26.653946,86.74375,3.62958,9.8658,91.09444,80.87407,4.6410956,2.5543642
22.0,120.0,2007-07-01,2007-08-09,39,25,27.607433,28.403313,26.958061,85.88526,4.181876,17.42043,89.238556,82.07248,5.180971,3.219053
24.0,122.0,2007-07-01,2007-08-10,40,25,26.375713,27.153793,25.747822,86.05894,2.9598858,11.329242,88.6962,82.74279,3.8977327,2.05073
25.0,120.0,2007-07-01,2007-08-10,40,25,27.637339,29.057346,26.672636,86.53951,4.065404,8.825733,90.808395,80.30499,5.2140093,2.8891802
23.0,121.0,2007-07-01,2007-08-10,40,25,25.552528,26.95834,24.511324,87.36995,2.0126367,15.644274,91.16581,81.850555,2.6401768,1.4733676
22.0,121.0,2007-07-01,2007-08-10,40,25,27.466782,28.252085,26.870464,86.55125,5.02647,17.260334,89.47585,82.86195,6.095047,4.1423454
25.0,122.0,2007-07-01,2007-08-10,40,25,28.36499,28.79846,27.966646,84.824356,4.8791866,6.4212556,87.08984,82.704666,5.9295897,3.7320886
25.0,121.0,2007-07-01,2007-08-10,40,25,27.769007,28.678587,27.026749,85.73256,4.4605823,8.004505,89.07436,82.125916,5.3458595,3.4284887
22.0,122.0,2007-07-01,2007-08-10,40,25,28.27145,28.641052,27.88708,85.614235,6.8192897,14.287161,87.84126,83.63072,8.1526,5.5957823
22.0,120.0,2007-07-01,2007-08-10,40,25,27.520142,28.259302,26.976372,86.2077,4.6892858,16.65334,88.73891,82.804245,5.739879,3.6962469
24.0,121.0,2007-07-01,2007-08-10,40,25,25.768398,27.141027,24.73062,87.040985,2.4665189,12.938739,90.95434,81.80232,3.3589735,1.5944285
23.0,122.0,2007-07-01,2007-08-10,40,25,26.354946,27.19297,25.719961,86.365036,3.9003775,12.684375,88.99232,82.82234,4.9116726,3.0010242
24.0,120.0,2007-07-01,2007-08-10,40,25,27.7239,28.65686,27.060932,86.30476,3.6778696,9.472248,89.37559,82.120384,4.9489694,2.457415
23.0,120.0,2007-07-01,2007-08-10,40,25,27.515226,28.477417,26.856323,86.61966,3.1478913,12.1724415,89.7919,81.99672,4.1892314,2.09473
24.0,121.0,2007-07-01,2007-08-11,41,25,25.734957,27.074236,24.726954,86.864395,2.9319482,13.354881,90.44891,82.230156,3.7940805,1.9600981
25.0,122.0,2007-07-01,2007-08-11,41,25,28.39535,28.781574,28.015293,84.69399,4.967161,6.6462007,86.6717,82.80358,6.2720046,3.4956782
25.0,121.0,2007-07-01,2007-08-11,41,25,27.706532,28.570066,26.946117,85.327,4.618722,7.6818166,88.469406,81.958916,5.6234784,3.5162454
22.0,122.0,2007-07-01,2007-08-11,41,25,28.368464,28.769773,28.013262,85.47298,7.3925524,11.364983,87.42705,83.388664,8.514109,6.2313733
23.0,121.0,2007-07-01,2007-08-11,41,25,25.512007,26.839289,24.515175,87.96858,2.2171478,19.562767,91.58722,83.12409,2.8295443,1.6707778
22.0,121.0,2007-07-01,2007-08-11,41,25,27.444021,28.091848,26.913345,86.98577,5.360536,18.358084,89.177605,84.23586,6.198077,4.549667
25.0,120.0,2007-07-01,2007-08-11,41,25,27.450092,28.710215,26.48646,86.53272,4.3986187,11.257712,90.29593,81.530075,5.4601784,3.0655944
22.0,120.0,2007-07-01,2007-08-11,41,25,27.475754,28.090801,26.934599,86.70368,4.797411,21.351707,89.05627,84.09347,5.818806,3.8149555
24.0,120.0,2007-07-01,2007-08-11,41,25,27.638887,28.551373,26.931528,86.1874,4.3833485,9.797445,89.15726,82.21386,5.6796117,2.873387
23.0,122.0,2007-07-01,2007-08-11,41,25,26.433632,27.27936,25.740025,86.39219,4.306491,12.612845,89.16571,83.08399,5.3089995,3.3676875
23.0,120.0,2007-07-01,2007-08-11,41,25,27.42295,28.319668,26.782066,87.252655,3.6692317,16.01037,89.999115,83.04919,4.7569737,2.5994396
24.0,122.0,2007-07-01,2007-08-11,41,25,26.435463,27.243286,25.81252,86.18315,3.258507,12.28997,88.68765,83.18414,4.382641,2.049082
22.0,120.0,2007-07-01,2007-08-12,42,25,27.469238,28.186464,26.87941,86.73746,5.199965,19.443745,89.47513,83.33995,6.2758083,4.0689836
23.0,121.0,2007-07-01,2007-08-12,42,25,25.522388,26.869776,24.509605,88.12832,2.2401874,19.634785,91.76108,82.67164,3.0193198,1.611551
24.0,120.0,2007-07-01,2007-08-12,42,25,27.457836,28.327818,26.720287,86.78391,4.5956273,12.871935,89.90088,82.88268,5.7408204,3.3248367
24.0,122.0,2007-07-01,2007-08-12,42,25,26.36508,27.177256,25.6685,86.595665,3.229525,11.50963,89.48044,83.0181,4.21519,2.2769587
23.0,122.0,2007-07-01,2007-08-12,42,25,26.450083,27.31106,25.771807,86.59854,4.169497,11.8730955,89.45126,82.88786,5.2403436,3.0465548
23.0,120.0,2007-07-01,2007-08-12,42,25,27.323147,28.205235,26.588007,87.42568,4.2543855,17.710802,90.35023,83.33148,5.490973,3.0249856
25.0,121.0,2007-07-01,2007-08-12,42,25,27.529255,28.37928,26.768476,85.95881,4.4553237,12.675094,89.060196,82.32362,5.4943957,3.5012739
25.0,122.0,2007-07-01,2007-08-12,42,25,28.219427,28.629072,27.781391,85.15486,4.9428816,9.426654,87.26333,83.12051,5.9182887,3.9334986
22.0,122.0,2007-07-01,2007-08-12,42,25,28.346323,28.746044,27.971464,85.47035,7.328566,12.261432,87.601814,83.31381,8.739939,5.944066
25.0,120.0,2007-07-01,2007-08-12,42,25,27.329973,28.59159,26.3356,86.39996,4.2362547,15.00557,90.7658,80.83907,5.443163,3.0598874
22.0,121.0,2007-07-01,2007-08-12,42,25,27.415823,28.18129,26.760508,86.91881,5.455923,20.053032,89.56127,83.37985,6.687546,4.2533846
24.0,121.0,2007-07-01,2007-08-12,42,25,25.663528,26.991016,24.628033,87.470085,2.7041607,14.802783,91.33364,82.246,3.681097,1.7863171
23.0,121.0,2007-07-01,2007-08-13,43,25,25.541681,26.992891,24.538223,87.979485,2.0606031,14.528995,91.74449,82.15349,2.935475,1.3221426
22.0,121.0,2007-07-01,2007-08-13,43,25,27.457676,28.232534,26.8413,86.55007,4.7624145,14.40784,89.37372,82.7103,6.005815,3.8017545
24.0,121.0,2007-07-01,2007-08-13,43,25,25.60626,26.920748,24.64313,87.61636,2.4142005,14.0871,91.14374,82.69103,3.271399,1.5804498
25.0,121.0,2007-07-01,2007-08-13,43,25,27.508133,28.343359,26.794893,85.60295,4.0599074,11.837192,88.64533,82.20738,5.06436,2.9509318
24.0,120.0,2007-07-01,2007-08-13,43,25,27.324001,28.129395,26.676767,87.05109,3.9217002,13.521611,89.879395,83.25081,4.985091,3.0457044
24.0,122.0,2007-07-01,2007-08-13,43,25,26.34955,27.181963,25.722588,86.58174,2.9302738,8.846623,89.15827,83.550934,4.124514,1.8752637
22.0,120.0,2007-07-01,2007-08-13,43,25,27.490236,28.234468,26.885185,86.418,4.5173025,14.570193,89.230995,82.758194,5.753827,3.5547931
25.0,120.0,2007-07-01,2007-08-13,43,25,27.25516,28.582727,26.309868,86.67009,3.7834883,14.165532,90.844734,80.67956,4.9775167,2.4190128
23.0,122.0,2007-07-01,2007-08-13,43,25,26.42803,27.31482,25.751534,86.53562,3.8277318,8.722873,89.08079,82.96684,4.974764,2.7973013
25.0,122.0,2007-07-01,2007-08-13,43,25,28.239174,28.655327,27.784863,84.63723,4.4568768,6.6525598,86.967636,82.50858,5.797793,3.2061126
23.0,120.0,2007-07-01,2007-08-13,43,25,27.26561,28.200874,26.588594,87.402626,3.517337,13.977695,90.59602,82.778915,4.589858,2.4966586
22.0,122.0,2007-07-01,2007-08-13,43,25,28.346577,28.77601,27.95021,85.18729,6.469537,8.579287,87.15125,82.86561,7.792892,5.202659
22.0,122.0,2007-07-01,2007-08-14,44,25,28.29301,28.772297,27.84975,85.25575,6.6476374,11.790989,87.51007,82.714325,7.880654,5.4523373
24.0,121.0,2007-07-01,2007-08-14,44,25,25.539234,26.773672,24.514698,87.22597,2.4523377,12.200686,90.97806,82.12444,3.4086607,1.6048627
22.0,121.0,2007-07-01,2007-08-14,44,25,27.418936,28.19901,26.763931,86.43067,4.6009994,16.974394,89.24842,82.58352,5.535224,3.6082494
23.0,121.0,2007-07-01,2007-08-14,44,25,25.473295,26.829779,24.43021,87.53801,1.8974364,16.624968,91.251045,81.97108,2.512309,1.3288336
23.0,120.0,2007-07-01,2007-08-14,44,25,27.298534,28.222727,26.603838,86.926056,3.0699549,13.75464,90.14745,82.28617,4.0294795,2.0168574
23.0,122.0,2007-07-01,2007-08-14,44,25,26.344942,27.144262,25.621792,86.28565,4.0702634,11.459722,89.11629,83.03206,4.9750795,3.1975513
25.0,122.0,2007-07-01,2007-08-14,44,25,28.153095,28.5586,27.757627,84.83897,4.0838313,9.584265,86.730644,82.91863,5.1133475,2.9358902
22.0,120.0,2007-07-01,2007-08-14,44,25,27.461071,28.216764,26.813692,86.12508,4.2719936,17.111267,88.90897,82.40541,5.3337293,3.0901947
24.0,122.0,2007-07-01,2007-08-14,44,25,26.28586,27.044062,25.610176,86.23678,2.639972,11.277532,88.709915,83.3119,3.6659403,1.7011584
24.0,120.0,2007-07-01,2007-08-14,44,25,27.358042,28.183012,26.668407,86.62267,3.6643207,9.330661,89.76555,82.659706,4.8358374,2.3651829
25.0,120.0,2007-07-01,2007-08-14,44,25,27.198208,28.422834,26.275328,86.556496,3.6826115,9.690465,90.66741,81.26204,4.7345176,2.660962
25.0,121.0,2007-07-01,2007-08-14,44,25,27.418852,28.27233,26.710577,85.76531,3.8212888,10.478429,88.97834,81.75934,4.8938503,2.6972775
22.0,122.0,2007-07-01,2007-08-15,45,25,28.153225,28.560965,27.721489,85.56072,6.652098,15.530798,87.65041,83.56666,8.080513,5.180351
24.0,121.0,2007-07-01,2007-08-15,45,25,25.510864,26.880962,24.458399,86.93036,2.5851219,8.780006,90.99121,81.32686,3.4607737,1.7175845
23.0,121.0,2007-07-01,2007-08-15,45,25,25.397955,26.743155,24.36109,87.33102,1.7392944,10.435129,91.30534,81.80109,2.2567997,1.2142612
22.0,121.0,2007-07-01,2007-08-15,45,25,27.34982,28.045517,26.686861,86.407425,4.5329943,15.256758,89.375626,83.106346,5.492033,3.5317316
23.0,122.0,2007-07-01,2007-08-15,45,25,26.199047,27.060244,25.474712,86.407776,3.923535,10.718483,89.09619,82.90242,4.8371873,3.0260363
24.0,120.0,2007-07-01,2007-08-15,45,25,27.4334,28.34308,26.702515,86.37235,3.8295794,6.9811473,89.56038,82.09857,4.8511486,2.639986
23.0,120.0,2007-07-01,2007-08-15,45,25,27.327398,28.206612,26.65025,86.75078,2.931268,8.631231,89.92307,82.47575,3.8570106,2.04689
24.0,122.0,2007-07-01,2007-08-15,45,25,26.199986,27.012705,25.494867,85.78487,2.7673068,8.071843,88.708984,82.34714,3.692324,1.8904276
22.0,120.0,2007-07-01,2007-08-15,45,25,27.42913,28.092583,26.820063,86.08751,4.102426,13.006997,88.94124,82.85922,5.221765,3.097239
25.0,122.0,2007-07-01,2007-08-15,45,25,28.158318,28.559956,27.71664,84.444435,4.4993925,4.607336,86.8408,82.30674,5.759582,3.179371
25.0,121.0,2007-07-01,2007-08-15,45,25,27.480762,28.384785,26.722725,85.5106,4.28656,5.305427,88.82844,81.41928,5.35646,3.1689441
25.0,120.0,2007-07-01,2007-08-15,45,25,27.248903,28.626064,26.24019,86.247955,4.121631,5.9571266,90.78606,79.962555,5.2283497,3.0933046
24.0,121.0,2007-07-01,2007-08-16,46,25,25.604301,26.955805,24.52311,86.89107,2.73227,9.787315,91.00888,81.35243,3.8797607,1.4627428
24.0,120.0,2007-07-01,2007-08-16,46,25,27.473017,28.354565,26.806036,86.229256,4.093479,5.243095,89.641624,81.78428,5.436015,2.5761461
23.0,122.0,2007-07-01,2007-08-16,46,25,26.332006,27.205103,25.556475,86.174416,4.0924935,14.933494,89.20842,82.28795,5.1976957,2.971086
24.0,122.0,2007-07-01,2007-08-16,46,25,26.270576,27.027328,25.590767,85.79961,3.1306558,11.791556,88.659,82.228226,4.1990833,1.9864879
22.0,120.0,2007-07-01,2007-08-16,46,25,27.548227,28.353731,26.953037,85.45403,3.901229,10.948972,88.49369,81.43861,4.8034306,2.7379205
22.0,121.0,2007-07-01,2007-08-16,46,25,27.498384,28.337763,26.805157,85.62325,4.343574,13.459195,88.70019,81.50889,5.3813896,3.1119244
23.0,121.0,2007-07-01,2007-08-16,46,25,25.50518,26.948233,24.44192,87.19351,1.804343,13.384121,91.11583,80.90062,2.4250023,1.1696264
25.0,122.0,2007-07-01,2007-08-16,46,25,28.17251,28.537998,27.778082,84.52088,4.7786365,6.97802,86.73368,82.41612,5.853709,3.634344
23.0,120.0,2007-07-01,2007-08-16,46,25,27.380413,28.338232,26.720093,86.51632,3.0374362,8.8205185,89.94086,81.5197,4.054466,1.8982104
25.0,121.0,2007-07-01,2007-08-16,46,25,27.518164,28.369213,26.811436,85.5288,4.408766,4.989037,89.03049,81.620026,5.519982,3.3155072
22.0,122.0,2007-07-01,2007-08-16,46,25,28.327393,28.776533,27.79481,84.694626,6.59351,15.023064,87.120384,82.38519,7.826538,5.2678804
25.0,120.0,2007-07-01,2007-08-16,46,25,27.309542,28.745255,26.286665,86.11259,4.399984,5.3665404,90.955154,79.38216,5.6587744,3.0608597
22.0,120.0,2007-07-01,2007-08-17,47,25,27.652786,28.500761,27.0202,85.35147,4.1006236,11.006084,88.44471,81.16241,5.323238,2.9508667
25.0,120.0,2007-07-01,2007-08-17,47,25,27.346855,28.777979,26.372803,86.235115,4.3023777,6.2194033,90.754906,79.458855,5.578964,2.7781296
23.0,121.0,2007-07-01,2007-08-17,47,25,25.65072,27.269146,24.55249,87.11299,1.7303672,9.339062,91.81292,80.06488,2.4671082,0.99701494
24.0,120.0,2007-07-01,2007-08-17,47,25,27.486794,28.3987,26.827417,86.295105,4.449008,5.8893547,89.35911,81.91046,5.79818,2.948623
23.0,120.0,2007-07-01,2007-08-17,47,25,27.454645,28.507286,26.759127,86.31924,3.3725042,7.884291,89.96129,81.00409,4.257196,2.1987062
24.0,121.0,2007-07-01,2007-08-17,47,25,25.689125,27.160168,24.626127,87.06828,2.6791499,7.3424473,91.2174,80.98993,3.7910473,1.3657303
24.0,122.0,2007-07-01,2007-08-17,47,25,26.447865,27.294771,25.823086,85.92328,2.7995508,7.4439216,88.939865,82.09915,4.057448,1.463713
23.0,122.0,2007-07-01,2007-08-17,47,25,26.51585,27.441753,25.820654,85.97939,3.9497726,7.8874955,89.110115,81.95504,5.086564,2.7200809
22.0,122.0,2007-07-01,2007-08-17,47,25,28.469236,28.882786,28.057022,84.55758,6.4869146,8.342972,86.78938,82.447464,7.9931927,4.95939
25.0,122.0,2007-07-01,2007-08-17,47,25,28.293066,28.643501,27.93355,84.821465,4.5494304,6.3794703,86.75371,82.86974,5.9169664,3.1391513
22.0,121.0,2007-07-01,2007-08-17,47,25,27.601517,28.471855,26.939428,85.57761,4.320476,9.808877,89.018684,81.35078,5.395865,3.154907
25.0,121.0,2007-07-01,2007-08-17,47,25,27.546558,28.39973,26.86228,85.89243,4.4341164,6.2682323,89.019226,82.069,5.6670465,2.9254782
24.0,120.0,2007-07-01,2007-08-18,48,25,27.58769,28.506227,26.862144,86.50953,4.113931,7.205179,89.99619,82.096924,5.3362484,2.8374338
25.0,120.0,2007-07-01,2007-08-18,48,25,27.431126,28.83062,26.410273,86.72663,3.768548,8.036629,91.52421,80.16316,5.0297093,2.4279857
23.0,121.0,2007-07-01,2007-08-18,48,25,25.685509,27.20732,24.543388,87.50802,1.8534589,12.219512,91.77727,81.12269,2.4857416,1.3334428
22.0,120.0,2007-07-01,2007-08-18,48,25,27.637436,28.39869,26.98359,85.75436,4.4500203,14.317136,88.782074,82.23944,5.4839034,3.4055417
24.0,122.0,2007-07-01,2007-08-18,48,25,26.555553,27.460258,25.819117,85.999344,2.7385242,6.112954,88.81177,82.33851,3.5764663,1.9033846
23.0,120.0,2007-07-01,2007-08-18,48,25,27.501291,28.4996,26.790321,86.60669,3.4253986,11.473974,90.121544,81.75549,4.381957,2.4233613
22.0,122.0,2007-07-01,2007-08-18,48,25,28.477182,28.921473,28.011015,84.941315,6.7992125,8.94971,87.32538,82.721085,7.9795885,5.5172405
25.0,121.0,2007-07-01,2007-08-18,48,25,27.653704,28.58994,26.869282,85.92203,3.8765585,6.353431,89.69209,81.63698,4.8841677,2.748512
23.0,122.0,2007-07-01,2007-08-18,48,25,26.548206,27.46118,25.791304,86.385956,3.8753278,8.133978,89.4128,82.47956,4.855804,2.9052515
24.0,121.0,2007-07-01,2007-08-18,48,25,25.778135,27.223085,24.622427,87.40036,2.526392,7.969339,91.78522,81.537346,3.444846,1.655384
22.0,121.0,2007-07-01,2007-08-18,48,25,27.611992,28.450062,26.93098,85.97177,4.7883635,13.055233,89.08212,82.05616,5.759488,3.92533
25.0,122.0,2007-07-01,2007-08-18,48,25,28.418818,28.848164,27.99127,84.60689,4.150647,4.520545,86.70864,82.5114,5.2074127,3.136397
24.0,122.0,2007-07-01,2007-08-19,49,25,26.45596,27.340324,25.727467,85.86409,2.9924352,8.503529,88.63667,82.34159,4.065934,2.037381
23.0,122.0,2007-07-01,2007-08-19,49,25,26.449034,27.409609,25.676363,86.34951,3.946271,10.227924,89.35159,82.08318,4.8775716,3.1035082
23.0,120.0,2007-07-01,2007-08-19,49,25,27.416725,28.376549,26.717314,86.92419,3.477844,10.114245,90.49717,82.29083,4.3057756,2.5743797
24.0,120.0,2007-07-01,2007-08-19,49,25,27.521679,28.49035,26.81666,86.37908,4.2324944,6.088063,89.908104,82.04964,5.1210637,3.377634
23.0,121.0,2007-07-01,2007-08-19,49,25,25.615942,27.12591,24.456524,87.607414,1.9869794,12.578696,91.75726,81.3356,2.606211,1.4077739
25.0,122.0,2007-07-01,2007-08-19,49,25,28.303373,28.70647,27.923016,84.49213,4.646579,6.1060696,86.58012,82.08788,5.799694,3.5364447
25.0,120.0,2007-07-01,2007-08-19,49,25,27.406113,28.875523,26.38357,86.25157,4.1146407,8.194998,90.77868,79.76009,5.1620455,3.0041735
22.0,120.0,2007-07-01,2007-08-19,49,25,27.578686,28.272985,26.946035,86.20082,4.4943748,13.509636,89.20602,82.77808,5.5757885,3.3113465
22.0,122.0,2007-07-01,2007-08-19,49,25,28.384739,28.83585,27.93833,85.22242,6.842884,10.744434,87.40304,82.70282,8.003654,5.763292
22.0,121.0,2007-07-01,2007-08-19,49,25,27.54937,28.377127,26.858038,86.3902,4.9245644,13.0991745,89.385956,82.4302,5.874907,3.9984634
24.0,121.0,2007-07-01,2007-08-19,49,25,25.727211,27.242334,24.550459,87.03581,2.7920928,8.551594,91.007,81.05297,3.616226,2.1197214
25.0,121.0,2007-07-01,2007-08-19,49,25,27.586637,28.54193,26.795635,85.57791,4.304294,6.1371975,89.09575,81.09702,5.2486987,3.2768924
23.0,121.0,2007-07-01,2007-08-20,50,25,25.642523,27.056831,24.53069,87.156204,1.8491081,9.803662,91.45776,80.955765,2.4610739,1.2596256
22.0,121.0,2007-07-01,2007-08-20,50,25,27.543762,28.31,26.83286,86.081024,4.804917,11.071822,89.31778,82.1669,5.8348417,3.8678794
25.0,122.0,2007-07-01,2007-08-20,50,25,28.206127,28.579384,27.77489,84.15171,4.8313856,4.932894,86.835785,81.65546,5.8957872,3.6982033
22.0,120.0,2007-07-01,2007-08-20,50,25,27.667349,28.443264,26.991493,85.36879,4.2153964,10.031172,88.52167,81.39673,5.285234,3.1719766
23.0,122.0,2007-07-01,2007-08-20,50,25,26.42646,27.2387,25.685797,86.150566,3.627485,10.096015,89.13446,82.38362,4.768054,2.6022131
24.0,122.0,2007-07-01,2007-08-20,50,25,26.41632,27.189156,25.702383,85.58894,2.8815255,7.4621935,88.84347,81.90497,3.799726,1.8215314
24.0,121.0,2007-07-01,2007-08-20,50,25,25.690262,27.07729,24.569605,86.76402,2.5413342,7.788733,91.10187,80.769455,3.447109,1.6617306
22.0,122.0,2007-07-01,2007-08-20,50,25,28.329735,28.793594,27.90688,85.16937,6.492635,11.370127,87.64522,82.67694,7.8003325,5.236625
25.0,121.0,2007-07-01,2007-08-20,50,25,27.491732,28.39812,26.719297,85.233955,4.417329,5.255469,88.80855,80.89842,5.532338,3.4275806
25.0,120.0,2007-07-01,2007-08-20,50,25,27.303461,28.613167,26.323267,85.92347,3.950989,6.987338,90.13667,79.73159,5.00205,2.7943661
23.0,120.0,2007-07-01,2007-08-20,50,25,27.456245,28.403696,26.678595,86.3315,3.3195236,6.7763147,89.95738,81.66331,4.1081676,2.3832972
24.0,120.0,2007-07-01,2007-08-20,50,25,27.497326,28.4183,26.758554,85.96726,4.118166,4.7693195,89.606316,81.51485,5.073418,3.006492
25.0,121.0,2007-07-01,2007-08-21,51,25,27.403915,28.326815,26.606035,85.21695,3.95697,6.963397,88.70594,81.09087,4.932055,3.0443087
22.0,121.0,2007-07-01,2007-08-21,51,25,27.487709,28.30296,26.760962,85.50999,4.3198457,11.476633,88.76339,81.88495,5.434972,3.2987983
23.0,121.0,2007-07-01,2007-08-21,51,25,25.451015,26.797964,24.390215,87.21578,1.8093873,12.006573,91.04516,81.891205,2.2641864,1.3325055
24.0,120.0,2007-07-01,2007-08-21,51,25,27.417099,28.347109,26.66871,86.06867,3.802987,6.9330335,89.802025,81.692406,4.7626534,2.8109825
24.0,121.0,2007-07-01,2007-08-21,51,25,25.489374,26.729317,24.457222,87.161446,2.4228187,11.242112,91.22692,81.97901,3.1865385,1.6785353
22.0,122.0,2007-07-01,2007-08-21,51,25,28.266148,28.678217,27.88668,84.46127,5.8179154,11.930589,86.788925,82.15294,7.1559577,4.58528
23.0,122.0,2007-07-01,2007-08-21,51,25,26.227442,26.934572,25.612398,86.090744,3.4541388,12.458238,88.65115,82.95013,4.5348573,2.4935753
25.0,122.0,2007-07-01,2007-08-21,51,25,28.107399,28.562649,27.69621,83.96635,4.762456,5.9671535,85.91006,81.61234,5.989505,3.6293714
23.0,120.0,2007-07-01,2007-08-21,51,25,27.38553,28.42057,26.632124,86.10919,3.0357804,7.6858997,89.54877,81.50317,3.99452,2.1039605
24.0,122.0,2007-07-01,2007-08-21,51,25,26.204807,26.866976,25.636347,85.80827,2.9520974,10.235034,87.843155,83.12509,3.973503,2.0661504
22.0,120.0,2007-07-01,2007-08-21,51,25,27.537405,28.285347,26.85954,85.1635,4.043317,11.49128,88.3285,81.84702,5.123974,2.8202834
25.0,120.0,2007-07-01,2007-08-21,51,25,27.22177,28.627783,26.19894,85.80834,3.59781,7.666522,90.58072,79.27148,4.389055,2.7889252
24.0,122.0,2007-07-01,2007-08-22,52,25,26.225777,26.88024,25.667553,86.08848,2.8246632,8.974671,88.36017,83.618164,3.7070997,1.8582852
25.0,120.0,2007-07-01,2007-08-22,52,25,27.170116,28.547686,26.22173,86.24229,3.3138435,5.7790246,90.79249,79.52472,4.2715716,2.3059614
24.0,120.0,2007-07-01,2007-08-22,52,25,27.43718,28.391668,26.723467,85.97231,3.534083,5.5481596,89.73267,81.40518,4.559845,2.328507
25.0,121.0,2007-07-01,2007-08-22,52,25,27.414993,28.28341,26.703056,85.322815,3.5340676,5.048736,88.8803,81.17786,4.5890474,2.5798113
22.0,122.0,2007-07-01,2007-08-22,52,25,28.229328,28.703764,27.739365,84.35454,5.0697474,9.9091215,87.07182,81.554695,6.3232207,3.7299826
24.0,121.0,2007-07-01,2007-08-22,52,25,25.526077,26.842625,24.510216,87.12204,2.1886737,8.714817,91.42225,81.64824,3.0895486,1.2847193
23.0,121.0,2007-07-01,2007-08-22,52,25,25.469912,26.756306,24.475248,87.3216,1.6224724,12.391119,91.44293,81.934395,2.2390833,1.0236701
22.0,121.0,2007-07-01,2007-08-22,52,25,27.443525,28.156532,26.786205,85.57116,3.871742,12.18436,89.02625,81.877396,5.0037265,2.8074448
25.0,122.0,2007-07-01,2007-08-22,52,25,28.103098,28.418028,27.756088,84.37534,4.201798,5.316373,86.68798,82.199326,5.2021165,3.2065408
22.0,120.0,2007-07-01,2007-08-22,52,25,27.49852,28.07814,26.937153,85.227615,3.5579576,10.962133,88.1289,82.26869,4.593189,2.346913
23.0,122.0,2007-07-01,2007-08-22,52,25,26.253569,26.996016,25.624584,86.01347,3.0562449,10.124425,88.615906,82.760284,3.8658364,2.1624584
23.0,120.0,2007-07-01,2007-08-22,52,25,27.387764,28.302671,26.69207,86.15225,2.869111,9.212708,89.771194,81.692795,3.765458,2.0006645
24.0,122.0,2007-07-01,2007-08-23,53,25,26.309776,27.048256,25.677284,85.81455,2.390137,8.263948,88.53935,82.763275,3.1052945,1.5325437
23.0,121.0,2007-07-01,2007-08-23,53,25,25.549633,26.993715,24.541279,87.37814,1.5918946,11.005341,91.33971,81.423615,2.1860514,1.0052091
23.0,120.0,2007-07-01,2007-08-23,53,25,27.39381,28.339546,26.717564,86.28927,2.7980468,9.494414,89.75923,81.621414,3.7423356,1.8283393
25.0,122.0,2007-07-01,2007-08-23,53,25,28.136446,28.519638,27.717173,84.29634,3.8991108,6.412605,86.60798,82.19598,4.8918014,2.8631039
24.0,121.0,2007-07-01,2007-08-23,53,25,25.62161,26.979198,24.618746,87.1762,2.1230676,7.9766216,91.48291,81.31345,2.9913123,1.2652745
22.0,122.0,2007-07-01,2007-08-23,53,25,28.245247,28.65266,27.816729,84.95602,4.840211,11.177304,87.19752,82.95281,6.137973,3.4377463
22.0,120.0,2007-07-01,2007-08-23,53,25,27.521729,28.235083,26.910307,85.660614,3.5065362,11.28885,88.569466,82.43458,4.528446,2.4658303
23.0,122.0,2007-07-01,2007-08-23,53,25,26.362219,27.265537,25.635548,86.03508,2.8984692,10.038389,89.23821,82.085205,3.9089508,1.8404382
24.0,120.0,2007-07-01,2007-08-23,53,25,27.459578,28.334332,26.775732,86.11607,3.3491373,6.4611206,89.88465,81.6462,4.4861217,2.2384717
25.0,120.0,2007-07-01,2007-08-23,53,25,27.266155,28.620506,26.304043,86.3055,3.518083,6.942233,91.37051,79.57138,4.5075965,2.3921463
25.0,121.0,2007-07-01,2007-08-23,53,25,27.460182,28.297539,26.737906,85.558624,3.6466558,6.123751,89.3978,81.22624,4.498428,2.7408514
22.0,121.0,2007-07-01,2007-08-23,53,25,27.430397,28.199835,26.840513,86.22326,3.6721094,12.14853,89.151085,82.72714,4.6928945,2.6264236
22.0,121.0,2007-07-01,2007-08-24,54,25,27.465279,28.23857,26.771093,85.94088,4.3553896,13.163593,88.93226,82.49454,5.3570666,3.3370788
25.0,121.0,2007-07-01,2007-08-24,54,25,27.47066,28.397978,26.707783,85.6681,4.0086455,6.0273647,89.145164,81.53074,4.954372,2.9368196
24.0,120.0,2007-07-01,2007-08-24,54,25,27.46794,28.39788,26.752012,86.237236,3.5170062,7.582999,89.69018,81.67707,4.608336,2.3683639
23.0,121.0,2007-07-01,2007-08-24,54,25,25.585098,27.036018,24.498075,87.06244,1.8748721,12.141558,91.06514,81.41194,2.374871,1.3755164
23.0,122.0,2007-07-01,2007-08-24,54,25,26.30288,27.241152,25.548183,86.33352,3.7146173,10.255576,89.3334,82.448204,4.631067,2.7963438
23.0,120.0,2007-07-01,2007-08-24,54,25,27.43192,28.394482,26.73246,86.155075,2.8836808,11.252737,89.180664,81.668,3.7616763,1.9894245
25.0,122.0,2007-07-01,2007-08-24,54,25,28.163843,28.61335,27.748257,84.44582,4.4905148,6.367789,86.75062,82.057304,5.5009933,3.5001354
22.0,120.0,2007-07-01,2007-08-24,54,25,27.53373,28.249252,26.900303,85.31856,3.9504583,11.449115,88.30828,82.11069,4.9742785,2.9150379
22.0,122.0,2007-07-01,2007-08-24,54,25,28.184717,28.583374,27.75348,85.27549,6.1050825,11.277762,87.56299,82.88884,7.467169,4.7375755
24.0,121.0,2007-07-01,2007-08-24,54,25,25.627714,27.040718,24.543398,87.13536,2.5060346,8.470299,91.55156,81.34755,3.3609543,1.6594768
24.0,122.0,2007-07-01,2007-08-24,54,25,26.332636,27.226538,25.583838,85.82091,2.9211848,8.798667,88.91019,81.943245,3.7465396,2.1072848
25.0,120.0,2007-07-01,2007-08-24,54,25,27.272284,28.614553,26.288847,86.22974,3.9012756,6.6229143,90.54075,80.00697,5.0040545,2.6698573
24.0,121.0,2007-07-01,2007-08-25,55,25,25.568892,26.923372,24.60751,87.010056,2.4726586,10.681333,90.68292,81.79197,3.2699256,1.7324971
22.0,122.0,2007-07-01,2007-08-25,55,25,28.169685,28.557978,27.709698,84.829384,6.591915,13.871945,87.3123,82.556496,7.7894616,5.4075637
23.0,122.0,2007-07-01,2007-08-25,55,25,26.227942,27.034597,25.545185,86.10924,3.910636,13.117551,88.808525,83.0077,4.8113513,3.0746331
22.0,120.0,2007-07-01,2007-08-25,55,25,27.523916,28.170498,26.924065,85.01224,4.0693226,17.120699,87.928024,81.81374,5.0823207,3.0075855
24.0,120.0,2007-07-01,2007-08-25,55,25,27.52038,28.484001,26.846275,85.932655,3.6411908,7.6349144,89.13079,81.469696,4.618596,2.6664448
23.0,121.0,2007-07-01,2007-08-25,55,25,25.468958,26.81467,24.472055,86.9682,1.9874057,16.354403,90.9195,81.5434,2.6339633,1.3646574
25.0,122.0,2007-07-01,2007-08-25,55,25,28.128593,28.512772,27.72942,84.778984,4.9099326,8.388239,86.84918,82.86512,5.8995533,3.882283
23.0,120.0,2007-07-01,2007-08-25,55,25,27.42778,28.390171,26.755058,85.879074,3.0794518,13.30005,89.32778,81.0947,3.9882135,2.1615798
22.0,121.0,2007-07-01,2007-08-25,55,25,27.408829,28.191319,26.722263,85.614395,4.671496,17.12207,89.0797,81.74914,5.615949,3.6507895
25.0,121.0,2007-07-01,2007-08-25,55,25,27.459946,28.388184,26.783691,85.76883,4.3761253,7.008999,88.74801,81.682465,5.176577,3.5107963
25.0,120.0,2007-07-01,2007-08-25,55,25,27.306568,28.791845,26.299545,86.027626,4.0765367,7.156704,90.394394,79.48849,5.0391173,3.0250475
24.0,122.0,2007-07-01,2007-08-25,55,25,26.249327,27.016006,25.602304,85.94869,2.9445333,12.052027,88.50168,83.07405,3.8773484,2.0529559
23.0,122.0,2007-07-01,2007-08-26,56,25,26.16793,26.982954,25.546324,87.082344,4.355924,21.55827,89.90645,83.27906,5.272158,3.3677492
24.0,122.0,2007-07-01,2007-08-26,56,25,26.236877,26.9642,25.621635,86.377754,3.4070518,19.0247,88.93542,83.036354,4.346666,2.4668057
25.0,121.0,2007-07-01,2007-08-26,56,25,27.474237,28.377087,26.734312,85.95563,4.7428913,9.21498,89.01862,82.36955,5.7024035,3.5103893
22.0,121.0,2007-07-01,2007-08-26,56,25,27.391958,28.159927,26.81126,86.223495,4.866359,20.673256,88.95388,82.57119,6.0016804,3.828779
22.0,122.0,2007-07-01,2007-08-26,56,25,28.098806,28.547657,27.70438,85.93095,7.083611,18.871506,87.9331,83.82112,8.266228,5.6824226
24.0,121.0,2007-07-01,2007-08-26,56,25,25.579851,26.909092,24.5938,87.3089,2.9279757,18.01594,90.97169,81.80672,3.8165042,1.961731
22.0,120.0,2007-07-01,2007-08-26,56,25,27.523304,28.33101,26.915522,85.39379,4.295982,19.023785,88.38088,81.52042,5.440355,3.145097
25.0,122.0,2007-07-01,2007-08-26,56,25,28.119644,28.507374,27.700102,85.10432,5.399166,10.226023,87.28318,83.183975,6.5382686,4.2235017
23.0,120.0,2007-07-01,2007-08-26,56,25,27.408281,28.373737,26.74876,86.359505,3.2467093,16.055649,89.617874,81.52781,4.264542,2.2766013
25.0,120.0,2007-07-01,2007-08-26,56,25,27.266628,28.633877,26.26832,86.263435,4.557843,10.805706,90.29273,80.51128,5.6438665,3.27846
23.0,121.0,2007-07-01,2007-08-26,56,25,25.463102,26.810423,24.487677,87.44329,2.165415,23.345991,91.51354,81.46655,2.8435204,1.6012175
24.0,120.0,2007-07-01,2007-08-26,56,25,27.517834,28.475628,26.81042,86.256195,3.9023852,10.762827,89.43695,81.83649,5.1838202,2.5562131
24.0,122.0,2007-07-01,2007-08-27,57,25,26.137661,27.012291,25.441406,86.61165,3.5687907,17.68925,89.14208,83.16651,4.574861,2.4766054
24.0,120.0,2007-07-01,2007-08-27,57,25,27.458681,28.411182,26.69068,86.19409,3.6501489,9.042094,89.618034,81.87219,5.014298,2.424498
23.0,122.0,2007-07-01,2007-08-27,57,25,26.151138,26.989998,25.394663,86.80294,4.329422,18.9748,89.73905,83.32553,5.3399463,3.200886
23.0,120.0,2007-07-01,2007-08-27,57,25,27.271885,28.199638,26.583233,86.676,3.2908108,15.732152,89.74794,82.12328,4.257196,2.424571
22.0,120.0,2007-07-01,2007-08-27,57,25,27.338621,28.02314,26.76332,86.266426,4.5966945,20.339855,89.04971,82.993416,5.8752995,3.3889139
22.0,121.0,2007-07-01,2007-08-27,57,25,27.235567,27.94583,26.61007,86.79212,4.7189236,21.375927,89.52739,83.32587,5.781709,3.6429653
23.0,121.0,2007-07-01,2007-08-27,57,25,25.302235,26.664673,24.321405,88.18566,2.2824187,23.27,91.501015,82.64355,3.0456808,1.5631776
25.0,121.0,2007-07-01,2007-08-27,57,25,27.360708,28.289003,26.610859,86.11756,4.418683,8.34446,89.35778,82.17593,5.515971,3.339323
22.0,122.0,2007-07-01,2007-08-27,57,25,28.08679,28.508316,27.60333,85.48424,6.867805,17.047003,87.9648,82.98384,8.122697,5.5194173
24.0,121.0,2007-07-01,2007-08-27,57,25,25.496122,26.880898,24.468618,87.6641,2.4888296,16.559029,91.351425,82.32188,3.4406128,1.5234365
25.0,122.0,2007-07-01,2007-08-27,57,25,27.990845,28.45452,27.540611,85.1343,5.442395,9.471783,87.32273,82.73909,6.5176125,4.1634765
25.0,120.0,2007-07-01,2007-08-27,57,25,27.121174,28.397617,26.134361,86.74648,4.098982,11.672556,90.91918,81.2807,5.4209905,2.7365372
22.0,120.0,2007-07-01,2007-08-28,58,25,27.277224,27.974007,26.709888,86.30456,4.671049,23.320616,88.76426,83.19688,5.6654263,3.6418073
23.0,122.0,2007-07-01,2007-08-28,58,25,25.950144,26.676647,25.281055,87.08597,3.5661619,21.539156,89.542015,83.98792,4.3991857,2.6432297
25.0,121.0,2007-07-01,2007-08-28,58,25,27.19153,28.011988,26.451588,86.269455,3.9730387,13.954464,89.32349,82.54965,5.048412,2.8304186
22.0,121.0,2007-07-01,2007-08-28,58,25,27.194468,27.87543,26.633266,86.5265,4.6574183,23.406832,88.97753,83.42172,5.801882,3.5408285
24.0,121.0,2007-07-01,2007-08-28,58,25,25.246025,26.40182,24.26684,88.091034,2.2396603,22.668001,91.48642,83.42358,3.1524208,1.291791
23.0,121.0,2007-07-01,2007-08-28,58,25,25.127008,26.252491,24.20729,88.52548,2.2659554,27.351835,91.40148,84.16515,2.9016943,1.6514499
22.0,122.0,2007-07-01,2007-08-28,58,25,28.019958,28.464363,27.592148,85.160706,6.009635,17.5679,87.219376,82.955475,7.2195024,4.7823133
25.0,122.0,2007-07-01,2007-08-28,58,25,27.82831,28.230024,27.454262,85.40497,5.136073,10.949707,87.081154,83.37095,6.280997,3.8809934
24.0,122.0,2007-07-01,2007-08-28,58,25,25.894367,26.624687,25.286064,87.16232,3.295188,19.624329,89.369514,84.238014,4.3022437,2.3192854
23.0,120.0,2007-07-01,2007-08-28,58,25,27.112566,27.927368,26.484932,86.956024,3.5728815,21.222073,89.56058,83.22334,4.6864166,2.4768646
24.0,120.0,2007-07-01,2007-08-28,58,25,27.224571,28.057632,26.537857,86.546104,3.530419,16.5567,89.533295,82.50102,4.8621287,2.1413565
25.0,120.0,2007-07-01,2007-08-28,58,25,26.920582,28.0718,25.978725,86.709854,3.3367472,15.924526,90.70195,81.35527,4.4398375,2.239253
22.0,121.0,2007-07-01,2007-08-29,59,25,27.141914,27.917469,26.502417,86.33838,4.4825387,18.788517,88.90352,82.94638,5.6490626,3.2170618
25.0,121.0,2007-07-01,2007-08-29,59,25,27.094105,27.862709,26.421728,85.68451,3.8801773,7.5327187,89.186386,81.906944,4.9552093,2.6743317
22.0,122.0,2007-07-01,2007-08-29,59,25,27.881647,28.281301,27.463795,85.38337,5.840747,15.24741,87.41057,83.1922,7.1435437,4.523049
25.0,120.0,2007-07-01,2007-08-29,59,25,26.830147,27.988653,25.954287,85.97535,3.3593314,9.890962,89.9269,80.73874,4.5306325,1.9668546
25.0,122.0,2007-07-01,2007-08-29,59,25,27.764223,28.152685,27.36665,84.855545,4.8354464,7.0995173,86.97718,82.73651,5.8687344,3.487322
24.0,120.0,2007-07-01,2007-08-29,59,25,27.11958,27.926647,26.462597,85.78541,3.1993084,11.0028715,88.963486,81.67013,4.3887577,1.9271251
23.0,120.0,2007-07-01,2007-08-29,59,25,27.059238,27.993084,26.369087,86.10091,3.063812,16.220312,89.09874,81.81207,4.1156282,1.8557392
22.0,120.0,2007-07-01,2007-08-29,59,25,27.169052,27.90311,26.563599,86.17103,4.581979,20.38199,88.81616,82.986984,5.674201,3.382904
24.0,121.0,2007-07-01,2007-08-29,59,25,25.132195,26.342379,24.218672,87.632744,2.179437,13.192358,91.19841,82.79361,3.1008902,1.2352972
23.0,122.0,2007-07-01,2007-08-29,59,25,25.802593,26.610132,25.194399,86.944824,3.5410697,14.875404,89.41496,83.73313,4.465641,2.6646109
23.0,121.0,2007-07-01,2007-08-29,59,25,25.064878,26.396748,24.115416,87.969376,2.1240058,18.40705,91.324265,82.946945,2.6731477,1.4727734
24.0,122.0,2007-07-01,2007-08-29,59,25,25.81371,26.556957,25.196007,86.735176,3.1754622,12.738407,88.97938,83.94243,4.345205,2.035905
23.0,122.0,2007-07-01,2007-08-30,60,25,25.842768,26.606312,25.227589,86.271805,3.5783198,13.2681,89.062325,82.89998,4.48477,2.5405302
22.0,122.0,2007-07-01,2007-08-30,60,25,27.860744,28.295631,27.477242,85.0427,5.93867,15.739718,87.238655,82.81561,7.1416807,4.7385616
23.0,121.0,2007-07-01,2007-08-30,60,25,25.01165,26.271446,24.118443,87.477844,2.0477543,15.845614,91.09257,81.83333,2.756876,1.3850594
24.0,121.0,2007-07-01,2007-08-30,60,25,25.14285,26.497133,24.1914,87.01158,2.18658,10.158966,90.89074,81.35269,3.1014535,1.3580427
22.0,121.0,2007-07-01,2007-08-30,60,25,27.027468,27.716341,26.440996,86.16734,4.4106627,18.328524,88.84257,82.785934,5.5284834,3.2627938
22.0,120.0,2007-07-01,2007-08-30,60,25,27.064293,27.762728,26.507431,86.08893,4.433885,18.676733,88.74931,82.52263,5.490799,3.309426
24.0,122.0,2007-07-01,2007-08-30,60,25,25.868332,26.635193,25.215288,85.86576,3.2741098,9.6715975,88.7664,82.53316,4.21136,2.3365037
25.0,120.0,2007-07-01,2007-08-30,60,25,26.825563,28.174026,25.874727,85.821846,3.404711,8.458529,90.1636,79.66556,4.4731293,2.2601385
23.0,120.0,2007-07-01,2007-08-30,60,25,26.937544,27.81406,26.284756,86.005165,3.0560749,16.022919,89.306984,81.397484,3.9841003,2.0432975
25.0,122.0,2007-07-01,2007-08-30,60,25,27.77139,28.241539,27.279663,84.2544,4.6273584,5.226105,86.745056,81.92474,5.8163457,3.4285057
24.0,120.0,2007-07-01,2007-08-30,60,25,27.061934,28.026674,26.344023,85.5626,3.0823433,10.321929,89.36665,80.820595,4.131655,1.9645567
25.0,121.0,2007-07-01,2007-08-30,60,25,27.05825,28.050947,26.305937,85.3138,3.4387558,5.7043157,88.89991,80.90352,4.5449286,2.352456
25.0,122.0,2007-07-01,2007-08-31,61,25,27.769598,28.20963,27.305098,83.60117,4.6308575,4.643347,86.16985,81.14087,5.7047033,3.408208
22.0,122.0,2007-07-01,2007-08-31,61,25,27.880674,28.293297,27.431368,84.73623,6.3717136,14.680575,86.98079,82.51269,7.5569596,5.134911
22.0,121.0,2007-07-01,2007-08-31,61,25,27.103361,27.799654,26.533272,85.726944,4.392694,18.11136,88.49288,82.46505,5.436327,3.4031167
23.0,121.0,2007-07-01,2007-08-31,61,25,25.040476,26.230043,24.142065,87.32784,1.9507642,15.937898,90.53048,82.78676,2.647275,1.3278754
24.0,121.0,2007-07-01,2007-08-31,61,25,25.09612,26.242702,24.178692,87.07091,2.3440182,10.011391,90.335075,82.61861,3.3087492,1.4382515
25.0,120.0,2007-07-01,2007-08-31,61,25,26.7016,27.80516,25.864185,86.11242,3.6486726,9.422395,89.93027,81.04382,4.6422853,2.5862873
23.0,122.0,2007-07-01,2007-08-31,61,25,25.815632,26.50635,25.186295,86.26151,3.7934034,12.522068,88.74648,83.64386,4.672512,2.9372342
23.0,120.0,2007-07-01,2007-08-31,61,25,27.02145,27.87084,26.434736,85.93444,3.1520193,14.452305,88.90603,81.93292,4.0119133,2.267938
24.0,122.0,2007-07-01,2007-08-31,61,25,25.831297,26.494133,25.272545,85.6205,3.1135566,9.002176,87.87086,82.97383,3.9934618,2.1941352
24.0,120.0,2007-07-01,2007-08-31,61,25,27.070023,27.865938,26.442402,85.698204,3.4253876,8.531589,88.91838,81.77617,4.531883,2.2375028
25.0,121.0,2007-07-01,2007-08-31,61,25,27.04663,27.854223,26.346504,84.93854,3.7709472,5.6324196,88.10962,81.13172,4.737278,2.6935012
22.0,120.0,2007-07-01,2007-08-31,61,25,27.135592,27.838951,26.582129,85.6296,3.9674103,18.158663,88.32198,82.24435,5.0394387,2.8851755
23.0,121.0,2007-07-01,2007-09-01,62,25,25.104492,26.370493,24.180414,87.123436,1.8421272,17.970573,90.558525,81.86215,2.4677038,1.2432977
24.0,122.0,2007-07-01,2007-09-01,62,25,25.956764,26.648672,25.393051,85.166374,3.2747898,13.526297,87.4751,82.31773,4.1110053,2.281207
23.0,120.0,2007-07-01,2007-09-01,62,25,27.02049,27.901073,26.364552,86.14925,2.9997005,12.774349,89.12129,81.887985,4.031481,1.9919411
24.0,121.0,2007-07-01,2007-09-01,62,25,25.236927,26.496376,24.248463,86.5627,2.5472534,12.00408,90.61743,81.49723,3.614971,1.4084227
22.0,122.0,2007-07-01,2007-09-01,62,25,27.97549,28.353361,27.56292,84.04812,6.1535845,12.792053,86.331154,81.98793,7.468626,4.8490205
25.0,122.0,2007-07-01,2007-09-01,62,25,27.858519,28.246675,27.47038,83.67618,4.8457313,7.2943068,85.74061,81.69641,5.9400334,3.6904855
24.0,120.0,2007-07-01,2007-09-01,62,25,27.146503,28.021019,26.434654,85.62457,3.840696,6.819765,88.99265,81.42155,5.188799,2.365796
25.0,121.0,2007-07-01,2007-09-01,62,25,27.150967,28.034136,26.417559,84.97832,4.1192884,5.7693443,88.32751,81.221504,5.2131515,2.9541388
22.0,120.0,2007-07-01,2007-09-01,62,25,27.10793,27.775557,26.552124,85.80445,3.7383528,16.64428,88.47206,82.73271,4.675865,2.7780817
23.0,122.0,2007-07-01,2007-09-01,62,25,25.951632,26.62396,25.369457,85.51635,3.855907,15.108637,88.09332,82.55855,4.8005605,2.961354
25.0,120.0,2007-07-01,2007-09-01,62,25,26.858059,28.137945,25.901909,85.30326,3.9422164,6.5438848,89.498634,79.55605,5.083327,2.4745731
22.0,121.0,2007-07-01,2007-09-01,62,25,27.12586,27.812067,26.54859,85.57088,4.0893774,15.668327,88.27967,82.412506,5.172667,2.9363098
22.0,121.0,2007-07-01,2007-09-02,63,25,27.177639,28.024319,26.48001,85.340775,4.2925005,15.0767565,88.86204,80.98217,5.3081994,3.2391846
23.0,121.0,2007-07-01,2007-09-02,63,25,25.162226,26.542618,24.143457,87.05377,1.8847134,16.229406,91.35248,80.8522,2.3982754,1.3314782
23.0,122.0,2007-07-01,2007-09-02,63,25,26.006237,26.805382,25.321787,85.66362,3.8076556,16.41373,88.87109,81.93965,4.5792255,2.880069
25.0,120.0,2007-07-01,2007-09-02,63,25,26.900902,28.229477,25.947006,85.50527,3.5852146,8.354343,89.90005,79.25048,4.7271056,2.429059
25.0,122.0,2007-07-01,2007-09-02,63,25,27.864107,28.261904,27.444048,84.52093,5.09187,7.8340206,86.81208,82.20903,6.38945,3.8584607
24.0,122.0,2007-07-01,2007-09-02,63,25,25.977486,26.74379,25.351553,85.87705,3.3583539,14.148408,88.84622,82.31204,4.412126,2.469041
25.0,121.0,2007-07-01,2007-09-02,63,25,27.128717,27.935972,26.444962,85.54921,4.1740394,7.3722897,88.9324,81.58252,5.2388177,3.04178
22.0,120.0,2007-07-01,2007-09-02,63,25,27.226887,27.989975,26.566172,85.06343,3.7044654,14.645543,88.3997,81.091896,4.6227922,2.792025
24.0,120.0,2007-07-01,2007-09-02,63,25,27.151983,28.030972,26.456846,85.81292,3.6797364,9.815525,89.53035,81.1772,4.9028955,2.3965237
22.0,122.0,2007-07-01,2007-09-02,63,25,28.02384,28.398823,27.586914,84.05574,6.1567516,15.253148,86.97608,81.66673,7.358255,4.8774343
24.0,121.0,2007-07-01,2007-09-02,63,25,25.229565,26.515152,24.250341,86.98472,2.41783,13.68393,91.155205,81.4053,3.4061716,1.5536146
23.0,120.0,2007-07-01,2007-09-02,63,25,27.090996,28.048424,26.36129,85.867676,3.214045,12.346653,89.76345,80.55906,4.1716094,2.2025952
24.0,121.0,2007-07-01,2007-09-03,64,25,25.276907,26.658543,24.231289,87.25394,2.3209941,10.660243,91.22911,82.06111,3.1547709,1.4487748
23.0,121.0,2007-07-01,2007-09-03,64,25,25.22997,26.70234,24.200678,87.14541,1.9935936,15.566856,91.077225,81.185646,2.6455266,1.449919
22.0,122.0,2007-07-01,2007-09-03,64,25,28.009321,28.409662,27.589859,84.32223,5.7297716,13.382406,86.84686,82.02545,6.87103,4.577803
25.0,120.0,2007-07-01,2007-09-03,64,25,26.896685,28.251904,25.903448,86.01743,3.4582815,6.788473,90.35145,79.94231,4.524478,2.2062292
22.0,121.0,2007-07-01,2007-09-03,64,25,27.216568,28.072315,26.576738,85.52765,4.1172776,15.192102,88.732956,81.332756,5.118704,3.1741793
24.0,122.0,2007-07-01,2007-09-03,64,25,26.00796,26.844545,25.37212,85.98445,3.639366,11.751247,88.45211,83.076195,4.5600185,2.7183936
22.0,120.0,2007-07-01,2007-09-03,64,25,27.271145,28.14277,26.552729,85.343285,3.8948884,14.950098,88.838455,80.91799,4.961049,2.521485
23.0,122.0,2007-07-01,2007-09-03,64,25,26.020672,26.916925,25.353521,85.85673,3.7320478,13.759296,88.74387,82.39949,4.5445685,2.8598306
23.0,120.0,2007-07-01,2007-09-03,64,25,27.129951,28.184343,26.371788,85.96937,3.2302482,12.551722,89.50372,80.8277,4.1837687,2.031875
25.0,122.0,2007-07-01,2007-09-03,64,25,27.885996,28.26941,27.506392,84.855774,5.392654,6.912987,87.27428,82.74732,6.7263646,3.9443512
24.0,120.0,2007-07-01,2007-09-03,64,25,27.170427,28.11402,26.437212,86.08352,3.6254911,7.6576138,89.61006,81.62605,4.9181175,2.0846195
25.0,121.0,2007-07-01,2007-09-03,64,25,27.167036,28.053823,26.441856,86.039894,4.174161,5.814047,89.324554,82.06785,5.2876196,2.9652023
22.0,122.0,2007-07-01,2007-09-04,65,25,27.994413,28.437895,27.515938,84.87874,5.151731,9.513715,87.442116,82.31599,6.431573,3.838914
24.0,120.0,2007-07-01,2007-09-04,65,25,27.266369,28.267828,26.507696,85.55707,3.708354,8.41264,89.60997,80.41626,4.8054357,2.6555064
25.0,121.0,2007-07-01,2007-09-04,65,25,27.205853,28.155407,26.38916,85.77128,4.317397,9.098978,89.56577,81.2445,5.2600665,3.294134
25.0,122.0,2007-07-01,2007-09-04,65,25,27.920198,28.354126,27.443872,84.5477,5.289148,8.216407,86.73262,82.47208,6.3010573,4.110286
23.0,120.0,2007-07-01,2007-09-04,65,25,27.308765,28.400537,26.608227,85.15383,3.227055,9.794782,88.70423,79.50889,3.944435,2.4141855
23.0,122.0,2007-07-01,2007-09-04,65,25,26.002497,26.950254,25.183891,85.9001,3.5842273,9.371809,89.43451,82.08301,4.525715,2.5353544
22.0,121.0,2007-07-01,2007-09-04,65,25,27.30442,28.1792,26.609497,85.33186,3.6595623,10.98833,88.49429,81.067154,4.506628,2.7366438
24.0,122.0,2007-07-01,2007-09-04,65,25,26.005318,26.867195,25.25458,85.52208,3.413697,8.556074,88.35176,82.241905,4.160296,2.5663726
22.0,120.0,2007-07-01,2007-09-04,65,25,27.408327,28.302036,26.7562,84.84426,4.0486565,10.926374,87.883675,80.354324,4.7794127,3.2005656
25.0,120.0,2007-07-01,2007-09-04,65,25,26.922222,28.260094,25.888243,86.017044,3.9630363,12.127236,90.79292,79.83322,5.118441,2.8238904
24.0,121.0,2007-07-01,2007-09-04,65,25,25.278791,26.71997,24.135244,86.83454,2.4620543,9.4560375,91.526535,80.78573,3.463878,1.501698
23.0,121.0,2007-07-01,2007-09-04,65,25,25.314316,26.824936,24.22433,86.41548,2.041499,10.840315,90.6469,79.929985,2.5780044,1.4643954
24.0,122.0,2007-07-01,2007-09-05,66,25,26.07428,26.86562,25.423853,85.40155,3.2516778,7.7268944,87.98339,82.29387,4.1962676,2.312049
23.0,120.0,2007-07-01,2007-09-05,66,25,27.288784,28.290125,26.567993,85.34051,2.772998,8.642723,88.82498,80.21938,3.6274765,2.0002208
22.0,120.0,2007-07-01,2007-09-05,66,25,27.294783,28.140251,26.616577,85.40179,3.5471766,10.924216,88.499016,81.29185,4.591111,2.463863
24.0,121.0,2007-07-01,2007-09-05,66,25,25.320139,26.677126,24.277744,86.880646,2.5137708,8.733362,90.69814,81.52098,3.4660046,1.713986
25.0,120.0,2007-07-01,2007-09-05,66,25,26.887335,28.165712,25.891542,86.44461,4.252125,9.141999,90.79397,80.99504,5.4373283,3.066
23.0,122.0,2007-07-01,2007-09-05,66,25,26.071646,26.934927,25.359325,85.59034,3.5144968,7.769923,88.3486,82.12152,4.4454975,2.5803373
22.0,122.0,2007-07-01,2007-09-05,66,25,27.990986,28.449926,27.548262,84.835655,5.416297,8.946373,87.2318,82.49571,6.5845556,4.2324853
23.0,121.0,2007-07-01,2007-09-05,66,25,25.31597,26.712656,24.273237,86.502205,1.91102,9.763331,90.55058,80.71923,2.4074008,1.41277
25.0,122.0,2007-07-01,2007-09-05,66,25,27.935724,28.412592,27.440075,84.45137,5.101103,6.9072003,86.92373,82.17969,6.3735805,3.8437414
22.0,121.0,2007-07-01,2007-09-05,66,25,27.232904,28.050491,26.519365,85.67937,3.8162127,10.953208,88.93477,81.8295,4.815008,2.8854368
24.0,120.0,2007-07-01,2007-09-05,66,25,27.286274,28.249382,26.534815,85.72421,3.4899793,7.6158104,89.30318,81.08365,4.5667152,2.4981604
25.0,121.0,2007-07-01,2007-09-05,66,25,27.193958,28.120363,26.402729,85.851204,4.381735,7.903599,89.46456,81.8228,5.385227,3.3564343
22.0,120.0,2007-07-01,2007-09-06,67,25,27.396399,28.268486,26.838673,85.080154,3.5613098,9.370114,87.83775,80.765686,4.4433665,2.6551008
22.0,121.0,2007-07-01,2007-09-06,67,25,27.291224,28.174942,26.660229,85.55112,3.9550483,11.056209,88.65203,81.29565,4.944477,3.0595198
25.0,121.0,2007-07-01,2007-09-06,67,25,27.301502,28.222252,26.552061,85.74044,4.447554,8.809506,89.29863,81.535835,5.5180573,3.3994913
24.0,120.0,2007-07-01,2007-09-06,67,25,27.384659,28.34353,26.717955,85.56167,3.826136,8.520509,89.122795,80.57078,5.175644,2.4338212
23.0,122.0,2007-07-01,2007-09-06,67,25,26.104336,26.962847,25.398544,85.88113,4.202265,11.844174,89.00562,81.87608,5.0648384,3.198517
24.0,122.0,2007-07-01,2007-09-06,67,25,26.157299,26.961182,25.499619,85.65158,4.0662045,8.321534,88.591156,82.11315,4.93959,3.0708673
24.0,121.0,2007-07-01,2007-09-06,67,25,25.469145,26.849321,24.456089,86.712326,2.9858608,10.090942,91.14154,80.52592,4.173257,1.969228
22.0,122.0,2007-07-01,2007-09-06,67,25,27.994326,28.43269,27.524834,84.95292,5.9002595,13.405761,87.32436,82.70365,7.084981,4.4671574
23.0,121.0,2007-07-01,2007-09-06,67,25,25.402855,26.840122,24.414244,86.55064,2.1142695,9.515987,90.86601,80.011696,2.6658719,1.5758853
25.0,120.0,2007-07-01,2007-09-06,67,25,27.034056,28.390718,26.032799,85.74501,4.3974276,9.590455,90.28876,79.448364,5.5297685,3.3026798
23.0,120.0,2007-07-01,2007-09-06,67,25,27.324844,28.348442,26.684624,85.385956,2.8297606,7.9357886,88.67722,80.030495,3.8037078,1.943078
25.0,122.0,2007-07-01,2007-09-06,67,25,27.977444,28.380327,27.516455,84.76098,5.433891,7.0544395,87.2695,82.4554,6.4840574,4.2026143
23.0,121.0,2007-07-01,2007-09-07,68,25,25.366087,26.807148,24.304249,86.87846,2.0312757,12.636557,90.70845,81.03897,2.6504564,1.3957347
24.0,122.0,2007-07-01,2007-09-07,68,25,26.105042,26.926764,25.344786,85.82657,3.6438406,11.281567,88.473785,82.735115,4.6943564,2.650662
22.0,120.0,2007-07-01,2007-09-07,68,25,27.419527,28.177301,26.846949,85.12047,3.8304925,10.84914,87.69124,81.696724,4.854267,2.835946
25.0,122.0,2007-07-01,2007-09-07,68,25,27.939085,28.32284,27.472544,84.78466,5.2003956,7.3304567,87.1378,82.81891,6.333823,3.785349
25.0,120.0,2007-07-01,2007-09-07,68,25,26.956362,28.255388,25.985205,86.00669,4.290924,8.790418,90.594406,80.25906,5.5859513,3.0376816
24.0,121.0,2007-07-01,2007-09-07,68,25,25.421663,26.745092,24.35746,87.0173,2.8389366,11.584914,90.960556,81.85622,3.98896,1.6797556
22.0,122.0,2007-07-01,2007-09-07,68,25,28.04151,28.498116,27.567373,85.02319,6.5683656,13.333574,87.53292,82.56292,7.5994606,5.504848
23.0,122.0,2007-07-01,2007-09-07,68,25,26.10548,26.970835,25.392515,86.140724,4.2866297,12.317948,88.8906,82.598625,5.095775,3.3459475
22.0,121.0,2007-07-01,2007-09-07,68,25,27.300224,28.130287,26.612486,85.692406,4.294675,13.65218,88.92987,81.854126,5.295957,3.2845645
24.0,120.0,2007-07-01,2007-09-07,68,25,27.329746,28.209532,26.63152,85.89782,4.0708647,10.07094,89.42767,81.63486,5.6702867,2.5803802
23.0,120.0,2007-07-01,2007-09-07,68,25,27.28079,28.263721,26.602446,85.75827,3.2237356,11.113728,89.01958,80.9523,4.3193965,2.2092524
25.0,121.0,2007-07-01,2007-09-07,68,25,27.267878,28.088228,26.554014,85.883965,4.348881,7.622205,89.26535,82.305,5.527521,3.1396809
23.0,120.0,2007-07-01,2007-09-08,69,25,27.200466,28.17621,26.495518,85.683685,3.0065508,7.765172,88.79592,80.81464,4.003691,1.9889389
22.0,120.0,2007-07-01,2007-09-08,69,25,27.249937,27.946377,26.617285,85.44795,3.7643425,11.747105,88.17652,82.08506,4.86619,2.821786
25.0,120.0,2007-07-01,2007-09-08,69,25,26.95268,28.317333,25.985624,85.46913,3.8119187,9.16867,89.9365,79.3445,4.985919,2.6372705
24.0,121.0,2007-07-01,2007-09-08,69,25,25.334112,26.678926,24.311,86.75,2.6199512,11.470002,90.63579,81.48499,3.5303586,1.7600235
23.0,121.0,2007-07-01,2007-09-08,69,25,25.228876,26.595156,24.19859,87.037735,2.0210607,10.672271,90.62986,81.36963,2.6676002,1.3668256
23.0,122.0,2007-07-01,2007-09-08,69,25,26.081667,26.928389,25.41621,85.9519,4.101322,9.032261,88.827385,82.269295,4.856846,3.3093824
22.0,121.0,2007-07-01,2007-09-08,69,25,27.199469,27.93875,26.527184,85.73075,4.4400477,11.711089,88.807205,81.99907,5.3990693,3.497663
24.0,122.0,2007-07-01,2007-09-08,69,25,26.069109,26.872211,25.40937,85.59659,3.4101522,7.861299,88.373886,82.53733,4.3632402,2.3637013
25.0,122.0,2007-07-01,2007-09-08,69,25,27.950918,28.352867,27.525372,84.08785,4.9206886,6.2847595,86.40719,81.83292,6.1236305,3.612542
22.0,122.0,2007-07-01,2007-09-08,69,25,28.054922,28.468534,27.672213,84.71782,6.4621077,10.052464,86.957985,82.36819,7.6298122,5.2977543
24.0,120.0,2007-07-01,2007-09-08,69,25,27.298872,28.287281,26.584414,85.41464,3.705484,8.57327,88.8248,80.9749,4.9956098,2.3765883
25.0,121.0,2007-07-01,2007-09-08,69,25,27.228535,28.158995,26.476625,85.14935,4.125222,9.865386,88.775635,80.85199,5.1146317,3.101795
23.0,121.0,2007-07-01,2007-09-09,70,25,25.334553,26.830994,24.244268,86.17458,1.6268238,10.253554,90.23116,79.97707,2.1207561,1.1674099
24.0,121.0,2007-07-01,2007-09-09,70,25,25.405247,26.878819,24.304522,86.25258,2.3459117,8.747514,90.47901,80.2353,3.2807407,1.4640899
25.0,120.0,2007-07-01,2007-09-09,70,25,27.039898,28.557135,25.95065,85.07843,3.7284076,4.5891943,90.05585,77.71226,4.759275,2.5752957
25.0,121.0,2007-07-01,2007-09-09,70,25,27.245691,28.274918,26.40774,85.082146,3.9242976,4.6545024,89.0526,80.25859,4.9325666,2.8705099
22.0,121.0,2007-07-01,2007-09-09,70,25,27.291725,28.154547,26.566578,85.30336,4.0826683,10.21449,88.769295,81.07789,5.1486554,3.1062968
24.0,120.0,2007-07-01,2007-09-09,70,25,27.322105,28.379911,26.561714,85.362366,3.3329563,4.5248013,89.18262,80.16599,4.380574,2.2216163
23.0,120.0,2007-07-01,2007-09-09,70,25,27.258123,28.336538,26.494726,85.27373,2.6576984,6.0125256,88.994354,79.91848,3.4513562,1.9414072
25.0,122.0,2007-07-01,2007-09-09,70,25,28.005678,28.45438,27.515137,83.43177,4.535645,3.7511823,86.16082,81.084335,5.5787716,3.3520691
24.0,122.0,2007-07-01,2007-09-09,70,25,26.177727,27.0398,25.43402,84.493866,2.8729703,7.829852,87.1293,81.19151,3.6821096,2.0360093
22.0,122.0,2007-07-01,2007-09-09,70,25,28.118694,28.533457,27.656557,84.312546,5.820234,9.513197,86.901115,82.22363,7.3665056,4.374923
22.0,120.0,2007-07-01,2007-09-09,70,25,27.358025,28.185879,26.678154,84.82805,3.7707305,9.462232,88.173965,80.77879,4.8473186,2.8731356
23.0,122.0,2007-07-01,2007-09-09,70,25,26.159214,27.055717,25.395527,85.105156,3.4669113,9.566604,87.80018,81.64051,4.55978,2.3661504
25.0,121.0,2007-07-01,2007-09-10,71,25,27.18698,28.101751,26.44894,84.75359,4.299115,5.7141175,88.40781,80.52035,5.44712,2.9991403
23.0,120.0,2007-07-01,2007-09-10,71,25,27.215221,28.237276,26.479214,85.16395,2.9525394,13.69325,88.93167,80.0405,3.933084,1.8907236
24.0,120.0,2007-07-01,2007-09-10,71,25,27.249084,28.187271,26.530195,85.062744,3.8130724,7.597358,88.58883,80.35689,5.1455407,2.3570566
22.0,121.0,2007-07-01,2007-09-10,71,25,27.247917,28.10186,26.52392,85.39928,3.8848858,18.330395,88.83758,81.32713,4.830507,2.975626
23.0,122.0,2007-07-01,2007-09-10,71,25,25.987183,26.790712,25.32041,85.17393,3.2732532,17.236954,88.040634,81.589775,4.18174,2.3423038
25.0,122.0,2007-07-01,2007-09-10,71,25,27.932976,28.365206,27.499414,83.379105,4.9122353,6.7453065,86.38666,80.98931,6.1717176,3.5951319
22.0,120.0,2007-07-01,2007-09-10,71,25,27.336132,28.174786,26.663862,84.983826,4.044358,17.216507,88.361824,80.92613,5.184736,2.9101298
24.0,121.0,2007-07-01,2007-09-10,71,25,25.280315,26.595596,24.23585,86.15496,2.5597582,14.678968,90.34177,80.522316,3.597651,1.4990329
22.0,122.0,2007-07-01,2007-09-10,71,25,27.997751,28.386763,27.602558,84.38388,5.1196513,14.74397,86.7213,82.17834,6.332258,3.6355982
25.0,120.0,2007-07-01,2007-09-10,71,25,26.942636,28.337715,25.940166,84.8617,4.1361723,6.028146,89.824196,77.86201,5.274541,2.714616
24.0,122.0,2007-07-01,2007-09-10,71,25,26.038689,26.848764,25.300787,84.67839,3.0553741,15.702221,88.1083,80.99919,4.103247,1.9838203
23.0,121.0,2007-07-01,2007-09-10,71,25,25.239586,26.63086,24.180859,86.27494,1.7634066,20.802013,90.75456,80.09441,2.307214,1.1911845
23.0,122.0,2007-07-01,2007-09-11,72,25,25.816809,26.60088,25.136919,86.3511,3.382739,17.094734,89.265945,82.71998,4.478429,2.3176937
24.0,122.0,2007-07-01,2007-09-11,72,25,25.846243,26.604265,25.194067,85.490944,3.6392257,16.963818,88.75752,81.68983,4.756436,2.4839315
25.0,120.0,2007-07-01,2007-09-11,72,25,26.840382,28.058378,25.888384,84.6998,4.160221,9.090896,88.963615,78.685905,5.3196864,2.863135
22.0,121.0,2007-07-01,2007-09-11,72,25,27.138273,27.87688,26.489511,85.95034,4.0842814,13.029802,88.81497,82.637375,5.154498,3.1189032
22.0,120.0,2007-07-01,2007-09-11,72,25,27.191483,27.896612,26.617138,85.61275,4.1554384,13.731399,88.3094,82.32987,5.3087244,3.0438747
24.0,120.0,2007-07-01,2007-09-11,72,25,27.164995,28.039585,26.479448,85.10909,3.5511446,8.3807535,88.48329,80.7674,4.787768,2.21182
23.0,120.0,2007-07-01,2007-09-11,72,25,27.077454,27.982481,26.386518,85.648285,3.1291704,11.721505,88.89504,81.20096,4.04469,2.2015944
25.0,121.0,2007-07-01,2007-09-11,72,25,27.119637,27.905857,26.402744,84.40053,4.3838286,6.716324,87.816826,80.233154,5.489066,3.1488538
25.0,122.0,2007-07-01,2007-09-11,72,25,27.774221,28.186035,27.313625,83.20634,5.4380407,9.674087,86.32764,80.05593,6.6880608,4.1104536
24.0,121.0,2007-07-01,2007-09-11,72,25,25.179632,26.399818,24.22186,86.807755,2.483363,13.992622,90.59883,81.548546,3.4327893,1.4901702
23.0,121.0,2007-07-01,2007-09-11,72,25,25.085135,26.373014,24.087412,87.3916,2.1848688,17.359024,91.22712,82.00268,2.8633838,1.5631194
22.0,122.0,2007-07-01,2007-09-11,72,25,27.872065,28.312128,27.452553,84.98184,5.1552734,12.762463,87.11715,82.80444,6.520015,3.8280737
25.0,122.0,2007-07-01,2007-09-12,73,25,27.642246,28.011904,27.25334,82.404854,5.558171,10.988012,84.79394,80.042366,6.727915,4.345826
25.0,121.0,2007-07-01,2007-09-12,73,25,26.8857,27.61596,26.247353,84.24051,4.565805,12.153481,87.3717,80.69628,5.690443,3.381971
22.0,120.0,2007-07-01,2007-09-12,73,25,27.077097,27.800503,26.443525,85.48681,4.642297,12.704624,88.53419,81.931404,5.8478436,3.5350513
23.0,120.0,2007-07-01,2007-09-12,73,25,26.964617,27.885015,26.292149,85.5031,3.6435525,11.217812,88.57461,81.11037,4.6899743,2.5365598
23.0,121.0,2007-07-01,2007-09-12,73,25,24.993654,26.335588,24.079374,86.8341,2.303248,13.184668,90.60711,81.18256,3.1236682,1.6501416
24.0,121.0,2007-07-01,2007-09-12,73,25,25.031456,26.245184,24.126202,86.434746,2.728161,14.142618,90.275085,81.175964,3.7313366,1.7585541
24.0,122.0,2007-07-01,2007-09-12,73,25,25.800627,26.506664,25.189892,84.447624,3.766256,12.961282,87.789795,81.04753,4.842423,2.6082053
23.0,122.0,2007-07-01,2007-09-12,73,25,25.812424,26.609516,25.156363,85.4193,4.094385,14.517374,88.58653,81.798195,5.2078815,2.9379046
22.0,122.0,2007-07-01,2007-09-12,73,25,27.845896,28.257563,27.424044,84.26703,5.9068575,14.2961235,86.646515,82.03209,7.331629,4.2489133
24.0,120.0,2007-07-01,2007-09-12,73,25,26.99563,27.795238,26.348745,85.126976,4.0656266,12.185214,88.261505,81.189445,5.421286,2.789469
22.0,121.0,2007-07-01,2007-09-12,73,25,27.024786,27.82059,26.35523,85.606415,4.1910276,12.956394,88.556175,81.976875,5.388175,2.994649
25.0,120.0,2007-07-01,2007-09-12,73,25,26.539331,27.60453,25.719276,85.01932,4.29398,12.7467375,88.5935,80.12965,5.4058466,3.032422
24.0,120.0,2007-07-01,2007-09-13,74,25,27.05012,27.855492,26.408575,84.307884,4.585455,9.884682,87.54297,80.21108,5.988117,2.8819056
22.0,122.0,2007-07-01,2007-09-13,74,25,27.882147,28.31269,27.390224,83.562614,6.421816,12.897068,85.77243,81.178024,7.6201077,5.219
23.0,121.0,2007-07-01,2007-09-13,74,25,24.995127,26.381285,24.008028,86.69874,2.486136,14.996685,90.41728,81.04378,3.193272,1.8567182
24.0,121.0,2007-07-01,2007-09-13,74,25,25.068266,26.339895,24.130112,86.07353,3.1247282,13.104283,89.91354,81.06769,4.305063,1.8787221
23.0,122.0,2007-07-01,2007-09-13,74,25,25.83249,26.6096,25.134005,84.98679,4.1626415,12.930943,87.86535,81.55716,5.3027787,3.1236475
24.0,122.0,2007-07-01,2007-09-13,74,25,25.81108,26.49136,25.195162,84.494705,4.250754,11.250339,87.17264,81.35492,5.2593727,3.0249178
25.0,120.0,2007-07-01,2007-09-13,74,25,26.618103,27.79815,25.739996,83.99825,4.3684607,10.8911495,88.22399,78.27087,5.598944,3.0884697
23.0,120.0,2007-07-01,2007-09-13,74,25,26.983831,27.889511,26.32752,84.88724,4.003621,11.769444,88.090614,80.227516,5.0371895,2.994785
22.0,120.0,2007-07-01,2007-09-13,74,25,27.081097,27.826128,26.48286,84.94723,4.8374705,14.695173,87.4782,81.41773,5.956347,3.768663
25.0,121.0,2007-07-01,2007-09-13,74,25,26.942076,27.670795,26.328726,83.71494,4.7031827,9.801362,86.68133,80.33186,5.694684,3.614256
25.0,122.0,2007-07-01,2007-09-13,74,25,27.672207,27.98039,27.327217,82.27646,5.9137936,7.969088,84.446915,80.187164,7.02182,4.6583524
22.0,121.0,2007-07-01,2007-09-13,74,25,27.042286,27.821226,26.387646,85.151855,4.711859,14.975625,87.92659,81.39867,5.601676,3.8125358
25.0,120.0,2007-07-01,2007-09-14,75,25,26.613169,27.897654,25.65713,83.80092,4.543829,13.563368,88.36287,77.43002,5.7435164,3.2784705
23.0,122.0,2007-07-01,2007-09-14,75,25,25.89435,26.791899,25.171318,84.77801,4.5857744,8.969261,88.28822,80.85614,5.5587153,3.5479844
24.0,122.0,2007-07-01,2007-09-14,75,25,25.884775,26.691744,25.237764,84.04919,4.4181757,8.613112,87.34165,80.34986,5.3989024,3.213861
22.0,122.0,2007-07-01,2007-09-14,75,25,28.043236,28.445063,27.604904,83.14262,6.9864497,10.604999,86.0696,80.560135,8.3123045,5.4801273
24.0,121.0,2007-07-01,2007-09-14,75,25,25.089808,26.486485,24.01225,85.62323,3.1826968,11.677084,90.06016,79.672615,4.1590877,2.2219357
22.0,120.0,2007-07-01,2007-09-14,75,25,27.294067,28.205616,26.675512,83.4383,4.387719,10.492078,86.45169,79.23169,5.524017,3.2921991
23.0,120.0,2007-07-01,2007-09-14,75,25,27.11524,28.213587,26.419195,84.14025,3.9114556,10.092609,87.92724,78.57747,4.9608974,2.8555596
25.0,121.0,2007-07-01,2007-09-14,75,25,26.978884,27.877722,26.23692,83.80548,4.799878,9.462419,87.8751,79.31076,5.7845097,3.65362
23.0,121.0,2007-07-01,2007-09-14,75,25,25.085388,26.664696,24.031212,85.86367,2.4632914,10.823809,89.88129,79.19912,3.1717074,1.8617381
25.0,122.0,2007-07-01,2007-09-14,75,25,27.760445,28.170042,27.375595,82.34146,6.155077,6.425005,85.27803,79.549324,7.381136,4.670251
22.0,121.0,2007-07-01,2007-09-14,75,25,27.232277,28.190187,26.544825,84.11805,4.974085,12.460773,87.72507,79.556946,5.9759483,3.7677536
24.0,120.0,2007-07-01,2007-09-14,75,25,27.112759,28.041847,26.397345,83.92776,4.568282,10.949842,88.004265,78.90753,5.7793865,3.2629058
24.0,121.0,2007-07-01,2007-09-15,76,25,25.260612,26.7468,24.200245,85.53916,3.653607,9.109829,89.31328,79.89693,4.825101,2.5356488
23.0,121.0,2007-07-01,2007-09-15,76,25,25.17647,26.759653,24.02814,85.9089,2.506436,10.7177925,90.66347,78.9335,3.12914,1.9036369
23.0,122.0,2007-07-01,2007-09-15,76,25,25.98271,26.916176,25.237856,84.97714,4.8732586,11.82284,88.545334,80.80713,5.923153,3.640277
22.0,120.0,2007-07-01,2007-09-15,76,25,27.32631,28.227016,26.601562,83.93289,4.602048,10.561545,87.47626,79.47833,5.872325,3.2980142
25.0,122.0,2007-07-01,2007-09-15,76,25,27.768745,28.175438,27.328363,83.176094,6.338527,7.2540574,85.863525,80.67327,7.414195,5.0378757
22.0,121.0,2007-07-01,2007-09-15,76,25,27.183325,28.027407,26.438198,84.9919,5.2612824,15.269495,88.795334,80.708534,6.156834,4.253596
22.0,122.0,2007-07-01,2007-09-15,76,25,27.991432,28.43791,27.517237,84.14653,7.4907494,16.376066,86.924385,81.40765,8.769833,6.0653477
24.0,122.0,2007-07-01,2007-09-15,76,25,25.976572,26.90852,25.236391,84.47129,4.362353,9.953336,87.784,80.42223,5.386937,3.2113853
25.0,120.0,2007-07-01,2007-09-15,76,25,26.764648,28.094656,25.833067,83.90848,5.3582306,7.713346,87.97555,78.77361,6.55815,3.9707308
23.0,120.0,2007-07-01,2007-09-15,76,25,27.18206,28.207256,26.43295,84.74628,4.0648055,7.1463294,88.67689,79.58497,5.067626,2.96671
24.0,120.0,2007-07-01,2007-09-15,76,25,27.258978,28.195774,26.579727,84.40343,5.2103887,5.572539,87.63291,80.47224,6.5693626,3.742947
25.0,121.0,2007-07-01,2007-09-15,76,25,27.065588,27.94582,26.332989,84.15548,5.420001,6.418485,87.20529,80.73327,6.5690336,4.138295
24.0,121.0,2007-07-01,2007-09-16,77,25,25.15632,26.583755,24.008448,86.04414,3.3748412,10.019759,90.48476,80.07409,4.4176574,2.259171
22.0,120.0,2007-07-01,2007-09-16,77,25,27.279089,28.138462,26.616816,84.22294,4.4404354,9.555891,87.43624,79.901184,5.73204,3.1803553
23.0,121.0,2007-07-01,2007-09-16,77,25,25.092419,26.60783,24.008902,86.52817,2.165192,10.845874,90.776566,79.752,2.8204465,1.562306
23.0,122.0,2007-07-01,2007-09-16,77,25,25.8614,26.667686,25.133642,85.54085,4.43253,16.12236,88.585266,81.92495,5.3805065,3.2822814
24.0,122.0,2007-07-01,2007-09-16,77,25,25.826927,26.63611,25.12522,85.36645,4.160397,12.108694,88.24519,82.03742,4.9944887,3.3270342
22.0,122.0,2007-07-01,2007-09-16,77,25,27.926878,28.310863,27.520123,84.11943,6.7973647,18.478928,86.69534,81.679924,7.981867,5.41926
22.0,121.0,2007-07-01,2007-09-16,77,25,27.156137,28.001991,26.478111,85.0007,4.7050805,13.164292,88.35811,80.695305,5.8563137,3.6426034
23.0,120.0,2007-07-01,2007-09-16,77,25,27.130386,28.183186,26.373398,84.987854,3.843567,6.318584,88.78348,79.449326,4.9711857,2.5684469
24.0,120.0,2007-07-01,2007-09-16,77,25,27.187136,28.167583,26.365166,84.53906,5.092818,5.519032,88.44749,79.86032,6.590329,3.2873385
25.0,121.0,2007-07-01,2007-09-16,77,25,26.985315,27.897026,26.230068,84.539795,5.491982,6.7617064,88.3719,80.19558,6.5149407,4.345995
25.0,122.0,2007-07-01,2007-09-16,77,25,27.643633,28.038034,27.255121,83.931305,6.3821373,8.835681,86.59459,81.40063,7.3255053,5.256177
25.0,120.0,2007-07-01,2007-09-16,77,25,26.69439,28.064941,25.65377,84.33883,5.212723,7.0125637,89.1361,77.98721,6.411259,3.8385503
25.0,120.0,2007-07-01,2007-09-17,78,25,26.53792,27.787037,25.582388,83.40617,5.1772094,9.827907,87.5264,77.76386,6.2239165,4.037352
25.0,122.0,2007-07-01,2007-09-17,78,25,27.586329,27.978018,27.206139,83.262634,6.6286116,8.516266,85.291046,80.948135,7.597255,5.6345625
25.0,121.0,2007-07-01,2007-09-17,78,25,26.861849,27.633404,26.207964,83.874306,5.4309044,7.5088806,87.01238,80.0537,6.4307103,4.271345
24.0,120.0,2007-07-01,2007-09-17,78,25,27.040522,27.890762,26.392363,83.87175,5.221278,8.013026,87.27069,79.65517,6.3834033,3.8392112
22.0,122.0,2007-07-01,2007-09-17,78,25,27.943943,28.349722,27.509071,83.776146,6.471013,15.574054,86.13064,81.43491,7.647918,5.3184443
23.0,121.0,2007-07-01,2007-09-17,78,25,25.069153,26.661217,23.937778,86.07458,2.2322555,15.661948,90.565506,79.14098,2.9443295,1.3908834
22.0,121.0,2007-07-01,2007-09-17,78,25,27.158445,28.077114,26.440079,84.60324,4.5056243,14.057947,88.08711,79.87155,5.5492797,3.466228
23.0,120.0,2007-07-01,2007-09-17,78,25,27.042645,28.096914,26.29439,84.21156,4.0929923,10.396148,88.04253,79.059975,5.037709,3.0735955
24.0,121.0,2007-07-01,2007-09-17,78,25,25.073967,26.454931,24.047138,85.66622,3.3048162,13.244652,89.5738,79.97261,4.265443,2.227831
24.0,122.0,2007-07-01,2007-09-17,78,25,25.811583,26.713354,25.085644,84.99839,4.369063,14.255092,87.71595,81.60669,5.175432,3.4740515
23.0,122.0,2007-07-01,2007-09-17,78,25,25.852684,26.778038,25.12484,85.155624,4.1803865,17.167686,88.21877,81.14287,5.1303215,3.052316
22.0,120.0,2007-07-01,2007-09-17,78,25,27.223442,28.066914,26.562153,83.69978,4.3502913,12.585784,86.56553,79.54874,5.547128,3.1305835
24.0,120.0,2007-07-01,2007-09-18,79,25,26.953691,27.870796,26.310957,83.68752,5.096342,8.066715,87.027214,79.149,6.740701,3.5559082
25.0,120.0,2007-07-01,2007-09-18,79,25,26.459772,27.786566,25.538174,82.97532,5.195384,9.428969,87.33148,76.76584,6.5927553,3.9068127
25.0,121.0,2007-07-01,2007-09-18,79,25,26.799576,27.624582,26.150507,83.44623,5.630062,6.007692,86.313156,79.91008,6.9446588,4.2430787
22.0,122.0,2007-07-01,2007-09-18,79,25,27.876987,28.289488,27.459751,84.00413,7.165523,9.108284,86.605736,81.33109,8.439632,5.8004417
23.0,122.0,2007-07-01,2007-09-18,79,25,25.862755,26.79042,25.178843,84.92984,4.924731,10.669866,87.937874,80.713646,5.901809,3.8199053
22.0,121.0,2007-07-01,2007-09-18,79,25,27.058334,28.006577,26.356045,84.730354,4.8988733,13.985904,88.298485,79.80471,5.9070625,3.9136515
23.0,121.0,2007-07-01,2007-09-18,79,25,25.04604,26.700205,23.952114,85.76312,2.4932163,15.532845,90.16951,78.3019,3.1750252,1.7659128
24.0,121.0,2007-07-01,2007-09-18,79,25,25.055292,26.559544,24.03288,85.27355,3.53937,9.562688,89.20285,79.11591,4.562578,2.4544213
25.0,122.0,2007-07-01,2007-09-18,79,25,27.554726,27.901993,27.178896,82.71171,6.8071356,6.5643325,84.69576,80.678734,7.971349,5.4452705
24.0,122.0,2007-07-01,2007-09-18,79,25,25.823753,26.726337,25.152393,84.4302,4.756946,10.099491,87.180565,80.760086,5.762479,3.7864313
22.0,120.0,2007-07-01,2007-09-18,79,25,27.218906,28.177544,26.512104,83.17312,4.4739347,13.078308,86.589745,78.31807,5.5270805,3.401352
23.0,120.0,2007-07-01,2007-09-18,79,25,26.950974,28.034418,26.256319,84.105865,4.1100984,14.037175,88.111946,78.20948,5.212535,2.8965335
25.0,121.0,2007-07-01,2007-09-19,80,25,26.79281,27.730867,25.996773,83.4978,5.611112,6.3195214,87.372795,79.026405,6.69779,4.210614
24.0,120.0,2007-07-01,2007-09-19,80,25,26.992887,27.996614,26.193794,83.73556,5.5046973,5.610033,87.85815,78.49917,6.8180666,3.793042
23.0,120.0,2007-07-01,2007-09-19,80,25,26.978111,28.064869,26.229986,84.18212,4.089719,6.810846,88.02556,78.02838,5.1244154,2.9433792
25.0,120.0,2007-07-01,2007-09-19,80,25,26.486456,27.966019,25.412178,82.766785,5.358893,7.3348374,87.74507,75.74746,6.4787874,3.982434
24.0,122.0,2007-07-01,2007-09-19,80,25,25.764511,26.655054,24.976587,83.93945,4.3692017,8.034603,87.5188,79.98231,5.1597056,3.4836123
23.0,122.0,2007-07-01,2007-09-19,80,25,25.787844,26.759829,24.973501,84.311066,4.3577604,9.997497,87.862015,80.00423,5.1262903,3.5640113
23.0,121.0,2007-07-01,2007-09-19,80,25,25.024927,26.62486,23.936953,85.47781,2.3164725,8.214353,89.89893,78.042854,2.9442174,1.6905347
25.0,122.0,2007-07-01,2007-09-19,80,25,27.498772,27.898523,27.028414,82.55928,6.286624,7.335757,85.1777,80.11149,7.2370234,5.172921
22.0,122.0,2007-07-01,2007-09-19,80,25,27.856497,28.289932,27.339684,82.96083,6.378348,10.817197,85.945526,80.22204,7.335381,5.4414244
22.0,120.0,2007-07-01,2007-09-19,80,25,27.167479,28.054882,26.49502,83.4436,3.851027,8.266849,87.08586,78.47588,5.1014996,2.6260695
24.0,121.0,2007-07-01,2007-09-19,80,25,25.046206,26.560776,23.89877,84.98727,3.6768546,7.0049415,89.48197,78.40755,4.626496,2.5927136
22.0,121.0,2007-07-01,2007-09-19,80,25,27.0917,28.035006,26.337446,84.00934,4.2771645,9.033142,87.72119,78.96329,5.2608047,3.3161268
24.0,120.0,2007-07-01,2007-09-20,81,25,26.926878,27.91103,26.248232,83.863884,5.472555,6.668982,87.42675,78.887566,6.878941,3.9454627
22.0,121.0,2007-07-01,2007-09-20,81,25,26.947294,27.818785,26.283447,84.79182,4.693863,12.400491,87.76468,80.516754,5.5743227,3.864248
23.0,121.0,2007-07-01,2007-09-20,81,25,24.914114,26.425688,23.888384,86.04791,2.3634026,13.865643,89.85913,79.63294,2.9803972,1.7808061
22.0,122.0,2007-07-01,2007-09-20,81,25,27.726748,28.129063,27.25504,83.68721,7.0639296,12.420945,86.51802,80.984085,8.192149,5.8450603
23.0,120.0,2007-07-01,2007-09-20,81,25,26.882103,27.875526,26.224482,84.575325,4.04512,9.334701,87.95903,79.16868,4.9095564,3.1038382
25.0,122.0,2007-07-01,2007-09-20,81,25,27.48523,27.894287,27.098291,82.47007,6.435615,6.712926,84.96822,79.989044,7.398269,5.346206
22.0,120.0,2007-07-01,2007-09-20,81,25,27.059822,27.887714,26.443642,84.11099,3.7663407,10.363445,86.95456,79.99373,4.8724384,2.713636
23.0,122.0,2007-07-01,2007-09-20,81,25,25.69167,26.609308,24.951973,84.80463,4.71652,13.888228,88.04851,80.77595,5.570726,3.7153854
25.0,120.0,2007-07-01,2007-09-20,81,25,26.371618,27.764624,25.392725,82.690056,5.7568016,6.5444727,87.41955,76.38723,6.8613696,4.554304
25.0,121.0,2007-07-01,2007-09-20,81,25,26.761368,27.719732,26.065264,83.53153,5.763615,5.533728,86.78462,79.07471,6.7272277,4.5893517
24.0,122.0,2007-07-01,2007-09-20,81,25,25.701777,26.57124,25.022573,84.12768,4.491065,12.355633,87.148674,80.48268,5.3948793,3.4295053
24.0,121.0,2007-07-01,2007-09-20,81,25,24.965593,26.46274,23.913145,85.28345,3.8470106,11.17613,89.201324,79.237564,4.864815,2.8089933
22.0,121.0,2007-07-01,2007-09-21,82,25,26.962967,27.844755,26.208662,84.4873,4.944812,13.2918215,88.23792,80.010864,6.0518827,3.8301675
25.0,122.0,2007-07-01,2007-09-21,82,25,27.30195,27.653322,26.90645,83.34628,6.8809447,9.359644,85.586044,81.014984,8.052249,5.4321527
23.0,120.0,2007-07-01,2007-09-21,82,25,26.91645,27.89271,26.165133,84.327034,4.5397267,6.5019703,87.86712,79.222664,5.622302,3.3803244
24.0,120.0,2007-07-01,2007-09-21,82,25,26.961582,27.875093,26.28099,83.45362,6.420611,4.9822044,86.861885,78.95165,7.8289385,4.6941566
24.0,122.0,2007-07-01,2007-09-21,82,25,25.527393,26.276365,24.884756,85.29685,4.932522,13.774314,88.23943,81.78888,6.036213,3.7069495
24.0,121.0,2007-07-01,2007-09-21,82,25,24.909523,26.29291,23.893457,85.34177,4.520417,10.68227,89.42605,79.6744,5.534228,3.2573504
22.0,120.0,2007-07-01,2007-09-21,82,25,27.084883,27.89361,26.41606,83.74129,4.240795,8.401377,87.04998,79.889,5.4471073,3.069602
23.0,122.0,2007-07-01,2007-09-21,82,25,25.57358,26.390074,24.869135,85.48212,5.1353874,15.183611,89.06868,81.206276,6.3132734,3.8719213
25.0,121.0,2007-07-01,2007-09-21,82,25,26.695889,27.58373,25.977158,83.32273,6.507413,6.2904906,86.90489,79.29273,7.654306,5.122977
25.0,120.0,2007-07-01,2007-09-21,82,25,26.311123,27.6594,25.327549,82.25681,6.5889797,5.3450584,86.634315,76.513756,7.628916,5.179765
23.0,121.0,2007-07-01,2007-09-21,82,25,24.857162,26.305195,23.771538,86.278015,2.608552,12.241103,90.62647,79.92209,3.283047,1.9445944
22.0,122.0,2007-07-01,2007-09-21,82,25,27.680908,28.111294,27.228296,83.80712,7.439202,16.24379,86.7779,80.76389,8.764968,5.864834
24.0,120.0,2007-07-01,2007-09-22,83,25,26.715908,27.433926,26.081167,83.19052,6.401872,5.6514745,86.521935,79.54239,7.974008,4.6150775
25.0,122.0,2007-07-01,2007-09-22,83,25,27.132315,27.479534,26.743687,82.04132,7.166806,9.7737875,84.64801,79.64711,8.260714,5.975967
22.0,122.0,2007-07-01,2007-09-22,83,25,27.57459,27.992407,27.207518,83.31727,6.659855,17.530142,85.63789,81.07759,7.9230595,5.351929
24.0,121.0,2007-07-01,2007-09-22,83,25,24.717634,25.927387,23.722012,85.33123,4.263796,12.728802,88.97064,80.715935,5.337071,3.103128
22.0,121.0,2007-07-01,2007-09-22,83,25,26.842817,27.614292,26.191954,84.30278,4.172434,16.993032,87.26548,80.690056,5.2970347,3.1079962
25.0,121.0,2007-07-01,2007-09-22,83,25,26.47356,27.20078,25.830723,82.63903,6.473308,6.6365795,86.00862,79.22373,7.5373497,5.273256
24.0,122.0,2007-07-01,2007-09-22,83,25,25.388374,26.150433,24.714659,84.61657,5.0293975,15.882796,87.10127,81.73254,5.9399166,4.070615
23.0,121.0,2007-07-01,2007-09-22,83,25,24.711157,26.110292,23.676085,86.32143,2.4719448,16.711048,90.073906,80.41613,3.1222734,1.8088821
25.0,120.0,2007-07-01,2007-09-22,83,25,26.085943,27.273989,25.203344,81.60072,6.684398,5.0286074,85.46324,76.63458,7.9481506,5.4318304
23.0,122.0,2007-07-01,2007-09-22,83,25,25.441189,26.261103,24.728443,85.20297,4.8960776,17.257,88.122406,81.921036,5.9150934,3.7741528
23.0,120.0,2007-07-01,2007-09-22,83,25,26.716114,27.607323,26.039639,84.09922,4.503907,9.594954,87.38066,79.583015,5.7429614,3.0938783
22.0,120.0,2007-07-01,2007-09-22,83,25,26.913836,27.727514,26.288715,83.84,4.4142675,15.549548,86.72767,79.99733,5.862835,3.016991
24.0,122.0,2007-07-01,2007-09-23,84,25,25.430439,26.216703,24.797504,83.90629,4.981496,11.878728,86.94206,80.39005,5.8592415,3.8042722
24.0,120.0,2007-07-01,2007-09-23,84,25,26.685764,27.562078,26.020288,82.694275,6.2791224,4.3936768,86.24705,77.75345,7.4525166,4.629657
23.0,120.0,2007-07-01,2007-09-23,84,25,26.67383,27.628332,26.013954,83.72973,4.4644017,5.2728977,87.44766,78.34218,5.363338,3.4008005
22.0,122.0,2007-07-01,2007-09-23,84,25,27.515314,27.872969,27.138823,83.73081,7.0929356,16.841187,86.5925,81.40254,8.751472,5.2825933
25.0,121.0,2007-07-01,2007-09-23,84,25,26.510199,27.384987,25.834501,82.13647,6.3646584,5.9122314,85.71079,77.98653,7.376866,5.032055
22.0,121.0,2007-07-01,2007-09-23,84,25,26.776846,27.639482,26.105747,84.43496,4.7702456,13.867549,88.0322,79.83262,5.924118,3.4807923
22.0,120.0,2007-07-01,2007-09-23,84,25,26.865288,27.694382,26.299873,83.65523,4.273092,9.574956,86.72019,79.169846,5.7150464,3.0463624
25.0,122.0,2007-07-01,2007-09-23,84,25,27.20103,27.60707,26.77248,81.53379,6.9547796,8.797058,84.3677,79.07773,7.9280605,5.8112683
24.0,121.0,2007-07-01,2007-09-23,84,25,24.727375,26.106524,23.758081,84.60379,4.290527,8.977119,88.67694,78.75028,5.224936,3.1574125
23.0,121.0,2007-07-01,2007-09-23,84,25,24.70875,26.195757,23.716835,85.71712,2.6459436,9.877986,89.86656,79.2597,3.2921395,1.9143289
23.0,122.0,2007-07-01,2007-09-23,84,25,25.445755,26.226274,24.776705,84.90761,5.1465716,12.843999,88.40668,81.49019,6.3258653,3.7811408
25.0,120.0,2007-07-01,2007-09-23,84,25,26.044283,27.302126,25.146425,81.18021,6.150676,4.574951,85.205605,75.14296,7.3875823,4.941712
25.0,120.0,2007-07-01,2007-09-24,85,25,26.046831,27.386099,25.087715,81.86093,6.8671308,4.6163354,86.951,75.63848,7.8942957,5.746332
23.0,122.0,2007-07-01,2007-09-24,85,25,25.436104,26.295855,24.712452,85.32262,4.7795444,14.718572,88.385315,81.3489,5.7434,3.6700945
25.0,121.0,2007-07-01,2007-09-24,85,25,26.535295,27.465656,25.747643,83.519905,6.785952,8.677921,87.61739,78.94636,7.6923585,5.7575655
22.0,122.0,2007-07-01,2007-09-24,85,25,27.462336,27.831972,27.06747,84.62207,7.1383753,18.223207,87.21386,82.3148,8.417086,5.537771
23.0,121.0,2007-07-01,2007-09-24,85,25,24.734407,26.26563,23.67986,85.78584,2.657071,12.550301,90.26577,78.7128,3.221106,2.1200614
24.0,121.0,2007-07-01,2007-09-24,85,25,24.761337,26.230135,23.706505,85.14831,4.6493187,10.985654,89.55081,78.70822,5.575189,3.6962748
24.0,122.0,2007-07-01,2007-09-24,85,25,25.39808,26.289576,24.670357,85.02524,4.513063,13.578429,88.218185,80.76331,5.423071,3.5005863
25.0,122.0,2007-07-01,2007-09-24,85,25,27.160053,27.63571,26.650791,83.44734,6.7271132,11.257572,86.67755,80.56036,7.634347,5.6380763
23.0,120.0,2007-07-01,2007-09-24,85,25,26.725609,27.70131,25.98436,84.12367,4.872828,6.4672227,88.10568,78.38298,5.8923755,3.8889477
24.0,120.0,2007-07-01,2007-09-24,85,25,26.745659,27.697046,25.986479,83.53089,6.8628554,4.940735,87.634285,78.36448,8.159223,5.2666306
22.0,120.0,2007-07-01,2007-09-24,85,25,26.93783,27.756338,26.30059,83.650154,4.9535236,12.238711,86.84799,79.18325,5.9725385,3.9555697
22.0,121.0,2007-07-01,2007-09-24,85,25,26.758926,27.591856,26.130674,84.97797,5.216841,16.052498,87.99791,80.41806,6.087575,4.313678
24.0,120.0,2007-07-01,2007-09-25,86,25,26.766035,27.787754,26.005064,83.464455,6.8237734,7.079768,86.89272,78.784836,8.195864,5.0625987
25.0,121.0,2007-07-01,2007-09-25,86,25,26.46945,27.487804,25.69853,83.00352,6.617965,7.288811,86.40017,78.666626,7.749298,5.416966
23.0,120.0,2007-07-01,2007-09-25,86,25,26.742643,27.752466,25.970982,84.38369,4.875606,11.012577,87.624725,79.47007,5.8769364,3.667257
23.0,121.0,2007-07-01,2007-09-25,86,25,24.709335,26.21282,23.63499,85.924286,2.7829678,16.455687,89.90159,79.50859,3.4376514,2.0808146
24.0,121.0,2007-07-01,2007-09-25,86,25,24.73986,26.239107,23.678658,84.93962,4.540161,12.498477,88.958206,78.81047,5.5805693,3.5232885
25.0,122.0,2007-07-01,2007-09-25,86,25,27.04713,27.426016,26.625872,82.90504,7.043337,9.755244,85.29172,80.52179,8.344317,5.720609
22.0,121.0,2007-07-01,2007-09-25,86,25,26.796751,27.713346,26.105581,84.82725,5.662602,16.61988,88.08647,80.239265,6.431577,4.894846
22.0,120.0,2007-07-01,2007-09-25,86,25,26.903126,27.777119,26.24359,84.09784,5.1489515,19.912416,86.9917,79.84866,6.1759057,4.0678663
22.0,122.0,2007-07-01,2007-09-25,86,25,27.496958,27.89773,27.058998,84.27224,8.50304,16.573175,87.037605,81.20868,9.544062,7.1780186
24.0,122.0,2007-07-01,2007-09-25,86,25,25.32918,26.123777,24.66875,84.76438,5.070701,14.985348,87.54569,81.45312,6.1766505,3.8695283
25.0,120.0,2007-07-01,2007-09-25,86,25,25.995543,27.377344,25.012745,81.91319,6.8536396,5.9097276,86.0909,75.8907,8.033962,5.5232296
23.0,122.0,2007-07-01,2007-09-25,86,25,25.408009,26.228159,24.71415,85.2627,5.6868663,16.42547,88.501114,81.437675,6.5578423,4.595523
23.0,122.0,2007-07-01,2007-09-26,87,25,25.401667,26.220049,24.742441,84.57444,5.865907,14.778582,87.92927,80.60808,6.603175,4.8904448
25.0,120.0,2007-07-01,2007-09-26,87,25,25.68172,26.86453,24.796743,81.4444,6.216097,6.677991,85.94743,75.98142,7.409295,5.014902
22.0,121.0,2007-07-01,2007-09-26,87,25,26.726168,27.520899,26.13911,84.10798,5.4829783,12.563313,86.97524,80.19754,6.434804,4.3792977
22.0,120.0,2007-07-01,2007-09-26,87,25,26.777256,27.519932,26.21167,83.51814,4.9274836,14.30312,86.08827,80.02209,5.929382,3.9957159
24.0,122.0,2007-07-01,2007-09-26,87,25,25.231806,26.015383,24.594091,84.209785,5.5260296,12.845901,87.50772,80.53723,6.342209,4.490708
23.0,121.0,2007-07-01,2007-09-26,87,25,24.570967,25.942421,23.621695,85.9663,3.055457,15.992884,89.52664,79.936005,3.7234497,2.3017929
22.0,122.0,2007-07-01,2007-09-26,87,25,27.55911,27.921669,27.189325,82.82459,8.296461,11.340473,85.680275,80.103836,9.304132,7.11396
24.0,121.0,2007-07-01,2007-09-26,87,25,24.547548,25.86988,23.579473,84.62862,4.4929037,11.950513,88.74602,78.864845,5.4507885,3.506238
25.0,122.0,2007-07-01,2007-09-26,87,25,26.872227,27.254932,26.489155,81.60401,7.58403,7.4183445,84.979065,78.81576,8.676238,6.335825
23.0,120.0,2007-07-01,2007-09-26,87,25,26.490906,27.346128,25.916157,83.991974,5.2034135,12.617016,87.001335,79.66129,6.1453233,4.1728683
25.0,121.0,2007-07-01,2007-09-26,87,25,26.200188,27.01395,25.513716,81.93188,6.636992,6.5226574,85.96433,77.78,7.666497,5.489354
24.0,120.0,2007-07-01,2007-09-26,87,25,26.461143,27.260326,25.869902,82.723526,6.838771,8.592373,86.17527,78.38565,8.110749,5.452926
23.0,120.0,2007-07-01,2007-09-27,88,25,26.450373,27.465017,25.750273,83.07629,4.6799054,4.375889,86.56068,78.08159,5.8265233,3.3924193
22.0,120.0,2007-07-01,2007-09-27,88,25,26.796656,27.7236,26.13376,82.49142,4.238048,5.885886,85.84839,77.98881,5.5071263,2.9105768
25.0,121.0,2007-07-01,2007-09-27,88,25,26.122065,26.849932,25.5956,81.05914,6.07833,4.3807726,84.223694,77.342766,7.396271,4.6727285
22.0,121.0,2007-07-01,2007-09-27,88,25,26.703712,27.623283,26.045303,83.68275,4.8583183,8.784138,86.95339,79.35077,5.8799267,3.852673
24.0,121.0,2007-07-01,2007-09-27,88,25,24.50512,25.879023,23.607431,84.280495,4.1876564,7.97208,88.178894,78.426315,5.2461596,3.1564517
23.0,121.0,2007-07-01,2007-09-27,88,25,24.56851,26.173294,23.539423,85.65378,2.4222295,8.688923,89.82313,78.61135,3.177572,1.740731
24.0,122.0,2007-07-01,2007-09-27,88,25,25.272524,26.168713,24.602144,83.804405,4.9065766,9.936192,86.99549,80.15704,6.166851,3.6247752
22.0,122.0,2007-07-01,2007-09-27,88,25,27.508554,27.913149,27.11478,83.06951,7.4296656,10.525782,85.38301,80.62544,8.82463,6.048558
25.0,120.0,2007-07-01,2007-09-27,88,25,25.59456,26.871424,24.6804,80.39998,5.669035,4.065958,84.61005,74.900314,6.9473743,4.403554
23.0,122.0,2007-07-01,2007-09-27,88,25,25.3714,26.247543,24.711426,84.921814,5.0107517,10.416531,87.783455,81.267136,6.1239,3.8787022
25.0,122.0,2007-07-01,2007-09-27,88,25,26.877134,27.246506,26.490938,80.68374,6.835375,6.321388,83.42885,78.11809,8.251859,5.25578
24.0,120.0,2007-07-01,2007-09-27,88,25,26.380865,27.179173,25.794487,81.79334,6.447,3.6831434,85.02044,77.58431,7.89097,4.874924
23.0,120.0,2007-07-01,2007-09-28,89,25,26.501394,27.532421,25.707773,82.57698,4.278631,4.638855,86.65444,77.25489,5.2394533,3.2811315
22.0,120.0,2007-07-01,2007-09-28,89,25,26.774632,27.6611,26.092955,82.747955,3.979834,7.281973,86.3695,78.28513,5.0606127,2.862381
25.0,121.0,2007-07-01,2007-09-28,89,25,26.186356,27.055244,25.497822,80.634514,6.4390173,5.5366836,84.46411,76.269936,7.485754,5.2856264
25.0,120.0,2007-07-01,2007-09-28,89,25,25.595676,27.015696,24.619156,80.11968,6.0164475,4.141118,85.16547,73.571106,7.103344,4.7789803
23.0,122.0,2007-07-01,2007-09-28,89,25,25.351492,26.213774,24.658203,84.37444,4.6670394,11.343567,87.90329,80.25552,5.578655,3.7102876
25.0,122.0,2007-07-01,2007-09-28,89,25,26.951008,27.343931,26.506987,79.67131,6.868305,7.614929,82.4647,77.270706,7.8820786,5.7132096
24.0,120.0,2007-07-01,2007-09-28,89,25,26.38434,27.263325,25.664366,81.73938,6.1679144,4.189636,85.70355,76.97012,7.3757935,4.6623836
22.0,121.0,2007-07-01,2007-09-28,89,25,26.723652,27.718008,25.946617,83.63863,4.493659,7.2252073,87.63452,78.47132,5.4412427,3.4373913
22.0,122.0,2007-07-01,2007-09-28,89,25,27.47415,27.956934,26.951162,83.034004,6.9596467,9.031245,86.28781,79.8272,8.181485,5.6037683
23.0,121.0,2007-07-01,2007-09-28,89,25,24.602861,26.09421,23.585903,85.040764,2.28224,9.543325,89.33639,78.55445,2.8177118,1.7740097
24.0,122.0,2007-07-01,2007-09-28,89,25,25.269346,26.028292,24.64456,83.04581,4.646382,11.171452,86.36803,79.5234,5.498832,3.6356997
24.0,121.0,2007-07-01,2007-09-28,89,25,24.491905,25.82791,23.55064,84.16031,4.2185383,9.077336,88.53408,78.31317,5.1308928,3.195246
24.0,122.0,2007-07-01,2007-09-29,90,25,25.144302,25.822643,24.605278,83.57672,4.734906,13.158154,86.03349,80.672386,5.5479326,3.7065368
23.0,122.0,2007-07-01,2007-09-29,90,25,25.247463,25.954613,24.671913,84.95152,5.1159754,13.474016,87.65213,81.866745,5.943734,4.2734976
23.0,121.0,2007-07-01,2007-09-29,90,25,24.553635,25.914888,23.587975,85.54307,2.519823,11.584385,89.4445,79.567116,3.0128937,2.0219293
24.0,121.0,2007-07-01,2007-09-29,90,25,24.402782,25.627981,23.497597,84.735344,4.6042027,10.725288,88.36314,79.85716,5.3875117,3.71339
22.0,122.0,2007-07-01,2007-09-29,90,25,27.417473,27.783516,27.091963,83.43115,7.287843,11.217019,85.71538,80.97451,8.50987,6.1694636
22.0,121.0,2007-07-01,2007-09-29,90,25,26.721975,27.596155,26.046518,83.926155,4.758259,9.32243,87.28603,79.45218,5.5440006,4.082527
24.0,120.0,2007-07-01,2007-09-29,90,25,26.359497,27.224556,25.693275,82.40893,6.629122,3.7572181,85.84451,78.291534,7.7252736,5.4001317
23.0,120.0,2007-07-01,2007-09-29,90,25,26.516697,27.521399,25.81353,83.158485,4.5892262,4.5866747,86.80627,78.03698,5.3016834,3.8282914
25.0,121.0,2007-07-01,2007-09-29,90,25,26.10565,26.886747,25.468706,81.0967,6.332131,5.321555,84.63466,77.34692,7.0861206,5.502988
22.0,120.0,2007-07-01,2007-09-29,90,25,26.776165,27.64012,26.144926,83.21546,4.099057,9.863503,86.41794,78.79204,5.1613255,3.1978295
25.0,122.0,2007-07-01,2007-09-29,90,25,26.83497,27.142483,26.49087,80.09238,6.596191,7.7379346,82.756035,77.48109,7.667452,5.538692
25.0,120.0,2007-07-01,2007-09-29,90,25,25.47952,26.735546,24.618696,81.05725,6.483537,3.9677832,84.94534,75.82136,7.3945603,5.5668383
25.0,120.0,2007-07-01,2007-09-30,91,25,25.386734,26.732046,24.41503,80.49316,7.1990037,5.379142,84.68311,74.1275,8.341789,5.7447414
22.0,121.0,2007-07-01,2007-09-30,91,25,26.608234,27.383507,26.003105,84.098495,5.4939985,8.267612,87.20579,79.8552,6.3414893,4.62717
24.0,120.0,2007-07-01,2007-09-30,91,25,26.32157,27.223398,25.598526,81.8798,7.2273846,5.673938,85.7424,77.498825,8.686954,5.3222585
24.0,121.0,2007-07-01,2007-09-30,91,25,24.302208,25.642231,23.282959,84.31363,4.922687,11.565661,88.14209,78.971245,5.8943176,3.6746209
24.0,122.0,2007-07-01,2007-09-30,91,25,25.008205,25.744827,24.401104,83.84486,5.021065,15.257671,86.99213,80.41449,6.227968,3.8910143
25.0,121.0,2007-07-01,2007-09-30,91,25,25.981358,26.895727,25.232935,81.53357,7.202362,9.549054,85.085686,77.493706,8.302638,5.712677
23.0,122.0,2007-07-01,2007-09-30,91,25,25.16787,25.954365,24.4875,84.89578,5.618306,13.960981,88.27361,80.68712,6.532828,4.578075
22.0,122.0,2007-07-01,2007-09-30,91,25,27.38169,27.80274,26.98129,83.6956,8.265054,11.399951,86.69043,80.31717,9.435624,7.0898867
25.0,122.0,2007-07-01,2007-09-30,91,25,26.674786,27.06937,26.230928,81.17007,7.358579,13.213607,83.93632,78.56054,8.7309475,5.9255195
22.0,120.0,2007-07-01,2007-09-30,91,25,26.71609,27.501299,26.102808,82.7916,4.7763166,6.178386,85.84992,78.532745,5.814372,3.739324
23.0,120.0,2007-07-01,2007-09-30,91,25,26.422215,27.319675,25.741083,82.88815,5.070381,4.918331,86.56124,78.073845,6.1264625,3.8281913
23.0,121.0,2007-07-01,2007-09-30,91,25,24.396223,25.733692,23.391441,85.38535,2.8746502,10.842085,89.357574,79.4227,3.4538913,2.2998521
24.0,121.0,2007-07-01,2007-10-01,92,25,24.199953,25.59285,23.22809,83.63748,4.6109166,8.184644,87.71231,78.17151,5.54422,3.5936713
24.0,120.0,2007-07-01,2007-10-01,92,25,26.228182,27.118847,25.59975,81.74008,6.6834254,3.4580774,85.07451,77.46119,8.011664,5.145143
22.0,121.0,2007-07-01,2007-10-01,92,25,26.564926,27.39145,25.89225,83.00384,5.7296047,7.2684913,86.82027,78.6409,6.570062,4.7711678
25.0,120.0,2007-07-01,2007-10-01,92,25,25.189322,26.401924,24.325659,80.2627,6.948897,4.5646424,84.443886,74.920395,8.133629,5.675818
25.0,121.0,2007-07-01,2007-10-01,92,25,25.845945,26.67461,25.184473,81.34288,6.9985414,6.607494,84.519775,77.6926,8.083415,5.7348766
24.0,122.0,2007-07-01,2007-10-01,92,25,24.941162,25.734211,24.329649,82.94834,5.38688,11.722551,86.305115,79.69253,6.216732,4.4415255
23.0,120.0,2007-07-01,2007-10-01,92,25,26.379177,27.323444,25.710299,82.37258,4.8623595,3.3002977,86.1044,77.28608,5.835104,3.7897346
22.0,120.0,2007-07-01,2007-10-01,92,25,26.680725,27.491499,26.0652,81.96289,4.6326056,5.9727077,85.28089,77.745575,5.7481847,3.5899763
22.0,122.0,2007-07-01,2007-10-01,92,25,27.298046,27.712978,26.863707,82.719925,8.423093,9.70441,85.82248,79.85921,9.505119,7.2167177
23.0,122.0,2007-07-01,2007-10-01,92,25,25.07536,25.909973,24.371992,83.932236,5.55303,10.485361,87.67139,79.99058,6.3425727,4.6857615
23.0,121.0,2007-07-01,2007-10-01,92,25,24.343906,25.796457,23.319468,84.3164,2.8844297,8.054929,88.748085,77.91639,3.3531322,2.3689537
25.0,122.0,2007-07-01,2007-10-01,92,25,26.574532,26.940868,26.142427,80.78165,7.7642603,10.123117,83.68043,77.786674,8.936932,6.511135
25.0,122.0,2007-07-01,2007-10-02,93,25,26.451963,26.847046,26.05937,80.956535,7.792949,11.485604,83.419846,78.30929,8.771663,6.614866
25.0,121.0,2007-07-01,2007-10-02,93,25,25.736946,26.517212,25.077827,81.17872,7.17897,6.110846,84.22399,77.27793,8.122417,6.1428523
24.0,120.0,2007-07-01,2007-10-02,93,25,26.08712,26.927324,25.39501,81.90905,6.859236,3.3465662,85.15416,77.71733,8.177318,5.375323
24.0,121.0,2007-07-01,2007-10-02,93,25,24.119656,25.555323,23.048155,83.831116,4.821215,9.258426,88.17874,77.799484,5.8531513,3.7061243
25.0,120.0,2007-07-01,2007-10-02,93,25,25.10365,26.360662,24.138756,80.38997,6.8214207,3.3691504,84.79868,74.67623,7.8196898,5.538278
22.0,121.0,2007-07-01,2007-10-02,93,25,26.533968,27.478846,25.717402,82.87206,5.1416802,7.6614623,86.60991,78.02808,5.9691963,4.2264404
24.0,122.0,2007-07-01,2007-10-02,93,25,24.847656,25.770899,24.130522,83.517136,5.3498034,14.657295,86.862015,79.58272,6.280878,4.2828245
22.0,122.0,2007-07-01,2007-10-02,93,25,27.296165,27.744429,26.785995,82.42478,8.145309,8.63801,85.61939,79.470085,9.220457,6.916942
22.0,120.0,2007-07-01,2007-10-02,93,25,26.650206,27.600918,25.867256,81.728065,4.055063,6.0949926,85.34671,76.9383,5.09006,2.9113135
23.0,120.0,2007-07-01,2007-10-02,93,25,26.270105,27.290762,25.454805,82.47744,4.593332,4.3356323,86.237236,77.09963,5.4665117,3.6844797
23.0,122.0,2007-07-01,2007-10-02,93,25,25.056585,26.001116,24.265694,83.89777,5.6269503,11.252451,87.52455,79.64119,6.499982,4.5583115
23.0,121.0,2007-07-01,2007-10-02,93,25,24.296093,25.932518,23.07224,84.46323,2.6320102,10.276502,89.44626,77.01128,3.1880429,2.0335472
24.0,120.0,2007-07-01,2007-10-03,94,25,25.964872,26.87363,25.312729,80.21087,6.581914,2.2768312,83.80236,75.30121,7.7538414,5.2724986
24.0,121.0,2007-07-01,2007-10-03,94,25,23.976006,25.417368,23.006123,82.65863,4.628477,6.1678224,86.438896,76.367165,5.427364,3.7348218
24.0,122.0,2007-07-01,2007-10-03,94,25,24.777887,25.580288,24.110249,81.95981,5.2248397,8.581751,85.08738,78.322556,6.028089,4.366854
23.0,120.0,2007-07-01,2007-10-03,94,25,26.148664,27.133263,25.484463,81.471466,4.5754495,3.3779125,84.891075,76.07626,5.308272,3.7542462
22.0,120.0,2007-07-01,2007-10-03,94,25,26.482773,27.35022,25.833872,81.40678,4.239415,5.2672634,84.534904,77.057,5.229287,3.174668
23.0,121.0,2007-07-01,2007-10-03,94,25,24.153362,25.673923,23.130991,84.01288,2.6981373,7.2914968,88.08214,77.04767,3.1387987,2.198012
25.0,121.0,2007-07-01,2007-10-03,94,25,25.61501,26.446692,24.967657,79.45394,6.604226,3.4047594,83.35483,75.20515,7.469391,5.6257563
25.0,120.0,2007-07-01,2007-10-03,94,25,24.997112,26.45002,24.015556,78.8281,6.2985296,2.4495592,83.6975,72.1962,7.1610284,5.2574043
23.0,122.0,2007-07-01,2007-10-03,94,25,24.944004,25.794239,24.227192,83.28496,5.7012677,9.647442,86.27822,79.48304,6.4840913,4.875415
25.0,122.0,2007-07-01,2007-10-03,94,25,26.403643,26.762514,26.044077,78.86573,7.175816,5.8040504,81.922806,76.33559,8.1029825,6.2311773
22.0,122.0,2007-07-01,2007-10-03,94,25,27.202652,27.56461,26.77109,81.75385,8.216654,8.39104,84.37629,79.27815,9.28599,7.049055
22.0,121.0,2007-07-01,2007-10-03,94,25,26.410051,27.283579,25.724037,82.38815,5.167096,6.023486,85.5948,77.95453,5.894314,4.382175
25.0,122.0,2007-07-01,2007-10-04,95,25,26.345562,26.7222,25.895044,78.42394,7.6500134,4.6000257,81.28056,75.806564,8.670601,6.3789577
25.0,121.0,2007-07-01,2007-10-04,95,25,25.562773,26.521189,24.770552,79.128006,7.025621,3.0167701,83.141525,74.70438,7.9668097,5.733294
23.0,122.0,2007-07-01,2007-10-04,95,25,24.820608,25.717514,24.090517,82.673195,5.9175506,7.087825,86.02737,78.3424,6.68832,5.0683928
23.0,121.0,2007-07-01,2007-10-04,95,25,24.040644,25.593718,22.942183,83.666145,2.722142,5.4600124,88.17758,76.23372,3.1780388,2.2267087
25.0,120.0,2007-07-01,2007-10-04,95,25,24.94551,26.52068,23.821405,78.47698,6.5720615,2.1238258,83.285194,71.39582,7.7397738,5.2436943
24.0,120.0,2007-07-01,2007-10-04,95,25,25.904036,26.892832,25.142162,79.85771,6.9373064,1.9089819,83.91643,75.00317,8.164085,5.586054
24.0,122.0,2007-07-01,2007-10-04,95,25,24.700733,25.508886,24.002789,81.2031,5.428632,6.3352637,84.311844,77.52521,6.239084,4.4518347
24.0,121.0,2007-07-01,2007-10-04,95,25,23.90473,25.431387,22.813574,82.012245,4.8866735,4.7398,86.20022,75.74355,5.7135897,3.9313607
22.0,121.0,2007-07-01,2007-10-04,95,25,26.28035,27.211481,25.544643,82.51087,5.4185643,5.459392,86.37649,77.11314,6.1510115,4.691062
22.0,120.0,2007-07-01,2007-10-04,95,25,26.36767,27.246206,25.689087,81.32872,4.2308726,4.817612,84.5933,76.52485,4.9731383,3.2799957
23.0,120.0,2007-07-01,2007-10-04,95,25,26.046497,27.059443,25.289879,81.40988,4.7270775,2.6151686,85.39408,75.66472,5.577883,3.9787464
22.0,122.0,2007-07-01,2007-10-04,95,25,27.06208,27.434088,26.638813,81.63235,8.585122,7.091782,84.52888,78.99863,9.591303,7.5401692
25.0,120.0,2007-07-01,2007-10-05,96,25,24.643291,26.081411,23.557182,77.649895,6.821759,2.0301208,82.300804,71.365,7.7300916,5.758404
24.0,122.0,2007-07-01,2007-10-05,96,25,24.580368,25.482214,23.86144,80.44377,5.4140697,6.426487,83.84738,76.44335,6.2076354,4.4070477
24.0,121.0,2007-07-01,2007-10-05,96,25,23.69681,25.178452,22.601421,81.497475,5.022066,5.3003883,85.93113,75.47574,5.80766,4.1102858
22.0,121.0,2007-07-01,2007-10-05,96,25,26.187294,27.079208,25.522549,82.03999,5.68471,5.5301905,85.39864,77.34151,6.4684877,4.9527464
23.0,121.0,2007-07-01,2007-10-05,96,25,23.945522,25.580694,22.796227,83.076355,2.8587787,5.959563,87.89575,75.40044,3.3060622,2.435147
23.0,120.0,2007-07-01,2007-10-05,96,25,25.882925,26.924072,25.12362,80.82413,5.18325,3.0924342,84.50304,75.110916,5.8697596,4.5165095
22.0,120.0,2007-07-01,2007-10-05,96,25,26.252151,27.156887,25.57165,81.13195,4.5403275,5.9064574,84.586525,76.16146,5.4594417,3.6858642
23.0,122.0,2007-07-01,2007-10-05,96,25,24.77295,25.659868,24.095152,81.711426,6.0312862,6.486299,84.790535,77.68732,6.800006,5.0015635
22.0,122.0,2007-07-01,2007-10-05,96,25,27.016636,27.394375,26.624382,80.83841,8.831829,6.0572314,83.46866,78.09334,9.918739,7.528406
24.0,120.0,2007-07-01,2007-10-05,96,25,25.627985,26.542723,24.910664,79.36364,7.429118,2.4442444,82.869286,75.02774,8.367237,6.3065186
25.0,121.0,2007-07-01,2007-10-05,96,25,25.25329,26.135826,24.487686,78.550285,6.990934,3.0085206,82.62666,74.486496,7.794292,5.9582686
25.0,122.0,2007-07-01,2007-10-05,96,25,26.12297,26.52921,25.64898,77.59377,7.4058943,4.1297326,80.79182,74.76309,8.411667,6.3143587
24.0,122.0,2007-07-01,2007-10-06,97,25,24.444487,25.344332,23.669199,79.92247,5.1309447,5.6078367,83.36526,75.8981,6.041074,4.142949
24.0,120.0,2007-07-01,2007-10-06,97,25,25.60685,26.485735,24.945591,79.50489,7.3804917,1.1800354,83.46056,75.239845,8.545985,5.8788037
24.0,121.0,2007-07-01,2007-10-06,97,25,23.60174,25.130405,22.48753,81.389496,4.9251847,3.5100489,85.75165,74.94536,5.799369,3.880056
23.0,122.0,2007-07-01,2007-10-06,97,25,24.635742,25.62498,23.770845,81.411316,5.753651,7.035132,85.073975,76.87593,6.5611973,4.788627
25.0,121.0,2007-07-01,2007-10-06,97,25,25.255226,26.070782,24.612583,78.05648,6.8528566,1.9740943,82.11645,74.17411,7.6601777,5.9015126
23.0,120.0,2007-07-01,2007-10-06,97,25,25.825706,26.847197,25.150835,80.873634,5.1140885,2.143474,84.59547,75.19498,5.9443636,4.1729026
25.0,120.0,2007-07-01,2007-10-06,97,25,24.54583,25.939491,23.551426,77.580315,6.738138,1.0576636,82.48247,71.01218,7.5971084,5.6729145
23.0,121.0,2007-07-01,2007-10-06,97,25,23.814087,25.48791,22.644281,82.86026,2.6536243,4.4884377,87.527695,74.897606,3.1993668,2.1916838
22.0,120.0,2007-07-01,2007-10-06,97,25,26.242731,27.166235,25.569786,80.73686,4.4673586,4.026404,84.165,75.62126,5.461328,3.5446458
22.0,122.0,2007-07-01,2007-10-06,97,25,27.008207,27.372927,26.590338,80.19897,8.706149,8.427642,83.44187,77.578125,9.684307,7.5850487
25.0,122.0,2007-07-01,2007-10-06,97,25,26.084213,26.461977,25.713839,76.76397,7.1745386,4.0581408,79.8638,73.9693,8.018833,6.248236
22.0,121.0,2007-07-01,2007-10-06,97,25,26.184711,27.115005,25.477837,81.49477,5.564146,5.872107,85.29719,76.34761,6.3168745,4.747444
24.0,122.0,2007-07-01,2007-10-07,98,25,24.367945,25.222769,23.700317,80.39646,5.095356,11.438372,83.7687,76.878716,5.8899474,4.1835375
22.0,121.0,2007-07-01,2007-10-07,98,25,26.15655,27.031282,25.459492,81.08397,5.2284408,6.5119166,84.895134,76.08506,5.9448934,4.5165486
24.0,121.0,2007-07-01,2007-10-07,98,25,23.575485,25.15528,22.490028,81.60315,4.9725313,8.387836,86.01496,75.10619,5.8464394,3.9138584
25.0,121.0,2007-07-01,2007-10-07,98,25,25.230938,26.18916,24.48496,78.28769,7.1575103,3.9426513,82.3939,73.451385,8.137753,5.9686866
24.0,120.0,2007-07-01,2007-10-07,98,25,25.596348,26.578081,24.886929,79.60707,7.4477625,2.1537085,83.58547,74.69018,8.771029,5.8153877
23.0,122.0,2007-07-01,2007-10-07,98,25,24.590317,25.47547,23.897905,81.47573,5.538216,12.709121,84.5943,77.61714,6.191943,4.713266
22.0,120.0,2007-07-01,2007-10-07,98,25,26.26006,27.16476,25.581743,80.44632,4.405194,5.6012864,83.98056,75.45125,5.363684,3.540725
22.0,122.0,2007-07-01,2007-10-07,98,25,26.958384,27.281137,26.566566,79.842026,8.260999,10.582358,82.48953,77.5782,9.128938,7.2599196
23.0,120.0,2007-07-01,2007-10-07,98,25,25.81783,26.831125,25.08288,80.811714,5.0761547,2.378008,84.71101,75.12152,5.9798546,4.074921
25.0,122.0,2007-07-01,2007-10-07,98,25,26.009678,26.37638,25.566319,77.22209,7.495631,6.956571,80.27595,74.546104,8.5741825,6.3261714
23.0,121.0,2007-07-01,2007-10-07,98,25,23.79032,25.403725,22.688911,82.899704,2.6556807,8.652729,87.4208,75.362,3.1108646,2.2312484
25.0,120.0,2007-07-01,2007-10-07,98,25,24.486221,25.948698,23.475107,77.93634,7.0465946,2.0874794,82.92913,71.1449,8.139346,5.742571
23.0,121.0,2007-07-01,2007-10-08,99,25,23.739983,25.405397,22.579727,82.57074,2.9228537,6.6963916,87.55457,74.85483,3.4196029,2.4256089
22.0,121.0,2007-07-01,2007-10-08,99,25,26.10566,27.110394,25.329956,81.11397,5.6789007,8.42154,85.23783,75.963684,6.5223026,4.792214
24.0,120.0,2007-07-01,2007-10-08,99,25,25.481724,26.505487,24.692461,79.03426,8.062055,2.7593043,83.50353,73.74678,9.227488,6.6633825
23.0,122.0,2007-07-01,2007-10-08,99,25,24.529785,25.423246,23.77874,81.38568,6.0536494,9.443286,85.126015,77.13797,6.9785047,5.0390825
25.0,122.0,2007-07-01,2007-10-08,99,25,25.91754,26.37546,25.446558,76.74244,7.9405475,7.2197547,80.82066,72.7808,9.073767,6.784769
22.0,122.0,2007-07-01,2007-10-08,99,25,26.897163,27.286846,26.478603,80.10187,8.842127,11.168745,83.40527,76.58576,10.033686,7.638524
22.0,120.0,2007-07-01,2007-10-08,99,25,26.165604,27.183054,25.443619,80.4535,4.5599685,10.505586,84.33345,75.10498,5.5481896,3.6017978
23.0,120.0,2007-07-01,2007-10-08,99,25,25.720692,26.832664,24.940289,80.57656,5.515496,3.047715,84.92251,74.65443,6.3185463,4.660774
25.0,121.0,2007-07-01,2007-10-08,99,25,25.10415,26.093115,24.298716,77.44895,7.670124,4.2128615,82.49492,72.09898,8.616289,6.6594667
25.0,120.0,2007-07-01,2007-10-08,99,25,24.301346,25.766958,23.241518,77.30389,7.505625,2.4156847,82.20015,70.51406,8.382549,6.499014
24.0,121.0,2007-07-01,2007-10-08,99,25,23.507463,25.043451,22.363243,80.92233,5.4260726,6.390298,85.92332,74.17806,6.2209773,4.4288383
24.0,122.0,2007-07-01,2007-10-08,99,25,24.334343,25.187378,23.620762,80.08321,5.6603746,9.413975,83.839226,75.97292,6.6323314,4.5339947
23.0,121.0,2007-07-01,2007-10-09,100,25,23.649649,25.361412,22.574926,83.07084,3.0490594,5.710901,88.06512,74.976524,3.6683848,2.4788315
23.0,120.0,2007-07-01,2007-10-09,100,25,25.610249,26.652187,24.932104,81.13887,5.88841,3.4327564,84.764465,75.40368,6.848861,4.90088
25.0,122.0,2007-07-01,2007-10-09,100,25,25.806368,26.18016,25.422924,77.8684,7.966666,9.05167,81.07643,74.97265,9.216774,6.626217
24.0,120.0,2007-07-01,2007-10-09,100,25,25.389074,26.286343,24.727129,79.70742,8.732417,2.9991236,82.82702,75.69396,9.939679,7.1088104
25.0,120.0,2007-07-01,2007-10-09,100,25,24.115086,25.503931,23.079615,77.98914,8.005588,2.980808,82.089806,72.61211,8.93507,6.7486424
24.0,121.0,2007-07-01,2007-10-09,100,25,23.434633,24.978788,22.395746,81.54842,5.834753,5.267788,85.6121,75.535095,6.6457005,4.769096
22.0,121.0,2007-07-01,2007-10-09,100,25,26.030767,26.978321,25.364643,81.49353,5.868737,7.1845994,85.20428,76.55073,6.647598,5.1412992
25.0,121.0,2007-07-01,2007-10-09,100,25,24.990723,25.902582,24.283676,78.577126,8.062023,5.001378,82.250046,74.648895,9.087713,6.696873
24.0,122.0,2007-07-01,2007-10-09,100,25,24.263983,25.192276,23.607422,80.685555,5.869851,9.344636,84.14063,76.74312,6.790063,4.7639623
23.0,122.0,2007-07-01,2007-10-09,100,25,24.470531,25.391228,23.808115,81.90729,6.480939,8.038466,85.571495,77.765686,7.2656693,5.551815
22.0,120.0,2007-07-01,2007-10-09,100,25,26.080769,27.051323,25.424292,80.726295,4.6643376,8.045191,84.48923,75.26011,5.719858,3.7293797
22.0,122.0,2007-07-01,2007-10-09,100,25,26.853357,27.201738,26.452608,80.490364,9.265371,9.512165,83.70058,77.28323,10.32915,8.271372
25.0,120.0,2007-07-01,2007-10-10,101,25,24.221601,25.668207,23.25919,77.97029,8.482811,2.94312,82.63616,71.8887,9.429133,7.491815
25.0,121.0,2007-07-01,2007-10-10,101,25,25.09955,25.969734,24.433594,78.914085,8.657781,6.4105177,82.99563,74.704735,9.632922,7.4735646
24.0,121.0,2007-07-01,2007-10-10,101,25,23.565723,25.13615,22.602432,81.775375,6.2339964,8.006897,86.265305,75.14948,7.047361,5.355205
25.0,122.0,2007-07-01,2007-10-10,101,25,25.871397,26.304245,25.398653,78.96873,8.731614,13.545531,82.54959,75.02807,9.748484,7.573839
22.0,120.0,2007-07-01,2007-10-10,101,25,26.13547,27.06141,25.486069,80.80131,4.217235,5.0604177,84.02674,75.68727,5.1895857,3.2207172
22.0,121.0,2007-07-01,2007-10-10,101,25,26.074114,26.99647,25.429653,81.83143,5.8937163,6.484678,85.45081,76.57916,6.639525,5.132592
24.0,122.0,2007-07-01,2007-10-10,101,25,24.351002,25.215622,23.740938,81.73109,6.2643194,15.188289,85.56606,77.19437,7.062393,5.2275004
24.0,120.0,2007-07-01,2007-10-10,101,25,25.486523,26.386066,24.823969,80.001144,9.463241,2.3193336,83.739075,75.72568,10.612476,8.07412
22.0,122.0,2007-07-01,2007-10-10,101,25,26.887253,27.277342,26.472055,81.432556,9.423315,9.772334,84.148636,78.01647,10.575092,8.335109
23.0,122.0,2007-07-01,2007-10-10,101,25,24.568022,25.492151,23.956587,82.7363,6.5077257,11.7227125,86.362976,77.93718,7.2248883,5.682375
23.0,121.0,2007-07-01,2007-10-10,101,25,23.75686,25.42008,22.757885,83.25973,2.9891248,8.452446,87.85045,75.177475,3.4515846,2.5277195
23.0,120.0,2007-07-01,2007-10-10,101,25,25.683533,26.66687,25.025108,81.404274,6.197941,2.741394,85.149666,75.87908,7.0114346,5.3482375
25.0,120.0,2007-07-01,2007-10-11,102,25,24.19975,25.562717,23.256817,79.34762,8.481513,2.6833766,83.94318,73.72237,9.424274,7.388121
22.0,121.0,2007-07-01,2007-10-11,102,25,26.201721,27.159473,25.471992,83.00276,6.0827966,7.1371217,87.09301,77.81317,6.8711643,5.336282
24.0,121.0,2007-07-01,2007-10-11,102,25,23.669283,25.087534,22.74396,83.48605,6.1388793,6.289644,87.61102,77.78585,6.8617353,5.1034136
24.0,122.0,2007-07-01,2007-10-11,102,25,24.424644,25.202393,23.836836,83.96253,6.146729,10.956086,87.13328,80.55752,6.980419,5.204923
25.0,121.0,2007-07-01,2007-10-11,102,25,25.1163,25.89647,24.496178,81.01922,8.806553,5.990577,84.36375,77.623184,9.706092,7.6907353
23.0,120.0,2007-07-01,2007-10-11,102,25,25.781523,26.821613,25.057241,82.47719,6.540666,2.456941,86.50455,76.88887,7.272731,5.606066
25.0,122.0,2007-07-01,2007-10-11,102,25,25.858854,26.196423,25.483173,81.545074,8.922292,10.630163,84.0158,79.246315,9.829577,7.798858
23.0,121.0,2007-07-01,2007-10-11,102,25,23.938562,25.577642,22.867754,84.44444,3.0678952,6.6879053,89.40147,76.68233,3.5351245,2.5947692
22.0,122.0,2007-07-01,2007-10-11,102,25,26.883408,27.203276,26.51632,83.50303,9.377358,10.330471,86.14389,80.86501,10.489039,8.238504
22.0,120.0,2007-07-01,2007-10-11,102,25,26.322329,27.32102,25.590464,81.51095,4.8014636,5.7662816,85.556366,75.94167,5.5637302,4.0738893
24.0,120.0,2007-07-01,2007-10-11,102,25,25.506565,26.328001,24.899336,81.58124,9.562089,2.0852368,85.09659,77.68062,10.660656,7.996205
23.0,122.0,2007-07-01,2007-10-11,102,25,24.619238,25.415537,23.991978,84.85403,6.2782207,9.86844,88.398026,80.947044,7.161445,5.368797
25.0,122.0,2007-07-01,2007-10-12,103,25,25.903997,26.335121,25.468925,81.75886,8.409089,10.621596,84.84808,78.91723,9.3382845,7.204502
22.0,122.0,2007-07-01,2007-10-12,103,25,26.954931,27.298866,26.559883,83.66775,8.840114,9.030139,86.50522,80.71393,10.088936,7.6816225
22.0,120.0,2007-07-01,2007-10-12,103,25,26.343985,27.281616,25.650917,82.097336,4.8140063,7.01687,85.654236,77.26786,5.807389,3.857894
24.0,122.0,2007-07-01,2007-10-12,103,25,24.48904,25.308357,23.80602,83.9554,5.7407227,12.576878,87.096756,80.30243,6.6858187,4.541827
22.0,121.0,2007-07-01,2007-10-12,103,25,26.251543,27.215914,25.515162,83.57373,5.744806,7.5756593,87.36219,78.50235,6.619221,4.9355707
25.0,120.0,2007-07-01,2007-10-12,103,25,24.140318,25.499977,23.187305,79.33887,8.195773,2.7679076,83.77343,73.07062,9.172895,7.1914477
23.0,121.0,2007-07-01,2007-10-12,103,25,24.009893,25.59415,22.919838,84.69436,2.9700809,10.4256935,89.09089,77.64688,3.5477808,2.3624992
24.0,121.0,2007-07-01,2007-10-12,103,25,23.634502,25.006332,22.629375,83.75409,5.8303356,8.762177,87.77702,78.22282,6.6597357,4.8572617
23.0,122.0,2007-07-01,2007-10-12,103,25,24.711777,25.519232,24.025084,84.70169,5.9534163,11.878037,87.94992,80.90484,7.0058513,4.9289126
24.0,120.0,2007-07-01,2007-10-12,103,25,25.406145,26.211817,24.77545,82.30454,9.3981905,2.6076868,85.647644,78.51889,10.480552,8.030871
25.0,121.0,2007-07-01,2007-10-12,103,25,25.06255,25.89688,24.4085,81.50144,8.458072,6.832842,85.047516,77.693184,9.377888,7.3449135
23.0,120.0,2007-07-01,2007-10-12,103,25,25.786793,26.77308,25.088629,83.18753,6.4730678,4.2406907,86.67843,78.092,7.2547994,5.5677605
23.0,120.0,2007-07-01,2007-10-13,104,25,25.6935,26.638847,25.010742,82.93285,6.2006354,3.2411988,86.341095,77.86446,6.9899206,5.3465686
23.0,121.0,2007-07-01,2007-10-13,104,25,23.82318,25.314367,22.726744,84.84632,2.9826632,9.081042,89.18471,78.05749,3.472537,2.5079975
22.0,120.0,2007-07-01,2007-10-13,104,25,26.240717,27.139738,25.577787,82.53473,4.982146,5.50073,85.82266,78.04404,6.001911,3.9321811
22.0,122.0,2007-07-01,2007-10-13,104,25,26.850414,27.207521,26.425972,83.34948,9.358305,9.583357,86.15102,80.63425,10.490046,8.159155
25.0,121.0,2007-07-01,2007-10-13,104,25,25.033203,25.79975,24.39023,80.87259,8.072811,8.450253,84.38153,77.19578,8.981265,6.9170394
24.0,121.0,2007-07-01,2007-10-13,104,25,23.502907,24.862783,22.493345,83.68739,5.5716143,8.994058,87.87644,78.284645,6.3775964,4.661748
22.0,121.0,2007-07-01,2007-10-13,104,25,26.135855,26.966375,25.421518,83.7228,6.029887,6.6411695,87.00874,79.39067,6.809347,5.218077
25.0,120.0,2007-07-01,2007-10-13,104,25,24.10575,25.39169,23.183046,79.76508,8.032989,3.099298,84.12225,74.605255,8.9543495,6.9064655
23.0,122.0,2007-07-01,2007-10-13,104,25,24.536139,25.334263,23.800625,84.38864,6.2687755,12.010418,88.007545,80.3504,7.1982923,5.2440143
24.0,120.0,2007-07-01,2007-10-13,104,25,25.367405,26.172432,24.749872,81.84609,8.835967,3.19177,85.19269,78.05487,9.873012,7.563453
24.0,122.0,2007-07-01,2007-10-13,104,25,24.34564,25.135332,23.653198,82.942535,5.560499,14.405737,86.79528,78.9682,6.351661,4.6253314
25.0,122.0,2007-07-01,2007-10-13,104,25,25.863012,26.19787,25.449726,80.22229,8.157941,13.827146,83.5208,77.112015,9.259959,6.9692836
25.0,122.0,2007-07-01,2007-10-14,105,25,25.913637,26.216518,25.538774,79.39465,7.883663,14.196377,82.51232,76.47329,9.273617,6.5582595
23.0,122.0,2007-07-01,2007-10-14,105,25,24.52641,25.220583,23.963638,83.5375,6.8647847,13.759673,86.78309,79.818405,7.847041,5.8040643
24.0,120.0,2007-07-01,2007-10-14,105,25,25.42417,26.297958,24.766808,81.2141,8.782322,5.2831078,84.50226,77.03363,10.123022,7.0612583
24.0,122.0,2007-07-01,2007-10-14,105,25,24.33742,24.980747,23.768007,82.11967,5.8280687,16.436989,85.45296,78.59118,6.8397923,4.615433
22.0,121.0,2007-07-01,2007-10-14,105,25,26.068924,26.908676,25.43061,83.04333,6.7892594,9.25252,86.715675,78.32227,7.6897907,5.957762
25.0,121.0,2007-07-01,2007-10-14,105,25,25.08698,25.903223,24.45378,80.18835,7.9883447,9.988004,83.64269,76.17682,8.993301,6.7035847
25.0,120.0,2007-07-01,2007-10-14,105,25,24.127823,25.45114,23.201363,79.26694,8.040616,4.980066,83.31153,73.9437,9.050122,6.9105268
24.0,121.0,2007-07-01,2007-10-14,105,25,23.497149,24.82812,22.606358,83.02337,5.733888,12.2103,86.94251,77.39184,6.491896,4.682599
22.0,122.0,2007-07-01,2007-10-14,105,25,26.866938,27.240137,26.466797,82.59091,10.36105,10.7524605,85.62131,79.91661,11.708288,9.070393
22.0,120.0,2007-07-01,2007-10-14,105,25,26.213238,27.086147,25.58026,81.47384,5.110251,6.887715,85.384514,76.40825,6.2176538,4.164872
23.0,121.0,2007-07-01,2007-10-14,105,25,23.73001,25.163097,22.77814,84.11333,3.236105,12.270115,88.737656,76.89562,3.7382598,2.677337
23.0,120.0,2007-07-01,2007-10-14,105,25,25.662935,26.644594,24.971802,82.23423,6.2210784,5.3160644,85.99229,76.791985,7.2106004,5.0779405
25.0,122.0,2007-07-01,2007-10-15,106,25,25.629234,26.087822,25.089346,81.41955,8.806411,10.97573,84.39039,78.449844,10.192121,7.3440094
23.0,122.0,2007-07-01,2007-10-15,106,25,24.445887,25.334322,23.660532,84.77933,6.781598,15.539944,88.373535,80.70377,7.76026,5.6576347
24.0,122.0,2007-07-01,2007-10-15,106,25,24.23898,25.153427,23.460077,83.57777,6.03261,15.329372,87.01703,79.49504,7.170722,4.787962
24.0,120.0,2007-07-01,2007-10-15,106,25,25.320618,26.191948,24.610239,81.83896,9.275348,5.2607093,85.60966,77.53339,10.563469,7.7825565
25.0,120.0,2007-07-01,2007-10-15,106,25,23.94716,25.343578,22.862211,79.22412,8.396557,5.192655,83.56382,73.28299,9.411258,7.3085103
24.0,121.0,2007-07-01,2007-10-15,106,25,23.425522,24.918589,22.339771,83.564186,5.9417057,12.357879,87.76786,77.45636,6.8969936,4.94689
22.0,121.0,2007-07-01,2007-10-15,106,25,26.066683,26.931133,25.310053,83.4993,6.917713,11.56991,87.28743,78.88716,7.7965736,6.004055
25.0,121.0,2007-07-01,2007-10-15,106,25,24.82891,25.728548,24.05147,81.33322,8.742654,8.015829,85.06314,77.20146,9.923278,7.3929358
23.0,120.0,2007-07-01,2007-10-15,106,25,25.639341,26.637608,24.860786,82.848625,6.467909,7.1152687,86.99421,77.3746,7.232645,5.483639
23.0,121.0,2007-07-01,2007-10-15,106,25,23.738333,25.367626,22.57815,84.6505,3.3975635,14.249045,89.63739,76.88788,3.9936247,2.8687277
22.0,120.0,2007-07-01,2007-10-15,106,25,26.189636,27.132803,25.471348,82.04659,5.3694444,9.683921,85.85318,76.925026,6.4407873,4.4285097
22.0,122.0,2007-07-01,2007-10-15,106,25,26.775364,27.107506,26.357393,83.745155,10.445753,12.883694,86.51912,80.95419,11.675451,8.896225
22.0,122.0,2007-07-01,2007-10-16,107,25,26.701136,27.028404,26.338413,83.49414,10.556576,8.270556,85.84151,81.14677,11.76753,9.352865
22.0,120.0,2007-07-01,2007-10-16,107,25,26.061577,26.978575,25.390575,81.97228,5.3780513,7.334575,85.40946,77.198616,6.4963365,4.4162374
23.0,121.0,2007-07-01,2007-10-16,107,25,23.591091,25.16876,22.508755,84.47342,3.4828901,10.927088,88.76675,77.227585,3.9628303,3.0404077
23.0,120.0,2007-07-01,2007-10-16,107,25,25.443623,26.408646,24.783575,82.714645,6.828881,3.9285035,86.116974,77.708626,7.603368,5.946542
24.0,121.0,2007-07-01,2007-10-16,107,25,23.239214,24.648365,22.270082,83.158966,6.442365,9.697854,86.696266,77.68332,7.10675,5.586829
25.0,120.0,2007-07-01,2007-10-16,107,25,23.47704,24.854527,22.560078,78.751305,8.743272,3.6282203,82.58707,73.146805,9.690794,7.6051664
25.0,121.0,2007-07-01,2007-10-16,107,25,24.642786,25.440804,24.02102,80.15078,8.697141,5.0597987,82.70552,76.93369,9.601489,7.6287074
22.0,121.0,2007-07-01,2007-10-16,107,25,25.949444,26.854788,25.290953,83.4727,6.834172,7.2060866,86.70731,78.927734,7.700313,5.9803295
24.0,120.0,2007-07-01,2007-10-16,107,25,25.085953,25.910654,24.509497,81.48269,9.836804,2.732826,84.31355,77.769585,10.861523,8.509743
24.0,122.0,2007-07-01,2007-10-16,107,25,24.08843,24.928726,23.417612,82.98926,6.5250463,12.945532,85.966965,79.45369,7.2427516,5.642868
23.0,122.0,2007-07-01,2007-10-16,107,25,24.341206,25.15836,23.657173,84.390625,7.1382713,11.982705,87.24729,80.9361,7.927194,6.2965374
25.0,122.0,2007-07-01,2007-10-16,107,25,25.47882,25.854727,25.079868,80.063576,8.947931,8.2946615,82.42556,77.55922,9.941682,7.9369226
23.0,120.0,2007-07-01,2007-10-17,108,25,25.394243,26.405771,24.60921,81.99609,6.778216,3.2690918,85.53072,76.76501,7.72639,5.6970778
23.0,121.0,2007-07-01,2007-10-17,108,25,23.455738,25.201284,22.19626,83.49837,3.5030746,10.023262,88.07348,75.75407,3.98868,2.9137597
22.0,120.0,2007-07-01,2007-10-17,108,25,25.967693,26.975283,25.183228,81.501976,5.5386024,6.165222,84.53613,76.886604,6.3566813,4.659265
22.0,122.0,2007-07-01,2007-10-17,108,25,26.542763,26.85907,26.1792,82.745255,10.999568,8.624009,85.11718,80.84478,12.0451565,9.743224
25.0,120.0,2007-07-01,2007-10-17,108,25,23.454018,24.835545,22.439917,77.934235,8.793022,2.2427685,82.28557,72.29219,9.852638,7.55705
24.0,121.0,2007-07-01,2007-10-17,108,25,23.145235,24.726374,22.00895,81.799286,6.522271,8.421067,85.77204,75.54331,7.4117336,5.356099
23.0,122.0,2007-07-01,2007-10-17,108,25,24.159103,25.087086,23.400629,83.33883,7.492511,11.910452,86.54544,79.31136,8.343418,6.3750124
22.0,121.0,2007-07-01,2007-10-17,108,25,25.838184,26.818287,25.03443,82.78626,7.0069537,6.72583,86.04411,78.12035,7.7225466,6.2313137
24.0,122.0,2007-07-01,2007-10-17,108,25,23.956463,24.849234,23.211958,80.98318,6.5538526,12.175955,84.230774,77.06453,7.5271373,5.4182496
24.0,120.0,2007-07-01,2007-10-17,108,25,25.077663,25.927656,24.382105,80.3923,9.865218,1.6959021,83.67724,76.4938,11.240862,8.04046
25.0,122.0,2007-07-01,2007-10-17,108,25,25.409584,25.772978,24.98441,77.9382,8.885029,7.70604,80.6478,75.6358,10.096306,7.6291127
25.0,121.0,2007-07-01,2007-10-17,108,25,24.611362,25.492476,23.87706,78.59622,8.83566,3.97557,81.83243,74.79468,9.91786,7.511787
24.0,120.0,2007-07-01,2007-10-18,109,25,24.940424,25.815107,24.290342,80.89316,9.206819,2.6851037,84.25286,76.52086,10.446532,7.79286
24.0,122.0,2007-07-01,2007-10-18,109,25,23.798847,24.590239,23.129332,81.58762,5.867976,14.839011,84.652,77.91974,6.8311377,4.788287
25.0,121.0,2007-07-01,2007-10-18,109,25,24.471807,25.348482,23.771967,79.39294,8.471681,8.217024,83.33694,75.39336,9.427073,7.429905
25.0,120.0,2007-07-01,2007-10-18,109,25,23.363659,24.749971,22.445015,78.85361,8.2881,2.7211182,83.49606,73.006966,9.211756,7.3318315
24.0,121.0,2007-07-01,2007-10-18,109,25,22.98909,24.437656,22.004356,82.590355,5.9323034,8.849641,86.67201,76.639626,6.751365,4.9608364
25.0,122.0,2007-07-01,2007-10-18,109,25,25.268372,25.6307,24.765894,78.55405,8.476638,14.16734,81.883934,75.58886,9.537795,7.3009357
22.0,121.0,2007-07-01,2007-10-18,109,25,25.63254,26.556704,24.887432,82.53539,6.3855157,7.240139,86.12393,77.564674,7.155081,5.639844
23.0,122.0,2007-07-01,2007-10-18,109,25,24.007471,24.807793,23.346455,83.173195,6.524299,14.204243,86.07597,79.710045,7.4671087,5.445853
22.0,122.0,2007-07-01,2007-10-18,109,25,26.398396,26.774704,25.980503,81.83909,9.866755,12.170869,84.10457,79.55166,10.945002,8.6368475
22.0,120.0,2007-07-01,2007-10-18,109,25,25.7639,26.721863,25.000504,81.47922,5.2613726,6.930383,85.17345,76.36117,6.227291,4.388768
23.0,121.0,2007-07-01,2007-10-18,109,25,23.243336,24.819487,22.156334,84.02741,3.0997498,9.295791,88.63931,76.68752,3.6267416,2.6011322
23.0,120.0,2007-07-01,2007-10-18,109,25,25.200996,26.171133,24.459557,82.25296,6.322316,3.10105,85.85909,76.69052,7.122424,5.477515
24.0,120.0,2007-07-01,2007-10-19,110,25,24.677929,25.571568,23.959923,80.622986,9.614596,3.2793274,84.319405,76.276474,10.763725,7.9930634
25.0,121.0,2007-07-01,2007-10-19,110,25,24.215689,25.122719,23.472095,79.251274,8.777864,10.427759,83.184845,74.981445,9.630495,7.718554
25.0,120.0,2007-07-01,2007-10-19,110,25,23.065308,24.45369,22.009365,78.42664,8.483692,3.874115,83.29342,72.03044,9.486714,7.249527
24.0,121.0,2007-07-01,2007-10-19,110,25,22.842432,24.285688,21.765102,82.09727,6.081807,12.556672,86.30779,76.410706,6.939712,4.9303956
23.0,122.0,2007-07-01,2007-10-19,110,25,24.0631,24.93102,23.294737,82.33403,6.563669,14.484783,85.64704,78.7223,7.695712,5.450721
24.0,122.0,2007-07-01,2007-10-19,110,25,23.818632,24.707497,23.085787,80.909454,6.248675,17.89176,84.17791,77.48166,7.328358,5.039772
25.0,122.0,2007-07-01,2007-10-19,110,25,25.177797,25.628757,24.67579,78.216194,8.742204,15.726222,81.154366,75.30548,10.010293,7.124823
22.0,121.0,2007-07-01,2007-10-19,110,25,25.632788,26.496723,24.940918,82.30044,6.0707397,5.6566505,85.90303,77.75963,7.118412,5.1940417
23.0,120.0,2007-07-01,2007-10-19,110,25,25.091084,26.057178,24.299072,82.00916,6.528757,2.5957325,85.75364,76.917625,7.3072124,5.499338
23.0,121.0,2007-07-01,2007-10-19,110,25,23.25006,24.800058,22.131392,83.54915,3.1033933,11.918554,87.96149,76.80738,3.7423425,2.4762166
22.0,120.0,2007-07-01,2007-10-19,110,25,25.68871,26.589903,24.971045,81.5771,4.849737,5.3340745,84.89346,76.86893,5.884436,3.9802287
22.0,122.0,2007-07-01,2007-10-19,110,25,26.447882,26.820234,26.039497,81.23948,9.620408,8.228369,83.91497,78.727394,11.175488,8.2549715
22.0,122.0,2007-07-01,2007-10-20,111,25,26.393766,26.72289,25.99661,81.25047,9.885508,11.724829,84.40384,78.697685,11.009927,8.826503
22.0,120.0,2007-07-01,2007-10-20,111,25,25.638132,26.529629,24.958931,80.79091,5.4845467,10.770555,84.106834,76.0252,6.4113154,4.6137276
23.0,121.0,2007-07-01,2007-10-20,111,25,23.126299,24.664639,22.078974,83.522606,3.2142053,12.871995,88.043045,76.20561,3.6891868,2.6861315
23.0,120.0,2007-07-01,2007-10-20,111,25,24.996376,25.919477,24.320498,81.37996,6.4658036,3.714265,85.016136,76.13874,7.4254065,5.3642693
22.0,121.0,2007-07-01,2007-10-20,111,25,25.57062,26.463598,24.870987,81.86285,6.3882627,9.718304,85.84377,76.96042,7.0317135,5.7125382
25.0,122.0,2007-07-01,2007-10-20,111,25,25.077995,25.525898,24.59539,79.04794,8.990043,11.213038,82.21167,75.98679,10.291688,7.7649274
24.0,122.0,2007-07-01,2007-10-20,111,25,23.667458,24.51694,22.986465,81.83093,6.2633595,16.241133,85.47603,77.74649,7.3132277,5.1967344
23.0,122.0,2007-07-01,2007-10-20,111,25,23.947613,24.78726,23.279522,82.76121,6.603947,14.883711,86.18018,78.86636,7.450741,5.6561694
25.0,120.0,2007-07-01,2007-10-20,111,25,22.942633,24.227837,21.988976,78.785774,8.118631,4.3258266,83.14209,73.02854,9.206657,6.860578
25.0,121.0,2007-07-01,2007-10-20,111,25,24.123323,25.001104,23.407001,79.549416,8.288943,7.220122,83.02022,75.532715,9.234871,7.149467
24.0,121.0,2007-07-01,2007-10-20,111,25,22.698503,24.081387,21.736967,82.42802,5.7441454,12.218906,86.42881,76.62846,6.664429,4.6504
24.0,120.0,2007-07-01,2007-10-20,111,25,24.56297,25.376738,23.904268,80.36064,9.154766,3.1072657,83.7552,76.4577,10.579867,7.3105693
24.0,122.0,2007-07-01,2007-10-21,112,25,23.707842,24.449995,23.104088,82.731804,6.0414467,20.917387,86.37143,79.28277,6.9180813,4.9854956
25.0,122.0,2007-07-01,2007-10-21,112,25,25.139223,25.56266,24.7009,79.98442,8.599515,15.607949,83.109924,77.3289,9.577054,7.464415
23.0,122.0,2007-07-01,2007-10-21,112,25,23.987251,24.750908,23.346352,83.3771,6.300753,21.353788,86.743256,79.87007,7.37306,5.3351307
22.0,121.0,2007-07-01,2007-10-21,112,25,25.482183,26.37311,24.78269,82.84441,6.4858923,16.629976,86.776184,78.329094,7.538306,5.288071
24.0,120.0,2007-07-01,2007-10-21,112,25,24.539322,25.302055,23.949585,81.81283,8.74491,3.9020312,85.27794,78.08341,9.932385,7.2364936
24.0,121.0,2007-07-01,2007-10-21,112,25,22.70252,23.966108,21.875751,83.810455,5.4826646,14.917346,87.86542,78.56257,6.335018,4.4762897
25.0,121.0,2007-07-01,2007-10-21,112,25,24.148422,24.956646,23.536924,80.95055,8.062484,9.645421,84.64725,77.08309,9.023771,7.027034
25.0,120.0,2007-07-01,2007-10-21,112,25,22.969666,24.160072,22.094091,80.23212,7.7345495,3.883401,85.35874,74.435,8.760204,6.5816975
23.0,120.0,2007-07-01,2007-10-21,112,25,24.90748,25.861134,24.213902,82.664894,6.4450836,8.822674,86.34857,77.67117,7.3233376,5.37873
23.0,121.0,2007-07-01,2007-10-21,112,25,23.065264,24.527515,22.0937,84.726006,3.280742,19.90175,89.13544,78.04606,3.8288221,2.6248343
22.0,122.0,2007-07-01,2007-10-21,112,25,26.40661,26.786959,26.00981,81.66332,9.625655,18.088102,84.818535,78.8055,11.167054,8.008173
22.0,120.0,2007-07-01,2007-10-21,112,25,25.522533,26.41955,24.826977,81.98267,5.7241545,15.640589,85.48441,77.26516,6.6123743,4.756064
22.0,122.0,2007-07-01,2007-10-22,113,25,26.45424,26.868702,26.037685,80.81627,9.316249,5.5097632,83.60955,78.16359,10.513586,8.038611
23.0,120.0,2007-07-01,2007-10-22,113,25,24.895271,25.948044,24.15147,82.41498,6.432785,4.564634,85.946594,76.991936,7.412148,5.4152813
23.0,121.0,2007-07-01,2007-10-22,113,25,23.015287,24.56266,21.95901,84.40381,3.1630523,11.9828615,88.50844,77.435974,4.064882,2.3517387
25.0,122.0,2007-07-01,2007-10-22,113,25,25.080399,25.572998,24.622208,79.6748,8.655172,14.255498,82.32296,76.98856,9.977376,7.2904024
24.0,122.0,2007-07-01,2007-10-22,113,25,23.619495,24.398745,22.943096,82.448555,6.1607823,18.309443,85.04904,79.256966,7.2012672,5.079055
23.0,122.0,2007-07-01,2007-10-22,113,25,23.928743,24.733862,23.224384,83.005974,6.2366543,12.846802,86.10698,79.41114,7.2958817,5.2255015
22.0,121.0,2007-07-01,2007-10-22,113,25,25.538624,26.462313,24.833838,82.03176,6.1786275,4.64093,85.51496,77.43272,7.1257343,5.3233147
24.0,120.0,2007-07-01,2007-10-22,113,25,24.457031,25.353786,23.740513,81.74054,8.872401,4.560365,85.13251,77.50485,10.140079,7.5187902
25.0,121.0,2007-07-01,2007-10-22,113,25,24.058243,24.909084,23.36089,80.755035,8.075945,7.9307323,84.019714,76.902176,9.087668,7.04743
22.0,120.0,2007-07-01,2007-10-22,113,25,25.54084,26.506454,24.849932,81.67198,5.2976255,5.180786,84.93224,76.83201,6.4273787,4.1931896
25.0,120.0,2007-07-01,2007-10-22,113,25,22.756128,24.12213,21.712095,80.52815,7.73986,4.444707,84.6076,74.97927,8.755969,6.617996
24.0,121.0,2007-07-01,2007-10-22,113,25,22.582397,23.909615,21.591747,83.67438,5.469936,11.950796,87.35101,78.1211,6.2525153,4.6070566
24.0,122.0,2007-07-01,2007-10-23,114,25,23.665773,24.533194,22.959745,82.53347,5.8275633,10.182542,85.821846,78.570015,6.8660283,4.8358088
24.0,120.0,2007-07-01,2007-10-23,114,25,24.450066,25.339052,23.678627,81.816124,9.160291,2.4066467,85.23386,77.76578,10.254594,7.6670976
24.0,121.0,2007-07-01,2007-10-23,114,25,22.681818,24.13102,21.621304,83.086555,5.76803,5.350686,87.095116,76.99094,6.58163,4.760169
23.0,122.0,2007-07-01,2007-10-23,114,25,23.95023,24.823818,23.242573,83.415695,6.089286,7.407278,87.137566,78.978355,6.9640155,5.193834
23.0,120.0,2007-07-01,2007-10-23,114,25,24.938713,26.096952,24.110214,82.35926,6.3862276,2.2333179,86.42876,76.22537,7.3000774,5.39622
25.0,122.0,2007-07-01,2007-10-23,114,25,24.990847,25.41587,24.566212,80.792244,8.25863,9.933808,83.48923,77.75961,9.415377,6.9900246
22.0,121.0,2007-07-01,2007-10-23,114,25,25.507854,26.563852,24.744726,82.33743,5.842135,4.343916,86.911415,76.513214,6.824035,4.9586086
23.0,121.0,2007-07-01,2007-10-23,114,25,23.165562,24.937777,22.026934,83.68596,3.0421307,5.188345,88.64121,75.19538,3.7125428,2.3961434
22.0,122.0,2007-07-01,2007-10-23,114,25,26.29425,26.676289,25.858418,82.18837,9.076416,6.5814724,85.69019,78.87241,10.383191,7.8341994
25.0,121.0,2007-07-01,2007-10-23,114,25,24.021048,24.897076,23.242666,81.26668,8.290319,5.1288233,84.47626,77.63359,9.285758,6.979112
25.0,120.0,2007-07-01,2007-10-23,114,25,22.817255,24.17268,21.70542,80.118004,7.9672046,2.55558,84.09606,74.5955,8.909638,6.8947845
22.0,120.0,2007-07-01,2007-10-23,114,25,25.586723,26.65517,24.839409,81.11289,5.017682,4.9869237,84.77461,75.42527,5.9800124,3.986642
23.0,122.0,2007-07-01,2007-10-24,115,25,23.882336,24.710249,23.213219,84.15698,6.369282,11.561736,87.271416,80.36024,7.367829,5.3368816
22.0,121.0,2007-07-01,2007-10-24,115,25,25.414097,26.312218,24.735846,83.56787,6.0704756,6.6780105,87.09741,78.61318,6.901735,5.2556024
25.0,122.0,2007-07-01,2007-10-24,115,25,24.986671,25.357477,24.5254,80.29509,8.276697,10.182373,83.182724,77.613144,9.597666,6.987535
24.0,122.0,2007-07-01,2007-10-24,115,25,23.634977,24.45315,22.912823,82.94768,6.1166725,14.366929,86.160614,79.101616,7.101346,5.138157
23.0,120.0,2007-07-01,2007-10-24,115,25,24.837349,25.780317,24.171675,83.11872,6.3825355,3.5884278,86.84721,77.64508,7.162775,5.3434105
22.0,122.0,2007-07-01,2007-10-24,115,25,26.223066,26.606407,25.84713,82.86542,9.270098,7.5764403,85.607414,80.04721,10.503829,7.897746
23.0,121.0,2007-07-01,2007-10-24,115,25,23.075264,24.610796,22.017466,84.980515,3.1015952,10.659327,89.411835,77.75632,3.5913355,2.6012642
25.0,121.0,2007-07-01,2007-10-24,115,25,24.065786,24.89871,23.37936,80.870186,8.274401,5.192439,84.24651,77.03718,9.448661,6.9529557
22.0,120.0,2007-07-01,2007-10-24,115,25,25.458706,26.33353,24.803516,82.379616,4.8707795,6.4103737,85.74443,77.23221,5.62435,3.9368174
25.0,120.0,2007-07-01,2007-10-24,115,25,22.739458,23.993698,21.840303,79.85982,8.334812,2.4623365,84.32484,74.02514,9.351797,7.221709
24.0,120.0,2007-07-01,2007-10-24,115,25,24.45729,25.297207,23.842632,81.8229,9.341442,2.3210511,85.30155,77.71269,10.489453,7.7932167
24.0,121.0,2007-07-01,2007-10-24,115,25,22.70008,24.050522,21.720728,83.60562,6.011093,9.353501,87.48416,78.091415,6.842503,4.953899
23.0,121.0,2007-07-01,2007-10-25,116,25,22.89541,24.522833,21.7635,84.17734,3.2852213,6.846599,88.46018,76.793076,3.8181002,2.703563
25.0,121.0,2007-07-01,2007-10-25,116,25,23.789385,24.576738,23.09519,79.29893,8.856341,4.1650014,83.34539,75.591385,9.918853,7.464408
25.0,122.0,2007-07-01,2007-10-25,116,25,24.741644,25.137653,24.331675,78.813934,8.804114,8.827784,81.90354,75.946754,10.136424,7.054471
24.0,122.0,2007-07-01,2007-10-25,116,25,23.4049,24.261946,22.701382,82.03341,6.319149,10.9844675,85.20191,78.49009,7.5464916,4.8634396
25.0,120.0,2007-07-01,2007-10-25,116,25,22.463268,23.691368,21.51502,78.66875,8.620022,1.4660267,83.06167,73.73759,9.601122,7.429215
22.0,121.0,2007-07-01,2007-10-25,116,25,25.350636,26.284172,24.612339,82.67655,6.346482,4.3160744,86.40274,77.83984,7.131408,5.579441
23.0,122.0,2007-07-01,2007-10-25,116,25,23.685677,24.552116,22.955782,83.44581,6.684608,9.022802,86.64915,79.656586,7.640108,5.645431
23.0,120.0,2007-07-01,2007-10-25,116,25,24.701754,25.651611,23.985518,82.55852,6.814596,2.037937,86.074715,77.59462,7.687665,5.642567
22.0,122.0,2007-07-01,2007-10-25,116,25,26.142546,26.52351,25.706802,82.08423,9.822123,6.5044923,84.977264,79.45962,11.026306,8.704142
22.0,120.0,2007-07-01,2007-10-25,116,25,25.42777,26.361334,24.72065,81.84076,4.811506,4.211702,85.08951,77.04454,5.5659986,4.066419
24.0,120.0,2007-07-01,2007-10-25,116,25,24.239458,25.033682,23.561651,81.0905,9.966364,1.5102783,84.79275,77.47322,11.219848,8.152026
24.0,121.0,2007-07-01,2007-10-25,116,25,22.438326,23.876802,21.383842,82.617165,6.4259768,6.2951417,86.491135,76.95027,7.274301,5.2983027
23.0,120.0,2007-07-01,2007-10-26,117,25,24.641869,25.623405,23.961943,81.421135,6.6583247,2.427373,84.76905,76.052635,7.3849807,5.7617974
22.0,122.0,2007-07-01,2007-10-26,117,25,26.044641,26.330837,25.71809,81.35188,10.712327,9.841008,84.84085,78.54062,11.81464,9.658087
25.0,121.0,2007-07-01,2007-10-26,117,25,23.801582,24.720217,23.095566,77.29538,8.768353,3.2486024,80.61666,73.25344,9.623767,7.746992
22.0,120.0,2007-07-01,2007-10-26,117,25,25.34069,26.267515,24.694952,80.676384,4.94625,4.8873973,84.06215,75.742355,5.6902494,4.243535
25.0,122.0,2007-07-01,2007-10-26,117,25,24.74027,25.104492,24.277607,76.416985,8.958386,5.90333,79.47822,73.84073,9.967926,7.8367095
23.0,122.0,2007-07-01,2007-10-26,117,25,23.54664,24.300331,22.91953,82.59259,7.3092494,12.319031,85.8721,79.01346,8.07203,6.561791
22.0,121.0,2007-07-01,2007-10-26,117,25,25.20229,26.075874,24.563305,82.24076,6.8086634,6.28968,86.030655,77.68329,7.5500526,6.1490865
24.0,122.0,2007-07-01,2007-10-26,117,25,23.277615,24.048447,22.658306,80.61061,6.7051287,10.623484,83.64714,77.15485,7.463289,5.8312807
23.0,121.0,2007-07-01,2007-10-26,117,25,22.706074,24.27855,21.64808,83.64111,3.4472544,8.78052,88.026886,76.25254,3.8718672,3.0638208
25.0,120.0,2007-07-01,2007-10-26,117,25,22.511772,23.974249,21.53161,77.02025,8.473915,1.6076782,81.1388,70.91095,9.317757,7.457568
24.0,120.0,2007-07-01,2007-10-26,117,25,24.254396,25.109098,23.603203,79.53515,9.802237,1.6263037,82.53401,75.658646,10.815368,8.417071
24.0,121.0,2007-07-01,2007-10-26,117,25,22.324375,23.768126,21.281319,81.64409,6.583517,7.9452586,85.502686,75.75687,7.246396,5.701011
25.0,121.0,2007-07-01,2007-10-27,118,25,23.714794,24.601255,23.08954,77.58999,8.880301,3.8053565,81.84182,73.19135,9.701094,8.025228
22.0,120.0,2007-07-01,2007-10-27,118,25,25.329012,26.397161,24.628218,79.847275,5.1642327,2.7830126,83.656456,74.05073,5.9036646,4.3940806
22.0,122.0,2007-07-01,2007-10-27,118,25,26.09527,26.420273,25.751055,80.20573,11.085496,5.670586,83.324356,77.02582,12.017345,9.850093
23.0,120.0,2007-07-01,2007-10-27,118,25,24.565222,25.64537,23.845303,81.034065,6.8089375,1.2595704,85.31408,75.00648,7.523291,6.0251923
25.0,122.0,2007-07-01,2007-10-27,118,25,24.629824,25.047607,24.212393,76.55957,9.309006,6.70178,80.50311,72.967384,10.180243,8.292009
24.0,122.0,2007-07-01,2007-10-27,118,25,23.167324,24.001797,22.482353,80.31899,6.880471,9.791973,84.17223,76.15598,7.790215,5.8727345
23.0,121.0,2007-07-01,2007-10-27,118,25,22.666924,24.371023,21.536943,82.81505,3.4555101,6.4527464,87.69148,74.46874,3.8855536,3.0428672
22.0,121.0,2007-07-01,2007-10-27,118,25,25.241188,26.279644,24.484838,81.06879,7.0684767,3.3649805,85.20421,75.550575,7.713268,6.405518
24.0,120.0,2007-07-01,2007-10-27,118,25,24.130775,24.987461,23.508467,79.79458,9.935951,1.7002442,83.65901,75.51528,11.012788,8.664286
23.0,122.0,2007-07-01,2007-10-27,118,25,23.519299,24.34396,22.833023,81.7751,7.4535036,8.741255,85.07725,77.65676,8.2281065,6.417303
24.0,121.0,2007-07-01,2007-10-27,118,25,22.237968,23.701,21.235802,81.49855,6.509763,6.8723607,85.858055,75.37717,7.2666655,5.6514277
25.0,120.0,2007-07-01,2007-10-27,118,25,22.418344,23.769094,21.487999,77.54916,8.589984,2.3633935,82.281006,72.14724,9.498129,7.547398
25.0,122.0,2007-07-01,2007-10-28,119,25,24.64814,25.001968,24.267994,76.41549,8.721001,6.79042,79.554054,73.09763,9.977749,7.503553
24.0,122.0,2007-07-01,2007-10-28,119,25,23.1291,23.899199,22.55132,79.6432,6.389464,6.115088,83.007256,75.722336,7.3384547,5.343837
24.0,121.0,2007-07-01,2007-10-28,119,25,22.173525,23.742075,21.129522,81.2328,6.1053143,3.6471264,85.97281,74.52613,6.9158254,5.0768337
25.0,120.0,2007-07-01,2007-10-28,119,25,22.393215,23.861334,21.407104,78.0178,8.204317,1.5493457,83.01573,71.452095,9.316328,6.9808083
24.0,120.0,2007-07-01,2007-10-28,119,25,24.135473,25.105286,23.421333,79.62719,9.341772,1.5929908,83.62328,74.99113,10.545621,7.805149
23.0,122.0,2007-07-01,2007-10-28,119,25,23.404026,24.197914,22.76441,81.51712,7.0927153,4.967019,84.876915,77.35349,8.0107975,6.0425987
23.0,120.0,2007-07-01,2007-10-28,119,25,24.551584,25.58389,23.775585,80.51273,6.48727,1.4242237,84.77457,74.5836,7.313772,5.534899
23.0,121.0,2007-07-01,2007-10-28,119,25,22.583551,24.233433,21.461617,82.16792,3.2522125,3.4908788,87.0936,74.08606,3.871048,2.729762
22.0,122.0,2007-07-01,2007-10-28,119,25,25.948082,26.270697,25.596397,80.32255,10.726632,5.4296556,83.15708,77.72722,12.064503,9.478174
22.0,121.0,2007-07-01,2007-10-28,119,25,25.125727,26.058235,24.364662,80.84477,6.879684,3.932461,84.87822,75.6533,7.7820253,6.1670527
22.0,120.0,2007-07-01,2007-10-28,119,25,25.278406,26.244804,24.532784,79.14648,5.2847743,2.4248927,83.03945,73.768005,6.1974807,4.493903
25.0,121.0,2007-07-01,2007-10-28,119,25,23.706978,24.608871,22.993828,77.818565,8.429035,4.338645,82.09184,73.32933,9.4177475,7.2514668
25.0,120.0,2007-07-01,2007-10-29,120,25,22.272121,23.679106,21.270464,78.25432,8.138333,1.9438989,83.33217,71.79374,9.242272,6.663942
24.0,121.0,2007-07-01,2007-10-29,120,25,22.166313,23.685497,21.08019,82.06256,6.07903,4.9568872,86.77302,75.7446,7.034459,4.7718577
24.0,122.0,2007-07-01,2007-10-29,120,25,23.146372,23.99249,22.307837,81.10611,6.342392,7.833784,84.94555,77.44646,7.3703413,5.113332
25.0,122.0,2007-07-01,2007-10-29,120,25,24.479311,24.90292,23.914522,78.654655,8.811849,7.35864,82.05364,75.54905,10.070968,7.3221474
22.0,121.0,2007-07-01,2007-10-29,120,25,25.111818,26.155672,24.394434,81.638176,7.015527,4.151843,85.434845,76.057045,7.7650166,6.2558227
22.0,122.0,2007-07-01,2007-10-29,120,25,25.940552,26.253136,25.554941,81.2616,10.714234,6.5065823,84.49665,78.01471,11.871285,9.540456
23.0,122.0,2007-07-01,2007-10-29,120,25,23.471138,24.328619,22.731733,82.34029,7.086454,7.063223,85.84024,78.57199,7.9745674,6.1464567
24.0,120.0,2007-07-01,2007-10-29,120,25,23.936779,24.7777,23.2725,80.510185,9.183071,1.8270203,84.40361,75.99767,10.528808,7.4361467
25.0,121.0,2007-07-01,2007-10-29,120,25,23.513735,24.377895,22.761406,79.459724,8.46832,4.5046315,83.42675,75.20804,9.580236,6.969427
23.0,121.0,2007-07-01,2007-10-29,120,25,22.644218,24.45498,21.436026,82.897736,3.4238038,4.7219043,88.18744,74.095,3.924167,2.910871
22.0,120.0,2007-07-01,2007-10-29,120,25,25.186792,26.274458,24.441572,80.41338,5.4715943,5.1564846,84.73102,74.20355,6.248426,4.6864305
23.0,120.0,2007-07-01,2007-10-29,120,25,24.419506,25.530357,23.675875,81.26996,6.5028224,1.5746411,85.71063,75.089035,7.3471923,5.527864
24.0,121.0,2007-07-01,2007-10-30,121,25,22.002785,23.552448,20.971373,81.91622,5.8815007,7.600459,86.31894,75.21829,6.783192,4.8318195
23.0,122.0,2007-07-01,2007-10-30,121,25,23.262276,24.09259,22.602446,82.44063,7.1075525,9.704643,85.774734,78.49326,7.8762856,6.188048
24.0,120.0,2007-07-01,2007-10-30,121,25,23.88809,24.844238,23.185406,79.87839,8.818893,2.0190809,83.68442,75.04078,10.133238,7.220976
25.0,122.0,2007-07-01,2007-10-30,121,25,24.367546,24.779425,23.952045,76.58998,8.58201,6.1133204,79.811386,73.24126,9.735039,7.2460804
23.0,121.0,2007-07-01,2007-10-30,121,25,22.446882,24.07271,21.381432,83.32495,3.2879374,8.833992,87.97493,75.43284,3.7177083,2.7589908
25.0,121.0,2007-07-01,2007-10-30,121,25,23.469126,24.357851,22.76627,77.53474,8.0382,3.4708033,81.28916,73.562096,9.024337,6.850632
24.0,122.0,2007-07-01,2007-10-30,121,25,22.914917,23.746128,22.24127,80.80581,6.3188367,10.263115,84.41339,76.93041,7.1859436,5.3069654
25.0,120.0,2007-07-01,2007-10-30,121,25,22.059395,23.50768,21.004023,77.55878,7.8958616,2.0584474,82.47214,71.16954,8.888846,6.6791396
22.0,122.0,2007-07-01,2007-10-30,121,25,25.827644,26.19415,25.47851,80.694466,10.846323,6.3532033,83.20926,77.6592,11.921542,9.666762
22.0,121.0,2007-07-01,2007-10-30,121,25,25.010353,25.925205,24.344545,81.41865,6.983577,5.477046,85.02912,76.53212,7.672178,6.2309465
23.0,120.0,2007-07-01,2007-10-30,121,25,24.337828,25.366533,23.632618,81.20204,6.1966524,3.2281861,85.25545,75.17751,7.051709,5.167943
22.0,120.0,2007-07-01,2007-10-30,121,25,25.093273,26.03181,24.413149,80.4261,5.178487,5.1959815,84.25461,75.1294,5.9232206,4.2750087
23.0,122.0,2007-07-01,2007-10-31,122,25,23.406855,24.237543,22.762842,82.659424,6.6678295,8.410183,85.72102,78.708084,7.5640717,5.780213
24.0,120.0,2007-07-01,2007-10-31,122,25,24.03941,24.969698,23.34061,80.91133,8.480451,2.1000648,85.02339,75.92974,9.734712,7.0240545
25.0,120.0,2007-07-01,2007-10-31,122,25,22.13177,23.688208,21.051752,79.21594,7.4886184,1.8800366,84.3764,72.42982,8.484442,6.260697
25.0,121.0,2007-07-01,2007-10-31,122,25,23.622673,24.580053,22.873053,79.101654,7.5618463,3.4263647,83.4712,74.46915,8.592513,6.3064427
22.0,120.0,2007-07-01,2007-10-31,122,25,25.201117,26.16137,24.52959,80.64522,5.169432,3.602749,84.166504,75.25111,5.877997,4.4522543
24.0,122.0,2007-07-01,2007-10-31,122,25,23.150507,23.98905,22.54464,80.58029,5.824527,10.0141945,83.84095,76.63697,6.841528,4.7982225
23.0,121.0,2007-07-01,2007-10-31,122,25,22.572931,24.199009,21.555899,83.74376,3.1020756,7.351216,88.30922,75.85564,3.7035842,2.5373325
23.0,120.0,2007-07-01,2007-10-31,122,25,24.449,25.450298,23.747353,81.86361,6.00685,2.730869,86.01339,75.93681,6.733849,5.243713
22.0,121.0,2007-07-01,2007-10-31,122,25,25.140797,26.051514,24.465448,81.61988,6.6209235,3.6366284,85.39003,76.489845,7.426092,5.869439
25.0,122.0,2007-07-01,2007-10-31,122,25,24.58994,24.960533,24.156948,77.13944,8.003208,6.7265334,80.365814,74.140335,8.945049,6.974414
22.0,122.0,2007-07-01,2007-10-31,122,25,25.976553,26.284458,25.598755,80.67971,10.21583,4.705354,83.22621,78.21089,11.365314,9.128766
24.0,121.0,2007-07-01,2007-10-31,122,25,22.168806,23.724722,21.170576,82.73353,5.4314575,6.6990747,87.39202,76.078545,6.3410063,4.280555
23.0,122.0,2007-07-01,2007-11-01,123,25,23.546246,24.398945,22.900986,83.328255,6.4640126,8.9661255,86.60797,79.24743,7.4933214,5.4866486
23.0,121.0,2007-07-01,2007-11-01,123,25,22.662144,24.361305,21.61412,84.13785,3.1089754,5.5383935,89.025276,75.698654,3.6734335,2.576171
25.0,120.0,2007-07-01,2007-11-01,123,25,22.20034,23.688911,21.15603,80.37543,7.2580357,2.2659888,85.49336,73.55817,8.193587,6.155888
24.0,120.0,2007-07-01,2007-11-01,123,25,23.966362,24.850523,23.277319,82.43374,8.181047,2.3200061,85.99783,77.79491,9.3893795,6.7287464
25.0,121.0,2007-07-01,2007-11-01,123,25,23.569582,24.496058,22.79403,81.1718,7.3708167,4.718379,84.92913,76.75774,8.266855,6.18547
22.0,122.0,2007-07-01,2007-11-01,123,25,26.046873,26.338135,25.730488,81.734436,9.88962,6.447202,84.17625,79.23541,11.256671,8.714321
25.0,122.0,2007-07-01,2007-11-01,123,25,24.565594,24.977592,24.103477,79.56558,8.178875,9.799561,82.10557,76.94735,9.446467,6.7378626
22.0,121.0,2007-07-01,2007-11-01,123,25,25.1608,26.15856,24.430113,82.39648,6.5046453,3.000249,86.35965,76.9151,7.2744746,5.7069154
23.0,120.0,2007-07-01,2007-11-01,123,25,24.417507,25.477867,23.67127,82.66831,6.0777626,1.8988671,86.79565,76.778175,6.867477,5.105939
24.0,121.0,2007-07-01,2007-11-01,123,25,22.215826,23.711899,21.250053,83.873985,5.1583266,5.940298,88.14687,77.01656,5.9545617,4.1765347
24.0,122.0,2007-07-01,2007-11-01,123,25,23.226496,24.085922,22.564302,82.119774,6.064518,11.056572,85.536514,78.055176,7.195061,4.8465466
22.0,120.0,2007-07-01,2007-11-01,123,25,25.224556,26.214031,24.490541,81.00379,5.2753973,1.7490185,84.97126,75.57417,6.0885186,4.4389477
24.0,121.0,2007-07-01,2007-11-02,124,25,22.153162,23.645933,21.09123,83.222664,5.6234145,7.474795,87.485664,76.92063,6.4886737,4.680985
25.0,120.0,2007-07-01,2007-11-02,124,25,22.102585,23.551294,21.11585,80.67047,7.680801,2.8288074,84.70902,74.44516,8.697644,6.5132756
25.0,121.0,2007-07-01,2007-11-02,124,25,23.449692,24.307148,22.756035,81.05898,7.8651576,4.88874,84.53864,77.030396,8.923396,6.7352047
24.0,122.0,2007-07-01,2007-11-02,124,25,23.167553,24.048252,22.42164,81.50925,5.8740187,11.205874,84.7365,77.66326,7.0423317,4.732403
23.0,121.0,2007-07-01,2007-11-02,124,25,22.655737,24.356094,21.48479,83.7031,3.3116477,8.935369,88.774124,75.776024,3.9235153,2.7493272
23.0,120.0,2007-07-01,2007-11-02,124,25,24.38064,25.390654,23.649487,82.39163,6.512715,3.2725196,86.25375,76.69853,7.396944,5.451322
22.0,121.0,2007-07-01,2007-11-02,124,25,25.125372,26.10315,24.406826,82.52167,6.780289,9.180415,86.28918,77.318375,7.67525,5.9214983
22.0,122.0,2007-07-01,2007-11-02,124,25,25.970354,26.265131,25.638678,82.034004,10.2934885,13.259089,84.755,79.620285,11.616168,9.030554
25.0,122.0,2007-07-01,2007-11-02,124,25,24.449787,24.843378,24.01538,79.47647,7.9481554,8.590828,82.25746,77.19752,9.282973,6.6901293
23.0,122.0,2007-07-01,2007-11-02,124,25,23.498755,24.373707,22.782001,83.0829,6.692778,12.998776,86.45088,79.09849,7.677636,5.7624583
24.0,120.0,2007-07-01,2007-11-02,124,25,23.873318,24.686495,23.203423,81.96177,8.914805,1.8497998,85.13871,77.633064,10.168313,7.373205
22.0,120.0,2007-07-01,2007-11-02,124,25,25.176764,26.171196,24.476587,81.13208,5.6214814,6.2821655,85.12392,75.65893,6.520733,4.710399
24.0,120.0,2007-07-01,2007-11-03,125,25,23.515654,24.46018,22.781353,80.61311,9.313582,4.6297755,84.50357,75.57681,10.714072,7.433634
25.0,120.0,2007-07-01,2007-11-03,125,25,21.689627,23.01914,20.60336,78.581116,8.281375,4.014143,83.61265,71.94422,9.467835,6.8621583
24.0,122.0,2007-07-01,2007-11-03,125,25,22.679033,23.504616,21.882368,81.166985,6.7586174,15.310844,84.75196,77.16122,7.637211,5.7769732
23.0,122.0,2007-07-01,2007-11-03,125,25,23.117641,23.958912,22.350952,82.73684,7.285124,16.868162,86.43339,78.59,8.341328,6.028645
25.0,121.0,2007-07-01,2007-11-03,125,25,23.091524,24.104616,22.348867,78.935524,8.615917,5.8125463,83.023796,74.080025,9.823756,7.2322526
22.0,121.0,2007-07-01,2007-11-03,125,25,24.915451,25.848564,24.150307,81.69143,7.2804127,10.341972,85.303444,77.063866,8.376732,6.175249
23.0,121.0,2007-07-01,2007-11-03,125,25,22.249239,23.905123,21.007774,83.48629,3.6489336,13.593005,88.15749,75.74621,4.3302903,3.0069528
24.0,121.0,2007-07-01,2007-11-03,125,25,21.691635,23.185278,20.567715,82.234314,6.0148525,11.283743,86.800964,75.274284,7.107248,4.5694323
23.0,120.0,2007-07-01,2007-11-03,125,25,24.07857,25.14538,23.260157,81.78165,6.7413116,6.898667,85.54216,76.09335,7.659629,5.6587048
22.0,122.0,2007-07-01,2007-11-03,125,25,25.786428,26.091913,25.384766,81.08937,11.027282,13.630249,83.93995,78.574486,12.583207,9.272399
22.0,120.0,2007-07-01,2007-11-03,125,25,24.930725,25.921091,24.139545,80.78255,5.9498124,10.571469,84.27582,76.037224,7.015593,4.9866977
25.0,122.0,2007-07-01,2007-11-03,125,25,24.064985,24.581202,23.557968,77.96234,9.22823,9.81645,81.05972,74.708496,10.375138,8.130538
22.0,120.0,2007-07-01,2007-11-04,126,25,24.625723,25.62688,23.895761,79.401825,5.9011135,2.932202,83.181854,74.06187,6.7626414,5.047348
23.0,120.0,2007-07-01,2007-11-04,126,25,23.792578,24.86751,23.040678,80.47714,5.8198366,1.5824292,84.435135,74.35484,6.768175,4.752552
22.0,121.0,2007-07-01,2007-11-04,126,25,24.536465,25.47603,23.847885,80.56103,7.0013757,4.3820996,84.57088,75.43328,7.87537,5.9529834
22.0,122.0,2007-07-01,2007-11-04,126,25,25.505981,25.858648,25.067427,79.89318,10.500708,7.49031,82.96195,77.25671,11.72255,9.207624
25.0,122.0,2007-07-01,2007-11-04,126,25,23.936281,24.483301,23.336845,76.77691,8.474922,9.952183,79.76982,73.91084,10.060738,6.9876795
25.0,121.0,2007-07-01,2007-11-04,126,25,22.928919,23.921299,22.099215,78.43065,7.8434772,6.456089,82.351875,73.57595,9.066623,6.3754463
24.0,121.0,2007-07-01,2007-11-04,126,25,21.363153,22.816425,20.325315,81.90713,5.2032094,6.6205664,86.18533,75.40878,6.177361,4.089604
24.0,122.0,2007-07-01,2007-11-04,126,25,22.385723,23.181362,21.660566,80.07481,6.026245,10.141069,83.290215,76.7521,7.1573873,4.9085875
23.0,121.0,2007-07-01,2007-11-04,126,25,21.789827,23.392817,20.691845,82.544365,3.2272844,5.929646,87.08356,74.84719,3.8441305,2.5932975
25.0,120.0,2007-07-01,2007-11-04,126,25,21.481647,22.809443,20.511782,78.958466,7.6215386,3.1528466,83.86819,72.432976,8.867097,6.2606654
23.0,122.0,2007-07-01,2007-11-04,126,25,22.756865,23.551865,22.058722,81.74736,6.684981,9.017409,84.93785,77.947754,7.585898,5.612187
24.0,120.0,2007-07-01,2007-11-04,126,25,23.359674,24.359947,22.586191,79.894226,7.954952,2.2941089,83.57566,74.78873,9.330433,6.342299
25.0,122.0,2007-07-01,2007-11-05,127,25,23.881533,24.361147,23.36191,75.82198,8.310494,6.63114,78.89799,72.93497,9.496281,7.1248713
23.0,120.0,2007-07-01,2007-11-05,127,25,23.791504,24.92743,22.957447,80.47291,5.7785506,1.0271997,85.10176,74.18368,6.709769,4.7151256
22.0,122.0,2007-07-01,2007-11-05,127,25,25.581362,25.98584,25.118036,77.73392,9.741107,2.9363868,80.15878,75.41995,10.962606,8.344907
22.0,121.0,2007-07-01,2007-11-05,127,25,24.64316,25.684498,23.877113,79.4135,6.423667,1.9323609,83.290535,74.12203,7.3068485,5.4664497
23.0,122.0,2007-07-01,2007-11-05,127,25,22.915503,23.771591,22.156025,79.96119,6.332559,4.3948193,83.036125,75.97945,7.2420516,5.1813297
23.0,121.0,2007-07-01,2007-11-05,127,25,21.979809,23.744253,20.811724,81.85043,3.0348017,3.394453,87.25586,73.4302,3.6032293,2.442832
24.0,120.0,2007-07-01,2007-11-05,127,25,23.291756,24.30163,22.540264,79.76474,8.159992,1.2157837,83.49544,75.13543,9.427922,6.59613
25.0,120.0,2007-07-01,2007-11-05,127,25,21.478792,23.059233,20.306725,78.5219,7.3282228,1.5020435,84.12872,71.532166,8.383849,6.0579486
25.0,121.0,2007-07-01,2007-11-05,127,25,22.85048,23.83324,22.041924,77.92272,7.722538,3.9388745,82.06065,73.44711,8.832053,6.595594
22.0,120.0,2007-07-01,2007-11-05,127,25,24.648542,25.708214,23.838486,79.21034,5.222923,2.6925538,83.66763,73.316345,6.077552,4.329186
24.0,122.0,2007-07-01,2007-11-05,127,25,22.531319,23.355278,21.756475,78.81279,5.8408895,6.284463,81.831375,75.10989,6.7814775,4.8040333
24.0,121.0,2007-07-01,2007-11-05,127,25,21.485168,23.078358,20.405525,81.08171,5.3130207,3.573584,85.49083,74.48451,6.174695,4.1991234
22.0,122.0,2007-07-01,2007-11-06,128,25,25.526287,25.88834,25.142256,78.47603,9.769152,4.7026734,81.29185,75.62708,10.909838,8.504021
25.0,122.0,2007-07-01,2007-11-06,128,25,23.976128,24.39196,23.501337,76.65327,8.230777,8.057781,79.59769,73.66536,9.237036,7.1360793
22.0,121.0,2007-07-01,2007-11-06,128,25,24.58754,25.663847,23.790825,79.81783,6.4797125,1.8547485,84.472595,73.490944,7.279663,5.768816
23.0,120.0,2007-07-01,2007-11-06,128,25,23.787535,24.99871,22.953062,80.557076,5.9260902,0.9541992,85.60379,73.37251,6.7097926,5.0253396
23.0,122.0,2007-07-01,2007-11-06,128,25,22.878738,23.81816,22.189713,80.59167,6.3856597,6.911223,84.274895,76.04141,7.130857,5.468073
23.0,121.0,2007-07-01,2007-11-06,128,25,21.942322,23.850723,20.744204,82.141426,3.081697,4.0791845,87.897675,72.42324,3.6067166,2.6556427
24.0,120.0,2007-07-01,2007-11-06,128,25,23.291458,24.231773,22.584776,79.68393,8.423317,0.98839355,84.10589,74.5484,9.466892,7.079039
25.0,120.0,2007-07-01,2007-11-06,128,25,21.38196,22.867292,20.319254,78.96084,7.467671,1.1809571,83.90556,72.09354,8.310443,6.4245105
22.0,120.0,2007-07-01,2007-11-06,128,25,24.639477,25.729317,23.85499,79.237625,4.9511538,1.9148755,83.968544,72.944275,5.7745085,4.1732073
24.0,121.0,2007-07-01,2007-11-06,128,25,21.451494,23.086298,20.440899,81.20644,5.5749884,4.100549,86.2363,73.65062,6.2332587,4.7717996
25.0,121.0,2007-07-01,2007-11-06,128,25,22.89462,23.760181,22.179214,78.32398,7.682876,3.0660255,82.72528,73.74599,8.546872,6.5833745
24.0,122.0,2007-07-01,2007-11-06,128,25,22.548836,23.433952,21.83958,79.3894,6.0825887,9.124969,83.09693,75.152855,6.9103203,5.07475
24.0,121.0,2007-07-01,2007-11-07,129,25,21.70202,23.20519,20.783823,82.497314,5.688855,7.712361,86.614456,75.9584,6.4499183,4.7239017
22.0,120.0,2007-07-01,2007-11-07,129,25,24.808813,25.83565,24.095224,80.05611,5.1615076,2.1090283,83.92112,74.237854,5.928131,4.3771214
24.0,122.0,2007-07-01,2007-11-07,129,25,22.711033,23.498213,22.147032,80.531075,6.262651,14.814714,83.99907,76.67148,7.0305433,5.403848
25.0,121.0,2007-07-01,2007-11-07,129,25,23.154402,24.066246,22.428003,79.30412,7.8297715,3.3898194,83.12147,75.23284,8.74326,6.718092
23.0,121.0,2007-07-01,2007-11-07,129,25,22.15548,23.830757,21.18958,83.05691,3.1881921,7.875625,87.622696,74.69075,3.6620753,2.7872021
23.0,122.0,2007-07-01,2007-11-07,129,25,23.004946,23.834871,22.4277,82.24966,6.4872117,11.345778,85.29918,78.40598,7.43536,5.4316206
25.0,120.0,2007-07-01,2007-11-07,129,25,21.648237,23.079082,20.66249,79.723114,7.5018177,1.6936499,83.9124,73.384224,8.416324,6.3475804
24.0,120.0,2007-07-01,2007-11-07,129,25,23.517244,24.427193,22.853676,80.89242,8.605098,1.1348706,84.36705,76.245926,9.693783,7.152441
23.0,120.0,2007-07-01,2007-11-07,129,25,23.975666,25.053291,23.266577,81.40935,6.0571074,1.2691504,85.22687,75.05422,6.812688,5.0554748
25.0,122.0,2007-07-01,2007-11-07,129,25,24.148293,24.478888,23.760948,77.532715,8.506974,10.417405,80.88162,74.68616,9.436438,7.4274244
22.0,121.0,2007-07-01,2007-11-07,129,25,24.738873,25.733774,24.0329,81.12264,6.576212,2.636372,84.82883,75.78184,7.271289,5.8027773
22.0,122.0,2007-07-01,2007-11-07,129,25,25.590172,25.89081,25.270073,80.471375,9.897981,6.1175075,83.10128,77.787544,11.196859,8.521677
23.0,121.0,2007-07-01,2007-11-08,130,25,22.116753,23.975746,20.97413,82.57331,3.13244,6.0254784,87.320404,73.63299,3.6260958,2.6208694
23.0,122.0,2007-07-01,2007-11-08,130,25,22.969257,23.911915,22.24359,81.101456,6.577898,7.441494,84.71279,76.847694,7.424753,5.5922785
25.0,120.0,2007-07-01,2007-11-08,130,25,21.362583,22.891294,20.245733,79.43751,7.8792615,1.9639233,83.78253,73.063774,8.994494,6.589386
24.0,120.0,2007-07-01,2007-11-08,130,25,23.316591,24.245396,22.558027,80.762566,9.003988,1.5342419,83.96467,76.49912,10.323782,7.4700356
25.0,122.0,2007-07-01,2007-11-08,130,25,23.873903,24.262623,23.476503,76.91337,8.586579,10.893972,79.46018,74.33429,9.800238,7.148537
23.0,120.0,2007-07-01,2007-11-08,130,25,23.899765,25.114452,23.07291,81.35644,6.2417955,0.89641356,84.994934,75.02704,7.112777,5.3083982
22.0,122.0,2007-07-01,2007-11-08,130,25,25.603792,25.93786,25.216875,78.90971,9.989458,3.4171362,82.210594,76.40661,10.974214,8.92202
22.0,121.0,2007-07-01,2007-11-08,130,25,24.749424,25.817593,23.971138,80.20124,6.4832153,1.9916699,84.24885,74.5624,7.152136,5.8655066
24.0,122.0,2007-07-01,2007-11-08,130,25,22.585932,23.495186,21.915747,79.80714,6.2027626,12.635589,83.12176,75.7498,7.135339,5.114957
25.0,121.0,2007-07-01,2007-11-08,130,25,22.841206,23.750732,22.082802,78.8138,8.229961,4.9311476,82.42264,75.03418,9.336315,6.883894
24.0,121.0,2007-07-01,2007-11-08,130,25,21.53833,23.087978,20.480068,81.92296,5.854614,6.6462035,85.679276,75.45003,6.700525,4.791888
22.0,120.0,2007-07-01,2007-11-08,130,25,24.807114,25.97358,24.016548,79.61398,5.2046814,1.6770337,83.42907,73.40951,6.0902085,4.3508897
24.0,121.0,2007-07-01,2007-11-09,131,25,21.249878,22.728472,20.230474,81.88171,6.296744,7.451599,86.16679,75.38176,7.1514764,5.2088685
22.0,120.0,2007-07-01,2007-11-09,131,25,24.54479,25.621065,23.8302,79.780426,5.2692637,1.7078785,83.90793,73.871765,5.994674,4.5060463
24.0,122.0,2007-07-01,2007-11-09,131,25,22.352276,23.20978,21.630346,80.15803,6.499364,11.506761,83.562965,75.98996,7.265959,5.5789604
25.0,121.0,2007-07-01,2007-11-09,131,25,22.515802,23.364746,21.747686,78.89699,8.7341585,5.8674073,83.04744,74.813385,9.791902,7.399048
24.0,120.0,2007-07-01,2007-11-09,131,25,23.000782,23.862436,22.337011,80.41977,9.815376,1.3868152,83.96939,76.01132,10.970119,8.270628
25.0,120.0,2007-07-01,2007-11-09,131,25,20.961071,22.394829,19.86359,78.72015,8.303148,1.8357348,83.62609,72.312645,9.388228,6.9586306
23.0,122.0,2007-07-01,2007-11-09,131,25,22.790382,23.654177,22.055082,81.245544,7.043226,8.986319,84.51973,77.22302,7.9739842,6.0179853
23.0,121.0,2007-07-01,2007-11-09,131,25,21.860659,23.622944,20.7402,82.69944,3.3358514,7.3395996,87.80137,74.00496,3.79175,2.8402448
22.0,121.0,2007-07-01,2007-11-09,131,25,24.559626,25.621965,23.791304,80.38605,6.821125,2.003296,84.1882,74.7231,7.6778784,5.96742
22.0,122.0,2007-07-01,2007-11-09,131,25,25.491566,25.856373,25.051992,79.12747,10.597683,3.654292,81.944725,76.65136,11.934132,9.261267
23.0,120.0,2007-07-01,2007-11-09,131,25,23.616081,24.749012,22.861885,81.17574,6.851903,1.2501074,85.40015,74.87053,7.5117064,5.9686346
25.0,122.0,2007-07-01,2007-11-09,131,25,23.602612,24.06713,23.111456,77.342415,9.065009,9.895129,80.54205,74.184525,10.033185,7.8988514
23.0,120.0,2007-07-01,2007-11-10,132,25,23.466883,24.469019,22.771841,81.104576,6.817021,1.3655493,84.88644,75.591125,7.631128,5.869402
22.0,120.0,2007-07-01,2007-11-10,132,25,24.415373,25.391808,23.759024,79.630745,5.358971,1.6670654,83.09505,74.25936,6.1308966,4.588055
25.0,122.0,2007-07-01,2007-11-10,132,25,23.382893,23.83604,22.861553,77.83144,8.9771,7.1803565,81.353806,74.68821,10.26341,7.413942
22.0,122.0,2007-07-01,2007-11-10,132,25,25.339119,25.638725,24.962852,79.103836,11.16325,2.3820753,82.118225,76.48594,12.269309,10.020638
24.0,122.0,2007-07-01,2007-11-10,132,25,22.103714,22.900078,21.44395,80.550026,6.551455,6.9331813,83.46973,77.13227,7.479857,5.477688
24.0,121.0,2007-07-01,2007-11-10,132,25,21.038551,22.4963,20.061466,82.1372,6.221955,4.606814,85.653854,76.32747,7.156307,5.1437483
25.0,121.0,2007-07-01,2007-11-10,132,25,22.332857,23.20144,21.579618,79.27661,8.589921,4.862246,82.91866,75.1708,9.847253,7.091769
24.0,120.0,2007-07-01,2007-11-10,132,25,22.837797,23.663935,22.181337,80.64784,9.657635,1.6759021,83.89702,76.8945,10.991028,8.042765
22.0,121.0,2007-07-01,2007-11-10,132,25,24.431808,25.422047,23.739414,80.17544,7.2062616,1.8165821,83.87431,75.03276,7.8828015,6.5849714
23.0,121.0,2007-07-01,2007-11-10,132,25,21.66285,23.315655,20.618145,82.64746,3.4175928,4.3107862,86.88008,74.73083,3.9038825,2.9392135
25.0,120.0,2007-07-01,2007-11-10,132,25,20.777414,22.095156,19.860685,78.54047,8.338422,1.5416248,82.830315,72.85499,9.490774,6.971712
23.0,122.0,2007-07-01,2007-11-10,132,25,22.568108,23.359991,21.948423,81.39282,7.334824,4.8714085,84.33621,77.49725,8.228928,6.380481
22.0,122.0,2007-07-01,2007-11-11,133,25,25.190989,25.566278,24.820562,78.711914,11.571949,5.664377,82.21199,75.86927,12.648089,10.377053
23.0,120.0,2007-07-01,2007-11-11,133,25,23.399696,24.590004,22.582119,80.27798,6.9158525,1.2234424,84.65608,73.85854,7.548965,6.149911
23.0,122.0,2007-07-01,2007-11-11,133,25,22.415276,23.378504,21.687597,80.62628,7.587935,6.994934,84.59153,76.08359,8.430216,6.6031423
25.0,121.0,2007-07-01,2007-11-11,133,25,22.145288,23.062763,21.48419,78.19749,8.627293,3.8174267,81.92369,73.873634,9.516879,7.489146
23.0,121.0,2007-07-01,2007-11-11,133,25,21.531067,23.383038,20.332954,81.7131,3.5091588,4.9023485,86.92543,72.94906,3.9630477,3.0824265
22.0,121.0,2007-07-01,2007-11-11,133,25,24.304644,25.417238,23.504541,79.62052,7.460177,3.559873,83.89558,73.702644,8.15488,6.7571516
22.0,120.0,2007-07-01,2007-11-11,133,25,24.342129,25.48875,23.515709,78.7065,5.503293,2.0870924,83.04254,72.49009,6.3242016,4.731055
25.0,122.0,2007-07-01,2007-11-11,133,25,23.167366,23.666338,22.687437,76.776634,8.996467,6.285703,79.87113,74.11775,10.068202,7.699442
24.0,120.0,2007-07-01,2007-11-11,133,25,22.738853,23.657093,22.09874,79.80416,9.770401,1.3406165,83.37949,75.50096,10.703914,8.48341
25.0,120.0,2007-07-01,2007-11-11,133,25,20.644697,22.063383,19.637989,77.86641,8.3727865,2.267744,82.18491,72.5412,9.304911,7.3030305
24.0,121.0,2007-07-01,2007-11-11,133,25,20.875557,22.437637,19.850954,81.16484,6.369485,5.002444,85.660286,74.70315,7.068169,5.3721533
24.0,122.0,2007-07-01,2007-11-11,133,25,21.912617,22.857744,21.1365,79.637184,6.593785,7.490535,83.59496,75.16209,7.371252,5.564876
24.0,122.0,2007-07-01,2007-11-12,134,25,21.878733,22.701792,21.148794,81.2021,6.638497,15.02438,84.26666,77.65078,8.14423,4.8859816
25.0,121.0,2007-07-01,2007-11-12,134,25,22.207256,23.081161,21.466944,78.57728,8.867992,4.4497585,82.68749,74.63942,10.080345,7.4349127
25.0,120.0,2007-07-01,2007-11-12,134,25,20.529602,21.893282,19.50295,77.39533,8.652542,2.3522778,82.21349,71.85318,9.845991,7.0492616
24.0,120.0,2007-07-01,2007-11-12,134,25,22.713083,23.54879,22.085068,79.80679,9.978181,2.2613354,83.45016,75.93665,11.585394,8.023124
24.0,121.0,2007-07-01,2007-11-12,134,25,20.861156,22.268671,19.926249,81.813225,6.388292,9.076504,85.79153,75.913765,7.578043,4.8831463
23.0,122.0,2007-07-01,2007-11-12,134,25,22.32931,23.165283,21.634785,81.83637,7.1781588,13.414272,84.77923,78.11206,8.495742,5.6823444
23.0,120.0,2007-07-01,2007-11-12,134,25,23.288061,24.260757,22.605318,80.690765,7.067854,4.6899047,84.5514,75.612,8.053042,5.89961
22.0,122.0,2007-07-01,2007-11-12,134,25,25.117605,25.504156,24.652905,79.41483,10.746788,10.664028,82.04575,76.77912,12.297319,9.246213
22.0,121.0,2007-07-01,2007-11-12,134,25,24.216728,25.150879,23.514198,80.16278,6.967127,8.788731,83.581345,75.429924,7.987017,5.8146844
25.0,122.0,2007-07-01,2007-11-12,134,25,23.210056,23.779663,22.61336,78.05771,9.139735,10.352143,81.16316,75.26887,10.599557,7.54974
22.0,120.0,2007-07-01,2007-11-12,134,25,24.1996,25.165058,23.546637,79.648254,5.737898,6.222495,83.496956,74.59842,6.472161,5.011176
23.0,121.0,2007-07-01,2007-11-12,134,25,21.430874,23.037138,20.406237,82.75509,3.4824655,11.541099,87.28257,75.32596,4.2310047,2.701511
22.0,122.0,2007-07-01,2007-11-13,135,25,25.20601,25.546328,24.84411,79.87155,10.656123,5.5943117,83.10942,76.49416,11.743527,9.465124
23.0,120.0,2007-07-01,2007-11-13,135,25,23.285097,24.274595,22.580923,80.80145,6.5913243,4.280527,84.9255,75.22073,7.493411,5.549996
22.0,121.0,2007-07-01,2007-11-13,135,25,24.215637,25.163261,23.562319,80.32667,7.0879054,4.486211,84.93973,74.732086,7.9311523,6.3240743
22.0,120.0,2007-07-01,2007-11-13,135,25,24.214405,25.167543,23.554302,79.126976,5.714148,4.889661,83.36587,73.51649,6.576068,5.0289536
23.0,122.0,2007-07-01,2007-11-13,135,25,22.39402,23.157026,21.826933,81.8675,6.9152217,10.202461,85.862755,77.54689,7.900558,5.863816
25.0,120.0,2007-07-01,2007-11-13,135,25,20.615128,21.887856,19.655777,78.8022,7.918997,5.2869725,83.36291,73.13641,9.311057,6.617144
23.0,121.0,2007-07-01,2007-11-13,135,25,21.40627,22.989058,20.464802,82.49515,3.3804376,9.101084,88.12698,74.30565,4.0404444,2.779974
25.0,122.0,2007-07-01,2007-11-13,135,25,23.487373,23.953989,22.953169,77.194435,8.420499,10.636106,80.83524,73.87375,9.929721,7.124311
24.0,120.0,2007-07-01,2007-11-13,135,25,22.77022,23.562334,22.131777,80.30415,8.912584,4.542964,84.036644,76.406265,10.367451,7.086044
24.0,122.0,2007-07-01,2007-11-13,135,25,22.01906,22.720528,21.4154,80.32348,6.0150256,12.574904,84.20275,76.1575,7.3958845,4.604685
24.0,121.0,2007-07-01,2007-11-13,135,25,20.896645,22.273594,20.00921,81.92975,5.6708183,9.351938,86.4976,75.77796,6.7435493,4.4627976
25.0,121.0,2007-07-01,2007-11-13,135,25,22.380756,23.245708,21.616646,78.62369,8.128475,7.442124,83.12513,74.11831,9.44387,6.8348413
25.0,121.0,2007-07-01,2007-11-14,136,25,22.209011,23.078238,21.391855,79.00187,8.555322,4.349077,82.9275,75.13029,9.688678,7.190187
22.0,120.0,2007-07-01,2007-11-14,136,25,24.169453,25.20941,23.451876,80.25945,5.759064,3.951101,84.60156,74.00899,6.5043797,5.0133386
24.0,122.0,2007-07-01,2007-11-14,136,25,21.991245,22.70849,21.319298,81.35532,6.4152718,12.663872,84.40474,78.01956,7.4778924,5.234866
24.0,121.0,2007-07-01,2007-11-14,136,25,20.928457,22.284697,19.94857,82.67442,6.233169,6.8566823,86.526085,77.354904,7.0954266,4.9801064
23.0,121.0,2007-07-01,2007-11-14,136,25,21.483896,23.086006,20.453005,83.674774,3.4970226,7.146914,88.39903,75.82209,3.9144163,3.0027952
23.0,122.0,2007-07-01,2007-11-14,136,25,22.438217,23.160528,21.82348,83.068535,6.9197,9.619138,86.026085,79.64252,7.9908824,5.649454
25.0,120.0,2007-07-01,2007-11-14,136,25,20.592436,21.841806,19.604635,78.87753,8.268336,2.6400964,82.85862,74.00258,9.308965,6.990845
24.0,120.0,2007-07-01,2007-11-14,136,25,22.702072,23.535357,21.96106,80.57607,9.550193,2.2354286,84.16503,76.50476,10.804475,7.7222414
25.0,122.0,2007-07-01,2007-11-14,136,25,23.256607,23.705523,22.687485,77.8529,8.956328,10.117202,81.08333,74.765305,10.168687,7.628704
22.0,121.0,2007-07-01,2007-11-14,136,25,24.223652,25.185947,23.546621,81.37412,6.9838176,3.9218163,85.45212,75.8835,7.808156,5.9514966
23.0,120.0,2007-07-01,2007-11-14,136,25,23.262182,24.326431,22.507431,81.50607,6.8337383,2.5052173,85.79856,75.65452,7.649701,5.865723
22.0,122.0,2007-07-01,2007-11-14,136,25,25.180548,25.491274,24.848354,80.90966,10.535051,6.4028907,83.36206,78.58134,11.956344,8.909818
25.0,122.0,2007-07-01,2007-11-15,137,25,23.103575,23.5598,22.552622,78.05163,9.400611,9.491386,81.1832,74.36821,10.532767,8.113747
25.0,120.0,2007-07-01,2007-11-15,137,25,20.424986,21.738056,19.478842,78.69924,8.49167,3.1632628,82.99814,73.05581,9.45445,7.3472486
24.0,122.0,2007-07-01,2007-11-15,137,25,21.917652,22.62997,21.326567,81.376785,6.8796186,12.730222,84.77406,77.703415,7.7522545,5.791489
24.0,121.0,2007-07-01,2007-11-15,137,25,20.908901,22.307423,19.978252,82.14517,6.4640965,7.4372582,86.28455,75.6946,7.282845,5.452594
23.0,122.0,2007-07-01,2007-11-15,137,25,22.39194,23.127945,21.832691,83.2266,7.3150315,16.188774,86.23585,79.607414,8.367152,6.0809007
23.0,121.0,2007-07-01,2007-11-15,137,25,21.529758,23.190855,20.540293,83.25248,3.5497842,7.7805715,87.745735,74.88202,4.071522,3.057139
24.0,120.0,2007-07-01,2007-11-15,137,25,22.646336,23.488588,21.959482,80.1701,9.853741,2.7991931,83.53548,75.83561,11.072524,8.372307
23.0,120.0,2007-07-01,2007-11-15,137,25,23.271727,24.359337,22.54778,81.221565,6.9538026,3.1074293,84.783005,75.209816,7.7935834,6.1101384
22.0,121.0,2007-07-01,2007-11-15,137,25,24.243574,25.243202,23.607368,81.486275,7.051875,6.6178517,85.07551,76.08206,8.010638,6.1260076
25.0,121.0,2007-07-01,2007-11-15,137,25,22.109262,22.962149,21.362877,78.699715,8.766297,4.2554836,82.61741,74.216095,9.787623,7.621833
22.0,122.0,2007-07-01,2007-11-15,137,25,25.107788,25.33019,24.872765,81.604256,10.854727,15.060234,83.94998,78.94023,12.404066,9.186002
22.0,120.0,2007-07-01,2007-11-15,137,25,24.187027,25.251884,23.52416,80.2707,5.6092834,3.798645,84.29551,74.25297,6.5709577,4.6014853
24.0,121.0,2007-07-01,2007-11-16,138,25,20.608637,22.010132,19.612236,82.21289,6.424275,8.986812,85.92512,76.5978,7.1955147,5.5311275
24.0,122.0,2007-07-01,2007-11-16,138,25,21.664658,22.4325,20.92607,80.81249,6.9585032,12.703239,83.70703,77.68055,7.957869,5.9567623
25.0,121.0,2007-07-01,2007-11-16,138,25,21.856304,22.756464,21.135235,78.12478,8.651405,4.2947316,81.91203,74.11991,9.688785,7.564002
25.0,122.0,2007-07-01,2007-11-16,138,25,22.897219,23.336523,22.33438,76.88404,9.340715,7.9882765,79.898895,74.42373,10.589756,8.254879
23.0,120.0,2007-07-01,2007-11-16,138,25,23.027716,23.964067,22.312788,81.29798,6.9518237,2.466111,84.80486,76.2524,7.6304345,6.220834
23.0,121.0,2007-07-01,2007-11-16,138,25,21.248081,22.749994,20.163738,83.49957,3.482492,9.402768,87.60096,76.649895,3.9524565,3.0264218
24.0,120.0,2007-07-01,2007-11-16,138,25,22.383518,23.230597,21.727173,80.070045,9.865802,2.083424,83.20708,76.04838,10.858147,8.61261
23.0,122.0,2007-07-01,2007-11-16,138,25,22.141241,22.904472,21.441372,82.43712,7.246244,12.49603,85.2771,79.021774,8.143635,6.208852
25.0,120.0,2007-07-01,2007-11-16,138,25,20.147917,21.533989,19.095055,77.83618,8.348096,2.4758801,82.69204,71.57999,9.283017,7.204397
22.0,122.0,2007-07-01,2007-11-16,138,25,24.894794,25.230635,24.483574,80.18108,10.6685,7.3574758,83.22757,77.596825,12.092406,9.203994
22.0,121.0,2007-07-01,2007-11-16,138,25,23.999443,24.913198,23.269356,81.102165,6.9027886,4.2465234,84.81295,76.20096,7.8518047,6.0071964
22.0,120.0,2007-07-01,2007-11-16,138,25,23.998877,24.952612,23.291689,80.25364,5.298808,3.9987183,83.86903,74.97249,6.2432704,4.4095445
25.0,122.0,2007-07-01,2007-11-17,139,25,22.60064,23.079796,21.926567,75.58706,9.102452,8.973481,78.56384,72.50108,10.317927,7.8646617
25.0,120.0,2007-07-01,2007-11-17,139,25,19.796461,21.134027,18.699102,77.38208,8.17617,1.4917994,81.894394,71.33788,9.117923,6.9253807
24.0,122.0,2007-07-01,2007-11-17,139,25,21.309088,22.101835,20.473608,79.84468,6.8272862,13.637483,83.12218,76.42454,7.8608265,5.7305284
25.0,121.0,2007-07-01,2007-11-17,139,25,21.5247,22.354342,20.658413,77.241234,8.438974,3.652444,80.90698,73.29284,9.5012,7.109308
23.0,122.0,2007-07-01,2007-11-17,139,25,21.823189,22.591148,21.023682,81.317215,7.146095,12.253208,84.286354,78.12839,8.175921,6.1051607
23.0,121.0,2007-07-01,2007-11-17,139,25,20.859882,22.337978,19.784147,82.945206,3.4963334,9.265528,87.0409,76.3378,4.049548,2.9362693
24.0,120.0,2007-07-01,2007-11-17,139,25,22.083586,22.910025,21.280424,79.31882,9.722347,1.2364819,82.66885,75.1054,10.957406,7.881097
24.0,121.0,2007-07-01,2007-11-17,139,25,20.217718,21.59484,19.132633,81.71576,6.2745104,8.263035,85.62193,76.19543,7.195657,5.094328
22.0,121.0,2007-07-01,2007-11-17,139,25,23.728325,24.570513,22.996885,80.25332,6.8330092,4.6158643,83.73041,75.99632,7.6982403,6.0518937
22.0,120.0,2007-07-01,2007-11-17,139,25,23.724741,24.568369,23.00559,79.471855,5.6710706,3.8480468,82.83014,75.191864,6.601362,4.782555
22.0,122.0,2007-07-01,2007-11-17,139,25,24.693737,25.10519,24.209488,78.80512,10.468147,7.6105714,81.33943,76.22422,11.786677,9.146132
23.0,120.0,2007-07-01,2007-11-17,139,25,22.730816,23.61561,21.97143,80.47809,6.9171314,2.2043774,83.955154,75.73442,7.760371,5.784055
24.0,122.0,2007-07-01,2007-11-18,140,25,20.874014,21.760288,20.104313,78.10782,6.222392,6.358533,81.73996,74.156975,7.1969194,5.22719
25.0,121.0,2007-07-01,2007-11-18,140,25,20.980724,21.95539,20.146627,75.94872,7.7857366,1.9185376,80.16959,71.28244,8.860742,6.65188
25.0,122.0,2007-07-01,2007-11-18,140,25,22.080564,22.603975,21.529306,73.977646,8.4904585,4.4075537,77.896286,70.71927,9.707795,7.329015
25.0,120.0,2007-07-01,2007-11-18,140,25,19.278868,20.824623,18.17231,76.02551,7.540225,0.60171145,81.050186,69.29015,8.50677,6.4685473
23.0,121.0,2007-07-01,2007-11-18,140,25,20.483118,22.171377,19.253477,81.29943,3.392335,4.7200537,86.280655,73.40708,3.8955731,2.8322947
23.0,122.0,2007-07-01,2007-11-18,140,25,21.467222,22.380337,20.67307,79.274025,6.984913,9.006845,82.44629,75.626526,8.110889,5.9389844
24.0,121.0,2007-07-01,2007-11-18,140,25,19.758091,21.269249,18.686348,80.34239,5.760102,3.8307543,84.766174,73.59772,6.622467,4.8540545
24.0,120.0,2007-07-01,2007-11-18,140,25,21.588537,22.547426,20.844254,78.00357,8.81343,0.489104,82.41568,72.60841,10.01293,7.438204
22.0,122.0,2007-07-01,2007-11-18,140,25,24.35901,24.798603,23.834463,76.604645,10.592116,7.5340896,79.66828,73.98041,12.157968,9.178636
23.0,120.0,2007-07-01,2007-11-18,140,25,22.318428,23.412691,21.465235,78.86524,6.4274144,1.3591797,83.46107,72.66853,7.252508,5.421134
22.0,121.0,2007-07-01,2007-11-18,140,25,23.372627,24.407333,22.490444,78.37766,6.9617186,3.2305079,82.374084,73.295555,7.8906074,6.0611615
22.0,120.0,2007-07-01,2007-11-18,140,25,23.376171,24.43566,22.504223,77.60532,5.796663,2.6134276,81.99214,71.58791,6.6501617,4.9769216
25.0,122.0,2007-07-01,2007-11-19,141,25,21.87507,22.431412,21.22065,72.298065,8.15188,2.9503222,75.07155,69.30125,9.544372,6.726754
25.0,121.0,2007-07-01,2007-11-19,141,25,20.70602,21.630762,19.854029,75.12187,7.769896,1.4726635,78.50355,71.344505,8.957904,6.4175267
24.0,122.0,2007-07-01,2007-11-19,141,25,20.598545,21.425722,19.914112,76.67126,6.127773,4.4655223,79.8875,72.69333,7.1128364,4.9403186
25.0,120.0,2007-07-01,2007-11-19,141,25,18.917753,20.398703,17.766169,75.89147,7.467015,0.56446046,80.59737,69.20433,8.543649,6.1546297
23.0,122.0,2007-07-01,2007-11-19,141,25,21.111183,21.941034,20.480986,78.45544,7.1280656,5.02521,81.48146,74.78754,8.10823,6.0326543
23.0,121.0,2007-07-01,2007-11-19,141,25,20.108398,21.749102,19.075232,80.67896,3.3077059,3.6998339,85.4977,72.52552,3.791836,2.78735
24.0,120.0,2007-07-01,2007-11-19,141,25,21.307625,22.200634,20.572159,77.76343,8.88,0.70484376,80.86645,73.58194,10.240459,7.073101
24.0,121.0,2007-07-01,2007-11-19,141,25,19.412931,20.828917,18.431076,79.82207,5.8537755,2.9790113,83.68959,73.56878,6.801454,4.6261945
22.0,121.0,2007-07-01,2007-11-19,141,25,23.061174,24.061172,22.355053,77.48658,7.0064135,2.6689453,81.397675,71.989204,7.763765,6.275541
22.0,120.0,2007-07-01,2007-11-19,141,25,23.057852,24.059355,22.327608,77.33056,5.40511,2.0357103,81.19559,71.773415,6.2519436,4.7276516
22.0,122.0,2007-07-01,2007-11-19,141,25,24.066391,24.465782,23.625732,75.53581,10.857544,4.006235,78.52887,72.48456,12.027702,9.667819
23.0,120.0,2007-07-01,2007-11-19,141,25,22.008184,23.053383,21.276894,78.556984,6.348776,1.4201611,82.4435,72.611916,7.244548,5.2910967
24.0,122.0,2007-07-01,2007-11-20,142,25,20.587498,21.51541,19.824205,76.87883,6.296225,3.9860742,80.57271,72.498055,7.0748267,5.449849
25.0,120.0,2007-07-01,2007-11-20,142,25,18.830303,20.442205,17.649073,75.408745,7.544914,0.7033032,80.743195,67.80082,8.371988,6.5896564
25.0,122.0,2007-07-01,2007-11-20,142,25,21.84479,22.344345,21.276728,73.14566,8.417061,3.2988281,76.767845,70.10724,9.4734955,7.3892016
25.0,121.0,2007-07-01,2007-11-20,142,25,20.6575,21.640224,19.84275,75.29133,7.8925796,1.6273804,79.82801,70.50524,8.7759495,6.9122996
23.0,121.0,2007-07-01,2007-11-20,142,25,20.111423,21.83563,18.98525,80.013214,3.4156568,2.49834,85.07667,71.50514,3.813183,2.9630363
23.0,122.0,2007-07-01,2007-11-20,142,25,21.115253,22.025772,20.38485,78.19337,7.2996583,3.4269972,81.80182,74.407005,8.060037,6.4695215
24.0,121.0,2007-07-01,2007-11-20,142,25,19.383224,20.990894,18.325811,79.21156,5.9697556,2.3051684,83.63174,72.26133,6.6977153,5.200957
24.0,120.0,2007-07-01,2007-11-20,142,25,21.261934,22.233774,20.503565,77.42077,9.120353,0.4045288,81.47606,72.68226,10.083246,7.996164
22.0,122.0,2007-07-01,2007-11-20,142,25,24.070745,24.442345,23.617012,75.52187,11.075996,2.189497,78.311295,73.174355,12.186929,9.985326
23.0,120.0,2007-07-01,2007-11-20,142,25,21.99508,23.041143,21.206484,78.145134,6.576675,0.58825684,82.69548,72.13477,7.216725,5.848792
22.0,121.0,2007-07-01,2007-11-20,142,25,23.064602,24.07021,22.278301,77.10156,7.15218,1.2535303,80.978836,71.84259,7.9098787,6.466171
22.0,120.0,2007-07-01,2007-11-20,142,25,23.05788,24.080948,22.295748,77.0125,5.4989233,1.2867895,81.08555,71.300964,6.2026734,4.7861314
25.0,122.0,2007-07-01,2007-11-21,143,25,21.861984,22.460361,21.256275,72.84372,8.056003,3.3616772,76.25245,69.70389,9.078163,6.7654557
25.0,121.0,2007-07-01,2007-11-21,143,25,20.69024,21.659405,19.91818,75.07789,7.686857,1.5934863,79.404724,69.82014,8.730165,6.3277197
24.0,122.0,2007-07-01,2007-11-21,143,25,20.526552,21.297564,19.901505,76.92457,6.005496,3.8679638,79.91287,73.66346,6.910207,4.731025
25.0,120.0,2007-07-01,2007-11-21,143,25,18.748825,20.337091,17.64711,75.52649,7.5193586,0.5449121,81.15195,67.63216,8.552442,6.0772095
23.0,122.0,2007-07-01,2007-11-21,143,25,21.044754,21.86145,20.442806,78.12834,7.305215,3.3458154,81.20968,74.580414,8.208575,6.2804017
23.0,121.0,2007-07-01,2007-11-21,143,25,20.012096,21.786894,18.95069,79.89877,3.4052722,2.0765917,84.37827,71.50326,3.9381957,2.8334785
24.0,120.0,2007-07-01,2007-11-21,143,25,21.263638,22.227943,20.53648,77.193405,8.756965,0.36515868,80.881294,72.163185,10.049333,6.948857
24.0,121.0,2007-07-01,2007-11-21,143,25,19.337843,20.894854,18.391344,79.41049,5.830418,2.0881813,83.49554,72.759514,6.763397,4.529738
22.0,121.0,2007-07-01,2007-11-21,143,25,22.990345,24.037481,22.1881,76.93121,7.3197813,0.9724609,80.912865,71.42937,7.9886303,6.6308775
22.0,120.0,2007-07-01,2007-11-21,143,25,23.019787,24.11167,22.225933,76.25242,5.676296,0.59190917,80.29554,70.13838,6.3627076,4.9855614
22.0,122.0,2007-07-01,2007-11-21,143,25,24.025436,24.389576,23.614443,75.40097,11.265996,2.247798,78.148224,72.92069,12.31648,10.252805
23.0,120.0,2007-07-01,2007-11-21,143,25,21.943047,23.056168,21.175606,77.62093,6.31505,0.3462451,81.535164,71.4161,7.135389,5.273152
24.0,122.0,2007-07-01,2007-11-22,144,25,20.736744,21.540108,20.032618,77.30273,5.533836,6.373306,80.58382,73.348015,6.646629,4.500636
25.0,120.0,2007-07-01,2007-11-22,144,25,19.101782,20.731695,17.911764,77.473045,7.046646,0.58840334,83.051025,70.147675,8.217713,5.9406667
25.0,122.0,2007-07-01,2007-11-22,144,25,22.178556,22.605694,21.641796,73.73428,7.777516,5.5679445,77.08138,70.54844,9.241886,6.3893175
25.0,121.0,2007-07-01,2007-11-22,144,25,21.032574,22.077017,20.17548,76.41749,7.2939715,2.5458057,80.90281,71.45836,8.573123,6.106103
23.0,121.0,2007-07-01,2007-11-22,144,25,20.161976,22.046637,19.052492,80.317116,3.10295,3.3557227,85.91033,70.66424,3.644604,2.5582395
23.0,122.0,2007-07-01,2007-11-22,144,25,21.212208,22.087807,20.55523,78.72074,6.588956,4.5904636,81.841225,74.60759,7.449605,5.764052
24.0,121.0,2007-07-01,2007-11-22,144,25,19.573341,21.275497,18.500547,80.325424,5.2279706,3.3337548,85.24896,72.42281,6.220241,4.218109
24.0,120.0,2007-07-01,2007-11-22,144,25,21.514912,22.543219,20.706903,78.31497,8.206543,0.43520996,82.72603,72.7032,9.711061,6.6411867
22.0,122.0,2007-07-01,2007-11-22,144,25,24.171368,24.462164,23.778746,76.109055,10.489762,2.8967383,79.07725,73.22361,11.42753,9.611083
23.0,120.0,2007-07-01,2007-11-22,144,25,22.108816,23.302818,21.316914,78.26177,6.079738,0.4419092,83.37524,70.88771,7.0374513,5.1022635
22.0,121.0,2007-07-01,2007-11-22,144,25,23.118668,24.239405,22.401445,77.44797,6.9550753,1.6497949,82.17584,71.23648,7.624542,6.328468
22.0,120.0,2007-07-01,2007-11-22,144,25,23.14544,24.25022,22.418463,76.56387,5.770492,0.9616211,81.50193,70.0651,6.558779,5.025837
25.0,122.0,2007-07-01,2007-11-23,145,25,21.622656,22.232988,21.020445,73.13955,8.733016,6.2868333,75.99377,70.18066,9.588563,7.5740185
25.0,121.0,2007-07-01,2007-11-23,145,25,20.537804,21.604551,19.68317,75.45468,8.081751,2.4809668,79.47388,70.635765,9.0144,6.7910295
24.0,122.0,2007-07-01,2007-11-23,145,25,20.34656,21.235113,19.539387,77.37978,6.4801836,7.6235085,80.36262,73.64205,7.3446655,5.268552
25.0,120.0,2007-07-01,2007-11-23,145,25,18.578228,20.143995,17.390612,76.78979,7.940949,0.9398401,81.85682,70.03278,8.9217,6.6455817
23.0,122.0,2007-07-01,2007-11-23,145,25,20.95357,21.907383,20.133097,78.93744,7.1868205,5.9020066,82.26443,75.158554,8.046331,6.137484
23.0,121.0,2007-07-01,2007-11-23,145,25,19.921719,21.724112,18.737917,80.69751,3.425766,4.0529494,85.67854,72.03283,3.897038,2.8345776
24.0,120.0,2007-07-01,2007-11-23,145,25,21.184586,22.222715,20.315514,77.88446,9.306027,0.3972278,82.022285,72.94717,10.533777,7.5702
24.0,121.0,2007-07-01,2007-11-23,145,25,19.245153,20.87275,18.083483,80.01175,6.020093,3.7917187,84.66971,73.02306,6.895669,4.7947025
22.0,121.0,2007-07-01,2007-11-23,145,25,22.908175,24.010761,22.075722,78.13036,7.1090393,2.7068212,82.34047,72.61701,7.841598,6.3470826
22.0,120.0,2007-07-01,2007-11-23,145,25,22.979464,24.09666,22.184551,77.14608,5.7739687,1.6109253,81.01779,71.41198,6.326778,5.1788917
22.0,122.0,2007-07-01,2007-11-23,145,25,23.942398,24.419199,23.415562,76.608284,10.925348,4.5616746,79.59228,73.681755,11.998207,9.773995
23.0,120.0,2007-07-01,2007-11-23,145,25,21.866474,23.049126,21.016874,78.51992,6.709566,0.6416748,82.93964,72.20011,7.5339813,5.695944
24.0,122.0,2007-07-01,2007-11-24,146,25,20.28028,21.090435,19.515871,76.923035,5.969376,8.63637,80.61383,73.342064,6.9515123,4.9714503
25.0,120.0,2007-07-01,2007-11-24,146,25,18.441738,19.888176,17.416002,76.74026,7.6040387,1.654165,82.20872,69.963615,8.592642,6.4549756
25.0,122.0,2007-07-01,2007-11-24,146,25,21.624056,22.193584,20.990717,73.105484,8.284782,6.463208,76.11076,69.764305,9.37673,7.085451
25.0,121.0,2007-07-01,2007-11-24,146,25,20.487026,21.45808,19.63879,76.05072,7.752932,3.0049756,80.264626,71.33411,8.792828,6.7152796
23.0,121.0,2007-07-01,2007-11-24,146,25,19.735374,21.430517,18.694761,80.667854,3.2650833,5.3294873,85.76074,72.34012,3.869445,2.7798295
23.0,122.0,2007-07-01,2007-11-24,146,25,20.841656,21.65379,20.168102,78.43043,6.862604,6.843462,81.637955,74.603035,7.8507237,5.8624005
24.0,121.0,2007-07-01,2007-11-24,146,25,19.126244,20.682188,18.126534,80.19461,5.5588446,5.1579785,84.81858,72.97992,6.471586,4.5226703
24.0,120.0,2007-07-01,2007-11-24,146,25,21.093863,22.055824,20.332384,78.26455,8.667882,1.4043335,82.650955,72.98012,9.862002,7.08818
22.0,122.0,2007-07-01,2007-11-24,146,25,23.91748,24.294756,23.481827,75.6636,10.8100395,4.143574,78.53651,72.74186,12.013924,9.614822
23.0,120.0,2007-07-01,2007-11-24,146,25,21.708324,22.776577,20.942476,78.6994,6.3089204,1.5575073,83.37807,72.28055,7.1010213,5.2938514
22.0,121.0,2007-07-01,2007-11-24,146,25,22.808374,23.761318,22.06651,77.61041,7.1410084,2.6171582,81.92142,72.34592,7.9005537,6.3595953
22.0,120.0,2007-07-01,2007-11-24,146,25,22.824434,23.846586,22.10068,77.175735,6.111413,2.0924952,81.28796,71.40441,6.8467402,5.3476896
25.0,122.0,2007-07-01,2007-11-25,147,25,21.91175,22.410816,21.37916,74.3516,7.8831544,5.5921803,78.712746,70.85604,8.865561,6.8151903
25.0,121.0,2007-07-01,2007-11-25,147,25,20.61309,21.553627,19.845762,77.76428,7.062114,2.3847704,82.30167,72.5436,8.053188,5.95875
24.0,122.0,2007-07-01,2007-11-25,147,25,20.61505,21.459951,19.944185,77.07415,5.590081,6.546155,81.632256,72.160965,6.3960114,4.7549114
25.0,120.0,2007-07-01,2007-11-25,147,25,18.585234,20.10567,17.47043,78.37472,6.8271337,1.0249012,83.5799,71.192505,7.692523,5.6392097
23.0,122.0,2007-07-01,2007-11-25,147,25,21.085634,21.937506,20.435856,78.57866,6.448161,6.6731105,82.53833,74.019295,7.27075,5.534859
23.0,121.0,2007-07-01,2007-11-25,147,25,19.989685,21.787212,18.924707,80.6817,3.028065,3.676284,86.175316,71.31767,3.5396683,2.4962118
24.0,120.0,2007-07-01,2007-11-25,147,25,21.15084,22.088007,20.435583,79.28024,7.8675704,0.92724246,83.66273,73.60528,8.925472,6.49785
24.0,121.0,2007-07-01,2007-11-25,147,25,19.298662,20.889605,18.319576,80.77644,4.964797,3.3137329,85.69692,73.10248,5.7751884,3.9778922
22.0,121.0,2007-07-01,2007-11-25,147,25,22.960234,23.981401,22.244081,77.79247,6.7679396,2.5153954,82.39565,71.912186,7.5021653,6.0155706
22.0,120.0,2007-07-01,2007-11-25,147,25,22.957548,24.014492,22.247652,77.61816,5.7786975,2.1211011,81.8917,71.34573,6.524747,5.091516
22.0,122.0,2007-07-01,2007-11-25,147,25,24.058678,24.356123,23.67894,75.9509,10.205175,5.521372,79.29844,72.93523,11.248021,9.078958
23.0,120.0,2007-07-01,2007-11-25,147,25,21.846596,22.98813,21.099312,79.16855,5.89874,1.2739356,84.043816,72.07175,6.6236963,5.082414
24.0,122.0,2007-07-01,2007-11-26,148,25,20.587143,21.382217,19.924644,80.286766,5.750989,7.4664235,83.5054,76.65519,6.845422,4.6188793
25.0,120.0,2007-07-01,2007-11-26,148,25,18.67461,20.348763,17.407408,79.85185,6.5924315,1.4992554,85.22037,72.49038,7.5635085,5.3996496
25.0,122.0,2007-07-01,2007-11-26,148,25,21.826633,22.28504,21.27939,77.45657,7.825818,6.766636,80.36777,74.801956,9.077137,6.541619
25.0,121.0,2007-07-01,2007-11-26,148,25,20.613188,21.625479,19.800245,79.29361,6.7949963,3.0230517,83.25828,74.685425,7.823192,5.647112
23.0,121.0,2007-07-01,2007-11-26,148,25,20.131752,21.904291,19.055206,82.12126,2.8289912,3.4805126,87.09262,73.34151,3.3303688,2.3151078
23.0,122.0,2007-07-01,2007-11-26,148,25,21.14547,21.999321,20.486513,80.383575,6.05492,4.557183,84.02616,76.41694,6.951876,5.1389775
24.0,121.0,2007-07-01,2007-11-26,148,25,19.356611,20.981539,18.299585,82.3176,4.737872,3.7048194,86.8833,75.29104,5.581106,3.7682955
24.0,120.0,2007-07-01,2007-11-26,148,25,21.228111,22.257671,20.408434,80.21211,7.7932177,1.1074634,84.53255,75.03612,8.994408,6.4853578
22.0,122.0,2007-07-01,2007-11-26,148,25,24.113506,24.436909,23.720043,77.05644,9.398081,2.1554492,80.12628,74.23008,10.52547,8.313508
23.0,120.0,2007-07-01,2007-11-26,148,25,22.008316,23.11274,21.165117,79.98855,5.8221736,0.8718652,84.25534,73.655174,6.6241055,5.0096445
22.0,121.0,2007-07-01,2007-11-26,148,25,23.097462,24.10707,22.371391,78.56715,6.147659,1.0751172,82.68816,72.891,6.9480658,5.4702215
22.0,120.0,2007-07-01,2007-11-26,148,25,23.102558,24.185932,22.297808,78.30762,5.4365916,1.4239355,82.678856,72.17031,6.184882,4.686583
25.0,122.0,2007-07-01,2007-11-27,149,25,21.404137,21.957735,20.649267,75.407135,8.066686,4.254807,79.03394,72.3505,9.502826,6.5535564
25.0,121.0,2007-07-01,2007-11-27,149,25,20.142422,21.020514,19.26692,77.23907,7.6150255,1.8866309,81.44134,73.392845,9.110964,6.108669
24.0,122.0,2007-07-01,2007-11-27,149,25,20.407068,21.305698,19.47674,78.844215,6.1972938,5.5285935,82.66664,74.69441,7.367271,4.854891
25.0,120.0,2007-07-01,2007-11-27,149,25,18.375496,19.867464,17.22465,77.60895,7.2306805,1.3281665,83.04124,71.011856,8.5351515,5.8400574
23.0,122.0,2007-07-01,2007-11-27,149,25,20.99968,21.903746,20.167223,79.57495,6.5978017,3.934663,83.22476,75.27186,7.5430236,5.542446
23.0,121.0,2007-07-01,2007-11-27,149,25,20.026854,21.750494,18.848566,81.393875,3.2041626,3.265713,86.458984,73.3695,3.7347193,2.666527
24.0,120.0,2007-07-01,2007-11-27,149,25,20.887934,21.71394,20.161222,78.990906,8.821701,0.54966307,82.680595,75.26564,10.3556595,7.1574616
24.0,121.0,2007-07-01,2007-11-27,149,25,19.128704,20.61724,18.030176,80.822914,5.569439,3.1415088,84.9371,74.81768,6.7433467,4.3098574
22.0,121.0,2007-07-01,2007-11-27,149,25,22.95116,23.958124,22.201889,78.36557,6.578534,1.2527783,82.54268,73.01393,7.347299,5.824228
22.0,120.0,2007-07-01,2007-11-27,149,25,22.941624,23.935913,22.200956,78.00177,5.522865,1.5564307,82.363434,72.39068,6.2770996,4.888044
22.0,122.0,2007-07-01,2007-11-27,149,25,23.92618,24.28751,23.475307,76.76656,10.037645,1.9220313,80.08636,73.64755,11.238387,8.850792
23.0,120.0,2007-07-01,2007-11-27,149,25,21.790611,22.827164,20.99667,79.48339,6.3901196,0.66502196,83.54789,74.289276,7.2894964,5.4983974
24.0,122.0,2007-07-01,2007-11-28,150,25,19.68435,20.628609,18.9365,77.23766,6.084825,5.9006057,80.36159,73.272224,7.538255,4.6284122
25.0,120.0,2007-07-01,2007-11-28,150,25,17.562216,18.940495,16.55198,76.013016,7.642244,1.2560937,81.11869,69.635544,8.8154545,6.1897736
25.0,122.0,2007-07-01,2007-11-28,150,25,20.646086,21.26247,20.03708,73.86823,8.108609,5.1480174,76.9862,70.625,9.823383,6.1144166
25.0,121.0,2007-07-01,2007-11-28,150,25,19.389122,20.232658,18.630949,76.036995,7.804971,2.3776197,79.82741,72.267426,9.243346,6.137883
23.0,121.0,2007-07-01,2007-11-28,150,25,19.412104,21.166588,18.332531,79.8509,3.3901458,2.891875,84.61293,71.374565,4.052617,2.7965407
23.0,122.0,2007-07-01,2007-11-28,150,25,20.401812,21.364136,19.658976,78.29646,6.87046,4.1461473,81.17734,73.95352,8.026778,5.800167
24.0,121.0,2007-07-01,2007-11-28,150,25,18.41048,19.923866,17.430279,79.64858,5.8568983,3.1109889,83.67958,73.173454,6.9700336,4.531776
24.0,120.0,2007-07-01,2007-11-28,150,25,20.264229,21.13854,19.578356,77.88439,9.215028,1.0839844,80.96513,74.07838,10.582778,7.435274
22.0,122.0,2007-07-01,2007-11-28,150,25,23.508245,23.952915,23.034868,75.70798,10.471174,2.4594433,78.41836,73.40283,11.839543,9.094485
23.0,120.0,2007-07-01,2007-11-28,150,25,21.270805,22.32398,20.567383,78.050545,6.738231,0.85389405,81.674385,72.54642,7.6457295,5.7721734
22.0,121.0,2007-07-01,2007-11-28,150,25,22.516302,23.478891,21.77848,77.04784,6.91796,1.1920459,80.69341,71.8288,7.8626614,5.9720387
22.0,120.0,2007-07-01,2007-11-28,150,25,22.516287,23.502436,21.791172,76.929695,5.679203,1.2289697,80.639046,71.49117,6.4737024,4.89771
25.0,122.0,2007-07-01,2007-11-29,151,25,20.952486,21.717144,20.050016,71.632645,8.339629,5.450754,74.83023,68.6334,9.439356,7.154803
25.0,121.0,2007-07-01,2007-11-29,151,25,19.701818,20.75707,18.672653,74.3074,7.848473,2.9226928,78.532326,69.61184,8.883403,6.5767655
24.0,122.0,2007-07-01,2007-11-29,151,25,19.789534,20.705923,18.864376,75.74079,6.053524,6.069336,79.26136,72.07826,7.0939956,4.844077
25.0,120.0,2007-07-01,2007-11-29,151,25,17.572514,19.134987,16.368122,75.64541,7.460839,1.8280346,81.066574,68.56746,8.588797,5.9835057
23.0,122.0,2007-07-01,2007-11-29,151,25,20.395601,21.283463,19.640587,77.521614,6.773738,4.289551,80.90462,73.29395,7.7921224,5.6211414
23.0,121.0,2007-07-01,2007-11-29,151,25,19.343086,21.111113,18.222023,78.890915,3.408581,3.6962938,83.90123,70.08457,3.9606588,2.7787588
24.0,120.0,2007-07-01,2007-11-29,151,25,20.45236,21.454336,19.595577,76.65756,8.868548,1.512478,80.83704,71.67814,10.2079525,7.0226793
24.0,121.0,2007-07-01,2007-11-29,151,25,18.52135,20.13974,17.401554,78.76684,5.711694,3.5308886,83.08961,71.46181,6.6933513,4.4586883
22.0,121.0,2007-07-01,2007-11-29,151,25,22.421936,23.406357,21.664711,76.29436,7.065224,2.172246,80.3522,70.7366,7.9322276,6.143384
22.0,120.0,2007-07-01,2007-11-29,151,25,22.427645,23.497309,21.6292,75.87016,5.986211,2.8662183,80.15654,69.744965,6.9572783,5.009484
22.0,122.0,2007-07-01,2007-11-29,151,25,23.477112,23.870089,23.021059,75.1285,10.471116,2.7642822,78.18285,72.85454,11.79682,9.044517
23.0,120.0,2007-07-01,2007-11-29,151,25,21.279236,22.36898,20.48207,76.74334,6.5528455,1.6760375,81.05784,70.69317,7.4174047,5.450864
24.0,122.0,2007-07-01,2007-11-30,152,25,19.694641,20.498344,18.974352,76.88396,6.1312194,5.890952,80.4029,72.81003,7.2448025,5.006026
25.0,120.0,2007-07-01,2007-11-30,152,25,17.527197,19.03814,16.364723,75.84882,6.9677587,2.5758398,81.394516,68.62186,8.011449,5.6918464
25.0,122.0,2007-07-01,2007-11-30,152,25,20.825645,21.383213,20.198029,72.99791,8.377281,5.0877466,76.365555,69.821434,9.974596,6.864348
25.0,121.0,2007-07-01,2007-11-30,152,25,19.506447,20.527529,18.737263,75.42209,7.586238,3.3363428,79.86221,70.4169,8.850972,6.096534
23.0,121.0,2007-07-01,2007-11-30,152,25,19.215425,20.938004,18.136456,80.056404,3.3341482,4.0614357,84.9385,72.04827,3.9668684,2.7667632
23.0,122.0,2007-07-01,2007-11-30,152,25,20.353968,21.218819,19.611326,78.18238,6.635237,4.732515,81.50477,74.392136,7.669656,5.5954237
24.0,121.0,2007-07-01,2007-11-30,152,25,18.35728,19.893652,17.37379,79.58048,5.337802,4.128572,84.06614,72.7731,6.318002,4.2451267
24.0,120.0,2007-07-01,2007-11-30,152,25,20.211033,21.164667,19.495777,77.0771,8.369472,2.2779882,81.33384,71.56774,9.694579,6.719348
22.0,122.0,2007-07-01,2007-11-30,152,25,23.486662,23.938427,23.015678,75.412445,10.2583275,3.120879,78.45138,72.81518,11.43406,8.895895
23.0,120.0,2007-07-01,2007-11-30,152,25,21.074087,22.151283,20.33634,77.48402,6.30122,2.2016993,82.03469,71.00076,7.2700973,5.2452726
22.0,121.0,2007-07-01,2007-11-30,152,25,22.345144,23.357231,21.574366,77.03131,6.894779,2.4488916,81.201256,71.82426,7.702295,6.0459666
22.0,120.0,2007-07-01,2007-11-30,152,25,22.303936,23.32661,21.52793,76.74689,6.2642794,2.3878443,80.7598,71.33065,7.111588,5.4640326
