latitude,longitude,init_date,valid_date,lead_day,ens_n,t2m_C,t2m_C_max,t2m_C_min,rh_pct,wind_mps,tp_mm_mean,rh_pct_max,rh_pct_min,wind_mps_max,wind_mps_min
22.5,120.5,2024-05-01,2024-05-01,0,51,25.695902,27.957134,24.081823,78.06028,2.171555,0.0,88.04711,64.23626,3.8227365,1.0891106
24.5,120.5,2024-05-01,2024-05-01,0,51,22.71492,23.268263,22.322353,87.83578,5.2838025,0.0,90.26658,84.17731,5.946953,4.6124387
23.5,120.5,2024-05-01,2024-05-01,0,51,21.769072,23.733597,20.404703,88.3976,1.1853117,0.0,94.52817,77.82935,1.4998926,0.86096334
22.5,121.5,2024-05-01,2024-05-01,0,51,26.25415,28.055824,25.200674,83.28216,4.444963,0.0,87.82065,75.77181,6.500049,1.4346365
24.5,121.5,2024-05-01,2024-05-01,0,51,19.392796,20.973104,18.501152,91.408646,2.7636628,0.0,94.77715,85.52582,3.0719185,2.4189632
23.5,121.5,2024-05-01,2024-05-01,0,51,21.373814,22.808275,20.41861,88.76498,2.8442793,0.0,91.85814,83.590034,3.4189534,2.2436657
23.5,120.5,2024-05-01,2024-05-02,1,51,21.930614,23.99818,20.57712,88.49244,1.8543884,6.5749674,93.653656,80.46109,2.2416875,1.4620401
22.5,120.5,2024-05-01,2024-05-02,1,51,25.339478,27.360275,23.873701,82.01855,1.7664132,3.169789,89.488815,71.97755,2.2129753,1.3151953
23.5,121.5,2024-05-01,2024-05-02,1,51,21.470184,22.765375,20.727785,88.13642,2.8914492,11.780908,90.76379,83.496475,3.5817626,2.1972969
24.5,121.5,2024-05-01,2024-05-02,1,51,19.4008,20.899452,18.641123,90.85738,2.5731833,9.812149,93.43149,86.66684,3.1473212,1.848608
22.5,121.5,2024-05-01,2024-05-02,1,51,25.588789,26.058857,25.185347,84.27474,5.581642,3.0102448,86.17352,82.14811,6.762109,4.155289
24.5,120.5,2024-05-01,2024-05-02,1,51,22.901604,23.732058,22.420332,84.33876,5.571502,3.2350876,87.627556,79.49053,6.21547,4.8963113
23.5,120.5,2024-05-01,2024-05-03,2,51,22.516027,24.640993,20.983809,87.20614,1.6197139,6.4385357,94.540565,78.78809,2.15364,1.1975613
22.5,121.5,2024-05-01,2024-05-03,2,51,25.8986,26.331352,25.551401,82.953636,4.562092,3.2665777,85.983894,80.02648,5.291149,3.8183568
22.5,120.5,2024-05-01,2024-05-03,2,51,25.573616,27.77442,24.010872,81.60891,1.6433873,2.6239882,90.955376,70.33494,2.128894,0.9351049
24.5,120.5,2024-05-01,2024-05-03,2,51,23.62275,24.524754,22.955864,85.38803,4.524996,3.6153607,90.86919,79.76751,5.8894024,3.229887
24.5,121.5,2024-05-01,2024-05-03,2,51,20.402641,22.007223,19.426184,89.5922,1.9276398,10.487576,93.59033,84.80507,2.6522133,1.2629197
23.5,121.5,2024-05-01,2024-05-03,2,51,22.00493,23.31528,21.329853,87.60689,1.8886557,10.083218,90.75474,83.52682,2.4996557,1.177088
23.5,121.5,2024-05-01,2024-05-04,3,51,22.6763,24.264795,21.658474,87.192764,1.4599257,7.773306,91.84045,80.5223,2.6850917,0.68093127
24.5,121.5,2024-05-01,2024-05-04,3,51,21.767523,23.851269,20.497587,88.64753,2.0357077,10.145,94.28045,80.62471,2.4956365,1.6052408
22.5,121.5,2024-05-01,2024-05-04,3,51,26.42318,26.992626,25.845028,83.34,2.6649597,2.858031,87.361465,79.85623,3.9344697,1.4400827
23.5,120.5,2024-05-01,2024-05-04,3,51,23.32338,25.890024,21.235157,86.28043,1.0912938,4.911086,95.38428,74.68221,1.6654959,0.5988716
24.5,120.5,2024-05-01,2024-05-04,3,51,24.506197,25.392878,23.667498,86.49303,1.6862876,1.4962589,92.29465,81.07879,2.7046015,0.81652915
22.5,120.5,2024-05-01,2024-05-04,3,51,26.210577,28.682457,24.477575,82.15853,2.580757,1.4047061,92.07182,69.52248,3.09025,2.0116727
22.5,120.5,2024-05-01,2024-05-05,4,51,26.779728,29.222763,24.94889,83.41592,2.6266444,1.5590892,92.815605,71.547264,4.088011,1.2883118
24.5,120.5,2024-05-01,2024-05-05,4,51,25.733217,27.262285,24.639008,86.27711,3.0840576,2.8293085,91.743454,79.15239,4.483932,1.4914362
23.5,120.5,2024-05-01,2024-05-05,4,51,24.207155,27.550085,21.496914,85.111,1.65546,3.7354114,95.5657,70.53763,3.3214684,0.7889842
22.5,121.5,2024-05-01,2024-05-05,4,51,27.14593,28.093723,26.351313,85.10537,2.8765872,1.8174415,90.11877,80.36008,4.152576,1.4365158
24.5,121.5,2024-05-01,2024-05-05,4,51,22.615637,24.826164,20.725584,88.37092,1.9905195,8.60461,94.8433,79.523544,2.56217,1.4382473
23.5,121.5,2024-05-01,2024-05-05,4,51,23.442966,25.709208,21.774488,87.49629,2.1646287,4.830454,94.40198,77.7448,3.7553844,1.1907307
23.5,120.5,2024-05-01,2024-05-06,5,51,24.093441,26.930994,21.151707,86.97426,1.3170851,3.2582002,96.33567,74.48033,2.258898,0.57421196
22.5,120.5,2024-05-01,2024-05-06,5,51,26.95522,29.19122,25.045778,83.49115,1.7070379,1.5041875,92.81311,72.32042,2.6902688,0.89911085
23.5,121.5,2024-05-01,2024-05-06,5,51,23.526499,25.480537,21.718227,88.24457,1.4788771,8.950776,93.67706,79.97687,2.519892,0.6875076
24.5,121.5,2024-05-01,2024-05-06,5,51,22.311684,24.301693,20.068987,88.6748,1.0021114,9.962643,95.97296,79.46592,1.592977,0.44424066
22.5,121.5,2024-05-01,2024-05-06,5,51,27.314049,28.557985,26.277266,86.19843,3.1561632,4.268721,90.2807,81.26391,5.017789,1.5892203
24.5,120.5,2024-05-01,2024-05-06,5,51,25.542324,27.092453,23.968075,87.937416,2.8629365,1.553255,93.922356,81.2635,4.039301,1.5198851
24.5,120.5,2024-05-01,2024-05-07,6,51,25.102154,26.60345,23.639956,86.3359,3.3954804,1.3472613,91.61455,79.34216,4.7216244,2.0710688
22.5,121.5,2024-05-01,2024-05-07,6,51,26.61125,27.464497,25.861353,85.985954,3.3575008,6.4697266,89.03869,82.18699,4.7645926,1.8920041
24.5,121.5,2024-05-01,2024-05-07,6,51,21.748188,24.115313,19.527496,87.627014,1.3652933,8.634978,94.41544,77.1369,2.0845146,0.677208
23.5,121.5,2024-05-01,2024-05-07,6,51,22.987646,24.692682,21.487135,87.35753,1.6528696,11.336831,92.48113,79.42351,2.47236,0.93887126
22.5,120.5,2024-05-01,2024-05-07,6,51,26.602661,28.739595,24.747759,82.569626,1.5509701,3.0604343,91.06602,72.26586,2.3716598,0.91491735
23.5,120.5,2024-05-01,2024-05-07,6,51,23.676392,26.833612,20.88559,85.808716,1.4628758,2.4448469,95.8822,71.16062,2.548593,0.78575575
23.5,121.5,2024-05-01,2024-05-08,7,51,22.03746,23.729969,20.380793,83.83755,3.2205467,9.250267,88.21346,76.656334,4.428529,1.818841
24.5,121.5,2024-05-01,2024-05-08,7,51,20.291626,22.60634,18.084808,84.366516,2.7021224,8.268469,90.85586,74.58645,3.773872,1.5821327
22.5,121.5,2024-05-01,2024-05-08,7,51,25.847816,26.804384,24.96755,81.68506,6.3077784,6.003885,86.27673,77.19523,8.149969,4.034318
23.5,120.5,2024-05-01,2024-05-08,7,51,23.018341,25.939217,20.501589,83.645355,1.710486,3.003588,93.20042,69.63174,2.9476175,0.8183145
24.5,120.5,2024-05-01,2024-05-08,7,51,24.444975,26.044687,22.925423,80.32082,5.577211,2.110799,86.21433,73.549774,7.423602,3.334319
22.5,120.5,2024-05-01,2024-05-08,7,51,25.826513,27.926163,24.101965,79.429085,1.9420265,4.019494,85.69268,69.76963,2.8323684,1.129069
24.5,120.5,2024-05-01,2024-05-09,8,51,23.76306,25.312601,22.436747,77.22763,4.526106,0.7982441,84.60394,68.519516,6.14166,2.546001
22.5,120.5,2024-05-01,2024-05-09,8,51,25.018267,27.03911,23.510767,76.303474,1.9156218,3.2184076,82.91599,66.771385,2.5423522,1.1203159
23.5,120.5,2024-05-01,2024-05-09,8,51,22.17854,24.824244,20.182066,82.07647,1.4693981,3.3651614,91.836716,69.200935,2.6100287,0.7029795
24.5,121.5,2024-05-01,2024-05-09,8,51,19.416666,21.653631,17.949915,83.006325,2.4889047,4.1659484,89.415405,73.48788,3.233305,1.6657686
22.5,121.5,2024-05-01,2024-05-09,8,51,25.077436,25.592087,24.603283,75.86137,6.42449,1.9161748,78.89833,72.88344,7.829545,4.684107
23.5,121.5,2024-05-01,2024-05-09,8,51,21.039694,22.521622,20.063513,80.94975,2.7837183,4.543529,84.94159,75.24401,3.8361766,1.5148474
22.5,121.5,2024-05-01,2024-05-10,9,51,25.764378,26.297533,25.2452,75.11236,3.8377802,1.1469523,79.38178,71.01536,5.0785847,2.519714
24.5,121.5,2024-05-01,2024-05-10,9,51,20.476044,22.875805,18.949884,83.75023,1.9607689,3.363067,91.53254,72.75885,2.3777125,1.5244052
23.5,120.5,2024-05-01,2024-05-10,9,51,22.46464,25.313686,20.300493,81.07449,1.2205713,2.0897062,92.00797,67.7374,2.1004086,0.5883943
24.5,120.5,2024-05-01,2024-05-10,9,51,24.024727,25.4785,22.966118,78.46457,2.6038427,1.0480694,86.5081,69.59755,3.7458124,1.3230855
23.5,121.5,2024-05-01,2024-05-10,9,51,21.726349,23.489086,20.672009,81.069756,1.7527643,2.740299,87.20193,72.608894,2.6970031,0.873014
22.5,120.5,2024-05-01,2024-05-10,9,51,25.577337,27.885225,24.106377,74.98653,1.9755337,1.3970767,84.511505,63.323895,2.670626,1.1797159
23.5,120.5,2024-05-01,2024-05-11,10,51,23.312046,26.06654,21.150194,82.21133,1.4011306,4.8346424,92.92558,69.50295,2.3332348,0.7219461
22.5,120.5,2024-05-01,2024-05-11,10,51,26.354229,28.513603,24.788208,77.57277,2.232467,2.3320515,87.645195,66.26188,3.1544447,1.3467716
24.5,121.5,2024-05-01,2024-05-11,10,51,21.562944,23.668957,19.973217,85.64156,1.7987998,7.6771154,93.21559,76.0261,2.2997637,1.2366965
22.5,121.5,2024-05-01,2024-05-11,10,51,26.657816,27.510984,25.921154,79.409904,3.8651996,2.0533543,85.58031,73.960556,5.0313745,2.4467292
24.5,120.5,2024-05-01,2024-05-11,10,51,24.803324,26.056707,23.807178,81.28176,2.7925975,6.280787,88.72115,73.658875,4.034198,1.5409529
23.5,121.5,2024-05-01,2024-05-11,10,51,22.735203,24.514389,21.493443,83.94785,1.8365326,5.7350607,90.48652,75.495384,2.8739069,0.94084173
22.5,121.5,2024-05-01,2024-05-12,11,51,26.75396,27.720676,25.894156,83.84354,4.4642315,4.578385,88.777794,79.29978,6.14178,2.5329075
23.5,120.5,2024-05-01,2024-05-12,11,51,23.669218,26.170307,21.529556,84.5484,1.6100668,9.600022,93.477646,73.76554,2.5512426,0.8822963
23.5,121.5,2024-05-01,2024-05-12,11,51,23.022112,24.761494,21.630589,86.6434,2.1576452,8.772307,91.827,79.94666,3.2389312,1.0931797
24.5,121.5,2024-05-01,2024-05-12,11,51,21.697634,23.634558,20.157232,87.714355,1.755812,11.095982,93.702614,79.859535,2.473402,1.0814514
24.5,120.5,2024-05-01,2024-05-12,11,51,24.932737,26.25786,23.889452,84.07487,3.823814,9.917166,89.97596,77.45783,5.2498283,2.263246
22.5,120.5,2024-05-01,2024-05-12,11,51,26.44639,28.306732,24.94863,81.631226,2.0942032,6.7114735,89.590744,72.8022,3.1854846,1.1547947
23.5,121.5,2024-05-01,2024-05-13,12,51,23.112589,24.76811,21.8014,87.225525,2.1623466,9.53046,92.03203,80.88282,3.2295065,1.1498117
22.5,121.5,2024-05-01,2024-05-13,12,51,26.86255,27.829414,26.067122,84.12589,5.15838,3.6317413,88.06332,79.60111,6.650816,3.3271391
24.5,121.5,2024-05-01,2024-05-13,12,51,21.817581,23.61477,20.287956,87.623344,1.6848375,11.891982,93.08471,80.88116,2.3340218,1.0654981
24.5,120.5,2024-05-01,2024-05-13,12,51,25.022257,26.120607,24.089338,84.71897,4.0321784,13.317781,89.73827,79.24394,5.253834,2.756358
22.5,120.5,2024-05-01,2024-05-13,12,51,26.34144,28.114687,24.94845,82.9129,2.1544883,6.1461506,89.47599,74.59911,3.3472176,1.1662915
23.5,120.5,2024-05-01,2024-05-13,12,51,23.66364,25.947247,21.688543,85.74948,1.7065594,11.169583,93.281075,76.42124,2.5797968,1.0270939
24.5,120.5,2024-05-01,2024-05-14,13,51,25.041245,26.110218,24.136097,84.745346,4.0719647,10.732913,89.27901,79.601204,5.3368483,2.7232406
23.5,121.5,2024-05-01,2024-05-14,13,51,23.093893,24.781929,21.784412,87.21008,2.05556,7.7157116,92.011566,80.656715,3.1008687,1.0069057
24.5,121.5,2024-05-01,2024-05-14,13,51,21.824986,23.679798,20.387272,87.78661,1.7287713,9.668238,93.009,80.925156,2.4580605,1.0762998
23.5,120.5,2024-05-01,2024-05-14,13,51,23.811964,26.167732,21.801052,85.28321,1.6525531,8.289113,93.02686,75.93528,2.5319555,0.98365664
22.5,121.5,2024-05-01,2024-05-14,13,51,26.837814,27.755144,25.992495,84.277596,4.9169044,3.166498,88.6179,79.76956,6.324836,3.255974
22.5,120.5,2024-05-01,2024-05-14,13,51,26.489086,28.30217,25.032913,82.16682,2.0142045,5.6343827,89.46833,73.49112,3.1280334,1.1044307
24.5,120.5,2024-05-01,2024-05-15,14,51,25.407324,26.678722,24.412699,84.738464,3.9123712,10.301927,90.20541,78.809265,5.17511,2.461508
24.5,121.5,2024-05-01,2024-05-15,14,51,22.239452,24.233912,20.671478,87.25913,1.6121885,10.342916,93.28678,79.03083,2.2115154,1.0159266
22.5,121.5,2024-05-01,2024-05-15,14,51,27.03174,27.914824,26.277693,84.22198,4.509279,2.231523,88.526825,79.63099,5.8508134,2.9408894
23.5,120.5,2024-05-01,2024-05-15,14,51,24.019314,26.446192,21.919434,85.18805,1.6485773,11.341319,93.51684,74.95429,2.6880152,0.88744384
23.5,121.5,2024-05-01,2024-05-15,14,51,23.375921,24.994677,22.09885,86.98322,1.7804419,7.669187,92.14353,80.132065,2.846684,0.8842283
22.5,120.5,2024-05-01,2024-05-15,14,51,26.64888,28.409235,25.261265,82.13585,2.0844707,6.0457716,89.62906,73.566795,3.1145763,1.1746519
23.5,120.5,2024-05-01,2024-05-16,15,51,24.281906,26.759073,22.162842,85.42145,1.6759343,9.070453,93.61234,75.03258,2.650418,0.98614585
22.5,121.5,2024-05-01,2024-05-16,15,51,27.201616,28.210684,26.363235,85.5397,4.5970345,3.4585092,89.85877,80.92134,6.2268906,2.7658622
23.5,121.5,2024-05-01,2024-05-16,15,51,23.641195,25.38825,22.30493,87.73994,2.1011503,8.913527,92.9268,80.913506,3.2886798,1.071305
24.5,120.5,2024-05-01,2024-05-16,15,51,25.672014,26.906849,24.64274,84.83872,4.2087054,8.992214,90.361305,78.645515,5.606921,2.804821
24.5,121.5,2024-05-01,2024-05-16,15,51,22.493303,24.378025,21.020065,87.56982,1.6464097,10.008569,93.52715,79.4752,2.2620475,1.0529277
22.5,120.5,2024-05-01,2024-05-16,15,51,26.93965,28.839808,25.432755,82.39631,2.0306787,6.1750226,90.16559,73.24414,3.1442974,1.153285
22.5,121.5,2024-05-01,2024-05-17,16,51,27.16625,28.294603,26.25144,85.50601,5.0033917,3.404206,89.66858,80.33164,6.7040424,3.20763
23.5,121.5,2024-05-01,2024-05-17,16,51,23.60644,25.372465,22.06095,87.72333,2.1340115,10.981541,92.67894,80.99242,3.1525114,1.2285681
23.5,120.5,2024-05-01,2024-05-17,16,51,24.224844,26.743965,21.933718,85.38766,1.6921539,10.278889,93.71523,75.421616,2.745472,0.90821475
24.5,120.5,2024-05-01,2024-05-17,16,51,25.624191,26.901272,24.495857,84.23104,4.2759166,9.365755,89.75125,78.54371,5.5536423,2.843803
22.5,120.5,2024-05-01,2024-05-17,16,51,26.913599,28.72173,25.376888,82.47644,2.1170456,5.428838,89.629005,74.01326,3.2541904,1.199031
24.5,121.5,2024-05-01,2024-05-17,16,51,22.304855,24.25428,20.550407,87.41469,1.6814522,12.629789,93.404755,79.44196,2.3995283,1.0223534
22.5,121.5,2024-05-01,2024-05-18,17,51,27.003979,27.941675,26.199154,84.47866,4.6513386,3.8176892,88.47799,79.86844,6.129629,3.0499737
24.5,121.5,2024-05-01,2024-05-18,17,51,22.22066,23.98751,20.736828,87.179054,1.6630313,10.769713,93.1166,79.76166,2.3297884,1.016753
23.5,121.5,2024-05-01,2024-05-18,17,51,23.375082,25.007408,22.010904,87.12823,2.0983117,9.901757,91.984665,80.65538,3.1626964,1.1516503
23.5,120.5,2024-05-01,2024-05-18,17,51,24.072855,26.395279,21.93488,85.87548,1.5752089,8.272657,94.10215,75.900566,2.480794,0.90713465
24.5,120.5,2024-05-01,2024-05-18,17,51,25.571447,26.779118,24.543278,84.1566,3.8914475,7.0381913,89.60328,78.37883,5.10703,2.6727786
22.5,120.5,2024-05-01,2024-05-18,17,51,26.927078,28.851526,25.405094,81.46773,2.1965504,5.299886,88.7861,72.48264,3.2037308,1.3799549
24.5,120.5,2024-05-01,2024-05-19,18,51,25.737434,26.982866,24.66195,84.90208,3.6840112,6.555894,90.36465,78.446594,4.8632116,2.349575
22.5,120.5,2024-05-01,2024-05-19,18,51,26.919056,28.775045,25.473425,82.01735,2.0525851,7.505529,89.56505,73.07538,2.9562423,1.2430499
24.5,121.5,2024-05-01,2024-05-19,18,51,22.464073,24.34458,20.797163,87.63544,1.7180771,8.697809,93.714424,79.665794,2.4004579,1.0334271
23.5,121.5,2024-05-01,2024-05-19,18,51,23.480742,25.03484,22.210468,87.546974,2.0346425,8.29749,92.33794,81.20773,3.0146978,1.2371112
23.5,120.5,2024-05-01,2024-05-19,18,51,24.188223,26.564278,22.084183,85.979614,1.4874333,9.04547,94.33954,75.58397,2.3780975,0.8107833
22.5,121.5,2024-05-01,2024-05-19,18,51,26.989866,27.803633,26.313316,85.100204,4.264036,5.5030375,88.61256,81.02428,5.5748644,2.9155705
24.5,121.5,2024-05-01,2024-05-20,19,51,22.60406,24.473608,20.913254,87.75697,1.7119397,10.228475,94.33646,79.51767,2.3648396,1.081268
22.5,121.5,2024-05-01,2024-05-20,19,51,27.25849,28.14477,26.475714,84.8034,3.9291503,3.9430506,88.89065,80.52476,5.332684,2.5594106
24.5,120.5,2024-05-01,2024-05-20,19,51,25.96665,27.195807,24.888184,85.151115,3.2596586,6.155575,90.94659,79.05142,4.4075065,2.0906198
22.5,120.5,2024-05-01,2024-05-20,19,51,27.102392,28.950092,25.627676,81.79015,2.159812,5.953022,88.96495,73.15664,3.1141806,1.1980906
23.5,121.5,2024-05-01,2024-05-20,19,51,23.651442,25.264238,22.272324,87.71039,1.9081074,9.745579,92.752075,81.090256,2.9746566,1.1155741
23.5,120.5,2024-05-01,2024-05-20,19,51,24.458925,26.895348,22.267612,85.400986,1.4720699,9.82696,93.98425,74.57111,2.4323187,0.8101663
24.5,121.5,2024-05-01,2024-05-21,20,51,22.579916,24.541561,20.799414,87.7441,1.8442394,11.330997,94.12651,79.77413,2.457609,1.1869743
24.5,120.5,2024-05-01,2024-05-21,20,51,26.07372,27.34815,24.883902,84.822754,3.6778016,6.2608905,90.34714,78.79281,5.009482,2.1939924
23.5,121.5,2024-05-01,2024-05-21,20,51,23.673866,25.37059,22.243505,87.36854,2.1469846,8.725933,92.41523,80.50965,3.2944725,1.2615161
22.5,120.5,2024-05-01,2024-05-21,20,51,27.197601,29.110756,25.61221,81.12926,2.2619116,5.263385,88.92174,71.98902,3.1888466,1.4568806
23.5,120.5,2024-05-01,2024-05-21,20,51,24.492743,26.972122,22.113102,85.01055,1.4650731,7.5946884,93.91974,74.09363,2.4308968,0.77066684
22.5,121.5,2024-05-01,2024-05-21,20,51,27.341375,28.270405,26.552588,84.58178,4.2498174,4.310458,88.80121,79.99295,5.5706215,2.8533502
24.5,121.5,2024-05-01,2024-05-22,21,51,22.61839,24.603798,20.915308,87.37447,1.7453761,9.606754,93.55075,79.348465,2.3427496,1.1102661
23.5,120.5,2024-05-01,2024-05-22,21,51,24.474115,26.838629,22.2675,85.35229,1.352085,6.368899,94.03102,74.81876,2.1945963,0.737313
24.5,120.5,2024-05-01,2024-05-22,21,51,26.137125,27.41075,24.966133,84.188866,3.4125285,4.1566734,90.277115,77.907745,4.653605,2.068871
22.5,120.5,2024-05-01,2024-05-22,21,51,27.231258,29.231743,25.629288,80.6392,2.136685,4.5432296,88.467026,70.92556,2.9818728,1.3425593
22.5,121.5,2024-05-01,2024-05-22,21,51,27.3652,28.24647,26.611067,83.61334,4.0819206,3.40271,87.26639,79.66897,5.350521,2.620688
23.5,121.5,2024-05-01,2024-05-22,21,51,23.645216,25.260384,22.284433,86.973076,2.0289228,7.6524324,91.93144,80.42048,3.0974367,1.1168458
24.5,121.5,2024-05-01,2024-05-23,22,51,22.822876,24.875383,21.25619,87.270615,1.6476712,9.793749,93.31578,78.93617,2.3233118,1.0241226
22.5,120.5,2024-05-01,2024-05-23,22,51,27.254833,29.172983,25.695337,80.68843,2.1126626,5.72055,89.361374,70.83469,2.9466612,1.3797055
23.5,121.5,2024-05-01,2024-05-23,22,51,23.866678,25.68045,22.499777,86.3808,1.8007166,10.1453,91.49821,79.033066,2.9301383,0.8942075
24.5,120.5,2024-05-01,2024-05-23,22,51,26.191404,27.484753,25.067184,84.542656,3.438777,4.980349,90.052704,78.53022,4.6088533,2.29358
23.5,120.5,2024-05-01,2024-05-23,22,51,24.541702,27.119524,22.294458,85.13851,1.4489158,10.213515,93.89681,73.7764,2.3599997,0.87163347
22.5,121.5,2024-05-01,2024-05-23,22,51,27.507044,28.433434,26.68724,83.21705,4.06847,3.2584994,87.67508,78.1849,5.278011,2.7040339
22.5,121.5,2024-05-01,2024-05-24,23,51,27.660776,28.628458,26.806622,84.18648,3.901028,3.3470602,88.50417,79.57713,5.1708274,2.417719
23.5,120.5,2024-05-01,2024-05-24,23,51,24.694765,27.11589,22.535542,85.458244,1.4493695,9.089451,93.85533,74.93485,2.2566817,0.83264476
22.5,120.5,2024-05-01,2024-05-24,23,51,27.441021,29.317905,25.904806,81.45567,2.2036211,5.359425,89.572815,72.0481,3.0946257,1.420592
23.5,121.5,2024-05-01,2024-05-24,23,51,24.052597,25.761265,22.688705,87.167145,1.8783462,8.116179,92.41447,80.23446,2.9110749,1.0319877
24.5,121.5,2024-05-01,2024-05-24,23,51,23.096035,24.950438,21.515352,87.62457,1.6274533,10.5414295,94.03518,79.873344,2.2042065,1.0831137
24.5,120.5,2024-05-01,2024-05-24,23,51,26.30233,27.50022,25.27489,84.96294,3.4612546,7.283529,90.52389,78.97027,4.6643443,2.2266579
23.5,120.5,2024-05-01,2024-05-25,24,51,24.71598,27.155664,22.435263,85.74418,1.5713875,10.764328,94.12664,75.15858,2.5480707,0.81192315
22.5,121.5,2024-05-01,2024-05-25,24,51,27.675587,28.581812,26.903301,84.91653,4.1903286,3.2148175,88.90493,80.40641,5.673152,2.6217828
24.5,121.5,2024-05-01,2024-05-25,24,51,23.107027,24.999228,21.467724,88.2949,1.627702,12.562471,94.34083,80.303345,2.2585053,0.99295515
24.5,120.5,2024-05-01,2024-05-25,24,51,26.383682,27.618063,25.255415,85.48474,3.6661532,10.250615,90.751366,79.521935,5.0938506,2.180386
23.5,121.5,2024-05-01,2024-05-25,24,51,24.17731,25.941593,22.702608,87.50238,1.9897609,9.651034,92.9007,80.53912,3.1471722,1.0188562
22.5,120.5,2024-05-01,2024-05-25,24,51,27.382973,29.22043,25.929888,82.38738,2.2140567,7.134232,89.67191,73.54838,3.2751899,1.309299
22.5,121.5,2024-05-01,2024-05-26,25,51,27.746462,28.80326,26.877197,84.8004,4.5495768,4.2670755,89.2806,79.768364,6.158757,2.7136257
23.5,120.5,2024-05-01,2024-05-26,25,51,24.81959,27.218636,22.718788,85.54029,1.6979134,13.347252,93.47843,75.47462,2.6924276,0.9563261
22.5,120.5,2024-05-01,2024-05-26,25,51,27.43381,29.268051,25.969803,82.52742,2.3911622,9.420657,90.066826,73.52439,3.4586077,1.4574196
23.5,121.5,2024-05-01,2024-05-26,25,51,24.170416,25.873264,22.783907,87.74809,2.036355,8.87882,92.933334,80.708534,3.1359606,1.0691252
24.5,120.5,2024-05-01,2024-05-26,25,51,26.467758,27.740269,25.456457,84.64522,4.024651,12.078678,89.82422,78.89677,5.3648987,2.7847116
24.5,121.5,2024-05-01,2024-05-26,25,51,23.144249,25.122612,21.609842,87.63912,1.6185882,12.335086,93.72394,79.1668,2.2957256,0.96002793
23.5,120.5,2024-05-01,2024-05-27,26,51,24.843838,27.065723,22.900982,85.91353,1.7590234,15.016743,93.49235,76.20221,2.6834729,1.0950626
22.5,121.5,2024-05-01,2024-05-27,26,51,27.694061,28.646652,26.906794,85.031075,4.752686,5.2352605,89.01852,80.521065,6.1722608,3.091384
23.5,121.5,2024-05-01,2024-05-27,26,51,24.156023,25.78438,22.8394,88.00433,2.1725786,9.66031,92.9837,81.03715,3.2890637,1.2382901
22.5,120.5,2024-05-01,2024-05-27,26,51,27.331354,29.047455,25.966223,83.26815,2.537241,13.211718,90.02001,75.1992,3.5487494,1.5302167
24.5,120.5,2024-05-01,2024-05-27,26,51,26.542685,27.751007,25.502607,84.915726,4.167662,12.872135,89.94039,79.45524,5.4717503,2.687106
24.5,121.5,2024-05-01,2024-05-27,26,51,23.233774,25.091805,21.696363,87.68268,1.7643298,12.41108,93.66858,79.509926,2.4423542,1.0847372
22.5,121.5,2024-05-01,2024-05-28,27,51,27.634935,28.603535,26.818975,84.85062,5.083162,4.314647,88.8142,80.3604,6.535395,3.3320208
23.5,120.5,2024-05-01,2024-05-28,27,51,24.719954,26.915422,22.750233,85.992195,1.8753587,11.856379,93.064514,76.87351,2.881803,1.1577505
22.5,120.5,2024-05-01,2024-05-28,27,51,27.173931,28.790943,25.863655,83.57623,2.499829,9.7255335,90.029526,75.9474,3.596128,1.5509616
24.5,121.5,2024-05-01,2024-05-28,27,51,23.035183,24.902853,21.585438,87.09151,1.8709177,12.5259695,92.5375,79.525665,2.5552216,1.2174426
23.5,121.5,2024-05-01,2024-05-28,27,51,24.109066,25.744917,22.802797,87.48621,2.2352228,9.61214,91.92018,81.09108,3.279001,1.2480268
24.5,120.5,2024-05-01,2024-05-28,27,51,26.365826,27.58544,25.348892,84.54499,4.644377,10.705088,89.45974,79.64397,5.973009,3.2601016
23.5,120.5,2024-05-01,2024-05-29,28,51,24.65414,26.828321,22.639057,85.94551,1.8252747,14.208326,93.07217,77.00142,2.7126937,1.1971797
22.5,121.5,2024-05-01,2024-05-29,28,51,27.569775,28.462034,26.748001,84.73842,5.196137,6.8464093,88.88816,80.23627,6.7992764,3.3604205
23.5,121.5,2024-05-01,2024-05-29,28,51,23.987226,25.56082,22.6479,87.621475,1.9867613,13.033699,92.47229,81.04555,2.9598608,1.0912483
22.5,120.5,2024-05-01,2024-05-29,28,51,27.105667,28.560453,25.817808,83.96637,2.3843389,13.083065,90.22866,76.734024,3.3198748,1.5886766
24.5,121.5,2024-05-01,2024-05-29,28,51,22.939278,24.641352,21.462057,87.435684,1.7263002,16.2913,93.19716,80.12796,2.3426108,1.1011941
24.5,120.5,2024-05-01,2024-05-29,28,51,26.287146,27.34822,25.296543,84.62004,4.3361807,13.939353,89.261314,79.64951,5.6139812,2.988076
22.5,121.5,2024-05-01,2024-05-30,29,51,27.678879,28.624775,26.9412,85.06379,5.4475546,8.606555,88.61865,80.43443,6.8851886,3.8280325
23.5,120.5,2024-05-01,2024-05-30,29,51,24.67769,26.810867,22.783699,86.47401,1.9076275,19.870533,93.53988,77.859184,2.8500845,1.2084296
24.5,120.5,2024-05-01,2024-05-30,29,51,26.312735,27.411224,25.375072,85.53631,4.512354,15.38445,89.9312,80.46089,5.747704,3.29867
22.5,120.5,2024-05-01,2024-05-30,29,51,27.119509,28.623205,25.92835,84.2165,2.5256507,17.021927,90.064064,76.988235,3.5879478,1.5982331
24.5,121.5,2024-05-01,2024-05-30,29,51,23.041298,24.822964,21.6559,88.14595,1.7219117,15.130436,93.50904,80.85612,2.4432628,1.0975194
23.5,121.5,2024-05-01,2024-05-30,29,51,24.064428,25.607143,22.827747,88.10066,2.082627,13.714958,92.54612,81.90696,3.0586126,1.1805146
23.5,121.5,2024-05-01,2024-05-31,30,51,24.346199,25.810328,23.18505,88.20865,2.1947987,12.75545,92.28774,82.723206,3.1501758,1.2902415
22.5,121.5,2024-05-01,2024-05-31,30,51,27.773636,28.65983,27.077965,85.421165,5.0603404,5.906348,88.68803,81.28798,6.4918003,3.6406689
22.5,120.5,2024-05-01,2024-05-31,30,51,27.259811,28.734667,26.110304,84.417694,2.3406227,12.785369,90.242455,77.50726,3.4953282,1.3437674
24.5,120.5,2024-05-01,2024-05-31,30,51,26.44239,27.4698,25.636358,85.871895,4.3312325,11.250216,89.83685,81.48878,5.5561047,3.2584643
23.5,120.5,2024-05-01,2024-05-31,30,51,24.862637,26.828865,23.203924,86.81,1.7761053,19.576427,93.05881,79.21804,2.6799529,1.0660197
24.5,121.5,2024-05-01,2024-05-31,30,51,23.256853,24.890816,21.962132,88.54918,1.6787293,14.795939,93.47137,81.92778,2.3615046,1.070212
24.5,121.5,2024-05-01,2024-06-01,31,51,23.366962,25.205465,21.877771,88.65885,1.6175079,14.057833,94.11263,81.1649,2.3044674,0.97087556
23.5,120.5,2024-05-01,2024-06-01,31,51,24.93064,27.084034,23.119194,86.8611,1.6829666,12.952917,93.58796,78.12894,2.5609696,0.96603125
22.5,121.5,2024-05-01,2024-06-01,31,51,27.892487,28.859879,27.08591,85.44633,4.5988235,5.634981,89.9946,80.381546,6.0932407,2.9304788
22.5,120.5,2024-05-01,2024-06-01,31,51,27.381304,28.96479,26.111294,84.55688,2.3764014,12.001785,91.085075,76.966415,3.5279603,1.347169
24.5,120.5,2024-05-01,2024-06-01,31,51,26.563568,27.67894,25.608725,85.84494,4.092136,12.434716,90.45177,80.799835,5.392492,2.6938548
23.5,121.5,2024-05-01,2024-06-01,31,51,24.462875,26.133825,23.142107,88.29853,1.8947295,9.595385,93.26666,81.166084,2.8566542,1.029737
22.5,120.5,2024-05-01,2024-06-02,32,51,27.357674,28.859133,26.168365,85.374176,2.622124,17.038681,91.09147,78.60521,3.775711,1.597114
24.5,120.5,2024-05-01,2024-06-02,32,51,26.70016,27.787281,25.741005,85.94505,4.34072,12.366501,90.531,80.99682,5.694819,2.9597359
23.5,120.5,2024-05-01,2024-06-02,32,51,25.016787,27.165726,23.11377,86.90727,1.9709715,16.833735,93.66899,78.73,2.8954132,1.2667516
22.5,121.5,2024-05-01,2024-06-02,32,51,27.940968,28.837748,27.220016,85.97496,5.094154,6.477206,89.524216,81.62016,6.4791865,3.4985547
24.5,121.5,2024-05-01,2024-06-02,32,51,23.508886,25.342371,22.075184,88.63263,1.6197058,12.477201,93.95565,81.37538,2.213753,0.99877673
23.5,121.5,2024-05-01,2024-06-02,32,51,24.537695,26.07788,23.328453,88.55417,2.0487597,11.255301,92.739334,82.52596,2.9591324,1.2173316
23.5,121.5,2024-05-01,2024-06-03,33,51,24.60848,26.309542,23.2197,87.941414,2.068697,10.930978,92.4547,81.41756,3.0671513,1.0416317
23.5,120.5,2024-05-01,2024-06-03,33,51,25.001823,27.190155,23.119217,86.93815,1.914156,13.317332,93.43355,78.31807,2.8383152,1.2136375
22.5,121.5,2024-05-01,2024-06-03,33,51,27.851826,28.845804,27.06053,85.83803,5.3899035,5.853092,89.51311,81.00848,6.9882183,3.638348
24.5,121.5,2024-05-01,2024-06-03,33,51,23.506084,25.405512,21.894115,87.9896,1.6259098,12.756946,93.57669,80.71083,2.2802036,0.95724726
24.5,120.5,2024-05-01,2024-06-03,33,51,26.63768,27.826725,25.585863,85.70762,4.4335394,12.001487,90.329544,80.594315,5.6400757,2.9772632
22.5,120.5,2024-05-01,2024-06-03,33,51,27.249048,28.7543,26.019625,85.55807,2.5517013,13.42564,91.29502,78.824356,3.7566538,1.5834945
24.5,120.5,2024-05-01,2024-06-04,34,51,26.537447,27.53877,25.670795,85.70846,4.501638,10.983336,90.09021,81.021286,5.830602,3.0049298
22.5,120.5,2024-05-01,2024-06-04,34,51,27.095207,28.569775,25.951015,85.67754,2.5652926,15.538833,90.72447,79.29914,3.5817864,1.6794754
24.5,121.5,2024-05-01,2024-06-04,34,51,23.207914,24.942362,21.819279,88.14298,1.8370862,13.746374,93.26927,81.45963,2.580461,1.1536599
22.5,121.5,2024-05-01,2024-06-04,34,51,27.613283,28.459558,26.906788,85.62815,5.5818934,7.9348693,88.879616,81.565315,7.062888,4.004308
23.5,120.5,2024-05-01,2024-06-04,34,51,24.809258,26.704798,23.137331,87.75151,1.9432126,15.493655,93.35911,80.84494,2.9021854,1.2018114
23.5,121.5,2024-05-01,2024-06-04,34,51,24.309965,25.733908,23.157337,88.02093,2.286046,13.422349,91.92418,82.87221,3.3245318,1.2757196
22.5,121.5,2024-05-01,2024-06-05,35,51,27.668156,28.47815,27.021935,85.249374,5.986011,6.8529916,88.39721,81.4306,7.382181,4.3838024
24.5,121.5,2024-05-01,2024-06-05,35,51,23.320528,25.004713,21.97023,87.9276,1.7874751,13.033699,93.28229,81.22068,2.5216358,1.1184474
23.5,121.5,2024-05-01,2024-06-05,35,51,24.38162,25.92334,23.150364,87.85455,2.3376758,12.26298,92.13378,82.07899,3.4034703,1.3111402
23.5,120.5,2024-05-01,2024-06-05,35,51,24.875666,26.98887,23.18456,87.5917,1.8764433,17.078175,93.63793,79.576256,2.7643926,1.1867352
22.5,120.5,2024-05-01,2024-06-05,35,51,27.057325,28.409784,25.98508,85.61537,2.6917818,17.462337,90.311874,79.46906,3.7413776,1.7175146
24.5,120.5,2024-05-01,2024-06-05,35,51,26.600294,27.689106,25.640333,85.7073,4.413157,10.782279,90.32517,80.92592,5.7346306,3.0739427
22.5,120.5,2024-05-01,2024-06-06,36,51,27.13039,28.449917,26.097326,85.73031,2.8055654,17.350142,90.61441,79.64264,3.7693622,1.9328002
24.5,120.5,2024-05-01,2024-06-06,36,51,26.666906,27.721157,25.78591,86.20245,4.4425797,9.014354,90.443954,81.491035,5.629802,3.2108624
24.5,121.5,2024-05-01,2024-06-06,36,51,23.443014,24.982597,22.190845,88.4796,1.6644757,12.378169,93.179504,82.36805,2.28044,1.0753956
22.5,121.5,2024-05-01,2024-06-06,36,51,27.738646,28.523605,27.049677,85.51353,5.7014966,6.8832097,88.702286,81.73764,6.972103,4.28711
23.5,120.5,2024-05-01,2024-06-06,36,51,24.934704,26.858444,23.349396,87.576546,1.8986986,16.86575,93.27442,79.951294,2.7626035,1.2490989
23.5,121.5,2024-05-01,2024-06-06,36,51,24.517895,25.916489,23.43468,87.93166,2.200343,10.912428,91.87976,82.39158,3.1047547,1.3164694
23.5,121.5,2024-05-01,2024-06-07,37,51,24.689163,26.21264,23.49774,87.81825,2.2045844,11.492262,92.31285,81.846054,3.172066,1.3160129
23.5,120.5,2024-05-01,2024-06-07,37,51,25.05908,27.070328,23.33425,86.89968,2.124734,16.57284,92.6331,79.72118,3.1147332,1.4572412
24.5,121.5,2024-05-01,2024-06-07,37,51,23.846973,25.598915,22.501522,87.82932,1.7450082,13.964784,92.99651,81.02183,2.3983252,1.0767405
22.5,121.5,2024-05-01,2024-06-07,37,51,27.906046,28.673384,27.254736,85.80475,5.7536383,7.293701,88.99354,82.12754,7.122077,4.3415036
22.5,120.5,2024-05-01,2024-06-07,37,51,27.258892,28.624496,26.1761,85.79246,2.723158,16.493853,90.880646,79.89599,3.8987677,1.674773
24.5,120.5,2024-05-01,2024-06-07,37,51,26.880772,27.897787,26.000462,85.607574,4.788522,11.21521,89.69765,81.26356,5.851823,3.7636712
24.5,120.5,2024-05-01,2024-06-08,38,51,26.924412,27.940098,26.138815,85.969086,5.330945,15.012255,89.139786,82.2738,6.4998655,4.0625567
22.5,120.5,2024-05-01,2024-06-08,38,51,27.163689,28.496025,26.11668,86.87285,2.990713,22.25958,91.44748,81.10322,4.248173,1.96895
24.5,121.5,2024-05-01,2024-06-08,38,51,23.905235,25.5375,22.565468,88.1572,1.5698444,16.208124,92.80453,81.95588,2.2134676,0.89431137
22.5,121.5,2024-05-01,2024-06-08,38,51,27.967707,28.848736,27.28283,85.92946,6.228851,7.706287,89.06171,82.09164,7.4932227,4.827665
23.5,120.5,2024-05-01,2024-06-08,38,51,25.054123,26.943338,23.375072,87.43674,2.2939491,25.476791,92.76166,80.95,3.1847706,1.593773
23.5,121.5,2024-05-01,2024-06-08,38,51,24.819145,26.302656,23.52308,88.08703,2.1175134,14.387542,92.375305,82.76607,3.192136,1.2215506
22.5,120.5,2024-05-01,2024-06-09,39,51,27.122025,28.159204,26.151636,87.3154,2.8990688,19.69042,91.36466,82.80928,4.0698357,1.7907115
22.5,121.5,2024-05-01,2024-06-09,39,51,27.834417,28.638876,27.154484,86.44902,6.1059494,7.440305,89.369446,82.67611,7.566315,4.6004305
24.5,121.5,2024-05-01,2024-06-09,39,51,23.748796,25.25905,22.400932,88.32199,1.5972286,12.35184,93.27333,82.62231,2.1878867,0.983119
23.5,120.5,2024-05-01,2024-06-09,39,51,25.017666,26.77333,23.41932,87.79485,2.1739433,17.078773,92.95892,81.55322,3.144212,1.4551249
24.5,120.5,2024-05-01,2024-06-09,39,51,26.84041,27.79014,25.9725,86.06925,5.2088685,11.149089,89.95781,82.02048,6.556429,3.867121
23.5,121.5,2024-05-01,2024-06-09,39,51,24.73703,26.123827,23.52261,88.25511,2.249938,13.445985,92.43216,83.01481,3.136766,1.3660653
23.5,121.5,2024-05-01,2024-06-10,40,51,24.689957,26.139166,23.45126,87.95648,2.0000985,12.374878,92.154854,82.42693,2.9463181,1.1423013
23.5,120.5,2024-05-01,2024-06-10,40,51,24.961372,26.833633,23.308744,87.6088,2.1076899,14.081169,92.890785,80.78169,3.0105078,1.3814325
24.5,120.5,2024-05-01,2024-06-10,40,51,26.812801,27.82361,25.936872,85.84928,4.9823956,9.67856,89.720024,81.38447,6.2134123,3.665809
22.5,121.5,2024-05-01,2024-06-10,40,51,27.80654,28.6329,27.123016,86.14781,5.769388,7.3475556,89.1049,82.60397,7.103977,4.401525
22.5,120.5,2024-05-01,2024-06-10,40,51,27.084726,28.240097,26.11664,87.23968,2.758222,16.370886,91.27768,82.3646,3.6966622,1.8558279
24.5,121.5,2024-05-01,2024-06-10,40,51,23.783821,25.391783,22.40256,87.52539,1.5364021,11.425242,92.53027,80.79684,2.1508794,0.92836195
22.5,121.5,2024-05-01,2024-06-11,41,51,27.843206,28.70378,27.166756,85.981094,5.667919,6.0335045,89.196014,82.099014,7.0095162,4.240823
24.5,121.5,2024-05-01,2024-06-11,41,51,23.947039,25.71062,22.514172,87.42799,1.6339319,12.563369,92.73645,80.581085,2.285878,0.98131293
22.5,120.5,2024-05-01,2024-06-11,41,51,27.187109,28.503946,26.126728,86.6608,2.8448608,17.29509,91.11734,80.97315,4.010381,1.8290064
24.5,120.5,2024-05-01,2024-06-11,41,51,26.985641,28.042217,26.104002,85.349075,5.0594926,10.491165,89.31007,80.916046,6.272858,3.7775383
23.5,120.5,2024-05-01,2024-06-11,41,51,25.13563,27.1198,23.353369,86.74438,2.1415355,15.278835,92.40265,79.623146,3.010935,1.4496315
23.5,121.5,2024-05-01,2024-06-11,41,51,24.80448,26.369585,23.508486,87.38959,2.2156186,11.445588,92.20176,81.11581,3.1504192,1.3039981
23.5,121.5,2024-05-01,2024-06-12,42,51,24.843742,26.440184,23.520025,87.76578,2.1844192,9.646546,92.50202,81.21988,3.0941393,1.3215917
22.5,121.5,2024-05-01,2024-06-12,42,51,27.932016,28.807737,27.215784,86.21211,5.72048,4.253911,89.634,82.09094,6.8389635,4.4690056
24.5,120.5,2024-05-01,2024-06-12,42,51,27.027872,28.075975,26.081095,86.01923,5.0406127,10.573443,90.10987,81.702255,6.2361827,3.8801277
23.5,120.5,2024-05-01,2024-06-12,42,51,25.092316,27.18932,23.271324,87.270515,2.1402552,16.967175,93.33514,79.40218,3.0478702,1.4458524
22.5,120.5,2024-05-01,2024-06-12,42,51,27.223282,28.574238,26.121387,86.85904,2.861255,15.193266,91.63102,80.88656,3.849277,1.9697162
24.5,121.5,2024-05-01,2024-06-12,42,51,23.97197,25.619959,22.497633,87.865616,1.6016076,13.733808,93.390434,80.83057,2.2869453,0.9300864
22.5,120.5,2024-05-01,2024-06-13,43,51,27.312437,28.638866,26.150078,86.62027,2.7243683,15.809602,91.52743,80.70065,3.7599132,1.7866815
22.5,121.5,2024-05-01,2024-06-13,43,51,27.983833,28.876785,27.289568,86.57654,5.6632004,5.6747737,89.76496,82.371086,6.879793,4.3605037
23.5,120.5,2024-05-01,2024-06-13,43,51,25.169668,27.096792,23.42565,87.568016,2.057726,18.320122,93.11782,80.44872,2.9746368,1.3493443
24.5,120.5,2024-05-01,2024-06-13,43,51,27.076273,28.062826,26.219584,86.181076,5.032765,10.964787,90.146416,82.20229,6.18663,3.890771
24.5,121.5,2024-05-01,2024-06-13,43,51,23.992134,25.660887,22.529251,88.31448,1.7204711,15.820373,93.39854,81.72392,2.3899448,1.0717385
23.5,121.5,2024-05-01,2024-06-13,43,51,24.799475,26.2865,23.53234,88.79584,2.1623404,12.072395,93.47739,82.68788,3.0993993,1.3024082
24.5,121.5,2024-05-01,2024-06-14,44,51,24.204498,26.030735,22.649752,87.151306,1.6950318,12.342864,92.538536,79.70012,2.3742561,1.0472767
22.5,120.5,2024-05-01,2024-06-14,44,51,27.405182,28.775307,26.230883,86.51663,2.8035486,16.12525,91.43336,80.64593,3.9907253,1.7988932
23.5,120.5,2024-05-01,2024-06-14,44,51,25.324415,27.423859,23.424824,86.890076,2.1328738,16.511805,93.08455,79.08157,3.1967468,1.4380012
22.5,121.5,2024-05-01,2024-06-14,44,51,28.146221,29.063522,27.39068,86.09067,5.949901,5.6702857,89.5756,81.82823,7.1723533,4.650644
23.5,121.5,2024-05-01,2024-06-14,44,51,25.082409,26.74165,23.689165,87.61805,2.287846,11.03001,92.42941,81.28316,3.2564359,1.4166921
24.5,120.5,2024-05-01,2024-06-14,44,51,27.23932,28.34256,26.268705,85.82688,5.112004,10.830749,89.89914,81.3741,6.2545023,4.08015
24.5,121.5,2024-05-01,2024-06-15,45,51,24.269081,26.055592,22.771505,87.02129,1.6875906,11.103611,92.65713,80.014626,2.2635038,1.1210483
22.5,121.5,2024-05-01,2024-06-15,45,51,28.214508,29.131508,27.515257,85.95885,5.9676304,5.195169,89.43325,81.59399,7.186658,4.5861964
23.5,121.5,2024-05-01,2024-06-15,45,51,25.084837,26.720188,23.719362,87.695274,2.2394676,10.901956,92.63931,81.40139,3.1385365,1.456709
22.5,120.5,2024-05-01,2024-06-15,45,51,27.42854,28.757437,26.337809,86.73961,2.8888834,14.159558,91.64423,80.909904,4.136164,1.9082106
24.5,120.5,2024-05-01,2024-06-15,45,51,27.23941,28.373396,26.325089,86.06817,4.916521,10.55609,90.042114,81.571556,5.964454,3.904579
23.5,120.5,2024-05-01,2024-06-15,45,51,25.329409,27.35942,23.471828,87.00044,2.050932,14.135024,92.9831,79.593155,2.9400163,1.3901548
22.5,121.5,2024-05-01,2024-06-16,46,51,28.21365,29.117723,27.444496,85.87655,6.2487745,4.0522556,89.46786,81.72703,7.4378877,4.94904
23.5,121.5,2024-05-01,2024-06-16,46,51,25.1327,26.685892,23.80174,87.660904,2.427317,9.487376,92.35065,81.47202,3.4821002,1.4883752
23.5,120.5,2024-05-01,2024-06-16,46,51,25.27997,27.25893,23.476526,87.051636,2.2660975,17.03958,92.60473,79.71955,3.2803545,1.5280896
24.5,121.5,2024-05-01,2024-06-16,46,51,24.303446,26.054434,22.801981,87.33901,1.6846638,11.259789,92.84176,80.14115,2.2879205,1.0494335
22.5,120.5,2024-05-01,2024-06-16,46,51,27.349066,28.63097,26.268528,87.0237,2.9743176,16.178505,91.34364,81.33443,4.0440974,2.0383523
24.5,120.5,2024-05-01,2024-06-16,46,51,27.268002,28.334463,26.37601,85.89788,5.180838,11.46683,89.61295,81.56322,6.32438,4.100276
23.5,120.5,2024-05-01,2024-06-17,47,51,25.403461,27.489847,23.426628,86.624054,2.251049,16.753551,92.965065,78.82689,3.1707478,1.5904484
22.5,120.5,2024-05-01,2024-06-17,47,51,27.478302,28.825535,26.322765,86.40177,2.7018151,14.1667385,91.333885,80.67104,3.7287982,1.7806343
24.5,120.5,2024-05-01,2024-06-17,47,51,27.314394,28.468813,26.320324,85.70678,5.2385974,10.025922,90.04762,81.046394,6.319831,4.183657
24.5,121.5,2024-05-01,2024-06-17,47,51,24.332623,26.19001,22.749016,87.31561,1.438082,12.030508,93.311455,79.720604,2.101429,0.8325488
22.5,121.5,2024-05-01,2024-06-17,47,51,28.34977,29.234766,27.641535,85.55857,6.1795154,3.1074076,89.01449,81.416695,7.4614906,4.844309
23.5,121.5,2024-05-01,2024-06-17,47,51,25.276728,26.996204,23.822685,87.4247,2.2371857,9.245031,92.673744,80.74703,3.2785614,1.3348466
22.5,120.5,2024-05-01,2024-06-18,48,51,27.548962,28.957554,26.41374,86.23125,2.6412907,11.339973,91.2641,80.15158,3.7658925,1.6786795
23.5,121.5,2024-05-01,2024-06-18,48,51,25.170113,26.8604,23.827133,88.35197,2.158092,9.374282,93.19667,81.609764,3.2494068,1.2788463
24.5,120.5,2024-05-01,2024-06-18,48,51,27.302141,28.485247,26.307325,86.344505,4.7835913,9.664498,90.522484,81.57635,5.8188715,3.6481104
23.5,120.5,2024-05-01,2024-06-18,48,51,25.367083,27.579502,23.420666,87.01262,2.1388965,12.448778,93.44713,78.46138,3.1159723,1.434129
24.5,121.5,2024-05-01,2024-06-18,48,51,24.260818,26.12005,22.701084,88.05135,1.4866186,11.003083,93.89129,80.09232,2.0324025,0.92318225
22.5,121.5,2024-05-01,2024-06-18,48,51,28.408184,29.33232,27.642221,86.090744,5.723994,3.725538,89.55724,81.85334,7.2404485,4.217386
24.5,120.5,2024-05-01,2024-06-19,49,51,27.2839,28.409409,26.276348,86.559875,4.651118,7.832845,90.75882,81.72194,5.7373977,3.5886416
23.5,120.5,2024-05-01,2024-06-19,49,51,25.469303,27.703259,23.503052,87.267685,2.029732,11.308857,93.80113,78.85804,2.9693217,1.3414062
22.5,121.5,2024-05-01,2024-06-19,49,51,28.354107,29.261824,27.60049,86.43506,5.501645,5.900065,89.90876,82.26922,6.9564123,3.9901366
22.5,120.5,2024-05-01,2024-06-19,49,51,27.542957,28.9347,26.412226,86.66619,2.633552,11.576933,91.52346,80.73866,3.698054,1.7059522
24.5,121.5,2024-05-01,2024-06-19,49,51,24.30708,26.185387,22.742422,88.25338,1.5992016,11.7408905,94.13575,80.64906,2.202678,0.9897602
23.5,121.5,2024-05-01,2024-06-19,49,51,25.278223,27.028189,23.911556,88.11656,2.492279,8.829154,93.02157,81.06844,3.6773894,1.6319523
23.5,121.5,2024-05-01,2024-06-20,50,51,25.358032,27.047506,23.980862,87.872665,2.393531,9.316238,92.73397,81.142395,3.3636417,1.6178737
24.5,121.5,2024-05-01,2024-06-20,50,51,24.438608,26.186737,22.951427,88.16049,1.5964918,10.882808,93.54202,80.86289,2.2210476,1.052498
22.5,120.5,2024-05-01,2024-06-20,50,51,27.610138,28.974535,26.469078,86.23723,2.723734,12.635474,91.356514,80.18626,3.688515,1.8128092
22.5,121.5,2024-05-01,2024-06-20,50,51,28.402197,29.317167,27.632696,86.25262,5.4963865,7.6838474,89.72188,82.05596,6.826629,4.0785785
24.5,120.5,2024-05-01,2024-06-20,50,51,27.433332,28.562637,26.487574,86.738174,4.5855074,8.413278,90.7085,82.095245,5.582562,3.728305
23.5,120.5,2024-05-01,2024-06-20,50,51,25.5042,27.598047,23.575317,87.183716,2.0329242,12.467328,93.51465,79.25116,2.953783,1.3546413
22.5,121.5,2024-05-01,2024-06-21,51,51,28.443,29.35377,27.690739,86.30082,5.246895,5.743887,89.776024,82.12879,6.6468153,3.7678378
22.5,120.5,2024-05-01,2024-06-21,51,51,27.648031,28.999506,26.515083,86.24578,2.7553692,12.978348,91.153595,80.253746,3.8073587,1.784196
24.5,121.5,2024-05-01,2024-06-21,51,51,24.406206,26.087526,22.823553,88.541016,1.6231902,12.592989,94.09244,81.5234,2.1896954,1.1175421
23.5,121.5,2024-05-01,2024-06-21,51,51,25.284836,26.966362,23.874622,88.283356,2.3144553,10.601567,93.33488,81.693695,3.3506866,1.470021
23.5,120.5,2024-05-01,2024-06-21,51,51,25.478052,27.600077,23.447498,87.17733,1.9958993,12.697706,93.48539,79.408844,2.9817965,1.2454069
24.5,120.5,2024-05-01,2024-06-21,51,51,27.495266,28.607788,26.520205,86.81675,4.4950447,7.715562,90.67556,82.16169,5.475391,3.5315766
24.5,120.5,2024-05-01,2024-06-22,52,51,27.549627,28.687868,26.559965,86.24125,4.785542,10.235954,90.21238,81.643364,5.7372108,3.8828888
23.5,120.5,2024-05-01,2024-06-22,52,51,25.533657,27.730461,23.472084,86.776886,2.1453688,16.035492,93.13494,78.32549,3.2103004,1.4471118
23.5,121.5,2024-05-01,2024-06-22,52,51,25.29597,27.025036,23.874035,88.28227,2.3787944,8.57903,92.97622,81.26825,3.4520957,1.5253161
24.5,121.5,2024-05-01,2024-06-22,52,51,24.475887,26.284872,22.804556,88.13086,1.7639736,11.272954,93.68567,80.63045,2.3590503,1.1783695
22.5,120.5,2024-05-01,2024-06-22,52,51,27.692636,29.10094,26.50352,86.12449,2.8267467,14.312744,91.30199,79.89457,3.863147,1.8548791
22.5,121.5,2024-05-01,2024-06-22,52,51,28.42859,29.34628,27.675722,86.35418,5.3016353,5.3136487,89.61846,82.081085,6.6057463,3.8440022
23.5,120.5,2024-05-01,2024-06-23,53,51,25.58586,27.92278,23.412266,86.91755,1.9474528,11.518291,94.159966,77.77816,2.9040847,1.2397834
24.5,120.5,2024-05-01,2024-06-23,53,51,27.61665,28.748243,26.576109,86.26847,4.749723,5.575741,90.81903,81.41598,5.8602276,3.6903565
24.5,121.5,2024-05-01,2024-06-23,53,51,24.564566,26.41209,22.932564,87.52887,1.8332819,8.99371,93.450035,79.65622,2.4190419,1.2757312
23.5,121.5,2024-05-01,2024-06-23,53,51,25.355782,27.226068,23.825525,87.93338,2.4131713,7.7371035,93.35315,80.34498,3.5025082,1.5593785
22.5,121.5,2024-05-01,2024-06-23,53,51,28.48871,29.485651,27.676394,86.11936,5.607056,4.746381,89.86338,81.39021,6.9240513,4.2346106
22.5,120.5,2024-05-01,2024-06-23,53,51,27.763575,29.24446,26.573418,85.7117,2.6860995,12.73301,90.829765,79.128174,3.755303,1.7540071
23.5,121.5,2024-05-01,2024-06-24,54,51,25.357044,27.227867,23.872831,87.325264,2.1953912,6.6199207,92.5397,79.6437,3.2857904,1.3319387
24.5,121.5,2024-05-01,2024-06-24,54,51,24.569685,26.541231,22.800484,87.226974,1.7277164,8.253509,93.92851,78.50875,2.2958357,1.1507968
22.5,120.5,2024-05-01,2024-06-24,54,51,27.852802,29.361275,26.619923,84.88014,2.3906112,7.200353,90.16767,78.095215,3.375368,1.4741834
22.5,121.5,2024-05-01,2024-06-24,54,51,28.48572,29.438326,27.652607,85.89895,5.0597754,4.1378245,89.56092,81.3651,6.295269,3.8447418
24.5,120.5,2024-05-01,2024-06-24,54,51,27.673813,28.96961,26.524088,86.19291,4.2885337,7.013059,91.19773,80.69051,5.2558384,3.2982376
23.5,120.5,2024-05-01,2024-06-24,54,51,25.637346,28.032492,23.45608,86.64101,1.7746091,8.111691,94.03911,77.00453,2.612056,1.1212685
22.5,121.5,2024-05-01,2024-06-25,55,51,28.55517,29.481335,27.746714,85.60072,4.593492,2.5586896,89.36803,81.26486,5.871733,3.3936698
22.5,120.5,2024-05-01,2024-06-25,55,51,27.955868,29.458967,26.656553,84.59243,2.4042966,5.497951,90.46277,77.77606,3.4025688,1.5843612
24.5,120.5,2024-05-01,2024-06-25,55,51,27.689285,28.978344,26.542475,86.08631,3.94585,5.445892,90.90838,80.78511,5.00015,2.9624493
23.5,120.5,2024-05-01,2024-06-25,55,51,25.640505,27.931501,23.416971,86.66295,1.7265943,6.849102,94.41895,77.11007,2.6101298,1.1137302
23.5,121.5,2024-05-01,2024-06-25,55,51,25.367327,27.194902,23.852896,87.2816,2.127605,4.9683814,92.94137,79.35039,3.1553795,1.3799112
24.5,121.5,2024-05-01,2024-06-25,55,51,24.504017,26.40365,22.729202,87.50735,1.6083102,8.471321,94.300476,79.05382,2.168328,1.0194674
22.5,120.5,2024-05-01,2024-06-26,56,51,27.999191,29.609133,26.657312,84.29153,2.3443248,6.15378,90.36348,76.66647,3.2897809,1.525948
23.5,120.5,2024-05-01,2024-06-26,56,51,25.71707,28.184488,23.535147,86.56573,1.6679676,6.6259046,94.34214,75.94915,2.5529594,1.0867841
24.5,120.5,2024-05-01,2024-06-26,56,51,27.83284,29.118416,26.685173,85.39398,3.944756,3.5490148,90.76314,79.57448,4.9251795,3.003233
24.5,121.5,2024-05-01,2024-06-26,56,51,24.626947,26.654886,22.870241,87.30371,1.5746018,7.586311,94.22145,77.80496,2.104182,1.076869
23.5,121.5,2024-05-01,2024-06-26,56,51,25.455122,27.361496,23.981562,87.0717,2.1340134,5.340576,92.8252,78.7332,3.2300518,1.3148336
22.5,121.5,2024-05-01,2024-06-26,56,51,28.616455,29.541454,27.834621,85.1734,4.4357986,3.608853,88.84533,80.83917,5.6013575,3.2238314
24.5,121.5,2024-05-01,2024-06-27,57,51,24.539253,26.34308,22.852795,88.00767,1.5991468,8.253509,94.2868,79.99602,2.2219002,1.0131909
24.5,120.5,2024-05-01,2024-06-27,57,51,27.72147,28.918901,26.607111,86.2601,3.862714,5.882712,91.02656,81.05982,4.753587,2.977668
22.5,121.5,2024-05-01,2024-06-27,57,51,28.6515,29.5263,27.938887,85.060326,4.0970106,4.524979,88.624596,80.96348,5.3094544,3.0251837
23.5,121.5,2024-05-01,2024-06-27,57,51,25.410223,27.136408,24.053469,87.392395,2.0636165,6.2806373,92.657715,80.137245,3.083905,1.250996
23.5,120.5,2024-05-01,2024-06-27,57,51,25.695763,27.994091,23.587889,86.54406,1.6249537,8.647245,94.29059,77.04046,2.4649765,1.0290366
22.5,120.5,2024-05-01,2024-06-27,57,51,27.991125,29.549053,26.694363,84.35738,2.3677423,6.3961253,90.46837,77.14666,3.3234465,1.6403538
23.5,120.5,2024-05-01,2024-06-28,58,51,25.665712,28.07694,23.436966,86.5664,1.7050065,9.311452,94.17735,76.128006,2.6141806,1.0862906
24.5,120.5,2024-05-01,2024-06-28,58,51,27.791056,29.135582,26.633854,85.45332,4.0414186,6.4086914,90.022766,79.68428,4.9881864,3.2409196
22.5,121.5,2024-05-01,2024-06-28,58,51,28.628086,29.563467,27.836664,84.89093,4.642434,4.0737977,88.51626,80.38714,5.880091,3.3960404
24.5,121.5,2024-05-01,2024-06-28,58,51,24.55761,26.50676,22.845245,87.663284,1.826669,10.107303,93.99389,78.86691,2.4305372,1.2117754
23.5,121.5,2024-05-01,2024-06-28,58,51,25.394342,27.187199,23.930944,87.42219,2.2169135,6.8544874,92.62152,79.671715,3.364774,1.305181
22.5,120.5,2024-05-01,2024-06-28,58,51,27.954956,29.591997,26.607103,84.608635,2.6550488,7.530661,90.58882,77.166084,3.6310375,1.7975768
23.5,120.5,2024-05-01,2024-06-29,59,51,25.774858,28.32068,23.621992,85.891075,1.7973949,10.191674,93.652374,75.41248,2.65073,1.1182715
24.5,121.5,2024-05-01,2024-06-29,59,51,24.70109,26.836996,22.980644,86.711975,1.8037151,6.8197813,93.791565,76.83865,2.3369284,1.2682303
24.5,120.5,2024-05-01,2024-06-29,59,51,27.89151,29.237846,26.749945,84.95692,4.068791,4.1815066,90.21471,78.90935,4.8499703,3.253161
22.5,121.5,2024-05-01,2024-06-29,59,51,28.62688,29.504326,27.913122,84.581604,4.597541,4.3448653,88.17965,80.38084,5.7511063,3.4495513
22.5,120.5,2024-05-01,2024-06-29,59,51,28.001049,29.695145,26.632544,84.08828,2.8767104,9.508919,90.57013,76.277954,3.7656813,2.1130724
23.5,121.5,2024-05-01,2024-06-29,59,51,25.428371,27.290503,24.036743,87.01427,2.2548745,5.747477,92.64501,78.89766,3.395065,1.3545326
22.5,121.5,2024-05-01,2024-06-30,60,51,28.666245,29.581203,27.888363,84.49011,4.465024,4.3227253,88.28365,80.13389,5.650316,3.2656767
24.5,120.5,2024-05-01,2024-06-30,60,51,27.899395,29.23181,26.712431,85.63063,3.8241367,5.1197724,90.81622,79.48342,4.754424,2.943764
24.5,121.5,2024-05-01,2024-06-30,60,51,24.683239,26.642586,22.9076,87.23204,1.6857797,7.121965,94.00433,78.277626,2.2438571,1.1090599
22.5,120.5,2024-05-01,2024-06-30,60,51,28.036362,29.699137,26.670513,83.92912,2.8594928,8.535348,90.46271,76.0748,3.804145,1.969807
23.5,121.5,2024-05-01,2024-06-30,60,51,25.486233,27.377806,24.021185,86.875824,2.2843614,5.9581084,92.17037,79.03744,3.4053407,1.4782699
23.5,120.5,2024-05-01,2024-06-30,60,51,25.805147,28.384354,23.532944,85.850624,1.7556984,9.081673,93.72668,75.00388,2.682009,1.0985968
24.5,121.5,2024-05-01,2024-07-01,61,51,24.610327,26.564516,22.9102,87.41499,1.704773,7.4205585,93.81831,78.58891,2.2072902,1.1872904
23.5,120.5,2024-05-01,2024-07-01,61,51,25.75483,28.114416,23.506056,85.7944,1.663688,8.096732,93.61245,75.7337,2.5004988,1.0477246
22.5,120.5,2024-05-01,2024-07-01,61,51,27.94322,29.532095,26.62684,84.12561,2.6998386,7.887298,90.08514,76.79615,3.73947,1.7665808
23.5,121.5,2024-05-01,2024-07-01,61,51,25.42859,27.279282,23.908495,86.59281,2.2191956,6.1160817,92.25144,78.57859,3.3674278,1.3755536
22.5,121.5,2024-05-01,2024-07-01,61,51,28.567263,29.485302,27.761747,84.69016,4.191017,4.8110065,88.57778,80.38847,5.4333773,3.037972
24.5,120.5,2024-05-01,2024-07-01,61,51,27.912458,29.185417,26.789383,85.36803,3.4709682,4.104913,90.51757,79.49719,4.30625,2.6434
24.5,121.5,2024-05-01,2024-07-02,62,51,24.620148,26.731153,22.772188,87.0702,1.7043656,6.0251274,94.254906,77.252304,2.2409465,1.1749191
23.5,120.5,2024-05-01,2024-07-02,62,51,25.707838,28.210972,23.445051,86.4401,1.5538924,7.030412,94.35548,76.09349,2.3706775,0.8750026
24.5,120.5,2024-05-01,2024-07-02,62,51,27.907717,29.292604,26.697893,85.966934,3.40502,4.004385,91.27588,79.80651,4.2548556,2.5826044
22.5,121.5,2024-05-01,2024-07-02,62,51,28.523985,29.417925,27.751123,84.82873,3.9335625,4.2892156,88.49854,80.53817,4.9766803,2.84085
23.5,121.5,2024-05-01,2024-07-02,62,51,25.41128,27.261215,23.918951,86.258705,1.969385,4.727831,91.913605,78.47689,3.0057158,1.1623611
22.5,120.5,2024-05-01,2024-07-02,62,51,27.9398,29.482723,26.69074,84.27957,2.5904484,6.2656775,89.949295,77.19871,3.390833,1.8549329
23.5,120.5,2024-05-01,2024-07-03,63,51,25.724627,28.233025,23.502905,86.54619,1.4778912,9.805119,94.46202,75.80914,2.2910166,0.82225895
22.5,121.5,2024-05-01,2024-07-03,63,51,28.558018,29.456347,27.797783,84.727776,4.0754247,5.2550073,88.25856,80.61941,5.2553124,2.9411962
22.5,120.5,2024-05-01,2024-07-03,63,51,28.013622,29.682896,26.706337,83.992485,2.4975502,8.062625,89.904816,76.51892,3.5011828,1.6005338
24.5,120.5,2024-05-01,2024-07-03,63,51,27.951025,29.33116,26.775267,85.577385,3.3259869,4.551906,91.04561,79.28653,4.2382665,2.4090734
23.5,121.5,2024-05-01,2024-07-03,63,51,25.40282,27.21916,24.016834,85.79969,1.846712,5.2364573,91.30017,78.055855,2.9134643,1.0842654
24.5,121.5,2024-05-01,2024-07-03,63,51,24.680117,26.755466,22.934917,86.31337,1.7345037,6.0113645,93.10799,77.096855,2.2080069,1.2079927
22.5,121.5,2024-05-01,2024-07-04,64,51,28.531769,29.401453,27.788462,84.89602,4.193124,6.889792,88.72334,80.681366,5.4304442,3.0080445
22.5,120.5,2024-05-01,2024-07-04,64,51,28.07987,29.766119,26.731613,83.47206,2.4666917,6.7168593,89.87538,75.56844,3.3033402,1.6992552
24.5,120.5,2024-05-01,2024-07-04,64,51,28.022339,29.440424,26.8362,85.50314,3.379251,3.6794624,90.71157,79.017876,4.301914,2.5336292
24.5,121.5,2024-05-01,2024-07-04,64,51,24.68962,26.851309,22.845566,86.24479,1.8086189,5.256204,93.14792,76.20317,2.3581703,1.2582467
23.5,120.5,2024-05-01,2024-07-04,64,51,25.708164,28.214752,23.435863,86.26183,1.447092,7.9459395,94.34018,75.4994,2.1385958,0.8642904
23.5,121.5,2024-05-01,2024-07-04,64,51,25.347477,27.225735,23.874378,85.843605,1.8625301,6.272858,91.603,77.41715,2.8561163,1.0938663
22.5,120.5,2024-05-01,2024-07-05,65,51,28.060848,29.65503,26.792595,83.546005,2.453046,6.1717315,89.59913,75.82729,3.297528,1.7008626
22.5,121.5,2024-05-01,2024-07-05,65,51,28.48506,29.28837,27.727068,84.93411,4.051355,8.234959,88.62019,81.12123,5.210618,2.9322479
23.5,121.5,2024-05-01,2024-07-05,65,51,25.34229,27.143227,23.898842,85.64529,1.8947074,5.0246296,91.35764,77.53282,2.8888037,1.1110351
24.5,120.5,2024-05-01,2024-07-05,65,51,28.127638,29.647064,26.880331,85.18615,3.1536024,3.2964969,90.77685,78.22772,4.2066774,2.1833057
24.5,121.5,2024-05-01,2024-07-05,65,51,24.708366,26.870792,22.842531,85.9556,1.7521607,4.5016418,93.354034,75.764626,2.281783,1.2045735
23.5,120.5,2024-05-01,2024-07-05,65,51,25.783628,28.438654,23.55772,86.223526,1.355099,6.0191436,94.38676,74.53798,2.005366,0.81580114
23.5,120.5,2024-05-01,2024-07-06,66,51,25.786602,28.540195,23.454353,85.85273,1.3697305,7.2344613,94.148994,74.09659,2.155994,0.77764696
23.5,121.5,2024-05-01,2024-07-06,66,51,25.319948,27.245697,23.87824,85.23724,1.916215,6.716261,91.02195,76.94549,2.92682,1.0871549
24.5,120.5,2024-05-01,2024-07-06,66,51,28.10004,29.543598,26.859213,84.74222,3.0128124,4.262887,89.98938,78.34774,3.905782,2.152521
24.5,121.5,2024-05-01,2024-07-06,66,51,24.690268,26.86855,22.922672,85.757774,1.8790677,5.2538104,92.855644,75.92607,2.5216694,1.2952653
22.5,121.5,2024-05-01,2024-07-06,66,51,28.479856,29.317102,27.684399,84.68674,4.0710793,8.984136,88.23547,80.78355,5.173639,2.9628742
22.5,120.5,2024-05-01,2024-07-06,66,51,28.038612,29.819721,26.699911,83.51312,2.559523,7.854985,89.34642,75.381134,3.4725487,1.7863746
22.5,120.5,2024-05-01,2024-07-07,67,51,27.964277,29.627665,26.721096,83.67293,2.636505,9.736902,89.21412,76.12786,3.555558,1.682555
22.5,121.5,2024-05-01,2024-07-07,67,51,28.488758,29.337606,27.728788,84.579506,4.3592377,8.240943,88.292946,80.40257,5.34279,3.1186569
24.5,121.5,2024-05-01,2024-07-07,67,51,24.592081,26.712223,22.769081,86.07451,1.9359143,6.184896,93.06855,76.42949,2.5728405,1.307301
23.5,120.5,2024-05-01,2024-07-07,67,51,25.705917,28.317287,23.415888,85.993515,1.404976,9.463441,94.14419,74.81117,2.148035,0.8055516
24.5,120.5,2024-05-01,2024-07-07,67,51,28.033525,29.44535,26.762423,84.71187,3.245735,5.275951,90.410645,78.55922,4.3283734,2.1862438
23.5,121.5,2024-05-01,2024-07-07,67,51,25.30524,27.203184,23.855734,85.68178,2.0474956,7.694618,91.38142,77.6132,3.046442,1.2329105
22.5,121.5,2024-05-01,2024-07-08,68,51,28.468409,29.28539,27.775597,84.9013,4.396088,8.283428,88.362144,80.882835,5.44031,3.332362
22.5,120.5,2024-05-01,2024-07-08,68,51,27.945929,29.49882,26.68126,83.884094,2.4693031,8.468927,89.61367,76.55642,3.2666101,1.6937252
23.5,121.5,2024-05-01,2024-07-08,68,51,25.298351,27.028574,23.904985,86.062996,1.9002709,9.209128,91.412186,78.43682,2.8408647,1.1829094
24.5,120.5,2024-05-01,2024-07-08,68,51,27.990515,29.394794,26.739859,85.05629,3.2742102,4.444197,90.733315,78.86243,4.2895875,2.2611692
23.5,120.5,2024-05-01,2024-07-08,68,51,25.664228,28.160873,23.41211,86.596016,1.4307427,8.777095,94.499275,75.7133,2.146152,0.85880184
24.5,121.5,2024-05-01,2024-07-08,68,51,24.640388,26.804333,22.790546,86.248245,1.8347886,7.053749,93.488686,76.4421,2.3789203,1.2498177
22.5,120.5,2024-05-01,2024-07-09,69,51,28.016874,29.624916,26.69703,83.90162,2.5097935,10.696711,89.8365,76.835915,3.4185898,1.7348561
22.5,121.5,2024-05-01,2024-07-09,69,51,28.523941,29.356308,27.80238,84.96188,4.2485447,7.9082413,88.638855,81.181946,5.4869285,2.8859844
24.5,121.5,2024-05-01,2024-07-09,69,51,24.639997,26.805542,22.869009,86.44483,1.6735026,7.93098,93.63379,76.66646,2.288343,1.094341
24.5,120.5,2024-05-01,2024-07-09,69,51,28.003988,29.42997,26.755287,85.4601,3.1184623,6.0317097,91.28366,78.93807,4.333676,2.0542521
23.5,121.5,2024-05-01,2024-07-09,69,51,25.353569,27.114834,24.043297,86.20817,1.831546,7.0076737,91.578926,78.70781,2.7736573,1.0860438
23.5,120.5,2024-05-01,2024-07-09,69,51,25.66693,28.15044,23.519438,86.72773,1.5140423,10.391535,94.51236,75.825615,2.3087358,0.86986864
23.5,121.5,2024-05-01,2024-07-10,70,51,25.3791,27.159388,23.97757,85.71484,1.8447827,4.6757717,91.123085,78.15591,2.828586,1.083942
24.5,121.5,2024-05-01,2024-07-10,70,51,24.591225,26.783436,22.785946,86.4,1.6338145,4.799039,93.21575,76.71449,2.3262815,1.0269022
23.5,120.5,2024-05-01,2024-07-10,70,51,25.737776,28.22331,23.478884,86.59625,1.4201825,9.298885,94.53419,75.91507,2.1575766,0.8095409
24.5,120.5,2024-05-01,2024-07-10,70,51,28.017944,29.460213,26.799887,85.52343,3.1197014,5.381266,91.033646,78.97753,4.2912498,2.1234598
22.5,121.5,2024-05-01,2024-07-10,70,51,28.51848,29.408186,27.75204,84.74357,4.2896605,5.0401874,88.440155,80.54004,5.5487857,2.9601736
22.5,120.5,2024-05-01,2024-07-10,70,51,28.061018,29.72963,26.78935,83.674706,2.3592045,7.963891,89.36343,76.12578,3.2178912,1.5962795
24.5,120.5,2024-05-01,2024-07-11,71,51,28.09628,29.503674,26.910492,85.33038,3.0289717,4.08756,90.80868,78.87982,4.105754,2.0116513
22.5,121.5,2024-05-01,2024-07-11,71,51,28.50569,29.38411,27.716738,84.96079,4.2198706,5.918615,88.587166,81.004295,5.310343,3.0146554
23.5,120.5,2024-05-01,2024-07-11,71,51,25.850512,28.375917,23.665699,86.38915,1.3780402,7.755055,94.41931,75.642235,2.1528008,0.7947069
23.5,121.5,2024-05-01,2024-07-11,71,51,25.407545,27.126951,24.063139,85.95516,1.7084697,5.2191043,91.387054,78.721535,2.6511557,1.0120821
22.5,120.5,2024-05-01,2024-07-11,71,51,28.02568,29.550444,26.73119,83.95151,2.251616,7.1369247,89.834785,76.852036,3.116974,1.453215
24.5,121.5,2024-05-01,2024-07-11,71,51,24.692587,26.78998,22.911488,86.5385,1.6656213,5.681655,93.29679,77.13053,2.3070524,1.0370264
24.5,121.5,2024-05-01,2024-07-12,72,51,24.741796,26.888372,22.908577,86.605835,1.6642139,5.4877787,93.46872,76.98784,2.2327464,1.0872791
22.5,121.5,2024-05-01,2024-07-12,72,51,28.568151,29.441671,27.813324,84.73236,4.272246,5.673876,88.217575,80.899574,5.443907,3.021631
23.5,121.5,2024-05-01,2024-07-12,72,51,25.433481,27.232077,23.98725,85.92701,1.7866746,4.6446557,91.44108,78.17477,2.7738023,1.0095514
24.5,120.5,2024-05-01,2024-07-12,72,51,28.120483,29.583164,26.885387,85.31551,3.0921881,4.6284995,90.908325,79.098495,4.1479425,2.0915196
23.5,120.5,2024-05-01,2024-07-12,72,51,25.827188,28.409855,23.592514,86.33589,1.4489774,7.3140464,94.05296,75.53114,2.0916135,0.92458934
22.5,120.5,2024-05-01,2024-07-12,72,51,28.091944,29.765745,26.747349,83.78823,2.280849,6.1483946,89.6972,76.49417,3.092561,1.4893053
23.5,121.5,2024-05-01,2024-07-13,73,51,25.380402,27.059088,24.082857,86.13466,1.9104939,8.663402,91.303734,79.05391,2.9733906,0.95732343
22.5,121.5,2024-05-01,2024-07-13,73,51,28.486425,29.28696,27.740562,84.92984,4.4319124,9.27495,88.466034,81.21401,5.738419,3.2507417
22.5,120.5,2024-05-01,2024-07-13,73,51,27.895329,29.430756,26.686808,84.48198,2.3445783,10.120466,89.90343,77.28118,3.1802936,1.5853176
24.5,120.5,2024-05-01,2024-07-13,73,51,28.075552,29.513285,26.859034,85.25041,2.980948,4.3041754,90.61061,78.82962,3.9897058,2.0233169
23.5,120.5,2024-05-01,2024-07-13,73,51,25.773497,28.223455,23.687294,86.65062,1.4062668,8.666992,94.46882,76.16472,2.1547618,0.8360868
24.5,121.5,2024-05-01,2024-07-13,73,51,24.700495,26.785727,22.981064,86.45823,1.7971438,6.0861626,93.29687,77.32308,2.4559467,1.1162198
24.5,120.5,2024-05-01,2024-07-14,74,51,28.04465,29.384813,26.874561,85.39674,3.1132288,4.939659,90.31175,79.781654,4.292739,1.9749463
23.5,121.5,2024-05-01,2024-07-14,74,51,25.259302,26.831348,24.006077,86.58056,1.987199,11.519488,91.69125,79.83067,2.9620757,1.1775976
24.5,121.5,2024-05-01,2024-07-14,74,51,24.61747,26.657993,22.883087,86.761444,1.8215228,7.344564,93.37538,78.14447,2.4252558,1.2308513
23.5,120.5,2024-05-01,2024-07-14,74,51,25.674006,27.979595,23.674448,87.08775,1.4748892,11.828255,94.17303,77.5352,2.2143977,0.8325283
22.5,121.5,2024-05-01,2024-07-14,74,51,28.472977,29.232918,27.768219,84.92382,4.8611984,12.005376,88.39063,81.27362,6.129428,3.5850468
22.5,120.5,2024-05-01,2024-07-14,74,51,27.830667,29.210588,26.657412,84.634605,2.6863675,15.254601,89.841446,78.53213,3.6910608,1.7812184
22.5,120.5,2024-05-01,2024-07-15,75,51,27.798187,29.171387,26.681257,85.13067,2.9261584,16.058828,90.09021,79.10706,3.8651161,2.0397024
24.5,121.5,2024-05-01,2024-07-15,75,51,24.643383,26.653416,22.97696,87.2686,1.8777012,7.9932117,93.460754,78.503876,2.5372028,1.1975082
23.5,120.5,2024-05-01,2024-07-15,75,51,25.680338,28.076445,23.590473,86.88399,1.6173811,13.6317835,94.23904,77.38651,2.3972757,0.97207415
24.5,120.5,2024-05-01,2024-07-15,75,51,28.07557,29.457216,26.93377,85.35036,3.413949,5.7588463,90.74334,79.291565,4.4242744,2.4744449
22.5,121.5,2024-05-01,2024-07-15,75,51,28.4384,29.188,27.757961,85.40932,4.662927,9.934968,88.52517,81.90596,6.0529413,3.3769546
23.5,121.5,2024-05-01,2024-07-15,75,51,25.27814,26.835485,24.002598,87.271545,1.9720402,11.222092,91.73198,81.214294,2.956237,1.1956005
22.5,121.5,2024-05-01,2024-07-16,76,51,28.429863,29.254969,27.800762,85.51892,4.772092,9.738698,88.52341,81.76104,6.259899,3.395576
22.5,120.5,2024-05-01,2024-07-16,76,51,27.771746,29.210943,26.659966,85.571594,3.0923977,17.09822,90.655464,79.10025,4.132233,2.150275
23.5,121.5,2024-05-01,2024-07-16,76,51,25.308146,26.949028,24.044506,86.92029,1.8741357,10.176116,91.56088,80.44049,2.8423636,1.0362495
24.5,120.5,2024-05-01,2024-07-16,76,51,27.881657,29.134876,26.845566,85.80064,3.51364,8.739995,90.42201,80.51633,4.599379,2.4719093
24.5,121.5,2024-05-01,2024-07-16,76,51,24.658215,26.755129,23.062096,87.0018,1.8547515,11.529062,92.77336,78.50571,2.5627255,1.1757426
23.5,120.5,2024-05-01,2024-07-16,76,51,25.585194,27.920723,23.660082,87.32952,1.643181,15.970267,94.1096,77.7536,2.5424397,0.9796903
24.5,120.5,2024-05-01,2024-07-17,77,51,27.855053,29.106836,26.751738,85.9675,3.7253206,12.122659,90.75661,80.35494,4.981701,2.4496636
22.5,121.5,2024-05-01,2024-07-17,77,51,28.415312,29.239073,27.691322,85.18586,4.7340937,8.098528,88.37529,81.36133,6.017221,3.3510587
24.5,121.5,2024-05-01,2024-07-17,77,51,24.525597,26.314848,22.880814,87.23362,1.8308386,11.539235,93.27201,79.58661,2.502724,1.2850866
23.5,121.5,2024-05-01,2024-07-17,77,51,25.256342,26.728786,23.964884,86.8262,1.7907842,9.53405,91.443855,81.037796,2.7131329,1.0007404
23.5,120.5,2024-05-01,2024-07-17,77,51,25.56393,27.850218,23.566952,87.128784,1.6830887,18.286013,93.76678,78.06658,2.5303848,0.8891371
22.5,120.5,2024-05-01,2024-07-17,77,51,27.720325,29.128687,26.578457,85.28115,3.0305707,15.11398,90.31013,78.91694,3.9172454,2.1621108
24.5,120.5,2024-05-01,2024-07-18,78,51,27.897198,29.188438,26.790903,85.68878,3.3288128,7.3188334,90.45475,80.177505,4.462414,2.194444
23.5,121.5,2024-05-01,2024-07-18,78,51,25.186806,26.650831,23.982603,86.96014,1.7520058,8.4049,91.66037,81.21478,2.7097263,0.9816386
22.5,121.5,2024-05-01,2024-07-18,78,51,28.276957,28.996214,27.574213,85.58371,4.30556,8.491067,88.82324,82.335045,5.636472,2.9529426
23.5,120.5,2024-05-01,2024-07-18,78,51,25.6098,27.915033,23.67995,86.92125,1.6280723,12.537339,93.59259,77.80041,2.2487702,1.0738506
24.5,121.5,2024-05-01,2024-07-18,78,51,24.602016,26.611113,22.914242,87.233215,1.7666565,8.808809,93.542,78.800896,2.3738542,1.1514211
22.5,120.5,2024-05-01,2024-07-18,78,51,27.685436,29.15336,26.495447,85.41879,2.8818662,11.760637,90.296776,79.54646,3.8479877,2.0190158
23.5,120.5,2024-05-01,2024-07-19,79,51,25.483885,27.870012,23.48438,87.71544,1.581828,16.959995,94.42841,78.54111,2.2500355,0.94461715
22.5,120.5,2024-05-01,2024-07-19,79,51,27.671106,29.084448,26.494457,85.6094,2.70975,12.446983,90.706116,79.7215,3.6434498,1.8220708
24.5,121.5,2024-05-01,2024-07-19,79,51,24.486881,26.538013,22.776953,87.57174,1.6696477,9.067909,93.87009,79.33275,2.3395286,1.0547934
23.5,121.5,2024-05-01,2024-07-19,79,51,25.140642,26.678946,23.929243,86.920235,1.6736017,8.814195,91.44197,81.12054,2.5212414,0.852351
22.5,121.5,2024-05-01,2024-07-19,79,51,28.288763,29.038885,27.67008,85.17608,4.3974605,6.0490627,88.16312,81.78686,5.431029,3.215717
24.5,120.5,2024-05-01,2024-07-19,79,51,27.855696,29.201157,26.694286,85.9227,3.302494,8.144005,90.97086,80.132484,4.405096,2.2799778
23.5,120.5,2024-05-01,2024-07-20,80,51,25.492876,27.763071,23.659407,87.78438,1.6118641,16.83912,94.194855,78.528046,2.437495,0.9105486
23.5,121.5,2024-05-01,2024-07-20,80,51,25.217161,26.67376,24.05771,86.9156,1.8591534,9.232465,91.59536,80.99971,2.823152,0.9699896
24.5,120.5,2024-05-01,2024-07-20,80,51,27.827063,29.134838,26.718702,86.16246,3.398732,8.096134,90.83529,80.426544,4.5679264,2.387519
22.5,121.5,2024-05-01,2024-07-20,80,51,28.29048,29.024797,27.665741,85.828285,4.4525924,8.006376,88.94529,82.204926,5.7044997,3.1109338
22.5,120.5,2024-05-01,2024-07-20,80,51,27.634325,29.039732,26.56788,85.77288,2.5719264,14.461741,90.72231,79.34498,3.5783336,1.7309082
24.5,121.5,2024-05-01,2024-07-20,80,51,24.446184,26.385593,22.892279,87.50977,1.6590548,10.823567,93.5382,79.34206,2.376754,1.0028753
22.5,121.5,2024-05-01,2024-07-21,81,51,28.36435,29.160948,27.7023,85.750114,4.4901648,10.282629,88.808044,82.04608,6.0478845,3.0467775
23.5,120.5,2024-05-01,2024-07-21,81,51,25.465405,27.639336,23.53644,87.659225,1.7947493,20.139208,94.3659,78.71266,2.6056194,1.1246754
23.5,121.5,2024-05-01,2024-07-21,81,51,25.194532,26.683867,24.023737,87.45985,1.8516445,13.267367,92.08456,81.69639,2.94727,0.9369442
24.5,120.5,2024-05-01,2024-07-21,81,51,27.793768,28.985031,26.742735,86.08177,3.688283,11.947332,90.73504,80.625786,4.843574,2.6101336
22.5,120.5,2024-05-01,2024-07-21,81,51,27.560255,28.870596,26.504332,86.28954,2.8253925,18.290201,90.937965,80.391,3.772368,1.9600447
24.5,121.5,2024-05-01,2024-07-21,81,51,24.461287,26.165308,22.99985,87.88603,1.704823,15.425139,93.528206,80.57925,2.4831932,0.9940651
22.5,120.5,2024-05-01,2024-07-22,82,51,27.546406,28.842672,26.437943,86.807556,2.7759683,17.174814,91.39599,81.08695,3.7447078,1.8081197
23.5,120.5,2024-05-01,2024-07-22,82,51,25.514965,27.68902,23.586447,88.194664,1.6523087,16.249712,94.87462,79.50829,2.4262714,1.0219299
24.5,120.5,2024-05-01,2024-07-22,82,51,27.76234,28.965567,26.693708,86.43007,3.5707703,9.000891,90.94527,81.3983,4.6734953,2.5016003
23.5,121.5,2024-05-01,2024-07-22,82,51,25.24662,26.794506,24.040434,87.66298,1.8749077,10.469324,91.747696,81.6929,2.8338802,1.0965511
24.5,121.5,2024-05-01,2024-07-22,82,51,24.482193,26.412191,22.91193,88.06085,1.8197879,12.355431,93.83236,80.382385,2.522992,1.1584581
22.5,121.5,2024-05-01,2024-07-22,82,51,28.333227,29.073359,27.675177,85.81843,4.5919456,8.852491,88.868225,82.40902,5.929458,3.3806074
23.5,120.5,2024-05-01,2024-07-23,83,51,25.477848,27.700298,23.78889,88.22848,1.6360526,19.363703,94.15876,79.26952,2.4224727,1.0280211
24.5,121.5,2024-05-01,2024-07-23,83,51,24.534784,26.356644,23.025463,87.82651,2.042972,13.821471,93.69013,80.206535,2.8696995,1.2790352
24.5,120.5,2024-05-01,2024-07-23,83,51,27.827381,29.132626,26.760448,86.3004,3.3697834,11.395622,90.87508,80.888756,4.6023374,2.1915803
23.5,121.5,2024-05-01,2024-07-23,83,51,25.242056,26.658033,24.155859,87.52078,1.9632999,13.716155,91.72794,81.86572,2.9745421,1.0110531
22.5,121.5,2024-05-01,2024-07-23,83,51,28.314857,29.002068,27.71556,85.9475,5.1028695,13.865751,88.55859,82.90739,6.4166784,3.7472937
22.5,120.5,2024-05-01,2024-07-23,83,51,27.488485,28.860079,26.449081,87.12939,3.052698,21.75604,91.3527,81.11125,4.1232953,2.0226467
22.5,120.5,2024-05-01,2024-07-24,84,51,27.425797,28.762466,26.39875,87.09172,3.1568139,17.864153,91.38698,81.46673,4.0698895,2.2329361
23.5,120.5,2024-05-01,2024-07-24,84,51,25.371778,27.427408,23.622673,88.418564,1.7464265,16.3287,94.45176,80.325905,2.580584,1.065284
24.5,121.5,2024-05-01,2024-07-24,84,51,24.30676,26.08981,22.81892,88.83594,2.0213883,14.002183,94.243225,81.67557,2.7940955,1.2991214
23.5,121.5,2024-05-01,2024-07-24,84,51,25.129515,26.572859,23.973398,87.79305,1.7944189,13.637169,92.04687,82.21101,2.7990313,1.0787159
22.5,121.5,2024-05-01,2024-07-24,84,51,28.252485,28.916485,27.628897,86.159096,4.806179,9.710574,88.87489,83.13038,6.2105503,3.4722946
24.5,120.5,2024-05-01,2024-07-24,84,51,27.655518,28.861027,26.63117,86.85476,3.294219,10.110294,91.10482,81.64006,4.5179873,2.1493993
23.5,120.5,2024-05-01,2024-07-25,85,51,25.390812,27.503149,23.728827,88.52844,1.683209,19.218893,94.17742,80.036385,2.4209998,1.0109558
22.5,120.5,2024-05-01,2024-07-25,85,51,27.516865,28.842869,26.481192,86.729,2.9413145,19.570744,91.077705,80.90107,3.9137762,2.0125308
24.5,120.5,2024-05-01,2024-07-25,85,51,27.716562,28.907084,26.7135,86.555214,3.293313,9.414972,90.98422,81.4014,4.545378,2.275326
22.5,121.5,2024-05-01,2024-07-25,85,51,28.292189,29.037104,27.698957,85.83805,4.495348,9.037991,88.63059,82.15449,5.682186,3.3415515
23.5,121.5,2024-05-01,2024-07-25,85,51,25.199099,26.659342,24.100838,87.60987,1.8226789,11.719947,91.8895,81.59901,2.7482312,1.0725127
24.5,121.5,2024-05-01,2024-07-25,85,51,24.465307,26.319176,22.942345,88.24478,1.7139987,11.558383,93.93626,80.77754,2.414003,1.0582864
24.5,121.5,2024-05-01,2024-07-26,86,51,24.514673,26.38501,23.025787,87.85781,1.717852,10.76732,93.298836,80.111916,2.4325619,1.1000518
23.5,121.5,2024-05-01,2024-07-26,86,51,25.265429,26.783014,24.12607,87.39158,1.9250618,12.0706,91.76623,81.445496,2.8305666,1.1617768
22.5,121.5,2024-05-01,2024-07-26,86,51,28.300968,29.06626,27.647478,85.816475,4.6862364,9.460449,88.84399,82.273026,5.913021,3.370367
24.5,120.5,2024-05-01,2024-07-26,86,51,27.768454,28.999304,26.779455,86.26248,3.6834404,6.79046,90.54852,81.08413,4.7611184,2.688985
22.5,120.5,2024-05-01,2024-07-26,86,51,27.499458,28.903652,26.418287,86.87315,2.729138,18.89457,91.50533,80.985344,3.7180295,1.800995
23.5,120.5,2024-05-01,2024-07-26,86,51,25.412947,27.557636,23.629686,88.2314,1.5897213,16.85408,94.465454,79.887886,2.284542,1.0653987
24.5,120.5,2024-05-01,2024-07-27,87,51,27.773754,28.997736,26.724634,86.19822,3.8919454,7.941751,90.848206,81.02677,5.017084,2.8376322
22.5,121.5,2024-05-01,2024-07-27,87,51,28.380362,29.183695,27.753016,85.602425,4.9856563,8.487477,88.66285,82.06902,6.253987,3.7594092
23.5,120.5,2024-05-01,2024-07-27,87,51,25.452742,27.389801,23.83037,88.2643,1.7636644,18.511604,93.82727,80.961655,2.4710057,1.1754324
22.5,120.5,2024-05-01,2024-07-27,87,51,27.51866,28.792568,26.559692,86.88435,2.9292486,20.325903,91.01526,81.582596,4.030896,1.9829495
23.5,121.5,2024-05-01,2024-07-27,87,51,25.312931,26.691305,24.214947,87.457756,1.9474047,12.122061,91.75879,81.91053,2.8165863,1.1588515
24.5,121.5,2024-05-01,2024-07-27,87,51,24.609863,26.52204,22.968254,87.437355,1.6537119,10.620117,93.5645,79.72888,2.4085834,0.9697987
24.5,120.5,2024-05-01,2024-07-28,88,51,27.747204,28.938004,26.78464,86.507835,4.010195,10.810403,90.86913,81.536255,5.1893883,2.9457963
24.5,121.5,2024-05-01,2024-07-28,88,51,24.587278,26.274979,23.178488,87.70982,1.6626322,11.024625,92.58598,80.97379,2.3064609,1.0646219
22.5,120.5,2024-05-01,2024-07-28,88,51,27.447094,28.636255,26.460188,87.1051,2.9232209,18.900553,91.361885,81.79037,3.9445622,1.931435
22.5,121.5,2024-05-01,2024-07-28,88,51,28.385273,29.132856,27.747324,85.51472,5.3646483,7.9010606,88.41666,81.91203,6.596248,4.222545
23.5,121.5,2024-05-01,2024-07-28,88,51,25.33006,26.753891,24.208485,87.51084,2.0882854,10.231168,91.44111,82.178444,3.083433,1.336285
23.5,120.5,2024-05-01,2024-07-28,88,51,25.471823,27.556042,23.755617,88.20913,1.8858734,21.631577,93.99944,80.40513,2.7267296,1.2265104
23.5,120.5,2024-05-01,2024-07-29,89,51,25.367046,27.463934,23.72401,88.44759,1.8678812,24.710861,93.942444,80.46692,2.7464564,1.2073983
24.5,120.5,2024-05-01,2024-07-29,89,51,27.680676,28.8243,26.761938,86.45793,4.335634,9.321624,90.56956,81.600464,5.4992847,3.201739
22.5,121.5,2024-05-01,2024-07-29,89,51,28.354706,29.16529,27.736917,85.70903,5.5262117,8.853688,88.78596,81.84466,6.6811953,4.312356
22.5,120.5,2024-05-01,2024-07-29,89,51,27.486895,28.86129,26.458761,86.921906,3.040215,21.773993,91.32162,80.8307,4.081395,2.0687149
23.5,121.5,2024-05-01,2024-07-29,89,51,25.322363,26.796154,24.166004,87.41057,1.9581332,14.283423,91.712814,81.87924,2.895825,1.1780658
24.5,121.5,2024-05-01,2024-07-29,89,51,24.5513,26.229942,23.15438,87.818634,1.7402326,12.101716,93.16193,80.78549,2.4292443,1.1451428
23.5,121.5,2024-05-01,2024-07-30,90,51,25.25816,26.696875,24.12328,87.689384,1.8604312,10.6261015,91.88022,82.09744,2.7386384,1.075579
23.5,120.5,2024-05-01,2024-07-30,90,51,25.37596,27.384605,23.641376,88.34319,1.9362724,19.622204,94.02708,80.577934,2.757303,1.2565805
24.5,120.5,2024-05-01,2024-07-30,90,51,27.781866,28.98526,26.805882,86.38444,4.28269,10.396321,90.49651,81.52807,5.4030347,3.2121537
24.5,121.5,2024-05-01,2024-07-30,90,51,24.659058,26.448084,23.19289,87.3984,1.7006195,9.897269,92.70002,79.80824,2.415931,1.0377607
22.5,121.5,2024-05-01,2024-07-30,90,51,28.387285,29.22066,27.717354,85.87914,5.6175323,7.77181,88.92337,82.06033,6.7627883,4.3988643
22.5,120.5,2024-05-01,2024-07-30,90,51,27.458527,28.705683,26.493567,86.89641,3.005766,18.662397,90.935524,81.616425,4.0603905,2.0792592
23.5,121.5,2024-05-01,2024-07-31,91,51,25.282219,26.811743,24.066986,87.52622,1.7697344,8.406096,91.77888,81.30499,2.5824432,1.0253903
24.5,120.5,2024-05-01,2024-07-31,91,51,27.813738,29.089619,26.71249,86.30785,4.034284,8.493461,90.852646,81.16556,5.02218,3.1308575
23.5,120.5,2024-05-01,2024-07-31,91,51,25.490946,27.560368,23.67123,87.98493,1.7817023,17.014448,94.06654,80.041336,2.5439246,1.1820437
22.5,121.5,2024-05-01,2024-07-31,91,51,28.365303,29.246046,27.699911,86.131676,5.3848553,7.476208,89.21218,82.01416,6.5599203,4.0321393
22.5,120.5,2024-05-01,2024-07-31,91,51,27.518442,28.923792,26.394077,86.88247,3.0031571,14.267865,91.594826,80.79809,4.055249,1.9588569
24.5,121.5,2024-05-01,2024-07-31,91,51,24.725483,26.710184,23.098736,87.02251,1.6282799,8.177514,92.8118,78.9429,2.283355,1.0099264
24.5,120.5,2024-05-01,2024-08-01,92,51,27.756382,29.053137,26.783926,86.474464,3.9298956,11.104808,90.75733,81.17132,4.9903574,2.932077
23.5,121.5,2024-05-01,2024-08-01,92,51,25.298565,26.75541,24.166674,87.80355,1.7196968,10.129442,92.15159,81.98448,2.597605,0.8580107
24.5,121.5,2024-05-01,2024-08-01,92,51,24.660717,26.554996,23.14837,87.328995,1.5851154,10.076785,93.23622,79.296326,2.2223487,1.0022452
23.5,120.5,2024-05-01,2024-08-01,92,51,25.48663,27.620735,23.787037,87.969666,1.7369449,15.555588,93.61015,79.72316,2.4829447,1.1073955
22.5,121.5,2024-05-01,2024-08-01,92,51,28.39106,29.21394,27.749228,85.92939,5.139062,8.151185,88.87255,82.0409,6.421582,3.8459394
22.5,120.5,2024-05-01,2024-08-01,92,51,27.452183,28.753098,26.450722,87.07577,3.1077256,17.226274,91.24623,81.40996,4.058346,2.226654
24.5,120.5,2024-05-01,2024-08-02,93,51,27.612871,28.83709,26.622192,86.61947,4.030239,10.736203,90.93772,81.58177,5.0743318,3.0590634
22.5,120.5,2024-05-01,2024-08-02,93,51,27.433146,28.710903,26.456758,87.17387,2.947382,16.936657,91.55145,81.33059,3.9271448,2.0493565
23.5,121.5,2024-05-01,2024-08-02,93,51,25.321262,26.81578,24.11297,87.46793,1.6711372,12.084961,91.868126,81.566956,2.615301,0.87603724
24.5,121.5,2024-05-01,2024-08-02,93,51,24.62034,26.399492,23.1054,87.639694,1.5314577,9.490369,93.58431,79.995476,2.158092,0.93934137
23.5,120.5,2024-05-01,2024-08-02,93,51,25.371872,27.4623,23.605055,88.3359,1.7662253,16.279633,94.08035,80.48888,2.621448,1.0982199
22.5,121.5,2024-05-01,2024-08-02,93,51,28.39056,29.22399,27.710018,85.67572,5.0143876,8.774701,88.7568,81.811714,6.290407,3.7348282
22.5,120.5,2024-05-01,2024-08-03,94,51,27.463049,28.722075,26.493681,87.28338,2.9034932,18.632477,91.46942,81.86827,3.8530147,2.0498028
23.5,120.5,2024-05-01,2024-08-03,94,51,25.374287,27.374523,23.6449,88.63128,1.6547658,16.38375,94.535355,81.08064,2.4581025,1.0615745
24.5,121.5,2024-05-01,2024-08-03,94,51,24.504284,26.38932,22.966347,88.094536,1.4700422,9.550207,93.579254,80.27162,2.044187,0.9354301
23.5,121.5,2024-05-01,2024-08-03,94,51,25.191507,26.567005,24.069912,88.23577,1.5056804,12.214211,92.31906,82.77705,2.3281372,0.82742125
22.5,121.5,2024-05-01,2024-08-03,94,51,28.383545,29.114641,27.777342,85.756386,4.6250815,10.41188,88.93732,82.398994,5.822164,3.4725492
24.5,120.5,2024-05-01,2024-08-03,94,51,27.619097,28.80456,26.616781,86.77592,3.7931597,8.625105,90.89186,81.69993,4.7098336,2.8846893
22.5,120.5,2024-05-01,2024-08-04,95,51,27.444136,28.80723,26.365395,87.1956,2.7029629,14.647241,91.47126,81.45328,3.7665691,1.7817054
23.5,121.5,2024-05-01,2024-08-04,95,51,25.206245,26.586866,24.078827,88.083466,1.6504381,9.570552,92.25334,82.58724,2.3867514,0.93461376
24.5,121.5,2024-05-01,2024-08-04,95,51,24.63066,26.52461,23.117844,87.12995,1.4981803,8.785472,93.2412,79.06861,2.0658813,0.95373267
23.5,120.5,2024-05-01,2024-08-04,95,51,25.386557,27.597742,23.499697,88.23271,1.6147401,13.110591,94.08191,79.90544,2.3169904,1.0277655
24.5,120.5,2024-05-01,2024-08-04,95,51,27.712317,28.956432,26.704868,86.31457,3.843189,6.7437863,90.59075,81.13738,4.8171062,2.9223244
22.5,121.5,2024-05-01,2024-08-04,95,51,28.410194,29.205015,27.742788,85.49195,4.7201066,7.45706,88.6573,81.89585,5.839635,3.3896453
24.5,120.5,2024-05-01,2024-08-05,96,51,27.705997,28.957962,26.670391,86.18664,3.821975,6.926892,90.58164,81.086716,4.832746,2.9380438
24.5,121.5,2024-05-01,2024-08-05,96,51,24.666206,26.61946,23.104006,86.82549,1.4769245,8.407293,92.815575,78.81199,2.1032958,0.80995584
23.5,120.5,2024-05-01,2024-08-05,96,51,25.40535,27.559372,23.625757,87.987465,1.6764266,13.713762,93.64411,79.69741,2.4233758,1.0943689
23.5,121.5,2024-05-01,2024-08-05,96,51,25.28099,26.695684,24.09899,87.59545,1.6213533,9.754854,91.83287,81.87061,2.4313152,0.9102629
22.5,121.5,2024-05-01,2024-08-05,96,51,28.410645,29.236814,27.733454,85.35142,4.6995773,8.159563,88.2674,81.72115,5.926234,3.454317
22.5,120.5,2024-05-01,2024-08-05,96,51,27.452599,28.789972,26.455557,86.807655,2.540094,15.056536,90.89062,81.14138,3.6243477,1.5788023
24.5,120.5,2024-05-01,2024-08-06,97,51,27.68224,29.015036,26.609873,86.329956,3.6814024,6.4661365,90.67255,80.84021,4.6675525,2.696561
22.5,120.5,2024-05-01,2024-08-06,97,51,27.418032,28.74064,26.40485,87.07155,2.666941,16.7727,91.30791,81.38061,3.7038589,1.797902
23.5,121.5,2024-05-01,2024-08-06,97,51,25.215088,26.82114,23.965216,87.782196,1.6450745,10.609346,92.24379,81.70519,2.56106,0.8835411
22.5,121.5,2024-05-01,2024-08-06,97,51,28.390152,29.145401,27.764977,85.84386,4.4702697,8.605957,88.81882,82.30996,5.9655905,3.131649
24.5,121.5,2024-05-01,2024-08-06,97,51,24.54598,26.359318,23.01266,87.50514,1.5405444,8.384555,93.1957,80.11376,2.0887282,0.98373616
23.5,120.5,2024-05-01,2024-08-06,97,51,25.363363,27.608011,23.479424,88.26281,1.5188187,14.204436,94.061325,80.00703,2.2153492,0.98087305
23.5,121.5,2024-05-01,2024-08-07,98,51,25.226656,26.755756,24.044216,87.620316,1.6570404,9.060729,91.954895,81.623245,2.58227,0.8888116
24.5,120.5,2024-05-01,2024-08-07,98,51,27.61255,28.838747,26.597433,86.142944,3.5968344,8.096134,90.312164,80.99357,4.4794564,2.7592983
22.5,121.5,2024-05-01,2024-08-07,98,51,28.42304,29.27942,27.71094,85.69937,4.331203,7.508521,89.01951,81.63382,5.682847,2.9279041
23.5,120.5,2024-05-01,2024-08-07,98,51,25.342924,27.679096,23.520433,87.99573,1.6080346,13.609643,93.92104,79.18813,2.440543,1.0046831
24.5,121.5,2024-05-01,2024-08-07,98,51,24.567083,26.427595,23.127325,87.37676,1.5854527,8.522183,93.28545,79.32199,2.1669579,1.0717827
22.5,120.5,2024-05-01,2024-08-07,98,51,27.427628,28.856785,26.358809,87.09391,2.7776268,16.055836,91.40726,80.86641,3.7660089,1.8779402
22.5,121.5,2024-05-01,2024-08-08,99,51,28.37242,29.202738,27.732637,85.56855,4.4793158,7.4235506,88.59525,81.63507,5.6115766,3.3106277
22.5,120.5,2024-05-01,2024-08-08,99,51,27.415073,28.780401,26.450865,86.953224,2.8461573,15.30666,91.25792,80.924904,3.8179998,1.9852277
24.5,121.5,2024-05-01,2024-08-08,99,51,24.440405,26.20955,23.022861,87.769875,1.5367746,11.903052,93.163734,80.42488,2.1277885,0.9986608
23.5,121.5,2024-05-01,2024-08-08,99,51,25.151773,26.651993,23.985758,87.5784,1.6001558,9.592093,91.87632,81.45856,2.4931595,0.8221615
24.5,120.5,2024-05-01,2024-08-08,99,51,27.478262,28.66319,26.521357,86.32002,3.6941516,14.160156,90.46613,81.20856,4.557841,2.7952914
23.5,120.5,2024-05-01,2024-08-08,99,51,25.192158,27.326319,23.41212,88.15151,1.6943964,19.026215,94.002075,79.89942,2.4440424,1.0537567
22.5,121.5,2024-05-01,2024-08-09,100,51,28.33295,29.168936,27.714315,85.634796,4.237407,6.82756,88.766716,81.692535,5.518682,3.0011806
23.5,120.5,2024-05-01,2024-08-09,100,51,25.26463,27.43441,23.481318,88.338005,1.6426762,13.583314,93.929695,79.78037,2.4358451,1.0509738
24.5,121.5,2024-05-01,2024-08-09,100,51,24.42379,26.26872,22.937794,88.06738,1.3272848,10.468127,93.80221,80.01206,1.9056203,0.8032212
24.5,120.5,2024-05-01,2024-08-09,100,51,27.509363,28.648766,26.5654,86.53493,3.4615588,9.039187,90.64863,81.43206,4.4934545,2.4824011
22.5,120.5,2024-05-01,2024-08-09,100,51,27.392693,28.817034,26.380255,87.04799,2.4283187,15.22528,91.29963,80.870895,3.39044,1.5652971
23.5,121.5,2024-05-01,2024-08-09,100,51,25.153502,26.65083,23.98166,87.77054,1.5209074,9.126551,92.44104,81.283554,2.4432604,0.80983686
24.5,121.5,2024-05-01,2024-08-10,101,51,24.411327,26.267914,22.921738,87.95294,1.435862,8.363013,93.83777,80.30982,2.0601487,0.8899078
22.5,121.5,2024-05-01,2024-08-10,101,51,28.287695,29.021914,27.691399,85.85037,4.0021825,8.487477,88.710686,82.44664,5.2159915,2.728134
24.5,120.5,2024-05-01,2024-08-10,101,51,27.53648,28.761065,26.574781,86.38195,3.5695498,7.4247475,90.69338,81.190765,4.54967,2.6470387
22.5,120.5,2024-05-01,2024-08-10,101,51,27.414314,28.862154,26.400434,86.86924,2.4316185,19.42354,91.14704,80.532745,3.4407046,1.5506647
23.5,121.5,2024-05-01,2024-08-10,101,51,25.080215,26.514782,24.034388,88.22363,1.5905498,10.786468,92.22424,82.89959,2.5559256,0.8680556
23.5,120.5,2024-05-01,2024-08-10,101,51,25.286537,27.431847,23.630035,88.47525,1.6368508,17.977846,94.18874,80.32689,2.4063666,1.0849482
22.5,121.5,2024-05-01,2024-08-11,102,51,28.29312,29.06952,27.647655,85.90765,4.121089,7.583917,88.64205,82.39585,5.498445,2.7582645
23.5,121.5,2024-05-01,2024-08-11,102,51,25.078545,26.555109,23.951296,88.20266,1.7591783,9.983437,92.20575,82.51188,2.7285347,0.92073196
22.5,120.5,2024-05-01,2024-08-11,102,51,27.404036,28.636951,26.447878,86.98649,2.5451465,15.03619,91.12657,81.64846,3.5361013,1.6660446
24.5,120.5,2024-05-01,2024-08-11,102,51,27.603054,28.803251,26.619516,86.78331,3.484374,7.3553348,91.274345,81.46954,4.5550804,2.513274
23.5,120.5,2024-05-01,2024-08-11,102,51,25.255205,27.4123,23.50006,88.745445,1.6638411,14.058431,94.314835,80.25984,2.3633149,1.0720764
24.5,121.5,2024-05-01,2024-08-11,102,51,24.419058,26.153929,23.047194,88.17293,1.5187929,10.597379,93.58944,81.0095,2.1895075,0.88815457
24.5,120.5,2024-05-01,2024-08-12,103,51,27.678122,28.944485,26.684633,86.61179,3.44804,6.164551,91.03123,81.127335,4.5283427,2.5035114
22.5,120.5,2024-05-01,2024-08-12,103,51,27.403048,28.71304,26.431757,87.07996,2.5745182,14.32172,90.92132,81.49393,3.639471,1.6204422
23.5,120.5,2024-05-01,2024-08-12,103,51,25.325382,27.458706,23.608871,88.54556,1.5692979,13.906442,94.27551,80.05188,2.2755387,1.0135235
22.5,121.5,2024-05-01,2024-08-12,103,51,28.347076,29.160915,27.680513,85.610916,4.108026,7.0334044,88.5636,81.73365,5.520978,2.8046033
24.5,121.5,2024-05-01,2024-08-12,103,51,24.422176,26.298931,22.93402,87.80327,1.4661093,9.758445,93.469536,79.7584,2.1081,0.86243117
23.5,121.5,2024-05-01,2024-08-12,103,51,25.072155,26.458025,23.988716,87.95113,1.4764307,10.939654,92.14881,82.418335,2.4086354,0.76798606
23.5,120.5,2024-05-01,2024-08-13,104,51,25.313747,27.546291,23.479467,88.47266,1.4611487,14.455758,94.40631,79.83746,2.2297502,0.8519725
24.5,120.5,2024-05-01,2024-08-13,104,51,27.636194,28.851404,26.651407,86.73883,3.2013142,7.221297,91.088806,81.40506,4.1684847,2.2493787
22.5,121.5,2024-05-01,2024-08-13,104,51,28.345036,29.137402,27.681982,85.626915,4.1525407,6.333295,88.69684,81.82715,5.395021,2.903396
23.5,121.5,2024-05-01,2024-08-13,104,51,25.073215,26.58432,23.891819,87.82208,1.3221247,10.701497,92.06262,81.82131,2.1147676,0.62556237
24.5,121.5,2024-05-01,2024-08-13,104,51,24.467125,26.456837,22.893486,87.52632,1.3729155,8.257698,93.444496,79.28224,2.0259392,0.79453844
22.5,120.5,2024-05-01,2024-08-13,104,51,27.480413,28.873566,26.411564,86.53289,2.293117,11.785769,90.86956,80.72874,3.367577,1.3547007
24.5,120.5,2024-05-01,2024-08-14,105,51,27.666643,28.95708,26.641853,86.4151,3.5734901,6.1094995,90.70584,81.14743,4.5408015,2.6292524
23.5,121.5,2024-05-01,2024-08-14,105,51,25.177069,26.637535,24.075432,87.314255,1.5763266,8.555693,91.68024,81.16978,2.4242468,0.906897
22.5,121.5,2024-05-01,2024-08-14,105,51,28.417246,29.172789,27.816977,85.556,4.4398694,5.849801,88.51025,82.004005,5.6129484,3.327387
23.5,120.5,2024-05-01,2024-08-14,105,51,25.328667,27.538385,23.506704,88.27732,1.4923602,10.752958,94.27207,79.63513,2.2025733,0.92706877
24.5,121.5,2024-05-01,2024-08-14,105,51,24.45269,26.41576,22.909967,87.4239,1.4062607,7.650936,93.38688,79.05376,2.0798104,0.8115399
22.5,120.5,2024-05-01,2024-08-14,105,51,27.524515,28.972784,26.443365,86.59556,2.1565363,9.3958235,91.28665,80.09639,3.1492941,1.3113922
24.5,121.5,2024-05-01,2024-08-15,106,51,24.394308,26.191425,22.916939,87.83146,1.4602504,11.795343,93.67665,80.2825,2.1692889,0.83138275
22.5,120.5,2024-05-01,2024-08-15,106,51,27.518858,28.878233,26.459114,86.32099,2.1829906,11.782179,90.824036,80.52937,3.1797664,1.2563199
23.5,121.5,2024-05-01,2024-08-15,106,51,25.160881,26.581562,24.060596,87.83014,1.6157919,12.5349455,92.11759,82.157326,2.5473843,0.8274642
24.5,120.5,2024-05-01,2024-08-15,106,51,27.594475,28.832512,26.598461,86.32572,3.5702012,7.181803,90.57889,81.08685,4.701577,2.4380276
23.5,120.5,2024-05-01,2024-08-15,106,51,25.348984,27.578451,23.55685,88.37217,1.4790974,13.9973955,94.0634,80.10951,2.2454605,0.8952945
22.5,121.5,2024-05-01,2024-08-15,106,51,28.388689,29.15764,27.793943,85.67795,4.5631623,8.154776,88.7228,81.84553,5.7445164,3.1252944
23.5,120.5,2024-05-01,2024-08-16,107,51,25.28739,27.467503,23.530937,88.69291,1.566409,12.75156,94.54004,80.09855,2.4062786,0.93904227
22.5,120.5,2024-05-01,2024-08-16,107,51,27.540874,28.93565,26.520163,86.50286,2.3673985,12.945437,90.8644,80.408966,3.3693283,1.4951383
23.5,121.5,2024-05-01,2024-08-16,107,51,25.178877,26.58741,24.08269,87.744095,1.7446123,11.516497,91.799355,82.180786,2.552838,1.0802106
24.5,120.5,2024-05-01,2024-08-16,107,51,27.606133,28.8097,26.629574,86.170944,3.6208565,7.528866,90.62539,80.9983,4.7079325,2.4673095
24.5,121.5,2024-05-01,2024-08-16,107,51,24.38316,26.27668,22.964525,87.63243,1.5288584,10.2251835,93.38115,79.900665,2.2390041,0.88129824
22.5,121.5,2024-05-01,2024-08-16,107,51,28.401197,29.195087,27.748917,85.59652,4.4131274,7.915422,88.423706,81.94699,5.683167,3.225514
23.5,121.5,2024-05-01,2024-08-17,108,51,25.216558,26.649918,24.10393,87.96594,1.7414609,10.992312,92.351906,82.40749,2.6757233,0.9566474
24.5,120.5,2024-05-01,2024-08-17,108,51,27.647749,28.860485,26.690365,86.783325,3.702926,8.294797,90.98279,81.83654,4.7059026,2.730326
23.5,120.5,2024-05-01,2024-08-17,108,51,25.335009,27.529469,23.595385,88.62109,1.6000094,12.974159,94.36474,80.13214,2.354782,1.0630313
24.5,121.5,2024-05-01,2024-08-17,108,51,24.436466,26.193958,23.015944,88.061195,1.4368765,10.892981,93.89705,80.878716,2.0841684,0.8384466
22.5,121.5,2024-05-01,2024-08-17,108,51,28.388012,29.117466,27.773355,85.70838,4.256803,9.394627,88.77324,82.12295,5.7178197,2.8957639
22.5,120.5,2024-05-01,2024-08-17,108,51,27.530914,28.89455,26.422613,86.73533,2.308939,12.82217,91.5864,80.825005,3.3343403,1.455144
24.5,120.5,2024-05-01,2024-08-18,109,51,27.63194,28.94171,26.534866,86.859764,3.300895,10.658414,91.538414,81.116325,4.601849,2.099509
22.5,120.5,2024-05-01,2024-08-18,109,51,27.460709,28.843498,26.458916,87.02025,2.4758043,14.561073,91.26772,80.935616,3.422192,1.5953182
24.5,121.5,2024-05-01,2024-08-18,109,51,24.43752,26.37313,22.8554,88.44825,1.4166027,12.94065,94.5707,80.12934,2.1274607,0.78677076
23.5,121.5,2024-05-01,2024-08-18,109,51,25.193686,26.710657,23.990583,88.20501,1.6236624,12.482287,92.432625,81.95497,2.600603,0.80076545
23.5,120.5,2024-05-01,2024-08-18,109,51,25.317354,27.561808,23.4754,88.49473,1.5691745,16.219793,94.404594,79.68608,2.307798,0.96610934
22.5,121.5,2024-05-01,2024-08-18,109,51,28.379366,29.123482,27.777441,85.96176,4.1485753,8.734012,88.96112,82.30795,5.4072824,2.8367412
23.5,120.5,2024-05-01,2024-08-19,110,51,25.263178,27.621807,23.365871,88.620415,1.433642,14.301374,94.887665,79.46634,2.1163464,0.89495593
22.5,121.5,2024-05-01,2024-08-19,110,51,28.334822,29.076153,27.72412,85.72996,4.0560675,6.8562827,88.56743,82.253494,5.16336,2.8959084
23.5,121.5,2024-05-01,2024-08-19,110,51,25.06262,26.511059,23.917496,87.935356,1.7971048,10.846306,92.02472,82.28516,2.6330028,1.1480973
24.5,120.5,2024-05-01,2024-08-19,110,51,27.631266,28.881056,26.612665,86.78611,3.017853,8.385752,91.4865,81.15594,4.0949206,1.965485
22.5,120.5,2024-05-01,2024-08-19,110,51,27.48349,28.888477,26.42605,86.68595,2.3301964,11.573941,91.212,80.685814,3.3085053,1.5089835
24.5,121.5,2024-05-01,2024-08-19,110,51,24.348877,26.19827,22.87619,88.43148,1.4941034,10.955213,94.187614,80.42568,2.147857,0.9264101
24.5,120.5,2024-05-01,2024-08-20,111,51,27.600983,28.90904,26.5229,86.92368,3.2929432,7.425944,91.275085,81.452736,4.411926,2.117733
23.5,121.5,2024-05-01,2024-08-20,111,51,25.02756,26.527617,23.868116,87.83088,1.934841,10.773303,92.162186,81.723076,2.896254,1.1349298
24.5,121.5,2024-05-01,2024-08-20,111,51,24.291853,26.199701,22.804108,88.36062,1.6863834,10.993508,93.91582,80.33733,2.4190092,1.0201107
23.5,120.5,2024-05-01,2024-08-20,111,51,25.267353,27.629084,23.441196,88.9703,1.4242179,13.357125,94.83917,79.830055,2.2551408,0.8007326
22.5,121.5,2024-05-01,2024-08-20,111,51,28.305851,29.083616,27.646456,85.645584,4.045947,7.978851,88.63568,82.178085,5.153638,2.8143208
22.5,120.5,2024-05-01,2024-08-20,111,51,27.50056,28.98819,26.437689,86.56505,2.3537633,9.996601,90.932304,80.22193,3.2413158,1.5454296
23.5,121.5,2024-05-01,2024-08-21,112,51,25.026604,26.5229,23.882729,87.242615,1.8488082,10.037292,91.47928,81.06018,2.8420384,0.9626077
24.5,120.5,2024-05-01,2024-08-21,112,51,27.573479,28.89944,26.54147,86.47131,3.1193194,6.2040443,91.267654,80.51419,4.4141984,1.8791627
24.5,121.5,2024-05-01,2024-08-21,112,51,24.202452,26.136917,22.756979,87.94794,1.8472482,11.140711,93.560326,79.857155,2.519865,1.2021521
22.5,120.5,2024-05-01,2024-08-21,112,51,27.526499,28.980629,26.3941,86.00822,2.3852584,11.735505,91.01355,79.48271,3.4499533,1.4337667
23.5,120.5,2024-05-01,2024-08-21,112,51,25.307184,27.60268,23.459751,88.31626,1.4039481,12.241737,94.775,78.6038,2.2205646,0.83564776
22.5,121.5,2024-05-01,2024-08-21,112,51,28.259304,29.027372,27.619425,85.28519,3.7099648,9.50114,88.37737,81.72817,4.9327493,2.4460392
23.5,121.5,2024-05-01,2024-08-22,113,51,24.937603,26.404337,23.75742,86.91349,1.754177,9.276147,91.44149,80.84109,2.667245,0.9818431
24.5,120.5,2024-05-01,2024-08-22,113,51,27.580517,28.854242,26.584538,86.19407,2.8499217,6.7378025,90.76549,80.47195,4.0224457,1.7596688
22.5,121.5,2024-05-01,2024-08-22,113,51,28.149536,28.881292,27.506433,85.38225,3.9377155,9.861366,88.477875,81.86791,5.195549,2.6337452
24.5,121.5,2024-05-01,2024-08-22,113,51,24.193003,26.12021,22.734373,87.745705,1.794353,9.751264,93.63777,79.42269,2.4990337,1.1854599
22.5,120.5,2024-05-01,2024-08-22,113,51,27.460619,28.988573,26.355234,86.2182,2.637307,11.071299,90.77423,79.41997,3.5083199,1.754569
23.5,120.5,2024-05-01,2024-08-22,113,51,25.279638,27.584295,23.406456,88.35722,1.4462978,11.2508135,94.67575,79.1576,2.2149181,0.8781321
24.5,121.5,2024-05-01,2024-08-23,114,51,24.199924,25.959946,22.76736,88.349686,1.7887319,13.53664,93.73078,81.23794,2.4943435,1.1298544
22.5,121.5,2024-05-01,2024-08-23,114,51,28.178738,28.947733,27.46679,85.43709,4.589589,12.19267,88.84484,81.77848,5.8807163,3.2352474
23.5,120.5,2024-05-01,2024-08-23,114,51,25.236872,27.407515,23.547869,88.544136,1.45937,13.8478,94.39344,79.85391,2.2547307,0.8004012
22.5,120.5,2024-05-01,2024-08-23,114,51,27.34665,28.598106,26.337221,86.47567,2.6217456,13.545017,90.85221,80.730545,3.51014,1.7085795
24.5,120.5,2024-05-01,2024-08-23,114,51,27.54511,28.772959,26.523531,86.754234,3.1459155,8.473116,91.452034,81.20043,4.436289,1.9917392
23.5,121.5,2024-05-01,2024-08-23,114,51,24.979088,26.407324,23.850542,87.56629,2.055086,14.343262,91.897,82.09201,2.9420593,1.255645
23.5,121.5,2024-05-01,2024-08-24,115,51,25.000309,26.5079,23.878136,87.18473,2.1190643,14.275046,91.50845,81.19483,3.0812917,1.2700396
24.5,120.5,2024-05-01,2024-08-24,115,51,27.553665,28.868652,26.507486,86.58354,3.2417629,11.745079,91.20817,80.75999,4.5861025,2.0421937
22.5,120.5,2024-05-01,2024-08-24,115,51,27.351719,28.712843,26.300552,86.32705,2.7840362,15.820073,90.99259,80.02874,3.7513309,1.8490605
23.5,120.5,2024-05-01,2024-08-24,115,51,25.273947,27.58302,23.438845,87.957756,1.603544,18.458946,94.206406,78.412796,2.523459,0.91206276
22.5,121.5,2024-05-01,2024-08-24,115,51,28.163414,28.909346,27.551805,85.40098,4.7213225,12.712068,88.496284,81.87692,6.058471,3.298429
24.5,121.5,2024-05-01,2024-08-24,115,51,24.250069,26.250584,22.684038,87.79392,1.9508184,12.959798,93.76477,79.16561,2.7614043,1.1887809
24.5,120.5,2024-05-01,2024-08-25,116,51,27.468864,28.774248,26.391048,86.84746,3.3447535,11.232862,91.57314,81.04977,4.5591483,2.1603756
23.5,121.5,2024-05-01,2024-08-25,116,51,24.961924,26.508242,23.7863,87.58732,2.118882,10.792452,91.67279,81.81743,3.1242578,1.3169833
24.5,121.5,2024-05-01,2024-08-25,116,51,24.151817,26.11023,22.59699,88.213684,1.9236972,10.885799,93.82781,80.01235,2.7104938,1.2456441
22.5,120.5,2024-05-01,2024-08-25,116,51,27.297249,28.708418,26.240673,86.69444,2.8181,13.858571,91.119354,80.60912,3.8292344,1.9456787
23.5,120.5,2024-05-01,2024-08-25,116,51,25.098804,27.409052,23.260677,88.600395,1.5805665,13.669481,94.583954,79.57818,2.3699217,1.0006056
22.5,121.5,2024-05-01,2024-08-25,116,51,28.11221,28.807978,27.514666,85.79293,4.5549836,9.54542,88.742455,82.37752,5.8668146,3.2239423
22.5,121.5,2024-05-01,2024-08-26,117,51,28.220804,28.955944,27.589573,85.09754,4.491441,10.366403,88.408905,81.47116,5.8104033,3.2782116
23.5,120.5,2024-05-01,2024-08-26,117,51,25.179596,27.467932,23.343449,88.13849,1.627335,16.089346,94.79083,78.45622,2.4773,0.9568007
22.5,120.5,2024-05-01,2024-08-26,117,51,27.389711,28.825737,26.325047,86.16485,2.722761,15.416762,90.65859,79.45803,3.8272028,1.7616396
24.5,121.5,2024-05-01,2024-08-26,117,51,24.094952,25.91028,22.607172,87.99554,1.9045985,10.968376,93.91291,79.94234,2.672802,1.1876135
23.5,121.5,2024-05-01,2024-08-26,117,51,24.994902,26.58123,23.831045,87.18179,2.1426225,11.131137,91.68982,80.8269,3.1421993,1.3236946
24.5,120.5,2024-05-01,2024-08-26,117,51,27.468946,28.747906,26.45657,86.6149,3.3494651,8.635877,91.06749,80.97687,4.608203,2.1167235
23.5,120.5,2024-05-01,2024-08-27,118,51,25.154491,27.308428,23.479546,88.672134,1.6580853,15.975653,94.57322,79.93674,2.4784625,0.9068796
22.5,121.5,2024-05-01,2024-08-27,118,51,28.16261,28.909962,27.543812,85.40267,4.576704,12.19626,88.40835,81.789,5.967539,3.2202146
22.5,120.5,2024-05-01,2024-08-27,118,51,27.349861,28.731821,26.352364,86.46398,2.5778913,14.845904,90.75087,80.21049,3.6580122,1.5405389
24.5,121.5,2024-05-01,2024-08-27,118,51,24.10683,25.975325,22.719095,88.392006,1.9977204,14.634076,93.65013,81.072525,2.7728329,1.2529985
24.5,120.5,2024-05-01,2024-08-27,118,51,27.511444,28.735672,26.54475,86.40466,3.4099379,8.777095,91.16215,81.00909,4.6266894,2.0682082
23.5,121.5,2024-05-01,2024-08-27,118,51,25.00834,26.47979,23.926294,87.36395,2.2461162,15.072093,91.61497,81.74656,3.134167,1.4033115
23.5,121.5,2024-05-01,2024-08-28,119,51,24.864435,26.303629,23.789845,87.60369,2.2824697,16.700893,91.799706,81.69824,3.1180475,1.4981028
24.5,120.5,2024-05-01,2024-08-28,119,51,27.49649,28.72789,26.474321,86.907875,3.2179484,9.692622,91.42427,81.436554,4.498069,1.9590826
22.5,120.5,2024-05-01,2024-08-28,119,51,27.343037,28.75348,26.300367,86.21857,2.6090133,14.928481,90.78189,79.72152,3.6357844,1.6684906
24.5,121.5,2024-05-01,2024-08-28,119,51,24.084986,25.991371,22.71479,88.36309,2.0420918,17.11019,93.66962,80.34127,2.8762066,1.2871242
22.5,121.5,2024-05-01,2024-08-28,119,51,28.075823,28.731743,27.496157,85.496704,4.6506352,13.662301,88.38646,82.4151,5.8296833,3.4002297
23.5,120.5,2024-05-01,2024-08-28,119,51,25.111284,27.391558,23.389778,88.73881,1.6185573,13.967477,94.62434,79.64896,2.3925502,0.95068145
24.5,120.5,2024-05-01,2024-08-29,120,51,27.411848,28.556828,26.458101,87.087204,3.2979503,12.317134,91.55332,81.934204,4.652503,1.9833434
23.5,121.5,2024-05-01,2024-08-29,120,51,24.910547,26.4153,23.856386,87.43122,2.1242347,16.544117,91.85086,81.19104,3.098258,1.2883778
24.5,121.5,2024-05-01,2024-08-29,120,51,24.08516,25.94843,22.650427,88.713554,1.9917533,15.89547,94.17141,81.454414,2.8044138,1.2783108
22.5,120.5,2024-05-01,2024-08-29,120,51,27.379143,28.749146,26.318518,86.21724,2.8187487,14.783672,91.02292,80.167,3.7600935,1.9905928
23.5,120.5,2024-05-01,2024-08-29,120,51,25.131699,27.356247,23.41477,88.65176,1.6236926,17.763624,94.6855,79.68353,2.3605921,0.99389803
22.5,121.5,2024-05-01,2024-08-29,120,51,28.13959,28.80907,27.537924,85.30791,4.901991,12.860466,88.52814,81.85426,6.1633277,3.6220255
23.5,121.5,2024-05-01,2024-08-30,121,51,24.897055,26.333338,23.822287,87.852776,2.1692543,10.694317,91.994286,82.21338,3.1474514,1.2714654
24.5,120.5,2024-05-01,2024-08-30,121,51,27.43737,28.663454,26.512182,87.12881,3.263612,8.224188,91.30217,81.891525,4.6366735,1.8936777
24.5,121.5,2024-05-01,2024-08-30,121,51,24.129457,25.92256,22.838303,88.87576,1.9115784,12.207031,93.97231,81.35014,2.6996155,1.1634501
23.5,120.5,2024-05-01,2024-08-30,121,51,25.064114,27.164667,23.378988,89.09459,1.5104957,14.053644,94.857185,80.30895,2.2087548,0.90004253
22.5,120.5,2024-05-01,2024-08-30,121,51,27.248196,28.547539,26.289568,86.937035,2.585233,13.627595,90.994316,81.01451,3.5066013,1.6872439
22.5,121.5,2024-05-01,2024-08-30,121,51,28.045223,28.77501,27.416065,85.7636,4.4993443,10.719449,88.80225,82.29913,5.9700203,3.0380688
24.5,120.5,2024-05-01,2024-08-31,122,51,27.390497,28.654316,26.382755,87.137215,3.0629823,10.307761,91.67043,81.72867,4.4673805,1.8371402
22.5,120.5,2024-05-01,2024-08-31,122,51,27.269146,28.636053,26.329798,87.034225,2.4733644,16.289206,90.9818,80.98271,3.5474186,1.4839805
22.5,121.5,2024-05-01,2024-08-31,122,51,28.02667,28.67346,27.460474,86.039375,4.0702057,10.764926,88.69253,82.96161,5.421145,2.733983
23.5,121.5,2024-05-01,2024-08-31,122,51,24.89024,26.274965,23.866377,88.06135,1.9118699,12.355431,92.06803,82.59971,2.8831909,1.1375676
23.5,120.5,2024-05-01,2024-08-31,122,51,25.116983,27.20953,23.543287,89.03605,1.4781593,15.6992,94.846504,80.50248,2.394596,0.8293063
24.5,121.5,2024-05-01,2024-08-31,122,51,24.063349,25.850462,22.651342,88.94245,1.9113799,12.268066,94.069405,81.59547,2.5933595,1.2534988
22.5,121.5,2024-05-01,2024-09-01,123,51,28.03169,28.822084,27.358313,85.38664,4.096939,9.188783,88.2885,81.794334,5.3501496,2.7710867
22.5,120.5,2024-05-01,2024-09-01,123,51,27.23693,28.66241,26.12582,86.626076,2.568219,16.066607,91.32678,80.53744,3.4720345,1.7404046
24.5,121.5,2024-05-01,2024-09-01,123,51,23.968521,25.746847,22.570549,88.67976,1.873927,17.100615,93.88079,81.54957,2.6026978,1.2107518
24.5,120.5,2024-05-01,2024-09-01,123,51,27.207386,28.308426,26.22381,87.07646,3.1046484,14.190076,91.10405,82.23965,4.2318416,2.0332153
23.5,121.5,2024-05-01,2024-09-01,123,51,24.788755,26.244823,23.74567,87.54161,1.8481104,13.57374,91.60093,81.89546,2.8185966,1.0262012
23.5,120.5,2024-05-01,2024-09-01,123,51,24.888317,27.047579,23.156193,89.188545,1.5307852,18.893373,94.89931,80.80071,2.3281758,0.8708983
22.5,120.5,2024-05-01,2024-09-02,124,51,27.194736,28.744345,26.111904,86.39018,2.4869938,12.824563,90.6952,79.902916,3.485794,1.6044642
22.5,121.5,2024-05-01,2024-09-02,124,51,28.031467,28.863804,27.308477,85.40018,4.249883,8.986529,88.52696,81.59758,5.561147,2.921823
23.5,120.5,2024-05-01,2024-09-02,124,51,24.988796,27.360235,23.20879,88.432304,1.6152004,13.461244,94.51554,79.25523,2.4414208,0.98788595
24.5,120.5,2024-05-01,2024-09-02,124,51,27.248552,28.440758,26.26867,86.36862,3.4103942,8.588005,90.77945,80.97461,4.5043135,2.3184948
23.5,121.5,2024-05-01,2024-09-02,124,51,24.839027,26.328733,23.730827,87.37933,1.8572474,10.463341,91.5027,81.79771,2.7654126,1.0491028
24.5,121.5,2024-05-01,2024-09-02,124,51,23.949015,25.754612,22.55517,88.60689,1.8150847,11.752259,94.05266,81.22995,2.5247228,1.159154
24.5,121.5,2024-05-01,2024-09-03,125,51,23.875603,25.689238,22.45769,88.61284,1.9616616,12.560078,93.910904,81.201935,2.7248046,1.313448
23.5,121.5,2024-05-01,2024-09-03,125,51,24.80173,26.152794,23.73642,87.71728,2.094361,13.571346,91.882065,82.29992,2.939175,1.3098819
24.5,120.5,2024-05-01,2024-09-03,125,51,27.328873,28.584501,26.321619,86.32475,3.4776058,8.631089,90.8338,81.01809,4.9177885,2.1364431
23.5,120.5,2024-05-01,2024-09-03,125,51,25.006098,27.155218,23.266994,88.83088,1.5414816,13.986625,94.81065,80.18776,2.4241416,0.86383927
22.5,121.5,2024-05-01,2024-09-03,125,51,28.025093,28.778614,27.420238,85.56325,4.7782555,12.595981,88.67067,81.68693,6.2227736,3.3446667
22.5,120.5,2024-05-01,2024-09-03,125,51,27.199526,28.447075,26.233631,86.59923,2.4689434,12.879615,90.864624,80.61794,3.505807,1.5649972
22.5,121.5,2024-05-01,2024-09-04,126,51,27.964363,28.645931,27.310802,85.70449,4.700195,9.406594,88.57816,82.34599,5.935332,3.3351438
23.5,121.5,2024-05-01,2024-09-04,126,51,24.745192,26.270943,23.629498,87.63683,2.2543855,10.046865,91.903694,81.51078,3.176768,1.4350915
24.5,120.5,2024-05-01,2024-09-04,126,51,27.305403,28.591366,26.305817,86.06832,3.7783277,7.307464,90.28343,80.51006,5.0583677,2.327211
24.5,121.5,2024-05-01,2024-09-04,126,51,23.842245,25.72871,22.468927,88.23406,2.04951,10.462144,93.740456,80.41389,2.811157,1.2981942
23.5,120.5,2024-05-01,2024-09-04,126,51,24.99386,27.275425,23.244638,88.648674,1.5779395,11.430329,94.77254,79.346504,2.4682732,0.91519374
22.5,120.5,2024-05-01,2024-09-04,126,51,27.256489,28.651585,26.230206,86.30798,2.3438578,10.101916,90.54326,79.994255,3.3238006,1.4186906
23.5,121.5,2024-05-01,2024-09-05,127,51,24.592457,26.008772,23.554193,87.73524,1.9085159,10.906145,91.69801,82.27824,2.699897,1.199069
23.5,120.5,2024-05-01,2024-09-05,127,51,24.959673,27.282959,23.175985,88.61814,1.4767169,11.027019,94.88434,79.45274,2.2401037,0.8478843
24.5,121.5,2024-05-01,2024-09-05,127,51,23.762197,25.675901,22.384974,88.17999,1.9543954,10.4836855,93.585045,80.32685,2.6507347,1.31731
22.5,120.5,2024-05-01,2024-09-05,127,51,27.166561,28.513908,26.111233,86.25824,2.3523414,10.043275,90.65009,80.32434,3.1922362,1.6066875
22.5,121.5,2024-05-01,2024-09-05,127,51,27.827837,28.515438,27.198599,85.90501,4.389908,11.141908,88.74981,82.6419,5.679426,2.8344507
24.5,120.5,2024-05-01,2024-09-05,127,51,27.225824,28.508196,26.218393,86.28909,3.4685016,7.6712813,90.86703,80.53451,4.720637,2.3099744
22.5,120.5,2024-05-01,2024-09-06,128,51,27.213413,28.65722,26.151802,85.90307,2.1711414,10.335286,90.52092,79.39742,3.024084,1.4361613
22.5,121.5,2024-05-01,2024-09-06,128,51,27.837387,28.491001,27.231186,85.812836,4.3929214,10.727826,88.7399,82.60516,5.5591516,3.0976155
23.5,120.5,2024-05-01,2024-09-06,128,51,25.03047,27.360712,23.214815,88.32709,1.2697155,11.816885,94.746735,78.862,2.0183468,0.69088626
24.5,120.5,2024-05-01,2024-09-06,128,51,27.276506,28.54837,26.262386,85.99279,3.2296965,7.478602,90.57227,80.42191,4.459391,1.959361
23.5,121.5,2024-05-01,2024-09-06,128,51,24.695969,26.187529,23.579424,87.10454,2.0411134,10.813993,91.77375,81.173485,2.824644,1.2258123
24.5,121.5,2024-05-01,2024-09-06,128,51,23.802174,25.604124,22.406624,87.9829,1.8938582,10.124656,93.663635,80.4275,2.6916168,1.1381131
24.5,121.5,2024-05-01,2024-09-07,129,51,23.82019,25.748629,22.38881,87.78115,2.0077522,8.9051485,93.40305,79.60573,2.8134305,1.2373207
23.5,121.5,2024-05-01,2024-09-07,129,51,24.716358,26.224392,23.643705,86.9675,2.1691036,8.209826,91.20193,80.8761,3.041004,1.3476471
24.5,120.5,2024-05-01,2024-09-07,129,51,27.3002,28.737183,26.183716,85.95032,3.4610791,4.9486346,90.970825,79.484245,4.8766465,2.1585662
22.5,120.5,2024-05-01,2024-09-07,129,51,27.18754,28.688206,26.122274,86.0374,2.0932567,10.981541,90.82908,78.94178,2.852372,1.3511713
23.5,120.5,2024-05-01,2024-09-07,129,51,24.964157,27.431423,23.151735,88.53396,1.3856128,9.11219,94.986595,78.336815,2.1217163,0.7840983
22.5,121.5,2024-05-01,2024-09-07,129,51,27.912926,28.610308,27.318306,85.15929,4.4096565,10.034898,88.15572,81.60517,5.6206713,3.1509256
23.5,121.5,2024-05-01,2024-09-08,130,51,24.769463,26.275757,23.71504,86.88761,2.2153637,11.202943,91.16905,80.95253,3.1800811,1.3092605
23.5,120.5,2024-05-01,2024-09-08,130,51,25.009811,27.279144,23.336035,88.20111,1.5884857,11.493757,94.44744,78.99066,2.361639,0.9201366
22.5,121.5,2024-05-01,2024-09-08,130,51,27.935966,28.604376,27.324482,85.12358,4.390555,12.646245,88.204704,81.798164,5.6376953,3.1347
24.5,121.5,2024-05-01,2024-09-08,130,51,23.794384,25.720053,22.417856,88.08099,2.2528794,12.508616,93.40701,80.158005,3.0111134,1.4459646
22.5,120.5,2024-05-01,2024-09-08,130,51,27.20587,28.626379,26.228876,85.97352,2.4971058,12.562471,90.08228,79.5622,3.382016,1.5676054
24.5,120.5,2024-05-01,2024-09-08,130,51,27.241495,28.495258,26.284145,85.97145,3.682962,6.941253,90.30307,80.37813,5.0569777,2.424835
22.5,121.5,2024-05-01,2024-09-09,131,51,27.963884,28.641802,27.318897,85.53502,4.8713346,12.069403,88.47784,82.19847,6.1216345,3.6693103
22.5,120.5,2024-05-01,2024-09-09,131,51,27.223085,28.692907,26.126987,85.69293,2.7510736,15.030207,90.428925,78.77835,3.7562134,1.8430369
24.5,121.5,2024-05-01,2024-09-09,131,51,23.828142,25.607325,22.372297,88.066216,2.1760452,10.813993,93.57998,80.61397,2.9998205,1.4114769
24.5,120.5,2024-05-01,2024-09-09,131,51,27.37204,28.656,26.297775,85.602325,3.5655262,6.125057,90.03794,79.988945,4.9571815,2.2183316
23.5,121.5,2024-05-01,2024-09-09,131,51,24.740204,26.248537,23.534,86.89021,2.29154,10.502834,91.40975,80.92963,3.205077,1.4882876
23.5,120.5,2024-05-01,2024-09-09,131,51,24.97496,27.314468,23.087315,88.00221,1.7071198,13.120165,94.38113,78.524086,2.6981542,0.92771727
23.5,121.5,2024-05-01,2024-09-10,132,51,24.731714,26.329533,23.54248,86.87193,2.3889394,12.70728,91.48858,79.8662,3.2923033,1.5574974
24.5,120.5,2024-05-01,2024-09-10,132,51,27.204992,28.44105,26.16868,85.63819,3.8629007,6.8407245,89.95483,80.0041,5.0322385,2.5474854
24.5,121.5,2024-05-01,2024-09-10,132,51,23.71356,25.696146,22.210382,88.07597,2.174427,10.817584,93.9014,79.331604,2.986125,1.5289106
22.5,121.5,2024-05-01,2024-09-10,132,51,27.986683,28.686201,27.363194,85.30838,4.804064,13.640759,88.49143,81.79587,5.902013,3.5803003
22.5,120.5,2024-05-01,2024-09-10,132,51,27.28958,28.73232,26.191587,85.62814,2.4443204,15.176212,90.41669,78.72158,3.3530235,1.6840167
23.5,120.5,2024-05-01,2024-09-10,132,51,24.873152,27.21357,23.002548,88.305595,1.6428483,13.323616,94.53656,78.44076,2.4237027,1.0010391
23.5,121.5,2024-05-01,2024-09-11,133,51,24.584824,26.088135,23.47897,87.20326,2.215459,10.869045,91.506935,80.67303,3.1030862,1.4178925
24.5,120.5,2024-05-01,2024-09-11,133,51,27.198345,28.525206,26.118803,85.64957,3.7899501,6.458956,90.07037,79.679085,5.001765,2.63353
24.5,121.5,2024-05-01,2024-09-11,133,51,23.67057,25.531488,22.270655,87.98728,2.1948235,10.916916,93.23651,80.16382,2.932115,1.5302151
23.5,120.5,2024-05-01,2024-09-11,133,51,24.810545,27.294907,22.97771,88.25305,1.6465795,11.834836,94.90215,77.61791,2.4139538,0.9951377
22.5,121.5,2024-05-01,2024-09-11,133,51,27.9606,28.734344,27.296314,85.12162,4.7130065,11.053348,88.5193,81.21615,5.9488883,3.4010644
22.5,120.5,2024-05-01,2024-09-11,133,51,27.222185,28.702412,26.151733,85.394066,2.3952427,12.065813,90.31592,78.12372,3.2695363,1.5704782
24.5,120.5,2024-05-01,2024-09-12,134,51,27.024292,28.24259,25.989586,85.897415,3.962104,8.056641,90.13293,80.651115,5.3583775,2.3852963
23.5,121.5,2024-05-01,2024-09-12,134,51,24.543154,26.025032,23.436245,87.21824,2.2521954,10.755352,91.510704,81.21829,3.1580415,1.4355916
24.5,121.5,2024-05-01,2024-09-12,134,51,23.528887,25.28951,22.142532,88.41713,2.2582812,12.19626,93.7942,81.03939,3.149576,1.4776974
22.5,120.5,2024-05-01,2024-09-12,134,51,27.087606,28.490002,26.000359,85.64775,2.5216503,10.998296,90.51644,79.04679,3.4833355,1.640915
22.5,121.5,2024-05-01,2024-09-12,134,51,27.892561,28.606335,27.255304,85.17139,4.86952,9.26777,88.11241,81.76888,6.166644,3.3402803
23.5,120.5,2024-05-01,2024-09-12,134,51,24.65005,27.024069,22.793137,88.43277,1.7535653,12.586407,94.68752,78.95347,2.609198,1.0195736
22.5,121.5,2024-05-01,2024-09-13,135,51,27.863665,28.604954,27.255,84.66389,4.7660956,10.53395,87.86019,80.93503,6.0558515,3.4125988
23.5,121.5,2024-05-01,2024-09-13,135,51,24.456762,25.905537,23.362791,87.09133,2.3686337,11.570351,91.41546,80.95105,3.2795238,1.4633805
23.5,120.5,2024-05-01,2024-09-13,135,51,24.600117,26.954052,22.829971,88.021324,1.6274078,9.689032,94.30307,78.29911,2.358343,1.0043236
24.5,120.5,2024-05-01,2024-09-13,135,51,26.987564,28.176313,25.995504,84.782974,3.8964977,5.0575404,89.34377,79.18188,5.1473646,2.6616995
24.5,121.5,2024-05-01,2024-09-13,135,51,23.443724,25.32108,22.053448,87.5848,2.2485955,13.129739,93.305405,79.554436,3.0807476,1.4536734
22.5,120.5,2024-05-01,2024-09-13,135,51,27.104273,28.5923,25.95936,85.30785,2.312687,9.90445,90.44641,78.253685,3.3148565,1.357744
22.5,120.5,2024-05-01,2024-09-14,136,51,27.162573,28.74767,26.02229,84.992874,2.3957312,11.917414,90.13126,77.43108,3.2907054,1.5726196
22.5,121.5,2024-05-01,2024-09-14,136,51,27.91223,28.645618,27.298656,84.6416,4.809789,10.903751,87.8063,80.80307,5.998023,3.5403302
23.5,120.5,2024-05-01,2024-09-14,136,51,24.627447,27.0339,22.743109,87.98037,1.7872769,11.67447,94.52127,77.996216,2.5817227,1.0655283
24.5,121.5,2024-05-01,2024-09-14,136,51,23.468582,25.440798,22.020256,87.97494,2.1832814,13.208726,93.76203,79.26958,2.9668813,1.4408017
23.5,121.5,2024-05-01,2024-09-14,136,51,24.461363,26.006674,23.345617,87.1892,2.243544,13.60366,91.57051,80.65459,3.2287972,1.318035
24.5,120.5,2024-05-01,2024-09-14,136,51,27.008678,28.261133,26.038687,85.07224,3.83023,6.752164,89.893364,79.01919,5.143519,2.5518386
22.5,120.5,2024-05-01,2024-09-15,137,51,27.139961,28.501896,26.043201,85.188896,2.2367208,7.084865,90.01738,78.70819,2.9758687,1.484206
23.5,120.5,2024-05-01,2024-09-15,137,51,24.740011,27.147121,22.89867,88.19483,1.5236216,9.154077,94.73711,77.80242,2.2346942,0.91879857
24.5,120.5,2024-05-01,2024-09-15,137,51,27.043427,28.374252,26.009335,85.74646,4.0464563,8.232566,90.46514,79.656204,5.3790026,2.618988
22.5,121.5,2024-05-01,2024-09-15,137,51,27.7866,28.510609,27.078997,85.19216,4.543596,10.30058,88.48558,81.56146,5.79991,3.2679808
23.5,121.5,2024-05-01,2024-09-15,137,51,24.383652,25.874058,23.262295,87.24107,2.1470494,11.1347275,91.408714,81.20064,2.889551,1.4070063
24.5,121.5,2024-05-01,2024-09-15,137,51,23.374317,25.240986,21.897911,88.38729,2.0409384,15.829647,94.01475,80.517845,2.8733225,1.2678256
24.5,121.5,2024-05-01,2024-09-16,138,51,23.375898,25.226954,21.955917,88.470055,1.9789395,9.420956,93.759,80.679886,2.7026238,1.3418792
23.5,121.5,2024-05-01,2024-09-16,138,51,24.394491,26.021425,23.159721,87.03088,2.2308316,11.234059,91.45984,80.573814,3.0175848,1.5185602
24.5,120.5,2024-05-01,2024-09-16,138,51,27.039463,28.307055,25.993555,86.08957,3.7913465,4.9438477,90.447,80.73767,5.0242524,2.479681
22.5,120.5,2024-05-01,2024-09-16,138,51,27.0876,28.646767,25.939047,85.37809,2.0207803,6.6815543,90.25489,78.10034,2.8162117,1.3238187
22.5,121.5,2024-05-01,2024-09-16,138,51,27.738834,28.530933,27.027552,85.26592,4.8984804,10.499244,88.3468,81.49805,6.0397716,3.8016295
23.5,120.5,2024-05-01,2024-09-16,138,51,24.582594,27.020967,22.561441,88.69709,1.4027755,7.744284,95.29703,78.96008,2.0394418,0.8532257
23.5,120.5,2024-05-01,2024-09-17,139,51,24.683287,27.289879,22.720385,88.452736,1.3772278,8.699305,94.96084,77.97059,2.1101568,0.7555404
22.5,121.5,2024-05-01,2024-09-17,139,51,27.782389,28.53942,27.103994,85.055595,4.986291,10.754155,88.493614,81.21861,6.1244955,3.893225
22.5,120.5,2024-05-01,2024-09-17,139,51,27.181774,28.861416,25.97969,84.89459,1.9103862,6.446988,90.3109,76.77131,2.7063477,1.1723593
24.5,120.5,2024-05-01,2024-09-17,139,51,26.985304,28.275324,26.025146,86.13675,3.8743176,6.6504383,90.30076,80.25037,5.1377215,2.581122
23.5,121.5,2024-05-01,2024-09-17,139,51,24.384699,25.973856,23.23936,86.89911,2.2223275,10.298186,91.448235,80.67668,2.9138045,1.5211688
24.5,121.5,2024-05-01,2024-09-17,139,51,23.321241,25.270386,21.921562,88.73016,2.1280525,11.157466,94.28249,80.46042,2.8535242,1.432172
24.5,121.5,2024-05-01,2024-09-18,140,51,23.381111,25.28108,21.949038,88.84014,2.1274526,12.244131,94.182495,81.38089,2.9065223,1.3699585
23.5,121.5,2024-05-01,2024-09-18,140,51,24.513924,26.081554,23.398134,86.58781,2.1424382,9.218702,90.88363,80.50087,2.9005501,1.4591682
22.5,120.5,2024-05-01,2024-09-18,140,51,27.164812,28.807314,26.003202,85.158516,1.8674575,7.0381913,90.34242,77.31598,2.5734463,1.1605165
23.5,120.5,2024-05-01,2024-09-18,140,51,24.642542,27.306623,22.753813,88.48863,1.5485793,9.442497,94.97859,77.736046,2.2052798,0.9453149
24.5,120.5,2024-05-01,2024-09-18,140,51,26.955292,28.264,25.943419,86.30107,3.9723356,6.3416724,90.67751,80.62075,5.289642,2.6898804
22.5,121.5,2024-05-01,2024-09-18,140,51,27.761616,28.401394,27.17629,85.40262,4.5751076,8.544922,88.23261,82.13728,5.56755,3.50096
23.5,121.5,2024-05-01,2024-09-19,141,51,24.409868,25.979588,23.324385,86.867035,2.2489886,10.761335,91.31473,80.40718,3.0571327,1.4628878
24.5,121.5,2024-05-01,2024-09-19,141,51,23.384373,25.366152,21.990814,88.10863,2.3015335,15.805712,93.5756,79.6137,3.1377265,1.5432591
24.5,120.5,2024-05-01,2024-09-19,141,51,26.997406,28.315659,26.008553,85.491585,4.334612,7.378073,90.00729,79.55093,5.5646214,3.077303
23.5,120.5,2024-05-01,2024-09-19,141,51,24.557072,27.11346,22.661087,88.70939,1.6561296,8.221794,95.06664,77.96149,2.3160079,0.99670047
22.5,121.5,2024-05-01,2024-09-19,141,51,27.744696,28.492344,27.094898,85.52389,5.2296324,9.39702,88.66871,81.83463,6.3550606,4.0852847
22.5,120.5,2024-05-01,2024-09-19,141,51,27.087852,28.696682,25.956413,85.58268,2.2401109,6.442201,90.419235,77.69663,3.0024133,1.4588898
22.5,120.5,2024-05-01,2024-09-20,142,51,27.120932,28.65438,25.941973,84.918434,2.2623255,8.593989,90.251656,76.94668,3.1011786,1.4887979
23.5,121.5,2024-05-01,2024-09-20,142,51,24.39481,25.94233,23.213137,86.596214,2.480992,13.3463545,91.14469,80.03516,3.2459369,1.6925724
23.5,120.5,2024-05-01,2024-09-20,142,51,24.565928,27.140312,22.579348,88.39521,1.7864821,10.255103,94.91772,77.57968,2.5642982,1.093368
24.5,120.5,2024-05-01,2024-09-20,142,51,26.971977,28.349262,25.93476,85.111206,4.5664926,7.735907,89.550285,79.0602,5.81709,3.271984
24.5,121.5,2024-05-01,2024-09-20,142,51,23.28328,25.1724,21.904535,88.01111,2.3471327,13.054343,93.68182,79.64129,3.175847,1.5895923
22.5,121.5,2024-05-01,2024-09-20,142,51,27.697132,28.384392,27.01245,85.32338,5.42429,13.269761,88.65494,81.78399,6.54665,4.208469
23.5,121.5,2024-05-01,2024-09-21,143,51,24.422356,26.099325,23.204403,85.87392,2.6158338,10.095933,90.84217,78.88737,3.3796678,1.8438414
22.5,121.5,2024-05-01,2024-09-21,143,51,27.678675,28.359205,27.047735,84.873,5.8893247,11.041379,87.94829,81.52576,6.91905,4.7271147
22.5,120.5,2024-05-01,2024-09-21,143,51,27.076921,28.757223,25.879498,84.937965,2.2452235,7.555195,90.19324,76.61574,3.034197,1.4707947
23.5,120.5,2024-05-01,2024-09-21,143,51,24.65272,27.302876,22.684036,87.86891,1.6511471,8.55689,94.818016,76.62724,2.4617035,1.0327625
24.5,120.5,2024-05-01,2024-09-21,143,51,27.04162,28.437782,26.01108,84.56266,4.5217223,6.5941906,89.44295,78.45644,5.744193,3.2115479
24.5,121.5,2024-05-01,2024-09-21,143,51,23.28693,25.338861,21.832933,87.48628,2.2999897,10.682349,93.32839,78.73301,3.1735363,1.4436412
22.5,121.5,2024-05-01,2024-09-22,144,51,27.60141,28.253424,26.979895,85.07916,6.1636734,15.425139,87.971085,81.99204,7.3168526,4.774234
22.5,120.5,2024-05-01,2024-09-22,144,51,27.000536,28.660072,25.820969,84.98803,2.2133737,8.319929,90.38648,76.96093,2.9799004,1.4190607
24.5,121.5,2024-05-01,2024-09-22,144,51,23.129826,24.92923,21.77941,88.36799,2.5290327,13.768813,93.34218,81.26713,3.2877011,1.7687236
23.5,120.5,2024-05-01,2024-09-22,144,51,24.562376,27.139019,22.748966,87.848694,1.6428744,7.0310106,94.204956,77.25795,2.423754,0.9959038
24.5,120.5,2024-05-01,2024-09-22,144,51,26.980928,28.322697,25.953169,84.67628,4.8014383,6.257899,88.9906,78.91315,6.106931,3.2695544
23.5,121.5,2024-05-01,2024-09-22,144,51,24.22147,25.688402,23.136106,86.94213,2.728426,13.805913,91.12043,81.09311,3.4155939,1.9575858
24.5,120.5,2024-05-01,2024-09-23,145,51,26.813072,28.082514,25.851786,85.11078,4.8085027,6.3763785,89.291916,79.46582,6.1519275,3.2686508
22.5,120.5,2024-05-01,2024-09-23,145,51,26.866983,28.297182,25.845724,85.053116,2.4720292,9.911631,89.226326,78.26242,3.3436928,1.6499814
22.5,121.5,2024-05-01,2024-09-23,145,51,27.552685,28.123377,26.999193,84.81626,5.6580534,18.519981,87.76901,81.88513,6.9830995,4.2627835
23.5,120.5,2024-05-01,2024-09-23,145,51,24.461624,26.855543,22.711498,87.817535,1.7791566,8.917117,93.93525,77.96495,2.6658103,1.0711145
23.5,121.5,2024-05-01,2024-09-23,145,51,24.0613,25.400284,23.070004,87.43145,2.7192457,17.976648,91.04047,82.287735,3.5760453,1.8517628
24.5,121.5,2024-05-01,2024-09-23,145,51,23.020975,24.762367,21.756529,88.78661,2.6955483,13.771207,93.7088,81.608406,3.5305688,1.9571625
22.5,121.5,2024-05-01,2024-09-24,146,51,27.558779,28.272758,26.906708,85.02046,5.917016,12.878418,88.12186,81.42387,7.040135,4.6817183
23.5,121.5,2024-05-01,2024-09-24,146,51,24.190058,25.645142,23.160965,86.569145,2.9730718,13.29609,91.01229,80.5634,3.67009,2.2670503
23.5,120.5,2024-05-01,2024-09-24,146,51,24.413845,26.928198,22.607355,87.706116,1.9550838,9.495155,94.17699,77.283516,2.8118074,1.2100146
24.5,120.5,2024-05-01,2024-09-24,146,51,26.72758,27.98463,25.741392,84.441635,5.044962,6.285424,88.76437,78.90279,6.39651,3.4945843
24.5,121.5,2024-05-01,2024-09-24,146,51,23.045126,24.99786,21.76981,88.072426,2.8715587,14.757343,93.17567,79.92928,3.6889045,2.0531619
22.5,120.5,2024-05-01,2024-09-24,146,51,26.889133,28.556377,25.757195,84.931175,2.7295377,10.223987,89.71389,77.25192,3.6495605,1.8299236
23.5,121.5,2024-05-01,2024-09-25,147,51,24.134851,25.682846,22.930418,85.88661,2.759198,11.137121,90.46056,79.62713,3.596465,1.9013584
24.5,121.5,2024-05-01,2024-09-25,147,51,22.852789,24.771486,21.38728,87.31565,2.6592152,10.959999,92.85204,79.43343,3.671989,1.6720463
24.5,120.5,2024-05-01,2024-09-25,147,51,26.626158,27.938812,25.57185,83.10719,4.9894204,4.9558153,88.02775,77.20111,6.4450936,3.4997652
22.5,121.5,2024-05-01,2024-09-25,147,51,27.556038,28.190912,26.913254,84.08811,5.851778,10.252709,87.20168,80.549286,7.055093,4.552541
22.5,120.5,2024-05-01,2024-09-25,147,51,26.772299,28.266302,25.622597,84.42955,2.361158,6.7042933,89.422226,76.97935,3.293269,1.5331198
23.5,120.5,2024-05-01,2024-09-25,147,51,24.212498,26.726046,22.283365,87.48956,1.8768904,6.766525,93.96314,77.18157,2.8315432,1.1193172
24.5,121.5,2024-05-01,2024-09-26,148,51,22.64841,24.677887,21.177084,87.19297,2.5125055,8.785472,92.964386,78.52532,3.4003804,1.6778154
23.5,121.5,2024-05-01,2024-09-26,148,51,24.030401,25.560009,22.938318,85.50209,2.7007694,9.155273,89.96346,79.2569,3.402811,2.0319734
23.5,120.5,2024-05-01,2024-09-26,148,51,24.198896,26.805456,22.349298,86.83482,1.8263,5.8809166,93.68584,75.66091,2.6139984,1.170139
24.5,120.5,2024-05-01,2024-09-26,148,51,26.489231,27.816904,25.479753,82.87388,4.9854884,3.9672852,87.59992,76.67914,6.276531,3.6004944
22.5,121.5,2024-05-01,2024-09-26,148,51,27.485191,28.130735,26.863626,83.77945,5.862988,8.257698,86.94486,80.379364,6.840999,4.801441
22.5,120.5,2024-05-01,2024-09-26,148,51,26.773106,28.331968,25.649933,83.962364,2.2520592,5.097034,88.87125,76.084526,3.0054498,1.5208598
22.5,120.5,2024-05-01,2024-09-27,149,51,26.822838,28.450066,25.718653,83.78118,2.0179727,4.663804,88.74173,75.569664,2.6646671,1.3884939
24.5,120.5,2024-05-01,2024-09-27,149,51,26.533173,27.923794,25.476532,82.614685,5.6071324,2.431832,87.75287,76.53588,6.8284974,4.275162
22.5,121.5,2024-05-01,2024-09-27,149,51,27.500639,28.13768,26.915033,83.39938,6.2658453,8.669386,86.80849,79.912025,7.2593017,5.112568
23.5,120.5,2024-05-01,2024-09-27,149,51,24.218748,27.031025,22.194836,86.92239,1.8190254,4.4519763,94.28045,74.982994,2.6830792,1.1745341
23.5,121.5,2024-05-01,2024-09-27,149,51,24.01544,25.61566,22.8331,85.07703,2.9649973,8.091347,90.173485,77.98015,3.7019913,2.1884212
24.5,121.5,2024-05-01,2024-09-27,149,51,22.61977,24.645067,21.171713,86.890144,2.7057705,7.806516,92.53978,78.25036,3.5186303,1.8414775
24.5,121.5,2024-05-01,2024-09-28,150,51,22.536257,24.422915,21.226383,87.189896,2.8566175,9.721345,92.67016,79.12056,3.6677678,2.0989525
22.5,120.5,2024-05-01,2024-09-28,150,51,26.786219,28.426935,25.615374,83.75924,2.0748117,4.049862,89.2823,75.32091,2.6281328,1.5360594
24.5,120.5,2024-05-01,2024-09-28,150,51,26.583286,27.98507,25.590826,82.22404,5.938598,2.7298272,86.85465,75.93207,7.080774,4.5562606
22.5,121.5,2024-05-01,2024-09-28,150,51,27.386938,27.965452,26.830137,83.71281,6.826061,9.1816025,86.75779,80.56153,7.8070474,5.776886
23.5,120.5,2024-05-01,2024-09-28,150,51,24.262667,27.069244,22.33914,86.719734,1.8045521,4.4292374,94.1338,74.64826,2.6264212,1.213889
23.5,121.5,2024-05-01,2024-09-28,150,51,23.921549,25.463278,22.854029,85.36488,3.23255,9.705787,89.976715,78.81666,3.867988,2.537697
22.5,120.5,2024-05-01,2024-09-29,151,51,26.71014,28.381462,25.587015,83.621155,2.3114955,7.5587854,88.39139,75.42019,3.1168234,1.5703558
24.5,121.5,2024-05-01,2024-09-29,151,51,22.320263,24.195795,20.975039,87.368965,3.3507671,13.528263,92.21334,79.97652,4.2179523,2.4499192
24.5,120.5,2024-05-01,2024-09-29,151,51,26.487734,27.95922,25.4013,81.55182,6.6900816,3.7937539,85.992874,75.65956,7.8954983,5.270999
23.5,120.5,2024-05-01,2024-09-29,151,51,24.198603,26.9994,22.27351,86.67647,2.0470896,6.6671934,93.59707,75.248,2.9270685,1.3973037
23.5,121.5,2024-05-01,2024-09-29,151,51,23.765297,25.402088,22.625477,85.61711,3.8239193,13.427734,90.21165,79.13769,4.5448594,2.9661973
22.5,121.5,2024-05-01,2024-09-29,151,51,27.2621,27.90182,26.67128,83.890076,7.647721,14.099121,87.03744,80.56152,8.734924,6.420473
24.5,121.5,2024-05-01,2024-09-30,152,51,22.082062,23.776304,20.892204,87.60418,3.6067421,19.514496,92.36263,80.55308,4.6079106,2.614776
23.5,121.5,2024-05-01,2024-09-30,152,51,23.646124,25.045938,22.693817,85.48238,4.1404405,25.225471,89.45346,79.72193,4.9770613,3.1865094
23.5,120.5,2024-05-01,2024-09-30,152,51,24.020079,26.626518,22.2555,86.55496,2.3388846,9.98583,93.44802,75.86308,3.4078226,1.5279372
24.5,120.5,2024-05-01,2024-09-30,152,51,26.258055,27.591057,25.259453,81.718216,6.9460816,5.20953,86.59473,75.71793,8.488489,5.2801065
22.5,121.5,2024-05-01,2024-09-30,152,51,27.225645,27.756895,26.727798,83.31606,8.248773,20.864449,86.1292,80.35138,9.406117,6.900762
22.5,120.5,2024-05-01,2024-09-30,152,51,26.56931,28.106623,25.493351,83.9604,2.8020375,12.453566,88.806145,76.46741,3.7124493,1.9388216
