latitude,longitude,init_date,valid_date,lead_day,ens_n,t2m_C,t2m_C_max,t2m_C_min,rh_pct,wind_mps,tp_mm_mean,rh_pct_max,rh_pct_min,wind_mps_max,wind_mps_min
22.5,120.5,2014-08-01,2014-08-01,0,25,26.9655,28.253149,25.617773,88.93964,3.2745152,0.0,92.97345,83.78512,4.1595306,2.5855312
24.5,120.5,2014-08-01,2014-08-01,0,25,27.868755,29.029428,26.727451,84.72074,6.8618383,0.0,87.83905,81.53782,7.4497404,6.3011184
23.5,120.5,2014-08-01,2014-08-01,0,25,25.064434,26.960415,23.246914,88.6376,2.6827347,0.0,92.31592,83.944885,3.0280497,2.3784251
22.5,121.5,2014-08-01,2014-08-01,0,25,28.781622,29.990025,27.653242,84.93045,8.710004,0.0,88.95247,79.29135,9.5237465,7.8284173
24.5,121.5,2014-08-01,2014-08-01,0,25,25.361465,27.46151,23.643007,83.26492,1.7689121,0.0,89.48917,74.669334,2.2808998,1.0944542
23.5,121.5,2014-08-01,2014-08-01,0,25,25.962114,27.90229,24.434258,87.636116,1.6975055,0.0,92.487434,79.80325,2.4556172,0.86014676
23.5,120.5,2014-08-01,2014-08-02,1,25,24.971636,27.23789,22.945503,87.73259,2.4866893,4.5175934,93.766426,80.40373,3.0528212,1.9323094
22.5,120.5,2014-08-01,2014-08-02,1,25,26.903101,28.61422,25.732494,87.44928,2.5534449,5.032425,92.46428,80.01297,3.3344402,1.7837692
23.5,121.5,2014-08-01,2014-08-02,1,25,25.618765,27.386953,23.87941,87.679886,1.4356221,8.444138,93.94167,80.872635,2.2152169,0.73847055
24.5,121.5,2014-08-01,2014-08-02,1,25,24.724136,26.450474,22.600348,85.918945,0.7253448,7.884903,94.783356,76.82203,1.0934713,0.36287758
22.5,121.5,2014-08-01,2014-08-02,1,25,28.395502,29.707188,27.5552,85.51933,7.373819,0.39146423,89.78272,79.43125,8.743111,6.0750294
24.5,120.5,2014-08-01,2014-08-02,1,25,27.316422,28.557734,26.216518,85.667595,6.149489,1.8512726,90.45168,80.269196,7.533095,4.887659
23.5,120.5,2014-08-01,2014-08-03,2,25,25.123098,27.363935,23.315649,88.21767,1.6978252,5.997925,95.39886,78.36994,2.6361299,1.0125102
22.5,121.5,2014-08-01,2014-08-03,2,25,28.049778,29.127003,27.100649,86.26092,4.9904575,2.6345825,89.77451,81.92207,6.5708075,3.4239855
22.5,120.5,2014-08-01,2014-08-03,2,25,27.078743,28.604013,25.961119,86.4893,2.1893501,4.0612793,91.54807,80.03689,3.4760084,1.068435
24.5,120.5,2014-08-01,2014-08-03,2,25,27.21642,28.50917,26.197992,87.303444,3.8093216,2.441101,92.8184,81.54478,5.1581197,2.5913787
24.5,121.5,2014-08-01,2014-08-03,2,25,24.163567,25.80581,22.688072,87.95073,0.8464926,6.8159485,94.186455,79.71436,1.32723,0.3998168
23.5,121.5,2014-08-01,2014-08-03,2,25,24.938587,26.281748,23.735415,88.9563,1.2994536,7.9821777,92.96745,83.136566,2.275412,0.45941076
23.5,121.5,2014-08-01,2014-08-04,3,25,24.667847,25.886099,23.633194,88.630486,1.7942089,6.806793,92.260925,84.52001,2.81,1.0685644
24.5,121.5,2014-08-01,2014-08-04,3,25,24.039116,25.637642,22.574287,88.8228,1.3451213,9.155884,94.2817,82.44316,1.9883227,0.5450421
22.5,121.5,2014-08-01,2014-08-04,3,25,27.559664,28.26847,26.808681,86.218376,3.6881638,4.5707703,89.28584,83.148895,4.993633,2.5223339
23.5,120.5,2014-08-01,2014-08-04,3,25,25.14271,27.219126,23.55952,88.71687,1.1158786,12.507019,94.99302,80.20294,1.7505233,0.6166003
24.5,120.5,2014-08-01,2014-08-04,3,25,27.242983,28.391,26.240616,87.55357,2.1216903,7.8027344,92.31989,82.18303,2.9957895,1.2108724
22.5,120.5,2014-08-01,2014-08-04,3,25,26.903921,28.169283,25.891191,87.189255,2.5970664,7.7449036,91.4012,82.272125,3.5515394,1.6843712
22.5,120.5,2014-08-01,2014-08-05,4,25,26.848423,28.132593,25.658676,87.10147,2.6962652,12.6397705,91.52625,82.3657,3.4657922,1.8380651
24.5,120.5,2014-08-01,2014-08-05,4,25,27.126762,28.484077,25.927114,87.26788,1.8290572,8.805237,91.79683,81.968575,2.7534742,0.9577384
23.5,120.5,2014-08-01,2014-08-05,4,25,25.040865,27.089155,23.354692,88.73898,0.9166938,15.175476,94.48517,81.91923,1.4116117,0.46452647
22.5,121.5,2014-08-01,2014-08-05,4,25,27.449848,28.306768,26.56316,85.85455,3.3394852,8.178406,89.45361,82.38168,4.463187,2.1189735
24.5,121.5,2014-08-01,2014-08-05,4,25,23.75858,25.350723,22.281178,89.13594,1.3396257,10.305481,94.70233,83.09612,2.018123,0.62301767
23.5,121.5,2014-08-01,2014-08-05,4,25,24.492582,25.701109,23.447998,88.03433,1.6845334,9.251709,92.07264,83.97832,2.4965024,0.8712777
23.5,120.5,2014-08-01,2014-08-06,5,25,24.694519,26.59916,22.989937,88.9669,1.0917196,18.308716,94.271736,82.339554,1.6149766,0.62803394
22.5,120.5,2014-08-01,2014-08-06,5,25,26.452604,27.646278,25.27103,87.80129,2.8560226,16.17157,92.18082,83.06607,3.5905588,2.0825737
23.5,121.5,2014-08-01,2014-08-06,5,25,24.210573,25.410307,23.144888,88.77877,1.7773257,13.6154175,92.30258,85.06805,2.5211773,1.018316
24.5,121.5,2014-08-01,2014-08-06,5,25,23.478561,25.08416,22.214716,89.65061,1.3779312,11.405334,94.29075,84.204895,2.0754876,0.5684478
22.5,121.5,2014-08-01,2014-08-06,5,25,27.26741,27.98347,26.572084,86.10236,4.323088,11.581116,88.95292,83.1447,5.661969,3.0344138
24.5,120.5,2014-08-01,2014-08-06,5,25,26.926043,28.16713,25.943989,86.78222,2.0562947,8.016052,90.99413,81.85948,3.0197446,1.1548145
24.5,120.5,2014-08-01,2014-08-07,6,25,26.805204,27.928135,25.85921,86.352936,2.3664455,8.780823,90.34476,82.02749,3.4672348,1.3588028
22.5,121.5,2014-08-01,2014-08-07,6,25,27.240538,27.861065,26.752983,86.13514,6.30594,19.996948,88.543015,83.509544,7.9293737,4.426582
24.5,121.5,2014-08-01,2014-08-07,6,25,23.43165,24.915478,22.20834,89.43436,1.4877971,11.2890625,94.036285,83.86446,2.0387325,0.85518354
23.5,121.5,2014-08-01,2014-08-07,6,25,24.125322,25.141026,23.343847,88.987366,2.1320286,17.987366,91.85459,85.74743,3.1175723,1.1965085
22.5,120.5,2014-08-01,2014-08-07,6,25,26.058897,26.938648,25.28732,89.14812,3.7875223,37.681885,92.47974,85.257835,5.0036235,2.559992
23.5,120.5,2014-08-01,2014-08-07,6,25,24.46499,26.19665,23.02334,88.51234,1.7332228,28.647156,93.4878,82.67165,2.5190094,1.0600034
23.5,121.5,2014-08-01,2014-08-08,7,25,24.359306,25.360962,23.590015,89.354294,2.8906422,21.43341,92.00182,86.18132,3.9057138,1.9092512
24.5,121.5,2014-08-01,2014-08-08,7,25,23.569326,24.951958,22.411606,89.3782,1.5727315,18.790283,93.65567,84.1121,2.2635407,0.9636085
22.5,121.5,2014-08-01,2014-08-08,7,25,27.289034,27.82809,26.88876,86.90303,8.129207,18.367615,88.780754,84.584274,9.688862,6.5013
23.5,120.5,2014-08-01,2014-08-08,7,25,24.148584,25.568413,22.971504,89.6843,2.8582907,50.05097,93.0142,85.21942,3.9756913,1.9275583
24.5,120.5,2014-08-01,2014-08-08,7,25,26.664951,27.572021,25.922382,86.370514,4.49355,19.442749,89.277756,83.00428,6.147989,2.9447956
22.5,120.5,2014-08-01,2014-08-08,7,25,25.962353,26.737574,25.323824,90.296135,4.9115977,57.557983,92.86659,87.1694,6.194809,3.6111097
24.5,120.5,2014-08-01,2014-08-09,8,25,26.525208,27.467257,25.785707,86.907936,6.3868546,23.171692,89.64446,84.03957,7.451364,5.1159425
22.5,120.5,2014-08-01,2014-08-09,8,25,25.91763,26.668472,25.312838,90.34153,4.3426085,49.404297,92.60349,87.428604,5.730973,3.1055644
23.5,120.5,2014-08-01,2014-08-09,8,25,23.974035,25.384293,22.88607,89.76998,3.215864,43.630672,92.8934,85.78944,4.346966,2.3140082
24.5,121.5,2014-08-01,2014-08-09,8,25,23.638664,25.054424,22.516191,89.77793,1.5262986,20.50415,93.594666,85.033104,2.203497,0.8608334
22.5,121.5,2014-08-01,2014-08-09,8,25,27.287552,27.928783,26.775166,87.07763,8.255184,11.669312,89.25059,84.50833,9.629433,6.930292
23.5,121.5,2014-08-01,2014-08-09,8,25,24.4814,25.630644,23.563936,89.24241,2.895051,19.372864,92.12232,85.203636,3.8406665,1.9379681
22.5,121.5,2014-08-01,2014-08-10,9,25,27.401533,28.059254,26.909975,86.37192,8.075183,10.587158,88.451485,83.70579,9.258714,6.885838
24.5,121.5,2014-08-01,2014-08-10,9,25,23.635088,24.98963,22.451885,89.459404,1.5650977,16.678162,93.4396,84.645905,2.1768293,0.9915666
23.5,120.5,2014-08-01,2014-08-10,9,25,24.018017,25.421314,22.743624,88.97186,3.2214942,37.07794,92.34602,85.021515,4.3930736,2.3818939
24.5,120.5,2014-08-01,2014-08-10,9,25,26.507177,27.298012,25.836617,86.63017,6.5618505,15.267029,89.60061,83.87243,7.4439073,5.6043105
23.5,121.5,2014-08-01,2014-08-10,9,25,24.514345,25.719023,23.40249,88.87204,3.114809,15.809326,91.63665,85.2048,3.9630384,2.1810112
22.5,120.5,2014-08-01,2014-08-10,9,25,25.95419,26.703056,25.40372,89.725266,4.1596093,40.501404,91.99579,86.859085,5.6843553,2.9866638
23.5,120.5,2014-08-01,2014-08-11,10,25,24.308369,26.032354,22.668247,87.65329,3.0719953,30.464478,91.76729,82.343185,4.149857,2.2613022
22.5,120.5,2014-08-01,2014-08-11,10,25,26.307549,27.309692,25.495277,88.23364,3.9662247,26.861267,91.54774,83.710976,5.220054,2.8680105
24.5,121.5,2014-08-01,2014-08-11,10,25,23.807451,25.484463,22.480122,87.98243,1.7072575,14.60968,92.37176,81.6578,2.373696,1.1379133
22.5,121.5,2014-08-01,2014-08-11,10,25,27.680908,28.466074,27.052183,85.37152,7.531616,9.310303,88.20193,81.665054,8.675521,6.4847474
24.5,120.5,2014-08-01,2014-08-11,10,25,26.677353,27.60119,25.871254,85.81303,6.5739164,18.387146,88.63875,82.68151,7.718502,5.602409
23.5,121.5,2014-08-01,2014-08-11,10,25,24.648369,26.195166,23.358627,87.94959,2.8433242,13.405762,92.214066,81.939064,3.926108,2.0066428
22.5,121.5,2014-08-01,2014-08-12,11,25,27.739737,28.565891,27.025497,85.43705,6.97394,6.536255,88.72692,81.51624,8.127407,5.925285
23.5,120.5,2014-08-01,2014-08-12,11,25,24.392569,26.389437,22.56164,87.52661,2.6549037,26.087952,92.45659,80.625885,3.8077898,1.8268616
23.5,121.5,2014-08-01,2014-08-12,11,25,24.709911,26.27218,23.437763,87.744354,2.5108488,11.483154,92.18048,81.61747,3.5287924,1.6631002
24.5,121.5,2014-08-01,2014-08-12,11,25,23.986944,25.743664,22.39285,86.41293,1.6722637,13.474426,92.14792,79.21945,2.2705526,1.1362
24.5,120.5,2014-08-01,2014-08-12,11,25,26.711454,27.777382,25.758842,85.5239,6.293627,14.752808,88.8309,81.64427,7.1115503,5.334503
22.5,120.5,2014-08-01,2014-08-12,11,25,26.487041,27.633965,25.474024,87.65392,3.717548,25.122375,91.62556,82.82422,5.085352,2.5643878
23.5,121.5,2014-08-01,2014-08-13,12,25,24.67334,26.37023,23.26785,87.710556,1.7738554,9.961548,92.39991,80.75228,2.7268434,1.0834144
22.5,121.5,2014-08-01,2014-08-13,12,25,27.846329,28.78104,27.11899,85.02099,5.9199734,3.986206,88.41555,80.60991,6.954845,4.8679204
24.5,121.5,2014-08-01,2014-08-13,12,25,23.95793,25.828184,22.457651,86.1867,1.4459289,8.670044,91.41141,78.33377,1.9185667,1.0093293
24.5,120.5,2014-08-01,2014-08-13,12,25,26.676895,27.748798,25.768614,85.562355,5.8279185,14.252319,89.13891,81.51319,6.562236,5.1499963
22.5,120.5,2014-08-01,2014-08-13,12,25,26.548243,27.858555,25.500195,87.16956,3.1673276,19.536133,91.258606,81.81898,4.448184,2.0672295
23.5,120.5,2014-08-01,2014-08-13,12,25,24.309805,26.372652,22.386559,87.45261,2.3255346,27.425537,92.70704,80.127975,3.3455007,1.6324421
24.5,120.5,2014-08-01,2014-08-14,13,25,26.640783,27.782446,25.665302,85.47987,5.495448,9.9938965,89.50986,80.80456,6.472779,4.617678
23.5,121.5,2014-08-01,2014-08-14,13,25,24.589045,26.406025,23.06897,87.23026,1.4015367,5.662842,92.22381,79.361725,2.1597567,0.81527025
24.5,121.5,2014-08-01,2014-08-14,13,25,23.862015,25.841127,22.201866,85.81092,1.273309,6.027832,91.95912,76.96114,1.7031655,0.83852684
23.5,120.5,2014-08-01,2014-08-14,13,25,24.23432,26.554888,22.056704,87.35839,1.9177366,14.295044,93.48887,78.62308,2.8145175,1.2358418
22.5,121.5,2014-08-01,2014-08-14,13,25,27.788498,28.843716,26.983892,85.05913,5.291075,2.1588135,88.519066,80.00596,6.569334,3.9805853
22.5,120.5,2014-08-01,2014-08-14,13,25,26.55803,27.94442,25.348892,86.58594,2.892915,11.229858,91.27839,80.68472,4.027073,1.7706188
24.5,120.5,2014-08-01,2014-08-15,14,25,26.58803,27.805998,25.621332,85.23981,5.1618,7.9974365,89.49948,80.477425,5.9815392,4.435795
24.5,121.5,2014-08-01,2014-08-15,14,25,23.847424,25.898045,22.07985,84.97991,1.2530566,6.7822266,91.76021,76.22584,1.7217917,0.86648506
22.5,121.5,2014-08-01,2014-08-15,14,25,27.765081,28.917446,26.978926,84.4279,4.794672,1.0125732,88.36949,78.63144,5.8770294,3.6877398
23.5,120.5,2014-08-01,2014-08-15,14,25,24.217384,26.662598,22.094028,87.61969,1.7479644,9.367676,93.85006,77.82329,2.572618,1.2360563
23.5,121.5,2014-08-01,2014-08-15,14,25,24.509201,26.231348,23.091518,86.847145,1.2735401,5.404663,91.99446,79.1702,2.0182147,0.68770593
22.5,120.5,2014-08-01,2014-08-15,14,25,26.608109,28.203384,25.387466,86.064026,2.5901961,5.363159,90.9441,78.88378,3.658363,1.7063633
23.5,120.5,2014-08-01,2014-08-16,15,25,24.342186,26.946705,21.939907,86.58694,1.8087707,5.9710693,93.64452,76.49637,2.802523,1.151039
22.5,121.5,2014-08-01,2014-08-16,15,25,27.84496,28.978954,27.014154,83.671425,4.5131993,1.8103027,87.69134,77.75841,5.7938538,3.1456687
23.5,121.5,2014-08-01,2014-08-16,15,25,24.605349,26.482563,23.086548,85.56138,1.3330731,5.1397705,90.91333,77.37079,2.2988865,0.5765234
24.5,120.5,2014-08-01,2014-08-16,15,25,26.700682,27.998608,25.616465,84.6557,4.8263717,5.392456,89.19864,79.374115,5.8091283,3.910394
24.5,121.5,2014-08-01,2014-08-16,15,25,23.758142,25.998413,21.995455,84.98689,1.2733107,8.543091,91.724815,75.60038,1.7728126,0.8600797
22.5,120.5,2014-08-01,2014-08-16,15,25,26.805096,28.529282,25.384594,84.88621,2.5278034,3.4057617,90.752106,77.1894,3.727038,1.6315595
22.5,121.5,2014-08-01,2014-08-17,16,25,27.652525,28.751915,26.827036,84.78121,4.7149224,4.732666,89.0353,78.909134,6.066155,3.4172373
23.5,121.5,2014-08-01,2014-08-17,16,25,24.402428,26.085546,22.925259,86.37364,1.589641,9.299927,91.993,79.21701,2.480569,0.94430983
23.5,120.5,2014-08-01,2014-08-17,16,25,24.231508,26.775625,21.876509,87.35502,1.769763,6.887207,94.29132,77.47614,2.6136966,1.1357499
24.5,120.5,2014-08-01,2014-08-17,16,25,26.643892,28.019058,25.49682,85.64157,4.3870335,6.2957764,90.61482,79.888626,5.3144116,3.4248838
22.5,120.5,2014-08-01,2014-08-17,16,25,26.754673,28.484219,25.47624,84.910934,2.5443428,6.187134,90.49508,77.08169,3.677048,1.5720203
24.5,121.5,2014-08-01,2014-08-17,16,25,23.521587,25.649609,21.701632,86.77747,1.5022981,10.083008,93.66445,76.9761,2.0119216,0.98339
22.5,121.5,2014-08-01,2014-08-18,17,25,27.676662,28.633911,26.997324,85.085655,3.8977244,2.1795654,88.61109,80.08904,5.1300545,2.7286453
24.5,121.5,2014-08-01,2014-08-18,17,25,23.463556,25.43452,21.830626,87.304794,1.3806775,7.8375244,93.677284,78.53546,2.0688925,0.8326652
23.5,121.5,2014-08-01,2014-08-18,17,25,24.354925,26.007334,23.038124,87.077805,1.5148149,4.3029785,92.017555,80.00258,2.479736,0.6391305
23.5,120.5,2014-08-01,2014-08-18,17,25,24.304592,26.93653,22.063282,87.37829,1.5493765,7.1875,94.82296,76.371376,2.487329,0.78116465
24.5,120.5,2014-08-01,2014-08-18,17,25,26.631662,27.993248,25.513437,85.68503,3.9746902,8.800659,90.76384,79.716805,5.0921316,2.7919443
22.5,120.5,2014-08-01,2014-08-18,17,25,26.844904,28.504444,25.60498,84.838936,2.2176106,3.7890625,90.55803,76.945114,3.3871021,1.3129004
24.5,120.5,2014-08-01,2014-08-19,18,25,26.665756,28.143354,25.48434,85.60561,3.4626029,2.4249268,91.1235,78.54956,4.3637285,2.5426807
22.5,120.5,2014-08-01,2014-08-19,18,25,26.866264,28.519447,25.555601,84.663536,1.8007133,3.484497,90.82719,76.50779,2.8568983,1.0210065
24.5,121.5,2014-08-01,2014-08-19,18,25,23.555151,25.816557,21.713491,87.16232,1.0891638,5.267334,94.35303,76.893684,1.6365602,0.5699528
23.5,121.5,2014-08-01,2014-08-19,18,25,24.440054,26.240932,23.027632,86.52012,1.3109398,4.0655518,91.6175,78.48505,2.211306,0.6401964
23.5,120.5,2014-08-01,2014-08-19,18,25,24.317514,27.017494,21.95146,87.58455,1.4186195,6.1938477,95.165184,75.993385,2.2324085,0.7952409
22.5,121.5,2014-08-01,2014-08-19,18,25,27.790699,28.772026,27.10416,84.53027,3.0726483,1.9714355,88.28452,79.26601,4.1566315,2.0085466
24.5,121.5,2014-08-01,2014-08-20,19,25,23.512827,25.875103,21.521954,87.1289,1.24958,3.6212158,94.86782,76.10477,1.7908478,0.81350726
22.5,121.5,2014-08-01,2014-08-20,19,25,27.756187,28.711685,27.023804,84.71439,2.999333,1.6137695,88.224686,79.62963,4.0161476,1.9875958
24.5,120.5,2014-08-01,2014-08-20,19,25,26.793081,28.351368,25.471563,85.88248,3.1542377,2.2680664,91.91934,78.16217,3.9798684,2.3154435
22.5,120.5,2014-08-01,2014-08-20,19,25,27.016363,28.815586,25.754921,84.38749,1.7451037,3.418579,90.06333,75.57226,2.6911268,0.9332421
23.5,121.5,2014-08-01,2014-08-20,19,25,24.424332,26.304102,23.003515,86.55,1.3509351,2.677002,91.70029,78.30566,2.330577,0.6920671
23.5,120.5,2014-08-01,2014-08-20,19,25,24.436167,27.388556,21.997187,87.75147,1.3518014,4.2980957,95.7396,74.89647,2.2010438,0.7372516
24.5,121.5,2014-08-01,2014-08-21,20,25,23.652037,26.040195,21.663502,86.47055,1.3932859,3.4832764,94.101906,75.74385,2.1161861,0.8167865
24.5,120.5,2014-08-01,2014-08-21,20,25,26.921509,28.51832,25.637564,85.341736,3.0986238,1.5765381,90.93785,78.04989,4.015476,2.1479783
23.5,121.5,2014-08-01,2014-08-21,20,25,24.579615,26.532774,23.11397,85.66175,1.4061208,2.8277588,91.09761,77.18561,2.3728921,0.73217756
22.5,120.5,2014-08-01,2014-08-21,20,25,27.084654,28.89332,25.770298,84.514824,1.755961,3.2354736,90.64633,75.37952,2.6102483,0.9636023
23.5,120.5,2014-08-01,2014-08-21,20,25,24.564262,27.603867,22.042719,87.20791,1.2854309,3.9935303,95.658806,73.879364,2.1085005,0.7143928
22.5,121.5,2014-08-01,2014-08-21,20,25,27.850004,28.749834,27.18442,83.82174,2.8767443,2.130127,87.30295,79.23754,3.885129,1.8020214
24.5,121.5,2014-08-01,2014-08-22,21,25,23.648026,25.745161,21.920166,87.370735,1.6489583,12.161255,94.11049,78.27438,2.4944398,0.8787799
23.5,120.5,2014-08-01,2014-08-22,21,25,24.636131,27.295639,22.472662,87.62678,1.473629,10.187988,95.43357,75.23875,2.3350158,0.8457341
24.5,120.5,2014-08-01,2014-08-22,21,25,27.032732,28.463676,25.834307,85.675125,3.39108,7.3065186,91.21854,78.698555,4.514586,2.1789527
22.5,120.5,2014-08-01,2014-08-22,21,25,27.14277,28.961498,25.965792,84.21139,2.2368248,4.586792,89.44795,75.04946,3.004387,1.3961374
22.5,121.5,2014-08-01,2014-08-22,21,25,27.963787,28.812416,27.23194,83.05217,3.1122284,3.28125,86.590324,78.618866,4.487628,1.7985588
23.5,121.5,2014-08-01,2014-08-22,21,25,24.627497,26.430092,23.256886,85.36363,1.606524,7.322998,90.650955,77.59999,2.5315952,0.9360922
24.5,121.5,2014-08-01,2014-08-23,22,25,23.526295,25.86688,21.57418,87.27224,1.6045421,5.7592773,93.98777,77.29233,2.4234612,0.9611944
22.5,120.5,2014-08-01,2014-08-23,22,25,27.150375,28.783535,25.854492,84.12814,2.181113,5.543213,89.79242,76.52605,3.19217,1.4088985
23.5,121.5,2014-08-01,2014-08-23,22,25,24.467388,26.392061,22.934238,85.33621,1.862902,6.7852783,90.73325,77.64588,3.0491025,0.9705334
24.5,120.5,2014-08-01,2014-08-23,22,25,26.938658,28.487988,25.723886,85.66986,3.2896934,4.119873,90.66518,78.347946,4.4881372,2.1106994
23.5,120.5,2014-08-01,2014-08-23,22,25,24.577114,27.391739,22.251518,87.7349,1.5421436,9.77478,94.865585,76.345535,2.4762495,0.7727362
22.5,121.5,2014-08-01,2014-08-23,22,25,27.866997,28.702965,27.155142,83.635605,3.8236926,4.959717,87.44084,79.57245,5.0974216,2.6660302
22.5,121.5,2014-08-01,2014-08-24,23,25,27.74919,28.591763,27.039845,84.60963,3.8885458,6.5429688,88.17251,80.387665,4.923752,2.8186398
23.5,120.5,2014-08-01,2014-08-24,23,25,24.603603,27.401762,22.305918,87.62717,1.3984027,8.358765,95.550385,75.80471,2.3227477,0.6839534
22.5,120.5,2014-08-01,2014-08-24,23,25,27.050127,28.749887,25.804981,84.71447,1.9565202,6.2298584,90.455986,76.41998,2.9022133,1.1361511
23.5,121.5,2014-08-01,2014-08-24,23,25,24.40919,26.186684,23.062187,85.99961,1.7550508,9.172363,91.635994,78.43889,2.6920395,1.0110296
24.5,121.5,2014-08-01,2014-08-24,23,25,23.450518,25.494497,21.756855,87.711395,1.573942,7.6641846,94.24428,78.28247,2.2548325,1.0098583
24.5,120.5,2014-08-01,2014-08-24,23,25,26.985323,28.528248,25.747793,86.17103,3.1134086,3.994751,91.83423,79.05486,4.3001423,1.8676699
23.5,120.5,2014-08-01,2014-08-25,24,25,24.533657,27.211329,22.440025,88.05618,1.4183215,7.904663,95.49327,76.29209,2.1333807,0.8680095
22.5,121.5,2014-08-01,2014-08-25,24,25,27.742485,28.524307,27.086617,84.622955,3.954507,5.7299805,88.07694,80.67561,5.0219655,2.871016
24.5,121.5,2014-08-01,2014-08-25,24,25,23.506313,25.787788,21.757368,87.48428,1.503613,5.6695557,94.63393,76.98399,2.2554429,0.86791575
24.5,120.5,2014-08-01,2014-08-25,24,25,26.937075,28.502031,25.740738,86.44037,2.8992844,5.175171,92.00857,79.47014,3.8394852,1.8357534
23.5,121.5,2014-08-01,2014-08-25,24,25,24.467035,26.207006,23.213936,86.11865,1.8504608,5.218506,91.325775,78.0928,2.6813307,1.1256229
22.5,120.5,2014-08-01,2014-08-25,24,25,27.091509,28.745132,25.85621,84.551346,2.0290594,5.7592773,90.248405,76.46227,2.844706,1.2627101
22.5,121.5,2014-08-01,2014-08-26,25,25,27.70922,28.482872,27.097754,85.04697,4.067566,5.9747314,88.16417,81.48965,5.006537,3.0351417
23.5,120.5,2014-08-01,2014-08-26,25,25,24.654417,27.438072,22.426392,87.94734,1.3244159,4.633789,95.979294,75.55454,2.2187965,0.7020726
22.5,120.5,2014-08-01,2014-08-26,25,25,27.08094,28.827446,25.877802,85.11976,1.962441,4.7076416,90.67483,76.55971,2.8431113,1.170409
23.5,121.5,2014-08-01,2014-08-26,25,25,24.460138,26.086664,23.22186,86.52887,1.8037387,5.4541016,91.07288,79.76145,2.6156318,1.1462024
24.5,120.5,2014-08-01,2014-08-26,25,25,26.947678,28.482603,25.702333,87.03421,2.980993,3.526001,92.97821,79.71707,4.386892,1.5857577
24.5,121.5,2014-08-01,2014-08-26,25,25,23.529299,25.820103,21.829405,87.78397,1.529124,5.2716064,94.67984,77.80422,2.3721905,0.8400434
23.5,120.5,2014-08-01,2014-08-27,26,25,24.604141,27.229868,22.598452,88.41172,1.3334736,6.8164062,95.27179,77.28838,2.1135254,0.6984921
22.5,121.5,2014-08-01,2014-08-27,26,25,27.66875,28.474083,26.975758,84.713844,3.5705385,5.554199,88.11116,80.667244,4.761511,2.3577485
23.5,121.5,2014-08-01,2014-08-27,26,25,24.412128,26.014477,23.267344,87.019005,1.6735109,7.494507,90.98342,80.92854,2.528605,0.85793597
22.5,120.5,2014-08-01,2014-08-27,26,25,27.032383,28.799555,25.771889,85.09209,1.9238034,5.975952,90.61831,76.9866,2.731469,1.1764597
24.5,120.5,2014-08-01,2014-08-27,26,25,26.846485,28.158228,25.769848,86.73548,2.9538565,4.6173096,91.556564,80.89447,4.0805073,1.6803693
24.5,121.5,2014-08-01,2014-08-27,26,25,23.462149,25.543072,21.877281,88.17421,1.7933191,7.666626,93.79946,80.37288,2.6315584,1.0727447
22.5,121.5,2014-08-01,2014-08-28,27,25,27.600132,28.2835,26.974638,84.66505,4.5198326,9.490967,87.87729,81.21679,5.7764454,3.1816976
23.5,120.5,2014-08-01,2014-08-28,27,25,24.550365,26.910332,22.693403,88.12455,1.5395375,10.557861,94.91563,78.08455,2.307411,0.8541703
22.5,120.5,2014-08-01,2014-08-28,27,25,26.97152,28.472754,25.792809,84.58412,2.1691062,8.682861,89.8245,77.72469,3.0243425,1.3346395
24.5,121.5,2014-08-01,2014-08-28,27,25,23.333237,25.301817,21.819937,88.07419,2.120658,8.895874,93.91364,79.72937,3.12375,1.3560983
23.5,121.5,2014-08-01,2014-08-28,27,25,24.36478,25.851816,23.25356,86.69242,2.0845838,11.824951,91.11594,80.912994,2.933779,1.247285
24.5,120.5,2014-08-01,2014-08-28,27,25,26.869331,28.241035,25.7777,86.09255,3.7450347,5.2008057,91.28962,79.51271,5.266094,2.1775935
23.5,120.5,2014-08-01,2014-08-29,28,25,24.48503,26.878462,22.415161,87.86035,1.5697541,11.2109375,95.406456,77.38901,2.4411032,0.8297353
22.5,121.5,2014-08-01,2014-08-29,28,25,27.580595,28.249483,27.01369,84.95913,4.875537,7.1936035,87.718025,81.75835,6.003499,3.6555512
23.5,121.5,2014-08-01,2014-08-29,28,25,24.338661,25.810059,23.199097,86.33901,2.2681446,7.1362305,90.45462,80.50183,3.1580243,1.4651461
22.5,120.5,2014-08-01,2014-08-29,28,25,26.981962,28.617212,25.820885,84.56636,2.1345937,7.697754,90.25384,76.57933,3.0500271,1.2424989
24.5,121.5,2014-08-01,2014-08-29,28,25,23.330654,25.252607,21.875498,87.60096,2.116622,10.975342,93.333916,79.46658,3.163447,1.306901
24.5,120.5,2014-08-01,2014-08-29,28,25,26.873272,28.279873,25.770073,86.17569,3.7445574,11.838989,91.26342,79.776375,5.0789037,2.4730048
22.5,121.5,2014-08-01,2014-08-30,29,25,27.529726,28.275156,26.878712,85.55068,5.150753,11.403198,88.56861,82.195465,6.3716764,3.8486536
23.5,120.5,2014-08-01,2014-08-30,29,25,24.676485,27.35149,22.764755,87.53651,1.5768876,8.222046,94.24271,76.64731,2.4264472,0.8328018
24.5,120.5,2014-08-01,2014-08-30,29,25,26.942715,28.23688,25.903418,86.026794,4.086762,4.597168,90.80047,80.33284,5.6444454,2.4105053
22.5,120.5,2014-08-01,2014-08-30,29,25,27.1291,28.863598,25.915928,84.20895,2.1758459,7.104492,89.629715,75.92263,3.0795891,1.4141065
24.5,121.5,2014-08-01,2014-08-30,29,25,23.376759,25.273832,21.879555,88.15001,2.2579594,9.979248,94.08706,80.280556,3.1985874,1.425093
23.5,121.5,2014-08-01,2014-08-30,29,25,24.376055,25.981802,23.264902,86.914276,2.568158,14.0625,91.48786,80.529305,3.362858,1.83076
23.5,121.5,2014-08-01,2014-08-31,30,25,24.18532,25.797852,22.92646,87.01292,2.3263884,11.040039,91.574326,80.466606,3.226403,1.5431819
22.5,121.5,2014-08-01,2014-08-31,30,25,27.493933,28.277382,26.827734,85.12845,5.117606,9.825439,88.16019,81.49546,6.3532424,3.6923032
22.5,120.5,2014-08-01,2014-08-31,30,25,26.947996,28.518505,25.791777,85.05666,2.179511,9.015503,89.663284,78.33061,3.1672971,1.2421352
24.5,120.5,2014-08-01,2014-08-31,30,25,26.941765,28.31207,25.727364,85.39878,4.0439625,4.631958,90.546745,79.94197,5.430757,2.5271387
23.5,120.5,2014-08-01,2014-08-31,30,25,24.533562,27.062616,22.472246,88.10878,1.3372835,9.428101,94.669014,78.46555,2.0821285,0.73392
24.5,121.5,2014-08-01,2014-08-31,30,25,23.26112,25.279882,21.713295,87.70836,2.1799862,8.201904,93.412415,79.65155,3.2385345,1.3797102
24.5,121.5,2014-08-01,2014-09-01,31,25,23.164326,25.11419,21.795805,88.02319,1.8980849,8.872681,93.2759,79.553024,2.900591,1.0496863
23.5,120.5,2014-08-01,2014-09-01,31,25,24.43247,26.940674,22.50604,88.08373,1.3852181,8.578491,94.90844,77.91224,2.2283678,0.80121905
22.5,121.5,2014-08-01,2014-09-01,31,25,27.437841,28.225737,26.73919,85.47848,4.5782595,10.773926,88.94836,81.51033,5.7977858,3.3810296
22.5,120.5,2014-08-01,2014-09-01,31,25,26.843681,28.39999,25.565596,85.408615,2.1415474,8.627319,91.14603,78.10839,2.950248,1.3355671
24.5,120.5,2014-08-01,2014-09-01,31,25,26.707548,28.159273,25.616123,86.00233,3.4304745,7.0043945,90.81599,79.46206,4.756177,1.9963077
23.5,121.5,2014-08-01,2014-09-01,31,25,24.174248,25.709814,23.115273,87.07697,2.1046567,11.71875,91.242966,80.64047,2.892192,1.4279556
22.5,120.5,2014-08-01,2014-09-02,32,25,26.738127,28.173246,25.757954,85.568634,1.9582585,8.984375,89.74459,78.996735,2.7978153,1.2614131
24.5,120.5,2014-08-01,2014-09-02,32,25,26.596857,27.814087,25.550703,86.02539,3.643339,8.927612,90.48883,80.81765,5.2094007,2.2290144
23.5,120.5,2014-08-01,2014-09-02,32,25,24.289104,26.766533,22.366064,88.15678,1.386293,11.59668,94.80463,78.12172,2.1570513,0.8382595
22.5,121.5,2014-08-01,2014-09-02,32,25,27.519417,28.254107,26.90317,84.49096,4.504384,9.581909,87.36297,81.18271,5.6783886,3.3458056
24.5,121.5,2014-08-01,2014-09-02,32,25,23.146526,25.065489,21.638731,88.291466,2.1325147,14.841919,93.896385,80.52556,3.1227045,1.3489717
23.5,121.5,2014-08-01,2014-09-02,32,25,24.143421,25.606924,23.0356,87.36248,2.0650573,15.388184,91.67585,81.782135,2.836844,1.3194672
23.5,121.5,2014-08-01,2014-09-03,33,25,24.21398,25.53773,23.298325,87.36929,2.0951285,16.40747,91.3683,81.82391,2.8545306,1.3388828
23.5,120.5,2014-08-01,2014-09-03,33,25,24.452553,26.670698,22.83791,88.17773,1.334814,9.484863,94.22947,78.963,2.1129277,0.6546785
22.5,121.5,2014-08-01,2014-09-03,33,25,27.50146,28.2225,26.904047,85.202354,4.4975123,13.571777,88.249275,81.705025,5.417624,3.4332893
24.5,121.5,2014-08-01,2014-09-03,33,25,23.26107,25.308979,21.808853,88.00203,1.978088,14.02771,93.91386,79.49485,2.9169617,1.19068
24.5,120.5,2014-08-01,2014-09-03,33,25,26.80275,28.191006,25.74026,85.612,3.3402436,5.8551025,91.090576,79.31524,4.595969,2.218867
22.5,120.5,2014-08-01,2014-09-03,33,25,26.756908,28.187729,25.613613,85.58436,2.0301595,10.818481,91.18578,78.44587,2.9221592,1.2144923
24.5,120.5,2014-08-01,2014-09-04,34,25,26.836037,28.282099,25.64193,85.94192,3.247961,6.702881,91.50709,79.15462,4.761299,1.8843056
22.5,120.5,2014-08-01,2014-09-04,34,25,26.739475,28.201933,25.671728,85.81253,2.1267462,9.18457,90.52203,79.20806,2.9382043,1.3634174
24.5,121.5,2014-08-01,2014-09-04,34,25,23.28219,25.414927,21.666553,87.02612,2.0203514,7.434082,93.48633,78.13274,2.9977472,1.25242
22.5,121.5,2014-08-01,2014-09-04,34,25,27.432444,28.06851,26.844566,85.06347,4.3198586,7.4035645,87.96614,81.72631,5.17848,3.2294817
23.5,120.5,2014-08-01,2014-09-04,34,25,24.45049,26.883286,22.55474,88.17825,1.3164089,10.834961,95.146095,78.0472,2.1533217,0.5735441
23.5,121.5,2014-08-01,2014-09-04,34,25,24.200706,25.60644,23.132896,86.56251,2.0286095,8.786621,90.814026,80.67046,2.8306594,1.3139883
22.5,121.5,2014-08-01,2014-09-05,35,25,27.55085,28.236832,26.998388,83.80723,4.0570793,5.3356934,86.73775,80.531296,4.998978,2.9920204
24.5,121.5,2014-08-01,2014-09-05,35,25,23.118036,25.091835,21.562553,87.22042,1.9138042,8.042603,93.67679,79.33209,2.8279493,1.0349014
23.5,121.5,2014-08-01,2014-09-05,35,25,24.231962,25.657696,23.172422,86.0692,1.9864322,7.9449463,90.570045,80.24739,2.7361941,1.2662339
23.5,120.5,2014-08-01,2014-09-05,35,25,24.39749,26.622461,22.666172,87.83126,1.4061139,8.543701,94.45564,78.21602,2.2550607,0.7857495
22.5,120.5,2014-08-01,2014-09-05,35,25,26.839111,28.328398,25.774452,84.87699,1.9561703,6.535034,89.47741,77.84127,2.6926088,1.34941
24.5,120.5,2014-08-01,2014-09-05,35,25,26.706903,28.029322,25.629677,84.91898,3.5882177,5.583496,89.826416,78.93039,4.878702,2.3875852
22.5,120.5,2014-08-01,2014-09-06,36,25,26.81346,28.31749,25.76919,84.338066,2.1058865,7.508545,89.4909,77.01921,2.9107654,1.3172151
24.5,120.5,2014-08-01,2014-09-06,36,25,26.563381,27.859129,25.454374,84.926125,3.8459704,5.4870605,90.461334,79.02339,5.015672,2.6346006
24.5,121.5,2014-08-01,2014-09-06,36,25,23.049162,25.215384,21.430883,86.97204,2.0556104,13.613892,93.33297,78.14053,3.010836,1.223339
22.5,121.5,2014-08-01,2014-09-06,36,25,27.55725,28.188421,26.93785,83.68751,4.2066746,9.866333,86.550354,80.42686,5.3445683,3.02336
23.5,120.5,2014-08-01,2014-09-06,36,25,24.224398,26.667757,22.302994,87.836784,1.581496,8.001099,94.71182,77.320885,2.4278762,0.8671553
23.5,121.5,2014-08-01,2014-09-06,36,25,24.205706,25.827147,22.970894,85.97531,2.1716654,11.564941,90.71509,79.170395,3.0537336,1.4014553
23.5,121.5,2014-08-01,2014-09-07,37,25,24.239954,25.915264,23.120703,86.71036,2.268138,11.011963,90.98839,80.200485,3.2534027,1.4342489
23.5,120.5,2014-08-01,2014-09-07,37,25,24.41722,27.149248,22.529316,87.42107,1.5074174,7.583618,94.54622,75.97086,2.3122213,0.78286207
24.5,121.5,2014-08-01,2014-09-07,37,25,23.097239,25.105654,21.54086,87.43533,2.239179,10.258789,93.703445,78.899086,3.1721091,1.3687844
22.5,121.5,2014-08-01,2014-09-07,37,25,27.637903,28.426733,26.976904,83.98102,4.3652954,8.930054,87.86702,79.73606,5.660896,3.0751362
22.5,120.5,2014-08-01,2014-09-07,37,25,26.932102,28.609093,25.84707,84.29151,2.1661625,8.251953,89.83623,76.41919,3.1099992,1.223722
24.5,120.5,2014-08-01,2014-09-07,37,25,26.766672,28.254951,25.601534,84.71642,4.018221,3.1085205,90.1689,77.59802,5.543734,2.582347
24.5,120.5,2014-08-01,2014-09-08,38,25,26.830793,28.271275,25.77542,84.3899,3.8008094,4.8950195,89.97654,77.25896,5.1529436,2.5093246
22.5,120.5,2014-08-01,2014-09-08,38,25,27.063684,28.803461,25.81681,83.822365,2.1118827,5.3338623,89.97943,75.236084,2.9470258,1.2289443
24.5,121.5,2014-08-01,2014-09-08,38,25,23.243996,25.361822,21.876537,86.99414,2.1163297,11.743774,93.1297,77.27007,3.168473,1.2101316
22.5,121.5,2014-08-01,2014-09-08,38,25,27.594837,28.215889,26.97585,84.34849,4.6073947,7.3394775,87.49871,80.95279,5.912395,3.053468
23.5,120.5,2014-08-01,2014-09-08,38,25,24.522629,27.305727,22.482729,86.86531,1.5575773,7.4554443,94.74692,74.651024,2.4824195,0.8771373
23.5,121.5,2014-08-01,2014-09-08,38,25,24.280462,25.914165,23.132008,86.36063,2.2951946,12.296753,91.302246,79.22947,3.1688426,1.4512678
22.5,120.5,2014-08-01,2014-09-09,39,25,26.912294,28.635614,25.710854,84.61584,2.2627795,8.526611,90.04925,76.09387,3.1627328,1.3269137
22.5,121.5,2014-08-01,2014-09-09,39,25,27.475166,28.259228,26.83144,85.11949,5.506503,9.93042,88.52071,81.21858,6.5779176,4.262012
24.5,121.5,2014-08-01,2014-09-09,39,25,23.16667,25.16734,21.605453,87.17219,2.1807406,10.148926,93.42174,78.69984,3.159482,1.4061644
23.5,120.5,2014-08-01,2014-09-09,39,25,24.544737,27.215088,22.430542,87.34402,1.4956329,7.5195312,94.99343,75.790016,2.2981439,0.77734476
24.5,120.5,2014-08-01,2014-09-09,39,25,26.965479,28.487041,25.764746,84.78791,4.1101713,3.9355469,90.54336,77.52072,5.759362,2.5612674
23.5,121.5,2014-08-01,2014-09-09,39,25,24.201319,25.802353,23.053473,86.5809,2.6885202,11.82251,91.25587,79.89813,3.5326622,1.8553152
23.5,121.5,2014-08-01,2014-09-10,40,25,24.176298,25.745844,23.022676,86.736404,2.3728592,9.824219,91.519875,79.841805,3.403269,1.4481276
23.5,120.5,2014-08-01,2014-09-10,40,25,24.40712,27.09522,22.489737,87.82914,1.361874,11.156006,94.81709,76.03724,2.261397,0.68385065
24.5,120.5,2014-08-01,2014-09-10,40,25,26.801943,28.428839,25.589136,85.87325,3.9369051,5.838623,91.11709,78.78334,5.8557982,2.1097546
22.5,121.5,2014-08-01,2014-09-10,40,25,27.382236,28.040966,26.760332,85.63882,5.067712,10.411377,88.451355,82.016624,6.497608,3.7930179
22.5,120.5,2014-08-01,2014-09-10,40,25,26.78622,28.448994,25.602715,84.939835,2.219086,9.439697,89.90119,77.06202,3.0011697,1.4328623
24.5,121.5,2014-08-01,2014-09-10,40,25,23.177685,25.307642,21.643946,87.83457,2.091508,7.191162,94.15887,78.76454,3.2467368,1.1688573
22.5,121.5,2014-08-01,2014-09-11,41,25,27.413643,28.11566,26.806612,85.3261,4.3731165,11.358643,88.77825,81.81647,5.5089183,3.2160397
24.5,121.5,2014-08-01,2014-09-11,41,25,23.001787,24.817533,21.693077,88.4346,2.2178874,10.561523,93.629944,80.82572,3.278821,1.3180242
22.5,120.5,2014-08-01,2014-09-11,41,25,26.733643,28.266895,25.571167,85.21625,1.9979259,7.9467773,90.460625,77.44174,2.7698023,1.261037
24.5,120.5,2014-08-01,2014-09-11,41,25,26.659796,28.014643,25.668451,85.67651,4.4322076,6.678467,89.94935,80.104454,6.019359,2.9052496
23.5,120.5,2014-08-01,2014-09-11,41,25,24.325947,26.543629,22.572603,88.51452,1.3810047,11.533203,95.107574,78.846794,2.1972704,0.7851004
23.5,121.5,2014-08-01,2014-09-11,41,25,24.116827,25.55746,23.08286,87.420784,2.3257954,13.760986,91.899506,81.31083,3.0396981,1.5844865
23.5,121.5,2014-08-01,2014-09-12,42,25,24.04547,25.36016,23.065557,87.8759,2.474668,12.779541,91.8947,82.58258,3.2200391,1.8088429
22.5,121.5,2014-08-01,2014-09-12,42,25,27.463789,28.205229,26.86772,84.69494,4.8589892,9.107666,87.83414,80.827156,6.122427,3.4086509
24.5,120.5,2014-08-01,2014-09-12,42,25,26.670996,27.895864,25.775166,85.00777,4.6421995,6.151123,89.27807,79.35337,5.97565,3.3755093
23.5,120.5,2014-08-01,2014-09-12,42,25,24.403828,26.631723,22.726162,88.28065,1.536474,7.9504395,94.56856,78.731735,2.3116739,0.97176695
22.5,120.5,2014-08-01,2014-09-12,42,25,26.790644,28.166958,25.764395,85.04036,1.8933938,6.311035,89.52773,78.463036,2.8365915,1.0737271
24.5,121.5,2014-08-01,2014-09-12,42,25,22.925077,24.666021,21.738394,89.01521,2.3590524,11.955566,93.71065,81.96949,3.1813798,1.6123537
22.5,120.5,2014-08-01,2014-09-13,43,25,26.637571,28.083956,25.498716,85.15998,2.027257,9.989014,90.21515,77.90261,2.9416437,1.1693332
22.5,121.5,2014-08-01,2014-09-13,43,25,27.392532,28.051157,26.818998,84.37844,4.883008,11.773682,87.2324,81.18659,6.0787287,3.5652924
23.5,120.5,2014-08-01,2014-09-13,43,25,24.28509,26.667646,22.444126,87.94894,1.7217135,10.472412,94.20544,78.60194,2.7174137,0.98372567
24.5,120.5,2014-08-01,2014-09-13,43,25,26.61712,27.98913,25.522358,84.10385,4.891236,5.3149414,88.4216,78.16606,6.4430985,3.4683022
24.5,121.5,2014-08-01,2014-09-13,43,25,22.802004,24.592802,21.478477,88.00997,2.6121392,11.062012,92.85851,80.81586,3.5092275,1.815046
23.5,121.5,2014-08-01,2014-09-13,43,25,24.064173,25.524132,23.02233,86.84161,2.612964,11.3342285,90.73981,81.48683,3.4376736,1.7817007
24.5,121.5,2014-08-01,2014-09-14,44,25,22.817322,24.447823,21.634233,88.08399,2.7718232,16.334229,93.07351,80.98203,3.5620823,2.071057
22.5,120.5,2014-08-01,2014-09-14,44,25,26.59035,28.14809,25.510902,84.97063,2.2028556,11.518555,89.956955,77.21109,3.1150546,1.2988021
23.5,120.5,2014-08-01,2014-09-14,44,25,24.130642,26.488403,22.387623,87.90718,1.7752365,9.685059,94.30302,78.043655,2.68952,1.0470107
22.5,121.5,2014-08-01,2014-09-14,44,25,27.469666,28.166811,26.920551,83.63795,5.2741876,13.795166,86.65132,80.20732,6.51719,4.064078
23.5,121.5,2014-08-01,2014-09-14,44,25,24.060602,25.36711,23.061811,86.18767,2.6312912,15.751953,90.20959,80.64028,3.4089487,1.7848696
24.5,120.5,2014-08-01,2014-09-14,44,25,26.41238,27.547905,25.494326,84.741325,4.764189,6.8652344,88.978134,79.364685,5.952238,3.5405495
24.5,121.5,2014-08-01,2014-09-15,45,25,22.832708,24.733067,21.393238,87.7829,2.6808326,14.516602,93.253944,80.21725,3.5666525,1.8092775
22.5,121.5,2014-08-01,2014-09-15,45,25,27.478762,28.144697,26.906635,83.98128,5.9568872,12.8845215,87.139824,80.557274,7.218343,4.741811
23.5,121.5,2014-08-01,2014-09-15,45,25,24.190716,25.602154,23.237188,86.39919,2.9124563,14.003906,90.58572,81.01924,3.7540808,1.9722705
22.5,120.5,2014-08-01,2014-09-15,45,25,26.610031,28.214785,25.507666,84.94937,2.71738,12.30957,89.88432,77.53741,3.6384547,1.8656228
24.5,120.5,2014-08-01,2014-09-15,45,25,26.398352,27.695864,25.359966,84.54019,4.701294,5.789795,88.85225,79.067795,6.083644,3.1622994
23.5,120.5,2014-08-01,2014-09-15,45,25,24.208351,26.61838,22.63567,87.80605,1.9246958,10.212402,94.16396,77.765144,2.936291,1.1426158
22.5,121.5,2014-08-01,2014-09-16,46,25,27.215916,27.833193,26.682007,84.245575,5.6074486,24.803467,87.09873,81.06263,7.446403,3.8847666
23.5,121.5,2014-08-01,2014-09-16,46,25,23.943533,25.451206,22.926573,86.51668,3.0502143,24.135742,90.92027,80.56541,4.0136805,2.0931237
23.5,120.5,2014-08-01,2014-09-16,46,25,24.174803,26.58586,22.588526,87.07927,2.138653,14.522705,93.54592,77.01718,3.1443806,1.3602812
24.5,121.5,2014-08-01,2014-09-16,46,25,22.6449,24.35797,21.448023,87.37187,3.0151567,25.290527,92.57896,80.13435,3.9885502,1.9786203
22.5,120.5,2014-08-01,2014-09-16,46,25,26.52984,28.100445,25.473476,84.62627,3.0896854,15.546875,89.32707,77.17028,4.041418,1.9786348
24.5,120.5,2014-08-01,2014-09-16,46,25,26.399744,27.576914,25.51728,83.52901,5.473441,11.386719,87.55833,78.41723,6.7972436,3.954337
23.5,120.5,2014-08-01,2014-09-17,47,25,23.985502,26.03062,22.488306,87.97301,2.335358,26.851807,93.70832,79.75348,3.3258348,1.5053122
22.5,120.5,2014-08-01,2014-09-17,47,25,26.214195,27.367403,25.303276,85.59175,3.3473423,26.435547,90.0166,80.0186,4.4906087,2.2623718
24.5,120.5,2014-08-01,2014-09-17,47,25,26.299273,27.400175,25.357143,83.856476,5.638724,15.983887,88.59524,78.903435,7.072047,3.9621325
24.5,121.5,2014-08-01,2014-09-17,47,25,22.562262,24.070463,21.47193,88.65274,3.3334932,27.113037,93.27204,82.71344,4.240814,2.3913605
22.5,121.5,2014-08-01,2014-09-17,47,25,27.156166,27.666748,26.671787,84.141975,6.778109,20.875244,86.62623,81.19887,7.946687,5.356238
23.5,121.5,2014-08-01,2014-09-17,47,25,23.77271,24.983017,22.945713,87.62581,3.4500146,27.69165,91.0737,83.21003,4.448551,2.5013986
22.5,120.5,2014-08-01,2014-09-18,48,25,26.32747,27.631454,25.451767,85.66879,2.6504939,9.536133,90.163506,78.93931,3.7400384,1.513293
23.5,121.5,2014-08-01,2014-09-18,48,25,23.851591,25.148643,22.973633,87.45027,2.9336982,17.871094,91.27289,82.5375,3.9014752,1.8041705
24.5,120.5,2014-08-01,2014-09-18,48,25,26.143427,27.181992,25.388613,85.03138,5.180516,9.888916,88.71537,80.08352,6.274321,3.7996693
23.5,120.5,2014-08-01,2014-09-18,48,25,23.967373,26.206758,22.49328,88.31386,1.8972502,9.279785,94.2571,78.884056,2.8477187,1.1550432
24.5,121.5,2014-08-01,2014-09-18,48,25,22.591436,24.110264,21.502485,88.983826,2.979973,21.184082,93.437256,82.520584,3.9610848,2.0337331
22.5,121.5,2014-08-01,2014-09-18,48,25,27.267237,27.92765,26.649708,84.24701,5.70032,12.990723,87.52255,80.633224,7.473561,3.981441
24.5,120.5,2014-08-01,2014-09-19,49,25,26.26485,27.443222,25.351835,84.36894,4.82366,6.1242676,88.50667,79.27671,6.3273344,3.091288
23.5,120.5,2014-08-01,2014-09-19,49,25,24.04784,26.220566,22.409477,88.54641,1.6855326,13.649902,94.67248,79.71262,2.6319196,0.96705306
22.5,121.5,2014-08-01,2014-09-19,49,25,27.130592,27.67714,26.607275,84.68488,5.6421647,11.800537,87.540276,81.575005,7.0975385,4.1551733
22.5,120.5,2014-08-01,2014-09-19,49,25,26.368797,27.606627,25.47938,85.68886,2.1925097,11.1657715,89.505196,79.89964,2.9711215,1.4625529
24.5,121.5,2014-08-01,2014-09-19,49,25,22.617332,24.396767,21.320807,88.42173,2.4749322,11.102295,93.31583,81.1465,3.349232,1.6468903
23.5,121.5,2014-08-01,2014-09-19,49,25,23.767157,24.967867,22.871914,87.73161,2.8168828,14.063721,91.04653,82.8675,3.6466925,1.8553185
23.5,121.5,2014-08-01,2014-09-20,50,25,23.769512,25.143805,22.790571,86.644714,2.7474477,8.248291,90.66794,80.97509,3.4352677,1.925213
24.5,121.5,2014-08-01,2014-09-20,50,25,22.629335,24.56357,21.212852,87.642784,2.3621404,10.800781,93.17955,79.65302,3.3461761,1.5034686
22.5,120.5,2014-08-01,2014-09-20,50,25,26.462208,27.952734,25.369291,84.848816,2.1247797,9.094238,90.21024,77.39504,2.9033167,1.3029791
22.5,121.5,2014-08-01,2014-09-20,50,25,27.152716,27.789927,26.581919,84.03167,5.421315,6.7541504,87.036545,80.47067,6.523464,4.277528
24.5,120.5,2014-08-01,2014-09-20,50,25,26.255587,27.531616,25.28039,83.95523,5.0011396,5.666504,88.659805,78.43075,6.270362,3.5791247
23.5,120.5,2014-08-01,2014-09-20,50,25,23.895702,26.135836,22.169872,87.94044,1.7381244,9.967041,94.65656,78.30593,2.5208967,1.1075934
22.5,121.5,2014-08-01,2014-09-21,51,25,27.217031,27.836554,26.709053,83.651085,5.5672536,7.355957,86.41559,80.23414,6.726641,4.32575
22.5,120.5,2014-08-01,2014-09-21,51,25,26.41836,27.980698,25.288794,84.458534,1.9607452,6.402588,89.34301,76.7169,2.7441742,1.1678761
24.5,121.5,2014-08-01,2014-09-21,51,25,22.486738,24.627495,20.831505,86.82082,2.446068,11.5979,92.68551,78.001305,3.3959384,1.5331643
23.5,121.5,2014-08-01,2014-09-21,51,25,23.839375,25.431713,22.590034,85.510574,2.6002262,8.466797,90.2329,79.22685,3.4855833,1.694708
23.5,120.5,2014-08-01,2014-09-21,51,25,23.8908,26.45187,21.8827,87.27624,1.7356915,6.2316895,94.16682,76.777695,2.7307787,1.0071756
24.5,120.5,2014-08-01,2014-09-21,51,25,26.20039,27.674839,24.969028,83.593094,5.033946,4.9365234,88.813034,77.14463,6.462147,3.5192025
24.5,120.5,2014-08-01,2014-09-22,52,25,26.089758,27.592505,25.021318,83.36006,4.977961,3.4436035,87.995094,76.53703,6.230604,3.4778168
23.5,120.5,2014-08-01,2014-09-22,52,25,23.650852,26.437506,21.59369,87.21844,1.6844206,5.9228516,94.45282,75.58201,2.5526242,1.0103884
23.5,121.5,2014-08-01,2014-09-22,52,25,23.584251,25.166958,22.430347,85.41947,2.8912249,9.936523,89.87893,78.87688,3.6085446,2.0819085
24.5,121.5,2014-08-01,2014-09-22,52,25,22.248802,24.324457,20.791876,87.33429,2.6209128,9.586182,93.06094,78.416824,3.6146514,1.8145552
22.5,120.5,2014-08-01,2014-09-22,52,25,26.206087,27.75102,25.087275,84.76661,2.06717,7.6049805,89.91034,76.44415,2.836112,1.271443
22.5,121.5,2014-08-01,2014-09-22,52,25,27.079466,27.688148,26.476788,83.491745,5.950517,8.973389,86.5227,80.39436,7.08098,4.59669
23.5,120.5,2014-08-01,2014-09-23,53,25,23.640894,26.294228,21.78751,87.04833,1.7898598,5.784912,94.12192,75.66147,2.694988,1.0693852
24.5,120.5,2014-08-01,2014-09-23,53,25,25.94361,27.290089,24.948994,82.89886,5.8242188,4.0771484,87.33078,76.89909,7.15289,4.237108
24.5,121.5,2014-08-01,2014-09-23,53,25,22.011713,23.911182,20.670948,87.36999,2.9209976,15.402832,92.442604,79.26818,4.035056,1.8118396
23.5,121.5,2014-08-01,2014-09-23,53,25,23.545113,25.11751,22.438862,85.37881,3.3073711,10.625,90.0725,78.43945,3.969759,2.4902716
22.5,121.5,2014-08-01,2014-09-23,53,25,27.099487,27.813633,26.471464,82.58376,6.417487,8.725586,85.99736,78.81864,7.3695903,5.371955
22.5,120.5,2014-08-01,2014-09-23,53,25,26.241734,27.941416,25.095253,84.0895,1.8669642,6.8688965,89.03004,75.47795,2.593641,1.0788561
23.5,121.5,2014-08-01,2014-09-24,54,25,23.46793,24.938501,22.428843,85.24134,3.5245953,12.585449,89.01999,79.875336,4.20073,2.7528882
24.5,121.5,2014-08-01,2014-09-24,54,25,21.870977,23.690533,20.596773,87.2102,3.074208,13.144531,92.028984,79.88499,4.1447825,2.0644083
22.5,120.5,2014-08-01,2014-09-24,54,25,26.17879,27.711235,25.125116,83.41054,1.9202843,5.230713,88.287674,75.83191,2.6350563,1.1264987
22.5,121.5,2014-08-01,2014-09-24,54,25,26.958437,27.54234,26.399452,82.48246,6.6909575,8.843994,85.30123,79.54415,7.949651,5.388605
24.5,120.5,2014-08-01,2014-09-24,54,25,25.817207,27.11565,24.821743,82.55232,6.0222497,3.6657715,87.26687,76.78152,7.500087,4.330086
23.5,120.5,2014-08-01,2014-09-24,54,25,23.596191,25.969908,21.90793,86.9745,1.8579181,4.8095703,93.77723,76.78168,2.8415737,1.1161413
22.5,121.5,2014-08-01,2014-09-25,55,25,26.75716,27.244238,26.23317,83.23299,6.638437,13.190918,86.6897,79.60583,7.8481846,5.461054
22.5,120.5,2014-08-01,2014-09-25,55,25,25.950012,27.439688,24.933247,83.478516,2.2101464,7.2229004,88.24678,76.052704,3.0594132,1.5263661
24.5,120.5,2014-08-01,2014-09-25,55,25,25.755714,27.0981,24.745176,81.76035,6.6919756,3.83667,86.278175,76.19076,8.217781,4.597426
23.5,120.5,2014-08-01,2014-09-25,55,25,23.469133,26.07582,21.624731,86.452324,2.1089416,6.496582,93.696335,75.41086,3.2508593,1.2933097
23.5,121.5,2014-08-01,2014-09-25,55,25,23.283567,24.823984,22.207954,85.73719,3.69599,15.0061035,90.456024,79.43477,4.4494014,2.8954656
24.5,121.5,2014-08-01,2014-09-25,55,25,21.680813,23.545992,20.350065,87.23256,3.4947703,13.309326,92.76716,79.564606,4.582622,2.3788052
22.5,120.5,2014-08-01,2014-09-26,56,25,25.88595,27.473696,24.756498,83.8379,2.1438708,9.150391,88.694466,75.967804,2.9156802,1.2941394
23.5,120.5,2014-08-01,2014-09-26,56,25,23.43886,26.116596,21.638296,86.6076,1.9740196,9.504395,93.78496,75.10664,3.0041428,1.1339899
24.5,120.5,2014-08-01,2014-09-26,56,25,25.754505,27.199879,24.68206,81.0143,6.885978,4.0161133,85.82907,74.63697,8.11738,5.4496627
24.5,121.5,2014-08-01,2014-09-26,56,25,21.627277,23.430347,20.44941,86.75073,3.619992,12.744141,91.65835,78.96626,4.5464387,2.5969827
23.5,121.5,2014-08-01,2014-09-26,56,25,23.156126,24.48558,22.251581,85.76176,3.7653005,16.862793,89.69456,80.18684,4.553774,2.7735398
22.5,121.5,2014-08-01,2014-09-26,56,25,26.690228,27.255484,26.209435,83.12622,7.0275173,14.425049,86.12095,79.6015,8.181448,5.5456014
24.5,121.5,2014-08-01,2014-09-27,57,25,21.572823,23.343863,20.274157,87.07411,3.4254572,14.188232,91.801056,80.14774,4.326994,2.5132208
24.5,120.5,2014-08-01,2014-09-27,57,25,25.585302,26.829718,24.634146,81.34248,6.6420355,5.177002,85.51788,76.35341,7.821356,5.250406
22.5,121.5,2014-08-01,2014-09-27,57,25,26.652626,27.286646,26.009853,82.65246,7.0939445,11.781006,85.72104,79.007195,8.156317,6.0256667
23.5,121.5,2014-08-01,2014-09-27,57,25,23.134014,24.491993,22.182095,85.480606,3.6306632,14.543457,89.55016,80.18767,4.3702736,2.9053926
23.5,120.5,2014-08-01,2014-09-27,57,25,23.34915,25.807295,21.696777,86.8771,2.070763,6.6638184,93.75367,75.859474,3.1236308,1.3693988
22.5,120.5,2014-08-01,2014-09-27,57,25,25.876553,27.548935,24.799267,83.66386,2.324808,8.394775,88.492256,74.950134,3.1861682,1.5200453
23.5,120.5,2014-08-01,2014-09-28,58,25,23.215479,25.487495,21.520796,86.44975,2.3447325,11.166992,93.368996,76.49654,3.4525018,1.5785308
24.5,120.5,2014-08-01,2014-09-28,58,25,25.453232,26.692944,24.567787,80.2115,7.6687036,7.8759766,84.81082,74.38631,8.738328,6.3697243
22.5,121.5,2014-08-01,2014-09-28,58,25,26.526064,27.0521,26.036436,82.78491,7.587228,15.987549,85.91484,80.04297,9.014609,6.0436873
24.5,121.5,2014-08-01,2014-09-28,58,25,21.495634,23.205479,20.363928,86.54824,3.605319,20.108643,91.532585,79.106636,4.471022,2.6886828
23.5,121.5,2014-08-01,2014-09-28,58,25,23.006044,24.297178,22.124596,85.59665,3.787702,18.659668,89.66238,80.65829,4.5364165,2.9013367
22.5,120.5,2014-08-01,2014-09-28,58,25,25.726845,26.999243,24.787832,83.73221,2.464372,11.749268,88.18637,77.24346,3.1994443,1.5579147
23.5,120.5,2014-08-01,2014-09-29,59,25,23.158255,25.561922,21.492212,86.53541,2.1946113,10.014648,93.3381,76.0125,3.3250885,1.3211911
24.5,121.5,2014-08-01,2014-09-29,59,25,21.338625,23.030046,20.202917,87.55742,3.646929,15.031738,92.241875,80.99507,4.5804224,2.7131035
24.5,120.5,2014-08-01,2014-09-29,59,25,25.354582,26.574108,24.45193,81.1524,7.298131,4.6887207,85.82172,75.46692,8.762154,5.6716437
22.5,121.5,2014-08-01,2014-09-29,59,25,26.578703,27.139893,26.042778,81.76137,7.5304756,10.733643,85.426125,78.37022,8.449809,6.405564
22.5,120.5,2014-08-01,2014-09-29,59,25,25.592278,26.843134,24.604746,83.68552,2.3705206,8.421631,88.16719,77.191666,3.1947393,1.6594266
23.5,121.5,2014-08-01,2014-09-29,59,25,23.021145,24.44042,22.03668,84.82873,4.060555,16.463623,89.17948,79.09516,4.8301725,3.2539651
22.5,121.5,2014-08-01,2014-09-30,60,25,26.567104,27.163862,26.008041,81.82899,7.226684,5.897217,85.534485,77.37252,8.335132,6.105409
24.5,120.5,2014-08-01,2014-09-30,60,25,25.283882,26.541435,24.3392,81.98417,6.311195,4.27124,86.18921,76.738396,7.5736847,4.718039
24.5,121.5,2014-08-01,2014-09-30,60,25,21.32857,22.958164,20.124382,87.5911,3.2755075,13.043213,92.205765,81.04137,4.1325555,2.2955604
22.5,120.5,2014-08-01,2014-09-30,60,25,25.669096,27.331055,24.549683,83.01689,2.5086217,5.1831055,88.734024,74.40077,3.2508252,1.6776286
23.5,121.5,2014-08-01,2014-09-30,60,25,22.988316,24.49082,22.012905,84.99927,3.6164913,8.862305,89.98782,78.582855,4.308358,2.8319182
23.5,120.5,2014-08-01,2014-09-30,60,25,23.083706,25.66621,21.339458,86.48864,2.1002347,4.995117,93.30991,75.45889,2.9769845,1.4001645
24.5,121.5,2014-08-01,2014-10-01,61,25,21.394785,23.248194,20.100988,86.863594,3.1606662,11.90918,91.6437,79.41209,4.103011,2.329729
23.5,120.5,2014-08-01,2014-10-01,61,25,23.113516,25.621084,21.271782,86.560745,2.0366876,4.227295,93.33382,75.98442,2.9876232,1.355961
22.5,120.5,2014-08-01,2014-10-01,61,25,25.606152,27.040318,24.567007,83.40974,2.313986,4.9438477,88.30745,76.032745,3.0513918,1.5863866
23.5,121.5,2014-08-01,2014-10-01,61,25,22.915586,24.31042,21.913565,85.06324,3.5746279,11.968994,88.77581,79.48653,4.275922,2.7854853
22.5,121.5,2014-08-01,2014-10-01,61,25,26.609337,27.170341,26.098408,81.27026,7.317712,7.923584,84.26273,77.949005,8.292826,6.1229534
24.5,120.5,2014-08-01,2014-10-01,61,25,25.318535,26.734913,24.244087,81.9429,6.3951955,3.5314941,86.77376,76.019684,7.8164034,4.9000597
24.5,121.5,2014-08-01,2014-10-02,62,25,21.428717,23.295523,20.084929,87.007195,3.1202033,10.460205,92.28358,78.64567,3.841509,2.4138422
23.5,120.5,2014-08-01,2014-10-02,62,25,23.18776,25.907007,21.324682,86.30764,2.0464568,4.1467285,93.48902,74.68619,2.863591,1.4129072
24.5,120.5,2014-08-01,2014-10-02,62,25,25.343756,26.781303,24.285307,82.04082,6.4416323,3.3862305,86.589035,76.18413,7.4941945,5.073981
22.5,121.5,2014-08-01,2014-10-02,62,25,26.470278,27.107428,25.80335,82.821785,6.7711654,9.423828,86.14966,79.2101,7.7353826,5.731788
23.5,121.5,2014-08-01,2014-10-02,62,25,22.984203,24.513803,21.940302,85.11219,3.3848526,9.180908,89.46646,79.185165,4.0949135,2.6943734
22.5,120.5,2014-08-01,2014-10-02,62,25,25.641802,27.201128,24.589336,83.99553,2.4103298,3.8867188,88.90527,76.20653,3.1171277,1.6510009
23.5,120.5,2014-08-01,2014-10-03,63,25,23.021828,25.693218,21.143345,86.48194,2.1128101,5.78125,93.710106,75.55687,3.0231047,1.4746364
22.5,121.5,2014-08-01,2014-10-03,63,25,26.432629,27.082935,25.803886,82.524826,7.0728884,9.7717285,86.07991,78.6198,8.152981,5.8607893
22.5,120.5,2014-08-01,2014-10-03,63,25,25.479603,27.112862,24.344126,84.16262,2.2562475,6.0510254,89.659225,76.14196,2.9745948,1.5609404
24.5,120.5,2014-08-01,2014-10-03,63,25,25.174349,26.563765,24.152515,81.592026,7.1030726,3.4020996,86.143265,76.20316,8.345621,5.3404064
23.5,121.5,2014-08-01,2014-10-03,63,25,22.995285,24.584389,21.905289,84.59762,3.7931397,16.263428,89.24488,78.57576,4.471824,2.9893057
24.5,121.5,2014-08-01,2014-10-03,63,25,21.226223,23.11416,19.898859,87.060974,3.464287,16.745605,92.37825,79.09697,4.321697,2.5983145
22.5,121.5,2014-08-01,2014-10-04,64,25,26.260542,26.787066,25.772593,83.00191,7.6663694,9.4470215,86.18775,79.60378,8.665477,6.5249043
22.5,120.5,2014-08-01,2014-10-04,64,25,25.37691,26.874218,24.404673,83.76201,2.2494583,4.4018555,88.69365,76.107445,3.1033435,1.4743599
24.5,120.5,2014-08-01,2014-10-04,64,25,24.978199,26.371504,24.03647,80.96856,7.225488,2.0715332,85.521576,75.019226,8.280722,6.0297146
24.5,121.5,2014-08-01,2014-10-04,64,25,20.96855,22.693144,19.896486,87.75333,3.4119852,11.348877,92.7212,80.38581,4.398621,2.4591095
23.5,120.5,2014-08-01,2014-10-04,64,25,22.729527,25.529785,20.867973,86.608284,2.338603,4.4726562,93.3215,75.446945,3.3358335,1.6942728
23.5,121.5,2014-08-01,2014-10-04,64,25,22.688335,24.13291,21.684336,85.39138,3.9626791,8.082275,89.604645,79.24097,4.5739174,3.3100724
22.5,120.5,2014-08-01,2014-10-05,65,25,25.433466,27.067852,24.282661,83.33678,1.9783188,5.217285,88.47792,75.14267,2.573714,1.436557
22.5,121.5,2014-08-01,2014-10-05,65,25,26.280752,26.79828,25.76015,81.91433,7.9642205,9.665527,85.09085,78.44227,9.138351,6.8353176
23.5,121.5,2014-08-01,2014-10-05,65,25,22.690712,24.19621,21.544405,83.978546,4.1154337,7.772217,88.181816,77.98635,4.7929497,3.40351
24.5,120.5,2014-08-01,2014-10-05,65,25,24.943369,26.450233,23.833755,79.69314,7.345732,2.3059082,84.06474,74.19661,8.617837,5.966076
24.5,121.5,2014-08-01,2014-10-05,65,25,20.88249,22.87746,19.411999,85.95316,3.391387,9.377441,90.7808,78.68964,4.292212,2.5365055
23.5,120.5,2014-08-01,2014-10-05,65,25,22.738585,25.634258,20.642973,86.089905,2.2504814,4.6691895,93.394905,74.06095,3.1947155,1.5201718
23.5,120.5,2014-08-01,2014-10-06,66,25,22.699535,25.675697,20.637535,84.95577,2.2999375,3.3032227,92.64791,72.51468,3.35016,1.5170039
23.5,121.5,2014-08-01,2014-10-06,66,25,22.562798,24.097729,21.539,83.65455,4.2368517,7.8112793,88.30543,77.21511,4.7761183,3.6479867
24.5,120.5,2014-08-01,2014-10-06,66,25,24.826588,26.31687,23.806158,79.35178,7.4259367,2.133789,84.29671,72.97834,8.4134445,6.2449627
24.5,121.5,2014-08-01,2014-10-06,66,25,20.720572,22.58273,19.5461,85.70194,3.3420637,10.577393,91.29095,77.640335,4.143605,2.4985094
22.5,121.5,2014-08-01,2014-10-06,66,25,26.33147,26.934067,25.780684,80.48369,8.634782,5.461426,83.61513,77.21313,9.41682,7.789193
22.5,120.5,2014-08-01,2014-10-06,66,25,25.390709,27.12187,24.242607,82.40555,2.120486,3.6828613,87.575615,73.939026,2.817163,1.415033
22.5,120.5,2014-08-01,2014-10-07,67,25,25.386702,27.021215,24.298105,82.193634,2.195175,7.70874,87.06225,74.11235,2.8768322,1.5908141
22.5,121.5,2014-08-01,2014-10-07,67,25,26.247269,26.751972,25.743969,80.664536,9.281661,11.507568,83.38208,77.3787,10.287205,8.01226
24.5,121.5,2014-08-01,2014-10-07,67,25,20.579632,22.224731,19.382408,86.21442,3.8505852,13.69751,90.48513,79.520584,4.753507,2.9116569
23.5,120.5,2014-08-01,2014-10-07,67,25,22.694923,25.474106,20.854927,84.902405,2.4941862,4.4055176,91.865524,73.79378,3.4493678,1.7583542
24.5,120.5,2014-08-01,2014-10-07,67,25,24.819456,26.174654,23.834356,78.90879,8.173605,2.1435547,83.21609,73.88287,9.353457,6.6736646
23.5,121.5,2014-08-01,2014-10-07,67,25,22.419533,23.779657,21.454239,84.235504,4.6256614,12.764893,88.052315,79.099915,5.2834954,3.8563821
22.5,121.5,2014-08-01,2014-10-08,68,25,26.06238,26.572475,25.587275,81.086266,8.697331,16.795654,84.2573,77.85753,9.823703,7.633052
22.5,120.5,2014-08-01,2014-10-08,68,25,25.171326,26.601124,24.153423,82.79383,2.6091223,12.501221,87.73978,75.55464,3.3387017,1.757798
23.5,121.5,2014-08-01,2014-10-08,68,25,22.282516,23.620083,21.419497,84.51895,4.4908104,24.598389,88.70466,78.98265,5.069979,3.8388736
24.5,120.5,2014-08-01,2014-10-08,68,25,24.664236,26.072607,23.644234,79.8269,8.308059,4.818115,84.14531,74.23698,9.497834,6.984465
23.5,120.5,2014-08-01,2014-10-08,68,25,22.518787,25.202997,20.80772,85.651375,2.500717,8.721924,92.780426,74.24937,3.5552034,1.7172637
24.5,121.5,2014-08-01,2014-10-08,68,25,20.50525,22.150434,19.383541,86.48635,3.960869,19.691162,91.45204,79.39157,4.8278427,3.1418388
22.5,120.5,2014-08-01,2014-10-09,69,25,24.971375,26.514502,23.7771,82.880554,2.483037,6.4868164,88.56826,75.06706,3.094927,1.8996222
22.5,121.5,2014-08-01,2014-10-09,69,25,26.065926,26.60207,25.568403,79.406296,7.5441685,9.229736,82.544914,76.24432,8.606771,6.3925557
24.5,121.5,2014-08-01,2014-10-09,69,25,20.48405,22.237432,19.246895,85.91836,3.4578185,15.69458,90.44925,78.53119,4.3160157,2.6017249
24.5,120.5,2014-08-01,2014-10-09,69,25,24.472664,25.722275,23.564281,80.20053,7.40747,4.9536133,84.55633,74.66758,8.675552,5.981811
23.5,121.5,2014-08-01,2014-10-09,69,25,22.291803,23.687744,21.325317,83.185486,3.8724782,18.688965,87.01836,77.78035,4.5251307,3.0243204
23.5,120.5,2014-08-01,2014-10-09,69,25,22.266901,24.820284,20.49124,85.68417,2.3595607,6.130371,92.4634,74.51734,3.4745874,1.5523545
23.5,121.5,2014-08-01,2014-10-10,70,25,22.291819,23.9148,21.150425,82.99533,3.8754065,9.462891,87.935616,75.9143,4.5081716,3.2699955
24.5,121.5,2014-08-01,2014-10-10,70,25,20.415394,22.335894,18.988396,85.52296,3.556646,12.13501,91.15562,77.27726,4.3256326,2.857717
23.5,120.5,2014-08-01,2014-10-10,70,25,22.282112,25.128159,20.27528,85.11983,2.356632,3.4594727,92.25243,73.270966,3.3055563,1.5922943
24.5,120.5,2014-08-01,2014-10-10,70,25,24.506702,25.962534,23.425621,79.627235,7.1584864,2.7172852,84.03337,73.61742,8.32825,5.818118
22.5,121.5,2014-08-01,2014-10-10,70,25,26.057932,26.69017,25.516949,79.853584,7.451388,6.8444824,83.42247,75.75698,8.581202,6.516928
22.5,120.5,2014-08-01,2014-10-10,70,25,24.933205,26.553705,23.830328,82.74887,2.3861187,4.3151855,87.980194,73.980736,3.0848913,1.6909732
24.5,120.5,2014-08-01,2014-10-11,71,25,24.285069,25.62313,23.397324,78.79272,7.5632286,2.8771973,83.4227,72.71298,8.713838,6.08515
22.5,121.5,2014-08-01,2014-10-11,71,25,25.962353,26.588291,25.431763,80.172195,8.240048,10.1171875,83.175575,76.38516,9.54707,6.937716
23.5,120.5,2014-08-01,2014-10-11,71,25,22.093056,24.802422,20.351984,85.08594,2.5025465,4.1638184,92.12472,73.33882,3.5536354,1.655317
23.5,121.5,2014-08-01,2014-10-11,71,25,22.144913,23.76625,21.118935,83.327644,4.263719,12.60376,87.6576,76.14834,5.053818,3.3618917
22.5,120.5,2014-08-01,2014-10-11,71,25,24.895771,26.477812,23.871216,82.248604,2.3896658,5.855713,86.792305,73.915764,3.1579413,1.5710578
24.5,121.5,2014-08-01,2014-10-11,71,25,20.18366,21.903013,19.00816,85.66794,3.7337177,15.246582,90.51187,78.375755,4.565538,2.8170004
24.5,121.5,2014-08-01,2014-10-12,72,25,20.04155,21.790045,18.777115,86.79004,3.7177875,12.214355,92.002174,79.73636,4.669081,2.8355582
22.5,121.5,2014-08-01,2014-10-12,72,25,25.800047,26.497446,25.148453,80.462234,7.886191,3.7561035,84.22973,75.97195,9.060196,6.7302766
23.5,121.5,2014-08-01,2014-10-12,72,25,21.992487,23.628115,20.84941,83.960556,4.1405067,7.6464844,89.49294,77.163765,4.8858027,3.3832235
24.5,120.5,2014-08-01,2014-10-12,72,25,24.267273,25.656216,23.145824,79.05778,7.5780816,1.7712402,84.0294,73.290665,8.736048,6.2393565
23.5,120.5,2014-08-01,2014-10-12,72,25,22.134851,25.08692,20.041412,84.36788,2.5412529,2.5183105,92.415764,71.790634,3.6762938,1.798752
22.5,120.5,2014-08-01,2014-10-12,72,25,24.913347,26.770771,23.728832,82.00423,2.2503407,2.5439453,87.887794,72.375374,2.9753017,1.4866958
23.5,121.5,2014-08-01,2014-10-13,73,25,21.91792,23.407173,20.893017,83.13625,4.345378,9.034424,87.5517,76.572014,4.9658875,3.6041858
22.5,121.5,2014-08-01,2014-10-13,73,25,25.635263,26.165483,25.1211,80.66715,8.690887,5.665283,83.86228,77.10027,9.65473,7.5837474
22.5,120.5,2014-08-01,2014-10-13,73,25,24.706533,26.358702,23.597315,82.789696,2.0493166,3.5595703,87.8722,73.93746,2.689897,1.4377719
24.5,120.5,2014-08-01,2014-10-13,73,25,24.162315,25.516392,23.203773,78.54004,7.8757634,2.4523926,82.98786,72.543045,8.928012,6.568933
23.5,120.5,2014-08-01,2014-10-13,73,25,22.009424,24.757998,20.150465,84.78108,2.3565507,2.980957,91.885124,73.34817,3.3878021,1.6277558
24.5,121.5,2014-08-01,2014-10-13,73,25,19.943232,21.732056,18.723,85.782326,3.7449462,12.717285,91.04729,77.75888,4.5717525,2.8917055
24.5,120.5,2014-08-01,2014-10-14,74,25,24.171865,25.535517,23.201933,79.12089,7.708316,2.088623,84.13692,73.04832,8.5207615,6.678042
23.5,121.5,2014-08-01,2014-10-14,74,25,21.82583,23.174507,20.884663,84.24307,4.271435,16.11206,88.77852,78.15971,4.8648467,3.5295694
24.5,121.5,2014-08-01,2014-10-14,74,25,19.996534,21.718023,18.81172,86.19068,3.6357043,16.064453,91.33615,78.61811,4.2743144,2.895477
23.5,120.5,2014-08-01,2014-10-14,74,25,21.993818,24.629736,20.203619,85.02768,2.2644777,3.2580566,92.40791,73.52124,3.2615113,1.5802734
22.5,121.5,2014-08-01,2014-10-14,74,25,25.605341,26.117216,25.05932,80.6946,8.697123,13.651123,84.340065,77.332436,9.615276,7.6240263
22.5,120.5,2014-08-01,2014-10-14,74,25,24.674482,26.250517,23.649395,82.5361,2.155324,5.1501465,87.80872,74.18782,2.773481,1.6105467
22.5,120.5,2014-08-01,2014-10-15,75,25,24.539972,25.994995,23.47523,82.53865,2.2903848,6.9519043,87.66762,74.77176,2.8942022,1.7384765
24.5,121.5,2014-08-01,2014-10-15,75,25,19.796087,21.350157,18.69171,87.58862,3.5201864,16.003418,91.97683,81.192764,4.3806615,2.7149072
23.5,120.5,2014-08-01,2014-10-15,75,25,21.893118,24.48101,20.14156,85.64149,2.1317348,3.894043,92.659935,74.46101,3.0658944,1.3601154
24.5,120.5,2014-08-01,2014-10-15,75,25,24.05056,25.363276,23.114962,80.61048,7.2681212,2.1740723,84.727264,74.94257,8.525768,5.6191626
22.5,121.5,2014-08-01,2014-10-15,75,25,25.460735,26.043716,24.904516,81.2906,8.1671715,13.436279,84.70102,77.78234,9.018893,7.219845
23.5,121.5,2014-08-01,2014-10-15,75,25,21.568586,22.867886,20.649652,85.26308,3.9918084,16.10962,88.891,79.94112,4.6881323,3.2718399
22.5,121.5,2014-08-01,2014-10-16,76,25,25.432507,26.065624,24.782465,80.33095,7.78103,6.4978027,83.75344,77.04412,8.836724,6.6527314
22.5,120.5,2014-08-01,2014-10-16,76,25,24.510515,26.130424,23.440952,82.19905,2.2650678,4.536133,87.3717,73.0581,2.8069434,1.6709263
23.5,121.5,2014-08-01,2014-10-16,76,25,21.459656,22.93938,20.429707,84.472244,3.7833529,10.457764,88.75583,78.25344,4.4426613,3.076545
24.5,120.5,2014-08-01,2014-10-16,76,25,24.016296,25.445616,22.979546,78.999245,7.0975785,1.6381836,83.64034,72.76874,8.218836,5.383887
24.5,121.5,2014-08-01,2014-10-16,76,25,19.744226,21.491411,18.542992,86.521,3.441424,13.105469,91.49112,79.20129,4.242643,2.563425
23.5,120.5,2014-08-01,2014-10-16,76,25,21.849655,24.657427,19.887402,85.01685,2.1164455,2.7954102,92.713684,72.60609,2.99686,1.4734268
24.5,120.5,2014-08-01,2014-10-17,77,25,23.899475,25.293926,22.868467,79.434105,7.1597686,1.9396973,84.58992,72.92712,8.430695,5.715618
22.5,121.5,2014-08-01,2014-10-17,77,25,25.423147,25.963457,24.956367,78.68457,7.913028,3.1872559,81.52562,75.86163,8.873197,6.903919
24.5,121.5,2014-08-01,2014-10-17,77,25,19.767014,21.675331,18.540787,85.37436,3.2100961,9.580078,90.44409,77.44989,4.097913,2.236629
23.5,121.5,2014-08-01,2014-10-17,77,25,21.502619,23.03291,20.551182,83.15639,3.8573542,5.5200195,87.60306,76.89341,4.6066575,3.0552697
23.5,120.5,2014-08-01,2014-10-17,77,25,21.646996,24.540565,19.6661,85.65292,2.0826883,2.3120117,93.81036,72.59057,3.1759171,1.3748626
22.5,120.5,2014-08-01,2014-10-17,77,25,24.41801,26.02041,23.350693,82.11664,1.8774991,2.770996,87.2668,73.73764,2.5475528,1.1960489
24.5,120.5,2014-08-01,2014-10-18,78,25,23.91924,25.430962,22.842134,78.588264,7.4631953,1.6296387,83.98582,72.26035,8.584753,6.1119328
23.5,121.5,2014-08-01,2014-10-18,78,25,21.611467,23.327524,20.471882,82.61873,4.124982,7.1606445,88.109,74.89756,4.6679487,3.5067096
22.5,121.5,2014-08-01,2014-10-18,78,25,25.417444,26.095509,24.76997,79.11085,8.460694,5.15625,83.41717,74.29046,9.432626,7.4901857
23.5,120.5,2014-08-01,2014-10-18,78,25,21.639084,24.719166,19.589859,84.47148,2.2436316,2.3937988,92.33086,70.92549,3.2079759,1.5921818
24.5,121.5,2014-08-01,2014-10-18,78,25,19.771292,21.75268,18.463078,85.09926,3.408443,9.3811035,90.728806,76.80584,4.091303,2.6493769
22.5,120.5,2014-08-01,2014-10-18,78,25,24.44963,26.226353,23.20643,81.57999,2.0561318,2.2802734,87.88223,71.84682,2.6204083,1.4977645
23.5,120.5,2014-08-01,2014-10-19,79,25,21.543682,24.455034,19.577618,84.99237,2.1841626,2.722168,92.83872,72.23773,3.1055727,1.5288042
22.5,120.5,2014-08-01,2014-10-19,79,25,24.320478,25.927847,23.214087,82.45914,2.2369556,3.6254883,88.4902,73.56089,2.8183372,1.6597798
24.5,121.5,2014-08-01,2014-10-19,79,25,19.71079,21.439102,18.651241,86.73653,3.26706,10.936279,91.90432,78.64164,3.9841185,2.4439454
23.5,121.5,2014-08-01,2014-10-19,79,25,21.550615,23.071205,20.580742,83.782234,3.9232774,8.989258,88.51456,76.96268,4.521836,3.2940078
22.5,121.5,2014-08-01,2014-10-19,79,25,25.387745,25.966953,24.840757,80.38137,8.511972,7.138672,83.79421,76.998566,9.446687,7.511477
24.5,120.5,2014-08-01,2014-10-19,79,25,23.888018,25.291992,22.8981,79.73179,7.2851686,1.9506836,84.929306,73.54667,8.346681,5.9326854
23.5,120.5,2014-08-01,2014-10-20,80,25,21.89849,25.004297,19.920923,85.513054,2.1203408,2.7392578,93.64063,72.184006,3.1273675,1.3539696
23.5,121.5,2014-08-01,2014-10-20,80,25,21.736284,23.36629,20.643257,84.29014,3.7931945,9.173584,89.48735,76.915886,4.3438425,3.1509254
24.5,120.5,2014-08-01,2014-10-20,80,25,24.05939,25.529062,23.057539,81.35987,6.917845,2.1984863,86.378654,74.81528,8.13575,5.6045732
22.5,121.5,2014-08-01,2014-10-20,80,25,25.552027,26.117285,24.98876,80.889626,8.197201,4.836426,84.33454,77.6704,9.035305,7.291465
22.5,120.5,2014-08-01,2014-10-20,80,25,24.540718,26.399063,23.390894,83.01563,2.1679416,2.0458984,88.83391,73.18326,2.7626998,1.6434349
24.5,121.5,2014-08-01,2014-10-20,80,25,20.062437,21.975039,18.853449,86.97614,3.285162,10.994873,92.25568,78.391365,4.0666904,2.5326648
22.5,121.5,2014-08-01,2014-10-21,81,25,25.442877,25.941748,24.929121,80.56132,8.701009,6.4526367,83.30344,77.75852,9.58145,7.7531385
23.5,120.5,2014-08-01,2014-10-21,81,25,21.575727,24.656544,19.422009,86.05511,2.0959477,4.8779297,93.70763,73.426506,2.9079309,1.3943117
23.5,121.5,2014-08-01,2014-10-21,81,25,21.500786,23.095528,20.455997,84.30689,4.0178185,11.005859,88.43153,77.50561,4.5916505,3.3446653
24.5,120.5,2014-08-01,2014-10-21,81,25,23.828325,25.44501,22.623442,81.09095,7.0074744,2.5720215,86.33858,73.98978,8.221601,5.636601
22.5,120.5,2014-08-01,2014-10-21,81,25,24.379322,26.167725,23.127632,83.52131,2.0763736,3.8024902,89.18408,74.26762,2.661248,1.5388206
24.5,121.5,2014-08-01,2014-10-21,81,25,19.774183,21.81748,18.40192,86.6942,3.2705667,9.18335,91.88193,77.55198,4.1284246,2.4443307
22.5,120.5,2014-08-01,2014-10-22,82,25,24.413986,26.36103,23.266273,82.50443,2.0301523,2.6257324,88.60336,71.58452,2.657318,1.3594005
23.5,120.5,2014-08-01,2014-10-22,82,25,21.429983,24.790249,19.295914,85.78896,2.1728148,4.185791,93.8372,71.51344,2.9247735,1.5610553
24.5,120.5,2014-08-01,2014-10-22,82,25,23.848068,25.494156,22.679346,80.88588,7.080449,4.2382812,85.89771,73.72425,8.166672,5.949928
23.5,121.5,2014-08-01,2014-10-22,82,25,21.585588,23.294697,20.477907,83.814,3.9583683,12.635498,88.91072,75.94902,4.510341,3.2359893
24.5,121.5,2014-08-01,2014-10-22,82,25,19.96975,21.999937,18.71088,85.89268,3.3297834,17.202148,91.23489,76.882126,4.0943217,2.537836
22.5,121.5,2014-08-01,2014-10-22,82,25,25.471975,26.055082,25.003105,80.70428,8.339851,6.368408,83.68958,76.99883,9.186798,7.3741646
23.5,120.5,2014-08-01,2014-10-23,83,25,21.525496,24.80354,19.379763,85.9654,2.3530107,3.0737305,94.00526,72.56766,3.2252924,1.6426009
24.5,121.5,2014-08-01,2014-10-23,83,25,19.89905,21.905552,18.533653,87.5241,3.3170907,13.607178,93.245995,78.38274,4.2627025,2.4796169
24.5,120.5,2014-08-01,2014-10-23,83,25,23.78948,25.291698,22.741274,81.52487,7.128122,2.27417,87.10091,74.30197,8.293598,5.78425
23.5,121.5,2014-08-01,2014-10-23,83,25,21.679811,23.455019,20.56102,84.79605,3.950366,10.422363,89.98549,76.87396,4.712902,3.1781623
22.5,121.5,2014-08-01,2014-10-23,83,25,25.557781,26.235376,25.014986,81.55948,7.9383626,5.998535,85.36203,77.52205,9.354177,6.4413357
22.5,120.5,2014-08-01,2014-10-23,83,25,24.518522,26.435493,23.328238,82.99769,2.2355433,1.8969727,89.47226,72.44709,2.906747,1.5926319
22.5,120.5,2014-08-01,2014-10-24,84,25,24.502686,26.285416,23.265985,82.57089,2.1292305,2.1496582,88.32078,73.0266,2.6412241,1.5176823
23.5,120.5,2014-08-01,2014-10-24,84,25,21.610577,24.702368,19.457804,85.95502,2.1737432,2.6000977,93.61448,73.0655,3.1953857,1.3879421
24.5,121.5,2014-08-01,2014-10-24,84,25,19.79661,21.773531,18.41629,86.73734,3.1735811,10.899658,91.65007,78.30836,4.076591,2.2331588
23.5,121.5,2014-08-01,2014-10-24,84,25,21.686884,23.345093,20.505152,83.97444,3.7540832,8.134766,88.80249,76.8409,4.4245973,2.8716037
22.5,121.5,2014-08-01,2014-10-24,84,25,25.563643,26.213291,24.975445,80.74005,7.838658,2.9394531,83.91419,77.16062,8.900708,6.642948
24.5,120.5,2014-08-01,2014-10-24,84,25,23.697472,25.25083,22.585508,81.132904,7.127402,1.8688965,86.043175,74.55495,8.285042,5.639142
23.5,120.5,2014-08-01,2014-10-25,85,25,21.489038,24.683891,19.316574,85.03433,2.3072207,2.9663086,93.2043,71.33642,3.3016274,1.5022867
22.5,120.5,2014-08-01,2014-10-25,85,25,24.399508,26.260923,23.229223,82.38889,2.190275,2.8381348,87.74662,72.79411,2.8033216,1.541104
24.5,120.5,2014-08-01,2014-10-25,85,25,23.516811,25.079487,22.265064,80.327614,7.09411,1.8005371,85.198494,73.77542,8.321626,5.865746
22.5,121.5,2014-08-01,2014-10-25,85,25,25.263784,25.875673,24.673634,80.61015,8.115903,4.3896484,83.986885,77.01909,9.291521,7.004278
23.5,121.5,2014-08-01,2014-10-25,85,25,21.34521,22.920738,20.173552,84.19852,3.9028986,8.625488,89.0975,76.98704,4.6435094,3.113739
24.5,121.5,2014-08-01,2014-10-25,85,25,19.497398,21.517847,18.05581,86.62578,3.3193922,11.794434,91.93219,78.25173,4.131659,2.529001
24.5,121.5,2014-08-01,2014-10-26,86,25,19.13077,21.055492,17.802082,85.918945,3.4381037,8.295898,91.43045,76.76822,4.10515,2.666386
23.5,121.5,2014-08-01,2014-10-26,86,25,21.073214,22.80916,19.881256,82.93841,4.146051,5.2233887,87.917206,75.06636,4.7182865,3.4948392
22.5,121.5,2014-08-01,2014-10-26,86,25,25.088799,25.730654,24.549097,79.57356,8.726366,3.894043,82.833565,75.791985,9.770997,7.784413
24.5,120.5,2014-08-01,2014-10-26,86,25,23.19878,24.644203,22.153336,79.02852,7.4036584,1.0632324,84.44304,72.228584,8.396191,6.0084996
22.5,120.5,2014-08-01,2014-10-26,86,25,24.129288,25.928223,22.877892,81.79783,2.1717765,2.298584,87.77355,72.13369,2.6565735,1.7111224
23.5,120.5,2014-08-01,2014-10-26,86,25,21.105108,24.348457,18.92507,84.35784,2.400627,1.854248,92.32637,70.40884,3.3626351,1.6797947
24.5,120.5,2014-08-01,2014-10-27,87,25,23.321306,24.839024,22.225649,78.86179,7.243677,1.4245605,84.054855,72.36332,8.410066,5.955355
22.5,121.5,2014-08-01,2014-10-27,87,25,25.026344,25.610746,24.536318,79.864006,8.49257,4.012451,82.908005,76.58286,9.463467,7.6752334
23.5,120.5,2014-08-01,2014-10-27,87,25,21.109392,24.248632,19.09542,84.292725,2.2163877,2.229004,92.189804,71.12494,3.0682268,1.657595
22.5,120.5,2014-08-01,2014-10-27,87,25,23.9616,25.76231,22.823559,81.99826,2.0383618,2.0947266,87.89691,71.93399,2.490458,1.5887952
23.5,121.5,2014-08-01,2014-10-27,87,25,21.01316,22.60684,20.029537,83.637794,4.017191,7.0629883,88.24777,76.631584,4.6744175,3.3448865
24.5,121.5,2014-08-01,2014-10-27,87,25,19.149685,20.979965,17.901548,86.48772,3.5245275,10.310059,91.76775,78.463615,4.339644,2.722991
24.5,120.5,2014-08-01,2014-10-28,88,25,23.12351,24.620722,22.11996,77.28875,8.152931,1.9018555,82.79495,70.06683,9.260551,6.6736097
24.5,121.5,2014-08-01,2014-10-28,88,25,18.831383,20.656422,17.558508,85.6196,3.875682,12.567139,90.675224,77.50991,4.745505,2.9646027
22.5,120.5,2014-08-01,2014-10-28,88,25,23.932611,25.806202,22.78396,80.5892,2.3012705,2.0166016,86.69166,70.54163,2.9288604,1.6666411
22.5,121.5,2014-08-01,2014-10-28,88,25,25.008062,25.65166,24.456528,77.43139,9.418968,5.928955,81.67633,73.39561,10.594056,8.116491
23.5,121.5,2014-08-01,2014-10-28,88,25,20.90984,22.525585,19.836685,81.80541,4.6674705,7.738037,87.24292,74.69241,5.4305034,3.8864605
23.5,120.5,2014-08-01,2014-10-28,88,25,20.987846,24.119247,18.916763,83.497,2.4768822,1.7150879,91.821556,69.92627,3.5211463,1.7585934
23.5,120.5,2014-08-01,2014-10-29,89,25,21.01245,24.125,18.975344,83.46031,2.6252658,2.0800781,91.31005,70.48626,3.5138767,1.8458734
24.5,120.5,2014-08-01,2014-10-29,89,25,23.145124,24.629332,22.02145,77.83651,8.2662945,2.8735352,82.988205,71.000885,9.458924,6.6435003
22.5,121.5,2014-08-01,2014-10-29,89,25,24.943815,25.584248,24.405602,78.01376,9.049934,5.407715,81.72842,73.62147,10.251455,7.680091
22.5,120.5,2014-08-01,2014-10-29,89,25,23.901531,25.681875,22.753593,80.285934,2.2736685,2.388916,86.21561,70.46202,2.839668,1.7165625
23.5,121.5,2014-08-01,2014-10-29,89,25,20.911472,22.498056,19.846642,82.50972,4.525756,10.656738,87.45328,75.66327,5.2575903,3.6982694
24.5,121.5,2014-08-01,2014-10-29,89,25,18.881844,20.657925,17.58978,85.4309,3.9814725,17.769775,90.23162,77.66318,4.79778,3.1181543
23.5,121.5,2014-08-01,2014-10-30,90,25,20.83342,22.421368,19.692839,82.09233,4.8877373,13.38623,87.157845,74.57314,5.6863093,4.055243
23.5,120.5,2014-08-01,2014-10-30,90,25,20.866526,24.060707,18.770983,83.28983,2.6204855,3.4375,91.67234,69.69772,3.6171854,1.8706776
24.5,120.5,2014-08-01,2014-10-30,90,25,22.956448,24.467445,21.881685,77.213356,8.276098,2.261963,82.79819,70.447205,9.27683,7.0971775
24.5,121.5,2014-08-01,2014-10-30,90,25,18.68385,20.456196,17.350851,85.13798,4.1276164,14.9646,90.595345,77.25878,4.959873,3.2308893
22.5,121.5,2014-08-01,2014-10-30,90,25,24.824436,25.42735,24.279247,78.004036,9.636196,9.807129,81.38434,74.211555,10.736568,8.499409
22.5,120.5,2014-08-01,2014-10-30,90,25,23.881603,25.637505,22.70275,80.09871,2.3255308,5.8117676,86.1243,70.492195,3.0138452,1.6384997
23.5,121.5,2014-08-01,2014-10-31,91,25,20.691544,22.138887,19.701496,82.26902,4.4997277,15.457764,86.30462,75.75734,5.1642547,3.7575407
24.5,120.5,2014-08-01,2014-10-31,91,25,22.817442,24.312119,21.796148,77.784004,7.9800386,1.4050293,82.82828,70.72983,9.195581,6.3999343
23.5,120.5,2014-08-01,2014-10-31,91,25,20.747774,23.780508,18.67632,83.965935,2.370677,3.0322266,92.4382,70.720215,3.511797,1.6033871
22.5,121.5,2014-08-01,2014-10-31,91,25,24.69582,25.159946,24.206161,77.62361,9.224006,9.244385,80.3891,74.622635,10.416464,7.968976
22.5,120.5,2014-08-01,2014-10-31,91,25,23.729433,25.340038,22.543926,80.362816,2.3683927,7.3083496,85.596016,72.10928,2.9907825,1.8584179
24.5,121.5,2014-08-01,2014-10-31,91,25,18.613262,20.47498,17.437447,85.5087,3.7142382,13.446045,90.50337,77.260345,4.5912952,2.8499134
24.5,120.5,2014-08-01,2014-11-01,92,25,22.85542,24.441801,21.837906,77.35618,7.1591234,2.2387695,82.817215,69.87787,8.359315,5.6613407
23.5,121.5,2014-08-01,2014-11-01,92,25,20.50087,21.811176,19.61236,81.89532,4.249868,12.296143,86.08334,76.474335,5.0691447,3.3362184
24.5,121.5,2014-08-01,2014-11-01,92,25,18.555166,20.38369,17.369078,84.61824,3.5622222,13.625488,89.42112,77.08314,4.467547,2.5377784
23.5,120.5,2014-08-01,2014-11-01,92,25,20.556396,23.538584,18.642868,84.00725,2.3131058,3.9001465,91.89481,70.30867,3.301834,1.5542637
22.5,121.5,2014-08-01,2014-11-01,92,25,24.664892,25.147245,24.180323,76.8311,8.736615,7.1411133,79.68958,73.83348,10.137391,7.4565578
22.5,120.5,2014-08-01,2014-11-01,92,25,23.549873,25.200943,22.49899,80.18097,2.458528,5.9570312,85.51294,70.972595,3.0159137,1.8453
24.5,120.5,2014-08-01,2014-11-02,93,25,22.769495,24.292192,21.76168,78.74837,6.540619,1.5014648,84.468956,71.10129,7.6867437,5.1787353
22.5,120.5,2014-08-01,2014-11-02,93,25,23.528772,25.527306,22.235865,80.25413,2.2528553,0.9729004,86.84058,69.36876,2.834159,1.550379
23.5,121.5,2014-08-01,2014-11-02,93,25,20.5343,22.247583,19.478552,81.668564,3.9271972,6.2158203,86.979645,73.74728,4.6902266,3.1044118
24.5,121.5,2014-08-01,2014-11-02,93,25,18.569944,20.455866,17.334986,84.7853,3.4123633,9.632568,89.69029,76.95005,4.1430044,2.6590316
23.5,120.5,2014-08-01,2014-11-02,93,25,20.585022,23.831524,18.513273,83.848015,2.145482,1.1242676,92.43765,68.992386,3.108655,1.4261595
22.5,121.5,2014-08-01,2014-11-02,93,25,24.652678,25.326162,24.047022,77.16258,8.56452,2.644043,81.3126,72.83845,9.819948,7.1383777
22.5,120.5,2014-08-01,2014-11-03,94,25,23.42896,25.509834,22.118715,80.126495,2.2456236,1.361084,86.83685,68.70149,2.751435,1.698311
23.5,120.5,2014-08-01,2014-11-03,94,25,20.40474,23.902178,18.103527,82.923645,2.1987562,0.8581543,91.75391,67.40267,3.0610685,1.5111511
24.5,121.5,2014-08-01,2014-11-03,94,25,18.356108,20.43921,16.966944,84.38752,3.1253386,6.63208,89.79603,75.36949,3.7610748,2.3694253
23.5,121.5,2014-08-01,2014-11-03,94,25,20.385286,22.154287,19.231104,81.101036,3.8564095,5.526123,86.52388,72.86531,4.504417,3.1940405
22.5,121.5,2014-08-01,2014-11-03,94,25,24.509312,25.17081,23.910767,77.14618,8.7298765,3.0993652,80.97525,72.90244,9.752882,7.853311
24.5,120.5,2014-08-01,2014-11-03,94,25,22.669643,24.35085,21.56228,78.02081,6.3121796,0.47973633,83.56703,69.832794,7.413484,5.059122
22.5,120.5,2014-08-01,2014-11-04,95,25,23.368286,25.410713,22.119469,79.59618,2.148842,1.5014648,85.79261,68.53637,2.6780262,1.5841322
23.5,121.5,2014-08-01,2014-11-04,95,25,20.262623,21.968603,19.195187,81.650116,4.0428967,4.8120117,86.6622,74.24386,4.663007,3.3470297
24.5,121.5,2014-08-01,2014-11-04,95,25,18.296959,20.29546,17.079815,84.96915,3.2950373,7.849121,90.23553,76.21934,3.953489,2.6112838
23.5,120.5,2014-08-01,2014-11-04,95,25,20.28817,23.885244,17.934435,82.99086,2.2137427,0.87280273,92.227875,67.47209,3.1852682,1.5182713
24.5,120.5,2014-08-01,2014-11-04,95,25,22.569439,24.255243,21.447046,78.1798,6.6952996,0.59814453,83.92675,70.31271,7.8088517,5.353731
22.5,121.5,2014-08-01,2014-11-04,95,25,24.485023,25.109663,23.91605,76.55814,8.922693,2.5048828,80.35521,72.58151,9.786007,8.1135
24.5,120.5,2014-08-01,2014-11-05,96,25,22.482336,24.199438,21.3087,78.14887,7.291134,0.6713867,83.74016,70.9137,8.585199,5.6494236
24.5,121.5,2014-08-01,2014-11-05,96,25,18.146418,20.216312,16.669977,85.14467,3.5947964,7.2668457,90.75189,76.37851,4.330483,2.7588584
23.5,120.5,2014-08-01,2014-11-05,96,25,20.184193,23.895292,17.992413,83.29129,2.433542,1.5905762,91.723175,67.811615,3.363233,1.6056465
23.5,121.5,2014-08-01,2014-11-05,96,25,20.199074,21.918262,19.048204,81.80888,4.2709627,5.2734375,86.78347,74.15667,5.047352,3.4392126
22.5,121.5,2014-08-01,2014-11-05,96,25,24.376438,24.980879,23.746798,77.87318,9.308896,4.9523926,81.683136,74.1575,10.520858,8.114946
22.5,120.5,2014-08-01,2014-11-05,96,25,23.246145,25.309277,21.994614,80.419876,2.344257,2.1118164,86.821915,69.00201,2.9477115,1.7241498
24.5,120.5,2014-08-01,2014-11-06,97,25,22.115786,23.79141,21.03556,78.1615,7.7449837,0.68237305,83.484245,70.56678,8.784458,6.290789
22.5,120.5,2014-08-01,2014-11-06,97,25,23.179594,25.103569,21.885473,79.70733,2.5237048,1.3891602,86.11408,69.45997,3.1165354,1.9061965
23.5,121.5,2014-08-01,2014-11-06,97,25,19.881842,21.46568,18.735943,82.92298,4.41139,8.613281,87.52389,76.13935,4.959518,3.7170687
22.5,121.5,2014-08-01,2014-11-06,97,25,24.105337,24.700542,23.507769,79.009056,9.454729,4.3286133,82.00522,75.85386,10.302826,8.430172
24.5,121.5,2014-08-01,2014-11-06,97,25,17.755981,19.652018,16.478546,86.115364,3.7887232,10.233154,90.949486,77.76053,4.4695883,2.990202
23.5,120.5,2014-08-01,2014-11-06,97,25,20.061138,23.36732,17.882994,82.79366,2.4638247,1.4135742,91.11963,68.7919,3.4040852,1.7298824
23.5,121.5,2014-08-01,2014-11-07,98,25,19.785782,21.347178,18.797203,82.92044,4.167471,6.756592,87.47838,76.015816,4.760235,3.4739368
24.5,120.5,2014-08-01,2014-11-07,98,25,22.271797,23.888428,21.184843,78.024376,7.2934184,0.68115234,83.62465,70.51683,8.46834,6.0805163
22.5,121.5,2014-08-01,2014-11-07,98,25,23.989492,24.535185,23.418861,78.982285,9.340706,5.0769043,82.41618,75.56748,10.181924,8.371777
23.5,120.5,2014-08-01,2014-11-07,98,25,20.02418,23.389755,17.921715,82.75013,2.3573868,1.5148926,90.94498,68.690414,3.182942,1.6705163
24.5,121.5,2014-08-01,2014-11-07,98,25,17.846642,19.76163,16.631134,85.50088,3.4575903,8.583984,90.203606,77.17845,4.1084194,2.7299008
22.5,120.5,2014-08-01,2014-11-07,98,25,23.046446,24.862959,21.84683,80.03076,2.4593692,2.03125,86.04934,70.66391,3.02555,1.9368227
22.5,121.5,2014-08-01,2014-11-08,99,25,24.082684,24.685509,23.483784,78.64063,8.829648,7.9003906,81.96215,75.19806,10.03069,7.656464
22.5,120.5,2014-08-01,2014-11-08,99,25,23.030241,24.858301,21.866377,80.438545,2.2743802,4.519043,86.62353,70.75809,2.8280838,1.7106812
24.5,121.5,2014-08-01,2014-11-08,99,25,17.927937,19.885021,16.579367,85.71462,3.4585214,14.6032715,90.89726,77.00737,4.218826,2.5735734
23.5,121.5,2014-08-01,2014-11-08,99,25,19.856844,21.482988,18.776281,82.93259,3.8696375,9.688721,87.5257,75.72057,4.618631,3.0922549
24.5,120.5,2014-08-01,2014-11-08,99,25,22.23284,23.889317,21.089947,78.68186,6.960271,2.3840332,84.1479,70.44044,8.133503,5.5691614
23.5,120.5,2014-08-01,2014-11-08,99,25,19.92784,23.313066,17.77067,83.2471,2.2865708,2.5634766,92.008766,69.03806,3.0163374,1.6063547
22.5,121.5,2014-08-01,2014-11-09,100,25,24.224407,24.869062,23.70746,78.20586,8.656842,5.38208,82.07542,73.76785,9.686745,7.5794663
23.5,120.5,2014-08-01,2014-11-09,100,25,19.796204,23.199594,17.733097,84.22879,2.2223878,3.8867188,92.8566,69.32026,2.9755416,1.5921899
24.5,121.5,2014-08-01,2014-11-09,100,25,18.185402,20.340963,16.935265,85.95088,3.1913846,11.697998,91.26933,76.36545,3.807749,2.587047
24.5,120.5,2014-08-01,2014-11-09,100,25,22.216263,23.897041,21.187529,80.24913,6.351312,1.6394043,85.77664,72.1352,7.467594,5.1094513
22.5,120.5,2014-08-01,2014-11-09,100,25,23.061575,25.073355,21.806513,80.338264,2.4383276,5.373535,87.37729,68.7005,3.144379,1.637885
23.5,121.5,2014-08-01,2014-11-09,100,25,20.00386,21.69565,18.973835,82.61018,3.7471008,10.861816,87.82339,74.39367,4.390097,3.0255332
24.5,121.5,2014-08-01,2014-11-10,101,25,18.335325,20.555595,16.823542,85.70762,2.9729815,6.1499023,91.19208,76.19851,3.763869,2.155527
22.5,121.5,2014-08-01,2014-11-10,101,25,24.35888,25.028467,23.815405,78.741585,7.9296727,1.5576172,82.64311,74.58964,9.033307,6.834259
24.5,120.5,2014-08-01,2014-11-10,101,25,22.331848,24.084047,21.168745,80.36076,6.30362,0.7885742,85.93775,72.638535,7.557506,4.98091
22.5,120.5,2014-08-01,2014-11-10,101,25,23.093508,25.325909,21.785316,81.21038,2.3091242,0.72875977,87.937126,68.87147,2.7284434,1.8850503
23.5,121.5,2014-08-01,2014-11-10,101,25,20.217258,22.18786,19.081768,82.51535,3.4180527,3.8598633,88.165955,73.50785,4.2035985,2.6936383
23.5,120.5,2014-08-01,2014-11-10,101,25,19.988567,23.749893,17.723473,84.29299,2.184946,0.6958008,93.0259,68.82372,3.0341053,1.4821798
22.5,121.5,2014-08-01,2014-11-11,102,25,24.208445,24.853588,23.597065,79.06208,8.340772,2.3413086,82.705055,75.36432,9.29196,7.369551
23.5,121.5,2014-08-01,2014-11-11,102,25,19.990145,21.726938,18.811007,83.43472,3.6858628,4.123535,87.90705,75.925385,4.3633604,2.9125485
22.5,120.5,2014-08-01,2014-11-11,102,25,23.06366,25.15811,21.798878,81.48582,2.1760068,1.1950684,88.02445,70.211334,2.7110434,1.6317189
24.5,120.5,2014-08-01,2014-11-11,102,25,22.258015,24.01673,21.11144,79.31719,6.7382927,0.76171875,84.92557,71.28201,7.977091,5.3035583
23.5,120.5,2014-08-01,2014-11-11,102,25,19.868153,23.519672,17.509533,84.14072,2.2325377,1.270752,92.95971,68.80113,3.0571826,1.6363181
24.5,121.5,2014-08-01,2014-11-11,102,25,18.097448,20.26522,16.768044,85.38857,3.2082226,6.900635,90.89043,75.77083,3.8433096,2.4047024
24.5,120.5,2014-08-01,2014-11-12,103,25,22.159483,23.783018,21.09566,79.93002,6.754364,0.5871582,85.345665,72.4381,8.018797,5.164632
22.5,120.5,2014-08-01,2014-11-12,103,25,23.058622,25.140753,21.842144,80.54819,2.2223206,1.6369629,86.951096,69.02683,2.722278,1.6776528
23.5,120.5,2014-08-01,2014-11-12,103,25,19.882687,23.496454,17.746988,84.00336,2.223477,1.0522461,92.87274,68.35979,3.0576892,1.608328
22.5,121.5,2014-08-01,2014-11-12,103,25,24.094307,24.638634,23.622192,78.83985,8.17478,4.949951,82.06362,75.19521,9.173935,7.188827
24.5,121.5,2014-08-01,2014-11-12,103,25,18.11421,20.179268,16.726202,85.36563,3.1292026,6.179199,90.89168,76.14473,3.8249214,2.3167205
23.5,121.5,2014-08-01,2014-11-12,103,25,19.946281,21.699034,18.90824,82.57576,3.5159636,4.781494,87.17599,74.516594,4.1874485,2.7841592
23.5,120.5,2014-08-01,2014-11-13,104,25,19.919203,23.336977,17.784723,84.65119,2.159947,1.7114258,93.19628,69.55825,3.0689275,1.551014
24.5,120.5,2014-08-01,2014-11-13,104,25,22.196098,23.762213,21.22626,80.34446,6.2286744,0.9741211,85.3888,72.80593,7.2664123,4.916212
22.5,121.5,2014-08-01,2014-11-13,104,25,24.017174,24.57125,23.481201,80.21202,7.7232466,6.032715,83.685715,76.782745,8.694472,6.669606
23.5,121.5,2014-08-01,2014-11-13,104,25,19.91264,21.559555,18.877438,83.91058,3.3472152,7.1777344,88.76658,76.451996,4.0417233,2.6021247
24.5,121.5,2014-08-01,2014-11-13,104,25,18.17309,20.03018,17.006432,86.64377,2.910218,8.244629,91.762115,78.47521,3.6996126,2.0753195
22.5,120.5,2014-08-01,2014-11-13,104,25,22.975082,24.917212,21.817846,81.5701,2.3265676,2.5634766,87.699005,70.51357,2.8390338,1.817834
24.5,120.5,2014-08-01,2014-11-14,105,25,22.006687,23.593779,20.838501,79.47579,6.6508274,1.2280322,84.92512,72.35227,8.06404,4.82937
23.5,121.5,2014-08-01,2014-11-14,105,25,19.818445,21.485674,18.686852,83.38149,3.5008066,6.582036,88.12379,76.13415,4.3369207,2.5417278
22.5,121.5,2014-08-01,2014-11-14,105,25,24.010378,24.658672,23.443789,79.21825,7.6705565,6.0131884,82.85678,75.287254,9.06888,6.042962
23.5,120.5,2014-08-01,2014-11-14,105,25,19.847157,23.190205,17.76754,84.34331,2.3034344,2.2876024,92.52451,70.43149,3.2182202,1.5437672
24.5,121.5,2014-08-01,2014-11-14,105,25,17.848034,19.802654,16.47716,86.19239,3.0225468,7.8637743,91.20246,78.19644,3.8693054,2.0970309
22.5,120.5,2014-08-01,2014-11-14,105,25,22.899225,24.897442,21.526806,81.708725,2.3088741,3.5864305,87.81319,71.05111,2.8087733,1.7664428
24.5,121.5,2014-08-01,2014-11-15,106,25,17.064053,19.170486,15.574908,86.12129,3.245911,11.357422,91.04371,78.075325,3.9992466,2.315018
22.5,120.5,2014-08-01,2014-11-15,106,25,22.543955,24.541576,21.245693,80.9534,2.3804443,4.4262695,87.37942,70.53529,2.999468,1.7387071
23.5,121.5,2014-08-01,2014-11-15,106,25,19.377783,21.094454,18.13961,83.13836,3.7005491,9.274902,87.70566,75.805275,4.646621,2.5693905
24.5,120.5,2014-08-01,2014-11-15,106,25,21.276884,22.866127,20.109709,78.70814,6.7445264,1.8652344,85.53121,70.47126,7.9577303,5.200638
23.5,120.5,2014-08-01,2014-11-15,106,25,19.358624,22.709702,17.14485,83.49895,2.4048684,2.65625,92.03829,68.80572,3.3740866,1.5752132
22.5,121.5,2014-08-01,2014-11-15,106,25,23.61333,24.390343,22.961807,78.9341,8.213318,5.5322266,82.45773,75.10354,9.783773,6.542705
23.5,120.5,2014-08-01,2014-11-16,107,25,19.062962,22.40103,17.030842,83.22876,2.2299898,1.5454102,91.56983,68.525536,2.9767704,1.6017226
22.5,120.5,2014-08-01,2014-11-16,107,25,22.289719,24.162266,21.06952,80.61179,2.2836535,2.890625,87.02819,70.334305,2.7908697,1.6952717
23.5,121.5,2014-08-01,2014-11-16,107,25,19.149603,20.858139,18.037008,82.81413,3.5028677,5.76416,87.75792,75.21701,4.3479085,2.7110639
24.5,120.5,2014-08-01,2014-11-16,107,25,21.344505,23.010874,20.235933,78.64332,6.306128,0.5566406,83.69813,70.9907,7.6808333,4.5698714
24.5,121.5,2014-08-01,2014-11-16,107,25,17.134075,19.23017,15.731964,85.72338,2.942685,7.3339844,91.14911,76.88021,3.6756165,2.219971
22.5,121.5,2014-08-01,2014-11-16,107,25,23.445618,24.081392,22.839306,77.80628,7.932381,4.8632812,81.17895,73.90769,8.956024,6.862421
23.5,121.5,2014-08-01,2014-11-17,108,25,18.849464,20.492983,17.620586,82.47952,4.0325975,6.3256836,87.15462,75.29873,4.731908,3.2756982
24.5,120.5,2014-08-01,2014-11-17,108,25,21.187943,22.86939,20.024717,77.613625,7.09527,1.3427734,82.95997,69.927376,8.204155,5.560684
23.5,120.5,2014-08-01,2014-11-17,108,25,18.962473,22.37232,16.7817,83.127205,2.2212663,1.9995117,91.740524,68.23159,3.0233757,1.5818034
24.5,121.5,2014-08-01,2014-11-17,108,25,16.78267,18.802982,15.467242,85.84046,3.3745146,7.807617,90.128525,77.7015,4.0416512,2.652265
22.5,121.5,2014-08-01,2014-11-17,108,25,23.334152,23.911118,22.728632,77.20298,8.847559,6.245117,80.73166,73.58646,9.897111,7.693072
22.5,120.5,2014-08-01,2014-11-17,108,25,22.140364,24.060913,20.975214,79.73707,2.3877273,1.3867188,85.76485,69.191376,2.9656327,1.8496559
24.5,120.5,2014-08-01,2014-11-18,109,25,21.225105,23.00359,20.091505,77.50186,6.334329,0.9033203,83.72563,68.615,7.5644984,4.949075
22.5,120.5,2014-08-01,2014-11-18,109,25,22.139246,24.241417,20.800415,78.891655,2.6217623,0.7446289,85.587364,67.411606,3.146839,2.077983
24.5,121.5,2014-08-01,2014-11-18,109,25,16.875652,18.980555,15.534567,84.46278,3.1614978,7.7368164,89.63738,74.76602,3.8408237,2.4076788
23.5,121.5,2014-08-01,2014-11-18,109,25,18.875887,20.534897,17.784351,81.522064,3.6642427,4.782715,86.549416,73.617584,4.472359,2.8144844
23.5,120.5,2014-08-01,2014-11-18,109,25,18.823582,22.482744,16.67608,82.06651,2.2168663,0.72021484,90.54361,66.01406,2.9246528,1.6202339
22.5,121.5,2014-08-01,2014-11-18,109,25,23.382702,23.979893,22.761015,77.06017,8.658053,3.6499023,80.7429,73.07701,9.922232,7.2827563
23.5,120.5,2014-08-01,2014-11-19,110,25,19.018274,22.70249,16.891115,83.14004,2.1948643,1.3720703,92.18732,67.574486,3.009059,1.5209166
22.5,121.5,2014-08-01,2014-11-19,110,25,23.61689,24.245146,23.076069,77.82489,8.403901,7.729492,81.206795,73.98381,9.678634,7.0147686
23.5,121.5,2014-08-01,2014-11-19,110,25,19.177494,20.9689,18.194073,82.32764,3.555251,7.416992,87.109024,73.873116,4.3270054,2.6586437
24.5,120.5,2014-08-01,2014-11-19,110,25,21.523296,23.201632,20.488638,78.31685,6.3488746,0.7519531,84.75048,69.221115,7.59231,4.778801
22.5,120.5,2014-08-01,2014-11-19,110,25,22.28939,24.357168,21.068964,79.94016,2.459937,3.0493164,86.61063,68.95104,3.132402,1.8607097
24.5,121.5,2014-08-01,2014-11-19,110,25,17.35265,19.378199,16.063404,85.15263,3.1185544,8.7890625,90.8196,75.41554,3.797016,2.3765888
24.5,120.5,2014-08-01,2014-11-20,111,25,21.403997,23.21061,20.198536,79.05462,6.7323766,1.2231445,84.78926,70.721634,7.896412,5.232767
23.5,121.5,2014-08-01,2014-11-20,111,25,19.21638,20.974848,18.102598,82.367805,3.7897298,8.859863,87.51035,74.252396,4.503887,2.9433725
24.5,121.5,2014-08-01,2014-11-20,111,25,17.304602,19.399202,15.981906,85.737625,3.3591874,11.401367,91.07234,76.59415,4.146005,2.4678106
23.5,120.5,2014-08-01,2014-11-20,111,25,18.97466,22.673481,16.795973,83.56382,2.3923602,1.2304688,92.0499,68.11817,3.2649412,1.6566199
22.5,121.5,2014-08-01,2014-11-20,111,25,23.663313,24.32539,23.061573,77.41853,8.52034,7.5561523,81.36799,73.17809,9.766457,7.135772
22.5,120.5,2014-08-01,2014-11-20,111,25,22.281614,24.437584,20.951109,80.54295,2.6211712,3.0932617,88.159004,68.46192,3.2134135,1.9442679
23.5,121.5,2014-08-01,2014-11-21,112,25,19.135408,21.010122,17.866251,81.59754,3.8920202,3.0374415,86.37402,73.900604,4.727638,2.9180677
24.5,120.5,2014-08-01,2014-11-21,112,25,20.79662,22.597593,19.45546,79.125656,6.909938,0.8499402,85.29641,71.51087,8.228233,5.019354
24.5,121.5,2014-08-01,2014-11-21,112,25,16.790545,19.21572,15.129879,85.31045,3.33143,6.401699,90.71489,76.02742,4.067876,2.5446367
22.5,120.5,2014-08-01,2014-11-21,112,25,21.99865,24.252188,20.491186,81.03885,2.5959496,1.6482812,87.94591,69.09152,3.3566782,1.9143453
23.5,120.5,2014-08-01,2014-11-21,112,25,18.72738,22.342031,16.528542,83.025734,2.7206488,0.62533206,91.612305,67.97547,3.5731084,1.9059316
22.5,121.5,2014-08-01,2014-11-21,112,25,23.389372,24.205166,22.630333,77.12952,8.430806,1.7068738,80.93871,72.592995,10.006148,6.761169
23.5,121.5,2014-08-01,2014-11-22,113,25,18.600885,20.444994,17.285803,81.296326,4.217568,5.1708984,86.20702,73.71602,4.9800787,3.2453218
24.5,120.5,2014-08-01,2014-11-22,113,25,20.323755,21.764946,19.248497,77.4449,7.744374,2.3779297,82.643936,70.821724,9.039271,5.9702806
22.5,121.5,2014-08-01,2014-11-22,113,25,22.93817,23.722095,22.207739,77.15517,8.959516,3.942871,80.81587,72.84703,10.365984,7.3706007
24.5,121.5,2014-08-01,2014-11-22,113,25,16.2427,18.237885,14.77631,84.34244,3.461099,9.521484,89.48898,76.16715,4.0909667,2.7039275
22.5,120.5,2014-08-01,2014-11-22,113,25,21.762173,23.898384,20.457584,79.23559,2.6634634,2.019043,85.264656,67.9783,3.2477217,2.0517588
23.5,120.5,2014-08-01,2014-11-22,113,25,18.37358,21.959166,16.155216,82.16825,2.7108915,1.7944336,91.25007,66.69316,3.713748,1.9090567
24.5,121.5,2014-08-01,2014-11-23,114,25,15.555068,17.565746,14.14298,85.60861,3.551142,13.930664,90.5683,77.38406,4.2950473,2.612385
22.5,121.5,2014-08-01,2014-11-23,114,25,22.534756,23.204361,21.856592,76.73509,9.290028,6.7041016,80.92815,72.976776,10.829757,7.5622168
23.5,120.5,2014-08-01,2014-11-23,114,25,18.08167,21.353867,16.096716,81.997314,2.6075191,4.2773438,90.352005,67.41888,3.3492799,1.879141
22.5,120.5,2014-08-01,2014-11-23,114,25,21.459541,23.279413,20.301407,78.50194,2.7137187,4.4873047,84.2569,68.73402,3.3547049,1.986307
24.5,120.5,2014-08-01,2014-11-23,114,25,20.072002,21.758795,18.803648,76.8403,7.750277,3.1762695,82.40851,69.25619,9.059569,6.0858397
23.5,121.5,2014-08-01,2014-11-23,114,25,17.964249,19.505037,16.856754,82.41177,4.2883277,11.025391,87.06807,75.281975,5.229212,3.143302
23.5,121.5,2014-08-01,2014-11-24,115,25,17.757977,19.374718,16.729181,80.88748,4.457002,5.463867,85.76329,73.31282,5.20815,3.6637945
24.5,120.5,2014-08-01,2014-11-24,115,25,19.858583,21.469467,18.736343,76.6188,7.697054,1.9921875,82.63108,68.7514,9.114059,6.258048
22.5,120.5,2014-08-01,2014-11-24,115,25,21.094053,23.05874,19.825695,78.02146,2.8063412,2.1850586,84.99363,67.71822,3.3688133,2.2025461
23.5,120.5,2014-08-01,2014-11-24,115,25,17.695126,21.197725,15.485914,81.45902,2.7102904,2.1386719,90.33883,66.37007,3.615254,2.0052276
22.5,121.5,2014-08-01,2014-11-24,115,25,22.346865,22.937569,21.770649,75.33448,9.787743,3.479004,79.69481,70.84129,10.937617,8.45524
24.5,121.5,2014-08-01,2014-11-24,115,25,15.330126,17.34046,14.029088,85.08663,3.5348523,8.391113,90.682465,76.1185,4.3595963,2.7127717
24.5,120.5,2014-08-01,2014-11-25,116,25,19.730618,21.183872,18.659733,76.428856,7.939823,1.4501953,81.79749,69.22751,9.1235695,6.327327
23.5,121.5,2014-08-01,2014-11-25,116,25,17.745892,19.427494,16.627266,82.035774,4.44361,6.442871,86.51787,74.27657,5.181802,3.633173
24.5,121.5,2014-08-01,2014-11-25,116,25,15.352043,17.11161,14.170934,85.5045,3.8203194,9.091797,90.28948,77.489426,4.4866905,2.9805515
22.5,120.5,2014-08-01,2014-11-25,116,25,20.950891,22.873663,19.81048,78.86911,2.6685898,2.6513672,84.92225,68.61995,3.1612253,2.172934
23.5,120.5,2014-08-01,2014-11-25,116,25,17.461496,21.060265,15.354576,81.93326,2.5990698,1.5039062,90.707726,66.729866,3.4785213,1.8596666
22.5,121.5,2014-08-01,2014-11-25,116,25,22.295618,22.937729,21.683828,77.540474,9.648757,4.658203,80.58863,74.5308,10.8913355,8.375447
22.5,121.5,2014-08-01,2014-11-26,117,25,22.459665,23.077173,21.919693,76.6177,9.053527,3.1763806,80.04123,72.70628,10.269235,7.840955
23.5,120.5,2014-08-01,2014-11-26,117,25,17.624392,21.040464,15.607164,82.84,2.2499368,1.7359498,91.31106,67.833046,2.9052143,1.7777894
22.5,120.5,2014-08-01,2014-11-26,117,25,21.061209,22.92878,19.896564,79.04005,2.6586654,1.7237427,84.638435,68.77671,3.1313088,2.2432919
24.5,121.5,2014-08-01,2014-11-26,117,25,15.795701,17.652416,14.781276,85.48456,3.3106272,8.825791,90.4336,76.82213,3.9088209,2.6306176
23.5,121.5,2014-08-01,2014-11-26,117,25,17.869314,19.546904,16.867575,82.47837,3.956262,7.5147557,87.32823,74.508156,4.689283,3.2293355
24.5,120.5,2014-08-01,2014-11-26,117,25,20.184021,21.85812,19.20568,77.409035,6.7321734,1.5040162,83.35038,69.00852,7.9109187,5.425341
23.5,120.5,2014-08-01,2014-11-27,118,25,17.958336,21.3392,15.927936,82.38923,2.508717,1.3745117,90.687675,67.785904,3.389369,1.7824916
22.5,121.5,2014-08-01,2014-11-27,118,25,22.572144,23.294693,21.905434,76.271286,9.160943,2.4560547,80.12919,72.13514,10.598677,7.593456
22.5,120.5,2014-08-01,2014-11-27,118,25,21.275074,23.266386,20.014973,78.622406,2.7422721,0.6933594,85.36033,67.60289,3.3001456,2.2073772
24.5,121.5,2014-08-01,2014-11-27,118,25,15.916167,17.797884,14.631803,85.44582,3.459098,9.440918,90.173164,77.59384,4.059401,2.7190368
24.5,120.5,2014-08-01,2014-11-27,118,25,20.191168,21.830229,19.058765,77.937164,7.2332597,2.1313477,83.99649,69.98076,8.491761,5.577236
23.5,121.5,2014-08-01,2014-11-27,118,25,18.063414,19.708231,16.925074,82.03604,4.1171684,4.8168945,86.883835,74.667435,4.8808894,3.2145927
23.5,121.5,2014-08-01,2014-11-28,119,25,18.087473,19.664162,17.07171,82.40238,3.9727476,6.491699,86.79429,75.576584,4.7135763,3.176608
24.5,120.5,2014-08-01,2014-11-28,119,25,20.169134,21.720566,19.18929,78.25762,7.0974565,1.0717773,83.66044,70.45362,8.219305,5.587154
22.5,120.5,2014-08-01,2014-11-28,119,25,21.398039,23.469707,20.162584,78.58226,2.5291457,0.7397461,84.848946,67.79355,3.0527627,2.0422716
24.5,121.5,2014-08-01,2014-11-28,119,25,15.927629,17.62339,14.8202505,85.91866,3.48301,10.566406,90.23796,78.56971,4.0838532,2.929297
22.5,121.5,2014-08-01,2014-11-28,119,25,22.564837,23.113169,22.081123,76.658455,9.096769,2.9833984,79.68592,73.77618,10.244883,7.921827
23.5,120.5,2014-08-01,2014-11-28,119,25,18.104582,21.760332,15.956173,82.14146,2.2986226,0.7739258,91.1891,66.19897,3.0163763,1.6797861
24.5,120.5,2014-08-01,2014-11-29,120,25,20.30005,21.846539,19.163029,79.40278,6.8664374,1.3818359,85.09546,71.92271,8.15328,5.107107
23.5,121.5,2014-08-01,2014-11-29,120,25,18.273293,19.824389,17.277735,83.35857,3.7442985,7.3339844,87.82631,76.30263,4.642837,2.8668025
24.5,121.5,2014-08-01,2014-11-29,120,25,16.171263,17.945795,14.860983,87.15572,3.4610717,12.370605,91.30622,79.8179,4.152294,2.720144
22.5,120.5,2014-08-01,2014-11-29,120,25,21.416594,23.373257,20.220251,80.290474,2.5854273,1.5917969,86.93583,69.41587,3.1031466,2.0349023
23.5,120.5,2014-08-01,2014-11-29,120,25,18.23392,21.63732,16.17213,83.14626,2.346791,1.2597656,91.796295,68.52468,3.129506,1.6534389
22.5,121.5,2014-08-01,2014-11-29,120,25,22.735716,23.30767,22.152626,77.594215,8.259582,4.182129,81.24172,73.80713,9.8523855,6.8225875
23.5,121.5,2014-08-01,2014-11-30,121,25,17.993189,19.543428,16.90273,83.78501,4.1026998,6.3460207,88.19295,77.37409,4.8950486,3.1175396
24.5,120.5,2014-08-01,2014-11-30,121,25,19.800278,21.293495,18.790953,79.0541,7.4749713,2.1565626,84.27027,71.56477,8.7155075,5.855118
24.5,121.5,2014-08-01,2014-11-30,121,25,15.709477,17.503683,14.465558,87.02097,3.4919186,10.103345,91.43352,79.874535,4.241718,2.6510725
23.5,120.5,2014-08-01,2014-11-30,121,25,17.967075,21.163427,15.992188,83.307274,2.5540385,1.4754101,90.78438,69.52805,3.420772,1.8669701
22.5,120.5,2014-08-01,2014-11-30,121,25,21.305414,23.296553,20.001245,80.21739,2.6927483,1.372871,85.71478,70.005554,3.2756913,2.1082067
22.5,121.5,2014-08-01,2014-11-30,121,25,22.45645,23.102924,21.875917,78.56389,8.986225,4.0071483,81.86116,75.297,10.1573715,7.5533943
24.5,120.5,2014-08-01,2014-12-01,122,25,19.661331,21.303432,18.367647,78.23817,7.8199706,1.2744837,83.56616,71.12918,9.190777,6.1221747
22.5,120.5,2014-08-01,2014-12-01,122,25,21.09344,23.082016,19.739943,79.673004,2.803807,2.1753614,85.8653,69.11736,3.4085946,2.222359
22.5,121.5,2014-08-01,2014-12-01,122,25,22.272306,22.941816,21.630634,77.39498,9.0853405,3.068916,81.19562,73.44199,10.462098,7.691138
23.5,121.5,2014-08-01,2014-12-01,122,25,17.795334,19.429396,16.695171,82.96591,4.183131,5.6763377,87.72185,76.732346,5.0302825,3.197559
23.5,120.5,2014-08-01,2014-12-01,122,25,17.830236,21.252363,15.819942,82.80486,2.7020276,1.7945019,90.824844,68.51819,3.5664437,1.8959923
24.5,121.5,2014-08-01,2014-12-01,122,25,15.414573,17.34195,13.968302,86.57953,3.5698166,7.900459,91.07352,79.47005,4.2654023,2.7578208
22.5,121.5,2014-08-01,2014-12-02,123,25,21.664085,22.319273,20.985073,76.18943,9.789166,3.0908203,79.099846,72.8165,11.209877,8.040213
22.5,120.5,2014-08-01,2014-12-02,123,25,20.493263,22.47625,19.13254,78.37109,2.901664,1.5478516,84.52141,68.45723,3.4993103,2.3223786
24.5,121.5,2014-08-01,2014-12-02,123,25,14.550237,16.501879,13.129347,85.404396,3.8215594,7.8051734,90.053185,77.999855,4.520024,3.0197115
24.5,120.5,2014-08-01,2014-12-02,123,25,18.982855,20.590967,17.757145,76.66587,8.000248,0.8691406,82.24458,69.23515,9.151853,6.4416356
23.5,121.5,2014-08-01,2014-12-02,123,25,17.061584,18.587244,15.838126,82.02031,4.5252004,4.9023438,86.01565,75.864365,5.2854486,3.5171893
23.5,120.5,2014-08-01,2014-12-02,123,25,17.058617,20.554844,14.731407,81.52549,2.710569,0.859375,90.2388,66.501945,3.54799,2.032332
22.5,120.5,2014-08-01,2014-12-03,124,25,20.254576,22.285244,18.972218,77.688866,2.783295,1.3549805,84.53805,66.66769,3.3089657,2.283554
22.5,121.5,2014-08-01,2014-12-03,124,25,21.670864,22.376518,20.986988,75.21356,9.73263,4.716797,78.833244,71.43779,10.720943,8.704831
23.5,120.5,2014-08-01,2014-12-03,124,25,16.803032,20.553604,14.703102,81.73454,2.5240605,1.0351562,91.21788,65.326004,3.3909063,1.8170142
24.5,120.5,2014-08-01,2014-12-03,124,25,19.098228,20.777334,17.931433,76.957054,7.6888103,0.87158203,82.276886,69.512024,8.821379,6.1168566
23.5,121.5,2014-08-01,2014-12-03,124,25,17.016138,18.63204,15.968048,81.75389,4.377457,5.793457,86.55662,74.322556,5.0643315,3.5620506
24.5,121.5,2014-08-01,2014-12-03,124,25,14.764536,16.686327,13.430016,85.28128,3.643378,8.913571,89.81831,77.40295,4.3012133,2.870101
24.5,121.5,2014-08-01,2014-12-04,125,25,14.6363945,16.38255,13.36752,85.224655,3.807923,9.279785,89.54619,78.31106,4.405076,3.0706065
23.5,121.5,2014-08-01,2014-12-04,125,25,16.90903,18.473448,15.708434,81.57793,4.535091,6.6259766,85.86663,75.04821,5.278526,3.5059044
24.5,120.5,2014-08-01,2014-12-04,125,25,19.149948,20.817862,17.947975,76.09832,7.5972314,1.1547852,82.26033,68.06636,8.61747,6.0716057
23.5,120.5,2014-08-01,2014-12-04,125,25,16.902039,20.429527,14.715333,81.81054,2.4468012,1.7578125,90.01392,66.900764,3.2236788,1.7718911
22.5,121.5,2014-08-01,2014-12-04,125,25,21.648737,22.263256,20.986187,75.76014,10.30218,5.007324,79.7884,72.086174,11.505658,8.802207
22.5,120.5,2014-08-01,2014-12-04,125,25,20.278366,22.10687,19.001524,77.9241,2.8871677,2.5805664,84.66248,68.58455,3.4496808,2.32353
22.5,121.5,2014-08-01,2014-12-05,126,25,21.786812,22.348305,21.204731,76.3481,9.588159,4.4506836,79.57427,72.88127,10.910244,8.334547
23.5,121.5,2014-08-01,2014-12-05,126,25,17.081947,18.531113,16.148663,82.42542,4.1445036,6.945801,86.45452,76.080414,4.987118,3.3924453
24.5,120.5,2014-08-01,2014-12-05,126,25,19.246967,20.881147,18.077335,77.35513,7.3446217,0.8886719,82.84423,69.70133,8.8361025,5.586087
24.5,121.5,2014-08-01,2014-12-05,126,25,14.991011,16.851269,13.81401,85.19459,3.5915918,8.327637,89.8434,77.192345,4.4276767,2.792156
23.5,120.5,2014-08-01,2014-12-05,126,25,17.07064,20.5981,15.235621,81.46423,2.45349,1.2988281,89.829895,65.91276,3.160327,1.741739
22.5,120.5,2014-08-01,2014-12-05,126,25,20.484331,22.428492,19.396349,77.3303,2.935896,1.3378906,83.432755,67.191025,3.5062025,2.398387
23.5,121.5,2014-08-01,2014-12-06,127,25,16.948042,18.51215,15.809596,81.58715,4.5885663,8.012695,86.35798,74.63289,5.3701077,3.6921074
23.5,120.5,2014-08-01,2014-12-06,127,25,17.007418,20.344118,14.856402,80.83818,2.69357,1.4355469,88.72015,66.92749,3.4826853,2.078716
24.5,121.5,2014-08-01,2014-12-06,127,25,14.504175,16.177423,13.308414,85.67891,3.897258,11.92627,90.39122,78.61547,4.5934916,3.0310307
22.5,120.5,2014-08-01,2014-12-06,127,25,20.356401,22.383705,18.991207,77.994316,2.9318888,4.0234375,84.61792,67.46181,3.5697694,2.2869387
22.5,121.5,2014-08-01,2014-12-06,127,25,21.532202,22.209423,20.92728,76.66733,10.035639,7.2216797,80.481346,72.88877,11.165911,8.733348
24.5,120.5,2014-08-01,2014-12-06,127,25,18.887846,20.292608,17.944958,76.23055,8.16829,1.6015625,81.56179,69.416595,9.285476,6.6758714
22.5,120.5,2014-08-01,2014-12-07,128,25,20.092041,22.06918,18.873829,78.616104,3.044369,3.0419922,84.6677,68.12647,3.6270444,2.4358552
22.5,121.5,2014-08-01,2014-12-07,128,25,21.487411,22.137749,20.792534,77.43769,9.486073,6.6088867,81.12331,74.110176,10.940254,8.036967
23.5,120.5,2014-08-01,2014-12-07,128,25,16.547314,20.1341,14.327154,81.947586,2.6317694,2.5878906,90.5366,66.58603,3.4687617,1.864843
24.5,120.5,2014-08-01,2014-12-07,128,25,18.77708,20.323265,17.645811,77.74492,7.7382545,2.0874023,83.03998,70.3561,9.011524,5.961722
23.5,121.5,2014-08-01,2014-12-07,128,25,16.783154,18.357103,15.730182,82.85833,4.185205,7.495117,87.94083,76.11865,5.1581316,3.1906273
24.5,121.5,2014-08-01,2014-12-07,128,25,14.4775095,16.089071,13.308629,86.56983,3.571478,10.539551,91.19914,79.82677,4.3549156,2.662536
24.5,121.5,2014-08-01,2014-12-08,129,25,14.419368,16.421677,13.02255,85.54003,3.4300473,11.37207,90.72205,77.32473,4.2946186,2.4744477
23.5,121.5,2014-08-01,2014-12-08,129,25,16.80509,18.427628,15.704347,82.769264,4.067265,11.335449,87.23879,76.2059,4.982272,3.1676736
24.5,120.5,2014-08-01,2014-12-08,129,25,18.542297,20.043394,17.384815,77.9302,7.2073693,4.1601562,83.45577,70.92404,8.691623,5.48085
22.5,120.5,2014-08-01,2014-12-08,129,25,20.031555,21.850727,18.828976,79.11874,3.0700424,6.418457,85.4241,69.27029,3.9006011,2.3276675
23.5,120.5,2014-08-01,2014-12-08,129,25,16.361029,19.590656,14.371686,82.824524,2.4858854,6.286621,91.06055,68.67376,3.3425305,1.759486
22.5,121.5,2014-08-01,2014-12-08,129,25,21.376732,22.0404,20.708735,77.783485,9.147999,8.864746,80.87428,74.223495,10.505063,7.7379937
23.5,121.5,2014-08-01,2014-12-09,130,25,16.715025,18.23971,15.593136,81.64124,4.016672,10.371094,85.86829,74.627365,4.974978,2.8724108
23.5,120.5,2014-08-01,2014-12-09,130,25,16.2169,19.573856,14.141109,83.46163,2.3537478,5.126953,91.759766,68.05811,3.0483963,1.7391133
22.5,121.5,2014-08-01,2014-12-09,130,25,21.401508,22.031157,20.665771,75.785965,9.136757,7.8564453,79.75642,72.25014,10.669228,7.4650283
24.5,121.5,2014-08-01,2014-12-09,130,25,14.472622,16.537796,13.122785,85.347404,3.434551,10.927734,90.088104,76.56034,4.194784,2.4801443
22.5,120.5,2014-08-01,2014-12-09,130,25,19.892544,21.615107,18.725538,78.93758,2.7984586,6.9262695,84.12776,70.06759,3.4658935,2.225735
24.5,120.5,2014-08-01,2014-12-09,130,25,18.618052,20.524717,17.35734,78.05441,6.7432866,3.0786133,84.25411,68.97372,8.155011,5.013409
22.5,121.5,2014-08-01,2014-12-10,131,25,21.573338,22.099419,21.093594,76.48857,8.022532,3.4667969,79.9358,72.91883,9.408676,6.429618
22.5,120.5,2014-08-01,2014-12-10,131,25,20.148182,22.105484,18.965822,78.11587,2.7421463,0.65185547,84.542274,67.28354,3.2961178,2.233226
24.5,121.5,2014-08-01,2014-12-10,131,25,14.666814,16.779085,13.41088,85.94183,2.966607,7.3168945,91.1341,76.914505,3.7095945,2.0789425
24.5,120.5,2014-08-01,2014-12-10,131,25,18.502575,20.123627,17.466915,78.95092,6.2056646,1.1621094,84.819084,70.48318,7.3244305,4.6748652
23.5,121.5,2014-08-01,2014-12-10,131,25,16.87029,18.538597,15.91378,81.820786,3.334752,4.5874023,86.53666,74.456085,4.30348,2.2748156
23.5,120.5,2014-08-01,2014-12-10,131,25,16.168612,19.787983,14.055426,83.0698,2.3881161,0.4736328,91.80803,67.59251,3.0898876,1.7643961
23.5,121.5,2014-08-01,2014-12-11,132,25,17.015495,18.789732,15.947204,82.53252,3.4175675,4.86084,87.24213,74.94072,4.094615,2.5944343
24.5,120.5,2014-08-01,2014-12-11,132,25,18.668327,20.42138,17.541842,78.526215,6.539284,0.63720703,84.92351,69.87606,7.5547667,5.244587
24.5,121.5,2014-08-01,2014-12-11,132,25,14.87569,17.148722,13.461642,85.7346,3.3173087,6.9555664,90.89085,76.3648,3.9194682,2.680946
22.5,121.5,2014-08-01,2014-12-11,132,25,21.71784,22.325249,21.090303,77.36533,7.9990845,3.2250977,81.03002,73.35403,9.276541,6.4172683
22.5,120.5,2014-08-01,2014-12-11,132,25,20.282469,22.436918,18.994797,79.16479,2.713731,1.6333008,85.95842,67.57819,3.2942019,2.137517
23.5,120.5,2014-08-01,2014-12-11,132,25,16.527624,20.389654,14.464376,82.66231,2.3786707,0.7885742,91.486885,66.73875,3.1943457,1.7251629
23.5,121.5,2014-08-01,2014-12-12,133,25,16.919336,18.611431,15.737144,82.154274,3.6254165,4.9321485,86.74369,75.138664,4.6158867,2.5797677
24.5,120.5,2014-08-01,2014-12-12,133,25,18.417559,20.020782,17.327082,78.84027,6.6411595,1.3823462,84.22206,71.08625,8.080622,4.962006
24.5,121.5,2014-08-01,2014-12-12,133,25,14.640176,16.705294,13.305519,85.32676,3.2913358,7.502949,90.09542,76.41041,4.1230736,2.2446146
23.5,120.5,2014-08-01,2014-12-12,133,25,16.523672,20.045353,14.371783,82.76919,2.4596102,0.9551001,91.121994,67.776886,3.3924046,1.6302105
22.5,121.5,2014-08-01,2014-12-12,133,25,21.529219,22.15203,20.930176,76.235054,8.182374,2.6445508,80.12202,72.09494,9.77627,6.487447
22.5,120.5,2014-08-01,2014-12-12,133,25,20.196993,22.30582,18.94637,78.960915,2.8418274,1.2480688,85.253914,68.3534,3.4334238,2.2037792
24.5,120.5,2014-08-01,2014-12-13,134,25,18.47705,20.136005,17.457878,77.58117,7.056273,1.2184595,83.4666,69.10596,8.252673,5.733187
23.5,121.5,2014-08-01,2014-12-13,134,25,16.78289,18.451733,15.685172,81.830536,3.9810278,4.648638,86.060295,74.6591,4.89328,2.9693527
24.5,121.5,2014-08-01,2014-12-13,134,25,14.514356,16.552797,13.259372,85.566025,3.511684,8.005571,90.334236,76.87054,4.260796,2.698781
22.5,120.5,2014-08-01,2014-12-13,134,25,20.11914,22.121372,18.89111,78.18801,2.869639,0.9474634,84.56458,67.807434,3.4513857,2.3148165
22.5,121.5,2014-08-01,2014-12-13,134,25,21.498066,22.10791,20.830576,75.3647,8.657474,2.0509815,78.8193,71.79122,9.934408,7.121819
23.5,120.5,2014-08-01,2014-12-13,134,25,16.588007,20.17059,14.637262,81.55814,2.5206337,0.6056665,89.907005,66.41559,3.2327826,1.9010415
22.5,121.5,2014-08-01,2014-12-14,135,25,21.133623,21.90318,20.419132,76.41778,9.34634,2.9961963,80.492805,72.19254,10.628718,7.8753395
23.5,121.5,2014-08-01,2014-12-14,135,25,16.374033,18.138412,15.168087,82.41705,4.302354,5.703716,86.934906,75.132576,5.107092,3.203735
23.5,120.5,2014-08-01,2014-12-14,135,25,16.2462,19.761284,14.132047,81.767006,2.5473588,1.0625976,90.06477,67.00809,3.3041384,1.8671988
24.5,120.5,2014-08-01,2014-12-14,135,25,18.104815,19.69102,16.990578,77.03489,7.603525,0.8648437,82.95152,69.29512,8.593097,6.2063847
24.5,121.5,2014-08-01,2014-12-14,135,25,13.899795,15.826694,12.610553,85.92504,3.7037215,8.396587,90.34704,78.6426,4.384804,2.8723667
22.5,120.5,2014-08-01,2014-12-14,135,25,19.831064,21.79685,18.547935,78.36859,2.9336338,1.4336914,85.48392,68.26938,3.5012107,2.2734928
22.5,120.5,2014-08-01,2014-12-15,136,25,19.6499,21.561914,18.452126,78.21821,2.692341,0.9375,84.43671,68.06633,3.1900232,2.1957097
22.5,121.5,2014-08-01,2014-12-15,136,25,20.998377,21.523842,20.450846,75.90989,8.848252,2.475586,79.7834,71.96208,9.9763565,7.693948
23.5,120.5,2014-08-01,2014-12-15,136,25,16.1907,19.902853,14.202946,81.96384,2.2707362,0.6323242,91.07489,65.5554,3.0049996,1.654382
24.5,121.5,2014-08-01,2014-12-15,136,25,14.10574,16.09631,12.896422,85.67267,3.2740796,6.899414,90.31944,77.22453,3.8975866,2.5864
23.5,121.5,2014-08-01,2014-12-15,136,25,16.186619,17.791212,15.217765,82.54174,3.7605033,4.777832,87.13683,75.160355,4.6049347,2.9161608
24.5,120.5,2014-08-01,2014-12-15,136,25,18.326208,20.050919,17.294914,78.05864,6.8463182,0.9741211,83.66084,69.32175,8.088361,5.199362
22.5,120.5,2014-08-01,2014-12-16,137,25,19.748224,21.777597,18.482214,78.46112,2.8004284,2.0190625,85.03105,68.45853,3.3433475,2.2756553
23.5,120.5,2014-08-01,2014-12-16,137,25,16.194885,19.9483,14.052546,82.04324,2.479761,1.2719922,90.79113,65.76464,3.3976731,1.7918062
24.5,120.5,2014-08-01,2014-12-16,137,25,18.114378,19.820858,16.957056,77.648476,6.962528,1.5942578,83.82181,69.54412,7.930354,5.7719865
22.5,121.5,2014-08-01,2014-12-16,137,25,21.14596,21.796593,20.499126,75.79282,8.701057,4.8608594,79.53972,71.94555,10.181992,6.9170504
23.5,121.5,2014-08-01,2014-12-16,137,25,16.401175,18.13748,15.181676,81.88494,3.8249977,5.6738477,86.630066,74.4261,4.638329,2.820598
24.5,121.5,2014-08-01,2014-12-16,137,25,14.153381,16.216434,12.745431,85.10651,3.499577,6.8994336,90.10174,77.059875,4.1838503,2.684019
24.5,121.5,2014-08-01,2014-12-17,138,25,13.93272,15.892078,12.6565,85.620575,3.4743445,8.425806,90.63381,76.97717,4.1052947,2.7816205
23.5,121.5,2014-08-01,2014-12-17,138,25,16.15475,17.78289,15.053317,82.3601,4.062898,7.6933837,86.98232,74.8196,4.6868124,3.3440256
24.5,120.5,2014-08-01,2014-12-17,138,25,17.977036,19.61911,16.900646,77.86105,7.0482793,1.5654565,84.129074,69.481186,8.238457,5.460008
22.5,120.5,2014-08-01,2014-12-17,138,25,19.684088,21.847002,18.425577,77.74213,2.7755663,1.9145752,84.81501,66.30441,3.3776395,2.2027946
22.5,121.5,2014-08-01,2014-12-17,138,25,20.916977,21.49231,20.339333,76.30556,9.221834,4.268093,80.22118,72.75528,10.422738,7.988015
23.5,120.5,2014-08-01,2014-12-17,138,25,16.031801,19.810751,13.904675,82.11282,2.3697138,2.2246337,91.22743,65.36737,3.1404834,1.736225
23.5,120.5,2014-08-01,2014-12-18,139,25,15.9558935,19.680477,13.841813,82.35927,2.4155087,2.1438036,90.79033,66.5536,3.1802814,1.8495036
22.5,121.5,2014-08-01,2014-12-18,139,25,20.859917,21.353212,20.306051,76.062645,8.763798,7.7150855,78.6858,73.021675,9.82449,7.6914
22.5,120.5,2014-08-01,2014-12-18,139,25,19.575659,21.522743,18.386568,78.33549,2.6209235,2.995852,84.3493,68.18049,3.124298,2.156651
24.5,120.5,2014-08-01,2014-12-18,139,25,17.935015,19.560165,16.801012,77.93167,7.098316,2.2756324,83.02526,70.03914,8.443324,5.7128234
23.5,121.5,2014-08-01,2014-12-18,139,25,16.112339,17.74308,15.004743,82.689354,3.9682739,8.210696,86.9094,75.99097,4.66302,3.2773995
24.5,121.5,2014-08-01,2014-12-18,139,25,13.833335,15.80558,12.46753,86.22649,3.353764,8.83814,90.673805,78.07557,4.0648484,2.5905325
24.5,121.5,2014-08-01,2014-12-19,140,25,13.557429,15.58289,12.17273,84.926865,3.386464,6.8847656,89.86451,76.33833,4.0494695,2.657321
23.5,121.5,2014-08-01,2014-12-19,140,25,15.95948,17.653646,14.85026,81.43663,4.0593743,5.073242,85.91339,73.87823,4.790878,3.238743
22.5,120.5,2014-08-01,2014-12-19,140,25,19.345144,21.292646,18.08958,78.13279,2.7445948,1.6259766,84.51216,67.78555,3.3178933,2.0638266
23.5,120.5,2014-08-01,2014-12-19,140,25,15.629324,19.244677,13.607662,81.98752,2.5313954,1.8920898,90.78251,65.82626,3.369935,1.8591152
24.5,120.5,2014-08-01,2014-12-19,140,25,17.53409,19.074764,16.473263,77.64046,7.158168,1.4770508,83.41591,70.22347,8.247848,5.6315236
22.5,121.5,2014-08-01,2014-12-19,140,25,20.70448,21.342226,20.03785,75.67036,9.080714,3.7939453,79.37927,71.97548,10.246714,7.825954
23.5,121.5,2014-08-01,2014-12-20,141,25,16.152033,17.9045,14.982189,81.21442,4.1023903,4.626465,86.22748,73.91435,4.801771,3.220896
24.5,121.5,2014-08-01,2014-12-20,141,25,13.71094,15.765128,12.325963,85.14497,3.35945,6.3745117,89.9862,76.60991,4.0251403,2.6579838
24.5,120.5,2014-08-01,2014-12-20,141,25,17.492815,19.077316,16.270723,78.53317,7.0831356,2.6733398,84.00123,71.277466,8.445005,5.6182027
23.5,120.5,2014-08-01,2014-12-20,141,25,15.677307,19.3327,13.5006895,82.66564,2.5801246,2.4047852,91.13969,67.00874,3.378544,1.8762097
22.5,121.5,2014-08-01,2014-12-20,141,25,20.797659,21.425034,20.173077,75.44581,8.93355,2.2338867,78.7316,71.78849,10.054273,7.606901
22.5,120.5,2014-08-01,2014-12-20,141,25,19.36512,21.295435,18.087091,78.1865,2.9234214,1.6845703,84.36036,67.954544,3.5119324,2.3079526
22.5,120.5,2014-08-01,2014-12-21,142,25,19.271587,21.388882,17.950232,77.85251,2.9478157,1.0766602,84.42753,66.90936,3.6088052,2.277653
23.5,121.5,2014-08-01,2014-12-21,142,25,15.935221,17.758648,14.619982,81.27833,4.0214467,3.6865234,85.81922,74.04961,5.188086,2.8803365
23.5,120.5,2014-08-01,2014-12-21,142,25,15.438307,19.096071,13.309767,82.109375,2.5966601,0.99365234,91.14098,66.3408,3.3808427,1.7987199
24.5,120.5,2014-08-01,2014-12-21,142,25,17.383717,19.129854,16.058302,77.52311,7.041895,1.1401367,83.820625,69.383675,8.5084715,5.2293615
24.5,121.5,2014-08-01,2014-12-21,142,25,13.504381,15.773726,11.860387,85.13442,3.4660082,6.2304688,90.4941,76.02613,4.2452683,2.476968
22.5,121.5,2014-08-01,2014-12-21,142,25,20.71645,21.546387,19.840826,75.677536,8.648468,2.109375,79.631134,71.46323,10.555312,6.7983265
23.5,121.5,2014-08-01,2014-12-22,143,25,15.559463,17.31757,14.375772,82.46642,4.0402975,6.1181617,87.31062,74.60255,4.9217157,3.0061986
22.5,121.5,2014-08-01,2014-12-22,143,25,20.325596,20.97378,19.647232,76.939285,8.735181,4.2749023,80.1106,73.28792,10.024812,7.350466
22.5,120.5,2014-08-01,2014-12-22,143,25,19.00956,20.927256,17.763208,78.09494,3.0395825,2.463379,84.2719,68.01511,3.6517496,2.3389812
23.5,120.5,2014-08-01,2014-12-22,143,25,15.191904,18.582726,13.206847,81.75372,2.7203019,1.1450195,89.866745,67.16651,3.6385543,1.8754752
24.5,120.5,2014-08-01,2014-12-22,143,25,16.904541,18.500265,15.65585,77.57154,7.457254,0.94970703,82.88523,70.72475,8.613815,6.0258055
24.5,121.5,2014-08-01,2014-12-22,143,25,13.01165,15.062843,11.510367,85.96001,3.4644156,7.915039,90.76754,77.934105,4.2287545,2.5645254
22.5,121.5,2014-08-01,2014-12-23,144,25,20.220903,20.847002,19.555779,77.119194,8.776421,3.6132812,80.63079,73.392654,10.207046,7.257257
22.5,120.5,2014-08-01,2014-12-23,144,25,18.841509,20.688326,17.580835,77.8834,2.9570162,1.7553711,83.91883,67.66584,3.447869,2.4212356
24.5,121.5,2014-08-01,2014-12-23,144,25,12.94104,14.796647,11.72315,86.20608,3.4799008,8.366699,90.798035,77.7736,4.1172743,2.6929812
23.5,120.5,2014-08-01,2014-12-23,144,25,15.062818,18.376608,13.07546,81.91669,2.65749,1.9482422,90.21534,67.040726,3.4774594,1.8886728
24.5,120.5,2014-08-01,2014-12-23,144,25,16.90563,18.350475,15.814548,77.5609,7.5190544,1.0864258,82.57899,70.53165,8.735392,5.942606
23.5,121.5,2014-08-01,2014-12-23,144,25,15.411001,16.985748,14.216989,83.01587,4.046305,7.1362305,87.76921,75.77744,4.835143,3.1438901
24.5,120.5,2014-08-01,2014-12-24,145,25,16.821966,18.346909,15.709899,77.56416,7.324308,1.8554688,83.41869,69.7026,8.548018,5.881923
22.5,120.5,2014-08-01,2014-12-24,145,25,18.699446,20.673643,17.475557,77.8148,2.9088545,3.6059594,84.02634,67.42579,3.4915988,2.326599
22.5,121.5,2014-08-01,2014-12-24,145,25,20.036087,20.574556,19.446661,76.17258,8.751828,5.456543,79.54765,72.55459,9.820748,7.792797
23.5,120.5,2014-08-01,2014-12-24,145,25,14.927766,18.386425,12.940992,82.20664,2.619026,2.8295898,90.69296,66.75785,3.4587388,1.8761911
23.5,121.5,2014-08-01,2014-12-24,145,25,15.2157345,16.746815,14.129322,82.638596,3.876507,7.507324,87.09791,76.07754,4.5587115,3.1647825
24.5,121.5,2014-08-01,2014-12-24,145,25,12.749094,14.632441,11.430758,85.620155,3.3463268,8.105469,90.52092,77.40619,3.9960825,2.677907
22.5,121.5,2014-08-01,2014-12-25,146,25,19.836067,20.554005,19.126661,76.781364,8.747553,3.425293,80.187805,72.97417,9.953107,7.601856
23.5,121.5,2014-08-01,2014-12-25,146,25,15.009719,16.719547,13.810025,82.38495,3.910816,5.4223633,86.674835,75.21709,4.8728714,2.9775758
23.5,120.5,2014-08-01,2014-12-25,146,25,14.546789,17.957008,12.654635,81.86923,2.7173214,1.796875,89.485695,67.660645,3.5312202,1.9844795
24.5,120.5,2014-08-01,2014-12-25,146,25,16.273117,17.750835,15.0954895,77.27679,7.3387823,1.3452148,82.110886,70.577675,8.822182,5.7099113
24.5,121.5,2014-08-01,2014-12-25,146,25,12.366926,14.499195,10.742511,85.60306,3.1915672,7.0410156,90.103065,77.2761,4.0472074,2.2836251
22.5,120.5,2014-08-01,2014-12-25,146,25,18.480345,20.349302,17.235498,78.194885,3.0349085,1.7895508,84.17065,68.70764,3.53704,2.5529096
23.5,121.5,2014-08-01,2014-12-26,147,25,14.800488,16.526909,13.618497,81.48532,3.8520572,5.3808594,85.81443,74.59777,4.5793533,2.998789
24.5,121.5,2014-08-01,2014-12-26,147,25,12.134141,14.169622,10.880358,85.438614,3.1785123,6.8408203,90.19737,76.80993,3.78507,2.4641757
24.5,120.5,2014-08-01,2014-12-26,147,25,16.104805,17.607592,15.135114,76.55518,7.0522323,2.3217773,81.62021,69.344124,8.035994,5.7990136
22.5,121.5,2014-08-01,2014-12-26,147,25,19.652988,20.289204,19.019014,75.57162,8.296982,2.4780273,79.429276,71.89854,9.420969,6.915346
22.5,120.5,2014-08-01,2014-12-26,147,25,18.373457,20.455248,17.077677,76.78902,2.8599885,1.6748047,83.34163,66.010574,3.4022052,2.3450668
23.5,120.5,2014-08-01,2014-12-26,147,25,14.3525,17.974545,12.183659,81.2133,2.6197433,1.9165039,89.60391,65.74425,3.5219355,1.8932475
24.5,121.5,2014-08-01,2014-12-27,148,25,12.858429,14.819147,11.539362,84.64275,2.8358164,6.821289,90.16348,75.0539,3.4991848,1.9799228
23.5,121.5,2014-08-01,2014-12-27,148,25,15.093956,16.800552,13.975036,80.678734,3.3093097,4.7192383,85.94406,72.241165,4.2473817,2.1949658
23.5,120.5,2014-08-01,2014-12-27,148,25,14.493664,18.29254,12.334703,81.495186,2.2023218,1.6821289,90.87318,63.902077,2.9180963,1.5696611
24.5,120.5,2014-08-01,2014-12-27,148,25,16.844698,18.546446,15.617135,76.816376,6.258787,2.019043,83.4466,67.13414,7.4235954,4.629103
22.5,121.5,2014-08-01,2014-12-27,148,25,20.001905,20.658648,19.281174,74.01735,7.5026,2.619629,77.66004,69.81606,8.850097,6.0749183
22.5,120.5,2014-08-01,2014-12-27,148,25,18.42005,20.471525,17.075808,76.886955,2.5343938,0.9741211,83.15818,65.40151,3.128761,1.9589093
22.5,120.5,2014-08-01,2014-12-28,149,25,18.663237,20.804296,17.347408,76.3664,3.098009,0.72998047,82.94855,65.53433,3.7501109,2.4889922
24.5,120.5,2014-08-01,2014-12-28,149,25,16.581518,18.332375,15.538863,77.21199,7.1418953,0.53222656,82.98453,69.28923,8.306829,5.530308
22.5,121.5,2014-08-01,2014-12-28,149,25,20.035091,20.740908,19.300295,75.36861,8.128858,2.775879,79.3687,71.30644,9.935108,6.131967
23.5,120.5,2014-08-01,2014-12-28,149,25,14.6292715,18.514122,12.606593,81.27493,2.5508442,0.3540039,89.30839,64.861725,3.4257946,1.8121164
23.5,121.5,2014-08-01,2014-12-28,149,25,15.130424,16.983986,13.879034,81.811676,3.884827,5.3393555,86.63186,74.109604,4.7970195,2.790451
24.5,121.5,2014-08-01,2014-12-28,149,25,12.631674,14.894166,11.062301,85.19238,3.3074203,6.1035156,90.14791,76.63868,3.9783762,2.4662385
24.5,121.5,2014-08-01,2014-12-29,150,25,12.064488,14.246149,10.722751,84.22077,3.2204525,5.2807617,89.22659,74.791374,3.9874952,2.3814774
22.5,120.5,2014-08-01,2014-12-29,150,25,18.38525,20.381617,17.071476,75.71803,2.7045689,1.1279297,81.89879,64.9527,3.3465917,2.1407795
24.5,120.5,2014-08-01,2014-12-29,150,25,16.310173,18.059507,15.144532,75.889854,7.024858,0.71777344,81.78638,66.887596,8.372948,5.377569
22.5,121.5,2014-08-01,2014-12-29,150,25,19.596266,20.263346,18.877287,74.644226,8.60863,2.8222656,79.221725,70.69511,10.258531,7.0200353
23.5,120.5,2014-08-01,2014-12-29,150,25,14.398551,18.254585,12.20003,80.27854,2.469806,0.8203125,89.48897,63.421566,3.248754,1.7617546
23.5,121.5,2014-08-01,2014-12-29,150,25,14.570719,16.207579,13.396984,80.85202,3.8165765,5.0805664,85.50592,73.88009,4.755179,2.7860165
22.5,120.5,2014-08-01,2014-12-30,151,25,18.24265,20.000587,17.021002,75.51851,2.9451516,3.2492797,81.72297,65.889084,3.6365676,2.2026637
24.5,121.5,2014-08-01,2014-12-30,151,25,12.19761,14.326024,10.75735,84.71203,2.9540489,6.5134425,90.10154,75.01222,3.6554008,2.0973287
24.5,120.5,2014-08-01,2014-12-30,151,25,16.261438,18.004725,15.072936,77.30043,6.2491856,1.9016248,84.07336,68.413956,7.8004518,4.4433045
23.5,120.5,2014-08-01,2014-12-30,151,25,14.030071,17.672665,11.755909,81.38459,2.3560967,2.3459594,91.08539,65.65788,2.9836826,1.7604043
23.5,121.5,2014-08-01,2014-12-30,151,25,14.5497,16.182587,13.409508,80.69604,3.2384157,6.2253566,85.44737,73.406395,4.252774,2.1718245
22.5,121.5,2014-08-01,2014-12-30,151,25,19.695267,20.313217,18.971682,73.49253,7.576863,4.4651003,76.96336,69.91617,9.173051,5.854137
24.5,121.5,2014-08-01,2014-12-31,152,25,12.726937,15.118116,11.317111,84.74375,2.681703,4.8828125,90.24052,73.36926,3.4829812,1.8782507
23.5,121.5,2014-08-01,2014-12-31,152,25,14.881117,16.620695,13.801641,81.11873,2.803518,4.436035,86.18786,72.675415,3.7948334,1.8962035
23.5,120.5,2014-08-01,2014-12-31,152,25,14.183715,18.122726,12.08861,81.95071,2.2775674,0.7861328,91.33335,64.28441,3.0002756,1.63525
24.5,120.5,2014-08-01,2014-12-31,152,25,16.453754,18.14546,15.357858,79.06899,5.494786,1.0742188,84.94011,69.74736,6.9028783,3.8250918
22.5,121.5,2014-08-01,2014-12-31,152,25,19.904945,20.453165,19.301857,74.46121,6.812796,2.5585938,78.43733,70.52439,8.198879,5.335981
22.5,120.5,2014-08-01,2014-12-31,152,25,18.308813,20.447102,17.073877,76.92529,2.7176135,0.56396484,84.175674,64.39427,3.3443131,2.1284993
