latitude,longitude,init_date,valid_date,lead_day,ens_n,t2m_C,t2m_C_max,t2m_C_min,rh_pct,wind_mps,tp_mm_mean,rh_pct_max,rh_pct_min,wind_mps_max,wind_mps_min
23.0,121.0,2000-12-01,2000-12-01,0,25,20.897793,23.035845,19.653112,82.05686,3.9863317,0.0,87.37065,72.64689,4.367876,3.7010643
25.0,121.0,2000-12-01,2000-12-01,0,25,20.296026,20.617188,20.045547,76.10319,8.959346,0.0,77.788376,74.28452,9.693308,8.091633
23.0,120.0,2000-12-01,2000-12-01,0,25,22.089394,23.324848,21.36535,81.509964,7.807333,0.0,84.464355,76.9054,8.08382,7.477245
24.0,122.0,2000-12-01,2000-12-01,0,25,21.101482,21.947798,20.597422,79.27962,7.226329,0.0,81.02795,77.329185,8.066679,6.4993873
22.0,122.0,2000-12-01,2000-12-01,0,25,24.647764,25.028114,24.361933,78.63148,11.960158,0.0,79.91094,77.054695,12.367737,11.508409
23.0,122.0,2000-12-01,2000-12-01,0,25,21.81345,22.907343,21.165361,80.67062,8.107051,0.0,83.29817,76.88954,8.518211,7.643555
25.0,122.0,2000-12-01,2000-12-01,0,25,21.681364,21.850292,21.477842,75.29171,9.013743,0.0,77.5494,73.496,9.966678,8.02372
24.0,120.0,2000-12-01,2000-12-01,0,25,20.890007,21.352266,20.584726,79.90013,10.921972,0.0,80.64815,79.14557,11.3708105,10.378491
24.0,121.0,2000-12-01,2000-12-01,0,25,19.699638,21.061792,18.89885,80.29003,7.1699367,0.0,83.359955,75.23194,7.8142443,6.554227
22.0,121.0,2000-12-01,2000-12-01,0,25,23.730415,25.158018,22.826782,79.83074,7.8068647,0.0,83.61455,73.09838,8.071724,7.4918847
25.0,120.0,2000-12-01,2000-12-01,0,25,18.549612,19.379951,17.8644,77.73288,8.908333,0.0,80.23287,74.9407,9.403233,8.183133
22.0,120.0,2000-12-01,2000-12-01,0,25,23.626755,25.183588,22.697851,80.203766,5.97604,0.0,84.76671,72.64563,6.266844,5.6198797
25.0,121.0,2000-12-01,2000-12-02,1,25,20.783453,21.875435,19.986506,77.26023,8.093827,0.55808395,80.56352,73.16822,8.599418,7.5596256
25.0,122.0,2000-12-01,2000-12-02,1,25,22.190485,22.536186,21.725761,73.64454,7.850895,1.470568,76.387566,71.241905,8.570124,7.145916
24.0,122.0,2000-12-01,2000-12-02,1,25,21.346304,22.237011,20.75035,77.13088,6.0873375,2.799798,80.45825,73.29521,6.69625,5.516285
23.0,121.0,2000-12-01,2000-12-02,1,25,20.697708,22.47038,19.812193,82.49476,3.3051934,2.1450505,86.68346,73.33323,3.8240566,2.9269106
24.0,120.0,2000-12-01,2000-12-02,1,25,21.262373,22.270943,20.640005,80.27092,10.133847,0.15181272,83.55635,76.02365,10.676342,9.54358
23.0,122.0,2000-12-01,2000-12-02,1,25,21.862637,22.724443,21.34394,78.141014,6.8766246,2.0051513,81.13343,73.95727,7.6082134,6.2765417
25.0,120.0,2000-12-01,2000-12-02,1,25,18.976952,20.603369,18.086012,79.62199,7.9860296,0.1483807,84.65833,72.808914,8.574754,7.395092
22.0,122.0,2000-12-01,2000-12-02,1,25,24.731375,24.943062,24.489155,74.584526,10.526638,0.38013783,76.63608,72.842575,11.4877615,9.779762
23.0,120.0,2000-12-01,2000-12-02,1,25,22.039967,23.159267,21.447037,81.67425,7.1654816,0.40835828,85.0294,75.27085,7.5983796,6.7015553
22.0,121.0,2000-12-01,2000-12-02,1,25,23.564121,24.595963,22.93796,78.57522,6.91573,0.51889986,81.85324,72.61779,7.7306666,6.3580084
24.0,121.0,2000-12-01,2000-12-02,1,25,19.921423,21.581446,19.034592,81.04902,6.320753,1.8830773,84.93566,74.06259,6.7188597,5.9000273
22.0,120.0,2000-12-01,2000-12-02,1,25,23.378836,24.478798,22.777115,79.62535,5.3589373,0.8207199,83.0253,72.94932,6.072667,4.7769833
24.0,122.0,2000-12-01,2000-12-03,2,25,20.165522,20.877867,19.478317,79.36934,7.436754,5.785522,81.67401,76.40959,8.21564,6.162391
23.0,120.0,2000-12-01,2000-12-03,2,25,21.255188,21.99225,20.53375,81.347145,8.10809,0.90758234,83.22733,78.95423,8.78278,7.4399495
25.0,122.0,2000-12-01,2000-12-03,2,25,20.362953,21.102467,19.893623,76.61133,10.006499,5.099708,78.44891,74.68689,10.841816,8.805192
22.0,122.0,2000-12-01,2000-12-03,2,25,24.042446,24.505922,23.677387,76.094696,11.331011,1.7500558,78.86723,73.133675,12.301109,10.338837
24.0,121.0,2000-12-01,2000-12-03,2,25,18.654192,19.703869,17.787256,81.43726,7.474381,3.2827845,83.82743,77.71195,8.18579,6.563169
23.0,121.0,2000-12-01,2000-12-03,2,25,19.96714,21.197037,18.992008,82.69012,3.9730105,3.762292,85.36397,78.34519,4.4989133,3.400647
22.0,121.0,2000-12-01,2000-12-03,2,25,23.020912,23.6873,22.341455,78.80669,7.342543,1.7083731,81.23186,76.350876,8.053492,6.606311
25.0,121.0,2000-12-01,2000-12-03,2,25,18.868559,19.621813,18.206535,78.53911,10.045813,2.6069322,80.36972,76.87437,11.054828,9.095524
24.0,120.0,2000-12-01,2000-12-03,2,25,19.940882,20.666645,19.226055,80.1113,11.518786,0.43805748,81.96537,78.259125,12.4422035,10.504707
23.0,122.0,2000-12-01,2000-12-03,2,25,20.986643,21.630121,20.34979,79.70607,7.8912163,3.8013592,82.1355,77.420044,8.773358,6.9312816
22.0,120.0,2000-12-01,2000-12-03,2,25,22.80377,23.523344,22.192959,80.38326,6.0736804,2.4120297,82.72563,77.52856,6.7744555,5.46848
25.0,120.0,2000-12-01,2000-12-03,2,25,17.34328,18.380796,16.26501,78.40029,9.379402,0.6730905,80.797134,75.832375,10.129582,8.544677
24.0,122.0,2000-12-01,2000-12-04,3,25,20.231422,20.631132,19.739449,80.01497,5.8911366,8.81697,83.01057,77.0819,6.7421813,5.0725203
25.0,122.0,2000-12-01,2000-12-04,3,25,20.88916,21.435083,20.219484,76.67625,8.379387,7.2204194,79.82156,73.911095,9.413403,7.4932885
25.0,121.0,2000-12-01,2000-12-04,3,25,19.403128,19.950705,18.537447,78.80854,8.594922,2.5544868,83.031715,74.822685,9.706849,7.5656376
22.0,122.0,2000-12-01,2000-12-04,3,25,24.130836,24.409737,23.846973,76.05266,9.948168,1.8197954,78.467865,74.0596,10.664734,9.167937
23.0,120.0,2000-12-01,2000-12-04,3,25,21.22063,21.766,20.762915,80.33433,7.34208,0.44750082,83.48585,75.92195,7.979579,6.6596856
22.0,121.0,2000-12-01,2000-12-04,3,25,22.96303,23.583105,22.580385,78.2107,6.705982,0.9572493,81.46596,74.113464,7.0839634,6.316344
22.0,120.0,2000-12-01,2000-12-04,3,25,22.765572,23.35687,22.377724,78.6248,5.7867875,0.96787804,81.46061,74.57586,6.1220546,5.4161525
24.0,121.0,2000-12-01,2000-12-04,3,25,18.726892,19.561842,18.05417,82.32778,6.1054163,4.126099,86.21234,77.22517,6.8804827,5.3391404
25.0,120.0,2000-12-01,2000-12-04,3,25,17.171028,17.825777,16.34881,78.845,8.141854,0.6626736,83.31795,74.14169,8.912268,7.3469887
23.0,122.0,2000-12-01,2000-12-04,3,25,20.994715,21.396055,20.596851,79.94208,6.372547,4.8333964,82.584915,77.61648,6.9519763,5.690817
24.0,120.0,2000-12-01,2000-12-04,3,25,20.116936,20.543785,19.416462,80.3107,10.125303,0.6108891,83.85264,76.71988,11.238243,9.006647
23.0,121.0,2000-12-01,2000-12-04,3,25,19.829227,20.887358,19.269434,82.34833,3.2629187,3.9752378,86.24417,76.23611,3.6460035,2.8673391
24.0,121.0,2000-12-01,2000-12-05,4,25,18.731846,20.040653,17.789816,83.10661,7.3096027,7.645512,86.33803,78.369545,7.895398,6.6158123
22.0,120.0,2000-12-01,2000-12-05,4,25,22.941303,23.870552,22.266808,80.139084,5.976351,1.2036519,83.29516,75.53693,6.488458,5.4453826
24.0,122.0,2000-12-01,2000-12-05,4,25,19.902424,20.592495,19.29129,82.51946,7.9716253,14.121171,85.65083,79.55483,8.940403,6.9155097
22.0,122.0,2000-12-01,2000-12-05,4,25,23.900396,24.380287,23.415562,80.58224,11.458349,4.405881,83.64069,77.3617,12.858913,9.965149
23.0,121.0,2000-12-01,2000-12-05,4,25,19.814337,21.341425,18.722189,84.22712,3.914078,7.8339777,87.87448,77.727844,4.357878,3.354439
25.0,120.0,2000-12-01,2000-12-05,4,25,17.52407,18.65221,16.668976,76.99722,9.296938,0.4006965,81.38016,72.76954,9.954294,8.362537
23.0,122.0,2000-12-01,2000-12-05,4,25,20.760332,21.516085,20.032795,83.45948,7.950154,10.22833,86.50293,80.657166,8.893294,6.7664337
24.0,120.0,2000-12-01,2000-12-05,4,25,20.327562,21.094336,19.785606,80.97327,11.174403,0.28410023,83.95343,78.3108,11.748188,10.371302
25.0,122.0,2000-12-01,2000-12-05,4,25,20.56851,20.956505,20.264635,77.323555,10.545771,8.201676,81.58099,73.298744,11.611437,9.360156
25.0,121.0,2000-12-01,2000-12-05,4,25,19.413773,19.989082,18.941559,77.75443,9.877975,1.7709929,81.965355,74.63194,10.489254,9.139117
22.0,121.0,2000-12-01,2000-12-05,4,25,22.952309,23.89687,22.164898,81.217094,7.3203597,2.0029457,84.51023,77.034805,8.129387,6.4591613
23.0,120.0,2000-12-01,2000-12-05,4,25,21.413551,22.398823,20.738813,82.04055,7.861006,0.4402644,84.938995,77.99473,8.318016,7.224031
23.0,120.0,2000-12-01,2000-12-06,5,25,21.372814,22.46419,20.644194,79.92455,7.466815,0.27621415,84.11482,73.971405,8.000429,6.8960724
24.0,122.0,2000-12-01,2000-12-06,5,25,19.968544,20.779547,19.379631,76.7025,6.736204,6.677428,80.74519,72.536064,7.7146454,5.7778234
22.0,122.0,2000-12-01,2000-12-06,5,25,23.718239,23.966196,23.433262,74.55351,12.129747,1.0885824,78.481316,71.61093,13.089481,11.015384
25.0,122.0,2000-12-01,2000-12-06,5,25,21.160439,21.54671,20.688814,72.08987,8.801901,4.024631,75.91189,68.646545,9.960511,7.6856174
23.0,121.0,2000-12-01,2000-12-06,5,25,19.522932,21.280718,18.461266,81.54741,3.6040032,4.3227115,86.33015,73.15816,4.1160936,3.1748526
24.0,121.0,2000-12-01,2000-12-06,5,25,18.731012,20.370869,17.807545,80.66983,6.4865637,4.159986,85.02647,73.540985,7.2286267,5.6250844
22.0,121.0,2000-12-01,2000-12-06,5,25,22.692686,23.692333,21.973936,77.744675,7.7236934,0.8217921,81.42628,73.142365,8.368429,7.0683484
25.0,121.0,2000-12-01,2000-12-06,5,25,19.940426,20.910175,19.260983,75.67525,8.453811,1.5203204,80.39573,71.071434,9.343355,7.4143476
25.0,120.0,2000-12-01,2000-12-06,5,25,17.676987,19.060871,16.779732,77.58548,8.556143,0.2137389,82.5897,72.167435,9.351808,7.622966
23.0,122.0,2000-12-01,2000-12-06,5,25,20.546303,21.3377,20.013605,77.97312,7.9500203,4.5890822,81.6973,74.38157,8.831038,6.9963865
22.0,120.0,2000-12-01,2000-12-06,5,25,22.758072,23.81876,22.028374,78.14145,5.992972,0.83765185,81.68869,72.6334,6.6286592,5.451196
24.0,120.0,2000-12-01,2000-12-06,5,25,20.576372,21.55188,19.952726,79.07863,10.32441,0.13083605,83.18686,74.37399,11.162356,9.275751
23.0,120.0,2000-12-01,2000-12-07,6,25,21.033176,22.314678,20.265938,80.39195,7.5317574,0.55030185,84.553665,73.26307,8.131964,6.8252773
22.0,122.0,2000-12-01,2000-12-07,6,25,23.864765,24.18728,23.420961,70.855774,11.25379,1.1282858,75.04789,67.70623,12.2855015,10.262112
24.0,121.0,2000-12-01,2000-12-07,6,25,18.619995,20.39632,17.568077,80.036224,6.490982,2.441495,84.20437,72.590096,7.1336193,5.754874
23.0,121.0,2000-12-01,2000-12-07,6,25,19.451271,21.535234,18.395016,80.74112,3.5405092,2.6910717,86.28062,69.72513,4.0912375,3.0183854
24.0,120.0,2000-12-01,2000-12-07,6,25,20.199028,21.175816,19.42903,79.76886,10.458614,0.3093465,82.912445,75.84384,11.266607,9.27482
25.0,122.0,2000-12-01,2000-12-07,6,25,20.981228,21.507074,20.26656,73.88852,8.473504,5.039647,77.747856,70.05143,9.836148,7.084451
25.0,120.0,2000-12-01,2000-12-07,6,25,17.629124,19.24202,16.622765,78.82123,8.1903925,0.2666028,82.71091,72.606674,8.930757,7.3082576
23.0,122.0,2000-12-01,2000-12-07,6,25,20.751114,21.759838,20.035006,75.42802,7.4530816,2.8768091,79.942116,70.20922,8.301542,6.6584816
25.0,121.0,2000-12-01,2000-12-07,6,25,19.579868,20.64103,18.60425,77.48714,8.620337,2.3104796,81.63235,73.13994,9.527911,7.522636
24.0,122.0,2000-12-01,2000-12-07,6,25,20.040457,21.129404,19.203966,76.23984,6.334833,5.18329,80.90573,70.62431,7.5424514,5.134939
22.0,120.0,2000-12-01,2000-12-07,6,25,22.388897,23.653706,21.612564,77.619286,5.6364417,1.0898716,82.016,70.0992,6.3779945,4.9316435
22.0,121.0,2000-12-01,2000-12-07,6,25,22.561596,23.798447,21.824003,75.612175,7.2843895,0.9394201,80.53815,68.41435,7.9573517,6.5681877
24.0,122.0,2000-12-01,2000-12-08,7,25,19.084606,19.844109,18.43343,77.69563,7.602086,5.4993176,81.135254,74.445145,8.555769,6.5120587
22.0,120.0,2000-12-01,2000-12-08,7,25,21.924616,22.891636,21.265274,77.37292,5.7910323,2.1617064,80.6178,71.982315,6.3902063,5.1161146
22.0,121.0,2000-12-01,2000-12-08,7,25,22.075966,23.009947,21.416763,76.471565,7.796454,1.8378956,80.039734,71.847176,8.413958,7.199114
25.0,121.0,2000-12-01,2000-12-08,7,25,18.45567,19.089088,17.85353,74.30781,9.402103,1.4257556,77.60912,71.2506,10.169348,8.387691
23.0,122.0,2000-12-01,2000-12-08,7,25,19.954165,20.80182,19.258854,77.81101,8.281155,4.2791877,81.48941,74.225555,9.063335,7.405474
24.0,120.0,2000-12-01,2000-12-08,7,25,19.294031,19.940876,18.731066,76.7897,11.086011,0.1981481,79.54375,73.4777,11.90107,9.883017
23.0,121.0,2000-12-01,2000-12-08,7,25,18.875513,20.51941,17.891739,80.48171,4.001729,3.4155784,84.31742,72.56877,4.385731,3.5427017
24.0,121.0,2000-12-01,2000-12-08,7,25,17.704636,19.039494,16.870226,78.903946,7.2634544,2.9458938,82.376076,72.9232,7.9417524,6.344502
25.0,122.0,2000-12-01,2000-12-08,7,25,19.817924,20.300573,19.284924,73.30515,9.733395,3.9630444,77.02638,70.04206,10.735278,8.570505
25.0,120.0,2000-12-01,2000-12-08,7,25,16.62426,17.825676,15.709952,74.8806,8.880855,0.21682101,79.00608,68.69496,9.62521,7.896767
23.0,120.0,2000-12-01,2000-12-08,7,25,20.468204,21.381601,19.82112,78.300446,7.8854475,0.6559309,81.52265,73.17606,8.373417,7.1859694
22.0,122.0,2000-12-01,2000-12-08,7,25,23.157303,23.55856,22.718315,74.131004,12.127202,2.7042706,77.65506,71.004684,13.14506,11.101519
24.0,121.0,2000-12-01,2000-12-09,8,25,18.157814,19.77819,17.269323,79.20008,5.111209,1.9405745,84.94723,70.37543,6.527571,3.1116247
23.0,121.0,2000-12-01,2000-12-09,8,25,18.916456,20.60084,17.983654,78.73261,3.1119795,2.2780223,84.42955,69.07463,3.91331,2.345032
25.0,120.0,2000-12-01,2000-12-09,8,25,17.183289,18.669746,16.018805,77.45334,7.0017357,0.20854935,84.04983,69.21651,8.433652,4.9951887
24.0,122.0,2000-12-01,2000-12-09,8,25,19.638992,20.342243,19.004509,74.16194,5.2984776,3.2576373,78.475395,69.7061,6.867203,3.834089
23.0,122.0,2000-12-01,2000-12-09,8,25,20.200247,20.930069,19.637638,75.61216,6.683579,3.2079694,79.584595,70.993484,8.014113,5.170233
22.0,122.0,2000-12-01,2000-12-09,8,25,23.471376,23.882505,23.018383,72.51464,10.95989,3.2193944,75.82526,69.38748,12.090358,9.69575
24.0,120.0,2000-12-01,2000-12-09,8,25,20.028616,20.962725,19.311563,77.77123,8.023523,0.29436094,83.091576,71.41321,9.831536,5.449613
23.0,120.0,2000-12-01,2000-12-09,8,25,20.791616,21.77853,20.123,77.30598,6.000647,0.62438947,82.0972,70.12808,7.141023,4.6795287
22.0,120.0,2000-12-01,2000-12-09,8,25,22.175346,23.13131,21.481749,75.12602,6.0387573,2.074203,79.61193,68.469635,6.6974487,5.4152665
22.0,121.0,2000-12-01,2000-12-09,8,25,22.184443,23.09877,21.52315,75.297806,7.343074,2.2842596,80.04348,69.18401,8.011323,6.746924
25.0,121.0,2000-12-01,2000-12-09,8,25,19.65666,20.503359,18.73147,74.22765,6.9451933,0.9124755,79.72828,68.203415,8.402517,5.015341
25.0,122.0,2000-12-01,2000-12-09,8,25,21.11766,21.832636,20.26713,69.70491,7.3856425,2.2226136,73.47598,66.12859,8.909578,6.011272
24.0,122.0,2000-12-01,2000-12-10,9,25,20.813627,21.700542,20.10464,77.05421,3.5404992,7.326628,82.32432,71.33568,4.656248,2.4733384
25.0,121.0,2000-12-01,2000-12-10,9,25,20.442036,21.486645,19.708517,81.51455,4.735037,3.6573286,86.368835,75.78216,6.1393394,3.5563095
22.0,120.0,2000-12-01,2000-12-10,9,25,22.808819,23.672213,22.045782,78.66602,5.7160497,6.0879393,83.40146,72.173225,6.4343696,5.1452155
23.0,120.0,2000-12-01,2000-12-10,9,25,21.368862,22.274609,20.612446,81.08081,5.0763307,5.181948,85.773026,73.918274,5.868896,4.3702636
22.0,122.0,2000-12-01,2000-12-10,9,25,24.181276,24.535097,23.803423,76.78938,8.153937,9.596271,80.45774,73.30281,9.614061,6.8628283
23.0,122.0,2000-12-01,2000-12-10,9,25,21.163698,22.054306,20.48646,78.93813,4.396685,7.5154552,83.334236,73.4994,5.39469,3.503147
22.0,121.0,2000-12-01,2000-12-10,9,25,22.856361,23.757685,22.107162,79.09282,5.8153996,8.530948,83.910515,72.39758,6.7620196,5.047111
24.0,120.0,2000-12-01,2000-12-10,9,25,20.446297,21.258945,19.806877,83.34848,6.264744,4.2293425,87.308,78.45925,7.474716,5.0545
25.0,120.0,2000-12-01,2000-12-10,9,25,18.05384,19.854279,16.8096,83.726364,5.222404,2.3714306,89.5575,75.560036,6.1947503,4.2414274
25.0,122.0,2000-12-01,2000-12-10,9,25,22.31204,22.758457,21.853647,75.125824,5.331181,5.4829283,80.088234,70.72683,6.954826,3.9918518
23.0,121.0,2000-12-01,2000-12-10,9,25,19.84224,21.564991,18.752989,81.53091,2.1783712,6.454646,87.68095,71.38293,2.717728,1.725835
24.0,121.0,2000-12-01,2000-12-10,9,25,18.922253,20.513556,17.94884,83.78044,3.3127234,5.492293,88.6877,75.73179,4.077673,2.4893289
23.0,121.0,2000-12-01,2000-12-11,10,25,20.28843,21.758677,19.402193,85.60305,2.7241788,10.033219,89.46274,78.94161,3.3415444,2.0245373
24.0,121.0,2000-12-01,2000-12-11,10,25,19.133354,20.460003,18.211716,85.93477,4.8573537,10.082562,89.20962,81.05947,5.8249984,3.7567432
25.0,122.0,2000-12-01,2000-12-11,10,25,21.729948,22.414879,21.018711,79.969124,7.2429657,9.583868,82.64287,77.24144,9.025917,5.250647
25.0,120.0,2000-12-01,2000-12-11,10,25,17.949072,19.527462,16.687471,84.13277,6.8731055,6.309999,88.36101,78.05349,8.157543,5.4903502
24.0,120.0,2000-12-01,2000-12-11,10,25,20.508606,21.3359,19.752369,84.406715,8.347583,7.402757,87.39949,80.94937,9.649901,6.879857
22.0,122.0,2000-12-01,2000-12-11,10,25,24.225258,24.546968,23.885483,80.864914,7.9229975,16.056417,83.51427,78.51163,9.2696495,6.4656844
23.0,120.0,2000-12-01,2000-12-11,10,25,21.666067,22.597631,20.938223,84.05381,6.1624007,7.3271112,87.54394,79.15862,6.9905787,5.3017993
22.0,121.0,2000-12-01,2000-12-11,10,25,23.163555,24.00127,22.52267,82.652374,5.460266,12.619318,86.08171,77.9736,6.3853374,4.4393067
24.0,122.0,2000-12-01,2000-12-11,10,25,20.8698,21.66247,20.191378,82.31308,5.1312623,12.059797,85.196045,79.15542,6.5246577,3.5101962
23.0,122.0,2000-12-01,2000-12-11,10,25,21.34795,22.081703,20.796415,83.57709,5.0527296,13.456302,86.33514,79.99226,6.23197,3.8387191
22.0,120.0,2000-12-01,2000-12-11,10,25,23.20862,24.068012,22.548897,82.17572,5.464672,8.017762,85.60733,77.61619,6.2053947,4.805185
25.0,121.0,2000-12-01,2000-12-11,10,25,20.012672,20.969717,19.086119,83.40803,6.9484096,7.6317153,86.968185,79.648735,8.557702,5.2381816
25.0,120.0,2000-12-01,2000-12-12,11,25,16.987022,18.27453,15.983991,81.940155,7.9853377,6.629037,86.025154,76.378784,9.05652,6.8191876
23.0,120.0,2000-12-01,2000-12-12,11,25,21.10998,22.013926,20.37729,83.18171,7.0073366,5.0836835,86.45804,78.70278,7.9392285,6.0994716
23.0,121.0,2000-12-01,2000-12-12,11,25,19.850426,21.304995,18.808687,84.49978,3.2842035,7.955979,88.20351,78.12633,4.1250134,2.3941746
24.0,121.0,2000-12-01,2000-12-12,11,25,18.50986,19.823236,17.54397,84.32329,5.959228,9.2506485,87.43011,79.494316,7.105133,4.6965804
22.0,121.0,2000-12-01,2000-12-12,11,25,22.830856,23.684595,22.13413,81.30284,6.1499953,4.248875,84.71862,77.17968,7.3519073,4.9176493
23.0,122.0,2000-12-01,2000-12-12,11,25,20.84831,21.636772,20.025972,82.30856,6.376005,8.418453,85.40321,79.08915,7.998319,4.4544396
22.0,120.0,2000-12-01,2000-12-12,11,25,22.81237,23.651455,22.112051,81.11081,5.8433976,5.789632,84.61865,76.50876,6.924382,4.6714396
24.0,120.0,2000-12-01,2000-12-12,11,25,19.767632,20.597456,19.015772,83.04521,9.699284,6.386956,86.16598,79.646164,10.913325,8.325064
22.0,122.0,2000-12-01,2000-12-12,11,25,23.830717,24.325186,23.32835,79.33335,9.350726,4.712494,82.42745,76.41585,11.491066,7.009423
25.0,122.0,2000-12-01,2000-12-12,11,25,20.633184,21.385733,19.800524,77.844246,8.924183,9.529026,81.643875,74.64307,10.572605,7.278542
25.0,121.0,2000-12-01,2000-12-12,11,25,19.014769,19.890541,18.105988,80.91925,8.437731,8.508633,84.367645,77.547066,9.7744875,7.057107
24.0,122.0,2000-12-01,2000-12-12,11,25,20.14631,20.965176,19.25712,81.012505,6.4096336,10.272396,84.55653,77.51243,7.8235106,4.8750577
24.0,121.0,2000-12-01,2000-12-13,12,25,17.42468,18.593086,16.34942,83.53799,6.1182885,11.8701515,86.76472,79.22448,7.4268446,4.787972
22.0,122.0,2000-12-01,2000-12-13,12,25,23.226055,23.800177,22.51667,77.490875,10.170902,4.7729244,80.44532,74.839905,12.428402,8.126166
23.0,120.0,2000-12-01,2000-12-13,12,25,20.265522,21.131792,19.461256,81.8061,7.389191,7.483629,84.79628,77.768295,8.422703,6.2150354
22.0,120.0,2000-12-01,2000-12-13,12,25,22.106724,22.91144,21.30649,80.29546,6.297919,7.230676,83.81034,76.03585,7.360518,5.071865
25.0,122.0,2000-12-01,2000-12-13,12,25,19.444561,20.326334,18.424591,76.94276,9.400684,12.153202,80.256836,73.4878,11.166887,7.520491
25.0,120.0,2000-12-01,2000-12-13,12,25,15.827873,17.019005,14.641998,79.95529,8.281591,7.377924,84.63529,75.156204,9.2658205,7.170512
24.0,120.0,2000-12-01,2000-12-13,12,25,18.750473,19.706867,17.874943,81.997986,10.04857,8.881964,85.49889,78.0615,11.527231,8.350064
23.0,121.0,2000-12-01,2000-12-13,12,25,18.937845,20.182648,17.889488,83.34256,3.5076258,10.477309,86.413994,78.33324,4.4439974,2.6623557
23.0,122.0,2000-12-01,2000-12-13,12,25,19.99066,20.729683,19.07715,80.9212,6.874162,9.65467,83.709564,78.18904,8.622797,5.358291
22.0,121.0,2000-12-01,2000-12-13,12,25,22.17104,22.947071,21.367203,79.696106,6.6994886,5.5977383,83.0322,75.935905,8.09662,5.410304
24.0,122.0,2000-12-01,2000-12-13,12,25,19.034204,19.847809,18.001745,80.59772,6.7537866,14.134021,83.23677,77.79967,8.325744,5.233283
25.0,121.0,2000-12-01,2000-12-13,12,25,17.853363,18.922966,16.773039,79.69483,8.760392,9.891238,84.29858,75.25459,10.393817,6.7909284
25.0,122.0,2000-12-01,2000-12-14,13,25,18.491432,19.19065,17.843386,74.97081,9.681052,8.615327,78.13349,72.38298,11.067499,7.933338
23.0,121.0,2000-12-01,2000-12-14,13,25,18.022926,19.277391,17.084162,82.00417,4.0573487,7.328801,85.56431,77.28854,4.7849607,3.2690277
22.0,122.0,2000-12-01,2000-12-14,13,25,22.426664,22.925776,21.920673,77.487015,11.584132,5.524585,80.88695,74.13493,13.15039,9.648377
24.0,121.0,2000-12-01,2000-12-14,13,25,16.443802,17.434645,15.64695,81.54082,7.0588636,7.487893,84.7786,77.85941,7.9541016,5.8502793
25.0,120.0,2000-12-01,2000-12-14,13,25,14.7454,15.771307,13.825983,76.05276,9.065677,3.7816303,80.890114,70.887215,9.864557,7.983081
24.0,120.0,2000-12-01,2000-12-14,13,25,17.949434,18.629251,17.246012,79.05672,11.124284,4.098746,82.34717,76.16806,12.283967,9.71492
25.0,121.0,2000-12-01,2000-12-14,13,25,16.88798,17.689493,16.081285,76.91375,9.424182,6.034437,80.36867,73.849945,10.554012,8.036608
24.0,122.0,2000-12-01,2000-12-14,13,25,18.065428,18.81266,17.346144,79.396904,7.3148613,10.083947,82.51492,76.3072,8.5658865,5.80023
23.0,122.0,2000-12-01,2000-12-14,13,25,19.03868,19.789755,18.324997,80.56895,7.8632374,8.045336,83.81146,76.90635,9.008643,6.390669
22.0,120.0,2000-12-01,2000-12-14,13,25,21.384321,22.08939,20.730518,79.02315,6.6080184,7.1777787,82.53968,75.57695,7.6047034,5.5094104
22.0,121.0,2000-12-01,2000-12-14,13,25,21.4089,22.178839,20.727251,78.77205,7.6212354,4.81324,82.38052,75.225945,8.653357,6.4655094
23.0,120.0,2000-12-01,2000-12-14,13,25,19.531536,20.240038,18.893698,79.49587,8.153667,3.926551,82.74289,75.926605,9.144788,7.0979857
22.0,122.0,2000-12-01,2000-12-15,14,25,22.38002,22.846163,21.879677,75.014145,11.541246,2.8226776,78.400505,72.31816,12.944179,10.081653
22.0,121.0,2000-12-01,2000-12-15,14,25,21.255816,22.146729,20.594004,76.475266,7.7325306,2.0218008,80.76717,71.413635,8.585404,6.960437
25.0,120.0,2000-12-01,2000-12-15,14,25,14.969595,16.098444,13.929161,75.59773,8.455776,0.9519307,80.62254,69.90507,9.216973,7.489096
24.0,120.0,2000-12-01,2000-12-15,14,25,18.272913,19.087614,17.600304,78.06572,9.830228,1.0318488,81.620186,73.88302,10.928444,8.447007
24.0,121.0,2000-12-01,2000-12-15,14,25,16.52752,17.841105,15.682037,80.44303,6.4394636,4.1408467,84.39885,74.62677,7.3167853,5.4112105
23.0,120.0,2000-12-01,2000-12-15,14,25,19.542164,20.441036,18.888327,77.71622,7.242128,1.2904472,81.57476,72.32085,8.039127,6.3709846
22.0,120.0,2000-12-01,2000-12-15,14,25,21.2429,22.144482,20.570845,76.50329,6.5383177,2.949135,80.65438,71.40471,7.31182,5.812397
23.0,122.0,2000-12-01,2000-12-15,14,25,18.914724,19.675264,18.223112,78.42832,7.599648,5.204917,81.67393,74.691795,8.734774,6.3326783
24.0,122.0,2000-12-01,2000-12-15,14,25,17.991762,18.731754,17.266808,77.589005,6.8733625,6.476299,81.000496,74.201,8.037195,5.6199937
25.0,121.0,2000-12-01,2000-12-15,14,25,17.428097,18.215754,16.669088,75.3924,8.588901,2.1276395,79.224884,71.39186,9.651998,7.443716
23.0,121.0,2000-12-01,2000-12-15,14,25,17.792923,19.278755,16.85006,80.0946,3.8400095,4.4096484,84.54656,72.718346,4.4575677,3.2665353
25.0,122.0,2000-12-01,2000-12-15,14,25,18.873884,19.525988,18.190948,72.83237,9.249259,4.4509044,76.18439,69.94262,10.451268,7.9062443
25.0,122.0,2000-12-01,2000-12-16,15,25,19.503962,20.124,18.77861,71.27417,8.339433,5.045357,75.160065,67.81062,9.866492,6.7960525
23.0,121.0,2000-12-01,2000-12-16,15,25,17.960817,19.494858,16.999098,79.773445,3.4058707,4.54422,84.43078,72.1849,4.104656,2.7666419
22.0,121.0,2000-12-01,2000-12-16,15,25,21.392744,22.299213,20.717094,75.80423,7.215047,3.2386773,80.040115,70.62508,8.02125,6.4102306
24.0,121.0,2000-12-01,2000-12-16,15,25,16.881329,18.25863,15.992315,80.46084,5.4046035,4.082603,84.58267,74.07367,6.491717,4.0839653
22.0,122.0,2000-12-01,2000-12-16,15,25,22.533707,22.92831,22.061342,73.87751,10.621075,5.4185486,77.12544,70.83471,12.024128,9.312214
23.0,120.0,2000-12-01,2000-12-16,15,25,19.764786,20.734985,19.074099,77.59106,6.524689,1.6594692,81.97081,71.75738,7.3582826,5.5937014
23.0,122.0,2000-12-01,2000-12-16,15,25,19.09954,19.832315,18.417286,77.5501,6.755617,6.7159657,81.01889,73.606224,8.028457,5.6180596
22.0,120.0,2000-12-01,2000-12-16,15,25,21.391872,22.354404,20.696314,75.81414,6.4379864,2.967491,80.0168,70.131935,7.272915,5.71924
25.0,121.0,2000-12-01,2000-12-16,15,25,18.065037,18.921972,17.222458,75.12246,7.5679345,2.352295,79.72811,70.147995,8.9704275,6.0376916
24.0,122.0,2000-12-01,2000-12-16,15,25,18.33918,19.045935,17.572046,76.164474,5.895591,6.791763,79.9044,72.634094,7.3169703,4.5590467
24.0,120.0,2000-12-01,2000-12-16,15,25,18.681164,19.51922,17.992102,78.27294,8.563642,1.2106705,82.345505,73.21723,9.838785,6.9237404
25.0,120.0,2000-12-01,2000-12-16,15,25,15.491443,16.752583,14.451778,77.296844,7.5962133,1.2667465,82.78485,71.04269,8.619872,6.2446513
23.0,120.0,2000-12-01,2000-12-17,16,25,19.761763,20.699018,19.118633,78.42491,6.432042,3.371302,82.74002,72.37784,7.3735685,5.3592668
23.0,121.0,2000-12-01,2000-12-17,16,25,17.987608,19.654343,17.00902,80.6241,3.1070654,6.535477,85.72866,71.76682,3.7815866,2.4630184
25.0,122.0,2000-12-01,2000-12-17,16,25,19.64959,20.236671,19.002316,73.649155,7.9872007,9.002715,77.04569,70.21844,9.498542,6.422538
25.0,120.0,2000-12-01,2000-12-17,16,25,15.672683,16.982048,14.701881,79.24682,7.1482544,3.2356124,83.77333,73.20784,8.142624,5.9931507
22.0,121.0,2000-12-01,2000-12-17,16,25,21.399675,22.33544,20.725117,76.28134,6.669379,3.6091485,80.22361,70.66232,7.4293766,5.913653
24.0,121.0,2000-12-01,2000-12-17,16,25,16.918184,18.269142,16.118078,81.64115,5.0206575,7.1324787,85.62163,75.16236,6.1591673,3.8086152
22.0,122.0,2000-12-01,2000-12-17,16,25,22.625904,23.01269,22.181274,74.23171,9.679006,5.583712,77.62602,71.1295,10.9376335,8.585664
25.0,121.0,2000-12-01,2000-12-17,16,25,18.094734,18.907751,17.370007,77.388855,7.126632,4.945742,81.36496,72.84366,8.524993,5.584341
23.0,122.0,2000-12-01,2000-12-17,16,25,19.211233,20.029322,18.566055,78.19658,6.041704,8.498825,82.02486,73.91327,6.9350257,5.0146923
24.0,122.0,2000-12-01,2000-12-17,16,25,18.493155,19.30114,17.757984,77.56849,5.694382,11.21142,81.81636,73.170685,6.9766693,4.453691
22.0,120.0,2000-12-01,2000-12-17,16,25,21.385445,22.33379,20.718422,75.99601,6.0932865,3.1277332,79.90935,70.43676,6.953241,5.225303
24.0,120.0,2000-12-01,2000-12-17,16,25,18.688068,19.414762,18.118546,79.482704,8.3932295,3.9830766,83.2199,75.03318,9.86178,6.626774
25.0,121.0,2000-12-01,2000-12-18,17,25,18.207466,19.154152,17.398005,77.414925,7.352385,2.3748448,82.45643,72.4299,8.738558,5.856127
23.0,120.0,2000-12-01,2000-12-18,17,25,19.859478,20.867104,19.1878,78.31667,6.3530498,0.8878754,82.57212,72.12697,7.1315327,5.490841
22.0,122.0,2000-12-01,2000-12-18,17,25,22.699766,23.115068,22.269512,74.28296,10.030298,3.0772064,79.361435,69.99387,11.399144,8.573699
25.0,120.0,2000-12-01,2000-12-18,17,25,15.910701,17.348322,14.8414955,78.955696,7.0814643,1.0364203,84.373116,71.708336,8.034811,5.9479637
24.0,120.0,2000-12-01,2000-12-18,17,25,18.817755,19.671217,18.137613,79.01578,8.208514,0.72838354,83.19563,73.92006,9.416149,6.599522
24.0,122.0,2000-12-01,2000-12-18,17,25,18.629559,19.490747,17.815245,76.871704,5.7449756,6.501892,81.42926,72.226326,6.859314,4.390704
25.0,122.0,2000-12-01,2000-12-18,17,25,19.809809,20.494448,19.136799,73.46774,8.141406,5.120399,77.9148,69.74468,9.597503,6.5241966
22.0,120.0,2000-12-01,2000-12-18,17,25,21.421965,22.346846,20.763638,76.34077,6.462908,1.9554946,80.43322,70.83263,7.349451,5.565319
23.0,121.0,2000-12-01,2000-12-18,17,25,18.043726,19.763283,16.952868,80.44805,3.236898,3.9122078,85.77711,71.76569,3.7764456,2.7029417
22.0,121.0,2000-12-01,2000-12-18,17,25,21.44219,22.365929,20.746895,76.34832,6.885775,1.8203399,81.43881,70.5892,7.6794586,5.9744415
24.0,121.0,2000-12-01,2000-12-18,17,25,17.006609,18.54947,16.028767,81.13936,5.063228,3.7397437,86.11418,73.57814,6.0136623,3.9182143
23.0,122.0,2000-12-01,2000-12-18,17,25,19.2987,20.159176,18.558043,78.04535,6.3578167,5.1646495,83.11814,73.11336,7.4766273,5.1688085
24.0,122.0,2000-12-01,2000-12-19,18,25,19.12011,19.989565,18.332691,77.46648,5.2749662,6.270057,80.71313,73.60309,6.2728667,4.187944
25.0,122.0,2000-12-01,2000-12-19,18,25,20.27941,20.808262,19.673376,75.110725,7.6764765,6.096146,77.85227,72.71103,9.057837,6.1277995
23.0,121.0,2000-12-01,2000-12-19,18,25,18.501377,20.34925,17.423264,80.25168,2.9068923,3.107445,85.71721,70.856155,3.4276032,2.397503
24.0,120.0,2000-12-01,2000-12-19,18,25,19.09931,19.94829,18.436836,80.396095,7.7312193,1.3912516,84.76143,75.3976,8.8979,6.34615
22.0,122.0,2000-12-01,2000-12-19,18,25,22.998484,23.404009,22.565098,75.28436,9.271889,3.4160159,78.00872,72.25553,10.431489,7.934274
23.0,122.0,2000-12-01,2000-12-19,18,25,19.708162,20.525244,18.988838,78.41305,5.6766496,4.742806,81.54757,74.54429,6.601101,4.6091557
22.0,120.0,2000-12-01,2000-12-19,18,25,21.819294,22.917603,21.070063,76.18706,6.1350584,1.7247329,81.23529,69.51909,6.9810863,5.3360167
23.0,120.0,2000-12-01,2000-12-19,18,25,20.19232,21.26057,19.463078,78.740875,5.970485,1.0864199,83.73342,71.847,6.722791,5.223707
24.0,121.0,2000-12-01,2000-12-19,18,25,17.4125,19.020357,16.408117,81.921036,4.547314,3.402055,86.573166,74.52625,5.4258614,3.5260046
25.0,120.0,2000-12-01,2000-12-19,18,25,16.114765,17.56451,15.0716715,81.13786,6.651886,1.6855175,86.46694,74.257034,7.7117,5.3439636
25.0,121.0,2000-12-01,2000-12-19,18,25,18.592756,19.56963,17.789986,79.178,6.7692256,3.244279,83.11269,74.20066,8.019835,5.3527904
22.0,121.0,2000-12-01,2000-12-19,18,25,21.789223,22.800694,21.06629,76.83669,6.449713,1.7758113,81.30203,70.85476,7.2156997,5.6444435
22.0,120.0,2000-12-01,2000-12-20,19,25,21.937584,23.194063,21.052456,78.190926,6.020179,2.6032755,83.29213,71.205345,7.0155487,5.1862664
25.0,122.0,2000-12-01,2000-12-20,19,25,20.204844,20.83043,19.470211,76.62645,7.558326,6.2627144,80.16428,73.58301,9.055866,5.78367
24.0,122.0,2000-12-01,2000-12-20,19,25,19.231262,20.215378,18.407448,78.897385,5.359985,6.838048,82.50791,74.30692,6.7002544,3.9993272
23.0,121.0,2000-12-01,2000-12-20,19,25,18.678062,20.705015,17.510456,81.817924,2.9367785,3.8879137,87.35907,71.96687,3.5678363,2.3327825
25.0,121.0,2000-12-01,2000-12-20,19,25,18.398693,19.411413,17.500381,80.64324,6.845692,3.8680766,84.21074,76.541664,8.109259,5.193551
23.0,122.0,2000-12-01,2000-12-20,19,25,19.85858,20.829653,19.067936,79.89775,5.4799747,4.865964,83.627014,75.46634,6.703615,4.3150444
24.0,120.0,2000-12-01,2000-12-20,19,25,18.946907,19.879644,18.159288,82.076836,8.060846,2.2651026,85.04026,78.089386,9.453126,6.33922
22.0,122.0,2000-12-01,2000-12-20,19,25,23.116753,23.499424,22.640415,77.16807,8.768613,3.8058589,80.5315,74.04137,10.382641,7.105549
24.0,121.0,2000-12-01,2000-12-20,19,25,17.40405,19.047028,16.360641,83.19589,4.7721424,4.4296007,87.03461,76.43368,5.780735,3.5668128
23.0,120.0,2000-12-01,2000-12-20,19,25,20.224312,21.48475,19.335348,80.675354,6.181791,1.7120476,85.03614,73.62515,7.129904,5.2332115
25.0,120.0,2000-12-01,2000-12-20,19,25,16.075426,17.619186,14.942902,82.21374,6.6573396,2.169506,86.77696,75.48847,7.7573614,5.3374023
22.0,121.0,2000-12-01,2000-12-20,19,25,21.93386,23.13316,21.104088,78.783455,6.1490326,2.8226972,83.48129,72.37218,7.250006,5.178364
22.0,122.0,2000-12-01,2000-12-21,20,25,22.936468,23.393223,22.363882,78.26332,9.722982,3.9592798,81.95348,74.99689,11.3046665,8.124415
24.0,121.0,2000-12-01,2000-12-21,20,25,17.175865,18.628368,16.129425,82.49922,5.0393233,5.9018755,86.43778,76.59625,6.10457,3.7858005
23.0,120.0,2000-12-01,2000-12-21,20,25,20.054861,21.059698,19.211437,80.52892,6.331859,2.8942153,84.497696,75.082085,7.325215,5.2336793
25.0,121.0,2000-12-01,2000-12-21,20,25,17.934565,18.823824,17.011368,79.37159,7.2052093,5.061575,83.8024,75.13561,8.407875,5.8946366
25.0,120.0,2000-12-01,2000-12-21,20,25,15.734681,17.081436,14.563507,80.72714,6.713667,4.2145977,85.26185,74.47232,7.883081,5.43422
22.0,121.0,2000-12-01,2000-12-21,20,25,21.812456,22.799633,20.968033,79.38396,6.5602016,2.8989458,83.61327,74.02655,7.573098,5.59086
23.0,122.0,2000-12-01,2000-12-21,20,25,19.714348,20.670195,18.904337,80.509514,6.4240484,5.7781267,84.67811,76.184944,7.629399,5.108839
22.0,120.0,2000-12-01,2000-12-21,20,25,21.773623,22.78147,20.96983,78.7423,6.276103,2.865644,82.87556,73.24169,7.240466,5.1944385
23.0,121.0,2000-12-01,2000-12-21,20,25,18.592627,20.367596,17.409386,81.81882,3.3418684,4.7216845,86.706154,73.9122,3.9980152,2.5528119
25.0,122.0,2000-12-01,2000-12-21,20,25,19.772898,20.440289,19.056944,76.07107,8.111325,6.6415076,80.60757,72.222855,9.546853,6.35212
24.0,120.0,2000-12-01,2000-12-21,20,25,18.634954,19.411495,17.79334,81.254364,8.176251,4.0833716,84.41499,77.166916,9.680481,6.4931993
24.0,122.0,2000-12-01,2000-12-21,20,25,19.034758,19.88335,18.186573,78.972336,6.1885157,7.492527,82.986145,75.101425,7.3910375,4.6405115
25.0,122.0,2000-12-01,2000-12-22,21,25,19.454613,20.21302,18.733805,75.92274,7.7547693,9.847766,79.56347,72.51675,9.222207,6.070131
24.0,122.0,2000-12-01,2000-12-22,21,25,18.68083,19.563091,17.892101,78.49416,5.5286164,10.007908,81.93255,74.216965,6.8808565,4.1054955
24.0,121.0,2000-12-01,2000-12-22,21,25,16.866396,18.323776,15.868752,82.44248,4.8135467,8.737842,86.51203,76.15968,5.917303,3.550984
22.0,121.0,2000-12-01,2000-12-22,21,25,21.58086,22.578907,20.766485,79.0968,6.447015,4.3270607,83.16632,73.98904,7.738166,5.4996953
25.0,121.0,2000-12-01,2000-12-22,21,25,17.660744,18.70119,16.728825,79.651886,7.1077614,8.584185,84.42371,74.57582,8.3091545,5.629671
23.0,120.0,2000-12-01,2000-12-22,21,25,19.845898,20.9063,19.04197,80.44932,6.1652055,4.4380674,84.5866,74.639366,7.1053376,5.117608
24.0,120.0,2000-12-01,2000-12-22,21,25,18.432667,19.377304,17.612389,80.92529,8.086778,6.510592,84.9041,76.187325,9.421992,6.464576
23.0,121.0,2000-12-01,2000-12-22,21,25,18.276169,20.019806,17.202452,81.99788,2.997677,6.676149,86.92882,73.81856,3.7383637,2.2420151
22.0,120.0,2000-12-01,2000-12-22,21,25,21.540974,22.620562,20.716875,79.40734,6.0511327,4.1878996,83.37238,73.8222,7.208044,5.0203943
25.0,120.0,2000-12-01,2000-12-22,21,25,15.375664,16.751287,14.229938,80.81333,6.6276326,6.02788,85.757256,74.19278,7.7426295,5.2087426
22.0,122.0,2000-12-01,2000-12-22,21,25,22.735664,23.209244,22.140522,76.83167,9.512075,5.667468,80.2177,73.39283,11.4762745,7.9339204
23.0,122.0,2000-12-01,2000-12-22,21,25,19.428617,20.292591,18.66547,79.42514,5.9599624,8.006259,82.76703,75.528786,7.4033885,4.751003
25.0,121.0,2000-12-01,2000-12-23,22,25,17.75416,18.64008,16.73674,79.39535,6.681556,3.4370124,83.82955,74.4341,8.063962,5.008868
23.0,120.0,2000-12-01,2000-12-23,22,25,19.837797,20.859926,19.030733,80.169395,6.0114217,3.419921,84.18182,74.04175,6.963125,4.842485
22.0,120.0,2000-12-01,2000-12-23,22,25,21.528887,22.521606,20.775347,78.08364,5.877594,3.9949481,82.07199,72.380394,6.7512584,4.819984
25.0,120.0,2000-12-01,2000-12-23,22,25,15.435857,16.895113,14.188233,80.65796,6.39606,2.2062376,86.097206,73.68256,7.629201,4.7901535
22.0,121.0,2000-12-01,2000-12-23,22,25,21.615236,22.626768,20.83232,77.718254,6.316405,3.75775,82.18119,71.90565,7.381561,5.1249
24.0,120.0,2000-12-01,2000-12-23,22,25,18.51336,19.349028,17.66235,80.99126,7.7499876,2.825669,84.6197,76.49626,9.24246,5.7708306
23.0,121.0,2000-12-01,2000-12-23,22,25,18.178114,19.878946,17.068102,81.876076,3.101992,6.1185155,86.60902,73.673454,3.7464144,2.408641
23.0,122.0,2000-12-01,2000-12-23,22,25,19.394392,20.306795,18.601295,79.130196,5.943133,7.4917297,83.05278,74.3627,7.324406,4.4571676
22.0,122.0,2000-12-01,2000-12-23,22,25,22.83426,23.29475,22.314648,75.302864,9.199459,5.137069,78.956825,71.41614,10.979863,7.22844
24.0,122.0,2000-12-01,2000-12-23,22,25,18.6346,19.530882,17.784943,78.6783,5.8020725,8.340272,82.43456,74.75102,7.0567517,4.362489
25.0,122.0,2000-12-01,2000-12-23,22,25,19.510368,20.2207,18.698229,75.63186,7.8627367,6.2511134,79.18971,72.40335,9.278082,6.346698
24.0,121.0,2000-12-01,2000-12-23,22,25,16.857492,18.344748,15.762751,82.673836,4.7563024,5.5138855,86.89939,76.26582,5.822679,3.439051
22.0,122.0,2000-12-01,2000-12-24,23,25,22.599556,23.07168,22.069902,77.01849,8.799611,5.481172,79.89393,74.254196,10.257108,7.572179
24.0,120.0,2000-12-01,2000-12-24,23,25,18.219067,19.103764,17.385656,80.97547,7.9150763,5.004791,84.32336,76.92183,9.083559,6.6153593
24.0,122.0,2000-12-01,2000-12-24,23,25,18.533707,19.539257,17.609856,79.433495,5.9114356,9.407409,83.07058,75.13938,7.1687136,4.4943147
23.0,121.0,2000-12-01,2000-12-24,23,25,18.163729,20.070175,16.907682,81.891624,3.141723,5.4756026,86.95643,72.62896,3.937851,2.4405596
25.0,122.0,2000-12-01,2000-12-24,23,25,19.174294,19.81029,18.523502,76.785385,7.8771315,9.131303,80.41588,72.91019,9.218561,6.119725
22.0,120.0,2000-12-01,2000-12-24,23,25,21.391401,22.516884,20.505127,78.96098,5.8559265,3.7200024,83.23253,72.796524,6.905264,4.8950047
24.0,121.0,2000-12-01,2000-12-24,23,25,16.704329,18.27741,15.625035,82.65335,4.8145995,6.5196853,86.60447,76.44449,5.7748322,3.7336242
22.0,121.0,2000-12-01,2000-12-24,23,25,21.453371,22.510893,20.605528,78.7216,6.109432,3.854355,82.724266,73.0654,7.006365,5.2943172
23.0,120.0,2000-12-01,2000-12-24,23,25,19.682,20.81167,18.841808,80.16494,6.1132555,3.9548347,84.33373,74.023186,7.070823,5.047272
25.0,120.0,2000-12-01,2000-12-24,23,25,15.219296,16.711706,14.057795,80.65556,6.4151106,5.626361,84.80329,74.57002,7.4642277,5.2873616
25.0,121.0,2000-12-01,2000-12-24,23,25,17.365452,18.361792,16.479635,79.832436,6.992905,6.26105,83.279465,75.47703,8.365177,5.5951605
23.0,122.0,2000-12-01,2000-12-24,23,25,19.307314,20.295704,18.414152,79.91464,5.757173,7.0973067,83.58008,75.46091,7.0296345,4.5211
22.0,120.0,2000-12-01,2000-12-25,24,25,20.94562,21.950079,20.072042,77.89411,6.005744,3.1646256,82.25107,72.61551,7.188607,4.6479087
24.0,120.0,2000-12-01,2000-12-25,24,25,17.659786,18.506105,16.795841,79.2767,9.637753,2.8871448,82.56951,75.08761,10.989038,7.8142815
25.0,121.0,2000-12-01,2000-12-25,24,25,16.495224,17.473263,15.45419,77.93133,8.382595,4.672804,81.701485,73.72868,9.789389,6.5264144
23.0,122.0,2000-12-01,2000-12-25,24,25,18.732887,19.782194,17.76148,79.788704,6.6897097,6.6745276,83.60642,75.996,8.127831,5.2242103
23.0,120.0,2000-12-01,2000-12-25,24,25,19.214851,20.279493,18.26986,79.03556,7.186474,2.7288346,82.60017,73.929535,8.209094,5.877136
22.0,121.0,2000-12-01,2000-12-25,24,25,20.99369,22.014858,20.075207,78.22574,6.5471406,2.9597764,82.242775,73.52088,7.6135674,5.527887
25.0,120.0,2000-12-01,2000-12-25,24,25,14.394951,15.690656,13.224152,78.60748,7.7276654,3.0124185,83.329,72.57489,8.739424,6.4282966
24.0,121.0,2000-12-01,2000-12-25,24,25,16.14055,17.587273,14.941852,81.15915,5.9721804,5.558347,85.15973,75.53061,7.121807,4.5874968
23.0,121.0,2000-12-01,2000-12-25,24,25,17.692135,19.42112,16.406656,80.9444,3.5698566,5.409269,85.60613,73.50473,4.405236,2.6622171
24.0,122.0,2000-12-01,2000-12-25,24,25,17.80943,18.86708,16.743176,78.91641,6.4947658,9.366634,82.3537,75.35184,8.1320305,4.5664988
22.0,122.0,2000-12-01,2000-12-25,24,25,22.03666,22.583246,21.399054,77.28166,9.694383,4.2302227,80.94317,73.85806,11.35227,8.091668
25.0,122.0,2000-12-01,2000-12-25,24,25,18.144533,19.026031,17.22612,75.85401,8.584601,8.461332,78.8888,72.8943,10.485181,6.2051735
25.0,122.0,2000-12-01,2000-12-26,25,25,17.740427,18.441515,16.942263,72.54843,8.750897,8.137805,76.415146,69.16946,10.116302,7.379611
22.0,120.0,2000-12-01,2000-12-26,25,25,20.481611,21.37099,19.759079,76.66942,6.32157,5.2604566,80.474815,71.63631,7.3706493,5.2491384
24.0,122.0,2000-12-01,2000-12-26,25,25,17.146267,17.928429,16.265339,76.89036,6.609848,8.316103,80.38926,73.29608,7.8437915,5.182186
23.0,121.0,2000-12-01,2000-12-26,25,25,17.060467,18.590046,15.965084,79.61657,3.6813953,5.41251,83.82872,72.72541,4.358607,2.9225733
22.0,122.0,2000-12-01,2000-12-26,25,25,21.46079,22.07147,20.855219,75.61525,10.571927,4.263522,78.14147,73.53144,12.254782,8.531756
25.0,121.0,2000-12-01,2000-12-26,25,25,16.288195,17.048864,15.455528,75.09606,8.253092,5.4459267,80.100685,70.20468,9.37643,6.980875
24.0,120.0,2000-12-01,2000-12-26,25,25,17.364769,18.125055,16.693966,77.714,9.814271,3.571079,82.13961,72.89899,11.021854,8.418326
22.0,121.0,2000-12-01,2000-12-26,25,25,20.43013,21.340366,19.637413,76.89583,7.1657515,3.618458,80.53043,72.317444,8.225519,6.013517
24.0,121.0,2000-12-01,2000-12-26,25,25,15.675691,17.030943,14.667858,79.72978,6.2554193,5.610874,84.305756,73.44325,7.2207355,5.0208964
25.0,120.0,2000-12-01,2000-12-26,25,25,13.936423,15.210118,12.904186,76.69209,8.067824,3.4825022,82.51451,69.60645,9.027966,6.9237914
23.0,122.0,2000-12-01,2000-12-26,25,25,18.088718,18.882492,17.226744,78.15896,7.0237246,6.061466,80.66886,75.24357,8.44883,5.30116
23.0,120.0,2000-12-01,2000-12-26,25,25,18.753912,19.671862,18.037506,77.60229,7.238547,3.3663824,81.689186,72.386055,8.104993,6.3901415
23.0,120.0,2000-12-01,2000-12-27,26,25,18.71322,19.606241,17.977589,77.79717,6.8185573,1.9786353,81.751076,72.6749,7.680311,5.7919054
23.0,122.0,2000-12-01,2000-12-27,26,25,18.312918,19.071363,17.54145,78.55391,6.00853,6.9227138,81.997246,74.49471,7.24413,4.6998982
25.0,120.0,2000-12-01,2000-12-27,26,25,14.072012,15.284924,13.1140585,78.29015,7.2223907,1.7776014,82.93204,72.254074,8.14987,6.103644
23.0,121.0,2000-12-01,2000-12-27,26,25,17.1175,18.732262,16.071867,80.007195,3.3156834,4.708891,84.91548,72.230515,4.0791926,2.586176
24.0,121.0,2000-12-01,2000-12-27,26,25,15.795479,17.162634,14.816974,80.99526,5.3761687,4.8297405,85.09179,74.89089,6.413373,4.259116
22.0,120.0,2000-12-01,2000-12-27,26,25,20.429771,21.4,19.625998,76.446144,6.3724895,3.5306826,80.42526,71.29726,7.3931274,5.405941
25.0,122.0,2000-12-01,2000-12-27,26,25,18.240965,18.897745,17.46191,74.38269,8.026812,7.816115,77.66726,71.18625,9.456046,6.482671
22.0,121.0,2000-12-01,2000-12-27,26,25,20.505644,21.373695,19.760832,76.68698,6.539202,3.8828564,80.420235,72.06706,7.5673323,5.4957952
24.0,120.0,2000-12-01,2000-12-27,26,25,17.387764,18.129156,16.694626,78.77838,8.91852,2.1142097,82.515656,74.75533,10.197291,7.4147725
24.0,122.0,2000-12-01,2000-12-27,26,25,17.488588,18.26756,16.67778,77.7193,5.8090043,8.834109,81.56552,73.608475,7.1341414,4.4554076
25.0,121.0,2000-12-01,2000-12-27,26,25,16.568363,17.37567,15.651193,77.402534,7.4825554,3.8354,81.391815,73.518875,8.679381,6.100777
22.0,122.0,2000-12-01,2000-12-27,26,25,21.703934,22.164253,21.166597,75.45076,9.311057,6.1003394,78.617035,72.64191,10.817733,7.698781
24.0,120.0,2000-12-01,2000-12-28,27,25,17.19918,17.94297,16.426954,78.26316,8.899377,2.3305957,82.08262,73.648735,10.057219,7.3506207
22.0,122.0,2000-12-01,2000-12-28,27,25,21.663198,22.270727,21.024708,74.8524,10.045045,3.8395116,78.419464,71.65296,11.11229,9.0672865
24.0,122.0,2000-12-01,2000-12-28,27,25,17.295599,18.208912,16.379166,76.88274,6.137795,6.6237073,80.47008,73.03825,7.1111836,5.019621
23.0,121.0,2000-12-01,2000-12-28,27,25,16.993273,18.664635,15.819737,79.85747,3.4043188,4.8269835,84.5693,72.481964,4.058908,2.841855
24.0,121.0,2000-12-01,2000-12-28,27,25,15.57041,16.99422,14.495235,80.34263,5.4307213,4.4610014,84.35145,74.1417,6.375839,4.2401633
22.0,120.0,2000-12-01,2000-12-28,27,25,20.481361,21.453028,19.634777,76.41213,6.478332,4.1659727,80.82995,71.45527,7.4343286,5.6764436
25.0,122.0,2000-12-01,2000-12-28,27,25,18.072142,18.83887,17.220446,72.73862,8.297728,4.7242923,76.86198,69.017,9.724381,6.9924097
22.0,121.0,2000-12-01,2000-12-28,27,25,20.490196,21.454906,19.647554,76.48095,6.7343225,3.0179014,80.86584,71.882195,7.3798547,6.0297985
25.0,121.0,2000-12-01,2000-12-28,27,25,16.367874,17.134214,15.434044,75.84584,7.5143347,2.574483,80.35864,71.554955,8.571316,6.2600536
25.0,120.0,2000-12-01,2000-12-28,27,25,14.042106,15.504533,12.803009,76.76747,7.1997414,1.4383881,82.33912,69.59771,8.166318,5.9151707
23.0,122.0,2000-12-01,2000-12-28,27,25,18.163712,19.071486,17.245392,77.96837,6.5789776,5.6498914,81.85369,74.01833,7.441117,5.5726666
23.0,120.0,2000-12-01,2000-12-28,27,25,18.625977,19.537346,17.842218,77.757935,6.780805,2.690143,82.00596,72.77408,7.5772634,5.941576
22.0,121.0,2000-12-01,2000-12-29,28,25,20.682354,21.589521,19.850416,75.97803,6.384344,2.6211627,80.680145,70.6238,7.6115108,5.297861
25.0,122.0,2000-12-01,2000-12-29,28,25,18.643269,19.541985,17.64042,73.28122,7.516713,5.282067,77.014946,69.42587,9.092256,5.7429376
22.0,120.0,2000-12-01,2000-12-29,28,25,20.741587,21.698984,19.944849,76.330925,6.1817975,3.1857364,80.85865,70.63611,7.13792,5.384101
24.0,121.0,2000-12-01,2000-12-29,28,25,15.921432,17.471588,14.790216,80.90231,4.742076,4.224021,85.63674,73.854866,5.8999414,3.5175104
23.0,122.0,2000-12-01,2000-12-29,28,25,18.414799,19.364273,17.49128,77.25931,5.858412,5.215232,81.41563,73.01443,7.3496284,4.4675517
24.0,120.0,2000-12-01,2000-12-29,28,25,17.68137,18.598272,16.804708,78.87026,7.9340467,1.6831287,83.076195,73.80772,9.33797,6.4741735
25.0,120.0,2000-12-01,2000-12-29,28,25,14.400282,15.883951,13.054479,78.69952,6.5623913,1.7674327,84.27622,71.74972,7.7373595,5.2735124
23.0,120.0,2000-12-01,2000-12-29,28,25,18.999287,19.974377,18.109484,77.67296,6.0768795,1.7223428,82.63072,71.458435,7.0576453,5.236509
23.0,121.0,2000-12-01,2000-12-29,28,25,17.234577,18.915705,16.034304,79.72616,3.0017824,4.275825,85.241974,71.17083,3.7885187,2.3309739
24.0,122.0,2000-12-01,2000-12-29,28,25,17.700169,18.650728,16.701607,76.513985,5.5203342,6.8167186,80.90118,72.070625,6.8936467,4.0202107
22.0,122.0,2000-12-01,2000-12-29,28,25,21.865181,22.387173,21.22,73.819725,9.302273,3.5631635,77.35144,71.02484,11.216497,7.5631075
25.0,121.0,2000-12-01,2000-12-29,28,25,16.885336,17.963243,15.695651,77.42889,6.669913,2.7047799,81.98567,72.39752,8.062925,5.1785693
22.0,120.0,2000-12-01,2000-12-30,29,25,20.94983,21.89203,20.089561,77.45781,6.1209354,4.1716585,81.47165,72.37662,6.8832097,5.253963
24.0,121.0,2000-12-01,2000-12-30,29,25,16.166948,17.65638,15.145474,81.80423,5.0411134,5.407999,85.947365,75.72601,5.984451,3.813231
23.0,120.0,2000-12-01,2000-12-30,29,25,19.14633,20.121954,18.285978,79.12527,6.4950304,2.9263873,83.00258,73.53063,7.405458,5.47791
22.0,121.0,2000-12-01,2000-12-30,29,25,20.882158,21.79686,20.012789,77.63417,6.6096663,3.8588507,81.55818,72.51796,7.7412524,5.5088367
25.0,120.0,2000-12-01,2000-12-30,29,25,14.4617405,15.945924,13.354049,79.64608,7.1041327,2.612589,84.53473,73.46234,8.093249,5.9016128
23.0,122.0,2000-12-01,2000-12-30,29,25,18.741068,19.604322,17.863747,78.55743,5.9390655,6.6354156,81.80719,74.67,7.166148,4.4880843
24.0,120.0,2000-12-01,2000-12-30,29,25,17.765398,18.67026,16.94796,80.01825,8.6219015,3.4164984,83.610275,75.89768,9.908818,7.085462
25.0,122.0,2000-12-01,2000-12-30,29,25,18.770452,19.466442,18.01734,74.791504,7.535694,6.694009,78.0023,71.53334,8.785816,5.9727697
22.0,122.0,2000-12-01,2000-12-30,29,25,22.082008,22.628916,21.47754,75.541466,9.563755,5.578058,78.43856,72.99149,11.32442,7.706131
25.0,121.0,2000-12-01,2000-12-30,29,25,16.943974,17.94466,15.996412,78.58668,7.2598195,4.265725,82.68772,74.54678,8.294409,5.7917356
24.0,122.0,2000-12-01,2000-12-30,29,25,18.014427,18.91484,17.129131,77.77856,5.514901,7.851463,81.536995,73.86005,6.5830564,4.020143
23.0,121.0,2000-12-01,2000-12-30,29,25,17.543896,19.22622,16.372496,80.93058,3.10838,4.926813,85.64348,72.97998,3.668867,2.4198763
25.0,122.0,2000-12-01,2000-12-31,30,25,18.565268,19.333729,17.698273,74.43976,8.061149,5.0048738,77.70793,71.40335,9.555702,6.665035
22.0,120.0,2000-12-01,2000-12-31,30,25,20.950718,21.934746,20.18374,78.080765,6.0449653,3.9397323,82.031044,72.927765,7.103266,5.084665
24.0,122.0,2000-12-01,2000-12-31,30,25,17.88631,18.824234,16.950996,78.44369,5.932948,7.3107057,82.41852,74.60846,7.1440773,4.6964073
25.0,120.0,2000-12-01,2000-12-31,30,25,14.329787,15.779191,13.1533165,79.24024,7.2829175,1.4067748,83.83973,73.24,8.395809,5.834996
23.0,122.0,2000-12-01,2000-12-31,30,25,18.725964,19.596254,17.899288,78.81302,6.3869147,6.487418,82.4557,74.73306,7.499979,5.0326557
23.0,120.0,2000-12-01,2000-12-31,30,25,19.131176,20.123028,18.36046,79.70561,6.6123114,2.7224627,83.52939,74.38293,7.589184,5.67785
25.0,121.0,2000-12-01,2000-12-31,30,25,16.796005,17.815598,15.830504,77.94568,7.5180335,2.353813,81.76033,74.07242,8.749661,6.0181847
22.0,122.0,2000-12-01,2000-12-31,30,25,22.099634,22.545172,21.58416,75.02317,9.882312,5.075979,78.373505,71.740036,11.343792,8.130114
23.0,121.0,2000-12-01,2000-12-31,30,25,17.588509,19.257927,16.454937,81.75039,3.2326999,5.6706896,86.40618,73.94726,3.9475493,2.550551
24.0,120.0,2000-12-01,2000-12-31,30,25,17.63611,18.541431,16.819084,80.2346,8.885022,1.7092036,83.388245,76.68859,10.20246,7.3431563
22.0,121.0,2000-12-01,2000-12-31,30,25,20.959763,21.875141,20.231491,77.608055,6.6656384,4.2603197,81.56859,72.738434,7.6425056,5.5814943
24.0,121.0,2000-12-01,2000-12-31,30,25,16.096817,17.57029,15.0213585,82.24713,5.3050632,4.64469,86.01907,76.40627,6.293654,4.1105247
25.0,121.0,2000-12-01,2001-01-01,31,25,16.373575,17.498938,15.302111,77.06339,7.3782697,2.451067,80.798836,72.49966,8.651032,5.808129
23.0,120.0,2000-12-01,2001-01-01,31,25,18.72533,19.752874,17.755749,78.45959,6.72416,2.9483519,82.01067,73.308624,7.5822163,5.8380494
22.0,122.0,2000-12-01,2001-01-01,31,25,21.72399,22.303701,21.068306,74.29267,9.931346,5.603685,77.47837,71.39741,11.299465,8.084575
22.0,120.0,2000-12-01,2001-01-01,31,25,20.504612,21.481201,19.536016,76.87008,6.417243,4.4505024,80.522194,72.13413,7.4268317,5.3737984
24.0,121.0,2000-12-01,2001-01-01,31,25,15.667476,17.315825,14.385734,80.5343,5.239304,4.7369084,84.56038,73.89821,6.3113313,4.0043664
23.0,121.0,2000-12-01,2001-01-01,31,25,17.097275,18.857555,15.74006,80.55086,3.2116804,6.155824,85.282616,72.814285,3.8572757,2.5968356
24.0,120.0,2000-12-01,2001-01-01,31,25,17.291634,18.311073,16.365372,78.50622,8.806143,1.5478991,81.82407,74.40414,10.127876,7.253344
22.0,121.0,2000-12-01,2001-01-01,31,25,20.537355,21.535053,19.590103,76.67979,6.797122,4.2294793,80.4626,71.54578,7.6744804,5.8221855
24.0,122.0,2000-12-01,2001-01-01,31,25,17.42417,18.47752,16.340685,77.54891,5.7986846,8.053485,81.37167,73.365456,7.0182815,4.601335
23.0,122.0,2000-12-01,2001-01-01,31,25,18.281061,19.332264,17.277002,77.83746,6.2975035,7.5288844,81.28548,73.67047,7.4872313,4.7495646
25.0,120.0,2000-12-01,2001-01-01,31,25,13.980193,15.551947,12.717873,77.770775,7.156704,1.3965319,82.823555,71.14991,8.289631,5.804578
25.0,122.0,2000-12-01,2001-01-01,31,25,18.109735,19.028902,17.179274,74.284904,7.931145,5.7503986,77.25998,70.87577,9.475527,6.385426
23.0,122.0,2000-12-01,2001-01-02,32,25,18.19604,19.160002,17.387238,78.04941,6.026479,5.4550514,82.82911,73.62748,7.1973352,4.750308
25.0,120.0,2000-12-01,2001-01-02,32,25,13.775766,15.24029,12.637091,78.0751,6.7874336,1.2536949,83.80578,71.0812,7.7665715,5.574772
23.0,120.0,2000-12-01,2001-01-02,32,25,18.52434,19.493454,17.743717,78.35893,6.6307964,1.5913718,82.36486,72.67395,7.4226007,5.7885613
22.0,122.0,2000-12-01,2001-01-02,32,25,21.651478,22.136362,21.146124,75.2859,9.499982,4.413562,79.31699,71.87688,11.135907,7.8957634
22.0,120.0,2000-12-01,2001-01-02,32,25,20.459278,21.422852,19.650509,76.54554,6.288369,3.3011198,81.0347,71.15792,7.2230725,5.306377
25.0,122.0,2000-12-01,2001-01-02,32,25,18.054571,18.7696,17.320988,74.25652,7.4679527,3.5708942,77.714874,71.30726,8.872812,5.953792
25.0,121.0,2000-12-01,2001-01-02,32,25,16.105642,16.98783,15.218004,77.57999,6.9169064,1.7355667,82.00726,73.48773,8.135049,5.582376
24.0,122.0,2000-12-01,2001-01-02,32,25,17.391874,18.319382,16.508116,77.13732,5.6430182,5.156206,80.90052,73.12579,6.870328,4.3618674
23.0,121.0,2000-12-01,2001-01-02,32,25,16.996815,18.750713,15.825231,79.81334,3.1505716,3.637958,85.195595,71.49898,3.8160114,2.5395887
24.0,121.0,2000-12-01,2001-01-02,32,25,15.421146,16.919987,14.405695,80.60964,5.0599375,3.308826,85.144714,74.281624,5.9504595,4.067774
24.0,120.0,2000-12-01,2001-01-02,32,25,16.945213,17.695377,16.23172,79.23532,8.604467,1.272692,82.7171,75.31567,9.754907,7.210943
22.0,121.0,2000-12-01,2001-01-02,32,25,20.449692,21.40001,19.649103,76.7729,6.588838,2.5928059,81.543816,71.63365,7.5985866,5.6356945
25.0,121.0,2000-12-01,2001-01-03,33,25,15.971985,17.021221,14.887555,76.78455,7.21807,3.5749066,81.561584,71.63554,8.535936,5.804862
23.0,121.0,2000-12-01,2001-01-03,33,25,16.892004,18.843956,15.640748,80.969246,3.4364743,5.9320836,85.73745,72.47446,4.0654387,2.7584734
22.0,121.0,2000-12-01,2001-01-03,33,25,20.31664,21.41524,19.410738,78.10362,6.5384545,4.511109,82.01354,73.004074,7.46594,5.6620092
24.0,120.0,2000-12-01,2001-01-03,33,25,17.032246,17.933155,16.2071,78.73201,8.519595,2.7517712,82.58712,74.31347,9.7513075,7.2297645
24.0,122.0,2000-12-01,2001-01-03,33,25,17.142523,18.2426,16.10506,78.72041,6.0798235,8.052367,82.144394,74.74419,7.2373924,4.536641
25.0,120.0,2000-12-01,2001-01-03,33,25,13.82259,15.489166,12.528556,77.51996,6.759792,3.1649792,83.250565,71.04129,7.908631,5.719694
23.0,122.0,2000-12-01,2001-01-03,33,25,18.033632,19.072447,17.107214,79.840065,6.1951423,6.704328,83.2124,75.5316,7.5587597,4.9263897
25.0,122.0,2000-12-01,2001-01-03,33,25,17.694412,18.496197,16.757593,74.64521,7.791471,5.944214,78.35478,70.959145,9.459875,5.6878138
24.0,121.0,2000-12-01,2001-01-03,33,25,15.399923,17.084265,14.255431,81.01558,5.240779,5.665663,85.16084,74.501945,6.3112483,4.1671877
22.0,122.0,2000-12-01,2001-01-03,33,25,21.460922,21.93996,20.801231,77.173065,9.431991,5.2824426,80.246284,74.52414,10.978999,7.9591885
23.0,120.0,2000-12-01,2001-01-03,33,25,18.528664,19.667608,17.654835,78.61085,6.5797777,3.0035412,82.26753,73.034966,7.4942493,5.6233287
22.0,120.0,2000-12-01,2001-01-03,33,25,20.28072,21.367792,19.425295,77.88966,6.280631,4.5028687,81.52513,72.51251,7.0725646,5.4633827
23.0,121.0,2000-12-01,2001-01-04,34,25,16.479546,18.18348,15.232648,80.20666,3.5373275,6.8010387,84.36203,72.6438,4.1416826,2.8430004
24.0,121.0,2000-12-01,2001-01-04,34,25,14.897153,16.315027,13.739918,80.494965,5.863574,6.770447,84.65081,74.26627,6.612724,4.9710503
23.0,120.0,2000-12-01,2001-01-04,34,25,18.137548,19.11313,17.268457,77.63822,7.155055,3.0359325,81.593056,72.81818,7.841296,6.3985505
22.0,120.0,2000-12-01,2001-01-04,34,25,19.984846,21.02267,19.061945,76.58182,6.3068213,3.9474945,80.25787,71.3545,7.086295,5.448936
23.0,122.0,2000-12-01,2001-01-04,34,25,17.592075,18.498266,16.575996,78.73081,6.899122,7.5095043,82.26162,75.20864,8.046733,5.714049
25.0,120.0,2000-12-01,2001-01-04,34,25,13.101357,14.445265,11.943356,76.92259,7.6425505,2.9291208,82.49291,69.98172,8.494711,6.683788
22.0,122.0,2000-12-01,2001-01-04,34,25,21.087496,21.764082,20.30632,75.716736,10.362592,4.3241563,79.40109,72.35408,12.023748,8.663409
25.0,122.0,2000-12-01,2001-01-04,34,25,17.084332,17.946564,16.140617,73.81291,8.578284,7.991224,77.35143,70.36874,9.657706,7.1632085
25.0,121.0,2000-12-01,2001-01-04,34,25,15.39416,16.309467,14.418307,75.970764,7.8926826,4.6766334,79.929,72.01608,8.780563,6.7825885
24.0,122.0,2000-12-01,2001-01-04,34,25,16.607498,17.507105,15.585153,78.086235,6.423429,10.099225,81.24673,74.660934,7.3545704,5.2525377
22.0,121.0,2000-12-01,2001-01-04,34,25,19.972637,21.020668,19.03713,76.937195,6.9158525,3.6147766,80.75991,72.206535,7.959656,5.8594913
24.0,120.0,2000-12-01,2001-01-04,34,25,16.55124,17.390217,15.735069,77.93176,9.466013,3.0225048,82.18634,73.73368,10.465426,8.282885
23.0,122.0,2000-12-01,2001-01-05,35,25,17.500017,18.408606,16.6876,76.96456,6.555089,5.69121,80.4514,73.01301,7.7178636,5.303551
23.0,120.0,2000-12-01,2001-01-05,35,25,18.015268,18.96731,17.180504,77.35963,6.834953,2.0786917,81.35278,72.12559,7.578504,5.96826
22.0,122.0,2000-12-01,2001-01-05,35,25,21.089941,21.609365,20.459478,72.52837,10.0750475,2.501664,75.45895,69.68559,11.469356,8.589889
22.0,120.0,2000-12-01,2001-01-05,35,25,19.881622,20.844013,18.970587,75.59948,6.0391445,3.0508258,79.598404,70.32657,7.124057,5.0828724
24.0,121.0,2000-12-01,2001-01-05,35,25,14.756948,16.296354,13.733912,80.71345,5.665926,5.0642247,84.57142,73.860085,6.5231037,4.613281
25.0,122.0,2000-12-01,2001-01-05,35,25,17.16417,17.93339,16.351387,72.57999,8.236991,5.061403,75.60561,69.67227,9.39354,6.9999433
22.0,121.0,2000-12-01,2001-01-05,35,25,19.904104,20.873907,19.01756,74.92143,6.7330894,2.3440402,78.538445,70.0412,7.706389,5.7830048
25.0,120.0,2000-12-01,2001-01-05,35,25,13.035256,14.460304,11.989098,77.53781,7.341476,1.3729732,82.44008,70.22958,8.1844225,6.276059
24.0,120.0,2000-12-01,2001-01-05,35,25,16.451956,17.338682,15.647789,78.315056,9.141055,1.6205462,81.8877,73.795044,10.20612,7.8020387
23.0,121.0,2000-12-01,2001-01-05,35,25,16.316343,18.019258,15.182604,79.734406,3.3877225,5.5333557,84.2936,72.08516,3.998738,2.684054
25.0,121.0,2000-12-01,2001-01-05,35,25,15.385996,16.247633,14.469879,76.25236,7.759775,2.5318,79.76174,72.00929,8.690666,6.6246834
24.0,122.0,2000-12-01,2001-01-05,35,25,16.556229,17.431139,15.712403,76.6962,6.0869613,7.6066465,80.223434,72.686386,7.1768174,4.759013
23.0,122.0,2000-12-01,2001-01-06,36,25,17.488615,18.463541,16.524488,76.22517,6.324176,4.5347986,80.04017,71.86936,7.375882,5.122409
22.0,120.0,2000-12-01,2001-01-06,36,25,19.852459,20.952374,18.94884,74.401505,6.140549,2.1249778,78.99127,68.13327,6.9552484,5.393985
23.0,121.0,2000-12-01,2001-01-06,36,25,16.319483,18.24756,15.055841,78.4312,3.41911,3.7620177,83.77351,68.84442,4.02254,2.907548
24.0,120.0,2000-12-01,2001-01-06,36,25,16.558397,17.42357,15.728175,77.498535,8.793512,1.3270642,81.52526,72.36998,10.0190325,7.541142
25.0,121.0,2000-12-01,2001-01-06,36,25,15.497576,16.410719,14.517101,75.95183,7.621386,2.5078204,80.46754,71.283035,8.895912,6.4979005
25.0,122.0,2000-12-01,2001-01-06,36,25,17.29338,18.049507,16.402784,72.41949,8.026922,5.3882236,76.20313,69.03351,9.518869,6.655394
24.0,122.0,2000-12-01,2001-01-06,36,25,16.623482,17.653986,15.610421,75.887886,5.894488,6.699408,80.365974,71.49703,7.0274315,4.734577
23.0,120.0,2000-12-01,2001-01-06,36,25,18.076239,19.13647,17.205137,76.180504,6.6697326,1.2757478,80.43086,69.81671,7.5410743,5.859517
22.0,121.0,2000-12-01,2001-01-06,36,25,19.863781,20.9062,18.983038,74.075386,6.590897,1.479454,78.27092,68.53208,7.5118046,5.7066274
22.0,122.0,2000-12-01,2001-01-06,36,25,21.03521,21.567574,20.435787,72.22227,9.576732,2.254981,75.30309,69.35909,11.011397,7.992987
25.0,120.0,2000-12-01,2001-01-06,36,25,13.084642,14.736637,11.854742,77.32717,7.069222,1.2193671,83.41953,69.099495,8.057166,6.0356865
24.0,121.0,2000-12-01,2001-01-06,36,25,14.806008,16.455847,13.633785,79.75235,5.4945097,3.8034458,84.66173,71.72146,6.469427,4.5081
22.0,121.0,2000-12-01,2001-01-07,37,25,19.657883,20.781923,18.79052,73.97063,7.0524507,1.7382926,78.29037,68.25576,8.11817,6.1003447
25.0,121.0,2000-12-01,2001-01-07,37,25,15.256908,16.152716,14.374943,74.060875,8.267084,2.4115863,78.20474,69.654236,9.235156,7.1312656
24.0,120.0,2000-12-01,2001-01-07,37,25,16.353992,17.141579,15.611539,76.29319,9.565738,1.2347696,79.86596,71.592926,10.694259,8.240269
22.0,120.0,2000-12-01,2001-01-07,37,25,19.65065,20.750454,18.825323,74.629456,6.4422045,3.2158773,78.53849,69.05845,7.355075,5.547262
25.0,120.0,2000-12-01,2001-01-07,37,25,12.850948,14.343361,11.69488,75.22258,7.773248,1.0940837,80.82004,68.61024,8.665722,6.756393
23.0,121.0,2000-12-01,2001-01-07,37,25,16.053673,17.925026,14.879245,78.55756,3.6581445,4.085399,83.42987,69.85937,4.3328047,3.00886
25.0,122.0,2000-12-01,2001-01-07,37,25,16.872297,17.653654,16.076334,71.55906,8.848747,5.137951,75.454185,67.91023,10.1472025,7.628147
23.0,120.0,2000-12-01,2001-01-07,37,25,17.864769,18.8951,17.068253,75.73086,7.1592016,1.2302506,79.80297,70.29462,7.9078655,6.359273
24.0,121.0,2000-12-01,2001-01-07,37,25,14.547551,16.075232,13.520924,79.075096,6.0732265,4.0808964,83.19319,72.22017,6.923208,4.9246387
24.0,122.0,2000-12-01,2001-01-07,37,25,16.183105,17.1099,15.259147,76.25789,6.552767,6.8209186,80.672424,71.89124,7.6747475,5.2770476
22.0,122.0,2000-12-01,2001-01-07,37,25,20.774233,21.313715,20.11072,71.85837,10.36053,2.2809734,75.26853,68.71729,12.008697,8.553827
23.0,122.0,2000-12-01,2001-01-07,37,25,17.167574,18.1486,16.29551,76.10217,6.9240527,4.630672,79.59072,72.30901,8.153391,5.4138703
25.0,121.0,2000-12-01,2001-01-08,38,25,15.7119255,16.537516,14.890162,75.212036,7.8004994,3.3974555,78.894104,71.03347,8.8960495,6.280666
23.0,120.0,2000-12-01,2001-01-08,38,25,17.927534,18.897152,17.19862,76.566154,6.9478745,1.8319911,80.65284,70.586975,7.911568,5.8395143
23.0,121.0,2000-12-01,2001-01-08,38,25,16.103563,17.866749,15.055738,78.733635,3.2960372,4.975138,83.72208,69.78795,3.9986901,2.580984
22.0,121.0,2000-12-01,2001-01-08,38,25,19.635323,20.598495,18.853712,73.6735,6.82407,1.5825746,77.817085,68.29741,7.730212,5.976054
22.0,120.0,2000-12-01,2001-01-08,38,25,19.647171,20.635239,18.876799,74.583466,6.033454,2.9367926,79.0414,68.759636,6.799373,5.3344316
24.0,120.0,2000-12-01,2001-01-08,38,25,16.593838,17.381664,15.906476,77.75936,9.350994,2.1602726,81.1827,73.52917,10.597959,7.5259724
25.0,122.0,2000-12-01,2001-01-08,38,25,17.338676,17.922178,16.621784,71.8278,8.116956,6.246271,75.23663,68.38699,9.557958,6.5407233
24.0,122.0,2000-12-01,2001-01-08,38,25,16.421833,17.284409,15.660279,76.17633,5.888571,8.152325,80.03971,71.929695,7.254465,4.4887943
25.0,120.0,2000-12-01,2001-01-08,38,25,12.949297,14.321085,11.918429,76.77192,7.7049007,1.5552613,81.55247,69.60842,8.581472,6.4393306
24.0,121.0,2000-12-01,2001-01-08,38,25,14.774651,16.32082,13.813639,79.91781,5.680154,5.289928,84.132256,72.87243,6.5989447,4.426013
22.0,122.0,2000-12-01,2001-01-08,38,25,20.804594,21.352411,20.201283,70.99081,10.115629,2.1357827,74.67028,67.909836,11.493121,8.795888
23.0,122.0,2000-12-01,2001-01-08,38,25,17.270437,18.132973,16.486944,75.63719,6.519416,5.526592,79.42885,71.474655,7.706445,5.2958736
25.0,121.0,2000-12-01,2001-01-09,39,25,16.30472,17.177408,15.406817,76.32628,7.3600774,3.7620285,81.01636,71.197754,8.519415,6.180267
23.0,120.0,2000-12-01,2001-01-09,39,25,18.214018,19.199503,17.500124,77.20232,6.72478,2.438709,81.386375,70.97943,7.635454,5.78594
24.0,120.0,2000-12-01,2001-01-09,39,25,16.958515,17.752863,16.308508,78.63314,8.76457,2.6423373,82.718925,73.534424,10.104619,7.1327834
22.0,120.0,2000-12-01,2001-01-09,39,25,19.98405,20.973389,19.235188,75.01189,6.677527,3.443959,79.32562,69.29905,7.5918946,5.684791
24.0,122.0,2000-12-01,2001-01-09,39,25,16.957903,17.866837,16.150036,76.553406,5.7193933,8.951314,80.78994,71.95399,6.8521123,4.5859613
22.0,122.0,2000-12-01,2001-01-09,39,25,21.320467,21.809956,20.757065,72.04966,9.931349,4.7572827,75.37977,69.079216,11.321613,8.467432
23.0,121.0,2000-12-01,2001-01-09,39,25,16.508583,18.236578,15.447989,79.544525,3.2780027,5.6925707,84.543495,70.69206,3.888272,2.648249
22.0,121.0,2000-12-01,2001-01-09,39,25,20.034218,20.978691,19.283062,74.63199,6.83837,3.0062606,78.79999,69.3357,7.806386,5.9725227
23.0,122.0,2000-12-01,2001-01-09,39,25,17.792078,18.676353,17.017384,76.54877,6.2350025,7.440312,80.50042,71.75639,7.3597503,5.161488
25.0,122.0,2000-12-01,2001-01-09,39,25,17.984657,18.658981,17.15359,72.28128,8.024947,6.81432,76.61501,68.07105,9.490803,6.647814
24.0,121.0,2000-12-01,2001-01-09,39,25,15.257047,16.756462,14.336261,80.974335,5.2573695,5.8788805,85.26183,73.93091,6.2396216,4.1439033
25.0,120.0,2000-12-01,2001-01-09,39,25,13.515076,15.070002,12.3710165,77.98559,7.2858467,2.4084964,83.891205,70.31429,8.388845,6.092904
25.0,120.0,2000-12-01,2001-01-10,40,25,13.571633,14.963546,12.316739,78.34736,7.4507575,3.988532,83.373535,71.69283,8.169097,6.583399
22.0,121.0,2000-12-01,2001-01-10,40,25,20.013542,20.968756,19.146168,76.12373,7.3829393,5.136524,80.80757,70.9651,8.272173,6.405212
23.0,121.0,2000-12-01,2001-01-10,40,25,16.535406,18.09276,15.403698,80.21248,3.6018505,7.472645,84.94744,72.67778,4.2160325,2.9036071
22.0,122.0,2000-12-01,2001-01-10,40,25,21.183296,21.752945,20.537779,74.639015,10.636588,6.5290403,79.15361,70.17456,12.285579,8.947508
23.0,120.0,2000-12-01,2001-01-10,40,25,18.239822,19.196291,17.394352,78.03126,6.8728023,3.9611416,82.25408,72.48618,7.67278,6.04331
24.0,122.0,2000-12-01,2001-01-10,40,25,16.937725,17.793219,16.041998,77.35822,6.2860303,10.392872,81.05948,73.55582,7.477686,4.995967
25.0,121.0,2000-12-01,2001-01-10,40,25,16.20484,17.171349,15.211456,77.03712,7.485524,6.400487,81.15369,72.74788,8.4791975,6.4085197
23.0,122.0,2000-12-01,2001-01-10,40,25,17.702444,18.53066,16.844357,78.47448,6.77096,8.86707,82.57651,74.173416,7.9378138,5.439956
25.0,122.0,2000-12-01,2001-01-10,40,25,17.887808,18.664566,17.052227,73.454124,8.524025,9.7337675,76.9521,70.47168,10.050218,6.8854156
24.0,121.0,2000-12-01,2001-01-10,40,25,15.2344885,16.578053,14.149903,81.22376,5.3856244,7.0367002,85.37046,75.115295,6.197152,4.4479036
22.0,120.0,2000-12-01,2001-01-10,40,25,19.969355,20.911386,19.162756,76.34224,7.1445036,6.8838086,80.419,71.475494,8.10431,6.120109
24.0,120.0,2000-12-01,2001-01-10,40,25,16.93437,17.816256,16.022789,79.077255,8.782653,3.54061,82.69337,74.74969,9.814398,7.733828
23.0,121.0,2000-12-01,2001-01-11,41,25,16.595707,18.455246,15.3511,80.63744,3.4985943,7.0910387,85.54748,71.59179,4.18783,2.7957864
25.0,122.0,2000-12-01,2001-01-11,41,25,17.908985,18.827272,16.963259,75.215355,8.545134,6.90992,78.25419,71.957825,9.941908,6.8592095
22.0,120.0,2000-12-01,2001-01-11,41,25,19.940216,21.0646,19.027979,77.3521,6.7176,4.579748,81.2499,71.634705,7.70289,5.7334313
24.0,120.0,2000-12-01,2001-01-11,41,25,16.656843,17.622618,15.786861,80.091415,8.94032,3.404214,83.23541,75.85854,10.251963,7.1808653
24.0,122.0,2000-12-01,2001-01-11,41,25,17.047676,18.013186,16.040363,78.363464,6.3197618,9.384435,81.697525,74.07234,7.4575377,4.90211
23.0,120.0,2000-12-01,2001-01-11,41,25,18.106564,19.173765,17.196701,79.07928,6.8709316,3.6431634,82.84246,73.20432,7.913985,5.743833
25.0,120.0,2000-12-01,2001-01-11,41,25,13.42886,14.890416,12.276188,79.04702,7.4440346,2.7738702,84.04965,72.5025,8.3122015,6.3024573
24.0,121.0,2000-12-01,2001-01-11,41,25,15.149448,16.691887,14.035177,81.607346,5.4396625,6.830878,85.62144,74.78358,6.4448705,4.1409364
25.0,121.0,2000-12-01,2001-01-11,41,25,16.031956,17.121725,14.946168,78.249695,7.4265633,4.3781796,81.93486,73.843765,8.72517,6.1700716
22.0,121.0,2000-12-01,2001-01-11,41,25,19.971582,21.059708,19.020958,77.5841,7.2929296,5.176672,81.81687,71.984634,8.377972,6.162907
23.0,122.0,2000-12-01,2001-01-11,41,25,17.762905,18.722258,16.817345,79.59202,6.817601,9.368261,83.38661,75.62873,8.239161,5.3211455
22.0,122.0,2000-12-01,2001-01-11,41,25,21.141357,21.794985,20.422428,76.76663,10.718021,7.460464,80.38617,73.393166,12.514849,8.977737
23.0,120.0,2000-12-01,2001-01-12,42,25,18.316017,19.476442,17.315758,78.66434,6.60381,2.2619796,82.534775,72.870285,7.6661334,5.4646163
23.0,122.0,2000-12-01,2001-01-12,42,25,17.98535,19.019518,16.949186,78.765816,6.5592327,7.8984203,82.72186,74.0832,7.9163027,5.4758205
22.0,120.0,2000-12-01,2001-01-12,42,25,20.17517,21.29043,19.231657,76.67702,6.488531,2.5056622,80.89823,70.94907,7.342979,5.692647
22.0,122.0,2000-12-01,2001-01-12,42,25,21.42779,21.933437,20.721817,74.91867,10.094832,6.4654713,78.75953,71.77052,11.866007,8.747453
25.0,122.0,2000-12-01,2001-01-12,42,25,17.895485,18.872774,16.764717,75.68282,8.598771,8.071454,78.839294,72.845436,10.080434,6.989751
24.0,120.0,2000-12-01,2001-01-12,42,25,16.839048,17.784332,15.888322,79.840675,8.639293,2.3814557,82.97851,75.99464,10.150864,6.9072723
22.0,121.0,2000-12-01,2001-01-12,42,25,20.216236,21.341225,19.195011,76.53762,6.860257,4.6347213,80.99741,70.89677,8.06931,5.937887
23.0,121.0,2000-12-01,2001-01-12,42,25,16.776377,18.669157,15.423161,80.62956,3.383811,6.076523,85.6002,72.23776,4.1699557,2.6975968
24.0,121.0,2000-12-01,2001-01-12,42,25,15.303039,16.950636,14.040968,81.81383,5.277473,6.175093,85.79621,75.60105,6.533317,3.9124188
25.0,120.0,2000-12-01,2001-01-12,42,25,13.440324,15.041143,12.105734,79.71457,7.211984,2.4675152,84.551926,73.655685,8.458496,5.7773485
24.0,122.0,2000-12-01,2001-01-12,42,25,17.212456,18.267546,16.04755,78.43376,6.2352357,9.356248,82.13302,74.43734,7.4870872,5.0353947
25.0,121.0,2000-12-01,2001-01-12,42,25,16.007414,17.070011,14.810304,78.855934,7.765523,4.9093795,82.89182,74.78544,9.258382,6.116883
22.0,122.0,2000-12-01,2001-01-13,43,25,21.213564,21.798555,20.523218,75.488,9.628153,4.777722,79.31249,71.95225,11.373553,8.061845
22.0,120.0,2000-12-01,2001-01-13,43,25,20.023623,21.217339,19.159508,76.920456,6.262865,2.40315,81.586006,70.62491,7.167175,5.39982
23.0,122.0,2000-12-01,2001-01-13,43,25,17.819809,18.900045,16.820915,78.53996,6.3440495,6.084943,82.70993,73.74615,7.6828074,5.1098366
23.0,120.0,2000-12-01,2001-01-13,43,25,18.162704,19.44112,17.187946,78.49101,6.448551,1.4206345,83.0564,71.66994,7.3694916,5.581333
23.0,121.0,2000-12-01,2001-01-13,43,25,16.639677,18.685095,15.302687,80.31723,3.327709,4.228559,85.91036,70.60898,4.0881267,2.629062
22.0,121.0,2000-12-01,2001-01-13,43,25,20.030832,21.245352,19.091515,76.96444,6.5932026,2.9144711,81.61086,71.1741,7.618384,5.604174
25.0,120.0,2000-12-01,2001-01-13,43,25,13.354081,15.106891,11.99173,79.62502,6.830492,1.9473683,84.94573,72.05038,8.185288,5.5715294
24.0,121.0,2000-12-01,2001-01-13,43,25,15.165986,16.975012,13.912603,81.26021,5.157514,3.9015634,85.80128,73.35564,6.21911,4.127651
25.0,121.0,2000-12-01,2001-01-13,43,25,15.8067875,16.948994,14.671256,78.46273,7.1993737,2.9307973,83.084915,73.29287,8.835995,5.8286395
24.0,122.0,2000-12-01,2001-01-13,43,25,17.087254,18.210203,15.973751,77.50781,6.100693,7.044109,82.682274,72.480515,7.514539,4.677066
24.0,120.0,2000-12-01,2001-01-13,43,25,16.685148,17.758524,15.714005,79.431984,8.384641,1.1075239,83.26994,74.1986,9.757898,7.155968
25.0,122.0,2000-12-01,2001-01-13,43,25,17.706654,18.558102,16.698088,74.96051,8.038127,6.0542717,79.6878,70.283195,9.756579,6.3531194
24.0,120.0,2000-12-01,2001-01-14,44,25,16.113342,17.160973,15.150318,79.88563,9.698655,1.5965408,83.35274,75.602715,10.89046,8.047347
23.0,121.0,2000-12-01,2001-01-14,44,25,16.391085,18.394264,15.023756,80.14681,3.5705793,4.489914,85.0295,71.29152,4.256593,2.7689261
22.0,121.0,2000-12-01,2001-01-14,44,25,19.816278,20.9767,18.786968,76.9147,6.902923,2.5601346,81.37558,71.197365,8.08033,5.6983595
24.0,121.0,2000-12-01,2001-01-14,44,25,14.716308,16.405401,13.41338,80.90623,6.0296397,4.036117,84.78717,74.08954,6.948009,4.870903
23.0,122.0,2000-12-01,2001-01-14,44,25,17.48441,18.566187,16.413727,78.16765,6.863306,5.049759,81.66756,73.96613,8.150745,5.2753234
25.0,120.0,2000-12-01,2001-01-14,44,25,12.734849,14.288282,11.434909,78.52254,7.9470325,1.4636374,83.11282,72.160835,8.766655,6.853166
25.0,121.0,2000-12-01,2001-01-14,44,25,15.126522,16.247574,14.058253,78.22657,8.349926,2.7723832,81.608635,74.19457,9.438389,6.917034
24.0,122.0,2000-12-01,2001-01-14,44,25,16.580057,17.673502,15.496559,77.76025,6.516403,6.751416,80.971275,73.68569,7.678238,5.1129613
22.0,122.0,2000-12-01,2001-01-14,44,25,20.912006,21.569965,20.142311,75.19389,10.243291,3.1202836,78.89908,71.81061,12.013418,8.216181
22.0,120.0,2000-12-01,2001-01-14,44,25,19.767767,20.9509,18.789875,77.35732,6.1585364,3.5495133,81.498695,71.70569,7.2579412,5.143126
25.0,122.0,2000-12-01,2001-01-14,44,25,16.969606,17.840998,16.073795,75.29742,8.658466,5.4724274,77.908104,72.55563,9.961159,7.0516205
23.0,120.0,2000-12-01,2001-01-14,44,25,17.791075,18.960953,16.805313,79.11441,7.204416,2.0430138,83.521996,73.19308,8.1605625,6.1282988
24.0,121.0,2000-12-01,2001-01-15,45,25,14.385465,16.046202,13.200348,80.52789,6.0906315,4.397391,84.938515,74.046745,7.074832,4.957751
24.0,122.0,2000-12-01,2001-01-15,45,25,16.16113,17.351866,15.020817,77.97326,6.588512,7.197841,82.27583,73.61996,7.790996,5.3388395
25.0,120.0,2000-12-01,2001-01-15,45,25,12.422151,13.875006,11.181139,77.46166,7.77883,1.9465233,82.4617,70.95688,8.773214,6.588492
25.0,121.0,2000-12-01,2001-01-15,45,25,14.757921,15.6355095,13.819244,76.81581,8.4363785,2.6995454,80.60843,72.909386,9.537718,7.0311785
22.0,122.0,2000-12-01,2001-01-15,45,25,20.678066,21.307564,19.87966,73.626686,10.230835,2.55398,76.82397,70.71855,11.810555,8.75905
23.0,122.0,2000-12-01,2001-01-15,45,25,17.180323,18.30983,16.098942,77.481346,6.925263,5.034448,81.06119,72.81899,8.0917015,5.6579895
22.0,120.0,2000-12-01,2001-01-15,45,25,19.361822,20.474358,18.388796,76.77708,6.328079,2.4477746,80.9627,70.71895,7.306817,5.352927
25.0,122.0,2000-12-01,2001-01-15,45,25,16.512877,17.320314,15.608864,74.475464,8.916544,5.4865656,78.38305,70.94502,10.24308,7.377178
23.0,120.0,2000-12-01,2001-01-15,45,25,17.449205,18.516207,16.55735,78.253006,7.2447724,1.3434958,82.42013,72.50496,8.249338,6.315756
22.0,121.0,2000-12-01,2001-01-15,45,25,19.477955,20.592016,18.442429,75.908455,6.9316516,1.732442,80.01045,70.13085,8.00639,5.969763
23.0,121.0,2000-12-01,2001-01-15,45,25,15.982736,17.926613,14.617858,80.11197,3.693573,4.2123027,85.11008,71.21495,4.44593,2.914173
24.0,120.0,2000-12-01,2001-01-15,45,25,15.849105,16.747042,15.059967,78.71124,9.63054,1.5400305,82.51444,74.526794,10.98592,8.013963
23.0,121.0,2000-12-01,2001-01-16,46,25,15.53656,17.222868,14.234347,78.97221,3.647634,5.2569065,83.994965,71.52262,4.301646,2.9425368
24.0,120.0,2000-12-01,2001-01-16,46,25,15.452663,16.339432,14.58172,75.54143,9.229668,2.6331594,80.31856,70.60698,10.368033,8.074176
25.0,122.0,2000-12-01,2001-01-16,46,25,16.117275,16.873528,15.185685,71.15166,8.543554,4.825849,74.87552,67.35009,9.924491,6.989544
22.0,122.0,2000-12-01,2001-01-16,46,25,19.98469,20.56377,19.27068,74.491486,10.670296,4.237014,77.688576,71.20732,12.444472,8.8619375
23.0,122.0,2000-12-01,2001-01-16,46,25,16.555391,17.561268,15.539264,77.6694,7.1383586,6.06257,81.13607,73.35358,8.524728,5.790211
25.0,120.0,2000-12-01,2001-01-16,46,25,12.217795,13.758331,10.91404,74.36151,7.1228814,2.1469522,80.92637,66.87566,8.106136,6.133192
25.0,121.0,2000-12-01,2001-01-16,46,25,14.431009,15.398044,13.381408,73.068184,7.7071147,3.126477,77.94469,68.20808,9.075376,6.290903
24.0,122.0,2000-12-01,2001-01-16,46,25,15.629221,16.622503,14.5386,76.54918,6.4663324,6.9024096,80.26337,72.629616,7.631882,5.2368193
22.0,120.0,2000-12-01,2001-01-16,46,25,18.962774,19.909725,18.115475,75.54596,6.513446,3.700513,79.839355,70.362526,7.5197797,5.4250646
23.0,120.0,2000-12-01,2001-01-16,46,25,17.069921,18.002344,16.256744,75.75839,7.0377336,2.688244,80.304886,70.6237,7.884326,6.1720695
22.0,121.0,2000-12-01,2001-01-16,46,25,18.964148,19.897789,18.03192,75.58429,7.129566,3.4270751,79.414116,70.755936,8.200081,6.0846925
24.0,121.0,2000-12-01,2001-01-16,46,25,13.9230385,15.48816,12.720665,78.654335,5.7871404,5.191295,83.66674,72.23236,6.793731,4.9454446
24.0,122.0,2000-12-01,2001-01-17,47,25,15.18447,16.112465,14.292555,75.44818,6.397088,6.321087,78.83349,71.038635,7.65993,4.9613466
25.0,122.0,2000-12-01,2001-01-17,47,25,15.671118,16.356339,14.875583,70.50697,8.233673,4.2229986,73.78514,66.879265,9.613795,6.5569973
22.0,120.0,2000-12-01,2001-01-17,47,25,18.546131,19.49746,17.755348,73.99848,6.4648714,2.9730005,78.22909,68.41255,7.551219,5.459952
23.0,120.0,2000-12-01,2001-01-17,47,25,16.670387,17.590801,15.871666,75.02054,7.0515347,1.6592209,79.11693,69.44509,7.908519,6.085085
25.0,121.0,2000-12-01,2001-01-17,47,25,14.005328,14.837541,13.058966,72.530495,7.7649097,1.8008198,76.948654,67.68464,8.969083,6.247426
22.0,122.0,2000-12-01,2001-01-17,47,25,19.532524,20.127491,18.827354,73.019684,10.633292,3.8778467,75.89631,70.13643,12.112959,9.147622
25.0,120.0,2000-12-01,2001-01-17,47,25,11.885007,13.465616,10.68608,73.55832,7.200868,0.7212634,79.6291,65.56311,8.266822,5.966211
23.0,122.0,2000-12-01,2001-01-17,47,25,16.099865,17.10017,15.190055,76.42789,7.1310897,5.4597225,79.66974,71.81262,8.303462,5.8466344
24.0,121.0,2000-12-01,2001-01-17,47,25,13.498545,15.120709,12.379938,77.72852,5.892663,3.8833387,82.28234,70.07095,6.842389,4.7279816
22.0,121.0,2000-12-01,2001-01-17,47,25,18.525078,19.461237,17.708477,74.25789,7.099769,2.9363809,78.10092,69.20507,8.07899,6.189342
24.0,120.0,2000-12-01,2001-01-17,47,25,15.07073,15.881312,14.279982,74.89299,9.382032,1.0388973,78.70697,69.98681,10.547122,7.913434
23.0,121.0,2000-12-01,2001-01-17,47,25,15.094048,16.896582,13.91026,77.91967,3.6600335,4.517801,82.72907,69.26598,4.361003,3.0014834
23.0,122.0,2000-12-01,2001-01-18,48,25,16.030981,16.992,15.145011,74.87389,6.4222593,3.668484,78.16705,70.506424,7.5069404,5.2474365
22.0,122.0,2000-12-01,2001-01-18,48,25,19.553596,20.15091,18.9513,70.696266,9.772196,1.6065942,73.72213,67.74551,11.145683,8.385731
25.0,122.0,2000-12-01,2001-01-18,48,25,16.048656,16.771456,15.325334,69.48418,7.163179,3.2749598,72.640015,65.950905,8.384822,5.842048
22.0,120.0,2000-12-01,2001-01-18,48,25,18.519186,19.466856,17.692545,73.441765,6.0239882,2.0035992,77.35977,68.2532,6.8930836,5.2668366
23.0,120.0,2000-12-01,2001-01-18,48,25,16.753874,17.709251,15.9801035,74.2027,6.3105025,0.8367572,77.917656,68.45664,7.1011305,5.4594264
23.0,121.0,2000-12-01,2001-01-18,48,25,14.9778805,16.768879,13.750461,77.30836,3.2767334,3.4176283,82.19958,68.649635,3.9097748,2.6621265
24.0,120.0,2000-12-01,2001-01-18,48,25,15.380962,16.20055,14.585284,74.59805,8.308893,0.4746749,77.960266,69.48801,9.389998,6.8748493
25.0,121.0,2000-12-01,2001-01-18,48,25,14.44676,15.309047,13.570016,72.58703,7.021364,1.1729099,76.07027,67.90886,8.076988,5.8205867
24.0,121.0,2000-12-01,2001-01-18,48,25,13.609753,15.214416,12.556388,77.70936,5.255747,3.046842,82.03558,69.89386,6.093551,4.102827
22.0,121.0,2000-12-01,2001-01-18,48,25,18.498802,19.459782,17.64382,72.76486,6.652366,1.3555566,76.55953,67.51113,7.4954224,5.8685026
25.0,120.0,2000-12-01,2001-01-18,48,25,12.141699,13.852772,10.895006,74.47985,6.582247,0.75497705,80.51995,65.36932,7.546177,5.287362
24.0,122.0,2000-12-01,2001-01-18,48,25,15.231668,16.157692,14.343073,74.21394,5.6050506,5.159876,77.628654,69.97016,6.599624,4.4628453
23.0,121.0,2000-12-01,2001-01-19,49,25,15.526159,17.48852,14.262809,76.81981,3.2894583,3.3945875,81.83912,67.489006,3.9811454,2.6273925
24.0,120.0,2000-12-01,2001-01-19,49,25,16.074062,17.023705,15.246838,75.11596,7.8573003,1.145439,79.848045,69.12946,8.966083,6.3005333
22.0,122.0,2000-12-01,2001-01-19,49,25,20.207653,20.799864,19.452019,70.72612,9.552379,2.1010985,74.92915,67.25581,10.967365,8.264726
23.0,122.0,2000-12-01,2001-01-19,49,25,16.675705,17.67473,15.712174,74.61587,6.212028,3.4801917,78.707565,69.75472,7.2980475,4.9993367
25.0,121.0,2000-12-01,2001-01-19,49,25,15.268841,16.213026,14.378585,72.52187,6.557401,2.2143197,77.65391,67.04422,7.7129736,5.3400555
22.0,120.0,2000-12-01,2001-01-19,49,25,19.081848,20.159239,18.180387,73.04988,6.316949,3.3123388,77.41712,66.91155,7.219009,5.409295
23.0,120.0,2000-12-01,2001-01-19,49,25,17.373026,18.462442,16.46151,74.16618,6.1614614,1.3419741,78.68109,67.69436,6.922023,5.276108
24.0,122.0,2000-12-01,2001-01-19,49,25,15.952775,16.873653,15.007774,73.32226,5.4002004,4.4494295,76.60074,69.54266,6.572732,4.0146294
25.0,120.0,2000-12-01,2001-01-19,49,25,12.704996,14.498458,11.436529,75.61758,6.344621,1.557428,81.936,66.33416,7.2769356,5.21134
25.0,122.0,2000-12-01,2001-01-19,49,25,16.968348,17.623882,16.143068,68.59833,7.242042,3.4650843,72.183655,65.077774,8.595554,5.8936076
22.0,121.0,2000-12-01,2001-01-19,49,25,19.05594,20.157568,18.038,72.60159,6.586447,2.0200732,77.69289,66.03076,7.6238556,5.6760807
24.0,121.0,2000-12-01,2001-01-19,49,25,14.232318,16.001612,13.094654,77.74618,4.9076595,3.1892028,82.774124,69.64399,5.8263044,3.718257
25.0,120.0,2000-12-01,2001-01-20,50,25,13.053049,14.9588785,11.64985,78.22703,6.207565,0.91203916,84.42244,69.614494,7.269295,5.029375
24.0,122.0,2000-12-01,2001-01-20,50,25,16.328505,17.291828,15.372706,73.77835,4.95881,4.409659,77.93094,68.91025,5.985983,3.7179148
24.0,121.0,2000-12-01,2001-01-20,50,25,14.49688,16.272303,13.27403,79.152664,4.4978514,2.7630823,84.70864,70.39255,5.371236,3.372029
23.0,121.0,2000-12-01,2001-01-20,50,25,15.798894,17.705404,14.538683,77.30735,2.9646304,3.428213,83.07551,67.18547,3.578618,2.3593378
25.0,121.0,2000-12-01,2001-01-20,50,25,15.660527,16.771141,14.696999,75.48457,6.0891485,1.3583597,80.59596,69.92298,7.3413415,4.7176867
22.0,120.0,2000-12-01,2001-01-20,50,25,19.266363,20.28938,18.410265,73.7736,6.278822,3.2593,78.36502,67.38841,7.08485,5.4420686
24.0,120.0,2000-12-01,2001-01-20,50,25,16.296213,17.32608,15.487038,77.15394,7.591376,1.0005413,82.2387,71.03324,8.929091,6.031088
22.0,121.0,2000-12-01,2001-01-20,50,25,19.239344,20.246275,18.346857,73.20202,6.5137925,2.2830431,77.10591,67.42265,7.5023217,5.631657
25.0,122.0,2000-12-01,2001-01-20,50,25,17.47101,18.09873,16.690044,70.51239,6.802968,2.9964025,74.17135,66.70431,8.146529,5.401818
23.0,122.0,2000-12-01,2001-01-20,50,25,16.959604,17.948597,16.003702,74.340675,5.765291,3.8569849,78.15459,69.54552,6.844773,4.5916443
23.0,120.0,2000-12-01,2001-01-20,50,25,17.60305,18.730354,16.745485,75.30164,5.9092774,1.6551428,80.41843,67.83269,6.8277855,4.9094877
22.0,122.0,2000-12-01,2001-01-20,50,25,20.40236,20.96748,19.74438,70.63514,9.368564,2.7075531,73.91509,67.28323,10.847599,7.877038
24.0,120.0,2000-12-01,2001-01-21,51,25,16.446535,17.350723,15.740094,78.15712,7.6118555,1.861232,82.37005,73.06476,9.046091,6.054295
23.0,122.0,2000-12-01,2001-01-21,51,25,17.307268,18.356098,16.39339,75.92291,5.506341,4.7010455,79.99303,70.63632,6.9279084,4.0936666
23.0,120.0,2000-12-01,2001-01-21,51,25,17.81891,18.895973,17.046036,76.462296,5.924387,2.4502194,81.162834,69.491135,6.9214463,4.9467053
22.0,122.0,2000-12-01,2001-01-21,51,25,20.713892,21.188515,20.136593,72.39275,8.933279,3.4724073,75.68719,69.4095,10.762773,7.122552
25.0,122.0,2000-12-01,2001-01-21,51,25,17.746061,18.437626,16.954655,72.188225,6.804077,3.5099432,76.539185,68.251755,8.248627,5.1249866
25.0,121.0,2000-12-01,2001-01-21,51,25,15.827914,16.888708,14.931666,76.777985,6.198782,2.1543527,81.74767,71.82932,7.538088,4.685333
22.0,121.0,2000-12-01,2001-01-21,51,25,19.55572,20.592896,18.723663,74.22789,6.238479,2.9699328,79.13125,68.00964,7.2622085,5.245459
23.0,121.0,2000-12-01,2001-01-21,51,25,16.151264,18.113834,14.930089,78.09313,2.8206656,4.20132,84.02104,68.09839,3.499732,2.2099724
24.0,121.0,2000-12-01,2001-01-21,51,25,14.782881,16.534792,13.631896,79.75002,4.383455,3.6051593,84.9067,71.45249,5.537783,3.236571
24.0,122.0,2000-12-01,2001-01-21,51,25,16.722912,17.772066,15.771671,74.92299,5.150661,4.9685335,79.39865,69.646996,6.2895393,3.9635608
22.0,120.0,2000-12-01,2001-01-21,51,25,19.580189,20.662212,18.736134,74.16336,6.170691,3.5680792,78.90641,67.73506,7.006288,5.2548523
25.0,120.0,2000-12-01,2001-01-21,51,25,13.372041,15.209467,12.046857,78.31985,6.11028,1.6041348,84.578476,69.57695,7.415415,4.78333
23.0,122.0,2000-12-01,2001-01-22,52,25,17.69976,18.74276,16.880085,76.25176,5.2881794,6.020136,80.07196,71.339325,6.3911633,4.199944
25.0,122.0,2000-12-01,2001-01-22,52,25,17.90511,18.579893,17.129738,72.48528,6.6476216,5.0248065,76.01941,69.54443,7.929991,5.2612214
22.0,121.0,2000-12-01,2001-01-22,52,25,19.938969,20.951635,19.192408,75.2452,6.172838,3.5979557,79.466995,69.162056,7.2300963,5.317197
24.0,120.0,2000-12-01,2001-01-22,52,25,16.670683,17.56569,15.955763,79.552345,7.3428817,3.0053835,83.18987,74.61001,8.499189,5.834796
22.0,120.0,2000-12-01,2001-01-22,52,25,19.989391,21.015093,19.21881,75.64026,6.0771246,3.8626952,80.08705,69.402954,7.132406,5.105685
23.0,121.0,2000-12-01,2001-01-22,52,25,16.5995,18.567945,15.419469,78.71835,2.7227492,5.415429,84.23779,68.83003,3.4673038,2.1042924
25.0,121.0,2000-12-01,2001-01-22,52,25,15.986368,16.90985,15.102272,77.68934,6.075817,3.233576,82.4178,72.89958,7.130682,4.9077544
24.0,122.0,2000-12-01,2001-01-22,52,25,17.057331,18.082466,16.139757,75.108894,4.835984,6.883783,78.97608,70.34677,5.899929,3.7033188
24.0,121.0,2000-12-01,2001-01-22,52,25,15.116849,16.886944,13.999879,80.63863,4.1689262,5.0820246,85.62979,72.307465,5.102182,3.0431178
22.0,122.0,2000-12-01,2001-01-22,52,25,21.041082,21.425674,20.602755,73.13848,8.7949295,4.2066283,76.30435,70.5358,10.206457,7.5285926
23.0,120.0,2000-12-01,2001-01-22,52,25,18.156847,19.231482,17.382072,77.62098,5.715897,3.3292487,81.91185,70.90626,6.6288123,4.8801637
25.0,120.0,2000-12-01,2001-01-22,52,25,13.403352,15.138463,12.276407,79.81211,6.081645,2.378474,85.75522,71.4521,7.0295978,4.890062
25.0,120.0,2000-12-01,2001-01-23,53,25,13.743911,15.6065855,12.442883,80.81683,5.7103124,1.9022014,86.91654,72.716934,6.7851734,4.44964
23.0,121.0,2000-12-01,2001-01-23,53,25,17.009619,19.081022,15.774601,80.287315,2.7510073,5.078324,85.22891,70.64862,3.367752,2.1708975
25.0,121.0,2000-12-01,2001-01-23,53,25,16.25046,17.221659,15.3607235,78.81528,5.790824,2.6173823,82.95616,74.35203,7.1256933,4.245685
24.0,120.0,2000-12-01,2001-01-23,53,25,16.890781,17.832823,16.071554,80.41464,7.0840917,2.2754316,84.40381,75.6494,8.171007,5.8102765
22.0,120.0,2000-12-01,2001-01-23,53,25,20.250145,21.406567,19.378126,76.68922,5.7972,3.3058605,80.458694,70.45732,6.870994,4.9010463
23.0,120.0,2000-12-01,2001-01-23,53,25,18.443232,19.641298,17.59591,78.69623,5.563148,2.4794424,82.6718,71.999985,6.312933,4.791574
22.0,122.0,2000-12-01,2001-01-23,53,25,21.345684,21.750416,20.83965,74.7193,8.062529,4.1098466,77.52479,72.34286,9.525169,6.546295
23.0,122.0,2000-12-01,2001-01-23,53,25,18.090992,19.123194,17.224283,78.003494,5.108937,5.8342433,81.297905,73.475945,6.15365,3.959306
25.0,122.0,2000-12-01,2001-01-23,53,25,18.223434,18.833532,17.462627,74.15343,6.523932,3.8557868,77.18042,71.403946,8.043258,5.0174346
24.0,122.0,2000-12-01,2001-01-23,53,25,17.454401,18.52395,16.50521,76.97099,4.917019,6.112257,80.37302,72.59396,5.9634304,3.7387965
22.0,121.0,2000-12-01,2001-01-23,53,25,20.262657,21.322163,19.454958,76.65746,5.628561,3.3562145,80.510056,71.059326,6.7069783,4.680847
24.0,121.0,2000-12-01,2001-01-23,53,25,15.459978,17.27911,14.285689,82.00584,4.1488967,4.862564,86.60749,74.348656,5.0209794,3.1335976
25.0,121.0,2000-12-01,2001-01-24,54,25,16.251106,17.295368,15.297613,76.86064,6.566077,1.9970138,81.37473,72.04359,8.063648,4.964875
24.0,120.0,2000-12-01,2001-01-24,54,25,17.089983,18.10155,16.216242,78.87063,7.6100507,1.1161515,83.20823,73.18795,9.309375,5.7015004
22.0,120.0,2000-12-01,2001-01-24,54,25,20.12968,21.185078,19.368649,76.66041,5.536664,1.9014938,81.21982,70.51169,6.268694,4.68791
23.0,121.0,2000-12-01,2001-01-24,54,25,16.91655,18.797544,15.749767,80.64712,3.002969,4.1825294,85.7856,71.60821,3.6712208,2.4008238
22.0,121.0,2000-12-01,2001-01-24,54,25,20.138355,21.23664,19.323267,76.870674,5.958678,2.8034415,81.054115,71.04757,6.8785405,5.0245514
24.0,121.0,2000-12-01,2001-01-24,54,25,15.5541115,17.295841,14.413907,81.13044,4.8055305,4.163151,85.45639,73.423325,5.963606,3.5614948
25.0,120.0,2000-12-01,2001-01-24,54,25,13.909589,15.758023,12.519401,79.342834,6.228217,1.2881188,85.38779,70.84335,7.679725,4.7008886
24.0,122.0,2000-12-01,2001-01-24,54,25,17.283522,18.21196,16.411139,76.7501,5.4291353,5.8324666,80.4513,72.89742,6.657992,3.9820945
23.0,122.0,2000-12-01,2001-01-24,54,25,17.958485,18.962696,17.062853,78.084885,5.87158,5.6456957,81.66164,73.95031,7.256747,4.246213
25.0,122.0,2000-12-01,2001-01-24,54,25,17.960638,18.555656,17.270187,72.85349,7.2568164,3.6544237,76.76213,69.5946,8.711562,5.649109
22.0,122.0,2000-12-01,2001-01-24,54,25,21.181768,21.67832,20.592407,74.68201,8.939154,4.2753024,78.22767,71.4457,10.636677,7.0244923
23.0,120.0,2000-12-01,2001-01-24,54,25,18.455482,19.538887,17.646402,78.369865,5.783288,1.1200936,83.211296,71.23926,6.9449224,4.6255374
23.0,120.0,2000-12-01,2001-01-25,55,25,18.436327,19.508268,17.682667,77.52835,5.603761,1.5914389,81.79698,70.964325,6.477258,4.576846
23.0,122.0,2000-12-01,2001-01-25,55,25,17.651482,18.540812,16.855806,76.93671,6.00665,4.097391,80.979904,72.52109,7.2117786,4.630484
22.0,122.0,2000-12-01,2001-01-25,55,25,20.923534,21.358711,20.366592,73.12765,9.247826,2.2426858,76.45349,69.83819,10.786333,7.660872
24.0,122.0,2000-12-01,2001-01-25,55,25,17.00409,17.882454,16.117765,75.61871,5.350665,5.1900716,80.05015,71.07221,6.632246,4.1521716
23.0,121.0,2000-12-01,2001-01-25,55,25,16.699678,18.408295,15.566935,79.615776,2.9390092,4.0250645,84.55442,71.32353,3.6475587,2.2209551
25.0,121.0,2000-12-01,2001-01-25,55,25,16.13476,17.168825,15.284821,76.29971,6.379991,3.7548316,81.155235,71.3679,7.6309566,4.970942
22.0,120.0,2000-12-01,2001-01-25,55,25,20.085138,21.100664,19.305904,75.47002,5.6632676,2.278849,79.89926,69.36147,6.583804,4.8495936
24.0,120.0,2000-12-01,2001-01-25,55,25,17.078161,18.109713,16.32715,78.41684,7.3829,2.3011253,82.97568,72.57698,8.755584,5.611307
25.0,122.0,2000-12-01,2001-01-25,55,25,17.773346,18.349012,17.083996,71.79503,7.1638727,4.222821,75.83583,67.91623,8.516779,5.7449474
24.0,121.0,2000-12-01,2001-01-25,55,25,15.346052,16.97438,14.283009,80.47862,4.6473927,4.7222404,85.38016,72.81762,5.6622953,3.3757672
22.0,121.0,2000-12-01,2001-01-25,55,25,19.970625,20.926376,19.202595,75.475555,6.1418133,2.170969,79.55544,70.082,7.122853,5.1663227
25.0,120.0,2000-12-01,2001-01-25,55,25,13.691985,15.513641,12.511129,79.4937,6.114021,2.4206023,85.67641,71.31034,7.221262,4.664532
22.0,122.0,2000-12-01,2001-01-26,56,25,20.800417,21.187212,20.369728,72.67206,8.838552,2.2058434,74.87532,70.610794,10.237308,7.302676
23.0,120.0,2000-12-01,2001-01-26,56,25,18.294767,19.375385,17.495768,77.61924,5.4330616,2.0886545,82.57831,70.957375,6.4481297,4.416815
24.0,122.0,2000-12-01,2001-01-26,56,25,16.86284,17.83318,16.081198,75.42256,5.1182294,5.120424,79.47181,70.973,6.3695955,3.8175035
25.0,120.0,2000-12-01,2001-01-26,56,25,13.535713,15.357321,12.277545,79.596115,5.7364836,1.5047822,86.16086,70.63493,6.859125,4.5749846
24.0,121.0,2000-12-01,2001-01-26,56,25,15.068394,16.872538,13.871476,80.83075,4.3502088,4.0600905,86.25943,72.720276,5.2908106,3.1470034
25.0,122.0,2000-12-01,2001-01-26,56,25,17.756231,18.265017,17.134192,72.70257,6.6935315,3.3775642,75.903496,69.97029,8.153442,5.3394103
23.0,122.0,2000-12-01,2001-01-26,56,25,17.442472,18.467178,16.66731,76.53472,5.536188,4.2283955,80.11768,71.93033,6.722589,4.351746
22.0,121.0,2000-12-01,2001-01-26,56,25,19.799078,20.793617,19.046822,75.01735,6.1292667,2.2621474,79.14405,69.66402,7.0939345,5.1558337
22.0,120.0,2000-12-01,2001-01-26,56,25,19.998264,21.054146,19.21321,75.20547,5.808982,2.7792678,79.880806,69.33972,6.865769,4.8260508
23.0,121.0,2000-12-01,2001-01-26,56,25,16.442408,18.359526,15.223927,79.2348,2.8397803,4.284242,84.97212,70.04014,3.566085,2.1492443
25.0,121.0,2000-12-01,2001-01-26,56,25,15.982051,16.94364,15.046949,77.81355,5.934176,2.3202832,82.383896,72.685715,7.2180104,4.5149064
24.0,120.0,2000-12-01,2001-01-26,56,25,16.915112,17.88271,16.069942,79.214935,7.012623,1.8693866,83.71569,73.51116,8.422482,5.5238967
23.0,122.0,2000-12-01,2001-01-27,57,25,17.656895,18.82548,16.544527,77.11044,5.016047,5.330466,80.99828,71.84977,6.3452187,3.6885576
24.0,122.0,2000-12-01,2001-01-27,57,25,17.044079,18.22149,15.885743,76.60876,4.773284,7.425497,80.77302,71.2493,6.0047297,3.3454642
24.0,121.0,2000-12-01,2001-01-27,57,25,15.1859255,17.134754,13.796969,81.11121,4.048418,5.3553376,85.840645,72.60932,5.160254,2.786974
23.0,120.0,2000-12-01,2001-01-27,57,25,18.371973,19.621378,17.33757,77.79892,5.395772,2.4865348,82.78961,70.41206,6.3166585,4.415117
23.0,121.0,2000-12-01,2001-01-27,57,25,16.580727,18.759682,15.177691,79.19646,2.7726974,5.030478,84.87255,68.60103,3.4760227,1.9610399
25.0,121.0,2000-12-01,2001-01-27,57,25,16.050194,17.270838,14.923389,78.421394,5.759726,3.710593,83.05674,72.975655,7.219872,4.239153
24.0,120.0,2000-12-01,2001-01-27,57,25,16.972275,18.062464,15.918248,79.71733,6.7739234,2.8252795,83.78819,74.368286,8.111722,5.1405897
22.0,122.0,2000-12-01,2001-01-27,57,25,21.014463,21.595453,20.257946,73.21932,7.980188,2.3841496,76.56164,70.5991,9.814832,6.411429
25.0,122.0,2000-12-01,2001-01-27,57,25,17.887115,18.657467,16.895103,74.23324,6.603403,5.7673235,77.80343,70.821434,8.143419,5.1298046
22.0,121.0,2000-12-01,2001-01-27,57,25,19.936802,21.127441,18.933453,74.958626,5.6879425,2.0841596,79.65896,68.21264,6.880871,4.656574
25.0,120.0,2000-12-01,2001-01-27,57,25,13.671591,15.556247,12.236207,80.20004,5.5636024,2.9478064,86.30368,71.78459,6.748251,4.2342057
22.0,120.0,2000-12-01,2001-01-27,57,25,20.04242,21.231436,19.06156,75.28471,5.997295,2.0643225,80.37613,68.51557,6.878836,5.06039
22.0,121.0,2000-12-01,2001-01-28,58,25,20.059849,21.201782,19.151466,76.29504,6.090537,2.7479804,80.84789,70.03223,7.089216,5.152061
24.0,122.0,2000-12-01,2001-01-28,58,25,17.147993,18.080053,16.274801,76.84511,5.2693872,7.433501,80.56442,72.613625,6.606805,3.677891
24.0,121.0,2000-12-01,2001-01-28,58,25,15.376478,16.998894,14.283747,81.444496,4.4908605,5.6303654,85.48995,74.22283,5.602994,3.0289042
23.0,122.0,2000-12-01,2001-01-28,58,25,17.79195,18.772474,16.917639,77.494995,5.455321,5.966518,81.16679,72.79105,6.648152,4.041947
23.0,120.0,2000-12-01,2001-01-28,58,25,18.504528,19.585003,17.592638,78.500496,5.7883673,2.7980285,82.746,72.245125,6.9372325,4.456776
25.0,122.0,2000-12-01,2001-01-28,58,25,18.024948,18.66133,17.26191,74.34941,7.1803436,5.8108797,77.71646,71.23819,8.798313,5.447126
25.0,121.0,2000-12-01,2001-01-28,58,25,16.273785,17.17847,15.229454,78.65412,6.470648,4.0184255,82.634735,74.02238,7.854449,4.7552013
22.0,122.0,2000-12-01,2001-01-28,58,25,21.160473,21.660332,20.52626,74.212875,8.75418,3.2415998,77.851395,71.030754,10.266304,7.146567
22.0,120.0,2000-12-01,2001-01-28,58,25,20.209614,21.390312,19.284527,76.23222,5.9717865,3.3259811,80.60886,69.67806,7.0390306,5.058145
24.0,120.0,2000-12-01,2001-01-28,58,25,17.182943,18.029293,16.253853,80.09536,7.5609756,2.9655688,83.453964,75.71801,9.29144,5.36174
25.0,120.0,2000-12-01,2001-01-28,58,25,13.677674,15.175231,12.446974,80.74129,6.4410315,2.9776244,85.41152,73.63336,7.7108173,4.887054
23.0,121.0,2000-12-01,2001-01-28,58,25,16.693113,18.6042,15.478116,79.90439,2.9021552,5.4739666,84.941536,70.84048,3.5379353,2.1916094
24.0,120.0,2000-12-01,2001-01-29,59,25,17.326698,18.26931,16.581964,81.06389,7.246306,1.2808315,84.850204,76.0326,8.671861,5.3722596
23.0,121.0,2000-12-01,2001-01-29,59,25,17.044893,19.184679,15.751647,80.55012,2.5930212,5.411843,86.35579,69.97634,3.3531246,1.8179206
23.0,122.0,2000-12-01,2001-01-29,59,25,18.100794,19.178724,17.288786,78.298775,5.0153036,5.597537,82.134384,72.91998,6.1283875,3.9659278
24.0,121.0,2000-12-01,2001-01-29,59,25,15.655134,17.501312,14.523214,82.045334,4.1043267,4.144754,87.36957,73.29889,5.1956477,2.7220232
22.0,122.0,2000-12-01,2001-01-29,59,25,21.42749,21.860498,21.014877,75.289604,8.193238,4.6211314,78.60666,72.17331,9.594617,6.8422375
23.0,120.0,2000-12-01,2001-01-29,59,25,18.72055,19.937067,17.909664,79.53549,5.470016,2.5319016,84.077774,72.51521,6.437702,4.5179396
24.0,122.0,2000-12-01,2001-01-29,59,25,17.532671,18.639145,16.647253,77.455734,4.7672534,6.9871526,81.893036,72.12089,6.07184,3.344527
22.0,121.0,2000-12-01,2001-01-29,59,25,20.36996,21.524405,19.534937,77.21996,5.6570983,4.437113,81.86835,71.00813,6.6862574,4.7008715
25.0,121.0,2000-12-01,2001-01-29,59,25,16.536592,17.598804,15.634137,80.12886,6.233984,2.1589758,84.64386,75.3373,7.8438125,4.3531804
25.0,122.0,2000-12-01,2001-01-29,59,25,18.39299,19.00751,17.60545,75.72938,6.538446,4.9826107,79.193,72.305916,8.501176,4.5390577
25.0,120.0,2000-12-01,2001-01-29,59,25,13.985071,15.76181,12.76359,81.821,6.1166425,1.8957602,87.58123,74.01042,7.360303,4.5851793
22.0,120.0,2000-12-01,2001-01-29,59,25,20.410208,21.62835,19.499674,77.37597,5.691251,3.9096167,81.91856,70.7486,6.7198687,4.8098063
24.0,122.0,2000-12-01,2001-01-30,60,25,17.411615,18.636215,16.489288,78.391205,4.893457,7.2395234,82.35501,73.32497,6.224836,3.4822388
24.0,121.0,2000-12-01,2001-01-30,60,25,15.620517,17.522501,14.393048,82.08849,4.2632933,4.703509,87.21072,73.64524,5.408672,2.971103
25.0,121.0,2000-12-01,2001-01-30,60,25,16.358438,17.405767,15.460377,79.241,6.4338946,3.3418164,84.54127,73.4444,7.8693542,4.7078996
24.0,120.0,2000-12-01,2001-01-30,60,25,17.173655,18.18762,16.357018,80.7423,7.438322,2.3589976,85.00718,75.049675,8.799085,5.6902595
22.0,121.0,2000-12-01,2001-01-30,60,25,20.326675,21.624584,19.422009,76.893936,5.5115886,1.8209735,81.948975,70.067566,6.656605,4.459115
23.0,122.0,2000-12-01,2001-01-30,60,25,18.105259,19.424854,17.161232,78.38563,4.961897,4.9006567,82.591484,72.826805,6.1938148,3.4762533
22.0,120.0,2000-12-01,2001-01-30,60,25,20.38807,21.646753,19.49669,77.46088,5.8159094,2.1064649,82.67973,70.64503,6.918751,4.722398
25.0,122.0,2000-12-01,2001-01-30,60,25,18.128994,18.815592,17.367887,75.73815,6.848258,5.865924,79.79392,72.20751,8.491983,4.9645886
25.0,120.0,2000-12-01,2001-01-30,60,25,13.743555,15.379987,12.508956,81.27961,6.227385,2.3058972,86.95962,73.454414,7.477754,4.7372866
23.0,121.0,2000-12-01,2001-01-30,60,25,17.052515,19.291742,15.704938,81.058685,2.5998123,4.238574,87.03682,70.66205,3.324463,1.8520937
23.0,120.0,2000-12-01,2001-01-30,60,25,18.608902,19.929,17.745035,79.66147,5.6777744,1.8842961,84.558586,72.314865,6.6088433,4.612583
22.0,122.0,2000-12-01,2001-01-30,60,25,21.380896,22.014624,20.739624,74.60265,7.982418,2.4821386,78.35962,70.96689,9.478677,6.4728203
22.0,122.0,2000-12-01,2001-01-31,61,25,21.291817,21.91126,20.491362,76.05204,8.550758,2.7697306,80.269646,72.807594,10.806943,6.4853106
23.0,120.0,2000-12-01,2001-01-31,61,25,18.479918,19.85797,17.390816,79.18751,6.274069,1.5162216,83.846535,72.239265,7.498971,4.967044
22.0,121.0,2000-12-01,2001-01-31,61,25,20.282185,21.578907,19.21339,77.23756,5.878503,2.1470184,82.33364,70.423546,7.2997894,4.5087595
24.0,122.0,2000-12-01,2001-01-31,61,25,17.27092,18.654528,15.961417,78.3681,5.638487,8.028673,83.206894,73.16005,7.2185307,3.6695576
25.0,122.0,2000-12-01,2001-01-31,61,25,17.723793,18.75962,16.508018,75.61173,7.7950306,6.803545,79.730194,72.09952,9.519483,5.7693086
22.0,120.0,2000-12-01,2001-01-31,61,25,20.288721,21.566826,19.283628,77.45731,6.0120835,2.4399881,82.43821,70.75362,7.093863,4.740221
24.0,120.0,2000-12-01,2001-01-31,61,25,16.9161,18.124592,15.740597,79.86728,8.264074,1.4246701,83.75892,75.08807,10.045848,6.228411
23.0,121.0,2000-12-01,2001-01-31,61,25,16.998013,19.243517,15.489816,80.53355,3.0744238,4.8714747,86.25311,70.048004,3.9473736,2.0495896
25.0,121.0,2000-12-01,2001-01-31,61,25,15.910444,17.24988,14.463702,78.21925,7.205956,3.5642562,82.32222,73.88538,8.818171,5.305899
25.0,120.0,2000-12-01,2001-01-31,61,25,13.617075,15.547159,12.035284,78.82498,6.7363,2.5989857,85.15647,71.54101,8.059333,5.070675
23.0,122.0,2000-12-01,2001-01-31,61,25,18.006126,19.323473,16.807516,79.06634,5.578339,5.4946437,83.3545,73.626015,7.158634,3.6380847
24.0,121.0,2000-12-01,2001-01-31,61,25,15.437505,17.481056,13.878331,81.16822,4.884271,4.7657323,86.09277,73.069016,6.152551,3.309885
22.0,121.0,2000-12-01,2001-02-01,62,25,19.830166,20.923594,19.02505,77.77153,5.91703,2.9670737,81.946976,72.37154,6.826695,4.935424
24.0,122.0,2000-12-01,2001-02-01,62,25,16.638338,17.577223,15.813502,78.2838,5.7129073,7.796785,81.64778,74.341644,7.122498,4.2659383
23.0,120.0,2000-12-01,2001-02-01,62,25,18.016968,19.098644,17.186573,78.54922,6.254846,2.236024,82.23278,72.95596,7.4814315,5.083039
23.0,122.0,2000-12-01,2001-02-01,62,25,17.42783,18.410334,16.646143,79.6015,5.730574,6.376496,83.14651,75.44211,6.841966,4.5502915
22.0,122.0,2000-12-01,2001-02-01,62,25,20.756636,21.196186,20.239132,76.84212,8.693548,4.4534364,80.1363,74.35954,10.0945835,7.1449265
24.0,120.0,2000-12-01,2001-02-01,62,25,16.453857,17.350348,15.549909,78.62086,8.455107,2.069397,82.11074,74.446594,9.95041,6.693882
25.0,121.0,2000-12-01,2001-02-01,62,25,15.395306,16.389881,14.309674,76.96606,7.0016217,3.219147,80.98463,72.6485,8.44032,5.443609
24.0,121.0,2000-12-01,2001-02-01,62,25,14.943218,16.607653,13.824841,80.752396,5.180897,4.7148128,84.92902,73.4776,6.185303,3.9321802
22.0,120.0,2000-12-01,2001-02-01,62,25,19.889765,21.01391,19.044113,77.41061,5.688245,2.827456,81.691376,71.74399,6.8084803,4.7249618
23.0,121.0,2000-12-01,2001-02-01,62,25,16.502613,18.464571,15.331168,80.755775,3.0480826,4.8970037,85.56323,71.951775,3.815179,2.395489
25.0,120.0,2000-12-01,2001-02-01,62,25,13.077651,14.606102,11.883097,77.71688,6.772526,2.4571242,83.25161,70.11378,7.969149,5.4097943
25.0,122.0,2000-12-01,2001-02-01,62,25,17.071522,17.798058,16.286354,74.705345,7.5931783,6.2829604,77.923904,71.142006,9.416565,5.82938
22.0,122.0,2000-12-01,2001-02-02,63,25,20.66855,21.26273,19.92941,75.01536,8.585293,2.4270027,78.62187,71.70653,10.239039,7.051389
24.0,120.0,2000-12-01,2001-02-02,63,25,16.610868,17.618326,15.798048,76.74926,7.7601323,1.8081127,81.36487,70.96567,9.297218,6.286236
25.0,120.0,2000-12-01,2001-02-02,63,25,13.236246,14.966261,11.951842,77.04149,6.252672,1.5293286,82.99477,68.815384,7.528636,5.030263
25.0,121.0,2000-12-01,2001-02-02,63,25,15.582075,16.682009,14.651154,75.352196,6.707702,2.6537495,80.35935,69.75863,8.105816,5.1919885
22.0,120.0,2000-12-01,2001-02-02,63,25,19.783873,20.900923,18.881647,75.61908,5.5503325,2.0292068,80.072136,69.87062,6.7210264,4.293901
23.0,120.0,2000-12-01,2001-02-02,63,25,18.06638,19.226055,17.225416,76.41635,5.859038,1.7313569,81.22077,69.96082,6.986209,4.7415805
23.0,121.0,2000-12-01,2001-02-02,63,25,16.397795,18.404928,15.091759,78.962814,3.0032794,3.891852,84.3005,70.10586,3.8391526,2.1603336
24.0,121.0,2000-12-01,2001-02-02,63,25,14.946524,16.74709,13.819318,79.23076,4.7773542,3.9617364,84.298225,71.24838,6.022095,3.5704966
25.0,122.0,2000-12-01,2001-02-02,63,25,17.266102,18.058426,16.33526,72.46083,7.456371,4.6599774,76.163055,68.67397,9.096589,5.7923417
22.0,121.0,2000-12-01,2001-02-02,63,25,19.705996,20.77185,18.739464,76.02378,5.807764,1.968324,80.59972,70.57661,6.920886,4.677271
23.0,122.0,2000-12-01,2001-02-02,63,25,17.359123,18.446835,16.295895,77.71121,5.7188716,4.3506846,81.9249,72.72384,6.989217,4.592424
24.0,122.0,2000-12-01,2001-02-02,63,25,16.649979,17.699226,15.49778,76.09053,5.5461183,5.9778795,80.0857,71.592964,6.952572,4.156788
24.0,121.0,2000-12-01,2001-02-03,64,25,15.031325,16.771053,13.793057,80.06038,4.3938994,3.5765362,84.76785,72.760635,5.658155,3.0278475
24.0,120.0,2000-12-01,2001-02-03,64,25,16.656088,17.526802,15.762335,78.44429,7.1270885,2.1301563,82.256744,73.850266,8.794247,5.040104
23.0,120.0,2000-12-01,2001-02-03,64,25,18.226252,19.383282,17.307526,76.907585,5.530368,1.4850138,81.5455,70.61416,6.656817,4.263457
25.0,122.0,2000-12-01,2001-02-03,64,25,17.469908,18.278858,16.541641,73.47396,7.1391273,4.8665133,76.87316,69.852234,8.671941,5.7118053
22.0,122.0,2000-12-01,2001-02-03,64,25,20.882143,21.419483,20.177452,72.82372,7.992543,1.2797858,76.62149,69.385635,9.870203,6.185645
22.0,120.0,2000-12-01,2001-02-03,64,25,20.017628,21.184555,19.052248,75.23221,5.5400476,1.8239124,80.06931,69.03382,6.6668134,4.466116
23.0,122.0,2000-12-01,2001-02-03,64,25,17.53346,18.650606,16.529669,76.4471,5.1828566,3.1018336,80.99815,71.27967,6.660808,3.6792736
24.0,122.0,2000-12-01,2001-02-03,64,25,16.85009,17.871637,15.813175,75.981636,5.2431684,4.876277,80.095726,71.4621,6.6127825,3.7269878
22.0,121.0,2000-12-01,2001-02-03,64,25,19.944824,21.159746,18.972946,74.608185,5.5973268,1.1148359,79.31447,68.117805,6.796952,4.523195
23.0,121.0,2000-12-01,2001-02-03,64,25,16.597351,18.706663,15.246803,78.5371,2.8676233,2.9356658,84.39853,68.96796,3.739695,2.0124214
25.0,121.0,2000-12-01,2001-02-03,64,25,15.671352,16.737469,14.57132,77.28014,6.2863007,3.57502,81.39612,72.55619,7.50563,4.9191713
25.0,120.0,2000-12-01,2001-02-03,64,25,13.1869335,14.760575,11.934386,78.812836,5.8412004,2.733648,84.28323,71.583,7.047344,4.4218616
23.0,121.0,2000-12-01,2001-02-04,65,25,16.480877,18.521107,15.188892,79.25983,2.9581182,3.9462214,84.18894,70.171074,3.6782877,2.1736906
24.0,121.0,2000-12-01,2001-02-04,65,25,14.9885025,16.759132,13.799854,80.07666,4.6513724,4.65377,85.221436,72.378555,5.8011346,3.2828085
24.0,120.0,2000-12-01,2001-02-04,65,25,16.67188,17.710726,15.739713,78.194534,7.385648,2.1273737,82.99403,72.84022,8.984433,5.597855
25.0,121.0,2000-12-01,2001-02-04,65,25,15.576836,16.659718,14.592691,76.90861,6.419428,3.522179,82.866425,70.98012,7.734986,4.8898616
25.0,120.0,2000-12-01,2001-02-04,65,25,13.317988,15.116605,11.94008,78.18227,5.9748926,2.934715,84.9805,70.15626,7.1971087,4.535509
22.0,120.0,2000-12-01,2001-02-04,65,25,19.92369,21.070732,18.994268,75.87188,5.383033,1.7655859,80.360275,69.62605,6.460665,4.2795615
24.0,122.0,2000-12-01,2001-02-04,65,25,16.64146,17.736988,15.579972,76.060104,5.4811273,6.3598585,79.61153,71.74677,6.7554216,3.8725615
22.0,121.0,2000-12-01,2001-02-04,65,25,19.860012,21.04079,18.855255,75.15668,5.5899215,1.3336115,79.67293,69.174545,6.781904,4.5074587
23.0,122.0,2000-12-01,2001-02-04,65,25,17.399168,18.556017,16.393942,76.985855,5.509807,4.065545,80.70075,72.56059,6.8761854,3.9311523
22.0,122.0,2000-12-01,2001-02-04,65,25,20.779438,21.459,20.011421,73.18561,8.152338,1.4532391,76.628395,70.30244,10.0599985,6.276396
25.0,122.0,2000-12-01,2001-02-04,65,25,17.210613,18.00484,16.337896,73.14469,7.2957287,5.2215514,76.72218,69.91438,8.691048,5.686626
23.0,120.0,2000-12-01,2001-02-04,65,25,18.16881,19.4044,17.191887,77.37518,5.636483,1.4094467,81.836815,70.7126,6.743508,4.485213
23.0,122.0,2000-12-01,2001-02-05,66,25,17.292875,18.432106,16.323526,76.978386,5.740921,4.280647,80.755455,71.932144,7.1914477,4.382449
22.0,122.0,2000-12-01,2001-02-05,66,25,20.688675,21.234037,20.043106,73.54727,8.791866,2.1389234,77.01794,70.4403,10.42845,7.265646
22.0,120.0,2000-12-01,2001-02-05,66,25,19.822641,20.997374,18.863161,75.870056,5.596341,2.648873,80.61868,69.393585,6.6669035,4.5317802
25.0,120.0,2000-12-01,2001-02-05,66,25,13.118357,14.649013,11.829259,78.21054,6.4720235,1.3004555,84.08241,70.355316,7.430771,5.4201508
25.0,122.0,2000-12-01,2001-02-05,66,25,17.246468,18.01615,16.447603,73.089325,7.3482714,3.9080274,76.74432,69.825905,8.887913,5.652644
23.0,120.0,2000-12-01,2001-02-05,66,25,18.037792,19.152765,17.107468,77.386696,5.8938727,1.1849453,81.57509,71.13359,6.9126973,4.7857795
24.0,122.0,2000-12-01,2001-02-05,66,25,16.586403,17.682959,15.553468,76.043274,5.4458437,5.6397486,80.30668,71.020256,6.861906,4.010429
22.0,121.0,2000-12-01,2001-02-05,66,25,19.744228,20.882305,18.801691,75.36835,5.9167385,1.8117743,79.90333,69.10009,7.122775,4.8067675
23.0,121.0,2000-12-01,2001-02-05,66,25,16.349619,18.366802,15.014532,79.12802,2.9595327,3.9507494,84.389786,69.65635,3.8555067,2.1408648
24.0,121.0,2000-12-01,2001-02-05,66,25,14.809958,16.493444,13.580749,80.135544,4.9093423,3.8794928,84.67872,72.957016,5.979933,3.6704938
24.0,120.0,2000-12-01,2001-02-05,66,25,16.493645,17.407299,15.583195,78.4482,7.8864512,1.1236038,82.133575,73.86114,9.126937,6.345224
25.0,121.0,2000-12-01,2001-02-05,66,25,15.489541,16.489697,14.490792,76.950745,6.931196,2.1578417,80.90905,72.739716,8.11059,5.6148877
24.0,122.0,2000-12-01,2001-02-06,67,25,16.800564,17.870947,15.8314705,75.43545,5.158643,5.833464,79.57366,70.75611,6.541641,3.5951967
25.0,120.0,2000-12-01,2001-02-06,67,25,13.595506,15.316632,12.420509,78.61399,6.7490754,1.5550551,84.73545,70.569916,8.0922,5.1958523
22.0,121.0,2000-12-01,2001-02-06,67,25,19.832918,20.885532,19.034044,75.40992,5.795707,1.7518936,80.19775,69.364334,6.945871,4.697748
22.0,120.0,2000-12-01,2001-02-06,67,25,19.94507,21.054556,19.193283,76.01164,5.2738013,2.3305066,80.99289,69.40757,6.240147,4.349214
23.0,120.0,2000-12-01,2001-02-06,67,25,18.264624,19.396683,17.517326,77.46802,5.826828,1.9700943,82.05225,70.78827,6.80552,4.8029704
23.0,122.0,2000-12-01,2001-02-06,67,25,17.426044,18.463505,16.514225,76.67497,5.636771,4.256009,80.76194,71.726395,6.8524513,4.2005653
22.0,122.0,2000-12-01,2001-02-06,67,25,20.757498,21.186817,20.216398,73.396545,8.657082,1.7955322,77.036385,70.05688,10.231165,7.008179
25.0,122.0,2000-12-01,2001-02-06,67,25,17.653265,18.374601,16.883165,71.98262,7.0755897,4.116543,75.294846,69.07043,8.526089,5.3586555
24.0,120.0,2000-12-01,2001-02-06,67,25,16.988237,17.942493,16.18379,78.19265,7.9321,1.988709,82.141884,73.08174,9.449593,6.143299
25.0,121.0,2000-12-01,2001-02-06,67,25,16.102352,17.077417,15.150895,75.90265,7.0022283,2.5076613,80.033,71.00322,8.362327,5.200695
23.0,121.0,2000-12-01,2001-02-06,67,25,16.502514,18.459143,15.315011,79.039825,2.8139336,4.210998,84.85969,69.33494,3.5835626,1.985607
24.0,121.0,2000-12-01,2001-02-06,67,25,15.230921,16.970335,14.114171,79.74715,4.8663783,4.2189326,84.46701,71.81143,5.9836254,3.478014
23.0,121.0,2000-12-01,2001-02-07,68,25,16.620903,18.647285,15.383082,79.51016,2.8014755,4.8060384,85.04231,69.715,3.5511456,2.0386229
25.0,121.0,2000-12-01,2001-02-07,68,25,15.872445,16.819078,15.063634,77.31961,7.26702,3.3483624,82.186356,72.58327,8.521396,5.7992363
24.0,120.0,2000-12-01,2001-02-07,68,25,16.777046,17.771759,16.049463,79.29855,8.335774,3.538944,83.461716,73.87447,9.531162,6.944378
24.0,121.0,2000-12-01,2001-02-07,68,25,15.187229,16.933996,14.05485,80.54607,4.9677954,4.9781556,85.35503,72.404274,6.017659,3.6667478
22.0,120.0,2000-12-01,2001-02-07,68,25,19.990599,21.164062,19.098927,76.37569,5.3558807,2.8233056,80.728,69.905815,6.317691,4.4845004
22.0,122.0,2000-12-01,2001-02-07,68,25,20.909283,21.442007,20.303892,73.48534,8.365178,3.48218,77.41022,70.005035,9.813526,6.747205
23.0,122.0,2000-12-01,2001-02-07,68,25,17.586779,18.629576,16.717175,76.97671,5.5106506,5.482461,80.861404,72.01959,6.664652,4.1658673
23.0,120.0,2000-12-01,2001-02-07,68,25,18.214851,19.40696,17.36338,78.24371,6.0609255,3.357059,82.735695,71.53398,6.8863525,5.170524
25.0,122.0,2000-12-01,2001-02-07,68,25,17.54711,18.260021,16.856657,73.44374,7.2789783,5.538612,76.80558,70.141716,9.019305,5.6044006
22.0,121.0,2000-12-01,2001-02-07,68,25,19.941992,21.101997,19.001984,75.65425,5.6346703,2.807133,80.119965,69.56475,6.638446,4.6557674
25.0,120.0,2000-12-01,2001-02-07,68,25,13.330527,15.050255,12.111554,79.11769,7.064311,2.3084757,85.13776,70.9347,8.011075,5.99522
24.0,122.0,2000-12-01,2001-02-07,68,25,16.880947,17.895416,15.950397,76.388535,5.3963413,7.178168,80.17894,71.67453,6.755334,3.9561386
25.0,121.0,2000-12-01,2001-02-08,69,25,16.390032,17.427898,15.341769,78.15764,6.3414464,3.6799839,82.81676,72.86973,7.8952074,4.473072
24.0,121.0,2000-12-01,2001-02-08,69,25,15.5273,17.299217,14.413918,81.15363,4.470208,5.1683292,86.09732,72.71082,5.804037,2.9724305
23.0,121.0,2000-12-01,2001-02-08,69,25,16.795904,18.8271,15.658756,79.827774,2.9142673,5.1510878,85.71646,69.821556,3.6882644,2.2011085
24.0,120.0,2000-12-01,2001-02-08,69,25,17.213694,18.15492,16.38612,79.88568,7.2149153,2.8596723,83.96665,74.238014,8.765662,5.461942
25.0,120.0,2000-12-01,2001-02-08,69,25,13.729905,15.448082,12.415802,79.86956,6.303624,2.6091235,85.98351,71.92878,7.7252192,4.6588674
22.0,122.0,2000-12-01,2001-02-08,69,25,21.020252,21.500044,20.530289,74.58151,8.773709,3.9729552,78.895035,70.782936,10.023109,7.3446727
25.0,122.0,2000-12-01,2001-02-08,69,25,18.010063,18.798979,17.083721,74.06098,7.143391,5.196102,77.53831,70.59182,8.66849,5.5836334
22.0,120.0,2000-12-01,2001-02-08,69,25,20.191338,21.301802,19.384493,76.05224,5.881868,3.3366613,80.816376,69.76443,6.7247505,5.0238743
23.0,122.0,2000-12-01,2001-02-08,69,25,17.751213,18.745869,16.942842,77.92909,5.622868,5.470454,82.88809,72.74893,6.710828,4.3423576
23.0,120.0,2000-12-01,2001-02-08,69,25,18.487055,19.658592,17.669415,78.5611,5.488185,2.834342,83.21934,71.51095,6.4531813,4.53466
24.0,122.0,2000-12-01,2001-02-08,69,25,17.166304,18.166256,16.219664,76.75392,5.424945,6.691921,81.08863,71.79676,6.645636,4.119981
22.0,121.0,2000-12-01,2001-02-08,69,25,20.063536,21.104692,19.296867,76.156,6.0279455,3.6519082,81.13805,70.45552,6.871131,5.0149655
25.0,121.0,2000-12-01,2001-02-09,70,25,16.623734,17.691437,15.676691,77.515305,5.7940154,1.2181324,82.77148,71.72124,7.2121735,4.40033
23.0,121.0,2000-12-01,2001-02-09,70,25,17.005249,19.215317,15.686153,79.43526,2.8224692,3.4842083,85.24106,69.05116,3.581797,2.125461
24.0,121.0,2000-12-01,2001-02-09,70,25,15.676977,17.585045,14.46171,80.58903,4.224013,3.105639,85.72726,71.89484,5.1405983,3.241768
24.0,120.0,2000-12-01,2001-02-09,70,25,17.410656,18.431534,16.584948,79.428986,7.0158825,0.62868696,84.44241,73.395134,8.248604,5.566029
25.0,120.0,2000-12-01,2001-02-09,70,25,14.102466,16.11443,12.696339,80.00889,5.7450366,0.6981078,86.42305,71.025894,7.0095506,4.491122
24.0,122.0,2000-12-01,2001-02-09,70,25,17.389015,18.499891,16.40379,75.86544,5.3218474,4.7300844,80.262024,70.47971,6.350616,4.143053
22.0,120.0,2000-12-01,2001-02-09,70,25,20.437927,21.708168,19.481636,75.95127,5.8577604,1.9684057,81.02185,69.318855,6.8216457,5.0026317
25.0,122.0,2000-12-01,2001-02-09,70,25,18.31649,19.008574,17.5155,73.085075,6.935231,2.8346412,77.28293,69.09263,8.519204,5.400769
23.0,122.0,2000-12-01,2001-02-09,70,25,17.943176,19.030209,17.033175,77.44322,5.5217648,3.9749305,81.66902,72.23836,6.7233386,4.1652174
22.0,122.0,2000-12-01,2001-02-09,70,25,21.215914,21.722954,20.628868,74.65077,8.799994,2.729207,78.55407,71.18273,10.322358,7.2412567
23.0,120.0,2000-12-01,2001-02-09,70,25,18.743898,20.037016,17.82215,78.19654,5.411085,0.99321413,83.23681,70.597946,6.362287,4.3786097
22.0,121.0,2000-12-01,2001-02-09,70,25,20.276892,21.480259,19.338804,76.31538,6.088526,2.237417,81.26858,69.96853,7.073458,5.071659
22.0,120.0,2000-12-01,2001-02-10,71,25,20.593227,21.900131,19.656807,75.9892,5.7884846,2.1641662,80.86735,68.72481,6.846656,4.6891766
25.0,122.0,2000-12-01,2001-02-10,71,25,18.275793,18.89166,17.546207,73.27846,6.902529,3.2666132,76.485344,70.542816,8.176244,5.4431715
22.0,122.0,2000-12-01,2001-02-10,71,25,21.273952,21.67411,20.791454,74.31705,8.50605,1.722738,78.00688,71.127205,9.661236,7.2259126
23.0,120.0,2000-12-01,2001-02-10,71,25,18.92775,20.226131,18.021461,77.42834,5.282098,1.697857,82.276924,69.66313,6.2604985,4.146234
24.0,122.0,2000-12-01,2001-02-10,71,25,17.406652,18.56725,16.507902,75.785164,5.054163,4.1299586,80.136826,70.48815,6.120766,3.9650757
22.0,121.0,2000-12-01,2001-02-10,71,25,20.411192,21.661211,19.499142,75.95437,5.949922,1.8089429,81.08426,68.9229,6.6858644,5.105362
25.0,120.0,2000-12-01,2001-02-10,71,25,14.176977,16.029919,12.837467,80.20184,5.6042876,1.9638177,86.10948,71.48652,6.670912,4.33011
23.0,122.0,2000-12-01,2001-02-10,71,25,18.01861,19.19915,17.155817,76.892784,5.2806196,3.0722175,81.4422,71.22036,6.2274823,4.1073847
24.0,120.0,2000-12-01,2001-02-10,71,25,17.500542,18.50161,16.655783,78.97919,6.8941603,1.6015741,83.13244,73.59484,8.292148,5.115944
23.0,121.0,2000-12-01,2001-02-10,71,25,17.156666,19.43262,15.846579,78.831795,2.7692316,3.151258,85.08893,67.70046,3.4372954,2.1190002
25.0,121.0,2000-12-01,2001-02-10,71,25,16.622595,17.713001,15.666071,77.51753,5.8743076,2.1949887,81.6378,72.40047,7.1019225,4.5277596
24.0,121.0,2000-12-01,2001-02-10,71,25,15.734564,17.674522,14.563253,80.30443,4.0546627,3.0497859,85.64676,71.378685,5.0472035,2.786036
24.0,120.0,2000-12-01,2001-02-11,72,25,17.520477,18.617111,16.658766,80.5325,6.526622,2.358407,85.018585,74.79177,7.8448744,4.888109
24.0,121.0,2000-12-01,2001-02-11,72,25,15.77734,17.70971,14.5090685,81.8268,4.0092225,4.4009485,86.99207,73.38598,4.981252,2.9265642
23.0,121.0,2000-12-01,2001-02-11,72,25,17.107061,19.345484,15.638756,80.183624,2.6729968,3.8934405,86.14705,70.001854,3.366256,1.9931504
25.0,121.0,2000-12-01,2001-02-11,72,25,16.649378,17.878744,15.685352,79.027054,5.8598375,3.0169747,84.22931,73.04831,7.1031246,4.5312166
22.0,121.0,2000-12-01,2001-02-11,72,25,20.26204,21.513565,19.30172,77.21144,5.5987177,2.2811954,82.02582,70.74243,6.7624745,4.661028
25.0,120.0,2000-12-01,2001-02-11,72,25,14.294033,16.309965,12.873678,81.56205,5.519314,2.0590296,87.98505,72.42268,6.7833195,4.1002812
24.0,122.0,2000-12-01,2001-02-11,72,25,17.459724,18.586563,16.346272,77.183846,5.005681,5.3134227,81.2553,72.03849,5.9986587,3.8309777
23.0,122.0,2000-12-01,2001-02-11,72,25,17.984224,19.167093,16.956686,78.45334,5.286797,4.4445887,82.78241,72.96371,6.2630115,4.1986856
23.0,120.0,2000-12-01,2001-02-11,72,25,18.855312,20.164808,17.898111,78.89482,4.9865594,1.8435757,83.92049,71.42675,5.9505353,4.009396
22.0,122.0,2000-12-01,2001-02-11,72,25,21.140165,21.571733,20.618183,75.76177,8.230401,2.8350885,79.298836,72.687805,9.697757,6.844244
22.0,120.0,2000-12-01,2001-02-11,72,25,20.486763,21.753033,19.523102,76.558205,5.5966277,2.1011426,80.97878,70.01406,6.7446623,4.7089295
25.0,122.0,2000-12-01,2001-02-11,72,25,18.31281,18.958326,17.514992,74.69337,6.7500844,3.9242632,78.56297,71.046906,8.219532,5.378315
22.0,120.0,2000-12-01,2001-02-12,73,25,20.206814,21.568365,19.236662,76.19607,5.8863277,3.2290258,81.76021,68.57977,6.8300056,4.982391
25.0,122.0,2000-12-01,2001-02-12,73,25,17.954124,18.693293,17.189981,74.43725,7.120578,3.2217016,78.050865,71.07899,8.54307,5.6463976
22.0,122.0,2000-12-01,2001-02-12,73,25,21.026247,21.618217,20.347237,75.0311,8.641086,2.6867266,78.86031,71.850204,10.016977,7.0635753
23.0,120.0,2000-12-01,2001-02-12,73,25,18.606085,20.088953,17.629713,77.8743,5.420387,1.8160611,83.42865,69.327515,6.373193,4.204093
25.0,120.0,2000-12-01,2001-02-12,73,25,13.900496,16.003227,12.520592,79.952995,5.93149,1.2319543,86.44754,70.48563,7.137327,4.478346
23.0,122.0,2000-12-01,2001-02-12,73,25,17.809118,19.161688,16.778316,77.79718,5.554766,4.19735,82.07522,71.85215,6.4708834,4.5088954
22.0,121.0,2000-12-01,2001-02-12,73,25,20.079826,21.448784,19.101177,76.56126,6.0145445,2.5259004,81.722,69.52588,7.0124016,4.987439
24.0,122.0,2000-12-01,2001-02-12,73,25,17.211342,18.55124,16.15946,76.69967,5.259118,4.799768,80.740715,71.186646,6.3352313,4.1220913
25.0,121.0,2000-12-01,2001-02-12,73,25,16.234226,17.49162,15.229664,78.4595,6.481022,1.7550256,83.40618,72.64706,7.7727566,4.919191
23.0,121.0,2000-12-01,2001-02-12,73,25,16.863914,19.244352,15.437257,79.64398,2.8909855,4.033164,85.646484,68.11845,3.507443,2.3312635
24.0,121.0,2000-12-01,2001-02-12,73,25,15.472167,17.530445,14.14171,80.95662,4.409364,3.3263764,86.12822,71.888756,5.4058833,3.2269645
24.0,120.0,2000-12-01,2001-02-12,73,25,17.209335,18.416542,16.327213,79.20793,7.0939426,1.1193439,83.91147,73.07493,8.468781,5.2539535
22.0,120.0,2000-12-01,2001-02-13,74,25,20.10198,21.299877,19.242546,76.20798,5.804304,2.735395,80.98929,69.309456,6.717728,5.01906
25.0,121.0,2000-12-01,2001-02-13,74,25,16.216612,17.241442,15.342101,78.02254,6.091238,1.9123349,82.08398,73.03096,7.1917834,4.8516283
25.0,122.0,2000-12-01,2001-02-13,74,25,17.773663,18.455597,17.114552,74.18908,7.082954,3.294477,77.6387,71.22549,8.388444,5.675596
24.0,122.0,2000-12-01,2001-02-13,74,25,16.894947,17.858606,15.982516,77.3623,5.1325407,5.875343,81.32793,72.76172,6.2842236,3.9084136
23.0,120.0,2000-12-01,2001-02-13,74,25,18.42369,19.662277,17.637403,78.69316,5.4158015,1.7234308,82.86712,71.58228,6.2542143,4.426965
25.0,120.0,2000-12-01,2001-02-13,74,25,13.889667,15.533282,12.687555,79.94,6.073013,1.5163821,85.3006,71.96453,6.996567,4.9401636
22.0,122.0,2000-12-01,2001-02-13,74,25,20.805483,21.226158,20.234571,74.478874,8.540503,2.0096893,77.40265,71.91081,9.892625,7.322638
24.0,121.0,2000-12-01,2001-02-13,74,25,15.319976,17.13789,14.168439,81.497894,4.315355,4.4810004,86.20305,73.30167,5.209057,3.215571
24.0,120.0,2000-12-01,2001-02-13,74,25,17.075249,18.090204,16.316011,80.187454,7.144598,1.7458745,83.78919,75.13899,8.179299,5.726988
23.0,122.0,2000-12-01,2001-02-13,74,25,17.51142,18.615084,16.620192,78.216675,5.363279,4.863076,81.93507,72.91564,6.521143,4.2423506
23.0,121.0,2000-12-01,2001-02-13,74,25,16.66341,18.776146,15.402755,80.02475,2.8026648,4.470929,85.236404,69.62329,3.4893105,2.1717634
22.0,121.0,2000-12-01,2001-02-13,74,25,19.95672,21.12002,19.043371,76.0258,5.9110756,1.6199777,80.20879,69.47193,6.8324957,5.118949
23.0,120.0,2000-12-01,2001-02-14,75,25,18.640137,19.906698,17.769405,78.43082,5.190012,1.7203686,83.021774,71.275116,6.227792,4.038138
25.0,122.0,2000-12-01,2001-02-14,75,25,17.7904,18.5483,17.024338,75.43653,6.7891674,4.2768188,78.873886,71.80071,8.438578,5.047036
22.0,122.0,2000-12-01,2001-02-14,75,25,20.859758,21.329546,20.311638,75.72013,7.779218,1.9434485,79.160126,72.67963,9.336279,6.4417152
25.0,121.0,2000-12-01,2001-02-14,75,25,16.298134,17.248482,15.359381,78.78416,6.256474,2.4106743,82.69109,74.40169,7.6726117,4.34583
23.0,122.0,2000-12-01,2001-02-14,75,25,17.590797,18.608742,16.792423,79.42976,4.9689317,4.6250243,83.37117,74.64065,6.191408,3.6922848
23.0,121.0,2000-12-01,2001-02-14,75,25,16.784636,18.7738,15.602633,80.717636,2.706334,4.115993,86.238,70.80673,3.3645644,2.008168
24.0,120.0,2000-12-01,2001-02-14,75,25,17.352636,18.281828,16.546211,79.624435,6.88598,1.9690851,83.26618,75.073845,8.418111,4.9034963
25.0,120.0,2000-12-01,2001-02-14,75,25,14.133454,15.8580675,12.888414,80.159256,5.904471,1.7398983,85.343475,72.71187,7.219933,4.334356
24.0,122.0,2000-12-01,2001-02-14,75,25,17.012224,18.031132,16.130373,78.30289,4.964306,6.2287254,82.22018,73.58685,6.1462336,3.441994
22.0,120.0,2000-12-01,2001-02-14,75,25,20.219505,21.43185,19.365856,76.9727,5.573869,1.6044,81.46492,70.216095,6.580496,4.5940113
24.0,121.0,2000-12-01,2001-02-14,75,25,15.502673,17.132187,14.445456,81.87665,4.220744,4.3552513,86.22841,74.64917,5.348241,2.8654404
22.0,121.0,2000-12-01,2001-02-14,75,25,20.052977,21.239868,19.19234,76.77669,5.459564,1.4325863,81.352005,70.09203,6.4957604,4.5601964
24.0,121.0,2000-12-01,2001-02-15,76,25,15.678618,17.279142,14.523249,80.89774,4.1115894,4.517108,85.90656,73.51019,5.385046,2.6610184
25.0,120.0,2000-12-01,2001-02-15,76,25,14.013296,15.479354,12.867184,80.38376,6.1770964,2.223407,86.18332,73.45741,7.499213,4.5484924
23.0,120.0,2000-12-01,2001-02-15,76,25,18.703102,19.95689,17.84965,78.375435,5.5311584,1.6298349,83.22534,71.25341,6.5674853,4.3587184
22.0,122.0,2000-12-01,2001-02-15,76,25,21.173,21.733067,20.530968,74.253044,8.3938675,2.16054,77.222885,71.432556,9.832126,6.724446
24.0,122.0,2000-12-01,2001-02-15,76,25,17.205643,18.168756,16.227081,77.04419,5.1162353,6.1647496,81.9587,72.05163,6.4490223,3.7366104
24.0,120.0,2000-12-01,2001-02-15,76,25,17.43309,18.316671,16.6452,79.62151,7.2142553,1.862685,83.89815,74.665344,8.799281,5.3059554
22.0,120.0,2000-12-01,2001-02-15,76,25,20.428719,21.741386,19.555485,76.18273,5.9077206,2.2688727,81.32197,68.636505,6.8250737,4.9513764
25.0,122.0,2000-12-01,2001-02-15,76,25,18.048033,18.777653,17.250519,74.934555,7.1093445,4.9281793,79.1024,71.23808,8.600708,5.6476393
25.0,121.0,2000-12-01,2001-02-15,76,25,16.53906,17.43126,15.582868,78.608215,6.1570115,3.2906027,83.04119,73.83736,7.5926714,4.5876822
23.0,122.0,2000-12-01,2001-02-15,76,25,17.843348,18.802021,16.905636,77.73874,5.1931047,4.4643116,81.190384,73.35119,6.4820375,3.6787763
22.0,121.0,2000-12-01,2001-02-15,76,25,20.2724,21.51169,19.363096,75.88703,5.858268,1.9939102,80.41264,69.3111,6.963169,4.6839085
23.0,121.0,2000-12-01,2001-02-15,76,25,16.943731,18.987362,15.638761,79.69957,2.7281747,4.2961617,85.571686,69.83182,3.5414672,1.9369698
25.0,121.0,2000-12-01,2001-02-16,77,25,16.47451,17.57689,15.572633,78.204544,5.641599,2.0931208,82.94371,72.43387,7.241373,4.039427
22.0,120.0,2000-12-01,2001-02-16,77,25,20.487604,21.751593,19.502663,77.28934,5.7270727,1.7388122,82.41957,70.47174,6.622754,4.8875217
22.0,121.0,2000-12-01,2001-02-16,77,25,20.330463,21.536919,19.384571,76.95625,5.7544007,1.3674124,81.79036,70.53982,6.769487,4.792969
25.0,120.0,2000-12-01,2001-02-16,77,25,14.261536,16.074549,12.983731,80.03002,5.5377364,1.3863328,86.561745,71.30382,6.9158025,4.0736876
22.0,122.0,2000-12-01,2001-02-16,77,25,21.26042,21.844643,20.602179,75.21988,8.24348,1.3991467,79.027855,71.44357,9.712196,6.785265
24.0,121.0,2000-12-01,2001-02-16,77,25,15.754328,17.604395,14.582614,81.19351,3.9768763,3.3440344,86.00067,72.470146,4.972016,2.935207
24.0,122.0,2000-12-01,2001-02-16,77,25,17.375515,18.549042,16.389551,77.45238,4.994755,4.8003345,82.18334,71.992256,6.1918178,3.5322437
23.0,122.0,2000-12-01,2001-02-16,77,25,18.03004,19.23622,16.982813,78.22018,5.179503,3.3556347,82.79116,72.76805,6.1653857,3.977759
24.0,120.0,2000-12-01,2001-02-16,77,25,17.446867,18.443521,16.676188,79.68069,6.8526626,1.2453408,83.863464,73.680695,8.397321,5.3573747
25.0,122.0,2000-12-01,2001-02-16,77,25,18.077324,18.764254,17.326422,74.65955,6.353732,3.5451453,78.68957,70.49583,8.091935,4.806968
23.0,120.0,2000-12-01,2001-02-16,77,25,18.798403,20.083193,17.903893,78.712364,5.2481804,1.2160461,83.58911,71.16323,6.326008,4.2078595
23.0,121.0,2000-12-01,2001-02-16,77,25,17.10108,19.27631,15.689571,80.28679,2.6827955,3.322975,85.94114,69.80723,3.220653,2.1066523
24.0,121.0,2000-12-01,2001-02-17,78,25,16.001026,17.935673,14.678654,80.71386,4.195201,3.7074702,86.07848,72.07657,5.4970374,2.9398289
25.0,120.0,2000-12-01,2001-02-17,78,25,14.436824,16.411913,12.980841,80.19207,6.0659575,2.3607295,87.10921,71.525154,7.42407,4.6014357
23.0,120.0,2000-12-01,2001-02-17,78,25,18.97055,20.328712,17.984196,78.45883,5.1857576,1.8874009,83.17168,70.90589,6.3579755,4.122141
22.0,122.0,2000-12-01,2001-02-17,78,25,21.271885,21.761763,20.671837,74.42697,8.145914,2.2462897,78.139534,71.54369,10.04883,6.197456
24.0,122.0,2000-12-01,2001-02-17,78,25,17.485785,18.514685,16.38427,76.19681,5.2128015,4.673048,79.64555,71.682526,6.6510634,3.7419016
22.0,121.0,2000-12-01,2001-02-17,78,25,20.467781,21.62582,19.542877,76.33326,5.692391,1.8275855,80.87016,69.741745,6.8667293,4.5359917
23.0,121.0,2000-12-01,2001-02-17,78,25,17.272707,19.412909,15.883101,79.6232,2.7100928,3.4639392,85.1408,69.48369,3.5422142,1.9884688
24.0,120.0,2000-12-01,2001-02-17,78,25,17.694021,18.882902,16.721735,79.5777,6.9862194,2.1397822,84.41319,73.583855,8.686413,5.318658
23.0,122.0,2000-12-01,2001-02-17,78,25,18.076235,19.136627,17.087828,77.403206,5.1781306,3.8798926,81.488014,72.274765,6.6852555,3.7517338
25.0,122.0,2000-12-01,2001-02-17,78,25,18.304277,19.06431,17.361828,73.35054,6.880849,3.780714,76.610306,70.45768,8.365261,5.307209
22.0,120.0,2000-12-01,2001-02-17,78,25,20.686739,21.895048,19.73715,76.7153,5.5949144,2.0882056,81.07425,70.354164,6.536504,4.737012
25.0,121.0,2000-12-01,2001-02-17,78,25,16.83697,18.018526,15.776056,77.55959,6.13469,2.8224585,82.87395,71.870056,7.591882,4.6116595
25.0,121.0,2000-12-01,2001-02-18,79,25,16.74048,17.815693,15.857418,78.95381,6.2511296,2.9781656,83.96231,73.54141,7.2418804,4.9110365
22.0,120.0,2000-12-01,2001-02-18,79,25,20.713867,22.034204,19.69447,77.29931,5.762396,1.7721106,82.22732,70.28529,6.696049,4.711688
25.0,122.0,2000-12-01,2001-02-18,79,25,18.452652,19.240746,17.654587,75.19084,6.8768153,4.466511,79.38294,71.852516,8.222125,5.1483946
23.0,122.0,2000-12-01,2001-02-18,79,25,18.371048,19.66377,17.227667,77.75385,5.1697345,4.0951138,81.82359,72.169106,6.426854,3.703053
25.0,120.0,2000-12-01,2001-02-18,79,25,14.215606,15.778553,13.090187,81.06899,5.9258966,2.038532,86.73578,73.73118,6.883963,4.669583
24.0,121.0,2000-12-01,2001-02-18,79,25,16.007742,17.862457,14.812662,81.366585,4.078795,4.022475,86.440056,73.21794,5.009031,2.9567988
24.0,120.0,2000-12-01,2001-02-18,79,25,17.496563,18.467812,16.719122,80.07077,7.21219,1.625017,84.81035,74.62621,8.424099,5.7023377
23.0,121.0,2000-12-01,2001-02-18,79,25,17.439682,19.671984,15.984342,80.27529,2.7010827,3.8021429,86.24093,69.624054,3.5477865,1.8889889
22.0,121.0,2000-12-01,2001-02-18,79,25,20.593016,21.811924,19.574059,76.73798,5.7101912,1.4611362,81.88178,69.95244,6.8437324,4.6914015
24.0,122.0,2000-12-01,2001-02-18,79,25,17.738838,18.957542,16.60168,77.394356,5.1976604,5.5181484,81.53651,72.46209,6.3622413,3.7473884
22.0,122.0,2000-12-01,2001-02-18,79,25,21.5254,22.138487,20.781782,74.55271,8.144006,1.7556299,77.77159,71.7249,9.757718,6.456305
23.0,120.0,2000-12-01,2001-02-18,79,25,18.932318,20.259245,17.988434,78.9109,5.51203,1.3943033,84.60633,71.20287,6.468141,4.2030854
25.0,122.0,2000-12-01,2001-02-19,80,25,18.444338,19.20756,17.461422,75.50627,7.20013,5.1653166,78.99961,72.28267,9.2548,5.463966
25.0,120.0,2000-12-01,2001-02-19,80,25,14.570679,16.240963,13.223804,80.762184,6.0326576,3.2228692,86.619514,73.211136,7.703177,4.3497877
23.0,121.0,2000-12-01,2001-02-19,80,25,17.56807,19.586788,16.205103,80.80309,2.835063,4.357206,86.50916,71.18754,3.667484,2.086482
24.0,121.0,2000-12-01,2001-02-19,80,25,16.211266,17.961884,14.981974,81.689896,4.1928577,4.785066,86.973946,73.04477,5.5433416,2.8667648
24.0,120.0,2000-12-01,2001-02-19,80,25,17.817934,18.830477,16.755812,80.39628,7.0652714,2.617098,84.91955,74.34229,9.091144,5.0681486
23.0,120.0,2000-12-01,2001-02-19,80,25,19.179216,20.372828,18.19548,79.469406,5.3857765,2.1816123,84.46177,72.571075,6.5760016,4.086727
22.0,122.0,2000-12-01,2001-02-19,80,25,21.497551,21.906782,21.036118,75.528595,8.197849,2.1822224,79.23733,71.90878,9.592587,6.4891124
22.0,121.0,2000-12-01,2001-02-19,80,25,20.709684,21.831558,19.8675,77.38471,5.6808553,1.9829422,81.921524,71.49926,6.695874,4.611152
22.0,120.0,2000-12-01,2001-02-19,80,25,20.878609,21.952866,20.052687,77.77349,5.5163317,2.3613598,82.31633,71.89817,6.480615,4.4865437
23.0,122.0,2000-12-01,2001-02-19,80,25,18.35554,19.405748,17.469152,78.64669,5.3087254,4.558931,82.84937,73.12762,6.4657245,3.8680494
24.0,122.0,2000-12-01,2001-02-19,80,25,17.771751,18.820412,16.725197,78.23,5.3960114,6.106785,82.74152,72.9645,6.8359528,3.8772275
25.0,121.0,2000-12-01,2001-02-19,80,25,16.901627,18.06227,15.767795,78.70727,6.2120056,3.8545852,83.10508,73.43543,8.036838,4.5606785
25.0,120.0,2000-12-01,2001-02-20,81,25,14.516027,15.922621,13.520338,81.70102,5.6014366,4.763255,87.41175,74.86661,6.8322186,4.2573657
23.0,122.0,2000-12-01,2001-02-20,81,25,18.44384,19.401318,17.626242,78.4856,4.8420267,7.4060755,82.719795,73.5107,6.0869336,3.2653
23.0,121.0,2000-12-01,2001-02-20,81,25,17.648418,19.46897,16.431643,81.19401,2.5719059,7.1546144,86.52001,72.66267,3.397703,1.8126276
24.0,121.0,2000-12-01,2001-02-20,81,25,16.27539,17.75386,15.247418,82.020645,3.9321826,8.099439,86.878685,75.00466,5.006554,2.8022127
22.0,121.0,2000-12-01,2001-02-20,81,25,20.812708,21.862442,20.01928,77.373924,5.1940346,3.8471174,81.947624,71.46039,6.459665,3.92714
22.0,122.0,2000-12-01,2001-02-20,81,25,21.608736,22.075493,21.125742,74.984406,7.7663665,4.0940027,79.07566,71.13579,9.321707,5.9296455
25.0,122.0,2000-12-01,2001-02-20,81,25,18.567263,19.153568,17.883156,74.37809,6.4237585,7.378911,78.30742,71.08131,8.175739,4.67993
22.0,120.0,2000-12-01,2001-02-20,81,25,20.966263,22.04689,20.115206,78.52666,4.9460487,4.4586897,82.98071,72.85374,6.1632996,3.9080427
25.0,121.0,2000-12-01,2001-02-20,81,25,17.029015,17.809164,16.246984,78.716675,5.479577,5.8853855,83.386185,73.80595,6.890662,3.9503555
24.0,122.0,2000-12-01,2001-02-20,81,25,17.831093,18.748873,17.000147,77.38148,5.0130405,9.601812,81.64037,72.99329,6.314846,3.6535554
24.0,120.0,2000-12-01,2001-02-20,81,25,17.829739,18.61727,17.202517,80.86148,6.670785,5.782236,85.09236,75.97057,8.146165,4.980233
23.0,120.0,2000-12-01,2001-02-20,81,25,19.206642,20.29488,18.4611,79.99429,5.032459,4.8191,84.500496,73.83528,6.0183907,3.972594
24.0,121.0,2000-12-01,2001-02-21,82,25,16.348852,18.166683,15.168663,81.64971,3.8239243,4.622316,87.292786,73.34161,4.8633657,2.7708805
25.0,121.0,2000-12-01,2001-02-21,82,25,16.84902,17.779894,16.070568,79.26242,5.700954,3.3549185,84.20465,74.07138,6.8628206,4.352924
25.0,120.0,2000-12-01,2001-02-21,82,25,14.481585,16.069681,13.330944,81.701324,5.410109,2.534605,87.67783,73.98146,6.4519625,4.2975025
23.0,121.0,2000-12-01,2001-02-21,82,25,17.85043,20.1801,16.372784,80.665344,2.4395127,3.9649658,87.2399,69.92593,3.1245682,1.7575728
25.0,122.0,2000-12-01,2001-02-21,82,25,18.554163,19.263857,17.859245,75.28916,6.3197,4.2631245,79.485275,71.76595,7.928305,4.688042
23.0,122.0,2000-12-01,2001-02-21,82,25,18.716759,20.004097,17.629898,78.225784,4.5729995,4.3790894,83.455345,72.17758,5.779021,3.1805072
23.0,120.0,2000-12-01,2001-02-21,82,25,19.29254,20.61474,18.33256,79.47882,4.897629,1.70758,84.71797,71.966805,5.8566155,3.83077
22.0,121.0,2000-12-01,2001-02-21,82,25,20.931318,22.195713,19.981295,77.078415,4.6988115,1.8116443,82.38103,70.23489,5.8493733,3.4403949
22.0,120.0,2000-12-01,2001-02-21,82,25,21.033455,22.305996,20.092667,77.58399,4.978592,1.666991,82.501686,70.76645,5.9410067,4.07496
24.0,120.0,2000-12-01,2001-02-21,82,25,17.787304,18.686325,17.004923,80.531715,6.4959936,2.373777,85.252205,75.26563,7.750601,4.9219704
24.0,122.0,2000-12-01,2001-02-21,82,25,18.072395,19.343204,17.002794,77.48708,5.0771184,5.535399,82.195076,71.89361,6.202745,3.783297
22.0,122.0,2000-12-01,2001-02-21,82,25,21.798714,22.399467,21.081104,74.97671,6.865167,2.2288215,79.77841,71.264046,8.535442,4.87984
24.0,122.0,2000-12-01,2001-02-22,83,25,18.261375,19.370543,17.31214,78.773315,5.1071773,5.8945837,82.64464,73.96919,6.5753736,3.5983093
22.0,120.0,2000-12-01,2001-02-22,83,25,21.26633,22.490967,20.393034,78.4245,4.8086443,1.6550848,83.68528,71.99539,5.923421,3.7090805
24.0,121.0,2000-12-01,2001-02-22,83,25,16.603462,18.325207,15.542726,82.22661,4.0839376,4.6839514,87.18411,74.36203,5.158911,2.8943264
23.0,121.0,2000-12-01,2001-02-22,83,25,18.099943,20.202875,16.855865,81.310036,2.5946522,3.7449255,87.10372,71.42717,3.4627907,1.7360289
24.0,120.0,2000-12-01,2001-02-22,83,25,17.99722,18.895485,17.303692,81.26122,6.705787,2.2465148,85.978134,75.923,7.819556,5.2025547
25.0,120.0,2000-12-01,2001-02-22,83,25,14.646409,16.139294,13.591427,82.2705,5.64638,3.0747626,87.905235,75.23438,6.82969,4.310295
22.0,122.0,2000-12-01,2001-02-22,83,25,21.876654,22.361826,21.312471,77.03096,7.4164867,1.9050244,80.4294,73.94304,9.170331,5.6607556
22.0,121.0,2000-12-01,2001-02-22,83,25,21.107082,22.308603,20.259377,78.464035,5.031187,1.5086005,83.77716,72.23101,6.306581,3.764513
23.0,122.0,2000-12-01,2001-02-22,83,25,18.86889,20.014933,17.95712,79.610794,4.9269156,4.140128,83.49229,74.56358,6.369169,3.4348497
25.0,122.0,2000-12-01,2001-02-22,83,25,18.71098,19.369484,18.032019,76.46618,6.4142437,5.169791,80.14082,73.13502,7.9895463,4.703404
23.0,120.0,2000-12-01,2001-02-22,83,25,19.497368,20.761328,18.643435,80.289665,4.999316,1.2961972,85.48738,73.20232,5.8573895,4.05399
25.0,121.0,2000-12-01,2001-02-22,83,25,17.070787,17.90465,16.284542,79.746735,5.7976313,3.9622138,84.72465,74.67336,7.0746593,4.358325
25.0,121.0,2000-12-01,2001-02-23,84,25,17.267334,18.356527,16.355759,80.58597,5.7005196,3.9364219,84.88462,75.03528,7.2743635,4.0704985
23.0,120.0,2000-12-01,2001-02-23,84,25,19.701672,21.049877,18.775578,80.71382,4.8960023,1.4776093,85.45699,73.31282,6.132981,3.5874145
24.0,121.0,2000-12-01,2001-02-23,84,25,16.753399,18.617163,15.566418,82.97854,3.9634356,4.7136903,87.987366,75.33783,5.148136,2.6590173
23.0,121.0,2000-12-01,2001-02-23,84,25,18.29078,20.539757,16.936094,82.00723,2.6765935,4.2568455,88.000374,71.7895,3.4021053,1.8882595
22.0,120.0,2000-12-01,2001-02-23,84,25,21.414648,22.643389,20.496498,78.863075,5.2598925,1.6887903,83.65586,72.35905,6.4155254,4.019713
25.0,120.0,2000-12-01,2001-02-23,84,25,14.8955345,16.560282,13.746774,82.91137,5.4489403,2.7801104,88.19081,75.60436,6.8883085,3.9434717
24.0,120.0,2000-12-01,2001-02-23,84,25,18.160742,19.190536,17.315544,81.763084,6.5249133,1.9469806,86.205734,76.42159,8.323012,4.789779
22.0,122.0,2000-12-01,2001-02-23,84,25,22.095764,22.612123,21.506598,76.93879,7.6254635,1.6521679,80.374855,74.145164,9.216955,6.1079783
25.0,122.0,2000-12-01,2001-02-23,84,25,18.961908,19.645824,18.228884,77.40097,6.714759,5.046334,81.15147,73.446205,8.385353,4.836161
23.0,122.0,2000-12-01,2001-02-23,84,25,19.090385,20.367035,18.138721,79.96996,5.0971527,4.356942,84.15074,74.90816,6.387687,3.7349622
22.0,121.0,2000-12-01,2001-02-23,84,25,21.29529,22.54789,20.366964,78.657295,5.1509066,1.5526828,83.49873,71.97786,6.2363973,4.1321726
24.0,122.0,2000-12-01,2001-02-23,84,25,18.465979,19.688646,17.471739,79.61158,5.235747,5.829413,84.1951,74.46743,6.383276,3.780134
23.0,121.0,2000-12-01,2001-02-24,85,25,18.002487,20.085234,16.734972,81.294975,2.5961754,3.1883936,86.64908,71.724846,3.3192644,1.9236221
24.0,121.0,2000-12-01,2001-02-24,85,25,16.699575,18.541225,15.465015,82.18594,4.2623987,3.7175696,87.00925,74.57103,5.409857,3.0011466
23.0,120.0,2000-12-01,2001-02-24,85,25,19.591347,20.82875,18.78925,80.363655,4.8252044,1.2352659,84.80091,73.443115,5.9719505,3.6528134
25.0,121.0,2000-12-01,2001-02-24,85,25,17.439367,18.53445,16.239967,79.383156,6.1703234,3.0483148,83.80888,74.46873,7.6671476,4.4145184
22.0,122.0,2000-12-01,2001-02-24,85,25,21.784937,22.126326,21.380024,76.29608,8.050463,1.450111,79.912445,72.99626,9.537045,6.5278754
24.0,120.0,2000-12-01,2001-02-24,85,25,18.284157,19.316076,17.329958,81.31254,6.7142076,1.7687329,85.34163,76.387985,8.208005,4.8818355
23.0,122.0,2000-12-01,2001-02-24,85,25,18.767044,19.861609,17.927692,79.19225,5.133034,3.308634,83.221535,73.95631,6.3567963,3.7780628
25.0,122.0,2000-12-01,2001-02-24,85,25,18.961254,19.669926,18.074055,75.43448,6.6836104,3.5515552,78.930115,72.09508,8.587723,4.650238
25.0,120.0,2000-12-01,2001-02-24,85,25,15.021886,16.802204,13.634649,81.7941,6.0228076,2.22251,86.91172,74.15722,7.349688,4.435705
22.0,120.0,2000-12-01,2001-02-24,85,25,21.194435,22.368452,20.408941,78.272545,5.1498885,1.7424676,82.89897,72.01,6.1594214,4.255947
24.0,122.0,2000-12-01,2001-02-24,85,25,18.238419,19.356903,17.268469,77.97829,4.950928,4.221416,81.79746,72.756424,6.307484,3.4777267
22.0,121.0,2000-12-01,2001-02-24,85,25,21.019712,22.151716,20.253874,78.10634,5.4296074,1.3310897,82.90827,71.90368,6.43252,4.5010853
24.0,122.0,2000-12-01,2001-02-25,86,25,18.378305,19.43099,17.42837,78.20295,4.869527,5.432596,82.71313,73.02104,6.2928257,3.2646277
22.0,121.0,2000-12-01,2001-02-25,86,25,21.141817,22.363325,20.295845,78.1955,5.520623,1.5959287,83.342255,71.10043,6.7311416,4.3190365
25.0,120.0,2000-12-01,2001-02-25,86,25,15.103281,16.665504,13.996276,82.26286,5.684284,2.176065,87.32408,75.54079,6.931013,3.985403
22.0,122.0,2000-12-01,2001-02-25,86,25,21.908493,22.302794,21.385723,76.80385,7.849614,2.2398486,80.46315,74.14469,9.662041,6.255085
23.0,121.0,2000-12-01,2001-02-25,86,25,18.142462,20.32297,16.916159,81.046455,2.5335166,3.5386755,86.94081,70.37857,3.4405274,1.6486464
23.0,122.0,2000-12-01,2001-02-25,86,25,18.908615,19.985065,18.05568,79.40865,4.8262253,4.180154,83.33547,73.98844,6.3627105,3.4081182
22.0,120.0,2000-12-01,2001-02-25,86,25,21.316435,22.596455,20.454596,78.2206,5.5304832,1.8443433,83.21478,70.96264,6.6964545,4.218697
24.0,120.0,2000-12-01,2001-02-25,86,25,18.456104,19.381702,17.78068,81.39725,6.527776,1.6822919,85.16376,76.81696,8.005213,4.564913
25.0,121.0,2000-12-01,2001-02-25,86,25,17.630342,18.560677,16.768702,79.76346,5.8767133,3.0073676,84.44859,75.36146,7.3800783,4.034943
24.0,121.0,2000-12-01,2001-02-25,86,25,16.870878,18.641481,15.825968,82.27072,3.803664,4.017191,86.88031,74.44231,4.950503,2.3984535
25.0,122.0,2000-12-01,2001-02-25,86,25,19.121208,19.777094,18.309435,75.96459,7.0224614,4.4191074,80.32257,72.34944,8.635969,5.206389
23.0,120.0,2000-12-01,2001-02-25,86,25,19.732065,21.064331,18.888618,80.14659,5.018028,1.1949265,84.73752,72.61176,6.1446667,3.7248487
22.0,121.0,2000-12-01,2001-02-26,87,25,21.255518,22.545982,20.252281,79.01265,5.5186205,2.4014297,84.04402,72.26489,6.848664,4.2745314
24.0,122.0,2000-12-01,2001-02-26,87,25,18.422049,19.640694,17.209742,79.7011,5.648869,5.6887817,84.108734,74.93488,6.899011,4.2614937
23.0,120.0,2000-12-01,2001-02-26,87,25,19.913837,21.225971,18.867804,80.18848,5.2335777,1.8731705,85.68862,72.764114,6.516419,4.1888595
24.0,121.0,2000-12-01,2001-02-26,87,25,16.915546,18.820272,15.508541,82.40447,4.2979703,3.8296509,87.76043,74.31666,5.448904,2.9815564
23.0,122.0,2000-12-01,2001-02-26,87,25,18.970972,20.25525,17.838497,80.77642,5.37396,5.2835083,85.2454,74.99125,6.7765126,4.057999
25.0,122.0,2000-12-01,2001-02-26,87,25,18.959557,19.73684,17.990318,77.4254,7.175229,4.660643,81.53738,73.50387,8.7238655,5.6007233
23.0,121.0,2000-12-01,2001-02-26,87,25,18.288145,20.51083,16.70654,81.71976,2.9751928,4.0783677,88.117874,71.7,3.9835413,2.0614698
25.0,120.0,2000-12-01,2001-02-26,87,25,15.323152,17.237707,13.921061,81.51544,5.684698,2.260136,87.87263,73.381096,7.0044093,4.1661553
25.0,121.0,2000-12-01,2001-02-26,87,25,17.469353,18.66342,16.296598,80.00466,5.9809575,2.8161628,85.58566,74.01624,7.261533,4.6020765
22.0,122.0,2000-12-01,2001-02-26,87,25,21.938683,22.495108,21.273169,78.25577,7.949098,3.6071758,81.91951,75.19851,9.863019,6.233457
24.0,120.0,2000-12-01,2001-02-26,87,25,18.53631,19.599545,17.503332,80.95174,6.7838783,1.6360497,86.034744,75.47745,8.540508,5.0520296
22.0,120.0,2000-12-01,2001-02-26,87,25,21.42956,22.709932,20.464977,79.21205,5.5177355,3.3856194,84.402145,72.174416,6.6770825,4.3214707
22.0,121.0,2000-12-01,2001-02-27,88,25,20.88548,22.210888,19.860153,78.06076,5.777561,0.9725592,82.85921,71.58544,7.0559545,4.45138
24.0,122.0,2000-12-01,2001-02-27,88,25,17.808105,19.043896,16.693474,78.51305,5.3410435,4.109154,82.376015,73.72558,6.933737,3.6943226
24.0,120.0,2000-12-01,2001-02-27,88,25,18.304157,19.514618,17.301939,80.51014,7.2319975,1.4419168,84.9301,75.306114,8.947445,5.138709
22.0,122.0,2000-12-01,2001-02-27,88,25,21.545923,22.160118,20.855932,76.92093,8.529953,1.0970727,80.40035,73.67486,10.344592,6.7253737
23.0,121.0,2000-12-01,2001-02-27,88,25,17.818493,20.106144,16.289566,80.87613,2.8982184,2.7734008,86.25423,71.237976,3.8648486,1.9898462
23.0,122.0,2000-12-01,2001-02-27,88,25,18.478584,19.737814,17.398853,79.516846,5.620205,2.8988268,83.39275,74.338524,7.0469594,4.2481027
25.0,122.0,2000-12-01,2001-02-27,88,25,18.380142,19.301746,17.453121,75.94333,7.0620074,3.5061278,79.70402,72.75601,8.7041445,5.17773
23.0,120.0,2000-12-01,2001-02-27,88,25,19.561174,20.964336,18.534645,79.656906,5.353341,1.065332,84.2494,72.82063,6.590808,4.049587
25.0,120.0,2000-12-01,2001-02-27,88,25,14.968836,17.020138,13.462394,80.816414,6.2634234,1.9179901,86.80141,72.74644,7.613959,4.6183634
25.0,121.0,2000-12-01,2001-02-27,88,25,17.153849,18.345943,16.01903,78.88371,6.4502635,2.546961,83.40931,73.989426,7.925941,4.6891975
22.0,120.0,2000-12-01,2001-02-27,88,25,21.076841,22.392994,20.054674,78.43402,5.4820986,1.5758929,83.01908,72.2428,6.448965,4.4166427
24.0,121.0,2000-12-01,2001-02-27,88,25,16.566774,18.498714,15.205602,81.70132,4.579298,3.1454115,86.639725,73.999214,5.941657,2.8666086
23.0,120.0,2000-12-01,2001-02-28,89,25,19.485245,20.765371,18.625406,79.75259,5.1504717,1.3891842,84.45853,72.41505,6.199269,3.863424
22.0,122.0,2000-12-01,2001-02-28,89,25,21.617975,22.042997,21.09744,76.70441,7.8291874,1.7590564,79.54946,74.08838,9.113635,6.5305023
22.0,120.0,2000-12-01,2001-02-28,89,25,21.099476,22.305044,20.258326,77.789894,5.207251,1.7141949,82.564804,71.25085,6.138053,4.357954
25.0,120.0,2000-12-01,2001-02-28,89,25,14.86758,16.551441,13.586886,80.98338,6.1103725,1.7428851,86.53433,73.572014,7.6325636,4.2916307
23.0,121.0,2000-12-01,2001-02-28,89,25,17.86053,20.007305,16.5886,80.52378,2.6628861,3.8772864,86.25852,70.379,3.474924,1.9222093
23.0,122.0,2000-12-01,2001-02-28,89,25,18.595852,19.71545,17.739893,79.068954,5.0715456,4.2279296,82.801025,73.49112,6.0351233,3.941947
24.0,121.0,2000-12-01,2001-02-28,89,25,16.594841,18.43147,15.459176,81.55682,4.197941,4.066798,86.90947,73.22304,5.482698,2.6193368
25.0,122.0,2000-12-01,2001-02-28,89,25,18.562729,19.328707,17.742584,75.78743,7.0678015,4.27645,79.50756,72.41834,8.678642,5.171437
24.0,122.0,2000-12-01,2001-02-28,89,25,17.928373,19.040413,17.014685,78.504974,5.2261767,5.871298,82.90956,73.40238,6.5054708,3.8174644
22.0,121.0,2000-12-01,2001-02-28,89,25,20.882177,22.025341,20.023684,77.930305,5.3600726,1.4068848,82.540436,71.58946,6.307575,4.465028
24.0,120.0,2000-12-01,2001-02-28,89,25,18.214893,19.238441,17.41318,80.81598,6.907894,1.589992,85.46631,75.16506,8.564962,4.8800445
25.0,121.0,2000-12-01,2001-02-28,89,25,17.244984,18.26472,16.319708,78.607704,6.2103105,2.4811022,83.23326,73.423645,7.8997884,4.224412
24.0,120.0,2000-12-01,2001-03-01,90,25,18.150587,19.067642,17.273937,81.054695,7.4297686,3.544074,84.492294,76.73726,9.277681,5.389698
22.0,120.0,2000-12-01,2001-03-01,90,25,21.208132,22.4573,20.273039,79.473045,5.3300457,2.6331244,84.592995,72.69068,6.5554185,4.1133113
22.0,121.0,2000-12-01,2001-03-01,90,25,21.131868,22.38147,20.173517,78.90148,5.328351,2.1872606,83.90966,72.67435,6.7098694,4.0435686
25.0,120.0,2000-12-01,2001-03-01,90,25,14.743618,16.260277,13.53175,81.34644,6.095751,4.659491,85.98012,74.731476,7.4887047,4.6514215
22.0,122.0,2000-12-01,2001-03-01,90,25,21.91661,22.412388,21.310888,78.08476,7.7877173,2.4050903,81.994354,75.08532,9.904898,5.8499084
24.0,122.0,2000-12-01,2001-03-01,90,25,18.204226,19.392315,17.072155,80.33088,5.4611382,7.1302037,85.17868,75.24724,6.8148327,3.9105365
23.0,122.0,2000-12-01,2001-03-01,90,25,18.89052,20.10245,17.845655,80.98681,5.2739563,5.403817,85.745544,75.60108,6.782807,3.8357728
23.0,120.0,2000-12-01,2001-03-01,90,25,19.593197,20.84127,18.602135,80.3069,5.647096,2.6633368,84.98741,73.99194,6.9800725,4.278084
24.0,121.0,2000-12-01,2001-03-01,90,25,16.66794,18.353104,15.4233265,82.707054,4.347705,6.055669,87.46935,75.28052,5.6522384,3.0360131
23.0,121.0,2000-12-01,2001-03-01,90,25,18.106752,20.22429,16.681105,82.03014,2.8328454,5.185918,88.00126,72.16577,3.7583566,1.9531677
25.0,122.0,2000-12-01,2001-03-01,90,25,18.68502,19.460724,17.747107,77.7314,7.100737,5.943674,81.52122,74.39219,8.862842,5.376663
25.0,121.0,2000-12-01,2001-03-01,90,25,17.165071,18.14738,16.19776,79.92781,6.45406,4.8709774,83.46926,75.68973,7.889862,4.9350142
24.0,121.0,2000-12-01,2001-03-02,91,25,16.35377,18.081575,15.184,81.89393,5.0407166,7.8528285,86.673805,75.062996,6.3160524,3.454953
25.0,121.0,2000-12-01,2001-03-02,91,25,16.78294,17.759956,15.899781,78.714424,6.8489966,7.635236,82.65523,74.41212,8.332592,5.268395
24.0,120.0,2000-12-01,2001-03-02,91,25,17.935215,18.904581,17.103165,80.35477,7.9970207,5.5322676,84.41545,75.88515,9.645639,6.1513886
22.0,121.0,2000-12-01,2001-03-02,91,25,20.871391,22.134302,19.878952,78.82756,5.768201,2.726787,83.78948,72.49959,7.1532826,4.5218067
23.0,120.0,2000-12-01,2001-03-02,91,25,19.345392,20.621181,18.396193,79.960945,6.0536485,3.3609421,84.44482,73.85909,7.1678724,4.8798943
23.0,122.0,2000-12-01,2001-03-02,91,25,18.47636,19.670755,17.498571,80.43336,5.89268,5.5572963,84.2807,75.70562,7.4313183,4.204048
25.0,122.0,2000-12-01,2001-03-02,91,25,18.13229,18.924267,17.321573,76.4723,7.7141433,6.927229,79.58167,73.34475,9.38247,5.8651466
23.0,121.0,2000-12-01,2001-03-02,91,25,17.75955,19.813248,16.393297,81.539375,3.199449,5.6927943,86.56286,72.96033,4.161202,2.2840083
22.0,122.0,2000-12-01,2001-03-02,91,25,21.5888,22.269375,20.905357,77.89892,8.427335,2.5903754,81.63681,74.70796,10.502809,6.335741
25.0,120.0,2000-12-01,2001-03-02,91,25,14.681775,16.260187,13.427696,80.42321,6.5861096,6.1172915,85.59225,73.42652,8.024044,4.9737706
22.0,120.0,2000-12-01,2001-03-02,91,25,20.949446,22.270107,20.000944,79.368416,5.5584908,3.1168013,83.94121,73.21227,6.786442,4.3143563
24.0,122.0,2000-12-01,2001-03-02,91,25,17.718407,18.878202,16.708654,79.44225,5.9509335,7.144204,83.28048,75.059906,7.3010707,4.394702
24.0,122.0,2000-12-01,2001-03-03,92,25,17.80909,18.919607,16.582874,77.29634,5.9289217,5.3356643,81.21774,73.18679,7.0687914,4.639414
24.0,120.0,2000-12-01,2001-03-03,92,25,18.044134,19.025463,17.207985,78.65147,7.65399,3.3831513,84.468704,72.93797,8.893991,6.0359626
25.0,120.0,2000-12-01,2001-03-03,92,25,14.836554,16.564713,13.547399,79.299194,6.388622,3.6742883,86.448074,71.720085,7.7049184,4.7519073
22.0,122.0,2000-12-01,2001-03-03,92,25,21.558372,22.18274,20.854868,75.972374,8.748401,3.0694323,79.584175,72.80417,10.249075,7.013803
22.0,120.0,2000-12-01,2001-03-03,92,25,20.976055,22.134897,20.036833,78.02441,5.6978254,3.9822118,82.868576,71.98664,6.876925,4.6250076
25.0,121.0,2000-12-01,2001-03-03,92,25,17.19201,18.297325,16.063757,76.08184,6.492743,4.5283732,82.34549,70.72317,7.761196,5.0371222
23.0,120.0,2000-12-01,2001-03-03,92,25,19.36916,20.5817,18.490412,78.52191,5.6458764,3.040743,83.859436,71.94389,6.593628,4.6602626
24.0,121.0,2000-12-01,2001-03-03,92,25,16.45445,18.313631,15.147218,80.10143,4.8474703,5.564852,86.13331,72.45521,5.836652,3.6201904
22.0,121.0,2000-12-01,2001-03-03,92,25,20.845713,21.954634,19.911436,77.29036,5.8660927,3.3776593,82.00243,71.70029,7.0420628,4.601776
25.0,122.0,2000-12-01,2001-03-03,92,25,18.531054,19.324348,17.454498,73.57388,7.5245986,4.302034,77.46416,70.13854,8.896243,6.2393007
23.0,121.0,2000-12-01,2001-03-03,92,25,17.774864,19.861221,16.343565,79.975975,3.066017,5.2312965,85.63701,71.2373,3.9105473,2.2818842
23.0,122.0,2000-12-01,2001-03-03,92,25,18.486975,19.63331,17.323296,78.36353,5.9241652,4.925508,82.44644,73.9111,6.9535255,4.612729
25.0,122.0,2000-12-01,2001-03-04,93,25,18.430107,19.006031,17.796276,73.62061,6.722698,4.4335046,77.852554,70.200935,8.113568,5.3294063
23.0,122.0,2000-12-01,2001-03-04,93,25,18.471045,19.629631,17.479494,77.678406,5.6035795,4.5955505,81.86724,72.61127,6.651216,4.3517895
22.0,120.0,2000-12-01,2001-03-04,93,25,21.070839,22.26714,20.14337,77.26489,5.6666036,4.9202614,81.92656,70.94582,6.6004944,4.858427
23.0,121.0,2000-12-01,2001-03-04,93,25,17.754316,19.849081,16.432453,79.80704,2.9202938,5.0975647,85.2915,70.56716,3.6652873,2.2320926
23.0,120.0,2000-12-01,2001-03-04,93,25,19.421457,20.678705,18.44883,78.16986,5.0949364,3.5140119,82.92956,71.37362,6.153197,3.8768778
25.0,120.0,2000-12-01,2001-03-04,93,25,14.70023,16.464003,13.487252,79.543976,5.500072,3.913185,85.47416,71.477684,6.5270143,4.296073
24.0,121.0,2000-12-01,2001-03-04,93,25,16.328848,18.11988,15.204674,80.686035,4.101124,5.110995,85.41842,73.034294,4.9349203,3.061155
25.0,121.0,2000-12-01,2001-03-04,93,25,16.972788,17.922646,16.029102,77.55068,5.803644,4.260653,82.12717,72.40406,7.10893,4.410743
24.0,120.0,2000-12-01,2001-03-04,93,25,17.99068,18.987957,17.097258,79.08643,6.5019484,3.5344574,83.43601,73.894394,7.8291163,4.9561653
24.0,122.0,2000-12-01,2001-03-04,93,25,17.802431,18.846214,16.879454,76.49945,5.478736,5.2822,80.81192,71.69471,6.5239983,4.194566
22.0,122.0,2000-12-01,2001-03-04,93,25,21.56942,22.199644,20.871181,74.79207,8.599011,2.5734565,78.79894,71.51546,9.80882,7.120811
22.0,121.0,2000-12-01,2001-03-04,93,25,20.852163,22.002304,19.902443,76.63571,5.9205084,3.0779145,81.385666,70.80247,6.724685,5.04661
23.0,121.0,2000-12-01,2001-03-05,94,25,18.145977,20.345186,16.75465,79.608925,2.8889053,3.358346,85.603874,69.71049,3.7642787,2.0966685
25.0,122.0,2000-12-01,2001-03-05,94,25,18.997692,19.729141,18.207077,74.806175,6.635365,3.8502893,78.592155,71.3696,8.043848,5.059963
23.0,122.0,2000-12-01,2001-03-05,94,25,18.82927,20.015675,17.77938,78.216034,5.037075,3.5307715,82.69879,72.782135,6.2845263,3.5533462
22.0,120.0,2000-12-01,2001-03-05,94,25,21.336172,22.614307,20.443346,77.03917,5.5874386,2.218825,82.51151,70.20896,6.677322,4.525147
25.0,121.0,2000-12-01,2001-03-05,94,25,17.599855,18.648584,16.62781,78.37857,5.5982833,3.5954723,82.9678,73.31254,6.7758503,4.1501064
24.0,121.0,2000-12-01,2001-03-05,94,25,16.886917,18.62812,15.616656,80.77721,4.045625,3.8124464,85.90767,73.2494,5.156444,2.7612054
24.0,120.0,2000-12-01,2001-03-05,94,25,18.54826,19.542309,17.686028,79.57801,6.401202,2.3140397,83.68234,74.404205,7.7414885,4.6817937
24.0,122.0,2000-12-01,2001-03-05,94,25,18.30091,19.45163,17.233624,76.9587,5.247354,4.0675755,81.17057,71.89419,6.499269,3.8068988
22.0,121.0,2000-12-01,2001-03-05,94,25,21.114246,22.352495,20.19358,76.57552,5.3769755,1.6353296,81.828514,70.18554,6.572783,4.269281
22.0,122.0,2000-12-01,2001-03-05,94,25,21.797886,22.25607,21.184175,75.43858,7.5867724,1.8092792,79.41571,71.92249,9.26629,6.102875
25.0,120.0,2000-12-01,2001-03-05,94,25,15.287922,16.930122,13.898385,81.19541,5.42731,3.057449,87.19211,73.59762,6.6216097,3.926117
23.0,120.0,2000-12-01,2001-03-05,94,25,19.812397,21.138012,18.845465,78.40104,5.0766907,1.8559717,83.35159,71.44732,6.1265497,3.9811988
22.0,122.0,2000-12-01,2001-03-06,95,25,22.10354,22.60587,21.50267,76.58711,7.408924,1.2572851,80.528625,72.95658,8.880459,5.8774366
22.0,121.0,2000-12-01,2001-03-06,95,25,21.42308,22.680376,20.534351,77.68843,5.12139,1.1321619,82.8406,70.8839,6.349321,4.0285664
24.0,122.0,2000-12-01,2001-03-06,95,25,18.58559,19.842962,17.426588,77.688545,4.8956394,4.234282,82.28473,72.34052,6.0779834,3.371087
24.0,120.0,2000-12-01,2001-03-06,95,25,18.70375,19.830866,17.712296,80.79341,6.235196,2.1624367,85.56751,75.00823,7.8261724,4.2190495
24.0,121.0,2000-12-01,2001-03-06,95,25,17.13065,19.21999,15.8075695,81.62697,3.8684838,3.6590247,87.11554,72.46355,5.038323,2.401458
23.0,120.0,2000-12-01,2001-03-06,95,25,20.077858,21.463394,19.058474,79.34192,4.6491776,1.1657327,84.56578,71.65476,5.693628,3.2551796
25.0,121.0,2000-12-01,2001-03-06,95,25,17.73109,18.95785,16.551579,79.62166,5.737483,3.9608428,84.66062,74.174095,7.2966857,4.0936446
25.0,120.0,2000-12-01,2001-03-06,95,25,15.483298,17.450281,13.9963875,82.06833,5.381956,3.3510146,88.29097,73.92193,6.807867,3.8372016
22.0,120.0,2000-12-01,2001-03-06,95,25,21.660757,22.954252,20.73318,78.13241,4.9723496,1.4846405,83.408295,70.786446,6.1431694,3.9718401
23.0,122.0,2000-12-01,2001-03-06,95,25,19.180195,20.481806,18.178326,78.82707,4.7516656,2.7907996,83.469826,72.92932,5.920961,3.216942
25.0,122.0,2000-12-01,2001-03-06,95,25,19.169607,20.007723,18.169064,75.9144,6.4318986,4.5333533,79.909,72.67035,7.9197316,4.614066
23.0,121.0,2000-12-01,2001-03-06,95,25,18.500051,20.869804,17.15274,80.203964,2.535423,2.6644568,86.39848,69.188675,3.4255836,1.6058649
24.0,120.0,2000-12-01,2001-03-07,96,25,18.740355,19.80476,17.789518,81.27132,6.7907195,2.2500925,86.07937,75.3322,8.48354,5.040465
24.0,122.0,2000-12-01,2001-03-07,96,25,18.626963,19.76986,17.522423,79.46656,5.3660917,5.333583,84.16213,74.23548,6.583395,4.0971775
22.0,121.0,2000-12-01,2001-03-07,96,25,21.532642,22.721739,20.548412,78.60933,5.3257694,1.6958923,84.08954,72.19088,6.431684,4.1560206
25.0,120.0,2000-12-01,2001-03-07,96,25,15.513858,17.281168,14.190621,81.701645,5.963749,2.8305366,87.64342,73.24204,7.216998,4.538496
25.0,121.0,2000-12-01,2001-03-07,96,25,17.757195,18.78233,16.74089,79.78344,5.9670773,3.840974,84.60983,73.72525,7.2790523,4.78401
22.0,122.0,2000-12-01,2001-03-07,96,25,22.22474,22.730093,21.58097,77.29397,7.6653185,1.3025208,81.23071,74.026665,9.165809,5.982124
23.0,120.0,2000-12-01,2001-03-07,96,25,20.119297,21.415333,19.095934,80.47376,5.110219,1.7789023,86.380646,73.12696,6.2535458,3.955101
25.0,122.0,2000-12-01,2001-03-07,96,25,19.168085,19.891731,18.32588,77.178276,6.972177,4.8965697,80.98551,73.8332,8.142016,5.7436748
23.0,121.0,2000-12-01,2001-03-07,96,25,18.574446,20.7579,17.069761,81.495476,2.8016932,3.8116724,88.251915,71.20348,3.6013618,2.0555077
22.0,120.0,2000-12-01,2001-03-07,96,25,21.729404,22.997042,20.734692,79.26206,5.282196,2.4884467,84.69483,72.453674,6.232121,4.176063
23.0,122.0,2000-12-01,2001-03-07,96,25,19.266241,20.481928,18.261755,79.88241,5.135913,3.420436,84.63596,74.306,6.124712,3.8851163
24.0,121.0,2000-12-01,2001-03-07,96,25,17.200085,19.11984,15.890465,82.285255,4.369907,4.2755394,87.74362,73.43186,5.372637,3.2320364
22.0,120.0,2000-12-01,2001-03-08,97,25,21.894608,23.198828,20.981226,79.18425,5.044288,2.1656928,83.74554,72.36674,6.1161017,3.934384
23.0,122.0,2000-12-01,2001-03-08,97,25,19.279613,20.402618,18.340748,81.1538,5.2326093,5.6401258,84.94583,76.055565,6.4273524,3.7760017
25.0,121.0,2000-12-01,2001-03-08,97,25,18.105072,19.045551,17.258234,80.22385,6.30913,3.6385107,84.24903,75.73403,7.568013,4.521151
22.0,121.0,2000-12-01,2001-03-08,97,25,21.645107,22.872246,20.724985,79.16667,5.3261766,1.7476013,83.52721,72.8541,6.303608,4.250979
25.0,122.0,2000-12-01,2001-03-08,97,25,19.291475,19.9608,18.609293,77.79986,7.006926,4.997732,81.03055,75.08736,8.288777,5.6800466
23.0,121.0,2000-12-01,2001-03-08,97,25,18.691893,20.862461,17.324165,81.96352,2.7334552,5.393845,87.67233,72.17194,3.526097,1.9731804
24.0,121.0,2000-12-01,2001-03-08,97,25,17.473946,19.275362,16.334108,82.8125,4.4273615,5.9932117,87.68334,75.16434,5.538814,3.004766
23.0,120.0,2000-12-01,2001-03-08,97,25,20.377876,21.69982,19.40335,80.95421,5.0309877,2.2480893,85.63728,73.788475,6.1492195,3.8235135
24.0,122.0,2000-12-01,2001-03-08,97,25,18.674736,19.756207,17.718527,80.20983,5.3465466,7.3640575,84.09528,75.63514,6.574446,4.0625353
24.0,120.0,2000-12-01,2001-03-08,97,25,19.154522,20.135818,18.285822,81.82297,6.8586965,2.8630216,85.954056,76.71742,8.344561,4.8838506
22.0,122.0,2000-12-01,2001-03-08,97,25,22.23306,22.657787,21.673023,78.59118,7.823571,1.9999824,81.60486,75.80922,9.279186,5.947399
25.0,120.0,2000-12-01,2001-03-08,97,25,15.886377,17.515318,14.722687,81.41817,6.0432215,3.1950884,86.67499,74.075935,7.2937965,4.339717
24.0,122.0,2000-12-01,2001-03-09,98,25,19.133204,20.119614,18.285265,80.112335,4.837675,9.006977,84.23995,74.796074,5.785098,3.9152951
25.0,121.0,2000-12-01,2001-03-09,98,25,18.642567,19.647385,17.794292,81.57962,5.1319995,4.294139,86.40165,76.460686,6.5598345,3.729663
24.0,120.0,2000-12-01,2001-03-09,98,25,19.458015,20.393017,18.770636,82.33059,5.9841437,2.7575803,86.891136,77.06831,7.2576766,4.49719
22.0,122.0,2000-12-01,2001-03-09,98,25,22.459026,22.832813,21.955761,78.020676,6.990202,1.3366901,81.3931,75.0013,8.619936,5.431355
23.0,121.0,2000-12-01,2001-03-09,98,25,19.063013,21.137148,17.812227,81.91422,2.3143542,5.2725353,87.84532,71.74537,3.068309,1.5172669
24.0,121.0,2000-12-01,2001-03-09,98,25,17.855536,19.564865,16.777203,83.321815,3.4160442,6.178905,88.52462,75.554085,4.481364,2.2440646
22.0,120.0,2000-12-01,2001-03-09,98,25,22.176176,23.45879,21.322006,79.03009,5.044299,1.4672967,84.11943,71.81229,6.3174415,3.8427582
23.0,122.0,2000-12-01,2001-03-09,98,25,19.619583,20.710068,18.77631,80.84589,4.476857,5.426649,84.74075,75.19604,5.516714,3.4759023
25.0,120.0,2000-12-01,2001-03-09,98,25,16.22842,17.813473,15.161671,83.317825,5.229862,3.501911,89.1525,75.86375,6.3980455,3.7821343
22.0,121.0,2000-12-01,2001-03-09,98,25,21.90239,23.074526,21.07855,78.85867,4.791586,1.1856201,83.86805,72.06408,6.0938168,3.6671379
25.0,122.0,2000-12-01,2001-03-09,98,25,19.90569,20.526772,19.1859,78.508575,6.185719,7.1106114,81.94368,75.25535,7.7425313,4.7495594
23.0,120.0,2000-12-01,2001-03-09,98,25,20.67071,21.941557,19.875982,80.878815,4.5164433,1.8417587,86.11875,73.31485,5.4843774,3.51213
23.0,120.0,2000-12-01,2001-03-10,99,25,20.946955,22.359278,19.94317,80.46555,4.911346,1.0158926,85.97336,72.519,5.9735994,3.7668946
24.0,121.0,2000-12-01,2001-03-10,99,25,18.081667,19.932953,16.826998,82.680626,3.7664537,2.8188684,88.12168,74.34114,5.0808177,2.443381
25.0,122.0,2000-12-01,2001-03-10,99,25,19.907713,20.6004,19.160027,78.377464,6.883126,3.1298378,82.06383,74.78159,8.38194,5.1696563
23.0,121.0,2000-12-01,2001-03-10,99,25,19.27942,21.624746,17.735964,81.65649,2.9260824,2.8322961,88.366974,70.84095,3.8721588,2.013371
23.0,122.0,2000-12-01,2001-03-10,99,25,19.869236,21.196934,18.83634,80.94359,5.1371174,2.975116,85.739494,74.864494,6.633703,3.426714
24.0,120.0,2000-12-01,2001-03-10,99,25,19.743942,20.69545,18.821667,81.55984,6.1198034,1.0125492,86.231155,76.13838,7.738497,4.304387
25.0,120.0,2000-12-01,2001-03-10,99,25,16.656452,18.407064,15.264518,82.59475,5.169436,1.281421,88.30799,75.33265,6.6638966,3.511552
25.0,121.0,2000-12-01,2001-03-10,99,25,18.63012,19.591846,17.795065,80.84816,5.4316945,1.6701885,85.45498,75.772064,6.8499866,4.05028
22.0,122.0,2000-12-01,2001-03-10,99,25,22.629929,23.160376,22.00455,78.60246,7.423541,1.109394,82.65321,74.80417,9.162086,5.162437
22.0,121.0,2000-12-01,2001-03-10,99,25,22.03999,23.450956,20.993105,79.10069,5.187766,0.9652313,84.464645,71.78305,6.3078966,3.7716765
24.0,122.0,2000-12-01,2001-03-10,99,25,19.373896,20.643476,18.279966,80.053375,5.6302147,4.2861485,84.70452,74.3521,6.909249,4.082899
22.0,120.0,2000-12-01,2001-03-10,99,25,22.216175,23.604507,21.207481,79.20545,5.5970826,1.0815136,84.588936,71.75087,6.5493374,4.506302
25.0,120.0,2000-12-01,2001-03-11,100,25,16.906963,18.859718,15.503195,82.818,4.683666,2.5981147,89.42962,74.16928,6.15647,2.8230195
25.0,121.0,2000-12-01,2001-03-11,100,25,18.908241,20.102455,17.896671,80.84144,4.936213,2.5233424,86.02139,75.257484,6.536207,3.3135977
22.0,121.0,2000-12-01,2001-03-11,100,25,22.036245,23.387257,21.041454,78.34296,5.270527,1.0139471,83.1695,71.24941,6.308321,4.139068
24.0,122.0,2000-12-01,2001-03-11,100,25,19.407452,20.579239,18.343546,79.10276,5.007786,3.2783473,82.80671,74.37346,6.334808,3.604454
23.0,120.0,2000-12-01,2001-03-11,100,25,21.055876,22.523964,20.068794,80.08502,4.228332,0.98342925,85.58297,71.80884,5.4088182,2.9613676
23.0,121.0,2000-12-01,2001-03-11,100,25,19.32522,21.70832,17.844738,80.64163,2.6525505,2.1345484,86.6989,69.54673,3.5826056,1.8961569
22.0,122.0,2000-12-01,2001-03-11,100,25,22.567297,23.093721,21.970362,77.81133,7.4392743,0.9538019,81.00187,75.16255,8.924227,5.715335
24.0,121.0,2000-12-01,2001-03-11,100,25,18.253443,20.233753,16.96771,82.16988,3.4585176,2.7271986,87.88955,73.38979,4.624864,2.141991
22.0,120.0,2000-12-01,2001-03-11,100,25,22.312822,23.696205,21.383204,78.458664,5.262143,1.035921,83.09787,71.07338,6.232354,4.2107773
23.0,122.0,2000-12-01,2001-03-11,100,25,19.85636,21.13395,18.86905,79.901344,4.8686876,2.0771742,83.97246,74.35544,6.0383162,3.5592825
25.0,122.0,2000-12-01,2001-03-11,100,25,20.04855,20.914019,19.16825,77.95995,6.305206,3.073268,81.4219,74.926544,8.040133,4.661811
24.0,120.0,2000-12-01,2001-03-11,100,25,19.97815,21.104677,19.04981,81.61854,5.403406,1.581879,86.878685,75.45452,7.1296816,3.693945
23.0,120.0,2000-12-01,2001-03-12,101,25,21.10663,22.651949,20.056587,80.38414,4.0657053,0.9926654,86.2882,71.906044,5.179598,2.8838274
24.0,122.0,2000-12-01,2001-03-12,101,25,19.537054,20.806797,18.451012,78.629265,4.869955,4.200061,83.077126,73.08273,6.075449,3.4711783
25.0,121.0,2000-12-01,2001-03-12,101,25,18.864521,20.08882,17.907185,81.15037,5.0844607,3.1472113,85.711716,75.58615,6.590253,3.647026
25.0,122.0,2000-12-01,2001-03-12,101,25,20.15949,20.842373,19.362373,77.66043,6.194132,4.1802273,81.00769,74.50622,7.8575716,4.738342
22.0,122.0,2000-12-01,2001-03-12,101,25,22.71921,23.218061,22.111319,77.572,6.348175,2.168509,81.08349,74.53242,7.734866,4.8231144
23.0,122.0,2000-12-01,2001-03-12,101,25,19.97736,21.313965,18.96615,79.53486,4.156699,2.9476233,84.06382,73.21446,5.310959,3.025513
24.0,121.0,2000-12-01,2001-03-12,101,25,18.2276,20.245285,16.968208,82.30832,3.4117138,3.1633825,87.71129,73.14578,4.594704,2.2436237
23.0,121.0,2000-12-01,2001-03-12,101,25,19.412182,21.864145,17.88025,80.68631,2.3960264,2.5457067,87.18729,69.35203,3.1999576,1.6419129
22.0,120.0,2000-12-01,2001-03-12,101,25,22.447437,23.845772,21.44777,78.43348,4.7799764,1.5886761,83.3494,71.30533,5.963291,3.7055795
22.0,121.0,2000-12-01,2001-03-12,101,25,22.153872,23.498028,21.160473,78.50421,4.5531306,1.7611011,83.93251,71.301796,5.646906,3.419478
25.0,120.0,2000-12-01,2001-03-12,101,25,16.789291,18.679691,15.515167,83.359886,4.9430094,3.3004072,89.111984,74.84434,6.3920555,3.3603535
24.0,120.0,2000-12-01,2001-03-12,101,25,19.915876,21.032427,19.067467,82.01736,5.3703923,1.6158361,86.87733,75.708786,6.9799123,3.8163788
24.0,122.0,2000-12-01,2001-03-13,102,25,19.550522,20.705908,18.571579,80.0948,5.0234056,4.973629,84.46327,74.858475,6.1107917,3.8793693
25.0,122.0,2000-12-01,2001-03-13,102,25,20.115852,20.788809,19.368168,78.661224,6.4134884,4.624812,82.47761,75.5379,7.8715987,4.988353
22.0,121.0,2000-12-01,2001-03-13,102,25,22.178665,23.457636,21.280527,79.91864,4.9196644,2.0457745,84.51511,73.074715,5.970201,3.7919757
25.0,120.0,2000-12-01,2001-03-13,102,25,16.659622,18.280575,15.540995,83.264786,5.799266,3.2594597,88.53914,75.93863,6.921103,4.6788883
25.0,121.0,2000-12-01,2001-03-13,102,25,18.833496,19.989355,17.799118,81.31085,5.8000603,3.824948,86.02215,75.946266,7.165795,4.4190626
24.0,121.0,2000-12-01,2001-03-13,102,25,18.253712,20.152153,17.065723,82.882256,3.86516,4.1713195,88.08576,74.798164,4.887626,2.9356122
23.0,120.0,2000-12-01,2001-03-13,102,25,20.958406,22.347857,20.03498,81.28209,4.6053314,2.5300891,86.46318,73.428566,5.694745,3.3757684
22.0,120.0,2000-12-01,2001-03-13,102,25,22.444302,23.797003,21.49586,79.447464,4.94625,2.3497303,84.46318,72.09719,5.952549,3.9078465
24.0,120.0,2000-12-01,2001-03-13,102,25,19.742989,20.783907,18.927937,82.324875,6.3048863,2.8609002,86.69266,76.60104,7.6652527,4.8778787
22.0,122.0,2000-12-01,2001-03-13,102,25,22.762611,23.265308,22.227974,79.2864,7.1665325,2.123302,82.37586,76.71958,8.498333,5.655827
23.0,122.0,2000-12-01,2001-03-13,102,25,20.048172,21.260517,19.061844,81.03161,4.781416,3.9219897,85.34348,75.40581,5.8347163,3.6273594
23.0,121.0,2000-12-01,2001-03-13,102,25,19.464415,21.735079,18.032404,81.87635,2.5442743,3.8420324,88.09482,71.05815,3.3271735,1.85469
22.0,122.0,2000-12-01,2001-03-14,103,25,22.776505,23.26622,22.240332,79.69351,7.585593,2.8217566,83.29074,76.54045,9.204518,5.885609
25.0,122.0,2000-12-01,2001-03-14,103,25,20.005762,20.566168,19.316856,77.73783,7.041696,3.8010767,81.40017,74.514046,8.311914,5.4770513
24.0,120.0,2000-12-01,2001-03-14,103,25,19.913303,20.852533,19.042747,80.917244,6.956127,2.575477,84.74148,76.19365,8.24524,5.468926
23.0,122.0,2000-12-01,2001-03-14,103,25,19.998444,21.13563,19.057917,81.82331,5.28161,4.89147,85.974045,76.675255,6.437221,4.010371
24.0,122.0,2000-12-01,2001-03-14,103,25,19.467524,20.536615,18.505123,80.58974,5.645209,5.410269,85.012405,75.7926,6.8176756,4.203469
23.0,120.0,2000-12-01,2001-03-14,103,25,21.096952,22.366348,20.149721,80.80767,5.099507,3.0658958,85.67411,73.95797,6.1744623,3.9494038
23.0,121.0,2000-12-01,2001-03-14,103,25,19.456856,21.519331,18.067818,82.46176,2.8572624,5.2134314,88.27971,73.023605,3.650897,2.0643287
25.0,121.0,2000-12-01,2001-03-14,103,25,18.83067,19.737492,17.9609,79.46442,6.0072117,3.1080127,83.212746,75.08952,7.2357054,4.597679
24.0,121.0,2000-12-01,2001-03-14,103,25,18.27839,19.938984,17.07875,82.50329,4.456079,4.7132483,87.1112,75.55818,5.516052,3.2273383
22.0,121.0,2000-12-01,2001-03-14,103,25,22.23503,23.454496,21.311392,80.1537,5.192068,3.1492078,85.06749,74.03396,6.290242,4.0150313
25.0,120.0,2000-12-01,2001-03-14,103,25,16.834177,18.402374,15.600641,81.521126,5.8029203,2.6621473,86.40725,74.82779,7.0993237,4.2490335
22.0,120.0,2000-12-01,2001-03-14,103,25,22.46107,23.724741,21.563604,80.26894,4.8786964,3.738197,85.14714,73.70099,5.935154,3.863676
24.0,121.0,2000-12-01,2001-03-15,104,25,18.600075,20.516485,17.36119,80.77346,3.9973452,5.2883177,85.993416,72.9948,5.3397713,2.2306368
23.0,120.0,2000-12-01,2001-03-15,104,25,21.307537,22.737436,20.364264,79.64562,4.4491835,3.0953271,84.55037,72.15811,5.694227,2.9129202
25.0,121.0,2000-12-01,2001-03-15,104,25,19.288633,20.407013,18.334793,78.51615,5.703768,5.071342,83.37206,73.46482,7.132422,4.0092134
23.0,121.0,2000-12-01,2001-03-15,104,25,19.591887,21.930553,18.14997,80.41504,2.464667,5.059435,86.44468,70.1298,3.434804,1.5260049
22.0,120.0,2000-12-01,2001-03-15,104,25,22.575434,23.989231,21.589956,77.89637,4.790872,3.1182165,82.50836,70.612686,6.041826,3.4283721
24.0,122.0,2000-12-01,2001-03-15,104,25,19.61,20.779028,18.6146,79.20193,4.999439,6.224899,83.145645,74.13728,6.4113197,3.3943405
25.0,120.0,2000-12-01,2001-03-15,104,25,17.155169,18.983387,15.834559,80.935715,5.4036193,4.9044104,87.089134,73.3148,6.9639187,3.4337003
22.0,121.0,2000-12-01,2001-03-15,104,25,22.329475,23.638863,21.333746,78.76818,5.143273,3.1157732,83.70938,72.195526,6.1956935,4.0616293
25.0,122.0,2000-12-01,2001-03-15,104,25,20.285328,21.030054,19.518297,77.15223,6.535616,6.007616,80.9851,73.94081,8.064978,4.7926774
23.0,122.0,2000-12-01,2001-03-15,104,25,20.119867,21.407455,19.16357,80.557594,5.2329454,4.137196,84.585594,75.08398,6.2948413,3.9303043
22.0,122.0,2000-12-01,2001-03-15,104,25,22.857494,23.244287,22.321928,79.095695,7.9374027,2.1895666,82.37351,76.53497,9.419718,6.4523945
24.0,120.0,2000-12-01,2001-03-15,104,25,20.310421,21.3755,19.483265,80.04816,6.1385384,3.3342822,84.4487,74.82105,7.834736,3.7945023
22.0,121.0,2000-12-01,2001-03-16,105,25,22.379766,23.812616,21.33147,78.18073,4.938431,1.4180932,83.71487,70.12323,6.088839,3.9906952
25.0,120.0,2000-12-01,2001-03-16,105,25,17.060522,18.958588,15.7052355,82.15649,5.0296297,4.6547956,88.39861,73.854645,6.433108,3.2882447
24.0,122.0,2000-12-01,2001-03-16,105,25,19.609634,20.840439,18.526003,79.08792,5.105682,4.7323046,83.23322,73.58726,6.195067,3.6699111
22.0,120.0,2000-12-01,2001-03-16,105,25,22.63122,24.10401,21.62547,77.539894,4.9544888,1.8358783,83.19579,69.39538,6.0270343,3.8640203
25.0,121.0,2000-12-01,2001-03-16,105,25,19.13887,20.271095,18.193121,79.75888,5.4244432,4.7802196,84.51796,74.40011,7.040133,3.7714891
23.0,121.0,2000-12-01,2001-03-16,105,25,19.594934,22.076616,18.013142,80.189514,2.4918761,3.47864,87.10337,68.21053,3.471186,1.635054
24.0,121.0,2000-12-01,2001-03-16,105,25,18.458715,20.463766,17.12589,81.69187,3.6066194,4.8940444,87.33951,72.74656,4.699103,2.273562
23.0,120.0,2000-12-01,2001-03-16,105,25,21.341543,22.946587,20.206608,79.25827,4.0174346,2.237796,85.267204,70.35147,5.2143683,2.7536216
22.0,122.0,2000-12-01,2001-03-16,105,25,22.92259,23.417051,22.17976,78.47308,7.071854,1.359552,81.50135,75.67976,8.719564,5.4601774
23.0,122.0,2000-12-01,2001-03-16,105,25,20.137877,21.480318,19.051332,80.28868,4.709808,3.4209619,84.20029,74.25716,6.014949,3.295247
25.0,122.0,2000-12-01,2001-03-16,105,25,20.275654,20.919336,19.41073,77.376945,6.988825,4.6193895,81.06049,73.989334,8.375304,5.4397717
24.0,120.0,2000-12-01,2001-03-16,105,25,20.199759,21.371498,19.227898,80.79899,5.310636,3.6568713,85.7743,74.85358,6.820459,3.5465276
22.0,121.0,2000-12-01,2001-03-17,106,25,22.099934,23.360167,21.161074,79.232574,4.8843937,2.0219433,83.9781,72.50193,5.8900404,3.7947924
25.0,120.0,2000-12-01,2001-03-17,106,25,16.633387,18.51438,15.137262,81.63465,5.435913,2.7122674,86.94437,73.62433,6.9356923,3.8751698
24.0,122.0,2000-12-01,2001-03-17,106,25,19.214863,20.505625,18.133839,79.36396,5.076769,5.0392127,83.69497,73.78203,6.3772826,3.7657337
22.0,120.0,2000-12-01,2001-03-17,106,25,22.400196,23.66415,21.468575,78.96837,4.547782,2.2828674,83.694374,72.26395,5.6107154,3.4544888
23.0,121.0,2000-12-01,2001-03-17,106,25,19.298029,21.570803,17.847502,81.343,2.5125942,4.1166673,87.469055,70.86661,3.3206372,1.7551172
23.0,120.0,2000-12-01,2001-03-17,106,25,21.016718,22.403574,20.02564,80.04343,4.5227566,1.5898123,85.170555,72.40755,5.779986,3.3590662
25.0,121.0,2000-12-01,2001-03-17,106,25,18.607553,19.712416,17.511251,79.48409,5.9730983,3.0622919,83.67446,74.4686,7.5809937,4.195348
24.0,121.0,2000-12-01,2001-03-17,106,25,18.07235,20.040792,16.704113,81.86459,4.0445824,4.224701,87.17903,73.31149,5.1808662,2.7899222
25.0,122.0,2000-12-01,2001-03-17,106,25,19.736351,20.393166,18.889034,77.18486,6.6735034,3.874662,80.64439,74.360565,8.4726515,4.783992
24.0,120.0,2000-12-01,2001-03-17,106,25,19.785423,20.934032,18.773561,80.591675,6.145699,1.7054731,84.911766,74.93597,7.9110656,4.4242177
23.0,122.0,2000-12-01,2001-03-17,106,25,19.806286,21.15883,18.835026,80.418945,4.906975,4.1966224,84.64541,74.517365,6.063237,3.7886236
22.0,122.0,2000-12-01,2001-03-17,106,25,22.608004,23.103725,22.082441,78.51513,7.355986,2.10466,81.68983,75.65767,8.661316,5.978304
22.0,120.0,2000-12-01,2001-03-18,107,25,22.1382,23.434858,21.13396,78.12002,5.011336,1.8840393,83.21447,71.38137,6.1188726,3.833783
24.0,122.0,2000-12-01,2001-03-18,107,25,18.84851,19.957521,17.782682,78.71192,5.0756426,5.5955896,82.844635,74.00976,6.316855,3.6582766
25.0,120.0,2000-12-01,2001-03-18,107,25,16.177326,17.690384,14.967585,80.60315,5.9333887,3.212776,86.14,73.7181,7.082391,4.5089116
22.0,121.0,2000-12-01,2001-03-18,107,25,21.872358,23.100454,20.924677,77.84505,5.2697163,1.5770324,82.820305,71.48314,6.271149,4.2053056
24.0,121.0,2000-12-01,2001-03-18,107,25,17.708574,19.41952,16.472609,81.628044,4.116017,4.8210497,86.73902,73.64268,5.2167606,2.8354108
23.0,121.0,2000-12-01,2001-03-18,107,25,18.968174,21.066797,17.490149,80.87168,2.5796561,3.929326,86.9933,71.04495,3.4168596,1.766769
23.0,120.0,2000-12-01,2001-03-18,107,25,20.610943,21.933012,19.67505,79.45413,5.0296545,2.198677,84.871124,72.21604,6.1306953,3.7910342
25.0,121.0,2000-12-01,2001-03-18,107,25,18.332144,19.466812,17.233723,78.756226,6.120636,3.8771398,83.667206,73.60806,7.3743544,4.645921
23.0,122.0,2000-12-01,2001-03-18,107,25,19.477064,20.681744,18.457375,79.862175,5.0892396,4.1032753,83.87597,74.51893,6.165255,4.0731916
22.0,122.0,2000-12-01,2001-03-18,107,25,22.381092,22.884537,21.804844,77.03077,7.738179,1.7512854,80.604095,74.31705,9.214474,6.031148
24.0,120.0,2000-12-01,2001-03-18,107,25,19.346134,20.409925,18.4792,80.25571,6.876203,3.094978,84.88945,75.00817,8.3869295,5.125164
25.0,122.0,2000-12-01,2001-03-18,107,25,19.458458,20.26288,18.515118,76.04363,6.5773067,4.6498475,79.78854,72.824165,8.132961,4.9584246
23.0,122.0,2000-12-01,2001-03-19,108,25,19.45842,20.59498,18.543398,79.54672,5.5591826,5.2937303,83.32735,74.74845,6.712633,4.089684
22.0,122.0,2000-12-01,2001-03-19,108,25,22.39066,22.876665,21.854795,76.54667,8.281885,1.8885772,79.72077,73.512726,9.830501,6.744309
25.0,122.0,2000-12-01,2001-03-19,108,25,19.579979,20.070211,18.939018,75.22536,7.2467937,4.7917175,79.03008,71.82405,8.682926,5.499069
24.0,120.0,2000-12-01,2001-03-19,108,25,19.609278,20.531567,18.825798,79.6898,7.168146,2.9460294,84.00506,74.72762,8.530246,5.4964685
23.0,121.0,2000-12-01,2001-03-19,108,25,18.897623,20.996284,17.568975,80.7348,2.882493,5.410002,86.3478,71.3206,3.626755,2.1292298
23.0,120.0,2000-12-01,2001-03-19,108,25,20.693413,21.978271,19.824583,78.93143,5.246737,2.57614,83.83201,72.14734,6.3701854,4.144876
22.0,120.0,2000-12-01,2001-03-19,108,25,22.06591,23.378183,21.12465,77.87151,5.3608665,2.89169,82.682686,71.071686,6.600955,4.1024017
25.0,121.0,2000-12-01,2001-03-19,108,25,18.55305,19.475954,17.71633,78.11851,6.5152087,4.1160717,82.73422,73.49802,7.586037,5.1704626
22.0,121.0,2000-12-01,2001-03-19,108,25,21.830029,23.067383,20.933622,77.546776,5.482368,2.002409,82.206696,71.08328,6.678412,4.337069
25.0,120.0,2000-12-01,2001-03-19,108,25,16.482136,17.94133,15.414879,80.27798,6.1228557,3.1038048,86.046585,73.61313,7.2943096,4.657625
24.0,121.0,2000-12-01,2001-03-19,108,25,17.81902,19.520344,16.657408,81.46551,4.4794827,5.768888,86.24006,74.55878,5.492408,3.2531517
24.0,122.0,2000-12-01,2001-03-19,108,25,18.859255,19.923552,17.937477,78.311554,5.5472193,6.4445457,82.11368,74.40192,6.6794014,4.1702147
22.0,120.0,2000-12-01,2001-03-20,109,25,22.134178,23.362045,21.213829,77.09453,5.5067225,2.065141,81.69367,70.643166,6.660816,4.3341455
25.0,122.0,2000-12-01,2001-03-20,109,25,19.555828,20.273539,18.706623,75.094246,7.5393996,4.7937136,79.338646,71.34622,8.983888,5.929022
23.0,120.0,2000-12-01,2001-03-20,109,25,20.781624,21.978819,19.853186,78.01645,4.995885,2.701431,82.81614,71.285645,6.0827136,3.774825
24.0,120.0,2000-12-01,2001-03-20,109,25,19.69894,20.589624,18.868742,79.00237,6.584734,3.529678,83.82224,73.363594,8.258712,4.4619527
25.0,120.0,2000-12-01,2001-03-20,109,25,16.63888,18.177164,15.404454,80.09335,5.79056,3.3596973,85.80637,72.9155,7.2836094,4.0976524
24.0,121.0,2000-12-01,2001-03-20,109,25,17.850903,19.460787,16.66964,80.88419,4.299557,5.6305056,86.261986,73.80482,5.6132994,2.8574357
22.0,121.0,2000-12-01,2001-03-20,109,25,21.864496,23.013315,20.902159,77.39128,5.645265,1.9702313,81.86229,71.27218,6.694913,4.6383567
23.0,121.0,2000-12-01,2001-03-20,109,25,18.927471,20.904701,17.625324,79.91831,2.93803,4.811414,85.492035,71.04843,3.837191,2.1139593
22.0,122.0,2000-12-01,2001-03-20,109,25,22.379707,22.876421,21.738169,76.829285,8.179506,2.6010413,80.26877,73.71312,9.761064,6.630811
23.0,122.0,2000-12-01,2001-03-20,109,25,19.442812,20.501026,18.47307,79.20932,5.506843,5.4412975,83.42483,74.163445,6.87102,4.189545
25.0,121.0,2000-12-01,2001-03-20,109,25,18.618082,19.524364,17.678331,77.78654,6.1997533,4.2462406,82.92638,72.64205,7.7778344,4.3669724
24.0,122.0,2000-12-01,2001-03-20,109,25,18.801668,19.815855,17.781002,77.96976,5.5806975,6.177693,82.37782,73.44338,6.892875,4.190512
23.0,121.0,2000-12-01,2001-03-21,110,25,19.206179,21.26104,17.970236,80.41473,2.6517758,4.359138,86.26398,70.971,3.3304617,1.9638722
22.0,120.0,2000-12-01,2001-03-21,110,25,22.287565,23.541685,21.446674,77.63537,5.283063,1.8402094,82.54858,70.94201,6.293791,4.279405
24.0,120.0,2000-12-01,2001-03-21,110,25,19.967783,20.93605,19.147472,79.69865,5.758106,4.0679917,84.30175,74.38205,7.156319,4.22909
23.0,120.0,2000-12-01,2001-03-21,110,25,21.033154,22.286167,20.17109,78.60058,4.4804935,2.2006214,83.69412,71.756584,5.4445653,3.4616976
25.0,121.0,2000-12-01,2001-03-21,110,25,18.98673,19.998243,18.140463,78.61043,5.414505,5.640871,83.27817,73.354004,6.519752,4.3271327
24.0,121.0,2000-12-01,2001-03-21,110,25,18.146969,19.83726,17.052803,81.50577,3.7031252,6.2179637,86.55113,74.01944,4.65324,2.6401598
25.0,122.0,2000-12-01,2001-03-21,110,25,19.929407,20.469385,19.249987,75.880775,6.807219,5.6619325,79.166115,72.39392,8.049555,5.484927
23.0,122.0,2000-12-01,2001-03-21,110,25,19.660063,20.719175,18.774687,79.73097,5.182672,4.525461,83.55207,74.82359,6.3173475,4.035018
22.0,121.0,2000-12-01,2001-03-21,110,25,22.020153,23.177284,21.205976,77.93333,5.4316597,1.9119257,82.6445,71.62479,6.5316634,4.4476
25.0,120.0,2000-12-01,2001-03-21,110,25,16.98551,18.789206,15.650438,81.08921,5.0580897,4.755246,87.24556,72.9042,6.274384,3.7275748
22.0,122.0,2000-12-01,2001-03-21,110,25,22.473692,22.922495,21.90559,77.39612,7.984366,2.081914,80.305336,75.07492,9.576878,6.587259
24.0,122.0,2000-12-01,2001-03-21,110,25,19.102528,20.134985,18.233595,78.55451,5.2359624,6.240542,82.10045,74.23007,6.1924496,4.2031136
24.0,120.0,2000-12-01,2001-03-22,111,25,20.276264,21.31183,19.503895,79.834915,5.6998816,3.6863697,84.57993,73.69791,7.5810137,3.6538322
23.0,121.0,2000-12-01,2001-03-22,111,25,19.50158,21.760542,18.084932,80.55393,2.523215,3.4468079,86.893875,69.663445,3.4176602,1.6556789
23.0,120.0,2000-12-01,2001-03-22,111,25,21.277071,22.713755,20.352337,78.75175,4.388991,1.9224542,84.39142,70.74471,5.626339,3.24641
22.0,120.0,2000-12-01,2001-03-22,111,25,22.484438,23.729649,21.554253,78.10465,5.062701,1.5946954,83.21087,70.96534,6.167938,3.9689133
25.0,122.0,2000-12-01,2001-03-22,111,25,20.429207,21.126562,19.640509,75.93318,6.30166,5.350499,80.56378,71.493385,8.29035,4.318217
23.0,122.0,2000-12-01,2001-03-22,111,25,20.003183,21.210678,19.001583,79.82116,4.8663173,3.4214795,83.7615,74.21562,6.1053023,3.526603
25.0,120.0,2000-12-01,2001-03-22,111,25,17.273174,19.060728,16.108116,81.5777,5.1441307,6.03195,87.36257,73.02758,6.8593264,3.2278988
24.0,121.0,2000-12-01,2001-03-22,111,25,18.506573,20.357513,17.396784,81.62689,3.482364,5.203096,86.912,72.80044,4.9340906,1.9386728
22.0,121.0,2000-12-01,2001-03-22,111,25,22.247995,23.490778,21.288486,77.933464,5.0284963,1.9407642,82.96979,71.02751,6.1361885,3.8218863
22.0,122.0,2000-12-01,2001-03-22,111,25,22.74945,23.214716,22.096743,77.41386,7.3836565,1.9163879,80.570656,74.92364,9.04346,5.678452
24.0,122.0,2000-12-01,2001-03-22,111,25,19.535398,20.648985,18.518526,78.42587,4.9554777,4.498445,83.158195,72.640305,6.4080086,3.5742059
25.0,121.0,2000-12-01,2001-03-22,111,25,19.413315,20.476631,18.507757,78.90137,5.1783986,6.0462947,84.23483,72.43763,6.9351416,3.1777923
23.0,121.0,2000-12-01,2001-03-23,112,25,19.647673,21.910078,18.167614,80.97348,2.6234827,4.573467,86.83288,71.095436,3.3962033,1.8701386
23.0,120.0,2000-12-01,2001-03-23,112,25,21.33815,22.799204,20.259846,79.88645,4.58991,2.6825995,84.701164,72.64231,5.981569,3.0163312
24.0,120.0,2000-12-01,2001-03-23,112,25,20.190702,21.281322,19.281988,80.60368,6.187818,3.40312,85.426346,74.785065,8.089622,3.4850051
22.0,120.0,2000-12-01,2001-03-23,112,25,22.657852,24.07338,21.62289,78.368256,5.0914555,1.779892,82.85209,71.72592,6.00836,4.0201917
25.0,122.0,2000-12-01,2001-03-23,112,25,20.23922,21.080439,19.371035,76.55611,7.0093904,4.40104,80.76845,72.70865,8.774933,4.664134
25.0,121.0,2000-12-01,2001-03-23,112,25,19.215252,20.216417,18.26068,78.972595,5.8168306,3.9774628,83.56306,73.802635,7.4902716,3.5527053
24.0,121.0,2000-12-01,2001-03-23,112,25,18.505548,20.375914,17.202423,81.67228,3.8767536,5.2891016,86.84161,73.70749,5.3547783,1.9320886
22.0,122.0,2000-12-01,2001-03-23,112,25,22.890936,23.440928,22.193842,77.51813,7.575045,1.7994214,80.56023,74.63087,9.069837,5.9211397
22.0,121.0,2000-12-01,2001-03-23,112,25,22.416777,23.706045,21.403803,78.26747,5.1064267,1.9480407,82.567314,72.0944,6.0506506,4.1662292
25.0,120.0,2000-12-01,2001-03-23,112,25,17.165623,18.830965,15.931164,81.27505,5.3683844,3.5047443,87.03989,74.068634,6.8186083,3.2196026
23.0,122.0,2000-12-01,2001-03-23,112,25,20.122042,21.341293,19.04797,80.021095,4.963412,4.423926,84.20533,74.81194,6.3512726,3.3995526
24.0,122.0,2000-12-01,2001-03-23,112,25,19.54228,20.74189,18.456598,79.02544,5.340871,5.7157326,83.54286,73.70406,6.819103,3.8277345
23.0,122.0,2000-12-01,2001-03-24,113,25,20.258146,21.452696,19.257563,79.258125,4.645065,2.6816552,84.05653,73.524025,5.815055,3.254229
23.0,120.0,2000-12-01,2001-03-24,113,25,21.598417,22.968452,20.688862,79.30875,3.910496,1.1136643,84.92376,71.76369,5.14517,2.5839677
25.0,121.0,2000-12-01,2001-03-24,113,25,19.806547,20.850235,18.834154,78.688576,4.6326704,2.9972057,84.13166,72.844604,6.176112,3.0511954
25.0,122.0,2000-12-01,2001-03-24,113,25,20.800737,21.380493,20.066349,76.07876,5.928238,3.3615868,80.11433,72.36974,7.5036273,4.3376946
22.0,120.0,2000-12-01,2001-03-24,113,25,22.78391,24.025707,21.900885,78.031975,4.7055807,1.0782623,83.26708,71.14032,5.8622246,3.4937682
24.0,120.0,2000-12-01,2001-03-24,113,25,20.645264,21.707037,19.767105,80.09579,5.133345,1.7285941,85.15418,74.08521,6.9262505,3.091541
22.0,121.0,2000-12-01,2001-03-24,113,25,22.523897,23.719898,21.618399,77.47809,4.661538,0.8200848,83.09416,70.72387,5.7216477,3.469029
22.0,122.0,2000-12-01,2001-03-24,113,25,23.036535,23.474957,22.467075,76.272125,6.91185,0.92323244,80.256325,73.415146,8.263913,5.4370227
25.0,120.0,2000-12-01,2001-03-24,113,25,17.786917,19.695826,16.25678,81.71621,4.59884,3.0374928,88.35621,72.84315,6.2542048,2.768264
24.0,121.0,2000-12-01,2001-03-24,113,25,18.798624,20.712334,17.546883,81.50011,3.3704271,3.1861107,87.44815,72.78004,4.720827,1.900796
23.0,121.0,2000-12-01,2001-03-24,113,25,19.74538,21.970976,18.352726,80.72585,2.3908384,2.580028,87.37136,70.10789,3.4204798,1.3822894
24.0,122.0,2000-12-01,2001-03-24,113,25,19.80561,20.914751,18.820227,78.63001,4.8157244,3.5541577,83.380905,73.053764,6.1329217,3.343924
25.0,120.0,2000-12-01,2001-03-25,114,25,18.200119,19.958637,16.920841,82.40579,4.9911356,3.3658862,88.404366,74.10513,6.435755,3.2998824
24.0,121.0,2000-12-01,2001-03-25,114,25,19.183434,21.086475,18.014828,82.000496,3.3940113,5.1557446,87.57963,73.35999,4.471515,2.1636426
23.0,121.0,2000-12-01,2001-03-25,114,25,20.126842,22.42938,18.683163,80.75877,2.348468,4.3564916,87.677246,69.78842,3.1232483,1.5957962
23.0,120.0,2000-12-01,2001-03-25,114,25,21.969254,23.36622,20.966656,79.17189,3.9801824,1.6352347,85.196396,71.26755,5.065525,2.8026834
24.0,120.0,2000-12-01,2001-03-25,114,25,21.019775,22.05445,20.171488,80.41169,5.2603908,2.4469998,85.22788,74.797714,6.8174806,3.4292212
25.0,121.0,2000-12-01,2001-03-25,114,25,20.144917,21.17047,19.286314,79.95309,5.031764,3.678383,84.85557,74.52974,6.5468907,3.41186
23.0,122.0,2000-12-01,2001-03-25,114,25,20.573555,21.802963,19.593111,80.366974,4.536499,4.4782567,84.76245,74.55588,5.408228,3.2417698
24.0,122.0,2000-12-01,2001-03-25,114,25,20.171572,21.312729,19.20464,79.53519,4.780026,6.7838573,83.440254,74.471664,5.8793516,3.4038827
25.0,122.0,2000-12-01,2001-03-25,114,25,21.12022,21.678677,20.41658,77.73219,6.13423,5.3013124,81.13137,74.728424,7.342959,4.599818
22.0,120.0,2000-12-01,2001-03-25,114,25,23.124836,24.436607,22.170176,77.70022,4.288925,0.99744445,83.18025,70.5462,5.3876357,3.1156657
22.0,122.0,2000-12-01,2001-03-25,114,25,23.264343,23.750523,22.679565,77.72061,6.698736,1.099688,81.40148,74.78265,7.9291105,5.115236
22.0,121.0,2000-12-01,2001-03-25,114,25,22.818169,24.07478,21.878296,77.904564,4.4203167,0.9766693,83.64722,70.9659,5.3762035,3.4060736
23.0,121.0,2000-12-01,2001-03-26,115,25,20.312157,22.693378,18.653566,81.54208,2.4128892,5.267162,88.44248,71.08693,3.2632186,1.5820023
23.0,122.0,2000-12-01,2001-03-26,115,25,20.835783,22.234869,19.744677,81.32337,4.8512363,4.995553,85.854355,75.23636,6.0958667,3.395581
24.0,122.0,2000-12-01,2001-03-26,115,25,20.324852,21.645205,19.254898,80.48053,4.8635488,6.820505,85.0416,75.13434,6.0204573,3.3843336
25.0,122.0,2000-12-01,2001-03-26,115,25,21.145386,21.737347,20.472565,78.74282,6.3812304,5.5302234,82.78087,74.88575,7.858551,4.824704
25.0,121.0,2000-12-01,2001-03-26,115,25,20.184223,21.221596,19.31307,80.62004,5.642363,4.7309723,85.859795,75.145096,7.021364,4.1554723
22.0,120.0,2000-12-01,2001-03-26,115,25,23.207092,24.653236,22.10212,79.1128,4.441698,2.984776,84.74704,71.860916,5.6324883,3.2318342
22.0,122.0,2000-12-01,2001-03-26,115,25,23.521023,24.062046,22.84397,79.17746,7.1958947,1.9688226,82.86733,75.7908,8.604395,5.642788
25.0,120.0,2000-12-01,2001-03-26,115,25,18.265825,19.856003,17.11982,83.29402,5.243938,4.106212,89.09103,75.89404,6.7151003,3.582112
24.0,121.0,2000-12-01,2001-03-26,115,25,19.350954,21.211197,18.009945,82.53705,3.8672037,6.021251,88.21504,74.59942,4.9949026,2.3634222
22.0,121.0,2000-12-01,2001-03-26,115,25,22.997417,24.44234,21.88106,79.208145,4.641882,2.2419782,84.823944,72.03455,5.8434796,3.4148045
23.0,120.0,2000-12-01,2001-03-26,115,25,22.000235,23.460976,20.964008,80.95596,4.2175364,2.924023,87.025345,73.14777,5.3479357,2.8647165
24.0,120.0,2000-12-01,2001-03-26,115,25,21.03384,22.067226,20.23984,81.98728,5.912665,3.6848285,87.10196,75.942604,7.4114447,3.9050071
23.0,121.0,2000-12-01,2001-03-27,116,25,20.08533,22.29648,18.5594,82.052956,2.1940086,5.0734644,87.93008,71.69007,3.0370886,1.5014306
24.0,120.0,2000-12-01,2001-03-27,116,25,20.928656,22.001514,20.043055,81.55471,5.180739,4.207382,86.40244,75.70942,6.8670225,3.2462902
22.0,121.0,2000-12-01,2001-03-27,116,25,22.824078,24.10396,21.873735,79.79536,4.559141,2.7101905,84.49265,72.86411,5.5037246,3.540569
23.0,120.0,2000-12-01,2001-03-27,116,25,21.840984,23.314463,20.871187,81.03424,3.7874622,3.4749584,86.14387,73.088104,5.0348554,2.586655
23.0,122.0,2000-12-01,2001-03-27,116,25,20.5956,21.81144,19.604845,81.56682,4.6032853,4.425271,85.385895,76.133484,5.588773,3.4924116
25.0,120.0,2000-12-01,2001-03-27,116,25,18.233156,20.083492,16.881693,81.975624,4.8924522,4.345934,88.03767,73.59856,6.4393983,2.9796739
22.0,120.0,2000-12-01,2001-03-27,116,25,23.04176,24.364702,22.10459,79.50102,4.2387376,3.4453583,84.58203,72.28813,5.1921926,3.1235223
22.0,122.0,2000-12-01,2001-03-27,116,25,23.334501,23.784164,22.805367,79.497765,7.0445237,2.0604682,82.56537,77.05829,8.248807,5.684285
24.0,121.0,2000-12-01,2001-03-27,116,25,19.178389,20.978962,17.869875,82.53438,3.3483922,5.8016186,88.059044,74.30467,4.5167327,1.936151
25.0,121.0,2000-12-01,2001-03-27,116,25,20.125435,21.115105,19.219591,79.35394,5.172412,4.836351,84.624054,73.90101,6.6694465,3.3988981
25.0,122.0,2000-12-01,2001-03-27,116,25,21.029573,21.70971,20.300797,77.214645,6.0192094,5.602949,81.13795,73.64976,7.5107965,4.388231
24.0,122.0,2000-12-01,2001-03-27,116,25,20.095499,21.262836,19.141516,80.142136,4.5178704,6.570044,84.11645,74.76685,5.8386946,3.229058
23.0,122.0,2000-12-01,2001-03-28,117,25,20.974741,22.281134,20.003965,80.91475,4.157905,3.103518,85.629364,74.47964,5.1908126,3.0934887
23.0,120.0,2000-12-01,2001-03-28,117,25,22.150888,23.661139,21.105562,79.85059,3.3750546,1.6493512,85.539085,71.494095,4.51632,2.253069
22.0,121.0,2000-12-01,2001-03-28,117,25,23.125063,24.484253,22.119858,78.74648,4.106835,1.2822235,84.63833,70.88456,5.291017,3.097837
24.0,120.0,2000-12-01,2001-03-28,117,25,21.231264,22.291689,20.275427,81.09259,4.4179926,2.4190106,85.652794,75.384285,5.9214807,2.772097
24.0,122.0,2000-12-01,2001-03-28,117,25,20.534391,21.706123,19.535362,79.76691,4.636029,4.682197,83.99385,74.36028,5.974193,3.2607708
25.0,120.0,2000-12-01,2001-03-28,117,25,18.512442,20.349669,17.100084,82.26038,4.1676917,2.84645,88.029305,73.644356,5.604575,2.6281147
22.0,122.0,2000-12-01,2001-03-28,117,25,23.641808,24.187881,22.965986,78.6519,6.1938667,1.1641223,82.4913,75.552765,7.7718153,4.8221774
22.0,120.0,2000-12-01,2001-03-28,117,25,23.358608,24.767344,22.321728,78.30391,4.136971,1.7964466,83.782166,70.70389,5.3117595,3.027793
24.0,121.0,2000-12-01,2001-03-28,117,25,19.543737,21.433897,18.226408,82.38679,2.8746984,3.9882238,88.32961,73.37786,4.0942855,1.6892818
25.0,122.0,2000-12-01,2001-03-28,117,25,21.435291,22.02683,20.643837,77.841194,6.0959754,3.6299584,81.29174,75.015785,7.5518827,4.656163
25.0,121.0,2000-12-01,2001-03-28,117,25,20.457563,21.498428,19.437887,80.24019,4.62981,2.9362829,84.81778,75.280235,6.06901,3.2005396
23.0,121.0,2000-12-01,2001-03-28,117,25,20.45799,22.80746,19.020693,81.19004,2.0857747,3.2210119,88.290794,69.66344,2.9866366,1.3268787
25.0,121.0,2000-12-01,2001-03-29,118,25,20.444553,21.545952,19.548847,80.00958,4.776637,5.6241765,84.83169,74.56209,5.9969897,3.3326876
23.0,122.0,2000-12-01,2001-03-29,118,25,20.990076,22.324697,19.956923,82.06157,4.4906774,5.630281,86.911545,75.91206,5.567736,3.1775277
25.0,122.0,2000-12-01,2001-03-29,118,25,21.357698,21.942959,20.730947,77.837654,6.150499,5.2008986,81.89643,74.14874,7.41827,4.612244
24.0,122.0,2000-12-01,2001-03-29,118,25,20.5071,21.72044,19.492132,80.37178,4.7630014,6.2430687,84.58823,75.19792,6.049229,3.2531793
22.0,121.0,2000-12-01,2001-03-29,118,25,23.232054,24.601103,22.27772,80.25629,4.2882833,2.3038635,85.69127,72.96848,5.2284913,3.2797918
24.0,120.0,2000-12-01,2001-03-29,118,25,21.318394,22.343002,20.458633,81.24309,4.971896,3.9267907,86.054924,75.48493,6.448741,3.2775517
23.0,120.0,2000-12-01,2001-03-29,118,25,22.303047,23.76621,21.334473,80.78028,3.7067587,2.5751672,86.48821,72.88373,5.058262,2.340486
23.0,121.0,2000-12-01,2001-03-29,118,25,20.560522,22.916565,19.021587,82.37445,2.2799325,5.323883,88.631004,71.74879,3.1015308,1.4655278
22.0,122.0,2000-12-01,2001-03-29,118,25,23.661255,24.151314,23.064526,80.11003,6.568774,2.6114795,84.2039,76.750534,7.6556478,5.290015
24.0,121.0,2000-12-01,2001-03-29,118,25,19.581764,21.459507,18.308945,82.80043,3.2878904,6.6657395,88.27867,74.297806,4.3378286,2.0212777
22.0,120.0,2000-12-01,2001-03-29,118,25,23.492834,24.88001,22.533638,80.08164,4.1321545,2.403654,85.31827,72.74244,5.3281207,2.8990917
25.0,120.0,2000-12-01,2001-03-29,118,25,18.645235,20.415462,17.27466,82.73252,4.5502253,5.1224666,88.93537,74.82801,5.7462177,3.0621414
22.0,122.0,2000-12-01,2001-03-30,119,25,23.321999,23.943964,22.622602,79.55773,7.3835554,2.1053405,82.85257,76.596115,8.934963,5.503131
22.0,120.0,2000-12-01,2001-03-30,119,25,23.195856,24.695518,22.086655,79.72403,4.6052895,2.3973858,84.77203,72.7622,5.854673,3.1195636
24.0,121.0,2000-12-01,2001-03-30,119,25,19.273617,21.164207,17.906675,81.752304,3.9174542,4.5638256,87.2718,73.67742,5.102075,2.4083247
25.0,120.0,2000-12-01,2001-03-30,119,25,18.303186,20.074888,16.941507,82.01944,5.096488,4.621523,88.00845,74.2426,6.363109,3.4657142
24.0,122.0,2000-12-01,2001-03-30,119,25,20.08478,21.225204,19.019499,79.46226,5.1702785,4.879685,83.577576,74.947525,6.251785,3.7280326
25.0,122.0,2000-12-01,2001-03-30,119,25,20.886951,21.552475,20.110931,76.80523,6.7749114,4.554364,81.08242,73.452515,7.9765363,5.3531165
25.0,121.0,2000-12-01,2001-03-30,119,25,20.08706,21.254414,19.083693,78.875755,5.581997,4.243393,84.476555,73.04556,6.847842,4.0294094
23.0,122.0,2000-12-01,2001-03-30,119,25,20.616682,21.96268,19.504196,81.310814,4.983151,3.958966,85.42973,75.84965,6.2330556,3.484691
24.0,120.0,2000-12-01,2001-03-30,119,25,21.08855,22.252808,20.153502,80.223236,5.8629546,3.2277844,85.52124,74.370514,7.492566,3.7236414
23.0,121.0,2000-12-01,2001-03-30,119,25,20.25184,22.570898,18.644484,81.6031,2.642968,4.100265,87.51175,71.62214,3.4916215,1.7517629
22.0,121.0,2000-12-01,2001-03-30,119,25,22.957705,24.358088,21.84899,79.6841,4.9133286,2.2472389,84.29903,73.057144,6.0745287,3.6094062
23.0,120.0,2000-12-01,2001-03-30,119,25,22.072899,23.59879,20.991371,80.03203,4.457865,2.7535248,85.494,72.52708,5.8111725,2.9365041
22.0,121.0,2000-12-01,2001-03-31,120,25,22.806639,23.98856,21.893652,78.86406,4.7398868,2.6495593,83.96143,72.66138,5.882306,3.7516532
24.0,120.0,2000-12-01,2001-03-31,120,25,21.123476,22.099468,20.227097,79.321304,5.779098,3.382931,83.63759,74.387024,7.611006,3.848576
23.0,120.0,2000-12-01,2001-03-31,120,25,21.985218,23.242338,21.068579,78.93929,4.256452,2.655356,84.122795,72.57878,5.4751754,2.9274216
23.0,121.0,2000-12-01,2001-03-31,120,25,20.016405,22.047598,18.56075,81.06701,2.4871933,4.43209,87.16699,71.95713,3.3899221,1.6581119
23.0,122.0,2000-12-01,2001-03-31,120,25,20.45022,21.548931,19.494343,81.05232,4.933301,5.1407104,85.34084,75.76255,6.253378,3.4666996
25.0,122.0,2000-12-01,2001-03-31,120,25,20.90311,21.586416,20.112753,76.94145,6.3985157,3.6743407,80.14595,74.11121,7.7867613,4.894492
24.0,122.0,2000-12-01,2001-03-31,120,25,19.984266,21.055683,18.994814,79.5826,4.9913306,4.9316673,83.42603,75.119255,6.421696,3.5167222
25.0,121.0,2000-12-01,2001-03-31,120,25,20.09206,21.146591,19.102081,78.57521,5.312035,3.884604,82.894325,73.62864,7.00218,3.613855
22.0,120.0,2000-12-01,2001-03-31,120,25,23.054106,24.273296,22.151085,78.45662,4.5274057,2.1255896,83.428375,72.19354,5.764361,3.4168818
24.0,121.0,2000-12-01,2001-03-31,120,25,19.161253,20.918022,17.896715,81.39077,3.8453743,5.150779,86.255646,73.675735,5.103389,2.3128388
22.0,122.0,2000-12-01,2001-03-31,120,25,23.239988,23.706665,22.675938,79.0047,7.207544,3.3615742,82.35422,76.108986,8.70824,5.714325
25.0,120.0,2000-12-01,2001-03-31,120,25,18.440235,20.213058,17.102272,80.65517,5.021933,2.905331,85.9084,72.60032,6.6303935,3.3366997
24.0,120.0,2000-12-01,2001-04-01,121,25,21.286999,22.390465,20.414854,79.05775,5.2275367,2.596432,84.4165,72.98502,7.025379,3.3483672
22.0,121.0,2000-12-01,2001-04-01,121,25,22.778082,24.022095,21.763296,78.64822,4.8344407,2.6690638,83.50206,72.04125,5.985274,3.8708167
23.0,121.0,2000-12-01,2001-04-01,121,25,20.0538,22.255186,18.534615,80.5479,2.4059937,4.415277,86.67969,70.50965,3.2052898,1.681579
23.0,120.0,2000-12-01,2001-04-01,121,25,21.958897,23.323624,20.977442,79.049774,3.9415805,2.5857508,84.30049,71.70533,5.15167,2.6860268
25.0,122.0,2000-12-01,2001-04-01,121,25,21.083105,21.736137,20.265266,75.438866,6.403507,2.7545118,78.55021,72.373405,7.88086,5.0134306
23.0,122.0,2000-12-01,2001-04-01,121,25,20.509872,21.738525,19.50032,80.45599,4.8390465,4.9114943,84.77375,74.584694,6.027743,3.4915073
22.0,120.0,2000-12-01,2001-04-01,121,25,23.064795,24.360746,22.04629,78.13913,4.519466,2.3620574,83.21021,71.45903,5.6853333,3.4952068
24.0,122.0,2000-12-01,2001-04-01,121,25,20.05216,21.185087,19.059929,78.679054,4.827451,4.9056935,82.520546,73.36517,6.0207343,3.4841268
24.0,121.0,2000-12-01,2001-04-01,121,25,19.388378,21.320078,18.07091,80.51384,3.611444,4.4204674,86.49638,71.96445,4.889163,2.167902
25.0,120.0,2000-12-01,2001-04-01,121,25,18.725367,20.523603,17.342663,79.66362,4.9776807,2.7741594,86.71663,71.05874,6.4753985,3.148201
22.0,122.0,2000-12-01,2001-04-01,121,25,23.23393,23.730043,22.593124,78.718864,7.2676516,3.164665,82.5513,75.69379,8.809233,5.6544433
25.0,121.0,2000-12-01,2001-04-01,121,25,20.430584,21.514805,19.401789,77.03106,5.232956,2.2799659,82.29019,71.1719,6.5292883,3.8483672
24.0,121.0,2000-12-01,2001-04-02,122,25,19.396439,21.150616,18.177448,82.397285,3.186716,7.2438674,87.72586,74.55025,4.1992354,1.9591913
25.0,121.0,2000-12-01,2001-04-02,122,25,20.549038,21.733492,19.52576,79.43862,4.3796415,5.375274,84.60005,73.692406,5.3772583,3.0352468
22.0,122.0,2000-12-01,2001-04-02,122,25,23.32423,23.879942,22.614784,79.21899,6.541333,3.3504345,82.36163,76.11852,7.9847894,4.930994
25.0,120.0,2000-12-01,2001-04-02,122,25,18.771414,20.5623,17.527851,81.93791,4.287041,5.392364,88.21548,73.94959,5.4320126,2.7504992
22.0,120.0,2000-12-01,2001-04-02,122,25,23.213652,24.475292,22.201817,78.73953,4.5819726,4.7609544,83.99877,71.99507,5.6058526,3.6472354
23.0,122.0,2000-12-01,2001-04-02,122,25,20.62607,21.80521,19.60878,81.49619,4.2493205,6.470247,85.46704,75.61769,5.451937,2.8907804
25.0,122.0,2000-12-01,2001-04-02,122,25,21.39419,22.139511,20.539522,77.251045,5.6320972,4.809481,81.243355,73.67497,7.0404706,3.9856086
24.0,122.0,2000-12-01,2001-04-02,122,25,20.253277,21.360126,19.203102,79.939804,4.5379906,6.666787,83.885994,74.86922,5.822133,3.1495266
22.0,121.0,2000-12-01,2001-04-02,122,25,22.920538,24.166466,21.901264,79.219086,4.5906334,4.1887527,84.335846,72.52545,5.656781,3.5766358
23.0,120.0,2000-12-01,2001-04-02,122,25,22.06836,23.464844,21.024931,80.21247,3.6825693,5.752474,85.753975,72.69705,4.841467,2.4115212
24.0,120.0,2000-12-01,2001-04-02,122,25,21.236174,22.381153,20.326107,80.987915,4.738231,5.6889935,85.82551,75.18702,6.199066,2.835819
23.0,121.0,2000-12-01,2001-04-02,122,25,20.221952,22.333384,18.80315,81.64705,2.376201,7.3122253,87.8712,71.95983,3.2379148,1.6189517
24.0,121.0,2000-12-01,2001-04-03,123,25,19.780973,21.596142,18.5298,82.4645,3.6094568,5.628562,88.26434,74.12911,4.825695,2.2509031
22.0,122.0,2000-12-01,2001-04-03,123,25,23.59312,24.05459,23.063223,79.33807,6.7061806,2.3122187,82.71485,76.20641,8.01935,5.294926
25.0,121.0,2000-12-01,2001-04-03,123,25,20.861511,21.905064,19.875465,79.87736,4.8521285,3.8643458,84.91641,73.52383,6.194662,3.4526181
25.0,120.0,2000-12-01,2001-04-03,123,25,19.251333,21.008188,18.048624,81.980896,4.7129993,3.2808459,87.86482,74.12393,6.021358,3.1496553
24.0,122.0,2000-12-01,2001-04-03,123,25,20.597761,21.74224,19.711754,80.77319,4.9122243,5.815017,85.25105,74.952446,6.164385,3.4631176
22.0,120.0,2000-12-01,2001-04-03,123,25,23.484512,24.752802,22.62162,79.39885,4.4099603,3.1981373,84.99404,72.34625,5.436256,3.2627447
23.0,122.0,2000-12-01,2001-04-03,123,25,20.96741,22.14416,20.056295,81.65094,4.6158257,4.4887295,86.009094,75.46212,5.766942,3.2972903
25.0,122.0,2000-12-01,2001-04-03,123,25,21.66642,22.229414,20.945332,78.389824,5.8107557,4.052942,82.24372,74.41756,7.096228,4.402201
24.0,120.0,2000-12-01,2001-04-03,123,25,21.64773,22.743711,20.722578,80.983406,5.3768835,4.177451,86.08931,74.89545,7.1181464,3.5960984
23.0,121.0,2000-12-01,2001-04-03,123,25,20.540321,22.667963,19.145372,82.07795,2.5258214,4.8998036,88.94898,71.81223,3.5745404,1.628266
22.0,121.0,2000-12-01,2001-04-03,123,25,23.166521,24.360971,22.296074,79.58991,4.6025558,2.7226708,85.10919,72.639656,5.547403,3.5084543
23.0,120.0,2000-12-01,2001-04-03,123,25,22.413464,23.78479,21.448887,80.564575,4.1638713,3.4434974,86.60712,73.0165,5.434659,3.0193002
23.0,120.0,2000-12-01,2001-04-04,124,25,22.570164,24.05072,21.554571,80.68849,3.6980648,5.049809,86.553215,72.901215,4.9932194,2.3546035
22.0,121.0,2000-12-01,2001-04-04,124,25,23.319313,24.570507,22.340107,79.90713,4.8705254,3.0716584,85.10367,73.21958,5.975309,3.6686246
24.0,120.0,2000-12-01,2001-04-04,124,25,21.777855,22.95103,20.851534,80.95724,4.836134,4.5026264,85.96797,74.74783,6.3015785,3.1196625
23.0,121.0,2000-12-01,2001-04-04,124,25,20.660498,22.92118,19.09888,81.73801,2.4720557,6.478943,87.84329,71.273125,3.397766,1.6629351
22.0,120.0,2000-12-01,2001-04-04,124,25,23.56447,24.894442,22.552202,79.76633,4.509052,3.9468987,85.26853,72.71614,5.5570354,3.456159
24.0,122.0,2000-12-01,2001-04-04,124,25,20.686548,21.857807,19.704737,79.53087,4.8155456,6.0278955,83.278656,74.26071,5.9240913,3.4056222
25.0,122.0,2000-12-01,2001-04-04,124,25,21.866034,22.50954,21.263033,77.05552,5.9542475,3.5260656,80.608345,73.75749,7.1818113,4.485246
23.0,122.0,2000-12-01,2001-04-04,124,25,21.051476,22.287071,20.026783,81.51296,4.8588123,5.365355,85.44259,75.6203,6.042212,3.546187
22.0,122.0,2000-12-01,2001-04-04,124,25,23.710176,24.243769,23.124775,79.84434,7.294575,1.9528826,83.12515,76.74522,8.662422,5.5275254
25.0,120.0,2000-12-01,2001-04-04,124,25,19.504774,21.474424,18.113817,81.88746,4.5065856,2.5434632,88.46808,73.35009,5.8511295,2.9554996
24.0,121.0,2000-12-01,2001-04-04,124,25,19.874737,21.790642,18.516905,81.94551,3.4468286,5.92749,87.27441,73.62414,4.4232388,2.2818532
25.0,121.0,2000-12-01,2001-04-04,124,25,21.065815,22.324097,20.120316,79.20235,4.7133403,3.4165027,84.60389,73.35105,5.9128923,3.1944463
24.0,122.0,2000-12-01,2001-04-05,125,25,21.045296,22.273287,19.926657,80.179146,4.35515,4.6754737,84.8139,74.71787,5.7686963,2.6510224
22.0,122.0,2000-12-01,2001-04-05,125,25,23.958647,24.429424,23.399868,81.259766,6.9310546,2.3464606,84.667625,77.9607,8.320352,5.446808
23.0,120.0,2000-12-01,2001-04-05,125,25,22.714231,24.209969,21.623545,80.83739,3.7831385,2.265808,87.0171,72.90939,4.82076,2.5278068
25.0,120.0,2000-12-01,2001-04-05,125,25,19.65683,21.576033,18.256716,81.92536,4.812814,2.7073994,88.53675,73.300476,6.0898933,3.3701968
23.0,122.0,2000-12-01,2001-04-05,125,25,21.357637,22.722095,20.253132,82.198135,4.471498,4.5222754,87.08476,75.9798,5.7372804,3.1950152
23.0,121.0,2000-12-01,2001-04-05,125,25,20.885218,23.295727,19.203453,81.82215,2.3685534,4.440184,89.05703,71.01762,3.3530579,1.5861515
24.0,120.0,2000-12-01,2001-04-05,125,25,22.020615,23.165142,21.088463,80.73193,5.0217957,1.8914288,86.38522,74.80596,6.3647466,3.339037
22.0,121.0,2000-12-01,2001-04-05,125,25,23.486256,24.86921,22.427671,80.71001,4.782624,2.2679455,86.254395,73.52277,5.82715,3.6899316
25.0,121.0,2000-12-01,2001-04-05,125,25,21.339733,22.530588,20.358805,78.950035,5.0565,2.6626844,85.40057,72.563576,6.4524217,3.842804
24.0,121.0,2000-12-01,2001-04-05,125,25,20.19786,22.219536,18.77665,81.64393,3.3397436,4.058104,88.33134,72.79671,4.4702992,2.0767012
22.0,120.0,2000-12-01,2001-04-05,125,25,23.698097,25.067543,22.660738,79.92267,4.545994,2.8819654,85.48475,72.67714,5.642664,3.3391523
25.0,122.0,2000-12-01,2001-04-05,125,25,22.174833,22.737022,21.444952,77.69631,5.9102798,3.277461,81.987,73.81426,7.1720905,4.346908
23.0,120.0,2000-12-01,2001-04-06,126,25,22.847723,24.287193,21.80769,80.93226,3.7106519,2.9688294,86.85751,72.72535,4.7337236,2.7156532
23.0,121.0,2000-12-01,2001-04-06,126,25,21.009008,23.237602,19.484932,82.2528,2.36561,4.6509547,89.24156,71.81318,3.3364475,1.5730798
24.0,122.0,2000-12-01,2001-04-06,126,25,21.086329,22.179634,20.258142,81.176216,4.266069,5.7355494,85.4738,76.02449,5.4757624,2.897866
25.0,120.0,2000-12-01,2001-04-06,126,25,19.665867,21.244423,18.414093,82.82691,4.6156135,4.2530155,89.10445,75.137726,6.0070286,3.0166419
22.0,121.0,2000-12-01,2001-04-06,126,25,23.609358,24.918053,22.593056,80.52467,4.5367274,2.3694646,86.035324,73.17818,5.6753283,3.3602195
24.0,120.0,2000-12-01,2001-04-06,126,25,22.161554,23.26042,21.255234,81.6531,4.8856006,3.4110627,86.99882,75.19774,6.2859373,3.3022006
22.0,122.0,2000-12-01,2001-04-06,126,25,24.038795,24.46271,23.562325,81.43389,6.6709123,2.2477045,84.54778,78.333206,8.032499,5.1823583
23.0,122.0,2000-12-01,2001-04-06,126,25,21.438625,22.661264,20.542109,82.99864,4.2932835,4.537125,87.20961,77.159645,5.548395,3.0328574
25.0,122.0,2000-12-01,2001-04-06,126,25,22.203577,22.671577,21.662031,78.91103,5.7091174,4.7699766,82.57722,75.44407,6.862166,4.3538446
22.0,120.0,2000-12-01,2001-04-06,126,25,23.829697,25.13182,22.83913,79.709274,4.5170364,3.3377857,85.30318,72.53902,5.7595854,3.337242
24.0,121.0,2000-12-01,2001-04-06,126,25,20.32914,22.146704,19.031246,82.942406,3.2529922,5.091018,89.03145,74.6846,4.458171,1.962112
25.0,121.0,2000-12-01,2001-04-06,126,25,21.458075,22.439325,20.59683,80.45274,4.8467493,4.126057,85.800224,74.48044,6.1205077,3.4096646
23.0,121.0,2000-12-01,2001-04-07,127,25,21.148514,23.546747,19.59841,81.4706,2.3415415,3.506958,88.2658,69.871155,3.166071,1.5255408
23.0,120.0,2000-12-01,2001-04-07,127,25,22.99474,24.555239,21.966084,80.46169,3.4893003,3.1160247,86.80166,71.74467,4.616991,2.2800217
25.0,121.0,2000-12-01,2001-04-07,127,25,21.701942,22.79209,20.879297,80.15029,4.7582984,3.1962867,85.70993,73.679535,6.2163806,3.3143618
24.0,121.0,2000-12-01,2001-04-07,127,25,20.477816,22.457022,19.17746,82.41374,3.105967,3.8585181,88.59704,72.89763,4.3286233,1.7621667
22.0,122.0,2000-12-01,2001-04-07,127,25,24.130886,24.651094,23.584682,80.77451,7.134283,3.5319817,84.08901,77.679375,8.517337,5.651082
25.0,120.0,2000-12-01,2001-04-07,127,25,20.006374,21.79981,18.88515,82.91336,4.486915,3.789242,89.94479,73.678665,5.9376554,2.7931826
23.0,122.0,2000-12-01,2001-04-07,127,25,21.54628,22.84042,20.61043,82.3104,4.5792003,4.2656274,86.789055,76.09039,5.7304506,3.245905
24.0,122.0,2000-12-01,2001-04-07,127,25,21.244423,22.431524,20.333843,80.594025,4.4733043,3.5917969,85.46541,74.70234,5.9282336,2.8849266
25.0,122.0,2000-12-01,2001-04-07,127,25,22.456781,22.962158,21.896826,78.56419,6.081747,2.9301734,82.62369,74.999115,7.6929307,4.4724507
22.0,121.0,2000-12-01,2001-04-07,127,25,23.733477,25.142841,22.74521,79.76074,4.8543,2.7690406,85.235565,72.32124,5.8602114,3.8788245
24.0,120.0,2000-12-01,2001-04-07,127,25,22.317677,23.467012,21.52896,81.45553,4.5370107,3.4761333,87.09415,74.71039,6.1399097,2.662129
22.0,120.0,2000-12-01,2001-04-07,127,25,23.995834,25.427725,23.019604,78.8572,4.7505183,2.1483135,84.741035,71.12562,5.7689166,3.7371087
24.0,120.0,2000-12-01,2001-04-08,128,25,22.286587,23.450068,21.32035,80.78464,4.287654,2.4141314,86.21773,74.834045,5.641786,2.7652712
22.0,121.0,2000-12-01,2001-04-08,128,25,23.854727,25.11661,22.857227,79.76758,4.509981,4.3498106,85.01363,73.17682,5.6500726,3.2287765
25.0,121.0,2000-12-01,2001-04-08,128,25,21.638617,22.859856,20.553072,80.18599,4.795721,2.9847584,85.70884,74.4385,6.1716523,3.2756147
24.0,121.0,2000-12-01,2001-04-08,128,25,20.49187,22.521042,18.943869,82.016884,3.029173,4.1560755,88.00813,73.3471,4.018067,1.9742026
23.0,121.0,2000-12-01,2001-04-08,128,25,21.259727,23.550947,19.582949,81.394424,2.2778509,5.3422923,88.427765,71.18518,2.9653873,1.5819277
23.0,120.0,2000-12-01,2001-04-08,128,25,23.060596,24.47152,21.975088,80.13762,3.2294614,3.5997393,86.21188,72.53896,4.359332,2.0790184
25.0,120.0,2000-12-01,2001-04-08,128,25,20.234581,22.342989,18.736637,82.401764,4.223242,2.8346636,89.26192,73.276665,5.626061,2.771625
22.0,122.0,2000-12-01,2001-04-08,128,25,24.297344,24.818151,23.701225,80.539055,6.745113,3.3225868,84.00554,77.63046,8.228707,4.8094835
23.0,122.0,2000-12-01,2001-04-08,128,25,21.702343,23.091587,20.550224,81.98329,4.4241276,4.320214,86.77133,76.1979,5.594387,2.911234
24.0,122.0,2000-12-01,2001-04-08,128,25,21.33531,22.601019,20.177576,80.42664,4.6660514,4.2604027,84.643486,75.366295,5.832143,3.5427136
22.0,120.0,2000-12-01,2001-04-08,128,25,24.052574,25.340034,23.036371,79.210655,4.554106,4.4627275,84.481834,72.431915,5.7609572,3.4449816
25.0,122.0,2000-12-01,2001-04-08,128,25,22.470163,23.159924,21.642963,78.78296,6.413199,3.095896,82.62879,75.451904,7.841488,4.9194117
25.0,122.0,2000-12-01,2001-04-09,129,25,22.331776,23.032515,21.523209,79.73567,6.0967493,5.1966796,83.41555,76.36208,7.5934014,4.451757
24.0,121.0,2000-12-01,2001-04-09,129,25,20.52068,22.299063,19.13526,82.912575,3.2957108,6.488186,88.874886,75.25928,4.520106,1.9814917
22.0,121.0,2000-12-01,2001-04-09,129,25,23.847157,24.980751,22.884312,81.53049,4.47472,4.901274,86.839264,75.742775,5.583307,3.3779762
24.0,120.0,2000-12-01,2001-04-09,129,25,22.323948,23.423681,21.348223,82.278046,5.023523,4.1380396,87.71571,76.266335,6.521421,3.2401483
23.0,120.0,2000-12-01,2001-04-09,129,25,23.03935,24.32331,21.974209,82.10713,3.8394437,4.1658034,87.7297,75.07623,5.0116634,2.580491
25.0,120.0,2000-12-01,2001-04-09,129,25,20.02038,21.603643,18.757896,83.22556,4.8061395,4.353183,89.37295,75.82693,6.3294206,3.15538
23.0,121.0,2000-12-01,2001-04-09,129,25,21.22985,23.269331,19.71083,82.77532,2.2833567,6.5391517,89.391335,73.63784,3.1825101,1.4694014
23.0,122.0,2000-12-01,2001-04-09,129,25,21.640203,22.863554,20.640972,83.18401,4.289324,6.820824,87.37702,77.93105,5.6647444,2.9389038
22.0,120.0,2000-12-01,2001-04-09,129,25,24.07698,25.255224,23.139038,81.23312,4.391944,3.9067097,86.525276,75.278175,5.5965075,3.2386618
22.0,122.0,2000-12-01,2001-04-09,129,25,24.257421,24.735092,23.686548,82.10928,6.546559,5.1866164,85.58165,79.007126,8.03148,4.993617
24.0,122.0,2000-12-01,2001-04-09,129,25,21.244902,22.345022,20.243122,81.54357,4.5309234,6.6230664,85.70641,76.99546,5.9536324,3.0617895
25.0,121.0,2000-12-01,2001-04-09,129,25,21.618752,22.752993,20.60936,80.94832,4.8762465,5.062107,86.42487,74.9955,6.256553,3.4818592
23.0,121.0,2000-12-01,2001-04-10,130,25,21.442062,23.619331,19.883541,82.760666,2.409523,4.458716,89.03272,72.69614,3.306296,1.4804817
23.0,120.0,2000-12-01,2001-04-10,130,25,23.132309,24.57528,22.030615,81.91352,4.2094936,2.6706939,87.42398,74.22596,5.5208125,2.8610156
25.0,120.0,2000-12-01,2001-04-10,130,25,19.96778,21.56281,18.774706,82.55908,5.560156,4.257335,88.78662,75.22007,7.1110773,3.7317483
22.0,122.0,2000-12-01,2001-04-10,130,25,24.361443,24.910866,23.715504,82.12591,6.645906,2.162271,85.48813,79.173294,8.651639,4.762233
25.0,122.0,2000-12-01,2001-04-10,130,25,22.389996,23.186567,21.507475,78.85984,6.289557,4.712622,83.32614,75.37916,8.007742,4.553093
24.0,121.0,2000-12-01,2001-04-10,130,25,20.631794,22.29957,19.388582,83.19745,3.7080514,5.2631593,88.30497,75.61542,5.175352,2.0641863
22.0,120.0,2000-12-01,2001-04-10,130,25,24.235352,25.608997,23.126455,81.109665,4.5410933,2.5190234,86.45423,74.039696,5.75463,3.3290906
24.0,120.0,2000-12-01,2001-04-10,130,25,22.316763,23.350454,21.447021,82.40922,5.769386,3.4785247,87.05091,76.86338,7.527284,3.6984365
22.0,121.0,2000-12-01,2001-04-10,130,25,24.016018,25.336464,22.919662,81.43309,4.5254254,2.2291052,86.69848,74.607605,5.937167,3.1943948
23.0,122.0,2000-12-01,2001-04-10,130,25,21.787851,23.050562,20.738857,83.335236,4.495935,4.3931055,87.5962,77.49396,5.976314,2.9500318
25.0,121.0,2000-12-01,2001-04-10,130,25,21.622553,22.713097,20.632622,80.32451,5.4384394,4.6995277,85.70586,74.6535,7.096312,3.5749784
24.0,122.0,2000-12-01,2001-04-10,130,25,21.410639,22.599268,20.317696,81.539406,4.702795,5.273845,85.637215,76.53329,6.1674843,3.1290326
25.0,120.0,2000-12-01,2001-04-11,131,25,19.968756,21.621365,18.769789,81.9878,4.961686,4.3539734,87.44412,74.70203,6.5150514,3.3692129
25.0,121.0,2000-12-01,2001-04-11,131,25,21.674726,22.660252,20.726631,80.25866,5.182218,4.0958056,84.64868,75.68242,6.7421746,3.5417209
24.0,121.0,2000-12-01,2001-04-11,131,25,20.783447,22.51087,19.559069,82.77319,3.2227914,5.03605,87.67955,75.66324,4.4337325,1.8369061
24.0,122.0,2000-12-01,2001-04-11,131,25,21.597527,22.67498,20.642363,81.41726,4.4530263,5.5151734,85.19807,76.96042,5.727807,2.897499
23.0,121.0,2000-12-01,2001-04-11,131,25,21.599014,23.682257,20.145615,82.40002,2.224213,4.341161,88.64151,73.27216,2.9574766,1.484752
23.0,120.0,2000-12-01,2001-04-11,131,25,23.126684,24.431318,22.19731,81.84055,3.7461667,2.2860956,86.68534,74.99686,4.942739,2.5300765
23.0,122.0,2000-12-01,2001-04-11,131,25,21.97527,23.110655,21.076954,82.81207,4.4316955,3.8144288,86.95371,77.85418,5.593234,2.975792
24.0,120.0,2000-12-01,2001-04-11,131,25,22.306585,23.270323,21.46233,82.2475,5.1437545,2.9852607,86.49505,77.5064,6.931925,3.2193785
25.0,122.0,2000-12-01,2001-04-11,131,25,22.477137,23.15594,21.667055,79.16325,5.9344206,4.577379,82.38446,76.32912,7.4117103,4.266359
22.0,120.0,2000-12-01,2001-04-11,131,25,24.258722,25.461172,23.388052,80.65661,4.381897,2.086513,85.56736,74.22196,5.460959,3.351543
22.0,121.0,2000-12-01,2001-04-11,131,25,24.052778,25.193832,23.186508,80.999855,4.4453797,1.9238526,85.78405,75.02692,5.4825506,3.4527795
22.0,122.0,2000-12-01,2001-04-11,131,25,24.4286,24.783989,24.00898,81.570526,6.731971,1.3949841,84.560165,79.13009,8.043312,5.2897625
24.0,120.0,2000-12-01,2001-04-12,132,25,22.57024,23.451363,21.83605,82.25041,4.5338755,3.4605646,87.07986,76.96626,5.780057,3.1469584
23.0,122.0,2000-12-01,2001-04-12,132,25,21.970953,23.068995,21.066465,83.40517,4.0306587,3.865525,87.64824,77.935036,5.00991,3.01399
23.0,120.0,2000-12-01,2001-04-12,132,25,23.376097,24.715923,22.40645,81.83398,3.449074,2.5685346,87.91985,74.21938,4.461365,2.4101744
23.0,121.0,2000-12-01,2001-04-12,132,25,21.621258,23.677397,20.18211,82.62815,2.1070118,4.086172,89.34406,72.83918,2.8116434,1.4814371
22.0,122.0,2000-12-01,2001-04-12,132,25,24.542658,25.015268,23.998936,82.02798,6.089796,1.5843414,85.97781,78.502594,7.1963696,4.6696067
25.0,121.0,2000-12-01,2001-04-12,132,25,21.845543,22.646523,21.133472,80.1547,4.7398763,4.079457,85.04796,75.4587,5.8629746,3.546022
25.0,122.0,2000-12-01,2001-04-12,132,25,22.62315,23.06285,22.104853,78.5712,5.7064385,4.535693,82.53675,75.43891,7.0286274,4.365105
22.0,121.0,2000-12-01,2001-04-12,132,25,24.193361,25.445059,23.222939,81.10921,4.1199203,1.8040699,87.03952,74.22243,4.9786615,3.0931818
24.0,122.0,2000-12-01,2001-04-12,132,25,21.610058,22.591026,20.792768,81.20632,4.1296015,5.428025,85.33284,76.48213,5.1301265,2.941729
24.0,121.0,2000-12-01,2001-04-12,132,25,20.821194,22.40166,19.710747,83.006615,3.0126455,4.9739256,88.328865,75.5574,3.9690778,1.9653816
25.0,120.0,2000-12-01,2001-04-12,132,25,20.235306,21.705479,19.190966,82.9419,4.2144265,4.160636,88.917305,75.55065,5.357207,2.9009385
22.0,120.0,2000-12-01,2001-04-12,132,25,24.41314,25.665874,23.461777,80.66144,4.038712,2.2477984,86.190605,73.90879,5.048057,2.9674003
22.0,122.0,2000-12-01,2001-04-13,133,25,24.735691,25.282784,24.050508,83.366325,6.694985,2.6383753,86.7366,80.25611,8.432322,4.717875
23.0,120.0,2000-12-01,2001-04-13,133,25,23.454094,24.84129,22.310913,82.24927,3.9561274,4.58143,87.572815,75.37531,5.3558736,2.5369487
23.0,122.0,2000-12-01,2001-04-13,133,25,22.168028,23.343819,21.158037,84.46542,4.5701876,5.6382556,88.56539,79.02674,5.8257093,2.9228833
23.0,121.0,2000-12-01,2001-04-13,133,25,21.775362,23.864155,20.254969,83.44167,2.3481984,6.0127063,89.51521,74.37931,3.3191376,1.4244466
24.0,121.0,2000-12-01,2001-04-13,133,25,20.992073,22.69963,19.737808,83.75346,3.4888656,7.6615734,89.33985,76.42571,4.7088156,2.1263447
24.0,122.0,2000-12-01,2001-04-13,133,25,21.71015,22.857021,20.723852,82.89876,4.8504395,7.830332,87.35223,77.42887,6.101621,3.302171
24.0,120.0,2000-12-01,2001-04-13,133,25,22.665257,23.719765,21.667862,82.61053,5.262133,6.2318187,87.99942,77.20038,7.0413246,3.4786181
25.0,120.0,2000-12-01,2001-04-13,133,25,20.386965,22.012232,19.10692,83.07227,4.7962894,6.8971033,88.90748,76.35469,6.2000694,2.948169
25.0,122.0,2000-12-01,2001-04-13,133,25,22.67816,23.401217,21.885698,80.276596,6.4921503,7.495862,84.11327,76.47865,7.8418202,4.838092
22.0,120.0,2000-12-01,2001-04-13,133,25,24.544626,25.902285,23.463129,81.422134,4.377144,3.7574542,86.31373,75.02059,5.721857,3.0871072
25.0,121.0,2000-12-01,2001-04-13,133,25,21.971067,23.032438,21.052525,80.98248,5.1735616,7.3243494,86.41318,75.968956,6.7928123,3.5318842
22.0,121.0,2000-12-01,2001-04-13,133,25,24.343252,25.656563,23.286612,82.25656,4.4642143,3.0100799,87.30375,76.26104,5.740875,3.0031211
22.0,122.0,2000-12-01,2001-04-14,134,25,24.5915,25.110634,23.975649,82.049484,6.857402,2.3742907,85.66124,79.19084,8.348593,5.25323
25.0,121.0,2000-12-01,2001-04-14,134,25,21.719936,22.781704,20.874384,79.48867,4.141782,3.702422,85.22052,73.34592,5.5660343,2.7764788
24.0,121.0,2000-12-01,2001-04-14,134,25,20.726948,22.407227,19.455597,82.38225,2.9615018,5.8770666,88.293945,74.33342,4.1092753,1.6015309
24.0,120.0,2000-12-01,2001-04-14,134,25,22.486113,23.552553,21.619917,80.32681,4.8706856,3.1412263,85.26129,74.44179,6.374597,3.0734634
25.0,120.0,2000-12-01,2001-04-14,134,25,20.110235,21.725733,18.898567,81.3564,3.9309204,3.2757776,88.22153,73.03258,5.1440344,2.4738495
23.0,120.0,2000-12-01,2001-04-14,134,25,23.391142,24.700727,22.408316,80.31303,3.9012535,3.3880568,86.37556,73.129036,5.068317,2.4885988
23.0,122.0,2000-12-01,2001-04-14,134,25,22.012426,23.150713,21.038158,83.32513,4.3913817,5.2340636,87.965645,77.83424,5.6784887,2.9578617
23.0,121.0,2000-12-01,2001-04-14,134,25,21.626097,23.594473,20.164038,82.5029,2.2662673,6.133412,89.37942,73.0215,3.1813116,1.4190441
24.0,122.0,2000-12-01,2001-04-14,134,25,21.626562,22.721241,20.710835,81.1772,4.3497224,6.1663747,85.645905,75.8923,5.626175,2.7233915
22.0,121.0,2000-12-01,2001-04-14,134,25,24.205435,25.40832,23.23672,81.12883,4.6798,3.2726996,86.94982,74.54151,5.8198237,3.6246717
22.0,120.0,2000-12-01,2001-04-14,134,25,24.421293,25.665142,23.466518,80.319176,4.5958323,3.4457355,85.896805,73.6546,5.678415,3.3822894
25.0,122.0,2000-12-01,2001-04-14,134,25,22.607866,23.263506,21.978697,78.440315,5.4763265,3.9960804,82.79108,74.25559,6.9054637,3.9466898
25.0,122.0,2000-12-01,2001-04-15,135,25,22.805906,23.542316,22.104965,78.4987,5.449849,4.890027,82.88117,75.18198,7.2573833,3.7617397
22.0,120.0,2000-12-01,2001-04-15,135,25,24.524092,25.797003,23.581514,80.37176,4.3434477,2.8651905,85.48621,74.02619,5.466493,3.2791762
25.0,121.0,2000-12-01,2001-04-15,135,25,22.05562,23.273247,21.124683,79.183945,4.5083723,5.2415895,85.13206,73.1561,6.2761755,2.568802
25.0,120.0,2000-12-01,2001-04-15,135,25,20.675209,22.71352,19.241302,80.80595,4.105335,4.735315,87.63428,71.6788,5.6751695,2.1270134
24.0,120.0,2000-12-01,2001-04-15,135,25,22.762596,24.00989,21.851904,80.242004,4.685734,4.1997375,85.87292,73.8706,6.3005137,2.8878024
23.0,122.0,2000-12-01,2001-04-15,135,25,22.135622,23.429237,21.086088,83.21132,4.498996,3.4947584,87.007324,77.8763,5.6860576,3.1707985
24.0,121.0,2000-12-01,2001-04-15,135,25,21.006254,22.95398,19.665953,82.15711,3.1954055,5.1842127,87.73566,74.00212,4.343444,1.8589586
24.0,122.0,2000-12-01,2001-04-15,135,25,21.76779,23.003452,20.774424,81.32932,4.3637223,4.829292,85.28703,76.55308,5.6470623,3.004665
22.0,122.0,2000-12-01,2001-04-15,135,25,24.653458,25.227785,24.01918,81.74358,6.709945,2.076936,84.691124,78.80567,8.01498,5.3741636
22.0,121.0,2000-12-01,2001-04-15,135,25,24.304905,25.624401,23.2985,80.965,4.49413,2.5935822,86.22336,74.2237,5.561472,3.4328928
23.0,120.0,2000-12-01,2001-04-15,135,25,23.548697,25.028553,22.55795,80.48349,3.6048129,3.0263226,86.57859,72.72335,4.7824864,2.4386997
23.0,121.0,2000-12-01,2001-04-15,135,25,21.786648,24.044155,20.242033,82.54582,2.287889,4.0080724,88.94402,72.749466,3.2634091,1.4831079
25.0,121.0,2000-12-01,2001-04-16,136,25,21.767109,22.723892,21.016045,79.33638,5.0848947,5.0661473,85.221725,73.45346,6.4890375,3.6126173
25.0,120.0,2000-12-01,2001-04-16,136,25,20.265905,21.667515,19.241886,80.76349,4.727971,4.699627,87.82662,73.25222,5.885565,3.2631836
25.0,122.0,2000-12-01,2001-04-16,136,25,22.495037,23.059097,21.891796,78.46328,6.1511135,4.94896,83.7123,74.080444,7.6132984,4.604548
22.0,120.0,2000-12-01,2001-04-16,136,25,24.456367,25.64733,23.4437,80.983635,4.501033,8.455118,86.41206,74.703636,5.799099,3.3071575
23.0,122.0,2000-12-01,2001-04-16,136,25,22.04138,23.186636,21.022783,83.62464,4.50266,6.962817,88.166595,78.28013,5.8522496,2.9022715
24.0,120.0,2000-12-01,2001-04-16,136,25,22.512575,23.455,21.760351,81.109314,5.38111,4.7350283,86.5643,75.41385,6.957866,3.5633614
24.0,122.0,2000-12-01,2001-04-16,136,25,21.54165,22.540123,20.620323,81.7311,4.6696515,6.9643383,86.2841,76.4975,5.777691,3.349252
24.0,121.0,2000-12-01,2001-04-16,136,25,20.80313,22.409609,19.632025,82.745895,3.3954475,7.0827503,88.397255,75.5518,4.4887657,2.131919
23.0,120.0,2000-12-01,2001-04-16,136,25,23.35164,24.596992,22.402891,81.40895,4.1064363,6.8221235,87.26357,74.71657,5.3839216,2.8458314
23.0,121.0,2000-12-01,2001-04-16,136,25,21.63666,23.563372,20.18838,83.12775,2.3553634,9.175642,89.51246,74.51179,3.1863992,1.6734974
22.0,122.0,2000-12-01,2001-04-16,136,25,24.63957,25.270811,23.983828,82.26665,7.053912,3.8768713,86.36377,78.183205,8.78357,5.011679
22.0,121.0,2000-12-01,2001-04-16,136,25,24.23501,25.437334,23.213886,81.6713,4.7970552,6.0982456,87.19479,75.22041,5.9646153,3.5808387
25.0,122.0,2000-12-01,2001-04-17,137,25,22.957172,23.477453,22.396534,78.77937,6.316785,2.971045,82.95359,75.36342,7.48916,5.077064
25.0,120.0,2000-12-01,2001-04-17,137,25,20.908865,22.657808,19.821648,81.85928,4.5907845,3.5582037,88.30346,73.609184,5.844147,2.869061
24.0,122.0,2000-12-01,2001-04-17,137,25,21.830215,22.866705,20.97768,81.63239,4.9237328,4.56926,85.86586,76.30974,6.0878754,3.59266
25.0,121.0,2000-12-01,2001-04-17,137,25,22.250765,23.267832,21.499527,79.94434,4.8391485,3.51151,85.04415,74.48315,5.9034643,3.6656296
23.0,122.0,2000-12-01,2001-04-17,137,25,22.228432,23.38,21.295235,83.3643,4.401744,4.2939844,87.396095,78.05079,5.422376,3.191758
23.0,121.0,2000-12-01,2001-04-17,137,25,21.829868,23.847988,20.468987,82.92007,2.3372655,4.5634546,89.08891,73.440216,3.2592802,1.474868
24.0,120.0,2000-12-01,2001-04-17,137,25,22.906876,23.910385,22.201704,81.77127,4.799258,3.5090692,86.35665,76.603745,6.046929,3.0786285
24.0,121.0,2000-12-01,2001-04-17,137,25,21.113003,22.822876,19.96924,82.99958,3.4335642,5.111245,88.44817,75.089264,4.5174265,1.9850699
22.0,121.0,2000-12-01,2001-04-17,137,25,24.384512,25.561108,23.445122,81.52662,4.4443655,2.6841822,86.49888,75.185036,5.5148506,3.4411669
22.0,120.0,2000-12-01,2001-04-17,137,25,24.604319,25.79021,23.705742,80.95937,4.4311333,2.871864,85.77114,74.56792,5.473425,3.4474404
22.0,122.0,2000-12-01,2001-04-17,137,25,24.782759,25.272276,24.19088,82.10705,6.5132527,2.4153314,85.33705,79.50346,7.894851,5.1538086
23.0,120.0,2000-12-01,2001-04-17,137,25,23.629877,24.823784,22.774527,81.65505,3.5536642,2.955177,86.60333,75.19018,4.643739,2.441921
24.0,122.0,2000-12-01,2001-04-18,138,25,22.187021,23.317598,21.186977,82.15907,4.6820674,6.6082716,86.10661,77.0923,5.7557936,3.3737495
25.0,121.0,2000-12-01,2001-04-18,138,25,22.544622,23.73646,21.561089,80.9106,4.856495,4.636228,86.3223,75.12956,6.0684423,3.4801185
25.0,122.0,2000-12-01,2001-04-18,138,25,23.227005,23.947674,22.51089,80.001495,6.1650143,5.1245103,84.15311,76.22982,7.4207983,4.8199897
25.0,120.0,2000-12-01,2001-04-18,138,25,21.21004,22.98414,19.863842,82.873,4.69904,4.5733614,88.824036,75.31792,5.8475623,3.1777618
23.0,121.0,2000-12-01,2001-04-18,138,25,22.231667,24.35077,20.713451,82.82302,2.2445364,5.213314,89.15227,73.56103,3.1694982,1.3798852
23.0,122.0,2000-12-01,2001-04-18,138,25,22.530046,23.753168,21.502247,83.71171,4.007876,4.909364,88.13205,78.208725,5.3619404,2.548713
24.0,121.0,2000-12-01,2001-04-18,138,25,21.494291,23.29856,20.13101,83.246605,3.417208,6.124266,88.84624,75.67743,4.4776454,2.1891701
24.0,120.0,2000-12-01,2001-04-18,138,25,23.269855,24.35614,22.288546,82.615486,5.001059,4.0887413,87.26114,77.2516,6.618652,3.099841
22.0,122.0,2000-12-01,2001-04-18,138,25,24.950472,25.37542,24.395342,82.631615,5.977628,2.5545135,85.768135,79.90089,7.738007,4.3695936
23.0,120.0,2000-12-01,2001-04-18,138,25,24.013462,25.380625,22.949272,82.16325,3.8376532,3.168333,87.5538,75.34236,4.9201055,2.6719506
22.0,121.0,2000-12-01,2001-04-18,138,25,24.652508,25.877687,23.677666,81.61017,4.0942745,2.8601067,86.63641,75.39419,5.2800555,2.8520803
22.0,120.0,2000-12-01,2001-04-18,138,25,24.905464,26.154099,23.968199,81.2397,4.210976,3.0892932,86.3779,74.852425,5.411845,2.9133344
25.0,122.0,2000-12-01,2001-04-19,139,25,23.318945,23.870283,22.788237,80.824066,6.090072,5.6594753,84.056854,77.3854,7.3888206,4.586481
25.0,121.0,2000-12-01,2001-04-19,139,25,22.637724,23.618858,21.869888,81.40619,5.0610867,6.1810207,86.27693,75.775566,6.0775795,3.742404
24.0,122.0,2000-12-01,2001-04-19,139,25,22.148544,23.168262,21.330532,83.21743,4.935683,6.9982934,86.82423,78.42096,6.1196895,3.5016623
25.0,120.0,2000-12-01,2001-04-19,139,25,21.198284,22.59083,20.184212,83.053734,5.029839,5.241388,88.65147,76.432365,6.227798,3.4304059
23.0,122.0,2000-12-01,2001-04-19,139,25,22.494835,23.619331,21.606602,84.2861,4.6999826,5.6417723,88.09796,79.36801,5.6885586,3.5015988
23.0,121.0,2000-12-01,2001-04-19,139,25,22.148521,24.025352,20.738682,83.81962,2.578833,6.2844753,89.38828,75.90283,3.503204,1.8554081
24.0,120.0,2000-12-01,2001-04-19,139,25,23.335487,24.323126,22.560532,82.76789,5.400947,4.80163,87.45836,76.98083,6.719066,3.7522373
24.0,121.0,2000-12-01,2001-04-19,139,25,21.456936,23.021112,20.293888,83.93534,3.6742969,7.528677,89.07828,76.78052,4.5672007,2.4348845
22.0,121.0,2000-12-01,2001-04-19,139,25,24.65405,25.759043,23.729013,81.964134,4.67536,2.9394422,86.407166,76.41972,5.4809704,3.891911
22.0,120.0,2000-12-01,2001-04-19,139,25,24.901112,26.014492,24.02415,81.812454,4.5617013,3.9395056,86.38248,76.343445,5.464512,3.620383
22.0,122.0,2000-12-01,2001-04-19,139,25,24.999737,25.470888,24.463823,82.550934,6.770575,2.2933855,85.55789,79.7621,8.025429,5.4941893
23.0,120.0,2000-12-01,2001-04-19,139,25,24.033693,25.253456,23.131874,82.591934,4.082479,3.5488818,87.40561,76.0551,5.0679755,3.0183947
24.0,122.0,2000-12-01,2001-04-20,140,25,22.125463,23.161386,21.216187,82.223274,4.6650834,6.481633,85.87089,77.97223,5.950805,3.3051515
25.0,120.0,2000-12-01,2001-04-20,140,25,21.318184,23.00713,19.894415,83.130714,4.397361,4.7293158,88.741486,75.778305,6.042387,2.6487665
25.0,122.0,2000-12-01,2001-04-20,140,25,23.34471,23.882378,22.629091,79.67824,5.9959607,5.3366213,83.46682,76.15867,7.363877,4.5366573
25.0,121.0,2000-12-01,2001-04-20,140,25,22.675932,23.72986,21.604858,81.08341,4.5285773,4.7009387,86.19448,75.89487,5.9982905,2.8797998
23.0,121.0,2000-12-01,2001-04-20,140,25,22.08667,23.979475,20.623686,83.04209,2.4364438,5.150768,88.76064,74.7536,3.4040105,1.5842859
23.0,122.0,2000-12-01,2001-04-20,140,25,22.469326,23.585083,21.550894,83.69863,4.6161857,4.900522,87.088356,78.93379,5.7458134,3.2828116
24.0,121.0,2000-12-01,2001-04-20,140,25,21.445784,23.128437,20.083977,83.809814,3.087251,5.8502283,88.9098,76.93754,4.260927,1.6981257
24.0,120.0,2000-12-01,2001-04-20,140,25,23.376337,24.436594,22.379814,82.54677,4.616775,3.742072,87.28561,77.21565,6.230236,2.8814828
22.0,122.0,2000-12-01,2001-04-20,140,25,24.996836,25.43335,24.481236,81.994865,6.8806224,2.0315673,84.855705,79.45164,8.028041,5.6271753
23.0,120.0,2000-12-01,2001-04-20,140,25,24.02424,25.290249,22.960844,81.769714,3.6154122,3.0365045,86.85317,75.139725,4.8276176,2.3718412
22.0,121.0,2000-12-01,2001-04-20,140,25,24.614708,25.734146,23.666798,81.23518,4.661914,2.27662,85.63699,75.429054,5.6220403,3.8508625
22.0,120.0,2000-12-01,2001-04-20,140,25,24.901194,26.032286,23.980225,80.109505,4.528132,2.150885,84.70952,74.114136,5.5116124,3.6546433
25.0,122.0,2000-12-01,2001-04-21,141,25,23.43302,23.880033,22.851425,79.600464,5.940883,3.4360316,83.47294,76.376114,7.37728,4.514845
25.0,121.0,2000-12-01,2001-04-21,141,25,22.682476,23.652363,21.882246,80.66307,4.487268,3.8052955,85.74507,75.33221,5.764797,3.1747055
24.0,122.0,2000-12-01,2001-04-21,141,25,22.21253,23.240236,21.37875,81.683525,4.6740894,4.705569,85.97548,76.784805,5.906871,3.2948163
25.0,120.0,2000-12-01,2001-04-21,141,25,21.3419,22.97855,20.123068,82.59373,4.2393293,4.6228657,88.62043,74.82477,5.722555,2.7227933
23.0,122.0,2000-12-01,2001-04-21,141,25,22.488293,23.571133,21.664839,83.03248,4.449932,3.6252394,87.213585,77.88253,5.562766,3.2388668
23.0,121.0,2000-12-01,2001-04-21,141,25,22.078684,24.128399,20.5998,82.24542,2.3561437,4.5398498,88.86673,72.942375,3.3862264,1.4894235
24.0,120.0,2000-12-01,2001-04-21,141,25,23.264172,24.291864,22.432426,81.98141,4.620172,4.8340473,86.65398,76.43507,6.1195874,3.1301332
24.0,121.0,2000-12-01,2001-04-21,141,25,21.450615,23.191523,20.136278,82.89791,3.0042617,5.0873365,88.42892,75.07759,4.126862,1.8473303
22.0,121.0,2000-12-01,2001-04-21,141,25,24.550238,25.70003,23.707348,80.72434,4.4087343,2.602298,85.6313,74.740425,5.27043,3.4392474
22.0,120.0,2000-12-01,2001-04-21,141,25,24.794884,26.020359,23.906328,79.89208,4.2584114,2.8510194,85.0522,73.53409,5.3762336,3.2615783
22.0,122.0,2000-12-01,2001-04-21,141,25,24.959593,25.30147,24.521093,81.61904,6.591476,1.6803589,84.57995,79.01626,7.7773085,5.426565
23.0,120.0,2000-12-01,2001-04-21,141,25,23.89878,25.225525,22.91497,81.30378,3.5576806,4.290533,87.02535,74.29189,4.8987145,2.3121939
24.0,122.0,2000-12-01,2001-04-22,142,25,22.433933,23.506264,21.609282,82.43666,4.188925,4.4871535,86.33426,77.52802,5.204647,2.992621
25.0,120.0,2000-12-01,2001-04-22,142,25,21.519712,23.05751,20.313623,83.46236,3.9460344,4.4206386,89.60522,76.22479,5.0848775,2.505747
25.0,122.0,2000-12-01,2001-04-22,142,25,23.567776,24.058994,23.02796,80.663055,5.686701,3.7980797,83.81937,77.70155,6.912498,4.418013
25.0,121.0,2000-12-01,2001-04-22,142,25,22.842808,23.786577,21.994736,81.52043,4.32256,4.4700794,86.210915,76.379684,5.4828124,3.052146
23.0,121.0,2000-12-01,2001-04-22,142,25,22.342995,24.444956,20.836432,82.840096,2.0747683,3.9937024,89.60675,73.26738,2.8528776,1.3835685
23.0,122.0,2000-12-01,2001-04-22,142,25,22.756346,23.948048,21.873106,83.28606,3.8904266,3.7303321,86.98129,77.935425,4.9968767,2.808415
24.0,121.0,2000-12-01,2001-04-22,142,25,21.697605,23.41833,20.398336,83.44039,2.868146,5.1628294,89.31363,75.72824,3.6790016,1.8713516
24.0,120.0,2000-12-01,2001-04-22,142,25,23.521673,24.522573,22.643726,81.934845,4.256912,3.7571876,87.0273,76.455505,5.5504527,2.7954755
22.0,122.0,2000-12-01,2001-04-22,142,25,25.220976,25.63207,24.697588,81.51275,5.8740845,1.8486207,84.303856,78.94018,6.989884,4.700301
23.0,120.0,2000-12-01,2001-04-22,142,25,24.173256,25.531103,23.18377,81.31603,3.3652697,2.5822601,87.30479,73.93365,4.391292,2.2468517
22.0,121.0,2000-12-01,2001-04-22,142,25,24.80785,26.032627,23.83463,80.92054,3.9609232,2.110155,86.05407,74.4816,4.879588,3.0659525
22.0,120.0,2000-12-01,2001-04-22,142,25,25.001337,26.217846,24.052265,80.528534,3.9345481,2.4031227,85.92434,74.16421,4.940957,3.0472028
25.0,122.0,2000-12-01,2001-04-23,143,25,23.438135,23.933455,22.870405,80.93742,5.711566,7.1612673,84.2175,78.00146,7.0301228,4.4866705
25.0,121.0,2000-12-01,2001-04-23,143,25,22.72291,23.692339,21.951963,81.60855,4.432654,6.9485536,86.76381,76.07569,5.811813,3.0855465
24.0,122.0,2000-12-01,2001-04-23,143,25,22.34717,23.379478,21.535406,82.71539,4.500796,7.6440578,86.47971,78.22086,5.693477,3.1127326
25.0,120.0,2000-12-01,2001-04-23,143,25,21.539978,23.109314,20.323658,83.53082,4.3271575,7.281805,89.93227,75.824036,5.514226,2.9927979
23.0,122.0,2000-12-01,2001-04-23,143,25,22.708706,23.849121,21.845694,83.425804,4.1749043,6.263135,87.08838,78.50388,5.2674894,2.9445508
23.0,121.0,2000-12-01,2001-04-23,143,25,22.318056,24.266298,20.904259,83.17473,2.1800218,7.3465037,89.17125,74.47945,3.0289903,1.3577727
24.0,120.0,2000-12-01,2001-04-23,143,25,23.430437,24.463598,22.654942,82.24041,4.696452,5.863665,87.46367,76.47232,6.108425,2.9594367
24.0,121.0,2000-12-01,2001-04-23,143,25,21.620882,23.273737,20.4315,83.508446,3.1264787,7.4340916,89.22392,75.97289,4.0905094,1.8186278
22.0,121.0,2000-12-01,2001-04-23,143,25,24.81711,25.944405,23.964258,80.952835,4.0726223,5.148972,85.32672,75.28881,5.0173526,3.0489798
22.0,120.0,2000-12-01,2001-04-23,143,25,24.986189,26.107533,24.154585,80.912674,3.919653,5.3213954,85.43227,75.11646,4.80501,2.8131874
22.0,122.0,2000-12-01,2001-04-23,143,25,25.207607,25.617163,24.719288,81.32251,6.093825,4.0588465,84.11336,78.74336,7.3360887,4.7483034
23.0,120.0,2000-12-01,2001-04-23,143,25,24.133799,25.368402,23.234522,81.88226,3.5176156,5.769963,86.94594,75.47364,4.5025787,2.4578555
24.0,122.0,2000-12-01,2001-04-24,144,25,22.352854,23.4083,21.467201,82.33624,4.521589,5.602151,86.07,78.01221,5.5982966,3.0467367
25.0,120.0,2000-12-01,2001-04-24,144,25,21.479084,22.968897,20.310946,83.64345,4.6320853,6.5863447,89.399055,76.42321,6.0504894,3.0777912
25.0,122.0,2000-12-01,2001-04-24,144,25,23.547546,24.140152,22.901777,80.23019,5.9623165,5.6839366,83.83158,76.78538,7.267125,4.371135
25.0,121.0,2000-12-01,2001-04-24,144,25,22.831762,23.873163,21.95355,81.55051,4.7723446,6.790209,86.51179,75.94631,5.985098,3.3335397
23.0,121.0,2000-12-01,2001-04-24,144,25,22.31772,24.327026,20.83712,83.15507,2.2442143,4.7510195,89.55419,74.25522,3.0537357,1.5352877
23.0,122.0,2000-12-01,2001-04-24,144,25,22.720852,23.844172,21.820845,83.57668,4.353442,4.703407,87.53506,78.51795,5.5136843,3.042134
24.0,121.0,2000-12-01,2001-04-24,144,25,21.62607,23.252113,20.384798,83.816925,3.2945957,6.7129917,89.08685,76.63328,4.449363,1.953683
24.0,120.0,2000-12-01,2001-04-24,144,25,23.448872,24.439043,22.595098,82.62444,4.844639,5.213054,87.42052,77.33576,6.27665,3.262211
22.0,122.0,2000-12-01,2001-04-24,144,25,25.26364,25.722193,24.756495,81.67976,6.5172205,2.8098273,84.66901,79.09974,7.947756,5.0459175
23.0,120.0,2000-12-01,2001-04-24,144,25,24.146816,25.474194,23.112568,81.95134,3.5623405,3.2419238,87.61106,74.90103,4.601562,2.4699361
22.0,121.0,2000-12-01,2001-04-24,144,25,24.860762,26.040468,23.910883,81.17176,4.3457284,2.8580127,86.09197,75.22608,5.401792,3.374769
22.0,120.0,2000-12-01,2001-04-24,144,25,25.106195,26.31623,24.189228,80.620056,4.1518292,2.4469428,85.67464,74.376495,5.154997,3.1313775
25.0,122.0,2000-12-01,2001-04-25,145,25,23.76227,24.195503,23.145855,81.06914,5.557102,5.711908,84.489914,77.976166,6.842995,4.299363
25.0,121.0,2000-12-01,2001-04-25,145,25,22.997086,23.922447,22.218369,82.657745,4.4659886,6.436694,87.56194,77.34578,5.717752,3.1620975
24.0,122.0,2000-12-01,2001-04-25,145,25,22.61576,23.574795,21.726744,82.791595,4.229162,6.5383177,86.63041,78.238045,5.233504,3.1522422
25.0,120.0,2000-12-01,2001-04-25,145,25,21.655739,22.997108,20.67149,84.45401,4.459617,6.3082166,90.02727,77.64917,5.6657143,3.0130398
23.0,122.0,2000-12-01,2001-04-25,145,25,22.982187,24.086573,22.07086,83.57491,3.9723547,5.30755,87.85274,78.09901,5.024822,2.8819566
23.0,121.0,2000-12-01,2001-04-25,145,25,22.536053,24.548677,21.09212,83.125465,2.0578506,6.1330504,89.508644,73.81197,2.8268213,1.414634
24.0,120.0,2000-12-01,2001-04-25,145,25,23.609941,24.531755,22.859926,83.70584,4.440891,5.2068377,88.77166,78.00857,6.039195,2.5976052
24.0,121.0,2000-12-01,2001-04-25,145,25,21.839272,23.405405,20.670216,84.53009,2.9005468,7.2734914,89.89309,77.599014,3.9564526,1.758261
22.0,121.0,2000-12-01,2001-04-25,145,25,25.021334,26.203306,24.083975,81.110275,4.1140184,3.5765905,86.77926,74.3545,5.067868,3.2263546
22.0,120.0,2000-12-01,2001-04-25,145,25,25.214872,26.43786,24.288902,80.594444,4.0400867,3.6986609,86.12878,73.89341,5.092521,3.008452
22.0,122.0,2000-12-01,2001-04-25,145,25,25.46731,25.950638,24.920132,81.63995,6.0114985,2.7557068,85.26295,78.19858,7.4099474,4.7027054
23.0,120.0,2000-12-01,2001-04-25,145,25,24.312922,25.661509,23.356972,82.279915,3.3936079,4.059378,88.09266,74.54514,4.514143,2.2814226
24.0,122.0,2000-12-01,2001-04-26,146,25,22.970806,24.004189,22.123075,83.23777,4.1747828,5.6463795,87.32718,78.546486,5.409944,2.7306836
25.0,120.0,2000-12-01,2001-04-26,146,25,22.218918,23.821138,21.025244,83.98285,4.548271,3.8110828,89.50229,76.57998,5.923454,2.776682
25.0,122.0,2000-12-01,2001-04-26,146,25,24.106138,24.541262,23.61726,81.35337,5.249677,5.0091944,84.82611,78.09789,6.411374,3.836124
25.0,121.0,2000-12-01,2001-04-26,146,25,23.403616,24.351807,22.660732,82.08425,4.5618844,3.9981506,86.60432,76.86146,5.7059407,3.1090207
23.0,121.0,2000-12-01,2001-04-26,146,25,22.822302,24.814707,21.247095,84.050385,2.0969765,4.7897606,90.673004,75.42675,3.1487448,1.3185904
23.0,122.0,2000-12-01,2001-04-26,146,25,23.188946,24.342627,22.271343,84.8157,4.360184,4.0716724,88.71356,79.81955,5.480696,3.319321
24.0,121.0,2000-12-01,2001-04-26,146,25,22.257397,23.932554,20.97712,84.11794,3.2846057,4.6368675,89.72258,76.75187,4.37806,2.0710893
24.0,120.0,2000-12-01,2001-04-26,146,25,24.026934,25.013168,23.2425,83.23883,4.821522,2.7258759,87.8659,77.52142,6.338813,3.0626395
22.0,122.0,2000-12-01,2001-04-26,146,25,25.525507,25.98256,24.97152,83.71184,6.278734,2.3120959,86.64327,81.28593,7.308762,5.2020173
23.0,120.0,2000-12-01,2001-04-26,146,25,24.597956,25.884539,23.623184,83.12346,3.4036627,2.8775268,88.77375,76.35289,4.585538,2.216015
22.0,121.0,2000-12-01,2001-04-26,146,25,25.159285,26.321026,24.164156,82.85103,4.0415473,3.0368292,87.69731,77.04786,4.987227,3.0729258
22.0,120.0,2000-12-01,2001-04-26,146,25,25.401402,26.525623,24.443525,82.14133,3.5468667,3.7478979,87.16507,76.349075,4.5718155,2.3482065
25.0,122.0,2000-12-01,2001-04-27,147,25,24.290012,24.830933,23.714668,80.07419,5.3803625,2.8358448,84.03506,76.70033,6.719387,3.8368387
25.0,121.0,2000-12-01,2001-04-27,147,25,23.6096,24.672935,22.785551,80.656815,4.6817937,3.141936,85.730804,75.31978,5.948417,3.1542737
24.0,122.0,2000-12-01,2001-04-27,147,25,23.08517,24.179815,22.136885,82.33413,3.8477333,4.4306884,86.54912,77.05152,5.2345643,2.3586102
25.0,120.0,2000-12-01,2001-04-27,147,25,22.46911,24.176088,21.21936,82.897995,4.5007024,3.5719237,89.22037,75.05954,6.065665,2.762568
23.0,122.0,2000-12-01,2001-04-27,147,25,23.347794,24.54275,22.350927,83.92167,4.2875824,4.111189,87.90346,78.683846,5.473311,3.0958805
23.0,121.0,2000-12-01,2001-04-27,147,25,22.941448,25.012611,21.373451,83.09918,2.0380797,4.677273,89.11764,73.65163,2.9330456,1.2505541
24.0,120.0,2000-12-01,2001-04-27,147,25,24.207464,25.258482,23.396025,82.55984,4.5980577,3.0799835,87.28417,76.9181,6.2604833,2.7360394
24.0,121.0,2000-12-01,2001-04-27,147,25,22.394018,24.141846,21.062744,83.1016,3.1686857,4.741682,88.578094,75.50926,4.441801,1.7376366
22.0,121.0,2000-12-01,2001-04-27,147,25,25.282932,26.514044,24.32667,82.01368,4.114143,2.7336023,86.54068,75.64435,5.1031046,3.135147
22.0,120.0,2000-12-01,2001-04-27,147,25,25.530857,26.757734,24.563974,81.35316,3.8114312,3.0882177,85.79764,75.065285,4.860283,2.6933858
22.0,122.0,2000-12-01,2001-04-27,147,25,25.688936,26.150766,25.11791,82.94581,6.4395103,2.1678236,85.69587,80.424675,7.6532784,5.1987104
23.0,120.0,2000-12-01,2001-04-27,147,25,24.761126,26.111998,23.781723,82.50499,3.2279983,3.0070434,87.375206,75.509575,4.4721017,1.9482521
24.0,122.0,2000-12-01,2001-04-28,148,25,23.035234,24.071299,22.11123,82.327156,4.3220787,4.6971045,85.98684,78.110016,5.739787,2.7098968
25.0,120.0,2000-12-01,2001-04-28,148,25,22.445185,24.14943,21.04646,83.08566,4.112849,4.096508,88.67962,75.52035,5.7517195,2.3459225
25.0,122.0,2000-12-01,2001-04-28,148,25,24.23582,24.774649,23.56235,80.16936,5.907339,2.2603126,84.02365,77.20877,7.677318,4.1124024
25.0,121.0,2000-12-01,2001-04-28,148,25,23.54541,24.566753,22.587275,80.86485,4.6451206,4.00282,85.66704,75.71721,6.2642365,3.2696564
23.0,121.0,2000-12-01,2001-04-28,148,25,22.98163,24.984169,21.463736,82.752716,2.227,5.9168835,89.320755,73.63092,2.95944,1.4875351
23.0,122.0,2000-12-01,2001-04-28,148,25,23.381071,24.534035,22.426098,83.6489,4.119608,4.691907,87.49141,78.625946,5.143574,3.0064163
24.0,121.0,2000-12-01,2001-04-28,148,25,22.333782,23.991205,21.067696,83.141624,3.0903687,6.4588747,88.35527,76.30269,4.393329,1.7512006
24.0,120.0,2000-12-01,2001-04-28,148,25,24.165997,25.207115,23.280045,82.251434,4.480828,5.9675403,87.28843,76.57731,6.354796,2.8295016
22.0,122.0,2000-12-01,2001-04-28,148,25,25.832424,26.298681,25.197222,82.33521,6.168848,1.6990497,85.779205,79.06572,7.4114947,4.926708
23.0,120.0,2000-12-01,2001-04-28,148,25,24.820257,26.162222,23.822935,81.805,3.4695878,5.424024,87.62389,74.27354,4.7773247,2.2265797
22.0,121.0,2000-12-01,2001-04-28,148,25,25.433216,26.68238,24.451416,81.36002,4.2133737,2.9279945,86.95051,74.53703,5.1736617,3.2384014
22.0,120.0,2000-12-01,2001-04-28,148,25,25.6349,26.874947,24.662704,80.33004,4.0146427,2.9459999,86.024796,73.32785,4.9940977,3.074984
25.0,122.0,2000-12-01,2001-04-29,149,25,24.370632,24.974,23.752466,77.55616,6.110727,4.4600086,81.56588,73.92508,7.501861,4.472947
25.0,121.0,2000-12-01,2001-04-29,149,25,23.769487,24.995098,22.829199,78.592896,5.0839033,6.4170933,84.74033,72.244026,6.3694654,3.5718112
24.0,122.0,2000-12-01,2001-04-29,149,25,23.135332,24.374365,22.124693,80.093155,4.686575,3.8749585,84.497604,74.44059,5.8578954,3.3981357
25.0,120.0,2000-12-01,2001-04-29,149,25,22.644594,24.380556,21.405922,81.38606,5.0329337,6.148848,87.82706,73.00581,6.4377403,3.2838662
23.0,122.0,2000-12-01,2001-04-29,149,25,23.399704,24.71985,22.383389,82.55703,4.6848245,3.6179955,86.75897,76.83193,5.8768163,3.291204
23.0,121.0,2000-12-01,2001-04-29,149,25,23.015112,25.34084,21.305733,81.49363,2.367767,3.230714,88.45826,70.740715,3.1206603,1.6436665
24.0,120.0,2000-12-01,2001-04-29,149,25,24.351389,25.56141,23.44079,80.69065,5.3631105,4.8515453,86.09407,74.15833,7.0097213,3.3234048
24.0,121.0,2000-12-01,2001-04-29,149,25,22.523483,24.512466,21.033707,81.3214,3.6689878,5.835997,87.62754,72.47239,4.85483,2.2984838
22.0,121.0,2000-12-01,2001-04-29,149,25,25.38976,26.719196,24.331406,80.811226,4.4762454,1.4634528,86.065926,73.93734,5.512924,3.5396442
22.0,120.0,2000-12-01,2001-04-29,149,25,25.640007,26.988516,24.578276,79.6384,4.002475,1.5937684,85.10083,72.697495,5.110332,2.850122
22.0,122.0,2000-12-01,2001-04-29,149,25,25.774006,26.207548,25.217808,82.0423,6.8805623,1.8550397,85.404366,78.960526,8.18892,5.517016
23.0,120.0,2000-12-01,2001-04-29,149,25,24.849298,26.339977,23.736822,80.757256,3.880622,2.2425768,86.66264,72.65487,5.0465083,2.5138273
24.0,122.0,2000-12-01,2001-04-30,150,25,22.9528,24.168089,21.929346,80.82515,4.683791,5.5606813,85.410866,75.30346,5.7777653,3.4912686
25.0,120.0,2000-12-01,2001-04-30,150,25,22.585457,24.240372,21.281372,81.14248,4.9314723,6.5741644,87.85111,73.4489,6.1768727,3.372502
25.0,122.0,2000-12-01,2001-04-30,150,25,24.086147,24.661968,23.550064,78.58574,6.2530017,6.4170213,82.93249,75.09875,7.380246,5.0649476
25.0,121.0,2000-12-01,2001-04-30,150,25,23.517353,24.608345,22.60731,79.14427,5.2213078,7.032859,84.9881,73.97451,6.406012,4.0563817
23.0,121.0,2000-12-01,2001-04-30,150,25,23.033134,25.25455,21.341137,81.35545,2.4006069,3.5279102,88.4151,71.427315,3.1385186,1.6820661
23.0,122.0,2000-12-01,2001-04-30,150,25,23.294407,24.59646,22.158775,82.86953,4.8304167,3.9460034,87.71058,76.7061,6.09736,3.332782
24.0,121.0,2000-12-01,2001-04-30,150,25,22.374287,24.189404,20.948915,81.54417,3.6055136,6.1805005,87.68328,73.85616,4.645795,2.3235352
24.0,120.0,2000-12-01,2001-04-30,150,25,24.228178,25.280254,23.350517,80.788376,5.07131,6.028517,85.75455,75.34087,6.5208306,3.3339822
22.0,122.0,2000-12-01,2001-04-30,150,25,25.692436,26.258492,25.056274,82.05353,7.2766585,2.2769818,85.68109,78.28421,8.910007,5.4348235
23.0,120.0,2000-12-01,2001-04-30,150,25,24.893482,26.365633,23.811207,80.53119,3.6522057,3.375918,86.40664,72.980545,4.628228,2.5017996
22.0,121.0,2000-12-01,2001-04-30,150,25,25.432016,26.81874,24.366035,80.41984,4.717889,1.8567523,86.27784,73.415955,5.8794265,3.5410602
22.0,120.0,2000-12-01,2001-04-30,150,25,25.68544,27.060051,24.682407,79.57669,4.108836,2.024907,85.3875,72.498726,5.318998,2.9491248
