latitude,longitude,init_date,valid_date,lead_day,ens_n,t2m_C,t2m_C_max,t2m_C_min,rh_pct,wind_mps,tp_mm_mean,rh_pct_max,rh_pct_min,wind_mps_max,wind_mps_min
22.5,120.5,2004-08-01,2004-08-01,0,25,27.015854,28.827612,25.579384,83.63881,1.8068069,0.0,90.26138,75.57907,3.3834405,0.65699255
24.5,120.5,2004-08-01,2004-08-01,0,25,26.689398,28.029175,25.366962,86.191376,2.3055904,0.0,91.45532,79.796906,3.2125924,1.5450214
23.5,120.5,2004-08-01,2004-08-01,0,25,24.384007,26.928627,22.28587,87.39265,1.116213,0.0,94.991554,75.400444,1.6723511,0.5877502
22.5,121.5,2004-08-01,2004-08-01,0,25,28.18312,28.955112,27.517378,78.911705,2.3261025,0.0,81.57859,76.01644,3.2507226,1.5355716
24.5,121.5,2004-08-01,2004-08-01,0,25,23.29057,25.110346,21.497042,85.886826,0.8586733,0.0,92.89394,79.0076,1.1518548,0.5310766
23.5,121.5,2004-08-01,2004-08-01,0,25,24.243694,25.38152,23.175322,83.46139,0.8117553,0.0,87.27372,79.89729,1.2872946,0.46192744
23.5,120.5,2004-08-01,2004-08-02,1,25,24.092545,26.27044,22.015215,88.435265,1.1145898,19.499207,94.65101,82.06868,1.7689562,0.6656644
22.5,120.5,2004-08-01,2004-08-02,1,25,26.406588,27.918541,25.209667,84.68199,1.2411697,9.692993,89.58241,78.485825,2.3251836,0.45061764
23.5,121.5,2004-08-01,2004-08-02,1,25,24.041958,25.493652,22.690918,82.707695,0.948386,7.369232,86.53166,79.034584,2.1415854,0.31498823
24.5,121.5,2004-08-01,2004-08-02,1,25,23.033716,24.687284,21.15748,85.95264,1.2154694,11.466522,91.25899,81.66409,1.7045622,0.6892458
22.5,121.5,2004-08-01,2004-08-02,1,25,27.720337,28.34898,26.973495,79.442085,1.4527266,3.2337952,82.883514,76.75168,2.5558264,0.58025265
24.5,120.5,2004-08-01,2004-08-02,1,25,26.398481,27.5394,25.139277,85.96571,1.9358697,9.051361,91.03046,81.002914,2.5279474,1.3214667
23.5,120.5,2004-08-01,2004-08-03,2,25,23.623577,26.239937,21.147915,87.9371,1.114864,7.175598,95.60581,77.05059,1.6622896,0.628754
22.5,121.5,2004-08-01,2004-08-03,2,25,27.145998,27.901045,26.303072,82.215126,1.5297301,1.61026,86.38305,78.14415,2.3549652,0.73098075
22.5,120.5,2004-08-01,2004-08-03,2,25,26.101408,27.601109,24.877525,84.85965,1.2621593,3.7202454,89.58566,78.01387,2.1907778,0.54503936
24.5,120.5,2004-08-01,2004-08-03,2,25,26.022835,27.557983,24.714712,85.89554,1.9807073,3.511963,91.732285,78.91659,2.5155816,1.3555572
24.5,121.5,2004-08-01,2004-08-03,2,25,22.798674,25.141811,20.866274,84.90897,1.1073161,2.2514343,93.19949,72.18125,1.4565662,0.6980253
23.5,121.5,2004-08-01,2004-08-03,2,25,23.74674,25.602592,22.198774,81.97706,0.8720387,1.007843,88.8366,72.39776,2.0297277,0.23395136
23.5,121.5,2004-08-01,2004-08-04,3,25,23.681406,25.55997,22.36361,82.78459,1.0432181,1.3078308,89.259735,73.14989,1.9374493,0.4791519
24.5,121.5,2004-08-01,2004-08-04,3,25,22.780762,24.904503,21.043999,85.680534,1.1182799,2.3220825,93.467224,74.94052,1.550622,0.5582303
22.5,121.5,2004-08-01,2004-08-04,3,25,27.023554,27.848642,26.35715,83.86108,2.4269543,2.281952,87.40796,79.19358,3.398771,1.3534476
23.5,120.5,2004-08-01,2004-08-04,3,25,23.588047,26.330673,21.28689,87.960785,1.0533646,5.4071045,96.0882,75.50071,1.4889985,0.48330483
24.5,120.5,2004-08-01,2004-08-04,3,25,26.140488,27.648798,24.91775,85.37556,1.5450226,3.8311768,91.76856,78.50557,2.2168136,0.91879827
22.5,120.5,2004-08-01,2004-08-04,3,25,26.174746,27.895517,25.029312,85.002556,1.398442,2.9623413,90.26179,76.72657,1.9726099,0.88064116
22.5,120.5,2004-08-01,2004-08-05,4,25,26.637783,28.575361,25.330093,84.10369,1.2915616,2.611084,90.58175,74.309395,1.7530622,0.8232441
24.5,120.5,2004-08-01,2004-08-05,4,25,26.555693,28.219501,25.19478,85.96735,1.8676647,3.4883118,92.526924,78.403366,3.1817274,0.6853014
23.5,120.5,2004-08-01,2004-08-05,4,25,23.932001,26.965673,21.549623,88.216774,1.1952586,4.4673157,96.26685,74.56464,1.8367741,0.56496453
22.5,121.5,2004-08-01,2004-08-05,4,25,27.379932,28.062647,26.836777,83.924225,4.347554,3.1021118,87.46946,80.246765,5.178981,3.3013926
24.5,121.5,2004-08-01,2004-08-05,4,25,23.06999,25.534815,21.141811,86.00896,1.2289385,1.4968872,94.2814,74.10164,2.1168602,0.5707602
23.5,121.5,2004-08-01,2004-08-05,4,25,24.119131,26.017471,22.75517,83.114685,1.6859018,1.5058899,90.15371,73.79739,2.5532923,1.0035189
23.5,120.5,2004-08-01,2004-08-06,5,25,24.618305,27.552994,22.415577,87.71565,1.2268937,4.2941284,96.05639,74.262115,2.04136,0.55783254
22.5,120.5,2004-08-01,2004-08-06,5,25,27.008286,28.73518,25.823154,84.01445,1.2701118,3.3843994,90.15071,74.8256,1.8540326,0.71489495
23.5,121.5,2004-08-01,2004-08-06,5,25,24.497524,26.337055,23.204165,85.15274,2.4494402,2.6474,91.408554,76.589455,3.2612345,1.7197464
24.5,121.5,2004-08-01,2004-08-06,5,25,23.620258,26.242212,21.760342,85.592705,1.6090431,2.074585,94.00848,74.13434,3.0190623,0.6512674
22.5,121.5,2004-08-01,2004-08-06,5,25,27.522934,28.12502,26.931147,84.95245,5.6980767,4.4796753,88.66009,81.416725,6.440633,4.791617
24.5,120.5,2004-08-01,2004-08-06,5,25,27.05104,28.867525,25.63788,86.3808,2.906114,3.3996582,93.06017,78.38735,4.764129,1.2380729
24.5,120.5,2004-08-01,2004-08-07,6,25,26.99075,28.859339,25.49441,85.88431,3.44294,2.3883057,92.475945,77.10596,4.9771786,1.7339038
22.5,121.5,2004-08-01,2004-08-07,6,25,27.577957,28.326584,26.966953,85.2642,5.645846,7.6031494,88.31096,81.67654,6.87646,4.5373774
24.5,121.5,2004-08-01,2004-08-07,6,25,23.613464,26.387074,21.361626,85.54241,2.045178,9.926758,94.24185,71.66815,3.2333405,1.0408463
23.5,121.5,2004-08-01,2004-08-07,6,25,24.593582,26.756838,22.971363,84.9211,2.745495,6.2139893,91.39623,74.3368,3.6559842,1.9056113
22.5,120.5,2004-08-01,2004-08-07,6,25,27.126335,29.099104,25.805113,84.30527,1.7245418,2.7981567,90.55916,74.21715,2.570816,0.9687439
23.5,120.5,2004-08-01,2004-08-07,6,25,24.761883,27.948322,22.321518,86.68437,1.5091058,3.2910156,95.529854,71.96618,2.3332887,0.64045286
23.5,121.5,2004-08-01,2004-08-08,7,25,24.15357,26.015265,22.820929,86.05228,2.9683967,19.062195,91.14353,77.45104,4.085521,1.8024166
24.5,121.5,2004-08-01,2004-08-08,7,25,23.142632,25.584156,21.20414,85.6455,2.960176,19.43512,93.2546,74.67057,4.5493736,1.7588801
22.5,121.5,2004-08-01,2004-08-08,7,25,27.37433,27.975698,26.773335,84.222015,5.276416,15.158691,87.25255,81.29305,6.4565253,3.9976993
23.5,120.5,2004-08-01,2004-08-08,7,25,24.548023,27.53792,22.38568,87.10815,1.9268292,8.721008,95.27145,73.90445,3.241138,0.8325163
24.5,120.5,2004-08-01,2004-08-08,7,25,26.86439,28.56375,25.533916,85.142296,4.614051,5.4348755,90.92774,77.318474,6.3901744,2.6492395
22.5,120.5,2004-08-01,2004-08-08,7,25,26.82142,28.450966,25.6431,85.11783,2.60813,11.113281,90.470955,76.82051,3.548051,1.6808672
24.5,120.5,2004-08-01,2004-08-09,8,25,26.785059,28.402388,25.554941,84.79892,3.7873685,8.362732,90.83605,76.67926,5.398054,2.299859
22.5,120.5,2004-08-01,2004-08-09,8,25,26.644316,28.407099,25.438871,85.63194,3.3939528,12.490234,91.0717,77.39759,4.6958156,2.256382
23.5,120.5,2004-08-01,2004-08-09,8,25,24.45168,27.403746,22.285957,86.88002,2.007937,12.21405,95.022575,73.49211,3.4229445,1.0614773
24.5,121.5,2004-08-01,2004-08-09,8,25,23.295937,25.607162,21.60811,85.12585,2.9389558,15.60791,92.70847,73.72886,4.1770897,1.8886663
22.5,121.5,2004-08-01,2004-08-09,8,25,27.39289,28.024424,26.874311,83.17411,4.1539373,9.232483,86.58072,79.57336,5.863218,2.4157484
23.5,121.5,2004-08-01,2004-08-09,8,25,24.081114,25.710365,22.894394,86.05764,2.4483483,12.888184,90.829414,78.32293,3.5562396,1.4831387
22.5,121.5,2004-08-01,2004-08-10,9,25,27.637415,28.53473,27.020967,83.43101,4.5524516,2.4838257,86.97786,78.78307,5.936113,3.140974
24.5,121.5,2004-08-01,2004-08-10,9,25,23.566633,25.671412,22.041079,86.02976,1.9255894,9.160461,92.92434,75.674,2.8536434,1.132878
23.5,120.5,2004-08-01,2004-08-10,9,25,24.319485,26.966358,22.354376,87.64904,2.0393167,17.27295,95.1167,76.051994,3.216022,1.200603
24.5,120.5,2004-08-01,2004-08-10,9,25,26.708508,28.054092,25.708067,85.67454,3.9186938,9.606323,90.78946,79.28527,5.258314,2.6675308
23.5,121.5,2004-08-01,2004-08-10,9,25,24.33808,26.090122,23.090025,86.0912,1.8867433,6.43219,91.42916,77.59681,2.9639685,0.96460676
22.5,120.5,2004-08-01,2004-08-10,9,25,26.717785,28.400982,25.55125,85.79915,3.0394106,10.193176,91.54924,77.7928,4.395784,1.818373
23.5,120.5,2004-08-01,2004-08-11,10,25,24.472353,26.946417,22.396143,87.8616,1.8483664,9.547424,94.90124,77.04608,2.732156,1.1778228
22.5,120.5,2004-08-01,2004-08-11,10,25,26.758818,28.203472,25.63794,86.310814,2.4528093,7.932434,91.57006,78.9574,3.4990375,1.4955617
24.5,121.5,2004-08-01,2004-08-11,10,25,23.804716,26.010166,22.01497,86.33734,1.4580868,4.6850586,93.67703,76.42912,2.107614,0.9363802
22.5,121.5,2004-08-01,2004-08-11,10,25,27.678291,28.475943,27.025494,84.72654,4.739226,3.6883545,88.5762,80.5823,6.1732564,3.3000746
24.5,120.5,2004-08-01,2004-08-11,10,25,26.899464,28.30193,25.66327,85.84553,3.86133,5.2493286,91.44985,79.538704,5.1097693,2.702468
23.5,121.5,2004-08-01,2004-08-11,10,25,24.489365,26.058212,23.132471,86.65372,1.7395465,5.66864,92.004875,79.66157,2.5072765,1.0254982
22.5,121.5,2004-08-01,2004-08-12,11,25,27.611431,28.592623,26.869028,85.4202,4.1608,4.7055054,88.55709,80.92872,5.486182,2.5753672
23.5,120.5,2004-08-01,2004-08-12,11,25,24.507778,26.86684,22.431362,87.87187,1.656633,7.5027466,94.5566,78.549446,2.4912734,0.9459247
23.5,121.5,2004-08-01,2004-08-12,11,25,24.426996,26.009174,23.094141,87.585175,1.5549955,6.842041,92.13424,80.9068,2.379167,0.8415234
24.5,121.5,2004-08-01,2004-08-12,11,25,23.680649,25.768871,21.875034,86.898575,1.4091166,7.0806885,93.60522,77.76478,2.1237345,0.77652365
24.5,120.5,2004-08-01,2004-08-12,11,25,26.871157,28.141914,25.720425,85.965515,3.5829906,4.57489,90.66902,80.12642,4.9008064,2.2989938
22.5,120.5,2004-08-01,2004-08-12,11,25,26.621567,27.996529,25.46121,86.87342,2.3435564,7.3443604,91.49979,80.79652,3.3642533,1.3608507
23.5,121.5,2004-08-01,2004-08-13,12,25,24.355366,26.0298,23.14103,86.7386,1.5476712,7.49115,91.77402,79.851166,2.3150482,0.89328855
22.5,121.5,2004-08-01,2004-08-13,12,25,27.44982,28.272812,26.789038,85.165245,4.262793,5.83313,88.58794,81.0982,5.379787,3.2815313
24.5,121.5,2004-08-01,2004-08-13,12,25,23.613531,25.637354,21.966925,86.90361,1.5023264,11.509094,93.78455,77.690605,2.2834773,0.8028743
24.5,120.5,2004-08-01,2004-08-13,12,25,26.842768,28.166986,25.777569,86.064285,3.5721488,10.085754,90.744,80.34705,4.9809422,2.2696562
22.5,120.5,2004-08-01,2004-08-13,12,25,26.52771,27.937143,25.463755,86.82795,2.5247312,12.312927,91.15401,80.58913,3.4859293,1.7230678
23.5,120.5,2004-08-01,2004-08-13,12,25,24.396362,26.656597,22.544458,87.97298,1.6204712,13.178406,94.17979,79.0292,2.4060435,0.99294
24.5,120.5,2004-08-01,2004-08-14,13,25,26.752693,28.03997,25.699018,86.09533,3.3469217,6.048584,90.987946,80.165344,4.7078905,2.1978273
23.5,121.5,2004-08-01,2004-08-14,13,25,24.203299,25.653173,22.994663,87.94788,1.6916656,7.816162,92.36863,81.68216,2.5519898,0.96171236
24.5,121.5,2004-08-01,2004-08-14,13,25,23.426872,25.338251,21.923101,87.87824,1.5550116,9.380493,93.98904,79.50748,2.2510705,0.88689065
23.5,120.5,2004-08-01,2004-08-14,13,25,24.454119,26.78044,22.496616,87.676796,1.6748914,10.02533,94.4601,78.57874,2.4183793,1.0778183
22.5,121.5,2004-08-01,2004-08-14,13,25,27.476501,28.369225,26.759546,85.72376,4.391299,5.411072,88.95514,81.85598,5.754361,2.843433
22.5,120.5,2004-08-01,2004-08-14,13,25,26.534842,28.00625,25.449688,86.76527,2.4776778,11.016235,91.41133,80.71134,3.5343523,1.6120852
24.5,120.5,2004-08-01,2004-08-15,14,25,26.787378,28.079762,25.760698,86.93325,2.6786666,6.4752197,92.07587,80.76816,3.699827,1.6262511
24.5,121.5,2004-08-01,2004-08-15,14,25,23.511343,25.514057,21.960566,88.53006,1.419788,10.007324,94.590645,80.26635,2.059715,0.76955205
22.5,121.5,2004-08-01,2004-08-15,14,25,27.46808,28.362276,26.794668,86.01472,3.520404,6.8945312,89.05232,81.96128,4.9833055,2.0864973
23.5,120.5,2004-08-01,2004-08-15,14,25,24.546167,27.000933,22.517675,88.47776,1.3715577,11.42395,95.32215,78.560585,2.1976295,0.7797087
23.5,121.5,2004-08-01,2004-08-15,14,25,24.24898,25.825542,23.039942,88.16562,1.5058682,9.682617,92.09735,82.169685,2.5155993,0.75352323
22.5,120.5,2004-08-01,2004-08-15,14,25,26.647924,28.200693,25.53901,86.925446,2.1648736,8.90625,91.593185,80.234436,3.1686988,1.32429
23.5,120.5,2004-08-01,2004-08-16,15,25,24.485218,26.701899,22.59128,88.72202,1.114064,11.766968,95.45801,79.84037,1.7672446,0.6314738
22.5,121.5,2004-08-01,2004-08-16,15,25,27.505999,28.319868,26.815235,85.31329,2.8365965,5.1324463,88.652794,81.50314,4.1959777,1.4783608
23.5,121.5,2004-08-01,2004-08-16,15,25,24.21137,25.531431,23.150122,88.01706,1.2154071,8.920288,92.03191,82.94298,2.0709984,0.5628285
24.5,120.5,2004-08-01,2004-08-16,15,25,26.71723,27.955873,25.712984,86.9624,2.4089403,6.8707275,91.81915,81.10546,3.5615609,1.4399238
24.5,121.5,2004-08-01,2004-08-16,15,25,23.41426,25.220415,21.920732,88.831375,1.200354,10.7092285,94.29148,81.1342,1.8032937,0.77071387
22.5,120.5,2004-08-01,2004-08-16,15,25,26.66557,28.128696,25.574951,86.558174,2.128142,8.8116455,91.281586,80.29073,3.0187376,1.3190144
22.5,121.5,2004-08-01,2004-08-17,16,25,27.552734,28.427637,26.823925,85.22294,3.09802,4.992676,88.54652,81.27666,4.2439895,1.7609878
23.5,121.5,2004-08-01,2004-08-17,16,25,24.229082,25.679262,23.14773,87.18162,1.3901826,7.8216553,91.23399,81.23355,2.2572622,0.6409915
23.5,120.5,2004-08-01,2004-08-17,16,25,24.494804,26.717554,22.672222,88.66121,1.1489592,9.164429,94.87651,79.647644,1.7371253,0.644984
24.5,120.5,2004-08-01,2004-08-17,16,25,26.800137,27.984,25.779097,86.50611,2.6591837,6.3598633,91.50558,81.03929,3.6201794,1.7657592
22.5,120.5,2004-08-01,2004-08-17,16,25,26.796543,28.364351,25.737612,85.97485,2.0297272,7.2686768,90.50575,78.998,2.8335934,1.3238164
24.5,121.5,2004-08-01,2004-08-17,16,25,23.3709,25.102633,21.92652,88.76712,1.3416595,10.325928,94.085945,82.08352,1.9712956,0.8012562
22.5,121.5,2004-08-01,2004-08-18,17,25,27.539427,28.287256,26.86417,85.36583,3.450358,5.2001953,88.59853,81.72029,4.6336946,2.1522844
24.5,121.5,2004-08-01,2004-08-18,17,25,23.465832,25.337042,21.911816,88.68764,1.3178811,7.984009,94.30546,81.19292,1.9893667,0.83333755
23.5,121.5,2004-08-01,2004-08-18,17,25,24.26429,25.6854,23.092958,87.63803,1.4613606,6.515503,91.93837,82.165665,2.3095734,0.7611239
23.5,120.5,2004-08-01,2004-08-18,17,25,24.593742,26.926573,22.699835,88.391205,1.1244981,7.227173,95.1254,78.60415,1.6635121,0.6607266
24.5,120.5,2004-08-01,2004-08-18,17,25,26.867981,28.095165,25.77624,86.80581,2.9078283,5.372925,92.11356,81.32983,4.08213,1.8616176
22.5,120.5,2004-08-01,2004-08-18,17,25,26.852728,28.34329,25.744019,85.76121,1.8643016,5.552368,90.70095,78.66047,2.7906523,1.1432873
24.5,120.5,2004-08-01,2004-08-19,18,25,26.843708,28.079346,25.789112,87.13351,2.5384154,6.078491,92.01123,81.39566,3.7310057,1.4165642
22.5,120.5,2004-08-01,2004-08-19,18,25,26.852634,28.560362,25.590767,85.53983,2.012976,6.303711,90.87166,77.937706,2.903632,1.177978
24.5,121.5,2004-08-01,2004-08-19,18,25,23.472263,25.481924,21.827017,88.50908,1.3735893,7.0788574,94.75498,80.61895,2.046691,0.7968628
23.5,121.5,2004-08-01,2004-08-19,18,25,24.246971,25.877705,22.981377,87.47523,1.4202034,7.7630615,91.74356,81.39028,2.2693353,0.75182724
23.5,120.5,2004-08-01,2004-08-19,18,25,24.520447,26.954737,22.492329,88.969505,1.1409794,10.266113,95.26767,79.9214,1.7550949,0.6777082
22.5,121.5,2004-08-01,2004-08-19,18,25,27.47531,28.299986,26.779297,85.478065,3.374383,6.055908,88.95766,81.53604,4.3703403,2.2207348
24.5,121.5,2004-08-01,2004-08-20,19,25,23.484482,25.624453,21.87505,87.7207,1.4557706,6.4990234,93.799736,78.91927,2.3351264,0.72055
22.5,121.5,2004-08-01,2004-08-20,19,25,27.503193,28.279102,26.896162,85.563255,3.817962,4.5092773,88.51769,81.89086,5.081696,2.5732868
24.5,120.5,2004-08-01,2004-08-20,19,25,26.820478,28.13455,25.67919,87.091064,2.74646,6.2664795,91.99106,81.61366,4.1010942,1.5504375
22.5,120.5,2004-08-01,2004-08-20,19,25,26.79165,28.301094,25.67872,85.84735,1.9375933,6.7608643,90.820625,78.81386,2.8704543,1.1861637
23.5,121.5,2004-08-01,2004-08-20,19,25,24.311163,25.986328,23.092012,87.2641,1.6241119,7.237549,91.85174,80.823044,2.5232127,0.8798483
23.5,120.5,2004-08-01,2004-08-20,19,25,24.518486,26.995,22.455006,88.60742,1.2275993,9.542236,95.49112,78.77939,2.0529153,0.5887197
24.5,121.5,2004-08-01,2004-08-21,20,25,23.444422,25.46877,21.805473,87.90782,1.5794581,14.532471,94.47296,79.36474,2.3746154,0.8491192
24.5,120.5,2004-08-01,2004-08-21,20,25,26.9478,28.429083,25.770317,86.34636,3.0473557,9.310303,91.66414,80.26625,4.4353933,1.7881795
23.5,121.5,2004-08-01,2004-08-21,20,25,24.450651,26.199394,23.168169,86.65228,1.780094,7.507324,91.85494,79.26949,2.8220708,0.9781405
22.5,120.5,2004-08-01,2004-08-21,20,25,26.935614,28.587753,25.711407,85.476074,1.8386,5.244751,90.8823,77.898605,3.045468,0.8420757
23.5,120.5,2004-08-01,2004-08-21,20,25,24.557976,27.179083,22.418285,88.12273,1.3414978,10.241089,95.33105,77.278336,2.161806,0.6356747
22.5,121.5,2004-08-01,2004-08-21,20,25,27.722292,28.614784,26.950045,85.13537,4.169386,3.7493896,88.561485,80.91475,5.6122036,2.8504565
24.5,121.5,2004-08-01,2004-08-22,21,25,23.520624,25.555449,21.898697,88.28191,1.6723568,7.2888184,94.28897,80.08675,2.6112375,0.936613
23.5,120.5,2004-08-01,2004-08-22,21,25,24.638731,27.251387,22.708311,88.46248,1.3872608,9.845581,94.91654,77.93099,2.2244925,0.7452989
24.5,120.5,2004-08-01,2004-08-22,21,25,27.085957,28.470387,25.937681,86.085304,3.351059,7.6879883,91.26455,80.05069,4.6332808,2.0253494
22.5,120.5,2004-08-01,2004-08-22,21,25,26.995039,28.614746,25.848076,85.76757,1.9489294,8.162231,90.8027,78.63674,3.016267,1.1037368
22.5,121.5,2004-08-01,2004-08-22,21,25,27.725292,28.518593,27.138643,85.43259,4.4957805,8.640747,88.46548,81.70313,5.6634264,3.1464996
23.5,121.5,2004-08-01,2004-08-22,21,25,24.388945,25.955137,23.260292,87.54162,1.8708252,8.1604,91.626,81.464264,2.7581093,1.0595114
24.5,121.5,2004-08-01,2004-08-23,22,25,23.670382,25.69233,22.044506,87.31054,1.9063046,8.660889,93.26067,79.56942,2.7585404,1.0947506
22.5,120.5,2004-08-01,2004-08-23,22,25,26.98327,28.536781,25.828398,86.25307,2.2241797,6.900635,91.30514,79.20573,3.099082,1.4274335
23.5,121.5,2004-08-01,2004-08-23,22,25,24.488037,26.027485,23.370073,87.00889,1.8487732,10.664673,91.11636,80.754555,2.8642712,0.9645919
24.5,120.5,2004-08-01,2004-08-23,22,25,27.151884,28.480688,25.967945,85.91118,3.1231918,4.5025635,90.782814,80.09927,4.436864,1.7826549
23.5,120.5,2004-08-01,2004-08-23,22,25,24.743114,27.258188,22.796381,88.18146,1.3688949,8.101196,94.84488,77.90604,2.0923133,0.7770771
22.5,121.5,2004-08-01,2004-08-23,22,25,27.72876,28.55793,27.058144,85.61774,4.2038455,7.0635986,88.664215,81.59055,5.5684505,2.6818259
22.5,121.5,2004-08-01,2004-08-24,23,25,27.601572,28.302452,26.95417,85.829346,4.197471,11.248169,88.60795,82.73808,5.560204,2.981879
23.5,120.5,2004-08-01,2004-08-24,23,25,24.654425,27.034418,22.681274,88.53812,1.3826092,13.135986,95.00352,78.735954,2.1032374,0.78450346
22.5,120.5,2004-08-01,2004-08-24,23,25,26.861378,28.188862,25.77041,86.469925,2.3646328,10.509644,90.63113,80.7731,3.3091745,1.4893466
23.5,121.5,2004-08-01,2004-08-24,23,25,24.42001,25.904184,23.221357,87.56819,1.7412261,13.479004,91.9999,81.532326,2.673794,0.98208845
24.5,121.5,2004-08-01,2004-08-24,23,25,23.522999,25.42278,22.028418,88.490685,1.9383091,12.895508,93.95029,81.016396,2.67607,1.2051667
24.5,120.5,2004-08-01,2004-08-24,23,25,27.044659,28.417152,25.959711,86.035645,3.1819978,8.206787,90.83433,80.15669,4.37024,1.9419427
23.5,120.5,2004-08-01,2004-08-25,24,25,24.545998,26.830595,22.691103,88.4118,1.4025452,16.107178,94.74041,79.23963,2.2638369,0.70755625
22.5,121.5,2004-08-01,2004-08-25,24,25,27.656292,28.483145,27.062485,85.24512,3.8975942,9.332275,88.10244,81.42092,5.2881665,2.4674404
24.5,121.5,2004-08-01,2004-08-25,24,25,23.514963,25.579887,21.903467,87.76089,1.989601,13.052368,93.98127,79.17462,2.7863686,1.2828147
24.5,120.5,2004-08-01,2004-08-25,24,25,26.860764,28.161383,25.743925,86.44532,2.8488367,9.9938965,91.00242,81.23004,4.1816754,1.4539499
23.5,121.5,2004-08-01,2004-08-25,24,25,24.317287,25.795439,23.197397,87.45807,1.555695,12.763672,91.52745,81.63563,2.4643521,0.8125976
22.5,120.5,2004-08-01,2004-08-25,24,25,26.809338,28.312939,25.713604,86.4426,2.3423996,13.290405,90.98575,79.8785,3.2847936,1.5215641
22.5,121.5,2004-08-01,2004-08-26,25,25,27.610378,28.453804,26.937563,84.91599,3.7334838,5.302124,88.17565,81.04046,4.9140434,2.4319525
23.5,120.5,2004-08-01,2004-08-26,25,25,24.404577,26.876297,22.494057,88.89627,1.3743309,9.867554,95.25638,78.80512,2.140407,0.78803694
22.5,120.5,2004-08-01,2004-08-26,25,25,26.745281,28.396141,25.512651,86.33331,2.210025,9.952393,91.17769,78.98259,2.9902885,1.4041415
23.5,121.5,2004-08-01,2004-08-26,25,25,24.321589,25.840515,23.19648,86.626434,1.4292754,7.5549316,91.03712,80.16439,2.249917,0.66774863
24.5,120.5,2004-08-01,2004-08-26,25,25,26.871239,28.147606,25.819761,86.106445,3.0027578,6.64917,90.861046,80.49828,4.259773,1.7682662
24.5,121.5,2004-08-01,2004-08-26,25,25,23.374773,25.265749,21.85109,87.67875,1.556126,9.882202,93.596535,79.64287,2.3167036,0.8535565
23.5,120.5,2004-08-01,2004-08-27,26,25,24.413399,26.67379,22.547989,88.469345,1.4500816,13.500977,94.71952,79.18698,2.2390862,0.79847777
22.5,121.5,2004-08-01,2004-08-27,26,25,27.393007,28.05829,26.801332,85.51745,4.325799,10.145264,88.63658,82.07968,5.4390697,3.1618152
23.5,121.5,2004-08-01,2004-08-27,26,25,24.231445,25.578062,23.140976,87.20971,1.7647438,12.159424,91.91878,81.11014,2.5852315,1.0480715
22.5,120.5,2004-08-01,2004-08-27,26,25,26.69412,28.144175,25.55874,86.33359,2.115811,12.103882,91.3737,79.78322,3.002621,1.2094883
24.5,120.5,2004-08-01,2004-08-27,26,25,26.805214,28.067226,25.799223,86.330414,3.097337,8.942261,90.72189,80.79207,4.1601596,1.9890077
24.5,121.5,2004-08-01,2004-08-27,26,25,23.292988,25.131601,21.79355,88.38163,1.636528,13.032227,94.40005,80.448746,2.3777556,0.98739463
22.5,121.5,2004-08-01,2004-08-28,27,25,27.451714,28.143467,26.832256,85.62421,4.101117,11.2109375,88.38512,82.200745,5.3786526,2.77125
23.5,120.5,2004-08-01,2004-08-28,27,25,24.4623,26.711899,22.71922,88.413826,1.4947476,13.9123535,94.37862,79.233406,2.402501,0.8167147
22.5,120.5,2004-08-01,2004-08-28,27,25,26.683218,28.13557,25.653921,86.541306,2.4481552,17.01294,90.83422,80.13037,3.3292649,1.5770534
24.5,121.5,2004-08-01,2004-08-28,27,25,23.209877,24.977222,21.773134,89.00957,1.8781682,14.751587,94.571945,81.4809,2.7398114,1.1251308
23.5,121.5,2004-08-01,2004-08-28,27,25,24.202944,25.555025,23.11147,87.86226,1.9974283,15.986328,92.40425,81.85832,2.845814,1.2762722
24.5,120.5,2004-08-01,2004-08-28,27,25,26.819918,28.15768,25.678125,86.322365,2.953341,9.23645,91.04781,80.47946,4.413467,1.5823736
23.5,120.5,2004-08-01,2004-08-29,28,25,24.385715,26.602793,22.585386,88.565475,1.689032,16.322632,94.384415,79.81381,2.626384,1.0029857
22.5,121.5,2004-08-01,2004-08-29,28,25,27.346146,28.097374,26.695967,85.885956,4.2631726,12.269287,88.87498,82.3793,5.663282,2.6156745
23.5,121.5,2004-08-01,2004-08-29,28,25,24.141985,25.504356,23.106508,88.316826,1.898175,13.592529,92.11314,82.64495,2.6953387,1.197175
22.5,120.5,2004-08-01,2004-08-29,28,25,26.526281,28.015522,25.365541,87.145294,2.6031497,17.515259,91.85616,80.81048,3.6720548,1.6068588
24.5,121.5,2004-08-01,2004-08-29,28,25,23.363802,25.26756,21.96812,88.68142,1.7396948,11.518555,93.97193,80.85698,2.5981133,1.0046182
24.5,120.5,2004-08-01,2004-08-29,28,25,26.822142,28.018501,25.859629,85.99875,3.2749822,11.124878,90.51364,80.35146,4.6624694,1.9101562
22.5,121.5,2004-08-01,2004-08-30,29,25,27.454433,28.207726,26.833569,85.69327,4.9929967,13.977051,88.46062,82.00348,6.4874477,3.2850196
23.5,120.5,2004-08-01,2004-08-30,29,25,24.470274,26.710806,22.694883,88.177956,1.655643,14.847412,94.33713,78.9586,2.5230587,0.8503976
24.5,120.5,2004-08-01,2004-08-30,29,25,26.869024,28.020727,25.86432,85.51182,3.6470966,9.074707,89.96731,80.15285,4.872365,2.4098344
22.5,120.5,2004-08-01,2004-08-30,29,25,26.668692,28.110712,25.581636,86.615524,2.6439764,17.108765,91.170235,80.394806,3.7096143,1.6256748
24.5,121.5,2004-08-01,2004-08-30,29,25,23.276073,25.04435,21.858267,88.51974,1.9217342,12.834473,94.01928,80.41209,2.7274184,1.1594961
23.5,121.5,2004-08-01,2004-08-30,29,25,24.250137,25.770025,23.08918,87.60044,2.2614424,13.138428,91.384636,81.54836,3.2238266,1.4094734
23.5,121.5,2004-08-01,2004-08-31,30,25,24.072735,25.257315,23.113663,88.20297,2.5384524,18.682861,91.929855,83.5226,3.4262621,1.6146088
22.5,121.5,2004-08-01,2004-08-31,30,25,27.322695,27.965029,26.76754,85.74969,5.816413,15.080566,88.38499,82.96815,6.9690895,4.4445305
22.5,120.5,2004-08-01,2004-08-31,30,25,26.561758,27.978325,25.574717,86.84744,3.2227142,19.980469,90.97336,80.66543,4.4996047,1.987547
24.5,120.5,2004-08-01,2004-08-31,30,25,26.874336,28.200928,25.804228,85.47423,4.3238134,9.993286,90.22353,79.72718,5.7169867,3.0236077
23.5,120.5,2004-08-01,2004-08-31,30,25,24.415155,26.590181,22.859692,88.47361,1.9376836,17.022705,93.97597,79.90922,2.6954505,1.2871749
24.5,121.5,2004-08-01,2004-08-31,30,25,23.268536,25.066513,21.904945,88.382965,2.2826645,13.571167,93.848495,80.9964,3.1174493,1.4328254
24.5,121.5,2004-08-01,2004-09-01,31,25,23.190659,24.96541,21.795216,88.194786,2.5383708,20.477295,93.33239,81.373405,3.5185156,1.4995896
23.5,120.5,2004-08-01,2004-09-01,31,25,24.178041,26.210255,22.477514,88.03896,2.2317677,21.02295,93.26039,80.846725,3.1044264,1.4532073
22.5,121.5,2004-08-01,2004-09-01,31,25,27.295425,27.964663,26.663155,85.75272,5.848859,14.538574,88.594215,82.53153,7.6049123,4.110359
22.5,120.5,2004-08-01,2004-09-01,31,25,26.408335,27.710434,25.373081,86.800674,3.225282,17.148438,90.71035,81.096436,4.5161147,2.0549474
24.5,120.5,2004-08-01,2004-09-01,31,25,26.68068,27.896172,25.747461,85.92285,4.3338013,13.857422,89.81909,81.25405,5.917341,2.835402
23.5,121.5,2004-08-01,2004-09-01,31,25,24.082457,25.434748,22.959955,87.69605,2.775092,22.449951,91.86401,82.599396,3.8277955,1.7746807
22.5,120.5,2004-08-01,2004-09-02,32,25,26.376432,27.696096,25.402563,86.92379,3.0611854,21.986084,90.80879,81.3942,3.953869,2.2153504
24.5,120.5,2004-08-01,2004-09-02,32,25,26.594694,27.802866,25.636866,85.77992,4.5848193,14.661865,90.05524,80.375114,6.02927,3.178858
23.5,120.5,2004-08-01,2004-09-02,32,25,24.1186,26.100159,22.563232,88.67327,2.1015484,21.948242,94.01689,80.49902,2.9771976,1.4126514
22.5,121.5,2004-08-01,2004-09-02,32,25,27.211472,27.828415,26.672852,85.81821,5.6789455,14.8376465,88.744484,82.426834,7.079452,4.248775
24.5,121.5,2004-08-01,2004-09-02,32,25,23.080437,24.956749,21.717276,88.17132,2.4364977,21.313477,93.59601,80.59079,3.3608499,1.6243085
23.5,121.5,2004-08-01,2004-09-02,32,25,23.998913,25.35343,22.901514,87.794586,2.7070084,19.368896,91.95731,82.23588,3.806819,1.715186
23.5,121.5,2004-08-01,2004-09-03,33,25,23.99236,25.485123,22.882706,88.14844,2.5308416,14.490967,92.24184,82.96072,3.6630285,1.5019864
23.5,120.5,2004-08-01,2004-09-03,33,25,24.092476,26.110586,22.489107,88.47666,1.9807765,19.047852,93.630714,80.670135,2.9361193,1.2658353
22.5,121.5,2004-08-01,2004-09-03,33,25,27.117456,27.825777,26.60769,86.113594,5.659749,11.070557,88.942184,82.42127,6.952974,4.1561003
24.5,121.5,2004-08-01,2004-09-03,33,25,23.083258,24.917622,21.669165,88.643654,2.3141139,12.542725,93.78979,81.440025,3.1015043,1.5092884
24.5,120.5,2004-08-01,2004-09-03,33,25,26.655483,27.88064,25.683256,85.33932,4.357395,8.049316,89.7694,80.39732,5.9681673,3.0095062
22.5,120.5,2004-08-01,2004-09-03,33,25,26.231167,27.404654,25.34329,87.181335,2.930802,18.22998,90.91002,81.9728,3.968218,1.8325713
24.5,120.5,2004-08-01,2004-09-04,34,25,26.509233,27.628086,25.575787,85.885345,3.508524,12.545166,89.70044,81.17122,4.8095665,2.230488
22.5,120.5,2004-08-01,2004-09-04,34,25,26.444155,27.75307,25.376392,86.66818,2.6330078,12.510986,91.17385,80.35347,3.6100256,1.686219
24.5,121.5,2004-08-01,2004-09-04,34,25,23.050835,24.915415,21.551855,88.26124,2.0421114,20.40039,93.53238,80.93757,2.7228332,1.3444619
22.5,121.5,2004-08-01,2004-09-04,34,25,27.193785,28.008007,26.447393,86.24323,5.1530485,11.737061,89.48421,82.779366,6.554353,3.6139355
23.5,120.5,2004-08-01,2004-09-04,34,25,24.141148,26.330137,22.230015,88.218605,1.6147754,16.312256,94.25238,79.78631,2.33408,0.926852
23.5,121.5,2004-08-01,2004-09-04,34,25,23.898823,25.434507,22.626137,88.169464,2.2349024,15.461426,92.47543,82.57409,3.0911999,1.3777292
22.5,121.5,2004-08-01,2004-09-05,35,25,27.173565,27.897036,26.52437,85.382195,4.3956237,10.9313965,88.58929,82.048584,5.663452,3.1972373
24.5,121.5,2004-08-01,2004-09-05,35,25,23.003681,24.984386,21.497177,87.86,1.9894838,14.838867,93.7079,79.60572,2.7231667,1.3724599
23.5,121.5,2004-08-01,2004-09-05,35,25,23.916553,25.426888,22.820112,87.28675,2.1181214,12.076416,91.24913,81.215775,3.088222,1.2673279
23.5,120.5,2004-08-01,2004-09-05,35,25,24.179522,26.640596,22.319365,88.15049,1.4785634,14.226074,94.835754,77.922615,2.2343307,0.82112956
22.5,120.5,2004-08-01,2004-09-05,35,25,26.478544,28.021809,25.356329,85.943016,2.3007436,10.985107,90.22985,79.17051,3.169218,1.4956203
24.5,120.5,2004-08-01,2004-09-05,35,25,26.499912,27.801603,25.421602,85.77332,3.2513628,13.208008,90.75123,79.9354,4.4382386,1.9241165
22.5,120.5,2004-08-01,2004-09-06,36,25,26.350641,27.823303,25.343565,85.88423,2.4552581,12.17041,90.509026,79.3876,3.3267636,1.7107854
24.5,120.5,2004-08-01,2004-09-06,36,25,26.505623,27.82614,25.40276,85.19992,3.5291657,7.2753906,90.29501,79.0043,4.750487,2.3123488
24.5,121.5,2004-08-01,2004-09-06,36,25,22.92742,25.044655,21.341703,87.34842,2.2336676,9.223633,93.59376,78.165825,3.0410638,1.4812549
22.5,121.5,2004-08-01,2004-09-06,36,25,27.14695,27.80113,26.578209,85.07666,4.577778,9.844971,87.99002,81.80825,5.9155746,3.427279
23.5,120.5,2004-08-01,2004-09-06,36,25,24.043434,26.335644,22.192432,87.915665,1.5865365,14.127197,94.45634,78.83663,2.3615522,0.9540662
23.5,121.5,2004-08-01,2004-09-06,36,25,23.913923,25.500359,22.854116,86.52169,2.3286576,11.092529,90.83981,80.377914,3.354644,1.4892071
23.5,121.5,2004-08-01,2004-09-07,37,25,23.932005,25.671415,22.687202,85.93185,1.9909875,5.67749,91.01828,78.32454,2.8846369,1.1497853
23.5,120.5,2004-08-01,2004-09-07,37,25,24.034758,26.565166,22.019356,87.91958,1.449052,6.8103027,95.24629,77.16541,2.2919226,0.7775595
24.5,121.5,2004-08-01,2004-09-07,37,25,22.939133,25.100245,21.333574,87.07895,2.0706906,5.628662,93.68608,77.22169,2.8602598,1.4559401
22.5,121.5,2004-08-01,2004-09-07,37,25,27.155207,27.89105,26.539282,84.541916,4.1170278,6.42334,87.510475,80.71543,5.261347,2.8280773
22.5,120.5,2004-08-01,2004-09-07,37,25,26.429367,28.021734,25.356386,85.04377,2.2067566,5.5651855,89.606895,77.18781,2.9637198,1.411152
24.5,120.5,2004-08-01,2004-09-07,37,25,26.479641,27.821339,25.407232,85.15005,3.8174744,3.914795,90.04879,79.125145,5.0390234,2.7102964
24.5,120.5,2004-08-01,2004-09-08,38,25,26.456781,27.85895,25.322485,85.34242,3.4037533,3.302002,90.3734,78.75946,4.578899,2.1747713
22.5,120.5,2004-08-01,2004-09-08,38,25,26.531567,28.28378,25.313608,84.37155,2.1574073,4.5129395,89.69144,75.56351,3.0179346,1.3289459
24.5,121.5,2004-08-01,2004-09-08,38,25,22.948872,25.129498,21.34016,87.00196,1.8983941,4.4177246,93.0905,77.60843,2.6268442,1.2159476
22.5,121.5,2004-08-01,2004-09-08,38,25,27.195044,27.974272,26.534063,84.82901,4.3145823,6.2145996,87.89091,80.967415,5.2497563,3.373608
23.5,120.5,2004-08-01,2004-09-08,38,25,24.055103,26.877075,21.947071,87.71128,1.4788079,6.8811035,95.05785,75.75601,2.2518902,0.8226421
23.5,121.5,2004-08-01,2004-09-08,38,25,23.895239,25.686762,22.676914,86.2343,1.8209529,4.918213,90.83731,78.88289,2.6412704,1.0707645
22.5,120.5,2004-08-01,2004-09-09,39,25,26.510859,28.353735,25.268808,84.37765,2.2021093,5.900879,90.22541,75.20183,2.9379044,1.5408467
22.5,121.5,2004-08-01,2004-09-09,39,25,27.16127,28.001938,26.473955,84.656296,4.7634487,6.2976074,88.26002,80.28074,5.950305,3.594756
24.5,121.5,2004-08-01,2004-09-09,39,25,22.885254,25.097876,21.096962,87.365685,1.9760642,8.791504,94.0646,78.31856,2.9032822,1.1504663
23.5,120.5,2004-08-01,2004-09-09,39,25,24.072363,26.827095,22.108965,87.96231,1.4636366,9.04541,94.84566,76.60169,2.1168122,0.84090877
24.5,120.5,2004-08-01,2004-09-09,39,25,26.522305,27.961157,25.266075,85.86592,3.5942736,6.1743164,91.08675,79.87539,4.880923,2.2159681
23.5,121.5,2004-08-01,2004-09-09,39,25,23.914883,25.601158,22.669361,85.631035,2.0079415,6.6503906,91.120895,78.10351,2.757717,1.2995497
23.5,121.5,2004-08-01,2004-09-10,40,25,23.816757,25.37983,22.717173,86.37419,2.5567484,7.5976562,90.95254,79.28102,3.3245497,1.7390689
23.5,120.5,2004-08-01,2004-09-10,40,25,23.890234,26.46772,21.88186,88.46618,1.5506576,7.0947266,95.329056,77.85362,2.235794,0.8611981
24.5,120.5,2004-08-01,2004-09-10,40,25,26.4275,27.885498,25.364931,85.54624,4.1073575,7.1777344,90.24042,78.915726,5.599095,2.5846992
22.5,121.5,2004-08-01,2004-09-10,40,25,27.088047,27.804907,26.538853,85.219215,5.603989,9.907227,87.9877,81.7069,6.7479053,4.305557
22.5,120.5,2004-08-01,2004-09-10,40,25,26.399042,28.008814,25.219595,85.13341,2.190866,6.1828613,90.39536,77.11437,2.8448057,1.4169858
24.5,121.5,2004-08-01,2004-09-10,40,25,22.6858,24.658188,21.181875,87.52023,2.2436957,11.876221,93.55124,78.35768,3.0562134,1.4787539
22.5,121.5,2004-08-01,2004-09-11,41,25,27.29525,28.077997,26.635927,84.90284,5.9751873,7.9577637,88.22786,80.843506,6.9198327,5.0533814
24.5,121.5,2004-08-01,2004-09-11,41,25,22.82224,24.936401,21.237627,87.46289,2.318675,9.161377,93.9525,78.39862,3.2625363,1.5255946
22.5,120.5,2004-08-01,2004-09-11,41,25,26.539488,28.219995,25.373022,85.51214,2.1243224,6.63208,90.608246,77.28232,3.0125,1.2805314
24.5,120.5,2004-08-01,2004-09-11,41,25,26.484428,27.972475,25.384111,85.7237,4.4729424,4.822998,90.33017,79.651535,5.951233,3.0557966
23.5,120.5,2004-08-01,2004-09-11,41,25,23.981714,26.708668,22.088282,88.654335,1.738392,8.062744,94.74663,77.98998,2.5647745,1.0313567
23.5,121.5,2004-08-01,2004-09-11,41,25,23.90441,25.626947,22.737793,86.551025,2.6988747,9.182129,91.37162,79.32313,3.4247897,1.9721467
23.5,121.5,2004-08-01,2004-09-12,42,25,24.046526,26.017773,22.652739,86.743546,2.7947512,9.0625,92.22207,78.22837,3.7341719,2.0110192
22.5,121.5,2004-08-01,2004-09-12,42,25,27.242815,28.06004,26.571339,85.589294,5.699316,11.856689,88.752174,81.79905,6.7045336,4.5467796
24.5,120.5,2004-08-01,2004-09-12,42,25,26.564085,28.127901,25.443876,85.44449,4.3954563,4.675293,90.07795,78.60788,5.801224,2.9842103
23.5,120.5,2004-08-01,2004-09-12,42,25,24.136702,27.058867,22.061094,87.91061,1.7182087,7.9211426,95.05569,75.71134,2.685026,0.8947549
22.5,120.5,2004-08-01,2004-09-12,42,25,26.562405,28.283789,25.401064,85.37727,2.1354568,6.184082,90.57599,76.91979,3.1542954,1.2244141
24.5,121.5,2004-08-01,2004-09-12,42,25,22.97713,25.12582,21.461748,88.00632,2.2118506,8.504639,94.399826,78.0543,3.1965406,1.4742154
22.5,120.5,2004-08-01,2004-09-13,43,25,26.559633,28.183115,25.311274,84.97549,2.007692,5.411377,90.38547,77.06174,2.9611905,1.13238
22.5,121.5,2004-08-01,2004-09-13,43,25,27.13813,27.894722,26.453379,85.88204,5.290892,11.484375,88.773224,82.28496,6.653257,3.973027
23.5,120.5,2004-08-01,2004-09-13,43,25,24.051567,26.802876,21.901827,88.21826,1.4939108,7.9589844,95.168884,76.806,2.1449947,0.92218393
24.5,120.5,2004-08-01,2004-09-13,43,25,26.561079,28.126318,25.387861,85.52111,4.2445397,5.67749,90.46158,78.88555,5.7336836,2.7504482
24.5,121.5,2004-08-01,2004-09-13,43,25,22.82774,24.930376,21.299326,88.22063,2.1675978,13.387451,94.14452,79.08444,2.9859872,1.464884
23.5,121.5,2004-08-01,2004-09-13,43,25,23.808716,25.588657,22.54352,87.460335,2.3928623,13.165283,91.952805,80.164536,3.1536365,1.6167599
24.5,121.5,2004-08-01,2004-09-14,44,25,22.926104,24.983204,21.492638,88.30074,2.1854312,9.9157715,93.87722,80.12609,3.0845501,1.4514558
22.5,120.5,2004-08-01,2004-09-14,44,25,26.471474,28.01703,25.455454,85.56533,2.1514719,7.125244,90.36992,78.02529,3.020097,1.301615
23.5,120.5,2004-08-01,2004-09-14,44,25,24.128115,26.69125,22.349087,88.46998,1.4303231,7.338867,94.66871,78.21358,2.0946636,0.78531647
22.5,121.5,2004-08-01,2004-09-14,44,25,27.106358,27.828726,26.485586,85.942566,4.8310146,9.959717,89.097946,82.58246,5.8230367,3.756858
23.5,121.5,2004-08-01,2004-09-14,44,25,23.828838,25.332344,22.792017,87.69674,2.2023668,9.761963,91.94782,81.91394,2.9128797,1.5056568
24.5,120.5,2004-08-01,2004-09-14,44,25,26.588661,28.055079,25.514395,85.86334,3.7582328,6.3269043,90.64515,79.70518,5.0727906,2.5386477
24.5,121.5,2004-08-01,2004-09-15,45,25,22.856653,24.61963,21.555723,88.40582,2.5041716,18.389893,93.22797,81.14585,3.4680266,1.6852058
22.5,121.5,2004-08-01,2004-09-15,45,25,27.114407,27.812551,26.470615,85.59975,4.8196583,9.707031,88.4625,82.28051,5.929917,3.4280932
23.5,121.5,2004-08-01,2004-09-15,45,25,23.875774,25.336271,22.783466,87.42909,2.312057,11.9140625,91.24473,81.77998,3.1223109,1.4193436
22.5,120.5,2004-08-01,2004-09-15,45,25,26.412746,27.846506,25.346601,85.82236,2.399219,10.174561,90.44298,78.99617,3.218762,1.6394614
24.5,120.5,2004-08-01,2004-09-15,45,25,26.437122,27.597523,25.47665,85.95251,3.8568985,14.51416,90.10684,80.58222,5.183885,2.538974
23.5,120.5,2004-08-01,2004-09-15,45,25,24.098722,26.399475,22.34167,88.72912,1.5263083,15.498047,94.90887,79.2819,2.3024142,0.9073952
22.5,121.5,2004-08-01,2004-09-16,46,25,27.028017,27.699932,26.392149,84.99704,5.099272,8.857422,87.95797,81.96541,6.196585,3.9531045
23.5,121.5,2004-08-01,2004-09-16,46,25,23.817411,25.273071,22.713877,86.34417,2.5150301,7.3901367,90.735306,80.67013,3.3489518,1.7229425
23.5,120.5,2004-08-01,2004-09-16,46,25,23.939384,26.213617,22.101059,88.13286,1.8672563,10.358887,94.33438,78.597206,2.8855698,1.1965132
24.5,121.5,2004-08-01,2004-09-16,46,25,22.658585,24.669518,21.11981,87.7961,2.310969,8.0529785,93.210106,79.574814,3.1630387,1.5936581
22.5,120.5,2004-08-01,2004-09-16,46,25,26.373018,27.900108,25.206358,85.29688,2.2711911,9.625244,90.10243,78.27041,3.0927644,1.5030154
24.5,120.5,2004-08-01,2004-09-16,46,25,26.27079,27.45729,25.27648,85.09982,4.210709,4.848633,89.386116,79.56928,5.621744,2.8332193
23.5,120.5,2004-08-01,2004-09-17,47,25,23.979708,26.659073,22.102076,87.2336,1.8366935,6.73584,93.87245,76.36336,2.853614,0.95488364
22.5,120.5,2004-08-01,2004-09-17,47,25,26.26789,27.872803,25.136293,85.296906,2.097553,7.989502,89.9814,77.4893,2.8826828,1.3739127
24.5,120.5,2004-08-01,2004-09-17,47,25,26.299786,27.735323,25.177944,83.525955,4.8760624,4.822998,88.25793,77.65489,6.22557,3.3605964
24.5,121.5,2004-08-01,2004-09-17,47,25,22.594765,24.718447,21.0977,86.97387,2.5774689,11.051025,93.4064,77.8203,3.6253283,1.6292725
22.5,121.5,2004-08-01,2004-09-17,47,25,26.984688,27.684507,26.391436,84.53847,5.312472,8.1311035,87.79304,80.96756,6.493727,4.00644
23.5,121.5,2004-08-01,2004-09-17,47,25,23.847597,25.60462,22.68715,85.86641,2.6698773,8.493652,90.959724,78.61099,3.593274,1.7165227
22.5,120.5,2004-08-01,2004-09-18,48,25,26.275728,27.903955,25.120258,84.91442,2.2990136,6.899414,89.817406,77.34016,3.2012622,1.59203
23.5,121.5,2004-08-01,2004-09-18,48,25,23.65524,25.082748,22.618847,87.39844,2.8137872,13.571777,91.66664,81.44471,3.5888522,1.9267138
24.5,120.5,2004-08-01,2004-09-18,48,25,26.058832,27.229652,25.21768,84.62077,5.4463015,7.738037,89.00493,79.19028,6.9490747,3.77364
23.5,120.5,2004-08-01,2004-09-18,48,25,23.692446,26.123253,21.925621,88.345505,1.9527515,9.813232,94.76155,78.1179,2.8407967,1.300886
24.5,121.5,2004-08-01,2004-09-18,48,25,22.331314,24.036299,21.107271,88.88858,2.68852,18.775635,93.49861,81.82197,3.5848894,1.8530378
22.5,121.5,2004-08-01,2004-09-18,48,25,27.028383,27.692001,26.461964,85.04866,5.566454,9.61792,87.85125,81.704315,6.7489986,4.363707
24.5,120.5,2004-08-01,2004-09-19,49,25,26.023653,27.20787,25.099209,83.80824,6.1752925,12.570801,87.93705,78.521805,7.56658,4.654762
23.5,120.5,2004-08-01,2004-09-19,49,25,23.661133,25.91601,22.021914,88.285355,2.0821774,13.292236,94.20786,78.85497,2.8515272,1.4526579
22.5,121.5,2004-08-01,2004-09-19,49,25,26.841328,27.441069,26.2633,84.926544,6.2487316,11.934814,88.13474,81.821686,7.220434,5.0672374
22.5,120.5,2004-08-01,2004-09-19,49,25,26.154491,27.448828,25.125263,84.825134,2.3854094,8.171387,89.71294,78.18124,2.9923208,1.7990139
24.5,121.5,2004-08-01,2004-09-19,49,25,22.159063,23.806528,20.952974,88.48639,2.881269,26.230469,93.11653,81.944824,3.9208174,1.8556522
23.5,121.5,2004-08-01,2004-09-19,49,25,23.536133,24.905855,22.482172,87.02612,2.9953878,15.142822,91.075516,82.092606,3.8690503,2.035675
23.5,121.5,2004-08-01,2004-09-20,50,25,23.37297,24.635029,22.460772,86.894295,3.0057034,13.583984,90.53836,81.65787,3.7503464,2.2472086
24.5,121.5,2004-08-01,2004-09-20,50,25,22.003674,23.631874,20.811655,88.25759,2.864433,20.194092,93.18957,81.5138,3.7211032,2.0886495
22.5,120.5,2004-08-01,2004-09-20,50,25,26.040003,27.48816,25.04209,85.06892,2.7539408,9.573975,89.38015,77.75726,3.5450416,2.02115
22.5,121.5,2004-08-01,2004-09-20,50,25,26.752972,27.291817,26.238716,84.3214,6.14192,11.092529,87.13786,81.27728,7.3517127,4.982554
24.5,120.5,2004-08-01,2004-09-20,50,25,25.864319,27.03078,24.978584,83.47019,6.306786,12.720947,87.56895,78.53483,7.4902234,4.9775705
23.5,120.5,2004-08-01,2004-09-20,50,25,23.55766,25.826406,21.916948,88.11572,2.280388,12.2229,94.04304,78.464645,3.2019148,1.5203149
22.5,121.5,2004-08-01,2004-09-21,51,25,26.905,27.657843,26.279882,83.70746,5.7439113,5.822754,87.29257,79.73062,7.0458803,4.3376274
22.5,120.5,2004-08-01,2004-09-21,51,25,25.976328,27.443995,24.869116,85.00655,2.589953,5.5041504,90.016624,78.24937,3.3638446,1.8333273
24.5,121.5,2004-08-01,2004-09-21,51,25,22.014454,23.78777,20.828945,88.178505,2.9531393,21.674805,93.43508,80.54437,3.8195183,2.127477
23.5,121.5,2004-08-01,2004-09-21,51,25,23.538359,25.08231,22.527826,86.11945,2.7867434,11.672363,90.514984,79.61626,3.733841,1.9780673
23.5,120.5,2004-08-01,2004-09-21,51,25,23.524317,25.888325,21.769434,87.81856,2.2376728,7.866211,93.857864,78.269196,3.2771518,1.4600133
24.5,120.5,2004-08-01,2004-09-21,51,25,25.789804,26.974316,24.926441,83.23517,6.2888093,8.540039,87.36629,78.00497,7.4977903,4.951132
24.5,120.5,2004-08-01,2004-09-22,52,25,25.782976,26.876215,24.905596,83.579384,6.789696,5.1208496,87.03352,79.162834,8.144749,5.185938
23.5,120.5,2004-08-01,2004-09-22,52,25,23.531706,25.894093,21.842613,87.74991,2.310697,7.055664,93.951866,78.66726,3.5191927,1.4475839
23.5,121.5,2004-08-01,2004-09-22,52,25,23.550964,24.914013,22.558203,86.07715,3.2846396,13.240967,89.993614,81.253204,4.159462,2.4470491
24.5,121.5,2004-08-01,2004-09-22,52,25,21.974812,23.399483,20.873003,88.4772,3.1255283,16.19751,92.62288,82.8922,4.0235596,2.2761261
22.5,120.5,2004-08-01,2004-09-22,52,25,26.095085,27.652372,24.989565,84.65677,2.4395225,7.2521973,89.60562,77.49249,3.3546064,1.4444767
22.5,121.5,2004-08-01,2004-09-22,52,25,26.949383,27.594976,26.347519,83.39131,6.005948,11.669922,86.33293,79.97024,7.1800094,4.8069363
23.5,120.5,2004-08-01,2004-09-23,53,25,23.6529,25.940903,21.889023,87.643036,2.0811274,8.260498,93.96899,78.34797,3.0472817,1.3602906
24.5,120.5,2004-08-01,2004-09-23,53,25,26.004911,27.215513,25.061914,83.3412,6.7135744,5.9228516,87.258766,78.742615,7.989251,5.2598877
24.5,121.5,2004-08-01,2004-09-23,53,25,22.004501,23.616217,20.815758,88.75087,3.227659,17.670898,93.437386,82.43064,4.062937,2.3795228
23.5,121.5,2004-08-01,2004-09-23,53,25,23.360283,24.702232,22.333546,87.039,3.2675016,20.615234,91.08623,82.06031,4.007561,2.5291317
22.5,121.5,2004-08-01,2004-09-23,53,25,26.824034,27.49337,26.216675,84.40474,6.492308,15.279541,87.6552,80.52831,7.727302,5.2697926
22.5,120.5,2004-08-01,2004-09-23,53,25,25.971163,27.336529,24.994257,85.02695,2.4419687,9.770508,89.22525,78.52668,3.493602,1.5701087
23.5,121.5,2004-08-01,2004-09-24,54,25,23.33529,24.808218,22.33496,86.5946,2.9665985,11.126709,89.96189,81.295105,3.7144058,2.1955857
24.5,121.5,2004-08-01,2004-09-24,54,25,22.03111,23.827436,20.791582,88.11043,2.8023188,10.050049,92.77277,80.996925,3.6798093,1.9929783
22.5,120.5,2004-08-01,2004-09-24,54,25,26.038729,27.55814,24.992626,84.67374,2.8300333,10.491943,89.24842,77.34359,3.8350976,1.7891736
22.5,121.5,2004-08-01,2004-09-24,54,25,26.80533,27.473965,26.183369,84.06792,6.227256,11.029053,87.006256,81.058205,7.5334406,4.8811345
24.5,120.5,2004-08-01,2004-09-24,54,25,25.913826,27.268843,24.845156,83.808586,5.4394765,7.1765137,88.38239,78.14026,6.712917,4.124792
23.5,120.5,2004-08-01,2004-09-24,54,25,23.598766,26.137827,21.893799,87.6531,1.8345433,10.947266,93.83454,77.58123,2.7697353,1.0979842
22.5,121.5,2004-08-01,2004-09-25,55,25,27.007196,27.691563,26.410976,82.56641,6.472523,5.8166504,85.67,79.35503,7.583501,5.1570125
22.5,120.5,2004-08-01,2004-09-25,55,25,26.11962,27.83606,24.93078,83.85017,2.2857866,4.7460938,89.21679,75.73582,3.216263,1.473067
24.5,120.5,2004-08-01,2004-09-25,55,25,25.858427,27.119932,24.898666,82.956055,5.3912244,4.592285,87.329865,77.147736,6.8914385,3.6742566
23.5,120.5,2004-08-01,2004-09-25,55,25,23.569893,26.238325,21.644575,86.95749,1.7854997,7.059326,93.78812,76.19919,2.8833215,1.0396676
23.5,121.5,2004-08-01,2004-09-25,55,25,23.468565,25.124496,22.303116,85.24913,3.0965784,6.4697266,89.8281,78.8741,3.9574902,2.2063398
24.5,121.5,2004-08-01,2004-09-25,55,25,22.033232,23.818932,20.743324,87.02917,2.6811504,7.8015137,91.93356,79.63962,3.7709708,1.6951828
22.5,120.5,2004-08-01,2004-09-26,56,25,26.007053,27.666328,24.820522,84.155556,1.8909334,4.543457,89.81099,75.697784,2.8657997,1.122456
23.5,120.5,2004-08-01,2004-09-26,56,25,23.544807,26.30461,21.63437,86.86421,1.7936337,6.9763184,94.30407,75.07895,2.8692722,0.9800017
24.5,120.5,2004-08-01,2004-09-26,56,25,25.827015,27.191378,24.814215,82.24483,5.3660088,3.4680176,87.00345,76.33204,6.57166,4.032483
24.5,121.5,2004-08-01,2004-09-26,56,25,22.071838,24.033516,20.70275,86.44117,2.6856527,7.2192383,91.942345,78.17136,3.5416927,1.7874545
23.5,121.5,2004-08-01,2004-09-26,56,25,23.527815,25.233593,22.402939,84.3863,3.068295,5.1623535,89.19973,77.11578,3.7449374,2.2756763
22.5,121.5,2004-08-01,2004-09-26,56,25,26.964632,27.677916,26.363863,81.950745,6.118013,5.0439453,84.8457,78.2568,7.255234,4.9257317
24.5,121.5,2004-08-01,2004-09-27,57,25,21.734716,23.562841,20.365953,86.54436,2.8691528,6.78833,91.94783,79.27334,3.8043635,1.9509382
24.5,120.5,2004-08-01,2004-09-27,57,25,25.681534,27.016357,24.67395,81.94334,6.187529,2.911377,86.38117,76.43554,7.502329,4.6347933
22.5,121.5,2004-08-01,2004-09-27,57,25,26.733389,27.358564,26.193794,82.52877,6.535268,6.38916,85.94842,79.26524,7.422387,5.5485353
23.5,121.5,2004-08-01,2004-09-27,57,25,23.291513,24.836279,22.232431,84.73293,3.357218,6.4611816,88.97636,78.75865,4.0464163,2.5654366
23.5,120.5,2004-08-01,2004-09-27,57,25,23.353544,26.008701,21.523354,87.24115,1.8270718,5.7421875,94.13818,76.036385,2.8423226,1.0853499
22.5,120.5,2004-08-01,2004-09-27,57,25,25.93958,27.477139,24.797163,83.926155,1.7236454,5.1831055,89.2585,76.00578,2.4734378,0.9446969
23.5,120.5,2004-08-01,2004-09-28,58,25,23.224083,25.803423,21.267738,86.65512,2.1338742,5.1501465,93.83155,75.61594,3.318365,1.2239151
24.5,120.5,2004-08-01,2004-09-28,58,25,25.447206,26.738657,24.53854,81.68224,6.6011763,3.848877,86.05023,75.7684,7.748905,5.072701
22.5,121.5,2004-08-01,2004-09-28,58,25,26.66713,27.207407,26.146181,82.12828,6.3464756,7.0666504,85.12804,78.764404,7.311584,5.3113723
24.5,121.5,2004-08-01,2004-09-28,58,25,21.508965,23.269829,20.299982,86.881584,3.3113656,13.378906,92.19991,78.98499,4.213815,2.411339
23.5,121.5,2004-08-01,2004-09-28,58,25,23.163828,24.692799,22.010082,85.01347,3.3140502,9.841309,89.56284,78.71803,3.9287293,2.5936577
22.5,120.5,2004-08-01,2004-09-28,58,25,25.824669,27.466782,24.705084,83.58817,1.9433185,4.506836,88.2907,75.41467,2.7247546,1.1999078
23.5,120.5,2004-08-01,2004-09-29,59,25,23.098703,25.592861,21.18771,86.50473,2.305401,5.9033203,93.37842,75.56283,3.419088,1.4568422
24.5,121.5,2004-08-01,2004-09-29,59,25,21.502806,23.315458,20.1665,86.022606,3.4191885,17.783203,91.331894,78.20812,4.4564996,2.433121
24.5,120.5,2004-08-01,2004-09-29,59,25,25.46128,26.807364,24.394037,81.23696,6.2177215,6.755371,85.97025,75.069824,7.5951886,4.8772154
22.5,121.5,2004-08-01,2004-09-29,59,25,26.67095,27.302832,26.111065,81.051384,6.2461743,7.595215,84.4661,77.422775,7.310209,5.2484283
22.5,120.5,2004-08-01,2004-09-29,59,25,25.717571,27.216377,24.601357,83.31753,2.6776035,5.194092,88.40436,75.612274,3.5486288,1.8405054
23.5,121.5,2004-08-01,2004-09-29,59,25,23.013098,24.373585,22.001127,84.52661,3.1896539,11.020508,88.65666,78.8373,3.8495517,2.3945394
22.5,121.5,2004-08-01,2004-09-30,60,25,26.653893,27.36109,26.035679,81.670074,6.7376013,9.781494,85.12078,77.69882,7.982673,5.3075714
24.5,120.5,2004-08-01,2004-09-30,60,25,25.404068,26.807467,24.311523,81.23339,6.1388464,4.572754,86.89461,74.3131,7.670732,4.5494947
24.5,121.5,2004-08-01,2004-09-30,60,25,21.499771,23.49914,20.004967,86.14118,3.15125,10.411377,91.52463,78.028656,4.112572,2.1923373
22.5,120.5,2004-08-01,2004-09-30,60,25,25.786938,27.619062,24.600283,82.58682,2.7185829,9.04541,88.46173,73.292786,3.6096716,1.8400542
23.5,121.5,2004-08-01,2004-09-30,60,25,23.01436,24.579063,21.875084,84.54439,3.3948028,9.542236,89.20791,78.233,4.1336107,2.6188776
23.5,120.5,2004-08-01,2004-09-30,60,25,23.012661,25.839027,21.032642,85.87544,2.283349,7.1740723,93.41552,73.60248,3.6254363,1.2707216
24.5,121.5,2004-08-01,2004-10-01,61,25,21.4366,23.341812,20.04295,86.58688,3.0983894,11.495361,92.04535,78.47275,3.999899,2.2515414
23.5,120.5,2004-08-01,2004-10-01,61,25,23.210056,26.138296,21.228266,85.84038,1.9884528,3.6206055,93.207405,73.69542,2.9723902,1.2661605
22.5,120.5,2004-08-01,2004-10-01,61,25,25.884548,27.539936,24.73543,82.20781,1.9054271,3.4765625,87.8856,73.38483,2.6012297,1.2575164
23.5,121.5,2004-08-01,2004-10-01,61,25,22.850174,24.240015,21.770039,85.64562,3.7364032,9.803467,90.18275,79.70728,4.4665804,2.9415545
22.5,121.5,2004-08-01,2004-10-01,61,25,26.519608,27.124174,25.902569,83.15388,7.572506,9.91333,86.52395,79.58377,8.525241,6.426076
24.5,120.5,2004-08-01,2004-10-01,61,25,25.585974,27.170015,24.443012,81.054214,6.321367,2.652588,86.237015,74.56126,7.385535,5.1038017
24.5,121.5,2004-08-01,2004-10-02,62,25,21.429829,23.273266,20.125528,86.52217,3.1769304,16.904297,91.74725,78.917244,3.9299378,2.3880286
23.5,120.5,2004-08-01,2004-10-02,62,25,23.31104,26.025688,21.458824,86.28662,2.0922828,5.4785156,93.49624,74.97685,2.9673285,1.4478265
24.5,120.5,2004-08-01,2004-10-02,62,25,25.495844,26.944424,24.41539,81.48064,6.592851,3.6572266,86.31317,75.523254,7.822104,5.2985706
22.5,121.5,2004-08-01,2004-10-02,62,25,26.518091,26.984879,26.018335,83.12569,7.2804494,12.713623,86.13092,80.34703,8.343356,6.0108857
23.5,121.5,2004-08-01,2004-10-02,62,25,22.958227,24.399282,21.930658,85.25414,3.5779822,13.531494,89.595634,79.54919,4.314346,2.7040265
22.5,120.5,2004-08-01,2004-10-02,62,25,25.77442,27.39311,24.71223,83.92072,2.0826738,4.3945312,89.1711,75.88249,2.791929,1.330972
23.5,120.5,2004-08-01,2004-10-03,63,25,23.145151,25.706371,21.380455,86.73493,2.1777685,7.4157715,93.82182,75.91087,3.018792,1.5128931
22.5,121.5,2004-08-01,2004-10-03,63,25,26.589039,27.239511,25.990171,83.13319,6.6862597,14.82666,86.54349,79.36519,8.223416,5.12476
22.5,120.5,2004-08-01,2004-10-03,63,25,25.734428,27.261763,24.64358,84.12012,2.4505744,6.1816406,89.32517,75.98962,3.1632636,1.7163994
24.5,120.5,2004-08-01,2004-10-03,63,25,25.41146,26.726646,24.473389,82.68606,6.5542455,5.1794434,87.88317,76.86026,7.810133,5.185047
23.5,121.5,2004-08-01,2004-10-03,63,25,23.102182,24.523804,22.137978,85.734886,3.4561887,22.971191,90.88549,79.46829,4.3840904,2.4615548
24.5,121.5,2004-08-01,2004-10-03,63,25,21.51027,23.202602,20.374918,88.05243,3.2533169,22.27417,93.51168,80.78383,4.2423196,2.3526413
22.5,121.5,2004-08-01,2004-10-04,64,25,26.54818,27.167822,25.948803,83.436424,7.6873493,15.174561,87.04314,79.75383,8.8136,6.472378
22.5,120.5,2004-08-01,2004-10-04,64,25,25.596304,27.14374,24.548609,84.77943,2.6445112,10.644531,89.75785,76.61877,3.632963,1.740757
24.5,120.5,2004-08-01,2004-10-04,64,25,25.400913,26.651089,24.475718,83.02805,7.0868115,3.4399414,86.831024,78.02791,8.4577055,5.6012974
24.5,121.5,2004-08-01,2004-10-04,64,25,21.34894,23.006557,20.080969,88.52481,3.4486542,19.710693,93.22516,81.49679,4.4489827,2.494675
23.5,120.5,2004-08-01,2004-10-04,64,25,23.045992,25.535933,21.191963,87.44891,2.1331391,7.869873,94.067215,76.92008,3.195017,1.3557227
23.5,121.5,2004-08-01,2004-10-04,64,25,22.873648,24.162539,21.87002,86.45667,3.7495322,24.1333,90.37925,81.08619,4.4014797,2.940364
22.5,120.5,2004-08-01,2004-10-05,65,25,25.550209,27.071499,24.501524,84.28412,2.2452502,5.1708984,89.088684,75.90781,2.9674826,1.5477823
22.5,121.5,2004-08-01,2004-10-05,65,25,26.464449,27.043726,25.929966,82.571846,7.555502,12.507324,86.06913,79.22125,8.439481,6.663731
23.5,121.5,2004-08-01,2004-10-05,65,25,22.82853,24.287193,21.858149,85.645065,3.8304713,13.817139,90.13467,79.15211,4.5399947,3.0196187
24.5,120.5,2004-08-01,2004-10-05,65,25,25.283218,26.572515,24.372105,81.99727,6.5047717,3.1774902,86.45358,76.135284,7.7550006,5.0257044
24.5,121.5,2004-08-01,2004-10-05,65,25,21.339643,23.27267,20.142565,87.068146,3.2993538,15.200195,92.352005,78.19711,4.2235003,2.2897196
23.5,120.5,2004-08-01,2004-10-05,65,25,23.025171,25.57517,21.185484,86.743965,2.0495315,4.2163086,93.80637,75.53272,3.0643775,1.2525988
23.5,120.5,2004-08-01,2004-10-06,66,25,22.813196,25.478691,20.952675,87.17633,2.063244,5.562744,93.634834,76.06004,3.1705816,1.3045127
23.5,121.5,2004-08-01,2004-10-06,66,25,22.66726,24.232964,21.592852,85.21873,3.946975,10.1623535,90.00806,78.65068,4.649455,3.1111932
24.5,120.5,2004-08-01,2004-10-06,66,25,24.999954,26.315546,24.044477,81.93872,7.1871343,4.7961426,86.00987,77.16692,8.364216,5.669669
24.5,121.5,2004-08-01,2004-10-06,66,25,20.968548,22.696558,19.78504,87.66514,3.296138,13.459473,92.24299,81.585686,3.962884,2.5287511
22.5,121.5,2004-08-01,2004-10-06,66,25,26.336048,26.98083,25.75088,82.54468,7.925843,8.1311035,86.1922,78.58951,9.104618,6.587389
22.5,120.5,2004-08-01,2004-10-06,66,25,25.474054,27.107832,24.356016,83.93177,2.1741002,5.0927734,89.02651,75.56352,2.800196,1.5674363
22.5,120.5,2004-08-01,2004-10-07,67,25,25.461662,27.227041,24.29002,82.75637,2.25004,3.1530762,87.820274,73.75295,3.0160418,1.5202909
22.5,121.5,2004-08-01,2004-10-07,67,25,26.34219,26.964209,25.844507,80.50119,8.534304,5.821533,83.51101,76.7912,9.361478,7.7355304
24.5,121.5,2004-08-01,2004-10-07,67,25,20.698187,22.72399,19.283947,85.639755,3.8773398,14.309082,90.77637,77.521645,4.728117,2.9680383
23.5,120.5,2004-08-01,2004-10-07,67,25,22.757034,25.738682,20.687963,85.44134,2.460754,2.8186035,92.47003,73.28096,3.5845666,1.6215569
24.5,120.5,2004-08-01,2004-10-07,67,25,24.840237,26.306728,23.74015,79.27133,8.067675,4.659424,82.945595,73.953156,9.151389,6.7252893
23.5,121.5,2004-08-01,2004-10-07,67,25,22.656584,24.346651,21.533852,83.000885,4.497345,7.6501465,87.24734,76.392746,5.2280865,3.8138545
22.5,121.5,2004-08-01,2004-10-08,68,25,26.020733,26.578194,25.43734,80.34959,9.825257,12.738037,82.88388,77.664665,10.758285,8.732535
22.5,120.5,2004-08-01,2004-10-08,68,25,25.17335,26.78811,23.96187,82.144264,2.7501397,9.3688965,87.06026,74.01415,3.4209297,1.9302301
23.5,121.5,2004-08-01,2004-10-08,68,25,22.222002,23.704296,21.145786,83.3373,5.155494,19.056396,87.52427,77.53553,5.912887,4.3338237
24.5,120.5,2004-08-01,2004-10-08,68,25,24.55167,25.918867,23.56584,78.319466,9.118113,6.385498,82.54185,72.90906,10.18514,7.991575
23.5,120.5,2004-08-01,2004-10-08,68,25,22.37835,25.182655,20.455372,85.09766,2.8922055,9.105225,91.780975,73.533806,4.054519,1.9696416
24.5,121.5,2004-08-01,2004-10-08,68,25,20.248798,21.881601,19.072487,85.94953,4.5580654,25.167236,90.7446,79.26358,5.4652834,3.6469622
22.5,120.5,2004-08-01,2004-10-09,69,25,25.058174,26.711899,23.957134,81.70861,2.7171488,6.3671875,87.01074,73.32301,3.563125,1.9454508
22.5,121.5,2004-08-01,2004-10-09,69,25,26.097061,26.742588,25.565502,79.36654,9.355137,8.378906,83.80484,74.862854,10.524533,8.145763
24.5,121.5,2004-08-01,2004-10-09,69,25,20.284697,22.170488,19.102266,85.37778,4.2752995,14.031982,91.106766,77.274704,5.2468266,3.3691301
24.5,120.5,2004-08-01,2004-10-09,69,25,24.560322,26.004316,23.608116,77.79591,8.638921,1.8286133,82.69772,71.767586,9.911281,7.275041
23.5,121.5,2004-08-01,2004-10-09,69,25,22.26704,23.977676,21.262423,82.267685,4.9185414,12.120361,87.856544,75.1259,5.593752,4.1307654
23.5,120.5,2004-08-01,2004-10-09,69,25,22.3396,25.213564,20.496592,84.09334,2.8129883,4.645996,91.49412,72.38856,3.9972458,1.8761421
23.5,121.5,2004-08-01,2004-10-10,70,25,22.176899,23.66188,21.092842,83.37851,4.319811,11.494141,87.9359,77.04178,5.17688,3.3091748
24.5,121.5,2004-08-01,2004-10-10,70,25,20.219128,21.914053,18.834475,86.52612,3.9005344,17.341309,91.54155,78.96876,4.7063828,2.9730344
23.5,120.5,2004-08-01,2004-10-10,70,25,22.198833,25.131025,20.08533,85.00411,2.6783988,4.0429688,92.22869,73.195984,3.6433768,1.9171823
24.5,120.5,2004-08-01,2004-10-10,70,25,24.341743,25.719912,23.170338,79.42405,7.7100506,3.3764648,84.19281,73.505455,8.877876,6.4493732
22.5,121.5,2004-08-01,2004-10-10,70,25,26.063267,26.575571,25.521046,80.11021,8.299701,7.86499,83.557724,76.55914,9.456935,6.893301
22.5,120.5,2004-08-01,2004-10-10,70,25,24.991001,26.58899,23.78689,81.90087,2.571717,4.4262695,87.73382,73.495804,3.4108505,1.72734
24.5,120.5,2004-08-01,2004-10-11,71,25,24.324583,25.660913,23.341835,80.296486,7.158419,2.5549316,85.81272,73.58371,8.564665,5.7460713
22.5,121.5,2004-08-01,2004-10-11,71,25,25.996593,26.612246,25.34381,80.54385,7.6186256,11.027832,84.59006,76.92867,8.741894,6.2106843
23.5,120.5,2004-08-01,2004-10-11,71,25,22.085482,24.853365,20.180758,85.76638,2.474018,3.7695312,92.782425,74.29239,3.5902343,1.6536112
23.5,121.5,2004-08-01,2004-10-11,71,25,22.159485,23.64438,21.077759,83.96051,4.118,10.021973,88.89633,77.34662,4.7565103,3.3661742
22.5,120.5,2004-08-01,2004-10-11,71,25,24.936028,26.694927,23.75607,82.427155,2.3612566,4.083252,88.00421,73.30102,3.1187546,1.5718238
24.5,121.5,2004-08-01,2004-10-11,71,25,20.30339,22.087975,19.040401,86.46554,3.5709558,11.624756,91.92759,78.19578,4.3152146,2.88035
24.5,121.5,2004-08-01,2004-10-12,72,25,20.002312,21.927797,18.64633,85.27298,3.5870702,11.815186,90.201416,77.25751,4.5053473,2.5814621
22.5,121.5,2004-08-01,2004-10-12,72,25,25.808168,26.336798,25.288158,79.65786,7.880803,4.0307617,83.040344,76.049034,9.238084,6.4150434
23.5,121.5,2004-08-01,2004-10-12,72,25,21.895533,23.32882,20.839052,83.058525,4.038713,5.8166504,87.32209,77.10815,4.7747016,3.2033339
24.5,120.5,2004-08-01,2004-10-12,72,25,24.190298,25.56772,23.111988,79.29221,7.105196,2.8649902,84.55414,72.77829,8.515844,5.4962144
23.5,120.5,2004-08-01,2004-10-12,72,25,21.910923,24.778442,19.952019,85.03194,2.3449218,3.3789062,92.34479,72.50895,3.3881197,1.5422509
22.5,120.5,2004-08-01,2004-10-12,72,25,24.70475,26.414995,23.54689,81.45439,2.539907,6.915283,86.876564,72.495255,3.1269782,1.8048886
23.5,121.5,2004-08-01,2004-10-13,73,25,21.834227,23.417315,20.731972,81.64197,3.8545346,3.7731934,86.7231,74.21773,4.467825,3.1943436
22.5,121.5,2004-08-01,2004-10-13,73,25,25.813288,26.507553,25.18673,77.588524,8.005468,2.253418,81.28063,73.57665,8.798383,7.0591784
22.5,120.5,2004-08-01,2004-10-13,73,25,24.730614,26.549952,23.574835,79.678986,2.2451165,1.4660645,85.876755,69.51554,2.9737453,1.5646135
24.5,120.5,2004-08-01,2004-10-13,73,25,24.015924,25.38355,22.919985,79.389145,6.542916,3.1726074,84.86233,72.86753,7.686484,5.3300405
23.5,120.5,2004-08-01,2004-10-13,73,25,21.69942,24.522217,19.614698,84.52317,2.2240384,2.2338867,92.59493,71.74467,3.267877,1.3829728
24.5,121.5,2004-08-01,2004-10-13,73,25,19.878796,21.738394,18.579586,84.494354,3.2043557,8.212891,90.6055,75.49309,3.8788342,2.505271
24.5,120.5,2004-08-01,2004-10-14,74,25,24.056921,25.400976,23.132418,79.666115,7.52349,1.8371582,84.77913,73.526306,8.858035,6.0201344
23.5,121.5,2004-08-01,2004-10-14,74,25,21.813913,23.303871,20.839712,83.5091,4.0556645,13.526611,88.08931,77.33311,4.8485503,3.0763972
24.5,121.5,2004-08-01,2004-10-14,74,25,19.943348,21.756416,18.759136,86.09639,3.6057715,12.792969,91.2663,78.91908,4.4718704,2.70394
23.5,120.5,2004-08-01,2004-10-14,74,25,21.81657,24.872261,19.87498,84.76788,2.3262665,3.4362793,92.70104,71.643524,3.3154266,1.6207587
22.5,121.5,2004-08-01,2004-10-14,74,25,25.80364,26.446943,25.263374,79.454544,8.013773,7.3168945,82.99355,75.67467,9.223869,6.7276115
22.5,120.5,2004-08-01,2004-10-14,74,25,24.757545,26.5314,23.591572,80.653534,2.1595678,3.0859375,86.73883,70.90197,2.7344751,1.5788199
22.5,120.5,2004-08-01,2004-10-15,75,25,24.65733,26.36119,23.505487,81.5801,2.4481118,4.9694824,87.01082,72.523094,3.2390356,1.7679791
24.5,121.5,2004-08-01,2004-10-15,75,25,19.72141,21.484735,18.400637,86.074814,4.0742693,16.605225,90.75386,79.200165,4.9806185,3.2587936
23.5,120.5,2004-08-01,2004-10-15,75,25,21.820122,24.708189,19.865602,84.97157,2.5121567,6.1950684,91.76322,73.27178,3.6009667,1.7476534
24.5,120.5,2004-08-01,2004-10-15,75,25,24.022661,25.471739,22.877861,78.72064,8.298832,4.4055176,83.00413,73.34268,9.564596,6.9192286
22.5,121.5,2004-08-01,2004-10-15,75,25,25.670376,26.234238,25.139029,79.34531,9.141156,6.595459,82.27505,76.4501,10.16756,8.188772
23.5,121.5,2004-08-01,2004-10-15,75,25,21.726334,23.280298,20.712969,83.00547,4.6742353,10.847168,87.306816,76.91881,5.416881,3.7653577
22.5,121.5,2004-08-01,2004-10-16,76,25,25.429176,25.992231,24.820835,78.38679,9.940381,5.2575684,82.144264,74.649124,11.038573,8.660578
22.5,120.5,2004-08-01,2004-10-16,76,25,24.473747,26.188139,23.266445,80.9661,2.4954581,6.3793945,86.539314,72.55008,3.158604,1.8354377
23.5,121.5,2004-08-01,2004-10-16,76,25,21.578728,23.13937,20.432838,81.49602,5.093243,8.345947,86.47875,75.3661,5.699155,4.3925066
24.5,120.5,2004-08-01,2004-10-16,76,25,23.741697,25.237417,22.598667,76.33049,8.626238,5.727539,81.08568,70.43467,9.612683,7.4366
24.5,121.5,2004-08-01,2004-10-16,76,25,19.33361,21.102182,17.988161,84.938576,4.221659,12.600098,90.34414,77.85704,5.0615926,3.3499448
23.5,120.5,2004-08-01,2004-10-16,76,25,21.705896,24.61786,19.687399,83.45379,2.7369175,10.255127,90.84633,71.66403,3.9319053,1.9263628
24.5,120.5,2004-08-01,2004-10-17,77,25,23.487085,24.799767,22.55983,76.70837,8.640423,4.0893555,80.69023,71.422386,9.48353,7.536952
22.5,121.5,2004-08-01,2004-10-17,77,25,25.36398,25.897345,24.868052,76.553734,9.774577,6.744385,79.70839,72.93555,10.705188,8.753718
24.5,121.5,2004-08-01,2004-10-17,77,25,19.08894,20.602934,18.137657,84.50786,4.20038,14.680176,88.983444,77.57241,5.0103364,3.3772266
23.5,121.5,2004-08-01,2004-10-17,77,25,21.324,22.783438,20.367863,80.815575,4.9991474,12.081299,85.51286,74.430565,5.5926805,4.2056446
23.5,120.5,2004-08-01,2004-10-17,77,25,21.349293,24.158165,19.38591,83.83377,2.656355,4.8632812,91.31822,71.9152,3.7359114,1.8116944
22.5,120.5,2004-08-01,2004-10-17,77,25,24.305737,25.995508,23.113096,80.13401,2.2120957,4.807129,85.722145,71.38134,2.8993948,1.6115315
24.5,120.5,2004-08-01,2004-10-18,78,25,23.44575,24.888334,22.361723,75.86212,8.460145,1.5844727,81.31006,69.35916,9.489594,7.3367877
23.5,121.5,2004-08-01,2004-10-18,78,25,21.385963,23.08858,20.16542,81.187454,4.831522,9.576416,86.908485,73.574684,5.5316224,4.0497584
22.5,121.5,2004-08-01,2004-10-18,78,25,25.347956,25.98105,24.726788,77.50554,9.3758545,5.654297,82.1543,73.17266,10.360638,8.193649
23.5,120.5,2004-08-01,2004-10-18,78,25,21.176512,24.306099,18.95339,83.179436,2.6513479,2.3095703,90.910324,70.22629,3.6839042,1.8386002
24.5,121.5,2004-08-01,2004-10-18,78,25,19.156277,21.025873,17.796925,84.474335,4.094011,12.055664,90.40848,76.22521,4.8895397,3.30434
22.5,120.5,2004-08-01,2004-10-18,78,25,24.202448,25.918129,23.054293,80.56832,2.1182098,2.659912,86.30971,71.56216,2.7120118,1.5179932
23.5,120.5,2004-08-01,2004-10-19,79,25,21.202385,24.33035,19.14926,82.34426,2.53155,2.25708,90.88693,69.11357,3.5069294,1.7471642
22.5,120.5,2004-08-01,2004-10-19,79,25,24.104162,25.65957,23.007715,80.17578,2.2375622,3.3215332,84.97779,72.22807,2.7610056,1.6849415
24.5,121.5,2004-08-01,2004-10-19,79,25,18.968987,20.787617,17.807043,84.2162,3.9315684,8.935547,89.20465,76.153946,4.7169514,3.1831393
23.5,121.5,2004-08-01,2004-10-19,79,25,21.115627,22.594736,20.162086,81.4484,4.8366485,10.684814,85.818146,75.23163,5.465642,4.2054534
22.5,121.5,2004-08-01,2004-10-19,79,25,25.085003,25.554663,24.676865,77.81065,9.726474,6.755371,81.07606,74.17093,10.70808,8.737598
24.5,120.5,2004-08-01,2004-10-19,79,25,23.416584,24.88668,22.474546,75.290306,8.342975,0.9777832,80.634,68.38538,9.306446,7.053339
23.5,120.5,2004-08-01,2004-10-20,80,25,21.293386,24.4358,19.25179,82.73911,2.4453306,1.8005371,90.7266,69.00302,3.3994765,1.753413
23.5,121.5,2004-08-01,2004-10-20,80,25,21.068523,22.633926,20.029747,81.91906,4.590128,12.438965,86.290764,75.28533,5.157844,3.8727105
24.5,120.5,2004-08-01,2004-10-20,80,25,23.415339,24.89416,22.41046,76.733734,8.1661415,1.6601562,80.9032,70.815056,9.171062,6.913786
22.5,121.5,2004-08-01,2004-10-20,80,25,25.14817,25.698301,24.6561,77.595604,9.257471,8.354492,80.6579,74.53729,10.205781,8.353471
22.5,120.5,2004-08-01,2004-10-20,80,25,24.17321,26.029942,22.95296,79.587494,2.2961836,2.9748535,85.2764,69.672005,2.8245301,1.7902607
24.5,121.5,2004-08-01,2004-10-20,80,25,18.988777,20.781895,17.785519,84.93793,3.9883528,10.692139,89.60056,77.54631,4.7103615,3.2191877
22.5,121.5,2004-08-01,2004-10-21,81,25,24.950075,25.48456,24.501665,77.92173,8.967776,6.1743164,80.82717,74.86191,9.930909,7.947446
23.5,120.5,2004-08-01,2004-10-21,81,25,20.970095,24.404795,18.70407,83.18679,2.3988364,3.133545,91.67172,69.05337,3.5205364,1.6815186
23.5,121.5,2004-08-01,2004-10-21,81,25,20.878494,22.55081,19.83236,81.78777,4.398943,10.042725,86.39098,74.812065,5.0656576,3.7081857
24.5,120.5,2004-08-01,2004-10-21,81,25,23.190485,24.744091,22.03228,76.35831,7.7215257,1.6455078,81.350555,69.595764,8.92575,6.3251314
22.5,120.5,2004-08-01,2004-10-21,81,25,24.055798,25.984247,22.894903,79.505394,2.4993796,2.142334,85.061165,69.81301,3.087584,1.9725134
24.5,121.5,2004-08-01,2004-10-21,81,25,18.927908,20.852411,17.634724,84.04352,3.8315616,8.97583,89.27644,75.77708,4.7922463,2.96956
22.5,120.5,2004-08-01,2004-10-22,82,25,23.96554,25.792656,22.782455,79.26455,2.4651268,2.6245117,85.44535,69.83254,3.049394,1.8591225
23.5,120.5,2004-08-01,2004-10-22,82,25,20.911789,23.99914,18.92109,83.314064,2.3111684,2.4511719,91.77945,69.93224,3.2736444,1.6259048
24.5,120.5,2004-08-01,2004-10-22,82,25,23.155872,24.699923,22.09894,77.19871,7.2554297,1.8688965,82.86404,70.34121,8.296176,6.075674
23.5,121.5,2004-08-01,2004-10-22,82,25,20.863743,22.341484,19.947203,82.23731,4.1487465,9.864502,86.5655,76.326546,4.877057,3.3769572
24.5,121.5,2004-08-01,2004-10-22,82,25,18.88882,20.69586,17.715988,84.80672,3.7138414,10.092773,89.46774,77.66182,4.4457955,2.9155037
22.5,121.5,2004-08-01,2004-10-22,82,25,25.006712,25.553946,24.495543,77.27233,8.479609,4.425049,80.71778,74.03602,9.512686,7.2980747
23.5,120.5,2004-08-01,2004-10-23,83,25,20.939434,24.21435,18.65254,84.0529,2.2980807,2.130127,92.74376,70.51822,3.1877575,1.6096197
24.5,121.5,2004-08-01,2004-10-23,83,25,19.063065,20.990131,17.902243,85.98075,3.6948874,14.6813965,91.003136,78.007866,4.4003963,2.9194894
24.5,120.5,2004-08-01,2004-10-23,83,25,23.235802,24.738804,22.284552,78.29442,7.709817,2.6513672,82.96184,71.907585,8.750534,6.3630524
23.5,121.5,2004-08-01,2004-10-23,83,25,21.018946,22.746773,19.934166,82.72763,4.3626237,8.555908,87.82958,74.966484,5.046227,3.564079
22.5,121.5,2004-08-01,2004-10-23,83,25,24.995468,25.614971,24.487787,79.09174,8.503089,4.0771484,82.76576,75.33516,9.837142,7.2725587
22.5,120.5,2004-08-01,2004-10-23,83,25,23.978046,25.951225,22.772799,80.76325,2.269657,1.6052246,87.50973,69.74464,2.8562956,1.6885213
22.5,120.5,2004-08-01,2004-10-24,84,25,24.027267,25.804337,22.862598,81.41325,2.414011,2.1813965,86.17177,72.390335,3.0296283,1.8352294
23.5,120.5,2004-08-01,2004-10-24,84,25,21.107346,24.333412,19.02151,83.599014,2.7155373,2.175293,91.22495,70.68669,3.653114,1.8894439
24.5,121.5,2004-08-01,2004-10-24,84,25,18.921898,20.692148,17.655964,85.61203,4.180897,11.999512,90.30717,78.39331,5.118585,3.279431
23.5,121.5,2004-08-01,2004-10-24,84,25,21.116741,22.686504,20.05548,82.20323,5.039225,6.3623047,86.58584,76.2064,5.741487,4.2345223
22.5,121.5,2004-08-01,2004-10-24,84,25,25.092718,25.687876,24.521631,78.788574,9.925625,4.3603516,82.8811,75.25494,11.124668,8.612831
24.5,120.5,2004-08-01,2004-10-24,84,25,23.22133,24.766993,22.154848,76.983,8.971209,1.8676758,81.890755,70.79755,9.926495,7.6545186
23.5,120.5,2004-08-01,2004-10-25,85,25,21.107605,24.382002,18.899723,83.61676,2.9580598,2.3425293,91.84848,70.50549,3.938545,2.2290251
22.5,120.5,2004-08-01,2004-10-25,85,25,24.066843,26.027237,22.843819,80.61566,2.6512296,1.817627,86.84905,69.74214,3.275756,1.9652711
24.5,120.5,2004-08-01,2004-10-25,85,25,23.152683,24.629463,22.202065,78.143875,9.114488,3.022461,82.58301,72.15193,10.038785,8.110648
22.5,121.5,2004-08-01,2004-10-25,85,25,25.181198,25.749352,24.68694,78.38031,10.000956,10.12207,82.256584,75.23493,10.9778805,9.038743
23.5,121.5,2004-08-01,2004-10-25,85,25,21.17989,22.814503,20.136095,82.0273,5.012175,10.368652,87.724045,74.89995,5.6452827,4.3745494
24.5,121.5,2004-08-01,2004-10-25,85,25,18.989128,20.696352,17.965343,86.165276,4.3104615,18.034668,91.156746,78.57295,5.0300865,3.6396112
24.5,121.5,2004-08-01,2004-10-26,86,25,19.263344,20.962763,18.15088,86.51409,4.139177,14.156494,91.358475,78.96373,4.891032,3.2555609
23.5,121.5,2004-08-01,2004-10-26,86,25,21.253656,22.951122,20.14336,83.45819,4.4899178,9.80835,88.35166,75.98719,5.286397,3.7761626
22.5,121.5,2004-08-01,2004-10-26,86,25,25.202642,25.920137,24.577599,79.50373,9.380978,7.980957,83.07252,75.67195,10.343348,8.289767
24.5,120.5,2004-08-01,2004-10-26,86,25,23.279556,24.791357,22.285513,78.91974,8.742566,3.515625,83.63891,72.9394,9.921784,7.2203784
22.5,120.5,2004-08-01,2004-10-26,86,25,24.17315,26.263857,22.90019,81.46345,2.7385273,1.9775391,87.6444,70.59416,3.3680947,2.0452402
23.5,120.5,2004-08-01,2004-10-26,86,25,21.200727,24.456358,19.203215,84.23562,2.8236327,3.6230469,92.00417,71.27236,3.8516114,2.0432546
24.5,120.5,2004-08-01,2004-10-27,87,25,22.986876,24.374067,21.91229,77.8978,8.4610195,2.6757812,82.55283,72.20848,9.533614,6.931289
22.5,121.5,2004-08-01,2004-10-27,87,25,25.044727,25.615751,24.490986,78.14568,9.893462,6.5734863,81.15314,75.2086,11.162723,8.345377
23.5,120.5,2004-08-01,2004-10-27,87,25,20.964512,24.14517,18.695494,83.93874,2.7412443,2.8637695,91.450584,71.68923,3.7162266,2.0049958
22.5,120.5,2004-08-01,2004-10-27,87,25,24.050177,26.103998,22.73585,80.67647,2.6196759,2.3303223,86.1459,71.003075,3.2228136,1.9590902
23.5,121.5,2004-08-01,2004-10-27,87,25,20.997675,22.654312,19.837805,82.13483,4.8206987,8.780518,86.41466,75.9558,5.556627,3.9081604
24.5,121.5,2004-08-01,2004-10-27,87,25,18.869785,20.680473,17.512653,85.708115,4.064238,12.374268,90.336044,78.42047,4.7911325,3.2340012
24.5,120.5,2004-08-01,2004-10-28,88,25,22.830547,24.329111,21.797329,77.39491,8.74727,1.6870117,82.05049,71.373634,9.797179,7.347114
24.5,121.5,2004-08-01,2004-10-28,88,25,18.496075,20.201508,17.31214,86.13669,4.276782,12.67334,90.59135,79.418686,5.1761904,3.3574076
22.5,120.5,2004-08-01,2004-10-28,88,25,23.836464,25.802008,22.586388,79.959755,2.5133224,1.6394043,85.98525,69.75525,3.1067057,1.9649441
22.5,121.5,2004-08-01,2004-10-28,88,25,24.785782,25.490429,24.162926,78.40851,9.903954,4.058838,81.87574,74.884476,10.958212,8.834463
23.5,121.5,2004-08-01,2004-10-28,88,25,20.737734,22.406532,19.550373,81.78215,4.943704,7.446289,86.90152,75.13504,5.64234,4.0698233
23.5,120.5,2004-08-01,2004-10-28,88,25,20.8358,24.156303,18.61668,82.84662,2.7175794,1.8310547,90.56982,69.66707,3.6803782,1.913281
23.5,120.5,2004-08-01,2004-10-29,89,25,20.668373,23.87983,18.570137,83.1844,2.5052664,1.7321777,91.10191,69.69776,3.430903,1.8139374
24.5,120.5,2004-08-01,2004-10-29,89,25,22.802124,24.368267,21.82042,77.33471,8.2847805,0.95947266,82.147224,70.22936,9.18817,7.109673
22.5,121.5,2004-08-01,2004-10-29,89,25,24.627905,25.154892,24.109594,78.29676,9.860888,7.7075195,81.80258,74.766464,11.136719,8.550843
22.5,120.5,2004-08-01,2004-10-29,89,25,23.60937,25.394672,22.42893,80.6162,2.3439426,3.0004883,86.46511,71.36437,2.9634638,1.7782255
23.5,121.5,2004-08-01,2004-10-29,89,25,20.592554,22.158422,19.522413,82.0211,4.782692,7.130127,86.81427,75.09749,5.5423236,3.951012
24.5,121.5,2004-08-01,2004-10-29,89,25,18.490522,20.272936,17.287418,85.63637,3.858102,9.355469,90.63059,77.656624,4.5745173,3.0915911
23.5,121.5,2004-08-01,2004-10-30,90,25,20.41879,22.059843,19.318321,82.45497,4.514138,9.1467285,86.68513,75.37658,5.1523366,3.773598
23.5,120.5,2004-08-01,2004-10-30,90,25,20.536133,24.004063,18.227697,83.044846,2.3630323,1.5893555,91.766525,68.09981,3.3403862,1.6995201
24.5,120.5,2004-08-01,2004-10-30,90,25,22.758827,24.306406,21.76748,77.69833,7.873703,1.3085938,82.95404,70.680954,8.9801445,6.6258345
24.5,121.5,2004-08-01,2004-10-30,90,25,18.452208,20.18047,17.296217,85.69601,3.741942,12.548828,90.41313,77.78547,4.456585,2.9949148
22.5,121.5,2004-08-01,2004-10-30,90,25,24.52715,25.012842,24.055946,78.32943,9.502409,10.4296875,81.08152,75.49992,10.56849,8.314498
22.5,120.5,2004-08-01,2004-10-30,90,25,23.591778,25.43797,22.340548,79.95582,2.3068483,2.4853516,86.21307,69.84112,2.8098056,1.8036691
23.5,121.5,2004-08-01,2004-10-31,91,25,20.5761,22.10437,19.61236,82.237785,3.8753016,8.26416,87.02697,75.26825,4.7955484,2.946873
24.5,120.5,2004-08-01,2004-10-31,91,25,22.857916,24.4479,21.811285,79.00436,7.0045447,1.2902832,84.64675,71.36078,8.120157,5.6445265
23.5,120.5,2004-08-01,2004-10-31,91,25,20.458382,23.72188,18.44526,84.08649,2.236559,1.4367676,92.173805,70.26943,3.0056608,1.5553844
22.5,121.5,2004-08-01,2004-10-31,91,25,24.731176,25.306963,24.239174,77.98751,8.658329,5.687256,81.57104,74.032166,9.760067,7.6146417
22.5,120.5,2004-08-01,2004-10-31,91,25,23.559242,25.604849,22.287197,80.38189,2.4393163,1.5637207,87.440285,68.98284,3.07455,1.8318129
24.5,121.5,2004-08-01,2004-10-31,91,25,18.751741,20.67,17.568497,85.309494,3.4580016,12.121582,90.62771,76.29416,4.3213077,2.5616338
24.5,120.5,2004-08-01,2004-11-01,92,25,22.60371,24.184536,21.457901,78.93683,6.8771935,0.9082031,84.30047,71.80318,8.001561,5.423142
23.5,121.5,2004-08-01,2004-11-01,92,25,20.482363,22.198881,19.224674,82.243164,4.32146,11.162109,86.92735,74.840805,4.958528,3.656628
24.5,121.5,2004-08-01,2004-11-01,92,25,18.490175,20.552944,17.018454,85.31673,3.6306293,11.229248,90.34187,76.454666,4.4232416,2.749561
23.5,120.5,2004-08-01,2004-11-01,92,25,20.379433,23.62931,18.219074,83.2681,2.4812891,2.668457,91.06291,69.76851,3.3788962,1.6859626
22.5,121.5,2004-08-01,2004-11-01,92,25,24.590996,25.368477,23.816431,78.335266,9.282505,8.863525,82.43912,74.20107,10.272548,8.1251955
22.5,120.5,2004-08-01,2004-11-01,92,25,23.516973,25.517672,22.175947,80.195786,2.6869235,5.4748535,86.948425,69.29715,3.4222763,1.898882
24.5,120.5,2004-08-01,2004-11-02,93,25,22.443535,24.100683,21.343857,79.39857,7.2176886,1.8188477,84.49652,71.717155,8.376533,5.8291473
22.5,120.5,2004-08-01,2004-11-02,93,25,23.291954,25.217247,22.033901,79.67622,2.6632328,2.5952148,86.88781,69.274124,3.3026807,2.0342896
23.5,121.5,2004-08-01,2004-11-02,93,25,20.21334,21.71604,19.209698,82.53351,4.4348116,9.005127,87.31966,75.66638,4.9253135,3.912421
24.5,121.5,2004-08-01,2004-11-02,93,25,18.307793,20.276073,17.069206,85.150536,3.5457718,10.629883,90.577774,76.00162,4.261099,2.914481
23.5,120.5,2004-08-01,2004-11-02,93,25,20.228008,23.549355,18.14758,83.32369,2.322111,2.9052734,91.6614,69.05279,3.1039486,1.6951152
22.5,121.5,2004-08-01,2004-11-02,93,25,24.345293,24.958296,23.800596,78.8269,9.508958,5.617676,82.733284,74.87466,10.282804,8.717936
22.5,120.5,2004-08-01,2004-11-03,94,25,23.278759,25.238726,22.05338,80.4022,2.5599766,1.5185547,87.10718,70.0762,3.0635016,1.9479609
23.5,120.5,2004-08-01,2004-11-03,94,25,20.308544,23.797554,18.037422,83.46461,2.3961465,1.2329102,91.73569,68.89035,3.1874921,1.7648522
24.5,121.5,2004-08-01,2004-11-03,94,25,18.332098,20.163204,17.047848,86.16982,3.6417813,11.085205,90.950325,78.48982,4.373258,2.8345182
23.5,121.5,2004-08-01,2004-11-03,94,25,20.157684,21.685522,19.131388,82.954056,4.4144907,7.836914,87.6557,76.15795,5.05365,3.6578162
22.5,121.5,2004-08-01,2004-11-03,94,25,24.316338,24.893417,23.767221,79.27176,9.320555,6.907959,82.507545,75.68053,10.301197,8.284577
24.5,120.5,2004-08-01,2004-11-03,94,25,22.502432,24.207006,21.290722,79.450195,7.719483,1.4257812,84.455215,72.3231,9.08928,5.9986176
22.5,120.5,2004-08-01,2004-11-04,95,25,23.420471,25.537066,22.103306,80.951584,2.459662,2.524414,87.812035,69.35827,2.998594,1.8948653
23.5,121.5,2004-08-01,2004-11-04,95,25,20.299416,21.93519,19.188253,83.78306,4.3626018,11.625977,88.73533,76.30914,4.959073,3.6510367
24.5,121.5,2004-08-01,2004-11-04,95,25,18.404827,20.18434,17.24005,86.76746,3.778995,16.920166,91.44018,78.95675,4.530359,2.9958255
23.5,120.5,2004-08-01,2004-11-04,95,25,20.380295,23.952534,18.100122,83.405136,2.5192647,1.661377,91.93334,68.69464,3.4184961,1.8594565
24.5,120.5,2004-08-01,2004-11-04,95,25,22.401447,23.916285,21.383848,79.629684,8.0065155,1.5734863,84.61736,72.86446,9.110007,6.735956
22.5,121.5,2004-08-01,2004-11-04,95,25,24.442894,25.078096,23.85838,79.89182,9.180093,8.995361,83.17035,76.53506,10.04143,8.184558
24.5,120.5,2004-08-01,2004-11-05,96,25,22.195791,23.62608,21.19231,79.76109,8.156123,2.2351074,84.282715,73.86469,9.31996,6.628167
24.5,121.5,2004-08-01,2004-11-05,96,25,18.243584,20.052223,16.985943,87.28028,3.6243064,14.6484375,91.9985,79.66974,4.34483,2.8129973
23.5,120.5,2004-08-01,2004-11-05,96,25,20.157587,23.576685,17.976017,84.5378,2.7228365,2.3303223,92.914665,70.28372,3.7681038,2.0360246
23.5,121.5,2004-08-01,2004-11-05,96,25,20.33956,21.982613,19.301676,84.0074,4.146948,9.188232,88.49389,76.94099,4.851945,3.249039
22.5,121.5,2004-08-01,2004-11-05,96,25,24.410967,25.009619,23.890331,80.37087,8.671041,5.3930664,83.7626,77.0439,9.890667,7.4171505
22.5,120.5,2004-08-01,2004-11-05,96,25,23.346142,25.295122,22.083437,81.9788,2.586491,2.397461,88.084915,71.512215,3.1295478,2.0693154
24.5,120.5,2004-08-01,2004-11-06,97,25,22.022217,23.601347,20.898188,78.37459,8.156351,1.4367676,83.96548,71.81739,9.209568,6.691441
22.5,120.5,2004-08-01,2004-11-06,97,25,23.27581,25.328886,21.96727,80.56143,2.4758039,2.7282715,86.60351,69.80067,3.0568295,1.8137927
23.5,121.5,2004-08-01,2004-11-06,97,25,20.158993,21.926386,18.94082,82.57046,4.2473955,7.1777344,87.47927,74.785995,5.0791187,3.2463427
22.5,121.5,2004-08-01,2004-11-06,97,25,24.296825,24.988531,23.605175,78.91459,9.028957,4.190674,82.82566,74.88516,10.349646,7.4696727
24.5,121.5,2004-08-01,2004-11-06,97,25,18.044287,19.981504,16.680412,85.48937,3.7060363,13.741455,90.69377,77.443985,4.5391097,2.8359582
23.5,120.5,2004-08-01,2004-11-06,97,25,19.985302,23.519903,17.704489,83.49586,2.6243067,1.7504883,91.69818,69.30831,3.4381564,1.9530236
23.5,121.5,2004-08-01,2004-11-07,98,25,19.875328,21.564722,18.75542,83.173065,4.2209883,7.7734375,88.42776,75.40141,4.907238,3.455904
24.5,120.5,2004-08-01,2004-11-07,98,25,21.897339,23.43105,20.779068,78.9697,7.5342383,1.940918,84.04594,72.00876,8.791278,6.1921973
22.5,121.5,2004-08-01,2004-11-07,98,25,24.05609,24.759916,23.428242,79.209816,9.094385,4.9938965,83.23448,74.77437,10.104706,8.021235
23.5,120.5,2004-08-01,2004-11-07,98,25,19.81646,23.109175,17.809996,83.601654,2.5290775,3.8500977,91.74305,69.90139,3.4911523,1.7318144
24.5,121.5,2004-08-01,2004-11-07,98,25,17.815327,19.701754,16.537443,86.21592,3.6798577,11.645508,91.10059,77.97916,4.419577,2.837082
22.5,120.5,2004-08-01,2004-11-07,98,25,23.090933,25.019829,21.901073,80.25629,2.5656495,4.3029785,86.36946,69.88385,3.135525,2.0181007
22.5,121.5,2004-08-01,2004-11-08,99,25,24.013405,24.597631,23.453325,78.24241,9.245994,6.1413574,81.846115,74.763855,10.386655,8.226997
22.5,120.5,2004-08-01,2004-11-08,99,25,22.921648,24.630709,21.733189,80.71847,2.5065014,3.0334473,86.595985,71.44507,3.0730517,1.8005482
24.5,121.5,2004-08-01,2004-11-08,99,25,17.7378,19.481636,16.61985,86.4352,3.700363,11.276855,90.57088,79.19479,4.4440074,2.8153918
23.5,121.5,2004-08-01,2004-11-08,99,25,19.738777,21.217651,18.73132,83.09988,4.397562,8.094482,87.071915,76.81055,5.2212553,3.6339133
24.5,120.5,2004-08-01,2004-11-08,99,25,21.93485,23.424044,20.94079,78.56241,7.760431,1.3378906,83.401146,72.18041,9.078783,6.1780286
23.5,120.5,2004-08-01,2004-11-08,99,25,19.843542,22.99938,17.846403,83.70962,2.423128,2.7893066,91.50624,70.74767,3.3983,1.7017922
22.5,121.5,2004-08-01,2004-11-09,100,25,23.941229,24.557022,23.385082,77.191605,9.716953,8.896484,80.24433,73.63669,10.873025,8.566644
23.5,120.5,2004-08-01,2004-11-09,100,25,19.75951,23.09955,17.602003,83.1448,2.469547,1.3806152,91.52308,69.04748,3.1798553,1.8987621
24.5,121.5,2004-08-01,2004-11-09,100,25,17.668083,19.41535,16.453669,85.28732,3.681403,8.997803,90.09545,77.62071,4.413093,2.8199182
24.5,120.5,2004-08-01,2004-11-09,100,25,21.982595,23.567364,20.839859,78.03766,7.801828,1.361084,83.387184,70.88045,8.870803,6.630392
22.5,120.5,2004-08-01,2004-11-09,100,25,22.850819,24.842676,21.554625,79.68503,2.5571241,3.2580566,86.37365,68.96411,3.2089005,1.8776617
23.5,121.5,2004-08-01,2004-11-09,100,25,19.653397,21.15923,18.62403,81.98599,4.527271,8.068848,86.575485,75.23012,5.174999,3.7487566
24.5,121.5,2004-08-01,2004-11-10,101,25,17.938953,19.70046,16.822847,85.92895,3.5242877,11.341553,90.939095,77.64455,4.271685,2.7223077
22.5,121.5,2004-08-01,2004-11-10,101,25,24.084522,24.631714,23.499784,78.27347,9.070608,13.95874,82.01993,74.68548,10.220648,7.9604826
24.5,120.5,2004-08-01,2004-11-10,101,25,22.06417,23.657417,20.957666,78.57852,7.502597,1.217041,84.231865,71.03813,8.533691,6.173848
22.5,120.5,2004-08-01,2004-11-10,101,25,22.812218,24.637035,21.641977,80.177376,2.6651583,4.650879,86.314,69.996605,3.33243,1.9378369
23.5,121.5,2004-08-01,2004-11-10,101,25,19.852177,21.325605,18.88427,82.78142,4.133177,12.390137,87.58338,75.88956,4.778792,3.4054136
23.5,120.5,2004-08-01,2004-11-10,101,25,19.768818,22.97125,17.760412,83.12663,2.5070558,2.076416,91.211,69.638596,3.2791736,1.8722295
22.5,121.5,2004-08-01,2004-11-11,102,25,24.110952,24.738169,23.514038,79.992424,9.242221,8.2092285,84.59369,75.5578,10.24432,8.071578
23.5,121.5,2004-08-01,2004-11-11,102,25,19.940014,21.43436,19.015236,84.25292,4.2779937,11.767578,88.97854,77.07749,4.960263,3.5011933
22.5,120.5,2004-08-01,2004-11-11,102,25,22.978296,24.835396,21.830097,81.179855,2.5936377,3.0334473,87.65015,70.561386,3.1958761,2.021243
24.5,120.5,2004-08-01,2004-11-11,102,25,22.020758,23.530586,21.072588,80.04463,7.52054,1.6333008,85.50233,72.84568,8.697401,6.2090564
23.5,120.5,2004-08-01,2004-11-11,102,25,19.876966,23.20161,17.901144,83.63103,2.5446274,2.1350098,91.819466,69.68566,3.3353329,1.9164358
24.5,121.5,2004-08-01,2004-11-11,102,25,18.002182,19.655266,16.966862,86.68355,3.765885,15.588379,91.31464,79.01645,4.3499002,2.9881496
24.5,120.5,2004-08-01,2004-11-12,103,25,22.095531,23.584589,21.031122,82.164024,7.2420516,2.886963,86.92816,75.41003,8.409865,5.776806
22.5,120.5,2004-08-01,2004-11-12,103,25,23.072973,24.918442,21.985245,82.62087,2.5054862,3.1188965,87.91388,72.37791,3.0602732,1.9272454
23.5,120.5,2004-08-01,2004-11-12,103,25,20.014633,23.048262,18.12986,85.62216,2.404042,2.833252,93.41733,72.5657,3.3208435,1.752823
22.5,121.5,2004-08-01,2004-11-12,103,25,24.280298,24.900698,23.76102,80.301384,8.415143,6.102295,83.54913,76.78642,9.507874,7.3475847
24.5,121.5,2004-08-01,2004-11-12,103,25,18.214926,20.026154,17.15521,87.944336,3.4917755,15.765381,92.53234,80.11538,4.205068,2.7478125
23.5,121.5,2004-08-01,2004-11-12,103,25,20.071175,21.651035,19.080269,84.8142,3.8787174,9.191895,88.94467,77.95407,4.554163,3.19736
23.5,120.5,2004-08-01,2004-11-13,104,25,19.639523,22.786596,17.675518,85.18564,2.5087545,3.1347656,92.95537,71.77756,3.2289677,1.8948159
24.5,120.5,2004-08-01,2004-11-13,104,25,21.492334,23.127525,20.327486,80.53679,7.215665,2.6257324,85.88767,73.14402,8.242244,6.0597467
22.5,121.5,2004-08-01,2004-11-13,104,25,24.011944,24.81146,23.383814,78.92772,8.570173,3.6193848,82.37729,75.18028,9.50455,7.343474
23.5,121.5,2004-08-01,2004-11-13,104,25,19.74665,21.47984,18.603619,83.7352,4.058073,5.899658,88.19295,76.66818,4.7079444,3.3312628
24.5,121.5,2004-08-01,2004-11-13,104,25,17.593975,19.624681,16.136955,86.67312,3.466321,9.925537,91.59404,78.83572,4.0838675,2.7742157
22.5,120.5,2004-08-01,2004-11-13,104,25,22.785128,24.676664,21.525244,82.43949,2.5311792,3.0358887,88.03391,72.77207,3.1166735,1.874147
24.5,120.5,2004-08-01,2004-11-14,105,25,21.357048,22.782568,20.27114,79.07185,7.080124,0.68481445,84.09669,72.26745,8.417198,5.402187
23.5,121.5,2004-08-01,2004-11-14,105,25,19.319607,20.954565,18.193136,82.07482,4.20684,3.6987305,86.76399,75.01492,4.8945026,3.3539286
22.5,121.5,2004-08-01,2004-11-14,105,25,23.545115,24.213345,22.87141,77.63452,9.083863,3.2751465,80.909615,74.18015,10.059524,7.9960704
23.5,120.5,2004-08-01,2004-11-14,105,25,19.353514,22.621675,17.147125,84.22791,2.3018208,0.88256836,92.702995,70.03215,3.2473354,1.6042808
24.5,121.5,2004-08-01,2004-11-14,105,25,17.23242,19.122221,15.955011,85.548195,3.3832247,6.5600586,90.27788,77.96481,4.1539025,2.4917967
22.5,120.5,2004-08-01,2004-11-14,105,25,22.482029,24.200079,21.31609,80.52083,2.3748672,1.4367676,86.11345,71.22615,2.9323273,1.794233
24.5,121.5,2004-08-01,2004-11-15,106,25,17.535072,19.630583,16.153057,85.278244,2.9286692,5.529785,90.56062,76.45727,3.6447783,2.123899
22.5,120.5,2004-08-01,2004-11-15,106,25,22.376616,24.359419,21.202724,80.2603,2.0989845,1.4416504,86.89146,68.95933,2.5271256,1.6582837
23.5,121.5,2004-08-01,2004-11-15,106,25,19.353374,20.99606,18.251032,82.13686,3.5575416,4.3444824,87.00858,74.955635,4.1338267,2.8810973
24.5,120.5,2004-08-01,2004-11-15,106,25,21.603277,23.280815,20.44087,79.851654,6.194066,0.592041,85.57233,71.89471,7.3071704,4.8083744
23.5,120.5,2004-08-01,2004-11-15,106,25,19.261246,22.725357,17.08064,84.264015,2.0099096,1.0974121,93.142334,68.72969,2.765577,1.4525343
22.5,121.5,2004-08-01,2004-11-15,106,25,23.601948,24.240131,23.047422,77.51933,8.064556,3.010254,81.10203,73.61589,8.941523,7.157785
23.5,120.5,2004-08-01,2004-11-16,107,25,19.025545,22.447739,16.893936,83.93915,2.4010024,0.8227539,92.28833,69.30399,3.2679033,1.7683357
22.5,120.5,2004-08-01,2004-11-16,107,25,22.403728,24.416176,21.083101,80.35313,2.4658904,1.3330078,86.945145,69.699684,2.9249032,2.0344076
23.5,121.5,2004-08-01,2004-11-16,107,25,19.24988,21.028984,18.105759,82.36188,3.763591,4.260254,87.33127,74.7992,4.5793056,2.8966482
24.5,120.5,2004-08-01,2004-11-16,107,25,21.139528,22.906645,19.870733,79.58344,6.793329,0.95214844,85.3509,72.08756,8.120976,4.9938183
24.5,121.5,2004-08-01,2004-11-16,107,25,17.195856,19.544575,15.613766,85.67446,3.2285318,7.6953125,91.22234,76.11334,3.9704146,2.3647518
22.5,121.5,2004-08-01,2004-11-16,107,25,23.568317,24.345957,22.89902,77.94023,8.235836,2.2070312,81.730354,74.17664,9.598856,6.932964
23.5,121.5,2004-08-01,2004-11-17,108,25,18.843657,20.524551,17.6953,82.107376,4.0923533,3.7695312,86.92119,74.83516,4.8435383,3.2047403
24.5,120.5,2004-08-01,2004-11-17,108,25,20.799536,22.42041,19.636202,78.417015,7.002285,1.0864258,84.289505,70.34222,8.083776,5.6096654
23.5,120.5,2004-08-01,2004-11-17,108,25,18.73651,22.250645,16.44152,82.825134,2.4901235,0.7470703,91.511475,67.55823,3.4210894,1.7635717
24.5,121.5,2004-08-01,2004-11-17,108,25,16.546528,18.575306,15.1551285,86.10318,3.2122324,6.8725586,91.17516,77.38332,3.934787,2.369539
22.5,121.5,2004-08-01,2004-11-17,108,25,23.232466,23.813652,22.713951,77.26852,8.818086,1.7529297,80.40804,73.592186,9.983259,7.491472
22.5,120.5,2004-08-01,2004-11-17,108,25,22.133266,24.180645,20.821674,79.26033,2.6385288,0.7519531,85.775764,68.62967,3.3049135,2.005802
24.5,120.5,2004-08-01,2004-11-18,109,25,20.893848,22.744125,19.640919,77.509796,7.052507,1.0742188,84.038536,68.63371,8.44119,5.4829016
22.5,120.5,2004-08-01,2004-11-18,109,25,22.033144,24.085522,20.719366,79.005165,2.556293,0.91552734,85.600586,68.15279,3.1267645,2.0112467
24.5,121.5,2004-08-01,2004-11-18,109,25,16.609823,18.697878,15.197457,84.6835,3.2627432,7.104492,90.22692,75.57139,4.0449433,2.4094727
23.5,121.5,2004-08-01,2004-11-18,109,25,18.74869,20.524897,17.528488,81.58026,3.9953797,4.8291016,86.919395,73.53595,4.789388,3.0475998
23.5,120.5,2004-08-01,2004-11-18,109,25,18.615545,22.259584,16.345705,82.52495,2.4527025,0.5053711,91.76987,67.10282,3.3159778,1.7747633
22.5,121.5,2004-08-01,2004-11-18,109,25,23.138105,23.830141,22.445864,76.73546,8.803403,2.692871,81.20092,72.31796,9.995097,7.5084124
23.5,120.5,2004-08-01,2004-11-19,110,25,18.509956,21.921728,16.538805,82.97739,2.2342155,1.7651367,91.697784,68.1696,2.8741224,1.5788845
22.5,121.5,2004-08-01,2004-11-19,110,25,23.08437,23.612461,22.545591,76.9332,8.718426,3.5302734,80.13689,73.64443,9.756303,7.4877596
23.5,121.5,2004-08-01,2004-11-19,110,25,18.568354,20.026224,17.600178,82.596375,3.7708879,6.4648438,86.66476,76.24739,4.46457,3.0338106
24.5,120.5,2004-08-01,2004-11-19,110,25,20.854136,22.541758,19.811138,78.32395,6.4635396,0.7739258,84.34871,70.289085,7.666826,5.145601
22.5,120.5,2004-08-01,2004-11-19,110,25,21.899351,23.811495,20.741772,79.04527,2.6005118,1.8530273,85.21191,68.74514,3.1337774,2.004816
24.5,121.5,2004-08-01,2004-11-19,110,25,16.63691,18.56376,15.468766,85.42174,3.2085156,8.005371,90.06912,77.29167,3.7210336,2.631028
24.5,120.5,2004-08-01,2004-11-20,111,25,20.90168,22.622524,19.676353,78.86624,6.0414643,0.76171875,85.1104,70.5096,7.2780676,4.674956
23.5,121.5,2004-08-01,2004-11-20,111,25,18.930958,20.766357,17.71737,81.97028,3.4757385,5.4003906,86.86824,74.10195,4.332713,2.5906837
24.5,121.5,2004-08-01,2004-11-20,111,25,16.955315,19.186344,15.426222,84.930885,3.062497,7.5561523,90.681564,76.1692,3.8222027,2.1652954
23.5,120.5,2004-08-01,2004-11-20,111,25,18.645138,22.255884,16.430182,83.34034,2.2884774,1.4013672,92.43575,68.01052,3.0474231,1.6215527
22.5,121.5,2004-08-01,2004-11-20,111,25,23.33789,24.056616,22.644838,77.40409,7.9188786,7.3095703,81.15745,73.176956,9.393255,6.6587152
22.5,120.5,2004-08-01,2004-11-20,111,25,22.043829,24.194796,20.760048,79.52811,2.6664486,2.6098633,86.67724,67.84543,3.2917848,2.1765182
23.5,121.5,2004-08-01,2004-11-21,112,25,18.764236,20.422684,17.631369,82.42827,4.0143743,4.7924805,87.016075,75.777725,4.81643,3.1179798
24.5,120.5,2004-08-01,2004-11-21,112,25,20.768766,22.444542,19.582287,77.96036,6.9516487,0.4248047,83.6983,70.42753,8.236963,5.2859907
24.5,121.5,2004-08-01,2004-11-21,112,25,16.554977,18.57915,15.09859,85.290764,3.3289351,5.8740234,90.25067,76.86733,4.0210223,2.5011604
22.5,120.5,2004-08-01,2004-11-21,112,25,21.972088,24.281357,20.68081,79.61266,2.6019034,1.3061523,86.99899,67.502686,3.195585,2.0429509
23.5,120.5,2004-08-01,2004-11-21,112,25,18.646658,22.265575,16.571651,82.93495,2.4636347,1.1083984,91.47504,67.63416,3.407125,1.6506743
22.5,121.5,2004-08-01,2004-11-21,112,25,23.129725,23.903662,22.34266,78.184586,8.536883,2.6342773,82.03332,74.12025,9.834571,6.9986057
23.5,121.5,2004-08-01,2004-11-22,113,25,18.551094,20.265402,17.40896,81.003914,3.6253948,3.869629,85.48335,73.867935,4.4080534,2.8073156
24.5,120.5,2004-08-01,2004-11-22,113,25,20.766386,22.530634,19.567432,77.29051,6.639705,0.40527344,83.591415,68.47888,7.8666444,4.9327
22.5,121.5,2004-08-01,2004-11-22,113,25,22.989277,23.568178,22.311274,75.93417,8.523002,2.3266602,79.08816,72.58091,9.58993,7.3934264
24.5,121.5,2004-08-01,2004-11-22,113,25,16.546583,18.80509,15.063654,84.16042,2.9964428,4.6557617,89.5912,74.226265,3.7130053,2.223251
22.5,120.5,2004-08-01,2004-11-22,113,25,21.9117,23.96501,20.664394,78.52866,2.2533774,1.0424805,85.20159,67.60421,2.8218255,1.7690665
23.5,120.5,2004-08-01,2004-11-22,113,25,18.571798,22.198994,16.508068,82.51012,2.2350957,0.9033203,91.428505,66.51327,3.0646482,1.5843112
24.5,121.5,2004-08-01,2004-11-23,114,25,16.56699,18.683592,15.244567,84.84173,3.1639874,7.5268555,90.34158,75.72739,3.8654222,2.3778274
22.5,121.5,2004-08-01,2004-11-23,114,25,23.003006,23.64543,22.428495,76.2088,8.163333,3.1225586,79.86692,71.833206,9.289596,6.9910893
23.5,120.5,2004-08-01,2004-11-23,114,25,18.587341,21.966158,16.582159,82.231445,2.2789805,0.64941406,90.78631,66.883255,3.1146472,1.6906301
22.5,120.5,2004-08-01,2004-11-23,114,25,21.866892,23.902172,20.74164,78.329155,2.383361,0.64941406,84.29165,67.363976,2.8880706,1.8715472
24.5,120.5,2004-08-01,2004-11-23,114,25,20.731853,22.409546,19.585104,78.10091,6.479624,0.4638672,84.02917,69.88099,7.705806,4.8423796
23.5,121.5,2004-08-01,2004-11-23,114,25,18.567438,20.18803,17.4945,81.58683,3.5122619,5.5908203,86.5927,74.119,4.269777,2.650795
23.5,121.5,2004-08-01,2004-11-24,115,25,18.464588,19.949234,17.500378,83.0581,3.6544297,7.2753906,87.84348,75.91367,4.4154525,2.9270754
24.5,120.5,2004-08-01,2004-11-24,115,25,20.725857,22.230816,19.736052,78.716385,6.8856945,0.9472656,84.09787,71.44251,8.04461,5.421469
22.5,120.5,2004-08-01,2004-11-24,115,25,21.856697,23.814566,20.738165,78.82224,2.404876,1.3549805,84.77545,68.117775,2.8747785,1.9217316
23.5,120.5,2004-08-01,2004-11-24,115,25,18.609451,21.986597,16.62254,82.79527,2.319398,2.0117188,91.551445,67.92637,3.1511168,1.6264083
22.5,121.5,2004-08-01,2004-11-24,115,25,22.886696,23.504145,22.285595,77.694466,8.253674,4.851074,81.84486,73.65253,9.273868,7.117743
24.5,121.5,2004-08-01,2004-11-24,115,25,16.54822,18.322926,15.341891,85.7584,3.152549,8.881836,91.06743,77.81069,3.887126,2.3581283
24.5,120.5,2004-08-01,2004-11-25,116,25,20.857275,22.57795,19.760767,79.665726,6.6600685,1.3574219,85.4418,71.24867,7.788112,5.241078
23.5,121.5,2004-08-01,2004-11-25,116,25,18.58257,20.0967,17.56941,84.30129,3.4545822,8.828125,88.74312,77.62743,4.183122,2.7681098
24.5,121.5,2004-08-01,2004-11-25,116,25,16.759602,18.696936,15.488634,86.624054,2.992958,9.790039,92.03456,77.86224,3.6221206,2.2658784
22.5,120.5,2004-08-01,2004-11-25,116,25,21.798018,23.661152,20.51776,80.10647,2.4240327,1.8432617,87.74579,69.58006,2.9638777,1.8917868
23.5,120.5,2004-08-01,2004-11-25,116,25,18.503098,21.971153,16.292921,83.64906,2.2064903,2.224121,92.53296,67.942154,2.849764,1.6175848
22.5,121.5,2004-08-01,2004-11-25,116,25,23.028467,23.576197,22.485928,79.134254,7.945808,5.4956055,82.54266,75.521484,9.155837,6.713442
22.5,121.5,2004-08-01,2004-11-26,117,25,22.936163,23.518194,22.3579,80.02488,8.154854,6.1621094,83.13971,76.62165,9.762838,6.470712
23.5,120.5,2004-08-01,2004-11-26,117,25,18.54628,21.871498,16.579967,84.25974,2.5160854,2.4609375,92.487656,70.04505,3.283433,1.8881993
22.5,120.5,2004-08-01,2004-11-26,117,25,21.830948,23.898453,20.628017,81.09366,2.6351876,2.8442383,87.35096,70.18781,3.1573484,2.0995789
24.5,121.5,2004-08-01,2004-11-26,117,25,16.516827,18.231329,15.315988,87.84929,3.4756358,14.487305,91.70929,81.31076,4.2198296,2.6008294
23.5,121.5,2004-08-01,2004-11-26,117,25,18.542412,20.03354,17.51755,84.847855,3.7056906,8.676758,89.08201,78.345345,4.637409,2.7975826
24.5,120.5,2004-08-01,2004-11-26,117,25,20.631475,22.134605,19.567316,79.67478,7.4607115,2.5439453,84.96176,72.61663,8.755708,5.767147
23.5,120.5,2004-08-01,2004-11-27,118,25,18.26428,21.467945,16.345474,84.1788,2.4387624,2.7807617,91.81008,70.538185,3.3267972,1.7653831
22.5,121.5,2004-08-01,2004-11-27,118,25,22.7276,23.258257,22.199795,78.35585,8.396478,4.362793,82.16239,74.68923,9.323591,7.361563
22.5,120.5,2004-08-01,2004-11-27,118,25,21.538967,23.42482,20.393824,80.73586,2.5784628,2.4316406,86.04248,70.21951,3.2327595,1.9837277
24.5,121.5,2004-08-01,2004-11-27,118,25,16.26295,17.781069,15.291325,87.57219,3.3957434,13.024902,91.323586,81.18992,4.0490775,2.6699984
24.5,120.5,2004-08-01,2004-11-27,118,25,20.413284,21.792543,19.410109,79.351906,7.4512663,2.5268555,84.12698,72.71673,8.557779,5.98463
23.5,121.5,2004-08-01,2004-11-27,118,25,18.179964,19.542112,17.30397,84.37666,3.6775217,8.190918,88.37632,77.718376,4.3415494,2.8920395
23.5,121.5,2004-08-01,2004-11-28,119,25,18.166271,19.5455,17.08549,83.17264,3.9594965,6.459961,87.64165,76.889725,4.6214976,3.1525
24.5,120.5,2004-08-01,2004-11-28,119,25,20.321545,21.746431,19.326256,78.74239,7.5298424,0.6665039,84.01902,72.07665,8.851125,5.8712645
22.5,120.5,2004-08-01,2004-11-28,119,25,21.466913,23.360586,20.215103,80.11517,2.7228372,2.849121,86.45769,69.90821,3.2488656,2.1593113
24.5,121.5,2004-08-01,2004-11-28,119,25,16.021759,17.658077,14.8392105,86.60049,3.486174,8.544922,91.27652,79.420006,4.158599,2.763398
22.5,121.5,2004-08-01,2004-11-28,119,25,22.628906,23.241787,22.10463,78.073616,8.852335,4.3164062,81.93003,73.80363,9.910683,7.574808
23.5,120.5,2004-08-01,2004-11-28,119,25,18.225235,21.449804,16.206486,83.375626,2.4668984,1.5673828,92.05636,69.249565,3.315224,1.8573425
24.5,120.5,2004-08-01,2004-11-29,120,25,20.371666,21.983965,19.336763,78.20374,6.9558992,1.4257812,84.06591,70.45041,8.346661,5.2634172
23.5,121.5,2004-08-01,2004-11-29,120,25,18.06598,19.686888,16.964054,83.05584,3.9671218,6.0180664,87.60596,75.92176,4.741208,3.0773618
24.5,121.5,2004-08-01,2004-11-29,120,25,16.152681,18.127436,14.922785,85.589264,3.420472,8.62793,90.68671,76.96414,4.1155133,2.6340961
22.5,120.5,2004-08-01,2004-11-29,120,25,21.442524,23.51205,20.081076,79.67872,2.530501,1.1206055,86.37441,68.82703,3.038473,2.0531967
23.5,120.5,2004-08-01,2004-11-29,120,25,18.131802,21.628613,15.966442,83.25686,2.3242393,1.4355469,92.217354,67.80133,3.2283094,1.6025052
22.5,121.5,2004-08-01,2004-11-29,120,25,22.670044,23.349136,22.033134,76.86971,8.876167,2.1582031,81.32793,73.01765,10.053343,7.5507064
23.5,121.5,2004-08-01,2004-11-30,121,25,17.960543,19.562284,17.037321,82.16179,3.897196,5.0805664,86.915276,74.77968,4.529946,3.0227923
24.5,120.5,2004-08-01,2004-11-30,121,25,20.136948,21.737759,19.102663,79.2775,6.7150793,1.5283203,84.93761,70.907585,7.626127,5.4108562
24.5,121.5,2004-08-01,2004-11-30,121,25,15.889936,17.823011,14.631578,86.10129,3.2655058,7.95166,90.77845,77.88542,3.8460004,2.4760354
23.5,120.5,2004-08-01,2004-11-30,121,25,17.841791,21.353926,15.795973,83.57346,2.3303747,1.6064453,91.556816,68.50397,3.1047812,1.6663209
22.5,120.5,2004-08-01,2004-11-30,121,25,21.260698,23.331816,19.975832,78.99098,2.6466072,1.3476562,85.244354,67.87927,3.2164764,2.0308933
22.5,121.5,2004-08-01,2004-11-30,121,25,22.601206,23.253672,22.03314,75.89931,8.752708,2.446289,79.66,71.87084,9.930216,7.3798327
24.5,120.5,2004-08-01,2004-12-01,122,25,20.39203,22.08855,19.366179,79.950584,6.669021,0.6302307,85.5284,71.72253,7.9972334,5.0903373
22.5,120.5,2004-08-01,2004-12-01,122,25,21.461836,23.53105,20.20464,79.382744,2.5099862,1.3773023,86.22481,67.72627,3.1468432,1.9938931
22.5,121.5,2004-08-01,2004-12-01,122,25,22.736465,23.352915,22.251099,77.464874,8.549793,3.1595263,80.57564,74.02544,9.527763,7.524901
23.5,121.5,2004-08-01,2004-12-01,122,25,18.224081,19.95822,17.182657,82.94243,3.7022905,4.551128,87.29545,75.42143,4.3395014,3.0222406
23.5,120.5,2004-08-01,2004-12-01,122,25,18.11951,21.72019,15.947975,83.55968,2.2525952,0.9695874,92.094345,67.95418,3.0280142,1.6751375
24.5,121.5,2004-08-01,2004-12-01,122,25,16.29041,18.32027,15.114884,86.30856,3.1855178,7.6932178,91.143105,77.43228,3.755915,2.4981272
22.5,121.5,2004-08-01,2004-12-02,123,25,22.738876,23.346207,22.091747,77.67371,8.423809,4.0283203,81.306305,73.97491,9.606059,7.1500096
22.5,120.5,2004-08-01,2004-12-02,123,25,21.457607,23.433453,20.219156,80.23338,2.4919522,2.34375,86.3085,69.60799,3.0028198,2.0105984
24.5,121.5,2004-08-01,2004-12-02,123,25,16.306885,18.191496,14.967491,86.16302,3.2209442,8.981934,90.979485,77.99788,4.080919,2.2714496
24.5,120.5,2004-08-01,2004-12-02,123,25,20.435284,22.096962,19.30024,79.80685,6.7708735,1.4550781,85.39478,71.89175,8.153441,5.066022
23.5,121.5,2004-08-01,2004-12-02,123,25,18.151085,19.670094,16.994898,83.26813,3.716645,7.109375,88.04128,76.412704,4.5866065,2.756422
23.5,120.5,2004-08-01,2004-12-02,123,25,18.146025,21.687828,15.905108,84.06543,2.245911,1.6333008,92.91951,68.988,2.98393,1.6091204
22.5,120.5,2004-08-01,2004-12-03,124,25,21.422667,23.407393,20.09939,80.71876,2.6378825,5.6030273,87.632416,69.52322,3.3198438,1.9837602
22.5,121.5,2004-08-01,2004-12-03,124,25,22.699463,23.377192,22.119429,78.260506,8.277925,7.883301,81.960655,73.97033,9.515082,7.1482654
23.5,120.5,2004-08-01,2004-12-03,124,25,18.130127,21.643095,15.979137,84.297356,2.3896728,3.3398438,92.68548,69.61868,3.1397858,1.7264261
24.5,120.5,2004-08-01,2004-12-03,124,25,20.24784,21.898174,19.123034,80.69461,6.762537,2.5341797,86.31916,73.18565,7.936081,5.20027
23.5,121.5,2004-08-01,2004-12-03,124,25,18.268993,19.95483,17.17922,83.67068,3.6692147,12.155762,88.43045,76.47183,4.4081273,2.8717332
24.5,121.5,2004-08-01,2004-12-03,124,25,16.293701,18.455753,14.955035,87.19871,3.060517,15.068359,92.000244,78.55646,3.7703102,2.191587
24.5,121.5,2004-08-01,2004-12-04,125,25,16.06786,18.010445,14.685285,87.56434,3.3560843,9.980469,91.80984,79.80787,4.021186,2.536979
23.5,121.5,2004-08-01,2004-12-04,125,25,18.164421,19.755114,17.029484,84.65706,3.802914,8.776855,88.86163,77.89847,4.597348,2.9125898
24.5,120.5,2004-08-01,2004-12-04,125,25,19.906101,21.443321,18.828903,80.95543,6.7668114,2.1044922,86.42861,73.33193,8.165902,5.3506694
23.5,120.5,2004-08-01,2004-12-04,125,25,17.905672,21.276318,15.85421,84.44304,2.5952249,3.8085938,92.476974,70.70795,3.3514767,1.9240091
22.5,121.5,2004-08-01,2004-12-04,125,25,22.612312,23.278643,21.88959,79.50409,8.456706,4.211426,82.69852,76.10927,9.853905,6.681692
22.5,120.5,2004-08-01,2004-12-04,125,25,21.29651,23.307178,19.95107,81.61307,2.812011,3.4765625,88.054474,71.3953,3.4535315,2.2038224
22.5,121.5,2004-08-01,2004-12-05,126,25,22.184643,22.900795,21.496407,78.33404,8.233125,2.7856445,81.36591,74.41482,9.753456,6.7782426
23.5,121.5,2004-08-01,2004-12-05,126,25,17.65816,19.4637,16.402315,83.30698,3.618354,4.8242188,88.08084,75.79247,4.484707,2.6405256
24.5,120.5,2004-08-01,2004-12-05,126,25,19.59394,21.296825,18.416428,79.08024,6.9936414,1.171875,84.49449,71.61707,8.343937,5.2712917
24.5,121.5,2004-08-01,2004-12-05,126,25,15.588315,17.736141,14.047013,85.786995,3.1873336,8.00293,90.808105,76.965965,3.8929412,2.31473
23.5,120.5,2004-08-01,2004-12-05,126,25,17.51105,21.109795,15.343976,82.93508,2.543251,1.1352539,91.146545,68.36708,3.201425,1.9329841
22.5,120.5,2004-08-01,2004-12-05,126,25,21.024176,23.146826,19.705973,79.672966,2.8129025,1.2182617,86.54601,68.358864,3.3654819,2.22942
23.5,121.5,2004-08-01,2004-12-06,127,25,17.371355,19.160404,16.207848,82.11634,3.631726,4.819336,86.48956,74.34498,4.4354463,2.787264
23.5,120.5,2004-08-01,2004-12-06,127,25,17.112839,20.921577,14.937047,83.251114,2.4359183,1.9189453,91.9521,67.35009,3.1666412,1.8601068
24.5,121.5,2004-08-01,2004-12-06,127,25,15.23491,17.317553,13.796901,85.73751,3.1897802,7.6757812,90.179016,77.46462,3.7453606,2.550939
22.5,120.5,2004-08-01,2004-12-06,127,25,20.739538,22.99353,19.450792,78.94906,2.811314,1.3208008,85.28246,66.87192,3.3774283,2.2606826
22.5,121.5,2004-08-01,2004-12-06,127,25,22.057606,22.75753,21.383862,76.692535,8.593403,2.8881836,80.1002,72.82911,9.594463,7.412881
24.5,120.5,2004-08-01,2004-12-06,127,25,19.190378,20.809742,17.96237,79.81872,6.879259,3.4350586,85.21164,72.25798,7.962075,5.4768157
22.5,120.5,2004-08-01,2004-12-07,128,25,20.79597,22.853184,19.629938,79.358284,2.6954534,2.6660156,86.06662,67.982574,3.3028576,2.100513
22.5,121.5,2004-08-01,2004-12-07,128,25,22.178608,22.743267,21.65813,77.082596,8.218632,4.5288086,80.71215,72.69666,9.570656,6.8724804
23.5,120.5,2004-08-01,2004-12-07,128,25,17.22275,20.70834,15.349865,83.47929,2.3565087,3.305664,91.68395,68.66405,3.0117223,1.7247716
24.5,120.5,2004-08-01,2004-12-07,128,25,19.404995,21.032558,18.289776,80.30878,6.769484,3.400879,85.9975,72.392494,8.024546,5.2061963
23.5,121.5,2004-08-01,2004-12-07,128,25,17.55982,19.227636,16.593756,82.515205,3.500242,7.7905273,87.034775,74.437645,4.334429,2.6572618
24.5,121.5,2004-08-01,2004-12-07,128,25,15.570132,17.679276,14.285866,86.235,3.0930662,11.115723,91.43936,76.899994,3.7587295,2.3135333
24.5,121.5,2004-08-01,2004-12-08,129,25,15.47072,17.395906,14.182604,88.05817,3.4434397,11.977539,92.248146,80.48407,4.207544,2.5515733
23.5,121.5,2004-08-01,2004-12-08,129,25,17.66945,19.371689,16.475075,83.80304,3.9203956,8.178711,88.513084,76.50105,4.715826,3.0346234
24.5,120.5,2004-08-01,2004-12-08,129,25,19.35871,20.931162,18.22837,80.528656,7.632034,1.7211926,85.47509,73.73658,9.1183,5.837786
22.5,120.5,2004-08-01,2004-12-08,129,25,20.919939,23.041632,19.663776,79.73651,2.911868,2.150879,87.39782,68.38371,3.4209898,2.4397783
23.5,120.5,2004-08-01,2004-12-08,129,25,17.37107,20.732569,15.535548,83.85462,2.6179612,2.0141602,91.65057,69.697395,3.381628,1.9345387
22.5,121.5,2004-08-01,2004-12-08,129,25,22.336111,23.05292,21.711767,78.197075,8.734223,6.430664,82.052444,73.8788,10.056372,7.48374
23.5,121.5,2004-08-01,2004-12-09,130,25,17.146683,18.707603,15.947379,83.65604,4.667827,12.658691,87.80163,77.747635,5.5295186,3.7148294
23.5,120.5,2004-08-01,2004-12-09,130,25,17.04391,20.510063,15.034894,82.36753,2.997881,1.9067359,90.12493,68.126015,3.9000883,2.2837167
22.5,121.5,2004-08-01,2004-12-09,130,25,21.724533,22.3807,21.025415,78.7452,9.732828,4.8242188,82.12887,75.47388,11.123445,8.309589
24.5,121.5,2004-08-01,2004-12-09,130,25,14.570003,16.356237,13.181314,87.37552,3.918764,16.401367,91.30734,80.85526,4.6643786,2.9848416
22.5,120.5,2004-08-01,2004-12-09,130,25,20.534006,22.568813,19.169025,79.64398,3.1254196,1.5478516,85.72772,69.69152,3.7142344,2.5086496
24.5,120.5,2004-08-01,2004-12-09,130,25,18.693304,20.22694,17.529894,78.11611,8.819765,1.6137695,83.08475,71.72025,9.87408,7.454696
22.5,121.5,2004-08-01,2004-12-10,131,25,21.311922,21.846533,20.746582,77.27494,9.586021,2.6123047,79.94601,74.472,10.686317,8.423797
22.5,120.5,2004-08-01,2004-12-10,131,25,20.159187,22.005156,18.939049,77.77251,2.937136,1.3647461,83.44604,68.29573,3.557712,2.364099
24.5,121.5,2004-08-01,2004-12-10,131,25,14.077644,15.748702,12.914279,86.05728,3.743794,9.799805,90.06602,78.99928,4.499112,2.935501
24.5,120.5,2004-08-01,2004-12-10,131,25,18.317741,19.765831,17.293854,77.40106,8.345407,1.862793,82.154755,70.59085,9.507622,6.976333
23.5,121.5,2004-08-01,2004-12-10,131,25,16.617487,18.122818,15.62632,82.5441,4.46718,5.0976562,86.417366,75.95107,5.215448,3.7248633
23.5,120.5,2004-08-01,2004-12-10,131,25,16.504656,19.892424,14.495905,81.79906,2.7966692,1.2329102,89.97266,67.29699,3.6679919,2.0329332
23.5,121.5,2004-08-01,2004-12-11,132,25,16.415102,17.84131,15.341827,81.261986,4.758124,4.873047,85.74786,75.31833,5.4820967,4.0175166
24.5,120.5,2004-08-01,2004-12-11,132,25,18.107094,19.481178,16.94986,75.719604,8.477038,1.3525391,81.11655,69.295685,9.577413,7.050803
24.5,121.5,2004-08-01,2004-12-11,132,25,13.7186365,15.465084,12.468346,84.99157,3.9150827,7.7856445,89.48164,77.859825,4.551714,3.2051318
22.5,121.5,2004-08-01,2004-12-11,132,25,21.228931,21.90579,20.50692,75.10778,9.965252,2.2021484,79.10092,71.49399,11.112797,8.573049
22.5,120.5,2004-08-01,2004-12-11,132,25,19.950981,21.656757,18.760344,76.96462,2.8522463,0.99365234,83.173874,68.08238,3.411786,2.294374
23.5,120.5,2004-08-01,2004-12-11,132,25,16.30475,19.545666,14.417286,80.86753,2.7942457,0.95458984,89.142136,66.57445,3.5594969,2.0726624
23.5,121.5,2004-08-01,2004-12-12,133,25,16.227348,17.679049,15.247808,81.29813,4.6083245,6.298828,85.19914,75.43664,5.2090178,3.9373624
24.5,120.5,2004-08-01,2004-12-12,133,25,17.941156,19.335035,16.942053,75.98039,8.158219,1.7407227,80.60102,69.21032,9.102947,7.107536
24.5,121.5,2004-08-01,2004-12-12,133,25,13.5562935,15.289517,12.393537,84.90767,3.782379,9.296875,88.970695,77.74347,4.3410945,3.0889726
23.5,120.5,2004-08-01,2004-12-12,133,25,16.10274,19.219986,14.262242,81.401505,2.6622925,1.640625,89.010605,67.827835,3.4345481,2.0178368
22.5,121.5,2004-08-01,2004-12-12,133,25,21.036646,21.613379,20.450485,75.248245,9.986454,2.8125,78.15523,72.09668,11.165197,8.968424
22.5,120.5,2004-08-01,2004-12-12,133,25,19.796371,21.570688,18.66563,76.609314,2.9170716,1.4331055,82.14412,67.62592,3.4447584,2.4256916
24.5,120.5,2004-08-01,2004-12-13,134,25,18.30745,19.858734,17.056803,77.56835,7.1954875,2.3095703,83.16723,69.65577,8.460302,5.585537
23.5,121.5,2004-08-01,2004-12-13,134,25,16.434284,17.952797,15.337467,81.71984,4.028748,6.6845703,86.56633,74.81998,4.767468,3.091445
24.5,121.5,2004-08-01,2004-12-13,134,25,14.101843,15.927216,12.796109,85.33549,3.366168,9.02832,90.26277,77.390564,4.072554,2.5239742
22.5,120.5,2004-08-01,2004-12-13,134,25,19.784206,21.625923,18.571266,77.232796,2.6797695,1.4624023,83.83636,66.87698,3.2696943,2.1193001
22.5,121.5,2004-08-01,2004-12-13,134,25,21.220104,21.856646,20.590542,75.50604,9.301719,3.1567383,79.86368,71.22433,10.412705,8.042202
23.5,120.5,2004-08-01,2004-12-13,134,25,16.148054,19.721155,13.950587,81.71983,2.3940423,2.1411133,90.3379,65.96557,3.160581,1.7296932
22.5,121.5,2004-08-01,2004-12-14,135,25,21.600397,22.351816,20.848974,76.320656,8.196351,6.4819336,79.90075,72.516106,9.771811,6.5318522
23.5,121.5,2004-08-01,2004-12-14,135,25,16.86368,18.60767,15.679787,82.10484,3.3814545,7.9467773,86.636566,74.39232,4.3818355,2.2158153
23.5,120.5,2004-08-01,2004-12-14,135,25,16.224812,19.94681,14.204273,82.78062,2.5451455,2.211914,91.43781,67.09463,3.416026,1.7815479
24.5,120.5,2004-08-01,2004-12-14,135,25,18.372898,20.158812,17.071632,79.54507,6.516166,2.5195312,85.38877,71.02673,7.833453,4.687826
24.5,121.5,2004-08-01,2004-12-14,135,25,14.584363,16.62639,13.053234,86.158134,3.1775403,10.700684,90.72288,78.111404,4.066347,2.1274796
22.5,120.5,2004-08-01,2004-12-14,135,25,20.00608,22.232359,18.667877,78.74448,2.892702,2.7563477,85.79448,66.9084,3.5502534,2.2901688
22.5,120.5,2004-08-01,2004-12-15,136,25,19.951067,21.974218,18.656364,79.45226,2.8404908,3.671875,86.125725,68.15911,3.4846866,2.2658272
22.5,121.5,2004-08-01,2004-12-15,136,25,21.395403,22.082169,20.789135,77.37921,7.7668495,6.5283203,81.69225,72.68166,9.211783,6.354165
23.5,120.5,2004-08-01,2004-12-15,136,25,16.16257,19.624453,14.196129,83.24747,2.6060412,2.8198242,90.713,68.33138,3.4607022,1.885733
24.5,121.5,2004-08-01,2004-12-15,136,25,14.3979025,16.387993,13.160753,86.899414,3.0383353,9.550781,91.608925,78.54847,3.869061,1.9030052
23.5,121.5,2004-08-01,2004-12-15,136,25,16.740852,18.45121,15.733961,83.124954,3.428665,7.529297,87.70801,75.74248,4.3589873,2.4079304
24.5,120.5,2004-08-01,2004-12-15,136,25,17.939114,19.372757,16.950645,80.17147,6.766905,2.4023438,84.579796,73.658104,8.168722,4.7902665
22.5,120.5,2004-08-01,2004-12-16,137,25,20.012417,21.751318,18.873419,80.59787,2.8111606,3.708496,86.084435,71.37219,3.4234824,2.187488
23.5,120.5,2004-08-01,2004-12-16,137,25,16.271929,19.569757,14.350236,83.35328,2.5764294,2.5,91.22985,69.4382,3.4791434,1.8895912
24.5,120.5,2004-08-01,2004-12-16,137,25,18.07564,19.493258,17.034523,79.554214,6.780969,2.019043,84.73036,72.35591,7.949334,5.43654
22.5,121.5,2004-08-01,2004-12-16,137,25,21.51775,22.14774,20.906544,77.79979,7.6738653,4.536133,81.360275,73.47192,9.087457,6.2045393
23.5,121.5,2004-08-01,2004-12-16,137,25,16.946108,18.596188,15.811808,83.39923,3.428691,7.4438477,88.1956,76.14809,4.2533803,2.4781342
24.5,121.5,2004-08-01,2004-12-16,137,25,14.661382,16.760979,13.3411045,86.5783,3.0589046,8.457031,91.15157,77.81306,3.7509482,2.1768923
24.5,121.5,2004-08-01,2004-12-17,138,25,14.547788,16.570868,12.922707,86.594505,3.536071,8.618164,90.956985,78.77558,4.3215475,2.6741068
23.5,121.5,2004-08-01,2004-12-17,138,25,17.022085,18.844637,15.736573,82.61677,4.1191792,4.82666,87.657196,75.03463,5.060386,2.9291472
24.5,120.5,2004-08-01,2004-12-17,138,25,18.257769,19.892132,16.922482,78.85911,7.768614,1.1401367,84.95259,71.954,9.106738,5.82884
22.5,120.5,2004-08-01,2004-12-17,138,25,20.329468,22.486465,19.004318,79.55927,2.7722852,1.4160156,85.443924,68.5972,3.344234,2.18002
22.5,121.5,2004-08-01,2004-12-17,138,25,21.659721,22.45375,20.875942,77.72203,8.7438135,3.125,81.532295,73.60873,10.328955,6.9634857
23.5,120.5,2004-08-01,2004-12-17,138,25,16.63275,20.416307,14.466114,82.35398,2.6943018,1.0180664,90.75541,66.898026,3.5723493,1.8077095
23.5,120.5,2004-08-01,2004-12-18,139,25,16.461004,19.885971,14.3437805,83.021355,2.5980027,0.99853516,90.909256,68.933235,3.3812191,1.8852774
22.5,121.5,2004-08-01,2004-12-18,139,25,21.435984,22.14166,20.741793,78.40643,8.982688,4.145508,82.248314,75.03583,10.128719,7.7997103
22.5,120.5,2004-08-01,2004-12-18,139,25,20.12948,22.079096,18.962793,79.75295,2.8713138,1.3964844,85.939186,70.0281,3.3737075,2.398744
24.5,120.5,2004-08-01,2004-12-18,139,25,18.162586,19.7358,17.002193,80.079666,7.3912325,1.6699219,85.13992,73.15233,8.58831,5.8728857
23.5,121.5,2004-08-01,2004-12-18,139,25,16.740456,18.38433,15.527379,83.40375,4.0004506,5.773926,87.92543,76.53332,4.7878704,3.2168012
24.5,121.5,2004-08-01,2004-12-18,139,25,14.3852415,16.379286,13.056554,86.581955,3.4592788,8.417969,90.98351,78.7284,4.0483036,2.7785337
24.5,121.5,2004-08-01,2004-12-19,140,25,14.472918,16.612762,13.037658,86.073654,3.4953578,8.913574,90.65867,77.57208,4.0954275,2.7196429
23.5,121.5,2004-08-01,2004-12-19,140,25,16.702078,18.378572,15.416891,82.606544,3.8577924,7.133789,87.09452,75.55379,4.7377462,2.8238971
22.5,120.5,2004-08-01,2004-12-19,140,25,20.106647,22.132402,18.816177,78.95263,3.0867658,2.4169922,85.21624,68.75349,3.662369,2.5771656
23.5,120.5,2004-08-01,2004-12-19,140,25,16.204538,19.752558,14.133278,83.01778,2.476605,2.553711,91.43922,68.43468,3.212229,1.8372948
24.5,120.5,2004-08-01,2004-12-19,140,25,18.066317,19.808388,16.830748,79.79418,6.599257,2.4829102,85.80447,71.48107,7.902643,4.9142504
22.5,121.5,2004-08-01,2004-12-19,140,25,21.452253,22.072613,20.708803,77.7693,8.572068,5.7177734,81.62171,74.17606,10.185806,6.7710238
23.5,121.5,2004-08-01,2004-12-20,141,25,16.477161,18.452456,15.245304,82.05266,3.9983845,4.760742,87.23396,74.49087,4.9089923,2.9324777
24.5,121.5,2004-08-01,2004-12-20,141,25,13.901751,16.144482,12.4107,85.387985,3.364658,6.9628906,90.57151,76.84808,4.301113,2.370011
24.5,120.5,2004-08-01,2004-12-20,141,25,17.642414,19.378265,16.451256,78.80085,7.1765633,2.4487305,84.135735,71.49211,8.626937,5.308695
23.5,120.5,2004-08-01,2004-12-20,141,25,16.100697,19.755453,14.0177555,82.36254,2.5675454,1.8774414,90.22907,68.253494,3.3046267,1.91761
22.5,121.5,2004-08-01,2004-12-20,141,25,21.204094,22.024302,20.40778,77.44637,8.559021,3.1176758,81.23394,73.04872,9.931795,7.007488
22.5,120.5,2004-08-01,2004-12-20,141,25,19.845032,21.96417,18.553444,78.98649,2.8957076,2.0922852,85.008545,68.81876,3.5803344,2.2029617
22.5,120.5,2004-08-01,2004-12-21,142,25,19.795277,21.712486,18.601988,78.80465,2.6778772,1.965332,85.05705,68.267975,3.1994271,2.1456003
23.5,121.5,2004-08-01,2004-12-21,142,25,16.438322,17.991783,15.417584,82.5811,3.7128549,5.395508,86.91255,75.65122,4.475377,2.8920865
23.5,120.5,2004-08-01,2004-12-21,142,25,16.014221,19.419283,14.145167,83.27601,2.4263961,2.5708008,90.99924,68.48342,3.051102,1.8199441
24.5,120.5,2004-08-01,2004-12-21,142,25,17.719788,19.333815,16.734556,79.09904,7.0701375,2.3388672,84.49474,70.842,8.130343,5.6797776
24.5,121.5,2004-08-01,2004-12-21,142,25,13.955706,15.927838,12.722823,86.74416,3.2358446,9.538574,91.52786,78.15582,3.9057348,2.4523206
22.5,121.5,2004-08-01,2004-12-21,142,25,21.192541,21.758251,20.623066,77.02373,8.484018,3.7280273,80.41123,73.61459,9.610751,7.2481823
23.5,121.5,2004-08-01,2004-12-22,143,25,16.577848,18.214842,15.488263,84.58513,3.308975,6.303711,89.01924,77.452644,4.1501684,2.4536438
22.5,121.5,2004-08-01,2004-12-22,143,25,21.249138,21.874302,20.6685,79.261246,7.3584795,3.6328125,82.25272,75.790504,8.580816,5.9853888
22.5,120.5,2004-08-01,2004-12-22,143,25,19.819237,21.843945,18.593132,80.66891,2.6779969,1.6552734,87.344025,69.46131,3.273799,2.049145
23.5,120.5,2004-08-01,2004-12-22,143,25,16.154041,19.722694,14.194484,84.009315,2.474178,1.7285156,91.83711,69.47144,3.1428106,1.8917978
24.5,120.5,2004-08-01,2004-12-22,143,25,17.961815,19.586912,16.795431,80.64605,6.935953,1.2475586,85.70373,72.98942,8.21601,5.437033
24.5,121.5,2004-08-01,2004-12-22,143,25,14.403162,16.399935,13.052682,87.50166,3.2229433,10.026855,91.77843,79.17301,3.9631357,2.3686063
22.5,121.5,2004-08-01,2004-12-23,144,25,21.25128,22.063223,20.415201,78.29232,7.694463,1.9018555,82.20559,74.1989,9.099396,6.1482143
22.5,120.5,2004-08-01,2004-12-23,144,25,19.89206,22.06353,18.508795,80.600044,2.8953476,1.0375977,87.18735,69.70558,3.6143897,2.2910275
24.5,121.5,2004-08-01,2004-12-23,144,25,14.232118,16.354548,12.70756,86.83245,3.109892,6.845703,91.32956,79.23621,3.77376,2.3661323
23.5,120.5,2004-08-01,2004-12-23,144,25,16.19331,19.889938,14.179069,83.778275,2.5961637,0.9301758,91.500916,68.71233,3.5497227,1.7825956
24.5,120.5,2004-08-01,2004-12-23,144,25,17.685946,19.209513,16.527184,80.36662,6.870603,1.3305664,85.55197,73.84219,8.016391,5.244787
23.5,121.5,2004-08-01,2004-12-23,144,25,16.670477,18.552975,15.358526,83.222694,3.5410624,4.494629,88.10654,75.8041,4.458435,2.4949303
24.5,120.5,2004-08-01,2004-12-24,145,25,17.11528,18.631258,15.964977,78.10112,7.0109773,1.0473633,84.1174,70.01639,8.29147,5.3791194
22.5,120.5,2004-08-01,2004-12-24,145,25,19.409304,21.557734,18.002388,78.63277,2.9956582,0.91796875,85.277565,67.613556,3.607595,2.3496945
22.5,121.5,2004-08-01,2004-12-24,145,25,20.617039,21.373379,19.87417,77.443344,8.160285,2.746582,80.971146,73.63931,9.694076,6.6546865
23.5,120.5,2004-08-01,2004-12-24,145,25,15.591355,19.123592,13.367096,82.10714,2.5953443,0.72998047,91.275665,66.564476,3.3696704,1.899823
23.5,121.5,2004-08-01,2004-12-24,145,25,15.916804,17.720009,14.613971,82.399284,3.7834425,5.7055664,87.15224,74.67666,4.6699233,2.6937706
24.5,121.5,2004-08-01,2004-12-24,145,25,13.413621,15.451639,11.957311,85.23658,3.3179543,6.689453,90.11268,76.86653,4.1679683,2.2773235
22.5,121.5,2004-08-01,2004-12-25,146,25,20.205355,20.845469,19.553644,76.536644,8.070847,2.553711,79.54095,73.331955,9.458839,6.665148
23.5,121.5,2004-08-01,2004-12-25,146,25,15.437991,17.149734,14.245401,82.15266,3.420152,4.580078,86.75322,74.992035,4.468006,2.317167
23.5,120.5,2004-08-01,2004-12-25,146,25,15.06717,18.813953,12.901334,81.41946,2.4675448,0.9472656,90.09671,65.339516,3.2890148,1.6735288
24.5,120.5,2004-08-01,2004-12-25,146,25,16.946585,18.598564,15.708575,77.86292,6.250397,1.1303711,84.381004,69.30277,7.809557,4.3406854
24.5,121.5,2004-08-01,2004-12-25,146,25,13.091351,15.354814,11.535079,85.05027,2.9850013,6.2060547,90.23096,75.654915,3.6831558,2.1637905
22.5,120.5,2004-08-01,2004-12-25,146,25,18.969397,21.073486,17.724878,77.76734,2.702317,0.9057617,84.345184,67.00625,3.3803906,2.0718772
23.5,121.5,2004-08-01,2004-12-26,147,25,15.675074,17.585247,14.345865,81.59181,3.0934317,5.209961,87.017715,73.13803,4.1333447,2.1157038
24.5,121.5,2004-08-01,2004-12-26,147,25,13.336382,15.751757,11.698653,84.87968,3.0176675,7.548828,90.69473,74.94776,3.7364545,2.0403929
24.5,120.5,2004-08-01,2004-12-26,147,25,16.939116,18.61782,15.789356,78.36559,6.204695,1.9482422,84.33036,70.0597,7.611452,4.4506364
22.5,121.5,2004-08-01,2004-12-26,147,25,20.610523,21.374424,19.874405,75.72319,7.271406,3.2495117,80.86855,70.69278,9.104391,5.7399235
22.5,120.5,2004-08-01,2004-12-26,147,25,19.136772,21.306133,17.730114,77.44802,2.8553402,1.2915039,84.301895,66.12051,3.548873,2.110075
23.5,120.5,2004-08-01,2004-12-26,147,25,15.088276,18.869959,13.049289,81.51959,2.5272822,1.6552734,90.11729,65.603775,3.3834732,1.7660949
24.5,121.5,2004-08-01,2004-12-27,148,25,13.220402,15.543546,11.815905,85.310486,3.2285094,8.200684,90.83311,75.7943,3.8546512,2.4801855
23.5,121.5,2004-08-01,2004-12-27,148,25,15.788761,17.820421,14.540128,82.17385,3.520806,6.274414,87.4205,73.22605,4.2722,2.5418284
23.5,120.5,2004-08-01,2004-12-27,148,25,15.180343,18.987219,12.870666,81.19729,2.7278068,1.4282227,90.109665,65.17386,3.5237818,2.1017034
24.5,120.5,2004-08-01,2004-12-27,148,25,16.819523,18.47503,15.661915,77.97837,6.951579,1.1938477,83.83622,70.00527,8.049799,5.2580876
22.5,121.5,2004-08-01,2004-12-27,148,25,20.595713,21.246313,19.895407,77.60407,7.8706455,3.8305664,81.213234,73.7315,9.29664,6.3028135
22.5,120.5,2004-08-01,2004-12-27,148,25,19.207159,21.292608,17.861809,77.732956,2.9868891,2.03125,84.21167,66.815155,3.6678042,2.3659513
22.5,120.5,2004-08-01,2004-12-28,149,25,19.317345,21.284874,18.078272,78.66705,2.8568842,1.3476562,84.65081,68.7041,3.4632347,2.189376
24.5,120.5,2004-08-01,2004-12-28,149,25,16.943789,18.603168,15.66462,78.59829,6.641846,2.4926758,84.46613,70.692566,8.112844,5.1329985
22.5,121.5,2004-08-01,2004-12-28,149,25,20.738848,21.356289,20.108229,78.17465,8.00861,5.0024414,81.556114,74.36696,9.466479,6.2789555
23.5,120.5,2004-08-01,2004-12-28,149,25,15.401621,19.176825,13.37814,81.77081,2.5451658,1.7895508,90.19551,66.115944,3.3573422,1.8686357
23.5,121.5,2004-08-01,2004-12-28,149,25,15.902305,17.7137,14.671891,83.17896,3.7326248,6.706543,87.89432,75.44705,4.6656933,2.7673187
24.5,121.5,2004-08-01,2004-12-28,149,25,13.413848,15.714129,11.813981,86.185524,3.2261364,9.226074,91.51877,76.85436,4.009441,2.3057537
24.5,121.5,2004-08-01,2004-12-29,150,25,12.955361,14.923915,11.632691,86.51745,3.255597,9.221191,90.95666,79.141205,3.974571,2.3884413
22.5,120.5,2004-08-01,2004-12-29,150,25,19.269638,21.32502,17.778917,78.63345,2.8706656,1.3598633,85.50278,68.066315,3.455061,2.3329961
24.5,120.5,2004-08-01,2004-12-29,150,25,16.761612,18.093782,15.823204,78.411316,7.335783,0.6665039,83.23984,71.764915,8.5206785,5.9221253
22.5,121.5,2004-08-01,2004-12-29,150,25,20.526592,21.325233,19.823357,77.92511,8.534576,3.9038086,81.85949,73.85897,9.800706,7.281852
23.5,120.5,2004-08-01,2004-12-29,150,25,15.278838,18.789238,13.181925,82.15783,2.7392404,0.80810547,90.44537,67.55435,3.5841558,2.0372353
23.5,121.5,2004-08-01,2004-12-29,150,25,15.675752,17.416435,14.4278965,83.91712,4.0089626,7.585449,88.57375,77.04835,4.8306103,3.0875857
22.5,120.5,2004-08-01,2004-12-30,151,25,18.962942,20.921026,17.727325,79.13724,2.8678765,1.7602539,85.21108,69.133575,3.391679,2.3339746
24.5,121.5,2004-08-01,2004-12-30,151,25,12.80347,14.783468,11.455636,86.693214,3.601292,10.432129,91.07635,79.23949,4.332376,2.8288772
24.5,120.5,2004-08-01,2004-12-30,151,25,16.73513,18.35507,15.558849,78.61207,7.6581597,1.8920898,84.26856,71.29841,9.018242,6.0793705
23.5,120.5,2004-08-01,2004-12-30,151,25,15.278489,18.887276,13.255505,82.11322,2.6500454,1.4746094,90.44553,66.50766,3.5212104,1.9258397
23.5,121.5,2004-08-01,2004-12-30,151,25,15.3403635,16.923975,14.222618,83.798,4.0310073,8.215332,88.11512,77.60126,4.81681,3.042658
22.5,121.5,2004-08-01,2004-12-30,151,25,20.227394,20.943287,19.56921,77.59409,8.793386,5.2148438,80.812515,73.77371,10.196978,7.2425995
24.5,121.5,2004-08-01,2004-12-31,152,25,12.472896,14.503819,11.013688,85.75642,3.4930718,8.55957,90.73301,77.51734,4.2607474,2.4793735
23.5,121.5,2004-08-01,2004-12-31,152,25,15.096372,16.692726,13.980948,82.1581,4.312998,6.6503906,86.85701,75.46774,5.2539463,3.3030152
23.5,120.5,2004-08-01,2004-12-31,152,25,14.847583,18.377037,12.938404,81.78897,2.6744323,1.3330078,89.69947,66.785645,3.484396,2.0472188
24.5,120.5,2004-08-01,2004-12-31,152,25,16.35067,17.920553,15.172652,77.634056,7.5313334,1.4697266,83.32046,70.44975,8.713424,5.986478
22.5,121.5,2004-08-01,2004-12-31,152,25,19.954302,20.62644,19.242262,76.202446,9.022806,3.659668,79.44989,72.87011,10.40437,7.676117
22.5,120.5,2004-08-01,2004-12-31,152,25,18.59481,20.48188,17.46792,78.15856,2.9876404,1.8359375,84.013824,68.59967,3.5988758,2.3426442
