latitude,longitude,init_date,valid_date,lead_day,ens_n,t2m_C,t2m_C_max,t2m_C_min,rh_pct,wind_mps,tp_mm_mean,rh_pct_max,rh_pct_min,wind_mps_max,wind_mps_min
24.5,120.5,2002-12-01,2002-12-01,0,25,21.060993,22.29021,20.264795,78.38825,4.6598344,0.0,86.91099,66.388054,7.2322145,1.990781
23.5,120.5,2002-12-01,2002-12-01,0,25,18.758728,21.212553,17.226496,83.06993,1.6101071,0.0,91.65927,68.81561,2.7815082,0.91885114
22.5,120.5,2002-12-01,2002-12-01,0,25,22.0424,23.783413,20.864452,76.78785,2.1618845,0.0,82.943146,67.7983,2.5852258,1.7615854
23.5,121.5,2002-12-01,2002-12-01,0,25,18.351984,19.510445,17.65546,82.68676,2.325974,0.0,86.46044,76.7821,3.323528,1.1544281
24.5,121.5,2002-12-01,2002-12-01,0,25,16.816801,18.357399,15.965153,84.01883,2.8946552,0.0,90.26893,73.76552,3.2997274,2.5414586
22.5,121.5,2002-12-01,2002-12-01,0,25,23.066307,23.2892,22.851782,73.925545,6.880379,0.0,76.20451,71.38468,7.6610894,5.88468
22.5,120.5,2002-12-01,2002-12-02,1,25,22.37127,24.682364,21.233936,79.97646,1.9334897,0.23361206,87.23521,66.372574,2.4947095,1.1007115
24.5,120.5,2002-12-01,2002-12-02,1,25,20.451544,21.886503,19.196203,86.08445,1.8486878,0.3453064,91.78959,78.21595,3.2518528,0.7475846
22.5,121.5,2002-12-01,2002-12-02,1,25,23.69711,24.152597,23.3525,75.59409,4.946659,1.435852,78.31815,72.7279,5.7008696,4.0460353
24.5,121.5,2002-12-01,2002-12-02,1,25,17.618145,19.718302,16.560474,87.13452,2.613148,4.714508,91.33005,77.810104,2.9814987,2.2686198
23.5,121.5,2002-12-01,2002-12-02,1,25,19.116016,20.75252,18.272999,83.55921,1.8656089,3.5229492,87.590065,76.12534,2.483556,1.2185063
23.5,120.5,2002-12-01,2002-12-02,1,25,18.843887,22.647364,16.56022,85.50224,1.5513158,0.21240234,95.201584,67.732216,2.3270938,1.0737342
22.5,120.5,2002-12-01,2002-12-03,2,25,22.720478,25.486544,21.155283,82.1196,1.8318927,0.12557983,90.97425,66.27418,2.537624,0.8279307
23.5,121.5,2002-12-01,2002-12-03,2,25,19.806671,22.446152,18.105104,84.35724,1.473172,0.40420532,92.56309,71.97214,2.8144543,0.5699774
24.5,120.5,2002-12-01,2002-12-03,2,25,20.982628,22.7792,19.982725,84.507355,1.799821,0.034484863,88.970276,76.03464,2.5361652,0.94386214
23.5,120.5,2002-12-01,2002-12-03,2,25,19.288273,23.62951,16.84275,84.50848,1.5588225,0.09689331,93.72167,67.5,1.9967749,1.1622097
24.5,121.5,2002-12-01,2002-12-03,2,25,18.63134,21.692793,16.52073,86.86172,1.5194224,0.798645,94.44839,73.408035,2.312276,0.76984614
22.5,121.5,2002-12-01,2002-12-03,2,25,24.24712,25.074434,23.619879,77.854515,2.1720152,0.635376,86.07519,70.53918,3.5037565,1.1061397
23.5,121.5,2002-12-01,2002-12-04,3,25,19.743279,22.42815,18.451662,87.370155,1.222649,2.0783997,92.57631,76.21119,1.957672,0.62600654
22.5,121.5,2002-12-01,2002-12-04,3,25,24.18609,25.012094,23.651295,85.404915,3.4329226,2.3625183,87.95358,81.06672,4.118375,2.4835126
22.5,120.5,2002-12-01,2002-12-04,3,25,23.090622,25.948383,21.50857,84.9065,1.8187141,0.5192566,93.53412,70.05772,2.3841038,0.8084961
24.5,120.5,2002-12-01,2002-12-04,3,25,21.263298,23.33354,19.89026,86.410065,3.2539663,0.10848999,93.653046,77.26324,4.457206,1.9493089
23.5,120.5,2002-12-01,2002-12-04,3,25,19.426071,24.191666,16.965338,84.290436,1.9097463,0.22354126,95.36258,65.07494,2.3777938,1.5124617
24.5,121.5,2002-12-01,2002-12-04,3,25,18.180544,21.199635,16.447681,89.14926,1.2852408,2.6855469,95.63744,76.22505,1.8476386,0.56219876
24.5,120.5,2002-12-01,2002-12-05,4,25,21.403563,23.527094,20.0605,89.04492,3.8054245,0.38864136,94.06519,80.496346,5.0281887,2.4284272
22.5,120.5,2002-12-01,2002-12-05,4,25,23.140789,25.787016,21.684345,86.7761,1.8444242,0.48171997,94.07695,72.49645,2.357796,0.8894365
23.5,121.5,2002-12-01,2002-12-05,4,25,19.82911,21.978033,18.555191,88.40657,1.1484975,3.6782837,92.98918,79.16236,1.7776052,0.58533335
23.5,120.5,2002-12-01,2002-12-05,4,25,19.665047,23.95311,17.298605,87.08188,1.9139568,0.55892944,96.51706,70.248276,2.360469,1.5200799
24.5,121.5,2002-12-01,2002-12-05,4,25,18.358309,21.29397,16.60384,89.58185,1.5738664,3.6668396,95.48624,77.067116,2.014113,1.0721344
22.5,121.5,2002-12-01,2002-12-05,4,25,24.187664,24.787457,23.68879,85.503426,3.9290159,2.5042725,88.11851,82.08286,4.5894136,3.1481478
22.5,120.5,2002-12-01,2002-12-06,5,25,22.996748,25.753912,21.463154,86.79434,1.8072659,0.440979,94.11462,71.918106,2.3190262,1.0312194
24.5,120.5,2002-12-01,2002-12-06,5,25,21.344933,23.372192,19.982346,88.355095,3.2517002,0.47851562,93.184875,79.61627,4.502794,1.74877
23.5,121.5,2002-12-01,2002-12-06,5,25,19.872078,22.228521,18.409454,87.98895,1.2578427,2.7142334,92.99969,77.67205,2.0714567,0.53245556
23.5,120.5,2002-12-01,2002-12-06,5,25,19.510574,24.040318,16.805939,87.08658,1.7584599,0.38452148,96.288925,69.08987,2.2630625,1.3329597
22.5,121.5,2002-12-01,2002-12-06,5,25,24.213448,24.815811,23.667143,84.845505,3.1634316,2.4563599,87.467735,81.57225,4.1232915,2.0584185
24.5,121.5,2002-12-01,2002-12-06,5,25,18.478836,21.495865,16.567501,89.11903,1.5239612,1.8736267,95.13538,75.71523,2.1059678,0.9056356
24.5,121.5,2002-12-01,2002-12-07,6,25,17.83952,21.597406,14.78693,88.616745,2.442057,11.508484,95.023834,75.14999,4.116438,0.89911634
22.5,121.5,2002-12-01,2002-12-07,6,25,24.188154,25.458458,22.798233,83.66335,4.0950303,4.7851562,88.14203,77.69919,7.2087727,1.6421914
23.5,120.5,2002-12-01,2002-12-07,6,25,19.475283,23.851988,16.8769,85.28995,2.1857028,3.1271362,93.97901,68.73349,3.083941,1.3868228
22.5,120.5,2002-12-01,2002-12-07,6,25,22.871923,25.735502,21.214766,85.18388,2.204187,1.2185669,91.50405,70.86386,3.1779032,1.3157668
24.5,120.5,2002-12-01,2002-12-07,6,25,20.738897,23.25522,18.553648,84.95876,5.1424465,8.946533,90.655495,76.610725,8.879202,1.9114807
23.5,121.5,2002-12-01,2002-12-07,6,25,19.912567,22.917847,17.95904,86.83745,2.668713,7.833557,93.17614,74.914955,4.90536,0.8605748
23.5,121.5,2002-12-01,2002-12-08,7,25,16.739466,18.259459,15.073531,84.451775,5.9873004,9.575806,87.19556,80.55753,6.673761,5.0562873
22.5,120.5,2002-12-01,2002-12-08,7,25,20.8298,22.29853,19.47439,79.94534,3.0562453,3.539734,84.66782,74.92433,3.5651557,2.4986467
24.5,120.5,2002-12-01,2002-12-08,7,25,17.49351,18.465685,16.615211,77.77102,10.960061,5.7165527,81.57379,74.28728,11.591056,10.05202
23.5,120.5,2002-12-01,2002-12-08,7,25,17.523335,19.794958,15.961266,81.81066,3.490305,6.3134766,86.71074,73.877815,4.3497996,2.6838884
24.5,121.5,2002-12-01,2002-12-08,7,25,12.827826,14.214206,11.483981,89.68878,4.9788294,14.299316,91.671,86.59311,5.465984,4.2682714
22.5,121.5,2002-12-01,2002-12-08,7,25,21.38017,22.41394,20.428679,80.11749,11.080231,4.0078735,83.6928,77.0921,12.577075,8.97725
23.5,121.5,2002-12-01,2002-12-09,8,25,14.797093,15.513781,14.087218,85.25303,4.6898394,10.751038,87.295784,82.94553,5.808263,3.5881605
23.5,120.5,2002-12-01,2002-12-09,8,25,15.876488,17.364517,14.763961,81.5347,2.5913525,3.5952759,86.155914,74.374886,3.2423713,1.9361652
22.5,120.5,2002-12-01,2002-12-09,8,25,19.495647,20.577715,18.635172,74.97481,2.9573622,1.3705444,78.85395,69.60994,3.3521612,2.5402088
24.5,120.5,2002-12-01,2002-12-09,8,25,17.21717,17.974405,16.45446,75.99963,8.813976,3.0880737,79.29322,72.48326,10.345065,7.142143
22.5,121.5,2002-12-01,2002-12-09,8,25,20.216957,20.664248,19.695265,76.6775,9.813568,3.9047241,79.129974,74.33167,11.548518,8.0082445
24.5,121.5,2002-12-01,2002-12-09,8,25,11.915785,12.7270565,11.105534,88.702736,4.029314,13.864746,90.793915,85.82313,4.733351,3.2055526
23.5,120.5,2002-12-01,2002-12-10,9,25,16.129372,18.73302,14.569996,81.15835,2.0519707,1.0247803,88.91351,68.205124,2.5119805,1.559815
23.5,121.5,2002-12-01,2002-12-10,9,25,15.847986,16.906649,14.961461,83.58231,3.0940378,6.4474487,87.32417,78.4573,4.0390353,2.1714075
22.5,120.5,2002-12-01,2002-12-10,9,25,20.009235,21.648882,18.963385,74.45043,2.7437787,0.5780029,81.22446,65.02321,3.3181722,2.137877
24.5,120.5,2002-12-01,2002-12-10,9,25,18.241873,19.346224,17.375359,77.21288,5.9159465,2.4066162,82.60785,70.1206,7.3363633,4.428339
24.5,121.5,2002-12-01,2002-12-10,9,25,13.646736,14.997797,12.571647,86.91916,2.8723397,8.539429,90.40661,80.74065,3.5960724,2.0725036
22.5,121.5,2002-12-01,2002-12-10,9,25,21.040817,21.529463,20.433561,75.84246,6.9391212,3.2455444,79.39731,72.474754,8.525934,5.6202116
23.5,120.5,2002-12-01,2002-12-11,10,25,16.84936,20.363907,14.977017,82.079,2.1365228,1.9274902,90.92984,66.35269,2.7342308,1.6439576
24.5,121.5,2002-12-01,2002-12-11,10,25,14.948363,16.856094,13.74085,86.30953,3.0041482,8.747559,90.73193,77.90915,3.5457828,2.3300445
23.5,121.5,2002-12-01,2002-12-11,10,25,17.020668,18.534142,15.997126,83.27709,2.9685404,6.874695,87.504196,76.50982,3.873875,1.7722926
24.5,120.5,2002-12-01,2002-12-11,10,25,18.799047,20.254635,17.83568,79.70789,5.4343867,4.5599365,84.90918,71.62517,6.5483418,4.085202
22.5,120.5,2002-12-01,2002-12-11,10,25,20.714828,22.720312,19.501198,77.17264,2.9578233,1.5548706,83.83301,66.10499,3.5654304,2.2375515
22.5,121.5,2002-12-01,2002-12-11,10,25,22.015142,22.551855,21.463839,76.18439,6.3645983,5.15625,79.34426,72.881004,7.730598,4.8593554
22.5,121.5,2002-12-01,2002-12-12,11,25,22.654697,23.32518,22.018658,77.05618,5.693554,5.0143433,81.42059,72.72635,7.160559,4.1432967
24.5,121.5,2002-12-01,2002-12-12,11,25,15.93745,18.316393,14.504928,86.93716,2.5681567,9.02771,92.29336,76.60184,3.4237375,1.7500424
23.5,121.5,2002-12-01,2002-12-12,11,25,17.819794,19.56319,16.627604,83.678856,2.7213726,6.437683,88.27231,75.6742,3.7775266,1.6685839
24.5,120.5,2002-12-01,2002-12-12,11,25,19.338211,20.894438,18.223394,81.55007,4.915784,4.960327,86.82519,73.88143,6.46643,3.440214
23.5,120.5,2002-12-01,2002-12-12,11,25,17.44085,21.010532,15.562277,83.142914,2.2441418,2.9797363,91.7622,68.14851,2.84339,1.6578279
22.5,120.5,2002-12-01,2002-12-12,11,25,21.223682,23.436235,19.999645,79.21181,2.9648316,2.7410889,86.593025,66.497375,3.6342432,2.3150222
22.5,120.5,2002-12-01,2002-12-13,12,25,21.247133,23.235771,20.015327,80.13879,2.732009,1.8417358,86.326866,70.01875,3.3738804,2.0890768
23.5,120.5,2002-12-01,2002-12-13,12,25,17.595318,20.925772,15.7583065,83.988014,2.3329537,1.7572021,92.24595,69.18681,3.1675167,1.5954661
24.5,120.5,2002-12-01,2002-12-13,12,25,19.209068,20.57014,18.254776,81.172516,6.3575215,1.7153931,87.13629,73.71349,7.6210647,4.9203725
23.5,121.5,2002-12-01,2002-12-13,12,25,17.700163,19.351671,16.513277,84.69605,3.4017017,6.7904663,88.5441,78.12026,4.341585,2.2716093
22.5,121.5,2002-12-01,2002-12-13,12,25,22.453735,23.174355,21.82727,78.41789,7.2967916,4.256897,81.96613,74.59176,8.703486,5.077961
24.5,121.5,2002-12-01,2002-12-13,12,25,15.443092,17.292439,14.248307,87.86955,3.2501342,8.188782,92.12079,80.09881,3.8748395,2.4816504
22.5,120.5,2002-12-01,2002-12-14,13,25,21.248081,23.379723,20.0042,79.59903,2.5788486,0.9713745,86.63079,67.459435,3.0846238,1.9919194
23.5,121.5,2002-12-01,2002-12-14,13,25,17.741247,19.508942,16.578644,83.521614,2.6689749,6.760254,88.21086,75.62557,3.510946,1.7504674
24.5,120.5,2002-12-01,2002-12-14,13,25,19.326422,20.848627,18.32294,82.85321,5.488589,1.1685181,87.71295,75.49466,6.893439,3.8771882
24.5,121.5,2002-12-01,2002-12-14,13,25,15.785816,17.846832,14.540866,87.12998,2.689757,8.257446,91.67621,78.57925,3.2742426,1.9761026
23.5,120.5,2002-12-01,2002-12-14,13,25,17.574684,21.12316,15.365792,84.104416,2.0565135,0.6488037,93.46407,68.42275,2.6990628,1.4492853
22.5,121.5,2002-12-01,2002-12-14,13,25,22.532455,23.128252,21.999346,77.37416,6.433722,4.1400146,80.81252,73.576126,7.5561743,5.1438713
22.5,121.5,2002-12-01,2002-12-15,14,25,22.900545,23.517925,22.325464,78.0657,5.0861015,3.3822632,81.29911,74.55881,6.3458233,3.6274533
22.5,120.5,2002-12-01,2002-12-15,14,25,21.452713,23.830757,20.045134,80.86944,2.506238,0.6625366,88.329346,67.48988,3.079456,1.8323741
24.5,120.5,2002-12-01,2002-12-15,14,25,19.662556,21.403492,18.544699,84.25335,4.4145417,1.1599731,89.92593,75.592285,5.6635046,3.0627453
24.5,121.5,2002-12-01,2002-12-15,14,25,16.583551,19.190834,15.134322,86.505035,2.3450668,4.9887085,92.22281,74.761345,2.9436622,1.6325784
23.5,121.5,2002-12-01,2002-12-15,14,25,18.256287,20.247162,17.015396,83.40363,2.1490471,3.4976196,88.61824,74.57632,3.0351937,1.1898811
23.5,120.5,2002-12-01,2002-12-15,14,25,17.784021,21.801147,15.545402,84.23043,1.936548,0.46081543,93.7512,67.080864,2.5609162,1.4307288
23.5,120.5,2002-12-01,2002-12-16,15,25,17.89728,22.049501,15.894288,85.13791,2.1316767,0.9439087,93.67221,68.2911,2.8817234,1.5613245
23.5,121.5,2002-12-01,2002-12-16,15,25,18.53228,20.692783,17.291838,84.44357,2.23984,4.560547,89.70456,75.5496,3.2289746,1.0579197
22.5,120.5,2002-12-01,2002-12-16,15,25,21.708374,24.298487,20.369513,81.85817,2.3516395,1.0836792,89.244354,67.21842,2.9557548,1.644396
24.5,121.5,2002-12-01,2002-12-16,15,25,16.71478,19.236544,15.210162,87.830055,2.4957151,8.644409,92.945,77.39021,3.268003,1.5250294
24.5,120.5,2002-12-01,2002-12-16,15,25,19.774918,21.51795,18.676939,84.23757,5.409115,1.756897,89.42983,76.181786,6.642416,3.801624
22.5,121.5,2002-12-01,2002-12-16,15,25,23.189096,23.98331,22.609863,79.20236,4.7164626,2.7688599,83.30083,74.551384,6.4027295,2.8076284
23.5,121.5,2002-12-01,2002-12-17,16,25,18.55977,20.602564,17.410215,85.35599,2.8304946,5.428467,89.857445,76.93102,3.9824662,1.6844345
23.5,120.5,2002-12-01,2002-12-17,16,25,18.0677,21.854282,16.044107,85.28549,2.426625,1.3729858,93.2223,69.937195,3.0928102,1.8379724
22.5,120.5,2002-12-01,2002-12-17,16,25,21.831236,24.225767,20.478033,82.36212,2.3574867,1.1288452,89.120575,69.43738,2.9427938,1.760909
24.5,121.5,2002-12-01,2002-12-17,16,25,16.302584,18.438265,14.89652,89.21128,2.8717616,9.380188,93.42377,80.79732,3.646521,1.8998246
22.5,121.5,2002-12-01,2002-12-17,16,25,23.08651,23.805063,22.436811,80.56815,5.295511,3.050232,84.26628,76.42508,6.890889,3.78003
24.5,120.5,2002-12-01,2002-12-17,16,25,19.41311,20.998701,18.335173,83.78762,6.569972,1.8707275,88.251465,77.07331,7.8561025,5.0397897
23.5,120.5,2002-12-01,2002-12-18,17,25,17.840895,21.339693,15.873927,84.96747,2.5442662,1.75354,92.80939,70.66011,3.25252,1.9171177
23.5,121.5,2002-12-01,2002-12-18,17,25,18.164879,19.843464,17.039972,85.892265,3.4579012,6.517334,89.90247,79.39774,4.479764,2.2962384
22.5,120.5,2002-12-01,2002-12-18,17,25,21.554214,23.773287,20.233717,81.66575,2.708284,1.0195923,87.567444,70.1794,3.2634192,2.035446
24.5,120.5,2002-12-01,2002-12-18,17,25,19.149176,20.50813,18.243986,82.76163,6.9347124,2.6818848,87.24874,76.34274,8.130481,5.526622
24.5,121.5,2002-12-01,2002-12-18,17,25,15.795582,17.690788,14.56649,89.21415,3.1382792,10.319519,93.306755,81.88522,3.7996159,2.35918
22.5,121.5,2002-12-01,2002-12-18,17,25,22.749937,23.400694,22.139063,80.43652,6.408658,3.267517,83.855545,76.695755,7.808335,4.755171
23.5,121.5,2002-12-01,2002-12-19,18,25,17.911993,19.570162,16.802458,86.345146,3.2846715,11.782227,90.35461,79.523155,4.237195,2.2064536
23.5,120.5,2002-12-01,2002-12-19,18,25,17.522892,20.936626,15.665846,84.87574,2.5150695,3.9233398,92.705185,70.65893,3.2482178,1.8651255
22.5,121.5,2002-12-01,2002-12-19,18,25,22.660938,23.332613,22.053389,80.529495,6.3716807,5.7269287,83.987785,76.68177,7.7157764,5.0193624
24.5,120.5,2002-12-01,2002-12-19,18,25,18.817852,20.373194,17.679092,83.23738,6.5446253,3.7167358,88.23581,76.44967,7.829422,5.2182927
24.5,121.5,2002-12-01,2002-12-19,18,25,15.534122,17.38063,14.343555,89.282364,3.1816256,13.580627,93.27341,81.91368,3.945449,2.398165
22.5,120.5,2002-12-01,2002-12-19,18,25,21.386778,23.543129,20.134092,81.65289,2.765564,3.0682373,87.97715,70.33657,3.338693,2.1317616
23.5,120.5,2002-12-01,2002-12-20,19,25,17.52604,20.697964,15.669948,84.57906,2.5711443,5.9347534,92.22723,71.835785,3.4295664,1.7952242
23.5,121.5,2002-12-01,2002-12-20,19,25,17.635082,19.185614,16.56403,86.08996,3.78595,9.598389,89.6267,80.62063,4.912138,2.681378
24.5,120.5,2002-12-01,2002-12-20,19,25,18.683052,19.894672,17.651936,82.44717,6.957699,5.6173706,86.74827,77.0938,8.149733,5.3678594
24.5,121.5,2002-12-01,2002-12-20,19,25,15.232935,16.779535,14.035192,89.19553,3.3346963,13.105469,92.71526,83.19336,4.070055,2.537127
22.5,120.5,2002-12-01,2002-12-20,19,25,21.228188,23.16273,19.986462,81.799904,3.0991244,5.5703735,87.13071,72.24319,3.7388947,2.4878805
22.5,121.5,2002-12-01,2002-12-20,19,25,22.449165,23.127691,21.827398,81.26289,7.480774,6.0894775,84.030876,77.90164,9.228721,5.456902
23.5,121.5,2002-12-01,2002-12-21,20,25,17.52805,19.178093,16.32318,85.63085,3.1803312,7.7685547,89.5685,79.430916,4.2346773,2.0201857
23.5,120.5,2002-12-01,2002-12-21,20,25,17.220314,20.48875,15.369357,84.48012,2.5188088,2.2058105,92.24822,70.364136,3.1838982,1.8712
22.5,121.5,2002-12-01,2002-12-21,20,25,22.406702,23.15189,21.664003,80.87083,7.057495,7.11792,84.35655,77.08966,8.934756,5.204385
24.5,121.5,2002-12-01,2002-12-21,20,25,15.164807,16.991701,13.845275,88.57123,3.0537674,10.778809,92.70556,81.25094,3.825917,2.1447895
24.5,120.5,2002-12-01,2002-12-21,20,25,18.553127,19.868351,17.454107,82.10773,7.1701446,2.730713,87.59228,75.7237,8.481741,5.463397
22.5,120.5,2002-12-01,2002-12-21,20,25,21.15344,23.26586,19.870441,80.45701,2.8607159,3.7045288,88.0113,68.6048,3.5870733,2.1048677
22.5,120.5,2002-12-01,2002-12-22,21,25,21.002148,23.041157,19.743877,80.74553,2.9161828,3.1066895,86.37796,70.84819,3.7240052,2.1197414
24.5,120.5,2002-12-01,2002-12-22,21,25,18.210741,19.717619,16.934563,81.75658,7.401213,5.284424,86.16475,76.08066,8.649777,5.9981008
24.5,121.5,2002-12-01,2002-12-22,21,25,14.960506,17.00569,13.339679,88.36273,3.1984224,12.407227,92.73992,80.4704,3.8891256,2.431449
22.5,121.5,2002-12-01,2002-12-22,21,25,22.269844,23.027973,21.475298,80.21113,7.136369,5.4675293,84.104355,76.19255,9.041385,5.4964113
23.5,121.5,2002-12-01,2002-12-22,21,25,17.47656,19.351315,16.12315,84.91233,3.4967353,8.47229,89.68165,77.7656,4.699205,2.4350245
23.5,120.5,2002-12-01,2002-12-22,21,25,17.057734,20.401392,15.177174,84.667175,2.721275,4.6417236,91.83559,71.53307,3.479262,2.015207
24.5,120.5,2002-12-01,2002-12-23,22,25,17.1328,18.63375,15.894527,80.735565,7.476066,4.3426514,85.73967,74.531456,8.570396,6.0581245
22.5,120.5,2002-12-01,2002-12-23,22,25,20.23696,22.178095,18.822334,80.117805,3.0577316,2.9016113,86.4087,70.711914,4.0592537,2.0345669
22.5,121.5,2002-12-01,2002-12-23,22,25,21.557545,22.376314,20.67185,78.536194,7.842433,3.9465332,82.57864,74.578735,9.625696,5.8973083
24.5,121.5,2002-12-01,2002-12-23,22,25,13.770397,15.82383,12.255621,87.21168,3.2091653,8.728638,91.402985,79.74741,3.9429884,2.2940445
23.5,120.5,2002-12-01,2002-12-23,22,25,16.267624,19.542862,14.319249,83.41262,2.9011834,2.84729,90.623535,70.15486,3.741232,2.1206539
23.5,121.5,2002-12-01,2002-12-23,22,25,16.614107,18.36385,15.258389,83.38803,3.7419665,6.6241455,87.49879,76.83648,4.8005204,2.760015
23.5,121.5,2002-12-01,2002-12-24,23,25,15.817643,17.686085,14.316978,83.762726,4.0049586,7.8100586,87.70381,77.38628,5.1284337,2.7255485
22.5,121.5,2002-12-01,2002-12-24,23,25,20.81184,21.714844,19.856388,78.875435,7.8446875,3.5784912,82.40631,74.75217,9.778791,5.4524093
22.5,120.5,2002-12-01,2002-12-24,23,25,19.543581,21.4943,18.165974,78.07658,3.5196826,2.5531006,83.51003,69.18284,4.352983,2.676394
24.5,120.5,2002-12-01,2002-12-24,23,25,16.040768,17.393116,14.800509,79.48913,7.412254,4.828491,84.27149,73.44642,8.601979,5.96632
24.5,121.5,2002-12-01,2002-12-24,23,25,12.534401,14.486822,10.816261,87.307434,3.4089017,8.33374,91.35931,80.44287,4.0494366,2.5596764
23.5,120.5,2002-12-01,2002-12-24,23,25,15.163287,18.226412,13.292486,82.31431,3.0130837,3.4832764,89.15318,70.06513,3.8204527,2.245542
24.5,120.5,2002-12-01,2002-12-25,24,25,16.038713,17.283562,15.042159,77.71597,7.208869,3.4533691,82.90768,71.05912,8.31638,6.0109496
22.5,120.5,2002-12-01,2002-12-25,24,25,19.106644,20.976274,17.871021,76.495804,3.1765833,2.5976562,82.74428,66.87005,3.9270284,2.4006646
22.5,121.5,2002-12-01,2002-12-25,24,25,20.342308,20.93668,19.632975,77.356766,7.754165,5.2337646,81.36057,73.40206,9.488765,5.8052955
23.5,121.5,2002-12-01,2002-12-25,24,25,15.267776,16.787838,14.004347,83.53424,3.8434517,7.512207,87.50027,76.99621,4.8457212,2.8625898
23.5,120.5,2002-12-01,2002-12-25,24,25,14.794124,17.928814,13.027838,81.00915,2.7998888,1.9598389,89.18345,66.91969,3.441575,2.1243913
24.5,121.5,2002-12-01,2002-12-25,24,25,12.261623,14.070836,10.927267,85.8117,3.2762082,8.33374,90.4927,77.819626,3.9030714,2.5903633
24.5,121.5,2002-12-01,2002-12-26,25,25,12.727813,14.702689,11.253522,86.18202,3.3294067,10.491333,90.775,77.857185,4.091924,2.4570932
23.5,121.5,2002-12-01,2002-12-26,25,25,15.500586,16.92013,14.426256,83.29474,3.6876721,7.3797607,87.92499,76.504654,4.855699,2.6259634
22.5,121.5,2002-12-01,2002-12-26,25,25,20.643301,21.24421,19.881681,76.65374,7.4035573,3.5107422,81.46964,71.900856,9.231726,5.67971
24.5,120.5,2002-12-01,2002-12-26,25,25,16.351425,17.719048,15.2292595,79.0395,6.993565,3.8104248,84.70484,71.54641,8.501919,5.4745064
22.5,120.5,2002-12-01,2002-12-26,25,25,19.28957,20.954565,18.151247,77.17782,2.995197,1.8249512,83.00603,68.23707,3.7454073,2.265955
23.5,120.5,2002-12-01,2002-12-26,25,25,15.019218,18.174358,13.145455,82.10504,2.607831,2.831421,90.11758,67.973785,3.289116,1.8499973
24.5,120.5,2002-12-01,2002-12-27,26,25,16.05417,17.35522,14.96194,80.44112,7.2012453,4.043579,85.53458,74.11566,8.287759,5.8341866
22.5,120.5,2002-12-01,2002-12-27,26,25,19.126846,20.938326,17.857828,77.34006,3.0817683,3.591919,83.99213,67.941696,3.724807,2.4444895
23.5,121.5,2002-12-01,2002-12-27,26,25,15.388859,16.93979,14.058707,83.085655,3.8930883,8.592529,87.25714,76.10252,4.7475247,3.0172303
24.5,121.5,2002-12-01,2002-12-27,26,25,12.4641905,14.418483,11.030543,86.59883,3.3199172,10.343628,90.947334,78.89812,3.9305773,2.6419272
23.5,120.5,2002-12-01,2002-12-27,26,25,14.778175,17.78606,12.948287,82.77834,2.7502398,4.105835,90.83877,69.59465,3.376198,2.1771271
22.5,121.5,2002-12-01,2002-12-27,26,25,20.514307,21.255377,19.757505,76.77732,8.238673,5.651245,80.45001,73.448456,9.766686,6.4828115
22.5,121.5,2002-12-01,2002-12-28,27,25,20.455564,21.27253,19.62443,76.37835,8.023994,4.2889404,80.477196,72.5309,10.004844,5.915281
24.5,120.5,2002-12-01,2002-12-28,27,25,16.033045,17.368908,14.902682,79.41714,7.3317876,2.130127,84.56037,73.7538,8.784571,5.6734996
22.5,120.5,2002-12-01,2002-12-28,27,25,19.079763,20.954775,17.812862,77.0039,3.1362662,1.5991211,83.021286,67.70027,3.815422,2.4656289
23.5,121.5,2002-12-01,2002-12-28,27,25,15.354001,16.98382,14.087667,82.70298,3.8860896,6.777954,87.325096,76.21582,5.1988244,2.4716837
24.5,121.5,2002-12-01,2002-12-28,27,25,12.475642,14.457902,10.93359,86.59498,3.358069,7.982788,90.85483,79.59685,4.2292724,2.2705302
23.5,120.5,2002-12-01,2002-12-28,27,25,14.830603,17.925714,12.970851,82.51532,2.6818502,1.6925049,89.93812,69.90294,3.391768,1.9090686
23.5,120.5,2002-12-01,2002-12-29,28,25,14.596127,17.808825,12.667619,81.65292,2.858922,2.2094727,89.2802,68.49231,3.5747213,2.131875
22.5,121.5,2002-12-01,2002-12-29,28,25,20.111752,20.945845,19.173077,75.557915,8.202108,4.0197754,79.88468,71.524055,10.1029415,6.150116
24.5,120.5,2002-12-01,2002-12-29,28,25,15.690326,17.317019,14.424405,77.83827,7.4770613,1.9732666,83.18542,70.19183,8.98071,5.7225947
22.5,120.5,2002-12-01,2002-12-29,28,25,18.803822,20.742022,17.440977,76.73301,3.364176,2.4542236,82.348145,67.364624,4.178262,2.5800004
23.5,121.5,2002-12-01,2002-12-29,28,25,14.969935,16.514807,13.643224,82.32688,3.89298,6.824341,86.48061,76.75024,4.988346,2.66017
24.5,121.5,2002-12-01,2002-12-29,28,25,12.01726,14.3082285,10.277404,85.293076,3.3786995,7.0477295,89.93271,77.28377,4.1392765,2.3892062
22.5,120.5,2002-12-01,2002-12-30,29,25,18.467937,20.168903,17.256725,76.16357,3.3935547,3.149414,81.659744,68.067116,4.0445805,2.7439556
23.5,120.5,2002-12-01,2002-12-30,29,25,14.171669,17.057028,12.405465,80.79002,3.006436,3.6291504,87.78007,68.35675,3.7465537,2.3881228
22.5,121.5,2002-12-01,2002-12-30,29,25,19.7262,20.35527,19.085777,76.460945,8.812219,5.975952,79.96982,73.107346,10.163582,7.402078
23.5,121.5,2002-12-01,2002-12-30,29,25,14.574716,15.993043,13.529186,82.96013,4.181119,9.187012,86.62214,77.264175,5.0364194,3.2721164
24.5,121.5,2002-12-01,2002-12-30,29,25,11.411298,13.222491,10.184205,86.03642,3.60712,8.933105,90.35173,79.01247,4.295777,2.8281074
24.5,120.5,2002-12-01,2002-12-30,29,25,15.196571,16.531813,14.176242,77.63662,7.7095685,2.401123,83.09772,70.71701,8.723279,6.402037
24.5,121.5,2002-12-01,2002-12-31,30,25,11.879169,13.835077,10.541647,84.59355,3.4486127,7.023926,89.06079,75.93442,4.0412717,2.7608504
22.5,120.5,2002-12-01,2002-12-31,30,25,18.475283,20.222254,17.389297,75.62476,3.2270555,1.2237549,82.14348,66.324196,3.9460418,2.6717966
24.5,120.5,2002-12-01,2002-12-31,30,25,15.510947,16.955154,14.481134,78.35236,7.19913,2.206421,83.76871,70.988884,8.42163,5.8335137
22.5,121.5,2002-12-01,2002-12-31,30,25,19.85415,20.352219,19.200245,75.53855,8.374395,3.3215332,79.12828,72.49729,9.892291,6.9838996
23.5,121.5,2002-12-01,2002-12-31,30,25,14.66497,16.101316,13.639352,81.930214,3.77316,5.6591797,85.7234,75.647064,4.680052,2.7562735
23.5,120.5,2002-12-01,2002-12-31,30,25,14.1261425,17.549911,12.234357,81.23058,2.556104,1.151123,90.10915,66.15565,3.3053088,1.886369
22.5,120.5,2002-12-01,2003-01-01,31,25,18.889797,20.716347,17.624846,76.98794,3.2122412,5.005493,83.34711,67.26,3.8759732,2.454988
24.5,120.5,2002-12-01,2003-01-01,31,25,15.975012,17.451292,14.701036,79.698685,7.255306,5.7647705,85.50988,72.32719,8.483763,5.9779243
23.5,120.5,2002-12-01,2003-01-01,31,25,14.486965,17.76972,12.483634,82.86541,2.6499457,4.3859863,91.129005,68.141396,3.3302522,1.9751927
24.5,121.5,2002-12-01,2003-01-01,31,25,12.674348,14.808627,11.059421,85.7525,3.1087408,11.118164,90.76305,77.20452,4.0404415,1.9951993
22.5,121.5,2002-12-01,2003-01-01,31,25,20.544876,21.310635,19.6911,75.10779,7.304775,5.842285,79.66057,70.90642,9.279659,5.4315825
23.5,121.5,2002-12-01,2003-01-01,31,25,15.380207,17.135658,13.958219,81.66607,3.3960235,8.019409,86.60373,74.08707,4.6321664,2.1344008
24.5,121.5,2002-12-01,2003-01-02,32,25,12.038401,13.857916,10.692858,87.37511,3.7600203,12.006226,91.12953,80.64171,4.500555,2.8125062
22.5,121.5,2002-12-01,2003-01-02,32,25,20.178068,20.91833,19.316011,77.19861,8.515938,7.7056885,80.76578,73.936905,10.35182,6.8196607
23.5,121.5,2002-12-01,2003-01-02,32,25,15.048753,16.672613,13.770612,83.33101,4.2201414,9.790039,87.43446,77.67172,5.2479305,3.1516938
23.5,120.5,2002-12-01,2003-01-02,32,25,14.325452,17.468063,12.501056,83.29097,3.0474055,4.1918945,90.35173,71.016594,3.8467574,2.3477943
22.5,120.5,2002-12-01,2003-01-02,32,25,18.803947,20.629301,17.599157,78.0168,3.227916,4.1534424,83.10554,69.20059,3.861411,2.5960932
24.5,120.5,2002-12-01,2003-01-02,32,25,15.581174,16.871363,14.602452,79.59909,8.35943,4.04541,84.86921,73.01239,9.624433,6.8201127
22.5,121.5,2002-12-01,2003-01-03,33,25,19.962614,20.581299,19.273628,75.68379,8.884104,4.2041016,79.07596,72.52995,10.324322,7.4799414
22.5,120.5,2002-12-01,2003-01-03,33,25,18.582615,20.437052,17.401827,76.618225,3.2120733,1.739502,82.69029,67.08125,3.8409944,2.5635073
24.5,121.5,2002-12-01,2003-01-03,33,25,11.945915,13.890089,10.612418,85.92089,3.7206564,9.3133545,90.55071,77.67722,4.4683065,3.048609
23.5,121.5,2002-12-01,2003-01-03,33,25,14.764118,16.242002,13.649479,82.76343,4.1702895,7.3999023,86.589714,76.719215,5.143549,3.32188
24.5,120.5,2002-12-01,2003-01-03,33,25,15.716365,17.283302,14.574718,78.302704,7.8534265,1.5258789,83.79568,70.89607,9.0438595,6.624041
23.5,120.5,2002-12-01,2003-01-03,33,25,14.290369,17.665567,12.25004,81.87503,2.838934,1.5185547,90.1815,67.72265,3.5955596,2.2337701
24.5,120.5,2002-12-01,2003-01-04,34,25,15.742373,17.11903,14.5869255,80.52503,7.236744,1.5594482,85.40117,74.43236,8.535561,5.926051
22.5,120.5,2002-12-01,2003-01-04,34,25,18.856142,20.960302,17.629269,76.86925,2.9819436,0.91430664,83.0975,65.80133,3.6241806,2.4439192
23.5,120.5,2002-12-01,2003-01-04,34,25,14.440908,17.949991,12.505402,82.87201,2.6225271,1.0314941,90.737175,68.30442,3.457783,2.0052302
24.5,121.5,2002-12-01,2003-01-04,34,25,12.38419,14.421613,10.890426,86.43622,3.305902,8.796387,90.94703,78.550476,4.0388646,2.5357413
23.5,121.5,2002-12-01,2003-01-04,34,25,15.061475,16.738419,13.9632,83.108986,3.625348,6.477661,87.36977,76.11037,4.5469956,2.6522264
22.5,121.5,2002-12-01,2003-01-04,34,25,20.298252,20.900185,19.606535,75.693825,7.965741,3.5339355,79.524315,71.70708,9.495447,6.3972716
24.5,120.5,2002-12-01,2003-01-05,35,25,15.835999,17.409159,14.622531,81.18097,7.2144804,2.5500488,86.73098,73.91593,8.492777,5.534094
22.5,120.5,2002-12-01,2003-01-05,35,25,18.852287,20.864351,17.652061,77.63353,3.1311562,2.150879,83.9642,66.499855,3.8253167,2.4498022
23.5,120.5,2002-12-01,2003-01-05,35,25,14.530178,17.985912,12.566329,83.183586,2.7408679,1.8865967,91.14498,67.86581,3.4979331,2.0253227
24.5,121.5,2002-12-01,2003-01-05,35,25,12.733284,14.809901,11.297262,86.45061,2.953186,8.340454,91.4058,77.48306,3.695369,2.0648274
22.5,121.5,2002-12-01,2003-01-05,35,25,20.250177,20.853134,19.595846,76.20781,7.2038407,4.880371,80.15684,72.22829,8.690509,5.518764
23.5,121.5,2002-12-01,2003-01-05,35,25,15.25639,16.893724,14.076578,82.68327,3.171658,6.859131,87.689865,75.14055,4.176234,1.9893094
23.5,121.5,2002-12-01,2003-01-06,36,25,15.373606,17.09213,14.187726,83.37008,3.2437568,5.9820557,87.651535,75.85422,4.190004,2.0441115
24.5,121.5,2002-12-01,2003-01-06,36,25,12.777668,14.862018,11.383184,86.47168,2.9636426,7.531128,91.13225,77.498856,3.805796,2.0972958
24.5,120.5,2002-12-01,2003-01-06,36,25,15.556223,16.89444,14.495187,81.689026,7.045631,3.2110596,86.23022,75.46172,8.07301,5.764925
23.5,120.5,2002-12-01,2003-01-06,36,25,14.353118,17.935362,12.317477,83.4096,2.7871559,1.2084961,91.16906,68.52243,3.5637505,2.0490365
22.5,120.5,2002-12-01,2003-01-06,36,25,18.890383,21.174267,17.528933,78.26987,2.9553826,0.93078613,85.26388,66.08589,3.7901456,2.1923704
22.5,121.5,2002-12-01,2003-01-06,36,25,20.39054,21.023521,19.64167,78.05286,6.935857,3.5778809,81.24391,74.472435,8.713538,4.9613667
24.5,120.5,2002-12-01,2003-01-07,37,25,15.645555,17.079723,14.530675,80.55346,7.373792,2.163086,85.15921,74.01539,8.602495,5.9344172
22.5,120.5,2002-12-01,2003-01-07,37,25,18.980417,21.059198,17.678482,78.28315,2.9981003,1.1169434,84.95518,67.3439,3.5095663,2.4409938
23.5,120.5,2002-12-01,2003-01-07,37,25,14.496941,17.96006,12.6367445,83.54852,2.7607727,1.4715576,90.87354,69.86044,3.4889228,2.102925
24.5,121.5,2002-12-01,2003-01-07,37,25,12.63323,14.826227,11.088898,86.682014,3.3072293,7.573242,91.6267,77.796745,4.033682,2.3997712
22.5,121.5,2002-12-01,2003-01-07,37,25,20.350046,21.06059,19.679768,77.90926,7.1859636,3.4423828,81.98768,73.99008,9.06461,5.279669
23.5,121.5,2002-12-01,2003-01-07,37,25,15.391414,17.23444,14.118605,83.30349,3.7583444,6.68396,87.55424,75.88078,4.7885523,2.5755503
23.5,121.5,2002-12-01,2003-01-08,38,25,15.039143,16.63355,13.823038,82.92996,3.8172605,7.11792,87.38571,76.49667,4.782493,2.6540232
24.5,120.5,2002-12-01,2003-01-08,38,25,15.442425,16.9457,14.300015,78.80365,7.4954534,1.6992188,84.22238,71.56394,8.613329,6.0712175
23.5,120.5,2002-12-01,2003-01-08,38,25,14.4751005,17.849333,12.547545,82.31319,2.7737863,1.0095215,90.26464,68.26028,3.5469022,2.1045687
24.5,121.5,2002-12-01,2003-01-08,38,25,12.097229,14.077623,10.649318,86.04534,3.470194,7.2644043,90.20375,78.45603,4.149843,2.5695286
22.5,121.5,2002-12-01,2003-01-08,38,25,20.06797,20.824244,19.269201,76.90078,8.168503,3.6517334,80.79392,73.30054,9.778814,6.515163
22.5,120.5,2002-12-01,2003-01-08,38,25,18.780178,20.721909,17.465143,77.52639,3.1596344,1.3684082,83.39956,67.881836,3.8634841,2.4616227
23.5,120.5,2002-12-01,2003-01-09,39,25,14.239913,17.444572,12.420793,82.487656,2.6886055,2.2351074,90.20271,68.573044,3.3582897,2.0911639
22.5,121.5,2002-12-01,2003-01-09,39,25,20.063234,20.767359,19.349937,76.57074,7.0091224,4.767456,80.206665,72.9653,8.84667,5.3942623
22.5,120.5,2002-12-01,2003-01-09,39,25,18.729132,20.708574,17.5473,77.366684,3.1180427,2.5665283,83.43575,67.333305,3.8777606,2.4318962
24.5,120.5,2002-12-01,2003-01-09,39,25,15.241983,16.496456,14.325426,79.70942,7.0020466,3.1329346,84.11307,73.839294,8.278546,5.6009674
24.5,121.5,2002-12-01,2003-01-09,39,25,12.209269,14.3392105,10.784337,86.70617,3.0988672,8.178101,91.31493,78.0755,3.8841968,2.1673195
23.5,121.5,2002-12-01,2003-01-09,39,25,14.933839,16.668106,13.733316,83.425385,3.4833033,7.462158,87.62513,76.35473,4.647885,2.3913903
23.5,121.5,2002-12-01,2003-01-10,40,25,14.687561,16.317616,13.345289,83.34264,3.8118732,7.6312256,87.708496,76.670135,4.547926,2.9587317
24.5,121.5,2002-12-01,2003-01-10,40,25,11.683342,13.768294,10.19692,86.673515,3.446448,8.835449,91.476425,78.94905,4.0650444,2.8045988
22.5,121.5,2002-12-01,2003-01-10,40,25,19.782892,20.555504,18.924541,76.30819,7.6666417,4.177246,80.27263,72.427895,9.032032,6.3143063
23.5,120.5,2002-12-01,2003-01-10,40,25,13.96426,17.12015,11.910445,82.10875,2.8076496,2.1710205,90.37898,69.30871,3.4612496,2.17223
24.5,120.5,2002-12-01,2003-01-10,40,25,14.999905,16.54512,13.912204,78.180885,7.1483836,2.006836,83.6643,70.816605,8.052006,6.118218
22.5,120.5,2002-12-01,2003-01-10,40,25,18.521564,20.284632,17.194054,77.09196,3.190505,2.581787,83.1791,68.25528,3.7866793,2.4799623
24.5,121.5,2002-12-01,2003-01-11,41,25,11.456714,13.709581,9.952335,85.09071,3.3632867,7.192383,90.049866,75.88534,4.167347,2.5271485
23.5,121.5,2002-12-01,2003-01-11,41,25,14.328843,16.101067,13.103033,81.979515,3.810925,6.9677734,87.058945,74.10066,5.032666,2.7323785
22.5,121.5,2002-12-01,2003-01-11,41,25,19.422047,20.035547,18.707556,75.97375,7.7209644,4.906006,80.05837,72.35279,9.449957,6.202502
23.5,120.5,2002-12-01,2003-01-11,41,25,13.608979,16.989185,11.543346,81.09401,2.7014933,1.3110352,89.129486,66.2329,3.3997946,2.139936
22.5,120.5,2002-12-01,2003-01-11,41,25,18.028784,19.853624,16.732203,76.40599,2.998565,1.7199707,82.6433,67.018326,3.623119,2.3170304
24.5,120.5,2002-12-01,2003-01-11,41,25,14.862671,16.48442,13.658356,77.654305,7.1871114,1.3049316,83.10876,69.54383,8.371044,5.9153914
23.5,120.5,2002-12-01,2003-01-12,42,25,13.630908,17.02168,11.6776285,80.78847,2.6405957,0.8935547,89.59068,65.8491,3.3612525,1.9900825
24.5,120.5,2002-12-01,2003-01-12,42,25,14.997803,16.465773,13.9022665,77.84618,6.8511853,0.914917,83.1437,70.34185,8.083625,5.348779
23.5,121.5,2002-12-01,2003-01-12,42,25,14.269073,15.996603,13.0007925,81.67328,3.8333545,6.3568115,86.55351,74.66578,4.6596575,2.9518092
24.5,121.5,2002-12-01,2003-01-12,42,25,11.486162,13.6355095,10.00651,84.4482,3.315644,6.5179443,89.18562,75.52982,3.9191985,2.6835554
22.5,120.5,2002-12-01,2003-01-12,42,25,17.950674,19.761055,16.631266,75.53771,3.2487998,1.2237549,81.73757,66.00727,3.8820853,2.5990863
22.5,121.5,2002-12-01,2003-01-12,42,25,19.328585,20.056389,18.475801,75.73092,8.011432,3.829956,80.19932,71.93941,9.350859,6.6481686
24.5,121.5,2002-12-01,2003-01-13,43,25,11.632991,13.95545,10.102423,84.22085,3.0713394,6.6796875,90.060684,73.83267,3.719092,2.2695172
23.5,121.5,2002-12-01,2003-01-13,43,25,14.223791,15.92296,12.975807,81.308914,3.4928215,6.1254883,86.1708,73.55022,4.4876375,2.5024762
22.5,121.5,2002-12-01,2003-01-13,43,25,19.400959,20.049685,18.590588,74.274506,7.29202,3.4069824,78.13762,70.703026,9.009785,5.710509
22.5,120.5,2002-12-01,2003-01-13,43,25,18.006662,20.012325,16.759893,75.091545,2.994883,1.2182617,81.24287,64.47808,3.6103356,2.3283098
23.5,120.5,2002-12-01,2003-01-13,43,25,13.424631,17.114357,11.411456,81.048065,2.608516,0.87768555,89.86629,64.292366,3.28605,2.1358192
24.5,120.5,2002-12-01,2003-01-13,43,25,14.892346,16.3742,13.848668,77.921814,6.648375,1.8603516,83.16438,70.94252,7.94195,5.1920223
24.5,120.5,2002-12-01,2003-01-14,44,25,14.75377,16.169706,13.717984,77.40015,7.2584662,2.4938965,83.02369,69.99905,8.363356,5.8947625
22.5,121.5,2002-12-01,2003-01-14,44,25,19.415684,19.988798,18.665651,74.97024,7.675075,3.6999512,78.203674,71.60367,9.069942,6.0802135
23.5,121.5,2002-12-01,2003-01-14,44,25,14.198555,15.920145,12.958126,81.892395,3.7178788,7.0446777,86.58202,74.91949,4.538068,2.7907915
23.5,120.5,2002-12-01,2003-01-14,44,25,13.477344,16.912636,11.683268,81.04375,2.715041,1.7541504,89.64451,66.23213,3.482329,2.0427713
24.5,121.5,2002-12-01,2003-01-14,44,25,11.304121,13.451112,9.815509,85.053474,3.3113968,8.201904,90.24549,76.55841,4.0305805,2.3819375
22.5,120.5,2002-12-01,2003-01-14,44,25,18.027168,19.87209,16.795103,75.92652,2.9464102,1.9189453,81.78796,66.50235,3.5876977,2.311605
24.5,120.5,2002-12-01,2003-01-15,45,25,14.746578,16.264025,13.647072,78.268684,6.521181,1.5344238,84.601555,70.006744,7.9514904,4.9783974
24.5,121.5,2002-12-01,2003-01-15,45,25,11.392418,13.496066,9.874508,84.34454,3.225043,6.220703,89.68994,75.282394,3.9839118,2.3653636
22.5,120.5,2002-12-01,2003-01-15,45,25,17.800386,19.79298,16.505129,75.62486,3.2327964,1.529541,82.97823,65.370995,3.8891146,2.4946318
23.5,121.5,2002-12-01,2003-01-15,45,25,14.042301,15.612082,12.723912,81.31192,3.397623,4.8583984,85.72956,75.10945,4.394151,2.3442855
22.5,121.5,2002-12-01,2003-01-15,45,25,19.192673,19.911432,18.406158,74.23248,7.3493037,3.3874512,77.753174,70.58021,8.9266615,5.6579432
23.5,120.5,2002-12-01,2003-01-15,45,25,13.324371,16.900793,11.195396,80.81856,2.4944253,1.2902832,89.649216,65.55275,3.3430321,1.7604914
23.5,120.5,2002-12-01,2003-01-16,46,25,13.717363,17.667404,11.598283,82.310524,2.3693876,1.1682129,91.18375,66.0442,3.064985,1.8089699
23.5,121.5,2002-12-01,2003-01-16,46,25,14.64627,16.675207,13.316041,81.39383,3.1037846,5.407715,86.575294,72.91242,4.299428,1.8601463
24.5,121.5,2002-12-01,2003-01-16,46,25,12.248926,14.697989,10.571168,84.92343,2.826158,5.9643555,90.77304,74.130905,3.6488516,1.8544651
22.5,120.5,2002-12-01,2003-01-16,46,25,18.344824,20.560215,17.034103,76.37501,2.960298,0.8984375,83.08797,64.92104,3.7587943,2.206329
24.5,120.5,2002-12-01,2003-01-16,46,25,15.273418,16.856817,14.155797,80.51384,5.9082255,1.3342285,86.50668,72.33417,7.571638,4.0832357
22.5,121.5,2002-12-01,2003-01-16,46,25,19.821602,20.656929,18.916544,74.43516,6.290608,3.005371,79.12925,69.76348,8.30931,4.1072555
23.5,120.5,2002-12-01,2003-01-17,47,25,13.982024,17.912006,11.761153,82.616035,2.6717517,2.4023438,91.89043,66.51187,3.4937942,1.9127707
23.5,121.5,2002-12-01,2003-01-17,47,25,15.027493,17.07092,13.659576,81.67875,3.2142417,6.1413574,86.595726,73.03777,4.145928,2.1849856
22.5,121.5,2002-12-01,2003-01-17,47,25,20.074543,20.864351,19.278053,75.10192,6.419397,3.5107422,79.85541,70.18417,8.05119,4.631816
22.5,120.5,2002-12-01,2003-01-17,47,25,18.599173,20.937096,17.13648,76.89834,3.014441,1.9604492,84.03555,64.81525,3.8307738,2.1702833
24.5,121.5,2002-12-01,2003-01-17,47,25,12.380305,14.843285,10.808194,86.03732,2.8203747,6.9519043,91.448494,75.4301,3.4278064,2.0824168
24.5,120.5,2002-12-01,2003-01-17,47,25,15.242785,16.801,14.176681,80.80871,6.348554,3.7670898,86.50439,73.291954,7.530561,4.899462
23.5,120.5,2002-12-01,2003-01-18,48,25,13.928003,17.653828,11.851119,82.74558,2.7331088,3.5058594,90.75973,67.31712,3.5242066,2.082221
24.5,120.5,2002-12-01,2003-01-18,48,25,15.219448,16.66642,14.23505,80.18041,7.167169,4.564209,84.674164,73.498924,8.321733,5.926875
22.5,121.5,2002-12-01,2003-01-18,48,25,19.85312,20.538202,19.14567,77.01825,7.143001,5.8129883,81.58862,72.20722,8.725102,5.593732
23.5,121.5,2002-12-01,2003-01-18,48,25,14.793139,16.638203,13.534303,82.49865,3.4694872,8.026123,87.59772,74.10933,4.4886837,2.453956
22.5,120.5,2002-12-01,2003-01-18,48,25,18.447319,20.530312,17.18718,77.716705,2.96555,3.927002,84.273605,66.53005,3.596491,2.3538356
24.5,121.5,2002-12-01,2003-01-18,48,25,12.115542,14.408046,10.657291,86.17148,3.1024282,10.004883,91.181015,76.511734,3.8988428,2.178504
22.5,121.5,2002-12-01,2003-01-19,49,25,19.799858,20.414766,19.062437,76.775536,7.9993396,3.647461,80.93291,72.50046,9.482012,6.246298
24.5,120.5,2002-12-01,2003-01-19,49,25,15.247475,16.720709,14.151651,78.79026,7.414885,2.8442383,84.22368,71.379135,8.53553,6.164991
23.5,121.5,2002-12-01,2003-01-19,49,25,14.668314,16.31125,13.434396,82.608864,3.710062,6.2316895,86.789345,75.797455,4.6841197,2.65351
23.5,120.5,2002-12-01,2003-01-19,49,25,14.09476,17.406075,12.178078,82.29666,2.7234006,2.3815918,89.52602,68.657196,3.4856014,2.0146492
24.5,121.5,2002-12-01,2003-01-19,49,25,11.813294,13.905279,10.316578,86.23287,3.207602,8.250732,90.636955,77.688705,3.9194794,2.3559282
22.5,120.5,2002-12-01,2003-01-19,49,25,18.548626,20.455938,17.355515,77.48489,2.9668555,2.2375488,83.26757,67.543846,3.6786368,2.2114232
22.5,121.5,2002-12-01,2003-01-20,50,25,19.852558,20.625034,19.078321,76.399994,7.3276362,4.3408203,81.04131,72.02286,9.150934,5.4439106
23.5,121.5,2002-12-01,2003-01-20,50,25,14.846073,16.694933,13.594244,82.43315,3.5335572,7.545166,87.216705,74.80454,4.492084,2.4294293
23.5,120.5,2002-12-01,2003-01-20,50,25,14.053417,17.539122,12.126388,82.50701,2.7965102,2.5,91.03338,67.6222,3.6268835,2.0963926
24.5,120.5,2002-12-01,2003-01-20,50,25,15.127752,16.529572,14.17586,79.65833,7.241594,2.4621582,85.350174,72.902084,8.507628,5.6534557
22.5,120.5,2002-12-01,2003-01-20,50,25,18.551405,20.74795,17.334747,77.55102,3.1564684,2.5354004,84.43749,66.12476,3.7802649,2.451624
24.5,121.5,2002-12-01,2003-01-20,50,25,12.00537,14.319845,10.5180235,85.90649,3.2987561,7.9333496,91.04381,76.51429,3.9591172,2.5721424
24.5,120.5,2002-12-01,2003-01-21,51,25,15.026538,16.44599,14.012379,80.04292,6.908545,4.1345215,84.86036,73.05424,7.8928914,5.6420813
22.5,121.5,2002-12-01,2003-01-21,51,25,19.672867,20.409784,18.939186,78.334274,7.434799,8.688965,81.66285,74.65127,9.015554,5.7158513
23.5,121.5,2002-12-01,2003-01-21,51,25,14.737964,16.464043,13.472838,83.40297,3.6694849,9.63501,87.52173,77.03569,4.6265225,2.517974
22.5,120.5,2002-12-01,2003-01-21,51,25,18.36144,20.243196,17.13114,79.479195,3.3013883,5.628662,85.345146,70.32088,4.230319,2.4088247
24.5,121.5,2002-12-01,2003-01-21,51,25,11.795972,13.885804,10.362365,86.91538,3.116025,8.410645,91.349495,78.97201,3.8332496,2.1100364
23.5,120.5,2002-12-01,2003-01-21,51,25,14.051187,17.365852,12.15236,83.17805,2.7529714,4.0600586,90.425735,69.291916,3.4770768,2.0353034
23.5,120.5,2002-12-01,2003-01-22,52,25,13.634143,16.8682,11.650905,83.166336,2.5374386,2.6611328,91.06539,69.458855,3.2126899,1.9595809
24.5,121.5,2002-12-01,2003-01-22,52,25,11.465706,13.57898,10.008649,86.23559,2.9393299,7.6550293,91.05119,77.86574,3.7542787,2.0803137
22.5,120.5,2002-12-01,2003-01-22,52,25,17.993322,19.739294,16.737516,78.13078,3.0866165,3.9001465,83.63199,69.49309,3.9539719,2.2389288
23.5,121.5,2002-12-01,2003-01-22,52,25,14.222913,15.8427305,13.004162,83.402054,3.5382497,8.874512,87.756134,76.59773,4.5874853,2.2444904
22.5,121.5,2002-12-01,2003-01-22,52,25,19.347834,20.143044,18.525534,76.5766,7.2468553,6.661377,80.39511,72.38465,8.853349,5.742728
24.5,120.5,2002-12-01,2003-01-22,52,25,15.013597,16.52527,13.921237,78.45727,6.4128814,2.6062012,84.22216,70.78679,7.852799,4.761281
22.5,121.5,2002-12-01,2003-01-23,53,25,19.458027,20.040846,18.709425,75.30001,6.5043736,6.8615723,79.37799,71.929054,8.261618,4.914606
24.5,120.5,2002-12-01,2003-01-23,53,25,15.118086,16.697063,14.086056,78.63803,5.5925403,2.109375,84.392044,70.28054,7.0328283,3.9809701
23.5,121.5,2002-12-01,2003-01-23,53,25,14.466621,16.25351,13.24087,81.374954,3.1198258,6.989746,86.15178,73.40644,4.060982,2.0807383
23.5,120.5,2002-12-01,2003-01-23,53,25,13.680547,17.411283,11.742536,82.231766,2.3400283,2.541504,90.22001,65.76729,3.1003585,1.624381
24.5,121.5,2002-12-01,2003-01-23,53,25,11.906465,14.239642,10.445831,84.64782,2.7244937,5.5371094,89.74805,74.52418,3.4735703,1.9391588
22.5,120.5,2002-12-01,2003-01-23,53,25,18.042774,19.959017,16.917892,77.156746,2.9707541,4.3530273,83.05825,66.87834,3.8805473,2.0590723
24.5,120.5,2002-12-01,2003-01-24,54,25,15.646934,17.297138,14.471544,79.35973,5.4788404,2.574463,84.5294,71.53342,6.78723,4.0850115
24.5,121.5,2002-12-01,2003-01-24,54,25,12.48459,15.279716,10.652013,84.55789,2.625279,6.130371,90.45681,72.54643,3.424114,1.8803934
23.5,120.5,2002-12-01,2003-01-24,54,25,14.121328,18.228466,11.949518,81.54128,2.334524,1.5075684,90.322754,64.183624,3.0135436,1.6781604
22.5,121.5,2002-12-01,2003-01-24,54,25,20.138672,21.05438,19.189615,73.94794,5.852503,3.1933594,78.86748,68.59784,7.519727,4.2199335
22.5,120.5,2002-12-01,2003-01-24,54,25,18.504805,20.885733,17.048721,76.60611,3.0013404,1.5197754,83.590294,63.99357,3.9477825,2.1256294
23.5,121.5,2002-12-01,2003-01-24,54,25,14.932207,17.130888,13.458614,81.3231,2.9981704,5.6677246,86.9859,71.51131,3.9799662,1.9710377
22.5,120.5,2002-12-01,2003-01-25,55,25,18.481947,20.424816,17.124079,77.34461,3.0444674,4.206543,83.67509,67.214455,3.6105685,2.3871865
24.5,121.5,2002-12-01,2003-01-25,55,25,11.756087,13.869079,10.205997,86.48742,3.507146,10.662842,91.48581,77.70243,4.1789775,2.6550643
23.5,121.5,2002-12-01,2003-01-25,55,25,14.566459,16.153322,13.260114,83.68584,3.6695037,10.373535,87.83551,77.09318,4.612147,2.497752
22.5,121.5,2002-12-01,2003-01-25,55,25,19.62267,20.375816,18.755007,77.13921,7.5160923,6.2438965,81.36937,73.135544,9.01624,5.696003
23.5,120.5,2002-12-01,2003-01-25,55,25,14.252533,17.73552,12.27274,81.45552,2.7729416,3.3459473,90.16201,66.24244,3.4935114,2.1901085
24.5,120.5,2002-12-01,2003-01-25,55,25,15.343236,16.969084,14.248566,78.62315,7.273232,2.340088,84.64041,70.3978,8.430962,5.798547
24.5,120.5,2002-12-01,2003-01-26,56,25,14.966565,16.45959,13.833883,79.02281,6.6617374,1.9128418,84.775764,71.29101,8.022211,5.2579155
23.5,120.5,2002-12-01,2003-01-26,56,25,13.913225,17.282774,11.847857,82.02836,2.7424865,2.1520996,89.59455,68.45313,3.5705705,2.0340154
22.5,121.5,2002-12-01,2003-01-26,56,25,19.276115,19.935839,18.449465,77.049576,7.620506,4.5532227,81.12841,72.81108,9.08844,6.1271605
22.5,120.5,2002-12-01,2003-01-26,56,25,18.032757,19.779806,16.722486,78.09673,3.06959,2.6306152,83.64112,69.43679,3.7509549,2.2498531
23.5,121.5,2002-12-01,2003-01-26,56,25,14.384924,16.126623,13.024958,82.65701,3.7249494,5.9729004,86.966866,75.76694,4.649917,2.943848
24.5,121.5,2002-12-01,2003-01-26,56,25,11.643733,14.007785,9.981579,85.32707,3.2260828,6.119385,90.424324,75.97518,3.9215171,2.449133
23.5,121.5,2002-12-01,2003-01-27,57,25,14.407806,16.08503,13.12443,81.333206,3.183104,5.574951,86.23254,73.85059,4.279276,2.1327999
24.5,121.5,2002-12-01,2003-01-27,57,25,12.000775,14.504406,10.181627,84.14182,2.74065,6.2316895,89.99191,73.62552,3.4365075,1.91167
22.5,121.5,2002-12-01,2003-01-27,57,25,19.521381,20.19413,18.698755,74.40631,6.7533092,2.7111816,79.18199,70.41618,8.396531,5.048397
24.5,120.5,2002-12-01,2003-01-27,57,25,15.401673,17.045113,14.032555,78.806625,6.061633,1.7590332,84.5138,70.52889,7.3690124,4.445015
22.5,120.5,2002-12-01,2003-01-27,57,25,18.181303,20.106047,16.927336,76.37941,2.7798529,1.2963867,82.7672,65.99404,3.4294848,2.094571
23.5,120.5,2002-12-01,2003-01-27,57,25,14.04099,17.59175,12.056705,81.594696,2.2598405,0.9094238,90.26975,65.425934,2.946855,1.6575145
22.5,121.5,2002-12-01,2003-01-28,58,25,19.560501,20.297497,18.825035,74.96537,5.9787765,3.026123,79.12205,70.52255,7.6684985,4.3105083
23.5,121.5,2002-12-01,2003-01-28,58,25,14.567962,16.375055,13.456325,81.77962,2.7924514,5.0012207,86.491905,74.31349,3.8621562,1.6751802
24.5,120.5,2002-12-01,2003-01-28,58,25,15.563547,16.9965,14.526754,79.69945,5.799007,2.1484375,85.59626,71.68995,7.096052,3.9733553
23.5,120.5,2002-12-01,2003-01-28,58,25,14.09218,17.933023,12.087408,82.3609,2.2743778,1.1608887,91.36834,65.47262,3.0602624,1.6515405
24.5,121.5,2002-12-01,2003-01-28,58,25,12.1814575,14.448648,10.744215,85.39957,2.7225072,5.8496094,90.62932,75.770546,3.4000778,1.9099199
22.5,120.5,2002-12-01,2003-01-28,58,25,18.389816,20.615757,17.0632,77.051384,2.5969925,0.9313965,83.79481,65.37717,3.3013875,1.9635031
23.5,120.5,2002-12-01,2003-01-29,59,25,14.3651,18.296703,12.190147,82.66291,2.3057573,3.0212402,91.66302,66.01968,3.0637317,1.7214551
22.5,121.5,2002-12-01,2003-01-29,59,25,20.06223,20.789654,19.28735,74.900276,5.194923,4.5324707,79.53899,70.42577,6.8149567,3.546907
23.5,121.5,2002-12-01,2003-01-29,59,25,15.075335,17.138607,13.7231655,81.62965,2.6873968,7.331543,87.11211,72.333405,3.6973462,1.6999304
24.5,121.5,2002-12-01,2003-01-29,59,25,12.906643,15.754672,11.160196,84.52982,2.732701,7.1557617,91.24443,72.5483,3.5729642,2.0373044
22.5,120.5,2002-12-01,2003-01-29,59,25,18.749279,21.04358,17.359362,77.672325,2.9046354,2.2497559,85.45195,65.51422,3.575662,2.1101494
24.5,120.5,2002-12-01,2003-01-29,59,25,15.839631,17.589563,14.459044,80.57944,5.0809813,2.2875977,86.77749,72.028725,6.6310334,3.603472
24.5,120.5,2002-12-01,2003-01-30,60,25,15.784998,17.231775,14.772945,80.673195,6.157255,5.1745605,85.69971,73.587555,7.4451823,4.549956
24.5,121.5,2002-12-01,2003-01-30,60,25,12.552517,14.89076,11.225992,85.086525,2.9844532,8.153076,90.48752,75.50329,3.7005432,2.189132
23.5,121.5,2002-12-01,2003-01-30,60,25,15.048279,17.032734,13.68046,82.54913,3.4572706,7.58667,87.30833,74.13434,4.4588585,2.3261619
22.5,120.5,2002-12-01,2003-01-30,60,25,18.728827,20.860352,17.389704,78.24223,3.05288,3.659668,85.096634,67.479965,3.7236724,2.3853264
22.5,121.5,2002-12-01,2003-01-30,60,25,19.971891,20.806738,19.242662,76.593895,6.773084,5.402832,81.26931,71.99757,8.314869,4.998913
23.5,120.5,2002-12-01,2003-01-30,60,25,14.486384,17.925146,12.465738,82.50881,2.5602708,3.8415527,90.41856,68.310135,3.359857,1.806325
23.5,120.5,2002-12-01,2003-01-31,61,25,14.599622,18.172636,12.461847,83.897125,2.3362122,3.7512207,92.27674,68.55396,3.1865757,1.647244
22.5,121.5,2002-12-01,2003-01-31,61,25,20.062843,20.657671,19.31218,77.20411,6.534721,4.851074,81.92371,73.246735,8.549012,4.630718
23.5,121.5,2002-12-01,2003-01-31,61,25,15.059329,16.737875,13.825719,83.73298,3.1948614,9.346924,88.29573,76.35617,4.373353,1.9768616
24.5,120.5,2002-12-01,2003-01-31,61,25,15.916887,17.523085,14.732252,81.50674,5.8598423,3.5473633,86.4631,74.84538,7.429758,4.328182
22.5,120.5,2002-12-01,2003-01-31,61,25,18.651009,20.580137,17.435509,79.586494,2.6304445,3.774414,86.06552,69.3167,3.3421128,1.9247643
24.5,121.5,2002-12-01,2003-01-31,61,25,12.673703,14.997284,11.117648,86.59064,2.8629105,8.485107,91.97565,77.1769,3.6710434,1.9654968
22.5,120.5,2002-12-01,2003-02-01,62,25,18.803135,21.128647,17.32335,79.22688,2.6481047,2.5598145,85.829765,67.21527,3.295983,1.8599365
23.5,121.5,2002-12-01,2003-02-01,62,25,14.946319,16.867165,13.650363,84.02625,3.0164225,6.6308594,89.02707,76.16738,4.146269,1.8697412
24.5,120.5,2002-12-01,2003-02-01,62,25,15.725517,17.43964,14.460089,81.0626,5.8171525,1.9445801,86.50584,72.74489,7.2284074,4.130048
24.5,121.5,2002-12-01,2003-02-01,62,25,12.480732,14.913727,10.865465,86.530174,2.7764869,6.522217,91.306404,76.62902,3.6204867,1.8802162
23.5,120.5,2002-12-01,2003-02-01,62,25,14.618408,18.442867,12.370411,83.20619,2.3625965,2.623291,90.88204,67.2828,3.089262,1.7182825
22.5,121.5,2002-12-01,2003-02-01,62,25,19.947256,20.639639,19.234434,78.13171,6.4992843,3.347168,82.07655,73.81418,8.360035,4.793078
22.5,120.5,2002-12-01,2003-02-02,63,25,18.780657,20.945522,17.468658,78.51521,2.7905557,2.1765137,85.5973,66.83665,3.5148842,2.0607986
24.5,121.5,2002-12-01,2003-02-02,63,25,12.702278,15.211771,11.152535,84.84445,2.6908066,5.4492188,90.26804,74.4324,3.396722,1.8309069
23.5,121.5,2002-12-01,2003-02-02,63,25,15.047922,16.902742,13.89921,82.848564,2.9015589,6.6467285,88.17584,74.6686,3.970474,1.7176853
22.5,121.5,2002-12-01,2003-02-02,63,25,19.945501,20.62331,19.310734,77.822464,6.0695868,5.687256,82.691696,73.37694,7.983844,4.2553196
23.5,120.5,2002-12-01,2003-02-02,63,25,14.62259,18.351849,12.630084,82.09449,2.3091254,1.270752,90.52794,66.28323,3.0410483,1.6395262
24.5,120.5,2002-12-01,2003-02-02,63,25,16.023567,17.491459,15.062584,79.24576,5.497136,0.99853516,84.50972,71.99411,6.8537006,3.7427328
23.5,120.5,2002-12-01,2003-02-03,64,25,15.018554,19.145714,12.602516,81.93186,2.242148,1.6894531,91.179924,64.1391,3.0481513,1.5933784
24.5,120.5,2002-12-01,2003-02-03,64,25,16.38697,17.962746,15.15755,80.15709,5.2697215,2.7331543,85.7537,72.03358,6.660407,3.7357132
22.5,121.5,2002-12-01,2003-02-03,64,25,20.357264,21.05163,19.514698,76.49077,5.807234,3.0358887,81.39364,72.07857,7.406383,4.141931
23.5,121.5,2002-12-01,2003-02-03,64,25,15.441581,17.54462,14.088761,82.10403,2.7337046,4.602051,87.380104,72.980515,3.7175813,1.6932945
24.5,121.5,2002-12-01,2003-02-03,64,25,13.298593,16.259933,11.58109,84.24028,2.6115646,5.20874,90.57994,71.79596,3.355549,1.7279361
22.5,120.5,2002-12-01,2003-02-03,64,25,19.12535,21.4529,17.659805,78.03551,2.6082063,1.2988281,84.86967,65.958,3.3809412,1.8826138
22.5,121.5,2002-12-01,2003-02-04,65,25,20.386398,21.130333,19.61068,76.832214,5.807245,3.050537,81.25416,72.233,7.738352,3.5855439
23.5,120.5,2002-12-01,2003-02-04,65,25,15.309231,19.173643,13.113429,82.69507,2.1543512,1.776123,91.585106,66.39696,2.8517067,1.5708433
24.5,121.5,2002-12-01,2003-02-04,65,25,13.501614,16.159737,11.894493,85.26993,2.638519,6.2231445,91.350365,73.807106,3.4835324,1.7306166
24.5,120.5,2002-12-01,2003-02-04,65,25,16.691067,18.410206,15.456134,80.61231,5.257776,1.9482422,86.4498,72.49938,6.877736,3.5065784
23.5,121.5,2002-12-01,2003-02-04,65,25,15.61638,17.730675,14.179771,82.693085,2.9558125,5.1501465,88.1697,73.680534,4.074589,1.7915667
22.5,120.5,2002-12-01,2003-02-04,65,25,19.257025,21.621675,17.805275,78.98418,2.4581637,1.4074707,86.346344,66.50753,3.2219555,1.7654922
22.5,120.5,2002-12-01,2003-02-05,66,25,19.226988,21.540293,17.89444,79.54129,2.6175125,1.3037109,86.23996,67.08752,3.368918,1.8241534
23.5,121.5,2002-12-01,2003-02-05,66,25,15.752866,17.885384,14.478966,83.657684,2.6289573,5.842285,89.35352,74.151,3.9433289,1.2775558
23.5,120.5,2002-12-01,2003-02-05,66,25,15.336577,19.294353,13.097516,83.24948,2.2410643,2.027588,91.720146,67.03897,2.8754196,1.6459461
24.5,121.5,2002-12-01,2003-02-05,66,25,13.627573,16.218573,11.925416,86.26922,2.3714335,7.282715,92.30238,75.112724,3.1271148,1.4229256
22.5,121.5,2002-12-01,2003-02-05,66,25,20.615288,21.5158,19.77549,76.91417,4.9866676,3.236084,81.88955,71.19312,7.2602086,2.899021
24.5,120.5,2002-12-01,2003-02-05,66,25,16.795523,18.519901,15.540714,81.10261,4.9357896,2.0837402,87.47212,72.43335,6.6297746,3.2486026
23.5,120.5,2002-12-01,2003-02-06,67,25,15.339114,19.375359,13.093527,82.47343,2.4481916,1.4770508,91.54223,66.222786,3.2573385,1.7267891
22.5,121.5,2002-12-01,2003-02-06,67,25,20.743547,21.65812,19.89633,78.14859,5.353618,3.7731934,83.32674,72.21567,7.8796034,2.9900222
23.5,121.5,2002-12-01,2003-02-06,67,25,15.848293,18.11692,14.494171,83.26272,2.779745,5.6262207,88.49895,73.55571,4.094342,1.440514
24.5,121.5,2002-12-01,2003-02-06,67,25,13.582063,16.314743,11.819836,85.480225,2.3963358,6.2109375,91.21886,74.72297,3.2487402,1.3920021
22.5,120.5,2002-12-01,2003-02-06,67,25,19.437355,21.795748,18.016544,78.93805,2.59375,1.6943359,86.47802,66.93613,3.4247618,1.5685039
24.5,120.5,2002-12-01,2003-02-06,67,25,16.631105,18.182901,15.406427,81.04181,5.5857177,2.7832031,85.75505,73.99116,7.2956667,3.4312372
23.5,120.5,2002-12-01,2003-02-07,68,25,15.255669,19.186674,12.990626,81.8132,2.4412928,2.3950195,90.56023,65.51065,3.4523685,1.5496424
22.5,120.5,2002-12-01,2003-02-07,68,25,19.251528,21.580269,17.785192,78.66927,2.6040347,1.7578125,85.58427,67.17355,3.5434277,1.7508528
23.5,121.5,2002-12-01,2003-02-07,68,25,15.536352,17.68347,14.024767,82.640594,3.4325438,5.98999,87.66734,74.04474,4.577901,1.9208161
24.5,121.5,2002-12-01,2003-02-07,68,25,13.002056,15.758593,11.202057,85.14737,2.81532,7.0166016,90.92818,74.6521,3.6946042,1.7335389
22.5,121.5,2002-12-01,2003-02-07,68,25,20.39024,21.335377,19.314934,77.11234,6.7308726,2.927246,82.30335,71.75029,8.669504,4.2708726
24.5,120.5,2002-12-01,2003-02-07,68,25,16.480806,18.365742,15.030807,79.12377,5.9628496,4.576416,84.58471,71.4732,7.610428,3.7242374
23.5,120.5,2002-12-01,2003-02-08,69,25,14.899792,18.865118,12.446935,82.21879,2.1564612,3.6328125,91.54643,65.49807,2.933221,1.386839
24.5,120.5,2002-12-01,2003-02-08,69,25,16.366491,17.999474,15.205475,79.53077,5.111616,3.7219238,84.545876,71.81473,6.64328,3.2968726
24.5,121.5,2002-12-01,2003-02-08,69,25,12.802643,15.373107,11.148121,84.865265,2.7553644,6.636963,90.46254,73.96089,3.4484034,1.9167427
22.5,120.5,2002-12-01,2003-02-08,69,25,19.026861,21.405996,17.527725,76.35216,2.8212252,1.472168,83.20676,64.39922,3.6341584,2.0825496
22.5,121.5,2002-12-01,2003-02-08,69,25,20.042427,20.791801,19.240059,75.71324,6.2792983,2.9333496,79.38985,71.337326,8.159128,4.3137107
23.5,121.5,2002-12-01,2003-02-08,69,25,15.040006,17.099386,13.707603,82.09133,3.0488114,6.7419434,87.07988,73.56503,4.137929,1.9402794
23.5,120.5,2002-12-01,2003-02-09,70,25,15.119113,19.216208,12.78567,82.86353,2.2357879,2.9943848,91.898605,66.52768,2.9330335,1.5389885
24.5,120.5,2002-12-01,2003-02-09,70,25,16.85759,18.629835,15.501129,79.82769,4.845072,3.7792969,85.85497,71.38742,6.3162007,3.297647
22.5,120.5,2002-12-01,2003-02-09,70,25,19.260578,21.640347,17.763395,78.04658,3.0102527,1.9958496,85.35916,65.26782,3.8114612,2.0434787
24.5,121.5,2002-12-01,2003-02-09,70,25,13.399366,16.308239,11.505675,85.42966,2.6273577,7.2888184,91.57558,73.512955,3.3619795,1.7616677
22.5,121.5,2002-12-01,2003-02-09,70,25,20.44257,21.180792,19.639118,75.81457,5.555948,3.5668945,80.71389,71.00386,7.400242,3.7054365
23.5,121.5,2002-12-01,2003-02-09,70,25,15.444757,17.60152,14.06983,82.82101,2.835389,7.026367,88.20414,73.57377,3.968023,1.5818881
24.5,120.5,2002-12-01,2003-02-10,71,25,16.802343,18.615536,15.423434,80.99714,5.5938416,3.7756348,86.72617,72.55183,7.206262,3.8583834
23.5,120.5,2002-12-01,2003-02-10,71,25,15.34709,19.376184,12.927032,82.67722,2.4406123,2.0788574,92.18963,65.914215,3.2660444,1.8111576
24.5,121.5,2002-12-01,2003-02-10,71,25,13.53582,16.242836,11.663527,85.234505,2.6912854,5.760498,90.80225,74.116066,3.3939948,1.860727
22.5,120.5,2002-12-01,2003-02-10,71,25,19.343145,21.617203,17.847511,78.964935,2.808024,1.7553711,85.58554,67.34303,3.5975618,2.0062957
22.5,121.5,2002-12-01,2003-02-10,71,25,20.630468,21.444233,19.824772,77.0649,6.282691,3.605957,80.57046,73.1377,7.9599237,4.7344275
23.5,121.5,2002-12-01,2003-02-10,71,25,15.667363,17.831966,14.210411,82.621315,3.1024914,5.6811523,87.63669,73.55127,4.1501203,2.0340564
22.5,121.5,2002-12-01,2003-02-11,72,25,20.129053,20.909473,19.396046,76.29688,6.7836866,4.211426,81.11821,71.359886,8.377142,5.054353
24.5,120.5,2002-12-01,2003-02-11,72,25,16.296223,17.700485,15.338073,80.5781,5.5722866,2.9309082,85.82363,73.349396,6.9350834,4.087684
23.5,120.5,2002-12-01,2003-02-11,72,25,15.010968,18.499088,12.958937,83.7671,2.353262,3.7988281,91.20326,69.56922,3.120093,1.6557188
23.5,121.5,2002-12-01,2003-02-11,72,25,15.272081,17.102404,14.007325,82.63592,3.3916273,7.0739746,87.44424,74.65909,4.38524,2.2878187
22.5,120.5,2002-12-01,2003-02-11,72,25,18.967667,20.982056,17.690836,78.83047,3.094177,3.3032227,85.17199,68.79475,3.798219,2.3002753
24.5,121.5,2002-12-01,2003-02-11,72,25,12.871632,15.210963,11.430114,85.6983,2.9892619,6.2280273,91.04409,75.8985,3.6988876,2.268656
24.5,120.5,2002-12-01,2003-02-12,73,25,16.713022,18.545015,15.405475,78.99309,5.477162,2.286377,85.32625,70.005104,6.856241,3.642399
23.5,120.5,2002-12-01,2003-02-12,73,25,15.173648,19.19728,12.871124,81.75069,2.2353804,2.1582031,90.76245,64.62229,3.0524933,1.5269558
24.5,121.5,2002-12-01,2003-02-12,73,25,13.149389,15.796735,11.492662,84.203766,2.732529,7.015381,90.3567,72.74676,3.357075,2.0269456
22.5,120.5,2002-12-01,2003-02-12,73,25,19.089838,21.348839,17.622063,77.427376,2.6860473,2.5732422,84.02504,65.40291,3.438943,1.8530194
22.5,121.5,2002-12-01,2003-02-12,73,25,20.209566,21.040743,19.362936,75.34216,6.179837,3.2556152,79.62963,70.625565,7.582602,4.686257
23.5,121.5,2002-12-01,2003-02-12,73,25,15.304468,17.435173,13.923078,81.669685,2.8987362,5.4504395,86.735344,72.89,3.901692,1.894759
22.5,121.5,2002-12-01,2003-02-13,74,25,20.535652,21.388584,19.618786,76.95298,5.407789,4.251709,83.48691,71.021095,7.5474825,3.3444195
23.5,120.5,2002-12-01,2003-02-13,74,25,15.265301,19.211773,12.957765,82.079384,2.319376,3.7878418,91.1236,66.229774,3.185629,1.4769887
22.5,120.5,2002-12-01,2003-02-13,74,25,19.30159,21.655445,17.877262,78.395325,2.5807974,2.6611328,85.75018,66.93999,3.5660436,1.5742548
24.5,121.5,2002-12-01,2003-02-13,74,25,13.439968,16.279118,11.487271,84.10673,2.5862112,8.10791,91.06753,72.89923,3.5159566,1.5930322
23.5,121.5,2002-12-01,2003-02-13,74,25,15.807351,18.04115,14.274947,81.91773,2.8071473,6.356201,88.38784,72.36905,4.171965,1.6886854
24.5,120.5,2002-12-01,2003-02-13,74,25,16.583035,18.319107,15.256754,80.00986,5.3971643,5.859375,86.26882,72.373474,7.0210557,3.7409842
22.5,121.5,2002-12-01,2003-02-14,75,25,20.28413,21.42668,19.164253,77.96098,6.080351,3.0664062,82.854385,71.819305,8.266319,3.8816364
23.5,121.5,2002-12-01,2003-02-14,75,25,15.436258,17.63334,13.859493,82.869896,3.1434586,6.4953613,88.725555,73.872444,4.2806582,1.9410967
24.5,121.5,2002-12-01,2003-02-14,75,25,12.862587,15.429752,11.034498,85.62334,2.6058023,7.6953125,91.578964,76.07515,3.4439805,1.5230457
22.5,120.5,2002-12-01,2003-02-14,75,25,19.064949,21.351137,17.489098,78.97226,2.6556656,1.7126465,86.37831,67.86011,3.5421684,1.7986113
24.5,120.5,2002-12-01,2003-02-14,75,25,16.065496,17.653423,14.892111,80.16469,6.039237,3.7072754,85.643585,73.600525,7.265228,4.3843865
23.5,120.5,2002-12-01,2003-02-14,75,25,14.956493,18.537697,12.82129,82.91751,2.492852,2.3327637,91.210754,68.88634,3.2823093,1.7149904
23.5,121.5,2002-12-01,2003-02-15,76,25,14.969374,16.853453,13.613385,82.68533,3.2163496,6.0339355,87.69004,74.95631,4.554702,1.8151547
22.5,121.5,2002-12-01,2003-02-15,76,25,19.865057,20.77205,18.93626,77.144646,6.992728,3.0688477,81.45814,72.63428,9.07436,4.7409124
23.5,120.5,2002-12-01,2003-02-15,76,25,15.047167,18.595695,13.13567,81.857956,2.3625796,2.0996094,90.30886,66.206955,3.2843053,1.6361386
24.5,120.5,2002-12-01,2003-02-15,76,25,16.34248,17.813507,15.142506,78.26702,6.48033,3.7365723,84.1515,70.5582,8.042573,4.6959624
22.5,120.5,2002-12-01,2003-02-15,76,25,18.783611,20.893349,17.554928,78.3559,2.6264215,1.6003418,84.36935,67.952545,3.5707514,1.7346735
24.5,121.5,2002-12-01,2003-02-15,76,25,12.538221,14.828927,10.991032,85.44881,2.8897343,8.413086,90.83862,76.0469,3.6485953,1.9756377
24.5,120.5,2002-12-01,2003-02-16,77,25,16.35707,17.660152,15.308859,79.95756,6.4662666,2.8186035,84.977936,73.557625,7.940947,4.611488
23.5,120.5,2002-12-01,2003-02-16,77,25,15.147558,18.449669,13.198404,82.91252,2.317343,2.722168,90.75329,68.846825,3.1014266,1.6376675
24.5,121.5,2002-12-01,2003-02-16,77,25,12.667461,14.831583,11.233116,86.43213,3.176653,9.890137,90.73247,78.295906,3.8261178,2.4443383
22.5,120.5,2002-12-01,2003-02-16,77,25,19.022442,21.012245,17.735016,77.096375,2.7371016,1.7456055,83.063095,67.05103,3.4627078,2.0589683
22.5,121.5,2002-12-01,2003-02-16,77,25,19.974726,20.638794,19.193497,75.45535,6.9130845,2.821045,79.10858,71.88643,8.928688,4.8473034
23.5,121.5,2002-12-01,2003-02-16,77,25,15.00336,16.780998,13.747262,82.81201,3.4099123,7.6623535,86.75779,75.96256,4.5246305,2.0462701
22.5,120.5,2002-12-01,2003-02-17,78,25,19.138689,21.345884,17.706057,76.8631,2.9846258,1.3171387,83.67574,65.58364,3.7672935,1.9656802
22.5,121.5,2002-12-01,2003-02-17,78,25,20.310858,21.113272,19.48671,74.57869,6.2970905,3.3288574,79.44175,70.15518,7.7744703,4.6871204
24.5,120.5,2002-12-01,2003-02-17,78,25,16.531189,18.188025,15.320714,80.03021,5.7483263,5.098877,86.556786,71.73612,7.250967,4.045882
23.5,121.5,2002-12-01,2003-02-17,78,25,15.289842,17.168306,14.069733,82.41852,3.0438354,7.3242188,87.15217,74.37823,4.2579308,1.9168806
23.5,120.5,2002-12-01,2003-02-17,78,25,15.215154,18.831076,12.966125,82.60855,2.4090505,2.0446777,91.41217,67.150536,3.312571,1.5838715
24.5,121.5,2002-12-01,2003-02-17,78,25,13.013435,15.351828,11.383927,85.96377,3.042279,9.851074,91.14401,76.26391,3.8439138,2.1469972
24.5,121.5,2002-12-01,2003-02-18,79,25,12.794778,15.116395,11.051051,85.565895,3.1297255,9.729004,90.75931,76.86266,4.0633945,2.1026163
23.5,120.5,2002-12-01,2003-02-18,79,25,15.052961,18.510073,12.869889,81.50526,2.5900145,5.6518555,90.03824,66.9728,3.5249996,1.7155867
22.5,121.5,2002-12-01,2003-02-18,79,25,20.144817,20.992504,19.25721,76.17566,6.6886983,5.5041504,82.144424,70.5441,8.694832,4.9321213
24.5,120.5,2002-12-01,2003-02-18,79,25,16.164368,17.582617,14.920309,79.55042,6.3239503,4.3481445,85.33115,72.956635,7.8313236,4.5175376
23.5,121.5,2002-12-01,2003-02-18,79,25,15.276223,17.191849,13.841602,82.98586,3.405029,9.750977,88.39504,74.47818,4.543495,2.3234487
22.5,120.5,2002-12-01,2003-02-18,79,25,19.005423,21.168072,17.65253,77.75437,2.9297094,5.0549316,85.29384,65.829155,3.771129,2.0790145
22.5,120.5,2002-12-01,2003-02-19,80,25,18.74456,20.79917,17.407188,77.03537,3.025421,2.7514648,83.05476,66.562386,3.9674559,2.205609
23.5,121.5,2002-12-01,2003-02-19,80,25,14.97085,16.870722,13.672677,81.19235,3.661452,7.0617676,86.43513,72.90508,4.7652693,2.3342485
24.5,120.5,2002-12-01,2003-02-19,80,25,16.156904,18.036152,14.727477,77.39332,6.0176525,4.8327637,83.386765,68.151764,7.521144,4.0046673
22.5,121.5,2002-12-01,2003-02-19,80,25,19.770283,20.509296,19.028404,75.324905,7.372291,3.6047363,80.109505,70.789635,8.771847,5.634718
23.5,120.5,2002-12-01,2003-02-19,80,25,14.803916,18.699818,12.470187,80.5796,2.5522962,3.942871,90.537506,63.007412,3.6719375,1.6684357
24.5,121.5,2002-12-01,2003-02-19,80,25,12.620889,15.220839,10.95964,83.542854,3.0491548,7.9821777,89.875725,72.04971,3.8619556,2.190316
23.5,120.5,2002-12-01,2003-02-20,81,25,14.766881,19.076553,12.109122,80.93861,2.1620655,0.9020996,91.15818,62.34617,2.8847163,1.4917356
24.5,121.5,2002-12-01,2003-02-20,81,25,13.134167,16.22335,11.278287,83.118675,2.4341958,4.58374,89.777824,69.90837,3.1232653,1.6042668
23.5,121.5,2002-12-01,2003-02-20,81,25,15.146803,17.378126,13.647604,80.323784,2.6673594,4.367676,86.256325,70.76007,3.6559176,1.6378437
24.5,120.5,2002-12-01,2003-02-20,81,25,16.253777,18.07968,14.974962,79.20975,4.663757,2.3754883,85.66309,70.070015,5.908332,3.1467547
22.5,121.5,2002-12-01,2003-02-20,81,25,20.027603,20.731245,19.25665,73.03105,5.606576,2.1618652,77.51369,68.48097,7.3867683,3.702966
22.5,120.5,2002-12-01,2003-02-20,81,25,18.917292,21.321318,17.52216,76.01989,2.59034,0.625,83.13519,63.2451,3.432787,1.8204339
22.5,120.5,2002-12-01,2003-02-21,82,25,19.361126,21.590767,17.930046,78.568146,2.7722814,2.6184082,86.10949,66.48906,3.639367,1.919967
22.5,121.5,2002-12-01,2003-02-21,82,25,20.517727,21.27295,19.760466,76.72935,5.3774915,4.321289,81.765434,71.39714,6.9696565,3.7800305
24.5,120.5,2002-12-01,2003-02-21,82,25,16.665617,18.350395,15.438449,81.25265,5.0337386,4.3029785,87.090935,73.64454,6.351101,3.5724049
24.5,121.5,2002-12-01,2003-02-21,82,25,13.595345,16.306723,11.888,85.52541,2.612634,6.6052246,91.5882,74.25647,3.401866,1.7628642
23.5,120.5,2002-12-01,2003-02-21,82,25,15.370247,19.38477,13.089542,82.54629,2.191082,3.4179688,92.12834,66.353294,3.0861368,1.5347886
23.5,121.5,2002-12-01,2003-02-21,82,25,15.67052,17.781078,14.29961,82.92607,2.703682,6.489258,88.23187,73.91106,3.5613825,1.708156
23.5,121.5,2002-12-01,2003-02-22,83,25,15.92401,18.150152,14.385353,83.56791,2.8831549,6.623535,88.740135,73.929016,3.9823122,1.6414542
24.5,120.5,2002-12-01,2003-02-22,83,25,17.024616,18.678835,15.841275,80.94242,4.880383,2.709961,86.677216,73.21322,6.484361,3.2321737
22.5,121.5,2002-12-01,2003-02-22,83,25,20.714615,21.54732,19.887667,77.78584,5.423446,4.038086,81.96128,72.882,7.297799,3.662452
23.5,120.5,2002-12-01,2003-02-22,83,25,15.5948305,19.636637,13.050319,83.19724,2.2384217,3.8708496,92.01308,66.61331,3.0756826,1.4221939
24.5,121.5,2002-12-01,2003-02-22,83,25,13.953639,16.86148,12.134078,85.80783,2.6914642,6.2268066,92.07181,73.97938,3.4778674,1.766946
22.5,120.5,2002-12-01,2003-02-22,83,25,19.590046,21.935854,18.135582,79.40239,2.9901888,4.0563965,86.76471,67.1831,3.9363575,2.1312172
22.5,120.5,2002-12-01,2003-02-23,84,25,19.737282,22.07273,18.174854,79.184006,2.6097968,2.0410156,87.162254,67.01429,3.5255134,1.6454184
24.5,121.5,2002-12-01,2003-02-23,84,25,14.022303,17.076727,12.020773,84.73457,2.7279096,6.472168,91.13948,72.13362,3.4174013,1.903587
23.5,120.5,2002-12-01,2003-02-23,84,25,15.970486,20.038118,13.414591,81.64719,2.2583203,2.4267578,90.82337,65.58555,3.1044433,1.4359374
22.5,121.5,2002-12-01,2003-02-23,84,25,20.892145,21.820976,19.965021,77.34495,5.630572,2.9516602,82.83244,71.319855,7.278903,3.9377596
24.5,120.5,2002-12-01,2003-02-23,84,25,17.338709,19.23513,15.908678,79.802475,5.1930566,2.8295898,85.77786,71.32024,6.67626,3.5306668
23.5,121.5,2002-12-01,2003-02-23,84,25,16.08203,18.566292,14.477355,82.87752,2.9598353,4.609375,88.716805,72.36296,4.02759,1.9422367
23.5,120.5,2002-12-01,2003-02-24,85,25,15.851379,19.77253,13.409484,82.85911,2.3667905,2.8417969,91.317764,67.523674,3.265819,1.5256293
24.5,121.5,2002-12-01,2003-02-24,85,25,13.6067505,16.424952,11.849176,85.62427,2.8860612,6.3464355,91.82262,74.554,3.6735349,2.0343773
23.5,121.5,2002-12-01,2003-02-24,85,25,15.835169,18.098682,14.270538,83.16726,3.2009015,5.9851074,88.30274,74.31461,4.333675,1.9390855
22.5,120.5,2002-12-01,2003-02-24,85,25,19.530325,21.976612,17.889538,79.757996,2.9379272,3.026123,86.898476,68.075226,3.6686978,2.3124971
22.5,121.5,2002-12-01,2003-02-24,85,25,20.515285,21.489674,19.626183,78.29977,6.4697933,3.4265137,82.1842,73.49133,8.385464,4.5096264
24.5,120.5,2002-12-01,2003-02-24,85,25,17.047922,18.7604,15.771544,80.44481,5.808336,2.5012207,87.087555,72.99059,7.3078747,4.1386003
23.5,120.5,2002-12-01,2003-02-25,86,25,15.7562,19.31695,13.663883,84.058105,2.0845728,1.3952637,92.088776,69.50808,2.8244293,1.3971758
22.5,121.5,2002-12-01,2003-02-25,86,25,20.493292,21.270107,19.683395,77.34079,5.608933,2.0373535,81.10066,73.24947,7.383502,3.9193788
24.5,120.5,2002-12-01,2003-02-25,86,25,17.01624,18.409113,15.955963,81.298485,5.1861286,1.3952637,86.77403,74.349266,6.4533577,3.6997583
24.5,121.5,2002-12-01,2003-02-25,86,25,13.720263,16.085163,12.114044,86.48599,2.577204,5.9814453,91.5781,77.21146,3.2520072,1.8358196
22.5,120.5,2002-12-01,2003-02-25,86,25,19.486708,21.90148,18.063883,79.16423,2.441434,0.72265625,86.22542,66.7753,3.1775331,1.6860286
23.5,121.5,2002-12-01,2003-02-25,86,25,15.783974,17.878136,14.4797325,83.74062,2.7770872,4.9523926,88.41772,75.112076,3.972818,1.607085
23.5,120.5,2002-12-01,2003-02-26,87,25,16.251219,20.551313,13.771852,83.458626,1.8605647,0.72265625,93.6492,64.67001,2.5936904,1.2471116
22.5,121.5,2002-12-01,2003-02-26,87,25,21.091629,21.80414,20.466227,76.712654,4.8832297,1.875,80.49434,72.068344,5.9823527,3.531068
24.5,121.5,2002-12-01,2003-02-26,87,25,14.800241,17.63975,13.097965,85.10921,2.2349992,4.6447754,91.69,72.34097,2.8308496,1.5590075
24.5,120.5,2002-12-01,2003-02-26,87,25,17.92782,19.722641,16.707766,81.69592,4.0729694,0.9423828,88.34721,72.24476,5.2737584,2.819497
23.5,121.5,2002-12-01,2003-02-26,87,25,16.381062,18.674364,14.986344,82.60634,2.2657363,3.988037,88.73008,72.1779,3.2092524,1.4355582
22.5,120.5,2002-12-01,2003-02-26,87,25,20.048817,22.677406,18.52543,78.555466,2.2985585,0.60058594,86.77347,64.23871,3.0087006,1.5664746
22.5,120.5,2002-12-01,2003-02-27,88,25,20.379929,23.053007,18.835138,80.1605,2.5284083,0.76416016,87.46858,66.35711,3.237462,1.7840313
23.5,121.5,2002-12-01,2003-02-27,88,25,16.933367,19.373007,15.507086,83.60097,2.476343,5.1452637,89.85582,72.483055,3.535573,1.3672004
24.5,120.5,2002-12-01,2003-02-27,88,25,18.099714,19.714481,16.938854,83.61837,4.424061,1.4355469,89.24842,75.88832,6.0188613,2.8379858
23.5,120.5,2002-12-01,2003-02-27,88,25,16.854187,20.948477,14.586178,83.99082,1.9350156,0.8642578,93.05482,66.99354,2.6454058,1.3069249
24.5,121.5,2002-12-01,2003-02-27,88,25,15.16864,18.010765,13.374561,86.282394,2.5075028,6.4294434,92.95936,73.97308,3.2358096,1.7699035
22.5,121.5,2002-12-01,2003-02-27,88,25,21.405397,22.285185,20.603544,78.200066,4.9015856,2.4572754,82.65807,73.03117,6.4664874,3.0496664
24.5,120.5,2002-12-01,2003-02-28,89,25,18.382624,20.068762,17.264595,83.48997,5.1303687,1.8908691,88.528366,75.86485,6.8486304,3.0232913
22.5,120.5,2002-12-01,2003-02-28,89,25,20.557077,23.070166,19.083796,80.370224,2.6848752,1.373291,88.079765,67.03066,3.5035505,1.7783417
23.5,120.5,2002-12-01,2003-02-28,89,25,17.20157,21.202198,14.966652,84.21446,2.096232,1.8615723,93.25666,66.98491,3.070147,1.3619596
24.5,121.5,2002-12-01,2003-02-28,89,25,15.412156,18.165655,13.765172,86.56765,2.709115,5.534668,92.7952,74.53254,3.4203277,1.8870156
22.5,121.5,2002-12-01,2003-02-28,89,25,21.523602,22.221626,20.864859,77.86596,5.520706,2.3596191,81.96684,73.76566,7.102739,3.8678277
23.5,121.5,2002-12-01,2003-02-28,89,25,17.121492,19.398737,15.6751375,83.92408,2.967735,4.926758,89.66298,73.78815,4.078964,1.7890042
24.5,120.5,2002-12-01,2003-03-01,90,25,18.192974,19.81538,16.971842,82.065216,5.7757206,3.3618164,87.40403,74.7959,7.4103966,4.104484
23.5,121.5,2002-12-01,2003-03-01,90,25,17.040844,19.402567,15.376915,84.43482,3.0528736,6.623535,89.936516,75.123825,4.220339,2.0129979
24.5,121.5,2002-12-01,2003-03-01,90,25,15.031079,17.606342,13.236813,86.513435,2.6860206,8.106689,92.56023,75.77061,3.5410504,1.7234855
23.5,120.5,2002-12-01,2003-03-01,90,25,17.116627,20.894678,14.805983,83.191444,2.2914484,4.178467,92.07585,67.684586,3.4198046,1.4533616
22.5,120.5,2002-12-01,2003-03-01,90,25,20.48352,22.889053,18.947346,80.801506,2.3954105,3.0822754,88.13777,68.9555,3.1568365,1.5684941
22.5,121.5,2002-12-01,2003-03-01,90,25,21.523872,22.489517,20.611763,79.53165,5.976072,2.8930664,84.157234,74.843605,7.5969415,4.2726355
23.5,120.5,2002-12-01,2003-03-02,91,25,16.650742,20.334867,14.49255,83.01485,2.401582,2.286377,91.5532,67.964035,3.4284058,1.5701681
22.5,120.5,2002-12-01,2003-03-02,91,25,20.106173,22.490883,18.506485,80.196365,2.693365,2.6794434,87.263824,69.08991,3.4713538,1.8207371
22.5,121.5,2002-12-01,2003-03-02,91,25,20.927929,21.902206,20.014654,79.103645,6.3423,5.0634766,83.60372,74.41609,8.161233,4.276017
24.5,121.5,2002-12-01,2003-03-02,91,25,14.206836,16.728144,12.437975,86.54472,2.8749194,6.085205,91.93637,76.593544,3.6143327,2.0734808
23.5,121.5,2002-12-01,2003-03-02,91,25,16.487558,18.720907,15.007813,84.34451,3.3833978,6.1779785,89.32551,75.001114,4.5411286,2.143235
24.5,120.5,2002-12-01,2003-03-02,91,25,17.463926,19.084711,16.220158,81.02609,5.919641,2.0654297,86.82046,73.59072,7.309618,4.2723393
24.5,120.5,2002-12-01,2003-03-03,92,25,17.84717,19.437014,16.715929,79.06648,5.2895813,2.0141602,85.03785,70.38983,6.6896987,3.4616587
23.5,121.5,2002-12-01,2003-03-03,92,25,16.379671,18.522717,15.028415,83.33454,3.346833,4.3395996,88.41096,74.039085,4.509462,1.9207569
24.5,121.5,2002-12-01,2003-03-03,92,25,14.384963,17.054436,12.689591,84.69019,2.826173,4.119873,90.7486,73.1162,3.6022735,1.9564327
22.5,121.5,2002-12-01,2003-03-03,92,25,20.799612,21.641596,20.015287,78.303314,6.408475,3.1518555,82.69621,73.07789,7.857806,4.541786
22.5,120.5,2002-12-01,2003-03-03,92,25,19.986351,22.297169,18.569435,78.77881,2.70891,1.6113281,85.09947,67.49964,3.5676477,1.8836262
23.5,120.5,2002-12-01,2003-03-03,92,25,16.622307,20.428732,14.302799,81.84444,2.1615736,1.5270996,91.62373,65.40798,3.3526058,1.2309669
24.5,120.5,2002-12-01,2003-03-04,93,25,17.893957,19.567236,16.783878,79.26455,5.298043,3.277588,85.8605,71.26891,7.0990767,3.0249689
22.5,120.5,2002-12-01,2003-03-04,93,25,20.254366,22.533072,18.671495,78.2126,2.5554447,3.28125,84.818634,67.219475,3.3934045,1.7614342
23.5,120.5,2002-12-01,2003-03-04,93,25,16.794933,20.573023,14.671442,81.84495,2.0395427,3.355713,91.53766,65.03408,3.1161742,1.1841546
24.5,121.5,2002-12-01,2003-03-04,93,25,14.387745,17.115467,12.656115,84.73618,2.732247,7.6501465,90.995514,74.07188,3.5284207,1.7988989
22.5,121.5,2002-12-01,2003-03-04,93,25,20.988585,22.05207,19.873085,77.44084,6.2974067,5.0671387,82.26991,72.934715,8.144825,4.3445187
23.5,121.5,2002-12-01,2003-03-04,93,25,16.463741,18.677444,14.833356,82.76167,3.0806718,7.3901367,88.01297,73.86327,4.175859,1.8237321
22.5,120.5,2002-12-01,2003-03-05,94,25,20.091228,22.411533,18.691797,77.22345,2.4811285,3.2788086,85.12513,65.216995,3.3376126,1.6005275
23.5,120.5,2002-12-01,2003-03-05,94,25,16.777264,20.364288,14.626115,81.65447,2.0132492,2.4743652,91.0148,65.85851,2.9755912,1.2991431
23.5,121.5,2002-12-01,2003-03-05,94,25,16.35285,18.43168,14.862579,81.98175,2.8877463,7.495117,87.51841,72.81962,3.9685073,1.8816295
24.5,120.5,2002-12-01,2003-03-05,94,25,17.855505,19.426373,16.710255,79.505455,5.074119,3.4729004,86.247314,71.34196,6.6759496,3.3982382
24.5,121.5,2002-12-01,2003-03-05,94,25,14.401853,17.059889,12.597657,84.471825,2.6398587,7.5305176,90.82596,72.89515,3.4051547,1.885705
22.5,121.5,2002-12-01,2003-03-05,94,25,20.872204,21.760141,20.028149,75.12617,6.076856,4.2956543,80.27493,69.648636,7.6752586,4.2723975
22.5,121.5,2002-12-01,2003-03-06,95,25,21.208485,21.938393,20.52036,76.50383,5.3924403,3.2873535,80.74848,71.8721,6.925278,3.7497265
24.5,121.5,2002-12-01,2003-03-06,95,25,15.016062,17.307274,13.485836,85.09278,2.5962875,6.3720703,91.11049,74.68669,3.2475681,1.74618
23.5,120.5,2002-12-01,2003-03-06,95,25,17.041433,20.741484,14.754508,82.465195,1.911511,1.739502,92.13565,66.11218,2.8251634,1.207648
22.5,120.5,2002-12-01,2003-03-06,95,25,20.374811,22.75961,18.935987,78.12626,2.5131886,1.4367676,85.73167,65.283005,3.3943682,1.5873485
23.5,121.5,2002-12-01,2003-03-06,95,25,16.641941,18.541483,15.4466715,83.16713,2.6190243,6.2365723,88.57913,74.098305,3.7138813,1.5038527
24.5,120.5,2002-12-01,2003-03-06,95,25,18.327156,19.924217,17.261246,81.257965,4.6399527,1.9104004,87.59455,73.03095,6.2857747,2.8308043
23.5,121.5,2002-12-01,2003-03-07,96,25,17.20883,19.692009,15.612262,83.83692,2.7430944,6.2072754,89.746185,73.76652,3.8723428,1.4655619
24.5,120.5,2002-12-01,2003-03-07,96,25,18.302776,20.056593,16.92362,81.938576,5.1300635,2.1472168,88.38614,73.991554,6.57753,3.1455197
22.5,120.5,2002-12-01,2003-03-07,96,25,20.713167,23.224434,19.14919,80.07306,2.396109,1.7993164,87.69544,67.55602,3.1690686,1.5515606
23.5,120.5,2002-12-01,2003-03-07,96,25,17.281174,21.35834,14.777105,82.92004,2.120675,2.0007324,92.61024,66.06918,3.0841246,1.3469259
24.5,121.5,2002-12-01,2003-03-07,96,25,15.2620535,17.971075,13.206642,86.054375,2.3651798,6.0876465,91.96149,75.19321,3.1522205,1.3977562
22.5,121.5,2002-12-01,2003-03-07,96,25,21.574924,22.586708,20.640034,79.04203,5.376358,3.2739258,83.57166,73.93403,7.397128,3.547108
22.5,121.5,2002-12-01,2003-03-08,97,25,21.58358,22.296762,20.937632,78.85165,5.904559,2.3254395,82.80608,74.722885,7.2595286,4.3567
23.5,120.5,2002-12-01,2003-03-08,97,25,17.492739,21.408056,15.180407,83.669876,1.9287776,2.3876953,93.20279,66.64337,2.9069638,1.1333479
24.5,120.5,2002-12-01,2003-03-08,97,25,18.946802,20.693916,17.728828,81.776665,4.8771014,3.59375,88.186005,73.242836,6.3525844,3.1166372
23.5,121.5,2002-12-01,2003-03-08,97,25,17.145317,19.333525,15.780929,84.092735,2.794883,4.9414062,89.53833,74.601746,3.8258383,1.6578554
24.5,121.5,2002-12-01,2003-03-08,97,25,15.600552,18.278212,13.873713,85.462006,2.6547272,6.6088867,91.728905,73.98482,3.3086786,1.9076428
22.5,120.5,2002-12-01,2003-03-08,97,25,20.754692,23.07461,19.35319,80.22215,2.448771,1.0534668,86.89429,68.17764,3.2122858,1.552334
23.5,121.5,2002-12-01,2003-03-09,98,25,17.73524,20.109236,16.163887,84.26005,2.7102487,5.39917,89.98721,74.46816,3.7896414,1.5472549
24.5,120.5,2002-12-01,2003-03-09,98,25,19.190144,20.995407,17.67958,82.509735,4.132779,2.310791,88.96118,73.7637,5.324397,2.6859686
22.5,120.5,2002-12-01,2003-03-09,98,25,21.140728,23.642595,19.630173,80.53656,2.735549,2.2924805,88.67432,67.60447,3.5510302,1.9810606
24.5,121.5,2002-12-01,2003-03-09,98,25,16.271646,18.97744,14.433297,85.93604,2.5997787,5.5249023,92.496475,74.16707,3.3178635,1.872174
23.5,120.5,2002-12-01,2003-03-09,98,25,17.982506,22.036034,15.579821,83.52568,1.8212771,2.6757812,92.882744,66.362564,2.7469933,1.0563514
22.5,121.5,2002-12-01,2003-03-09,98,25,21.97731,22.790667,21.169863,79.08491,5.008236,3.6230469,83.58108,74.2847,6.5591106,3.4145856
23.5,120.5,2002-12-01,2003-03-10,99,25,18.262936,22.315193,15.704699,83.58164,2.1828175,4.263916,93.446495,66.5408,3.339723,1.2756033
24.5,120.5,2002-12-01,2003-03-10,99,25,19.54782,21.337034,18.296095,82.62161,4.601355,8.947754,88.808205,74.06963,6.0853395,2.8786116
22.5,121.5,2002-12-01,2003-03-10,99,25,22.326023,23.14901,21.610292,80.848694,5.122297,2.9199219,85.34065,75.67927,6.4535503,3.5606506
22.5,120.5,2002-12-01,2003-03-10,99,25,21.473719,24.040817,19.85749,81.64473,2.6605117,2.775879,89.264336,68.623474,3.64916,1.583796
23.5,121.5,2002-12-01,2003-03-10,99,25,18.147995,20.64865,16.55527,84.69956,2.9407132,4.605713,90.8831,73.295746,4.1809998,1.7343335
24.5,121.5,2002-12-01,2003-03-10,99,25,16.664478,19.546307,14.9017,86.42415,2.613095,8.087158,92.825516,73.95481,3.377556,1.7507377
24.5,121.5,2002-12-01,2003-03-11,100,25,16.012344,18.574999,14.368839,87.37291,2.5376995,9.161377,93.05025,77.616394,3.2654374,1.6428735
22.5,120.5,2002-12-01,2003-03-11,100,25,21.369413,23.838028,19.727287,82.590546,2.4282122,4.2700195,90.03645,70.80764,3.4217079,1.3900211
23.5,121.5,2002-12-01,2003-03-11,100,25,18.145,20.53839,16.513298,85.42569,2.9092994,8.85498,91.07481,76.011406,4.1628313,1.452718
22.5,121.5,2002-12-01,2003-03-11,100,25,22.367617,23.424677,21.508041,82.424675,5.2963758,4.425049,87.51625,77.1721,7.050452,3.155881
24.5,120.5,2002-12-01,2003-03-11,100,25,18.888243,20.386473,17.789274,83.38455,5.515288,6.135254,88.05159,77.11701,6.822968,3.943477
23.5,120.5,2002-12-01,2003-03-11,100,25,17.986876,21.60694,15.549899,84.478485,2.2660995,7.570801,92.79765,70.367386,3.3830023,1.355933
23.5,120.5,2002-12-01,2003-03-12,101,25,18.168438,21.843878,15.856959,83.22629,2.2328565,1.9030762,91.53574,68.126945,3.4013178,1.3641185
22.5,120.5,2002-12-01,2003-03-12,101,25,21.386328,23.636835,19.975983,82.09084,2.1925733,1.8029785,88.8101,70.762665,3.2521799,1.3929605
24.5,120.5,2002-12-01,2003-03-12,101,25,19.365196,21.118252,18.185396,81.03838,5.5723,2.3999023,86.83053,73.57158,7.1910496,3.8683364
23.5,121.5,2002-12-01,2003-03-12,101,25,17.967402,20.191133,16.58525,84.75916,3.0538049,4.741211,89.623085,75.294815,4.187574,1.9849112
22.5,121.5,2002-12-01,2003-03-12,101,25,22.259882,23.110777,21.564878,81.52831,5.885932,2.9211426,85.30556,76.9812,7.433114,4.159951
24.5,121.5,2002-12-01,2003-03-12,101,25,16.180567,18.970274,14.380143,85.359795,2.5864377,4.810791,91.565,73.74209,3.2300296,1.9652766
22.5,121.5,2002-12-01,2003-03-13,102,25,22.047081,22.948227,21.129517,81.55909,5.7519097,3.6132812,85.774826,77.18268,7.598101,3.5769758
24.5,121.5,2002-12-01,2003-03-13,102,25,15.6295805,18.132303,13.825187,86.38559,2.5014112,7.845459,92.38516,76.10344,3.374209,1.5361526
23.5,120.5,2002-12-01,2003-03-13,102,25,18.138487,21.593838,15.782555,83.459785,2.0591648,4.1845703,92.25036,69.3082,2.9946783,1.2476013
23.5,121.5,2002-12-01,2003-03-13,102,25,17.70667,19.848509,16.185118,84.77529,3.0976844,7.2436523,90.00576,76.18426,4.2877235,1.7960166
22.5,120.5,2002-12-01,2003-03-13,102,25,21.421768,23.676342,19.802467,81.63202,2.2593126,2.821045,89.22832,70.61757,3.0676763,1.3619369
24.5,120.5,2002-12-01,2003-03-13,102,25,18.977041,20.552818,17.791466,81.42447,5.3350916,4.456787,87.23191,74.12485,7.00383,3.561716
23.5,120.5,2002-12-01,2003-03-14,103,25,17.982588,21.49145,15.761056,83.19229,1.909988,1.4819336,92.24078,67.732254,2.8730233,1.165145
24.5,121.5,2002-12-01,2003-03-14,103,25,15.758193,18.438091,13.958624,85.46344,2.225256,4.4055176,91.86927,73.738045,2.8150089,1.6245672
22.5,121.5,2002-12-01,2003-03-14,103,25,21.79587,22.644913,20.953682,79.59967,5.051528,2.1899414,83.55534,75.03294,6.544292,3.3357642
23.5,121.5,2002-12-01,2003-03-14,103,25,17.484638,19.568249,16.095518,84.18953,2.610679,4.526367,88.99544,74.70379,3.545225,1.5964956
24.5,120.5,2002-12-01,2003-03-14,103,25,19.152939,20.82395,17.976334,80.58483,4.5639386,1.2731934,87.08932,71.67955,5.8194075,3.1038349
22.5,120.5,2002-12-01,2003-03-14,103,25,21.13917,23.37416,19.561935,80.977776,2.238639,1.3916016,88.75677,69.99813,2.9801621,1.4997737
22.5,121.5,2002-12-01,2003-03-15,104,25,22.342276,23.166513,21.649326,79.40273,4.682803,1.9348145,84.161026,74.3075,6.1213746,3.3049197
24.5,120.5,2002-12-01,2003-03-15,104,25,19.724367,21.38058,18.706156,80.85826,4.553007,1.4416504,87.20938,72.65019,6.0732274,3.1410618
22.5,120.5,2002-12-01,2003-03-15,104,25,21.457119,23.948608,19.93381,80.67352,2.2841122,0.9777832,88.444725,67.76651,3.1205044,1.491016
23.5,120.5,2002-12-01,2003-03-15,104,25,18.275637,21.96064,15.837023,83.12042,1.9173051,1.6345215,92.492294,67.612045,2.8002377,1.3096395
23.5,121.5,2002-12-01,2003-03-15,104,25,18.094406,20.42262,16.587051,84.03072,2.5480728,4.7302246,90.47059,73.53091,3.6989417,1.5531359
24.5,121.5,2002-12-01,2003-03-15,104,25,16.613136,19.153471,14.97256,85.010284,2.3271372,5.79834,91.51175,73.999176,3.0120287,1.6188796
24.5,121.5,2002-12-01,2003-03-16,105,25,16.634226,19.14428,14.87611,85.511566,2.568728,6.1987305,91.84369,75.40006,3.4256864,1.486544
22.5,121.5,2002-12-01,2003-03-16,105,25,22.595535,23.664986,21.719849,80.933846,5.889782,1.5856934,85.046486,75.93973,7.4006004,4.0650873
24.5,120.5,2002-12-01,2003-03-16,105,25,19.86491,21.532564,18.56986,81.279465,5.659094,5.3796387,87.29291,73.5834,7.183576,3.8936245
22.5,120.5,2002-12-01,2003-03-16,105,25,21.751335,24.3042,20.137077,80.92914,2.5200891,1.0974121,88.28246,68.369095,3.5337026,1.4311506
23.5,120.5,2002-12-01,2003-03-16,105,25,18.729519,22.552402,16.299328,82.735466,2.20632,2.9345703,92.25611,66.7987,3.4466429,1.4619803
23.5,121.5,2002-12-01,2003-03-16,105,25,18.336218,20.669825,16.769567,84.11973,3.0046394,4.519043,89.64953,74.34043,4.309766,1.6027507
23.5,121.5,2002-12-01,2003-03-17,106,25,17.683783,19.776972,16.083555,83.8899,3.087278,5.3796387,88.76999,75.33562,4.1970243,1.8577733
24.5,121.5,2002-12-01,2003-03-17,106,25,15.743587,18.099306,14.07714,86.00698,2.7459588,7.1972656,91.77875,76.2217,3.4378557,1.8683892
22.5,121.5,2002-12-01,2003-03-17,106,25,22.003899,23.010414,21.056128,79.409454,6.189902,1.7773438,83.7589,74.45541,8.078967,4.04065
24.5,120.5,2002-12-01,2003-03-17,106,25,19.300774,20.837334,18.183239,80.90488,5.4358883,4.1516113,87.1636,72.90586,6.960872,3.6632376
22.5,120.5,2002-12-01,2003-03-17,106,25,21.476751,23.910479,19.719278,80.101295,2.568916,1.6821289,87.23399,68.94638,3.4083357,1.7817622
23.5,120.5,2002-12-01,2003-03-17,106,25,18.425793,21.90436,16.03901,83.17024,2.0536468,3.1323242,92.68747,68.14283,3.101921,1.241385
24.5,121.5,2002-12-01,2003-03-18,107,25,15.836094,18.358898,14.153853,85.649414,2.7293186,8.737793,92.00721,75.76499,3.4776402,1.8722064
22.5,120.5,2002-12-01,2003-03-18,107,25,21.176542,23.548662,19.654865,78.844635,2.587929,1.4172363,85.938995,66.68484,3.5711029,1.685415
23.5,121.5,2002-12-01,2003-03-18,107,25,17.472168,19.54832,16.086554,82.9616,2.680518,6.0949707,88.78429,73.788826,3.882798,1.6393554
23.5,120.5,2002-12-01,2003-03-18,107,25,18.116837,21.582867,15.843532,83.04824,1.9145275,2.4572754,92.2836,67.98676,2.750448,1.150455
24.5,120.5,2002-12-01,2003-03-18,107,25,19.470587,21.072353,18.303122,80.45186,5.240527,3.3752441,86.59909,72.73302,6.928195,3.4687154
22.5,121.5,2002-12-01,2003-03-18,107,25,21.805761,22.57957,21.09437,77.34769,5.641841,2.1862793,81.25688,72.53469,7.2238865,4.0204263
24.5,120.5,2002-12-01,2003-03-19,108,25,19.142118,20.563194,18.11902,80.00772,5.566319,3.4143066,85.51162,73.1874,6.8918266,4.1329064
23.5,121.5,2002-12-01,2003-03-19,108,25,17.403584,19.625973,15.85757,83.82709,3.4800284,6.221924,88.75798,75.27842,4.6026955,2.281473
22.5,121.5,2002-12-01,2003-03-19,108,25,21.72376,22.561123,20.883501,77.76569,6.2750154,3.1323242,81.969734,73.444664,7.752583,4.490699
24.5,121.5,2002-12-01,2003-03-19,108,25,15.582393,17.993038,14.01921,86.3297,3.072229,7.91626,91.7504,77.076164,3.7697113,2.3133492
22.5,120.5,2002-12-01,2003-03-19,108,25,21.21956,23.46791,19.851124,78.76129,2.763936,1.7004395,85.653984,67.93495,3.5790656,1.9232913
23.5,120.5,2002-12-01,2003-03-19,108,25,18.078232,21.490723,16.142975,82.857704,2.1692517,2.2973633,90.564354,68.767746,3.0580513,1.3391315
24.5,120.5,2002-12-01,2003-03-20,109,25,19.25618,20.803047,18.089289,80.68397,5.7839904,7.873535,86.69891,73.53656,7.4342055,3.680566
22.5,121.5,2002-12-01,2003-03-20,109,25,21.773582,22.583857,20.908642,78.43242,6.467889,3.112793,83.279366,73.9533,8.322754,4.3025007
23.5,121.5,2002-12-01,2003-03-20,109,25,17.336374,19.212143,15.983731,84.18133,3.2220805,6.9970703,88.68087,77.03585,4.379177,1.9481052
24.5,121.5,2002-12-01,2003-03-20,109,25,15.596296,17.827377,14.055011,86.27883,2.95143,10.531006,91.72444,77.868805,3.727388,2.0628457
22.5,120.5,2002-12-01,2003-03-20,109,25,21.218386,23.351704,19.822618,78.93064,2.8301568,1.8859863,85.780205,68.81607,3.6885343,1.9298103
23.5,120.5,2002-12-01,2003-03-20,109,25,18.178778,21.249496,16.297785,82.57553,2.108182,5.1623535,90.88385,69.68119,3.1572752,1.0414509
24.5,120.5,2002-12-01,2003-03-21,110,25,19.39376,20.921324,18.26046,81.96736,4.688121,5.1831055,87.94124,74.82504,6.134125,2.7341409
23.5,120.5,2002-12-01,2003-03-21,110,25,18.328663,21.564253,16.260378,83.780556,1.992271,3.5302734,92.65429,70.44553,3.0608582,1.0672115
22.5,121.5,2002-12-01,2003-03-21,110,25,22.108643,22.924145,21.209316,78.29183,5.842825,2.0788574,83.185555,73.80102,7.3697443,4.163145
24.5,121.5,2002-12-01,2003-03-21,110,25,16.022276,18.239086,14.4078865,86.2513,2.8036585,7.0739746,91.84936,77.80632,3.4355001,2.1016052
23.5,121.5,2002-12-01,2003-03-21,110,25,17.762001,19.65977,16.393839,83.799225,2.974618,5.3686523,89.101524,76.20956,3.9413998,1.9183551
22.5,120.5,2002-12-01,2003-03-21,110,25,21.398544,23.768627,19.84714,79.26372,2.9717724,1.5356445,87.32893,67.82414,3.738579,2.1497626
22.5,120.5,2002-12-01,2003-03-22,111,25,21.724693,24.16814,20.198267,80.03033,2.8275898,3.026123,87.63084,68.48282,3.6397352,1.895894
23.5,121.5,2002-12-01,2003-03-22,111,25,18.123034,20.198107,16.685104,84.308,3.0158134,5.5932617,89.92745,75.78161,4.3442845,1.6975788
22.5,121.5,2002-12-01,2003-03-22,111,25,22.196568,23.04711,21.431694,79.64657,5.5102596,4.0771484,84.49051,75.28089,7.2866,3.5690079
24.5,121.5,2002-12-01,2003-03-22,111,25,16.51364,18.969034,14.844645,85.81313,2.675311,6.57959,91.76461,76.196,3.491067,1.799595
23.5,120.5,2002-12-01,2003-03-22,111,25,18.673092,22.012949,16.520767,83.05287,2.006482,3.8964844,91.687775,69.66144,3.1018891,1.1058459
24.5,120.5,2002-12-01,2003-03-22,111,25,19.620573,20.973501,18.489016,81.38467,4.2298636,3.8842773,87.147644,74.35347,5.746891,2.407257
24.5,120.5,2002-12-01,2003-03-23,112,25,19.902384,21.657866,18.608952,81.64608,4.797824,3.2519531,88.01167,74.137,6.470438,2.8460693
23.5,121.5,2002-12-01,2003-03-23,112,25,18.467344,20.83268,16.840631,84.60248,2.7386954,5.699463,90.631744,75.07492,3.935515,1.5075089
22.5,121.5,2002-12-01,2003-03-23,112,25,22.539492,23.47374,21.592505,81.13972,5.1015415,3.4716797,85.94851,76.39573,6.929983,3.2721374
23.5,120.5,2002-12-01,2003-03-23,112,25,18.977716,22.598818,16.602486,83.19524,1.9075325,2.8405762,92.65486,68.39023,2.7934148,1.0908844
24.5,121.5,2002-12-01,2003-03-23,112,25,16.910841,19.791245,14.927296,85.94864,2.5317984,5.71167,92.93453,74.90909,3.3091166,1.62385
22.5,120.5,2002-12-01,2003-03-23,112,25,21.969667,24.3971,20.315084,81.1478,2.3943624,1.887207,89.312645,69.12917,3.190734,1.5038743
24.5,120.5,2002-12-01,2003-03-24,113,25,19.807512,21.241518,18.66814,82.366325,5.6602807,5.5322266,87.55733,76.05417,7.173682,3.586897
23.5,121.5,2002-12-01,2003-03-24,113,25,18.453058,20.727964,16.867058,85.126976,3.0794592,6.616211,90.15042,76.61496,4.2909565,1.6856894
23.5,120.5,2002-12-01,2003-03-24,113,25,18.924837,22.16205,16.80318,84.08994,2.2332594,5.2124023,92.31216,70.694405,3.195237,1.3535234
22.5,121.5,2002-12-01,2003-03-24,113,25,22.651594,23.722862,21.697237,81.41721,6.0348263,2.0336914,85.92246,76.73565,7.795443,4.162774
22.5,120.5,2002-12-01,2003-03-24,113,25,22.014797,24.485455,20.3036,80.98997,2.5451252,1.8603516,88.657234,69.23504,3.3664434,1.6734549
24.5,121.5,2002-12-01,2003-03-24,113,25,16.51548,18.854267,14.79591,87.2562,2.6466773,8.222656,92.17349,78.640724,3.35322,1.8445591
23.5,121.5,2002-12-01,2003-03-25,114,25,18.282822,20.283693,16.841906,84.81188,3.0661619,6.6870117,89.606476,77.11597,4.303132,1.724176
24.5,120.5,2002-12-01,2003-03-25,114,25,19.853388,21.231417,18.784904,80.99773,5.744714,4.7460938,86.39662,75.40772,7.2443013,3.862129
22.5,121.5,2002-12-01,2003-03-25,114,25,22.534014,23.402138,21.692577,80.93159,6.024122,3.046875,84.82331,76.96524,7.3679175,4.35656
23.5,120.5,2002-12-01,2003-03-25,114,25,18.93048,22.104282,16.761827,83.34297,2.2610412,3.7939453,91.95585,70.50633,3.2532966,1.4426554
24.5,121.5,2002-12-01,2003-03-25,114,25,16.510595,18.797754,14.818238,86.641556,2.7573242,9.094238,91.69065,78.55112,3.520242,1.9398367
22.5,120.5,2002-12-01,2003-03-25,114,25,22.000322,24.345142,20.483023,80.972595,2.3892508,1.9458008,88.09117,69.433945,3.2432737,1.7010274
22.5,120.5,2002-12-01,2003-03-26,115,25,21.771217,23.949059,20.252516,79.723885,2.6330957,2.7441406,87.455124,68.49855,3.526906,1.8207356
24.5,121.5,2002-12-01,2003-03-26,115,25,16.23159,18.312542,14.684093,86.910065,2.7549334,8.337402,92.26045,78.60778,3.3230023,2.0994124
23.5,120.5,2002-12-01,2003-03-26,115,25,18.70532,21.785826,16.707037,84.12504,2.0168478,4.6118164,93.17126,70.91114,3.0044794,1.1989658
22.5,121.5,2002-12-01,2003-03-26,115,25,22.213308,23.102749,21.403315,79.717255,6.2756057,3.7451172,84.82053,74.62879,7.9528856,4.4279532
24.5,120.5,2002-12-01,2003-03-26,115,25,19.596413,20.890112,18.625446,82.58086,5.0045323,5.131836,88.91454,75.92721,6.451401,3.2542005
23.5,121.5,2002-12-01,2003-03-26,115,25,17.976511,19.87393,16.566486,84.7817,3.1339817,6.6137695,90.27242,76.48232,4.178074,2.2493658
23.5,121.5,2002-12-01,2003-03-27,116,25,17.974724,19.97287,16.499615,84.1918,3.1889946,7.976074,89.30259,76.63479,4.4758863,1.926297
24.5,120.5,2002-12-01,2003-03-27,116,25,19.507654,20.99871,18.204025,81.36264,5.155218,6.7993164,86.96268,74.924835,6.6244273,3.3225744
22.5,121.5,2002-12-01,2003-03-27,116,25,22.227985,23.330357,21.104189,79.464035,6.442851,3.8012695,84.33612,74.29071,8.199684,4.53444
23.5,120.5,2002-12-01,2003-03-27,116,25,18.596247,21.682793,16.38531,83.52898,2.0305393,5.4663086,92.3561,71.01901,3.0909808,1.0308921
24.5,121.5,2002-12-01,2003-03-27,116,25,15.938064,18.169466,14.2322035,86.57292,2.8170838,9.248047,91.60463,78.97934,3.5359626,1.8062568
22.5,120.5,2002-12-01,2003-03-27,116,25,21.717127,23.96295,20.152935,79.34201,2.7977395,3.1079102,86.37765,68.96215,3.9153879,1.7838248
23.5,121.5,2002-12-01,2003-03-28,117,25,17.974464,19.808235,16.737535,83.57901,2.6931164,5.8325195,88.216576,75.62967,3.8010015,1.6415874
24.5,120.5,2002-12-01,2003-03-28,117,25,19.905441,21.256851,18.858751,80.01478,4.4653716,5.3564453,85.84651,72.56162,6.0229673,2.6875055
23.5,120.5,2002-12-01,2003-03-28,117,25,18.58716,21.604254,16.693277,83.141914,1.8504126,5.354004,91.95535,70.51019,2.8686786,1.0226389
22.5,121.5,2002-12-01,2003-03-28,117,25,22.177101,22.790712,21.55041,78.066826,5.6872687,2.1679688,81.97955,73.968,7.0882206,4.140427
22.5,120.5,2002-12-01,2003-03-28,117,25,21.655285,23.671284,20.390871,78.787094,2.3027472,2.5756836,86.21621,68.37595,3.3148453,1.2424339
24.5,121.5,2002-12-01,2003-03-28,117,25,16.440285,18.811966,14.85924,84.96208,2.4519172,7.739258,91.26804,74.851524,3.0825524,1.8442727
24.5,121.5,2002-12-01,2003-03-29,118,25,17.01597,19.621468,15.140103,84.009544,2.6301205,8.312988,91.63246,73.36077,3.4810224,1.6355996
22.5,120.5,2002-12-01,2003-03-29,118,25,22.21189,24.880447,20.401924,79.17991,2.6794238,2.644043,87.98838,66.07709,3.7536633,1.6689041
22.5,121.5,2002-12-01,2003-03-29,118,25,22.744097,23.85508,21.602758,78.82767,5.721874,3.1542969,84.60313,72.969055,7.2328877,4.0404263
23.5,120.5,2002-12-01,2003-03-29,118,25,19.109173,22.667498,16.626345,82.222435,1.9255806,3.5180664,92.055305,67.886406,2.917637,1.1034982
24.5,120.5,2002-12-01,2003-03-29,118,25,20.257942,21.918709,19.088463,79.82777,4.547087,5.1367188,87.145164,71.506424,6.1419163,3.0821621
23.5,121.5,2002-12-01,2003-03-29,118,25,18.681732,21.096462,16.9124,82.63837,3.1351893,6.1401367,88.98758,72.9986,4.2728243,1.9650216
22.5,120.5,2002-12-01,2003-03-30,119,25,21.901428,24.069603,20.342531,79.04617,2.5379431,1.6699219,86.29375,68.74572,3.3633423,1.7078041
22.5,121.5,2002-12-01,2003-03-30,119,25,22.472385,23.423777,21.569574,78.61931,6.63046,2.3583984,82.80427,74.289055,8.002756,5.1686425
24.5,120.5,2002-12-01,2003-03-30,119,25,20.137152,21.783424,18.780182,79.45473,5.258817,6.555176,86.378876,71.62214,7.06218,3.0761602
23.5,120.5,2002-12-01,2003-03-30,119,25,18.946293,22.296247,16.48984,81.995186,1.9968174,3.6743164,91.159676,68.072014,3.2151995,1.0337502
24.5,121.5,2002-12-01,2003-03-30,119,25,16.49012,19.128904,14.470802,84.27882,2.6695473,9.047852,91.09404,73.889206,3.4820645,1.6731615
23.5,121.5,2002-12-01,2003-03-30,119,25,18.202347,20.401447,16.565767,83.110085,3.2271175,6.833496,88.45062,75.0211,4.4868646,2.0037272
23.5,120.5,2002-12-01,2003-03-31,120,25,18.899292,22.323023,16.643335,83.23414,1.9001589,5.522461,93.28696,68.73964,2.994821,1.1099094
23.5,121.5,2002-12-01,2003-03-31,120,25,18.21515,20.166561,16.94089,83.688156,2.8760495,5.883789,88.742004,75.594536,3.8957136,1.7724481
24.5,120.5,2002-12-01,2003-03-31,120,25,20.12062,21.682207,18.982687,81.17157,4.663143,5.551758,88.42743,73.13137,6.2160974,2.786548
24.5,121.5,2002-12-01,2003-03-31,120,25,16.530777,19.054218,14.992008,85.75956,2.5709968,8.3203125,92.16504,75.64595,3.210459,1.848183
22.5,121.5,2002-12-01,2003-03-31,120,25,22.29234,22.94084,21.671528,79.05013,5.95439,3.5839844,83.57524,74.45321,7.270554,4.480155
22.5,120.5,2002-12-01,2003-03-31,120,25,21.911636,24.130781,20.569853,79.06406,2.459814,2.7856445,86.11862,68.25076,3.4268236,1.6195389
24.5,121.5,2002-12-01,2003-04-01,121,25,17.405512,20.037552,15.815675,85.87027,2.4191124,7.199707,92.774895,74.669304,3.0143118,1.7723575
24.5,120.5,2002-12-01,2003-04-01,121,25,20.605064,22.230766,19.461763,81.66212,4.1725397,5.180664,88.13479,73.3299,5.500236,2.7484689
23.5,120.5,2002-12-01,2003-04-01,121,25,19.428442,22.982553,17.099518,83.26884,1.7655869,4.5507812,93.41393,68.530426,2.7455814,1.0405838
22.5,121.5,2002-12-01,2003-04-01,121,25,22.811373,23.436314,22.240019,79.509636,4.6578264,2.5805664,83.94085,75.0167,6.0433183,3.0031939
23.5,121.5,2002-12-01,2003-04-01,121,25,18.839321,20.889898,17.554,84.182556,2.532648,4.9121094,89.72618,75.37483,3.6621752,1.3368512
22.5,120.5,2002-12-01,2003-04-01,121,25,22.312738,24.726068,20.774498,79.820755,2.3813407,1.9482422,87.98914,68.01781,3.095457,1.6258382
23.5,121.5,2002-12-01,2003-04-02,122,25,19.25161,21.585508,17.589659,85.47097,2.649317,5.612793,91.518906,76.10414,3.7379792,1.5605054
24.5,121.5,2002-12-01,2003-04-02,122,25,17.769617,20.334164,15.972067,86.89998,2.3030958,6.70166,93.214714,76.32328,2.9316895,1.5983089
23.5,120.5,2002-12-01,2003-04-02,122,25,19.506824,23.125034,16.984459,84.25425,1.8868814,4.025879,93.86829,69.433846,2.945524,1.1290673
24.5,120.5,2002-12-01,2003-04-02,122,25,20.87534,22.44606,19.80591,82.59445,4.0125914,4.523926,88.832794,74.6167,5.442738,2.4262362
22.5,121.5,2002-12-01,2003-04-02,122,25,23.305378,24.270336,22.498804,81.8757,4.822346,4.1552734,86.58984,77.01746,6.3184576,2.9361298
22.5,120.5,2002-12-01,2003-04-02,122,25,22.675632,25.097065,21.111645,81.86499,2.4229882,4.1723633,89.81778,69.92741,3.4079957,1.5177603
24.5,121.5,2002-12-01,2003-04-03,123,25,18.243965,21.068863,16.140924,85.76244,2.1992965,6.2280273,92.95403,73.40242,2.880401,1.4151969
23.5,121.5,2002-12-01,2003-04-03,123,25,19.567657,22.065113,17.858639,85.0301,2.7121658,4.1210938,91.16658,74.34628,3.8301752,1.6481122
24.5,120.5,2002-12-01,2003-04-03,123,25,21.287111,23.179443,19.884396,82.269554,4.061474,5.083008,89.24743,73.62691,5.602598,2.5214286
23.5,120.5,2002-12-01,2003-04-03,123,25,20.016779,24.098238,17.293024,82.88812,1.7576374,3.0932617,93.089676,65.46834,2.9336104,0.96827155
22.5,120.5,2002-12-01,2003-04-03,123,25,23.000217,25.59605,21.300108,81.05224,2.3954766,2.121582,89.13041,67.956345,3.4103503,1.4868879
22.5,121.5,2002-12-01,2003-04-03,123,25,23.60389,24.522842,22.791931,81.805855,5.243316,2.9980469,85.57493,77.486404,6.545453,3.6311326
23.5,121.5,2002-12-01,2003-04-04,124,25,19.561348,21.842382,17.78174,85.1937,2.616954,5.834961,91.02228,76.01157,3.6675348,1.6143833
23.5,120.5,2002-12-01,2003-04-04,124,25,20.162382,24.008633,17.25113,83.50679,1.8314708,3.6254883,94.14428,67.33304,2.9839294,1.0328027
24.5,120.5,2002-12-01,2003-04-04,124,25,21.478926,23.156523,20.154068,82.935295,4.4561043,3.3447266,88.97405,75.30307,5.853735,2.8160293
22.5,120.5,2002-12-01,2003-04-04,124,25,23.123066,25.691835,21.35463,80.39725,2.3082745,2.2045898,88.81508,67.42502,3.2697594,1.39134
22.5,121.5,2002-12-01,2003-04-04,124,25,23.62459,24.570572,22.85796,81.47467,5.2318983,2.2094727,85.664024,76.358055,6.377154,3.9712946
24.5,121.5,2002-12-01,2003-04-04,124,25,18.218594,20.915443,16.191818,86.48117,2.407031,8.369141,93.1431,75.71133,3.1282773,1.605986
23.5,120.5,2002-12-01,2003-04-05,125,25,20.071527,23.656494,17.491081,84.429054,1.8487961,4.5214844,93.74878,70.060196,2.9479828,0.9457972
24.5,121.5,2002-12-01,2003-04-05,125,25,18.022408,20.537304,16.207722,86.451805,2.52202,7.0947266,92.854004,76.04699,3.174993,1.8612522
23.5,121.5,2002-12-01,2003-04-05,125,25,19.463442,21.676905,17.772526,85.55266,2.8377256,7.072754,91.218575,76.609116,3.9286637,1.7662462
22.5,120.5,2002-12-01,2003-04-05,125,25,23.0544,25.59298,21.333427,81.42241,2.4399586,2.5170898,89.1771,69.19898,3.269351,1.5685539
22.5,121.5,2002-12-01,2003-04-05,125,25,23.499418,24.456612,22.661568,82.29192,5.3066454,3.6425781,86.22434,77.647804,6.779454,3.6103632
24.5,120.5,2002-12-01,2003-04-05,125,25,21.351723,22.96254,20.175465,82.35691,4.7727423,2.9003906,88.24644,75.42439,6.21216,3.025605
22.5,120.5,2002-12-01,2003-04-06,126,25,23.041872,25.33648,21.465488,81.34505,2.7060058,2.7197266,88.84868,69.99272,3.5109391,1.8693156
24.5,120.5,2002-12-01,2003-04-06,126,25,21.35578,22.78433,20.347755,81.7665,4.6231337,3.1591797,88.11397,74.48807,6.0010285,2.8627427
23.5,121.5,2002-12-01,2003-04-06,126,25,19.449743,21.461288,18.137447,85.38058,3.0633445,5.4882812,90.1784,76.52983,4.1431036,1.8654629
23.5,120.5,2002-12-01,2003-04-06,126,25,20.181307,23.36688,18.256998,84.524734,1.7903024,3.8012695,93.19112,70.18636,2.8887298,1.039616
24.5,121.5,2002-12-01,2003-04-06,126,25,17.858376,20.140472,16.299591,86.527664,2.6587567,6.6992188,92.502716,77.0962,3.389713,1.8912758
22.5,121.5,2002-12-01,2003-04-06,126,25,23.381502,24.288994,22.578003,81.618034,5.5311847,3.1591797,85.84308,77.19496,6.9593415,3.7609472
24.5,120.5,2002-12-01,2003-04-07,127,25,21.504871,23.06973,20.20153,81.911896,4.6398067,2.3168945,88.04794,74.47403,6.447632,2.556145
24.5,121.5,2002-12-01,2003-04-07,127,25,18.147976,20.56122,16.423443,86.394485,2.6351554,6.196289,92.970856,76.79988,3.3372552,1.8129731
23.5,120.5,2002-12-01,2003-04-07,127,25,20.382526,23.61269,18.06315,83.619064,1.915719,2.6586914,92.6678,69.96153,3.0133133,0.9250941
22.5,121.5,2002-12-01,2003-04-07,127,25,23.581648,24.495083,22.725458,81.09498,5.4114795,2.8442383,85.461464,76.047165,7.000994,3.7378833
22.5,120.5,2002-12-01,2003-04-07,127,25,23.170183,25.521832,21.477383,81.146835,2.7124968,2.1826172,89.17279,69.160515,3.5592532,1.7686849
23.5,121.5,2002-12-01,2003-04-07,127,25,19.569069,21.594814,18.087286,85.48454,2.8509023,5.065918,90.64836,76.84507,4.080773,1.4397694
24.5,121.5,2002-12-01,2003-04-08,128,25,18.041103,20.550034,16.279913,86.31341,2.6112525,6.4208984,92.37119,76.719315,3.3043423,1.883712
24.5,120.5,2002-12-01,2003-04-08,128,25,21.436104,22.924799,20.278107,81.85536,4.9109526,4.055176,87.998314,75.3147,6.6022058,2.8894196
23.5,121.5,2002-12-01,2003-04-08,128,25,19.503428,21.81441,17.896574,85.14903,2.8872318,5.246582,91.06715,75.845505,4.08299,1.7610208
22.5,121.5,2002-12-01,2003-04-08,128,25,23.494091,24.458624,22.633154,80.999344,5.707987,3.2250977,85.740814,75.84314,7.214617,3.9051185
22.5,120.5,2002-12-01,2003-04-08,128,25,23.003525,25.39746,21.236582,80.14502,2.6092315,1.5454102,88.39902,68.43678,3.525738,1.6928933
23.5,120.5,2002-12-01,2003-04-08,128,25,20.116474,23.536762,17.547522,83.691925,2.002292,3.4521484,93.14724,69.57068,3.1312559,1.1316692
23.5,120.5,2002-12-01,2003-04-09,129,25,20.306643,23.70481,17.901388,83.705696,1.8483075,4.5703125,93.643875,69.57399,2.9643307,0.923345
24.5,121.5,2002-12-01,2003-04-09,129,25,18.2918,20.810513,16.565632,85.430664,2.4715574,6.879883,92.23329,75.40595,3.231925,1.6622128
23.5,121.5,2002-12-01,2003-04-09,129,25,19.725061,21.880043,18.298643,84.65042,2.661528,4.8828125,90.19193,76.27465,3.9774427,1.2782278
22.5,120.5,2002-12-01,2003-04-09,129,25,23.211702,25.622587,21.573853,80.107346,2.6852841,1.5454102,88.201416,68.144554,3.4755561,1.7758508
22.5,121.5,2002-12-01,2003-04-09,129,25,23.575823,24.464048,22.712152,81.36807,5.185849,2.0654297,85.582344,76.40036,7.1556716,3.3759584
24.5,120.5,2002-12-01,2003-04-09,129,25,21.374807,22.822094,20.15528,81.90215,4.2355943,6.340332,88.69738,74.1881,5.8013916,2.5393817
22.5,120.5,2002-12-01,2003-04-10,130,25,23.288214,25.635202,21.595863,80.787964,2.6110756,2.8393555,89.48222,69.304794,3.5723484,1.7012205
24.5,120.5,2002-12-01,2003-04-10,130,25,21.644913,23.267189,20.293121,81.80128,4.5750184,5.229492,88.725975,73.64679,6.164087,3.0012841
23.5,121.5,2002-12-01,2003-04-10,130,25,19.861065,22.085617,18.31923,85.19871,2.934116,6.7504883,90.96928,76.5219,4.1389832,1.8393474
22.5,121.5,2002-12-01,2003-04-10,130,25,23.771025,24.690615,23.063047,81.58042,5.5398817,4.033203,86.81187,76.31781,6.6678486,4.1798844
23.5,120.5,2002-12-01,2003-04-10,130,25,20.568897,24.052223,18.164766,82.75349,1.9795386,5.637207,92.33301,68.296646,3.135569,1.1610829
24.5,121.5,2002-12-01,2003-04-10,130,25,18.40876,21.010818,16.454025,85.814354,2.4810019,7.7197266,93.32187,74.93423,3.079881,1.8462019
23.5,120.5,2002-12-01,2003-04-11,131,25,20.566252,23.903091,18.0823,84.04584,1.8596076,3.8305664,93.69837,69.435036,3.0159376,1.0349714
24.5,121.5,2002-12-01,2003-04-11,131,25,18.421604,20.865728,16.662804,85.64688,2.4862664,5.5493164,92.08925,75.3601,3.166852,1.6804776
24.5,120.5,2002-12-01,2003-04-11,131,25,21.875822,23.493135,20.691635,82.33961,4.569965,3.5302734,88.91346,74.58191,5.9182124,3.131883
22.5,121.5,2002-12-01,2003-04-11,131,25,23.772503,24.692476,22.958637,81.70269,5.944759,3.7719727,85.5262,77.456474,7.2890253,4.364504
22.5,120.5,2002-12-01,2003-04-11,131,25,23.37432,25.68184,21.738062,80.9846,2.540948,2.0703125,88.77022,69.52027,3.3849216,1.7584308
23.5,121.5,2002-12-01,2003-04-11,131,25,19.788109,21.88665,18.264244,85.32809,2.943329,6.101074,90.55543,76.76996,4.1045527,1.7352165
23.5,120.5,2002-12-01,2003-04-12,132,25,20.786558,24.129179,18.377157,83.18051,1.7473651,3.1103516,93.43163,68.150444,3.1079276,0.9197992
24.5,120.5,2002-12-01,2003-04-12,132,25,22.099058,23.537203,20.916035,82.50327,4.1774864,4.3066406,88.53342,75.39834,5.8974223,2.1910377
23.5,121.5,2002-12-01,2003-04-12,132,25,19.96974,22.040274,18.494408,84.33639,2.832627,4.5751953,89.9497,75.59006,3.9509907,1.7404532
22.5,120.5,2002-12-01,2003-04-12,132,25,23.461538,25.906475,21.82528,79.64852,2.6355002,1.7211914,88.04883,66.96128,3.5371604,1.7177649
22.5,121.5,2002-12-01,2003-04-12,132,25,23.805326,24.607227,23.027925,80.55164,5.5077953,2.9638672,84.64082,76.271805,6.805069,3.9720974
24.5,121.5,2002-12-01,2003-04-12,132,25,18.770092,21.262314,17.043154,85.17929,2.489403,5.7470703,91.80682,74.436554,3.2558303,1.7148143
23.5,121.5,2002-12-01,2003-04-13,133,25,20.547806,22.684298,19.123455,85.21506,2.7145889,5.0805664,91.46833,75.74466,3.9553275,1.7214797
24.5,120.5,2002-12-01,2003-04-13,133,25,22.391321,23.881748,21.26315,82.749344,4.272246,4.3408203,89.00049,75.2279,5.6467147,2.8536496
24.5,121.5,2002-12-01,2003-04-13,133,25,19.22222,21.652266,17.448952,85.98529,2.4893217,7.001953,93.30089,75.41529,3.1364255,1.7921016
22.5,121.5,2002-12-01,2003-04-13,133,25,24.326614,25.124165,23.570484,82.12918,4.926988,3.1640625,87.3855,77.13283,6.275055,3.4108982
22.5,120.5,2002-12-01,2003-04-13,133,25,24.00263,26.359219,22.328886,80.410866,2.468224,1.3378906,89.96926,68.03651,3.3820603,1.6476696
23.5,120.5,2002-12-01,2003-04-13,133,25,21.213215,24.622734,18.83178,83.11095,1.7805635,2.9785156,93.40474,68.44277,2.9480066,0.88811994
22.5,120.5,2002-12-01,2003-04-14,134,25,24.194897,26.606508,22.452515,81.47699,2.4713662,2.5048828,89.865685,69.41026,3.415705,1.6160898
24.5,121.5,2002-12-01,2003-04-14,134,25,19.451323,21.885864,17.719284,86.190094,2.4127004,7.9345703,93.09497,76.23594,3.192935,1.6201593
23.5,121.5,2002-12-01,2003-04-14,134,25,20.710777,22.918541,19.203638,86.244446,2.7609184,6.6064453,91.86871,77.03032,3.8461797,1.6421071
23.5,120.5,2002-12-01,2003-04-14,134,25,21.392183,24.831509,18.900171,84.14294,1.8754898,3.4326172,93.770096,69.44956,2.993916,1.0935861
24.5,120.5,2002-12-01,2003-04-14,134,25,22.70099,24.304712,21.509321,83.28076,4.5960827,5.036621,90.401794,75.13821,6.068351,3.0214963
22.5,121.5,2002-12-01,2003-04-14,134,25,24.584526,25.549889,23.81814,83.07965,5.15274,3.1079102,87.30231,78.27035,6.4440455,3.6506252
22.5,120.5,2002-12-01,2003-04-15,135,25,24.25689,26.660172,22.568491,81.51544,2.4427972,2.6831055,89.617775,69.49001,3.3607016,1.5439134
22.5,121.5,2002-12-01,2003-04-15,135,25,24.595055,25.540699,23.844942,83.452774,5.167339,3.0004883,87.71293,78.52566,6.452445,3.736025
23.5,121.5,2002-12-01,2003-04-15,135,25,20.867046,23.152105,19.266613,85.74417,2.7387683,7.3901367,91.724724,76.45971,3.9363372,1.6836761
24.5,120.5,2002-12-01,2003-04-15,135,25,22.758783,24.166885,21.682041,83.12283,4.8956404,8.391113,89.02111,76.06393,6.3357863,3.2200243
23.5,120.5,2002-12-01,2003-04-15,135,25,21.446693,24.84775,18.925299,83.74606,1.9700471,6.8237305,93.84433,68.69757,3.0750725,1.1033913
24.5,121.5,2002-12-01,2003-04-15,135,25,19.639368,22.14564,17.86605,86.2642,2.4222627,9.401855,92.968544,75.95692,3.1692243,1.7237296
23.5,120.5,2002-12-01,2003-04-16,136,25,21.63037,24.991814,19.137611,83.2341,1.7368268,5.078125,93.61674,68.843834,2.8634837,0.942091
24.5,120.5,2002-12-01,2003-04-16,136,25,23.033592,24.578533,21.8533,82.65811,3.8103492,2.8051758,89.55562,74.82994,5.185305,2.2525582
24.5,121.5,2002-12-01,2003-04-16,136,25,19.85527,22.29025,18.013573,85.84675,2.101583,6.3549805,93.12374,75.35868,2.7762735,1.3208314
22.5,121.5,2002-12-01,2003-04-16,136,25,24.715837,25.63017,23.986792,82.958565,5.164666,3.413086,87.49711,78.028534,6.7211647,3.5634234
22.5,120.5,2002-12-01,2003-04-16,136,25,24.321072,26.613455,22.684649,81.303314,2.375429,3.581543,89.50336,69.87595,3.4519446,1.486175
23.5,121.5,2002-12-01,2003-04-16,136,25,20.960623,23.087048,19.47364,85.92206,2.4758685,6.501465,91.68803,77.433266,3.6805634,1.4631729
22.5,121.5,2002-12-01,2003-04-17,137,25,24.880434,25.756435,24.123657,82.759285,4.6279635,5.9155273,87.00297,77.99109,6.255981,2.9034197
22.5,120.5,2002-12-01,2003-04-17,137,25,24.410942,26.742825,22.704346,81.327965,2.3027308,3.9770508,89.56678,69.516396,3.3273537,1.295197
23.5,121.5,2002-12-01,2003-04-17,137,25,21.132524,23.315882,19.521158,85.554,2.2776065,7.3657227,91.25922,76.0079,3.5698392,1.0677493
24.5,121.5,2002-12-01,2003-04-17,137,25,19.943989,22.473616,18.064909,85.91714,2.0757198,8.278809,92.837845,75.89353,2.9413793,1.277943
24.5,120.5,2002-12-01,2003-04-17,137,25,23.154282,24.790955,21.881699,82.948555,4.1162596,3.0493164,89.31652,75.61673,5.5272703,2.4168732
23.5,120.5,2002-12-01,2003-04-17,137,25,21.72932,25.14885,19.181768,83.28248,1.6381208,3.6816406,93.31452,68.68567,2.7375212,0.8089596
22.5,121.5,2002-12-01,2003-04-18,138,25,24.581154,25.518686,23.765575,82.12808,5.6487365,3.8378906,87.46928,76.696754,7.2431517,4.0634055
23.5,120.5,2002-12-01,2003-04-18,138,25,21.511116,24.925108,18.92023,82.442024,1.8003987,3.256836,92.191444,67.97573,3.0402367,0.9379416
24.5,121.5,2002-12-01,2003-04-18,138,25,19.382404,21.841196,17.32528,84.826485,2.4323936,6.3378906,91.655174,74.96603,3.1510334,1.5972447
22.5,120.5,2002-12-01,2003-04-18,138,25,24.224827,26.417686,22.583424,80.59791,2.610591,2.199707,88.17929,70.06321,3.5824926,1.7931589
24.5,120.5,2002-12-01,2003-04-18,138,25,22.981115,24.606827,21.50123,80.77289,4.6074944,2.6489258,87.392715,73.26898,6.0731983,2.828127
23.5,121.5,2002-12-01,2003-04-18,138,25,20.74889,22.883307,19.177252,84.72037,2.7960215,5.3686523,90.991165,76.10046,4.041318,1.5984807
22.5,120.5,2002-12-01,2003-04-19,139,25,24.1624,26.410484,22.61539,79.542206,2.3924365,2.7416992,87.78799,68.38831,3.3263543,1.4577386
22.5,121.5,2002-12-01,2003-04-19,139,25,24.340876,25.01027,23.766758,81.311035,5.821503,5.8276367,85.186386,76.96519,6.9237895,4.2588177
23.5,121.5,2002-12-01,2003-04-19,139,25,20.49238,22.379278,19.213268,84.196465,2.8576772,6.1865234,89.15272,76.292435,4.0111895,1.6594963
24.5,120.5,2002-12-01,2003-04-19,139,25,23.063044,24.606518,21.880396,80.305565,4.4759965,2.8198242,87.95529,71.96057,5.9171767,2.95277
23.5,120.5,2002-12-01,2003-04-19,139,25,21.51402,24.727661,19.23592,81.82464,1.8758124,3.2592773,92.14318,67.593636,3.1337912,1.0230461
24.5,121.5,2002-12-01,2003-04-19,139,25,19.293806,21.589668,17.804684,84.30125,2.5706656,5.944824,90.86014,74.54847,3.262217,1.9287055
24.5,120.5,2002-12-01,2003-04-20,140,25,23.237495,24.67707,22.219238,82.062805,3.783569,5.3027344,88.50416,74.17826,5.350517,2.2187378
23.5,121.5,2002-12-01,2003-04-20,140,25,20.860834,22.78535,19.452614,85.02714,2.562766,8.183594,90.65727,77.19509,3.5864828,1.4840246
24.5,121.5,2002-12-01,2003-04-20,140,25,19.753803,22.112251,18.004122,85.66562,2.38111,7.709961,92.4741,75.78481,3.0938287,1.6682022
22.5,120.5,2002-12-01,2003-04-20,140,25,24.367691,26.55526,22.666391,80.251144,2.7010193,2.927246,88.94754,69.28987,3.6541376,1.7172168
22.5,121.5,2002-12-01,2003-04-20,140,25,24.749937,25.712524,23.931534,81.03591,4.97057,4.0161133,85.78611,76.26039,6.243727,3.548476
23.5,120.5,2002-12-01,2003-04-20,140,25,21.709272,24.775908,19.352942,83.20899,1.7384055,4.8242188,92.76246,70.09346,2.7668846,0.9842189
22.5,121.5,2002-12-01,2003-04-21,141,25,24.88751,25.79051,24.081837,82.4383,5.399724,6.467285,87.250175,77.31491,6.791929,3.8722339
22.5,120.5,2002-12-01,2003-04-21,141,25,24.53833,26.767561,22.931948,81.39086,2.7302725,5.0976562,89.542404,69.831154,3.7522733,1.7881387
23.5,121.5,2002-12-01,2003-04-21,141,25,21.125948,23.260653,19.541935,85.244446,2.6277542,11.384277,91.97558,75.6663,3.919491,1.4480122
24.5,121.5,2002-12-01,2003-04-21,141,25,20.007296,22.278269,18.320704,85.637825,2.2356646,13.552246,92.82537,76.00097,2.949866,1.5656009
24.5,120.5,2002-12-01,2003-04-21,141,25,23.586533,25.05904,22.340172,82.21641,4.074085,7.8100586,89.11411,74.77691,5.806196,2.3501744
23.5,120.5,2002-12-01,2003-04-21,141,25,21.958193,25.122704,19.585308,83.53241,1.745696,7.717285,93.14572,69.66377,2.8980618,0.86936086
22.5,121.5,2002-12-01,2003-04-22,142,25,24.986845,25.927149,24.191797,82.97955,4.9507427,3.5888672,86.76553,78.71541,6.552464,3.177514
24.5,120.5,2002-12-01,2003-04-22,142,25,23.384775,25.015528,22.141352,84.05706,4.3785157,7.20459,90.3718,75.799446,6.0648484,2.7342641
24.5,121.5,2002-12-01,2003-04-22,142,25,19.889893,22.244692,18.12498,87.235176,2.3845925,9.914551,93.7598,77.43951,3.1041377,1.6747997
22.5,120.5,2002-12-01,2003-04-22,142,25,24.581202,26.683697,22.962036,81.92709,2.430423,4.3310547,89.84448,71.46383,3.60081,1.3857446
23.5,120.5,2002-12-01,2003-04-22,142,25,21.92708,25.052973,19.502428,84.823685,1.7752125,8.549805,94.321594,71.0605,2.9247937,0.87654144
23.5,121.5,2002-12-01,2003-04-22,142,25,21.187471,23.232973,19.706642,85.97374,2.574037,7.9785156,91.80281,77.33546,3.8210266,1.4377426
24.5,120.5,2002-12-01,2003-04-23,143,25,23.430984,24.712437,22.370644,83.63157,3.9730806,5.5273438,89.591965,76.798996,5.4640546,2.4836762
22.5,121.5,2002-12-01,2003-04-23,143,25,25.139128,26.034317,24.341625,82.9674,4.95859,2.2094727,87.369484,77.89743,6.5696287,3.172699
22.5,120.5,2002-12-01,2003-04-23,143,25,24.782253,26.923223,23.164902,81.49317,2.1574807,1.953125,89.69128,70.46788,3.1155465,1.2997985
24.5,121.5,2002-12-01,2003-04-23,143,25,20.075672,22.191816,18.490953,86.755165,2.20057,6.9995117,93.47231,77.25652,2.9954357,1.3978926
23.5,121.5,2002-12-01,2003-04-23,143,25,21.269323,23.140165,19.86739,86.268555,2.5448267,5.288086,91.56438,78.36221,3.6961715,1.3729277
23.5,120.5,2002-12-01,2003-04-23,143,25,21.992292,24.926348,19.636543,84.993965,1.5860783,5.415039,94.21544,72.27608,2.6697314,0.87339735
23.5,120.5,2002-12-01,2003-04-24,144,25,22.123835,25.155376,19.80254,84.60713,1.6676178,8.757324,94.079834,71.04627,2.7879653,0.8010357
22.5,121.5,2002-12-01,2003-04-24,144,25,25.363894,26.467157,24.41455,83.16402,4.907999,4.4433594,87.327255,78.16716,6.515823,3.31925
24.5,121.5,2002-12-01,2003-04-24,144,25,19.960535,22.30902,17.98916,87.444725,2.1411383,14.169922,93.6672,78.34559,2.8916006,1.269966
23.5,121.5,2002-12-01,2003-04-24,144,25,21.505554,23.627695,19.89546,86.343414,2.5106132,10.661621,91.90483,77.67868,3.7753317,1.2010388
24.5,120.5,2002-12-01,2003-04-24,144,25,23.175026,24.625572,21.90082,84.20016,4.3586082,10.74707,89.28835,78.147606,5.7436824,2.7181475
22.5,120.5,2002-12-01,2003-04-24,144,25,24.990652,27.295977,23.347954,81.60579,2.2735624,5.576172,89.81832,70.33688,3.249948,1.4385214
23.5,121.5,2002-12-01,2003-04-25,145,25,20.950222,22.612514,19.623907,86.64463,2.9572513,10.192871,91.13541,80.739204,4.052706,1.6722797
24.5,121.5,2002-12-01,2003-04-25,145,25,19.149792,21.11811,17.531017,88.05891,2.4919114,12.282715,92.70535,81.47024,3.3205578,1.3997377
22.5,120.5,2002-12-01,2003-04-25,145,25,24.635242,26.558521,23.070913,81.61499,2.178853,5.4125977,88.87924,72.06212,2.9735813,1.3716378
24.5,120.5,2002-12-01,2003-04-25,145,25,22.780867,24.094067,21.699102,82.85203,5.0747094,5.6152344,87.96965,76.502464,6.6805425,2.7841768
22.5,121.5,2002-12-01,2003-04-25,145,25,24.853718,25.672735,24.075987,82.78637,5.858494,4.074707,86.767265,78.98368,7.548083,4.0793056
23.5,120.5,2002-12-01,2003-04-25,145,25,21.73698,24.225943,19.643883,85.712395,1.8018042,8.967285,93.86399,75.1334,2.7828405,0.960902
23.5,120.5,2002-12-01,2003-04-26,146,25,21.665428,24.525528,19.522663,84.59249,1.6253651,4.975586,93.48098,71.60073,2.6792583,0.88483536
23.5,121.5,2002-12-01,2003-04-26,146,25,20.731932,22.494404,19.59696,85.70746,2.823665,5.930176,90.32338,78.26852,3.8900297,1.829326
24.5,121.5,2002-12-01,2003-04-26,146,25,19.213903,21.296669,17.844654,86.75394,2.353448,7.939453,92.54136,77.66565,3.0463703,1.6761087
24.5,120.5,2002-12-01,2003-04-26,146,25,22.946247,24.297817,21.898663,81.75459,4.2741175,3.5424805,88.51909,73.643005,5.7023606,2.8016803
22.5,121.5,2002-12-01,2003-04-26,146,25,24.627518,25.364395,24.05413,81.59626,5.567533,2.9882812,85.82949,77.439545,7.0765767,3.8310559
22.5,120.5,2002-12-01,2003-04-26,146,25,24.486305,26.615454,22.997202,80.52123,2.1624308,3.2177734,88.16657,69.93197,2.8658402,1.4717231
23.5,121.5,2002-12-01,2003-04-27,147,25,21.285923,23.265928,19.917086,85.29383,2.601627,5.1245117,91.299355,76.30681,3.7086756,1.6517946
23.5,120.5,2002-12-01,2003-04-27,147,25,21.976334,24.925318,19.759317,83.681366,1.581932,4.4995117,93.05354,70.15872,2.6523867,0.7905358
22.5,121.5,2002-12-01,2003-04-27,147,25,25.182701,26.045557,24.467548,81.12902,5.1752715,1.9165039,86.04126,75.9626,6.8135905,3.3265705
24.5,121.5,2002-12-01,2003-04-27,147,25,19.917896,22.186943,18.29735,86.268776,2.1354184,8.674316,93.10679,76.48741,2.860857,1.4310781
22.5,120.5,2002-12-01,2003-04-27,147,25,24.767525,26.8971,23.219273,79.91756,2.1225607,2.0581055,88.56477,68.92142,3.329635,1.168819
24.5,120.5,2002-12-01,2003-04-27,147,25,23.471704,24.865147,22.37818,82.12152,4.027241,5.131836,88.49561,74.58588,5.4559646,2.304339
24.5,121.5,2002-12-01,2003-04-28,148,25,19.675293,21.707119,17.918907,87.26724,2.0484319,12.033691,93.21145,78.98398,2.7779367,1.3316699
22.5,120.5,2002-12-01,2003-04-28,148,25,24.705488,26.735615,23.200483,80.56678,2.23952,4.291992,88.10333,70.2618,3.3968093,1.2242477
24.5,120.5,2002-12-01,2003-04-28,148,25,23.166992,24.5254,22.041182,82.59697,4.488598,8.540039,88.52541,75.617905,6.012632,2.8222632
22.5,121.5,2002-12-01,2003-04-28,148,25,25.218534,26.194561,24.326576,82.0658,5.425452,3.1469727,86.452736,77.31187,7.108303,3.5853279
23.5,120.5,2002-12-01,2003-04-28,148,25,21.69545,24.367065,19.551739,85.23034,1.7932988,8.181152,93.399,73.64093,3.0552645,0.85291916
23.5,121.5,2002-12-01,2003-04-28,148,25,21.22123,23.046259,19.758068,86.0224,2.4918323,9.094238,91.11216,78.757545,3.7382565,1.2309369
23.5,121.5,2002-12-01,2003-04-29,149,25,21.083183,22.73293,19.910036,85.10915,2.2606072,7.9248047,89.92253,78.025665,3.2988691,1.297307
24.5,121.5,2002-12-01,2003-04-29,149,25,19.541777,21.73162,17.91397,86.00041,2.073384,10.615234,92.39799,76.71723,2.8106365,1.2865454
22.5,121.5,2002-12-01,2003-04-29,149,25,25.03498,25.764044,24.399546,80.80824,5.175108,2.3779297,84.96058,76.733185,6.522768,3.546984
24.5,120.5,2002-12-01,2003-04-29,149,25,23.143671,24.496391,21.930986,81.99006,4.1712537,11.420898,87.997406,75.12733,5.735597,2.3195353
22.5,120.5,2002-12-01,2003-04-29,149,25,24.659492,26.52621,23.245512,80.2408,2.1678936,3.5546875,86.44443,71.5835,3.1414523,1.3034863
23.5,120.5,2002-12-01,2003-04-29,149,25,21.762598,24.389927,19.748634,84.57415,1.7635475,9.23584,93.02674,73.1955,2.761006,1.0230393
23.5,120.5,2002-12-01,2003-04-30,150,25,21.679419,24.487633,19.570665,84.391495,1.7419662,5.029297,93.30037,71.43625,2.6330156,1.0417825
23.5,121.5,2002-12-01,2003-04-30,150,25,21.023657,22.750526,19.711828,85.12578,2.4992766,6.813965,90.397575,77.20274,3.43125,1.4518197
24.5,121.5,2002-12-01,2003-04-30,150,25,19.429731,21.402647,17.893034,86.964005,2.3241518,7.661133,92.68993,78.98345,2.921266,1.7150483
22.5,121.5,2002-12-01,2003-04-30,150,25,24.952583,25.772793,24.188383,81.27645,5.154567,4.0307617,86.03912,76.54412,6.6180654,3.5527358
24.5,120.5,2002-12-01,2003-04-30,150,25,23.03942,24.367178,21.986738,81.99554,4.2462316,5.998535,87.97276,75.10806,5.5607543,2.569098
22.5,120.5,2002-12-01,2003-04-30,150,25,24.69274,26.71295,23.107353,80.07576,2.1284804,3.7890625,88.365746,69.94802,3.0794544,1.2297597
