latitude,longitude,init_date,valid_date,lead_day,ens_n,t2m_C,t2m_C_max,t2m_C_min,rh_pct,wind_mps,tp_mm_mean,rh_pct_max,rh_pct_min,wind_mps_max,wind_mps_min
22.5,120.5,2003-12-01,2003-12-01,0,25,18.603296,20.226944,17.579304,69.88246,2.462312,0.0,77.727715,56.882183,2.8712387,2.0773456
24.5,120.5,2003-12-01,2003-12-01,0,25,16.506315,17.749601,15.633034,73.03565,8.097677,0.0,77.53637,65.91324,8.418781,7.7668176
23.5,121.5,2003-12-01,2003-12-01,0,25,15.668609,17.44843,14.640446,73.36798,4.7875423,0.0,80.16199,61.9491,5.1284266,4.3642793
22.5,121.5,2003-12-01,2003-12-01,0,25,20.45017,20.684677,20.20046,67.68327,8.8338785,0.0,71.316925,63.763477,9.619175,7.903048
23.5,120.5,2003-12-01,2003-12-01,0,25,13.700015,17.352726,11.273551,80.45636,2.7959094,0.0,91.82299,60.89313,3.7934136,2.062309
24.5,121.5,2003-12-01,2003-12-01,0,25,12.618504,14.650382,11.407897,79.581955,3.693257,0.0,86.64324,66.87346,4.061167,3.349043
22.5,121.5,2003-12-01,2003-12-02,1,25,20.7575,21.258877,20.279503,71.48142,9.258842,2.1601868,75.63625,67.134514,9.851509,8.751773
23.5,121.5,2003-12-01,2003-12-02,1,25,15.863691,17.422867,15.001642,77.65052,4.8005824,4.0811157,83.77006,69.14779,5.0877604,4.497402
24.5,121.5,2003-12-01,2003-12-02,1,25,13.107832,15.041774,12.205905,82.30346,3.739773,3.6820984,88.548676,72.10973,4.168838,3.28982
23.5,120.5,2003-12-01,2003-12-02,1,25,14.440976,17.538414,12.8512125,81.972565,2.4664366,0.22262573,90.92727,64.7508,3.247999,1.920882
24.5,120.5,2003-12-01,2003-12-02,1,25,17.150528,18.551773,16.38504,75.06121,7.9940753,0.46813965,79.9539,67.95979,8.648915,7.2232604
22.5,120.5,2003-12-01,2003-12-02,1,25,18.959238,20.46654,18.076256,73.2348,2.7286258,0.54481506,80.137695,62.239376,3.1919775,2.2336478
22.5,120.5,2003-12-01,2003-12-03,2,25,19.38827,21.366962,18.222712,74.93386,2.5264957,0.32073975,83.206985,61.981045,3.0046082,2.0401
24.5,120.5,2003-12-01,2003-12-03,2,25,17.943739,19.368996,17.090446,75.47003,7.50818,0.20980835,81.32602,67.72249,8.593251,6.258987
23.5,121.5,2003-12-01,2003-12-03,2,25,15.981942,17.515793,15.2084,81.096016,4.2525897,6.258087,86.84671,72.71796,4.745007,3.6379392
22.5,121.5,2003-12-01,2003-12-03,2,25,20.823036,21.44975,20.2857,75.30141,8.905255,4.307556,80.129364,70.50744,9.53419,8.197443
23.5,120.5,2003-12-01,2003-12-03,2,25,15.145224,18.6372,13.259078,82.45929,2.3289905,0.16860962,91.67072,64.84721,3.2903092,1.761494
24.5,121.5,2003-12-01,2003-12-03,2,25,13.6581335,15.407433,12.802438,83.539856,3.498481,8.361206,89.603424,74.46306,4.201749,2.8508325
24.5,121.5,2003-12-01,2003-12-04,3,25,15.106838,17.176788,13.963717,84.93169,2.0590997,4.950714,89.83603,75.87197,3.0134084,1.3601538
23.5,120.5,2003-12-01,2003-12-04,3,25,15.581448,19.678194,13.106418,83.7884,2.253707,0.13748169,94.2802,64.77476,2.9066794,1.8090533
22.5,121.5,2003-12-01,2003-12-04,3,25,21.872503,22.4236,20.950157,74.98177,6.721036,2.2657776,80.22982,70.94072,7.6991115,5.8878307
23.5,121.5,2003-12-01,2003-12-04,3,25,16.898537,18.38257,15.982301,82.002335,2.302405,3.469696,86.64023,74.99448,3.2335253,1.5868803
24.5,120.5,2003-12-01,2003-12-04,3,25,18.740843,20.583193,17.572062,81.91288,4.8764606,0.14938354,90.59708,71.1417,6.045051,3.8811355
22.5,120.5,2003-12-01,2003-12-04,3,25,19.686447,22.099522,18.261759,79.17114,2.4667406,0.2468872,88.631096,64.302986,2.881215,2.0278955
22.5,120.5,2003-12-01,2003-12-05,4,25,20.612555,23.591753,18.976236,82.03773,2.4848704,0.18890381,90.861565,64.35118,2.8989017,2.0831835
24.5,120.5,2003-12-01,2003-12-05,4,25,19.015228,20.882925,17.899454,86.7348,4.9461575,0.19195557,91.80065,78.556816,5.958875,4.0592494
23.5,121.5,2003-12-01,2003-12-05,4,25,18.000893,20.235504,16.782629,81.74861,1.780608,2.4803162,88.15129,70.440926,2.2323966,1.2959223
22.5,121.5,2003-12-01,2003-12-05,4,25,22.698004,23.467573,22.150234,77.719826,5.676254,2.5184631,83.04031,71.70416,6.425267,4.828194
23.5,120.5,2003-12-01,2003-12-05,4,25,16.44345,21.132847,13.846452,85.82526,2.4080303,0.10635376,95.556984,67.85394,3.0404825,1.9398578
24.5,121.5,2003-12-01,2003-12-05,4,25,16.276009,19.103317,14.7590885,85.42547,1.5263287,2.8903198,92.323204,71.79032,2.0910773,0.95687973
22.5,121.5,2003-12-01,2003-12-06,5,25,22.784039,23.514385,22.141968,81.867096,6.6567287,4.5429993,85.35731,78.06358,8.774471,4.8402524
23.5,121.5,2003-12-01,2003-12-06,5,25,18.32943,20.39514,17.190958,85.301865,3.3058813,7.155304,90.44901,76.0298,4.585423,1.8633437
24.5,121.5,2003-12-01,2003-12-06,5,25,16.369585,18.966469,14.877125,87.55215,3.0716946,10.613251,93.16006,75.84279,4.295197,1.52416
23.5,120.5,2003-12-01,2003-12-06,5,25,17.407045,21.435844,15.388815,85.73319,2.6299179,0.43945312,93.550735,70.26468,3.5282862,2.0875826
24.5,120.5,2003-12-01,2003-12-06,5,25,19.371363,21.125532,18.371178,83.974236,7.3003316,0.25924683,88.478386,77.14996,8.871723,5.2378707
22.5,120.5,2003-12-01,2003-12-06,5,25,21.29351,23.653969,20.029205,83.63916,2.236572,0.9591675,90.10038,69.84477,2.6258636,1.7389756
22.5,120.5,2003-12-01,2003-12-07,6,25,21.063354,23.209394,19.607555,80.71003,2.7922187,0.8630371,88.004875,70.607086,3.2047992,2.287483
24.5,120.5,2003-12-01,2003-12-07,6,25,18.927515,20.160215,18.12297,78.11641,9.817852,0.9461975,82.417656,72.55436,10.754186,8.609235
23.5,120.5,2003-12-01,2003-12-07,6,25,17.56771,21.105644,15.244991,82.981384,2.819411,0.4399109,90.22539,68.95083,3.9119296,2.0992293
24.5,121.5,2003-12-01,2003-12-07,6,25,14.931657,16.261608,14.014884,88.6517,4.5617046,16.886597,91.78607,82.968506,5.1957994,3.7712195
22.5,121.5,2003-12-01,2003-12-07,6,25,22.05562,22.576221,21.552008,81.01978,10.526453,6.732025,84.41483,77.73472,11.729595,8.936659
23.5,121.5,2003-12-01,2003-12-07,6,25,17.398355,18.739082,16.380636,85.93332,5.183058,12.652588,89.53975,80.178635,5.8952913,4.267671
23.5,120.5,2003-12-01,2003-12-08,7,25,17.835823,21.609898,15.997623,84.17784,2.2931812,3.0569458,93.439186,68.388824,3.0505154,1.6200963
24.5,121.5,2003-12-01,2003-12-08,7,25,16.278948,17.778706,15.106837,88.44608,3.5774176,20.417175,92.68498,81.287994,4.401894,2.4981089
22.5,121.5,2003-12-01,2003-12-08,7,25,22.531546,22.974443,21.98455,81.62031,8.421023,10.91629,84.62172,78.766266,10.36789,6.532756
23.5,121.5,2003-12-01,2003-12-08,7,25,17.835138,19.132397,16.966105,86.55102,3.1313276,17.845612,89.99797,80.546486,4.4267397,1.7401466
24.5,120.5,2003-12-01,2003-12-08,7,25,19.749592,21.634985,18.584864,81.86881,7.3297877,2.7708435,89.59267,72.68285,8.929291,5.1548705
22.5,120.5,2003-12-01,2003-12-08,7,25,21.196545,23.291225,20.112896,81.346054,2.8405795,3.3261108,88.33611,69.783966,3.4072666,2.2983031
22.5,120.5,2003-12-01,2003-12-09,8,25,21.58245,23.401129,20.612793,84.790535,2.8107312,6.2571716,89.930595,75.92028,3.4658988,2.1890259
24.5,120.5,2003-12-01,2003-12-09,8,25,19.651123,20.60084,18.945837,85.442215,7.847381,2.6179504,88.75848,81.389694,9.37203,5.855469
22.5,121.5,2003-12-01,2003-12-09,8,25,23.003525,23.43704,22.615767,83.42617,7.9992805,13.599396,86.3699,80.73879,9.516461,6.280666
23.5,121.5,2003-12-01,2003-12-09,8,25,18.686651,20.08472,17.871218,87.228455,3.2371874,14.317932,91.064674,81.724815,4.1940346,1.9918585
23.5,120.5,2003-12-01,2003-12-09,8,25,18.166162,21.10847,16.592165,87.40249,2.7380178,3.9486694,93.20916,77.089134,3.6300776,2.1050625
24.5,121.5,2003-12-01,2003-12-09,8,25,16.994776,18.584486,16.068628,89.81792,3.2058353,15.327911,93.51886,83.32273,4.1262846,2.1808498
23.5,121.5,2003-12-01,2003-12-10,9,25,18.722069,20.032946,17.8955,87.36154,3.8608599,16.174927,91.02803,81.86994,4.764359,2.9260552
22.5,121.5,2003-12-01,2003-12-10,9,25,23.120098,23.645723,22.673515,82.40844,9.118523,11.072693,85.284294,79.29918,10.367793,7.8060055
23.5,120.5,2003-12-01,2003-12-10,9,25,18.491444,21.644115,16.787247,87.035,2.5530684,3.1149292,93.11796,75.42935,3.4147184,1.9273661
24.5,121.5,2003-12-01,2003-12-10,9,25,16.913475,18.27779,16.06485,90.35729,3.729624,22.000732,93.495186,85.059006,4.497187,2.825922
24.5,120.5,2003-12-01,2003-12-10,9,25,19.921425,21.188805,19.082287,84.296745,8.186646,3.8336182,88.89237,78.742226,9.390675,6.753586
22.5,120.5,2003-12-01,2003-12-10,9,25,21.65502,23.635523,20.622139,84.98808,2.6983144,2.9077148,90.19223,74.91093,3.1685581,2.2696052
22.5,120.5,2003-12-01,2003-12-11,10,25,21.622808,23.672789,20.446095,85.63376,2.8585143,4.6099854,91.1232,75.239265,3.473522,2.3201587
24.5,120.5,2003-12-01,2003-12-11,10,25,19.602575,20.852802,18.73936,86.409004,7.4632087,3.5372925,90.19379,81.704506,8.622603,6.042531
22.5,121.5,2003-12-01,2003-12-11,10,25,23.178373,23.702549,22.73893,82.44866,7.9497695,8.799133,85.45076,78.96529,9.37554,6.612658
23.5,121.5,2003-12-01,2003-12-11,10,25,18.824976,20.351124,17.874527,86.89352,3.329936,10.506287,90.455696,81.04533,4.24923,2.4552953
24.5,121.5,2003-12-01,2003-12-11,10,25,16.977144,18.664015,15.821656,90.38918,3.2675955,16.484985,93.80414,84.3945,4.098652,2.4359434
23.5,120.5,2003-12-01,2003-12-11,10,25,18.333551,21.352242,16.566021,88.12768,2.6172342,3.7701416,94.296585,77.36457,3.3186245,2.0136404
23.5,120.5,2003-12-01,2003-12-12,11,25,18.132029,21.422613,16.22459,86.165,2.9729211,4.884033,91.90094,74.68065,3.8392909,2.1481764
24.5,121.5,2003-12-01,2003-12-12,11,25,15.910486,17.628626,14.488409,90.03969,4.1704774,18.838806,93.251465,84.81861,4.8908944,3.2642913
23.5,121.5,2003-12-01,2003-12-12,11,25,18.363455,20.112162,17.081915,86.212166,4.6625843,12.155762,90.001076,80.56166,5.5456233,3.5223377
22.5,121.5,2003-12-01,2003-12-12,11,25,22.694138,23.486513,21.878834,82.522995,9.60056,8.666382,85.867195,79.273415,11.350655,7.624414
24.5,120.5,2003-12-01,2003-12-12,11,25,18.924822,20.249535,17.74127,83.333954,9.024276,6.022644,87.604095,78.36531,10.190889,7.582162
22.5,120.5,2003-12-01,2003-12-12,11,25,21.418377,23.438393,20.161861,84.58845,3.0156884,3.9898682,90.130066,75.51694,3.5890398,2.4435215
22.5,120.5,2003-12-01,2003-12-13,12,25,20.698442,22.103497,19.726051,82.8825,3.0463247,5.034485,87.21885,76.32089,3.5254908,2.5235243
24.5,120.5,2003-12-01,2003-12-13,12,25,18.049145,19.044611,17.26231,81.60842,9.105585,4.3896484,85.49533,77.134346,10.076855,7.769052
22.5,121.5,2003-12-01,2003-12-13,12,25,21.942368,22.47707,21.435444,80.61315,10.1326,10.111694,82.94552,78.124886,11.3306875,8.7098055
23.5,121.5,2003-12-01,2003-12-13,12,25,17.46356,18.726032,16.441143,85.67816,4.7395687,13.785706,88.80674,81.046295,5.3149524,3.9340613
23.5,120.5,2003-12-01,2003-12-13,12,25,17.262426,19.939123,15.589483,85.689445,2.9847534,5.9399414,91.90095,75.81748,3.9029255,2.2680736
24.5,121.5,2003-12-01,2003-12-13,12,25,14.792114,16.04531,13.757154,89.4149,4.1167893,16.777954,92.30176,84.74728,4.845477,3.219565
24.5,121.5,2003-12-01,2003-12-14,13,25,14.947388,16.360401,14.066773,88.82674,3.5136461,10.817261,91.80981,83.3891,4.154342,2.7294111
23.5,120.5,2003-12-01,2003-12-14,13,25,17.01063,19.802727,15.451221,85.86465,2.6032047,3.5339355,92.45959,74.26401,3.4013565,1.9440117
23.5,121.5,2003-12-01,2003-12-14,13,25,17.395592,18.694073,16.556862,85.02814,4.045157,8.994751,88.29848,79.86836,4.712692,3.1945772
22.5,121.5,2003-12-01,2003-12-14,13,25,22.008598,22.49122,21.544668,79.40605,8.9541025,5.5999756,81.84491,76.432144,10.197114,7.4094057
24.5,120.5,2003-12-01,2003-12-14,13,25,18.13024,19.29632,17.34091,82.27765,7.6000257,2.9000854,86.345856,77.10605,8.583575,6.319248
22.5,120.5,2003-12-01,2003-12-14,13,25,20.599478,22.28038,19.559063,81.90277,2.8421302,3.1774902,86.4633,73.45249,3.3878057,2.32674
24.5,120.5,2003-12-01,2003-12-15,14,25,18.308403,19.59245,17.484943,82.63052,6.9597297,2.6153564,87.18681,76.33947,8.068915,5.657978
23.5,120.5,2003-12-01,2003-12-15,14,25,16.85438,19.976767,15.096535,85.76251,2.4608536,2.7615356,92.92732,72.47741,3.3717582,1.7591091
24.5,121.5,2003-12-01,2003-12-15,14,25,15.23186,16.85204,14.209308,87.65403,3.182505,9.172668,91.43705,81.16109,3.832448,2.473592
22.5,120.5,2003-12-01,2003-12-15,14,25,20.542974,22.36544,19.453205,81.95362,2.7120745,2.8152466,87.96426,71.616745,3.291141,2.1695156
22.5,121.5,2003-12-01,2003-12-15,14,25,22.14317,22.636211,21.679453,78.42103,7.897434,4.0322876,81.27995,75.230965,8.869483,6.72802
23.5,121.5,2003-12-01,2003-12-15,14,25,17.505512,19.039711,16.570568,83.67659,3.5130496,6.749878,87.75043,76.86063,4.1750727,2.7111673
24.5,121.5,2003-12-01,2003-12-16,15,25,15.067809,17.208677,13.665714,87.27009,3.1666245,7.364502,91.98745,79.109406,3.8461552,2.3992
22.5,121.5,2003-12-01,2003-12-16,15,25,22.041695,22.692066,21.397808,79.60662,7.4765863,4.4418335,83.47506,75.95725,8.842816,6.189409
23.5,121.5,2003-12-01,2003-12-16,15,25,17.464958,19.223238,16.285725,84.22324,3.526531,5.857849,88.91547,76.885735,4.4069858,2.6063905
24.5,120.5,2003-12-01,2003-12-16,15,25,17.973063,19.413849,16.939299,82.30421,7.006381,2.3150635,86.63663,76.400955,8.3042345,5.688594
22.5,120.5,2003-12-01,2003-12-16,15,25,20.566168,22.441597,19.386711,82.07545,2.9610672,2.4179077,87.94098,72.460884,3.5427718,2.3275628
23.5,120.5,2003-12-01,2003-12-16,15,25,16.764528,20.084099,14.912638,85.71844,2.6622655,2.0385742,92.68372,72.62,3.4317086,1.9721961
23.5,121.5,2003-12-01,2003-12-17,16,25,16.85009,18.466967,15.680241,84.442604,4.078556,10.732422,88.34451,78.24804,5.153676,2.969676
24.5,121.5,2003-12-01,2003-12-17,16,25,14.068215,15.994608,12.570016,87.45926,3.4548254,11.031189,91.64334,80.33,4.3131676,2.4700317
24.5,120.5,2003-12-01,2003-12-17,16,25,17.17597,18.48163,16.161207,80.30627,7.6988344,4.3862915,84.86806,74.71771,9.052273,6.2091193
22.5,120.5,2003-12-01,2003-12-17,16,25,20.054232,21.811285,18.847593,81.41278,3.2860055,3.9071655,87.15664,72.7894,3.9951258,2.599423
23.5,120.5,2003-12-01,2003-12-17,16,25,16.128761,19.075033,14.328199,85.06756,3.010047,4.0356445,91.89143,73.32205,3.9012346,2.281342
22.5,121.5,2003-12-01,2003-12-17,16,25,21.555227,22.304024,20.796612,78.911766,8.369754,6.5838623,82.49713,74.83886,10.259103,6.7386622
23.5,121.5,2003-12-01,2003-12-18,17,25,15.6903,17.2083,14.458727,83.063194,4.6986604,9.385071,86.500465,77.760475,5.390377,3.7882714
24.5,120.5,2003-12-01,2003-12-18,17,25,16.269539,17.53936,15.220128,76.93978,8.477487,2.862854,81.8504,71.23716,9.609356,7.033884
23.5,120.5,2003-12-01,2003-12-18,17,25,15.16282,17.98723,13.330138,82.57053,3.143981,4.3862915,89.76527,70.83857,4.060847,2.31213
24.5,121.5,2003-12-01,2003-12-18,17,25,12.518425,14.312025,11.166735,85.39543,3.8511517,10.628052,90.01391,78.69629,4.548285,3.0908995
22.5,120.5,2003-12-01,2003-12-18,17,25,19.209929,20.889654,17.988249,78.82059,3.355653,2.9858398,83.96774,70.91738,3.958476,2.725688
22.5,121.5,2003-12-01,2003-12-18,17,25,20.490086,21.23276,19.815983,77.62009,9.771237,5.1879883,80.78955,74.527405,11.025473,8.348455
22.5,121.5,2003-12-01,2003-12-19,18,25,20.224342,20.833824,19.52113,76.00347,9.078463,4.086914,79.64548,72.638824,10.631817,7.5110865
23.5,121.5,2003-12-01,2003-12-19,18,25,15.174674,16.630548,14.099161,82.52761,4.200852,8.936768,86.07517,76.33085,5.1208625,3.2632751
24.5,120.5,2003-12-01,2003-12-19,18,25,16.104792,17.349606,15.120231,77.70851,7.7366443,4.293518,83.20707,71.026146,8.978471,6.3170977
23.5,120.5,2003-12-01,2003-12-19,18,25,14.607116,17.601242,12.93151,82.966034,2.6887846,3.7225342,90.20124,69.57726,3.5927606,2.0187106
24.5,121.5,2003-12-01,2003-12-19,18,25,12.360025,14.020304,11.147809,85.62041,3.6380231,11.463013,89.829056,78.81948,4.2546797,2.9801688
22.5,120.5,2003-12-01,2003-12-19,18,25,18.803366,20.427727,17.73049,76.92305,3.161278,1.7797852,81.927734,68.230125,3.7739708,2.5901444
24.5,120.5,2003-12-01,2003-12-20,19,25,16.38935,17.818138,15.428214,77.81889,7.2043276,2.1917725,83.01255,70.48695,8.223968,5.8492084
24.5,121.5,2003-12-01,2003-12-20,19,25,12.622593,14.416508,11.392028,85.791954,3.482924,9.951782,90.12869,78.9983,4.1563816,2.673382
22.5,120.5,2003-12-01,2003-12-20,19,25,18.968393,20.629131,17.89589,76.83736,3.0261862,2.1716309,82.478645,68.32902,3.655266,2.382163
22.5,121.5,2003-12-01,2003-12-20,19,25,20.412495,20.94921,19.774567,75.0323,8.52143,3.5388184,78.215,71.77761,10.188952,6.767685
23.5,120.5,2003-12-01,2003-12-20,19,25,14.72271,17.771898,12.832955,83.36003,2.5432248,2.8222656,90.55295,70.50642,3.3450441,1.8728604
23.5,121.5,2003-12-01,2003-12-20,19,25,15.246987,16.66658,14.168688,82.40341,3.9172556,7.8771973,86.43632,76.427086,4.799899,2.9256463
24.5,121.5,2003-12-01,2003-12-21,20,25,12.783128,14.658209,11.275407,86.711075,3.4783225,9.645996,90.819534,79.446266,4.292477,2.5389352
22.5,120.5,2003-12-01,2003-12-21,20,25,19.076643,20.981333,17.759205,78.001854,2.8628151,1.4355469,84.320625,67.723885,3.4564428,2.3295743
22.5,121.5,2003-12-01,2003-12-21,20,25,20.592308,21.295225,19.846216,76.61816,8.414889,3.3258057,81.04908,72.292816,9.91311,6.9136
23.5,121.5,2003-12-01,2003-12-21,20,25,15.46719,17.096178,14.2504015,83.566345,4.0073304,6.758423,88.07948,76.642,5.00242,2.8305404
24.5,120.5,2003-12-01,2003-12-21,20,25,16.411077,17.951002,15.129918,78.65207,7.5990505,1.4849854,84.390305,71.25015,8.932471,5.9149623
23.5,120.5,2003-12-01,2003-12-21,20,25,14.798772,18.166803,12.849659,83.28575,2.7400537,1.2347412,90.93422,69.086914,3.5742524,1.9713362
23.5,121.5,2003-12-01,2003-12-22,21,25,15.285125,17.042643,14.002228,82.89774,3.7981303,5.267334,87.28485,75.86936,4.5223494,2.929197
24.5,120.5,2003-12-01,2003-12-22,21,25,15.943112,17.390396,14.810236,79.97454,7.3038177,1.060791,84.932686,73.618286,8.446866,5.8558593
22.5,121.5,2003-12-01,2003-12-22,21,25,20.291433,21.06003,19.496393,76.94382,8.276126,2.7172852,80.40123,73.090866,9.602871,6.8892913
22.5,120.5,2003-12-01,2003-12-22,21,25,18.791824,20.700401,17.402613,78.525665,3.1709871,1.5167236,84.90261,68.604614,3.735117,2.6424367
24.5,121.5,2003-12-01,2003-12-22,21,25,12.499714,14.529899,11.080295,86.55041,3.4209564,8.081055,91.34749,78.45276,4.0061116,2.725248
23.5,120.5,2003-12-01,2003-12-22,21,25,14.576413,17.872595,12.517194,83.341774,2.8301287,1.4398193,91.21031,70.04113,3.6415896,2.10022
23.5,120.5,2003-12-01,2003-12-23,22,25,14.28495,17.684322,12.38294,82.79497,2.7407641,1.1767578,90.550514,68.80148,3.605358,1.9381925
24.5,121.5,2003-12-01,2003-12-23,22,25,12.18454,14.277809,10.6862955,86.04276,3.2971191,7.1740723,90.6596,77.09017,4.01718,2.4307356
22.5,120.5,2003-12-01,2003-12-23,22,25,18.549696,20.413511,17.444616,76.99648,3.1684115,0.9667969,82.64864,67.35699,3.8057446,2.4863763
22.5,121.5,2003-12-01,2003-12-23,22,25,19.99698,20.71643,19.253464,75.450676,7.968746,2.2924805,79.56088,71.5167,9.584377,6.18079
23.5,121.5,2003-12-01,2003-12-23,22,25,14.976923,16.711794,13.807873,82.003525,3.7389808,4.692383,86.48948,74.70641,4.7075667,2.6679716
24.5,120.5,2003-12-01,2003-12-23,22,25,15.7240715,17.268156,14.468014,79.12853,7.3711314,1.6027832,83.93353,72.17819,8.579813,5.753885
24.5,121.5,2003-12-01,2003-12-24,23,25,12.599502,14.5470495,11.248336,85.96638,3.1243463,8.451538,90.867294,77.03237,3.7657895,2.3940752
23.5,121.5,2003-12-01,2003-12-24,23,25,15.163272,16.95701,13.900041,81.81404,3.6624243,6.456299,86.5983,73.62327,4.361366,2.9604304
24.5,120.5,2003-12-01,2003-12-24,23,25,16.00167,17.474285,14.903639,78.90132,7.046775,0.8013916,84.304405,71.552,8.315539,5.41456
22.5,120.5,2003-12-01,2003-12-24,23,25,18.554462,20.595772,17.324923,77.79809,2.9375718,2.0159912,85.07136,67.03398,3.5993488,2.2513132
22.5,121.5,2003-12-01,2003-12-24,23,25,20.219091,21.0092,19.364088,75.65375,7.9757957,3.807373,79.939644,71.28432,8.944228,6.9004145
23.5,120.5,2003-12-01,2003-12-24,23,25,14.33583,17.91452,12.553073,82.915665,2.628743,1.1846924,90.846886,68.18956,3.2972076,2.0058813
23.5,121.5,2003-12-01,2003-12-25,24,25,15.288662,16.910065,14.196339,82.111046,4.0548077,7.2021484,86.47816,74.80498,4.8781643,2.962388
22.5,121.5,2003-12-01,2003-12-25,24,25,20.389542,21.061304,19.715143,75.38603,8.855332,3.7390137,79.38582,71.43222,10.206522,7.280871
23.5,120.5,2003-12-01,2003-12-25,24,25,14.761631,18.218971,12.707477,82.8382,2.7077408,1.7254639,90.62968,68.15769,3.6791205,1.9702675
24.5,121.5,2003-12-01,2003-12-25,24,25,12.665869,14.6224575,11.301696,85.97056,3.310277,9.6698,90.59796,78.21445,4.0652776,2.2537274
22.5,120.5,2003-12-01,2003-12-25,24,25,18.804794,20.71022,17.581173,77.586784,3.112162,2.2491455,83.64786,67.57185,3.7655423,2.5326037
24.5,120.5,2003-12-01,2003-12-25,24,25,16.35208,17.932535,15.218131,78.61559,7.581268,1.854248,84.13163,71.646835,8.762622,5.911756
24.5,120.5,2003-12-01,2003-12-26,25,25,15.963559,17.452967,14.833053,78.01321,7.8967304,0.81481934,83.53295,71.2638,9.169236,6.3293505
23.5,121.5,2003-12-01,2003-12-26,25,25,15.115005,16.781181,13.94673,81.70461,4.1305056,5.244751,86.376816,74.72269,5.1888914,3.0122042
22.5,121.5,2003-12-01,2003-12-26,25,25,20.13354,20.841581,19.434542,75.825455,9.008231,3.255005,79.944046,71.62919,10.753026,7.2279615
22.5,120.5,2003-12-01,2003-12-26,25,25,18.616371,20.493057,17.44047,76.80254,3.4135242,1.1816406,82.651375,66.95186,4.109754,2.7269645
24.5,121.5,2003-12-01,2003-12-26,25,25,12.332192,14.361981,10.939811,85.34257,3.5563824,7.0599365,90.42127,77.354294,4.369558,2.6658032
23.5,120.5,2003-12-01,2003-12-26,25,25,14.400122,17.725096,12.423893,82.4953,2.9557233,0.72387695,90.24815,68.4009,3.783907,2.2618313
24.5,121.5,2003-12-01,2003-12-27,26,25,12.227689,14.070304,10.984728,85.771805,3.6474705,9.517212,90.15872,78.28465,4.2694664,2.9101682
22.5,120.5,2003-12-01,2003-12-27,26,25,18.550034,20.427004,17.351442,77.19833,3.236578,2.2973633,83.699356,67.38636,3.8722425,2.661768
23.5,120.5,2003-12-01,2003-12-27,26,25,14.24474,17.549269,12.333317,81.923645,2.9551609,1.2078857,89.601425,67.76845,3.796755,2.2531314
22.5,121.5,2003-12-01,2003-12-27,26,25,20.019936,20.634706,19.39335,76.75168,9.084065,4.981079,80.52676,72.65888,10.517184,7.820648
23.5,121.5,2003-12-01,2003-12-27,26,25,14.970053,16.472755,13.8617,82.804375,4.3207445,6.8182373,87.250275,76.30214,5.1352196,3.4743197
24.5,120.5,2003-12-01,2003-12-27,26,25,15.733138,17.056633,14.783971,77.4042,7.9232836,1.2548828,82.48103,70.86744,8.853244,6.896411
24.5,120.5,2003-12-01,2003-12-28,27,25,15.735261,17.309076,14.583668,77.99623,8.465787,1.7327881,83.1632,71.06246,9.632603,6.7484393
23.5,120.5,2003-12-01,2003-12-28,27,25,14.399832,17.70906,12.445523,82.53154,2.9098065,1.8273926,90.42788,68.61186,3.7128112,2.2419853
22.5,120.5,2003-12-01,2003-12-28,27,25,18.59825,20.481718,17.400846,77.366905,3.1484768,1.7608643,83.209885,67.75394,3.6524563,2.5877535
24.5,121.5,2003-12-01,2003-12-28,27,25,12.137781,13.969935,10.837741,86.844795,3.6889246,10.071411,91.0586,80.23067,4.47244,2.6414883
22.5,121.5,2003-12-01,2003-12-28,27,25,19.97157,20.636011,19.297531,77.39618,9.328896,4.309082,80.25053,74.12954,10.933131,7.5359864
23.5,121.5,2003-12-01,2003-12-28,27,25,15.023913,16.573421,13.915875,83.28756,4.386258,7.619629,87.03661,76.99675,5.403042,3.10514
23.5,120.5,2003-12-01,2003-12-29,28,25,14.191074,17.391878,12.285143,83.14543,2.685428,1.7675781,91.078545,69.62579,3.4745872,2.0338821
22.5,121.5,2003-12-01,2003-12-29,28,25,20.04828,20.706387,19.32839,76.223015,8.433479,3.3587646,80.42964,72.72326,9.854556,7.072458
22.5,120.5,2003-12-01,2003-12-29,28,25,18.323261,20.208988,17.1007,78.62991,3.0672467,2.0373535,85.09291,68.26022,3.6169333,2.5086734
24.5,120.5,2003-12-01,2003-12-29,28,25,15.933379,17.29852,14.964787,77.715706,7.5104833,1.2579346,83.106125,70.98137,8.62989,6.2741146
23.5,121.5,2003-12-01,2003-12-29,28,25,15.086094,16.598793,13.955245,82.5068,3.7899406,6.1657715,87.05304,75.886505,4.6804204,2.841957
24.5,121.5,2003-12-01,2003-12-29,28,25,12.455371,14.379345,11.099508,85.800446,3.247866,7.9101562,90.84537,77.38713,3.963621,2.4454963
24.5,121.5,2003-12-01,2003-12-30,29,25,12.669994,14.486667,11.407321,85.84301,3.3641305,8.6328125,90.26155,77.96114,4.0563135,2.4940956
23.5,120.5,2003-12-01,2003-12-30,29,25,14.331654,17.765919,12.441671,83.31389,2.7219021,2.078247,90.98236,68.92632,3.5874658,1.9618134
24.5,120.5,2003-12-01,2003-12-30,29,25,16.051868,17.368595,14.990373,79.305435,7.276254,2.3937988,83.70278,73.07,8.647701,5.5838165
22.5,121.5,2003-12-01,2003-12-30,29,25,20.221167,20.87352,19.583624,76.30198,8.425026,3.133545,80.17487,72.58847,9.98498,6.9711146
23.5,121.5,2003-12-01,2003-12-30,29,25,15.257689,16.909542,14.231105,82.32637,3.83953,6.138916,86.44133,75.258644,4.850756,2.7986622
22.5,120.5,2003-12-01,2003-12-30,29,25,18.526731,20.645655,17.109474,78.25039,3.2171671,1.5496826,84.55255,66.8653,3.8062992,2.5946932
22.5,120.5,2003-12-01,2003-12-31,30,25,18.623137,20.570595,17.420938,78.245026,3.1304674,2.3864746,84.821434,68.11634,3.716711,2.488542
24.5,121.5,2003-12-01,2003-12-31,30,25,12.657219,14.734161,11.172369,85.12541,3.3893065,7.7593994,89.99696,75.96032,4.097865,2.6033237
24.5,120.5,2003-12-01,2003-12-31,30,25,16.180696,17.766106,15.034323,78.85336,7.3632674,1.7449951,84.682755,70.57002,8.405165,6.034415
23.5,121.5,2003-12-01,2003-12-31,30,25,15.187336,16.727974,14.079401,82.008644,3.8255515,6.335449,86.40005,75.02688,4.8031855,2.8182228
23.5,120.5,2003-12-01,2003-12-31,30,25,14.445286,17.96294,12.399781,83.233665,2.6802533,1.8048096,91.65038,68.130035,3.4482298,2.052381
22.5,121.5,2003-12-01,2003-12-31,30,25,20.228138,20.83035,19.567432,75.56564,8.788702,4.694214,79.78272,71.97755,10.348821,7.250674
22.5,121.5,2003-12-01,2004-01-01,31,25,20.332272,20.961617,19.647516,76.5567,8.347708,6.9677734,79.834114,73.01083,9.7337,7.0133724
23.5,120.5,2003-12-01,2004-01-01,31,25,14.606725,18.253098,12.519132,84.05926,2.6060417,2.541504,92.214775,69.10211,3.3139179,1.9209447
23.5,121.5,2003-12-01,2004-01-01,31,25,15.3939705,17.135832,14.284806,82.36462,3.533013,7.5030518,87.08067,74.5608,4.525629,2.4956193
24.5,120.5,2003-12-01,2004-01-01,31,25,16.282896,17.824615,15.272077,80.814865,7.3518724,1.8945312,86.25447,73.445854,8.86356,5.4098067
24.5,121.5,2003-12-01,2004-01-01,31,25,12.996627,15.1792,11.607697,85.79175,3.2349274,9.495239,91.05857,76.309425,4.0635448,2.369479
22.5,120.5,2003-12-01,2004-01-01,31,25,18.76026,20.82661,17.513556,78.69592,2.969695,2.6812744,84.79288,67.3843,3.53491,2.381469
22.5,120.5,2003-12-01,2004-01-02,32,25,18.750065,20.801382,17.366125,79.23281,3.1668081,1.5533447,85.44444,68.61421,3.798048,2.5228393
24.5,121.5,2003-12-01,2004-01-02,32,25,12.845612,14.9838295,11.321891,86.51166,3.4995675,8.225708,91.12667,77.90539,4.295132,2.6185184
23.5,121.5,2003-12-01,2004-01-02,32,25,15.43528,17.144978,14.18546,83.02426,3.7652035,6.4575195,87.49819,75.74696,4.785769,2.7022817
24.5,120.5,2003-12-01,2004-01-02,32,25,15.892194,17.395391,14.696564,80.46748,7.3943233,1.1907959,85.25332,73.97244,8.543155,6.1621766
23.5,120.5,2003-12-01,2004-01-02,32,25,14.575592,18.169586,12.456608,83.6726,2.7717426,0.8404541,91.68862,69.20305,3.526454,2.0831194
22.5,121.5,2003-12-01,2004-01-02,32,25,20.294655,20.90524,19.62668,77.15523,8.17429,5.3149414,80.6929,73.73316,9.659052,6.6795692
23.5,121.5,2003-12-01,2004-01-03,33,25,15.217615,16.961718,13.781334,82.75558,4.1551104,5.147705,86.94671,75.86729,5.0460634,3.2028415
24.5,120.5,2003-12-01,2004-01-03,33,25,15.583493,17.112846,14.395158,78.471146,7.7626677,0.6524658,84.00174,71.127075,8.899586,6.356322
22.5,121.5,2003-12-01,2004-01-03,33,25,19.991325,20.77102,19.150537,76.99973,8.89051,2.8857422,80.55838,73.864136,10.118947,7.4123173
23.5,120.5,2003-12-01,2004-01-03,33,25,14.510506,17.848486,12.602164,82.318245,2.8934064,0.6262207,90.06422,68.4004,3.8210173,2.0666082
24.5,121.5,2003-12-01,2004-01-03,33,25,12.272342,14.489447,10.717408,85.46862,3.4277368,5.9143066,90.352936,77.001526,4.3050575,2.6274383
22.5,120.5,2003-12-01,2004-01-03,33,25,18.558943,20.515606,17.224756,78.63568,3.0932128,1.5112305,84.68087,69.04396,3.744627,2.4951272
22.5,120.5,2003-12-01,2004-01-04,34,25,18.401783,20.352324,17.202673,77.23631,2.846696,0.58410645,83.73654,66.701416,3.347848,2.3035727
24.5,121.5,2003-12-01,2004-01-04,34,25,12.33395,14.532265,10.827653,83.93588,2.9863856,4.61792,89.64003,73.452736,3.6433923,2.255075
24.5,120.5,2003-12-01,2004-01-04,34,25,15.607993,17.292606,14.412384,78.89967,6.8327594,0.37231445,84.49864,70.34759,8.002066,5.268744
23.5,121.5,2003-12-01,2004-01-04,34,25,14.888403,16.47076,13.791749,81.49212,3.5470483,3.9013672,85.90392,74.39282,4.353637,2.6222785
23.5,120.5,2003-12-01,2004-01-04,34,25,14.282407,17.818886,12.221042,82.27162,2.4852026,0.56274414,90.776405,66.713036,3.2667484,1.8114038
22.5,121.5,2003-12-01,2004-01-04,34,25,19.781782,20.507236,19.127182,75.63574,8.203469,1.9995117,78.87473,72.1706,9.544661,6.6415358
22.5,121.5,2003-12-01,2004-01-05,35,25,20.491005,21.242413,19.739683,74.8933,7.2681837,2.2955322,79.341255,70.678185,9.115741,5.4963017
23.5,120.5,2003-12-01,2004-01-05,35,25,14.440459,18.395882,12.23129,83.36137,2.4204595,0.77453613,91.74449,67.2973,3.1675951,1.7364857
23.5,121.5,2003-12-01,2004-01-05,35,25,15.507099,17.449652,14.242052,81.19984,3.1240551,3.739624,86.32261,73.37875,4.298848,2.0127907
24.5,120.5,2003-12-01,2004-01-05,35,25,16.127256,17.79635,14.852858,79.99459,6.303267,1.0302734,85.94014,71.92589,7.7414923,4.5223145
24.5,121.5,2003-12-01,2004-01-05,35,25,13.132529,15.637289,11.300846,84.80229,2.7100854,5.470581,90.21694,74.85009,3.5666678,1.7547628
22.5,120.5,2003-12-01,2004-01-05,35,25,18.764698,20.998384,17.36566,78.25412,2.7386723,1.0070801,85.08345,66.65996,3.4015458,2.1126385
22.5,120.5,2003-12-01,2004-01-06,36,25,18.772352,21.00874,17.340889,78.642784,2.7425873,0.95336914,85.62856,66.90898,3.3641007,2.1538744
24.5,121.5,2003-12-01,2004-01-06,36,25,12.841161,15.492501,11.314083,85.60917,2.9042861,7.1331787,91.287224,75.082375,3.616106,2.0579298
23.5,121.5,2003-12-01,2004-01-06,36,25,15.420028,17.53093,14.035617,81.59866,3.2937222,3.817749,86.556114,72.79122,4.156421,2.3703535
24.5,120.5,2003-12-01,2004-01-06,36,25,15.889911,17.7175,14.749015,80.40447,6.4612117,1.1444092,86.44258,71.93671,7.5486255,5.306225
23.5,120.5,2003-12-01,2004-01-06,36,25,14.451747,18.57968,12.179435,83.2802,2.546521,0.80688477,92.00265,66.840225,3.24433,2.004546
22.5,121.5,2003-12-01,2004-01-06,36,25,20.315067,21.10586,19.501978,75.71562,7.615539,2.0147705,79.38986,71.93318,8.943939,6.12837
23.5,121.5,2003-12-01,2004-01-07,37,25,15.413523,17.535961,13.919342,82.1413,3.2528276,4.9035645,87.45521,73.488235,4.350265,2.039787
24.5,120.5,2003-12-01,2004-01-07,37,25,15.990848,17.971292,14.5592985,80.525116,6.3240266,2.503662,86.53291,71.607025,7.7201023,4.676904
22.5,121.5,2003-12-01,2004-01-07,37,25,20.383347,21.21962,19.47085,76.928246,7.177303,2.064209,81.09113,72.66685,8.998871,5.1683135
23.5,120.5,2003-12-01,2004-01-07,37,25,14.451824,18.476538,12.33899,83.05175,2.6089783,2.1447754,91.67835,67.070526,3.3332222,1.9496061
24.5,121.5,2003-12-01,2004-01-07,37,25,12.931199,15.76684,11.029606,85.43448,2.8871906,6.4508057,91.05604,74.47901,3.632742,1.9914094
22.5,120.5,2003-12-01,2004-01-07,37,25,18.739735,21.08518,17.25958,78.84775,2.9881716,1.2475586,86.116936,66.46432,3.7070603,2.2554548
22.5,120.5,2003-12-01,2004-01-08,38,25,18.477825,20.736729,17.090553,77.11383,3.0294688,1.0772705,84.66957,65.33136,3.6661909,2.4108613
24.5,121.5,2003-12-01,2004-01-08,38,25,12.281516,14.621029,10.763175,83.99675,3.2447538,5.602417,89.99442,74.022194,3.8818426,2.426284
24.5,120.5,2003-12-01,2004-01-08,38,25,15.731067,17.424768,14.41213,77.55588,6.7475843,0.725708,83.05201,69.514885,8.049129,5.0595756
23.5,121.5,2003-12-01,2004-01-08,38,25,14.968254,16.934462,13.625509,81.83167,3.6844094,5.1568604,87.54045,73.77501,4.549077,2.6873727
23.5,120.5,2003-12-01,2004-01-08,38,25,14.144055,17.945244,11.808527,80.81124,2.7483563,1.0754395,89.99933,65.29446,3.515139,2.1180356
22.5,121.5,2003-12-01,2004-01-08,38,25,19.945032,20.649683,19.297813,77.00036,7.974731,2.3913574,80.64656,72.93081,9.300133,6.5194526
22.5,121.5,2003-12-01,2004-01-09,39,25,19.782692,20.427284,19.12062,76.784935,7.472839,2.9730225,80.70644,72.859,8.7946005,6.1621623
23.5,120.5,2003-12-01,2004-01-09,39,25,14.060114,18.07732,11.81903,81.789734,2.4796488,0.6134033,90.413864,65.01726,3.212367,1.9531642
23.5,121.5,2003-12-01,2004-01-09,39,25,14.83861,16.659351,13.674976,82.313515,3.3500352,4.552002,87.24922,73.54197,4.2960415,2.3700395
24.5,120.5,2003-12-01,2004-01-09,39,25,15.626813,17.232555,14.547413,79.006454,6.4555397,1.0217285,85.086815,71.02002,7.72034,5.0566235
24.5,121.5,2003-12-01,2004-01-09,39,25,12.420055,14.775758,10.975543,84.61559,3.0235047,5.7177734,90.40183,74.02807,3.7479408,2.1740055
22.5,120.5,2003-12-01,2004-01-09,39,25,18.32232,20.544897,16.951788,77.97897,2.70129,0.85876465,85.022415,65.93045,3.2846308,2.1673446
22.5,120.5,2003-12-01,2004-01-10,40,25,18.538157,20.860903,17.19729,78.81065,2.7034376,0.68603516,85.45439,66.58132,3.3962128,1.995596
24.5,121.5,2003-12-01,2004-01-10,40,25,12.8876095,15.43059,11.365949,85.592064,2.5893998,5.9924316,91.18461,74.77655,3.2695813,1.9130436
24.5,120.5,2003-12-01,2004-01-10,40,25,15.938763,17.600512,14.838512,79.917366,5.7433333,1.463623,85.492195,71.64049,6.9553614,4.4117393
23.5,121.5,2003-12-01,2004-01-10,40,25,15.260246,17.30348,13.961808,82.68013,2.9801316,5.2386475,88.00969,73.63592,3.8630238,2.1353095
22.5,121.5,2003-12-01,2004-01-10,40,25,20.163801,20.904644,19.438679,77.37886,6.513763,2.6660156,81.655785,73.08925,8.142252,4.7621074
23.5,120.5,2003-12-01,2004-01-10,40,25,14.356477,18.381214,12.209464,82.715065,2.3607311,0.7672119,91.10539,65.99229,3.0733109,1.7103479
23.5,121.5,2003-12-01,2004-01-11,41,25,15.327371,17.320183,14.083209,82.68048,3.3780282,6.2402344,87.569855,74.319725,4.5088224,2.118499
24.5,120.5,2003-12-01,2004-01-11,41,25,16.276922,18.072847,15.060553,80.3922,6.536076,0.9552002,86.11268,71.713936,8.184207,4.668187
23.5,120.5,2003-12-01,2004-01-11,41,25,14.6325655,18.580494,12.510065,83.06366,2.5000086,0.5963135,91.4984,66.324844,3.4282055,1.8045346
22.5,121.5,2003-12-01,2004-01-11,41,25,20.349676,21.04459,19.59821,76.81774,7.1474166,3.81958,80.62406,72.704445,9.033373,5.2426753
24.5,121.5,2003-12-01,2004-01-11,41,25,12.975163,15.539478,11.573287,85.59929,2.8932931,7.4035645,90.710205,74.68515,3.760867,1.8861296
22.5,120.5,2003-12-01,2004-01-11,41,25,18.840399,21.157211,17.497066,78.646515,2.74701,0.7458496,85.26541,66.59583,3.4569235,2.0573924
22.5,120.5,2003-12-01,2004-01-12,42,25,18.69886,20.995455,17.267637,78.171036,2.8590586,0.7537842,84.874756,66.56795,3.5100064,2.2691936
24.5,120.5,2003-12-01,2004-01-12,42,25,16.009056,17.731083,14.985382,79.93383,6.8037844,0.7312012,85.146286,71.614525,7.8805346,5.576086
23.5,120.5,2003-12-01,2004-01-12,42,25,14.524212,18.465233,12.29276,82.7829,2.5928745,0.72998047,91.32774,66.11213,3.2371497,2.0662315
22.5,121.5,2003-12-01,2004-01-12,42,25,19.984797,20.617495,19.318024,76.486725,7.703777,2.3895264,79.92698,72.82654,8.935387,6.519144
23.5,121.5,2003-12-01,2004-01-12,42,25,14.987336,16.854506,13.696227,82.5992,3.514424,5.4296875,87.39869,74.49108,4.4049625,2.586661
24.5,121.5,2003-12-01,2004-01-12,42,25,12.6090555,15.017333,11.117204,85.848885,3.1021588,7.6678467,91.29498,75.35595,3.8933458,2.3113196
23.5,120.5,2003-12-01,2004-01-13,43,25,14.487757,18.295141,12.47671,80.79118,2.652297,0.5316162,89.02292,64.6527,3.6279666,1.9029176
24.5,120.5,2003-12-01,2004-01-13,43,25,16.048244,17.504417,15.064962,77.95141,6.999778,0.69641113,83.506,70.650566,8.159528,5.434557
23.5,121.5,2003-12-01,2004-01-13,43,25,14.811409,16.675453,13.581583,82.166405,3.7644403,4.8876953,86.85253,74.727806,4.6781626,2.6173172
22.5,120.5,2003-12-01,2004-01-13,43,25,18.473831,20.723267,17.190466,77.201,3.0194776,0.6365967,84.03461,65.636314,3.6063647,2.3631806
22.5,121.5,2003-12-01,2004-01-13,43,25,19.835588,20.58083,19.12863,76.08011,7.90797,1.9873047,80.01776,72.10092,9.529207,6.00209
24.5,121.5,2003-12-01,2004-01-13,43,25,12.404494,14.469735,11.042164,85.436165,3.3149137,7.467041,90.11932,77.156166,3.976043,2.4513035
23.5,120.5,2003-12-01,2004-01-14,44,25,14.372378,18.417072,12.061671,80.762184,2.4108152,1.328125,90.55255,63.33767,3.1735473,1.7457635
22.5,121.5,2003-12-01,2004-01-14,44,25,19.749136,20.485498,19.062027,76.31132,7.9307733,3.6566162,80.26602,72.048676,9.556469,6.1809497
22.5,120.5,2003-12-01,2004-01-14,44,25,18.515816,20.696133,17.257868,76.12734,2.9040835,1.1407471,82.67876,64.58242,3.4979694,2.2697961
24.5,120.5,2003-12-01,2004-01-14,44,25,16.032906,17.84734,14.715089,77.6481,6.79724,2.0202637,83.80705,69.123024,8.11146,5.0043364
24.5,121.5,2003-12-01,2004-01-14,44,25,12.214956,14.586115,10.57755,84.74652,3.2690258,6.6741943,89.93935,74.810974,3.9724321,2.3608525
23.5,121.5,2003-12-01,2004-01-14,44,25,14.657515,16.536057,13.456559,81.937996,3.6101248,5.342407,87.254265,73.35207,4.5685954,2.616978
22.5,121.5,2003-12-01,2004-01-15,45,25,19.79207,20.39912,19.214079,76.65069,7.8430824,3.7512207,80.258446,72.91712,9.288506,6.54201
23.5,120.5,2003-12-01,2004-01-15,45,25,14.416055,18.18745,12.485172,81.56964,2.5930114,1.2469482,90.24921,65.510826,3.3295777,1.9173987
24.5,120.5,2003-12-01,2004-01-15,45,25,16.064707,17.66492,15.006164,78.59567,6.9021473,1.6174316,84.502205,70.28696,8.057287,5.552818
22.5,120.5,2003-12-01,2004-01-15,45,25,18.534395,20.686436,17.284391,77.10755,2.8920863,1.1712646,83.89957,65.633675,3.5550165,2.2385855
24.5,121.5,2003-12-01,2004-01-15,45,25,12.351348,14.568251,11.104713,85.56145,3.1575553,8.007202,90.65002,76.41727,3.8330045,2.335105
23.5,121.5,2003-12-01,2004-01-15,45,25,14.835196,16.62539,13.732433,82.56036,3.6006885,6.234741,87.377,74.92334,4.47061,2.7382479
23.5,120.5,2003-12-01,2004-01-16,46,25,14.624986,18.150402,12.789469,82.49013,2.4519737,1.0601807,90.67631,67.07454,3.2577615,1.7709498
22.5,121.5,2003-12-01,2004-01-16,46,25,20.006079,20.620708,19.298477,75.70352,7.381008,2.5115967,79.40856,72.04638,9.210113,5.519455
22.5,120.5,2003-12-01,2004-01-16,46,25,18.624107,20.688993,17.331696,77.34314,2.9020782,1.2280273,83.89797,66.5471,3.6378756,2.2341242
24.5,120.5,2003-12-01,2004-01-16,46,25,16.10649,17.768425,14.957584,79.70646,6.082171,1.8383789,85.809906,71.55491,7.652002,4.376466
23.5,121.5,2003-12-01,2004-01-16,46,25,15.02309,16.687536,13.840558,82.20125,3.2154276,4.881592,86.6718,75.223564,4.3648486,1.9685804
24.5,121.5,2003-12-01,2004-01-16,46,25,12.646294,15.072354,11.088751,85.09239,3.022219,5.227051,90.4548,74.82968,3.755065,2.3229911
24.5,120.5,2003-12-01,2004-01-17,47,25,15.851675,17.280966,14.816129,80.147995,5.866087,1.6668701,84.89841,73.00641,7.1865606,4.455074
22.5,120.5,2003-12-01,2004-01-17,47,25,18.449682,20.522627,17.178917,78.11805,2.6998603,2.3358154,85.068214,67.136665,3.427434,2.0265527
22.5,121.5,2003-12-01,2004-01-17,47,25,19.804214,20.45407,19.232931,76.516426,6.7473536,3.3306885,79.95166,72.58543,8.166529,5.4233837
23.5,120.5,2003-12-01,2004-01-17,47,25,14.4482565,18.026443,12.283869,81.93562,2.476484,1.6241455,89.993164,66.65493,3.2076974,1.8139915
24.5,121.5,2003-12-01,2004-01-17,47,25,12.547456,14.929569,11.074342,85.008446,2.6565368,5.576782,90.99157,74.3559,3.4187918,1.8168268
23.5,121.5,2003-12-01,2004-01-17,47,25,14.887691,16.81996,13.571896,82.77479,3.129384,5.5792236,87.63805,74.16433,4.0940337,2.2679963
24.5,120.5,2003-12-01,2004-01-18,48,25,15.903101,17.679867,14.765202,79.36033,6.254425,2.0153809,85.18875,71.05174,7.8729944,4.5782886
23.5,121.5,2003-12-01,2004-01-18,48,25,14.744155,16.629126,13.487135,82.305695,3.3143623,7.952881,87.32018,73.79836,4.3534946,2.2413921
23.5,120.5,2003-12-01,2004-01-18,48,25,14.428531,18.257318,12.268063,82.19083,2.3448637,3.0114746,90.728264,66.12461,3.1338944,1.712459
22.5,121.5,2003-12-01,2004-01-18,48,25,19.732944,20.440968,19.009825,76.435776,7.19455,6.3513184,81.09384,71.38999,9.05402,5.235942
22.5,120.5,2003-12-01,2004-01-18,48,25,18.476343,20.58896,17.172443,77.59589,2.6922767,3.9300537,84.309425,66.39292,3.3576837,2.0074542
24.5,121.5,2003-12-01,2004-01-18,48,25,12.339331,14.744398,10.729537,85.49818,2.9305804,8.828125,90.62832,75.50172,3.6347876,2.0279222
22.5,121.5,2003-12-01,2004-01-19,49,25,19.773788,20.41474,19.010456,76.95752,7.586585,6.243286,81.25028,72.928566,9.336081,5.919131
23.5,120.5,2003-12-01,2004-01-19,49,25,14.6362095,18.328312,12.622013,81.8715,2.32553,1.8707275,90.67332,65.970566,3.0765412,1.6648855
23.5,121.5,2003-12-01,2004-01-19,49,25,14.867206,16.598951,13.745343,82.18897,3.3273208,7.182617,86.849045,74.701775,4.5101347,2.2300353
24.5,120.5,2003-12-01,2004-01-19,49,25,16.211346,18.079327,14.971197,78.07122,6.361271,2.2839355,84.78347,68.49762,8.134738,4.3742895
22.5,120.5,2003-12-01,2004-01-19,49,25,18.612656,20.536436,17.395319,77.30114,2.7759752,2.2528076,84.113495,67.13807,3.3959227,2.1853755
24.5,121.5,2003-12-01,2004-01-19,49,25,12.468905,14.939542,10.832418,84.509636,2.9955738,7.7978516,90.23859,73.93873,3.9600255,1.9372896
24.5,121.5,2003-12-01,2004-01-20,50,25,12.638325,14.858326,11.262975,85.91406,2.9501734,10.469971,90.9779,76.85924,3.655439,2.266409
22.5,120.5,2003-12-01,2004-01-20,50,25,18.558775,20.591206,17.217535,78.53559,2.908183,4.5458984,85.110306,67.77518,3.567905,2.2884972
23.5,120.5,2003-12-01,2004-01-20,50,25,14.564029,18.081696,12.50173,83.27221,2.4189303,4.2578125,91.627335,68.37332,3.112711,1.7747532
22.5,121.5,2003-12-01,2004-01-20,50,25,19.943775,20.619366,19.282764,74.82536,7.2558327,6.546631,78.880035,70.598564,8.772165,5.5049963
23.5,121.5,2003-12-01,2004-01-20,50,25,14.985532,16.77066,13.646984,81.98048,3.1000075,7.4865723,86.43268,74.58377,3.919756,2.2105405
24.5,120.5,2003-12-01,2004-01-20,50,25,16.040455,17.498688,14.981271,80.94665,6.038389,4.3640137,86.801414,73.37279,7.4305725,4.491153
22.5,120.5,2003-12-01,2004-01-21,51,25,18.63931,20.749859,17.321192,78.21045,3.011415,5.0109863,84.646355,67.198006,3.7670405,2.2511518
24.5,121.5,2003-12-01,2004-01-21,51,25,12.7211275,14.881486,11.2144785,86.338715,2.9663155,8.776855,91.00352,77.679276,3.6347537,2.194939
22.5,121.5,2003-12-01,2004-01-21,51,25,20.145855,20.892675,19.400753,75.17018,6.440429,6.71875,79.09699,71.11695,8.288232,4.4388404
23.5,120.5,2003-12-01,2004-01-21,51,25,14.575327,17.963654,12.643761,83.33375,2.4338682,4.157715,90.61636,69.36287,3.285925,1.6556237
24.5,120.5,2003-12-01,2004-01-21,51,25,16.034859,17.476252,15.065944,81.069084,5.735108,3.5876465,86.44272,73.72421,7.0012193,4.40014
23.5,121.5,2003-12-01,2004-01-21,51,25,15.108823,16.8323,13.916725,81.87421,2.929424,8.6779785,86.0918,74.81838,3.9714255,1.8201486
24.5,120.5,2003-12-01,2004-01-22,52,25,16.063482,17.646688,14.953595,80.59182,6.0174713,1.652832,85.96998,72.804054,7.3409967,4.5527325
23.5,121.5,2003-12-01,2004-01-22,52,25,15.182739,17.072529,13.925587,82.96192,3.1207337,6.0803223,88.255295,74.77725,4.137441,1.995005
23.5,120.5,2003-12-01,2004-01-22,52,25,14.709204,18.494188,12.664186,83.066574,2.4435143,1.6870117,91.43607,67.257355,3.2368705,1.7820935
22.5,121.5,2003-12-01,2004-01-22,52,25,20.06561,20.801113,19.357794,77.10423,6.5083714,4.4763184,81.17852,72.54624,8.154377,4.6695075
24.5,121.5,2003-12-01,2004-01-22,52,25,12.722954,15.11159,11.300197,86.36241,2.9400842,7.808838,91.72022,76.13205,3.7168937,2.1303778
22.5,120.5,2003-12-01,2004-01-22,52,25,18.703638,20.899971,17.354185,78.76413,2.7361486,2.7770996,85.37462,66.98989,3.429063,2.0204434
22.5,121.5,2003-12-01,2004-01-23,53,25,20.13877,20.937681,19.251041,77.70342,6.992174,4.1308594,81.3478,73.621086,8.947868,5.077833
23.5,120.5,2003-12-01,2004-01-23,53,25,14.7242775,18.77806,12.417101,82.64866,2.6079035,1.3232422,91.720184,65.558784,3.4143674,1.838738
24.5,120.5,2003-12-01,2004-01-23,53,25,16.236582,17.984016,14.955924,80.58647,6.468855,1.7480469,87.16109,72.02369,7.970184,4.654487
23.5,121.5,2003-12-01,2004-01-23,53,25,15.232051,17.327377,13.828458,82.49491,3.169878,5.665283,87.62915,73.85609,4.399267,1.9454547
24.5,121.5,2003-12-01,2004-01-23,53,25,12.889551,15.507358,11.0296545,85.68879,2.9208484,7.3461914,91.51262,75.40692,3.7270563,1.8542209
22.5,120.5,2003-12-01,2004-01-23,53,25,18.885038,21.29767,17.502844,78.73865,2.9074965,1.6552734,85.757576,66.12395,3.5087833,2.333558
22.5,120.5,2003-12-01,2004-01-24,54,25,18.77674,21.002792,17.471106,78.5792,2.8499327,1.7480469,85.237335,67.12876,3.648445,2.0398455
24.5,120.5,2003-12-01,2004-01-24,54,25,16.165098,17.8917,14.943463,79.96206,6.0721626,1.4941406,85.51842,71.38564,7.742827,3.9148724
23.5,120.5,2003-12-01,2004-01-24,54,25,14.725254,18.649982,12.65006,82.63815,2.3765192,1.9445801,91.41054,66.413734,3.1323242,1.730788
22.5,121.5,2003-12-01,2004-01-24,54,25,20.027266,20.722046,19.269753,76.2889,6.937769,3.6523438,79.5633,72.81366,8.63179,5.186022
23.5,121.5,2003-12-01,2004-01-24,54,25,15.159082,17.187716,13.883883,82.400734,3.3246102,6.057129,87.50009,74.02364,4.492795,2.0780709
24.5,121.5,2003-12-01,2004-01-24,54,25,12.851758,15.390529,11.156949,85.53447,3.0055475,5.888672,90.90242,74.958916,3.8062181,1.957714
24.5,121.5,2003-12-01,2004-01-25,55,25,12.994346,15.609313,11.209073,85.96683,2.676869,4.8046875,91.5887,75.52858,3.3975718,1.9338236
23.5,120.5,2003-12-01,2004-01-25,55,25,14.827803,18.97689,12.191344,83.16992,2.408194,1.8933105,92.15303,66.42808,3.2406943,1.597187
24.5,120.5,2003-12-01,2004-01-25,55,25,16.297235,18.035168,14.923541,80.450615,5.327829,2.5134277,86.06776,72.27805,6.653743,3.8363535
23.5,121.5,2003-12-01,2004-01-25,55,25,15.262881,17.544079,13.767789,82.36666,3.0880926,4.0283203,87.88689,73.68395,3.975197,2.1251178
22.5,121.5,2003-12-01,2004-01-25,55,25,20.214327,21.072481,19.317814,76.25726,6.6293736,2.6135254,80.99781,71.322464,7.8997602,5.1893306
22.5,120.5,2003-12-01,2004-01-25,55,25,18.876064,21.205328,17.247383,78.64336,2.7865882,1.5026855,85.38964,67.60207,3.5246933,1.9919524
23.5,121.5,2003-12-01,2004-01-26,56,25,15.266741,17.475693,13.844128,81.94638,2.5792968,4.5776367,87.26884,71.96724,3.3792036,1.7380797
22.5,120.5,2003-12-01,2004-01-26,56,25,18.743929,21.217178,17.289797,78.08693,2.4816165,0.72753906,86.02466,64.700035,3.154228,1.7631235
24.5,120.5,2003-12-01,2004-01-26,56,25,16.336859,17.994892,15.200939,81.09161,5.093315,1.1962891,86.39212,73.161514,6.3195796,3.536854
22.5,121.5,2003-12-01,2004-01-26,56,25,20.326468,21.075855,19.586716,75.64802,5.5389805,2.1875,80.84181,70.0954,6.9619617,4.162949
23.5,120.5,2003-12-01,2004-01-26,56,25,14.565178,18.930458,12.095626,82.54167,2.213672,0.87890625,91.47897,64.61147,2.7885492,1.6225066
24.5,121.5,2003-12-01,2004-01-26,56,25,13.193147,15.859676,11.697169,85.23215,2.3691812,5.760498,91.05817,73.530365,3.0111082,1.7484198
22.5,121.5,2003-12-01,2004-01-27,57,25,20.521135,21.337784,19.856266,76.29474,5.670475,2.3303223,80.520096,71.152985,7.0649214,4.2074904
23.5,120.5,2003-12-01,2004-01-27,57,25,14.667717,19.008411,12.362179,83.506165,2.1450393,1.3745117,92.754295,65.848145,2.8358412,1.5479228
24.5,121.5,2003-12-01,2004-01-27,57,25,13.46301,16.24426,11.843541,85.505394,2.449472,5.172119,91.57656,73.75156,3.0021813,1.8622527
22.5,120.5,2003-12-01,2004-01-27,57,25,18.93131,21.55271,17.51901,79.06627,2.483021,1.4953613,86.2734,65.3043,3.0904665,1.7721508
24.5,120.5,2003-12-01,2004-01-27,57,25,16.670042,18.476282,15.542242,81.389496,5.0504627,1.3537598,87.97073,72.42016,6.351465,3.4947245
23.5,121.5,2003-12-01,2004-01-27,57,25,15.514026,17.834192,14.12921,82.50206,2.58153,4.5495605,88.15824,72.692474,3.419177,1.6123825
23.5,121.5,2003-12-01,2004-01-28,58,25,15.806858,18.266146,14.404952,81.461075,2.4871519,5.0634766,87.0823,70.547455,3.5676394,1.4229792
22.5,121.5,2003-12-01,2004-01-28,58,25,20.725275,21.599892,19.89552,76.00721,5.527342,4.7644043,80.447975,70.22905,7.3531704,3.6255178
22.5,120.5,2003-12-01,2004-01-28,58,25,19.189064,21.85349,17.6605,78.885124,2.7710183,1.3830566,86.38054,64.373344,3.4410083,2.0963576
24.5,120.5,2003-12-01,2004-01-28,58,25,16.65508,18.617317,15.368692,82.47754,5.3180013,0.67993164,88.070244,73.76868,6.897836,3.5164247
23.5,120.5,2003-12-01,2004-01-28,58,25,14.956662,19.479818,12.470533,82.799225,2.3939054,0.83618164,92.43777,64.61393,3.1118073,1.7542132
24.5,121.5,2003-12-01,2004-01-28,58,25,13.697131,16.895912,11.791652,84.959236,2.6522062,5.654297,91.90973,71.65179,3.452507,1.7049577
24.5,121.5,2003-12-01,2004-01-29,59,25,13.284625,15.816158,11.7164755,85.756386,3.0900311,6.343994,91.16381,75.10645,3.9180765,2.1967626
22.5,121.5,2003-12-01,2004-01-29,59,25,20.481186,21.249434,19.75091,78.22825,6.7734613,2.730713,82.12092,74.03603,8.218005,5.0405526
24.5,120.5,2003-12-01,2004-01-29,59,25,16.500114,18.275612,15.203575,80.23932,6.517326,0.88134766,85.78861,72.666985,7.752325,4.927572
23.5,121.5,2003-12-01,2004-01-29,59,25,15.6251135,17.752995,14.265426,83.71089,3.3982072,6.040039,88.234474,75.46307,4.3592463,2.2464712
23.5,120.5,2003-12-01,2004-01-29,59,25,15.304566,19.449137,12.956627,81.95852,2.5891953,0.79345703,90.97779,65.16475,3.4311788,1.8995063
22.5,120.5,2003-12-01,2004-01-29,59,25,19.300367,21.761168,17.847076,79.06818,2.8288546,0.8898926,85.99063,66.48684,3.397936,2.2434664
23.5,121.5,2003-12-01,2004-01-30,60,25,15.624303,17.690376,14.351036,83.60111,3.4355264,6.541748,88.67449,74.83727,4.5235577,2.2655675
22.5,120.5,2003-12-01,2004-01-30,60,25,19.274595,21.534595,17.897282,79.37284,2.7247808,1.2890625,85.4749,67.88603,3.5142214,2.023372
24.5,120.5,2003-12-01,2004-01-30,60,25,16.725964,18.427183,15.541564,80.54347,6.409042,2.072754,86.40256,72.16946,7.727034,4.702911
24.5,121.5,2003-12-01,2004-01-30,60,25,13.371276,15.795533,11.904205,86.20881,3.0319953,7.628174,91.50416,75.794785,3.7509708,2.1960719
22.5,121.5,2003-12-01,2004-01-30,60,25,20.369675,21.048233,19.649836,79.01671,6.8364763,3.7316895,82.27341,75.58771,8.393444,4.93958
23.5,120.5,2003-12-01,2004-01-30,60,25,15.468209,19.435612,13.4469595,82.713066,2.4003222,1.3208008,91.7018,65.65501,3.3282359,1.66498
23.5,121.5,2003-12-01,2004-01-31,61,25,15.944949,18.033415,14.633776,82.94441,2.7399664,7.6831055,88.2215,74.13026,3.6772702,1.7454773
22.5,120.5,2003-12-01,2004-01-31,61,25,19.457253,21.895445,18.01394,78.91556,2.7046976,3.2214355,86.54095,66.460556,3.4851258,1.8632203
23.5,120.5,2003-12-01,2004-01-31,61,25,15.432058,19.299664,13.173073,82.93123,2.4265492,3.6437988,91.687355,66.90755,3.3380718,1.6177701
24.5,120.5,2003-12-01,2004-01-31,61,25,16.940203,18.659195,15.7225065,80.92672,5.6898193,3.4716797,86.58586,72.25268,7.033218,4.1531568
24.5,121.5,2003-12-01,2004-01-31,61,25,13.811433,16.27646,12.371642,85.982864,2.6426356,8.980713,91.772064,75.41019,3.3959274,1.7988869
22.5,121.5,2003-12-01,2004-01-31,61,25,20.802917,21.616806,20.00533,77.46899,6.135535,3.8659668,82.616776,72.57227,7.5542717,4.539462
24.5,120.5,2003-12-01,2004-02-01,62,25,16.506886,18.210646,15.162287,80.691925,6.5982795,3.3154297,86.834305,72.519196,7.982021,4.821717
23.5,120.5,2003-12-01,2004-02-01,62,25,15.379931,19.151482,13.253195,83.818,2.5076482,2.2937012,92.085205,69.16963,3.3610694,1.6376982
22.5,121.5,2003-12-01,2004-02-01,62,25,20.736122,21.620806,19.845007,78.68086,6.2737074,3.0407715,83.43537,73.584656,8.638715,3.7634006
24.5,121.5,2003-12-01,2004-02-01,62,25,13.433564,15.829645,11.67276,86.743225,3.0895147,7.994385,91.89963,77.493935,3.8552408,2.1435049
22.5,120.5,2003-12-01,2004-02-01,62,25,19.42499,21.849916,17.873966,79.89023,2.772738,1.5380859,86.996445,68.47284,3.6321113,1.9391508
23.5,121.5,2003-12-01,2004-02-01,62,25,15.927548,18.037106,14.538278,83.56492,3.322569,6.320801,88.623566,75.153496,4.6436114,1.9000483
24.5,121.5,2003-12-01,2004-02-02,63,25,13.224837,15.884469,11.67569,85.20054,2.7128973,5.710449,90.40157,73.98696,3.539241,1.7185278
22.5,120.5,2003-12-01,2004-02-02,63,25,19.235287,21.593033,17.723097,78.81026,2.6391027,0.9411621,85.87841,66.503136,3.4801867,1.7678353
22.5,121.5,2003-12-01,2004-02-02,63,25,20.442924,21.234735,19.621988,77.28691,6.5758433,2.2436523,81.85082,72.848404,8.462814,4.6363473
24.5,120.5,2003-12-01,2004-02-02,63,25,16.517982,18.546364,15.103624,79.44973,6.268812,2.4169922,85.69845,70.31396,7.5103593,4.784032
23.5,121.5,2003-12-01,2004-02-02,63,25,15.567884,17.632301,14.146266,82.69727,3.153338,4.2089844,87.49354,74.18425,4.301959,1.8960662
23.5,120.5,2003-12-01,2004-02-02,63,25,15.204447,19.221626,12.943727,82.43827,2.4272878,1.1499023,91.53327,64.99306,3.1442807,1.7401844
23.5,120.5,2003-12-01,2004-02-03,64,25,15.017835,18.872337,12.965187,83.26579,2.5987442,1.6906738,91.66229,67.27391,3.385289,1.8668754
22.5,121.5,2003-12-01,2004-02-03,64,25,20.391115,21.228388,19.621193,76.76639,7.060111,3.5705566,81.03691,72.0597,8.839073,5.280114
24.5,120.5,2003-12-01,2004-02-03,64,25,16.222893,17.822899,14.995885,80.689964,6.3131514,1.7016602,86.63631,72.98753,7.8877363,4.561366
23.5,121.5,2003-12-01,2004-02-03,64,25,15.554221,17.629759,14.236363,82.76303,3.3272448,6.928711,87.85039,74.39774,4.3713145,2.2082353
24.5,121.5,2003-12-01,2004-02-03,64,25,13.000842,15.4516735,11.347047,86.02253,3.0764854,6.989746,91.5706,76.18893,3.7707086,2.2218633
22.5,120.5,2003-12-01,2004-02-03,64,25,19.148968,21.437494,17.81116,78.73736,2.897853,1.7370605,85.94954,67.12129,3.6203675,2.183263
22.5,120.5,2003-12-01,2004-02-04,65,25,18.956184,21.181055,17.658503,77.8483,2.7517087,1.4025879,84.22627,66.42348,3.315744,2.0978281
24.5,120.5,2003-12-01,2004-02-04,65,25,16.21714,18.02782,15.071744,79.102394,6.1950502,1.4575195,85.07249,70.30377,7.3051343,4.859357
23.5,121.5,2003-12-01,2004-02-04,65,25,15.096672,17.026443,13.792589,82.288994,3.4048548,6.602783,86.83298,74.474304,4.299452,2.3626363
24.5,121.5,2003-12-01,2004-02-04,65,25,12.657923,15.172508,11.16673,85.08293,3.142669,7.355957,90.35141,74.467606,3.7444875,2.4268138
23.5,120.5,2003-12-01,2004-02-04,65,25,15.0313015,18.911366,12.853825,81.58365,2.458693,1.7687988,90.3386,64.622986,3.4144146,1.7223951
22.5,121.5,2003-12-01,2004-02-04,65,25,19.966555,20.61792,19.254948,76.48892,7.2711763,2.7050781,80.78509,72.74648,8.8327465,5.5346584
24.5,121.5,2003-12-01,2004-02-05,66,25,13.039092,15.625702,11.465954,85.71076,2.7265546,7.7648926,91.188835,74.98858,3.3776016,2.0968008
23.5,120.5,2003-12-01,2004-02-05,66,25,15.045166,19.019306,12.853834,82.35605,2.3022304,1.8481445,91.51059,64.673676,3.0603595,1.6901557
24.5,120.5,2003-12-01,2004-02-05,66,25,16.574247,18.331171,15.334103,80.4214,5.7829065,1.9641113,85.97349,71.402374,7.3169646,4.137949
22.5,121.5,2003-12-01,2004-02-05,66,25,20.152822,20.78941,19.48927,75.07763,6.383484,3.3007812,78.691055,71.183105,7.6971908,5.0871263
23.5,121.5,2003-12-01,2004-02-05,66,25,15.154854,17.145008,13.91612,82.2344,2.8508422,6.0424805,86.92236,73.838425,3.8418157,1.8700776
22.5,120.5,2003-12-01,2004-02-05,66,25,18.977764,21.26493,17.656935,77.51645,2.5861938,1.9433594,84.566956,65.26066,3.361833,1.8713096
24.5,120.5,2003-12-01,2004-02-06,67,25,16.511808,18.36073,15.261666,79.71959,6.236171,1.1474609,85.85207,71.277985,7.4890027,4.747313
22.5,120.5,2003-12-01,2004-02-06,67,25,19.099503,21.47004,17.688635,78.090614,2.7708123,1.3122559,85.49771,65.39225,3.3982787,2.0227664
23.5,121.5,2003-12-01,2004-02-06,67,25,15.294483,17.425684,13.793234,83.102394,3.1288972,6.0009766,88.43381,73.96068,4.0215244,2.1268687
24.5,121.5,2003-12-01,2004-02-06,67,25,13.060108,15.573908,11.504655,85.629524,3.0191004,6.925049,91.394875,74.41982,3.661065,2.1720083
22.5,121.5,2003-12-01,2004-02-06,67,25,20.235382,21.06705,19.360611,77.11022,6.705366,3.1176758,81.68101,72.718475,7.993143,5.250763
23.5,120.5,2003-12-01,2004-02-06,67,25,15.146808,19.08423,12.849381,82.29918,2.3972323,1.2695312,91.95603,65.048134,3.1949568,1.6622485
23.5,120.5,2003-12-01,2004-02-07,68,25,15.260437,19.369343,12.876491,81.83795,2.527359,1.1376953,91.10244,64.33204,3.4559689,1.7448441
23.5,121.5,2003-12-01,2004-02-07,68,25,15.425007,17.43817,14.094771,83.19224,3.2310727,5.3845215,87.830696,74.64172,4.221752,2.2009726
24.5,121.5,2003-12-01,2004-02-07,68,25,13.10571,15.589289,11.530895,85.8666,3.057166,7.5183105,91.41384,75.18261,3.676268,2.3381515
22.5,120.5,2003-12-01,2004-02-07,68,25,19.079557,21.358793,17.662384,78.8327,2.9817004,1.2329102,85.60382,66.872444,3.7198474,2.2307458
24.5,120.5,2003-12-01,2004-02-07,68,25,16.419401,18.067263,15.152252,79.93837,5.9538364,2.34375,85.60902,71.90228,7.178266,4.588227
22.5,121.5,2003-12-01,2004-02-07,68,25,20.187136,20.94873,19.467222,77.680084,6.6951156,2.8686523,81.29289,73.56054,8.009222,5.1692896
23.5,120.5,2003-12-01,2004-02-08,69,25,15.1697035,18.862707,13.055367,82.77291,2.4070098,2.6733398,91.29064,67.20277,3.2941458,1.5592984
24.5,120.5,2003-12-01,2004-02-08,69,25,16.275524,18.089542,14.956422,80.54819,6.1829653,3.3251953,85.68829,72.89708,7.56233,4.362435
22.5,120.5,2003-12-01,2004-02-08,69,25,19.172262,21.340752,17.707243,79.480865,2.6959329,2.3815918,86.298676,68.21783,3.4925148,1.8781717
24.5,121.5,2003-12-01,2004-02-08,69,25,13.081325,15.757726,11.27898,85.9263,2.9019022,7.3010254,91.60496,75.220535,3.7053285,2.0446165
23.5,121.5,2003-12-01,2004-02-08,69,25,15.4315195,17.34542,13.999655,83.98061,3.099376,5.9765625,88.48833,75.91226,4.1855536,1.9595039
22.5,121.5,2003-12-01,2004-02-08,69,25,20.238083,20.999384,19.311003,78.79651,6.449319,3.446045,82.47702,75.035446,8.031608,4.808336
23.5,121.5,2003-12-01,2004-02-09,70,25,15.257205,17.164877,13.940025,83.25446,3.062768,5.71167,87.68295,75.16868,4.2619724,1.9604205
22.5,120.5,2003-12-01,2004-02-09,70,25,19.042498,21.206167,17.717638,78.74458,2.5731423,1.4697266,85.26016,67.11088,3.30359,1.8333144
24.5,120.5,2003-12-01,2004-02-09,70,25,16.44451,18.2864,15.236276,78.90797,5.483606,2.253418,85.985695,68.83683,7.032665,3.8533947
23.5,120.5,2003-12-01,2004-02-09,70,25,15.035857,18.986479,12.758654,81.96334,2.289331,1.7419434,91.75128,64.72471,3.0002542,1.6511401
22.5,121.5,2003-12-01,2004-02-09,70,25,20.05453,20.73582,19.264149,77.71103,6.188722,3.383789,81.28892,73.96368,8.323731,4.1838937
24.5,121.5,2003-12-01,2004-02-09,70,25,12.98904,15.502494,11.349361,85.04375,2.7904544,6.9665527,90.48514,74.30313,3.4776154,1.9496797
22.5,121.5,2003-12-01,2004-02-10,71,25,20.309605,21.121557,19.503292,78.23037,6.0658455,3.909912,82.4415,73.81282,7.7449465,4.2200747
22.5,120.5,2003-12-01,2004-02-10,71,25,19.257807,21.465147,17.869635,79.13774,2.7315185,2.0471191,85.36192,68.31039,3.5108662,1.8419261
24.5,120.5,2003-12-01,2004-02-10,71,25,16.415874,18.036995,15.295499,80.387054,5.7187777,2.9663086,86.21098,72.2889,7.032504,4.351843
23.5,121.5,2003-12-01,2004-02-10,71,25,15.487593,17.546728,14.020133,83.68481,3.0980268,6.9995117,88.92258,74.85686,4.2113376,1.8456503
24.5,121.5,2003-12-01,2004-02-10,71,25,13.222104,15.715018,11.625777,85.72592,2.720117,6.2634277,91.428246,75.50865,3.6333728,1.8281099
23.5,120.5,2003-12-01,2004-02-10,71,25,15.260913,19.15577,13.102799,82.431335,2.330996,2.3571777,91.76967,65.70863,3.1206381,1.5459588
24.5,121.5,2003-12-01,2004-02-11,72,25,13.174665,15.886036,11.500855,84.546455,2.8869965,4.9328613,90.53093,73.14218,3.4548311,2.2143867
23.5,120.5,2003-12-01,2004-02-11,72,25,15.352243,19.315332,13.05007,82.149414,2.2371693,0.9301758,90.94315,65.30738,3.0406866,1.5016844
24.5,120.5,2003-12-01,2004-02-11,72,25,16.833807,18.655958,15.695612,78.362854,5.700284,1.5795898,85.44277,68.69524,6.880426,4.182257
23.5,121.5,2003-12-01,2004-02-11,72,25,15.336717,17.423302,13.856197,82.2288,3.2494118,4.2456055,87.09873,73.85682,4.2243834,2.1113975
22.5,121.5,2003-12-01,2004-02-11,72,25,20.209784,21.017096,19.37838,76.57608,6.866189,1.7456055,80.91761,72.60242,8.47494,5.1984234
22.5,120.5,2003-12-01,2004-02-11,72,25,19.313513,21.734629,17.813341,77.67725,2.677246,0.5847168,84.466545,66.04387,3.4938362,1.9040724
22.5,120.5,2003-12-01,2004-02-12,73,25,19.4192,21.870346,17.894346,77.48462,2.616031,0.56518555,85.731995,64.61376,3.5645342,1.765376
22.5,121.5,2003-12-01,2004-02-12,73,25,20.552053,21.324745,19.619371,76.057365,5.611722,1.8444824,80.17423,71.36624,7.184161,4.0423713
24.5,121.5,2003-12-01,2004-02-12,73,25,13.753733,16.760458,12.057472,84.67401,2.5298688,6.166992,91.308235,71.4788,3.2424068,1.761964
24.5,120.5,2003-12-01,2004-02-12,73,25,16.87508,18.677626,15.723546,80.96169,5.06711,1.697998,86.749855,71.74675,6.67386,3.47314
23.5,120.5,2003-12-01,2004-02-12,73,25,15.452795,19.485771,13.111193,82.546,2.1635735,0.8935547,91.95661,66.03398,2.9625285,1.563863
23.5,121.5,2003-12-01,2004-02-12,73,25,15.674436,17.904129,14.184484,82.01907,2.4298646,4.1271973,88.00493,72.010345,3.3643923,1.5671751
24.5,120.5,2003-12-01,2004-02-13,74,25,16.849487,18.679184,15.432565,80.9017,5.6376934,1.7993164,86.387024,72.957054,7.210975,3.8536181
23.5,120.5,2003-12-01,2004-02-13,74,25,15.625347,19.94979,13.095709,82.422806,2.3385305,1.6845703,91.86821,64.98705,3.1632016,1.5612187
24.5,121.5,2003-12-01,2004-02-13,74,25,13.901303,16.826645,11.904899,85.995316,2.678614,7.150879,91.75939,74.482635,3.5820968,1.7053276
23.5,121.5,2003-12-01,2004-02-13,74,25,16.123726,18.552366,14.454718,83.72047,2.770859,7.0532227,89.93922,73.16823,3.8590088,1.7853187
22.5,121.5,2003-12-01,2004-02-13,74,25,20.981361,21.933155,20.057798,78.36655,5.4596577,3.425293,83.85907,72.54506,7.0510902,3.992494
22.5,120.5,2003-12-01,2004-02-13,74,25,19.738121,22.40149,18.068562,78.876495,2.662793,1.7590332,86.83343,65.211525,3.367654,1.8269418
22.5,120.5,2003-12-01,2004-02-14,75,25,19.629248,21.90144,18.247051,79.413185,2.6761541,2.0788574,86.53565,68.6289,3.5485818,1.788573
22.5,121.5,2003-12-01,2004-02-14,75,25,20.657803,21.31441,19.978336,78.44136,6.580967,4.000244,82.8138,73.83187,8.116069,4.8237014
23.5,120.5,2003-12-01,2004-02-14,75,25,15.866611,19.81191,13.750533,81.45002,2.3699598,2.6220703,90.48034,64.71076,3.4190705,1.4471006
24.5,121.5,2003-12-01,2004-02-14,75,25,13.586688,16.311441,11.922423,85.22994,2.8321984,6.82251,91.13936,73.47425,3.5448632,2.019187
23.5,121.5,2003-12-01,2004-02-14,75,25,15.945634,18.020113,14.543302,83.154724,3.280768,6.45874,88.31064,74.468025,4.2818146,2.1189547
24.5,120.5,2003-12-01,2004-02-14,75,25,16.896826,18.713785,15.705138,79.389824,5.677157,3.1811523,85.64166,70.23083,7.190331,3.8992236
23.5,121.5,2003-12-01,2004-02-15,76,25,15.839534,17.754704,14.413195,82.561104,2.981824,5.406494,87.44475,74.291374,4.0862517,1.890984
23.5,120.5,2003-12-01,2004-02-15,76,25,15.839358,19.517984,13.658234,82.78367,2.1798542,1.9787598,91.50596,67.072464,2.9800656,1.542623
22.5,120.5,2003-12-01,2004-02-15,76,25,19.684202,21.99314,18.306227,78.26872,2.7509925,1.6333008,85.04565,66.70575,3.37678,1.9897707
24.5,121.5,2003-12-01,2004-02-15,76,25,13.650764,15.906525,12.06588,85.776276,2.818498,7.227783,91.14055,75.57253,3.551738,1.9131655
22.5,121.5,2003-12-01,2004-02-15,76,25,20.620861,21.414766,19.819332,76.54385,6.1944823,3.0810547,80.91639,71.99103,8.11949,3.9572136
24.5,120.5,2003-12-01,2004-02-15,76,25,17.022346,18.558634,15.918268,80.1273,5.700877,2.5219727,86.27696,72.00381,6.9013543,4.224576
23.5,120.5,2003-12-01,2004-02-16,77,25,16.124016,19.934877,14.154801,82.84788,2.2917817,2.574463,91.924416,66.91247,3.1818802,1.4989524
24.5,121.5,2003-12-01,2004-02-16,77,25,14.009444,16.800112,12.247492,85.80344,2.7042217,7.998047,92.036804,73.80151,3.532443,1.8613625
23.5,121.5,2003-12-01,2004-02-16,77,25,16.157843,18.320425,14.75713,83.767624,2.9285212,6.0253906,89.25324,74.69126,4.143343,1.8943949
22.5,121.5,2003-12-01,2004-02-16,77,25,20.737392,21.53059,19.870035,78.629654,5.949611,3.758545,82.88354,74.75382,7.3822255,4.3649344
24.5,120.5,2003-12-01,2004-02-16,77,25,17.214348,18.920044,16.007227,80.576004,5.767659,3.4362793,86.51038,72.011955,7.4033747,3.9621732
22.5,120.5,2003-12-01,2004-02-16,77,25,19.731026,21.904175,18.420025,79.88412,2.6510363,1.9006348,86.244774,69.24922,3.49416,1.7445209
24.5,121.5,2003-12-01,2004-02-17,78,25,13.429074,15.687706,11.915378,87.07541,2.9672794,8.284912,91.66332,77.51694,3.6079288,2.0310547
23.5,120.5,2003-12-01,2004-02-17,78,25,15.816301,19.422178,13.731324,83.66022,2.3800552,2.9492188,92.36576,68.209984,3.161666,1.6406665
22.5,120.5,2003-12-01,2004-02-17,78,25,19.522316,21.701992,18.165987,79.23484,2.7263236,2.3327637,85.786285,68.253265,3.4301891,2.0018182
24.5,120.5,2003-12-01,2004-02-17,78,25,16.753996,18.266031,15.653561,81.29153,6.2528095,3.1140137,86.599495,74.08286,7.681246,4.518662
22.5,121.5,2003-12-01,2004-02-17,78,25,20.383781,21.177794,19.63424,78.28211,6.579308,3.3886719,82.15961,73.81462,8.268789,4.759973
23.5,121.5,2003-12-01,2004-02-17,78,25,15.710071,17.662477,14.320343,83.91928,3.1818006,6.7871094,88.39554,75.957886,4.157996,2.0202534
24.5,120.5,2003-12-01,2004-02-18,79,25,16.837124,18.371786,15.734215,80.78441,5.739824,3.3911133,85.73871,73.58939,7.064885,4.320581
22.5,121.5,2003-12-01,2004-02-18,79,25,20.713432,21.504932,19.84194,78.471405,6.036781,4.758301,82.588264,73.91901,7.6394777,4.555305
23.5,120.5,2003-12-01,2004-02-18,79,25,15.835894,19.40702,13.85444,82.929016,2.3092372,3.1872559,90.83457,68.28594,2.9687243,1.6841005
24.5,121.5,2003-12-01,2004-02-18,79,25,13.603472,16.049911,12.119503,86.88875,2.728268,8.585205,92.032776,77.21853,3.4804435,1.9563975
23.5,121.5,2003-12-01,2004-02-18,79,25,15.878413,17.835262,14.610025,83.96623,2.9355652,8.000488,88.763405,75.85401,3.8507643,2.0360718
22.5,120.5,2003-12-01,2004-02-18,79,25,19.584272,21.844131,18.162638,79.35103,2.6798453,3.0456543,86.111855,67.86135,3.543311,1.8924134
22.5,120.5,2003-12-01,2004-02-19,80,25,19.739305,22.190636,18.194338,78.97041,2.6854117,1.9128418,86.12794,66.93733,3.480715,1.8067662
24.5,121.5,2003-12-01,2004-02-19,80,25,13.833896,16.607891,11.919103,85.78796,2.8235984,7.6342773,91.98684,75.06963,3.613217,1.938429
22.5,121.5,2003-12-01,2004-02-19,80,25,20.738506,21.614727,19.79355,78.28877,6.5557766,3.5681152,83.4086,73.26105,8.546145,4.800836
23.5,120.5,2003-12-01,2004-02-19,80,25,15.973114,20.061563,13.525006,82.17954,2.4205155,1.7163086,91.23497,65.836945,3.5099082,1.5986975
24.5,120.5,2003-12-01,2004-02-19,80,25,17.083094,18.913986,15.682828,80.525185,5.971609,2.6098633,86.40359,72.68336,7.5195203,4.099402
23.5,121.5,2003-12-01,2004-02-19,80,25,16.004637,18.30633,14.478312,83.10173,3.1215806,5.892334,88.78955,73.39311,4.3986235,1.8956745
23.5,121.5,2003-12-01,2004-02-20,81,25,15.5998,17.858822,14.156589,83.81717,3.3876731,7.2009277,89.26356,74.166794,4.4483814,2.2234814
24.5,120.5,2003-12-01,2004-02-20,81,25,16.625952,18.167212,15.3996935,80.076584,6.5962005,2.9333496,84.545334,73.1356,8.056923,4.8540998
23.5,120.5,2003-12-01,2004-02-20,81,25,15.556069,19.475462,13.301627,82.05856,2.549384,2.7148438,91.19666,65.69992,3.4931974,1.6216911
22.5,121.5,2003-12-01,2004-02-20,81,25,20.317965,21.14128,19.500015,78.42964,6.573107,5.2685547,83.3687,73.483086,8.291619,4.864065
24.5,121.5,2003-12-01,2004-02-20,81,25,13.244878,15.724604,11.587131,86.1537,3.0089996,9.117432,91.094215,76.982,3.876457,1.940863
22.5,120.5,2003-12-01,2004-02-20,81,25,19.382318,21.868355,17.860079,78.501976,2.8905826,2.541504,85.48128,66.11028,3.696915,2.1320565
22.5,120.5,2003-12-01,2004-02-21,82,25,19.26718,21.541231,17.820393,76.65859,2.8093917,3.005371,82.99453,65.959496,3.7352557,2.0004156
24.5,121.5,2003-12-01,2004-02-21,82,25,13.090714,15.484083,11.492472,84.57473,3.1244357,6.986084,89.80193,74.42654,3.851427,2.3300602
22.5,121.5,2003-12-01,2004-02-21,82,25,20.17636,20.918432,19.329733,76.072815,7.672255,2.7868652,80.19229,71.99289,9.14175,5.7867045
23.5,120.5,2003-12-01,2004-02-21,82,25,15.584386,19.331701,13.446149,80.55627,2.416109,4.144287,89.71539,64.23715,3.4288807,1.560935
24.5,120.5,2003-12-01,2004-02-21,82,25,16.889074,18.563444,15.578268,76.88528,6.4817157,2.6843262,83.056046,68.56222,7.8361855,4.7068233
23.5,121.5,2003-12-01,2004-02-21,82,25,15.32755,17.353966,13.839747,82.13979,3.673681,6.390381,87.29878,73.745804,4.5037436,2.6253998
23.5,120.5,2003-12-01,2004-02-22,83,25,15.74153,19.621927,13.464073,80.66051,2.3220727,0.71899414,90.448074,63.644222,3.1452258,1.5074307
22.5,121.5,2003-12-01,2004-02-22,83,25,20.344715,21.10837,19.496832,74.5449,6.4527392,2.689209,79.22807,70.28156,8.22341,4.735585
23.5,121.5,2003-12-01,2004-02-22,83,25,15.445378,17.568138,14.038708,81.647835,3.2462385,5.1416016,87.53362,72.54863,4.222514,2.1431186
24.5,120.5,2003-12-01,2004-02-22,83,25,16.927313,18.653502,15.627589,78.27608,6.112732,1.484375,84.59518,69.981026,7.8107014,4.196185
24.5,121.5,2003-12-01,2004-02-22,83,25,13.330066,15.973881,11.65649,84.6777,3.0043612,6.567383,90.870804,73.53567,3.7622724,2.1932793
22.5,120.5,2003-12-01,2004-02-22,83,25,19.4287,21.670444,18.021706,75.709465,2.6413682,1.0180664,82.17138,64.55149,3.4538543,1.7931719
22.5,120.5,2003-12-01,2004-02-23,84,25,19.593967,21.872646,18.246735,76.71726,2.55532,1.1743164,83.54095,65.38305,3.4270754,1.7151384
24.5,120.5,2003-12-01,2004-02-23,84,25,16.99844,18.49845,15.946461,78.71168,5.737642,1.4746094,84.37991,71.16791,7.139332,4.1465635
24.5,121.5,2003-12-01,2004-02-23,84,25,13.575217,16.171633,11.971095,85.03414,2.8382087,6.895752,90.89622,74.343254,3.4677825,2.1135464
23.5,121.5,2003-12-01,2004-02-23,84,25,15.793518,17.977179,14.403293,82.2981,3.0105958,6.0266113,87.64826,72.977806,3.9650543,1.979228
23.5,120.5,2003-12-01,2004-02-23,84,25,15.766916,19.556944,13.537702,81.10474,2.3189692,1.1120605,90.26068,65.169586,3.2248566,1.5715483
22.5,121.5,2003-12-01,2004-02-23,84,25,20.639143,21.394726,19.801403,75.053566,6.096233,3.21167,80.13979,69.7916,7.8531218,4.4989643
24.5,120.5,2003-12-01,2004-02-24,85,25,17.390837,19.130783,16.293053,78.6035,5.946709,1.4147949,85.06762,69.90917,7.2551074,4.3880754
23.5,121.5,2003-12-01,2004-02-24,85,25,16.084587,18.268644,14.676598,82.23161,3.1378717,5.317383,87.74602,72.54273,4.3215346,1.9563919
23.5,120.5,2003-12-01,2004-02-24,85,25,16.255817,20.233488,14.088566,80.45732,2.354626,0.9753418,90.16252,63.365665,3.383097,1.5246959
24.5,121.5,2003-12-01,2004-02-24,85,25,14.012127,16.689356,12.389386,84.945526,2.8436172,6.052246,91.07046,73.34219,3.6667361,1.8645356
22.5,121.5,2003-12-01,2004-02-24,85,25,20.780817,21.569214,19.962975,76.30378,6.205117,2.220459,80.52238,71.835266,7.9587097,4.5032635
22.5,120.5,2003-12-01,2004-02-24,85,25,19.880505,22.438486,18.435762,76.65291,2.8609693,0.5761719,83.96994,63.765648,3.7116776,2.047723
22.5,120.5,2003-12-01,2004-02-25,86,25,20.087519,22.60559,18.643375,77.54771,2.5897706,0.61279297,85.32436,64.2247,3.395293,1.840569
23.5,120.5,2003-12-01,2004-02-25,86,25,16.355175,20.402933,14.01405,81.87597,2.1978514,0.84350586,91.89195,64.11239,3.0772998,1.5391773
23.5,121.5,2003-12-01,2004-02-25,86,25,16.208046,18.35223,14.794874,82.85996,3.0607257,6.1950684,88.60855,73.32262,4.164783,1.7795177
24.5,121.5,2003-12-01,2004-02-25,86,25,14.140781,16.619501,12.621173,85.57475,2.8511095,6.78833,91.287704,75.01018,3.547698,2.0139718
24.5,120.5,2003-12-01,2004-02-25,86,25,17.52418,19.190672,16.510798,79.802826,5.8053527,1.0449219,85.62008,71.556564,7.0542183,4.1441283
22.5,121.5,2003-12-01,2004-02-25,86,25,20.940624,21.723696,20.125963,77.3349,6.0347004,2.7026367,81.22589,73.02548,7.6964016,4.212607
23.5,120.5,2003-12-01,2004-02-26,87,25,16.730854,20.760513,14.462829,81.7496,2.2797902,1.0388184,91.77589,65.074554,3.1017907,1.5515594
22.5,120.5,2003-12-01,2004-02-26,87,25,20.381948,22.89895,18.904133,77.822365,2.6797838,0.9008789,85.92052,64.88285,3.415379,1.8715395
22.5,121.5,2003-12-01,2004-02-26,87,25,21.300425,22.011456,20.56295,76.40035,5.9338245,2.7575684,80.77823,71.603905,7.758499,4.055355
24.5,120.5,2003-12-01,2004-02-26,87,25,17.789019,19.551918,16.498829,80.41026,5.3708105,1.5307617,87.10321,72.10898,6.974802,3.4424863
23.5,121.5,2003-12-01,2004-02-26,87,25,16.527065,18.719027,15.138849,82.453865,2.7853782,5.456543,87.88084,73.00653,3.8454227,1.5237782
24.5,121.5,2003-12-01,2004-02-26,87,25,14.526187,17.244574,12.78691,84.635216,2.8148484,6.7834473,91.20326,73.366486,3.5858526,1.9785506
23.5,120.5,2003-12-01,2004-02-27,88,25,16.736732,20.802183,14.241608,81.91014,2.2626193,3.4545898,92.10367,64.62586,3.261735,1.3322595
24.5,121.5,2003-12-01,2004-02-27,88,25,14.554526,17.196539,12.956242,85.01532,2.809808,6.6601562,91.73557,73.7104,3.6096563,1.7810974
23.5,121.5,2003-12-01,2004-02-27,88,25,16.576128,18.92484,15.053776,82.65361,3.09318,5.6445312,88.95383,72.527054,4.4430633,1.7847415
22.5,121.5,2003-12-01,2004-02-27,88,25,21.219976,22.063799,20.358942,77.23056,6.1738014,2.4084473,82.41915,72.40406,7.9072237,4.2713957
22.5,120.5,2003-12-01,2004-02-27,88,25,20.37607,22.902573,18.824205,78.291115,2.6948824,1.8591309,85.82779,65.80302,3.4825373,1.9161668
24.5,120.5,2003-12-01,2004-02-27,88,25,17.59314,19.376617,16.307125,80.50845,5.6075635,2.734375,87.021454,72.4779,7.320401,3.538663
23.5,120.5,2003-12-01,2004-02-28,89,25,16.39933,19.901941,14.183058,82.66235,2.1420197,2.2607422,91.699905,68.17485,2.956375,1.4426035
24.5,120.5,2003-12-01,2004-02-28,89,25,17.344097,18.91723,16.160704,80.35496,5.3936157,3.3337402,86.478485,73.22012,6.927733,3.6318903
22.5,120.5,2003-12-01,2004-02-28,89,25,20.166986,22.542334,18.625212,78.71304,2.4268968,2.043457,85.838776,67.39987,3.217806,1.6764315
23.5,121.5,2003-12-01,2004-02-28,89,25,16.333647,18.373314,14.820983,84.07698,2.9882667,5.621338,88.83499,75.87785,4.0409145,1.9526145
22.5,121.5,2003-12-01,2004-02-28,89,25,20.975426,21.854546,20.129356,78.535385,5.4501185,3.6328125,82.87562,73.71391,7.468649,3.546187
24.5,121.5,2003-12-01,2004-02-28,89,25,14.142632,16.78769,12.338962,86.30899,2.4948914,6.3586426,91.878975,76.35698,3.3214617,1.6276658
23.5,120.5,2003-12-01,2004-02-29,90,25,16.382889,20.402477,14.069996,81.54439,2.2869906,2.2485352,91.05126,64.95856,3.3422894,1.4709386
23.5,121.5,2003-12-01,2004-02-29,90,25,16.132929,18.395699,14.69544,83.17204,3.186649,6.340332,88.60508,73.34092,4.370947,1.8842555
24.5,120.5,2003-12-01,2004-02-29,90,25,17.319569,19.06776,16.050718,79.20731,5.6524196,3.4899902,85.13786,70.92923,7.086323,3.8686378
22.5,120.5,2003-12-01,2004-02-29,90,25,20.127558,22.56271,18.629034,77.8127,2.5613925,1.9616699,84.6898,65.82243,3.5671165,1.6935314
24.5,121.5,2003-12-01,2004-02-29,90,25,13.913963,16.67818,12.137228,85.16709,2.7577982,7.4243164,91.23832,73.88725,3.5345743,1.913918
22.5,121.5,2003-12-01,2004-02-29,90,25,20.806093,21.543564,20.008165,77.97861,6.3630133,4.046631,82.56293,73.31302,8.099679,4.3450065
23.5,121.5,2003-12-01,2004-03-01,91,25,16.138294,18.18402,14.726393,82.76197,3.004554,6.345215,87.870316,74.01479,4.15379,1.7521384
22.5,120.5,2003-12-01,2004-03-01,91,25,20.131186,22.41558,18.66521,77.52041,2.6554563,1.373291,84.77807,66.31344,3.3883817,1.9112022
24.5,120.5,2003-12-01,2004-03-01,91,25,17.385872,18.928726,16.314997,78.91725,5.328635,2.8601074,85.95323,70.73622,6.9836645,3.4147346
23.5,120.5,2003-12-01,2004-03-01,91,25,16.319662,19.964624,14.100934,81.18478,2.2334843,2.7026367,90.77808,65.60374,3.2485034,1.4438357
24.5,121.5,2003-12-01,2004-03-01,91,25,13.865209,16.39115,12.2553625,85.19119,2.948378,7.2888184,91.387474,74.49924,3.6181586,2.113487
22.5,121.5,2003-12-01,2004-03-01,91,25,20.938824,21.721855,20.105978,76.706276,6.2433867,2.9284668,81.51902,72.084785,7.9789534,4.3668294
22.5,121.5,2003-12-01,2004-03-02,92,25,21.16993,21.91995,20.328672,76.52616,5.8963704,3.909912,81.24752,71.328,7.833332,3.9876642
24.5,121.5,2003-12-01,2004-03-02,92,25,14.553113,17.311403,12.757643,84.64456,2.923305,6.883545,91.22521,72.89772,3.6101902,2.1240835
24.5,120.5,2003-12-01,2004-03-02,92,25,17.957527,19.645075,16.789356,79.23048,5.3822126,2.1936035,85.69272,70.250114,6.9090824,3.5361915
23.5,120.5,2003-12-01,2004-03-02,92,25,16.683386,20.77648,14.285831,81.11873,2.270175,2.467041,91.0909,63.937424,3.2674367,1.5154178
23.5,121.5,2003-12-01,2004-03-02,92,25,16.410555,18.86114,14.760777,82.456345,3.0045824,6.335449,88.351074,72.45665,4.156106,1.7539945
22.5,120.5,2003-12-01,2004-03-02,92,25,20.319557,22.795542,18.79715,77.37821,2.7048893,2.7124023,84.55011,64.98396,3.5994132,1.750421
24.5,121.5,2003-12-01,2004-03-03,93,25,15.232613,17.960339,13.5141325,85.3906,2.5417635,7.709961,91.76246,73.843605,3.3237655,1.7469977
22.5,121.5,2003-12-01,2004-03-03,93,25,21.655874,22.526909,20.831142,77.83368,6.171405,3.881836,82.00422,73.40014,7.8101945,4.532349
23.5,120.5,2003-12-01,2004-03-03,93,25,17.099585,20.903618,14.813986,82.85933,2.0766778,4.0319824,92.69874,66.99317,3.0183077,1.2496983
23.5,121.5,2003-12-01,2004-03-03,93,25,16.821793,19.125998,15.354117,83.69616,2.8030908,6.9555664,89.318756,74.636055,3.8633928,1.6405624
22.5,120.5,2003-12-01,2004-03-03,93,25,20.63394,22.930103,19.172882,78.982574,2.6245222,2.72583,86.220795,67.3414,3.4741101,1.7486936
24.5,120.5,2003-12-01,2004-03-03,93,25,18.601812,20.379103,17.176851,81.12102,4.7536583,4.7192383,87.85745,72.95906,6.4316316,2.952551
24.5,121.5,2003-12-01,2004-03-04,94,25,15.740449,18.361979,13.977062,86.30287,2.5119321,6.7736816,92.42081,75.59083,3.1170092,1.7406704
24.5,120.5,2003-12-01,2004-03-04,94,25,18.8125,20.409723,17.558277,83.3546,4.290125,4.3737793,89.696526,75.44491,6.0781126,2.3129618
23.5,120.5,2003-12-01,2004-03-04,94,25,17.56922,21.38853,15.223659,84.387596,1.9434485,2.9699707,93.38557,69.098045,2.7784073,1.1772835
23.5,121.5,2003-12-01,2004-03-04,94,25,17.343224,19.426432,15.917829,83.728714,2.335165,5.5578613,89.300896,75.18756,3.425243,1.2006105
22.5,121.5,2003-12-01,2004-03-04,94,25,21.986816,22.905718,21.035019,78.169266,5.4933167,2.7575684,84.045555,72.72128,7.43771,3.519342
22.5,120.5,2003-12-01,2004-03-04,94,25,21.098574,23.62181,19.43029,79.19722,2.7843976,1.427002,87.03682,66.49525,3.5394306,1.8769184
22.5,120.5,2003-12-01,2004-03-05,95,25,21.366379,24.026875,19.728052,80.560814,2.6898851,1.9934082,89.072296,67.82272,3.657047,1.8766915
23.5,121.5,2003-12-01,2004-03-05,95,25,17.666243,20.159914,16.011871,84.578926,3.1692472,4.7888184,90.870544,74.40788,4.3053083,2.01226
24.5,120.5,2003-12-01,2004-03-05,95,25,18.855091,20.591167,17.497173,81.95086,4.8533497,2.4682617,88.55343,73.38772,6.3502975,3.083014
22.5,121.5,2003-12-01,2004-03-05,95,25,22.172962,23.023691,21.288002,80.13166,5.494986,2.2058105,85.39614,74.92722,7.0469375,3.7709975
24.5,121.5,2003-12-01,2004-03-05,95,25,15.872512,18.797726,13.8428335,85.9374,2.5870216,5.152588,92.933426,74.2979,3.296778,1.9327077
23.5,120.5,2003-12-01,2004-03-05,95,25,17.848957,21.971172,15.274879,83.219574,2.1448553,3.0529785,92.65474,67.47239,3.1697812,1.2715559
24.5,120.5,2003-12-01,2004-03-06,96,25,19.05066,20.838032,17.665363,81.89663,5.5558863,4.095459,87.53752,74.00665,7.3557067,3.672069
23.5,121.5,2003-12-01,2004-03-06,96,25,17.844213,20.335787,16.320616,84.48713,3.1618464,5.6689453,89.914444,74.65738,4.4064317,1.915055
23.5,120.5,2003-12-01,2004-03-06,96,25,17.956772,21.866411,15.635563,83.98061,2.1897416,3.6547852,93.04676,67.820816,3.2716062,1.364563
24.5,121.5,2003-12-01,2004-03-06,96,25,15.825815,18.7086,13.887804,85.89595,2.5926025,7.241211,92.212006,74.40033,3.5211756,1.7037784
22.5,121.5,2003-12-01,2004-03-06,96,25,22.349976,23.27315,21.554941,80.05096,5.9991717,3.0419922,84.61214,74.807236,7.7617607,4.34824
22.5,120.5,2003-12-01,2004-03-06,96,25,21.414057,23.890785,19.967237,81.3456,2.4180884,2.4414062,88.639305,68.77348,3.342711,1.4401846
23.5,120.5,2003-12-01,2004-03-07,97,25,17.883635,21.759459,15.476798,84.086525,2.0266953,4.017334,93.43341,68.02183,2.9247499,1.2564123
23.5,121.5,2003-12-01,2004-03-07,97,25,17.607561,19.80102,16.244732,84.120514,2.7847376,7.191162,89.04478,75.23792,3.8683693,1.662293
24.5,121.5,2003-12-01,2004-03-07,97,25,15.695686,18.313377,14.148194,86.57608,2.750051,6.6760254,91.95672,76.01438,3.4268486,2.066451
22.5,120.5,2003-12-01,2004-03-07,97,25,21.335295,23.846958,19.816954,80.51087,2.5776627,2.8308105,88.09769,68.28743,3.353656,1.7041081
24.5,120.5,2003-12-01,2004-03-07,97,25,18.910198,20.566612,17.652168,81.47351,5.4549522,2.965088,87.80522,73.25791,7.1265407,3.8738217
22.5,121.5,2003-12-01,2004-03-07,97,25,22.137014,22.930166,21.4523,79.341286,6.106955,3.2556152,83.50207,74.99405,7.9096527,4.23195
22.5,120.5,2003-12-01,2004-03-08,98,25,21.612337,24.283272,20.088825,79.97318,2.7904017,1.2683105,88.47036,66.35454,3.64945,1.9753096
24.5,121.5,2003-12-01,2004-03-08,98,25,16.370169,19.247414,14.528337,85.917145,2.4226108,4.9487305,92.285194,74.189865,3.1044898,1.7771344
22.5,121.5,2003-12-01,2004-03-08,98,25,22.507044,23.347008,21.677168,78.48916,5.098673,2.7990723,83.49249,72.77514,6.633612,3.5517302
23.5,121.5,2003-12-01,2004-03-08,98,25,18.039856,20.516396,16.43087,83.260475,2.4650958,4.1394043,89.631454,72.81338,3.6471102,1.399977
23.5,120.5,2003-12-01,2004-03-08,98,25,18.083529,22.30085,15.659454,83.88197,1.9573745,1.940918,93.70941,66.33396,2.8768847,1.1634744
24.5,120.5,2003-12-01,2004-03-08,98,25,19.117962,20.764238,17.86775,82.6002,4.440759,3.560791,89.12485,74.666664,6.1952724,2.3207865
22.5,120.5,2003-12-01,2004-03-09,99,25,21.7186,24.328285,20.082857,81.23733,2.7291617,4.3847656,89.15687,68.70347,3.6793747,1.8074591
24.5,120.5,2003-12-01,2004-03-09,99,25,19.285435,20.850508,18.013342,81.92447,5.0746813,3.284912,87.247734,74.63625,6.7754726,3.166433
23.5,121.5,2003-12-01,2004-03-09,99,25,18.265297,20.916489,16.562183,84.76106,2.9507372,6.97876,90.55198,74.57617,4.1910625,1.7331729
23.5,120.5,2003-12-01,2004-03-09,99,25,18.449556,22.539614,15.977501,83.292625,2.2110448,3.8513184,91.90883,67.22832,3.221645,1.241787
24.5,121.5,2003-12-01,2004-03-09,99,25,16.340727,19.236183,14.425206,86.54163,2.5475776,7.1728516,92.55371,76.02329,3.2994452,1.6976339
22.5,121.5,2003-12-01,2004-03-09,99,25,22.58975,23.547426,21.613018,79.781296,5.074454,4.5751953,84.742455,74.61707,6.879566,3.0076306
24.5,121.5,2003-12-01,2004-03-10,100,25,15.949353,18.32076,14.177057,86.91161,3.1727078,7.0092773,92.208786,77.925545,4.100205,2.1853793
22.5,121.5,2003-12-01,2004-03-10,100,25,22.532576,23.457848,21.571983,81.363144,6.639129,3.4997559,85.776634,76.99108,8.723789,3.9418397
22.5,120.5,2003-12-01,2004-03-10,100,25,21.798103,24.207603,20.241426,81.0318,2.7170126,2.0300293,87.47988,70.14631,3.854619,1.7781414
23.5,120.5,2003-12-01,2004-03-10,100,25,18.666697,22.32651,16.53608,81.8743,2.6409216,1.9689941,90.11104,67.41949,3.8672576,1.5995907
24.5,120.5,2003-12-01,2004-03-10,100,25,19.364256,20.901117,18.04755,80.64545,6.71294,3.803711,86.205635,74.237625,8.268338,4.818404
23.5,121.5,2003-12-01,2004-03-10,100,25,18.155153,20.506275,16.572956,85.283356,3.6360362,5.8203125,90.19908,76.670525,4.994139,2.144491
22.5,121.5,2003-12-01,2004-03-11,101,25,22.184917,23.154268,21.306625,78.84413,7.3735976,2.730713,83.0138,74.488556,9.052289,5.683384
24.5,120.5,2003-12-01,2004-03-11,101,25,18.971107,20.618345,17.681433,80.69772,6.618082,9.450684,86.582664,73.350075,8.342157,4.328497
24.5,121.5,2003-12-01,2004-03-11,101,25,15.494799,17.719463,13.942432,86.48147,2.971838,10.201416,91.48576,77.97893,3.6880028,2.2351518
22.5,120.5,2003-12-01,2004-03-11,101,25,21.511713,23.795527,19.924995,79.179596,2.7438195,3.449707,85.64781,68.81892,3.5954263,1.9147775
23.5,121.5,2003-12-01,2004-03-11,101,25,17.662455,19.629122,16.200548,84.029366,3.4681444,6.7407227,88.75997,76.48271,4.5617003,2.313478
23.5,120.5,2003-12-01,2004-03-11,101,25,18.241264,21.375107,16.232668,82.96713,2.3479488,6.677246,91.268684,69.99146,3.3480015,1.4928346
22.5,120.5,2003-12-01,2004-03-12,102,25,21.392271,23.59315,19.99317,79.181335,2.906288,3.1152344,86.12291,68.48968,3.8472402,2.1462905
23.5,121.5,2003-12-01,2004-03-12,102,25,17.71479,19.733385,16.396358,84.108826,2.962842,6.657715,89.38223,75.90826,4.1910677,1.6996324
23.5,120.5,2003-12-01,2004-03-12,102,25,18.08151,21.384008,15.974303,83.47945,2.1421032,4.32251,92.138245,69.86798,3.0325353,1.242901
22.5,121.5,2003-12-01,2004-03-12,102,25,22.251665,23.019203,21.460487,78.2991,6.1421027,3.9196777,82.231415,73.85568,7.8380237,4.069706
24.5,121.5,2003-12-01,2004-03-12,102,25,15.757467,18.101358,14.16817,86.91111,2.6400213,8.304443,92.634254,77.691574,3.3952024,1.8537681
24.5,120.5,2003-12-01,2004-03-12,102,25,18.866627,20.229088,17.779566,82.39702,5.3654304,5.4333496,87.59316,76.0497,6.951122,3.613916
23.5,120.5,2003-12-01,2004-03-13,103,25,17.99331,21.494522,15.95196,83.09674,2.2868984,3.7756348,91.64796,68.616844,3.287302,1.4877234
22.5,120.5,2003-12-01,2004-03-13,103,25,21.325361,23.668037,19.768839,78.63096,2.713353,2.2705078,85.718925,67.424805,3.539278,1.8975791
24.5,121.5,2003-12-01,2004-03-13,103,25,15.532334,18.09228,13.671037,86.12251,2.8592806,7.8674316,91.80859,76.08695,3.678551,1.955059
23.5,121.5,2003-12-01,2004-03-13,103,25,17.673134,19.72241,16.173058,83.34158,3.0994925,6.1328125,88.16825,75.3585,4.184912,1.9117917
22.5,121.5,2003-12-01,2004-03-13,103,25,22.157412,23.134106,21.119873,77.73457,6.375677,2.927246,82.15605,73.29661,8.142891,4.4030147
24.5,120.5,2003-12-01,2004-03-13,103,25,18.903114,20.553062,17.733498,80.33978,5.90063,5.1745605,86.54128,72.76173,7.3731747,4.3663745
22.5,120.5,2003-12-01,2004-03-14,104,25,21.074387,23.25499,19.595705,77.901985,2.6810975,2.0043945,84.80113,67.384476,3.4812362,1.8781264
23.5,120.5,2003-12-01,2004-03-14,104,25,17.49511,21.096163,15.095841,83.05853,2.1894147,2.598877,92.3353,68.18522,3.1259103,1.3281118
24.5,120.5,2003-12-01,2004-03-14,104,25,18.596575,20.199448,17.44192,80.010284,5.6756225,2.3840332,85.82081,72.54204,7.09494,4.2912755
24.5,121.5,2003-12-01,2004-03-14,104,25,15.311731,18.024055,13.524537,85.67034,2.8119116,7.631836,91.505135,75.18702,3.48131,2.0847821
23.5,121.5,2003-12-01,2004-03-14,104,25,17.322474,19.492098,15.83486,82.72695,3.111319,6.6345215,87.78287,73.915924,4.1250234,2.1994524
22.5,121.5,2003-12-01,2004-03-14,104,25,21.908918,22.697334,21.104242,76.58648,6.0613527,4.400635,81.00375,72.14028,7.7512293,4.257546
23.5,120.5,2003-12-01,2004-03-15,105,25,17.527864,21.244623,15.2404995,82.013336,2.1826115,1.4086914,91.642586,66.26346,3.1598535,1.3383212
24.5,121.5,2003-12-01,2004-03-15,105,25,15.206321,17.77366,13.4767685,85.11861,2.7450757,5.9692383,90.55653,75.015,3.633863,1.7646971
22.5,120.5,2003-12-01,2004-03-15,105,25,21.168743,23.571342,19.709888,77.45528,2.4701848,0.99975586,84.156944,65.27296,3.2267535,1.680477
24.5,120.5,2003-12-01,2004-03-15,105,25,18.792435,20.520313,17.490543,79.17954,5.6153827,2.0483398,85.70786,70.60398,7.211419,3.615018
23.5,121.5,2003-12-01,2004-03-15,105,25,17.279621,19.42155,15.954547,82.46462,2.9724119,4.6679688,87.45301,73.46918,4.004829,1.6277936
22.5,121.5,2003-12-01,2004-03-15,105,25,21.951946,22.779692,21.158052,75.765564,5.9744616,1.9482422,80.195404,71.464294,7.575862,4.2320848
22.5,121.5,2003-12-01,2004-03-16,106,25,22.186342,22.98147,21.420898,75.4246,5.8775163,1.862793,80.858536,69.845795,7.4000554,4.3225117
23.5,121.5,2003-12-01,2004-03-16,106,25,17.551477,19.961832,16.044092,81.86048,3.0638905,3.7634277,88.52339,70.72417,4.248389,1.9135263
24.5,120.5,2003-12-01,2004-03-16,106,25,19.081907,20.654922,17.89798,78.25866,4.712817,2.1252441,85.19185,69.57777,6.165831,3.0041006
22.5,120.5,2003-12-01,2004-03-16,106,25,21.276558,23.7346,19.71836,77.209,2.789457,1.1987305,85.67002,64.3682,3.6894107,1.8221151
24.5,121.5,2003-12-01,2004-03-16,106,25,15.756186,18.582613,13.861442,83.17727,2.713537,4.5446777,90.98221,70.88168,3.3017445,2.0805063
23.5,120.5,2003-12-01,2004-03-16,106,25,17.88054,21.854332,15.44608,80.08935,2.134072,1.5197754,90.306946,63.21357,3.0937545,1.3032737
24.5,120.5,2003-12-01,2004-03-17,107,25,19.056465,20.730146,17.72792,80.27568,5.640172,3.552246,86.50163,72.82972,7.2665987,3.6436756
23.5,120.5,2003-12-01,2004-03-17,107,25,18.026817,21.94069,15.607745,81.911995,2.2148967,2.1728516,91.31487,66.026794,3.229903,1.3290945
22.5,120.5,2003-12-01,2004-03-17,107,25,21.538437,24.139908,19.857994,77.67637,2.6747763,1.0510254,85.37367,65.59743,3.710835,1.771015
22.5,121.5,2003-12-01,2004-03-17,107,25,22.375996,23.417828,21.22751,76.947975,6.3436766,1.6064453,82.139435,71.487015,8.112214,4.52965
23.5,121.5,2003-12-01,2004-03-17,107,25,17.836094,20.444471,15.896773,82.11765,3.1756516,4.4519043,88.86577,71.56328,4.498465,1.8574893
24.5,121.5,2003-12-01,2004-03-17,107,25,15.72291,18.517797,13.667628,85.503654,2.7432284,6.5429688,92.17585,74.639404,3.5242877,1.9089267
24.5,121.5,2003-12-01,2004-03-18,108,25,15.904546,18.363153,14.22297,85.866974,2.6567452,5.0463867,91.327576,76.169395,3.3859704,1.7526383
23.5,121.5,2003-12-01,2004-03-18,108,25,17.827631,19.924427,16.293688,82.938446,2.7598472,4.194336,87.92541,74.56513,3.8741844,1.4735544
24.5,120.5,2003-12-01,2004-03-18,108,25,19.138374,20.697515,18.039597,80.78256,5.2644067,1.5917969,86.94081,73.4109,6.757095,3.4249694
23.5,120.5,2003-12-01,2004-03-18,108,25,18.220484,21.878881,15.8656845,82.38609,2.107673,1.2841797,92.25589,67.323044,3.0483606,1.313131
22.5,120.5,2003-12-01,2004-03-18,108,25,21.660503,24.181303,20.04216,77.77747,2.5644789,0.87890625,86.20335,65.65546,3.3013544,1.830828
22.5,121.5,2003-12-01,2004-03-18,108,25,22.356148,23.254044,21.402216,77.227806,5.72903,2.8735352,81.098885,72.83647,7.3609133,3.9683752
22.5,121.5,2003-12-01,2004-03-19,109,25,22.983318,23.906776,22.092579,78.34924,5.0882277,2.6000977,82.994484,72.94316,6.601843,3.6117017
24.5,120.5,2003-12-01,2004-03-19,109,25,19.498161,20.918507,18.502888,82.78203,4.864186,3.9624023,88.74938,75.50343,6.2412586,3.298671
23.5,121.5,2003-12-01,2004-03-19,109,25,18.698591,21.160112,17.126768,83.47996,2.4819727,5.0268555,89.918564,72.28443,3.481994,1.4864849
23.5,120.5,2003-12-01,2004-03-19,109,25,18.687868,22.409697,16.603502,83.14923,2.0958724,2.5561523,92.66171,67.41892,3.1475046,1.2641282
24.5,121.5,2003-12-01,2004-03-19,109,25,16.921736,19.746727,15.117941,86.09198,2.0976875,6.008301,92.79713,74.19335,2.73384,1.3819962
22.5,120.5,2003-12-01,2004-03-19,109,25,22.05857,24.63337,20.566378,78.93966,2.6303403,1.5307617,87.35593,65.650055,3.5489688,1.793685
24.5,120.5,2003-12-01,2004-03-20,110,25,19.692259,21.231562,18.415533,82.00614,5.127066,6.176758,87.97408,74.31463,6.677893,3.6582475
22.5,121.5,2003-12-01,2004-03-20,110,25,23.18839,24.17937,22.224737,79.92107,6.0579057,3.0395508,84.88523,74.1976,7.4483547,4.223177
23.5,120.5,2003-12-01,2004-03-20,110,25,18.850422,22.469887,16.484844,83.14545,2.152845,4.4189453,92.49397,68.62517,3.1866195,1.3850406
23.5,121.5,2003-12-01,2004-03-20,110,25,18.744036,20.963448,17.075129,84.54547,3.1799722,6.3085938,90.21324,75.49837,4.223218,2.0338676
22.5,120.5,2003-12-01,2004-03-20,110,25,22.30087,24.723858,20.717007,79.47268,3.010028,2.8686523,86.988914,68.39405,3.9951444,2.1688595
24.5,121.5,2003-12-01,2004-03-20,110,25,16.742844,19.395786,14.721627,86.07506,2.729223,6.9384766,92.468956,75.45226,3.5360415,1.8434639
23.5,121.5,2003-12-01,2004-03-21,111,25,18.38502,20.744047,16.64874,83.80449,3.360242,8.039551,89.40964,73.96758,4.5300283,2.1737943
24.5,120.5,2003-12-01,2004-03-21,111,25,19.658066,21.373241,18.488897,80.21033,5.997266,6.0253906,86.580696,72.34586,7.1670613,4.2995286
22.5,120.5,2003-12-01,2004-03-21,111,25,22.136953,24.587696,20.541817,79.2915,2.538776,3.7109375,86.59805,67.6688,3.4644423,1.6830693
22.5,121.5,2003-12-01,2004-03-21,111,25,22.815567,23.817389,21.94479,79.84101,6.7340183,3.9550781,84.48277,74.8121,8.650741,4.528338
24.5,121.5,2003-12-01,2004-03-21,111,25,16.329023,18.96059,14.543937,85.38195,2.8488941,8.796387,91.413994,74.5005,3.523373,2.0696993
23.5,120.5,2003-12-01,2004-03-21,111,25,18.68084,22.431938,16.115133,82.34777,2.1993327,5.300293,92.23469,66.921295,3.287312,1.3556349
22.5,121.5,2003-12-01,2004-03-22,112,25,22.736992,23.592735,21.941128,78.73372,6.313317,4.758301,82.86293,74.65422,8.142411,4.584215
23.5,120.5,2003-12-01,2004-03-22,112,25,18.517656,21.909966,16.449713,83.81493,2.0986292,4.5947266,92.76345,69.68179,2.8377676,1.435078
23.5,121.5,2003-12-01,2004-03-22,112,25,18.244102,20.24189,16.886887,83.37035,2.992425,7.133789,88.17476,75.20395,4.2318687,1.7861092
24.5,120.5,2003-12-01,2004-03-22,112,25,19.669746,21.180151,18.587765,80.74865,5.88416,5.3442383,86.53896,73.752556,7.3875594,4.0123863
24.5,121.5,2003-12-01,2004-03-22,112,25,16.248926,18.393482,14.730368,86.13131,2.7743573,9.890137,91.4926,77.504456,3.586803,1.7763696
22.5,120.5,2003-12-01,2004-03-22,112,25,22.045645,24.286737,20.585415,79.3022,2.5424473,3.7060547,86.394,68.30059,3.2889109,1.788007
22.5,120.5,2003-12-01,2004-03-23,113,25,22.416254,24.781954,20.908037,79.19881,2.6978977,1.472168,87.43461,67.06566,3.5513964,1.8487555
23.5,121.5,2003-12-01,2004-03-23,113,25,18.769909,20.962265,17.402246,83.52929,2.783817,6.010742,89.26664,74.22947,3.8046021,1.618222
24.5,121.5,2003-12-01,2004-03-23,113,25,16.899792,19.484587,15.14004,86.446625,2.6813831,8.07373,92.29135,76.0447,3.3933365,1.9472507
24.5,120.5,2003-12-01,2004-03-23,113,25,19.723913,21.155767,18.554314,82.98573,5.0416355,3.022461,88.382744,76.22758,6.5075865,3.3533478
22.5,121.5,2003-12-01,2004-03-23,113,25,23.132484,24.002563,22.306377,79.23971,5.6725707,4.111328,83.43465,74.52023,7.1810136,4.0090513
23.5,120.5,2003-12-01,2004-03-23,113,25,18.872505,22.452265,16.586359,83.805275,2.0805268,2.397461,93.62531,68.69912,2.9577885,1.3433646
23.5,120.5,2003-12-01,2004-03-24,114,25,19.089157,22.583916,16.71152,84.10046,2.2327044,4.519043,92.97154,70.44614,3.351749,1.3266298
23.5,121.5,2003-12-01,2004-03-24,114,25,18.809998,21.059277,17.205992,84.72146,3.1752822,7.2094727,90.3552,76.04126,4.328961,1.7868018
24.5,120.5,2003-12-01,2004-03-24,114,25,19.839745,21.506357,18.467838,82.54648,5.5740757,6.254883,88.23932,75.82342,7.3885746,3.5096838
24.5,121.5,2003-12-01,2004-03-24,114,25,16.711756,19.22506,14.866847,87.11635,2.7908125,9.680176,92.74853,78.44292,3.6140182,1.9143528
22.5,121.5,2003-12-01,2004-03-24,114,25,23.004099,24.064926,22.030298,79.80914,5.999851,4.436035,84.26101,74.852585,8.089596,3.92854
22.5,120.5,2003-12-01,2004-03-24,114,25,22.402555,24.865206,20.706553,79.6827,2.7642531,2.0507812,87.42858,67.92145,3.7382555,1.6509684
23.5,121.5,2003-12-01,2004-03-25,115,25,18.084204,20.077967,16.56923,83.98096,3.4766228,7.878418,88.640205,76.279884,4.9238014,2.0632665
23.5,120.5,2003-12-01,2004-03-25,115,25,18.55106,21.570967,16.57003,83.64107,2.368826,6.401367,91.5729,71.08168,3.4490747,1.3495041
22.5,120.5,2003-12-01,2004-03-25,115,25,21.809711,23.930805,20.251324,79.7591,2.5405815,2.590332,86.34755,69.749504,3.2371528,1.8652381
22.5,121.5,2003-12-01,2004-03-25,115,25,22.408169,23.423168,21.418785,79.46332,6.58333,3.869629,83.65516,75.23245,8.776074,4.4089007
24.5,121.5,2003-12-01,2004-03-25,115,25,15.774966,18.089994,13.946183,86.87602,3.045696,10.842285,92.04794,79.10293,3.9334552,1.9978942
24.5,120.5,2003-12-01,2004-03-25,115,25,19.226938,20.712763,18.045403,80.93796,6.3457255,11.484375,85.80368,75.50829,8.1179085,4.286031
24.5,120.5,2003-12-01,2004-03-26,116,25,19.218695,20.575089,18.11918,80.70675,6.128037,7.084961,85.828865,74.61673,7.650681,4.2336564
22.5,120.5,2003-12-01,2004-03-26,116,25,21.66426,23.541147,20.287384,78.530754,2.5892467,2.5854492,84.91587,69.23574,3.3543842,1.9084629
24.5,121.5,2003-12-01,2004-03-26,116,25,15.63051,17.59325,14.177672,86.76424,2.7422543,10.883789,91.28356,79.46257,3.478721,1.9631128
22.5,121.5,2003-12-01,2004-03-26,116,25,22.45379,23.243511,21.57256,78.7577,6.7694097,3.803711,82.46547,74.55724,8.1824875,5.0898685
23.5,121.5,2003-12-01,2004-03-26,116,25,17.810745,19.488113,16.507584,84.655235,3.1804354,8.647461,88.680466,78.24624,4.2865343,2.0794358
23.5,120.5,2003-12-01,2004-03-26,116,25,18.134592,20.989508,16.171188,84.06495,2.1889815,6.2890625,91.83053,72.07701,3.1446052,1.3872864
22.5,121.5,2003-12-01,2004-03-27,117,25,22.49508,23.1559,21.85334,77.580666,5.9032273,3.6401367,81.45704,73.67544,7.141401,4.44299
23.5,120.5,2003-12-01,2004-03-27,117,25,18.22432,21.386206,16.211838,83.379036,2.1955369,3.3740234,91.88046,69.86006,3.2289834,1.4107643
22.5,120.5,2003-12-01,2004-03-27,117,25,21.795412,23.827543,20.449615,78.30494,2.5897303,2.5073242,85.33021,68.236115,3.3395438,1.8498334
24.5,121.5,2003-12-01,2004-03-27,117,25,15.913557,18.13809,14.468551,86.28274,2.729989,9.938965,91.912445,77.180046,3.3747518,2.0804107
24.5,120.5,2003-12-01,2004-03-27,117,25,19.33844,20.60752,18.386837,80.138954,5.58711,2.5146484,85.17976,74.156395,6.9282417,4.131198
23.5,121.5,2003-12-01,2004-03-27,117,25,17.97428,19.74559,16.764307,84.06853,3.0529492,9.091797,89.08825,76.0035,3.8751457,2.091149
24.5,120.5,2003-12-01,2004-03-28,118,25,19.79894,21.50979,18.405598,78.36229,5.419342,1.9018555,85.14446,70.56859,7.4039354,2.9300027
22.5,120.5,2003-12-01,2004-03-28,118,25,21.942223,24.382286,20.504028,77.09677,2.608137,2.565918,84.75886,64.74788,3.4009616,1.6163037
23.5,120.5,2003-12-01,2004-03-28,118,25,18.443687,22.080967,16.123228,80.96322,2.187455,2.5488281,90.627106,65.17938,3.101432,1.4079063
23.5,121.5,2003-12-01,2004-03-28,118,25,18.055971,20.13741,16.700245,82.94091,3.0023136,7.8564453,88.73542,73.702286,4.3115387,1.4342495
22.5,121.5,2003-12-01,2004-03-28,118,25,22.678705,23.599174,21.860464,77.42751,6.0943146,4.729004,82.54973,71.8737,8.370815,4.064186
24.5,121.5,2003-12-01,2004-03-28,118,25,16.12392,18.75901,14.159557,84.735016,2.800219,8.010254,91.135315,74.09163,3.8296423,1.6392756
22.5,121.5,2003-12-01,2004-03-29,119,25,22.51879,23.221079,21.836035,76.67456,6.8106008,3.515625,81.22104,71.95971,8.109458,5.294005
24.5,120.5,2003-12-01,2004-03-29,119,25,19.833769,21.32895,18.731915,77.67832,5.2122545,3.5498047,83.89886,69.91182,6.6569757,3.8593955
23.5,120.5,2003-12-01,2004-03-29,119,25,18.564844,22.131065,16.313923,80.23301,2.1298692,2.5805664,90.28187,64.92021,3.148092,1.3830887
23.5,121.5,2003-12-01,2004-03-29,119,25,17.9784,19.98457,16.664005,81.9941,3.2147257,6.4575195,87.42348,73.1809,4.223914,2.277076
24.5,121.5,2003-12-01,2004-03-29,119,25,16.081133,18.420204,14.526861,83.74258,2.971331,7.3706055,89.78118,73.90141,3.6667712,2.2715495
22.5,120.5,2003-12-01,2004-03-29,119,25,21.950254,24.254501,20.508295,76.82773,2.8169153,1.9262695,84.36953,65.621346,3.6445608,2.0524185
22.5,121.5,2003-12-01,2004-03-30,120,25,22.902292,23.704659,22.18559,75.601585,6.187442,2.8564453,80.324265,70.98233,7.521494,4.6986885
23.5,121.5,2003-12-01,2004-03-30,120,25,18.432585,20.53289,16.998825,81.85691,2.6661444,5.7470703,87.278694,73.044075,3.7757902,1.4616486
23.5,120.5,2003-12-01,2004-03-30,120,25,19.02569,22.649141,16.58969,81.517525,1.8229169,2.1362305,92.116356,65.49155,2.87543,1.0054091
22.5,120.5,2003-12-01,2004-03-30,120,25,22.195202,24.634844,20.565392,76.40696,2.714012,1.3378906,84.761345,64.222374,3.6469707,1.6784122
24.5,121.5,2003-12-01,2004-03-30,120,25,16.956648,19.39375,15.307135,83.49051,2.6795206,7.036133,90.00911,73.56039,3.3251007,1.8231833
24.5,120.5,2003-12-01,2004-03-30,120,25,20.73524,22.31922,19.581154,78.93762,4.722105,2.5268555,86.05478,70.84853,6.407288,2.8159914
24.5,121.5,2003-12-01,2004-03-31,121,25,17.55421,20.105795,15.862521,84.08026,2.5843396,5.9814453,90.88972,73.12099,3.2914546,1.8285546
24.5,120.5,2003-12-01,2004-03-31,121,25,21.070461,22.619701,19.961647,80.1027,4.410873,2.307129,86.56481,72.21854,5.8623867,2.8599887
23.5,121.5,2003-12-01,2004-03-31,121,25,18.93142,21.188238,17.538458,82.17118,2.547874,5.9643555,87.80273,73.04837,3.5679467,1.5189878
22.5,121.5,2003-12-01,2004-03-31,121,25,23.1722,24.049604,22.439556,76.92959,5.166972,3.0541992,81.280914,72.39914,6.43547,3.4405215
23.5,120.5,2003-12-01,2004-03-31,121,25,19.58808,23.261265,17.29775,81.55407,1.8720492,2.2314453,91.79287,65.310555,2.9087002,1.1246467
22.5,120.5,2003-12-01,2004-03-31,121,25,22.593996,25.039545,21.102798,77.597404,2.4926798,1.5893555,85.87977,65.4342,3.3852093,1.6700721
22.5,120.5,2003-12-01,2004-04-01,122,25,22.923578,25.17774,21.484835,79.52946,2.5502024,2.8979492,87.02571,68.18946,3.5842502,1.5588677
24.5,121.5,2003-12-01,2004-04-01,122,25,18.082193,20.385128,16.539669,86.35295,2.447746,9.238281,92.68676,77.248566,3.1102123,1.817852
24.5,120.5,2003-12-01,2004-04-01,122,25,21.41774,22.9038,20.383087,81.60933,4.11333,7.138672,88.19776,74.30975,5.58051,2.5742435
22.5,121.5,2003-12-01,2004-04-01,122,25,23.515375,24.301392,22.711533,78.98794,5.0731964,4.6411133,83.191696,74.591545,6.385406,3.634687
23.5,120.5,2003-12-01,2004-04-01,122,25,20.030651,23.303408,17.888277,83.03168,1.7860454,7.4365234,92.68621,69.15238,2.9316473,0.9569195
23.5,121.5,2003-12-01,2004-04-01,122,25,19.386314,21.428207,17.981441,84.48981,2.5701075,8.041992,90.316986,75.78786,3.6988904,1.4814149
23.5,121.5,2003-12-01,2004-04-02,123,25,19.699318,21.694014,18.312004,85.18784,2.8891354,8.186035,89.99,77.01931,4.1258583,1.6339879
23.5,120.5,2003-12-01,2004-04-02,123,25,20.260628,23.604326,17.911135,83.30914,2.0590622,6.5283203,93.14631,68.78903,3.2956567,1.0163314
22.5,121.5,2003-12-01,2004-04-02,123,25,23.80631,24.597143,23.112139,80.11588,5.422614,3.6865234,84.05538,76.06959,7.0959344,3.7107291
22.5,120.5,2003-12-01,2004-04-02,123,25,23.177345,25.458778,21.594599,80.238815,2.4722435,4.663086,88.035965,69.42339,3.2714643,1.5584918
24.5,121.5,2003-12-01,2004-04-02,123,25,18.131878,20.330116,16.38231,87.03067,2.4886348,9.924316,92.53764,78.23558,3.2286234,1.6005812
24.5,120.5,2003-12-01,2004-04-02,123,25,21.46764,22.941055,20.300001,82.59072,4.751415,6.1083984,88.5024,75.06857,6.3645625,2.929499
22.5,121.5,2003-12-01,2004-04-03,124,25,23.431782,24.317402,22.6575,79.10838,5.8206215,3.359375,83.285255,74.57109,7.264046,3.9911187
23.5,121.5,2003-12-01,2004-04-03,124,25,19.410942,21.431313,18.079504,84.41514,3.1035786,6.5820312,89.32649,76.1199,4.129324,1.9964954
22.5,120.5,2003-12-01,2004-04-03,124,25,22.881119,25.21101,21.296293,79.7238,2.5517473,2.7929688,87.20075,68.7227,3.5031252,1.7425396
23.5,120.5,2003-12-01,2004-04-03,124,25,19.970102,23.181997,17.818396,82.77315,2.1166227,3.6572266,91.97095,68.98821,3.2728486,1.2476717
24.5,121.5,2003-12-01,2004-04-03,124,25,17.625786,20.018824,16.022789,85.97914,2.7751458,7.2509766,91.65942,76.559715,3.4766715,1.9804199
24.5,120.5,2003-12-01,2004-04-03,124,25,21.095688,22.602041,19.94729,80.68619,5.4088926,2.446289,87.19166,72.97535,6.89017,3.8348124
23.5,121.5,2003-12-01,2004-04-04,125,25,19.438528,21.623535,18.028263,83.20024,2.7992685,4.20166,89.57278,73.70148,3.9007053,1.6480314
24.5,120.5,2003-12-01,2004-04-04,125,25,21.164484,22.677246,20.040758,79.94181,4.7983403,1.5405273,86.33063,72.29764,6.3680916,3.070474
22.5,120.5,2003-12-01,2004-04-04,125,25,22.795227,24.94918,21.372305,78.96026,2.293362,3.088379,86.73245,67.82923,3.151539,1.4095557
24.5,121.5,2003-12-01,2004-04-04,125,25,17.865305,20.395643,16.133337,84.12413,2.4080381,4.2651367,91.436935,73.71211,3.125949,1.6510032
23.5,120.5,2003-12-01,2004-04-04,125,25,19.802101,23.176739,17.378439,82.1941,1.9696044,2.055664,92.20828,67.47439,3.1275396,1.0042323
22.5,121.5,2003-12-01,2004-04-04,125,25,23.421751,24.193876,22.745323,78.663475,5.658174,3.5205078,83.538635,73.8931,6.9039516,4.1898613
24.5,120.5,2003-12-01,2004-04-05,126,25,21.54582,23.160673,20.424498,79.34031,4.7132077,1.4794922,86.81293,70.98571,6.2729187,3.1885521
24.5,121.5,2003-12-01,2004-04-05,126,25,17.990566,20.57082,16.29134,84.09891,2.3431768,4.3310547,91.36995,72.89703,3.0710006,1.6160178
22.5,121.5,2003-12-01,2004-04-05,126,25,23.541817,24.411797,22.750235,78.30173,5.464822,1.8432617,83.35225,72.886894,6.719944,4.060058
23.5,120.5,2003-12-01,2004-04-05,126,25,20.064394,23.632784,17.513468,81.412575,1.841034,2.1606445,92.997986,65.845955,2.9362338,1.1022222
22.5,120.5,2003-12-01,2004-04-05,126,25,22.931328,25.162651,21.45459,79.105354,2.1760225,1.7358398,87.90372,67.423004,3.2009869,1.307439
23.5,121.5,2003-12-01,2004-04-05,126,25,19.505352,21.745699,17.993761,82.72328,2.6920407,3.5595703,89.20239,72.89937,3.8308136,1.6916933
23.5,120.5,2003-12-01,2004-04-06,127,25,20.08944,23.467949,17.538937,81.64044,1.7136062,2.4658203,91.38008,66.779915,2.8533819,0.993684
23.5,121.5,2003-12-01,2004-04-06,127,25,19.742956,21.975761,18.20025,82.73504,2.3153636,3.2421875,88.95237,72.86611,3.5570078,1.1655627
22.5,121.5,2003-12-01,2004-04-06,127,25,23.850454,24.691713,23.07954,78.32907,4.8459826,1.7724609,83.37143,72.84427,6.199953,3.1694293
24.5,120.5,2003-12-01,2004-04-06,127,25,21.821295,23.455294,20.556475,78.34126,3.813159,2.6367188,85.34797,70.45659,5.3149157,2.0697374
22.5,120.5,2003-12-01,2004-04-06,127,25,23.22231,25.39459,21.72851,78.21027,2.2748802,1.3989258,85.934044,67.06818,3.096828,1.4439679
24.5,121.5,2003-12-01,2004-04-06,127,25,18.3019,20.898653,16.476608,83.48941,1.9485132,4.4848633,90.664276,72.76952,2.6035595,1.2530777
24.5,121.5,2003-12-01,2004-04-07,128,25,18.261663,20.929052,15.9842005,85.04537,2.2146344,7.7368164,92.71386,74.87991,2.8317504,1.5663614
23.5,120.5,2003-12-01,2004-04-07,128,25,20.14012,23.730616,17.249279,82.223145,1.8291687,4.1088867,92.427536,67.05239,2.885162,1.0117342
22.5,121.5,2003-12-01,2004-04-07,128,25,23.95842,24.924849,23.028282,79.30583,4.96363,3.9794922,84.07504,74.1756,6.469823,3.2221575
24.5,120.5,2003-12-01,2004-04-07,128,25,21.507639,23.193506,19.9942,80.26212,4.3776565,5.427246,86.96464,72.54502,5.675084,3.0054321
22.5,120.5,2003-12-01,2004-04-07,128,25,23.356682,25.654282,21.54131,78.92728,2.3788903,2.4853516,87.4912,67.52408,3.3949163,1.5348325
23.5,121.5,2003-12-01,2004-04-07,128,25,19.846447,22.206944,17.987213,83.62126,2.5497816,6.813965,89.77483,74.050835,3.766277,1.526845
24.5,120.5,2003-12-01,2004-04-08,129,25,21.44521,23.033545,20.139341,79.45379,5.0812836,6.0595703,85.37246,71.998505,6.5493627,3.34042
23.5,121.5,2003-12-01,2004-04-08,129,25,19.676247,21.98291,18.103008,82.69388,2.9899533,7.2021484,88.15366,73.15282,4.1576476,2.0258439
22.5,121.5,2003-12-01,2004-04-08,129,25,23.778276,24.690205,23.01872,79.27369,5.8386335,2.8344727,83.85711,74.163025,7.35868,3.9974089
22.5,120.5,2003-12-01,2004-04-08,129,25,23.199331,25.540869,21.519146,78.97984,2.4826918,2.3046875,87.017265,67.40937,3.4016025,1.589245
24.5,121.5,2003-12-01,2004-04-08,129,25,17.926481,20.560644,16.123932,84.44263,2.5798984,9.072266,90.722626,74.16712,3.391465,1.7824662
23.5,120.5,2003-12-01,2004-04-08,129,25,20.069548,23.650557,17.59192,81.89811,2.1453855,5.473633,91.1732,66.64633,3.414967,1.1803216
24.5,121.5,2003-12-01,2004-04-09,130,25,17.651695,20.138466,15.853375,83.671295,2.5467036,8.928223,90.69722,73.32089,3.3044806,1.7138243
23.5,120.5,2003-12-01,2004-04-09,130,25,19.829311,23.044727,17.485933,80.803604,1.9530723,4.453125,90.6989,66.57254,2.9583306,1.112447
22.5,121.5,2003-12-01,2004-04-09,130,25,23.557611,24.546412,22.644669,77.513435,5.773898,2.2753906,82.52253,72.194336,7.461982,3.8891513
24.5,120.5,2003-12-01,2004-04-09,130,25,21.399643,23.057402,20.165617,77.30632,4.9195867,5.439453,84.205246,68.91011,6.2473683,3.3323371
23.5,121.5,2003-12-01,2004-04-09,130,25,19.342007,21.374893,17.876677,82.33748,2.789515,5.9521484,88.292,73.76865,3.9038584,1.558643
22.5,120.5,2003-12-01,2004-04-09,130,25,23.001793,25.358555,21.284966,77.34501,2.389984,1.6845703,85.9353,65.17979,3.2747107,1.5491506
24.5,121.5,2003-12-01,2004-04-10,131,25,17.994858,20.420336,16.204777,83.94838,2.3281777,8.605957,91.581856,73.006035,3.0860353,1.5338194
24.5,120.5,2003-12-01,2004-04-10,131,25,21.8073,23.365366,20.58164,78.608765,4.319439,4.5288086,85.65866,70.827934,5.6851125,2.777319
23.5,120.5,2003-12-01,2004-04-10,131,25,20.036715,23.56518,17.583677,80.74454,1.8180938,3.7841797,91.73616,64.591835,2.8442068,1.0124612
23.5,121.5,2003-12-01,2004-04-10,131,25,19.479214,21.496304,18.15541,82.74519,2.5340285,5.8007812,88.662575,73.28454,3.6504142,1.6281399
22.5,121.5,2003-12-01,2004-04-10,131,25,23.75101,24.588717,22.982876,77.8984,5.136656,2.3754883,82.88605,72.610634,6.4130273,3.7504172
22.5,120.5,2003-12-01,2004-04-10,131,25,23.11062,25.438326,21.582115,77.50342,2.4463062,1.940918,86.627014,64.661446,3.1975715,1.7083023
22.5,121.5,2003-12-01,2004-04-11,132,25,24.140331,24.970425,23.369234,79.384056,5.245052,3.190918,83.861824,74.47672,6.652088,3.576401
24.5,120.5,2003-12-01,2004-04-11,132,25,22.028145,23.704067,20.755621,79.9979,4.0858536,3.569336,87.48612,71.47873,5.4175673,2.5305746
23.5,120.5,2003-12-01,2004-04-11,132,25,20.308418,23.85125,17.771599,82.28661,1.7737602,4.5581055,93.2322,66.58716,2.7889817,1.0137048
24.5,121.5,2003-12-01,2004-04-11,132,25,18.598476,21.137213,16.87926,84.58962,2.2296145,7.404785,92.172424,72.99143,2.9405532,1.4625286
22.5,120.5,2003-12-01,2004-04-11,132,25,23.473536,25.809467,21.860596,78.87053,2.4603493,4.5629883,87.41845,66.44194,3.3654819,1.6120806
23.5,121.5,2003-12-01,2004-04-11,132,25,20.009531,22.2184,18.519176,83.28604,2.5359986,6.5649414,89.66888,73.36167,3.698103,1.2506638
24.5,121.5,2003-12-01,2004-04-12,133,25,19.132309,21.753834,17.125187,86.04483,2.116596,7.3095703,93.10553,74.76167,2.7200446,1.4761811
22.5,120.5,2003-12-01,2004-04-12,133,25,24.028833,26.530943,22.351553,80.21588,2.4407287,2.9516602,89.508064,67.43895,3.541465,1.342506
23.5,121.5,2003-12-01,2004-04-12,133,25,20.507915,22.789457,18.924816,85.41648,2.4530013,6.0180664,91.86547,75.127914,3.5741384,1.4479887
22.5,121.5,2003-12-01,2004-04-12,133,25,24.688248,25.689312,23.806059,81.22954,5.184763,3.7060547,86.6731,75.25747,6.5357203,3.538762
24.5,120.5,2003-12-01,2004-04-12,133,25,22.33723,23.974863,21.041265,82.10614,3.7531934,4.4873047,89.13292,74.260994,5.3402967,2.2305295
23.5,120.5,2003-12-01,2004-04-12,133,25,20.922094,24.600004,18.413454,83.42829,1.710872,3.5644531,93.378525,68.032776,2.7582183,0.8999708
23.5,120.5,2003-12-01,2004-04-13,134,25,21.168018,24.827534,18.471315,82.07446,2.079565,3.227539,92.393875,67.296616,3.2979963,1.0996133
24.5,120.5,2003-12-01,2004-04-13,134,25,22.600088,24.29588,21.268686,80.4197,4.8827868,4.2163086,87.11813,72.07271,6.306847,3.087921
22.5,121.5,2003-12-01,2004-04-13,134,25,24.545107,25.477417,23.779697,81.560326,5.712952,2.0141602,85.94859,76.94629,7.0120416,3.9851065
23.5,121.5,2003-12-01,2004-04-13,134,25,20.597471,22.838316,19.07418,84.80012,2.813709,3.6816406,90.67558,75.20835,4.041417,1.4518263
24.5,121.5,2003-12-01,2004-04-13,134,25,19.133213,21.77191,17.217707,84.79544,2.4528646,6.1376953,92.09343,73.18792,3.1659133,1.6712945
22.5,120.5,2003-12-01,2004-04-13,134,25,24.03208,26.458784,22.31732,79.997025,2.6494162,2.0385742,88.37342,68.656624,3.6287525,1.5840673
24.5,121.5,2003-12-01,2004-04-14,135,25,19.188004,21.857573,17.228474,84.35509,2.3011568,5.2685547,91.89635,73.38819,3.0029318,1.5697522
22.5,120.5,2003-12-01,2004-04-14,135,25,24.035015,26.53024,22.291025,79.23864,2.5566301,2.0825195,87.82297,67.24797,3.5445466,1.4335432
23.5,121.5,2003-12-01,2004-04-14,135,25,20.655561,22.948051,19.051704,84.04915,2.6035998,4.7998047,90.27575,74.64963,3.7370026,1.3762457
22.5,121.5,2003-12-01,2004-04-14,135,25,24.566128,25.705976,23.580967,80.79401,5.2547626,2.9956055,85.780136,75.44286,6.899044,3.4906716
23.5,120.5,2003-12-01,2004-04-14,135,25,21.118414,24.661802,18.516823,81.91634,1.7994722,3.2519531,92.24693,67.14257,2.9566293,0.90531695
24.5,120.5,2003-12-01,2004-04-14,135,25,22.57771,24.205698,21.26369,80.40729,4.251045,5.036621,88.01614,72.734695,5.753512,2.5150168
24.5,121.5,2003-12-01,2004-04-15,136,25,19.063017,21.485825,17.202839,85.66449,1.9966205,9.11377,93.14885,75.737785,2.6546586,1.31392
23.5,120.5,2003-12-01,2004-04-15,136,25,21.037529,24.241333,18.507238,82.93339,1.7218788,5.7470703,93.282005,69.667564,2.7349787,0.9550429
24.5,120.5,2003-12-01,2004-04-15,136,25,22.40292,23.94233,21.126333,80.69917,3.957066,6.5185547,87.69556,72.73189,5.3590307,2.385692
22.5,120.5,2003-12-01,2004-04-15,136,25,24.063683,26.32024,22.36715,79.6497,2.2986732,3.059082,88.437355,68.63958,3.3803747,1.2849194
22.5,121.5,2003-12-01,2004-04-15,136,25,24.646357,25.629038,23.713682,80.31745,4.6454268,2.6098633,85.10956,75.509445,6.4594936,2.6146162
23.5,121.5,2003-12-01,2004-04-15,136,25,20.597296,22.742817,19.049288,84.64944,2.2789924,7.314453,90.32712,76.26905,3.3433118,1.3080062
22.5,120.5,2003-12-01,2004-04-16,137,25,24.310127,26.743023,22.681894,79.92824,2.217204,2.2363281,88.71136,68.173805,3.113479,1.3942288
22.5,121.5,2003-12-01,2004-04-16,137,25,24.70665,25.58046,23.945929,81.489235,5.2582526,2.3461914,85.83378,76.62996,6.583877,3.460178
23.5,120.5,2003-12-01,2004-04-16,137,25,21.344482,24.703178,18.844742,82.46329,1.9276036,4.572754,92.51437,68.71896,2.9576244,1.2500739
23.5,121.5,2003-12-01,2004-04-16,137,25,20.744501,22.856382,19.27486,85.03389,2.5970914,5.7128906,90.7004,76.06855,3.6445901,1.5084883
24.5,121.5,2003-12-01,2004-04-16,137,25,19.318409,21.723257,17.742857,86.25461,2.27864,8.076172,92.958664,76.23049,3.0189905,1.5247977
24.5,120.5,2003-12-01,2004-04-16,137,25,22.761768,24.3356,21.694054,80.719604,4.4672995,5.703125,87.68765,71.96641,5.5568476,2.9809675
24.5,121.5,2003-12-01,2004-04-17,138,25,19.451986,21.72977,17.748215,86.65481,2.246901,10.561523,92.85973,77.61734,2.939235,1.494413
23.5,120.5,2003-12-01,2004-04-17,138,25,21.359915,24.537188,18.968176,84.22925,1.8494986,8.303223,93.23494,70.67438,2.9741383,0.9734514
24.5,120.5,2003-12-01,2004-04-17,138,25,22.870794,24.366982,21.677588,81.66592,4.262489,9.128418,87.94642,74.35588,6.048846,2.416813
22.5,120.5,2003-12-01,2004-04-17,138,25,24.318098,26.66047,22.695673,80.714874,2.4785616,5.637207,88.68767,69.400406,3.571837,1.4515156
22.5,121.5,2003-12-01,2004-04-17,138,25,24.853859,25.736029,24.055239,81.236984,5.3438344,2.680664,85.94947,76.45175,6.8156195,3.818624
23.5,121.5,2003-12-01,2004-04-17,138,25,20.870813,22.921942,19.355474,85.45235,2.6346107,6.9628906,91.077354,77.2335,3.8617282,1.3468242
22.5,121.5,2003-12-01,2004-04-18,139,25,24.662481,25.813772,23.695688,82.00406,5.4790316,5.817871,86.843575,76.91603,7.0313506,3.426921
22.5,120.5,2003-12-01,2004-04-18,139,25,24.231972,26.53847,22.513403,81.17527,2.7406256,7.0581055,89.392845,70.20857,3.7321033,1.734798
24.5,121.5,2003-12-01,2004-04-18,139,25,19.01129,21.491877,17.078773,86.57617,2.6738224,10.471191,92.89968,77.272545,3.4032612,1.7866523
23.5,120.5,2003-12-01,2004-04-18,139,25,21.374903,24.477816,18.996937,83.940056,2.0216951,8.303223,92.74917,70.621994,3.1666195,1.1298778
24.5,120.5,2003-12-01,2004-04-18,139,25,22.575722,24.256384,21.309116,81.341,5.3387685,7.9541016,87.62243,73.92626,6.8157063,3.571192
23.5,121.5,2003-12-01,2004-04-18,139,25,20.804531,22.909504,19.187464,85.265274,2.9850407,8.515625,90.74174,76.315704,4.075779,1.6953238
23.5,121.5,2003-12-01,2004-04-19,140,25,20.25004,22.047691,18.901144,84.59023,3.394039,6.496582,89.36741,76.91242,4.4642634,2.3785155
24.5,120.5,2003-12-01,2004-04-19,140,25,22.373808,23.91642,21.185097,78.46974,5.5544677,4.536133,85.49663,70.9175,7.006091,3.7586718
23.5,120.5,2003-12-01,2004-04-19,140,25,21.02422,23.9529,18.676012,82.14693,2.057557,4.9804688,92.07973,68.774826,3.2003841,1.172416
22.5,121.5,2003-12-01,2004-04-19,140,25,24.203009,25.013174,23.454824,80.149826,6.442919,4.39209,83.95577,75.82634,7.8434944,4.8865504
22.5,120.5,2003-12-01,2004-04-19,140,25,23.804472,25.823837,22.277027,79.91955,2.5715072,4.604492,87.00562,69.61586,3.5540063,1.6156721
24.5,121.5,2003-12-01,2004-04-19,140,25,18.522852,20.71978,16.869982,85.29785,2.8211465,7.5561523,91.739265,75.75295,3.597592,1.9926431
22.5,121.5,2003-12-01,2004-04-20,141,25,24.213694,25.115582,23.458755,78.22488,5.271304,3.2885742,82.72755,73.17698,6.8043256,3.6494431
23.5,121.5,2003-12-01,2004-04-20,141,25,20.002443,21.880322,18.634161,83.29501,2.6146753,7.607422,88.78251,75.55316,3.5572138,1.6544261
24.5,121.5,2003-12-01,2004-04-20,141,25,18.448128,20.645845,16.882624,85.20589,2.405828,9.189453,91.76956,75.985016,2.977123,1.8526962
24.5,120.5,2003-12-01,2004-04-20,141,25,22.228304,23.566368,21.172285,79.21192,4.377835,6.381836,86.27088,71.28592,5.7228765,2.9979272
23.5,120.5,2003-12-01,2004-04-20,141,25,20.76094,23.830072,18.516516,82.15403,1.834602,7.6293945,91.70264,68.795456,2.8883948,1.0299885
22.5,120.5,2003-12-01,2004-04-20,141,25,23.72092,25.892616,22.229048,78.7584,2.5618942,4.5532227,86.618416,68.25339,3.4244363,1.6260005
24.5,120.5,2003-12-01,2004-04-21,142,25,22.750889,24.16709,21.630888,80.13378,3.934394,6.3842773,86.78318,72.632576,5.2466865,2.440043
23.5,121.5,2003-12-01,2004-04-21,142,25,20.591612,22.387222,19.257336,84.6763,2.324031,7.595215,90.24867,76.790306,3.324335,1.366108
23.5,120.5,2003-12-01,2004-04-21,142,25,21.223135,24.232779,18.916203,82.739716,1.759802,5.5615234,92.9226,69.62335,2.8097396,0.9992637
24.5,121.5,2003-12-01,2004-04-21,142,25,19.103273,21.276207,17.509558,85.8446,2.0790987,10.083008,92.67216,76.09158,2.7584448,1.3328214
22.5,121.5,2003-12-01,2004-04-21,142,25,24.664307,25.436607,23.903315,79.844,5.0409026,3.8842773,83.8216,75.61249,6.2699013,3.6295424
22.5,120.5,2003-12-01,2004-04-21,142,25,24.152569,26.281519,22.707188,79.0404,2.4927087,3.1274414,87.07473,68.15729,3.5226104,1.5445087
22.5,120.5,2003-12-01,2004-04-22,143,25,24.667515,26.789219,23.185074,80.40466,2.065605,4.133301,88.79004,70.126236,3.0372126,1.2386674
22.5,121.5,2003-12-01,2004-04-22,143,25,25.120054,25.980738,24.303154,81.644485,4.9243455,4.0844727,86.81607,77.00395,6.5420055,3.2328587
23.5,120.5,2003-12-01,2004-04-22,143,25,21.654037,24.630703,19.294567,83.69243,1.7623521,6.2524414,93.658104,70.17215,2.8041353,1.0766622
24.5,121.5,2003-12-01,2004-04-22,143,25,19.744118,22.104502,17.882711,86.303925,2.1032405,7.956543,93.10454,76.33581,2.8887408,1.3995345
24.5,120.5,2003-12-01,2004-04-22,143,25,23.17187,24.5354,21.956724,81.53842,4.4499884,6.6308594,88.58908,74.28949,5.7179675,3.298374
23.5,121.5,2003-12-01,2004-04-22,143,25,21.183043,23.0175,19.82841,85.67678,2.4780114,8.518066,91.47137,77.433685,3.5468588,1.389849
22.5,121.5,2003-12-01,2004-04-23,144,25,25.055553,25.904491,24.293877,81.70964,5.8015857,3.6108398,85.67732,77.20174,7.0739136,4.3654037
24.5,120.5,2003-12-01,2004-04-23,144,25,23.296179,24.768345,22.136421,81.287224,4.828183,4.7924805,87.10081,74.08761,6.1348,3.4663174
23.5,120.5,2003-12-01,2004-04-23,144,25,21.84446,24.860767,19.480875,83.526115,1.7824608,3.5986328,92.97596,70.29086,2.8353052,1.0238986
22.5,120.5,2003-12-01,2004-04-23,144,25,24.638348,26.779966,22.997847,80.716385,2.242581,2.7563477,88.26953,70.34846,3.1565049,1.4395528
24.5,121.5,2003-12-01,2004-04-23,144,25,19.676023,21.922094,17.943111,86.06473,2.3532124,6.6918945,92.4767,77.01635,3.134611,1.5759627
23.5,121.5,2003-12-01,2004-04-23,144,25,21.173836,23.048111,19.734362,85.16916,2.7894287,6.6796875,90.5318,76.95804,3.8967745,1.6499469
23.5,120.5,2003-12-01,2004-04-24,145,25,21.756342,24.767372,19.34423,83.616035,1.767724,8.798828,93.561325,70.64674,2.9883053,0.9194568
22.5,120.5,2003-12-01,2004-04-24,145,25,24.548862,26.715836,22.853516,79.814514,2.3226633,3.28125,87.78074,69.202835,3.2485855,1.3581631
22.5,121.5,2003-12-01,2004-04-24,145,25,24.889214,25.83236,24.079868,80.608116,5.450393,3.0541992,84.75136,76.00936,6.7657566,3.8286126
23.5,121.5,2003-12-01,2004-04-24,145,25,20.861303,22.861616,19.37605,84.96651,2.712698,7.133789,90.1165,77.15434,3.8055274,1.6700463
24.5,121.5,2003-12-01,2004-04-24,145,25,19.374624,21.734535,17.40922,85.84719,2.396666,10.935059,92.11084,76.74748,3.1081164,1.5550351
24.5,120.5,2003-12-01,2004-04-24,145,25,23.119995,24.615948,21.78247,81.175446,4.6003966,8.557129,87.429596,74.16973,6.1577415,2.6997
23.5,121.5,2003-12-01,2004-04-25,146,25,20.44361,22.276997,19.01251,83.19327,2.9149673,6.1621094,88.48496,76.25668,3.8932564,1.7303468
22.5,121.5,2003-12-01,2004-04-25,146,25,24.410366,25.335054,23.587315,78.87363,6.134538,2.5024414,83.42971,74.002106,7.731465,4.3652463
22.5,120.5,2003-12-01,2004-04-25,146,25,24.261147,26.530489,22.617851,78.29581,2.4720197,3.2055664,85.72807,68.225296,3.2986813,1.6711125
24.5,120.5,2003-12-01,2004-04-25,146,25,22.587397,24.01026,21.363043,79.791916,4.8903723,5.92041,86.99766,71.85415,6.433157,3.2099109
23.5,120.5,2003-12-01,2004-04-25,146,25,21.369623,24.19291,19.317038,83.19189,1.8488617,6.4526367,92.263275,71.35794,3.030173,0.8882443
24.5,121.5,2003-12-01,2004-04-25,146,25,18.588219,20.71419,16.981607,85.21872,2.5784469,8.041992,91.74542,76.84632,3.2860491,1.8218405
22.5,121.5,2003-12-01,2004-04-26,147,25,24.565098,25.307652,23.93627,78.07431,5.3638067,5.0097656,81.67243,74.045616,6.7202387,4.037909
23.5,121.5,2003-12-01,2004-04-26,147,25,20.512636,22.164019,19.374096,83.39143,2.4298449,6.0839844,88.283455,76.16594,3.407975,1.4600234
24.5,120.5,2003-12-01,2004-04-26,147,25,23.0717,24.315796,22.113585,80.644,4.1224093,2.211914,86.6048,73.774254,5.632939,2.4912348
23.5,120.5,2003-12-01,2004-04-26,147,25,21.312012,23.914501,19.280176,83.668564,1.6169252,4.321289,93.0912,71.66967,2.4999743,0.92577636
24.5,121.5,2003-12-01,2004-04-26,147,25,19.17545,21.029112,17.897633,85.38924,2.3232536,6.6015625,91.443954,77.49443,3.0624473,1.6912357
22.5,120.5,2003-12-01,2004-04-26,147,25,24.250626,26.352627,22.788965,77.770134,2.4432387,3.383789,86.131035,67.04197,3.3519387,1.5373095
22.5,120.5,2003-12-01,2004-04-27,148,25,24.747934,26.937485,23.27875,78.88732,2.313761,2.3510742,87.08799,67.95173,3.297226,1.4549938
24.5,121.5,2003-12-01,2004-04-27,148,25,20.24067,22.541582,18.655392,85.067795,2.078813,7.0166016,92.02536,75.24691,2.76692,1.3937095
24.5,120.5,2003-12-01,2004-04-27,148,25,23.62475,25.018955,22.534462,81.06479,3.579236,4.123535,87.6335,74.06614,5.0855927,2.0729995
23.5,120.5,2003-12-01,2004-04-27,148,25,21.908482,24.886469,19.701447,83.04171,1.6414113,4.3554688,92.609375,69.75685,2.7501361,0.90327126
23.5,121.5,2003-12-01,2004-04-27,148,25,21.32813,23.302876,20.029573,83.8974,2.247194,4.4140625,89.34899,75.618996,3.3727775,1.0778499
22.5,121.5,2003-12-01,2004-04-27,148,25,25.213228,25.98265,24.519331,79.025116,4.6338425,1.8457031,83.59688,74.4594,5.8217072,3.1431837
24.5,121.5,2003-12-01,2004-04-28,149,25,20.416763,22.845512,18.446413,85.734665,1.985367,9.80957,93.158936,75.61136,2.6992254,1.1702753
22.5,120.5,2003-12-01,2004-04-28,149,25,25.015844,27.384638,23.302217,80.210915,2.4923677,6.5844727,88.90308,68.22071,3.4820228,1.5514598
23.5,120.5,2003-12-01,2004-04-28,149,25,22.161587,25.256826,19.664976,83.97383,1.675966,10.100098,93.96945,70.52556,2.8544278,0.8225224
24.5,120.5,2003-12-01,2004-04-28,149,25,23.85483,25.39456,22.5393,82.26993,3.4617834,9.39209,89.749535,74.71681,4.9609575,2.0574408
22.5,121.5,2003-12-01,2004-04-28,149,25,25.485943,26.53567,24.564268,80.56188,4.6822243,2.2827148,85.65587,74.8501,5.894073,3.5575132
23.5,121.5,2003-12-01,2004-04-28,149,25,21.628872,23.696709,20.002966,84.53752,2.1357505,5.715332,90.493416,76.39555,3.286341,1.1066175
22.5,120.5,2003-12-01,2004-04-29,150,25,24.942732,27.1265,23.264542,80.444016,2.3366773,2.9589844,89.09947,69.803825,3.1965668,1.4676787
22.5,121.5,2003-12-01,2004-04-29,150,25,25.25992,26.202408,24.367447,80.81657,4.581953,4.0063477,85.65106,76.02176,6.1570296,3.031953
23.5,120.5,2003-12-01,2004-04-29,150,25,22.180252,25.32249,19.579386,83.22625,1.6255217,4.5214844,93.6213,69.47159,2.6743405,0.9241413
24.5,120.5,2003-12-01,2004-04-29,150,25,23.65781,25.248203,22.247705,81.32725,4.0476494,4.650879,89.1048,73.65039,5.582613,2.397792
24.5,121.5,2003-12-01,2004-04-29,150,25,20.106735,22.564907,18.249933,85.388,2.2580385,7.5805664,92.69298,75.184555,3.00067,1.5442168
23.5,121.5,2003-12-01,2004-04-29,150,25,21.437733,23.413828,19.933405,84.82086,2.4841356,6.279297,90.582344,76.65107,3.6489258,1.4632062
24.5,120.5,2003-12-01,2004-04-30,151,25,23.687685,25.080717,22.585024,80.98372,3.8496227,7.0703125,86.917274,73.4228,5.5317173,1.9485186
24.5,121.5,2003-12-01,2004-04-30,151,25,20.0379,22.20352,18.392101,86.239716,1.8765945,11.101074,93.044754,76.83275,2.6955936,1.1088089
22.5,120.5,2003-12-01,2004-04-30,151,25,24.835478,26.760826,23.441162,80.26262,2.128392,3.8964844,87.571526,70.8019,3.0671046,1.3431836
22.5,121.5,2003-12-01,2004-04-30,151,25,25.165167,25.919775,24.533754,80.84221,4.7835646,3.9038086,85.09822,76.44673,6.162882,3.1243315
23.5,120.5,2003-12-01,2004-04-30,151,25,22.03417,24.992622,19.649958,83.17355,1.6395265,7.705078,92.88148,69.93404,2.6838684,0.8374516
23.5,121.5,2003-12-01,2004-04-30,151,25,21.353056,23.190786,19.984625,85.12667,2.3122137,7.380371,90.75757,77.35394,3.5968792,1.1952567
