latitude,longitude,init_date,valid_date,lead_day,ens_n,t2m_C,t2m_C_max,t2m_C_min,rh_pct,wind_mps,tp_mm_mean,rh_pct_max,rh_pct_min,wind_mps_max,wind_mps_min
22.0,120.0,2025-10-01,2025-10-01,0,51,27.477444,28.655493,26.33978,84.355736,3.590589,0.0,89.827614,77.62459,4.497967,2.6844752
22.0,120.0,2025-10-01,2025-10-02,1,51,27.339127,28.883253,26.25252,83.41834,3.604424,0.5165339,88.098404,74.55709,4.4796515,2.4663434
22.0,120.0,2025-10-01,2025-10-03,2,51,27.249372,28.492523,26.471401,84.24912,5.7604275,3.4011347,88.79566,77.506584,7.9608116,4.251482
22.0,120.0,2025-10-01,2025-10-04,3,51,27.271162,28.425058,26.355555,86.29482,5.8800864,4.43505,90.13203,80.82133,7.5621824,4.5921283
22.0,120.0,2025-10-01,2025-10-05,4,51,27.481604,28.808502,26.534235,84.73434,2.6111581,1.2013974,89.191055,77.44891,4.1479735,1.6442846
22.0,120.0,2025-10-01,2025-10-06,5,51,27.543747,28.815851,26.608805,84.367325,2.510094,1.1699387,88.44134,77.33538,3.048697,1.9833843
22.0,120.0,2025-10-01,2025-10-07,6,51,27.464,28.704,26.52538,83.473785,2.7392704,1.4795662,87.68799,76.43188,3.4632463,2.0338738
22.0,120.0,2025-10-01,2025-10-08,7,51,27.425625,28.587133,26.53312,82.7373,3.6012836,2.1744037,87.51117,76.044586,4.6591015,2.6213708
22.0,120.0,2025-10-01,2025-10-09,8,51,27.267181,28.299576,26.560747,83.7588,4.5142274,3.4136999,87.4549,78.00038,5.506087,3.5652442
22.0,120.0,2025-10-01,2025-10-10,9,51,27.264297,28.357561,26.41041,84.107155,4.363064,3.6350956,88.265976,78.059166,5.3853927,3.53154
22.0,120.0,2025-10-01,2025-10-11,10,51,27.239523,28.29743,26.460186,83.95343,3.7366896,3.5214689,87.745544,77.990654,4.75132,2.9028437
22.0,120.0,2025-10-01,2025-10-12,11,51,27.159277,28.16919,26.365288,83.53375,3.8598232,5.362222,87.17196,78.00733,4.774914,2.9909236
22.0,120.0,2025-10-01,2025-10-13,12,51,26.970245,27.917305,26.256754,83.81587,4.306903,7.7752466,87.19154,78.805275,5.2334504,3.384502
22.0,120.0,2025-10-01,2025-10-14,13,51,26.91231,27.87904,26.224848,83.86175,4.7855306,7.4744654,87.10757,78.87592,5.64352,4.001267
22.0,120.0,2025-10-01,2025-10-15,14,51,26.87313,27.888027,26.127163,83.66928,4.881263,6.471776,86.97663,78.41168,5.746859,4.1229243
22.0,120.0,2025-10-01,2025-10-16,15,51,26.863592,27.912497,26.117537,83.140785,4.7046394,6.141435,86.60247,77.608,5.5513096,3.933219
22.0,120.0,2025-10-01,2025-10-17,16,51,26.848001,27.892612,26.125933,82.48617,4.6242905,4.4500446,85.70005,77.05888,5.4837303,3.8615396
22.0,120.0,2025-10-01,2025-10-18,17,51,26.873688,27.99954,26.097773,81.46979,4.5699983,4.1208467,85.322876,75.4814,5.3217745,3.7985358
22.0,120.0,2025-10-01,2025-10-19,18,51,26.737425,27.719791,25.972843,80.9626,4.6507926,3.6930945,84.784225,75.59491,5.412009,3.924197
22.0,120.0,2025-10-01,2025-10-20,19,51,26.651583,27.71772,25.91182,80.381584,4.8059444,4.333744,84.030624,74.89457,5.5243444,4.053521
22.0,120.0,2025-10-01,2025-10-21,20,51,26.51046,27.485584,25.809633,80.44933,4.9640484,3.9649396,84.113205,75.22463,5.6718707,4.2740207
22.0,120.0,2025-10-01,2025-10-22,21,51,26.408615,27.385504,25.698687,80.631454,4.9469147,3.6599712,84.1983,75.28374,5.7285585,4.2354236
22.0,120.0,2025-10-01,2025-10-23,22,51,26.328245,27.264591,25.674212,80.778534,4.8013854,6.697287,84.399796,75.40126,5.4943233,4.111108
22.0,120.0,2025-10-01,2025-10-24,23,51,26.43102,27.407705,25.714014,80.94182,4.7322454,6.668023,84.91973,75.24692,5.4693384,3.9905033
22.0,120.0,2025-10-01,2025-10-25,24,51,26.385864,27.441961,25.622087,81.02129,4.8327417,4.570224,84.56299,75.26082,5.618237,3.980558
22.0,120.0,2025-10-01,2025-10-26,25,51,26.239893,27.22411,25.478909,79.96581,4.775604,4.153187,83.7477,74.522896,5.53698,4.0095778
22.0,120.0,2025-10-01,2025-10-27,26,51,26.068012,26.992197,25.38461,79.53456,4.765501,4.96138,82.96048,74.59519,5.5708222,4.077228
22.0,120.0,2025-10-01,2025-10-28,27,51,26.025867,26.996445,25.328518,78.93035,5.011778,2.7717848,82.35895,74.0556,5.7931433,4.2871275
22.0,120.0,2025-10-01,2025-10-29,28,51,25.987923,27.022346,25.228432,78.25581,5.1460996,2.4169595,82.63353,72.45985,5.8605843,4.494268
22.0,120.0,2025-10-01,2025-10-30,29,51,25.979483,27.008373,25.27419,78.907745,4.912777,2.5201302,82.80049,73.15267,5.7645407,4.153273
22.0,120.0,2025-10-01,2025-10-31,30,51,25.995005,27.084301,25.245672,79.41437,5.0236483,2.6511004,83.642815,73.29554,5.7484407,4.2639356
22.0,120.0,2025-10-01,2025-11-01,31,51,25.809258,26.855062,25.042591,79.856155,5.2078443,3.1712787,83.48891,74.21627,6.0105114,4.4697027
22.0,120.0,2025-10-01,2025-11-02,32,51,25.655634,26.62637,24.913834,79.19381,5.51051,3.3551588,83.049835,73.67703,6.29037,4.75986
22.0,120.0,2025-10-01,2025-11-03,33,51,25.498028,26.507519,24.789148,78.57322,5.5594325,3.7790456,82.13698,73.27921,6.3777113,4.824611
22.0,120.0,2025-10-01,2025-11-04,34,51,25.610142,26.693094,24.878946,78.76564,5.3746386,3.7469914,83.26104,72.51069,6.134646,4.632055
22.0,120.0,2025-10-01,2025-11-05,35,51,25.6119,26.670877,24.872663,79.281456,5.7676125,5.7292285,83.54871,73.470146,6.623883,4.931059
22.0,120.0,2025-10-01,2025-11-06,36,51,25.426287,26.434883,24.673216,79.081665,5.6263213,4.903756,82.70922,73.85368,6.5645733,4.817248
22.0,120.0,2025-10-01,2025-11-07,37,51,25.25985,26.243847,24.563917,78.6171,5.387069,2.7977486,82.37589,73.03465,6.181995,4.7056518
22.0,120.0,2025-10-01,2025-11-08,38,51,25.226963,26.303589,24.44977,78.44784,5.4074454,3.1003044,82.63761,72.592674,6.166388,4.5913286
22.0,120.0,2025-10-01,2025-11-09,39,51,25.087318,26.076378,24.29358,78.74349,5.7963347,3.9898021,82.66383,73.71408,6.5344033,4.997799
22.0,120.0,2025-10-01,2025-11-10,40,51,24.833906,25.82663,24.110823,77.7301,5.898588,4.4528723,81.73668,72.34815,6.777083,5.0935416
22.0,120.0,2025-10-01,2025-11-11,41,51,24.753426,25.72797,24.006111,77.45402,5.601416,5.3828993,81.48568,71.93973,6.424901,4.7741904
22.0,120.0,2025-10-01,2025-11-12,42,51,24.738844,25.760736,23.991137,77.6047,5.8090343,4.290173,81.52833,71.84653,6.697035,4.9958305
22.0,120.0,2025-10-01,2025-11-13,43,51,24.576273,25.60295,23.804024,77.904495,6.0892386,3.0575593,82.1043,72.33318,6.818908,5.2643476
22.0,120.0,2025-10-01,2025-11-14,44,51,24.481775,25.494055,23.75726,78.01121,5.7821255,3.5263374,81.97059,72.46544,6.4769235,5.049343
22.0,120.0,2025-10-01,2025-11-15,45,51,24.464579,25.477625,23.726202,77.83548,5.9666376,2.8257074,82.22703,72.11146,6.7485766,5.1906114
22.0,120.0,2025-10-01,2025-11-16,46,51,24.497736,25.562725,23.77355,77.6806,5.844454,2.8546774,82.083496,71.47884,6.6778455,5.102676
22.0,120.0,2025-10-01,2025-11-17,47,51,24.516216,25.657772,23.718803,78.20975,5.8214936,2.884993,82.63965,72.133575,6.682564,4.971554
22.0,120.0,2025-10-01,2025-11-18,48,51,24.336435,25.383205,23.547247,78.16747,5.701923,3.8416874,82.51227,72.11701,6.5925198,4.811394
22.0,120.0,2025-10-01,2025-11-19,49,51,24.072191,25.184597,23.238832,78.360985,5.6260214,2.8397217,82.538574,72.454544,6.5220056,4.7512045
22.0,120.0,2025-10-01,2025-11-20,50,51,23.86351,24.830944,23.125034,77.342575,5.6876874,2.4379323,81.30728,72.22381,6.56461,4.940684
22.0,120.0,2025-10-01,2025-11-21,51,51,23.750233,24.785908,22.997793,76.48593,5.9197903,4.056441,80.759476,70.69131,6.7603803,5.123345
22.0,120.0,2025-10-01,2025-11-22,52,51,23.613749,24.66166,22.886997,76.63012,6.066739,3.0951447,80.738846,71.11537,6.8721504,5.207087
22.0,120.0,2025-10-01,2025-11-23,53,51,23.475924,24.507832,22.67409,76.70881,6.299132,2.8655546,80.75502,71.1029,7.153142,5.523172
22.0,120.0,2025-10-01,2025-11-24,54,51,23.420303,24.427505,22.693071,76.6955,6.1163588,2.542511,80.7682,70.95478,6.922434,5.3391004
22.0,120.0,2025-10-01,2025-11-25,55,51,23.431904,24.49979,22.669088,76.58656,5.891371,2.9137774,81.34307,70.42808,6.700198,5.073996
22.0,120.0,2025-10-01,2025-11-26,56,51,23.202774,24.192545,22.493443,77.27428,6.0079746,3.8121781,81.38968,72.06843,6.768918,5.2267494
22.0,120.0,2025-10-01,2025-11-27,57,51,23.146925,24.173967,22.367086,76.40851,5.968593,1.6850506,80.612404,70.60846,6.771867,5.1856804
22.0,120.0,2025-10-01,2025-11-28,58,51,23.28501,24.410898,22.480282,75.757515,5.933202,1.2789606,80.04221,69.68996,6.809131,5.1392064
22.0,120.0,2025-10-01,2025-11-29,59,51,23.140287,24.176996,22.390299,76.23933,5.9497,2.5474446,80.53937,70.353485,6.7692385,5.253622
22.0,120.0,2025-10-01,2025-11-30,60,51,23.01376,23.99035,22.291265,76.64458,5.915193,2.8365521,80.95875,70.79371,6.6658792,5.1692863
22.0,120.0,2025-10-01,2025-12-01,61,51,22.869698,23.847954,22.150871,77.06172,5.967088,2.4664102,81.301,71.588066,6.7395153,5.284592
22.0,120.0,2025-10-01,2025-12-02,62,51,22.810356,23.825449,22.085825,76.03861,6.068361,1.4932597,80.081604,70.498344,6.748435,5.382629
22.0,120.0,2025-10-01,2025-12-03,63,51,22.875668,23.996593,22.079493,74.98403,6.0388823,1.7228589,79.50816,68.8203,6.8786592,5.310369
22.0,120.0,2025-10-01,2025-12-04,64,51,22.581474,23.76215,21.718565,76.17083,5.949881,3.489562,80.801346,69.73964,6.7971153,5.1484375
22.0,120.0,2025-10-01,2025-12-05,65,51,22.49456,23.545261,21.694565,76.37481,5.7867646,1.8900905,80.530655,70.39458,6.6100483,4.976806
22.0,120.0,2025-10-01,2025-12-06,66,51,22.44611,23.497435,21.665014,76.33168,5.947656,2.5901005,80.5635,70.79706,6.7346005,5.1151237
22.0,120.0,2025-10-01,2025-12-07,67,51,22.272247,23.331696,21.495857,75.63395,6.1584435,2.0423834,79.919716,69.913635,6.931747,5.3334813
22.0,120.0,2025-10-01,2025-12-08,68,51,22.177954,23.208937,21.414558,75.55284,6.0988045,1.6786195,79.395805,69.72332,6.94482,5.2909913
22.0,120.0,2025-10-01,2025-12-09,69,51,22.317764,23.42813,21.468054,75.70033,5.9506106,1.5851883,80.42841,69.65437,6.8447766,5.104609
22.0,120.0,2025-10-01,2025-12-10,70,51,22.039604,23.183393,21.199762,75.96547,6.2042527,2.0420647,80.633446,69.609886,7.1243916,5.3092713
22.0,120.0,2025-10-01,2025-12-11,71,51,21.835821,22.89348,21.022097,75.53321,6.0843043,2.801289,79.65128,69.83287,6.858602,5.4029737
22.0,120.0,2025-10-01,2025-12-12,72,51,21.782104,22.802925,20.94814,75.17292,6.057921,2.1075146,79.12972,69.69996,6.9369774,5.2585855
22.0,120.0,2025-10-01,2025-12-13,73,51,21.805391,22.856634,21.016085,74.78745,5.982793,2.5351114,79.39555,68.371315,6.7587194,5.238534
22.0,120.0,2025-10-01,2025-12-14,74,51,21.858124,22.893824,21.104458,75.75095,6.017076,2.6668963,80.07286,69.710045,6.816678,5.246965
22.0,120.0,2025-10-01,2025-12-15,75,51,21.710066,22.708649,20.917051,75.62195,6.085118,3.5696526,79.901436,70.061,6.954175,5.205736
22.0,120.0,2025-10-01,2025-12-16,76,51,21.446686,22.580822,20.609404,74.90733,6.3349867,2.2354393,79.31784,68.464195,7.1138163,5.6533523
22.0,120.0,2025-10-01,2025-12-17,77,51,21.624327,22.73651,20.784342,74.635056,6.209967,1.0724679,79.349266,68.099266,7.1224055,5.38034
22.0,120.0,2025-10-01,2025-12-18,78,51,21.57236,22.734518,20.716976,74.91376,6.152867,1.5421807,79.7164,68.46892,6.9891386,5.373552
22.0,120.0,2025-10-01,2025-12-19,79,51,21.493322,22.593554,20.72767,74.90103,5.8197722,1.6387689,79.56708,68.50701,6.6927238,4.999378
22.0,120.0,2025-10-01,2025-12-20,80,51,21.498608,22.552431,20.651312,75.59468,5.7675576,2.5092266,79.888596,69.446625,6.624453,4.9551935
22.0,120.0,2025-10-01,2025-12-21,81,51,21.385965,22.464403,20.565216,76.021385,5.861875,2.4481015,80.36389,69.91449,6.72392,5.0418224
22.0,120.0,2025-10-01,2025-12-22,82,51,21.35038,22.388908,20.539457,75.62546,6.048595,1.7800404,79.9211,69.599556,6.829646,5.277627
22.0,120.0,2025-10-01,2025-12-23,83,51,21.402363,22.520515,20.549257,75.98155,6.1953764,3.6172695,80.38782,69.819595,7.134684,5.2893534
22.0,120.0,2025-10-01,2025-12-24,84,51,21.093452,22.157076,20.236391,75.3023,6.4236283,2.4810288,79.51535,69.54159,7.3054676,5.541785
22.0,120.0,2025-10-01,2025-12-25,85,51,21.008528,22.006088,20.174353,75.09924,6.2228436,2.942777,79.45495,69.36648,7.117424,5.40517
22.0,120.0,2025-10-01,2025-12-26,86,51,21.102448,22.197237,20.228779,75.47942,6.1102934,3.912169,80.42939,69.24871,7.105443,5.1372085
22.0,120.0,2025-10-01,2025-12-27,87,51,20.964775,22.065939,20.131659,75.61631,5.8824034,1.6903872,80.23127,69.49164,6.8131104,4.9198427
22.0,120.0,2025-10-01,2025-12-28,88,51,20.930279,21.972363,20.161077,74.89336,5.9878917,2.404793,78.918976,69.28712,6.9393454,5.1229944
22.0,120.0,2025-10-01,2025-12-29,89,51,21.043854,22.155432,20.24539,74.50104,6.004145,1.5120469,79.12772,68.18003,6.856464,5.1817822
22.0,120.0,2025-10-01,2025-12-30,90,51,20.958944,22.119316,20.156961,75.15183,6.1154413,1.3531088,79.38442,68.624016,6.982616,5.277208
22.0,120.0,2025-10-01,2025-12-31,91,51,20.921274,21.981157,20.131477,75.39879,5.9288726,1.8149827,79.89311,69.37719,6.6649776,5.169873
22.0,120.0,2025-10-01,2026-01-01,92,51,20.873184,21.99137,20.055033,75.515724,5.881995,2.5479712,80.185104,69.074356,6.8205547,5.0267177
22.0,120.0,2025-10-01,2026-01-02,93,51,20.821358,21.983448,19.989464,75.182495,5.865719,2.2504025,79.97524,68.4805,6.7108936,5.1190543
22.0,120.0,2025-10-01,2026-01-03,94,51,20.731533,21.896576,19.82778,75.44438,6.018686,1.4764276,79.89914,68.99305,6.915049,5.187526
22.0,120.0,2025-10-01,2026-01-04,95,51,20.720053,21.838259,19.927368,75.03794,5.9340067,2.0930548,79.389885,68.87772,6.857932,5.106964
22.0,120.0,2025-10-01,2026-01-05,96,51,20.815592,21.93734,19.99836,75.05508,5.9507737,1.555411,79.242455,68.726234,6.7772565,5.173555
22.0,120.0,2025-10-01,2026-01-06,97,51,20.721127,21.878466,19.840551,75.71496,6.074634,2.0097609,80.225746,69.095535,6.936167,5.278752
22.0,120.0,2025-10-01,2026-01-07,98,51,20.731298,21.790537,19.954899,76.16796,6.074799,3.2368772,80.818535,70.14601,7.008725,5.085675
22.0,120.0,2025-10-01,2026-01-08,99,51,20.813972,21.872812,20.00088,75.75569,6.033673,4.5232058,80.44227,69.681435,6.9486732,5.0885854
22.0,120.0,2025-10-01,2026-01-09,100,51,20.820972,21.946438,20.004997,75.51858,5.989493,3.4973853,79.648315,69.24078,6.908139,5.005544
22.0,120.0,2025-10-01,2026-01-10,101,51,20.654547,21.751492,19.852667,76.132164,6.0365453,3.2446198,80.37647,70.160545,7.0016847,5.130085
22.0,120.0,2025-10-01,2026-01-11,102,51,20.531641,21.66165,19.717827,75.702835,5.9765086,2.765032,80.042076,69.45296,6.961675,5.0574293
22.0,120.0,2025-10-01,2026-01-12,103,51,20.279598,21.365805,19.413115,75.11953,5.8850136,2.8256826,79.39422,69.338425,6.8496895,4.8274975
22.0,120.0,2025-10-01,2026-01-13,104,51,20.20208,21.257689,19.396063,74.576065,6.3294253,2.0862699,79.06244,68.47084,7.210283,5.5087533
22.0,120.0,2025-10-01,2026-01-14,105,51,20.427465,21.493164,19.629358,75.30139,6.037794,3.6110263,79.548676,69.29744,7.0062394,5.111042
22.0,120.0,2025-10-01,2026-01-15,106,51,20.508247,21.64282,19.583761,75.89805,6.001057,2.7394922,80.21238,69.82278,6.9426885,5.016014
22.0,120.0,2025-10-01,2026-01-16,107,51,20.62175,21.847055,19.680319,75.60666,6.020144,2.749819,80.63742,68.701355,7.1633987,4.953902
22.0,120.0,2025-10-01,2026-01-17,108,51,20.634588,21.789402,19.81232,76.074486,5.8572593,2.2887821,80.63184,69.50611,6.753281,5.064408
22.0,120.0,2025-10-01,2026-01-18,109,51,20.7828,21.935755,19.861631,76.53631,5.8572745,2.1242971,81.47006,69.774956,6.6599035,5.006637
22.0,120.0,2025-10-01,2026-01-19,110,51,20.916826,22.12478,20.031454,77.027725,5.8537245,3.2540202,81.713234,70.42391,6.7195573,4.95629
22.0,120.0,2025-10-01,2026-01-20,111,51,20.89593,22.006498,20.057486,77.93755,5.654234,4.0287805,82.586205,71.545616,6.672107,4.59037
22.0,120.0,2025-10-01,2026-01-21,112,51,20.741417,21.86875,19.832409,78.04563,5.801836,3.0321276,82.107735,72.33466,6.7485876,4.879438
22.0,120.0,2025-10-01,2026-01-22,113,51,20.532248,21.698042,19.673773,76.49011,6.0474105,2.1055624,81.12534,70.04701,6.965472,5.1281323
22.0,120.0,2025-10-01,2026-01-23,114,51,20.550774,21.661135,19.678299,75.93988,5.8295693,3.7519188,80.34285,70.05032,6.887184,4.792918
22.0,120.0,2025-10-01,2026-01-24,115,51,20.408026,21.618265,19.409708,76.19951,5.961146,3.3961315,80.71859,69.63282,7.0379853,4.946207
22.0,120.0,2025-10-01,2026-01-25,116,51,20.388569,21.48172,19.580236,75.87001,5.770872,2.2317867,80.156395,69.50495,6.7571487,4.890745
22.0,120.0,2025-10-01,2026-01-26,117,51,20.489363,21.638643,19.57109,75.82317,6.251979,1.843793,80.38692,69.44748,7.232893,5.346748
22.0,120.0,2025-10-01,2026-01-27,118,51,20.555834,21.834696,19.612585,75.435074,6.0598464,1.6687559,80.258026,68.43168,7.0522513,5.1524043
22.0,120.0,2025-10-01,2026-01-28,119,51,20.380814,21.568457,19.469316,75.22323,6.0390053,1.9465338,79.33233,69.27694,7.1385756,5.019112
22.0,120.0,2025-10-01,2026-01-29,120,51,20.165123,21.34816,19.318172,74.63329,6.16599,2.155877,79.50561,68.173164,7.1289515,5.2142663
22.0,120.0,2025-10-01,2026-01-30,121,51,20.314886,21.48724,19.427603,74.57495,6.098497,2.534242,79.30082,67.98208,7.0665174,5.1490965
22.0,120.0,2025-10-01,2026-01-31,122,51,20.458462,21.81892,19.429699,75.7046,5.9464717,2.3189917,80.62402,68.708115,7.120498,4.75167
22.0,120.0,2025-10-01,2026-02-01,123,51,20.27938,21.548933,19.275318,75.39721,5.6897297,2.5025203,80.02465,68.61562,6.639116,4.814308
22.0,120.0,2025-10-01,2026-02-02,124,51,20.231377,21.381742,19.34227,74.91935,5.75889,2.0020738,79.85394,68.19623,6.725093,4.8455462
22.0,120.0,2025-10-01,2026-02-03,125,51,20.472872,21.670506,19.581907,74.754875,5.7165713,1.9807835,79.484924,68.00764,6.6916347,4.7898526
22.0,120.0,2025-10-01,2026-02-04,126,51,20.448462,21.63855,19.5311,75.837395,5.6617236,2.8863065,80.36641,69.353165,6.645514,4.6259065
22.0,120.0,2025-10-01,2026-02-05,127,51,20.495174,21.675552,19.569038,75.07985,5.93899,2.759537,79.97146,68.10413,6.8303275,4.965138
22.0,120.0,2025-10-01,2026-02-06,128,51,20.60234,21.819855,19.620897,76.078926,6.099992,3.1218395,80.67623,69.638214,6.9981055,5.1858163
22.0,120.0,2025-10-01,2026-02-07,129,51,20.586727,21.711292,19.697065,76.56464,6.076008,3.1546338,80.8492,70.154816,6.9877796,5.1771855
22.0,120.0,2025-10-01,2026-02-08,130,51,20.733418,21.956778,19.761917,76.875,6.069558,3.60986,81.39071,70.47169,7.041785,5.02093
22.0,120.0,2025-10-01,2026-02-09,131,51,20.615005,21.687582,19.77617,77.45368,5.6331663,4.0219164,81.71327,71.411255,6.7688737,4.5152745
22.0,120.0,2025-10-01,2026-02-10,132,51,20.674534,21.812021,19.753021,75.70457,5.667607,2.1658933,80.25395,69.50972,6.771027,4.602757
22.0,120.0,2025-10-01,2026-02-11,133,51,20.709204,21.934126,19.826868,75.184525,5.6054144,2.2899947,80.21637,68.28143,6.6303763,4.6166587
22.0,120.0,2025-10-01,2026-02-12,134,51,20.670454,21.936485,19.674896,76.285416,5.834743,2.700868,80.973145,69.729866,6.9545856,4.6279488
22.0,120.0,2025-10-01,2026-02-13,135,51,20.558725,21.738789,19.656952,75.448235,6.036609,2.414905,80.01169,69.21531,7.0195045,4.983381
22.0,120.0,2025-10-01,2026-02-14,136,51,20.545683,21.771963,19.540812,75.80187,6.005273,3.5356312,80.36884,69.30581,7.077895,4.931108
22.0,120.0,2025-10-01,2026-02-15,137,51,20.5389,21.894096,19.559214,74.69648,5.8040605,2.265154,80.286255,67.55834,6.7880087,4.7916546
22.0,120.0,2025-10-01,2026-02-16,138,51,20.61389,21.85269,19.713236,74.79554,5.905664,1.6328018,80.19979,67.60235,6.843997,4.9077926
22.0,120.0,2025-10-01,2026-02-17,139,51,20.932167,22.212029,19.92935,75.27825,5.8107157,2.4952438,80.06088,68.17982,6.9790835,4.6889734
22.0,120.0,2025-10-01,2026-02-18,140,51,20.799559,21.987646,19.998827,75.72088,5.7507896,2.9072144,80.34031,69.140976,6.6847363,4.8030977
22.0,120.0,2025-10-01,2026-02-19,141,51,21.051836,22.166737,20.209229,75.730385,5.5333934,2.3761864,80.227715,69.53879,6.4721203,4.6037917
22.0,120.0,2025-10-01,2026-02-20,142,51,21.390293,22.733389,20.464048,76.147545,5.373585,2.1523895,81.0039,68.79856,6.4674134,4.2958922
22.0,120.0,2025-10-01,2026-02-21,143,51,21.422184,22.733717,20.526718,75.88381,5.548904,2.7373083,81.20483,68.80642,6.6769667,4.519363
22.0,120.0,2025-10-01,2026-02-22,144,51,21.577875,22.900654,20.69905,76.05614,5.272303,3.3984454,81.01824,69.15697,6.479446,4.164927
22.0,120.0,2025-10-01,2026-02-23,145,51,21.785805,23.128706,20.868511,76.81063,5.305965,3.4240162,82.00435,69.389244,6.277268,4.382095
22.0,120.0,2025-10-01,2026-02-24,146,51,21.876825,23.222485,20.929234,76.95703,5.380836,3.2747436,82.03666,69.27605,6.486539,4.3639193
22.0,120.0,2025-10-01,2026-02-25,147,51,21.8842,23.14567,20.965895,77.93789,5.1512365,2.275907,82.72078,71.16456,6.2793922,4.0828876
22.0,120.0,2025-10-01,2026-02-26,148,51,22.01836,23.333527,21.088223,78.04681,4.9626904,2.4740293,83.058754,70.793434,6.1160655,3.7403657
22.0,120.0,2025-10-01,2026-02-27,149,51,21.87548,23.188187,20.99063,78.35561,5.3471727,2.028107,83.27306,71.30128,6.2980857,4.345464
22.0,120.0,2025-10-01,2026-02-28,150,51,22.004263,23.24181,21.12702,76.72649,5.058787,2.1690748,81.68022,69.72334,6.14944,3.9487584
22.0,121.0,2025-10-01,2025-10-01,0,51,27.435802,28.691406,26.213963,84.05522,3.4409225,0.0,89.76264,76.85094,4.050809,2.7620678
22.0,121.0,2025-10-01,2025-10-02,1,51,27.169197,28.863697,25.967545,84.55612,4.3234653,2.6979969,90.17421,74.730606,5.222083,3.3854003
22.0,121.0,2025-10-01,2025-10-03,2,51,26.93908,28.13456,26.184772,86.10306,5.6463275,9.746466,89.788704,79.45858,6.238928,4.923912
22.0,121.0,2025-10-01,2025-10-04,3,51,27.269035,28.403187,26.272896,85.94174,4.175455,4.5011196,90.03824,80.434555,5.657036,3.0794
22.0,121.0,2025-10-01,2025-10-05,4,51,27.49057,28.860998,26.473602,84.30107,2.17458,1.1104848,89.09331,76.7435,3.2806573,1.2899978
22.0,121.0,2025-10-01,2025-10-06,5,51,27.452429,28.754063,26.435028,84.90216,3.2903948,2.064423,89.44656,77.70821,3.9895763,2.5904932
22.0,121.0,2025-10-01,2025-10-07,6,51,27.22137,28.384165,26.248343,85.429756,4.5892735,3.8601751,90.06316,78.7027,5.09865,4.079564
22.0,121.0,2025-10-01,2025-10-08,7,51,27.123442,28.205166,26.185452,84.9946,4.8702936,5.0247264,89.617065,78.69966,5.3808484,4.286983
22.0,121.0,2025-10-01,2025-10-09,8,51,26.980692,27.986412,26.203695,85.62596,4.819812,5.9603424,89.521545,80.022064,5.337069,4.203387
22.0,121.0,2025-10-01,2025-10-10,9,51,26.979918,28.030094,26.059315,85.91928,4.857085,5.9717035,90.4989,80.04112,5.482295,4.2220736
22.0,121.0,2025-10-01,2025-10-11,10,51,26.945633,27.993023,26.100496,85.8847,4.719907,7.5162992,89.96155,80.064865,5.303054,4.125701
22.0,121.0,2025-10-01,2025-10-12,11,51,26.829525,27.854626,25.989422,85.699196,5.0490866,9.2691,89.73016,79.999306,5.6802945,4.3354044
22.0,121.0,2025-10-01,2025-10-13,12,51,26.713572,27.640697,26.002071,85.6638,5.415161,11.689373,89.079834,80.69047,6.127451,4.7358217
22.0,121.0,2025-10-01,2025-10-14,13,51,26.6629,27.615866,25.95166,85.719345,5.706393,9.346566,89.06653,80.83014,6.3283205,5.091154
22.0,121.0,2025-10-01,2025-10-15,14,51,26.634895,27.605515,25.909325,85.442,5.6386986,8.084871,88.67935,80.40296,6.3351316,4.9847007
22.0,121.0,2025-10-01,2025-10-16,15,51,26.632793,27.653316,25.818974,85.08403,5.6546564,8.198989,88.89964,79.74435,6.258988,5.0439568
22.0,121.0,2025-10-01,2025-10-17,16,51,26.598536,27.62904,25.848015,84.47391,5.9746833,7.0391846,88.03065,79.06772,6.581761,5.392658
22.0,121.0,2025-10-01,2025-10-18,17,51,26.6309,27.704948,25.818596,83.75632,6.077367,7.849265,87.78546,78.06436,6.8332977,5.3862333
22.0,121.0,2025-10-01,2025-10-19,18,51,26.520329,27.530113,25.699856,83.02043,6.5347342,6.147537,87.01338,77.54822,7.2633924,5.7933064
22.0,121.0,2025-10-01,2025-10-20,19,51,26.388803,27.441092,25.608654,82.73249,6.814041,7.1464863,86.68302,77.355255,7.3719244,6.226295
22.0,121.0,2025-10-01,2025-10-21,20,51,26.324013,27.28176,25.602245,82.51525,6.7857494,6.502321,86.68367,77.256096,7.536058,6.003312
22.0,121.0,2025-10-01,2025-10-22,21,51,26.247988,27.1962,25.493814,82.42145,6.6330137,5.710472,85.94365,77.39203,7.3840637,5.95066
22.0,121.0,2025-10-01,2025-10-23,22,51,26.178268,27.036554,25.52899,82.54158,6.465871,7.849928,86.0188,77.718315,7.1149063,5.8798647
22.0,121.0,2025-10-01,2025-10-24,23,51,26.307854,27.255995,25.58539,82.61467,6.1600924,6.3297806,86.5226,77.2155,6.883953,5.4952583
22.0,121.0,2025-10-01,2025-10-25,24,51,26.248642,27.270824,25.470959,82.627144,6.232419,5.280369,86.4297,76.96578,7.014907,5.4088945
22.0,121.0,2025-10-01,2025-10-26,25,51,26.099894,27.076971,25.305534,81.433685,6.55264,4.5160785,85.22444,76.054955,7.234145,5.870412
22.0,121.0,2025-10-01,2025-10-27,26,51,25.972706,26.872337,25.292147,80.677925,6.3775015,6.0745645,84.33915,75.77301,7.1607094,5.6350307
22.0,121.0,2025-10-01,2025-10-28,27,51,25.897451,26.829903,25.209896,80.37729,6.6853123,4.4639616,83.91203,75.746704,7.389841,6.034426
22.0,121.0,2025-10-01,2025-10-29,28,51,25.842575,26.815582,25.096443,79.856155,6.543746,4.0419874,84.13265,74.47804,7.2921715,5.8291206
22.0,121.0,2025-10-01,2025-10-30,29,51,25.86245,26.81717,25.167469,80.340454,6.176781,4.6619477,84.31079,75.09583,6.9049425,5.509954
22.0,121.0,2025-10-01,2025-10-31,30,51,25.8949,26.938213,25.146315,80.890854,6.510049,4.055784,85.28177,75.14101,7.2201033,5.7608366
22.0,121.0,2025-10-01,2025-11-01,31,51,25.765821,26.750555,25.005299,80.99187,6.7792826,4.1180325,84.626755,75.89788,7.600378,5.9612637
22.0,121.0,2025-10-01,2025-11-02,32,51,25.586842,26.543936,24.799404,80.59138,7.0875497,5.7602606,84.68895,75.266945,7.940152,6.0883102
22.0,121.0,2025-10-01,2025-11-03,33,51,25.391884,26.329327,24.704426,79.99179,7.0818105,5.2143583,83.62864,75.12271,7.9162874,6.2050953
22.0,121.0,2025-10-01,2025-11-04,34,51,25.502974,26.572598,24.747662,80.33716,6.717375,6.026704,85.01811,74.10509,7.511172,5.932293
22.0,121.0,2025-10-01,2025-11-05,35,51,25.520004,26.513542,24.804104,80.831245,6.8892117,8.608448,85.112595,75.40703,7.6312156,6.092765
22.0,121.0,2025-10-01,2025-11-06,36,51,25.374607,26.340996,24.620079,79.86746,7.0745955,6.0508404,83.709305,74.94671,7.8200974,6.346399
22.0,121.0,2025-10-01,2025-11-07,37,51,25.175407,26.102663,24.500751,79.71765,7.001301,4.3726444,83.34209,74.60008,7.7801514,6.2981424
22.0,121.0,2025-10-01,2025-11-08,38,51,25.143751,26.162868,24.382925,79.69249,7.1104574,4.371929,83.9256,74.14795,7.836321,6.3451605
22.0,121.0,2025-10-01,2025-11-09,39,51,25.002447,25.934183,24.258919,79.80046,7.2188873,6.463786,83.60025,75.01996,8.038398,6.2913294
22.0,121.0,2025-10-01,2025-11-10,40,51,24.801136,25.737358,24.10267,78.70595,7.3595104,5.5569367,82.62347,73.69122,8.111465,6.6013775
22.0,121.0,2025-10-01,2025-11-11,41,51,24.734688,25.70976,23.984554,78.53958,7.2160935,3.9063368,82.888084,73.06207,7.993147,6.4289913
22.0,121.0,2025-10-01,2025-11-12,42,51,24.717457,25.692612,23.981277,78.47687,7.382964,4.714367,82.504005,73.04721,8.064356,6.7149973
22.0,121.0,2025-10-01,2025-11-13,43,51,24.550367,25.521542,23.794697,78.85,7.3595037,4.792613,83.08945,73.62486,8.148731,6.4920816
22.0,121.0,2025-10-01,2025-11-14,44,51,24.436148,25.430641,23.67598,78.98112,7.0983944,4.089907,83.39282,73.535034,7.894579,6.3394866
22.0,121.0,2025-10-01,2025-11-15,45,51,24.386524,25.374357,23.667542,78.94205,7.4794683,4.4359064,83.18904,73.63605,8.224241,6.6778646
22.0,121.0,2025-10-01,2025-11-16,46,51,24.43185,25.470324,23.695543,78.90966,7.207807,4.6275325,83.491974,72.99875,7.9353695,6.5577393
22.0,121.0,2025-10-01,2025-11-17,47,51,24.487648,25.594547,23.703903,79.372406,7.2949333,5.9538116,83.59549,73.51226,8.195937,6.415724
22.0,121.0,2025-10-01,2025-11-18,48,51,24.324234,25.318302,23.602488,79.11832,7.2530684,4.1815233,83.145386,73.61072,8.123701,6.3692055
22.0,121.0,2025-10-01,2025-11-19,49,51,24.083822,25.17252,23.228107,79.16371,7.283575,3.2377667,83.32095,73.60699,8.220345,6.326956
22.0,121.0,2025-10-01,2025-11-20,50,51,23.891916,24.842602,23.134308,78.040634,7.3557386,3.211998,82.19317,72.80201,8.431557,6.287636
22.0,121.0,2025-10-01,2025-11-21,51,51,23.771828,24.77613,22.96694,77.3779,7.569544,3.7709317,81.85669,71.86804,8.4119005,6.746166
22.0,121.0,2025-10-01,2025-11-22,52,51,23.61621,24.635723,22.90264,77.81506,7.688051,3.5565634,82.00212,72.571175,8.527532,6.8684664
22.0,121.0,2025-10-01,2025-11-23,53,51,23.464357,24.443932,22.705956,77.81423,7.756406,3.8270864,81.87538,72.68208,8.623886,6.831291
22.0,121.0,2025-10-01,2025-11-24,54,51,23.416721,24.413647,22.698433,77.36113,7.3306513,3.4375048,81.18975,71.91867,8.225973,6.4731836
22.0,121.0,2025-10-01,2025-11-25,55,51,23.433397,24.45026,22.717209,77.24001,7.2008433,2.6991072,81.752686,71.4574,7.9320884,6.464632
22.0,121.0,2025-10-01,2025-11-26,56,51,23.251486,24.220505,22.49189,77.50707,7.5708904,3.511465,81.536606,72.542366,8.31931,6.738845
22.0,121.0,2025-10-01,2025-11-27,57,51,23.131098,24.120993,22.366364,77.426765,7.4578886,2.4196458,81.609344,71.74573,8.24311,6.79022
22.0,121.0,2025-10-01,2025-11-28,58,51,23.259348,24.346518,22.446218,77.04281,7.4892178,1.8384233,81.03907,71.40459,8.348108,6.66786
22.0,121.0,2025-10-01,2025-11-29,59,51,23.147186,24.153831,22.381268,76.91492,7.525216,4.5133166,81.30968,71.4825,8.351864,6.722327
22.0,121.0,2025-10-01,2025-11-30,60,51,23.041782,24.050943,22.281315,77.38251,7.230432,4.588073,82.10954,71.32161,7.9446516,6.477134
22.0,121.0,2025-10-01,2025-12-01,61,51,22.884317,23.86333,22.150928,78.06122,7.2473664,2.8646653,82.65881,72.524734,7.9979577,6.39172
22.0,121.0,2025-10-01,2025-12-02,62,51,22.788397,23.779438,22.049854,76.50783,7.4067106,1.5072858,80.40857,71.15292,8.1605,6.6787295
22.0,121.0,2025-10-01,2025-12-03,63,51,22.803516,23.89574,21.979588,75.675354,7.1160307,2.5082717,80.3358,69.59973,7.9326415,6.3752003
22.0,121.0,2025-10-01,2025-12-04,64,51,22.588034,23.73631,21.720419,76.726494,6.7633543,3.6088924,81.48682,70.47658,7.5967674,5.9838643
22.0,121.0,2025-10-01,2025-12-05,65,51,22.49245,23.509792,21.714642,77.19087,6.9980764,2.7284071,81.474106,71.35875,7.788402,6.1423755
22.0,121.0,2025-10-01,2025-12-06,66,51,22.490475,23.510904,21.707354,76.86928,7.299555,2.4974413,81.256004,71.51839,8.13492,6.4006176
22.0,121.0,2025-10-01,2025-12-07,67,51,22.266657,23.308643,21.467297,76.318954,7.472928,3.705778,80.93953,70.67746,8.26239,6.6218586
22.0,121.0,2025-10-01,2025-12-08,68,51,22.135239,23.108547,21.386559,76.18503,7.4002576,2.4335098,80.2483,70.96732,8.137218,6.670679
22.0,121.0,2025-10-01,2025-12-09,69,51,22.299265,23.401016,21.47911,76.300446,7.0137777,2.5762143,80.895996,70.36052,7.9518046,6.092871
22.0,121.0,2025-10-01,2025-12-10,70,51,22.08084,23.245695,21.201546,76.37193,7.1952724,1.793646,80.65051,70.197525,8.146133,6.272711
22.0,121.0,2025-10-01,2025-12-11,71,51,21.81649,22.873276,21.010979,75.95911,7.5424495,2.4550037,80.281555,70.42059,8.24634,6.7933655
22.0,121.0,2025-10-01,2025-12-12,72,51,21.757706,22.798101,20.887264,75.09276,7.233738,1.8597627,79.23845,69.695274,8.269331,6.2471223
22.0,121.0,2025-10-01,2025-12-13,73,51,21.79004,22.822636,21.010052,75.16439,7.0873833,2.1435406,79.58071,69.29408,7.9147387,6.315071
22.0,121.0,2025-10-01,2025-12-14,74,51,21.917843,22.96135,21.178318,75.73305,6.658127,2.2736177,79.91316,69.78637,7.5093927,5.815097
22.0,121.0,2025-10-01,2025-12-15,75,51,21.75882,22.75095,20.958382,75.735954,6.983306,2.6921039,79.73634,70.488464,7.962793,5.9746137
22.0,121.0,2025-10-01,2025-12-16,76,51,21.427116,22.511517,20.603577,74.957214,7.3049116,2.1341314,79.18025,69.1191,7.9675064,6.6566067
22.0,121.0,2025-10-01,2025-12-17,77,51,21.562239,22.638409,20.742928,75.10271,6.77429,1.6417394,79.607895,68.89101,7.7208014,5.969429
22.0,121.0,2025-10-01,2025-12-18,78,51,21.544477,22.667639,20.682497,75.50739,6.859715,2.0584855,80.569885,69.371445,7.674773,6.12705
22.0,121.0,2025-10-01,2025-12-19,79,51,21.46611,22.56924,20.66146,75.59787,6.6609116,1.7947417,79.854675,69.324005,7.479189,5.83943
22.0,121.0,2025-10-01,2025-12-20,80,51,21.455667,22.49968,20.61102,75.969315,6.6080456,2.4110074,80.25998,70.04544,7.5779257,5.724969
22.0,121.0,2025-10-01,2025-12-21,81,51,21.373129,22.44371,20.52047,75.887375,6.718341,1.7655418,80.28003,70.02022,7.5728984,5.8690844
22.0,121.0,2025-10-01,2025-12-22,82,51,21.313133,22.35624,20.476086,75.966034,7.01865,1.6269585,80.34181,69.99757,7.7708874,6.217495
22.0,121.0,2025-10-01,2025-12-23,83,51,21.422081,22.532913,20.58569,76.31263,6.8404636,3.635889,80.57709,70.42552,7.8778667,5.892441
22.0,121.0,2025-10-01,2025-12-24,84,51,21.071075,22.111088,20.216433,75.66057,7.5319433,2.4946878,80.00931,70.10199,8.365728,6.6278973
22.0,121.0,2025-10-01,2025-12-25,85,51,20.978151,21.993095,20.11988,75.3405,7.100836,2.3331642,79.80417,69.905975,8.019861,6.232007
22.0,121.0,2025-10-01,2025-12-26,86,51,21.072817,22.15223,20.208218,75.54859,6.6792316,3.1746964,80.336334,69.41736,7.745332,5.7256165
22.0,121.0,2025-10-01,2025-12-27,87,51,20.992065,22.104221,20.158585,75.621796,6.4878435,1.5445755,80.478836,69.56894,7.5363317,5.490901
22.0,121.0,2025-10-01,2025-12-28,88,51,20.89849,21.915066,20.121449,74.88312,6.613888,2.3785686,79.17528,69.388824,7.5483227,5.751845
22.0,121.0,2025-10-01,2025-12-29,89,51,21.004517,22.106571,20.200798,74.59973,6.5008087,1.596508,79.05824,68.160416,7.429053,5.631186
22.0,121.0,2025-10-01,2025-12-30,90,51,20.891323,22.009521,20.1033,75.431366,6.7413163,1.2958,79.77513,69.32036,7.7021685,5.8074903
22.0,121.0,2025-10-01,2025-12-31,91,51,20.880703,21.925323,20.077087,75.75534,6.575226,2.5982723,79.92736,69.98514,7.471028,5.728938
22.0,121.0,2025-10-01,2026-01-01,92,51,20.83646,21.9367,20.021446,75.537735,6.571967,2.6327045,79.88649,69.6835,7.53405,5.6998997
22.0,121.0,2025-10-01,2026-01-02,93,51,20.816689,21.94009,19.967922,75.44374,6.5871544,2.7385044,80.09614,69.15279,7.5896845,5.7299595
22.0,121.0,2025-10-01,2026-01-03,94,51,20.725174,21.899277,19.809042,75.76805,6.803298,1.4340189,80.30454,69.54097,7.6375065,5.9123745
22.0,121.0,2025-10-01,2026-01-04,95,51,20.6709,21.777262,19.878685,75.59712,6.6250525,2.4665663,80.17792,69.30438,7.5320115,5.7396803
22.0,121.0,2025-10-01,2026-01-05,96,51,20.774231,21.879093,19.941826,75.421234,6.532359,1.7441525,79.97083,69.08739,7.5403194,5.633803
22.0,121.0,2025-10-01,2026-01-06,97,51,20.652233,21.793665,19.757954,76.23578,6.7953625,1.7248373,80.959015,69.86538,7.601122,6.0014267
22.0,121.0,2025-10-01,2026-01-07,98,51,20.640673,21.660446,19.853128,76.43939,6.7596254,3.3425617,80.92296,70.76085,7.714011,5.8136625
22.0,121.0,2025-10-01,2026-01-08,99,51,20.771029,21.851778,19.956635,76.02968,6.232621,4.3980036,80.27629,70.02121,7.2689257,5.244205
22.0,121.0,2025-10-01,2026-01-09,100,51,20.761456,21.900303,19.873337,75.68106,6.3684864,3.1277518,80.21176,69.54747,7.4693007,5.3100767
22.0,121.0,2025-10-01,2026-01-10,101,51,20.629908,21.677132,19.809082,76.08067,6.363327,3.018066,80.57362,70.21681,7.3257995,5.419074
22.0,121.0,2025-10-01,2026-01-11,102,51,20.498337,21.601908,19.612228,75.7944,6.5509405,2.7129598,79.95605,70.016205,7.5544634,5.60577
22.0,121.0,2025-10-01,2026-01-12,103,51,20.21104,21.303583,19.340666,75.046844,6.5948725,2.3279996,79.32381,69.102165,7.6790075,5.540151
22.0,121.0,2025-10-01,2026-01-13,104,51,20.101753,21.172611,19.273592,74.56546,6.662078,1.9556718,79.02783,68.52464,7.574879,5.820614
22.0,121.0,2025-10-01,2026-01-14,105,51,20.362343,21.40896,19.548323,74.804306,6.1640787,3.3981266,79.262634,68.78586,7.189704,5.2283173
22.0,121.0,2025-10-01,2026-01-15,106,51,20.442268,21.527054,19.535843,75.58571,6.146246,2.2587967,79.923615,69.86004,7.1577024,5.215185
22.0,121.0,2025-10-01,2026-01-16,107,51,20.569197,21.772024,19.631865,75.53919,6.240099,2.6637402,80.496155,69.15051,7.479187,5.153135
22.0,121.0,2025-10-01,2026-01-17,108,51,20.52361,21.648664,19.704699,76.049576,6.157596,1.9101357,80.79709,69.58649,7.1433125,5.3467417
22.0,121.0,2025-10-01,2026-01-18,109,51,20.709728,21.854239,19.787685,76.4343,6.1499586,2.0889096,81.10454,69.74402,6.9590054,5.3225117
22.0,121.0,2025-10-01,2026-01-19,110,51,20.854782,22.013262,19.984497,77.04277,6.2091513,2.7860065,81.36827,70.70947,7.1524267,5.302143
22.0,121.0,2025-10-01,2026-01-20,111,51,20.88755,21.95588,20.067726,77.88049,5.7871046,3.4011443,82.62275,71.60565,6.830661,4.8276014
22.0,121.0,2025-10-01,2026-01-21,112,51,20.772041,21.894924,19.807434,77.592026,6.1548066,2.7319713,82.04302,72.05376,7.1805286,5.07417
22.0,121.0,2025-10-01,2026-01-22,113,51,20.470215,21.592087,19.602919,76.13132,6.2292886,2.0137177,80.57442,70.25619,7.178196,5.2782736
22.0,121.0,2025-10-01,2026-01-23,114,51,20.418568,21.538197,19.550678,75.726654,5.963873,3.4230285,80.21295,69.6978,7.035448,4.989214
22.0,121.0,2025-10-01,2026-01-24,115,51,20.331913,21.50183,19.351978,75.76401,6.228773,2.7555907,80.23694,69.51201,7.357376,5.213654
22.0,121.0,2025-10-01,2026-01-25,116,51,20.287457,21.356493,19.456818,75.65869,6.2151136,1.855135,80.097885,69.567184,7.2796974,5.1433845
22.0,121.0,2025-10-01,2026-01-26,117,51,20.38068,21.508038,19.491089,75.449326,6.3274927,1.6864672,80.01216,69.1959,7.3868723,5.2681184
22.0,121.0,2025-10-01,2026-01-27,118,51,20.433823,21.700556,19.494623,75.45198,6.2868257,1.5264522,80.04494,68.676956,7.34816,5.2945204
22.0,121.0,2025-10-01,2026-01-28,119,51,20.205795,21.371325,19.268433,75.13477,6.5040054,1.6928146,79.668015,69.2731,7.6012697,5.416951
22.0,121.0,2025-10-01,2026-01-29,120,51,19.98298,21.12273,19.15194,74.759995,6.37516,1.7660905,79.4084,68.61325,7.4415016,5.234371
22.0,121.0,2025-10-01,2026-01-30,121,51,20.233469,21.377773,19.378475,74.34451,6.0435157,2.2807255,79.278625,67.88742,7.033306,5.1448536
22.0,121.0,2025-10-01,2026-01-31,122,51,20.402521,21.71921,19.382782,75.59943,5.9007325,2.1792998,80.58794,68.90996,7.0465984,4.8592634
22.0,121.0,2025-10-01,2026-02-01,123,51,20.125847,21.354698,19.098907,74.964294,5.9849515,1.9829674,79.827,68.643364,7.020852,5.087142
22.0,121.0,2025-10-01,2026-02-02,124,51,20.099113,21.230751,19.186829,74.48274,6.043849,1.3362998,79.446594,67.961975,7.1203117,5.005767
22.0,121.0,2025-10-01,2026-02-03,125,51,20.333458,21.495346,19.449818,74.48638,5.8060985,1.6195934,79.34759,67.73329,6.897293,4.8008223
22.0,121.0,2025-10-01,2026-02-04,126,51,20.320583,21.493786,19.39192,75.86812,5.875021,2.7014265,80.548935,69.506134,6.9847183,4.724062
22.0,121.0,2025-10-01,2026-02-05,127,51,20.318638,21.494421,19.429634,75.37099,6.1352005,2.2576916,80.26214,68.569,7.0585246,5.171349
22.0,121.0,2025-10-01,2026-02-06,128,51,20.473,21.688892,19.51357,76.05266,6.232168,3.5224438,80.5854,69.56322,7.146701,5.285778
22.0,121.0,2025-10-01,2026-02-07,129,51,20.429296,21.519115,19.528915,76.478264,6.3838997,2.6042013,80.83295,70.59379,7.3086185,5.450249
22.0,121.0,2025-10-01,2026-02-08,130,51,20.600521,21.800297,19.616568,76.456924,6.1224217,3.013348,80.98471,70.36539,7.1789627,5.1137867
22.0,121.0,2025-10-01,2026-02-09,131,51,20.48721,21.521868,19.6503,77.34015,5.8004303,3.715598,81.868195,71.601326,6.9482317,4.7169657
22.0,121.0,2025-10-01,2026-02-10,132,51,20.515049,21.669754,19.569172,75.54158,5.87909,1.7072003,80.1875,69.37683,7.03988,4.7438293
22.0,121.0,2025-10-01,2026-02-11,133,51,20.530895,21.663868,19.679787,74.94171,5.6129246,2.007322,79.86391,68.575516,6.6107755,4.690751
22.0,121.0,2025-10-01,2026-02-12,134,51,20.494968,21.714672,19.502176,76.10336,6.1348085,2.2777724,80.77951,69.99127,7.2431808,4.9345956
22.0,121.0,2025-10-01,2026-02-13,135,51,20.305365,21.436558,19.391216,75.09158,6.2353745,1.8772712,79.61717,69.091034,7.25189,5.198257
22.0,121.0,2025-10-01,2026-02-14,136,51,20.372936,21.561756,19.387749,75.46377,5.968299,3.240348,80.195145,69.22296,7.119882,4.9273815
22.0,121.0,2025-10-01,2026-02-15,137,51,20.348633,21.618183,19.385654,74.91229,5.900152,2.188859,80.12198,68.24832,6.9328637,4.8777113
22.0,121.0,2025-10-01,2026-02-16,138,51,20.455208,21.664507,19.585026,75.007965,5.882323,1.7250826,80.25624,68.04903,6.8069453,4.92626
22.0,121.0,2025-10-01,2026-02-17,139,51,20.782745,22.031418,19.78768,75.0152,5.645587,2.3005667,79.87193,68.31923,6.927117,4.469154
22.0,121.0,2025-10-01,2026-02-18,140,51,20.631367,21.796566,19.772953,75.66462,5.8158097,2.3911874,80.19057,69.41127,6.846749,4.816475
22.0,121.0,2025-10-01,2026-02-19,141,51,20.84145,21.91298,20.001665,75.957,5.764819,2.2984633,80.36746,70.19833,6.699525,4.843904
22.0,121.0,2025-10-01,2026-02-20,142,51,21.181686,22.488028,20.300522,76.02986,5.4478655,1.8295314,81.03403,68.86646,6.531927,4.464116
22.0,121.0,2025-10-01,2026-02-21,143,51,21.204102,22.468052,20.31648,76.27585,5.533566,2.6938004,81.4227,69.61493,6.7688684,4.4092946
22.0,121.0,2025-10-01,2026-02-22,144,51,21.319437,22.594482,20.421207,76.70836,5.434162,2.8344288,81.7189,69.90393,6.506258,4.3844786
22.0,121.0,2025-10-01,2026-02-23,145,51,21.578274,22.910198,20.608295,77.0775,5.226519,2.4554825,82.66478,69.35611,6.3233085,4.1028967
22.0,121.0,2025-10-01,2026-02-24,146,51,21.645565,22.940468,20.742546,77.4758,5.367414,3.1345186,82.437744,70.134705,6.437539,4.352455
22.0,121.0,2025-10-01,2026-02-25,147,51,21.630058,22.862873,20.704224,77.966324,5.317379,2.1146557,82.638504,71.22884,6.4019423,4.2064734
22.0,121.0,2025-10-01,2026-02-26,148,51,21.791214,23.080238,20.842445,78.1326,4.967202,2.4077802,83.228584,71.0463,6.2160397,3.8788981
22.0,121.0,2025-10-01,2026-02-27,149,51,21.622372,22.883354,20.740257,78.536255,5.342737,1.7626941,83.25862,71.92555,6.394847,4.3014736
22.0,121.0,2025-10-01,2026-02-28,150,51,21.709541,22.929718,20.846214,76.90375,5.058586,2.0259597,81.791405,70.10278,6.156002,4.054536
22.0,122.0,2025-10-01,2025-10-01,0,51,28.450657,28.815865,27.88881,81.219124,5.059815,0.0,83.79462,79.26786,5.7289953,4.329479
22.0,122.0,2025-10-01,2025-10-02,1,51,28.252144,28.858522,27.577307,81.905045,6.488623,4.329164,86.30096,77.72107,7.456561,5.529924
22.0,122.0,2025-10-01,2025-10-03,2,51,27.636814,28.061865,27.19607,86.30182,7.1800427,16.786581,88.47252,84.00742,8.002746,6.37287
22.0,122.0,2025-10-01,2025-10-04,3,51,28.075705,28.503092,27.556301,84.48117,4.4798965,5.04149,86.7393,82.511795,6.284135,2.941646
22.0,122.0,2025-10-01,2025-10-05,4,51,28.465559,28.928905,27.949146,81.77709,2.893646,0.76079,84.56409,79.15545,3.8331344,1.9656864
22.0,122.0,2025-10-01,2025-10-06,5,51,28.421114,28.815516,27.958612,82.77848,5.2757893,2.599099,85.476555,80.31612,6.365774,3.998615
22.0,122.0,2025-10-01,2025-10-07,6,51,28.107311,28.575502,27.551664,84.73625,7.5142817,5.8916693,87.73123,82.19715,8.264011,6.7011924
22.0,122.0,2025-10-01,2025-10-08,7,51,27.823336,28.327457,27.250467,85.441734,7.56434,8.0569725,88.26806,82.78284,8.396703,6.558486
22.0,122.0,2025-10-01,2025-10-09,8,51,27.611021,28.070879,27.147867,86.39077,6.974547,9.099376,88.79661,83.863434,7.739109,6.2359176
22.0,122.0,2025-10-01,2025-10-10,9,51,27.628332,28.062746,27.145737,86.52753,7.1311245,9.348859,89.089386,84.170944,7.896111,6.276537
22.0,122.0,2025-10-01,2025-10-11,10,51,27.646894,28.147392,27.089293,86.120125,7.1447463,12.697924,88.85931,83.36407,8.002328,6.2583337
22.0,122.0,2025-10-01,2025-10-12,11,51,27.407887,27.848614,26.88683,86.59112,7.756705,15.544921,89.39732,83.96939,8.581342,6.830913
22.0,122.0,2025-10-01,2025-10-13,12,51,27.342175,27.789087,26.879238,86.57403,8.209146,18.79255,89.16705,83.96666,9.134966,7.2241273
22.0,122.0,2025-10-01,2025-10-14,13,51,27.283436,27.703115,26.878595,86.76911,8.507118,14.268921,89.13953,84.18189,9.434722,7.5077167
22.0,122.0,2025-10-01,2025-10-15,14,51,27.22518,27.655264,26.851036,86.63147,8.539783,13.05544,88.85899,83.92291,9.474944,7.595455
22.0,122.0,2025-10-01,2025-10-16,15,51,27.2458,27.698788,26.77412,86.13666,8.544974,12.810388,88.8646,83.4014,9.464345,7.6465707
22.0,122.0,2025-10-01,2025-10-17,16,51,27.265446,27.689508,26.83291,85.09112,9.069818,11.222308,87.701164,82.31502,9.913634,8.1731205
22.0,122.0,2025-10-01,2025-10-18,17,51,27.321314,27.752977,26.84114,84.390274,9.51026,12.324289,87.33049,81.66629,10.616212,8.54728
22.0,122.0,2025-10-01,2025-10-19,18,51,27.217192,27.626265,26.763315,83.51401,10.230667,10.67728,86.70211,80.30877,11.276,9.111704
22.0,122.0,2025-10-01,2025-10-20,19,51,27.030304,27.407736,26.62248,83.8907,10.656381,11.47813,86.92881,80.84642,11.44451,9.76728
22.0,122.0,2025-10-01,2025-10-21,20,51,27.089958,27.439848,26.689592,82.86701,10.578974,10.418978,86.39495,79.58756,11.714402,9.311593
22.0,122.0,2025-10-01,2025-10-22,21,51,26.965029,27.372011,26.53077,82.7464,10.443177,9.942247,85.63638,80.0095,11.588711,9.295165
22.0,122.0,2025-10-01,2025-10-23,22,51,26.998388,27.37022,26.610897,82.294685,10.107576,10.139651,85.156136,79.620125,11.033129,9.134105
22.0,122.0,2025-10-01,2025-10-24,23,51,27.133736,27.500751,26.688194,82.29586,9.519514,8.493136,85.51693,79.68993,10.523066,8.420382
22.0,122.0,2025-10-01,2025-10-25,24,51,27.059624,27.46688,26.602827,82.366585,9.634699,7.0918565,85.26706,79.381355,10.810598,8.45121
22.0,122.0,2025-10-01,2025-10-26,25,51,26.829243,27.232655,26.346344,81.539474,10.214112,7.7346826,84.45226,78.85961,11.339905,9.090892
22.0,122.0,2025-10-01,2025-10-27,26,51,26.754013,27.152214,26.33927,80.566284,9.908969,8.172149,83.591286,77.5637,11.104546,8.660832
22.0,122.0,2025-10-01,2025-10-28,27,51,26.70147,27.067358,26.321367,80.438286,10.279527,7.561105,83.132225,77.598694,11.384906,9.115764
22.0,122.0,2025-10-01,2025-10-29,28,51,26.656279,27.023214,26.219019,79.94538,10.116942,8.016124,82.874725,77.29112,11.260666,8.818825
22.0,122.0,2025-10-01,2025-10-30,29,51,26.699923,27.055859,26.316895,80.20632,9.369601,8.4678135,83.39363,77.285416,10.537603,8.257347
22.0,122.0,2025-10-01,2025-10-31,30,51,26.68148,27.05205,26.255365,80.8172,9.882262,6.5981984,84.171005,77.322876,10.968349,8.696127
22.0,122.0,2025-10-01,2025-11-01,31,51,26.625204,27.05891,26.154627,80.61791,10.420702,6.737162,83.24402,78.089874,11.601143,9.113788
22.0,122.0,2025-10-01,2025-11-02,32,51,26.40149,26.76538,25.982307,80.697655,10.906535,9.144878,83.60824,77.66487,12.306086,9.356848
22.0,122.0,2025-10-01,2025-11-03,33,51,26.212372,26.573807,25.82639,80.10626,10.840275,6.834459,83.08026,77.45522,12.142985,9.417805
22.0,122.0,2025-10-01,2025-11-04,34,51,26.377558,26.746744,25.96155,80.14045,10.278665,8.586623,83.52606,76.97447,11.423597,9.104387
22.0,122.0,2025-10-01,2025-11-05,35,51,26.356836,26.724213,25.975409,80.63496,10.560012,12.537273,83.7199,77.83202,11.708884,9.330372
22.0,122.0,2025-10-01,2025-11-06,36,51,26.285013,26.671646,25.836172,78.99916,10.8940325,9.149851,81.75706,76.3908,11.916227,9.848047
22.0,122.0,2025-10-01,2025-11-07,37,51,26.094501,26.420332,25.708778,79.03666,10.652208,6.9142694,81.809616,76.633156,11.768358,9.541701
22.0,122.0,2025-10-01,2025-11-08,38,51,25.99878,26.357533,25.612146,79.48441,10.972169,7.643856,82.771416,76.488304,12.050397,9.788055
22.0,122.0,2025-10-01,2025-11-09,39,51,25.82916,26.211166,25.409433,79.718315,10.978024,11.317562,82.543526,77.12669,12.244397,9.530442
22.0,122.0,2025-10-01,2025-11-10,40,51,25.734432,26.087517,25.359701,78.14629,11.240891,8.397026,81.14687,75.55459,12.4561205,9.855159
22.0,122.0,2025-10-01,2025-11-11,41,51,25.703953,26.079676,25.274609,77.9739,11.196083,6.4030695,81.292564,75.01113,12.282076,10.004295
22.0,122.0,2025-10-01,2025-11-12,42,51,25.68082,26.03561,25.276205,77.53616,11.291189,6.246151,80.55019,74.822044,12.451453,10.0794735
22.0,122.0,2025-10-01,2025-11-13,43,51,25.511875,25.905235,25.082201,78.27775,11.325513,7.471224,81.47476,75.35715,12.4795065,9.974823
22.0,122.0,2025-10-01,2025-11-14,44,51,25.404572,25.787329,24.94456,78.23686,10.811213,7.382538,81.70767,75.32348,12.083169,9.613574
22.0,122.0,2025-10-01,2025-11-15,45,51,25.3761,25.742958,24.94745,78.29756,11.404612,7.530473,81.50924,75.56362,12.529359,10.145805
22.0,122.0,2025-10-01,2025-11-16,46,51,25.465714,25.85211,25.058239,78.25354,10.83707,7.1258655,81.12433,75.36284,11.91149,9.854629
22.0,122.0,2025-10-01,2025-11-17,47,51,25.494692,25.916935,25.009783,78.76149,11.009568,10.258446,81.91388,75.598045,12.340041,9.519734
22.0,122.0,2025-10-01,2025-11-18,48,51,25.352062,25.69724,24.981869,78.35401,11.015595,6.8567348,81.03207,75.75139,12.289555,9.655018
22.0,122.0,2025-10-01,2025-11-19,49,51,25.06529,25.538769,24.581305,78.63053,11.108956,5.7183347,81.56456,75.89417,12.614032,9.525686
22.0,122.0,2025-10-01,2025-11-20,50,51,24.916172,25.315695,24.435818,77.20953,11.300273,4.972616,80.28541,74.31807,13.023562,9.465376
22.0,122.0,2025-10-01,2025-11-21,51,51,24.836166,25.270084,24.356716,76.88197,11.558342,5.5481267,80.05195,73.92265,12.790461,10.179722
22.0,122.0,2025-10-01,2025-11-22,52,51,24.620947,24.973255,24.206808,77.63436,11.840107,7.220126,80.453865,74.94918,13.173822,10.490893
22.0,122.0,2025-10-01,2025-11-23,53,51,24.545197,24.985733,24.071259,76.8932,11.775789,6.467607,80.17856,73.751305,13.212338,10.278434
22.0,122.0,2025-10-01,2025-11-24,54,51,24.537241,24.9016,24.113354,75.81353,11.137913,5.9158072,78.90311,72.89004,12.487129,9.800296
22.0,122.0,2025-10-01,2025-11-25,55,51,24.539879,24.90276,24.11822,75.86329,10.898835,3.7928052,78.79132,73.012314,12.092975,9.664686
22.0,122.0,2025-10-01,2025-11-26,56,51,24.299992,24.728579,23.812069,76.20712,11.590479,4.828072,79.69991,73.31401,12.774166,10.233229
22.0,122.0,2025-10-01,2025-11-27,57,51,24.189342,24.574358,23.769194,76.72996,11.267537,4.4510894,79.97219,73.77846,12.42969,10.120356
22.0,122.0,2025-10-01,2025-11-28,58,51,24.309757,24.686226,23.854614,76.72221,11.417386,3.0886126,79.29083,74.28613,12.831961,10.001941
22.0,122.0,2025-10-01,2025-11-29,59,51,24.18936,24.617285,23.726147,76.020134,11.448196,7.997962,79.430534,72.896484,12.639997,10.160352
22.0,122.0,2025-10-01,2025-11-30,60,51,24.158522,24.549513,23.662477,76.41479,10.855947,7.778447,79.872345,73.301094,12.044868,9.6655035
22.0,122.0,2025-10-01,2025-12-01,61,51,23.96565,24.328619,23.555553,77.18765,11.055893,4.585023,80.593285,73.97849,12.268857,9.783978
22.0,122.0,2025-10-01,2025-12-02,62,51,23.858871,24.237879,23.450665,75.25512,11.303963,3.253588,77.913765,72.771706,12.45771,10.071225
22.0,122.0,2025-10-01,2025-12-03,63,51,23.914629,24.320442,23.40637,74.16476,10.603271,4.692287,77.70173,71.24791,11.846643,9.331016
22.0,122.0,2025-10-01,2025-12-04,64,51,23.731724,24.22562,23.145758,75.51469,10.136161,6.3254514,79.03363,72.31664,11.411368,8.785857
22.0,122.0,2025-10-01,2025-12-05,65,51,23.551044,24.004078,23.039494,76.514915,10.580959,4.8930435,79.66709,73.70685,11.823858,9.148628
22.0,122.0,2025-10-01,2025-12-06,66,51,23.569647,24.024519,23.063179,75.82655,11.168137,3.67459,78.83572,72.75787,12.500358,9.779626
22.0,122.0,2025-10-01,2025-12-07,67,51,23.31542,23.756472,22.806686,75.36495,11.409122,5.627601,79.146996,71.75786,12.678607,10.014308
22.0,122.0,2025-10-01,2025-12-08,68,51,23.17002,23.60944,22.760809,75.326126,11.142387,4.6983705,78.151054,72.47058,12.367672,9.856326
22.0,122.0,2025-10-01,2025-12-09,69,51,23.404116,23.805035,22.925877,75.10274,10.56148,4.5273113,78.27749,72.37841,12.080854,8.954467
22.0,122.0,2025-10-01,2025-12-10,70,51,23.21718,23.68269,22.645449,75.181725,10.6909,2.7970426,78.20413,72.35362,12.06655,9.200233
22.0,122.0,2025-10-01,2025-12-11,71,51,22.91132,23.358597,22.410889,74.64788,11.439885,3.509993,77.7577,71.73536,12.587385,10.218486
22.0,122.0,2025-10-01,2025-12-12,72,51,22.872042,23.347221,22.324253,72.997475,10.933684,2.632187,76.026375,70.161964,12.613662,9.293573
22.0,122.0,2025-10-01,2025-12-13,73,51,22.970942,23.379116,22.48842,73.4604,10.569139,3.2387333,76.48248,70.57121,11.9323225,9.25117
22.0,122.0,2025-10-01,2025-12-14,74,51,23.100557,23.432035,22.721127,74.009056,9.811111,3.3126454,77.07631,71.24043,11.101981,8.434233
22.0,122.0,2025-10-01,2025-12-15,75,51,22.889244,23.388689,22.30476,74.22475,10.485295,3.4982598,77.72896,71.109436,12.01353,8.934027
22.0,122.0,2025-10-01,2025-12-16,76,51,22.558384,22.928408,22.13352,73.341866,10.843664,3.3460534,76.19253,70.63296,11.899729,9.695486
22.0,122.0,2025-10-01,2025-12-17,77,51,22.723389,23.1653,22.178484,73.41257,9.889411,2.8157668,76.865166,70.39166,11.35656,8.614525
22.0,122.0,2025-10-01,2025-12-18,78,51,22.676409,23.145496,22.1486,74.177986,10.055288,3.144562,77.77704,70.83309,11.283277,8.866282
22.0,122.0,2025-10-01,2025-12-19,79,51,22.6151,23.031427,22.14252,74.11276,9.944369,2.408258,77.2035,71.333496,11.240737,8.690938
22.0,122.0,2025-10-01,2025-12-20,80,51,22.609482,23.077648,22.071964,74.145706,9.835281,3.000143,77.48688,71.18533,11.258831,8.400713
22.0,122.0,2025-10-01,2025-12-21,81,51,22.518932,23.017065,21.956024,73.90952,9.981122,2.2487864,77.16989,71.21565,11.305893,8.499127
22.0,122.0,2025-10-01,2025-12-22,82,51,22.42138,22.822906,21.952888,74.60578,10.460905,2.6206431,77.9133,71.55057,11.651447,9.1146145
22.0,122.0,2025-10-01,2025-12-23,83,51,22.55,22.946753,22.044502,75.00913,10.039893,3.8892589,78.07507,72.115814,11.736327,8.386757
22.0,122.0,2025-10-01,2025-12-24,84,51,22.136692,22.622402,21.572716,74.70489,11.256194,3.2575228,78.21327,71.44548,12.595648,9.8125725
22.0,122.0,2025-10-01,2025-12-25,85,51,22.089497,22.55451,21.551231,74.10532,10.468708,3.2355921,77.33292,71.39108,11.900541,9.008965
22.0,122.0,2025-10-01,2025-12-26,86,51,22.258402,22.73528,21.665388,73.66099,9.753009,4.240236,76.60788,71.08831,11.40643,8.125729
22.0,122.0,2025-10-01,2025-12-27,87,51,22.159779,22.645311,21.633942,74.083984,9.581963,2.3149223,78.150536,70.51383,11.222633,7.853675
22.0,122.0,2025-10-01,2025-12-28,88,51,22.004404,22.436245,21.517626,73.160446,9.685737,2.9020386,76.20948,70.18964,11.193767,8.164541
22.0,122.0,2025-10-01,2025-12-29,89,51,22.134016,22.552187,21.632654,72.81717,9.530261,2.6028957,76.118546,69.9911,10.99629,8.163106
22.0,122.0,2025-10-01,2025-12-30,90,51,21.935356,22.34756,21.488276,74.22097,9.964396,1.9110736,77.36749,71.53857,11.489854,8.407934
22.0,122.0,2025-10-01,2025-12-31,91,51,21.991705,22.404388,21.489485,74.02625,9.669019,3.6132488,76.85187,71.143456,11.221361,8.136421
22.0,122.0,2025-10-01,2026-01-01,92,51,21.920412,22.428478,21.373579,73.450226,9.744731,3.2708614,76.789474,70.52452,11.197998,8.318346
22.0,122.0,2025-10-01,2026-01-02,93,51,21.923216,22.386164,21.38358,74.01032,9.796184,4.519698,77.08477,71.02744,11.3678465,8.324961
22.0,122.0,2025-10-01,2026-01-03,94,51,21.83101,22.275888,21.27,74.26321,10.147602,2.2552538,77.48654,71.61248,11.373865,8.831319
22.0,122.0,2025-10-01,2026-01-04,95,51,21.742569,22.181,21.241669,74.55884,9.748143,3.4711566,77.89398,71.33706,11.112192,8.411146
22.0,122.0,2025-10-01,2026-01-05,96,51,21.865385,22.320726,21.306051,74.05943,9.528789,2.816782,77.27322,71.40337,11.081294,8.076483
22.0,122.0,2025-10-01,2026-01-06,97,51,21.631298,22.166327,21.072783,75.63459,10.05736,2.8851647,78.848885,72.28692,11.389447,8.71172
22.0,122.0,2025-10-01,2026-01-07,98,51,21.704414,22.100489,21.24011,75.31141,9.943008,4.145958,78.6156,72.52903,11.428993,8.434191
22.0,122.0,2025-10-01,2026-01-08,99,51,21.908455,22.310144,21.426748,74.534996,9.07059,6.1414075,77.39282,71.75177,10.600824,7.6137404
22.0,122.0,2025-10-01,2026-01-09,100,51,21.810831,22.349253,21.161112,74.08813,9.391629,4.0682154,77.873604,71.105064,11.028957,7.692537
22.0,122.0,2025-10-01,2026-01-10,101,51,21.704903,22.150822,21.173697,74.60469,9.309853,4.036367,77.98328,71.252174,10.821483,7.9074287
22.0,122.0,2025-10-01,2026-01-11,102,51,21.505402,22.026915,20.854975,74.9392,9.733735,3.417249,78.06216,72.050316,11.263606,8.1248255
22.0,122.0,2025-10-01,2026-01-12,103,51,21.22547,21.732552,20.630566,73.73582,9.914186,2.9845061,77.53202,70.41428,11.6037445,8.365092
22.0,122.0,2025-10-01,2026-01-13,104,51,21.143814,21.596048,20.592136,73.04223,9.758663,3.1011975,76.25883,70.38429,11.141621,8.352369
22.0,122.0,2025-10-01,2026-01-14,105,51,21.433903,21.852545,20.897274,72.88791,8.940276,4.4888077,76.41751,69.72355,10.452969,7.5414553
22.0,122.0,2025-10-01,2026-01-15,106,51,21.533543,22.099174,20.940273,73.73395,8.943606,2.7943127,76.65862,70.92954,10.444839,7.450908
22.0,122.0,2025-10-01,2026-01-16,107,51,21.68643,22.227194,21.067177,73.76633,9.152929,3.1361797,77.410194,70.54153,10.950763,7.4875364
22.0,122.0,2025-10-01,2026-01-17,108,51,21.60869,22.069336,21.118631,74.34924,8.975105,2.633783,77.67552,71.5122,10.494077,7.5988607
22.0,122.0,2025-10-01,2026-01-18,109,51,21.787653,22.244217,21.232386,74.45893,8.902203,2.6317246,77.71632,71.46638,10.145041,7.619497
22.0,122.0,2025-10-01,2026-01-19,110,51,21.874619,22.315693,21.349733,75.98978,9.039003,3.0946918,79.311195,73.04214,10.528852,7.5793543
22.0,122.0,2025-10-01,2026-01-20,111,51,21.931736,22.361547,21.413803,76.607285,8.491407,4.032734,79.94552,73.99081,10.006147,7.1146727
22.0,122.0,2025-10-01,2026-01-21,112,51,21.784857,22.382431,21.12058,76.0629,9.19428,3.2701519,79.73475,72.76925,10.833131,7.3584576
22.0,122.0,2025-10-01,2026-01-22,113,51,21.40771,21.899933,20.862677,74.89475,9.159853,2.885865,78.15954,71.79511,10.513704,7.641351
22.0,122.0,2025-10-01,2026-01-23,114,51,21.35124,21.839619,20.764482,74.06997,8.761905,3.7474263,77.50438,71.103714,10.393533,7.21252
22.0,122.0,2025-10-01,2026-01-24,115,51,21.25367,21.769323,20.595007,74.29283,9.181971,3.6633701,77.466644,71.31442,10.891926,7.6809697
22.0,122.0,2025-10-01,2026-01-25,116,51,21.185478,21.613873,20.670351,74.44531,9.259688,2.4305234,77.50949,71.549706,10.746319,7.5891676
22.0,122.0,2025-10-01,2026-01-26,117,51,21.338245,21.871058,20.72896,73.83871,9.126619,2.0723798,77.53991,70.77098,10.748639,7.4033713
22.0,122.0,2025-10-01,2026-01-27,118,51,21.35541,21.894688,20.701378,74.275276,9.220236,2.2356544,77.44784,71.57592,10.825061,7.682786
22.0,122.0,2025-10-01,2026-01-28,119,51,21.07886,21.641745,20.476486,73.86596,9.646439,2.0246918,77.7117,70.68356,11.252329,7.9798107
22.0,122.0,2025-10-01,2026-01-29,120,51,20.870203,21.377724,20.32176,73.62258,9.300524,2.0189664,76.6935,70.82671,10.896237,7.5366077
22.0,122.0,2025-10-01,2026-01-30,121,51,21.21725,21.683311,20.681421,72.83362,8.657679,3.2009368,76.06565,70.057724,10.0647545,7.254475
22.0,122.0,2025-10-01,2026-01-31,122,51,21.364008,21.904902,20.66948,73.91733,8.511655,2.6272259,77.75962,70.8733,10.168694,6.790372
22.0,122.0,2025-10-01,2026-02-01,123,51,20.986687,21.577662,20.257662,73.63125,8.793856,2.1521528,77.35929,70.73582,10.243452,7.4416933
22.0,122.0,2025-10-01,2026-02-02,124,51,21.05767,21.60058,20.377045,72.74273,8.79488,1.6132812,76.24135,69.696915,10.376968,7.1567397
22.0,122.0,2025-10-01,2026-02-03,125,51,21.255257,21.704672,20.70543,72.99275,8.480489,2.1612093,76.55418,70.04319,10.069412,7.0149236
22.0,122.0,2025-10-01,2026-02-04,126,51,21.217728,21.75056,20.606682,74.45441,8.64775,4.0116186,77.90788,71.45704,10.274253,7.0554676
22.0,122.0,2025-10-01,2026-02-05,127,51,21.214554,21.663797,20.707878,74.42697,8.88537,3.181424,78.127075,71.27425,10.127412,7.5945826
22.0,122.0,2025-10-01,2026-02-06,128,51,21.390766,21.8731,20.772303,74.84275,8.862538,4.3239636,78.52469,71.77501,10.324153,7.325812
22.0,122.0,2025-10-01,2026-02-07,129,51,21.264267,21.748741,20.721823,75.23209,9.372113,3.3828573,78.31604,72.51576,10.800769,7.941908
22.0,122.0,2025-10-01,2026-02-08,130,51,21.438848,21.965574,20.81368,75.0558,8.872949,3.4335735,78.25604,72.054245,10.392666,7.416358
22.0,122.0,2025-10-01,2026-02-09,131,51,21.337324,21.834444,20.737007,76.09752,8.527799,4.6685,79.79046,72.64185,10.194729,6.803274
22.0,122.0,2025-10-01,2026-02-10,132,51,21.276386,21.826084,20.599346,74.20222,8.651545,2.0480323,77.66323,71.3385,10.35276,6.843948
22.0,122.0,2025-10-01,2026-02-11,133,51,21.365171,21.821957,20.816595,73.16352,8.066027,2.536213,76.59661,70.23384,9.495582,6.682273
22.0,122.0,2025-10-01,2026-02-12,134,51,21.257616,21.885057,20.537708,74.59501,9.141007,2.3922539,78.75311,70.536865,10.663216,7.411056
22.0,122.0,2025-10-01,2026-02-13,135,51,21.020592,21.489052,20.468807,73.174904,9.045907,2.2880058,76.331665,70.60121,10.527183,7.4718747
22.0,122.0,2025-10-01,2026-02-14,136,51,21.184156,21.70772,20.544783,73.87369,8.574669,3.950571,77.4677,71.06876,10.116035,6.996796
22.0,122.0,2025-10-01,2026-02-15,137,51,21.132296,21.633291,20.524,74.31159,8.6148205,2.9737992,77.60673,71.406136,10.053649,7.1036777
22.0,122.0,2025-10-01,2026-02-16,138,51,21.28675,21.810806,20.711687,74.156555,8.550168,2.2917295,77.999565,70.92254,9.918273,7.1082582
22.0,122.0,2025-10-01,2026-02-17,139,51,21.566502,22.056604,20.932222,73.622604,8.109153,3.4527726,77.503235,70.23598,10.043941,6.366322
22.0,122.0,2025-10-01,2026-02-18,140,51,21.412104,21.908155,20.843655,74.11782,8.487289,2.6059391,77.30419,71.033325,10.014098,7.004237
22.0,122.0,2025-10-01,2026-02-19,141,51,21.647951,22.116129,21.059103,74.64571,8.393123,2.7667775,77.6441,71.985115,9.766909,7.0345607
22.0,122.0,2025-10-01,2026-02-20,142,51,21.952497,22.395853,21.396967,74.881996,7.9686556,2.2507648,78.224396,72.02253,9.50766,6.3580036
22.0,122.0,2025-10-01,2026-02-21,143,51,21.944536,22.40209,21.398355,75.34848,8.099532,3.4486837,78.70612,72.377525,9.8153515,6.4891872
22.0,122.0,2025-10-01,2026-02-22,144,51,22.005486,22.388596,21.515165,76.05261,7.9414177,2.8210797,79.05691,73.37966,9.376011,6.4005356
22.0,122.0,2025-10-01,2026-02-23,145,51,22.280266,22.756176,21.686428,76.18843,7.551332,2.2570915,80.0015,72.789894,9.038164,5.910889
22.0,122.0,2025-10-01,2026-02-24,146,51,22.32177,22.717926,21.796299,76.82624,7.833673,3.5425637,80.112076,74.10037,9.53434,6.3079457
22.0,122.0,2025-10-01,2026-02-25,147,51,22.24871,22.760815,21.575878,76.92159,7.8099065,2.9522562,80.227776,74.272606,9.416026,6.148926
22.0,122.0,2025-10-01,2026-02-26,148,51,22.38466,22.87345,21.746063,77.68983,7.240722,2.7476165,81.37542,74.51007,9.108952,5.67537
22.0,122.0,2025-10-01,2026-02-27,149,51,22.162802,22.65165,21.60222,77.787926,8.0059805,1.8582793,81.13056,74.77354,9.513851,6.3620305
22.0,122.0,2025-10-01,2026-02-28,150,51,22.279736,22.715763,21.761032,75.78802,7.439024,1.5844116,78.97285,73.035126,8.881519,6.008518
23.0,120.0,2025-10-01,2025-10-01,0,51,27.4403,28.769035,26.259462,83.32136,1.2536168,0.0,88.99779,76.1174,1.7644365,0.7418568
23.0,120.0,2025-10-01,2025-10-02,1,51,27.353155,29.181257,26.152441,83.93053,1.3570353,0.31711417,90.303734,73.26901,1.8083704,0.9567727
23.0,120.0,2025-10-01,2025-10-03,2,51,27.32172,28.953207,26.36044,84.6674,2.3792582,0.9816506,89.55385,75.86618,2.8670354,1.885396
23.0,120.0,2025-10-01,2025-10-04,3,51,27.568808,29.021215,26.447737,84.75291,1.9815887,1.7578691,90.568985,76.99432,2.778774,1.2579005
23.0,120.0,2025-10-01,2025-10-05,4,51,27.489906,29.075056,26.463924,84.93822,1.1542244,1.0956535,90.14968,76.06961,1.7994438,0.5340785
23.0,120.0,2025-10-01,2025-10-06,5,51,27.50146,29.04136,26.402224,85.24646,1.9104477,1.3642242,90.63286,76.66095,2.667414,1.2067196
23.0,120.0,2025-10-01,2025-10-07,6,51,27.33348,28.82108,26.33462,84.87195,2.3209033,1.0057521,89.87169,76.093056,2.860827,1.7282453
23.0,120.0,2025-10-01,2025-10-08,7,51,27.30098,28.625563,26.36147,83.90351,2.6485977,1.2777476,89.076256,75.87376,3.4157662,1.8555045
23.0,120.0,2025-10-01,2025-10-09,8,51,27.220732,28.485785,26.401642,83.964134,2.5248268,1.8223863,88.454865,76.78375,3.2597947,1.7297217
23.0,120.0,2025-10-01,2025-10-10,9,51,27.238302,28.614412,26.289726,84.15288,2.484615,1.6313207,89.38237,76.23011,3.2019608,1.7407509
23.0,120.0,2025-10-01,2025-10-11,10,51,27.180965,28.537125,26.301605,84.54335,2.6946268,2.0643063,89.17203,76.81528,3.356031,1.9909178
23.0,120.0,2025-10-01,2025-10-12,11,51,27.093224,28.33583,26.209843,84.15854,3.5112648,2.8097692,88.57745,77.15662,4.2505593,2.6556926
23.0,120.0,2025-10-01,2025-10-13,12,51,26.905262,28.055326,26.097996,84.01826,4.327968,3.8394742,88.00135,77.93154,5.1680617,3.4026885
23.0,120.0,2025-10-01,2025-10-14,13,51,26.762468,27.908428,25.951748,83.87619,5.244752,3.112355,87.74917,77.84258,6.241621,4.147882
23.0,120.0,2025-10-01,2025-10-15,14,51,26.62699,27.745811,25.84523,83.73625,5.8972034,3.3363032,87.29649,77.87779,6.6405115,5.086436
23.0,120.0,2025-10-01,2025-10-16,15,51,26.552135,27.662596,25.73198,83.24148,6.0887957,3.2248487,87.10336,77.59537,6.7533464,5.274232
23.0,120.0,2025-10-01,2025-10-17,16,51,26.434916,27.568283,25.642326,82.74445,6.3062205,2.4175858,86.62691,76.84483,7.090024,5.488456
23.0,120.0,2025-10-01,2025-10-18,17,51,26.377853,27.565363,25.562342,82.16373,6.577482,2.9909458,86.36647,75.897545,7.2910995,5.794163
23.0,120.0,2025-10-01,2025-10-19,18,51,26.218601,27.304771,25.405586,81.43328,6.8799562,1.9706374,85.269066,75.76466,7.5522833,6.061082
23.0,120.0,2025-10-01,2025-10-20,19,51,26.067215,27.200617,25.283506,80.904274,7.1588144,2.2577543,84.787506,75.000275,7.7910604,6.3733506
23.0,120.0,2025-10-01,2025-10-21,20,51,25.910477,26.973701,25.113157,81.10057,7.0266123,1.9895122,85.26911,75.39792,7.709728,6.218828
23.0,120.0,2025-10-01,2025-10-22,21,51,25.794672,26.82169,25.05555,81.045074,6.911989,1.9933906,84.67849,75.620125,7.6242275,6.139385
23.0,120.0,2025-10-01,2025-10-23,22,51,25.779758,26.782537,25.067608,81.17286,6.4247894,2.942975,85.26532,75.331955,7.135886,5.581711
23.0,120.0,2025-10-01,2025-10-24,23,51,25.881147,26.941715,25.149454,81.76928,6.065051,3.2109895,86.04497,75.45819,6.8085437,5.2386065
23.0,120.0,2025-10-01,2025-10-25,24,51,25.781904,26.921806,24.980833,81.7081,6.268472,2.540687,85.592896,75.46323,7.053141,5.3476486
23.0,120.0,2025-10-01,2025-10-26,25,51,25.603382,26.639477,24.820713,80.41356,6.4856014,1.7611039,84.32474,74.830475,7.2755394,5.568313
23.0,120.0,2025-10-01,2025-10-27,26,51,25.434088,26.432356,24.698956,79.61292,6.3282037,3.6119027,83.14792,74.29353,7.0945024,5.420232
23.0,120.0,2025-10-01,2025-10-28,27,51,25.339409,26.36127,24.618547,79.231735,6.294972,2.0251598,83.167534,73.77342,6.8933153,5.5430365
23.0,120.0,2025-10-01,2025-10-29,28,51,25.29324,26.39335,24.496414,79.11644,5.961174,1.2614944,83.82773,72.67527,6.7178082,5.0170717
23.0,120.0,2025-10-01,2025-10-30,29,51,25.290781,26.39347,24.56731,79.68608,5.93283,1.151576,83.9516,73.38804,6.7313824,5.0534606
23.0,120.0,2025-10-01,2025-10-31,30,51,25.298819,26.465622,24.523739,79.94504,6.2561035,1.30747,84.49704,73.3949,7.1086845,5.340538
23.0,120.0,2025-10-01,2025-11-01,31,51,25.006977,26.093445,24.19646,80.506,6.742871,2.737718,84.31473,74.78554,7.541054,5.74395
23.0,120.0,2025-10-01,2025-11-02,32,51,24.856249,25.883307,24.081028,79.73175,7.0393715,1.8515213,84.05922,73.94347,7.8087435,6.0826263
23.0,120.0,2025-10-01,2025-11-03,33,51,24.665272,25.715508,23.958649,78.99692,6.7323656,2.9163785,82.783806,73.34891,7.5297613,5.848215
23.0,120.0,2025-10-01,2025-11-04,34,51,24.828978,25.990746,24.04058,79.55198,6.35112,1.8720468,84.152054,72.820335,7.2185526,5.4002953
23.0,120.0,2025-10-01,2025-11-05,35,51,24.864014,25.939388,24.133316,80.00296,6.7046833,2.9370894,84.35677,73.95888,7.449278,5.744041
23.0,120.0,2025-10-01,2025-11-06,36,51,24.57329,25.638317,23.787407,80.03981,6.8556347,3.0909927,83.810326,74.58725,7.6887383,5.9550095
23.0,120.0,2025-10-01,2025-11-07,37,51,24.381252,25.3895,23.681097,79.71134,6.723963,1.9913287,83.689316,73.827545,7.611787,5.788993
23.0,120.0,2025-10-01,2025-11-08,38,51,24.343164,25.518505,23.52765,79.554,6.8812757,1.4040663,83.90869,73.14668,7.672029,5.97847
23.0,120.0,2025-10-01,2025-11-09,39,51,24.15831,25.188023,23.35652,79.45384,7.324328,1.883832,83.32842,74.24108,8.149231,6.2706766
23.0,120.0,2025-10-01,2025-11-10,40,51,23.894674,24.944992,23.17345,78.55504,7.289283,2.1447463,82.73093,72.58562,8.011034,6.4444265
23.0,120.0,2025-10-01,2025-11-11,41,51,23.832586,24.877506,23.05728,78.42359,7.1109967,1.5206764,82.546234,72.38837,7.777338,6.2255793
23.0,120.0,2025-10-01,2025-11-12,42,51,23.806423,24.849512,23.024284,78.69751,7.1709237,2.2016442,82.739334,72.776,8.0043,6.159428
23.0,120.0,2025-10-01,2025-11-13,43,51,23.601486,24.661303,22.823967,78.83242,7.0707264,1.5250928,83.05711,72.95892,7.8327713,6.1743345
23.0,120.0,2025-10-01,2025-11-14,44,51,23.49319,24.528103,22.76383,78.99101,6.7561603,1.4809303,82.889366,73.11844,7.57051,5.7922606
23.0,120.0,2025-10-01,2025-11-15,45,51,23.485126,24.543335,22.740492,78.72626,6.8289986,1.5295181,83.0919,72.783905,7.562742,5.975148
23.0,120.0,2025-10-01,2025-11-16,46,51,23.494179,24.58573,22.768002,78.98108,6.473187,2.024559,83.664734,72.36925,7.2105227,5.606598
23.0,120.0,2025-10-01,2025-11-17,47,51,23.479242,24.658962,22.624958,79.205505,6.613367,2.4852848,83.9071,72.54168,7.4894023,5.629644
23.0,120.0,2025-10-01,2025-11-18,48,51,23.24847,24.344322,22.44334,79.533195,7.060584,1.8602114,83.94491,73.24777,8.024509,5.9640145
23.0,120.0,2025-10-01,2025-11-19,49,51,22.974087,24.134445,22.126114,79.37587,7.383814,1.415994,83.68251,73.45122,8.312929,6.272299
23.0,120.0,2025-10-01,2025-11-20,50,51,22.756775,23.770597,21.945318,78.32761,7.236258,2.047071,82.46263,72.69578,8.118662,6.2895927
23.0,120.0,2025-10-01,2025-11-21,51,51,22.585459,23.69918,21.742687,77.754166,7.2172985,2.2678056,82.13249,71.72792,7.9871745,6.2174606
23.0,120.0,2025-10-01,2025-11-22,52,51,22.445034,23.510445,21.693695,77.85359,7.328499,2.3251622,82.13037,71.77728,8.134848,6.3342886
23.0,120.0,2025-10-01,2025-11-23,53,51,22.367706,23.391129,21.566511,78.0136,6.8591356,1.7759316,82.353584,72.0502,7.7497635,5.7881985
23.0,120.0,2025-10-01,2025-11-24,54,51,22.29394,23.36392,21.542187,77.85189,6.414827,1.5455132,82.62349,71.52147,7.2358294,5.4469204
23.0,120.0,2025-10-01,2025-11-25,55,51,22.235718,23.36421,21.44233,78.55935,6.7237234,2.034718,83.10872,71.72934,7.528999,5.701152
23.0,120.0,2025-10-01,2025-11-26,56,51,22.045145,23.0517,21.273079,78.47124,7.262486,1.7771463,82.71796,72.84361,8.1295395,6.143703
23.0,120.0,2025-10-01,2025-11-27,57,51,21.946184,22.990036,21.164312,77.76181,7.0715714,0.85295117,81.606,71.86383,7.9591684,5.953072
23.0,120.0,2025-10-01,2025-11-28,58,51,22.081476,23.26945,21.22646,77.4518,6.787739,0.5195376,82.000916,70.876785,7.688125,5.8528643
23.0,120.0,2025-10-01,2025-11-29,59,51,21.924528,23.024385,21.142786,77.69206,6.863035,1.4500101,82.166504,71.30655,7.582795,5.9516497
23.0,120.0,2025-10-01,2025-11-30,60,51,21.760612,22.796865,21.00742,78.270775,6.8698664,1.742425,82.565,72.12939,7.689879,5.824776
23.0,120.0,2025-10-01,2025-12-01,61,51,21.628214,22.646639,20.86921,78.17467,7.0067277,1.7179663,82.358505,72.44802,7.7722993,6.083942
23.0,120.0,2025-10-01,2025-12-02,62,51,21.591553,22.643116,20.828726,77.126785,6.8465195,0.71756923,81.281906,70.92236,7.7047415,5.8794937
23.0,120.0,2025-10-01,2025-12-03,63,51,21.609947,22.76955,20.790451,77.03224,6.226449,1.2348481,81.796585,70.35787,7.0576124,5.2590156
23.0,120.0,2025-10-01,2025-12-04,64,51,21.299156,22.487635,20.413795,77.72919,6.5653453,2.6216617,82.50354,71.019485,7.443532,5.4867086
23.0,120.0,2025-10-01,2025-12-05,65,51,21.190226,22.32864,20.340477,77.66934,6.725939,1.148905,82.06947,70.96663,7.628366,5.7488394
23.0,120.0,2025-10-01,2025-12-06,66,51,21.151405,22.25699,20.343266,77.77251,7.1985273,1.4133732,82.252106,71.61911,8.154114,6.081322
23.0,120.0,2025-10-01,2025-12-07,67,51,20.922987,22.010849,20.116116,77.0025,7.188889,1.6172018,81.43921,70.983345,8.041401,6.223987
23.0,120.0,2025-10-01,2025-12-08,68,51,20.851685,21.933952,20.02162,77.07776,6.6605644,1.2838748,81.19458,70.66139,7.565959,5.6883907
23.0,120.0,2025-10-01,2025-12-09,69,51,20.944616,22.135384,20.087017,77.31897,6.439934,1.0602791,82.30577,70.65193,7.295565,5.4931083
23.0,120.0,2025-10-01,2025-12-10,70,51,20.636578,21.85744,19.739391,77.05403,7.0137906,1.262918,81.762314,70.36708,7.881895,6.061506
23.0,120.0,2025-10-01,2025-12-11,71,51,20.441744,21.56155,19.5886,76.57121,6.8802195,1.6093464,80.98453,70.11255,7.63459,5.990328
23.0,120.0,2025-10-01,2025-12-12,72,51,20.330627,21.414932,19.451208,76.91136,6.6102076,1.5178363,81.38814,70.90584,7.558145,5.488509
23.0,120.0,2025-10-01,2025-12-13,73,51,20.351519,21.431435,19.514103,76.74135,6.246108,1.8635108,81.23485,69.98086,7.1489444,5.2932067
23.0,120.0,2025-10-01,2025-12-14,74,51,20.423893,21.49562,19.615864,77.826,6.481284,1.9681704,81.94231,71.4359,7.2842827,5.5377035
23.0,120.0,2025-10-01,2025-12-15,75,51,20.28091,21.306328,19.48547,76.89569,6.8117085,2.0650954,81.46957,70.87463,7.6676197,5.911187
23.0,120.0,2025-10-01,2025-12-16,76,51,20.020279,21.148888,19.202984,76.13736,6.5936623,0.9508172,80.395744,69.50963,7.352388,5.788618
23.0,120.0,2025-10-01,2025-12-17,77,51,20.181614,21.336718,19.335068,76.7126,6.274474,0.5466928,81.38131,69.77842,7.2783184,5.239578
23.0,120.0,2025-10-01,2025-12-18,78,51,20.097485,21.25573,19.270422,76.54941,6.33922,0.7835028,81.88934,69.75241,7.056319,5.4727116
23.0,120.0,2025-10-01,2025-12-19,79,51,20.06371,21.22982,19.24585,77.17117,6.126986,1.144283,81.86828,69.96347,7.061823,5.0390997
23.0,120.0,2025-10-01,2025-12-20,80,51,20.003233,21.1447,19.105322,77.29613,6.224306,1.8358281,81.879166,70.50017,7.131793,5.2659035
23.0,120.0,2025-10-01,2025-12-21,81,51,19.958147,21.068998,19.092247,77.10807,6.5545597,1.1939561,81.59848,70.50287,7.322681,5.749708
23.0,120.0,2025-10-01,2025-12-22,82,51,19.917423,20.984402,19.125015,77.22699,6.392818,0.8710343,81.83388,70.56184,7.2502723,5.48623
23.0,120.0,2025-10-01,2025-12-23,83,51,19.968576,21.1282,19.059196,77.651764,6.5688267,2.5801637,81.96,71.26831,7.5582476,5.3780274
23.0,120.0,2025-10-01,2025-12-24,84,51,19.590927,20.65614,18.73474,76.601074,7.0183496,1.6128759,81.17202,70.29403,7.7307606,6.229047
23.0,120.0,2025-10-01,2025-12-25,85,51,19.515121,20.554783,18.669924,76.306046,6.40161,1.828531,80.69438,70.01538,7.3293915,5.36598
23.0,120.0,2025-10-01,2025-12-26,86,51,19.628012,20.817966,18.722544,77.185234,6.1621294,2.4062943,82.3377,70.070404,7.0907497,5.230714
23.0,120.0,2025-10-01,2025-12-27,87,51,19.407238,20.595589,18.5128,76.777054,6.4159946,1.214908,81.62457,70.020256,7.351066,5.328022
23.0,120.0,2025-10-01,2025-12-28,88,51,19.405237,20.479092,18.614096,76.3519,6.1317205,1.4375064,80.72426,69.96068,6.9900494,5.211538
23.0,120.0,2025-10-01,2025-12-29,89,51,19.534386,20.684307,18.69562,76.320885,6.037176,0.75699544,80.73316,69.56769,7.0122795,5.056304
23.0,120.0,2025-10-01,2025-12-30,90,51,19.406284,20.55299,18.601467,76.93385,6.2745104,1.1221881,81.62248,70.055756,7.1441708,5.299988
23.0,120.0,2025-10-01,2025-12-31,91,51,19.39768,20.504326,18.576033,77.29817,6.0374413,1.8725471,81.896774,70.6603,6.9238515,5.0778227
23.0,120.0,2025-10-01,2026-01-01,92,51,19.379402,20.528095,18.523643,77.21026,6.1434627,1.5637686,82.165146,70.45363,7.0922127,5.141849
23.0,120.0,2025-10-01,2026-01-02,93,51,19.29253,20.475569,18.449093,77.223885,6.4355245,1.6034465,81.98844,70.215515,7.3186913,5.43371
23.0,120.0,2025-10-01,2026-01-03,94,51,19.150488,20.371002,18.193409,77.32953,6.4229126,0.83679914,81.92,70.1938,7.2789707,5.454156
23.0,120.0,2025-10-01,2026-01-04,95,51,19.159561,20.313095,18.360481,76.61099,6.088866,1.4606078,81.25926,69.52681,6.995095,5.2240095
23.0,120.0,2025-10-01,2026-01-05,96,51,19.279547,20.44136,18.430584,76.95172,6.235113,0.88305026,81.26004,70.27132,7.1309776,5.338255
23.0,120.0,2025-10-01,2026-01-06,97,51,19.102983,20.231314,18.247559,77.291626,6.540322,1.5766032,81.86931,70.74942,7.2898183,5.673527
23.0,120.0,2025-10-01,2026-01-07,98,51,19.177317,20.264313,18.36433,77.54028,6.209321,2.9476566,81.8714,70.977844,7.158098,5.091806
23.0,120.0,2025-10-01,2026-01-08,99,51,19.291092,20.406475,18.445812,77.410095,5.936411,3.5289514,81.7538,70.46155,6.8934994,4.902156
23.0,120.0,2025-10-01,2026-01-09,100,51,19.254292,20.433268,18.398302,77.39045,5.953066,2.1524467,81.88196,70.54105,6.9697475,4.844391
23.0,120.0,2025-10-01,2026-01-10,101,51,19.071478,20.222305,18.227356,77.38599,6.2483196,2.5378723,81.79989,70.864136,7.1379595,5.308203
23.0,120.0,2025-10-01,2026-01-11,102,51,18.91158,20.068735,18.082764,77.06512,6.441437,1.5147073,81.68917,70.32419,7.3921204,5.421072
23.0,120.0,2025-10-01,2026-01-12,103,51,18.62867,19.77248,17.73161,76.65662,6.249502,1.2740858,81.02665,70.40346,7.232191,5.181617
23.0,120.0,2025-10-01,2026-01-13,104,51,18.516426,19.674793,17.67308,76.35691,5.9855413,1.299206,81.388306,69.269356,6.901458,5.0072975
23.0,120.0,2025-10-01,2026-01-14,105,51,18.745247,19.875957,17.932188,76.92531,6.035039,2.3183453,81.30298,70.325615,7.042062,5.14958
23.0,120.0,2025-10-01,2026-01-15,106,51,18.789927,19.928482,17.842747,77.83646,5.9676657,2.0170012,82.48439,71.01121,6.968313,4.8408537
23.0,120.0,2025-10-01,2026-01-16,107,51,18.83854,20.115076,17.888721,77.92763,6.0470533,1.8142155,83.268814,70.466705,7.0366507,4.99685
23.0,120.0,2025-10-01,2026-01-17,108,51,18.860237,20.080433,18.048738,78.282524,5.804234,1.4211414,82.593094,71.03486,6.7489696,4.7821255
23.0,120.0,2025-10-01,2026-01-18,109,51,19.055548,20.266008,18.070297,78.640564,5.9736204,1.8000679,83.51419,71.4477,6.883832,4.9863224
23.0,120.0,2025-10-01,2026-01-19,110,51,19.206387,20.40656,18.31196,78.9185,5.806493,2.757753,83.40227,71.98703,6.7282534,4.862611
23.0,120.0,2025-10-01,2026-01-20,111,51,19.151882,20.291672,18.313622,79.90254,5.81081,2.4729862,84.3206,73.27871,6.977091,4.5879116
23.0,120.0,2025-10-01,2026-01-21,112,51,18.938541,20.095877,18.055391,79.86624,6.4231176,1.7486913,84.279785,73.637634,7.415078,5.4094048
23.0,120.0,2025-10-01,2026-01-22,113,51,18.783955,19.935402,17.937313,77.83188,6.1683407,1.1666467,82.54942,71.02821,7.199456,5.129119
23.0,120.0,2025-10-01,2026-01-23,114,51,18.82987,20.020681,17.911507,77.444626,5.732969,2.7333913,82.11336,70.737305,6.99433,4.5120816
23.0,120.0,2025-10-01,2026-01-24,115,51,18.607277,19.83257,17.582924,77.69172,6.3171253,2.344812,81.94522,71.08167,7.167636,5.3515863
23.0,120.0,2025-10-01,2026-01-25,116,51,18.63687,19.760685,17.843035,77.70079,6.2935314,1.5272017,82.10292,70.89966,7.2666965,5.295699
23.0,120.0,2025-10-01,2026-01-26,117,51,18.721,19.894203,17.815773,77.298645,6.0835414,1.1225979,81.96995,70.5169,6.971448,5.0601244
23.0,120.0,2025-10-01,2026-01-27,118,51,18.738556,20.03194,17.84081,77.128555,6.205553,1.0454779,81.80121,69.939926,7.137573,5.1725626
23.0,120.0,2025-10-01,2026-01-28,119,51,18.573193,19.741583,17.683807,76.54093,6.369463,1.4328438,80.99382,70.25922,7.3851995,5.268875
23.0,120.0,2025-10-01,2026-01-29,120,51,18.289736,19.457602,17.470287,76.08366,6.204209,1.920377,80.871544,69.090805,7.1563087,5.129028
23.0,120.0,2025-10-01,2026-01-30,121,51,18.516632,19.691765,17.700983,76.16727,5.7915697,1.7405772,81.29448,69.13162,6.7849827,4.7294846
23.0,120.0,2025-10-01,2026-01-31,122,51,18.677853,20.02337,17.689692,76.99881,6.023144,1.3757966,81.81288,69.92737,7.0941114,4.8738747
23.0,120.0,2025-10-01,2026-02-01,123,51,18.441374,19.746809,17.45561,76.615555,5.848236,1.7025683,81.26857,69.39917,6.805484,4.7708364
23.0,120.0,2025-10-01,2026-02-02,124,51,18.4262,19.630281,17.532057,76.28215,5.8142676,0.78878015,81.250725,69.06212,6.766121,4.8542147
23.0,120.0,2025-10-01,2026-02-03,125,51,18.639612,19.863205,17.74744,76.6783,5.6730156,1.085665,81.176414,69.4444,6.5098753,4.7643566
23.0,120.0,2025-10-01,2026-02-04,126,51,18.62692,19.839737,17.760973,77.42038,5.8539095,1.9341699,81.94497,70.402916,6.7371726,4.860885
23.0,120.0,2025-10-01,2026-02-05,127,51,18.754917,20.017992,17.810028,76.620575,5.678316,1.5823061,81.708435,68.96245,6.6229544,4.736911
23.0,120.0,2025-10-01,2026-02-06,128,51,18.812164,20.080502,17.836666,77.99271,5.614383,2.6608472,82.49268,71.11179,6.6199255,4.528473
23.0,120.0,2025-10-01,2026-02-07,129,51,18.81684,19.9626,17.914442,78.236465,5.871852,1.6025413,82.91497,71.35568,6.89091,4.852107
23.0,120.0,2025-10-01,2026-02-08,130,51,18.932524,20.211063,17.94917,78.7885,5.717545,2.882412,82.9496,72.137405,6.655353,4.657937
23.0,120.0,2025-10-01,2026-02-09,131,51,18.839458,19.92685,18.04958,78.774506,5.57819,3.4958537,83.288086,72.1927,6.709014,4.5127964
23.0,120.0,2025-10-01,2026-02-10,132,51,18.943462,20.168797,18.00917,77.20856,5.610139,1.4099622,81.93213,70.26291,6.6403027,4.5540986
23.0,120.0,2025-10-01,2026-02-11,133,51,18.94778,20.16109,18.047491,77.0942,5.3464227,1.9457548,81.970146,70.019775,6.3291492,4.3135986
23.0,120.0,2025-10-01,2026-02-12,134,51,18.928137,20.148685,17.97615,77.72218,5.80372,2.1288362,82.47728,70.94044,6.886258,4.618699
23.0,120.0,2025-10-01,2026-02-13,135,51,18.905586,20.078178,18.010433,77.090256,5.727162,1.6820092,81.69087,70.34007,6.7925425,4.6306634
23.0,120.0,2025-10-01,2026-02-14,136,51,18.939857,20.212301,17.920551,76.907,5.4741106,2.436955,81.77704,69.74868,6.5385065,4.3020926
23.0,120.0,2025-10-01,2026-02-15,137,51,18.899471,20.266047,17.932556,76.0081,5.6900573,1.8047427,81.14749,68.74759,6.838283,4.3958464
23.0,120.0,2025-10-01,2026-02-16,138,51,19.010723,20.269917,18.119776,76.12885,5.3917127,1.1121997,81.44143,68.4973,6.3271656,4.409414
23.0,120.0,2025-10-01,2026-02-17,139,51,19.318203,20.642836,18.305935,76.668594,5.1913376,1.6500268,81.939865,68.75563,6.2028146,4.0233135
23.0,120.0,2025-10-01,2026-02-18,140,51,19.236717,20.432554,18.414268,77.24272,5.4149003,1.9588921,82.512634,70.29271,6.418296,4.306061
23.0,120.0,2025-10-01,2026-02-19,141,51,19.5377,20.750277,18.659275,77.38092,4.944413,1.3613956,82.107635,70.356384,5.9713025,3.7783113
23.0,120.0,2025-10-01,2026-02-20,142,51,19.874302,21.306347,18.972431,77.54976,4.7610116,1.9133186,82.89019,69.52184,5.810672,3.671756
23.0,120.0,2025-10-01,2026-02-21,143,51,19.924973,21.284077,19.00844,77.87721,4.78651,2.0205345,83.01302,70.238556,5.87113,3.6006641
23.0,120.0,2025-10-01,2026-02-22,144,51,20.100971,21.461796,19.175507,78.20362,4.642146,3.2964585,83.32109,70.359436,5.5501337,3.6045485
23.0,120.0,2025-10-01,2026-02-23,145,51,20.340275,21.765446,19.384731,78.70053,4.765947,2.6081398,84.247635,70.451355,5.6466136,3.8406506
23.0,120.0,2025-10-01,2026-02-24,146,51,20.468037,21.880322,19.491177,79.18944,4.7315674,3.9069202,84.31239,70.74036,5.9705877,3.4716978
23.0,120.0,2025-10-01,2026-02-25,147,51,20.443405,21.768974,19.549118,79.698586,4.828903,2.1173697,84.39249,72.39574,6.0038576,3.5962608
23.0,120.0,2025-10-01,2026-02-26,148,51,20.608492,22.059656,19.590748,79.603485,4.8559666,2.1449206,85.02699,71.58551,6.1544523,3.5483446
23.0,120.0,2025-10-01,2026-02-27,149,51,20.427319,21.729885,19.56212,79.50523,4.9232035,1.4795485,84.32333,72.23724,6.181467,3.5510423
23.0,120.0,2025-10-01,2026-02-28,150,51,20.599316,21.951435,19.725435,78.511765,4.149099,2.0006328,83.82417,70.72128,5.2594585,2.993388
23.0,121.0,2025-10-01,2025-10-01,0,51,25.223307,27.42753,23.557594,84.758446,1.0127618,0.0,90.66914,74.67455,1.2009485,0.8310145
23.0,121.0,2025-10-01,2025-10-02,1,51,24.987364,27.78236,23.071705,84.08501,1.1138781,0.3395518,90.65401,70.633896,1.40131,0.7642779
23.0,121.0,2025-10-01,2025-10-03,2,51,24.98303,27.335361,23.438374,84.161194,1.5236422,2.0689306,90.95303,73.32492,1.8896947,1.1837323
23.0,121.0,2025-10-01,2025-10-04,3,51,25.270113,27.403477,23.565575,86.2056,1.6737239,1.790793,93.55446,76.480675,2.4716835,1.0874171
23.0,121.0,2025-10-01,2025-10-05,4,51,25.344486,27.709139,23.718857,86.35266,0.7821423,1.0525718,93.07844,74.28889,1.1829659,0.40367815
23.0,121.0,2025-10-01,2025-10-06,5,51,25.352247,27.577127,23.740738,86.095215,1.2707782,1.3274148,92.61916,74.63347,1.6148467,0.9497642
23.0,121.0,2025-10-01,2025-10-07,6,51,25.170889,27.41562,23.615026,85.773026,1.858664,1.3888161,91.993835,74.00122,2.1411269,1.599374
23.0,121.0,2025-10-01,2025-10-08,7,51,25.114689,27.102654,23.674599,85.17499,2.1485708,2.456759,91.122345,75.22797,2.4504502,1.8638909
23.0,121.0,2025-10-01,2025-10-09,8,51,24.944605,26.775314,23.702934,85.90724,2.1816573,3.4959626,90.76327,77.28938,2.546339,1.858084
23.0,121.0,2025-10-01,2025-10-10,9,51,24.952627,26.944405,23.58216,85.85723,2.0358994,3.0345864,91.53874,75.96382,2.403041,1.6703017
23.0,121.0,2025-10-01,2025-10-11,10,51,24.93165,26.856247,23.5895,86.003586,2.069975,4.26864,91.46317,76.491714,2.4313416,1.7216247
23.0,121.0,2025-10-01,2025-10-12,11,51,24.775772,26.617779,23.472065,85.93567,2.3107703,7.966159,91.07756,76.97297,2.6538718,1.9129092
23.0,121.0,2025-10-01,2025-10-13,12,51,24.55776,26.183142,23.435455,86.30777,2.5429363,11.237167,90.749405,78.84291,2.9805872,2.1402884
23.0,121.0,2025-10-01,2025-10-14,13,51,24.492123,26.162407,23.35756,85.95087,2.679232,9.885497,90.44875,78.19806,3.075396,2.3167593
23.0,121.0,2025-10-01,2025-10-15,14,51,24.43671,26.064592,23.346264,85.842926,2.7324166,8.691577,90.14108,78.15181,3.1718497,2.3068762
23.0,121.0,2025-10-01,2025-10-16,15,51,24.426996,26.159277,23.169182,85.43066,2.8463087,10.330893,90.21074,77.313675,3.2609403,2.4498596
23.0,121.0,2025-10-01,2025-10-17,16,51,24.286438,25.973381,23.159107,85.059074,2.943452,7.659497,89.358185,77.12495,3.3733077,2.5864947
23.0,121.0,2025-10-01,2025-10-18,17,51,24.28021,26.00889,23.10917,84.53842,3.0878348,9.558015,89.369064,76.291336,3.5175233,2.6196725
23.0,121.0,2025-10-01,2025-10-19,18,51,24.154936,25.848671,22.93903,83.65379,3.3180416,6.020891,88.605095,75.55495,3.752275,2.9004166
23.0,121.0,2025-10-01,2025-10-20,19,51,24.0108,25.736525,22.852877,83.21403,3.4140465,7.369444,88.070885,75.04363,3.8539743,2.9978948
23.0,121.0,2025-10-01,2025-10-21,20,51,23.854736,25.513905,22.730162,83.61484,3.429348,7.2581615,88.55339,75.73208,3.8756633,3.0017993
23.0,121.0,2025-10-01,2025-10-22,21,51,23.789148,25.364162,22.727116,83.50754,3.377951,8.842146,88.004326,76.12586,3.8638887,2.896653
23.0,121.0,2025-10-01,2025-10-23,22,51,23.714554,25.26503,22.687683,83.67259,3.063825,8.246669,88.147644,76.01582,3.509156,2.615016
23.0,121.0,2025-10-01,2025-10-24,23,51,23.856697,25.55518,22.730701,83.85632,2.9553914,6.1573687,88.82124,75.392365,3.4149873,2.5050566
23.0,121.0,2025-10-01,2025-10-25,24,51,23.801514,25.53282,22.633076,83.797585,3.0776615,5.9791346,88.39723,75.49602,3.5527577,2.631446
23.0,121.0,2025-10-01,2025-10-26,25,51,23.596802,25.2209,22.4612,82.622154,3.2526746,5.880497,87.087616,74.79378,3.708266,2.8049202
23.0,121.0,2025-10-01,2025-10-27,26,51,23.425676,25.021812,22.394508,82.0857,3.1298537,9.151795,86.31889,74.86868,3.6394744,2.6065993
23.0,121.0,2025-10-01,2025-10-28,27,51,23.30369,24.923874,22.216549,81.71895,3.250253,6.5053396,86.078156,74.498215,3.671689,2.7855072
23.0,121.0,2025-10-01,2025-10-29,28,51,23.219584,24.846006,22.12244,81.500595,3.1115015,5.3992834,86.79018,73.30646,3.6285038,2.60994
23.0,121.0,2025-10-01,2025-10-30,29,51,23.303543,25.001852,22.265589,81.93578,2.9881742,4.732317,86.86678,73.59246,3.5041194,2.5104983
23.0,121.0,2025-10-01,2025-10-31,30,51,23.354828,25.115196,22.265472,82.22468,3.1609528,4.5565653,87.274765,73.61583,3.624236,2.660124
23.0,121.0,2025-10-01,2025-11-01,31,51,23.156048,24.849434,21.996613,82.44708,3.341824,6.774418,86.92122,74.72595,3.8192072,2.8200076
23.0,121.0,2025-10-01,2025-11-02,32,51,22.929358,24.55061,21.806591,82.08184,3.5883644,6.7142982,86.97636,74.275024,4.094108,3.0493712
23.0,121.0,2025-10-01,2025-11-03,33,51,22.648687,24.257366,21.617428,81.73137,3.472763,8.341512,86.20259,74.299446,4.0822563,2.8327694
23.0,121.0,2025-10-01,2025-11-04,34,51,22.861513,24.61437,21.803091,81.68788,3.170596,5.690789,87.080635,72.86597,3.7702932,2.591813
23.0,121.0,2025-10-01,2025-11-05,35,51,22.882118,24.549469,21.818642,82.35213,3.382636,10.135721,87.38744,74.18606,3.8897777,2.832296
23.0,121.0,2025-10-01,2025-11-06,36,51,22.626328,24.212723,21.55256,82.07234,3.5202632,10.01764,86.475075,74.77479,4.074688,3.0158868
23.0,121.0,2025-10-01,2025-11-07,37,51,22.429386,24.047209,21.400026,81.88994,3.4059649,5.97772,86.463684,73.987564,3.9414072,2.872516
23.0,121.0,2025-10-01,2025-11-08,38,51,22.38495,24.141272,21.229578,81.695335,3.4617047,5.467805,86.59859,73.13236,3.930687,2.9480884
23.0,121.0,2025-10-01,2025-11-09,39,51,22.285732,23.853664,21.201931,81.6977,3.7071,6.373577,86.30727,74.64147,4.270299,3.138804
23.0,121.0,2025-10-01,2025-11-10,40,51,22.024105,23.673233,20.958525,80.635544,3.8025782,6.9345922,85.45979,72.66809,4.303067,3.2846959
23.0,121.0,2025-10-01,2025-11-11,41,51,21.928541,23.588186,20.853727,80.55348,3.6846879,5.246292,85.38658,72.39184,4.1309023,3.185671
23.0,121.0,2025-10-01,2025-11-12,42,51,21.916758,23.610998,20.8203,80.8155,3.6433647,6.057964,85.530235,72.55275,4.1624923,3.129021
23.0,121.0,2025-10-01,2025-11-13,43,51,21.701284,23.371315,20.631012,81.24226,3.625826,6.3856735,85.87187,73.33269,4.095295,3.120016
23.0,121.0,2025-10-01,2025-11-14,44,51,21.579767,23.259243,20.517982,81.19475,3.4931748,6.801216,86.152275,73.06223,4.0301895,2.9669344
23.0,121.0,2025-10-01,2025-11-15,45,51,21.494768,23.174477,20.424335,81.21507,3.6028833,7.625882,86.30388,73.05124,4.019489,3.1996045
23.0,121.0,2025-10-01,2025-11-16,46,51,21.542772,23.231747,20.467083,81.298065,3.3945804,6.6427436,86.57211,72.68392,3.9431684,2.9171133
23.0,121.0,2025-10-01,2025-11-17,47,51,21.580528,23.392918,20.44542,81.63109,3.536112,5.8379273,86.676476,72.788185,4.112561,2.9618819
23.0,121.0,2025-10-01,2025-11-18,48,51,21.42884,23.191113,20.306099,81.55394,3.4999967,5.8160696,86.65204,72.89832,4.181043,2.872382
23.0,121.0,2025-10-01,2025-11-19,49,51,21.173244,22.99327,19.981392,81.470764,3.620497,5.0652323,86.60514,72.88589,4.253071,2.9220376
23.0,121.0,2025-10-01,2025-11-20,50,51,20.917562,22.553883,19.823992,80.58806,3.6653001,5.1636424,85.420334,72.827385,4.37918,2.9499447
23.0,121.0,2025-10-01,2025-11-21,51,51,20.683968,22.39657,19.52602,80.224304,3.780279,6.3277884,85.44328,72.03168,4.305002,3.265522
23.0,121.0,2025-10-01,2025-11-22,52,51,20.510235,22.233747,19.428173,80.51334,3.7938795,7.5250683,85.548096,72.19265,4.302862,3.2825546
23.0,121.0,2025-10-01,2025-11-23,53,51,20.399387,22.027142,19.346943,80.39862,3.7170272,5.5938787,85.28467,72.53152,4.319693,3.1460238
23.0,121.0,2025-10-01,2025-11-24,54,51,20.366154,22.051708,19.268244,80.083694,3.4760332,4.7007403,85.07432,71.794685,4.076643,2.888653
23.0,121.0,2025-10-01,2025-11-25,55,51,20.396652,22.124031,19.38229,80.23862,3.5013723,3.9679763,85.56796,71.42146,4.0218687,2.9665327
23.0,121.0,2025-10-01,2025-11-26,56,51,20.155092,21.797573,19.027138,80.64936,3.7232344,4.861798,85.62695,72.90469,4.294583,3.1569672
23.0,121.0,2025-10-01,2025-11-27,57,51,20.031635,21.735859,18.963114,80.02176,3.5319142,3.932274,85.042694,71.692856,4.1181955,2.9704638
23.0,121.0,2025-10-01,2025-11-28,58,51,20.148258,21.987614,19.001284,79.392265,3.5223672,2.735316,84.47426,70.53395,4.110612,2.9388332
23.0,121.0,2025-10-01,2025-11-29,59,51,20.049313,21.878887,18.904503,79.57116,3.5470068,5.0840225,84.98087,70.68361,4.08307,2.9895666
23.0,121.0,2025-10-01,2025-11-30,60,51,19.901833,21.531466,18.864254,80.29636,3.4757073,6.2245274,85.54397,71.94748,4.024055,2.9135413
23.0,121.0,2025-10-01,2025-12-01,61,51,19.72858,21.411911,18.651573,80.787964,3.5505705,5.339846,85.73494,72.7792,4.1227336,3.0152125
23.0,121.0,2025-10-01,2025-12-02,62,51,19.603765,21.313408,18.53072,79.48357,3.5212607,4.0137496,84.11023,71.24589,4.071708,2.9692564
23.0,121.0,2025-10-01,2025-12-03,63,51,19.639555,21.499344,18.47813,78.87891,3.277392,3.7861586,84.171196,69.72516,3.8123639,2.7362142
23.0,121.0,2025-10-01,2025-12-04,64,51,19.440601,21.387226,18.199343,79.82355,3.3458867,5.7494373,85.47773,70.24442,4.002543,2.7319858
23.0,121.0,2025-10-01,2025-12-05,65,51,19.383362,21.221104,18.261433,80.066956,3.4471323,3.5271049,85.1315,70.848335,4.029317,2.8856988
23.0,121.0,2025-10-01,2025-12-06,66,51,19.327744,21.117668,18.164139,80.07594,3.6210446,4.1554523,85.38371,71.397644,4.263437,2.969773
23.0,121.0,2025-10-01,2025-12-07,67,51,19.06583,20.797146,17.946474,79.72874,3.7032316,4.026142,84.90585,71.5124,4.3323317,3.0428426
23.0,121.0,2025-10-01,2025-12-08,68,51,18.988508,20.71286,17.867626,79.31589,3.4758277,3.392665,84.04733,70.51857,4.061554,2.9549239
23.0,121.0,2025-10-01,2025-12-09,69,51,19.126858,21.014668,17.920507,79.52404,3.2717955,3.0526586,85.02522,70.41951,3.892144,2.5878017
23.0,121.0,2025-10-01,2025-12-10,70,51,18.852358,20.79963,17.606043,79.37151,3.6349182,3.1779318,85.13024,69.94083,4.289444,2.9873116
23.0,121.0,2025-10-01,2025-12-11,71,51,18.585754,20.392174,17.439152,79.276184,3.597211,3.9158642,84.475204,70.48429,4.118331,3.0741765
23.0,121.0,2025-10-01,2025-12-12,72,51,18.503532,20.25466,17.325031,78.97335,3.4592195,4.1794133,83.75456,70.822914,4.1715884,2.7774756
23.0,121.0,2025-10-01,2025-12-13,73,51,18.514275,20.336235,17.368626,78.78479,3.1641755,3.888533,84.24799,69.25313,3.7412467,2.594831
23.0,121.0,2025-10-01,2025-12-14,74,51,18.690723,20.474365,17.627901,79.606895,3.1408274,4.027425,84.77906,70.72439,3.7279444,2.516054
23.0,121.0,2025-10-01,2025-12-15,75,51,18.483637,20.216528,17.314604,79.40028,3.4721959,5.063018,84.48811,71.27842,4.12449,2.8144011
23.0,121.0,2025-10-01,2025-12-16,76,51,18.072044,19.953085,16.884119,78.867455,3.4461586,3.5808034,83.94211,69.5844,3.970139,2.919344
23.0,121.0,2025-10-01,2025-12-17,77,51,18.303192,20.24291,17.116482,78.92829,3.1958938,2.7571738,84.31706,69.0484,3.8318725,2.6049647
23.0,121.0,2025-10-01,2025-12-18,78,51,18.306007,20.322573,17.046991,78.59691,3.2728515,2.8128128,84.52767,68.792274,3.8106477,2.7303143
23.0,121.0,2025-10-01,2025-12-19,79,51,18.232449,20.14766,17.068233,79.10733,3.1256325,3.3002212,84.47376,69.41322,3.7876656,2.504984
23.0,121.0,2025-10-01,2025-12-20,80,51,18.191303,20.038868,16.994617,79.70332,3.1407545,4.563311,84.949066,70.64334,3.7585616,2.514964
23.0,121.0,2025-10-01,2025-12-21,81,51,18.12851,19.985416,16.961042,79.54011,3.2596695,3.444541,84.72741,70.37655,3.8907063,2.6377535
23.0,121.0,2025-10-01,2025-12-22,82,51,17.97947,19.741795,16.83324,79.58699,3.2482324,3.5671148,84.35598,70.93274,3.8477886,2.6577003
23.0,121.0,2025-10-01,2025-12-23,83,51,18.197292,20.190323,16.96361,79.31883,3.3231711,4.5484924,84.44348,69.82297,4.0484457,2.565296
23.0,121.0,2025-10-01,2025-12-24,84,51,17.811813,19.6231,16.600882,78.76126,3.6586528,3.9957302,83.78678,70.15814,4.2217016,3.0934706
23.0,121.0,2025-10-01,2025-12-25,85,51,17.646954,19.404472,16.463596,78.83185,3.2998023,3.8461003,84.00011,69.944145,3.9489026,2.6809483
23.0,121.0,2025-10-01,2025-12-26,86,51,17.763247,19.642097,16.504333,79.438354,3.1484885,5.160162,85.302246,69.925514,3.9226432,2.4771338
23.0,121.0,2025-10-01,2025-12-27,87,51,17.633223,19.606781,16.417185,79.07245,3.236055,3.458317,84.743935,69.42381,3.9932973,2.4649682
23.0,121.0,2025-10-01,2025-12-28,88,51,17.523338,19.415781,16.356922,78.6793,3.1605158,3.7531238,83.80774,69.57823,3.761491,2.5368972
23.0,121.0,2025-10-01,2025-12-29,89,51,17.60862,19.531471,16.44141,78.81171,3.091436,3.3690724,84.10776,69.26178,3.7505867,2.491509
23.0,121.0,2025-10-01,2025-12-30,90,51,17.57328,19.530329,16.433756,79.00081,3.2010663,3.0834453,84.27095,69.538765,3.8864996,2.514616
23.0,121.0,2025-10-01,2025-12-31,91,51,17.540882,19.422066,16.399021,79.7251,3.0472841,4.1413093,84.89739,70.39047,3.6961136,2.3900054
23.0,121.0,2025-10-01,2026-01-01,92,51,17.57829,19.530745,16.3994,79.32109,3.07902,3.8180475,84.77618,69.96661,3.7378545,2.450478
23.0,121.0,2025-10-01,2026-01-02,93,51,17.48715,19.480354,16.285233,79.43069,3.2547736,4.549732,85.08844,69.49141,3.9409275,2.5814009
23.0,121.0,2025-10-01,2026-01-03,94,51,17.375725,19.415731,16.107027,79.56893,3.2644994,3.4817567,84.930695,69.68947,3.862854,2.6338682
23.0,121.0,2025-10-01,2026-01-04,95,51,17.308224,19.296368,16.127281,78.80978,3.0665023,3.9132724,84.383766,68.90417,3.6812449,2.421866
23.0,121.0,2025-10-01,2026-01-05,96,51,17.40052,19.339687,16.245247,79.277756,3.1169777,3.499258,84.540405,69.57555,3.7563572,2.4550924
23.0,121.0,2025-10-01,2026-01-06,97,51,17.282001,19.20997,16.040733,79.65275,3.396763,4.3052683,85.02551,70.19939,3.982323,2.7947202
23.0,121.0,2025-10-01,2026-01-07,98,51,17.281826,19.08625,16.17246,79.733826,3.1769857,5.1064186,85.08006,70.69114,3.8885856,2.4840908
23.0,121.0,2025-10-01,2026-01-08,99,51,17.478468,19.395782,16.239883,79.507416,2.9868095,5.5630965,84.75576,70.058105,3.6958826,2.2816608
23.0,121.0,2025-10-01,2026-01-09,100,51,17.412117,19.35893,16.170727,79.71452,3.0816638,4.7854147,84.72787,70.39155,3.8013144,2.343658
23.0,121.0,2025-10-01,2026-01-10,101,51,17.231022,19.073277,16.00681,80.003944,3.125177,5.534187,85.02383,71.07611,3.7000024,2.5500693
23.0,121.0,2025-10-01,2026-01-11,102,51,17.159298,19.12495,15.873016,79.5391,3.4215484,4.0365467,84.927704,70.19289,4.136866,2.7246442
23.0,121.0,2025-10-01,2026-01-12,103,51,16.789484,18.686497,15.55723,79.01686,3.2903123,3.9655633,84.10896,69.85924,4.0255256,2.6083918
23.0,121.0,2025-10-01,2026-01-13,104,51,16.651665,18.55032,15.467497,78.524956,3.1901333,3.7775352,83.74117,69.14545,3.7971146,2.6215267
23.0,121.0,2025-10-01,2026-01-14,105,51,16.96199,18.855717,15.858466,79.12324,3.0066388,4.875777,84.465034,69.73005,3.7115204,2.2908623
23.0,121.0,2025-10-01,2026-01-15,106,51,17.098438,19.014793,15.811112,79.72537,2.9742796,4.2176447,84.877655,70.67231,3.7449594,2.2151499
23.0,121.0,2025-10-01,2026-01-16,107,51,17.181866,19.306084,15.809548,79.51872,3.0419588,5.091075,85.36566,69.46367,3.8005,2.3080595
23.0,121.0,2025-10-01,2026-01-17,108,51,17.11412,19.156954,15.884668,79.86476,2.7739758,3.8743904,85.396515,69.61575,3.5066047,2.0504003
23.0,121.0,2025-10-01,2026-01-18,109,51,17.388245,19.483128,16.008512,80.210495,2.935192,3.7942798,85.893,69.81511,3.5472143,2.2700741
23.0,121.0,2025-10-01,2026-01-19,110,51,17.500395,19.549932,16.232473,80.3887,3.003955,4.85435,85.69442,70.433876,3.741587,2.3242168
23.0,121.0,2025-10-01,2026-01-20,111,51,17.595352,19.600714,16.376747,81.4166,2.8000882,5.9451785,87.055916,71.39974,3.5631092,2.0999675
23.0,121.0,2025-10-01,2026-01-21,112,51,17.433273,19.407139,16.108828,81.407745,3.091399,4.6290894,86.46281,72.624756,3.822371,2.3887773
23.0,121.0,2025-10-01,2026-01-22,113,51,17.131327,19.17543,15.862195,79.89818,3.2090425,4.0213413,85.403076,70.09267,3.9259915,2.4399729
23.0,121.0,2025-10-01,2026-01-23,114,51,17.05077,19.092978,15.79035,79.435936,2.9590938,5.4874167,84.95729,69.64965,3.7358649,2.255468
23.0,121.0,2025-10-01,2026-01-24,115,51,16.926117,18.910257,15.569794,79.61545,3.161837,5.0445004,84.87801,70.091125,3.8141015,2.4880776
23.0,121.0,2025-10-01,2026-01-25,116,51,16.957634,18.898418,15.766078,79.577995,3.1539783,4.507527,84.77853,70.00805,3.928948,2.4541779
23.0,121.0,2025-10-01,2026-01-26,117,51,17.0339,19.027006,15.754048,79.26906,3.131668,4.1595407,84.685486,69.679565,3.829703,2.4243946
23.0,121.0,2025-10-01,2026-01-27,118,51,17.04302,19.178154,15.737514,79.1095,3.0956898,3.693347,84.81557,68.85617,3.78622,2.40238
23.0,121.0,2025-10-01,2026-01-28,119,51,16.799982,18.830305,15.490319,78.63957,3.1989098,3.7185166,83.91772,69.53321,3.9301329,2.4213545
23.0,121.0,2025-10-01,2026-01-29,120,51,16.612885,18.67995,15.414196,78.17974,3.1141562,4.109042,83.92804,68.18755,3.8620884,2.4187977
23.0,121.0,2025-10-01,2026-01-30,121,51,16.794697,18.89277,15.494938,78.31352,2.8699303,4.2226176,84.2922,68.11691,3.530029,2.2260485
23.0,121.0,2025-10-01,2026-01-31,122,51,17.040146,19.365356,15.666689,79.22537,3.0911283,4.194397,85.53581,68.50526,3.9733872,2.2028265
23.0,121.0,2025-10-01,2026-02-01,123,51,16.714058,18.955029,15.287539,78.64225,3.0065038,3.9637444,84.25001,68.374664,3.7630055,2.3188753
23.0,121.0,2025-10-01,2026-02-02,124,51,16.683062,18.734379,15.4184675,78.55264,3.0399992,3.5441642,84.40121,68.53023,3.800365,2.276987
23.0,121.0,2025-10-01,2026-02-03,125,51,16.943506,19.096672,15.634506,78.658936,2.8203022,4.020499,84.4577,67.995636,3.463355,2.1513457
23.0,121.0,2025-10-01,2026-02-04,126,51,16.980583,19.019974,15.702838,79.399826,2.8660471,4.711002,84.76906,69.94627,3.5555477,2.173696
23.0,121.0,2025-10-01,2026-02-05,127,51,16.970715,19.051886,15.681158,78.690056,2.8658073,3.5049055,84.37123,68.49611,3.5694222,2.1794348
23.0,121.0,2025-10-01,2026-02-06,128,51,17.170082,19.339943,15.776421,79.36462,2.9159975,5.119042,84.83693,69.24214,3.6082568,2.1616237
23.0,121.0,2025-10-01,2026-02-07,129,51,17.15889,19.144516,15.812075,79.87723,2.9685032,4.165414,85.23871,70.34415,3.6780508,2.3100448
23.0,121.0,2025-10-01,2026-02-08,130,51,17.318275,19.443487,15.906214,80.341064,2.9627483,5.4948874,85.61214,70.81651,3.6508627,2.2387831
23.0,121.0,2025-10-01,2026-02-09,131,51,17.220623,19.068615,15.976551,80.49681,2.8338542,6.1680956,85.56967,71.52597,3.702315,2.0945942
23.0,121.0,2025-10-01,2026-02-10,132,51,17.240412,19.318863,15.883399,79.25349,2.907634,4.074389,84.4853,69.847145,3.671967,2.1911736
23.0,121.0,2025-10-01,2026-02-11,133,51,17.25668,19.373533,15.966673,78.96913,2.6840777,4.609846,84.859726,68.67604,3.385528,1.9658037
23.0,121.0,2025-10-01,2026-02-12,134,51,17.21384,19.306276,15.803564,79.70179,3.1333213,4.935186,84.91192,70.21411,3.8783846,2.3905883
23.0,121.0,2025-10-01,2026-02-13,135,51,17.019838,19.00198,15.759233,78.95667,3.0035517,4.0381784,84.24975,69.582756,3.8259947,2.2003994
23.0,121.0,2025-10-01,2026-02-14,136,51,17.14524,19.237553,15.757407,78.804535,2.9175372,4.68526,84.594345,68.88614,3.7402084,2.1047196
23.0,121.0,2025-10-01,2026-02-15,137,51,17.07166,19.363142,15.654702,78.11808,2.9530246,4.1382985,84.51134,67.50825,3.7131848,2.1815875
23.0,121.0,2025-10-01,2026-02-16,138,51,17.171507,19.336311,15.869787,78.301956,2.7376466,3.4427834,84.54874,67.57843,3.4578028,2.1548362
23.0,121.0,2025-10-01,2026-02-17,139,51,17.621374,19.859743,16.256561,78.71381,2.6860223,4.055032,84.555405,67.84682,3.5027966,1.8660157
23.0,121.0,2025-10-01,2026-02-18,140,51,17.486599,19.619797,16.195547,79.33252,2.82846,4.295439,85.016556,69.4777,3.5896714,2.0978098
23.0,121.0,2025-10-01,2026-02-19,141,51,17.622227,19.650139,16.399279,79.472176,2.6827586,3.937665,85.0766,69.74893,3.349612,2.013292
23.0,121.0,2025-10-01,2026-02-20,142,51,18.01054,20.348827,16.68767,79.56313,2.5527413,4.3182516,85.76727,68.24613,3.3475728,1.8130255
23.0,121.0,2025-10-01,2026-02-21,143,51,18.061975,20.374216,16.671318,79.298256,2.6384976,3.8297217,85.503815,68.46541,3.4314055,1.8833287
23.0,121.0,2025-10-01,2026-02-22,144,51,18.2544,20.57566,16.906988,79.40251,2.56037,4.2986207,85.54939,68.59548,3.317577,1.7891867
23.0,121.0,2025-10-01,2026-02-23,145,51,18.540806,20.96771,17.143848,80.24824,2.4641826,4.931049,86.699844,68.76556,3.1396308,1.7752522
23.0,121.0,2025-10-01,2026-02-24,146,51,18.669155,21.004585,17.29007,80.494606,2.5413308,5.8383512,86.62991,69.15886,3.349883,1.788991
23.0,121.0,2025-10-01,2026-02-25,147,51,18.664295,20.863705,17.30482,81.27307,2.5208902,4.254278,86.8719,71.04431,3.3430655,1.7278837
23.0,121.0,2025-10-01,2026-02-26,148,51,18.838314,21.24157,17.404913,81.19573,2.617794,4.637218,87.58692,69.75427,3.5634923,1.6864848
23.0,121.0,2025-10-01,2026-02-27,149,51,18.663166,20.906801,17.344715,81.178444,2.6448722,4.2610283,86.98184,70.78097,3.4125404,1.8411677
23.0,121.0,2025-10-01,2026-02-28,150,51,18.771276,21.027817,17.426466,80.24765,2.2855163,4.227577,86.63215,69.34944,3.0232754,1.5699396
23.0,122.0,2025-10-01,2025-10-01,0,51,26.235369,27.417702,25.228918,81.75019,2.6168003,0.0,84.72985,77.242584,3.1346755,2.0872808
23.0,122.0,2025-10-01,2025-10-02,1,51,26.067865,27.773453,24.681236,81.30423,3.1820364,1.9571712,86.6403,73.50084,3.7701712,2.5295873
23.0,122.0,2025-10-01,2025-10-03,2,51,25.678692,26.793667,24.593697,84.219574,3.0926685,9.080645,88.99856,78.86253,3.7351189,2.2741241
23.0,122.0,2025-10-01,2025-10-04,3,51,26.073843,27.297539,24.961952,84.6098,2.176246,2.3398256,89.31012,79.2548,3.005877,1.3933889
23.0,122.0,2025-10-01,2025-10-05,4,51,26.31683,27.703093,25.298605,83.610016,1.4153044,0.7038561,87.83649,76.785065,2.0413938,0.7889402
23.0,122.0,2025-10-01,2025-10-06,5,51,26.318457,27.607346,25.302525,83.80637,3.2487717,1.8568839,88.25603,77.24879,3.984858,2.2606814
23.0,122.0,2025-10-01,2025-10-07,6,51,26.055094,27.331318,25.038177,84.912025,4.7665644,3.408417,89.1102,78.69263,5.4000545,4.072669
23.0,122.0,2025-10-01,2025-10-08,7,51,25.813091,26.975313,24.80304,85.52197,4.8551083,5.4760733,89.46669,80.14342,5.542572,3.9428954
23.0,122.0,2025-10-01,2025-10-09,8,51,25.573448,26.556194,24.770287,86.59957,4.372614,6.6231666,89.819016,82.49196,4.976918,3.6653175
23.0,122.0,2025-10-01,2025-10-10,9,51,25.59977,26.696882,24.723019,86.36302,4.312049,6.3983197,90.15729,81.15383,4.9259806,3.5773005
23.0,122.0,2025-10-01,2025-10-11,10,51,25.631598,26.727135,24.642212,86.13981,4.4737864,9.428223,90.07075,81.18991,5.1466317,3.7108824
23.0,122.0,2025-10-01,2025-10-12,11,51,25.353203,26.447323,24.431002,86.75966,4.9911795,14.218843,90.53325,81.66727,5.6306543,4.30077
23.0,122.0,2025-10-01,2025-10-13,12,51,25.184927,26.077477,24.43214,87.157074,5.2815466,18.315744,90.36858,83.13362,6.0223384,4.483382
23.0,122.0,2025-10-01,2025-10-14,13,51,25.111328,25.99385,24.392979,86.92552,5.449526,14.79533,90.072655,83.0555,6.226366,4.592605
23.0,122.0,2025-10-01,2025-10-15,14,51,25.025673,25.82252,24.406967,86.96875,5.5569744,13.6433735,89.81611,83.48036,6.2434273,4.7976866
23.0,122.0,2025-10-01,2025-10-16,15,51,25.038853,25.94466,24.217989,86.40854,5.641202,14.9195385,89.7596,82.302185,6.354521,4.813856
23.0,122.0,2025-10-01,2025-10-17,16,51,24.952297,25.788042,24.259373,85.58519,6.010683,11.820097,88.71971,81.82132,6.6396294,5.30287
23.0,122.0,2025-10-01,2025-10-18,17,51,24.969557,25.808926,24.262249,85.0746,6.462323,14.005072,88.5014,81.08694,7.296767,5.5769863
23.0,122.0,2025-10-01,2025-10-19,18,51,24.850647,25.795094,24.073082,84.05739,6.9778566,10.523741,87.69719,79.65963,7.707333,6.144373
23.0,122.0,2025-10-01,2025-10-20,19,51,24.651413,25.469719,23.950888,84.27959,7.2014384,11.676716,87.973526,80.18924,7.876483,6.409843
23.0,122.0,2025-10-01,2025-10-21,20,51,24.619076,25.472542,23.97002,83.85913,7.1785307,11.154617,87.74556,79.44133,8.036428,6.198434
23.0,122.0,2025-10-01,2025-10-22,21,51,24.504723,25.266932,23.826162,83.72579,7.09404,13.053558,87.040726,80.24295,7.9376755,6.086117
23.0,122.0,2025-10-01,2025-10-23,22,51,24.532845,25.26416,23.918808,83.29277,6.6474056,10.532433,86.41588,79.66077,7.363621,5.810219
23.0,122.0,2025-10-01,2025-10-24,23,51,24.680662,25.597649,23.942232,83.412636,6.255643,8.314432,87.1176,79.121155,7.0640826,5.354942
23.0,122.0,2025-10-01,2025-10-25,24,51,24.610756,25.48192,23.855747,83.41685,6.4479394,7.778406,86.81679,79.311646,7.2584043,5.574213
23.0,122.0,2025-10-01,2025-10-26,25,51,24.324654,25.188353,23.590786,82.62775,6.9015894,9.082193,85.861374,78.75434,7.721118,6.021084
23.0,122.0,2025-10-01,2025-10-27,26,51,24.205063,25.011822,23.573082,81.85266,6.618344,11.239218,85.14404,78.19234,7.575334,5.5339584
23.0,122.0,2025-10-01,2025-10-28,27,51,24.10583,24.899734,23.47441,81.647446,6.8142686,9.582757,84.721596,78.22287,7.605009,5.875989
23.0,122.0,2025-10-01,2025-10-29,28,51,24.031557,24.788212,23.409248,81.42543,6.6326094,9.350823,84.62033,77.636505,7.503567,5.5215816
23.0,122.0,2025-10-01,2025-10-30,29,51,24.139084,24.946014,23.538048,81.62491,6.1245756,8.520333,85.0833,77.61372,7.0819592,5.110365
23.0,122.0,2025-10-01,2025-10-31,30,51,24.139732,24.94673,23.448551,82.02405,6.501438,7.0839753,85.69968,78.05349,7.3070917,5.6180553
23.0,122.0,2025-10-01,2025-11-01,31,51,24.013493,24.863277,23.269337,81.926056,6.942578,9.378088,84.73475,78.55559,7.808386,5.882893
23.0,122.0,2025-10-01,2025-11-02,32,51,23.742184,24.555014,23.035763,82.069534,7.3504386,10.082056,85.48894,78.21721,8.374443,6.175807
23.0,122.0,2025-10-01,2025-11-03,33,51,23.467163,24.222065,22.840725,81.71472,7.155893,9.949589,84.93631,78.26461,8.210817,5.9534597
23.0,122.0,2025-10-01,2025-11-04,34,51,23.73404,24.558874,23.08795,81.3439,6.682651,8.235575,85.19865,76.900406,7.654574,5.694975
23.0,122.0,2025-10-01,2025-11-05,35,51,23.71695,24.542599,23.097694,81.98575,6.958117,14.049095,85.44327,78.1786,7.906077,5.8263226
23.0,122.0,2025-10-01,2025-11-06,36,51,23.53445,24.36409,22.854061,81.03703,7.267599,13.099315,83.96127,77.68921,8.088312,6.335272
23.0,122.0,2025-10-01,2025-11-07,37,51,23.346333,24.164215,22.697748,81.041046,7.0060997,8.503277,84.299934,77.053406,7.8746896,6.0292497
23.0,122.0,2025-10-01,2025-11-08,38,51,23.238136,24.09024,22.524136,81.331635,7.280527,8.7210045,84.93039,77.01384,8.148448,6.3445807
23.0,122.0,2025-10-01,2025-11-09,39,51,23.110523,23.84713,22.43251,81.48369,7.403096,11.201672,84.509186,78.13002,8.375822,6.2782016
23.0,122.0,2025-10-01,2025-11-10,40,51,22.954956,23.783415,22.336143,79.913895,7.594535,9.763328,83.28414,75.999344,8.483542,6.4765763
23.0,122.0,2025-10-01,2025-11-11,41,51,22.895432,23.753098,22.227304,79.84151,7.5249147,7.7401876,83.60463,75.63315,8.377857,6.552748
23.0,122.0,2025-10-01,2025-11-12,42,51,22.877842,23.698944,22.219257,79.67203,7.453228,7.5743227,82.986206,75.684586,8.476074,6.3711467
23.0,122.0,2025-10-01,2025-11-13,43,51,22.660427,23.496965,21.978226,80.506935,7.536995,9.0457735,83.86861,76.51781,8.3466835,6.527931
23.0,122.0,2025-10-01,2025-11-14,44,51,22.54597,23.354769,21.86163,80.25345,7.1672726,10.075854,83.88367,76.313095,8.159693,6.131991
23.0,122.0,2025-10-01,2025-11-15,45,51,22.482021,23.278421,21.848639,80.38901,7.47029,10.698515,83.95486,76.40082,8.294441,6.529497
23.0,122.0,2025-10-01,2025-11-16,46,51,22.574276,23.395977,21.91887,80.452225,6.946032,9.119537,83.76764,76.115814,7.8015103,6.0374813
23.0,122.0,2025-10-01,2025-11-17,47,51,22.585094,23.464521,21.845415,80.838356,7.2585707,10.116093,84.2066,76.64256,8.2423525,6.172629
23.0,122.0,2025-10-01,2025-11-18,48,51,22.454273,23.322172,21.762272,80.57797,7.1827645,8.481668,83.77973,76.73236,8.338245,6.041792
23.0,122.0,2025-10-01,2025-11-19,49,51,22.15236,23.09198,21.390144,80.768295,7.388829,7.533187,83.970894,76.87618,8.547953,6.1271443
23.0,122.0,2025-10-01,2025-11-20,50,51,21.939217,22.743683,21.232126,79.58067,7.593072,6.9153757,82.88014,75.64818,8.978186,6.1415243
23.0,122.0,2025-10-01,2025-11-21,51,51,21.74568,22.569588,20.97625,79.55805,7.728856,8.092182,82.9796,75.63919,8.69739,6.604495
23.0,122.0,2025-10-01,2025-11-22,52,51,21.51244,22.301277,20.825409,80.16579,7.8729773,11.173853,83.49071,76.23851,8.912374,6.747237
23.0,122.0,2025-10-01,2025-11-23,53,51,21.477377,22.282312,20.756674,79.28749,7.7070837,8.221231,82.80792,75.68197,8.826846,6.547901
23.0,122.0,2025-10-01,2025-11-24,54,51,21.4838,22.311787,20.77834,78.28024,7.2401867,7.167631,82.101425,74.26761,8.322175,6.1175222
23.0,122.0,2025-10-01,2025-11-25,55,51,21.500565,22.27274,20.85499,78.60576,7.1058097,5.059793,82.00876,74.64081,8.124392,5.990211
23.0,122.0,2025-10-01,2025-11-26,56,51,21.201061,22.051579,20.42576,79.123764,7.6968665,6.176566,82.87753,75.08826,8.671173,6.5366592
23.0,122.0,2025-10-01,2025-11-27,57,51,21.08728,21.86446,20.43117,79.16157,7.289139,5.9561768,82.61902,75.25182,8.277887,6.2547197
23.0,122.0,2025-10-01,2025-11-28,58,51,21.196095,22.043089,20.420006,78.89252,7.403734,3.9779377,82.05235,75.062355,8.560193,6.2083797
23.0,122.0,2025-10-01,2025-11-29,59,51,21.089054,22.04724,20.354588,78.43582,7.413161,8.55131,82.3006,73.98059,8.319567,6.340987
23.0,122.0,2025-10-01,2025-11-30,60,51,21.015894,21.853409,20.296001,79.11623,7.0165863,9.398246,82.6402,74.85756,8.037703,5.970852
23.0,122.0,2025-10-01,2025-12-01,61,51,20.807415,21.660248,20.128263,79.72529,7.3323784,7.051444,83.312805,75.56372,8.294909,6.32753
23.0,122.0,2025-10-01,2025-12-02,62,51,20.671722,21.49836,20.005634,78.02219,7.3783197,5.753661,81.08666,74.321625,8.337275,6.2974014
23.0,122.0,2025-10-01,2025-12-03,63,51,20.748238,21.661932,19.96703,77.094406,6.701624,5.9631796,80.93086,72.50557,7.7381563,5.6180105
23.0,122.0,2025-10-01,2025-12-04,64,51,20.581543,21.618034,19.674421,78.33728,6.638231,8.461018,82.49948,73.34415,7.6651936,5.4286456
23.0,122.0,2025-10-01,2025-12-05,65,51,20.439514,21.334446,19.667036,79.175896,6.9599485,5.682162,82.50066,74.96544,8.031807,5.7587414
23.0,122.0,2025-10-01,2025-12-06,66,51,20.404325,21.284475,19.617456,78.79417,7.4077244,5.3296757,82.253876,74.776535,8.500065,6.229521
23.0,122.0,2025-10-01,2025-12-07,67,51,20.11206,20.920183,19.373775,78.56908,7.6043806,5.9413214,82.36165,74.62803,8.665698,6.4455056
23.0,122.0,2025-10-01,2025-12-08,68,51,20.021067,20.831966,19.295277,78.22409,7.1769876,5.645502,81.48561,74.473724,8.162623,6.1225314
23.0,122.0,2025-10-01,2025-12-09,69,51,20.229298,21.143784,19.407814,78.09382,6.771698,4.992731,81.58571,73.9402,7.9507775,5.455015
23.0,122.0,2025-10-01,2025-12-10,70,51,19.98606,20.978073,19.114529,77.941376,7.081248,4.176089,81.51445,73.4908,8.154792,5.919383
23.0,122.0,2025-10-01,2025-12-11,71,51,19.678158,20.550472,18.928162,77.70532,7.451452,4.9665604,81.148636,73.94779,8.415692,6.427515
23.0,122.0,2025-10-01,2025-12-12,72,51,19.615402,20.538414,18.771519,76.57437,7.1164,4.9490156,79.965,72.708916,8.478901,5.753189
23.0,122.0,2025-10-01,2025-12-13,73,51,19.69249,20.60268,18.924728,76.77393,6.5751514,4.98174,80.32944,72.3116,7.6648474,5.42633
23.0,122.0,2025-10-01,2025-12-14,74,51,19.8708,20.72989,19.201141,77.56763,6.198551,5.0627728,81.09311,73.48436,7.2102766,5.026982
23.0,122.0,2025-10-01,2025-12-15,75,51,19.611374,20.57577,18.726719,77.593254,6.866643,5.869449,81.36131,73.190796,8.109989,5.6242466
23.0,122.0,2025-10-01,2025-12-16,76,51,19.20089,20.091007,18.456087,76.93509,6.929366,4.7856054,80.207535,72.91816,7.7754755,5.980566
23.0,122.0,2025-10-01,2025-12-17,77,51,19.462044,20.447823,18.588312,76.94534,6.257886,3.9248805,80.70743,72.16077,7.3990917,5.153751
23.0,122.0,2025-10-01,2025-12-18,78,51,19.43549,20.476917,18.620079,77.00603,6.438296,3.893326,81.13037,71.838326,7.373685,5.492739
23.0,122.0,2025-10-01,2025-12-19,79,51,19.379011,20.347311,18.610315,77.34877,6.370492,3.9101279,80.95683,72.74212,7.495607,5.267281
23.0,122.0,2025-10-01,2025-12-20,80,51,19.342672,20.307236,18.494705,77.588684,6.316484,5.151496,81.152145,73.09996,7.3973227,5.210827
23.0,122.0,2025-10-01,2025-12-21,81,51,19.271786,20.233997,18.438879,77.27617,6.4782734,3.9276326,80.95618,72.72608,7.613986,5.240982
23.0,122.0,2025-10-01,2025-12-22,82,51,19.085371,19.956993,18.338652,77.98874,6.6160216,4.552638,81.401474,74.108734,7.6609874,5.3797274
23.0,122.0,2025-10-01,2025-12-23,83,51,19.32267,20.377668,18.476246,77.766235,6.4205427,4.8057594,81.48953,73.17375,7.757478,5.0183554
23.0,122.0,2025-10-01,2025-12-24,84,51,18.875065,19.792118,18.030704,77.5856,7.3345613,4.750405,81.24758,73.47996,8.340628,6.169058
23.0,122.0,2025-10-01,2025-12-25,85,51,18.75589,19.661575,17.921686,77.35849,6.6368923,4.7404184,80.99707,73.31352,7.7821536,5.433593
23.0,122.0,2025-10-01,2025-12-26,86,51,18.946114,19.875523,18.054539,77.245575,6.1914425,6.224064,80.87518,72.975006,7.480426,4.895095
23.0,122.0,2025-10-01,2025-12-27,87,51,18.798166,19.844492,17.970016,77.237564,6.278191,4.2261686,81.487236,72.609146,7.599727,4.9260025
23.0,122.0,2025-10-01,2025-12-28,88,51,18.62675,19.56369,17.850058,76.645096,6.2017736,4.2767324,80.08153,72.59065,7.440153,4.8611717
23.0,122.0,2025-10-01,2025-12-29,89,51,18.735588,19.694963,17.913895,76.71837,6.071264,4.37204,80.43558,72.27673,7.153167,4.9530716
23.0,122.0,2025-10-01,2025-12-30,90,51,18.615074,19.553886,17.897552,77.535385,6.3844414,3.696599,80.89615,73.32966,7.61809,5.0686836
23.0,122.0,2025-10-01,2025-12-31,91,51,18.64952,19.58696,17.86819,77.68461,6.062196,5.146248,80.89327,73.45621,7.3678865,4.6426363
23.0,122.0,2025-10-01,2026-01-01,92,51,18.659952,19.652878,17.807888,76.909874,6.1962743,4.45061,80.63053,72.833664,7.3498497,5.03551
23.0,122.0,2025-10-01,2026-01-02,93,51,18.59122,19.63019,17.746605,77.68878,6.3457417,6.323652,81.38242,72.85387,7.6233764,5.04309
23.0,122.0,2025-10-01,2026-01-03,94,51,18.47927,19.512024,17.601505,77.773544,6.549409,4.2970023,81.415245,73.317276,7.5260715,5.442321
23.0,122.0,2025-10-01,2026-01-04,95,51,18.377684,19.379562,17.599464,77.50328,6.148303,4.908863,81.22862,72.687775,7.2492285,5.0059533
23.0,122.0,2025-10-01,2026-01-05,96,51,18.489326,19.481895,17.623098,77.650635,6.0588155,4.565276,81.26094,73.137344,7.233642,4.8408175
23.0,122.0,2025-10-01,2026-01-06,97,51,18.258982,19.211876,17.440422,78.84831,6.614026,5.460258,82.39364,74.75639,7.6510334,5.5283146
23.0,122.0,2025-10-01,2026-01-07,98,51,18.343283,19.22437,17.598408,78.38383,6.298706,5.9077415,82.1029,73.99987,7.557789,4.9514704
23.0,122.0,2025-10-01,2026-01-08,99,51,18.613283,19.590492,17.770302,77.72862,5.733823,7.3014526,81.06656,73.337746,6.928211,4.4181747
23.0,122.0,2025-10-01,2026-01-09,100,51,18.45934,19.470451,17.530893,77.83191,6.031708,5.7231317,81.66341,73.19939,7.2656603,4.6339197
23.0,122.0,2025-10-01,2026-01-10,101,51,18.303818,19.234028,17.45377,78.26172,6.021902,6.5469294,81.912155,73.96951,7.0497613,5.0668497
23.0,122.0,2025-10-01,2026-01-11,102,51,18.164389,19.211205,17.165508,78.45319,6.5296474,4.7428885,82.354294,73.85487,7.7773376,5.2233562
23.0,122.0,2025-10-01,2026-01-12,103,51,17.802017,18.847649,16.876759,77.45222,6.5427017,4.622278,81.57558,72.62575,7.912249,5.23955
23.0,122.0,2025-10-01,2026-01-13,104,51,17.6917,18.637794,16.85799,76.73297,6.240362,4.9218397,80.24303,72.41185,7.3097935,5.163955
23.0,122.0,2025-10-01,2026-01-14,105,51,18.031649,18.960487,17.265614,76.87423,5.70911,5.9632745,80.76459,72.07185,6.825658,4.6420565
23.0,122.0,2025-10-01,2026-01-15,106,51,18.187706,19.18922,17.275543,77.560135,5.7158055,4.753814,80.94208,73.313416,6.8730516,4.51814
23.0,122.0,2025-10-01,2026-01-16,107,51,18.297085,19.411171,17.3079,77.40098,5.8685527,5.5616636,81.37521,72.32089,7.2912016,4.4142437
23.0,122.0,2025-10-01,2026-01-17,108,51,18.19725,19.243814,17.38274,77.86159,5.5539675,4.5962534,81.54274,73.15556,6.7887125,4.3544807
23.0,122.0,2025-10-01,2026-01-18,109,51,18.46434,19.560919,17.52906,77.909744,5.6475153,4.334871,81.91219,72.8821,6.6420093,4.5106964
23.0,122.0,2025-10-01,2026-01-19,110,51,18.518398,19.555658,17.656685,79.103516,5.771345,5.164399,82.948105,74.11586,7.0483074,4.385188
23.0,122.0,2025-10-01,2026-01-20,111,51,18.637672,19.680202,17.770985,79.888374,5.4033513,6.5755334,83.91821,74.78166,6.5693793,4.2584753
23.0,122.0,2025-10-01,2026-01-21,112,51,18.444384,19.574535,17.477137,79.6082,6.1228848,5.165125,83.42311,74.99551,7.424412,4.727309
23.0,122.0,2025-10-01,2026-01-22,113,51,18.067446,19.117195,17.175041,78.390305,6.061151,4.892359,82.258575,73.84649,7.140048,4.8715825
23.0,122.0,2025-10-01,2026-01-23,114,51,17.982128,19.097412,17.07283,77.49003,5.6987104,5.8161535,81.43214,72.500114,7.109111,4.396001
23.0,122.0,2025-10-01,2026-01-24,115,51,17.84653,18.870344,16.867146,77.902695,6.0426292,5.950683,81.6857,73.06555,7.274493,4.741482
23.0,122.0,2025-10-01,2026-01-25,116,51,17.854681,18.830597,17.045988,78.10857,6.1519194,5.0810785,81.40338,73.48057,7.371259,4.8395147
23.0,122.0,2025-10-01,2026-01-26,117,51,17.990208,19.037937,17.07711,77.376274,5.897009,4.5463963,81.38519,72.7818,7.1627045,4.4865675
23.0,122.0,2025-10-01,2026-01-27,118,51,17.963545,19.043278,16.985146,77.65277,5.9728866,4.401697,81.37747,73.0965,7.1758366,4.68973
23.0,122.0,2025-10-01,2026-01-28,119,51,17.672125,18.739275,16.734509,77.11589,6.3259916,4.0507674,81.12445,72.520004,7.4847374,4.9496355
23.0,122.0,2025-10-01,2026-01-29,120,51,17.499249,18.53276,16.603718,76.79407,5.9389734,4.3612223,80.729095,72.142426,7.2263618,4.336634
23.0,122.0,2025-10-01,2026-01-30,121,51,17.777168,18.841537,16.86375,76.509705,5.4360847,5.14217,80.41882,71.726166,6.429269,4.3465347
23.0,122.0,2025-10-01,2026-01-31,122,51,18.000431,19.242243,16.972057,77.21857,5.6112227,4.6437325,81.70471,71.68474,7.0026627,4.234111
23.0,122.0,2025-10-01,2026-02-01,123,51,17.574154,18.805351,16.501238,77.02551,5.798208,4.1337194,81.07615,71.834946,6.905988,4.6812887
23.0,122.0,2025-10-01,2026-02-02,124,51,17.640644,18.715942,16.640532,76.51161,5.721845,3.8215947,80.474335,71.495514,6.8940434,4.431936
23.0,122.0,2025-10-01,2026-02-03,125,51,17.86444,18.96876,16.924622,76.8597,5.447725,4.5642643,81.10771,71.58099,6.6287737,4.212895
23.0,122.0,2025-10-01,2026-02-04,126,51,17.876844,18.91528,16.98684,77.72019,5.5666533,6.0179067,81.5106,73.055405,6.701535,4.395213
23.0,122.0,2025-10-01,2026-02-05,127,51,17.865658,18.945726,17.032625,77.502625,5.574019,4.4288425,81.594604,72.17833,6.5664573,4.5115786
23.0,122.0,2025-10-01,2026-02-06,128,51,18.08691,19.253159,17.07602,77.89858,5.5691648,5.915253,82.1452,72.46306,6.819932,4.2374964
23.0,122.0,2025-10-01,2026-02-07,129,51,17.993172,19.036676,17.061962,78.38249,5.9240785,4.943199,81.924866,73.722046,7.081786,4.7912083
23.0,122.0,2025-10-01,2026-02-08,130,51,18.155933,19.335808,17.132048,78.67761,5.6057615,5.9133196,82.45215,73.896164,6.725244,4.36512
23.0,122.0,2025-10-01,2026-02-09,131,51,18.069908,19.030293,17.164154,79.00818,5.454731,7.119233,82.77994,74.38349,6.9410048,4.0705094
23.0,122.0,2025-10-01,2026-02-10,132,51,18.001236,19.131142,16.99034,77.6416,5.593337,4.414852,81.20872,73.07581,6.938205,4.234519
23.0,122.0,2025-10-01,2026-02-11,133,51,18.090322,19.214708,17.159927,76.87538,5.1395693,5.1391277,81.26814,71.27307,6.2612886,4.032625
23.0,122.0,2025-10-01,2026-02-12,134,51,17.975971,19.155533,16.897923,77.93322,6.095091,5.051155,82.451645,72.65124,7.2462063,4.646181
23.0,122.0,2025-10-01,2026-02-13,135,51,17.734955,18.744383,16.887108,76.742325,5.815331,4.4509172,80.46986,72.09331,6.9979076,4.470365
23.0,122.0,2025-10-01,2026-02-14,136,51,17.95585,19.091782,16.941673,76.92849,5.4679804,5.3910017,81.14459,71.678314,6.599203,4.195502
23.0,122.0,2025-10-01,2026-02-15,137,51,17.854897,19.048134,16.893015,77.29095,5.596454,4.9217005,81.51921,71.835815,6.7736597,4.3391075
23.0,122.0,2025-10-01,2026-02-16,138,51,18.002392,19.08216,17.081852,77.19386,5.3644238,4.007577,81.48938,71.89488,6.391658,4.291349
23.0,122.0,2025-10-01,2026-02-17,139,51,18.404808,19.585297,17.42278,77.0092,5.106699,5.2038355,81.36745,71.35521,6.461408,3.7762594
23.0,122.0,2025-10-01,2026-02-18,140,51,18.266975,19.411263,17.367275,77.49835,5.4794607,4.5111656,81.47438,72.385544,6.6088037,4.304735
23.0,122.0,2025-10-01,2026-02-19,141,51,18.42825,19.495663,17.559538,77.87575,5.296462,4.4053416,81.76546,72.94427,6.389596,4.1117816
23.0,122.0,2025-10-01,2026-02-20,142,51,18.78107,19.974392,17.838396,78.111435,5.0235415,4.7385025,82.248856,72.456345,6.303568,3.6749978
23.0,122.0,2025-10-01,2026-02-21,143,51,18.802162,20.00454,17.85471,78.11397,5.070798,4.5822716,82.47888,72.32167,6.4114714,3.7076209
23.0,122.0,2025-10-01,2026-02-22,144,51,18.940474,20.144974,18.055634,78.52058,5.0224857,4.2864065,82.485016,73.10198,6.103859,3.795882
23.0,122.0,2025-10-01,2026-02-23,145,51,19.242775,20.55082,18.259644,79.10838,4.771327,4.735512,83.66921,72.831955,5.903247,3.5384202
23.0,122.0,2025-10-01,2026-02-24,146,51,19.345383,20.572395,18.416025,79.605545,5.0141163,6.2461452,83.898094,73.79431,6.407376,3.6491547
23.0,122.0,2025-10-01,2026-02-25,147,51,19.283014,20.479673,18.31097,79.99663,4.99504,5.0897,83.74728,74.77693,6.2578278,3.5958385
23.0,122.0,2025-10-01,2026-02-26,148,51,19.431862,20.77386,18.38991,80.54433,4.9287786,4.976346,85.12357,74.288284,6.325016,3.575553
23.0,122.0,2025-10-01,2026-02-27,149,51,19.203987,20.442593,18.280918,80.21007,5.2941804,4.356205,84.38202,74.84361,6.4939723,3.850605
23.0,122.0,2025-10-01,2026-02-28,150,51,19.34186,20.570572,18.454811,78.86021,4.675279,3.7868624,83.224785,73.07747,5.7604117,3.5279083
24.0,120.0,2025-10-01,2025-10-01,0,51,27.532402,28.915709,26.300943,83.066345,1.9456716,0.0,88.26129,75.68868,2.4526691,1.4662277
24.0,120.0,2025-10-01,2025-10-02,1,51,27.46375,29.025942,26.319756,83.391594,1.2754759,0.24685544,89.84444,75.18291,2.110308,0.5994656
24.0,120.0,2025-10-01,2025-10-03,2,51,27.439135,29.0143,26.44853,84.16741,2.0712976,0.30874547,89.70209,75.96487,3.1619647,0.94435275
24.0,120.0,2025-10-01,2025-10-04,3,51,27.80352,29.102924,26.835245,83.27313,1.7166841,2.132891,88.38909,76.06901,2.594494,0.93687415
24.0,120.0,2025-10-01,2025-10-05,4,51,27.690193,28.883207,26.803684,84.19132,1.2863269,0.97777987,88.76996,77.98126,2.0999422,0.6696123
24.0,120.0,2025-10-01,2025-10-06,5,51,27.7083,29.015886,26.68644,84.95745,2.3629668,1.0872874,90.467255,77.95856,3.5608053,1.1259491
24.0,120.0,2025-10-01,2025-10-07,6,51,27.59046,29.17699,26.50443,84.03584,3.821181,0.8518466,88.63372,76.375465,5.0705547,2.5571127
24.0,120.0,2025-10-01,2025-10-08,7,51,27.533783,28.927265,26.545347,83.11115,4.450935,1.4152552,87.99396,76.20203,5.787028,2.8322217
24.0,120.0,2025-10-01,2025-10-09,8,51,27.39899,28.658976,26.554554,83.39,3.9482398,2.533005,87.80125,77.04651,5.139061,2.7127154
24.0,120.0,2025-10-01,2025-10-10,9,51,27.361406,28.637255,26.448767,83.78928,3.6255667,2.319392,88.834335,77.1205,4.6937423,2.4000914
24.0,120.0,2025-10-01,2025-10-11,10,51,27.29975,28.637842,26.370024,84.2961,4.0596514,2.611462,88.678024,77.74051,5.1226883,2.902052
24.0,120.0,2025-10-01,2025-10-12,11,51,27.180544,28.449526,26.319674,83.782036,5.3963804,2.9566507,87.86537,77.75721,6.643012,3.8995388
24.0,120.0,2025-10-01,2025-10-13,12,51,26.96103,28.039408,26.185375,83.6434,6.5183167,4.2070704,87.18459,78.74664,7.8098207,4.9883733
24.0,120.0,2025-10-01,2025-10-14,13,51,26.737362,27.739199,26.020924,83.14752,7.9240084,4.3999023,86.49049,78.527916,9.317144,6.034136
24.0,120.0,2025-10-01,2025-10-15,14,51,26.50298,27.412449,25.820532,82.96273,8.885903,4.3643217,86.04497,78.98254,10.09796,7.425692
24.0,120.0,2025-10-01,2025-10-16,15,51,26.368345,27.200098,25.703218,82.304695,9.103376,3.7033901,85.46418,78.63634,10.267695,7.557153
24.0,120.0,2025-10-01,2025-10-17,16,51,26.204786,27.106401,25.518404,81.55386,9.387627,2.8266118,84.89337,77.59186,10.581317,7.98787
24.0,120.0,2025-10-01,2025-10-18,17,51,26.100922,26.994978,25.412786,81.004135,9.852286,2.0505364,84.517136,77.05855,10.873632,8.526944
24.0,120.0,2025-10-01,2025-10-19,18,51,25.906885,26.779732,25.252497,80.001976,10.25955,1.5786501,83.13301,76.19771,11.250671,8.943054
24.0,120.0,2025-10-01,2025-10-20,19,51,25.691343,26.556322,25.002031,79.5711,10.650963,1.7722316,82.774,75.65154,11.585484,9.380688
24.0,120.0,2025-10-01,2025-10-21,20,51,25.566114,26.424633,24.876644,79.579865,10.427717,2.0023096,82.997665,75.65665,11.338659,9.140842
24.0,120.0,2025-10-01,2025-10-22,21,51,25.41268,26.20234,24.738764,79.37742,10.285636,1.3846292,82.44527,75.74421,11.337749,9.0314665
24.0,120.0,2025-10-01,2025-10-23,22,51,25.536901,26.371647,24.871494,79.62429,9.500811,1.6541736,83.43807,75.23956,10.560074,8.164982
24.0,120.0,2025-10-01,2025-10-24,23,51,25.57441,26.510342,24.93242,80.99331,8.857395,3.04762,84.53917,76.27974,10.050393,7.289706
24.0,120.0,2025-10-01,2025-10-25,24,51,25.414778,26.392946,24.679462,80.61861,9.140141,1.8243786,84.245674,76.01348,10.343651,7.5936637
24.0,120.0,2025-10-01,2025-10-26,25,51,25.130783,25.999464,24.46156,79.4663,9.48949,1.3512596,82.57857,75.4481,10.649237,8.0572
24.0,120.0,2025-10-01,2025-10-27,26,51,24.962631,25.839365,24.255007,78.537704,9.251523,1.9945384,82.10401,74.12121,10.407815,7.77354
24.0,120.0,2025-10-01,2025-10-28,27,51,24.835264,25.675188,24.18902,78.53443,9.102939,1.7430202,82.23016,74.29798,10.142317,7.804618
24.0,120.0,2025-10-01,2025-10-29,28,51,24.845968,25.780035,24.143003,78.54986,8.50109,1.457573,82.84845,73.58075,9.649357,6.953256
24.0,120.0,2025-10-01,2025-10-30,29,51,24.86558,25.807474,24.229073,79.123375,8.434268,1.2108029,83.44401,74.20763,9.682599,6.8586125
24.0,120.0,2025-10-01,2025-10-31,30,51,24.817543,25.720411,24.147041,79.048615,8.960338,1.2494582,82.97705,74.172295,10.093108,7.461987
24.0,120.0,2025-10-01,2025-11-01,31,51,24.408253,25.320744,23.64097,79.71232,9.635287,2.6298923,83.26285,75.574936,10.773976,8.132147
24.0,120.0,2025-10-01,2025-11-02,32,51,24.22394,25.06045,23.534115,78.76005,9.993549,1.2786059,82.661766,74.52834,11.132439,8.565943
24.0,120.0,2025-10-01,2025-11-03,33,51,24.083242,24.908792,23.479115,78.01475,9.45599,2.4998813,81.57072,73.819405,10.621067,7.9652014
24.0,120.0,2025-10-01,2025-11-04,34,51,24.30971,25.175104,23.62354,78.98157,8.887614,1.1463346,83.183304,74.17927,10.235837,7.3301177
24.0,120.0,2025-10-01,2025-11-05,35,51,24.354414,25.286049,23.678598,79.2016,9.336723,1.8488675,83.227646,74.52165,10.486508,7.7725167
24.0,120.0,2025-10-01,2025-11-06,36,51,23.996544,24.910027,23.27685,79.22987,9.738623,2.8597572,82.66122,75.032196,10.92313,8.273686
24.0,120.0,2025-10-01,2025-11-07,37,51,23.82093,24.63399,23.1958,79.031746,9.5836525,2.2785301,82.82344,74.474846,10.844279,8.119754
24.0,120.0,2025-10-01,2025-11-08,38,51,23.73935,24.687424,23.001598,78.884224,9.77823,1.1568897,82.86768,74.17061,10.90261,8.280989
24.0,120.0,2025-10-01,2025-11-09,39,51,23.458902,24.34927,22.72552,78.74826,10.369113,1.702737,82.29463,74.71872,11.524911,8.767082
24.0,120.0,2025-10-01,2025-11-10,40,51,23.169846,24.035463,22.51831,77.96523,10.252767,2.1985524,81.78516,73.21003,11.28428,8.96237
24.0,120.0,2025-10-01,2025-11-11,41,51,23.175526,24.091537,22.451788,77.6885,10.066891,1.2268426,81.44715,72.960266,11.099365,8.643623
24.0,120.0,2025-10-01,2025-11-12,42,51,23.180128,24.014194,22.462317,78.13632,10.1261015,1.5550172,81.70469,73.89302,11.333638,8.505323
24.0,120.0,2025-10-01,2025-11-13,43,51,22.93622,23.85803,22.212666,77.97622,9.913371,1.2956803,81.6094,73.569984,10.949426,8.589281
24.0,120.0,2025-10-01,2025-11-14,44,51,22.84759,23.653511,22.174776,78.31469,9.4499655,1.7424233,81.276596,74.28371,10.671023,7.959681
24.0,120.0,2025-10-01,2025-11-15,45,51,22.897545,23.77311,22.237823,77.81184,9.5484,0.98503,81.668465,73.27147,10.685452,8.141721
24.0,120.0,2025-10-01,2025-11-16,46,51,22.918673,23.812668,22.279058,78.5016,8.913082,1.588085,82.452614,73.58822,10.045818,7.450689
24.0,120.0,2025-10-01,2025-11-17,47,51,22.783316,23.775091,21.98672,78.69538,9.124523,2.0967019,82.98594,73.46176,10.362239,7.5834866
24.0,120.0,2025-10-01,2025-11-18,48,51,22.510641,23.458668,21.720371,79.18655,9.837238,1.8128064,82.82023,74.53542,11.178724,8.1376095
24.0,120.0,2025-10-01,2025-11-19,49,51,22.173115,23.100098,21.359406,78.614265,10.420174,1.2189544,82.17201,74.37112,11.707488,8.721824
24.0,120.0,2025-10-01,2025-11-20,50,51,21.987352,22.823328,21.19447,77.43456,10.178395,2.3019793,80.96568,73.15686,11.41757,8.713994
24.0,120.0,2025-10-01,2025-11-21,51,51,21.754189,22.660154,20.950363,77.41013,9.98422,2.0368977,81.53479,73.1083,11.161199,8.469791
24.0,120.0,2025-10-01,2025-11-22,52,51,21.58106,22.414206,20.882757,77.57955,10.140669,2.3583598,81.42555,72.903725,11.368175,8.52955
24.0,120.0,2025-10-01,2025-11-23,53,51,21.677713,22.596973,20.93151,77.381996,9.4078045,1.2059414,81.62298,72.37929,10.756875,7.6450543
24.0,120.0,2025-10-01,2025-11-24,54,51,21.607212,22.526947,20.898083,77.31544,8.671349,1.1241666,82.063805,72.29827,9.897741,7.0330453
24.0,120.0,2025-10-01,2025-11-25,55,51,21.48079,22.402182,20.689898,78.61458,9.250271,2.0340502,82.33645,73.75284,10.416206,7.5809035
24.0,120.0,2025-10-01,2025-11-26,56,51,21.231857,22.065084,20.513735,77.82126,10.161138,1.2976122,81.37835,73.712555,11.40131,8.343676
24.0,120.0,2025-10-01,2025-11-27,57,51,21.15143,22.010847,20.423084,77.42757,9.7931595,0.775489,80.79746,73.19346,11.141617,8.040408
24.0,120.0,2025-10-01,2025-11-28,58,51,21.23811,22.242193,20.391537,77.54746,9.381014,0.56980723,81.58118,72.835686,10.803625,7.716565
24.0,120.0,2025-10-01,2025-11-29,59,51,21.026243,21.996607,20.274084,77.69822,9.442933,1.0283762,81.42256,72.78853,10.587346,7.8881407
24.0,120.0,2025-10-01,2025-11-30,60,51,20.8884,21.870153,20.119274,78.18497,9.394498,1.3215917,82.186195,73.52741,10.611201,7.74123
24.0,120.0,2025-10-01,2025-12-01,61,51,20.709444,21.593899,19.945686,77.62925,9.606824,1.348464,81.323135,72.955345,10.759246,8.100629
24.0,120.0,2025-10-01,2025-12-02,62,51,20.750444,21.67906,20.040413,76.82499,9.508074,0.7066989,81.03793,71.64369,10.678077,7.9105053
24.0,120.0,2025-10-01,2025-12-03,63,51,20.791143,21.802666,19.988527,77.66734,8.375656,1.3646691,82.15174,72.22817,9.678355,6.7967653
24.0,120.0,2025-10-01,2025-12-04,64,51,20.399042,21.339796,19.575977,77.886955,8.876281,2.2912982,82.19176,73.09842,10.220613,7.1058097
24.0,120.0,2025-10-01,2025-12-05,65,51,20.247162,21.204092,19.398312,77.74624,9.1562605,1.2836409,81.506165,72.8196,10.522876,7.5286045
24.0,120.0,2025-10-01,2025-12-06,66,51,20.172562,21.119967,19.39639,77.71631,9.926998,1.317408,81.58213,73.01443,11.331117,8.0977335
24.0,120.0,2025-10-01,2025-12-07,67,51,19.938604,20.878473,19.198114,76.845924,9.872304,1.498016,80.7008,72.090034,11.077268,8.415988
24.0,120.0,2025-10-01,2025-12-08,68,51,19.98336,20.957228,19.130653,77.12998,8.959089,1.4872037,81.49512,71.58497,10.338892,7.370946
24.0,120.0,2025-10-01,2025-12-09,69,51,19.970901,20.996649,19.145048,77.62128,8.657547,1.3643798,81.997444,72.096054,9.894259,7.134243
24.0,120.0,2025-10-01,2025-12-10,70,51,19.566315,20.568165,18.706087,76.654854,9.404067,1.2980236,80.45666,71.757256,10.689941,7.91794
24.0,120.0,2025-10-01,2025-12-11,71,51,19.437708,20.398333,18.653866,76.33187,9.320772,1.5067627,80.48456,71.20566,10.542687,7.848408
24.0,120.0,2025-10-01,2025-12-12,72,51,19.32696,20.335073,18.447123,76.969795,8.999945,1.3738065,81.31884,71.779175,10.477863,7.13101
24.0,120.0,2025-10-01,2025-12-13,73,51,19.435118,20.348433,18.610918,77.33395,8.339817,1.7245487,81.41275,71.91233,9.767624,6.561373
24.0,120.0,2025-10-01,2025-12-14,74,51,19.427645,20.306337,18.692299,78.56059,8.607972,2.0563183,82.32393,73.73323,9.75232,7.1312213
24.0,120.0,2025-10-01,2025-12-15,75,51,19.18513,20.119955,18.384918,76.88334,9.180482,1.5350811,81.623436,71.2929,10.327577,7.742466
24.0,120.0,2025-10-01,2025-12-16,76,51,19.03409,20.007832,18.309114,76.39097,8.799942,0.48450217,80.289185,71.10227,9.908148,7.461412
24.0,120.0,2025-10-01,2025-12-17,77,51,19.251245,20.273651,18.41456,77.35198,8.31113,0.6129415,81.8051,71.676575,9.799039,6.5659156
24.0,120.0,2025-10-01,2025-12-18,78,51,19.03439,19.957779,18.30629,77.01355,8.179335,0.55016184,81.49323,71.25237,9.373561,6.740782
24.0,120.0,2025-10-01,2025-12-19,79,51,19.088886,20.074892,18.283367,77.62356,8.227989,0.9072527,81.912254,71.82545,9.667934,6.3976655
24.0,120.0,2025-10-01,2025-12-20,80,51,18.972244,19.980297,18.116669,77.32753,8.348558,1.6624548,81.45709,71.66464,9.616668,6.858415
24.0,120.0,2025-10-01,2025-12-21,81,51,18.874037,19.82685,18.031197,77.239296,8.758607,0.8509281,81.40216,71.91849,9.8968315,7.341652
24.0,120.0,2025-10-01,2025-12-22,82,51,18.93803,19.894054,18.200966,77.46929,8.549518,0.67855424,82.13186,71.669785,9.874967,6.928901
24.0,120.0,2025-10-01,2025-12-23,83,51,18.901154,19.865156,18.040415,78.19863,8.738084,1.9522775,81.71297,73.37223,10.184485,6.743779
24.0,120.0,2025-10-01,2025-12-24,84,51,18.385748,19.306604,17.620813,76.89503,9.342812,1.1327841,81.42271,71.71502,10.374227,7.984938
24.0,120.0,2025-10-01,2025-12-25,85,51,18.448347,19.351694,17.64771,76.82899,8.516389,1.4897751,80.95204,71.51844,9.79606,6.891334
24.0,120.0,2025-10-01,2025-12-26,86,51,18.60895,19.684065,17.681747,77.88701,8.055022,1.9074243,82.58387,71.90271,9.388678,6.54102
24.0,120.0,2025-10-01,2025-12-27,87,51,18.163721,19.160337,17.306164,77.09147,8.493659,1.4362434,81.644226,71.52103,9.82098,6.844895
24.0,120.0,2025-10-01,2025-12-28,88,51,18.252665,19.189274,17.447668,76.9274,8.103481,1.3064628,81.204865,71.409355,9.488222,6.4493666
24.0,120.0,2025-10-01,2025-12-29,89,51,18.406256,19.40757,17.577196,77.14305,7.945896,0.82098746,81.1357,71.71333,9.380771,6.290948
24.0,120.0,2025-10-01,2025-12-30,90,51,18.246645,19.211239,17.469837,77.764755,8.311296,1.3079666,82.393166,72.17968,9.59815,6.77476
24.0,120.0,2025-10-01,2025-12-31,91,51,18.320932,19.283546,17.493551,77.872154,8.011067,1.8320616,82.400604,72.39021,9.437151,6.308428
24.0,120.0,2025-10-01,2026-01-01,92,51,18.281294,19.240854,17.437115,77.54468,8.229524,1.2235016,82.1793,71.90204,9.576846,6.568064
24.0,120.0,2025-10-01,2026-01-02,93,51,18.18407,19.144346,17.367458,77.53015,8.697629,1.4203279,81.5205,72.153336,10.003192,7.012455
24.0,120.0,2025-10-01,2026-01-03,94,51,17.986801,19.02689,17.055485,77.69297,8.6061125,0.71313775,82.14283,71.75159,9.844021,7.0477767
24.0,120.0,2025-10-01,2026-01-04,95,51,17.99884,18.902847,17.206322,77.583565,7.9855056,1.3550402,81.75035,72.08202,9.375216,6.4286423
24.0,120.0,2025-10-01,2026-01-05,96,51,18.136112,19.100601,17.251406,78.00094,8.249248,1.1246601,82.12019,72.93974,9.558982,6.807167
24.0,120.0,2025-10-01,2026-01-06,97,51,17.826366,18.714321,17.083273,77.75687,8.749095,2.0877714,81.76055,72.944496,9.922817,7.1846576
24.0,120.0,2025-10-01,2026-01-07,98,51,18.06802,18.9679,17.267628,78.224976,8.213519,3.2929485,82.11129,73.02157,9.612125,6.4046483
24.0,120.0,2025-10-01,2026-01-08,99,51,18.199968,19.161951,17.396461,78.193825,7.7001324,3.19143,82.608894,72.10847,9.207817,5.9052625
24.0,120.0,2025-10-01,2026-01-09,100,51,18.06601,19.077942,17.219738,78.38834,7.8146663,2.0558865,82.92503,72.34255,9.233235,6.1442704
24.0,120.0,2025-10-01,2026-01-10,101,51,17.838778,18.867601,17.03896,77.81907,8.146233,1.9689759,81.988174,72.40249,9.384262,6.756629
24.0,120.0,2025-10-01,2026-01-11,102,51,17.623863,18.603552,16.83153,77.34182,8.600623,1.5040772,81.554726,71.92779,9.81802,7.122307
24.0,120.0,2025-10-01,2026-01-12,103,51,17.37867,18.505405,16.436407,77.12927,8.391711,0.78048944,81.7293,71.50938,9.716216,6.703034
24.0,120.0,2025-10-01,2026-01-13,104,51,17.334406,18.323198,16.507452,77.43387,7.824855,1.3304307,82.078735,71.571686,9.142863,6.20882
24.0,120.0,2025-10-01,2026-01-14,105,51,17.451094,18.333826,16.664045,78.0889,7.9562726,2.3373344,82.108986,73.09193,9.3222,6.478346
24.0,120.0,2025-10-01,2026-01-15,106,51,17.524532,18.50917,16.600655,78.72206,7.834141,2.480909,83.02865,73.030594,9.218143,6.0715504
24.0,120.0,2025-10-01,2026-01-16,107,51,17.524954,18.655708,16.57933,79.01177,7.8823133,1.6621689,84.07073,72.75559,9.276943,6.0094104
24.0,120.0,2025-10-01,2026-01-17,108,51,17.539585,18.580671,16.743195,79.71297,7.60911,1.5864604,83.68965,74.23857,9.040039,5.785785
24.0,120.0,2025-10-01,2026-01-18,109,51,17.775084,18.796934,16.83339,79.506584,7.890914,1.8453428,83.87473,73.826355,9.179454,6.3364234
24.0,120.0,2025-10-01,2026-01-19,110,51,17.947056,18.91778,17.124146,79.92258,7.7690477,2.8616626,84.228134,74.44348,8.996004,6.2436814
24.0,120.0,2025-10-01,2026-01-20,111,51,17.86356,18.803682,17.029562,80.994705,7.724114,1.9862057,84.58368,76.25085,9.338269,5.8626122
24.0,120.0,2025-10-01,2026-01-21,112,51,17.450306,18.39174,16.697363,80.44611,8.607949,1.9576995,84.2337,75.87437,10.053958,6.9295206
24.0,120.0,2025-10-01,2026-01-22,113,51,17.397459,18.276655,16.64481,78.11905,8.237466,1.0878309,82.37841,72.80375,9.577442,6.6910157
24.0,120.0,2025-10-01,2026-01-23,114,51,17.551998,18.541811,16.660776,78.09024,7.579879,1.8078402,82.69411,72.4213,9.502285,5.601035
24.0,120.0,2025-10-01,2026-01-24,115,51,17.159012,18.227993,16.22887,78.30591,8.36694,2.241784,82.30049,72.78466,9.494169,6.9518623
24.0,120.0,2025-10-01,2026-01-25,116,51,17.253172,18.194843,16.44963,78.5333,8.4398575,1.799194,83.03257,72.5983,9.791978,6.688429
24.0,120.0,2025-10-01,2026-01-26,117,51,17.280045,18.322863,16.411182,78.327515,7.918677,1.0386031,82.775955,72.89854,9.123567,6.310449
24.0,120.0,2025-10-01,2026-01-27,118,51,17.248009,18.21896,16.428629,78.173836,8.148714,1.1517076,82.15992,72.97949,9.57443,6.4740195
24.0,120.0,2025-10-01,2026-01-28,119,51,17.128342,18.166117,16.253534,77.22521,8.530253,1.6701621,81.4947,71.68064,9.868871,6.8076925
24.0,120.0,2025-10-01,2026-01-29,120,51,16.815561,17.743334,16.001114,77.17237,8.324817,2.1504211,81.68479,71.52072,9.7568655,6.5779514
24.0,120.0,2025-10-01,2026-01-30,121,51,17.0926,18.031347,16.366476,77.83065,7.468205,1.9068881,82.423645,72.23204,8.776735,5.8254914
24.0,120.0,2025-10-01,2026-01-31,122,51,17.127083,18.182087,16.178423,77.886734,7.7978454,1.1626352,82.17968,72.41857,9.206047,6.1051917
24.0,120.0,2025-10-01,2026-02-01,123,51,16.88406,17.969536,15.939195,77.409836,7.81154,1.806771,81.979195,71.28261,9.112612,6.175058
24.0,120.0,2025-10-01,2026-02-02,124,51,17.026556,18.080294,16.127632,76.93413,7.7046466,0.6442119,81.5175,70.67919,9.044678,6.0197196
24.0,120.0,2025-10-01,2026-02-03,125,51,17.217983,18.208366,16.37143,78.146126,7.5045896,1.3424323,82.301445,72.66832,8.743935,5.939179
24.0,120.0,2025-10-01,2026-02-04,126,51,17.19985,18.236643,16.389996,78.462746,7.7813416,1.8344973,82.68641,72.49108,9.031211,6.321742
24.0,120.0,2025-10-01,2026-02-05,127,51,17.456915,18.528421,16.608221,77.86881,7.418445,2.0219183,82.47769,71.68834,8.79603,5.8217263
24.0,120.0,2025-10-01,2026-02-06,128,51,17.38691,18.439108,16.456976,79.66206,7.1771283,3.1040356,83.74106,74.68591,8.731865,5.4174757
24.0,120.0,2025-10-01,2026-02-07,129,51,17.427084,18.46647,16.5162,79.284035,7.792102,1.3974106,83.6653,73.704704,9.248224,6.092046
24.0,120.0,2025-10-01,2026-02-08,130,51,17.531778,18.570644,16.626959,79.9001,7.508906,2.7482953,83.53417,75.102905,8.878163,5.828912
24.0,120.0,2025-10-01,2026-02-09,131,51,17.488287,18.439741,16.697975,79.41888,7.398398,3.2594085,83.87335,73.93788,8.898312,5.6997876
24.0,120.0,2025-10-01,2026-02-10,132,51,17.560202,18.639605,16.662981,77.8623,7.435515,1.2808385,82.55936,71.885635,8.953306,5.8229637
24.0,120.0,2025-10-01,2026-02-11,133,51,17.599556,18.57872,16.730888,78.314,7.029653,2.2455258,82.59231,72.81983,8.349597,5.4288864
24.0,120.0,2025-10-01,2026-02-12,134,51,17.497133,18.450422,16.673407,78.36703,7.7816067,2.3019598,82.798035,73.067474,9.211079,5.847187
24.0,120.0,2025-10-01,2026-02-13,135,51,17.688328,18.69363,16.851627,77.67206,7.6081066,1.6826718,82.52469,71.79864,9.061003,5.8941603
24.0,120.0,2025-10-01,2026-02-14,136,51,17.658009,18.756618,16.664886,77.64743,7.089545,1.9662832,82.60829,71.51382,8.457361,5.315759
24.0,120.0,2025-10-01,2026-02-15,137,51,17.515556,18.563065,16.627148,77.02728,7.3534613,2.138774,81.117424,71.656815,8.960563,5.367884
24.0,120.0,2025-10-01,2026-02-16,138,51,17.734684,18.70487,16.862799,77.18622,6.979263,1.1290933,82.14871,70.95268,8.327525,5.394557
24.0,120.0,2025-10-01,2026-02-17,139,51,18.008774,19.11344,17.042566,77.836975,6.7605124,1.7657378,83.348816,71.17161,8.274129,5.078711
24.0,120.0,2025-10-01,2026-02-18,140,51,17.953474,18.949604,17.147236,78.15466,6.9424934,1.9714266,83.15065,72.57912,8.385052,5.1793733
24.0,120.0,2025-10-01,2026-02-19,141,51,18.415092,19.50182,17.530886,77.96684,6.4193745,1.0195024,82.63964,72.068726,7.914298,4.584689
24.0,120.0,2025-10-01,2026-02-20,142,51,18.745403,19.863169,17.876095,78.10896,6.2569184,1.9130048,83.44374,71.488396,7.8105044,4.410197
24.0,120.0,2025-10-01,2026-02-21,143,51,18.764153,19.888178,17.939825,79.049774,6.175847,1.6500777,83.781654,72.86738,7.7279596,4.3327007
24.0,120.0,2025-10-01,2026-02-22,144,51,19.045023,20.199583,18.187368,78.83298,6.0321507,3.0628266,83.89843,71.995186,7.326644,4.4412823
24.0,120.0,2025-10-01,2026-02-23,145,51,19.207115,20.327448,18.361046,79.864944,6.249376,2.4346392,84.9142,73.86894,7.474107,4.804503
24.0,120.0,2025-10-01,2026-02-24,146,51,19.443014,20.629902,18.522932,80.14873,6.24448,4.0921016,85.07699,73.81791,8.0067215,4.1435
24.0,120.0,2025-10-01,2026-02-25,147,51,19.39894,20.448347,18.628057,80.46043,6.4002547,2.0696864,84.58174,74.93542,8.087243,4.3919234
24.0,120.0,2025-10-01,2026-02-26,148,51,19.520405,20.676722,18.54383,80.2195,6.5294123,2.5879285,84.871605,74.2056,8.385383,4.5185323
24.0,120.0,2025-10-01,2026-02-27,149,51,19.295904,20.280342,18.489874,79.86352,6.5387435,1.3283306,84.38021,74.461136,8.269297,4.392066
24.0,120.0,2025-10-01,2026-02-28,150,51,19.546906,20.621563,18.724321,79.42616,5.3990855,2.1952603,84.082214,73.43818,6.9243026,3.4463325
24.0,121.0,2025-10-01,2025-10-01,0,51,25.323124,27.578243,23.608742,84.49365,1.2038751,0.0,90.20629,74.254166,1.6140528,0.8359977
24.0,121.0,2025-10-01,2025-10-02,1,51,25.105824,27.630636,23.250048,83.52482,0.77071035,0.2645134,90.201324,72.51218,1.216868,0.3013612
24.0,121.0,2025-10-01,2025-10-03,2,51,25.1096,27.403076,23.525509,83.66441,1.060838,1.3645746,91.095085,73.39336,1.6429577,0.49710363
24.0,121.0,2025-10-01,2025-10-04,3,51,25.513145,27.4913,23.963726,84.66909,1.215311,2.1632886,91.270584,75.54793,1.8508902,0.6732138
24.0,121.0,2025-10-01,2025-10-05,4,51,25.55174,27.520708,24.068012,85.548195,0.75604224,0.93534935,91.62865,76.1799,1.1357584,0.4113369
24.0,121.0,2025-10-01,2025-10-06,5,51,25.566513,27.556358,24.038704,85.7854,1.7574773,1.0496624,92.43919,75.90928,2.5569181,0.777085
24.0,121.0,2025-10-01,2025-10-07,6,51,25.435362,27.776398,23.80008,84.899796,3.2849607,1.227819,90.86601,74.28263,4.351332,2.1956112
24.0,121.0,2025-10-01,2025-10-08,7,51,25.355608,27.40989,23.871471,84.335175,3.8623276,2.5803566,89.98398,75.549965,4.9268494,2.5628362
24.0,121.0,2025-10-01,2025-10-09,8,51,25.131598,26.939625,23.881271,85.29331,3.4376528,4.1889687,90.23035,77.59761,4.4181404,2.474228
24.0,121.0,2025-10-01,2025-10-10,9,51,25.084278,26.973309,23.752857,85.45418,3.0425382,3.7073193,90.93782,76.82984,3.8546658,2.1726828
24.0,121.0,2025-10-01,2025-10-11,10,51,25.058783,26.962852,23.66924,85.72849,3.295451,4.7924414,90.95189,77.405426,4.06611,2.4634256
24.0,121.0,2025-10-01,2025-10-12,11,51,24.871977,26.736176,23.597712,85.516174,4.093761,8.076071,90.21333,77.62359,4.943828,3.0927873
24.0,121.0,2025-10-01,2025-10-13,12,51,24.622503,26.172112,23.53736,85.88497,4.6862473,11.550137,89.756035,79.72916,5.549685,3.6967115
24.0,121.0,2025-10-01,2025-10-14,13,51,24.475624,25.999474,23.455906,85.15604,5.277308,11.133352,88.98535,79.017685,6.09859,4.2095027
24.0,121.0,2025-10-01,2025-10-15,14,51,24.320896,25.721964,23.356853,84.99869,5.6860313,9.687611,88.53217,79.44891,6.4793196,4.8098397
24.0,121.0,2025-10-01,2025-10-16,15,51,24.250732,25.695757,23.169395,84.39632,5.851968,10.7702675,88.15715,78.69596,6.652315,4.8692245
24.0,121.0,2025-10-01,2025-10-17,16,51,24.063755,25.505827,23.048641,83.7711,6.0008507,8.039681,87.40105,78.044685,6.8107157,5.114396
24.0,121.0,2025-10-01,2025-10-18,17,51,24.010197,25.435879,22.98703,83.2814,6.352602,8.576727,87.25476,77.539825,7.1051645,5.402273
24.0,121.0,2025-10-01,2025-10-19,18,51,23.850098,25.32849,22.802391,82.12095,6.695881,5.602825,86.12839,76.23938,7.369329,5.8610067
24.0,121.0,2025-10-01,2025-10-20,19,51,23.641788,25.077524,22.61006,81.78024,6.8999877,6.8543663,85.7462,75.85837,7.5726614,6.039976
24.0,121.0,2025-10-01,2025-10-21,20,51,23.517097,24.95009,22.554323,81.98335,6.817873,7.2425685,85.862465,76.24364,7.488551,5.931634
24.0,121.0,2025-10-01,2025-10-22,21,51,23.413614,24.741997,22.45333,81.726166,6.7338924,8.194368,85.233215,76.49703,7.455592,5.8257437
24.0,121.0,2025-10-01,2025-10-23,22,51,23.478373,24.853899,22.530197,82.02821,6.1286345,6.9264455,86.27886,76.12939,6.8939457,5.191435
24.0,121.0,2025-10-01,2025-10-24,23,51,23.556252,25.127533,22.539425,83.02162,5.7343755,5.981488,87.20442,76.24275,6.574774,4.6911197
24.0,121.0,2025-10-01,2025-10-25,24,51,23.440548,24.950733,22.351084,82.61683,5.929943,5.248478,86.815155,76.2616,6.737991,4.9355783
24.0,121.0,2025-10-01,2025-10-26,25,51,23.130655,24.564968,22.1372,81.60205,6.20118,5.454206,85.30521,75.83708,6.93283,5.289205
24.0,121.0,2025-10-01,2025-10-27,26,51,22.960495,24.426224,21.989063,80.944,6.00082,7.5084314,84.92043,74.99991,6.8634667,4.965318
24.0,121.0,2025-10-01,2025-10-28,27,51,22.80603,24.225628,21.821997,80.966255,5.998023,6.201435,84.796394,75.279816,6.7230177,5.035551
24.0,121.0,2025-10-01,2025-10-29,28,51,22.77897,24.218197,21.799988,80.86334,5.655772,5.572294,85.59718,74.38989,6.480336,4.569421
24.0,121.0,2025-10-01,2025-10-30,29,51,22.88456,24.40568,21.958666,81.30376,5.4994745,4.7716084,85.95561,74.5141,6.4101624,4.4173775
24.0,121.0,2025-10-01,2025-10-31,30,51,22.879404,24.364916,21.899445,81.247894,5.874321,4.4837074,85.5733,74.8616,6.6096716,4.928359
24.0,121.0,2025-10-01,2025-11-01,31,51,22.56243,24.010914,21.49044,81.59587,6.2136517,6.648925,85.56996,75.76117,7.0165577,5.168913
24.0,121.0,2025-10-01,2025-11-02,32,51,22.302713,23.686083,21.285408,81.02488,6.5297813,6.112675,85.308044,75.1653,7.339919,5.5586014
24.0,121.0,2025-10-01,2025-11-03,33,51,22.072868,23.44307,21.170668,80.66701,6.1550894,7.8981924,84.74798,74.816,7.032421,5.015046
24.0,121.0,2025-10-01,2025-11-04,34,51,22.348003,23.783638,21.406609,81.05158,5.7173996,4.942601,85.8118,74.49398,6.667945,4.6272974
24.0,121.0,2025-10-01,2025-11-05,35,51,22.378506,23.88317,21.392456,81.47977,6.0169835,9.013454,85.96286,74.8781,6.873804,4.9023256
24.0,121.0,2025-10-01,2025-11-06,36,51,22.05533,23.483635,21.05513,81.20808,6.2691727,9.755745,84.93379,75.53695,7.142758,5.223234
24.0,121.0,2025-10-01,2025-11-07,37,51,21.87473,23.259485,20.948132,81.14204,6.219226,6.246641,85.10684,75.002945,7.0824566,5.1752005
24.0,121.0,2025-10-01,2025-11-08,38,51,21.786858,23.272243,20.738579,80.95778,6.3589096,5.198205,85.29922,74.53509,7.12498,5.3562436
24.0,121.0,2025-10-01,2025-11-09,39,51,21.591787,22.958242,20.607271,80.93411,6.728152,6.1647663,84.83262,75.530846,7.557205,5.6420703
24.0,121.0,2025-10-01,2025-11-10,40,51,21.304571,22.72305,20.365637,79.98987,6.7464647,6.964406,84.205826,73.70822,7.474597,5.8779755
24.0,121.0,2025-10-01,2025-11-11,41,51,21.27687,22.775156,20.275011,79.757835,6.6541033,4.9314346,84.011314,73.12445,7.4740734,5.569373
24.0,121.0,2025-10-01,2025-11-12,42,51,21.295698,22.732058,20.313099,80.18025,6.577712,5.397292,84.17679,74.0154,7.48732,5.416711
24.0,121.0,2025-10-01,2025-11-13,43,51,21.0415,22.514196,20.064426,80.31679,6.430626,6.131057,84.29606,74.079216,7.1435204,5.4711494
24.0,121.0,2025-10-01,2025-11-14,44,51,20.939556,22.350529,20.03534,80.44128,6.160636,7.033936,84.31314,74.35754,7.037358,5.1450987
24.0,121.0,2025-10-01,2025-11-15,45,51,20.913069,22.379921,19.960493,80.217316,6.300037,7.051592,84.595795,73.78987,7.0633287,5.3167257
24.0,121.0,2025-10-01,2025-11-16,46,51,20.972746,22.441568,20.031578,80.7601,5.793885,6.181534,85.21051,73.99068,6.6016135,4.7557898
24.0,121.0,2025-10-01,2025-11-17,47,51,20.889927,22.468258,19.810852,81.06846,6.0118523,5.428404,85.57977,74.0198,6.91625,4.938998
24.0,121.0,2025-10-01,2025-11-18,48,51,20.69579,22.252636,19.632832,81.14321,6.2787814,5.7510557,85.34701,74.47024,7.3101716,5.082429
24.0,121.0,2025-10-01,2025-11-19,49,51,20.37704,21.897781,19.327309,80.638115,6.6650896,4.851239,84.82866,74.492874,7.657114,5.5165205
24.0,121.0,2025-10-01,2025-11-20,50,51,20.153112,21.55095,19.122475,79.62925,6.6341963,5.405405,83.89618,73.634865,7.603438,5.434907
24.0,121.0,2025-10-01,2025-11-21,51,51,19.857782,21.32042,18.76944,79.825645,6.5662584,6.0843015,84.46007,73.60059,7.443207,5.5356054
24.0,121.0,2025-10-01,2025-11-22,52,51,19.651485,21.089586,18.708008,80.18094,6.620311,7.531352,84.44171,73.650024,7.5073824,5.5307145
24.0,121.0,2025-10-01,2025-11-23,53,51,19.714931,21.164455,18.746254,79.71124,6.2632904,5.00476,84.06906,73.231064,7.2827907,5.008183
24.0,121.0,2025-10-01,2025-11-24,54,51,19.684711,21.187557,18.673672,79.47308,5.7128544,4.261713,84.45235,72.73006,6.61016,4.535187
24.0,121.0,2025-10-01,2025-11-25,55,51,19.646484,21.116653,18.671698,80.24924,6.0368605,3.9575367,84.40255,73.53772,6.8952513,4.9548326
24.0,121.0,2025-10-01,2025-11-26,56,51,19.346725,20.76881,18.328472,79.92984,6.617936,4.3671474,83.931244,73.85198,7.5400553,5.3491364
24.0,121.0,2025-10-01,2025-11-27,57,51,19.242132,20.699156,18.267622,79.63701,6.245841,3.8391757,83.76487,73.35837,7.177097,5.143621
24.0,121.0,2025-10-01,2025-11-28,58,51,19.310188,20.92131,18.199915,79.4557,6.117307,2.7739406,83.858795,72.63766,7.1939793,4.898984
24.0,121.0,2025-10-01,2025-11-29,59,51,19.155962,20.812248,18.107794,79.5491,6.1444736,4.637885,84.09878,72.33186,7.018842,4.986488
24.0,121.0,2025-10-01,2025-11-30,60,51,19.03429,20.528996,18.031212,80.1759,6.0129776,5.7793036,84.53697,73.423096,6.961753,4.8242903
24.0,121.0,2025-10-01,2025-12-01,61,51,18.814764,20.302029,17.816406,80.17653,6.158101,4.9540033,84.52873,73.79974,7.025092,5.1171
24.0,121.0,2025-10-01,2025-12-02,62,51,18.768112,20.323444,17.793951,79.14593,6.1704907,3.9872174,83.752625,72.251945,6.9721203,5.106041
24.0,121.0,2025-10-01,2025-12-03,63,51,18.826122,20.502098,17.726616,79.508514,5.3988733,3.9022217,84.260895,71.94629,6.379719,4.273467
24.0,121.0,2025-10-01,2025-12-04,64,51,18.54535,20.185047,17.413885,79.9303,5.638774,5.4031944,84.91963,72.50603,6.6832085,4.405267
24.0,121.0,2025-10-01,2025-12-05,65,51,18.444828,20.023624,17.34159,80.10751,5.881459,3.6483755,84.57679,72.79188,6.856071,4.7637205
24.0,121.0,2025-10-01,2025-12-06,66,51,18.353376,19.914593,17.29475,79.99299,6.372128,4.0464373,84.50496,72.94869,7.444485,5.0421877
24.0,121.0,2025-10-01,2025-12-07,67,51,18.086308,19.553637,17.103577,79.53789,6.3994884,3.8930235,83.77678,73.111885,7.305969,5.311991
24.0,121.0,2025-10-01,2025-12-08,68,51,18.125134,19.717957,17.04361,79.3208,5.7870765,3.584073,84.01532,71.67142,6.8013144,4.6488037
24.0,121.0,2025-10-01,2025-12-09,69,51,18.157675,19.847052,17.03659,79.78075,5.4956284,3.34656,84.5603,72.513535,6.4711246,4.3146286
24.0,121.0,2025-10-01,2025-12-10,70,51,17.786594,19.439995,16.63333,78.91022,6.0189304,3.205106,83.47531,71.55557,7.047738,4.884386
24.0,121.0,2025-10-01,2025-12-11,71,51,17.586536,19.170189,16.542728,78.99027,6.037901,3.8048234,83.67557,71.69064,6.9383607,4.936721
24.0,121.0,2025-10-01,2025-12-12,72,51,17.504623,19.114885,16.357191,79.0114,5.8179665,4.0246363,83.48306,72.01378,6.9404726,4.4006014
24.0,121.0,2025-10-01,2025-12-13,73,51,17.60254,19.235023,16.494556,79.373566,5.195706,3.7406335,84.17528,71.410736,6.237581,3.9091082
24.0,121.0,2025-10-01,2025-12-14,74,51,17.698483,19.232841,16.722527,80.33909,5.271668,4.108824,84.60057,73.27276,6.136689,4.185087
24.0,121.0,2025-10-01,2025-12-15,75,51,17.392323,18.974754,16.25581,79.32893,5.835164,4.5211105,84.09474,72.31889,6.7351513,4.7657185
24.0,121.0,2025-10-01,2025-12-16,76,51,17.09115,18.704292,16.029964,79.10626,5.63264,3.1032972,83.81085,71.4075,6.441873,4.6174526
24.0,121.0,2025-10-01,2025-12-17,77,51,17.377651,19.12889,16.24893,79.54411,5.1480036,2.8134127,84.58406,71.503586,6.19675,3.8917465
24.0,121.0,2025-10-01,2025-12-18,78,51,17.247452,19.000208,16.137962,79.01016,5.097687,2.5693717,83.94436,70.71395,5.973032,4.081141
24.0,121.0,2025-10-01,2025-12-19,79,51,17.262413,18.963303,16.163069,79.53047,5.200033,3.0542312,84.25848,71.47171,6.2601185,3.921157
24.0,121.0,2025-10-01,2025-12-20,80,51,17.164967,18.850214,16.018127,79.71578,5.210286,4.376813,84.40964,72.069336,6.160137,4.117204
24.0,121.0,2025-10-01,2025-12-21,81,51,17.04915,18.717833,15.937816,79.64195,5.462216,3.0912983,84.3828,71.840225,6.3618875,4.3938475
24.0,121.0,2025-10-01,2025-12-22,82,51,17.005157,18.626822,15.976718,79.82597,5.382681,3.3643441,84.48972,72.08441,6.377905,4.173979
24.0,121.0,2025-10-01,2025-12-23,83,51,17.134117,18.863274,16.019325,79.82764,5.4700704,3.912124,84.20159,72.37306,6.6133738,3.9829068
24.0,121.0,2025-10-01,2025-12-24,84,51,16.61114,18.168583,15.530828,79.02777,5.945838,3.5051851,83.97334,71.74902,6.7571273,4.9504366
24.0,121.0,2025-10-01,2025-12-25,85,51,16.585077,18.14687,15.511257,79.32517,5.348361,3.5017767,84.004005,71.66575,6.2691727,4.2827253
24.0,121.0,2025-10-01,2025-12-26,86,51,16.749172,18.46704,15.498029,80.131134,4.9698114,4.650196,85.13901,71.91105,6.0394626,3.7651458
24.0,121.0,2025-10-01,2025-12-27,87,51,16.394121,18.126236,15.231792,79.36601,5.2866645,3.6695085,84.35408,71.21213,6.3997,3.985372
24.0,121.0,2025-10-01,2025-12-28,88,51,16.375734,18.093586,15.252943,79.25336,5.132807,3.6131706,84.11473,71.18855,6.2042193,3.8534665
24.0,121.0,2025-10-01,2025-12-29,89,51,16.485678,18.202501,15.354101,79.6319,4.9462433,3.4205358,84.42397,71.82043,6.007085,3.7587278
24.0,121.0,2025-10-01,2025-12-30,90,51,16.41861,18.129574,15.366997,79.80985,5.1821895,3.261232,84.87868,71.97266,6.14804,4.0706973
24.0,121.0,2025-10-01,2025-12-31,91,51,16.468914,18.163252,15.358759,80.28644,4.9632864,4.0915804,85.22299,72.39804,6.1191373,3.5417545
24.0,121.0,2025-10-01,2026-01-01,92,51,16.484879,18.202957,15.362513,79.598,5.1448984,3.467491,84.68855,71.80754,6.1352043,3.9772282
24.0,121.0,2025-10-01,2026-01-02,93,51,16.383286,18.127365,15.29505,79.701324,5.5148354,4.3515854,84.42403,71.60399,6.6071625,4.205331
24.0,121.0,2025-10-01,2026-01-03,94,51,16.216469,18.02144,15.00131,79.90149,5.4198785,3.3471103,84.84691,71.51252,6.350993,4.2783704
24.0,121.0,2025-10-01,2026-01-04,95,51,16.15236,17.857368,15.075804,79.75217,4.9412255,3.7963095,84.61056,71.598816,5.9586515,3.8507922
24.0,121.0,2025-10-01,2026-01-05,96,51,16.262148,17.986475,15.091788,80.30782,5.067463,3.7312903,84.99921,72.542244,6.0466175,3.9348679
24.0,121.0,2025-10-01,2026-01-06,97,51,16.010511,17.603062,14.944046,80.07657,5.519307,4.805004,84.47395,72.84529,6.494828,4.3433733
24.0,121.0,2025-10-01,2026-01-07,98,51,16.177896,17.740612,15.143494,80.41254,5.065507,5.4418626,84.8833,72.9117,6.054945,3.7436347
24.0,121.0,2025-10-01,2026-01-08,99,51,16.392235,18.125912,15.251026,80.27868,4.640788,5.2144995,85.39935,71.95441,5.7871904,3.272646
24.0,121.0,2025-10-01,2026-01-09,100,51,16.228857,17.987652,15.0671215,80.719376,4.8573494,4.6771355,85.54008,72.526825,5.9475956,3.6020827
24.0,121.0,2025-10-01,2026-01-10,101,51,16.00341,17.696777,14.838347,80.42186,4.953426,4.953186,84.97752,72.79842,5.782461,4.0863934
24.0,121.0,2025-10-01,2026-01-11,102,51,15.876189,17.584888,14.698061,79.78903,5.494379,4.013395,84.633224,72.11521,6.491969,4.345745
24.0,121.0,2025-10-01,2026-01-12,103,51,15.544642,17.318895,14.308743,79.48505,5.3445463,3.4607306,84.50612,71.45976,6.4003744,4.080414
24.0,121.0,2025-10-01,2026-01-13,104,51,15.475027,17.177235,14.335291,79.60531,4.8980436,3.7975502,84.41939,71.69611,5.9235296,3.7377648
24.0,121.0,2025-10-01,2026-01-14,105,51,15.672497,17.300001,14.680132,80.273705,4.7862453,4.882222,85.0204,72.82327,5.837304,3.7344403
24.0,121.0,2025-10-01,2026-01-15,106,51,15.837412,17.522532,14.642397,80.615524,4.7499266,4.671485,85.45749,72.83433,5.8056245,3.4352279
24.0,121.0,2025-10-01,2026-01-16,107,51,15.872287,17.783857,14.566634,80.57707,4.7901063,4.923668,86.06686,71.84922,5.85763,3.4925637
24.0,121.0,2025-10-01,2026-01-17,108,51,15.798067,17.63393,14.6608925,81.27024,4.401864,4.0290203,86.24237,72.6765,5.465722,3.1314108
24.0,121.0,2025-10-01,2026-01-18,109,51,16.111977,17.923536,14.856114,81.023636,4.6972094,3.8310947,85.95009,72.68033,5.631341,3.6178577
24.0,121.0,2025-10-01,2026-01-19,110,51,16.245491,18.0267,15.0822935,81.36859,4.862626,4.9482136,86.2249,73.057236,5.876108,3.607515
24.0,121.0,2025-10-01,2026-01-20,111,51,16.310701,18.010693,15.146048,82.47328,4.5702305,5.444559,87.24539,74.64397,5.696333,3.3343678
24.0,121.0,2025-10-01,2026-01-21,112,51,15.948469,17.599052,14.835279,81.9497,5.1734314,4.8239937,86.23314,75.12123,6.2345915,3.8831043
24.0,121.0,2025-10-01,2026-01-22,113,51,15.749144,17.486015,14.606964,80.11842,5.2705727,3.9276276,84.859245,72.34343,6.275859,4.138
24.0,121.0,2025-10-01,2026-01-23,114,51,15.777916,17.600542,14.594382,80.05275,4.7534037,4.549115,85.11917,71.709854,6.101528,3.39007
24.0,121.0,2025-10-01,2026-01-24,115,51,15.482337,17.263954,14.244587,80.202614,5.080213,4.92974,85.03096,72.16327,6.005689,4.0360065
24.0,121.0,2025-10-01,2026-01-25,116,51,15.578247,17.291988,14.469837,80.4006,5.229294,4.768779,85.46155,72.03708,6.2809563,3.9312963
24.0,121.0,2025-10-01,2026-01-26,117,51,15.5973015,17.398043,14.435802,80.27956,4.822338,4.0622153,85.391045,72.23391,5.7330637,3.7110126
24.0,121.0,2025-10-01,2026-01-27,118,51,15.556856,17.357683,14.431571,80.136536,4.945641,3.7885973,84.6377,72.26785,5.9512205,3.744316
24.0,121.0,2025-10-01,2026-01-28,119,51,15.360071,17.164768,14.112258,79.2769,5.242035,3.9465256,84.333115,71.340744,6.27349,3.9157968
24.0,121.0,2025-10-01,2026-01-29,120,51,15.143232,16.87593,14.058165,79.25386,5.0733085,4.332108,84.30501,70.87601,6.161908,3.762838
24.0,121.0,2025-10-01,2026-01-30,121,51,15.37518,17.176071,14.243252,80.00234,4.4160843,4.3767996,85.18997,71.55574,5.4123306,3.2957
24.0,121.0,2025-10-01,2026-01-31,122,51,15.493518,17.458828,14.195864,80.07997,4.768648,3.9670856,85.358536,71.445465,5.9054394,3.4910269
24.0,121.0,2025-10-01,2026-02-01,123,51,15.1616125,17.151812,13.861734,79.402534,4.8871956,4.0590525,84.57401,70.53328,5.890442,3.691537
24.0,121.0,2025-10-01,2026-02-02,124,51,15.288033,17.162086,14.072359,79.20517,4.852242,3.387809,84.51778,70.40158,5.9689217,3.4788103
24.0,121.0,2025-10-01,2026-02-03,125,51,15.526283,17.388317,14.3110485,80.12534,4.488512,4.26427,85.22775,71.34451,5.4880047,3.3543334
24.0,121.0,2025-10-01,2026-02-04,126,51,15.557757,17.360115,14.40953,80.43121,4.721365,4.59826,85.429276,72.30214,5.7216015,3.5899315
24.0,121.0,2025-10-01,2026-02-05,127,51,15.6777115,17.517311,14.498699,79.91478,4.4811254,3.9348373,84.97298,71.26079,5.565979,3.277676
24.0,121.0,2025-10-01,2026-02-06,128,51,15.7493105,17.571865,14.428127,81.00601,4.2635565,5.547184,85.79178,73.15189,5.416011,2.9773688
24.0,121.0,2025-10-01,2026-02-07,129,51,15.773596,17.589582,14.534277,80.90669,4.6597214,3.948453,85.92729,72.735535,5.7603893,3.4022994
24.0,121.0,2025-10-01,2026-02-08,130,51,15.921804,17.71293,14.66415,81.41049,4.501603,5.3498588,85.78569,74.026596,5.5349445,3.3010697
24.0,121.0,2025-10-01,2026-02-09,131,51,15.87383,17.522047,14.71137,81.108635,4.450654,5.9187794,85.95699,73.55159,5.606181,3.1827798
24.0,121.0,2025-10-01,2026-02-10,132,51,15.861887,17.750906,14.57181,79.89386,4.5765877,3.9339,84.9669,71.63758,5.719388,3.345389
24.0,121.0,2025-10-01,2026-02-11,133,51,15.913237,17.766695,14.714287,80.17694,4.198166,4.8987184,85.28773,71.57803,5.148222,3.0833468
24.0,121.0,2025-10-01,2026-02-12,134,51,15.787835,17.56643,14.595175,80.30214,4.834549,5.0968504,85.087456,72.42395,5.777952,3.5595462
24.0,121.0,2025-10-01,2026-02-13,135,51,15.80859,17.585148,14.656057,79.48111,4.664886,4.029798,84.778435,71.24596,5.7552776,3.3567858
24.0,121.0,2025-10-01,2026-02-14,136,51,15.868709,17.740374,14.560152,79.50679,4.361351,4.2055807,85.02381,70.89128,5.381835,3.09377
24.0,121.0,2025-10-01,2026-02-15,137,51,15.693225,17.611141,14.480615,79.10149,4.4645643,4.461105,84.50008,70.44099,5.5633965,3.1491148
24.0,121.0,2025-10-01,2026-02-16,138,51,15.90066,17.74757,14.715118,79.32767,4.1787558,3.4472356,85.02133,70.28824,5.200955,3.0666406
24.0,121.0,2025-10-01,2026-02-17,139,51,16.31652,18.282902,15.011507,79.84891,4.0206404,4.159791,85.742676,70.455795,5.1010847,2.8266935
24.0,121.0,2025-10-01,2026-02-18,140,51,16.20834,18.041588,15.025864,80.20117,4.1900873,4.2979546,85.51919,71.99887,5.2985606,2.9441586
24.0,121.0,2025-10-01,2026-02-19,141,51,16.505413,18.347364,15.343403,80.02129,3.8905373,3.5866385,85.22194,71.44444,4.967004,2.565887
24.0,121.0,2025-10-01,2026-02-20,142,51,16.88712,18.907719,15.683202,80.068214,3.8679175,4.3072615,85.84477,70.84454,5.069029,2.458132
24.0,121.0,2025-10-01,2026-02-21,143,51,16.906898,18.92804,15.647067,80.458374,3.7883577,3.4488153,86.070465,71.23758,4.982082,2.515038
24.0,121.0,2025-10-01,2026-02-22,144,51,17.204075,19.309557,15.949131,80.01928,3.7821333,4.062547,85.89075,70.291275,4.8793955,2.5052726
24.0,121.0,2025-10-01,2026-02-23,145,51,17.412886,19.454967,16.155167,81.38132,3.702527,4.7517285,87.12834,72.342926,4.6546574,2.5730312
24.0,121.0,2025-10-01,2026-02-24,146,51,17.64959,19.677034,16.364855,81.42128,3.846213,6.0156956,86.882904,72.36749,5.103154,2.3510695
24.0,121.0,2025-10-01,2026-02-25,147,51,17.625313,19.512896,16.4636,81.99657,3.8862138,4.198051,86.737114,73.792816,5.1179028,2.3535314
24.0,121.0,2025-10-01,2026-02-26,148,51,17.75577,19.841583,16.42984,81.780914,4.055297,5.0716963,87.3432,72.53379,5.4036746,2.52848
24.0,121.0,2025-10-01,2026-02-27,149,51,17.537125,19.378595,16.35596,81.495735,4.053118,4.0979776,86.696396,73.16342,5.2882633,2.55752
24.0,121.0,2025-10-01,2026-02-28,150,51,17.724667,19.648819,16.574905,81.121315,3.2392917,4.4143624,86.79266,72.07678,4.384738,1.8809464
24.0,122.0,2025-10-01,2025-10-01,0,51,26.19791,27.34018,25.246017,81.87343,1.5004902,0.0,84.26487,78.258156,1.9583745,0.99514973
24.0,122.0,2025-10-01,2025-10-02,1,51,26.176054,27.617651,25.09454,80.12473,1.6575705,0.3056377,83.534454,74.47957,2.3579273,0.9050162
24.0,122.0,2025-10-01,2025-10-03,2,51,25.96786,27.170376,24.746824,82.462166,2.543449,2.3752155,88.44033,76.147835,3.430632,1.6103071
24.0,122.0,2025-10-01,2025-10-04,3,51,26.142532,27.246265,25.173254,84.697365,3.2011216,0.9899988,89.24689,79.73447,3.8897166,2.5435264
24.0,122.0,2025-10-01,2025-10-05,4,51,26.267397,27.452703,25.355259,84.308655,1.424661,0.5810087,88.058334,78.52058,2.124179,0.7426303
24.0,122.0,2025-10-01,2025-10-06,5,51,26.310171,27.520355,25.35341,84.12639,2.0755508,1.0482155,88.03428,78.264305,2.8101454,1.0683982
24.0,122.0,2025-10-01,2025-10-07,6,51,26.10272,27.400488,25.126556,84.06591,3.5410779,1.9942015,87.867226,77.89241,4.2394395,2.7953796
24.0,122.0,2025-10-01,2025-10-08,7,51,25.799995,26.959482,24.80001,84.92195,3.899137,4.8126955,88.58938,79.91427,4.6955295,2.855893
24.0,122.0,2025-10-01,2025-10-09,8,51,25.581413,26.586828,24.755053,85.62871,3.5191066,6.0840526,88.8379,81.6778,4.332511,2.588199
24.0,122.0,2025-10-01,2025-10-10,9,51,25.626438,26.698404,24.82104,85.42727,3.2092767,5.2774315,89.01847,80.5403,3.9762728,2.3509877
24.0,122.0,2025-10-01,2025-10-11,10,51,25.623852,26.693508,24.69707,85.595116,3.3791623,7.655951,89.25974,80.92295,4.136351,2.562818
24.0,122.0,2025-10-01,2025-10-12,11,51,25.324276,26.3601,24.429699,86.05508,3.9916582,14.002407,89.53323,81.47828,4.7524977,3.1334472
24.0,122.0,2025-10-01,2025-10-13,12,51,25.0844,25.905931,24.40644,86.67853,4.557585,17.229038,89.43753,83.014824,5.4270816,3.616441
24.0,122.0,2025-10-01,2025-10-14,13,51,24.993143,25.861635,24.256636,86.20956,4.8511333,16.58461,89.391716,82.464294,5.7153296,3.8878205
24.0,122.0,2025-10-01,2025-10-15,14,51,24.904175,25.701988,24.25965,85.62367,4.993511,15.61043,88.40338,82.01742,5.794506,4.0968013
24.0,122.0,2025-10-01,2025-10-16,15,51,24.867674,25.717066,24.136213,85.27406,5.33124,16.29753,88.39789,81.405426,6.250916,4.183769
24.0,122.0,2025-10-01,2025-10-17,16,51,24.746397,25.569872,24.064877,84.19082,5.4927163,13.127479,87.30569,80.49857,6.3843436,4.579692
24.0,122.0,2025-10-01,2025-10-18,17,51,24.759678,25.575996,24.079428,83.48824,6.1002746,12.522936,86.9582,79.54296,6.9604506,5.159579
24.0,122.0,2025-10-01,2025-10-19,18,51,24.618793,25.50659,23.861027,82.18264,6.458384,9.290501,85.65227,78.15641,7.193862,5.6117506
24.0,122.0,2025-10-01,2025-10-20,19,51,24.414976,25.237162,23.697643,82.22172,6.6546416,11.110771,86.07508,78.020874,7.467553,5.6312547
24.0,122.0,2025-10-01,2025-10-21,20,51,24.291441,25.135096,23.631237,82.38031,6.6965656,11.531958,85.97363,78.32049,7.4493027,5.8093786
24.0,122.0,2025-10-01,2025-10-22,21,51,24.236582,24.96104,23.611122,81.68103,6.6962237,12.6393795,84.76773,78.28109,7.6672935,5.5984845
24.0,122.0,2025-10-01,2025-10-23,22,51,24.278646,24.98371,23.677483,81.60041,5.9212465,10.59945,84.76784,78.12301,6.767512,5.013136
24.0,122.0,2025-10-01,2025-10-24,23,51,24.355011,25.170362,23.688137,82.41402,5.5166583,9.232451,85.65041,78.77833,6.3928595,4.520999
24.0,122.0,2025-10-01,2025-10-25,24,51,24.250116,25.142042,23.492485,82.01762,5.804809,8.704479,85.81186,77.76739,6.774099,4.7676144
24.0,122.0,2025-10-01,2025-10-26,25,51,23.973494,24.81193,23.281918,80.825195,6.273564,9.263072,84.046455,77.18394,7.152348,5.297972
24.0,122.0,2025-10-01,2025-10-27,26,51,23.837288,24.687954,23.149498,80.010704,6.064672,11.354339,83.62992,76.1568,7.129759,4.880938
24.0,122.0,2025-10-01,2025-10-28,27,51,23.705294,24.518251,23.060816,79.76724,6.199395,10.592413,83.18593,76.1266,7.046029,5.224764
24.0,122.0,2025-10-01,2025-10-29,28,51,23.659111,24.429989,23.016273,79.27945,5.898777,9.59231,82.624725,75.54608,6.8086143,4.844976
24.0,122.0,2025-10-01,2025-10-30,29,51,23.781252,24.616476,23.151154,79.6972,5.680237,8.3352,83.3712,75.52059,6.7374473,4.5125265
24.0,122.0,2025-10-01,2025-10-31,30,51,23.780727,24.570564,23.12761,80.150314,6.026925,8.128494,83.6173,76.47234,6.8836145,5.0907707
24.0,122.0,2025-10-01,2025-11-01,31,51,23.600777,24.452631,22.82238,80.12707,6.3879895,10.119069,83.02483,76.86078,7.293896,5.269654
24.0,122.0,2025-10-01,2025-11-02,32,51,23.284473,24.081118,22.564686,80.211754,6.8624854,11.72067,83.85171,76.03061,7.805232,5.7578416
24.0,122.0,2025-10-01,2025-11-03,33,51,23.039026,23.787306,22.43257,79.351845,6.574126,12.686113,82.73246,75.61826,7.6799555,5.4089746
24.0,122.0,2025-10-01,2025-11-04,34,51,23.354425,24.140806,22.678661,79.32682,6.00161,8.017615,82.86715,75.37429,7.0842547,4.8157196
24.0,122.0,2025-10-01,2025-11-05,35,51,23.351551,24.143394,22.718779,79.88137,6.3237143,13.681731,83.307106,76.136024,7.341273,5.2131963
24.0,122.0,2025-10-01,2025-11-06,36,51,23.103468,23.915834,22.422798,79.17531,6.766649,13.79873,82.184204,75.7875,7.7219763,5.603255
24.0,122.0,2025-10-01,2025-11-07,37,51,22.862793,23.650434,22.202927,79.85909,6.469928,10.823923,83.2272,76.0423,7.503717,5.2667947
24.0,122.0,2025-10-01,2025-11-08,38,51,22.781569,23.62025,22.032543,79.87205,6.5604067,9.235037,83.3658,75.79097,7.4566956,5.549448
24.0,122.0,2025-10-01,2025-11-09,39,51,22.640692,23.39022,21.928694,79.9528,6.9447064,12.669176,83.189606,76.73119,7.9562917,5.811061
24.0,122.0,2025-10-01,2025-11-10,40,51,22.434216,23.179117,21.852926,78.475136,7.184341,11.619314,81.85306,74.73767,7.9824,6.322217
24.0,122.0,2025-10-01,2025-11-11,41,51,22.354757,23.19726,21.658653,78.29204,6.9931226,9.5682335,82.12899,74.370316,7.849119,5.947787
24.0,122.0,2025-10-01,2025-11-12,42,51,22.381392,23.189894,21.654829,78.28182,6.7461658,9.40693,81.87949,74.27152,7.8305264,5.590292
24.0,122.0,2025-10-01,2025-11-13,43,51,22.119255,22.929697,21.42785,79.18443,6.925288,9.7726,82.33813,75.539375,7.707743,5.9395113
24.0,122.0,2025-10-01,2025-11-14,44,51,22.05637,22.871012,21.359348,78.65172,6.5546327,10.666583,82.24703,74.82748,7.700891,5.3086267
24.0,122.0,2025-10-01,2025-11-15,45,51,21.990082,22.78955,21.36084,78.72024,6.7412086,11.566392,82.27613,74.56816,7.52255,5.8284307
24.0,122.0,2025-10-01,2025-11-16,46,51,22.136415,22.898964,21.497124,78.860054,6.1855054,12.280443,82.33303,74.99684,7.1725183,5.1453977
24.0,122.0,2025-10-01,2025-11-17,47,51,22.100142,22.953775,21.337738,78.95038,6.5093813,8.975169,82.3739,74.997536,7.5728335,5.366239
24.0,122.0,2025-10-01,2025-11-18,48,51,21.964605,22.886814,21.173422,79.15108,6.4258046,9.370816,82.65629,75.13495,7.7191544,5.2428517
24.0,122.0,2025-10-01,2025-11-19,49,51,21.563694,22.502754,20.791956,79.58589,6.8361316,10.164346,83.00498,75.63007,8.022188,5.466944
24.0,122.0,2025-10-01,2025-11-20,50,51,21.330315,22.162115,20.550228,77.989815,6.960661,10.846079,81.938774,73.802704,8.332746,5.5382833
24.0,122.0,2025-10-01,2025-11-21,51,51,21.097263,21.932337,20.269325,78.300156,7.133855,9.946231,81.78421,74.3605,8.100487,6.070084
24.0,122.0,2025-10-01,2025-11-22,52,51,20.867723,21.652992,20.18332,78.22152,7.1043787,11.880745,81.551315,74.22461,8.180254,5.9146485
24.0,122.0,2025-10-01,2025-11-23,53,51,20.874538,21.642664,20.109526,77.448105,6.8282986,9.839548,80.978546,74.18434,7.9368544,5.568019
24.0,122.0,2025-10-01,2025-11-24,54,51,20.924767,21.750006,20.20628,76.62862,6.3630233,7.4095063,80.39697,72.64379,7.4262724,5.188307
24.0,122.0,2025-10-01,2025-11-25,55,51,20.913675,21.72539,20.164116,77.36561,6.3835425,6.050139,81.1629,73.26804,7.393612,5.2473197
24.0,122.0,2025-10-01,2025-11-26,56,51,20.532017,21.426567,19.70182,77.97004,6.9339886,7.367201,82.02289,73.69556,8.100239,5.687355
24.0,122.0,2025-10-01,2025-11-27,57,51,20.460217,21.250477,19.769394,77.580086,6.409285,7.4417067,81.116554,73.65151,7.5458665,5.251975
24.0,122.0,2025-10-01,2025-11-28,58,51,20.580961,21.41285,19.78666,77.378235,6.5388064,5.1862745,80.67002,73.56745,7.7033577,5.3016753
24.0,122.0,2025-10-01,2025-11-29,59,51,20.489058,21.435581,19.696196,76.83698,6.441047,8.108574,80.91644,72.73733,7.4222407,5.303473
24.0,122.0,2025-10-01,2025-11-30,60,51,20.363941,21.194908,19.577566,77.88986,6.382394,11.083943,81.56971,73.86306,7.499869,5.166028
24.0,122.0,2025-10-01,2025-12-01,61,51,20.12035,20.966814,19.407087,78.208466,6.557641,9.117704,81.8365,74.288956,7.6457057,5.4127793
24.0,122.0,2025-10-01,2025-12-02,62,51,20.03113,20.839912,19.34712,76.384575,6.424265,7.5869813,79.57511,72.62892,7.446851,5.226347
24.0,122.0,2025-10-01,2025-12-03,63,51,20.1839,21.06378,19.355463,76.01212,5.78365,5.9768486,80.07626,71.79022,6.8219604,4.6579804
24.0,122.0,2025-10-01,2025-12-04,64,51,19.94248,20.980143,18.960566,77.64679,6.0291395,8.386253,81.72931,73.01125,7.3522143,4.5277596
24.0,122.0,2025-10-01,2025-12-05,65,51,19.767174,20.623438,18.979767,78.120026,6.2647586,6.133867,81.57362,74.094864,7.3045096,5.0664997
24.0,122.0,2025-10-01,2025-12-06,66,51,19.692572,20.572405,18.866186,77.91355,6.6409225,6.8545017,81.46215,74.10814,7.8299556,5.3781385
24.0,122.0,2025-10-01,2025-12-07,67,51,19.358059,20.125648,18.651844,77.73541,6.8822656,6.5104413,80.84615,74.34759,7.946129,5.7250643
24.0,122.0,2025-10-01,2025-12-08,68,51,19.393408,20.218346,18.599218,76.49019,6.242544,5.845306,80.104034,72.57163,7.3833437,5.1046686
24.0,122.0,2025-10-01,2025-12-09,69,51,19.61539,20.538435,18.756035,76.464386,6.030207,5.62032,80.00232,72.52033,7.162555,4.790778
24.0,122.0,2025-10-01,2025-12-10,70,51,19.248781,20.278416,18.321577,76.7634,6.494222,5.63671,80.48057,72.204384,7.730364,5.188209
24.0,122.0,2025-10-01,2025-12-11,71,51,18.948635,19.8261,18.164167,76.6598,6.574359,6.1969786,80.372406,72.76858,7.543579,5.493656
24.0,122.0,2025-10-01,2025-12-12,72,51,18.878464,19.782835,17.931166,75.671585,6.430055,6.4261327,79.09239,71.91288,7.629301,5.0430055
24.0,122.0,2025-10-01,2025-12-13,73,51,19.040834,19.928446,18.1875,75.71658,5.590691,5.6955304,79.49967,71.53581,6.787687,4.4138627
24.0,122.0,2025-10-01,2025-12-14,74,51,19.225536,20.071993,18.534187,77.087746,5.6332374,7.212844,80.952225,72.90731,6.684627,4.5484815
24.0,122.0,2025-10-01,2025-12-15,75,51,18.864433,19.818445,17.961678,76.60195,6.34365,7.750451,80.419464,72.33196,7.455019,5.04169
24.0,122.0,2025-10-01,2025-12-16,76,51,18.503893,19.413095,17.755692,76.1159,6.0073133,5.809358,79.69295,71.621056,6.960513,4.961473
24.0,122.0,2025-10-01,2025-12-17,77,51,18.845354,19.843899,17.880396,76.273994,5.6984553,5.775742,80.52381,71.426186,6.8503838,4.4376817
24.0,122.0,2025-10-01,2025-12-18,78,51,18.797821,19.783432,17.99088,75.44799,5.701109,4.1593056,79.46448,70.78686,6.677075,4.631747
24.0,122.0,2025-10-01,2025-12-19,79,51,18.73951,19.67705,17.940292,76.168015,5.525881,4.9409547,79.7526,71.94346,6.7857447,4.220276
24.0,122.0,2025-10-01,2025-12-20,80,51,18.675966,19.578878,17.762337,76.44495,5.7498307,6.865246,79.96316,72.49986,6.8355684,4.554204
24.0,122.0,2025-10-01,2025-12-21,81,51,18.592213,19.548021,17.706451,76.32917,5.9190297,5.383844,80.03981,72.09462,6.989308,4.6543117
24.0,122.0,2025-10-01,2025-12-22,82,51,18.462986,19.320988,17.679573,76.42487,5.8992925,5.8455606,80.075035,72.388626,7.0106297,4.6647263
24.0,122.0,2025-10-01,2025-12-23,83,51,18.642004,19.672962,17.756096,76.77851,5.8391633,6.3505654,80.42473,72.58029,7.209381,4.1898475
24.0,122.0,2025-10-01,2025-12-24,84,51,18.153362,19.09825,17.225634,76.067375,6.5067334,5.421325,80.20968,71.70137,7.4903817,5.408048
24.0,122.0,2025-10-01,2025-12-25,85,51,18.052563,18.93453,17.176693,76.41001,5.88728,5.406581,79.76307,72.568146,7.01697,4.749922
24.0,122.0,2025-10-01,2025-12-26,86,51,18.2912,19.233654,17.312567,76.64894,5.6171007,7.642417,80.75455,72.36394,6.903344,4.3024893
24.0,122.0,2025-10-01,2025-12-27,87,51,18.042562,19.074194,17.148346,76.53967,5.906949,5.861861,80.83083,71.98197,7.3147,4.3553123
24.0,122.0,2025-10-01,2025-12-28,88,51,17.891525,18.798708,17.091478,75.47211,5.570311,5.5328727,79.331085,71.420586,6.748422,4.21777
24.0,122.0,2025-10-01,2025-12-29,89,51,18.05048,19.043533,17.152811,75.548935,5.440798,5.7034683,79.27948,71.31569,6.685739,4.2170873
24.0,122.0,2025-10-01,2025-12-30,90,51,17.923698,18.828114,17.134657,76.41077,5.7964354,5.324974,80.01802,72.32334,7.0217576,4.4480624
24.0,122.0,2025-10-01,2025-12-31,91,51,17.936253,18.832758,17.057423,76.82734,5.351914,6.56727,80.25683,72.92489,6.661421,3.7814312
24.0,122.0,2025-10-01,2026-01-01,92,51,17.999369,18.990646,17.091814,76.05808,5.5108414,5.276688,80.29506,71.79855,6.6633134,4.2628603
24.0,122.0,2025-10-01,2026-01-02,93,51,17.856495,18.866083,16.975147,77.11534,5.8649406,7.0904536,80.90758,72.49803,7.0952516,4.4369035
24.0,122.0,2025-10-01,2026-01-03,94,51,17.740862,18.760542,16.813608,76.843575,5.9791265,5.759479,80.95094,72.36377,7.059119,4.7061195
24.0,122.0,2025-10-01,2026-01-04,95,51,17.67778,18.651354,16.856878,76.28744,5.6231437,5.9893208,80.33467,71.63385,6.7178,4.4456477
24.0,122.0,2025-10-01,2026-01-05,96,51,17.814154,18.836279,16.878273,77.03089,5.6464477,6.488059,80.96262,72.66674,6.913629,4.313773
24.0,122.0,2025-10-01,2026-01-06,97,51,17.496523,18.409609,16.660896,77.53772,6.2965536,7.2703896,81.14347,73.73412,7.386587,5.1435637
24.0,122.0,2025-10-01,2026-01-07,98,51,17.66876,18.507889,16.875095,76.99997,5.694789,7.3132706,80.76785,72.82834,7.0164847,4.2468333
24.0,122.0,2025-10-01,2026-01-08,99,51,17.943922,18.897303,17.043417,76.69406,5.1406665,6.638515,80.35518,72.47451,6.4255776,3.5782409
24.0,122.0,2025-10-01,2026-01-09,100,51,17.74729,18.676428,16.828852,77.129265,5.6689773,7.0941176,80.7665,72.85924,6.8940735,4.1931195
24.0,122.0,2025-10-01,2026-01-10,101,51,17.564146,18.510015,16.707533,77.589355,5.619632,8.042109,81.655205,73.21439,6.5363226,4.6726317
24.0,122.0,2025-10-01,2026-01-11,102,51,17.360096,18.415092,16.348972,77.85081,6.3042626,6.6326594,81.898895,73.09092,7.6070952,4.8977437
24.0,122.0,2025-10-01,2026-01-12,103,51,17.001665,18.038546,15.989667,76.330795,6.0027943,5.4936666,80.42654,71.85642,7.267379,4.738733
24.0,122.0,2025-10-01,2026-01-13,104,51,16.951588,17.872318,16.045422,76.003555,5.692002,6.2335577,79.54852,71.93827,6.7427855,4.5185766
24.0,122.0,2025-10-01,2026-01-14,105,51,17.33401,18.266172,16.4954,76.74791,5.5602574,7.134276,80.342834,72.16745,6.732001,4.254726
24.0,122.0,2025-10-01,2026-01-15,106,51,17.453043,18.484612,16.501135,77.27111,5.402867,6.6416793,80.94733,73.216896,6.580698,4.083046
24.0,122.0,2025-10-01,2026-01-16,107,51,17.570637,18.676926,16.471973,76.95805,5.7222524,7.134894,81.021286,72.351295,7.0026755,4.289327
24.0,122.0,2025-10-01,2026-01-17,108,51,17.527126,18.549732,16.700188,77.12841,5.096804,6.099618,81.05355,72.66929,6.3173904,3.7787719
24.0,122.0,2025-10-01,2026-01-18,109,51,17.78089,18.875525,16.766666,77.72824,5.4113584,6.0433335,81.94549,72.70622,6.5587754,4.1130304
24.0,122.0,2025-10-01,2026-01-19,110,51,17.78677,18.782146,16.88391,78.60877,5.5868287,7.275167,81.94719,74.2301,6.750497,4.0847187
24.0,122.0,2025-10-01,2026-01-20,111,51,17.947084,18.995369,16.978575,79.644806,5.3067327,9.117058,83.48658,74.94126,6.6896625,3.9643931
24.0,122.0,2025-10-01,2026-01-21,112,51,17.63559,18.741014,16.669643,79.47953,6.0579195,7.928214,83.47184,74.84689,7.4613442,4.620995
24.0,122.0,2025-10-01,2026-01-22,113,51,17.308208,18.35038,16.364372,77.908966,6.1095695,6.5395904,81.61383,73.35116,7.2154684,4.811024
24.0,122.0,2025-10-01,2026-01-23,114,51,17.228422,18.337526,16.258476,76.90338,5.4795203,7.3270454,81.231186,72.04386,6.800483,4.072406
24.0,122.0,2025-10-01,2026-01-24,115,51,17.0398,18.031881,16.046597,77.32966,5.9298267,7.55464,81.016945,72.91244,7.059706,4.5282717
24.0,122.0,2025-10-01,2026-01-25,116,51,17.109589,18.040903,16.257572,77.5947,5.79604,7.5083666,81.47933,72.89449,7.0684185,4.4526625
24.0,122.0,2025-10-01,2026-01-26,117,51,17.27065,18.336897,16.305882,76.94582,5.769923,6.4797473,81.001274,72.589035,6.905956,4.562491
24.0,122.0,2025-10-01,2026-01-27,118,51,17.21966,18.238537,16.247221,76.88717,5.7672453,5.817986,80.919106,72.51048,6.980419,4.3710957
24.0,122.0,2025-10-01,2026-01-28,119,51,16.87334,17.925762,15.864947,76.21741,5.9324827,5.7281327,80.257774,71.68717,7.071016,4.502087
24.0,122.0,2025-10-01,2026-01-29,120,51,16.733513,17.752905,15.77365,75.73443,5.696549,6.4301624,79.48937,71.43001,7.118133,4.1994605
24.0,122.0,2025-10-01,2026-01-30,121,51,17.11728,18.19163,16.094572,75.61996,5.186609,6.441643,79.881096,70.73158,6.2844143,3.948712
24.0,122.0,2025-10-01,2026-01-31,122,51,17.250416,18.475904,16.172203,76.63625,5.773524,6.030738,81.144394,71.219345,7.048224,4.3851924
24.0,122.0,2025-10-01,2026-02-01,123,51,16.828161,18.034283,15.752815,76.45321,5.6158533,5.7605877,80.39203,71.5671,6.861335,4.3140345
24.0,122.0,2025-10-01,2026-02-02,124,51,16.898262,17.923656,15.839622,75.92611,5.6432285,5.572531,79.557526,71.643654,6.745793,4.3061175
24.0,122.0,2025-10-01,2026-02-03,125,51,17.193874,18.31443,16.156977,76.20024,5.284855,5.9748282,80.324776,71.31173,6.423702,4.0270624
24.0,122.0,2025-10-01,2026-02-04,126,51,17.214006,18.217916,16.29621,76.4177,5.3397975,6.4995823,80.1793,71.68301,6.419887,4.2293673
24.0,122.0,2025-10-01,2026-02-05,127,51,17.24346,18.297108,16.362465,76.38545,5.1502776,5.7114162,80.14202,71.33948,6.1716967,4.0115123
24.0,122.0,2025-10-01,2026-02-06,128,51,17.450869,18.601408,16.349953,77.190575,5.265684,6.923883,81.41217,72.56741,6.491903,3.8543417
24.0,122.0,2025-10-01,2026-02-07,129,51,17.351158,18.372236,16.382196,77.60604,5.503949,6.192157,81.05441,72.996796,6.6967344,4.2654104
24.0,122.0,2025-10-01,2026-02-08,130,51,17.491064,18.612024,16.415714,78.19277,5.617164,7.8266063,81.84964,73.74329,6.7065496,4.3074656
24.0,122.0,2025-10-01,2026-02-09,131,51,17.390835,18.365034,16.44508,78.04037,5.2867627,7.9738708,82.20773,73.63603,6.7158318,3.8444357
24.0,122.0,2025-10-01,2026-02-10,132,51,17.342484,18.447786,16.256279,76.402,5.4562593,5.6709175,79.97615,71.94654,6.6881247,3.9833202
24.0,122.0,2025-10-01,2026-02-11,133,51,17.48283,18.60147,16.497892,75.87001,4.963506,5.931624,80.41246,70.50428,6.104081,3.685641
24.0,122.0,2025-10-01,2026-02-12,134,51,17.237833,18.40124,16.188707,76.98825,5.940386,6.8239374,80.98256,72.49565,7.0735736,4.5068827
24.0,122.0,2025-10-01,2026-02-13,135,51,17.130331,18.09096,16.216938,75.74659,5.4904804,6.1370764,79.723595,71.195305,6.678542,4.239263
24.0,122.0,2025-10-01,2026-02-14,136,51,17.39714,18.531097,16.316319,75.762505,5.329085,5.904693,80.57834,70.55307,6.633455,3.9183335
24.0,122.0,2025-10-01,2026-02-15,137,51,17.217262,18.357355,16.303207,76.137856,5.483806,6.3127203,80.476456,70.89296,6.753723,3.965886
24.0,122.0,2025-10-01,2026-02-16,138,51,17.421787,18.448898,16.489336,75.73617,5.077756,5.172399,80.2434,70.387856,6.2101097,3.8923113
24.0,122.0,2025-10-01,2026-02-17,139,51,17.842009,18.988749,16.772955,75.95043,5.0595555,6.238547,80.5388,70.57605,6.3197846,3.6691577
24.0,122.0,2025-10-01,2026-02-18,140,51,17.725246,18.84248,16.746576,76.78907,5.3639555,6.8934674,81.06364,71.92267,6.546666,4.03571
24.0,122.0,2025-10-01,2026-02-19,141,51,17.948805,19.000921,17.027716,76.56955,5.1104016,5.1935306,80.721466,71.59889,6.3863416,3.660113
24.0,122.0,2025-10-01,2026-02-20,142,51,18.277859,19.39516,17.28407,77.036865,4.92954,6.333229,81.189705,71.90081,6.2545266,3.346659
24.0,122.0,2025-10-01,2026-02-21,143,51,18.31675,19.474432,17.358118,76.52855,4.758826,5.2782173,81.063896,71.088234,6.097687,3.278304
24.0,122.0,2025-10-01,2026-02-22,144,51,18.516758,19.663923,17.60315,76.75701,4.8016243,5.1799817,81.22832,71.41804,6.0009727,3.38425
24.0,122.0,2025-10-01,2026-02-23,145,51,18.83781,20.090624,17.854317,77.968925,4.8033524,6.7132545,82.406525,72.084694,5.957297,3.4695785
24.0,122.0,2025-10-01,2026-02-24,146,51,18.956694,20.195234,17.953386,78.29785,4.967889,7.558412,82.422585,72.76819,6.374597,3.3613389
24.0,122.0,2025-10-01,2026-02-25,147,51,18.866903,20.023174,17.885698,79.109406,5.1546016,5.611053,82.982956,73.77709,6.471907,3.754527
24.0,122.0,2025-10-01,2026-02-26,148,51,18.94247,20.266827,17.796503,79.764885,5.085423,6.3903017,84.30119,74.11985,6.575496,3.5188425
24.0,122.0,2025-10-01,2026-02-27,149,51,18.689192,19.811396,17.796518,78.45828,5.2146606,5.127389,82.58422,73.50471,6.493303,3.8408217
24.0,122.0,2025-10-01,2026-02-28,150,51,18.917816,20.082556,18.021456,77.6052,4.631343,5.0706477,82.04312,72.18165,5.7781425,3.3441162
