latitude,longitude,init_date,valid_date,lead_day,ens_n,t2m_C,t2m_C_max,t2m_C_min,rh_pct,wind_mps,tp_mm_mean,rh_pct_max,rh_pct_min,wind_mps_max,wind_mps_min
22.0,120.0,2016-07-01,2016-07-01,0,25,28.59486,29.869732,27.655596,80.69647,4.9938273,0.0,85.471405,74.53895,5.6305447,4.360243
24.0,122.0,2016-07-01,2016-07-01,0,25,27.088562,28.00086,26.31231,84.08315,4.949154,0.0,87.8691,78.52221,5.470481,4.4450254
25.0,121.0,2016-07-01,2016-07-01,0,25,28.066923,29.145971,27.239311,85.3421,2.9481478,0.0,88.74103,80.61829,3.4500306,2.4452853
24.0,121.0,2016-07-01,2016-07-01,0,25,26.21325,27.938633,25.051054,86.01999,2.5848014,0.0,91.42498,76.75346,3.0709307,2.0985432
23.0,122.0,2016-07-01,2016-07-01,0,25,27.086271,28.321117,26.062218,82.55335,3.6768048,0.0,87.85522,75.33277,4.139201,3.1938186
24.0,120.0,2016-07-01,2016-07-01,0,25,28.273684,29.436647,27.45247,85.11617,4.9292564,0.0,88.66623,79.58509,5.3737206,4.505039
23.0,121.0,2016-07-01,2016-07-01,0,25,26.346027,28.268608,25.008379,84.34254,3.0391908,0.0,90.52011,74.53326,3.9742553,2.3118138
25.0,122.0,2016-07-01,2016-07-01,0,25,28.930193,29.215277,28.483871,83.56742,5.17153,0.0,85.35045,82.266205,5.49727,4.8518395
22.0,122.0,2016-07-01,2016-07-01,0,25,29.132095,29.841343,28.377104,79.57884,4.9275,0.0,84.094696,74.9211,5.5373316,4.3324823
23.0,120.0,2016-07-01,2016-07-01,0,25,28.414726,29.77254,27.420513,83.45542,4.922827,0.0,87.80786,77.31786,5.6255617,4.3421497
22.0,121.0,2016-07-01,2016-07-01,0,25,28.390448,29.763927,27.345879,81.213844,4.441501,0.0,86.4201,74.170456,5.069395,3.7880464
25.0,120.0,2016-07-01,2016-07-01,0,25,27.674334,29.22605,26.542768,86.96531,4.3620095,0.0,92.22017,78.847916,5.027595,3.7715015
22.0,121.0,2016-07-01,2016-07-02,1,25,27.888178,28.732143,26.947788,83.94897,3.5585709,6.4673767,88.004036,80.50531,4.2724786,2.8060794
24.0,120.0,2016-07-01,2016-07-02,1,25,27.939243,28.755064,27.215776,86.13751,5.082886,4.394339,89.47381,82.84808,5.8150067,4.3254986
24.0,121.0,2016-07-01,2016-07-02,1,25,26.100632,27.445688,24.906265,86.970955,3.2338374,5.1990733,91.71065,81.950226,3.9818041,2.5643034
25.0,121.0,2016-07-01,2016-07-02,1,25,27.918066,28.70889,27.170582,85.59997,3.5624444,4.0918827,89.403244,82.13629,4.103768,3.0062387
23.0,122.0,2016-07-01,2016-07-02,1,25,26.797085,27.599459,25.904243,84.4857,3.7621615,4.8684587,88.1476,81.27378,4.688934,2.9843147
23.0,121.0,2016-07-01,2016-07-02,1,25,25.986012,27.435719,24.682749,86.46349,2.7828393,5.799548,91.51099,81.409065,4.0701756,1.9964062
24.0,122.0,2016-07-01,2016-07-02,1,25,26.864304,27.623163,26.047153,85.49842,4.940108,3.379532,88.74159,82.69151,5.990064,3.9866738
22.0,120.0,2016-07-01,2016-07-02,1,25,27.836,28.613869,26.935707,84.64866,3.5748894,6.5429473,88.38229,81.643715,4.3534017,2.606614
25.0,120.0,2016-07-01,2016-07-02,1,25,27.569098,28.874723,26.593697,87.85935,4.6235747,3.1945572,92.37803,82.00014,5.428449,3.9274786
25.0,122.0,2016-07-01,2016-07-02,1,25,28.669872,28.98498,28.282959,84.21638,5.161643,2.2923253,86.5842,82.5156,5.886669,4.500866
23.0,120.0,2016-07-01,2016-07-02,1,25,27.830877,28.748707,26.948277,85.63777,4.4238114,5.0008287,89.421005,82.17209,5.1996636,3.6622915
22.0,122.0,2016-07-01,2016-07-02,1,25,28.70185,29.252007,28.092556,82.10019,4.4268265,5.5254173,85.28917,79.28617,5.160352,3.6137164
24.0,120.0,2016-07-01,2016-07-03,2,25,27.882074,28.79045,27.195473,85.63107,4.1366115,3.3783374,89.220634,81.45754,5.0036325,3.3346903
22.0,120.0,2016-07-01,2016-07-03,2,25,28.215454,29.33723,27.406313,82.764275,4.444498,2.784532,86.94807,77.539795,5.0761223,3.5611777
23.0,121.0,2016-07-01,2016-07-03,2,25,26.107145,27.969545,24.686783,85.11977,2.584126,2.5954232,90.42634,77.52668,3.7538128,1.7569253
25.0,122.0,2016-07-01,2016-07-03,2,25,28.615625,28.944786,28.26479,83.7601,4.904012,1.5250883,85.14809,82.44894,5.4952583,4.336724
24.0,122.0,2016-07-01,2016-07-03,2,25,26.81305,27.82199,25.935938,84.6914,4.5170946,1.8721064,87.37252,80.90927,5.4694867,3.678598
25.0,121.0,2016-07-01,2016-07-03,2,25,27.796272,28.596373,27.096542,85.39358,2.9326916,3.2806714,88.60069,82.005035,3.7934878,2.3057563
24.0,121.0,2016-07-01,2016-07-03,2,25,25.981451,27.514189,24.73003,86.42997,2.4605558,3.6459572,91.11938,80.237015,3.3047419,1.5137907
22.0,121.0,2016-07-01,2016-07-03,2,25,28.159136,29.340181,27.254145,82.46006,4.0477176,3.0298455,87.073166,77.0274,4.5980086,3.3884249
23.0,122.0,2016-07-01,2016-07-03,2,25,26.877014,28.04081,25.963076,83.11118,3.2467017,2.5327141,86.601326,78.40232,4.2650084,2.2211344
23.0,120.0,2016-07-01,2016-07-03,2,25,28.01476,29.250029,27.174501,84.33328,3.9641016,2.329615,88.6075,78.725426,4.85546,3.278666
22.0,122.0,2016-07-01,2016-07-03,2,25,28.931494,29.577969,28.175894,80.60168,4.580165,2.9630501,84.12769,77.28032,5.1766624,3.8287373
25.0,120.0,2016-07-01,2016-07-03,2,25,27.446829,28.809475,26.376553,87.296875,3.771018,2.9340277,92.42271,80.95097,4.8673716,2.6548376
24.0,121.0,2016-07-01,2016-07-04,3,25,25.863903,27.47521,24.472406,84.23074,0.9953354,2.8502576,90.29833,76.43273,1.4023104,0.5497102
22.0,121.0,2016-07-01,2016-07-04,3,25,27.955093,28.980474,26.860947,84.26482,4.1974792,7.034594,88.9471,79.60548,4.7216783,3.614504
25.0,121.0,2016-07-01,2016-07-04,3,25,27.959673,29.03253,27.082403,84.46906,2.088748,1.9800774,89.428314,78.88699,2.9226434,1.1817086
24.0,120.0,2016-07-01,2016-07-04,3,25,27.88074,29.01272,27.048965,85.11112,2.202875,2.5943677,89.44089,79.33091,3.122961,1.2328535
25.0,120.0,2016-07-01,2016-07-04,3,25,27.40868,28.962143,26.211494,86.48149,1.5094043,2.0696845,92.873,78.56672,2.2267656,0.7204377
23.0,122.0,2016-07-01,2016-07-04,3,25,26.429062,27.512367,25.262798,83.90088,2.5578868,7.269403,88.83525,78.647964,3.258872,1.8260514
25.0,122.0,2016-07-01,2016-07-04,3,25,28.647697,29.09064,28.098896,83.76079,4.517279,2.1292465,87.031975,81.44593,5.3808947,3.5940962
23.0,121.0,2016-07-01,2016-07-04,3,25,26.017227,27.866045,24.440746,83.210655,2.0458739,1.9860092,89.40953,74.64899,2.982128,1.4149334
23.0,120.0,2016-07-01,2016-07-04,3,25,28.042969,29.41053,27.035751,84.08589,3.0868163,1.7133108,88.64642,77.49857,3.8508291,2.269557
22.0,122.0,2016-07-01,2016-07-04,3,25,28.368284,29.011665,27.632622,85.04299,4.7345862,12.340872,88.50788,81.81917,5.618779,3.793552
24.0,122.0,2016-07-01,2016-07-04,3,25,26.56337,27.51482,25.507105,83.46158,3.2482095,3.0075758,87.80313,79.010056,4.061896,2.540746
22.0,120.0,2016-07-01,2016-07-04,3,25,28.158463,29.177393,27.168491,83.81113,5.2913375,3.5529437,88.38334,79.00968,6.006786,4.665007
25.0,121.0,2016-07-01,2016-07-05,4,25,28.091728,29.16081,27.15873,85.50269,3.0355978,2.1479297,89.991425,80.647224,3.7860553,2.1706054
24.0,122.0,2016-07-01,2016-07-05,4,25,26.719604,27.67853,25.868042,82.44902,2.411684,1.7272354,85.67826,78.71239,3.0275671,1.700952
25.0,120.0,2016-07-01,2016-07-05,4,25,27.827036,29.568213,26.652554,85.70718,1.5461117,2.3324277,92.03687,76.706955,2.2933598,0.83156097
22.0,122.0,2016-07-01,2016-07-05,4,25,28.570904,29.384886,27.759644,83.6109,5.584667,6.0791183,87.9564,79.848946,6.590738,4.7511168
23.0,121.0,2016-07-01,2016-07-05,4,25,26.102146,28.00061,24.620533,82.70279,1.5790225,1.9038844,88.382,74.79697,2.0056894,1.1782217
23.0,122.0,2016-07-01,2016-07-05,4,25,26.6572,27.872915,25.602705,82.67839,2.7373703,3.265407,87.15597,77.3775,3.497517,2.0977557
23.0,120.0,2016-07-01,2016-07-05,4,25,28.151695,29.461597,27.29727,83.31574,2.0962508,1.716888,88.086395,76.545,2.8945556,1.3562746
25.0,122.0,2016-07-01,2016-07-05,4,25,28.733301,29.182636,28.235928,83.902725,5.0648217,1.0024428,86.26087,81.76131,5.866001,4.201302
22.0,121.0,2016-07-01,2016-07-05,4,25,28.014122,29.11097,27.072716,83.572334,4.392533,4.71668,88.65629,77.94161,4.876731,3.8276153
24.0,120.0,2016-07-01,2016-07-05,4,25,28.10783,29.184067,27.302187,84.70491,2.026573,2.701347,89.0683,79.28352,3.2459195,0.90077436
22.0,120.0,2016-07-01,2016-07-05,4,25,28.152597,29.20023,27.285347,83.45474,5.421881,3.7734292,88.012474,78.16523,6.0280566,4.771043
24.0,121.0,2016-07-01,2016-07-05,4,25,26.066587,27.72882,24.630753,84.09995,1.1789414,2.8820205,89.4205,77.507545,1.909101,0.5482664
22.0,121.0,2016-07-01,2016-07-06,5,25,27.935293,28.966713,27.076694,83.79629,4.013468,7.596616,87.79611,78.67035,4.7689347,3.3331137
24.0,120.0,2016-07-01,2016-07-06,5,25,28.264023,29.616924,27.226168,84.55908,2.1034071,3.0900946,88.923485,78.30407,3.4414582,1.0318683
22.0,120.0,2016-07-01,2016-07-06,5,25,28.15462,29.280563,27.17707,83.41953,4.9314866,5.1890078,88.10422,77.75885,5.7357693,4.130553
24.0,122.0,2016-07-01,2016-07-06,5,25,26.65593,27.862217,25.581352,83.2791,2.5737383,2.7071848,87.80398,78.049934,3.4797788,1.6134833
25.0,122.0,2016-07-01,2016-07-06,5,25,28.68002,29.326588,27.988901,84.21584,4.8288026,1.763085,87.342064,81.34547,5.8159904,3.7130842
23.0,121.0,2016-07-01,2016-07-06,5,25,26.063007,28.005102,24.54461,83.192024,1.562077,2.8420913,89.493645,74.453804,1.9851681,1.1549493
24.0,121.0,2016-07-01,2016-07-06,5,25,26.076468,27.97657,24.543839,84.61126,1.4538008,3.075904,90.75534,76.33084,2.3991866,0.76342183
25.0,121.0,2016-07-01,2016-07-06,5,25,28.111216,29.444483,26.997608,85.48046,3.393864,2.135476,90.0979,79.57456,4.1578875,2.5896475
25.0,120.0,2016-07-01,2016-07-06,5,25,27.959234,29.737389,26.595078,85.70486,2.3402195,2.4662483,91.53933,77.22556,3.5115974,1.2499297
23.0,120.0,2016-07-01,2016-07-06,5,25,28.259644,29.652395,27.238466,83.15584,1.8691493,2.845086,87.71034,76.39096,2.6347704,1.1109272
23.0,122.0,2016-07-01,2016-07-06,5,25,26.540136,27.666563,25.55025,83.56123,2.788159,6.0313025,88.12399,78.55151,3.5598965,1.8768823
22.0,122.0,2016-07-01,2016-07-06,5,25,28.413584,29.035322,27.71894,84.276764,5.1570625,10.798921,87.34399,80.91849,6.1185675,3.9793742
24.0,122.0,2016-07-01,2016-07-07,6,25,26.582983,27.51227,25.834839,84.65982,3.7621915,8.464634,88.34124,81.03483,4.5640163,2.845157
22.0,120.0,2016-07-01,2016-07-07,6,25,28.040709,29.125996,27.220331,83.7363,4.6874075,11.012756,87.60239,78.96931,5.6389136,3.7277873
25.0,120.0,2016-07-01,2016-07-07,6,25,27.928198,29.509321,26.681293,84.83835,1.7295792,3.6545866,90.664856,77.57935,2.4996936,0.8040903
22.0,122.0,2016-07-01,2016-07-07,6,25,28.441921,28.961992,27.893974,84.36178,5.3327746,16.66505,86.76259,81.650856,6.612254,3.9161835
22.0,121.0,2016-07-01,2016-07-07,6,25,27.919495,28.965557,27.16871,84.22359,4.1850033,14.602023,88.03405,79.4185,5.0196843,3.3623986
24.0,120.0,2016-07-01,2016-07-07,6,25,28.225658,29.22897,27.499863,83.83408,2.0315385,4.3094172,87.57268,79.02714,3.1308367,1.0442684
25.0,121.0,2016-07-01,2016-07-07,6,25,28.108433,29.084978,27.292164,84.613594,2.8879526,3.1536787,88.597176,80.02344,3.8030372,1.9306328
24.0,121.0,2016-07-01,2016-07-07,6,25,26.041943,27.502508,24.899761,85.25132,1.6741291,8.469173,90.20595,79.35982,2.263536,1.1250018
25.0,122.0,2016-07-01,2016-07-07,6,25,28.638863,29.101954,28.205708,84.063835,5.1028476,3.151409,86.513176,81.67312,6.1317515,4.012664
23.0,120.0,2016-07-01,2016-07-07,6,25,28.171309,29.40772,27.331993,83.26361,2.146594,6.780445,87.30218,77.51675,3.111919,1.2210832
23.0,121.0,2016-07-01,2016-07-07,6,25,25.978937,27.713438,24.705542,84.68625,2.0149004,10.972721,90.05845,77.70385,2.688308,1.3954597
23.0,122.0,2016-07-01,2016-07-07,6,25,26.499763,27.41177,25.77756,84.74917,3.270681,13.039218,88.230774,81.15906,4.300743,2.1489198
23.0,121.0,2016-07-01,2016-07-08,7,25,25.819265,27.171772,24.747086,86.306984,2.047181,12.8801565,90.80232,80.96686,2.772796,1.3679024
23.0,122.0,2016-07-01,2016-07-08,7,25,26.542503,27.340923,25.85708,85.20853,3.0903933,12.72009,88.29434,81.78074,3.8482425,2.3819208
22.0,122.0,2016-07-01,2016-07-08,7,25,28.50627,28.901827,28.130365,84.263145,4.762239,13.353064,86.5375,82.06696,5.6704173,3.802605
25.0,122.0,2016-07-01,2016-07-08,7,25,28.651089,28.989292,28.30588,84.258575,4.966272,4.070875,86.39715,82.40319,5.9542484,3.9269788
25.0,120.0,2016-07-01,2016-07-08,7,25,27.819757,29.305725,26.645,85.3764,2.0008264,5.390665,91.26036,77.809525,2.9783583,1.1236706
23.0,120.0,2016-07-01,2016-07-08,7,25,27.894176,28.84052,27.219942,85.030785,3.0249207,10.884154,88.41873,80.91425,4.109106,1.9779484
24.0,121.0,2016-07-01,2016-07-08,7,25,25.991411,27.302744,24.930864,85.99906,1.5196263,9.856742,90.60335,80.37521,2.311252,0.87342733
24.0,122.0,2016-07-01,2016-07-08,7,25,26.56883,27.284292,25.925806,85.453606,3.8234339,9.335882,88.308014,82.28644,4.6664677,3.0356076
22.0,120.0,2016-07-01,2016-07-08,7,25,27.827002,28.573492,27.247353,85.07415,4.2314787,13.338186,88.0533,81.81659,5.0448937,3.4103706
24.0,120.0,2016-07-01,2016-07-08,7,25,28.058496,28.97854,27.379463,84.7457,2.6596966,7.8607197,88.23912,80.13786,4.0168924,1.5092102
25.0,121.0,2016-07-01,2016-07-08,7,25,28.084593,28.97166,27.293179,84.75545,2.6645806,4.57493,88.80466,80.34701,3.6252246,1.7464615
22.0,121.0,2016-07-01,2016-07-08,7,25,27.780659,28.5697,27.155346,85.289696,3.7614148,13.526977,88.61155,81.55156,4.538943,2.9490714
24.0,120.0,2016-07-01,2016-07-09,8,25,27.981941,28.794077,27.318174,85.08817,3.193357,7.420789,88.44224,81.1158,4.2647963,2.330725
24.0,122.0,2016-07-01,2016-07-09,8,25,26.718428,27.510832,25.981827,85.67197,4.0222254,5.1501656,88.37672,82.324265,4.8068438,3.2487924
25.0,121.0,2016-07-01,2016-07-09,8,25,28.012962,28.798058,27.283985,84.91229,2.5978065,4.9090395,88.57215,81.019066,3.4399748,1.6268904
22.0,121.0,2016-07-01,2016-07-09,8,25,27.856335,28.667442,27.154247,85.188995,3.4237149,9.954015,88.66909,81.44569,4.2036076,2.586297
24.0,121.0,2016-07-01,2016-07-09,8,25,26.043161,27.410086,24.912207,86.38828,1.9029896,6.7650604,90.67691,81.02116,2.6018393,1.290132
22.0,120.0,2016-07-01,2016-07-09,8,25,27.885597,28.597662,27.289864,85.23845,3.7411797,9.566976,88.063644,81.97737,4.6228213,2.8200424
25.0,122.0,2016-07-01,2016-07-09,8,25,28.6764,29.068626,28.302418,84.25687,4.634681,3.3091552,86.448524,82.3566,5.620517,3.6278214
25.0,120.0,2016-07-01,2016-07-09,8,25,27.709167,29.070864,26.687506,86.03924,2.871205,5.6527715,91.14637,79.46939,3.7968705,1.9411457
23.0,120.0,2016-07-01,2016-07-09,8,25,27.907381,28.805122,27.211958,85.235886,3.1642523,8.9398775,88.6293,81.0966,3.9316254,2.3750238
22.0,122.0,2016-07-01,2016-07-09,8,25,28.589766,29.104248,27.979555,84.06929,4.5891995,8.804875,87.40884,81.34465,5.65268,3.5651233
23.0,122.0,2016-07-01,2016-07-09,8,25,26.692816,27.642406,25.844585,85.36052,3.2097723,7.130929,88.91825,81.29439,3.9103477,2.5538528
23.0,121.0,2016-07-01,2016-07-09,8,25,25.96173,27.435863,24.821812,86.554535,2.016022,8.270359,90.73716,80.91662,2.6651828,1.5247865
23.0,122.0,2016-07-01,2016-07-10,9,25,26.706911,27.64085,25.868315,85.03659,3.3457782,7.2336664,88.20078,81.49268,4.119735,2.6259937
25.0,122.0,2016-07-01,2016-07-10,9,25,28.702871,29.04187,28.344858,84.42502,4.707955,2.857046,86.451614,82.650085,5.888679,3.5777922
22.0,122.0,2016-07-01,2016-07-10,9,25,28.608694,29.13238,28.102232,83.86861,4.8588724,8.771809,86.51589,81.09605,5.926368,3.7067926
25.0,120.0,2016-07-01,2016-07-10,9,25,27.737825,29.210518,26.668798,86.46149,3.1077924,4.3946548,91.84672,79.57555,3.8309188,2.3960366
22.0,121.0,2016-07-01,2016-07-10,9,25,27.79928,28.651117,27.081367,85.37351,3.6171272,9.004467,88.47995,81.66723,4.4610534,2.67973
24.0,120.0,2016-07-01,2016-07-10,9,25,28.0149,28.823502,27.371128,85.406624,3.382397,5.575418,88.77574,81.602776,4.328557,2.4620538
24.0,122.0,2016-07-01,2016-07-10,9,25,26.731943,27.520592,25.975151,85.41372,3.8069468,5.000409,88.09864,82.50523,4.5520988,2.9895782
25.0,121.0,2016-07-01,2016-07-10,9,25,28.021507,28.8146,27.306446,85.49656,2.9322004,4.2055984,89.15462,81.68066,3.820547,2.0061636
23.0,120.0,2016-07-01,2016-07-10,9,25,27.88406,28.759132,27.19586,85.46541,3.1627765,6.669854,88.8329,81.52202,3.9652107,2.2608533
23.0,121.0,2016-07-01,2016-07-10,9,25,25.900286,27.33479,24.7287,86.613106,2.042867,7.4584856,90.481544,81.58014,2.7510264,1.5144861
24.0,121.0,2016-07-01,2016-07-10,9,25,26.03834,27.398232,24.892403,86.54542,2.012837,6.365155,90.495575,81.72639,2.6620667,1.455262
22.0,120.0,2016-07-01,2016-07-10,9,25,27.808125,28.589401,27.14604,85.444725,3.8734217,8.954419,88.464714,81.86751,4.879809,2.8791091
24.0,120.0,2016-07-01,2016-07-11,10,25,27.94118,28.826532,27.242804,85.78018,3.240474,5.8743577,88.84043,81.76245,4.556823,1.9101061
22.0,121.0,2016-07-01,2016-07-11,10,25,27.745108,28.654072,26.898888,85.15977,3.800216,13.933193,88.81174,81.20847,4.751959,2.8695033
25.0,122.0,2016-07-01,2016-07-11,10,25,28.644114,29.03798,28.206749,84.6545,4.9894676,3.367834,87.02575,82.5916,6.30892,3.4823806
23.0,122.0,2016-07-01,2016-07-11,10,25,26.578035,27.558453,25.707169,85.58405,3.4598606,11.4179735,89.19035,81.63689,4.212525,2.6243272
22.0,120.0,2016-07-01,2016-07-11,10,25,27.823677,28.5354,27.160112,84.93622,4.2338924,11.96706,87.81285,81.89103,5.2623925,3.2643454
25.0,121.0,2016-07-01,2016-07-11,10,25,28.005617,28.949629,27.187056,85.5949,3.0482812,3.988562,89.1271,81.46453,4.207848,1.8435217
24.0,121.0,2016-07-01,2016-07-11,10,25,25.959467,27.414942,24.773315,86.820595,1.9148097,8.223106,91.311516,81.44269,2.814378,1.062743
24.0,122.0,2016-07-01,2016-07-11,10,25,26.60961,27.456762,25.807495,85.818535,3.847453,7.5931463,89.223114,82.483444,4.8164244,2.8221438
25.0,120.0,2016-07-01,2016-07-11,10,25,27.767578,29.324116,26.628246,86.406525,2.778647,4.2058473,91.62936,79.33638,3.9683213,1.7608017
22.0,122.0,2016-07-01,2016-07-11,10,25,28.469309,29.033985,27.828203,84.4238,5.0471787,14.537671,87.49164,81.504425,6.17267,3.897267
23.0,120.0,2016-07-01,2016-07-11,10,25,27.845066,28.783527,27.105043,85.34403,3.43563,8.445312,88.6354,81.17831,4.486059,2.438259
23.0,121.0,2016-07-01,2016-07-11,10,25,25.856068,27.353767,24.630077,86.38605,2.1600099,10.80926,91.07071,80.778625,2.7997851,1.5084426
23.0,120.0,2016-07-01,2016-07-12,11,25,27.71426,28.711336,27.01272,85.62452,3.6619723,10.555237,88.727615,81.08688,4.591003,2.7612638
22.0,122.0,2016-07-01,2016-07-12,11,25,28.385082,28.903652,27.884083,84.470665,5.0050273,13.502699,87.01851,81.9309,6.318017,3.667262
23.0,121.0,2016-07-01,2016-07-12,11,25,25.73742,27.17606,24.637564,86.655594,2.3103168,12.107208,90.85163,80.72831,3.1467745,1.5726335
25.0,122.0,2016-07-01,2016-07-12,11,25,28.569752,28.975193,28.169716,84.69193,5.2740846,5.1289062,86.713455,82.77104,6.4790435,4.015614
22.0,120.0,2016-07-01,2016-07-12,11,25,27.68574,28.417208,27.089346,85.35613,4.47397,14.345672,88.25719,82.02833,5.4405403,3.3656707
25.0,121.0,2016-07-01,2016-07-12,11,25,27.94104,28.91144,27.136494,85.43803,3.1533167,5.47963,88.92813,81.21919,4.1106257,2.0972857
24.0,121.0,2016-07-01,2016-07-12,11,25,25.888477,27.29062,24.739277,86.73584,1.889978,9.202012,91.00165,80.996445,2.7042294,1.1411717
22.0,121.0,2016-07-01,2016-07-12,11,25,27.616026,28.428858,26.929493,85.469505,3.9333658,14.482735,88.54785,81.995895,4.8544936,2.736734
23.0,122.0,2016-07-01,2016-07-12,11,25,26.504072,27.375975,25.722906,85.57387,3.4454663,11.135222,88.679825,81.85877,4.3370395,2.4542053
24.0,122.0,2016-07-01,2016-07-12,11,25,26.52903,27.354185,25.780176,85.93074,3.9386163,8.846214,88.95682,82.51244,4.8299103,2.9585705
25.0,120.0,2016-07-01,2016-07-12,11,25,27.709112,29.259228,26.540503,86.16168,2.5552578,5.7216344,91.621,78.88271,3.410117,1.5292469
24.0,120.0,2016-07-01,2016-07-12,11,25,27.858232,28.821177,27.120962,85.720276,3.312951,7.6498485,88.961716,81.241356,4.3871713,2.1134417
22.0,120.0,2016-07-01,2016-07-13,12,25,27.621227,28.380335,27.01879,85.534744,4.3963203,15.439893,88.4963,81.78258,5.6213226,3.322233
24.0,120.0,2016-07-01,2016-07-13,12,25,27.75991,28.581087,27.126305,85.8691,3.249717,9.435786,89.02332,81.977264,4.41252,2.1896725
23.0,122.0,2016-07-01,2016-07-13,12,25,26.51394,27.356085,25.696205,85.17225,3.1854115,10.08276,88.71551,81.2905,4.2021556,2.2704024
25.0,121.0,2016-07-01,2016-07-13,12,25,27.899452,28.803339,27.120996,85.442795,3.2435448,7.1473484,88.90496,81.43686,4.2686973,2.1423752
24.0,122.0,2016-07-01,2016-07-13,12,25,26.538002,27.278584,25.772411,85.51787,3.6192803,6.9381905,88.608734,82.37977,4.7415395,2.465031
24.0,121.0,2016-07-01,2016-07-13,12,25,25.840097,27.117573,24.733633,86.47208,1.7663063,8.721523,90.758835,81.19145,2.705332,0.99116296
22.0,121.0,2016-07-01,2016-07-13,12,25,27.632866,28.497286,26.89644,85.51018,3.999609,14.538479,88.77255,81.469025,5.0513096,2.9674542
23.0,121.0,2016-07-01,2016-07-13,12,25,25.707197,27.074394,24.56416,86.44471,2.083759,11.554239,90.74636,80.939064,2.8319333,1.4423753
25.0,120.0,2016-07-01,2016-07-13,12,25,27.657269,29.095787,26.63541,86.072464,2.6092184,7.0491967,91.04925,79.31065,3.6262727,1.5555611
22.0,122.0,2016-07-01,2016-07-13,12,25,28.442263,28.97561,27.863531,84.32131,5.0724583,13.054562,87.08752,81.33962,6.4934063,3.8338559
25.0,122.0,2016-07-01,2016-07-13,12,25,28.58522,28.964912,28.125704,84.5454,5.0438786,5.384425,86.80182,82.90835,6.2575502,3.6594
23.0,120.0,2016-07-01,2016-07-13,12,25,27.633991,28.536533,26.965464,85.82742,3.4848778,12.279529,89.09393,81.466644,4.574207,2.5081742
25.0,122.0,2016-07-01,2016-07-14,13,25,28.592966,29.053673,28.13251,84.226105,4.8580623,3.248649,86.53583,82.03306,5.7564015,3.9066465
23.0,120.0,2016-07-01,2016-07-14,13,25,27.742302,28.741457,27.02941,85.23155,3.1614716,9.5855465,88.68763,80.330025,4.2031484,2.2341764
22.0,122.0,2016-07-01,2016-07-14,13,25,28.460459,28.91436,28.011803,83.78377,4.545938,13.182425,86.185684,81.5311,5.5637846,3.5004535
25.0,120.0,2016-07-01,2016-07-14,13,25,27.600872,29.0979,26.538536,86.38427,2.8244104,8.286339,91.30335,79.83912,3.7136974,1.8885444
23.0,121.0,2016-07-01,2016-07-14,13,25,25.8403,27.449263,24.623701,85.8269,1.9803019,9.328741,90.505325,79.62204,2.6550992,1.4685073
25.0,121.0,2016-07-01,2016-07-14,13,25,27.896257,28.856827,27.098501,85.36091,3.157159,6.1367946,88.950195,81.15085,4.0540843,2.243414
22.0,120.0,2016-07-01,2016-07-14,13,25,27.726513,28.47296,27.162022,84.74041,4.094234,12.959111,87.390305,81.44546,5.0799294,3.1818957
24.0,120.0,2016-07-01,2016-07-14,13,25,27.800915,28.722612,27.082657,85.71418,3.133872,8.623443,89.18728,81.4216,4.096777,2.105933
23.0,122.0,2016-07-01,2016-07-14,13,25,26.588696,27.590883,25.758661,84.76281,3.0529153,9.154065,87.95707,81.13192,3.893243,2.2216396
22.0,121.0,2016-07-01,2016-07-14,13,25,27.709663,28.50135,27.098549,84.738655,3.5542822,13.368695,87.606316,81.212654,4.332342,2.9026704
24.0,121.0,2016-07-01,2016-07-14,13,25,25.905685,27.433853,24.680761,86.3124,1.8995935,8.366331,90.92879,80.66041,2.6174152,1.1629015
24.0,122.0,2016-07-01,2016-07-14,13,25,26.614275,27.57464,25.7652,85.10752,3.4723449,5.453963,88.41419,81.340515,4.2032304,2.6240046
22.0,121.0,2016-07-01,2016-07-15,14,25,27.659569,28.49053,26.959717,85.3975,3.649994,10.842595,88.56028,81.67263,4.454249,2.8506832
25.0,120.0,2016-07-01,2016-07-15,14,25,27.605309,29.083263,26.547007,86.36877,2.8383172,5.7168603,91.41784,79.51956,3.7346582,2.0105574
24.0,122.0,2016-07-01,2016-07-15,14,25,26.566755,27.41708,25.831167,85.03984,3.1405303,4.9382806,88.02725,81.675705,3.9377015,2.3622324
24.0,121.0,2016-07-01,2016-07-15,14,25,25.854605,27.270376,24.738745,86.36622,1.87166,6.8808775,90.7645,80.793396,2.5869489,1.1996089
23.0,122.0,2016-07-01,2016-07-15,14,25,26.510187,27.47352,25.733017,85.08028,3.0524042,7.584996,88.354904,81.23096,3.8066275,2.3234336
25.0,121.0,2016-07-01,2016-07-15,14,25,27.933254,28.909815,27.126816,85.270996,3.1584098,4.3357115,89.15845,80.932014,4.105839,2.157116
24.0,120.0,2016-07-01,2016-07-15,14,25,27.773026,28.677773,27.091187,85.81163,3.0040925,7.035525,89.283295,81.60372,3.9871066,2.140478
22.0,120.0,2016-07-01,2016-07-15,14,25,27.655434,28.377691,27.079596,85.312164,3.9628904,11.662373,87.867775,82.19486,4.782963,3.1005485
25.0,122.0,2016-07-01,2016-07-15,14,25,28.633495,29.077486,28.19064,84.01305,4.6153574,2.4147065,86.44884,81.71661,5.582423,3.5711572
22.0,122.0,2016-07-01,2016-07-15,14,25,28.412224,28.865694,27.946148,84.52833,4.7395744,9.824069,87.2139,81.81277,5.722107,3.7193704
23.0,120.0,2016-07-01,2016-07-15,14,25,27.685188,28.63781,26.993496,85.47677,2.8502526,8.751301,88.7214,81.04927,3.6332614,2.0772986
23.0,121.0,2016-07-01,2016-07-15,14,25,25.760012,27.20942,24.62457,86.02573,1.8746442,8.593296,90.16506,80.39065,2.502988,1.2922647
24.0,122.0,2016-07-01,2016-07-16,15,25,26.577608,27.601248,25.766176,84.97429,2.860346,4.298469,88.45754,80.63429,3.7385318,1.9183716
25.0,121.0,2016-07-01,2016-07-16,15,25,27.957579,28.960918,27.091274,85.17889,3.1274123,3.6032014,89.066475,80.73928,4.0258703,2.1209142
23.0,121.0,2016-07-01,2016-07-16,15,25,25.892605,27.664162,24.669903,85.38906,1.770413,5.2498546,90.3669,77.72953,2.3119287,1.2591505
23.0,120.0,2016-07-01,2016-07-16,15,25,27.890423,29.060719,27.117622,84.89555,2.4494464,4.685736,88.7342,79.152374,3.307199,1.5853875
25.0,120.0,2016-07-01,2016-07-16,15,25,27.69249,29.198032,26.558975,85.87741,2.7118795,4.0538697,91.187294,78.94145,3.7129037,1.6432091
22.0,122.0,2016-07-01,2016-07-16,15,25,28.462532,28.976265,28.02247,84.68279,4.9811077,9.514916,87.00852,81.95042,5.8879466,3.9196024
25.0,122.0,2016-07-01,2016-07-16,15,25,28.595898,29.041014,28.112953,84.27997,4.545877,2.5623236,86.58563,82.06903,5.5285335,3.397289
22.0,121.0,2016-07-01,2016-07-16,15,25,27.80497,28.774595,27.066772,84.97831,3.7602627,7.9871287,88.437164,80.51803,4.4700694,2.9866722
22.0,120.0,2016-07-01,2016-07-16,15,25,27.874249,28.730259,27.169428,84.40973,3.9808128,7.4281993,87.7742,80.34418,4.8446903,2.9780216
24.0,120.0,2016-07-01,2016-07-16,15,25,27.918213,28.953533,27.135216,85.45242,2.6154652,4.783698,89.229485,80.58555,3.7128186,1.6637098
24.0,121.0,2016-07-01,2016-07-16,15,25,25.92784,27.548464,24.677362,85.94525,1.678716,5.3453755,90.88945,79.15566,2.560811,0.8304263
23.0,122.0,2016-07-01,2016-07-16,15,25,26.548132,27.642715,25.703873,84.99319,3.0529008,6.775658,88.57324,80.047264,3.845088,2.2373817
24.0,122.0,2016-07-01,2016-07-17,16,25,26.579517,27.412283,25.847572,85.336876,3.2467642,10.677997,88.84399,81.418945,4.183423,2.2523093
22.0,120.0,2016-07-01,2016-07-17,16,25,27.917475,28.728394,27.230406,84.59006,3.8442528,8.825465,87.94638,80.6222,4.8049097,2.9533339
23.0,122.0,2016-07-01,2016-07-17,16,25,26.53114,27.452896,25.777485,85.43588,3.5324638,13.948794,88.981064,81.10862,4.4396734,2.543311
25.0,120.0,2016-07-01,2016-07-17,16,25,27.773743,29.365244,26.654932,85.550705,2.9340625,3.8137164,90.6428,78.180984,4.001013,1.8781083
23.0,120.0,2016-07-01,2016-07-17,16,25,27.942663,29.00437,27.170404,84.73784,2.4263096,5.991108,88.493935,79.60847,3.2365897,1.6085753
24.0,120.0,2016-07-01,2016-07-17,16,25,27.992458,29.02708,27.277466,85.15796,2.6245453,4.5013533,88.55881,80.32769,3.7977152,1.3526677
22.0,121.0,2016-07-01,2016-07-17,16,25,27.801435,28.680748,27.056015,85.1844,3.8166914,10.436375,88.774345,80.831955,4.578571,2.8318915
24.0,121.0,2016-07-01,2016-07-17,16,25,25.969778,27.459429,24.833057,85.94744,1.888995,7.7786365,90.48211,79.70449,2.7694628,1.10308
25.0,121.0,2016-07-01,2016-07-17,16,25,27.95562,28.947432,27.15379,85.331436,3.4939814,4.438335,88.84482,80.98163,4.4797215,2.3385787
23.0,121.0,2016-07-01,2016-07-17,16,25,25.91242,27.417871,24.71186,85.54415,1.8532482,9.291927,90.437164,78.7882,2.3755481,1.3911139
25.0,122.0,2016-07-01,2016-07-17,16,25,28.55411,28.943666,28.129292,84.77131,5.098289,7.3114495,87.03505,82.769325,6.371055,3.6004736
22.0,122.0,2016-07-01,2016-07-17,16,25,28.422152,28.912615,27.947338,85.14289,5.4718394,15.105295,87.614334,82.269226,6.575755,4.217411
23.0,121.0,2016-07-01,2016-07-18,17,25,25.828056,27.318457,24.692114,86.32743,2.1181037,14.300174,90.755165,80.27441,2.693076,1.5373558
25.0,122.0,2016-07-01,2016-07-18,17,25,28.531225,29.007273,28.063921,85.08323,5.453947,6.1979494,87.12173,83.02669,6.7185655,3.9513848
23.0,120.0,2016-07-01,2016-07-18,17,25,27.773893,28.814102,27.034502,85.580696,3.0138924,12.352389,88.91293,80.89989,3.94463,1.9956073
25.0,120.0,2016-07-01,2016-07-18,17,25,27.730562,29.277681,26.605322,85.929375,3.0643034,6.5086546,91.104,78.850105,4.06804,1.9465791
23.0,122.0,2016-07-01,2016-07-18,17,25,26.557423,27.455446,25.782574,85.82579,3.8007526,11.85419,89.15334,82.038956,4.781461,2.758701
24.0,121.0,2016-07-01,2016-07-18,17,25,25.940271,27.42707,24.785751,86.57253,1.9731036,10.253275,90.96286,80.60171,2.99868,1.0310524
24.0,122.0,2016-07-01,2016-07-18,17,25,26.569565,27.435785,25.82206,85.91009,3.4718726,10.808276,89.107155,82.52496,4.626206,2.1995683
25.0,121.0,2016-07-01,2016-07-18,17,25,27.913677,28.981312,27.048037,85.69078,3.7568188,5.623646,89.25105,81.38848,4.7833834,2.6124418
22.0,121.0,2016-07-01,2016-07-18,17,25,27.714588,28.548834,26.99796,85.50722,4.366218,14.338282,88.70088,81.81557,5.2130113,3.500581
22.0,122.0,2016-07-01,2016-07-18,17,25,28.44621,28.86864,27.965576,85.08603,5.985329,11.875094,87.50066,82.59179,7.286457,4.6198115
22.0,120.0,2016-07-01,2016-07-18,17,25,27.780085,28.546293,27.135351,85.27626,4.360485,17.502306,88.08524,81.969215,5.4695363,3.2253213
24.0,120.0,2016-07-01,2016-07-18,17,25,27.879055,28.91791,27.108755,85.8299,3.0287378,8.299426,89.16193,81.30398,4.345231,1.7892668
24.0,120.0,2016-07-01,2016-07-19,18,25,27.954067,28.872631,27.243057,85.49076,3.1335592,8.186655,88.70561,81.33542,4.311128,1.8585025
22.0,120.0,2016-07-01,2016-07-19,18,25,27.72396,28.39041,27.168247,85.700516,4.6568317,12.80301,88.30522,82.71808,5.8058457,3.5129523
25.0,121.0,2016-07-01,2016-07-19,18,25,27.980139,28.937511,27.151943,85.496895,4.157222,5.377587,88.92546,81.56302,5.1126924,3.15191
22.0,121.0,2016-07-01,2016-07-19,18,25,27.637627,28.385899,26.929594,86.003044,4.6178164,15.445452,89.12399,82.76165,5.522526,3.7276807
24.0,121.0,2016-07-01,2016-07-19,18,25,25.926323,27.327774,24.843199,86.49968,2.2333932,11.638459,90.55365,81.17496,3.1530697,1.2976222
24.0,122.0,2016-07-01,2016-07-19,18,25,26.474089,27.300318,25.769127,86.05206,3.6365902,11.857234,88.97172,82.94206,4.5922813,2.6494358
23.0,121.0,2016-07-01,2016-07-19,18,25,25.718918,27.16247,24.67062,86.83762,2.3226566,13.655138,90.688934,81.37561,2.8899133,1.7642173
23.0,122.0,2016-07-01,2016-07-19,18,25,26.39653,27.286003,25.62711,86.291756,4.0439577,16.003468,89.36931,82.79212,4.956488,3.1058588
25.0,122.0,2016-07-01,2016-07-19,18,25,28.517126,28.97877,28.046991,85.09437,5.811567,5.6086426,87.30506,83.05658,6.8237333,4.7333503
25.0,120.0,2016-07-01,2016-07-19,18,25,27.76748,29.16039,26.737001,85.731415,3.3113382,7.440194,90.437256,79.46919,4.5497026,2.051929
22.0,122.0,2016-07-01,2016-07-19,18,25,28.317368,28.809555,27.755844,85.51357,6.2056403,17.80404,88.24121,82.64128,7.6743555,5.0098686
23.0,120.0,2016-07-01,2016-07-19,18,25,27.754375,28.706089,27.079165,85.80098,3.1340122,10.181092,88.929344,81.49567,4.157551,2.0371954
22.0,120.0,2016-07-01,2016-07-20,19,25,27.712746,28.39147,27.094776,85.46017,4.9635715,14.2272415,88.17153,82.56521,6.107746,3.7488558
24.0,122.0,2016-07-01,2016-07-20,19,25,26.410002,27.294636,25.71142,85.88728,3.832309,13.0818,88.920235,82.29505,4.915527,2.752202
24.0,121.0,2016-07-01,2016-07-20,19,25,25.862164,27.315022,24.755459,86.480995,2.7535706,12.240431,90.60457,80.83595,3.9537144,1.5792775
24.0,120.0,2016-07-01,2016-07-20,19,25,27.875128,28.895727,27.101137,85.6432,3.7522826,5.987418,89.0902,81.02647,5.286983,2.2844236
23.0,122.0,2016-07-01,2016-07-20,19,25,26.331423,27.242325,25.58106,86.34253,4.3401756,19.20664,89.573,82.65143,5.400097,3.141192
22.0,121.0,2016-07-01,2016-07-20,19,25,27.584797,28.376953,26.863829,85.936325,4.8317223,20.763533,89.206955,82.46611,5.8636537,3.7033083
25.0,121.0,2016-07-01,2016-07-20,19,25,27.89706,28.874413,27.09668,85.377235,4.681439,5.28273,88.65368,81.28135,5.732842,3.469587
23.0,121.0,2016-07-01,2016-07-20,19,25,25.693804,27.152319,24.60314,86.65025,2.360689,14.99632,90.654045,80.9355,3.1024294,1.6204181
25.0,120.0,2016-07-01,2016-07-20,19,25,27.713106,29.159822,26.641918,85.75565,4.103624,6.1921153,90.40833,79.304825,5.517622,2.5809045
23.0,120.0,2016-07-01,2016-07-20,19,25,27.714489,28.736597,26.937916,85.79075,3.1856284,8.698333,89.21017,81.08365,4.269714,2.0157235
25.0,122.0,2016-07-01,2016-07-20,19,25,28.434221,28.91994,28.00036,84.829384,5.9595838,6.1156316,87.08001,82.19125,7.233885,4.5364285
22.0,122.0,2016-07-01,2016-07-20,19,25,28.224268,28.68934,27.763544,85.68292,6.4090376,25.000708,88.27689,83.15457,8.051578,4.6260743
23.0,121.0,2016-07-01,2016-07-21,20,25,25.581297,26.968533,24.632715,87.39264,2.4932892,24.23374,91.35183,81.68688,3.1619055,1.8102373
24.0,120.0,2016-07-01,2016-07-21,20,25,27.764122,28.69314,27.059639,85.850334,4.253178,12.208671,88.982666,81.769485,5.8369823,2.6958966
24.0,121.0,2016-07-01,2016-07-21,20,25,25.787466,27.161951,24.779654,87.04087,2.7512019,17.750473,91.18284,81.620865,4.0019565,1.561857
25.0,122.0,2016-07-01,2016-07-21,20,25,28.39436,28.847084,27.94377,84.99408,6.1180196,9.9505205,87.387764,82.79843,7.638938,4.578429
25.0,121.0,2016-07-01,2016-07-21,20,25,27.79808,28.686855,27.037773,85.53969,4.7489753,10.590896,88.87911,82.106155,5.989988,3.6384342
22.0,121.0,2016-07-01,2016-07-21,20,25,27.48238,28.174463,26.92477,86.24298,5.1328773,25.977135,88.984856,83.02319,6.414115,3.8794625
22.0,120.0,2016-07-01,2016-07-21,20,25,27.588629,28.264193,27.058882,85.94981,4.9942546,23.09326,88.65011,82.83959,6.11435,3.9121184
25.0,120.0,2016-07-01,2016-07-21,20,25,27.58518,28.983007,26.551992,86.08713,4.1795173,11.298103,90.652985,79.87876,5.3812366,2.9150949
23.0,120.0,2016-07-01,2016-07-21,20,25,27.565166,28.506786,26.928335,86.17971,3.9185529,18.667221,89.16857,81.82177,5.0571456,2.9491024
22.0,122.0,2016-07-01,2016-07-21,20,25,28.245155,28.688843,27.853941,85.71702,7.303988,25.197718,87.67299,83.42117,8.817489,5.829548
24.0,122.0,2016-07-01,2016-07-21,20,25,26.39469,27.21607,25.739634,86.441505,4.186194,17.08355,89.432556,82.93046,5.3867073,2.7609298
23.0,122.0,2016-07-01,2016-07-21,20,25,26.34198,27.156597,25.690313,86.79294,4.5765834,23.451576,89.745964,83.43007,5.9147463,3.3935244
25.0,122.0,2016-07-01,2016-07-22,21,25,28.432348,28.85642,28.053858,84.98347,5.751763,7.128542,87.05786,83.090096,7.1514697,4.2105365
24.0,121.0,2016-07-01,2016-07-22,21,25,25.752468,26.932007,24.861275,87.431564,2.8620856,18.309267,90.80515,83.02183,3.8072495,2.0536659
24.0,120.0,2016-07-01,2016-07-22,21,25,27.657305,28.512266,27.032173,86.37682,4.559102,15.311067,89.21241,82.63166,5.57361,3.477732
23.0,121.0,2016-07-01,2016-07-22,21,25,25.561888,26.810127,24.588188,87.75575,2.676965,24.024904,91.4725,82.77769,3.3802903,2.0133054
22.0,120.0,2016-07-01,2016-07-22,21,25,27.504717,28.181992,26.893658,86.39787,5.3534517,24.180315,89.47584,83.19924,6.322021,4.3702335
22.0,121.0,2016-07-01,2016-07-22,21,25,27.451645,28.12979,26.815464,86.39034,5.407504,23.45125,89.2763,83.17533,6.3353343,4.4649096
25.0,120.0,2016-07-01,2016-07-22,21,25,27.475134,28.697546,26.604492,86.884544,3.9242764,16.707626,90.921974,81.43287,5.33059,2.6672142
25.0,121.0,2016-07-01,2016-07-22,21,25,27.736397,28.601778,27.051908,85.736885,4.4878254,11.713883,88.8093,82.219345,5.5989223,3.441563
23.0,122.0,2016-07-01,2016-07-22,21,25,26.39146,27.054405,25.81025,86.772064,4.558703,15.844363,89.48671,84.062294,5.7075367,3.3860657
24.0,122.0,2016-07-01,2016-07-22,21,25,26.460415,27.149565,25.883432,86.62334,4.039218,13.661669,89.00577,84.03176,5.027839,3.065037
22.0,122.0,2016-07-01,2016-07-22,21,25,28.283762,28.706587,27.831484,85.488106,7.10573,15.231416,87.78455,83.23901,8.430691,5.7150764
23.0,120.0,2016-07-01,2016-07-22,21,25,27.473717,28.349468,26.784185,86.682,4.2789326,21.02785,89.8616,82.594635,5.120185,3.4973755
22.0,120.0,2016-07-01,2016-07-23,22,25,27.371763,28.000435,26.875713,87.07832,4.8054147,25.355135,89.40038,84.170135,5.8429027,3.9362583
25.0,120.0,2016-07-01,2016-07-23,22,25,27.55196,28.898611,26.522758,87.01444,3.7933607,10.009216,91.30867,81.76326,4.798055,2.838831
24.0,121.0,2016-07-01,2016-07-23,22,25,25.770924,26.964638,24.702364,87.4256,2.565404,11.94342,91.155945,83.07915,3.3436422,1.9117966
25.0,122.0,2016-07-01,2016-07-23,22,25,28.409348,28.809843,28.044756,84.90785,4.5298433,4.3009033,86.952644,83.07793,5.628895,3.4020264
24.0,120.0,2016-07-01,2016-07-23,22,25,27.618036,28.51484,26.896202,86.69078,4.0160975,10.776353,89.76136,83.15329,5.122975,3.122539
23.0,122.0,2016-07-01,2016-07-23,22,25,26.35987,27.022026,25.670616,86.780655,3.829894,12.01941,89.151764,84.42028,4.685274,2.9260333
23.0,121.0,2016-07-01,2016-07-23,22,25,25.501398,26.657,24.45745,88.111755,2.16729,18.920578,91.5416,83.85659,2.8223114,1.5384632
22.0,121.0,2016-07-01,2016-07-23,22,25,27.341393,27.989779,26.74313,86.97741,4.664651,22.41675,89.61844,84.03784,5.6109924,3.8339226
24.0,122.0,2016-07-01,2016-07-23,22,25,26.444921,27.112053,25.821299,86.41891,3.3205783,9.178375,88.87318,83.8368,4.2240806,2.36946
22.0,122.0,2016-07-01,2016-07-23,22,25,28.202368,28.5958,27.839546,85.717804,6.2903023,15.475983,87.50381,83.765945,7.3188076,5.317524
23.0,120.0,2016-07-01,2016-07-23,22,25,27.355015,28.198355,26.653912,87.35808,3.6395,17.765488,90.334854,83.61204,4.830347,2.6227808
25.0,121.0,2016-07-01,2016-07-23,22,25,27.74729,28.667517,26.955801,85.85424,3.754154,7.0155945,89.30584,82.26008,4.507408,2.864914
23.0,121.0,2016-07-01,2016-07-24,23,25,25.493042,26.760307,24.543398,87.27639,1.9874542,15.108079,90.802765,82.61744,2.7172804,1.3338373
24.0,120.0,2016-07-01,2016-07-24,23,25,27.495033,28.309587,26.87391,86.77783,3.994299,9.409076,89.34037,83.26384,4.9872665,3.0168655
22.0,121.0,2016-07-01,2016-07-24,23,25,27.397764,28.063345,26.865585,86.01776,4.2232413,16.868942,88.519714,83.18426,5.262283,3.18699
23.0,122.0,2016-07-01,2016-07-24,23,25,26.303041,27.116169,25.663515,86.40026,3.6224496,11.669281,89.06397,83.26248,4.620077,2.6306686
24.0,122.0,2016-07-01,2016-07-24,23,25,26.364368,27.072695,25.745098,85.91703,3.2869837,9.40007,88.6211,83.041466,4.1700273,2.4754584
22.0,122.0,2016-07-01,2016-07-24,23,25,28.210093,28.577269,27.82814,85.21313,5.7771273,13.413591,87.22213,83.44929,7.09117,4.58441
25.0,121.0,2016-07-01,2016-07-24,23,25,27.61681,28.48862,26.895142,86.1471,3.5078597,7.059222,89.21051,82.793655,4.4125576,2.5126486
23.0,120.0,2016-07-01,2016-07-24,23,25,27.329477,28.162056,26.713266,86.63024,3.5281732,13.519565,89.38467,82.907715,4.6075954,2.5021777
25.0,122.0,2016-07-01,2016-07-24,23,25,28.304237,28.663929,27.927149,84.72211,4.371184,5.478029,86.834435,82.668076,5.3952637,3.3665943
24.0,121.0,2016-07-01,2016-07-24,23,25,25.66499,26.934753,24.671612,87.423134,2.351128,11.008575,91.15012,82.779236,3.2857926,1.5121138
25.0,120.0,2016-07-01,2016-07-24,23,25,27.338682,28.574356,26.39128,87.52378,3.5323846,9.955723,91.42921,82.391815,4.5676064,2.5176315
22.0,120.0,2016-07-01,2016-07-24,23,25,27.41435,28.018898,26.906347,86.12914,4.472294,19.60782,88.674446,83.01204,5.6498203,3.2622833
24.0,120.0,2016-07-01,2016-07-25,24,25,27.432793,28.1725,26.823492,86.61046,3.823813,11.964165,89.36626,83.1008,4.8732014,2.746584
23.0,121.0,2016-07-01,2016-07-25,24,25,25.4917,26.725586,24.524721,87.83841,1.874682,15.452784,91.47987,83.22662,2.5905902,1.277914
25.0,121.0,2016-07-01,2016-07-25,24,25,27.559885,28.286749,26.935757,85.90505,3.42397,10.029201,88.74194,82.6018,4.505266,2.4410272
23.0,120.0,2016-07-01,2016-07-25,24,25,27.321667,28.119688,26.66066,86.82627,3.575498,14.091698,89.82213,83.105255,4.6699047,2.56968
24.0,122.0,2016-07-01,2016-07-25,24,25,26.30707,26.983423,25.75416,86.43282,2.8801692,9.152964,88.9422,83.72629,3.6399446,2.0460505
25.0,120.0,2016-07-01,2016-07-25,24,25,27.287312,28.507113,26.369576,86.921745,3.2354498,11.918848,90.96766,81.52616,4.244933,2.3237188
25.0,122.0,2016-07-01,2016-07-25,24,25,28.24621,28.562904,27.958843,84.79618,4.1359015,5.880185,86.6009,82.78478,5.3926787,2.9391499
24.0,121.0,2016-07-01,2016-07-25,24,25,25.608803,26.772266,24.668179,87.616974,2.0476866,13.3454685,91.22852,83.0073,2.8100064,1.4541382
22.0,120.0,2016-07-01,2016-07-25,24,25,27.497932,28.121733,26.972149,86.18436,4.4493895,17.993902,88.78954,83.34506,5.53535,3.4599383
22.0,121.0,2016-07-01,2016-07-25,24,25,27.463442,28.159449,26.885658,86.158226,4.429783,17.239052,88.80859,83.04851,5.373162,3.468609
22.0,122.0,2016-07-01,2016-07-25,24,25,28.367104,28.800747,27.945263,84.70027,5.840678,11.837971,86.69025,82.38181,6.8482018,4.811524
23.0,122.0,2016-07-01,2016-07-25,24,25,26.392838,27.140415,25.796299,86.286415,3.2899795,10.081463,88.79104,83.37216,4.1352067,2.4886315
22.0,121.0,2016-07-01,2016-07-26,25,25,27.498375,28.210377,26.874184,86.63292,4.5093117,15.066301,89.37958,83.40513,5.4797783,3.6672945
22.0,120.0,2016-07-01,2016-07-26,25,25,27.57447,28.25225,27.00724,86.27571,4.2819724,15.563816,88.80458,83.11837,5.2641125,3.3621957
23.0,122.0,2016-07-01,2016-07-26,25,25,26.515312,27.223177,25.87745,86.01787,3.3744955,8.609851,88.413155,83.02798,4.101248,2.5964334
22.0,122.0,2016-07-01,2016-07-26,25,25,28.441267,28.900978,27.948837,84.7471,6.0004683,10.208745,87.17201,82.58928,7.000888,5.0007143
25.0,120.0,2016-07-01,2016-07-26,25,25,27.32381,28.539003,26.455748,86.95499,3.1974578,9.62662,91.25241,81.35282,4.193462,2.3371916
23.0,120.0,2016-07-01,2016-07-26,25,25,27.369492,28.17792,26.772017,87.37154,3.6380553,12.416538,90.24568,83.62245,4.5464907,2.7428484
25.0,122.0,2016-07-01,2016-07-26,25,25,28.352669,28.69627,27.97856,84.51241,3.7364814,4.3620324,86.49425,82.70609,4.78719,2.5896866
24.0,120.0,2016-07-01,2016-07-26,25,25,27.47419,28.20105,26.92062,86.85215,3.8394077,8.396153,89.77326,83.28324,4.9559035,2.8540194
23.0,121.0,2016-07-01,2016-07-26,25,25,25.575203,26.764341,24.621304,88.000946,1.806995,13.432925,91.45804,83.31521,2.418311,1.2216547
24.0,121.0,2016-07-01,2016-07-26,25,25,25.686071,26.843412,24.738384,87.4653,2.14056,9.421698,91.01064,82.87545,2.918746,1.429256
24.0,122.0,2016-07-01,2016-07-26,25,25,26.41593,27.049755,25.875235,86.29661,2.4761305,7.418524,88.81268,83.3539,3.5661423,1.3630702
25.0,121.0,2016-07-01,2016-07-26,25,25,27.635063,28.4412,26.98418,85.61121,3.3868268,6.328127,88.77895,81.99896,4.2352858,2.4538965
25.0,122.0,2016-07-01,2016-07-27,26,25,28.456663,28.879848,28.066143,84.62541,3.832262,3.781618,86.66245,82.44405,4.9313335,2.8021948
25.0,121.0,2016-07-01,2016-07-27,26,25,27.799265,28.687891,27.051006,85.551025,3.2724333,4.626498,89.18523,81.2908,4.1284413,2.403704
22.0,120.0,2016-07-01,2016-07-27,26,25,27.627312,28.30854,27.055092,86.31707,4.0172443,13.451572,88.82659,83.38727,4.900925,3.0378149
22.0,122.0,2016-07-01,2016-07-27,26,25,28.458408,28.965796,27.995386,84.99352,5.6017137,11.855122,87.282616,82.52693,6.781015,4.32458
23.0,122.0,2016-07-01,2016-07-27,26,25,26.540659,27.428156,25.850536,86.08075,2.9912581,9.76726,88.70474,82.36366,3.80554,2.168656
24.0,121.0,2016-07-01,2016-07-27,26,25,25.837336,27.16978,24.763878,87.05234,1.7771316,7.568924,91.224014,81.50948,2.4513693,1.1341383
24.0,122.0,2016-07-01,2016-07-27,26,25,26.506392,27.30959,25.852592,86.062805,2.2876537,6.7137465,88.62828,82.66867,3.1881366,1.2728486
22.0,121.0,2016-07-01,2016-07-27,26,25,27.613972,28.426828,26.921215,86.341095,4.2761183,13.069187,89.30431,82.838455,5.2377295,3.3759942
23.0,120.0,2016-07-01,2016-07-27,26,25,27.521538,28.448626,26.823946,87.220276,2.983734,9.229081,90.35827,83.06125,3.8743064,1.9992093
25.0,120.0,2016-07-01,2016-07-27,26,25,27.552876,28.981104,26.510561,86.71467,2.9124734,4.974856,91.69832,79.98663,3.8827534,1.959869
24.0,120.0,2016-07-01,2016-07-27,26,25,27.653868,28.512436,26.968277,86.78427,3.3021808,5.8301864,90.30818,82.48948,4.2668276,2.383075
23.0,121.0,2016-07-01,2016-07-27,26,25,25.69886,27.08127,24.622017,87.50492,1.5885801,10.966905,91.412285,82.11338,2.2016382,1.0356867
22.0,121.0,2016-07-01,2016-07-28,27,25,27.689514,28.585377,26.996016,85.97053,4.461642,15.214139,89.065155,82.04596,5.349986,3.598634
25.0,120.0,2016-07-01,2016-07-28,27,25,27.657303,29.113813,26.595766,86.77274,2.9375184,5.798547,91.88129,79.9323,3.8973646,1.9387208
23.0,122.0,2016-07-01,2016-07-28,27,25,26.552925,27.408623,25.868446,86.130646,3.0296435,14.93475,89.05067,82.50629,4.061057,1.9032335
25.0,122.0,2016-07-01,2016-07-28,27,25,28.511646,28.895624,28.116253,84.68498,4.1029043,3.729913,86.89188,82.70954,5.2341437,2.8609195
23.0,121.0,2016-07-01,2016-07-28,27,25,25.780046,27.300356,24.727867,87.27348,1.8013688,14.431212,91.4307,81.007645,2.4630597,1.2088
22.0,122.0,2016-07-01,2016-07-28,27,25,28.464712,28.931984,27.996983,84.90513,5.7941804,15.709896,87.34195,82.39972,7.048715,4.415565
23.0,120.0,2016-07-01,2016-07-28,27,25,27.633307,28.70171,26.91919,86.6582,2.9419742,10.459042,89.93326,81.72745,4.0249686,1.9479984
22.0,120.0,2016-07-01,2016-07-28,27,25,27.72972,28.520004,27.140997,85.872795,4.215725,15.794888,88.560814,82.20413,5.2915134,3.2193975
24.0,120.0,2016-07-01,2016-07-28,27,25,27.735899,28.645918,27.018517,86.67776,3.0943813,6.6397643,90.15982,82.36182,4.2939568,1.96319
25.0,121.0,2016-07-01,2016-07-28,27,25,27.859264,28.746061,27.085962,85.88428,3.4398825,4.7832274,89.475975,81.89993,4.3174043,2.4437594
24.0,121.0,2016-07-01,2016-07-28,27,25,25.88881,27.254053,24.850601,87.27377,1.9147202,10.594844,91.58417,81.48869,2.8784437,1.062864
24.0,122.0,2016-07-01,2016-07-28,27,25,26.552689,27.368507,25.923399,85.9992,2.6070602,9.529169,88.72097,82.60385,3.555675,1.760376
23.0,122.0,2016-07-01,2016-07-29,28,25,26.612888,27.365252,25.978111,85.78652,3.5494432,11.373443,88.245,82.59875,4.6547575,2.4512947
25.0,122.0,2016-07-01,2016-07-29,28,25,28.520899,28.94668,28.132797,84.404915,4.384926,6.408844,86.40924,82.02156,5.6604567,3.045398
24.0,120.0,2016-07-01,2016-07-29,28,25,27.67523,28.655668,26.951275,86.5815,3.5076218,11.138001,89.900215,82.04652,4.846608,2.0562544
22.0,121.0,2016-07-01,2016-07-29,28,25,27.64364,28.324017,27.036816,86.22192,4.725581,18.47351,89.017365,82.98264,5.7521696,3.588159
22.0,120.0,2016-07-01,2016-07-29,28,25,27.654638,28.311718,27.077198,86.15181,4.4324937,19.069826,88.815926,82.93353,5.431202,3.435841
22.0,122.0,2016-07-01,2016-07-29,28,25,28.561756,28.935226,28.146503,84.50697,6.4077497,12.841187,86.73471,82.58496,7.856764,5.004483
24.0,122.0,2016-07-01,2016-07-29,28,25,26.56415,27.308949,25.979282,85.8607,3.014693,10.410003,88.22627,82.623985,3.9800587,1.9197398
25.0,120.0,2016-07-01,2016-07-29,28,25,27.607367,29.119379,26.510176,86.7365,3.3595083,9.118653,91.461205,79.712585,4.4110374,2.1966717
24.0,121.0,2016-07-01,2016-07-29,28,25,25.849522,27.182905,24.788668,87.267845,2.1702082,11.284026,91.062294,81.86091,3.1132922,1.2943476
23.0,120.0,2016-07-01,2016-07-29,28,25,27.5292,28.46043,26.871181,86.893166,3.2187924,16.850737,90.01225,82.411064,4.2084265,2.1421642
23.0,121.0,2016-07-01,2016-07-29,28,25,25.69742,27.004898,24.68068,87.59504,1.7776338,16.980894,91.231346,82.26272,2.4744205,1.0363567
25.0,121.0,2016-07-01,2016-07-29,28,25,27.818443,28.769299,27.034634,85.73624,3.7000997,7.251282,89.36685,81.37149,4.746962,2.4244611
24.0,120.0,2016-07-01,2016-07-30,29,25,27.60144,28.42394,26.965342,86.765755,3.8512332,12.721082,89.80164,82.9359,5.1955266,2.5992658
22.0,122.0,2016-07-01,2016-07-30,29,25,28.633762,29.090279,28.174688,84.43294,7.1095915,10.108624,86.94841,81.96101,8.213101,6.0261354
22.0,121.0,2016-07-01,2016-07-30,29,25,27.687096,28.447832,26.990873,86.15095,5.1161513,18.244152,89.39135,82.4087,6.1210575,4.2029786
25.0,122.0,2016-07-01,2016-07-30,29,25,28.498405,28.89984,28.10044,84.59419,4.1151204,7.0998974,86.90608,82.23716,5.346767,2.7067988
23.0,120.0,2016-07-01,2016-07-30,29,25,27.519365,28.427017,26.859478,87.15715,3.50851,17.472363,90.26038,82.6347,4.5041866,2.4660304
25.0,120.0,2016-07-01,2016-07-30,29,25,27.449844,28.760239,26.538643,87.04385,3.3281555,13.243543,91.17784,81.04104,4.508792,2.1585395
23.0,122.0,2016-07-01,2016-07-30,29,25,26.663673,27.52047,25.934282,85.58103,4.036228,9.733719,88.7656,81.99275,4.904401,3.1412618
22.0,120.0,2016-07-01,2016-07-30,29,25,27.722866,28.396395,27.142466,86.06656,4.8762774,19.116344,88.80862,82.853905,5.9890313,3.7889643
25.0,121.0,2016-07-01,2016-07-30,29,25,27.714493,28.510855,27.033735,85.802315,3.5271406,10.610792,89.144646,81.85834,4.609453,2.4932227
24.0,122.0,2016-07-01,2016-07-30,29,25,26.604742,27.40149,25.916733,85.71408,3.0355985,9.533217,88.745316,82.06934,4.090677,1.9027406
23.0,121.0,2016-07-01,2016-07-30,29,25,25.719675,27.116194,24.679205,87.39275,2.040285,17.839643,91.413994,81.58311,2.6683557,1.4040098
24.0,121.0,2016-07-01,2016-07-30,29,25,25.807888,27.101686,24.778257,86.98876,2.3353732,13.099961,90.91794,81.66196,3.2346094,1.43391
22.0,121.0,2016-07-01,2016-07-31,30,25,27.701414,28.480547,27.047842,86.091354,4.7112803,14.814487,88.976135,82.57638,5.75483,3.776471
25.0,121.0,2016-07-01,2016-07-31,30,25,27.767073,28.595078,27.04273,85.46411,3.7645729,7.0942993,88.759384,81.44885,4.635356,2.9225035
24.0,121.0,2016-07-01,2016-07-31,30,25,25.814276,27.029081,24.77021,87.29206,2.3398333,10.045503,91.35656,82.2483,3.0986168,1.6615864
22.0,122.0,2016-07-01,2016-07-31,30,25,28.622883,29.028889,28.214512,85.04001,6.792044,9.904512,87.09951,83.112595,8.065614,5.619236
25.0,120.0,2016-07-01,2016-07-31,30,25,27.513016,28.805994,26.545351,86.94813,3.6442206,9.347262,91.23403,81.14625,4.4753356,2.8807874
25.0,122.0,2016-07-01,2016-07-31,30,25,28.57087,28.962866,28.174232,84.163574,3.962844,4.8248615,86.59999,81.85387,5.2061744,2.5695527
24.0,120.0,2016-07-01,2016-07-31,30,25,27.628813,28.45969,26.940445,86.7571,3.890175,8.689609,89.73835,82.93489,4.982626,2.9124458
23.0,121.0,2016-07-01,2016-07-31,30,25,25.708467,27.063204,24.620655,87.65701,1.73629,14.605896,91.90898,82.02619,2.3996606,1.1702571
22.0,120.0,2016-07-01,2016-07-31,30,25,27.74126,28.51006,27.11621,85.94873,4.3250794,15.01178,88.77442,82.40471,5.490796,3.3148694
23.0,120.0,2016-07-01,2016-07-31,30,25,27.529072,28.472158,26.805122,87.10449,3.3169994,13.254735,90.34677,82.65056,4.3987617,2.3484864
23.0,122.0,2016-07-01,2016-07-31,30,25,26.627483,27.449244,25.945873,86.51513,3.8889313,9.709657,89.290764,82.85949,4.793533,2.972722
24.0,122.0,2016-07-01,2016-07-31,30,25,26.63083,27.392534,25.942822,85.91026,2.7056644,7.729983,88.82571,82.584015,3.6787524,1.6603196
24.0,121.0,2016-07-01,2016-08-01,31,25,25.875628,27.239267,24.822998,87.21216,2.3743186,11.155862,91.17572,81.755554,3.1586032,1.6015629
25.0,121.0,2016-07-01,2016-08-01,31,25,27.767633,28.70182,27.026505,85.748055,3.9067736,9.261181,89.252174,81.64676,4.695002,2.9555645
23.0,121.0,2016-07-01,2016-08-01,31,25,25.793175,27.203232,24.720293,87.48843,1.8206652,13.08869,91.683174,81.69065,2.3512492,1.3457357
22.0,122.0,2016-07-01,2016-08-01,31,25,28.53166,28.963293,28.116402,85.52975,6.516549,11.98716,87.54095,83.380714,7.8510637,5.44085
24.0,122.0,2016-07-01,2016-08-01,31,25,26.620262,27.365503,25.958023,86.206924,2.6823711,8.540353,88.95962,83.05667,3.7346768,1.6902422
25.0,122.0,2016-07-01,2016-08-01,31,25,28.500235,28.905542,28.085,84.815636,4.0141892,6.672527,87.08818,82.65171,5.077369,2.9390469
23.0,120.0,2016-07-01,2016-08-01,31,25,27.603758,28.57959,26.90438,86.857185,3.2053633,10.471504,90.238914,82.25795,4.0873547,2.4066718
22.0,120.0,2016-07-01,2016-08-01,31,25,27.786411,28.527996,27.183243,85.86545,4.344629,13.155371,88.843925,82.393776,5.285769,3.5349073
25.0,120.0,2016-07-01,2016-08-01,31,25,27.54241,28.978134,26.55815,86.758644,3.457134,8.475045,91.36608,80.19577,4.4009886,2.4842417
22.0,121.0,2016-07-01,2016-08-01,31,25,27.70248,28.513124,27.014877,86.291504,4.6700106,13.93128,89.46082,82.45822,5.613227,3.793893
23.0,122.0,2016-07-01,2016-08-01,31,25,26.620335,27.469753,25.948912,86.66138,3.8262212,11.150671,89.61202,83.08398,4.736977,3.0120502
24.0,120.0,2016-07-01,2016-08-01,31,25,27.680021,28.612062,26.994766,86.590485,3.8498034,8.539437,89.88952,82.35464,4.862958,2.8787382
24.0,120.0,2016-07-01,2016-08-02,32,25,27.699802,28.671335,27.000942,86.65108,3.9597502,10.47127,90.11985,82.24438,5.0676894,2.8623462
23.0,122.0,2016-07-01,2016-08-02,32,25,26.58706,27.38437,25.924047,86.71344,3.9251738,13.402183,89.65924,83.14432,4.9477053,2.8879595
25.0,121.0,2016-07-01,2016-08-02,32,25,27.81452,28.786283,27.053526,85.556404,4.209746,8.107223,89.23385,81.200905,5.2433414,3.1315224
24.0,122.0,2016-07-01,2016-08-02,32,25,26.587929,27.374704,25.987144,86.37482,2.8550782,11.540757,89.00733,83.321106,3.6747983,1.995098
23.0,121.0,2016-07-01,2016-08-02,32,25,25.722439,27.05922,24.693306,87.76168,1.9704959,18.805016,91.81134,82.42924,2.6413941,1.342045
24.0,121.0,2016-07-01,2016-08-02,32,25,25.920439,27.303316,24.884937,87.0702,2.5968888,12.968677,91.34609,81.62049,3.5501182,1.6903964
25.0,122.0,2016-07-01,2016-08-02,32,25,28.470518,28.925127,28.068134,84.92347,4.5936217,6.72203,87.24369,82.56959,5.683702,3.3250167
22.0,121.0,2016-07-01,2016-08-02,32,25,27.575771,28.246231,26.934454,86.79308,4.7648683,19.289785,89.702286,83.87748,5.675942,3.7884595
22.0,120.0,2016-07-01,2016-08-02,32,25,27.651304,28.356827,27.08451,86.51192,4.44691,20.477837,89.128075,83.31723,5.4677606,3.4579153
23.0,120.0,2016-07-01,2016-08-02,32,25,27.508137,28.442188,26.82297,87.3298,3.3278327,16.301655,90.49124,83.001945,4.323847,2.3978014
25.0,120.0,2016-07-01,2016-08-02,32,25,27.597597,29.010288,26.61919,86.77097,3.8756313,9.239121,91.17826,80.43376,4.970889,2.8530731
22.0,122.0,2016-07-01,2016-08-02,32,25,28.442852,28.8786,28.020493,85.82576,6.7769866,13.863607,87.93885,83.67065,7.9371367,5.466919
24.0,122.0,2016-07-01,2016-08-03,33,25,26.57046,27.398975,25.899927,86.458046,2.3762228,7.0531774,89.03506,83.13745,3.1122067,1.6385391
22.0,122.0,2016-07-01,2016-08-03,33,25,28.446142,28.90041,28.01232,85.79068,6.897132,14.279584,88.02765,83.35542,8.047271,5.76507
22.0,121.0,2016-07-01,2016-08-03,33,25,27.488264,28.30153,26.828497,87.10556,4.6864796,17.470505,89.8577,83.62478,5.6920056,3.6180377
23.0,121.0,2016-07-01,2016-08-03,33,25,25.603188,27.045538,24.532587,88.16707,1.8065914,13.569746,91.86969,82.6453,2.3634787,1.199332
23.0,122.0,2016-07-01,2016-08-03,33,25,26.5582,27.426817,25.794981,86.77692,3.9087512,10.407819,89.83582,83.08066,4.728732,3.068467
24.0,121.0,2016-07-01,2016-08-03,33,25,25.813305,27.218365,24.70202,87.663376,2.3132653,9.09282,91.39215,82.50625,3.0570388,1.5025792
25.0,121.0,2016-07-01,2016-08-03,33,25,27.766426,28.730888,26.979067,86.286644,4.2075944,5.169939,89.47544,82.43264,5.1964765,3.2158904
25.0,122.0,2016-07-01,2016-08-03,33,25,28.511269,28.98265,28.061773,85.15283,4.2504654,3.1553216,87.20287,82.97289,5.2410455,3.1774802
24.0,120.0,2016-07-01,2016-08-03,33,25,27.576296,28.512749,26.870533,87.29716,3.8127973,8.974563,90.267395,83.31636,4.7579885,2.7851934
25.0,120.0,2016-07-01,2016-08-03,33,25,27.52823,28.929771,26.509068,87.16848,3.8534553,7.6996922,91.33695,81.15034,4.897921,2.7638323
22.0,120.0,2016-07-01,2016-08-03,33,25,27.528774,28.320152,26.900494,86.98034,4.4020295,18.164017,89.570984,83.63645,5.4719996,3.3522003
23.0,120.0,2016-07-01,2016-08-03,33,25,27.372175,28.368385,26.715326,87.784836,3.2038105,13.463088,90.62834,83.39984,4.1765413,2.2841856
22.0,122.0,2016-07-01,2016-08-04,34,25,28.543634,28.928415,28.162344,85.514336,6.745631,14.086503,87.451004,83.38959,8.090205,5.5825005
24.0,120.0,2016-07-01,2016-08-04,34,25,27.65528,28.621616,26.974321,86.89994,4.0008054,8.164262,89.95819,82.62893,5.0189953,2.9695652
25.0,121.0,2016-07-01,2016-08-04,34,25,27.788715,28.774076,27.020561,86.11399,4.332666,6.816147,89.453545,81.86747,5.3213,3.3021128
24.0,121.0,2016-07-01,2016-08-04,34,25,25.897158,27.29379,24.872622,87.34159,2.532774,13.3043375,91.16817,81.70178,3.2986922,1.7382115
24.0,122.0,2016-07-01,2016-08-04,34,25,26.60633,27.365206,25.979712,86.38685,2.550867,14.168291,89.11614,82.936676,3.486349,1.525957
22.0,121.0,2016-07-01,2016-08-04,34,25,27.650593,28.426783,27.04618,86.603065,4.5043373,16.029861,89.2794,83.15554,5.5756464,3.5099669
25.0,122.0,2016-07-01,2016-08-04,34,25,28.485682,28.898115,28.07957,85.21215,4.3254175,7.6886425,87.29361,82.88012,5.510954,3.146869
25.0,120.0,2016-07-01,2016-08-04,34,25,27.56783,28.99483,26.567167,87.01388,4.042917,8.57808,91.170975,80.99406,5.00797,2.949452
23.0,121.0,2016-07-01,2016-08-04,34,25,25.724958,27.08792,24.701582,88.00018,1.7072731,18.323565,92.07739,82.33601,2.2819912,1.1128907
23.0,120.0,2016-07-01,2016-08-04,34,25,27.489023,28.41318,26.83604,87.53698,3.0902362,13.174028,90.861496,83.385086,3.928523,2.311021
23.0,122.0,2016-07-01,2016-08-04,34,25,26.615494,27.444136,25.942455,86.83603,3.9171336,16.39821,89.831375,82.94405,4.850084,2.9365313
22.0,120.0,2016-07-01,2016-08-04,34,25,27.713667,28.377573,27.17442,86.37063,4.065141,17.165268,88.987595,83.34202,4.992747,3.2218084
22.0,120.0,2016-07-01,2016-08-05,35,25,27.754656,28.54336,27.112543,86.33754,4.235446,13.244498,89.14133,82.72814,5.19133,3.2586954
23.0,122.0,2016-07-01,2016-08-05,35,25,26.62086,27.44949,25.911036,87.10248,3.5497677,12.306997,89.59404,84.03252,4.4697685,2.6873384
22.0,122.0,2016-07-01,2016-08-05,35,25,28.597162,28.958412,28.151201,85.43527,6.73696,10.889151,87.39691,83.61335,8.1405115,5.4409633
24.0,122.0,2016-07-01,2016-08-05,35,25,26.591501,27.39812,25.892838,86.950485,2.4748106,13.110979,89.66149,84.175354,3.4318347,1.608805
23.0,120.0,2016-07-01,2016-08-05,35,25,27.552048,28.520836,26.861876,87.34453,3.203307,11.405204,90.542435,82.86212,4.1261144,2.3706515
23.0,121.0,2016-07-01,2016-08-05,35,25,25.77092,27.24889,24.703823,88.230804,1.6401732,14.346488,91.91831,82.75501,2.3121524,1.0873951
24.0,120.0,2016-07-01,2016-08-05,35,25,27.586098,28.383276,26.91642,87.218605,3.8376858,10.186938,90.312614,83.63016,4.704418,2.8985386
25.0,121.0,2016-07-01,2016-08-05,35,25,27.667376,28.468056,26.972925,86.558235,4.185727,10.458543,89.57798,83.212555,5.112333,3.2734702
25.0,122.0,2016-07-01,2016-08-05,35,25,28.435528,28.828213,27.988901,85.47112,4.527405,10.450459,87.53375,83.38274,5.4006653,3.5561132
25.0,120.0,2016-07-01,2016-08-05,35,25,27.447842,28.665806,26.535494,87.40091,3.7778237,10.711077,91.22927,82.14366,4.804945,2.8424923
24.0,121.0,2016-07-01,2016-08-05,35,25,25.810867,27.097471,24.78915,88.10556,2.2661335,13.123801,91.58133,83.64132,3.0008774,1.574864
22.0,121.0,2016-07-01,2016-08-05,35,25,27.74477,28.565302,27.06441,86.488945,4.865032,12.943903,89.394066,82.97078,5.9258976,3.7916653
24.0,122.0,2016-07-01,2016-08-06,36,25,26.592724,27.39646,25.944283,86.62158,2.717851,11.114558,88.89834,83.60806,3.7422376,1.7446612
24.0,120.0,2016-07-01,2016-08-06,36,25,27.593418,28.499365,26.916924,87.2419,3.7840261,9.502925,90.74511,82.94414,4.832792,2.6680481
22.0,122.0,2016-07-01,2016-08-06,36,25,28.616821,29.017647,28.218195,84.98587,6.404711,10.904597,86.86834,83.07959,7.4729443,5.3829937
23.0,122.0,2016-07-01,2016-08-06,36,25,26.641567,27.518356,25.9335,86.747696,3.7462995,11.34832,89.42505,83.30926,4.637188,2.8109384
24.0,121.0,2016-07-01,2016-08-06,36,25,25.822353,27.2024,24.79444,87.75496,2.367506,11.678823,91.70823,82.577835,3.3373697,1.4147383
25.0,122.0,2016-07-01,2016-08-06,36,25,28.452276,28.831516,28.044672,85.0578,4.7157936,8.454798,86.97947,82.993904,5.954986,3.3261137
25.0,121.0,2016-07-01,2016-08-06,36,25,27.694267,28.57868,27.003447,86.10911,4.435893,8.999233,89.43615,82.408646,5.5421057,3.3980277
25.0,120.0,2016-07-01,2016-08-06,36,25,27.481508,28.800652,26.564297,87.13217,3.9934058,9.030665,91.46252,81.31682,5.1757994,2.8118296
23.0,121.0,2016-07-01,2016-08-06,36,25,25.779922,27.215157,24.741274,87.91881,1.6946527,13.371479,91.610275,82.42714,2.3556855,1.1222302
22.0,121.0,2016-07-01,2016-08-06,36,25,27.7528,28.516216,27.150957,86.06499,4.3193693,12.942253,88.60501,82.700096,5.3681545,3.2562945
22.0,120.0,2016-07-01,2016-08-06,36,25,27.817558,28.561983,27.16835,85.870605,3.8917847,12.4463415,88.673996,82.41095,4.9932094,2.830384
23.0,120.0,2016-07-01,2016-08-06,36,25,27.557327,28.501328,26.859747,87.39697,2.9364157,11.190542,90.71067,82.861855,3.8952157,1.9861674
23.0,122.0,2016-07-01,2016-08-07,37,25,26.722124,27.613316,25.987255,86.70825,3.7398233,7.7122254,89.7547,82.8923,4.4728622,2.972801
23.0,121.0,2016-07-01,2016-08-07,37,25,25.876385,27.329172,24.755224,87.671776,1.771308,9.316836,91.9526,81.66486,2.2785134,1.2318282
24.0,120.0,2016-07-01,2016-08-07,37,25,27.66217,28.548594,26.975586,87.247894,3.6483877,6.9863615,90.45859,83.31787,4.732733,2.6229377
23.0,120.0,2016-07-01,2016-08-07,37,25,27.632343,28.570078,26.905737,87.302605,3.0457063,8.292057,90.76909,82.7061,3.8866978,2.1838067
24.0,121.0,2016-07-01,2016-08-07,37,25,25.912237,27.310741,24.83979,87.61754,2.2490203,8.013278,91.7039,82.2336,3.1392667,1.4446088
25.0,121.0,2016-07-01,2016-08-07,37,25,27.745586,28.588089,26.97746,86.115715,4.0711784,5.891543,89.69129,82.261375,5.102701,3.1740937
25.0,122.0,2016-07-01,2016-08-07,37,25,28.489435,28.91667,28.083437,84.77528,4.4653172,5.8466825,87.06334,82.325775,5.6387095,3.2804878
25.0,120.0,2016-07-01,2016-08-07,37,25,27.54457,28.907764,26.544249,87.24832,3.6983795,6.8194275,91.594696,81.23315,4.759256,2.6194985
22.0,120.0,2016-07-01,2016-08-07,37,25,27.914331,28.682402,27.276762,85.713066,4.043186,10.305149,88.750946,82.005905,5.0954814,3.0102963
22.0,122.0,2016-07-01,2016-08-07,37,25,28.690655,29.04789,28.316944,85.12259,6.55065,8.516208,87.47799,82.93623,7.539025,5.40279
24.0,122.0,2016-07-01,2016-08-07,37,25,26.667934,27.478054,26.025694,86.198494,2.7291064,7.955752,89.17777,82.652695,3.7169662,1.7450448
22.0,121.0,2016-07-01,2016-08-07,37,25,27.842707,28.639038,27.162758,86.01161,4.5512843,10.134551,89.29687,82.170975,5.6275883,3.5085568
25.0,121.0,2016-07-01,2016-08-08,38,25,27.863337,28.813622,27.079618,85.80165,3.697,5.6964903,89.13226,81.77699,4.6747127,2.634057
24.0,121.0,2016-07-01,2016-08-08,38,25,25.989231,27.392954,24.91811,87.56996,2.2369714,9.1028595,91.51549,82.37472,3.125318,1.4989258
25.0,120.0,2016-07-01,2016-08-08,38,25,27.635664,29.077036,26.60934,87.09403,3.4690506,7.4076138,91.47143,80.840935,4.453363,2.4751844
23.0,122.0,2016-07-01,2016-08-08,38,25,26.770483,27.67173,26.042725,86.764656,3.4180326,7.469861,89.539474,82.94047,4.176979,2.6209223
23.0,121.0,2016-07-01,2016-08-08,38,25,25.947834,27.437445,24.858501,87.811516,1.7357248,10.186084,92.18349,81.793465,2.4014723,1.1535839
22.0,120.0,2016-07-01,2016-08-08,38,25,27.959972,28.749819,27.332329,85.85996,4.0851784,9.488296,88.8877,82.04086,5.1368947,3.09644
22.0,121.0,2016-07-01,2016-08-08,38,25,27.884645,28.698086,27.231728,86.14119,4.5786686,9.81621,89.21169,82.146194,5.641396,3.6648157
25.0,122.0,2016-07-01,2016-08-08,38,25,28.628202,29.048193,28.2175,85.042404,4.303012,4.06151,87.17626,82.95079,5.3192973,3.2805448
23.0,120.0,2016-07-01,2016-08-08,38,25,27.68357,28.662006,26.979332,87.28547,3.1047065,8.92418,90.81351,82.59786,4.142839,2.2174835
24.0,122.0,2016-07-01,2016-08-08,38,25,26.766287,27.57502,26.088877,86.75578,2.8100421,7.435382,89.30452,83.612976,3.787298,1.9673098
22.0,122.0,2016-07-01,2016-08-08,38,25,28.709528,29.132925,28.299698,85.17652,6.2237377,7.0888515,87.42313,82.80691,7.369599,5.113068
24.0,120.0,2016-07-01,2016-08-08,38,25,27.71882,28.617495,27.014048,87.0639,3.553506,7.8368397,90.12618,83.068665,4.539709,2.5942757
24.0,122.0,2016-07-01,2016-08-09,39,25,26.801966,27.674217,26.0685,86.50599,2.293612,7.3960047,89.48878,83.0224,3.1031256,1.5327504
23.0,120.0,2016-07-01,2016-08-09,39,25,27.776829,28.868471,27.031187,87.09854,2.9025385,7.904731,90.57888,82.04081,3.8136454,2.059838
22.0,122.0,2016-07-01,2016-08-09,39,25,28.835798,29.22911,28.387999,84.75606,5.9814167,8.458168,87.26419,82.56162,7.3390694,4.6374836
23.0,122.0,2016-07-01,2016-08-09,39,25,26.855423,27.796768,26.081055,86.489334,3.115048,8.576731,89.59791,82.497635,4.078761,2.2608793
25.0,122.0,2016-07-01,2016-08-09,39,25,28.663921,29.053228,28.283344,84.951126,3.9525063,2.7706056,86.94806,83.00333,4.9577284,2.9517384
24.0,120.0,2016-07-01,2016-08-09,39,25,27.820765,28.734638,27.129107,86.90616,3.642871,6.2427416,90.0518,82.79348,4.3602767,2.8572211
25.0,121.0,2016-07-01,2016-08-09,39,25,27.92636,28.78386,27.198524,85.84756,3.8969598,4.6672735,89.071144,82.15103,4.862578,2.9546728
23.0,121.0,2016-07-01,2016-08-09,39,25,26.002392,27.570461,24.820463,87.67467,1.4973756,10.988531,92.21409,81.27078,2.0731027,0.99729466
22.0,121.0,2016-07-01,2016-08-09,39,25,27.98043,28.843994,27.30152,85.84814,4.379366,10.8863,88.99052,81.97105,5.536986,3.220928
24.0,121.0,2016-07-01,2016-08-09,39,25,26.052301,27.434998,24.900684,87.474945,2.177625,9.317848,91.774284,82.16431,2.8896935,1.5937338
25.0,120.0,2016-07-01,2016-08-09,39,25,27.712461,29.060524,26.680151,87.06288,3.6765046,6.1606483,91.53667,81.3971,4.6084576,2.7401857
22.0,120.0,2016-07-01,2016-08-09,39,25,28.029314,28.847319,27.41166,85.75272,3.9245214,10.76667,88.70268,82.049706,4.904946,2.908242
24.0,122.0,2016-07-01,2016-08-10,40,25,26.871876,27.71032,26.14732,86.5632,2.172988,8.919707,89.153244,83.29348,2.9906049,1.3873061
25.0,120.0,2016-07-01,2016-08-10,40,25,27.667992,29.05381,26.722021,87.6619,3.3809094,6.915013,91.892815,81.83774,4.182306,2.599803
23.0,121.0,2016-07-01,2016-08-10,40,25,26.036858,27.535156,24.90871,87.75585,1.5779048,14.080232,91.86259,81.58212,2.1327472,1.0704201
22.0,121.0,2016-07-01,2016-08-10,40,25,27.936316,28.726812,27.322744,86.355606,4.8229527,13.517335,89.30749,82.62447,5.694955,3.977537
25.0,122.0,2016-07-01,2016-08-10,40,25,28.67425,29.086357,28.2598,85.35146,3.729164,4.49756,87.32554,83.51248,4.743745,2.6305137
25.0,121.0,2016-07-01,2016-08-10,40,25,27.90552,28.784218,27.201591,86.468285,3.7307034,4.9312134,89.43697,82.87391,4.4923406,2.8402567
22.0,122.0,2016-07-01,2016-08-10,40,25,28.812716,29.176857,28.448925,85.203186,6.618596,9.879336,87.05171,83.21757,7.7308593,5.561031
22.0,120.0,2016-07-01,2016-08-10,40,25,27.973797,28.674038,27.423447,86.16042,4.2064233,14.113801,88.72714,82.98088,4.9806724,3.4278839
24.0,121.0,2016-07-01,2016-08-10,40,25,26.09095,27.485449,25.03937,87.74881,2.034133,9.3753395,91.49079,82.40702,2.7294462,1.4140393
23.0,122.0,2016-07-01,2016-08-10,40,25,26.910715,27.802675,26.173496,86.520256,3.3604743,10.461307,89.26082,82.7917,4.256214,2.5421102
24.0,120.0,2016-07-01,2016-08-10,40,25,27.816011,28.706064,27.138891,87.285355,3.5101922,7.0767555,90.20683,83.360565,4.4272275,2.6735013
23.0,120.0,2016-07-01,2016-08-10,40,25,27.767624,28.747475,27.040903,87.28226,3.0538454,11.78424,90.61174,82.519295,4.0466933,2.2033749
24.0,121.0,2016-07-01,2016-08-11,41,25,26.186975,27.59226,25.043936,87.60183,2.405561,9.284353,91.71569,82.15725,3.0920472,1.683462
25.0,122.0,2016-07-01,2016-08-11,41,25,28.685562,29.065842,28.31497,85.637024,3.9556515,4.612268,87.80456,83.571175,4.8022785,3.055117
25.0,121.0,2016-07-01,2016-08-11,41,25,27.973328,28.859539,27.22476,86.451614,4.038822,5.947259,90.029274,82.42059,4.8900046,3.0862567
22.0,122.0,2016-07-01,2016-08-11,41,25,28.86948,29.23313,28.476988,85.05229,6.5084715,9.482565,87.10738,83.06145,7.6386237,5.48533
23.0,121.0,2016-07-01,2016-08-11,41,25,26.096464,27.519228,24.984438,87.84917,1.6551874,11.845236,91.919815,82.16587,2.142191,1.2392128
22.0,121.0,2016-07-01,2016-08-11,41,25,28.020647,28.771574,27.371714,86.180885,4.7795677,11.962122,89.13858,82.67728,5.6026363,4.006182
25.0,120.0,2016-07-01,2016-08-11,41,25,27.78022,29.151295,26.776783,87.50533,3.8159127,8.783561,92.02245,81.48216,4.7422957,2.797841
22.0,120.0,2016-07-01,2016-08-11,41,25,28.0499,28.729317,27.50604,85.983864,4.133841,11.204524,88.69436,82.659004,4.90652,3.345667
24.0,120.0,2016-07-01,2016-08-11,41,25,27.903242,28.820854,27.172476,87.12578,3.8942695,6.5600514,90.64858,82.94063,4.678025,3.007884
23.0,122.0,2016-07-01,2016-08-11,41,25,26.943121,27.82333,26.206793,86.643555,3.504191,9.372549,89.51412,83.03303,4.251479,2.6919894
23.0,120.0,2016-07-01,2016-08-11,41,25,27.818735,28.751192,27.11818,87.361435,3.2091742,9.118493,90.7711,82.87234,4.1514626,2.3155766
24.0,122.0,2016-07-01,2016-08-11,41,25,26.911108,27.68786,26.242216,86.73149,2.4159935,7.917167,89.5588,83.78804,3.1476464,1.7051533
22.0,120.0,2016-07-01,2016-08-12,42,25,28.000076,28.62267,27.43108,86.13554,4.0571346,12.866982,88.71168,83.24424,5.031889,3.074939
23.0,121.0,2016-07-01,2016-08-12,42,25,26.112677,27.49613,25.000547,87.70888,1.6825781,11.504528,91.61001,82.28558,2.2846801,1.2027384
24.0,120.0,2016-07-01,2016-08-12,42,25,27.858006,28.737574,27.162025,87.46718,4.2637286,8.228009,90.45761,83.51349,5.0720334,3.33712
24.0,122.0,2016-07-01,2016-08-12,42,25,26.959871,27.764786,26.251118,86.43186,2.3196561,6.6781745,89.21618,83.37817,3.185376,1.4329495
23.0,122.0,2016-07-01,2016-08-12,42,25,26.99821,27.851055,26.226772,86.63667,3.6415353,7.560283,89.56776,83.224846,4.500552,2.7545743
23.0,120.0,2016-07-01,2016-08-12,42,25,27.792757,28.66564,27.109303,87.625374,3.3511198,10.461439,90.570465,83.60712,4.3763213,2.3924417
25.0,121.0,2016-07-01,2016-08-12,42,25,27.974249,28.936865,27.181469,86.57178,4.220081,10.265973,90.16196,82.29296,5.1287084,3.216911
25.0,122.0,2016-07-01,2016-08-12,42,25,28.738441,29.203701,28.322685,85.51674,3.842876,7.696698,87.60508,83.230446,4.873243,2.7245317
22.0,122.0,2016-07-01,2016-08-12,42,25,28.858946,29.236485,28.456387,85.31265,6.4435186,8.76863,87.288956,83.38864,7.808328,5.2734
25.0,120.0,2016-07-01,2016-08-12,42,25,27.748003,29.185572,26.71689,87.639435,3.9305332,8.826917,91.92637,81.51041,4.9205184,2.8807425
22.0,121.0,2016-07-01,2016-08-12,42,25,27.97104,28.658125,27.33809,86.309845,4.612584,12.72019,88.994934,83.11955,5.8377247,3.6517608
24.0,121.0,2016-07-01,2016-08-12,42,25,26.183338,27.567627,25.043623,87.548134,2.6750698,9.279337,91.72304,82.39812,3.3083177,2.105109
23.0,121.0,2016-07-01,2016-08-13,43,25,26.13767,27.650024,25.047016,87.65745,1.9617058,15.538577,91.99127,81.44784,2.6478794,1.2895188
22.0,121.0,2016-07-01,2016-08-13,43,25,28.043543,28.930767,27.28644,85.90538,4.9847107,14.846135,89.480896,81.85495,6.0777,3.8812761
24.0,121.0,2016-07-01,2016-08-13,43,25,26.145807,27.57762,25.069199,87.79666,2.5936902,12.292271,92.15876,81.854904,3.5601134,1.710594
25.0,121.0,2016-07-01,2016-08-13,43,25,27.867056,28.793089,27.081919,86.63149,3.9590235,11.402524,90.15877,82.49985,4.962596,2.942109
24.0,120.0,2016-07-01,2016-08-13,43,25,27.794146,28.755625,27.053354,87.61557,4.076068,10.705049,90.98076,83.475365,5.3962383,2.877117
24.0,122.0,2016-07-01,2016-08-13,43,25,26.94763,27.84748,26.265512,86.49676,3.0097883,11.420989,89.20035,82.82576,4.025448,1.9018992
22.0,120.0,2016-07-01,2016-08-13,43,25,28.030394,28.761868,27.385859,85.83811,4.308599,17.009825,88.81145,82.50091,5.3056574,3.1329694
25.0,120.0,2016-07-01,2016-08-13,43,25,27.668283,29.107178,26.642578,87.57575,3.746276,11.186765,92.26471,81.016426,4.854,2.792115
23.0,122.0,2016-07-01,2016-08-13,43,25,26.984497,27.95849,26.235893,86.460495,3.9978845,10.634858,89.39899,82.328926,5.007298,2.9408655
25.0,122.0,2016-07-01,2016-08-13,43,25,28.656506,29.123547,28.21212,85.409874,4.072805,10.557644,87.44329,83.235886,4.981,2.8996978
23.0,120.0,2016-07-01,2016-08-13,43,25,27.791296,28.800459,27.059198,87.47707,3.4292634,13.957153,90.79789,83.02807,4.623885,2.3049936
22.0,122.0,2016-07-01,2016-08-13,43,25,28.892746,29.373272,28.401918,84.78703,6.7939816,9.926998,87.32928,82.36878,8.215078,5.406497
22.0,122.0,2016-07-01,2016-08-14,44,25,28.778276,29.239878,28.279741,84.812225,6.1992016,10.530169,87.16703,82.42725,7.377313,4.975047
24.0,121.0,2016-07-01,2016-08-14,44,25,26.060785,27.347109,25.005259,87.97776,2.5612686,11.952439,91.954704,82.87866,3.5479507,1.5600553
22.0,121.0,2016-07-01,2016-08-14,44,25,27.91737,28.831154,27.161518,86.200485,4.3889356,18.701706,89.621155,81.92846,5.4867425,3.1495697
23.0,121.0,2016-07-01,2016-08-14,44,25,26.035288,27.507454,24.934057,87.81135,2.0083191,19.318928,92.01935,81.79957,2.6891565,1.368254
23.0,120.0,2016-07-01,2016-08-14,44,25,27.727728,28.678452,27.03895,87.38287,3.495015,18.7397,90.67076,82.77163,4.4253426,2.5570037
23.0,122.0,2016-07-01,2016-08-14,44,25,26.893805,27.814985,26.09209,86.34617,3.9576964,11.18416,89.3187,82.6971,4.852133,3.0501304
25.0,122.0,2016-07-01,2016-08-14,44,25,28.544712,28.933525,28.153364,85.13038,4.1392646,7.027207,87.1626,83.33939,5.486504,2.875896
22.0,120.0,2016-07-01,2016-08-14,44,25,27.994257,28.769094,27.339249,85.8591,4.131053,20.017323,88.84026,82.08999,5.3483443,2.874299
24.0,122.0,2016-07-01,2016-08-14,44,25,26.83047,27.607231,26.144804,86.4065,3.358854,9.699634,88.87235,83.41731,4.602417,2.1819003
24.0,120.0,2016-07-01,2016-08-14,44,25,27.747675,28.53936,27.072882,87.554245,4.0795927,11.35689,90.839935,83.6064,5.233542,2.8619711
25.0,120.0,2016-07-01,2016-08-14,44,25,27.56733,28.798384,26.657856,87.51127,3.7837942,9.897388,91.84808,81.60662,4.9674563,2.6473103
25.0,121.0,2016-07-01,2016-08-14,44,25,27.787529,28.562666,27.097256,86.60248,3.5796943,9.2318,89.94326,83.123825,4.7562165,2.4773242
22.0,122.0,2016-07-01,2016-08-15,45,25,28.846504,29.366367,28.400293,84.07002,5.64675,8.782601,86.94329,81.170586,7.0354786,4.3750296
24.0,121.0,2016-07-01,2016-08-15,45,25,26.019192,27.327295,25.035028,87.13857,2.2637413,8.440342,90.83464,82.0068,3.0718548,1.5324649
23.0,121.0,2016-07-01,2016-08-15,45,25,26.034828,27.414864,25.030602,87.26804,1.6453036,13.577212,91.02603,81.7531,2.3992608,0.9632486
22.0,121.0,2016-07-01,2016-08-15,45,25,27.98164,28.838629,27.250917,85.64542,3.850864,13.520761,89.34268,81.46098,5.0271745,2.830016
23.0,122.0,2016-07-01,2016-08-15,45,25,26.897205,27.784157,26.198872,85.619385,3.4275658,8.855991,88.611855,81.8746,4.431355,2.5514185
24.0,120.0,2016-07-01,2016-08-15,45,25,27.76677,28.644314,27.068232,86.58671,3.7292306,7.813969,90.072,82.17083,4.7461042,2.6438928
23.0,120.0,2016-07-01,2016-08-15,45,25,27.788383,28.741646,27.069374,86.69716,3.0175047,12.956944,90.38954,81.98323,4.0521083,2.014724
24.0,122.0,2016-07-01,2016-08-15,45,25,26.774841,27.57025,26.191612,85.861145,2.665666,7.2548895,88.13134,82.87703,3.7280102,1.6865307
22.0,120.0,2016-07-01,2016-08-15,45,25,28.011957,28.759937,27.380356,85.463524,3.6656501,15.13926,88.59719,81.791374,4.7693357,2.6296241
25.0,122.0,2016-07-01,2016-08-15,45,25,28.546045,28.938433,28.184925,84.50495,3.7266243,4.086711,86.90208,82.16528,4.660812,2.7340822
25.0,121.0,2016-07-01,2016-08-15,45,25,27.802523,28.65053,27.09377,85.70302,3.427983,5.2308125,89.32499,81.500175,4.330368,2.424943
25.0,120.0,2016-07-01,2016-08-15,45,25,27.628542,28.98815,26.615473,86.25979,3.378283,5.935611,91.226585,79.57519,4.2993937,2.3716097
24.0,121.0,2016-07-01,2016-08-16,46,25,25.985703,27.397192,24.912476,87.376816,2.1568434,7.347198,91.699066,81.70465,3.0035136,1.4153621
24.0,120.0,2016-07-01,2016-08-16,46,25,27.787642,28.751402,27.005068,86.55578,3.4365082,6.2023315,90.14382,81.983635,4.520539,2.414577
23.0,122.0,2016-07-01,2016-08-16,46,25,26.790255,27.698236,26.001305,86.05165,3.3860395,8.22244,89.03296,82.33007,4.28187,2.5145285
24.0,122.0,2016-07-01,2016-08-16,46,25,26.70685,27.506811,26.08168,86.25918,2.4624958,6.436704,88.8925,83.17378,3.3404818,1.5680227
22.0,120.0,2016-07-01,2016-08-16,46,25,27.982004,28.828135,27.268232,85.31896,3.6723938,11.80123,88.60742,81.13591,4.4738092,2.8030105
22.0,121.0,2016-07-01,2016-08-16,46,25,27.889389,28.782759,27.140387,85.89965,4.18742,12.868429,89.258095,81.67011,5.0006,3.3780832
23.0,121.0,2016-07-01,2016-08-16,46,25,25.951,27.450285,24.875864,87.255684,1.6064934,11.243987,91.5723,81.022064,2.1282341,1.146626
25.0,122.0,2016-07-01,2016-08-16,46,25,28.56302,28.953379,28.115452,85.0206,3.8822107,3.4566631,86.94535,83.06306,4.978705,2.6696231
23.0,120.0,2016-07-01,2016-08-16,46,25,27.759102,28.796875,26.987236,86.42642,2.7441165,10.102784,90.064514,81.32273,3.5374389,2.0334353
25.0,121.0,2016-07-01,2016-08-16,46,25,27.853916,28.739647,27.100552,86.0684,3.578605,4.345335,89.73758,81.92734,4.4553676,2.6103334
22.0,122.0,2016-07-01,2016-08-16,46,25,28.73084,29.17097,28.233814,84.78222,5.926564,9.834679,87.16763,82.72707,7.0607347,4.8110557
25.0,120.0,2016-07-01,2016-08-16,46,25,27.72707,29.179367,26.711279,86.459076,3.2947907,5.068454,91.390686,79.60682,4.2587223,2.3926718
22.0,120.0,2016-07-01,2016-08-17,47,25,27.974243,28.784819,27.305752,85.36001,3.929924,10.764013,88.470116,81.590576,4.854201,2.9523764
25.0,120.0,2016-07-01,2016-08-17,47,25,27.754892,29.17005,26.787071,86.82107,3.1186106,6.146391,91.31099,80.04949,4.0938525,2.1421793
23.0,121.0,2016-07-01,2016-08-17,47,25,26.024021,27.497896,24.965181,87.39325,1.7030934,9.687503,91.45788,81.23362,2.3184156,1.1439383
24.0,120.0,2016-07-01,2016-08-17,47,25,27.815413,28.704117,27.156822,86.61507,3.3489447,5.721893,89.86325,82.07505,4.3796334,2.343202
23.0,120.0,2016-07-01,2016-08-17,47,25,27.804697,28.864643,27.11776,86.35449,3.047545,7.5172467,89.73799,81.18421,3.9477346,2.1699185
24.0,121.0,2016-07-01,2016-08-17,47,25,26.040766,27.339296,25.04044,87.65061,2.018928,7.8880305,91.48679,82.253105,2.7982876,1.3266264
24.0,122.0,2016-07-01,2016-08-17,47,25,26.791489,27.537195,26.205967,86.30207,2.3614304,6.217043,89.014656,83.22952,3.2886024,1.370302
23.0,122.0,2016-07-01,2016-08-17,47,25,26.832563,27.681797,26.12623,86.248085,3.3349218,8.274235,89.380165,82.385284,4.1353254,2.5150263
22.0,122.0,2016-07-01,2016-08-17,47,25,28.703127,29.079859,28.247192,84.77371,5.8294506,9.881669,87.273636,82.3906,6.8957086,4.627141
25.0,122.0,2016-07-01,2016-08-17,47,25,28.639744,29.025885,28.261503,85.010506,3.6645825,2.2969062,87.10019,82.86607,4.747248,2.4953318
22.0,121.0,2016-07-01,2016-08-17,47,25,27.89248,28.751987,27.215532,85.82184,4.214239,11.304333,89.10049,81.88789,5.0708866,3.2131066
25.0,121.0,2016-07-01,2016-08-17,47,25,27.901207,28.789309,27.184658,86.28858,3.3141994,3.9381397,89.498024,82.135605,4.2170563,2.3604608
24.0,120.0,2016-07-01,2016-08-18,48,25,27.92525,28.90786,27.204195,86.39292,3.159521,5.476528,89.76163,81.88688,4.177034,2.0965264
25.0,120.0,2016-07-01,2016-08-18,48,25,27.825867,29.344036,26.805264,86.63418,3.152517,5.7997093,91.08486,79.913704,4.1015058,2.141708
23.0,121.0,2016-07-01,2016-08-18,48,25,26.002234,27.492373,24.85797,87.33786,1.7355866,12.536617,91.38413,81.590515,2.45328,1.0839889
22.0,120.0,2016-07-01,2016-08-18,48,25,27.898422,28.619995,27.256529,85.71211,4.0112123,13.626552,88.52554,82.45301,5.202369,2.7672584
24.0,122.0,2016-07-01,2016-08-18,48,25,26.761894,27.594013,26.049034,86.71189,2.638409,8.11889,89.53494,83.58253,3.4646826,1.6391954
23.0,120.0,2016-07-01,2016-08-18,48,25,27.866299,28.858223,27.139551,86.3036,2.837482,8.838641,89.665215,81.51549,3.783336,1.8417505
22.0,122.0,2016-07-01,2016-08-18,48,25,28.668005,29.11129,28.22272,84.83478,5.576447,12.446278,87.19368,82.55151,6.844291,4.229568
25.0,121.0,2016-07-01,2016-08-18,48,25,27.980593,28.94058,27.235947,85.90375,3.243007,4.4264216,89.35414,81.93795,4.1020937,2.2332587
23.0,122.0,2016-07-01,2016-08-18,48,25,26.779203,27.71962,26.01606,86.35748,3.3399563,11.006462,89.237366,82.8033,4.201708,2.4184213
24.0,121.0,2016-07-01,2016-08-18,48,25,26.06751,27.545683,24.964302,87.421486,2.1047964,9.159237,91.37947,82.02407,2.958007,1.3656856
22.0,121.0,2016-07-01,2016-08-18,48,25,27.888584,28.686094,27.15872,85.741776,3.9750953,13.996574,88.87991,82.050804,5.030467,3.027308
25.0,122.0,2016-07-01,2016-08-18,48,25,28.663252,29.0798,28.22291,85.24228,3.780546,3.4115546,87.44833,83.266945,4.8040466,2.6385865
24.0,122.0,2016-07-01,2016-08-19,49,25,26.697485,27.458061,26.072422,86.318825,2.6672888,9.591481,88.80654,83.1697,3.4530752,1.8203137
23.0,122.0,2016-07-01,2016-08-19,49,25,26.724066,27.505566,26.051348,85.93503,3.4516451,12.909964,88.775085,82.600586,4.597734,2.3289416
23.0,120.0,2016-07-01,2016-08-19,49,25,27.816563,28.784819,27.117579,86.35742,2.9331062,9.911917,89.6175,81.59567,3.9764411,1.8985249
24.0,120.0,2016-07-01,2016-08-19,49,25,27.913054,28.839493,27.219868,86.54879,3.2553065,8.447985,89.92979,81.967575,4.3072114,2.306776
23.0,121.0,2016-07-01,2016-08-19,49,25,25.942339,27.315943,24.89481,87.06792,1.7936866,13.053088,90.86761,81.434006,2.4572053,1.2313329
25.0,122.0,2016-07-01,2016-08-19,49,25,28.57439,28.956064,28.211851,85.63877,4.262091,5.1583424,87.59048,83.63776,5.244364,3.0350864
25.0,120.0,2016-07-01,2016-08-19,49,25,27.78572,29.213251,26.81207,86.87902,3.4349682,8.543048,91.42389,80.01703,4.427016,2.3393068
22.0,120.0,2016-07-01,2016-08-19,49,25,27.912397,28.646152,27.298145,85.49814,4.2170196,14.809223,88.304054,81.83791,5.31694,3.1679587
22.0,122.0,2016-07-01,2016-08-19,49,25,28.674807,29.080435,28.228857,84.487785,6.130587,15.293385,87.03192,81.984055,7.584006,4.4344034
22.0,121.0,2016-07-01,2016-08-19,49,25,27.890884,28.665161,27.22527,85.53557,4.5342875,15.439409,88.549446,81.786804,5.7260103,3.3950312
24.0,121.0,2016-07-01,2016-08-19,49,25,26.045391,27.378202,25.025454,87.2449,2.109471,11.575427,91.33201,81.91209,2.9733143,1.3123527
25.0,121.0,2016-07-01,2016-08-19,49,25,27.93375,28.856861,27.214638,86.514626,3.707627,7.1215363,89.902336,82.32991,4.5175304,2.7606921
23.0,121.0,2016-07-01,2016-08-20,50,25,25.828947,27.248873,24.80166,87.44971,2.1063159,19.05309,91.292755,82.11829,2.8390396,1.4007826
22.0,121.0,2016-07-01,2016-08-20,50,25,27.77404,28.53545,27.069208,86.12063,4.7562947,21.907705,89.20712,82.554596,6.03163,3.3596432
25.0,122.0,2016-07-01,2016-08-20,50,25,28.512495,28.959751,28.040146,85.54273,4.582751,5.0333085,87.6783,83.44527,5.6592712,3.4403477
22.0,120.0,2016-07-01,2016-08-20,50,25,27.853033,28.659706,27.178082,85.81605,4.8801155,18.671314,89.020164,81.99403,6.3297534,3.4513192
23.0,122.0,2016-07-01,2016-08-20,50,25,26.648315,27.465229,25.983637,86.31108,3.614283,15.500533,88.97929,83.21553,4.682794,2.6465561
24.0,122.0,2016-07-01,2016-08-20,50,25,26.613087,27.376097,25.96998,86.29707,2.977983,11.472517,88.60947,83.46043,4.008293,1.9927555
24.0,121.0,2016-07-01,2016-08-20,50,25,25.95495,27.315594,24.94167,87.441696,2.1628122,13.687486,91.32917,82.52065,3.0688324,1.3355223
22.0,122.0,2016-07-01,2016-08-20,50,25,28.595713,29.02347,28.088745,85.0679,6.0981693,18.346905,87.34769,82.82653,7.5542054,4.532542
25.0,121.0,2016-07-01,2016-08-20,50,25,27.865915,28.834976,27.078663,86.63999,3.730279,7.2140937,89.912735,82.562706,4.5882096,2.7368362
25.0,120.0,2016-07-01,2016-08-20,50,25,27.735088,29.145807,26.732964,87.19197,3.3860154,9.832503,91.55813,81.31915,4.682759,2.0131748
23.0,120.0,2016-07-01,2016-08-20,50,25,27.740175,28.75245,27.007505,86.67424,3.6901138,15.635119,90.1018,81.98103,4.7799516,2.575011
24.0,120.0,2016-07-01,2016-08-20,50,25,27.859428,28.823582,27.126549,86.68993,3.8223243,10.27501,90.07805,82.28453,4.931456,2.7279098
25.0,121.0,2016-07-01,2016-08-21,51,25,27.737104,28.583149,27.01125,86.58319,3.7667518,7.7423525,89.52915,83.164894,4.646354,2.801781
22.0,121.0,2016-07-01,2016-08-21,51,25,27.779068,28.496483,27.149067,86.09674,4.886746,14.457738,89.0909,82.5916,6.0135927,3.8905118
23.0,121.0,2016-07-01,2016-08-21,51,25,25.810043,27.188702,24.754814,87.91275,2.1221359,15.1825285,92.112816,82.341835,2.8949249,1.4713888
24.0,120.0,2016-07-01,2016-08-21,51,25,27.722061,28.519424,27.057407,87.10818,3.8678014,10.835918,90.23142,83.39726,4.962234,2.8139575
24.0,121.0,2016-07-01,2016-08-21,51,25,25.929005,27.280352,24.938393,87.77254,2.190397,11.449778,91.72104,82.54854,2.882349,1.569869
22.0,122.0,2016-07-01,2016-08-21,51,25,28.675858,29.048227,28.32164,84.56696,6.285786,9.296006,86.60763,82.56173,7.5415406,5.1822224
23.0,122.0,2016-07-01,2016-08-21,51,25,26.704168,27.57185,26.064766,86.27981,3.5306683,10.052074,89.03497,82.73692,4.4018383,2.7167318
25.0,122.0,2016-07-01,2016-08-21,51,25,28.409216,28.84026,28.007168,85.49773,4.3250484,6.6141157,87.69576,83.34493,5.288843,3.2875538
23.0,120.0,2016-07-01,2016-08-21,51,25,27.609003,28.435398,26.928638,87.231155,3.6008253,14.586527,90.433914,83.25937,4.911267,2.310874
24.0,122.0,2016-07-01,2016-08-21,51,25,26.613344,27.461441,25.960161,86.62175,2.9277003,10.290569,89.57173,83.181175,3.746216,2.0888424
22.0,120.0,2016-07-01,2016-08-21,51,25,27.814978,28.497496,27.181904,86.203125,4.883313,15.338171,89.3481,83.001915,5.808739,4.021668
25.0,120.0,2016-07-01,2016-08-21,51,25,27.6152,29.028164,26.590723,86.856155,3.425094,10.122723,91.09015,80.40835,4.3662543,2.5195975
24.0,122.0,2016-07-01,2016-08-22,52,25,26.636633,27.443134,26.051207,86.149994,2.6840365,6.7576094,88.91367,82.64275,3.4792962,1.8406465
25.0,120.0,2016-07-01,2016-08-22,52,25,27.428577,28.797352,26.449469,86.37258,3.5576904,8.790385,90.73531,79.93649,4.497564,2.6042664
24.0,120.0,2016-07-01,2016-08-22,52,25,27.63063,28.566387,26.90733,86.22105,3.7860281,6.251016,89.46386,81.816864,4.7946115,2.7184527
25.0,121.0,2016-07-01,2016-08-22,52,25,27.688335,28.586689,26.980806,85.33372,3.5954034,4.100748,88.80138,80.9075,4.652342,2.5871966
22.0,122.0,2016-07-01,2016-08-22,52,25,28.638542,29.058464,28.22356,84.81962,5.88344,8.129217,87.19451,82.449486,7.2297697,4.527981
24.0,121.0,2016-07-01,2016-08-22,52,25,25.88522,27.28727,24.831202,87.274315,2.2688284,7.2175083,91.25168,81.222,3.0845704,1.4828726
23.0,121.0,2016-07-01,2016-08-22,52,25,25.816275,27.251318,24.751831,87.69758,1.6586258,10.328472,91.6377,81.705124,2.4466581,1.0046926
22.0,121.0,2016-07-01,2016-08-22,52,25,27.744244,28.522018,27.045288,86.00641,4.383869,10.548498,89.19389,82.34331,5.6186895,3.1913931
25.0,122.0,2016-07-01,2016-08-22,52,25,28.427353,28.773726,28.064487,84.28525,4.002039,3.6518366,86.643486,82.084366,5.022568,3.0292869
22.0,120.0,2016-07-01,2016-08-22,52,25,27.769241,28.497578,27.156885,85.82832,4.048967,11.737621,88.80085,82.338036,5.072906,3.0093489
23.0,122.0,2016-07-01,2016-08-22,52,25,26.708084,27.61669,25.976606,86.425644,3.2066824,7.930243,89.47576,82.39983,4.120956,2.3507714
23.0,120.0,2016-07-01,2016-08-22,52,25,27.567156,28.536875,26.841114,86.618,3.1249616,9.375863,89.70024,82.1665,4.2313075,2.1006281
24.0,122.0,2016-07-01,2016-08-23,53,25,26.676258,27.452242,26.008423,85.95694,2.5059338,6.7219343,88.618675,82.63108,3.4287238,1.5361546
23.0,121.0,2016-07-01,2016-08-23,53,25,25.854504,27.234655,24.827265,87.66992,1.4514084,9.719979,91.586075,81.96272,2.1172988,0.8632385
23.0,120.0,2016-07-01,2016-08-23,53,25,27.58564,28.541855,26.872818,86.52106,2.8236501,7.910442,90.04205,81.87187,3.68469,1.766686
25.0,122.0,2016-07-01,2016-08-23,53,25,28.478504,28.857353,28.088823,84.25008,3.7318778,3.802927,86.35432,82.18587,4.861087,2.6716022
24.0,121.0,2016-07-01,2016-08-23,53,25,25.896645,27.247978,24.841938,87.50265,2.160782,7.7544956,91.690186,81.94918,2.960185,1.3985289
22.0,122.0,2016-07-01,2016-08-23,53,25,28.616343,29.0312,28.267363,84.86533,5.91943,7.8468165,86.99844,82.802795,6.877627,4.8966045
22.0,120.0,2016-07-01,2016-08-23,53,25,27.75264,28.446255,27.135864,85.79713,3.8274395,10.756966,88.869354,82.52115,4.81712,2.8123374
23.0,122.0,2016-07-01,2016-08-23,53,25,26.70207,27.551641,26.05313,86.49187,3.1001804,7.822556,89.17742,82.744385,3.932132,2.18964
24.0,120.0,2016-07-01,2016-08-23,53,25,27.622364,28.54603,26.905855,86.36244,3.5994112,5.942516,90.034904,81.86123,4.626967,2.421072
25.0,120.0,2016-07-01,2016-08-23,53,25,27.456963,28.904287,26.46206,86.689186,3.5399735,6.6355677,91.49519,80.3899,4.492353,2.4007921
25.0,121.0,2016-07-01,2016-08-23,53,25,27.711267,28.591978,27.010382,85.68614,3.419013,4.817333,89.15687,81.76453,4.3925653,2.479533
22.0,121.0,2016-07-01,2016-08-23,53,25,27.766294,28.507149,27.144478,85.950325,4.234211,9.756296,88.896454,82.43406,5.0834184,3.3236876
22.0,121.0,2016-07-01,2016-08-24,54,25,27.811907,28.577686,27.086967,86.045166,4.116914,11.617833,89.34482,82.69653,5.2090416,3.1593692
25.0,121.0,2016-07-01,2016-08-24,54,25,27.784256,28.656645,27.049566,85.84507,3.3591602,4.9579744,89.48002,81.64451,4.2115717,2.4706004
24.0,120.0,2016-07-01,2016-08-24,54,25,27.724478,28.628149,27.01645,86.48867,3.4701385,6.279538,89.847694,82.25,4.456387,2.4783437
23.0,121.0,2016-07-01,2016-08-24,54,25,25.840654,27.226313,24.73692,87.77188,1.4854122,11.778812,92.06341,82.14484,2.1841264,0.8902522
23.0,122.0,2016-07-01,2016-08-24,54,25,26.704092,27.516006,26.021528,86.15237,2.9525995,8.9067955,88.9747,82.575096,3.8960407,2.0661917
23.0,120.0,2016-07-01,2016-08-24,54,25,27.674341,28.66523,26.902672,86.62644,2.9626305,8.982944,90.18879,82.07335,3.94523,1.9438902
25.0,122.0,2016-07-01,2016-08-24,54,25,28.504528,28.873726,28.136059,84.27445,3.6865127,4.2412696,86.59001,82.201904,4.624433,2.7409585
22.0,120.0,2016-07-01,2016-08-24,54,25,27.821436,28.536465,27.185268,85.77012,4.0251226,13.336124,88.79286,82.57588,5.0490985,3.0432816
22.0,122.0,2016-07-01,2016-08-24,54,25,28.677656,29.081963,28.22023,84.52409,5.479239,8.7243,86.98342,82.36363,6.5741177,4.3187566
24.0,121.0,2016-07-01,2016-08-24,54,25,25.896822,27.19289,24.850576,87.622734,1.907881,9.078766,91.90989,82.27409,2.610919,1.2204078
24.0,122.0,2016-07-01,2016-08-24,54,25,26.62922,27.384304,26.003124,85.951324,2.2737014,8.347102,88.57373,82.84861,3.1998284,1.4879427
25.0,120.0,2016-07-01,2016-08-24,54,25,27.541021,28.991919,26.54018,86.65915,3.2293017,6.2268977,91.45296,79.63394,4.241124,2.1875343
24.0,121.0,2016-07-01,2016-08-25,55,25,25.879612,27.284546,24.785284,87.55723,1.7493007,9.823459,91.68956,81.81113,2.467415,1.1293083
22.0,122.0,2016-07-01,2016-08-25,55,25,28.636597,29.022459,28.212368,84.67419,5.587262,10.644688,86.912766,82.742165,6.914472,4.2085776
23.0,122.0,2016-07-01,2016-08-25,55,25,26.67225,27.5622,25.96315,86.08999,2.8192027,10.202184,88.78982,82.38078,3.706195,1.9252657
22.0,120.0,2016-07-01,2016-08-25,55,25,27.835512,28.604084,27.255953,85.75854,3.991201,10.348353,88.64129,82.13521,5.1117144,2.8398688
24.0,120.0,2016-07-01,2016-08-25,55,25,27.748302,28.679234,27.049566,86.62685,3.1308758,6.6543603,90.11838,82.22833,4.0503817,2.2345815
23.0,121.0,2016-07-01,2016-08-25,55,25,25.863432,27.355616,24.784784,87.36233,1.4804453,10.806881,91.35091,81.207985,2.126662,0.9141022
25.0,122.0,2016-07-01,2016-08-25,55,25,28.537848,28.964346,28.139498,84.75341,3.7992651,3.3731077,87.01682,82.66027,4.8891706,2.6599755
23.0,120.0,2016-07-01,2016-08-25,55,25,27.73821,28.75148,27.046543,86.43436,2.8368244,7.634121,89.91376,81.560936,3.7827206,2.0405295
22.0,121.0,2016-07-01,2016-08-25,55,25,27.825468,28.617542,27.158453,85.85466,4.207265,11.255336,88.81129,82.277596,5.307115,3.132806
25.0,121.0,2016-07-01,2016-08-25,55,25,27.804693,28.720613,27.056934,86.18049,3.189408,4.757234,89.620255,82.02296,4.277339,2.0675254
25.0,120.0,2016-07-01,2016-08-25,55,25,27.57423,28.989147,26.528257,86.79527,2.9348,6.0337834,91.4736,80.28335,3.803203,1.914025
24.0,122.0,2016-07-01,2016-08-25,55,25,26.62459,27.491156,25.933184,86.0416,2.335866,8.414311,88.864006,82.620285,3.2424111,1.6176649
23.0,122.0,2016-07-01,2016-08-26,56,25,26.638426,27.467234,25.976719,86.00143,3.0281208,10.790219,88.65457,82.759636,4.261443,1.9569528
24.0,122.0,2016-07-01,2016-08-26,56,25,26.579287,27.348413,25.93167,85.978516,2.3564882,8.527958,88.64683,83.01145,3.373993,1.5275074
25.0,121.0,2016-07-01,2016-08-26,56,25,27.802315,28.702099,27.002125,85.76183,3.6753507,5.583319,89.21058,81.77751,4.488965,2.795166
22.0,121.0,2016-07-01,2016-08-26,56,25,27.819893,28.613096,27.099638,85.48459,4.39263,12.71711,88.8947,81.740425,5.459787,3.2573195
22.0,122.0,2016-07-01,2016-08-26,56,25,28.660866,29.046284,28.286938,84.10713,5.7793837,11.418582,86.382706,81.837616,7.076434,4.427556
24.0,121.0,2016-07-01,2016-08-26,56,25,25.911291,27.277695,24.830761,87.39991,2.0870893,10.177734,91.39339,81.96389,2.8636072,1.417849
22.0,120.0,2016-07-01,2016-08-26,56,25,27.805641,28.524368,27.157696,85.632996,4.127405,11.115242,88.780365,82.16661,5.1726227,2.9683588
25.0,122.0,2016-07-01,2016-08-26,56,25,28.458607,28.850792,28.059013,84.42969,3.9936643,3.9506323,86.411476,82.50467,4.931756,2.9348807
23.0,120.0,2016-07-01,2016-08-26,56,25,27.702486,28.672827,26.955019,86.40757,2.9244907,9.334233,89.937675,81.7163,3.928481,1.8037051
25.0,120.0,2016-07-01,2016-08-26,56,25,27.607586,29.037325,26.569298,86.41835,3.413727,8.860296,90.80906,80.08209,4.262766,2.533924
23.0,121.0,2016-07-01,2016-08-26,56,25,25.799782,27.18847,24.701035,87.47528,1.6526341,12.086006,91.65506,81.86135,2.3232095,1.0795014
24.0,120.0,2016-07-01,2016-08-26,56,25,27.807661,28.745283,27.05875,86.348,3.4022002,7.435433,89.76131,81.860374,4.420632,2.3391845
24.0,122.0,2016-07-01,2016-08-27,57,25,26.5523,27.295631,25.871597,85.652336,2.5881443,12.591174,88.20465,82.45099,3.5491433,1.8186898
24.0,120.0,2016-07-01,2016-08-27,57,25,27.636267,28.569965,26.937328,86.68417,3.3533099,8.674239,89.8577,82.3925,4.4529357,2.3369436
23.0,122.0,2016-07-01,2016-08-27,57,25,26.519655,27.358889,25.736046,86.20095,2.9916859,14.697192,89.23493,82.17742,3.895912,2.2024422
23.0,120.0,2016-07-01,2016-08-27,57,25,27.583166,28.529425,26.919565,86.758514,2.819956,15.172044,90.16677,82.29727,3.7186837,1.906422
22.0,120.0,2016-07-01,2016-08-27,57,25,27.755342,28.508476,27.201895,85.6962,3.9859817,18.694988,88.4306,81.99321,4.965655,2.897971
22.0,121.0,2016-07-01,2016-08-27,57,25,27.693108,28.43217,27.062353,86.039024,4.2448983,19.50493,88.90855,82.42647,5.34862,3.234679
23.0,121.0,2016-07-01,2016-08-27,57,25,25.691381,27.052881,24.62745,87.53818,1.544486,19.490894,91.7071,81.56295,2.0844615,0.985935
25.0,121.0,2016-07-01,2016-08-27,57,25,27.657106,28.582727,26.878237,85.82297,3.653389,7.532579,89.08852,81.77067,4.692412,2.7125318
22.0,122.0,2016-07-01,2016-08-27,57,25,28.523603,28.925772,28.105131,84.7908,5.685224,14.677962,86.731514,82.79041,6.940586,4.511183
24.0,121.0,2016-07-01,2016-08-27,57,25,25.750622,27.076546,24.66083,87.44716,2.0819824,12.986071,91.62871,81.61866,2.8866394,1.3755753
25.0,122.0,2016-07-01,2016-08-27,57,25,28.446114,28.839714,28.039488,84.15247,3.9756947,7.1477537,86.37786,82.18318,5.0814013,3.0516405
25.0,120.0,2016-07-01,2016-08-27,57,25,27.41259,28.802584,26.399574,86.40875,3.4448168,7.9640965,90.94621,79.919876,4.4195247,2.521585
22.0,120.0,2016-07-01,2016-08-28,58,25,27.681335,28.477833,27.077515,86.19958,3.9757528,15.246016,89.11085,82.43985,5.086679,2.834836
23.0,122.0,2016-07-01,2016-08-28,58,25,26.594658,27.405119,25.908184,85.570305,3.2322998,11.873822,88.27887,82.075676,4.0482254,2.3857746
25.0,121.0,2016-07-01,2016-08-28,58,25,27.65756,28.61188,26.85375,86.0643,3.314909,8.247721,89.928986,81.5996,4.1454988,2.3764217
22.0,121.0,2016-07-01,2016-08-28,58,25,27.634686,28.43852,26.984795,86.398254,4.2997336,15.355874,89.33583,82.487946,5.3291273,3.2924857
24.0,121.0,2016-07-01,2016-08-28,58,25,25.800669,27.182812,24.67855,87.13301,1.9337256,10.416608,91.6083,81.33707,2.7822006,1.2130394
23.0,121.0,2016-07-01,2016-08-28,58,25,25.708471,27.127235,24.662407,87.490135,1.5260359,14.368324,91.61322,81.405914,2.0783656,1.0146366
22.0,122.0,2016-07-01,2016-08-28,58,25,28.523466,28.961567,28.1111,84.57809,5.828038,12.846112,86.5759,82.40292,7.0603814,4.6249757
25.0,122.0,2016-07-01,2016-08-28,58,25,28.443996,28.849804,28.005909,84.57022,4.098814,9.423866,86.998665,82.39091,4.98945,3.2687864
24.0,122.0,2016-07-01,2016-08-28,58,25,26.599863,27.369177,25.892006,85.53469,2.79112,11.584817,88.48538,82.27373,3.6149716,2.0028274
23.0,120.0,2016-07-01,2016-08-28,58,25,27.565472,28.50577,26.887573,86.66906,2.3606455,11.611368,90.05515,81.95586,3.4445932,1.3894894
24.0,120.0,2016-07-01,2016-08-28,58,25,27.651466,28.553265,26.934921,86.318474,2.8818707,7.660257,90.036476,81.92386,3.8900123,1.7551843
25.0,120.0,2016-07-01,2016-08-28,58,25,27.425875,28.9239,26.362211,86.40166,2.918188,6.445047,91.270134,79.45321,3.790221,2.023161
22.0,121.0,2016-07-01,2016-08-29,59,25,27.620674,28.38711,26.962559,86.42993,4.756622,11.352665,89.54657,82.422165,5.65721,3.8007488
25.0,121.0,2016-07-01,2016-08-29,59,25,27.581636,28.499567,26.840141,85.963875,3.720925,9.704728,89.69794,81.60185,4.772052,2.4816027
22.0,122.0,2016-07-01,2016-08-29,59,25,28.47948,28.907705,28.021967,85.07646,6.434695,9.757818,87.486786,82.63328,7.433328,5.2804976
25.0,120.0,2016-07-01,2016-08-29,59,25,27.438837,28.974382,26.366327,85.98285,3.1110623,8.014361,90.98186,78.81149,4.2911954,1.8921883
25.0,122.0,2016-07-01,2016-08-29,59,25,28.321455,28.722706,27.938457,84.82426,4.1190023,7.994524,87.23319,82.59761,5.2364326,2.833554
24.0,120.0,2016-07-01,2016-08-29,59,25,27.623404,28.622934,26.850727,86.345535,3.3251758,9.625689,90.173416,81.24292,4.511882,2.182915
23.0,120.0,2016-07-01,2016-08-29,59,25,27.558762,28.584517,26.828135,86.62469,2.7892368,10.319044,90.418274,80.98456,3.7544076,1.7208769
22.0,120.0,2016-07-01,2016-08-29,59,25,27.646982,28.354307,27.09125,86.22349,4.2714458,12.789738,88.907814,82.5856,5.3696346,3.2688558
24.0,121.0,2016-07-01,2016-08-29,59,25,25.707739,27.079292,24.667818,87.34647,2.0431204,11.570874,91.41355,81.66039,2.9026039,1.2990689
23.0,122.0,2016-07-01,2016-08-29,59,25,26.493078,27.327377,25.807558,86.20735,3.407818,10.682504,89.14932,82.23695,4.2783923,2.5072997
23.0,121.0,2016-07-01,2016-08-29,59,25,25.636585,27.035717,24.627783,87.646454,1.7324902,12.268807,91.61828,81.47047,2.3610196,1.232662
24.0,122.0,2016-07-01,2016-08-29,59,25,26.46006,27.267494,25.816797,86.125626,2.6443582,9.8353405,88.8703,82.79338,3.7515295,1.4744346
23.0,122.0,2016-07-01,2016-08-30,60,25,26.56012,27.425713,25.850767,85.94832,3.433003,10.114582,88.55807,82.43554,4.428363,2.3637953
22.0,122.0,2016-07-01,2016-08-30,60,25,28.438189,28.798046,28.050766,85.09453,6.3979955,10.413355,87.095924,83.11608,7.7165694,5.0713964
23.0,121.0,2016-07-01,2016-08-30,60,25,25.669018,27.144249,24.61807,87.40701,1.6228527,13.05281,91.31299,81.24931,2.2084174,1.0479891
24.0,121.0,2016-07-01,2016-08-30,60,25,25.757263,27.203588,24.710133,87.16403,1.9242735,10.0981,91.04638,81.29467,2.6753857,1.2738006
22.0,121.0,2016-07-01,2016-08-30,60,25,27.544601,28.292143,26.885303,86.46954,4.5843515,13.359215,89.432304,82.63738,5.5394883,3.6343799
22.0,120.0,2016-07-01,2016-08-30,60,25,27.619873,28.392847,27.004868,85.915535,4.1207995,12.938683,88.94437,81.90701,4.9497485,3.2500064
24.0,122.0,2016-07-01,2016-08-30,60,25,26.556707,27.390722,25.897545,85.568214,2.3634455,8.959785,88.23256,82.27587,3.2034411,1.5552913
25.0,120.0,2016-07-01,2016-08-30,60,25,27.459318,28.985048,26.360723,86.06558,2.7914722,7.884345,90.90971,79.01725,3.7102022,1.824982
23.0,120.0,2016-07-01,2016-08-30,60,25,27.5522,28.569569,26.83039,86.27256,2.831869,10.443861,89.77371,81.03102,3.7127388,2.0250864
25.0,122.0,2016-07-01,2016-08-30,60,25,28.420662,28.831413,28.009829,84.44415,3.8532336,5.211919,86.68063,82.35572,4.954273,2.6319427
24.0,120.0,2016-07-01,2016-08-30,60,25,27.634243,28.623623,26.92144,86.050186,3.1803076,7.482733,89.53108,81.13743,4.0661182,2.234418
25.0,121.0,2016-07-01,2016-08-30,60,25,27.634062,28.574976,26.901201,85.95088,3.374039,6.333747,89.31614,81.64612,4.239822,2.4071739
25.0,122.0,2016-07-01,2016-08-31,61,25,28.404285,28.818378,27.997988,84.52605,3.9625857,9.15668,86.8153,82.261925,5.139457,2.5949087
22.0,122.0,2016-07-01,2016-08-31,61,25,28.432184,28.85214,28.041958,85.00501,6.3512096,12.584409,86.85953,82.85122,7.473603,5.0963717
22.0,121.0,2016-07-01,2016-08-31,61,25,27.524473,28.17972,26.900864,86.403,4.3714695,13.897588,89.08786,83.272156,5.416399,3.2696545
23.0,121.0,2016-07-01,2016-08-31,61,25,25.575115,26.81833,24.581343,87.57705,1.6620387,16.103405,91.39072,82.26088,2.3218606,1.0370579
24.0,121.0,2016-07-01,2016-08-31,61,25,25.655205,26.936113,24.63853,87.236946,2.0047932,13.424865,91.07735,81.93538,2.8248746,1.2968057
25.0,120.0,2016-07-01,2016-08-31,61,25,27.280651,28.594902,26.281353,86.46404,2.7542667,10.42865,90.94833,80.25785,3.8390627,1.5530694
23.0,122.0,2016-07-01,2016-08-31,61,25,26.480225,27.18186,25.801708,86.08708,3.6022422,14.808835,88.77102,83.00719,4.479182,2.5769274
23.0,120.0,2016-07-01,2016-08-31,61,25,27.47462,28.373463,26.77644,86.48869,2.771043,11.77753,89.922516,81.84057,3.90052,1.6644235
24.0,122.0,2016-07-01,2016-08-31,61,25,26.476118,27.23269,25.814692,85.798836,2.7426074,12.969247,88.558044,82.50098,3.7818377,1.7861474
24.0,120.0,2016-07-01,2016-08-31,61,25,27.54849,28.478838,26.815767,86.18001,3.0566654,9.104193,89.64892,81.621284,4.3239956,1.9244256
25.0,121.0,2016-07-01,2016-08-31,61,25,27.596046,28.500683,26.879087,85.883896,3.2414823,9.580263,89.1228,81.572426,4.343598,2.0219874
22.0,120.0,2016-07-01,2016-08-31,61,25,27.562874,28.192924,26.992516,86.21847,3.9926162,14.506723,89.075134,82.80719,5.005303,2.998295
23.0,121.0,2016-07-01,2016-09-01,62,25,25.703087,27.12086,24.67627,87.41419,1.6011592,14.107972,91.71658,81.13446,2.30522,0.98512757
24.0,122.0,2016-07-01,2016-09-01,62,25,26.461597,27.188292,25.799034,86.29662,2.5647802,9.898689,88.66005,83.34177,3.545216,1.5042378
23.0,120.0,2016-07-01,2016-09-01,62,25,27.600914,28.7016,26.883238,86.01071,2.7258117,12.172253,89.67004,80.41106,3.701282,1.8615283
24.0,121.0,2016-07-01,2016-09-01,62,25,25.724092,26.99305,24.764454,87.60405,1.8890173,12.145702,91.573044,82.3825,2.7091098,1.0349741
22.0,122.0,2016-07-01,2016-09-01,62,25,28.362913,28.758587,27.93625,85.442406,5.4895277,10.58106,87.60506,83.35957,6.704024,4.1183343
25.0,122.0,2016-07-01,2016-09-01,62,25,28.364912,28.747656,27.95186,84.77156,4.1153116,5.9066887,86.87496,82.915085,5.265141,2.7997618
24.0,120.0,2016-07-01,2016-09-01,62,25,27.615583,28.566519,26.961329,86.22087,3.0377865,10.196239,89.79067,81.69875,4.052244,1.9821793
25.0,121.0,2016-07-01,2016-09-01,62,25,27.63956,28.498707,26.974005,85.98968,3.589565,8.115247,89.402374,81.959854,4.570931,2.525193
22.0,120.0,2016-07-01,2016-09-01,62,25,27.661533,28.465506,27.009872,85.89007,3.7000053,12.554931,89.25705,81.83971,4.958863,2.589605
23.0,122.0,2016-07-01,2016-09-01,62,25,26.456902,27.255455,25.766464,86.73929,3.2489083,11.210642,89.61796,83.12423,4.287456,2.138665
25.0,120.0,2016-07-01,2016-09-01,62,25,27.331293,28.64813,26.431055,86.57333,3.1361706,11.594862,90.99066,80.39742,4.2975655,2.0255952
22.0,121.0,2016-07-01,2016-09-01,62,25,27.607115,28.46979,26.900616,86.04914,3.9197962,13.487245,89.61801,81.63196,5.0177565,2.9220874
22.0,121.0,2016-07-01,2016-09-02,63,25,27.641197,28.436565,26.96099,86.41519,4.1354547,10.442954,89.6889,82.51667,5.196407,3.2049875
23.0,121.0,2016-07-01,2016-09-02,63,25,25.708086,27.141176,24.666792,87.386185,1.6549786,10.2751045,91.545876,81.122025,2.213915,1.1177925
23.0,122.0,2016-07-01,2016-09-02,63,25,26.491304,27.271126,25.831934,86.53072,3.1418808,9.384904,89.30466,83.23227,3.9774148,2.2340028
25.0,120.0,2016-07-01,2016-09-02,63,25,27.454374,28.87875,26.466518,86.254684,3.3596225,6.753677,90.658554,79.94083,4.4496317,2.262796
25.0,122.0,2016-07-01,2016-09-02,63,25,28.412111,28.830956,27.954302,84.75715,4.195168,4.876844,87.17126,82.54064,5.2339244,3.1944513
24.0,122.0,2016-07-01,2016-09-02,63,25,26.504732,27.284834,25.817324,85.92844,2.541555,8.008859,88.70138,82.556,3.306329,1.712513
25.0,121.0,2016-07-01,2016-09-02,63,25,27.649302,28.607397,26.869585,86.23839,3.7848423,6.256236,89.82819,82.0699,4.786932,2.624528
22.0,120.0,2016-07-01,2016-09-02,63,25,27.703457,28.4335,27.09438,85.88591,3.7191622,11.525103,88.97962,82.12922,4.7053084,2.7713766
24.0,120.0,2016-07-01,2016-09-02,63,25,27.667395,28.6725,26.920338,86.37946,3.4453428,6.5748386,89.77916,81.76227,4.6153016,2.166463
22.0,122.0,2016-07-01,2016-09-02,63,25,28.426619,28.831987,27.953432,85.629295,5.7778654,9.541464,88.34085,83.33007,7.0889845,4.4646482
24.0,121.0,2016-07-01,2016-09-02,63,25,25.729605,27.120535,24.709238,87.5178,2.158554,9.401994,91.58007,81.83853,2.9798582,1.3430094
23.0,120.0,2016-07-01,2016-09-02,63,25,27.652256,28.693926,26.912857,86.252266,2.9162798,7.4442844,89.87095,81.06792,3.8023925,1.976519
24.0,121.0,2016-07-01,2016-09-03,64,25,25.817238,27.242369,24.797182,86.648865,2.3256397,10.64515,90.62532,81.29245,3.3048387,1.3120934
23.0,121.0,2016-07-01,2016-09-03,64,25,25.712925,27.147339,24.708838,87.19916,1.8741584,16.96138,90.76553,81.63094,2.6189497,1.3118587
22.0,122.0,2016-07-01,2016-09-03,64,25,28.445118,28.908852,27.942245,85.12213,6.1505003,10.315252,87.75847,82.63184,7.3530703,5.0117407
25.0,120.0,2016-07-01,2016-09-03,64,25,27.508583,28.958324,26.523632,84.956085,3.6971707,5.52735,89.36005,78.59578,4.7990685,2.515162
22.0,121.0,2016-07-01,2016-09-03,64,25,27.671448,28.499418,26.96392,85.82066,4.2599382,15.393998,89.13233,81.94964,5.306697,3.174254
24.0,122.0,2016-07-01,2016-09-03,64,25,26.491789,27.328135,25.820494,85.3661,3.0636542,9.944775,88.06888,82.15331,4.1347747,2.0317516
22.0,120.0,2016-07-01,2016-09-03,64,25,27.664682,28.43233,27.040024,85.85458,4.0390434,19.173298,88.74822,82.406975,5.1668053,2.9079883
23.0,122.0,2016-07-01,2016-09-03,64,25,26.484447,27.328041,25.819561,86.437965,3.6069775,11.911322,89.0731,83.25067,4.5092306,2.694566
23.0,120.0,2016-07-01,2016-09-03,64,25,27.624561,28.636362,26.93625,85.91517,3.037049,13.245867,89.09213,81.038605,4.197762,1.9751234
25.0,122.0,2016-07-01,2016-09-03,64,25,28.361486,28.786087,27.929071,83.48567,4.786172,4.676525,85.933075,81.13114,5.767125,3.7001858
24.0,120.0,2016-07-01,2016-09-03,64,25,27.722702,28.727505,26.966303,85.39506,3.5906482,6.9384837,89.09058,80.70147,4.876075,2.1286507
25.0,121.0,2016-07-01,2016-09-03,64,25,27.69895,28.646196,26.953466,84.65855,4.0759044,5.361643,88.0942,80.62503,5.181222,2.896758
22.0,122.0,2016-07-01,2016-09-04,65,25,28.316399,28.738325,27.838066,85.4892,5.9661446,16.073421,87.866425,83.19308,7.349118,4.592133
24.0,120.0,2016-07-01,2016-09-04,65,25,27.666924,28.603521,26.933086,85.25393,4.3734074,6.7100244,89.01112,80.7479,5.8153424,2.9871457
25.0,121.0,2016-07-01,2016-09-04,65,25,27.632845,28.512138,26.898378,84.48029,4.8423843,7.460148,88.42815,80.2684,5.959664,3.5753312
25.0,122.0,2016-07-01,2016-09-04,65,25,28.309639,28.652437,27.922075,83.35892,5.833324,10.632446,85.9112,80.86249,7.070908,4.437155
23.0,120.0,2016-07-01,2016-09-04,65,25,27.592684,28.539936,26.874136,85.54169,3.46864,8.3842125,89.10673,80.74508,4.569159,2.4276366
23.0,122.0,2016-07-01,2016-09-04,65,25,26.390593,27.194817,25.716606,86.11991,3.7264771,13.757141,89.05083,82.542274,4.7580724,2.6235616
22.0,121.0,2016-07-01,2016-09-04,65,25,27.579252,28.363907,26.872944,86.09019,4.284191,13.589289,89.430115,82.21968,5.321923,3.266361
24.0,122.0,2016-07-01,2016-09-04,65,25,26.425627,27.140509,25.836798,85.26718,3.8929365,12.785157,87.85989,81.93643,4.799127,2.802266
22.0,120.0,2016-07-01,2016-09-04,65,25,27.661787,28.404385,26.973076,85.57413,4.1578093,13.556632,88.94305,81.93664,5.457887,2.9497168
25.0,120.0,2016-07-01,2016-09-04,65,25,27.480497,28.883482,26.482506,84.01909,4.299874,5.7395654,88.78653,77.205696,5.5217,2.9283948
24.0,121.0,2016-07-01,2016-09-04,65,25,25.736473,27.074024,24.744257,86.46513,2.9710822,9.590569,90.46697,80.69252,4.067954,1.8651961
23.0,121.0,2016-07-01,2016-09-04,65,25,25.655415,27.00441,24.666441,86.796585,2.1051114,11.277583,90.754105,80.82824,2.7752378,1.4389045
24.0,122.0,2016-07-01,2016-09-05,66,25,26.512745,27.337446,25.833633,85.3196,3.9229314,11.44335,88.01844,81.99289,4.9640026,2.629089
23.0,120.0,2016-07-01,2016-09-05,66,25,27.66232,28.62779,26.97936,85.351,3.5975385,11.555659,89.006615,80.43356,4.677223,2.3724954
22.0,120.0,2016-07-01,2016-09-05,66,25,27.755005,28.551952,27.104849,85.34648,4.1295514,15.606257,88.50083,81.19006,5.1145954,3.0562415
24.0,121.0,2016-07-01,2016-09-05,66,25,25.800806,27.138023,24.780458,86.420456,2.9839563,10.445436,90.59704,81.1179,4.1155195,1.6604362
25.0,120.0,2016-07-01,2016-09-05,66,25,27.408083,28.743818,26.384844,84.4942,4.756192,5.4576325,89.47192,78.36165,6.151167,3.2143738
23.0,122.0,2016-07-01,2016-09-05,66,25,26.542202,27.339449,25.904854,85.418465,3.9880686,12.96496,88.336784,82.1641,5.3229523,2.6458976
22.0,122.0,2016-07-01,2016-09-05,66,25,28.490019,28.845901,28.133316,84.35314,6.2608166,13.092219,86.45113,82.06993,7.9722886,4.49734
23.0,121.0,2016-07-01,2016-09-05,66,25,25.758877,27.179693,24.7263,86.73182,2.238391,14.903129,91.01379,80.74984,2.9888122,1.5850127
25.0,122.0,2016-07-01,2016-09-05,66,25,28.290152,28.672901,27.8773,83.8466,5.761853,6.295336,86.240654,81.60607,6.904248,4.3199387
22.0,121.0,2016-07-01,2016-09-05,66,25,27.704496,28.462818,27.047588,85.570045,4.466156,15.045952,88.62564,81.697296,5.706881,3.3483362
24.0,120.0,2016-07-01,2016-09-05,66,25,27.697521,28.605894,26.98102,85.08675,4.7113247,7.10772,88.89051,80.96771,6.1592054,2.9178932
25.0,121.0,2016-07-01,2016-09-05,66,25,27.5906,28.426777,26.864433,84.86376,5.1339226,5.28917,88.50963,81.06692,6.2879505,3.7230456
22.0,120.0,2016-07-01,2016-09-06,67,25,27.837986,28.786827,27.052788,84.72917,4.453589,15.785051,88.33276,80.281075,5.9055786,3.1030777
22.0,121.0,2016-07-01,2016-09-06,67,25,27.729752,28.66646,26.999727,84.9563,4.7888503,16.29591,88.55075,80.47637,6.022876,3.7056763
25.0,121.0,2016-07-01,2016-09-06,67,25,27.606586,28.570698,26.829668,85.69468,4.827124,7.2669873,89.08787,81.55122,5.826251,3.6851063
24.0,120.0,2016-07-01,2016-09-06,67,25,27.708471,28.663574,26.970137,85.25604,4.831662,6.861404,89.02899,80.540825,6.386566,3.0605023
23.0,122.0,2016-07-01,2016-09-06,67,25,26.564375,27.594032,25.811504,85.208984,4.1808085,14.004042,88.984344,80.412415,5.1474566,3.0561957
24.0,122.0,2016-07-01,2016-09-06,67,25,26.509888,27.458965,25.791279,85.380554,3.598992,13.033887,88.89876,81.17062,4.5591283,2.4888725
24.0,121.0,2016-07-01,2016-09-06,67,25,25.782845,27.330727,24.67832,86.33796,2.812606,11.9648485,90.81365,79.626785,3.834684,1.6488032
22.0,122.0,2016-07-01,2016-09-06,67,25,28.533413,28.967413,28.120377,83.97833,6.825459,14.578687,86.43484,81.61594,8.168772,5.577754
23.0,121.0,2016-07-01,2016-09-06,67,25,25.76282,27.431128,24.574522,86.304375,2.1116555,15.702043,91.23274,78.85888,2.7017226,1.5502278
25.0,120.0,2016-07-01,2016-09-06,67,25,27.381908,28.758495,26.398525,85.315506,4.7516108,7.097613,89.89478,79.15122,5.8207536,3.4174836
23.0,120.0,2016-07-01,2016-09-06,67,25,27.69519,28.764654,26.882133,85.18192,3.8829925,10.587597,89.27625,79.78108,5.0320325,2.5468938
25.0,122.0,2016-07-01,2016-09-06,67,25,28.321272,28.744463,27.855898,84.81439,5.574793,8.334492,87.30235,82.32384,6.7340517,4.3789062
23.0,121.0,2016-07-01,2016-09-07,68,25,25.682339,27.129898,24.609951,87.17881,1.9507977,14.06796,91.24425,80.97482,2.6792312,1.289239
24.0,122.0,2016-07-01,2016-09-07,68,25,26.46066,27.236948,25.811007,86.02082,3.5005987,10.624363,88.68073,82.70831,4.442451,2.6459446
22.0,120.0,2016-07-01,2016-09-07,68,25,27.73277,28.593777,27.055952,85.106384,4.0416617,13.546714,88.18793,80.90459,5.179339,3.1015234
25.0,122.0,2016-07-01,2016-09-07,68,25,28.260036,28.6559,27.84062,84.56692,5.4528584,6.3222947,86.93391,82.21067,6.52859,4.39693
25.0,120.0,2016-07-01,2016-09-07,68,25,27.375486,28.738256,26.378168,85.159515,4.510023,10.7635145,89.74735,78.94817,5.607001,3.3253653
24.0,121.0,2016-07-01,2016-09-07,68,25,25.745468,27.112286,24.717436,86.7462,2.7727075,12.76395,90.56,81.318596,3.6339004,1.8697168
22.0,122.0,2016-07-01,2016-09-07,68,25,28.52387,28.92246,28.09997,84.45609,7.139215,10.602381,86.65172,82.428055,8.166969,6.031354
23.0,122.0,2016-07-01,2016-09-07,68,25,26.535103,27.335085,25.841324,86.11569,4.35801,11.674769,88.72647,82.739235,5.285577,3.3192222
22.0,121.0,2016-07-01,2016-09-07,68,25,27.668808,28.52744,26.934595,85.41853,4.6125383,13.002593,88.78305,81.19632,5.554977,3.6497724
24.0,120.0,2016-07-01,2016-09-07,68,25,27.643183,28.559683,26.981094,85.02071,4.4242797,9.854701,88.565926,80.63436,5.634109,3.144562
23.0,120.0,2016-07-01,2016-09-07,68,25,27.586758,28.580105,26.89046,85.39579,3.3234189,11.149256,89.00101,80.35255,4.3667307,2.3937705
25.0,121.0,2016-07-01,2016-09-07,68,25,27.557209,28.45126,26.860611,85.2425,4.8842373,8.448757,88.59934,81.327705,5.7498994,3.9370575
23.0,120.0,2016-07-01,2016-09-08,69,25,27.591274,28.588774,26.87768,85.35676,3.6596003,10.935005,88.8645,80.51171,4.881113,2.4534528
22.0,120.0,2016-07-01,2016-09-08,69,25,27.7534,28.537056,27.143867,84.65474,4.2484765,11.068064,87.505035,80.96865,5.2932343,3.1993783
25.0,120.0,2016-07-01,2016-09-08,69,25,27.332539,28.76513,26.327187,85.01425,4.032956,8.977306,89.761024,78.48038,5.1472945,2.7042284
24.0,121.0,2016-07-01,2016-09-08,69,25,25.77791,27.22942,24.71747,86.349464,2.6614535,9.2775955,90.74786,80.14409,3.502325,1.7935692
23.0,121.0,2016-07-01,2016-09-08,69,25,25.711008,27.221172,24.666538,86.771286,2.2603588,11.7977295,90.84251,80.12322,2.920309,1.6375668
23.0,122.0,2016-07-01,2016-09-08,69,25,26.500664,27.395527,25.803701,85.76925,4.292492,10.212956,88.71648,81.79278,5.1065397,3.4304628
22.0,121.0,2016-07-01,2016-09-08,69,25,27.700024,28.511957,27.092592,84.93559,4.5090055,12.005862,87.75273,81.033516,5.636591,3.6202157
24.0,122.0,2016-07-01,2016-09-08,69,25,26.44467,27.270628,25.814512,86.06578,4.0555124,9.97889,88.60536,82.438576,4.9346786,3.1250672
25.0,122.0,2016-07-01,2016-09-08,69,25,28.24546,28.61275,27.88962,85.005974,5.5444098,7.798104,86.7901,83.091,6.7252836,4.3743706
22.0,122.0,2016-07-01,2016-09-08,69,25,28.491714,28.866375,28.105381,84.03417,6.475607,10.416819,86.29011,81.81704,7.6505604,5.32925
24.0,120.0,2016-07-01,2016-09-08,69,25,27.651505,28.577307,26.91497,84.969376,4.228001,8.414565,88.61472,80.5665,5.378594,2.949171
25.0,121.0,2016-07-01,2016-09-08,69,25,27.590698,28.504845,26.875172,85.22662,4.5107207,7.098645,88.45132,81.113556,5.549892,3.4344282
23.0,121.0,2016-07-01,2016-09-09,70,25,25.77866,27.263666,24.690947,86.62046,2.253074,14.148406,91.13519,80.09059,2.9331095,1.6229233
24.0,121.0,2016-07-01,2016-09-09,70,25,25.7372,27.117748,24.706415,86.605705,2.5422893,12.5920105,90.746346,80.640465,3.4376981,1.5892743
25.0,120.0,2016-07-01,2016-09-09,70,25,27.284077,28.694403,26.2634,84.80817,3.6937056,9.854889,89.15821,78.100555,4.7109175,2.5675652
25.0,121.0,2016-07-01,2016-09-09,70,25,27.460224,28.375185,26.751396,85.0368,4.2628016,11.12045,88.39202,80.826836,5.4076104,3.0068865
22.0,121.0,2016-07-01,2016-09-09,70,25,27.765663,28.673756,27.039566,84.92248,4.7160125,12.402798,88.584785,80.25485,5.777884,3.7340004
24.0,120.0,2016-07-01,2016-09-09,70,25,27.62696,28.560366,26.956703,85.02695,3.8929095,8.592374,88.39327,80.35042,5.137124,2.605955
23.0,120.0,2016-07-01,2016-09-09,70,25,27.674816,28.687353,26.953852,85.02064,3.6938775,10.136874,88.75484,79.72162,4.865277,2.5637717
25.0,122.0,2016-07-01,2016-09-09,70,25,28.177868,28.637745,27.699741,84.04584,5.7310915,10.323031,86.43629,81.61509,6.979178,4.3024154
24.0,122.0,2016-07-01,2016-09-09,70,25,26.4673,27.315601,25.745,85.486855,4.065978,11.776886,88.32824,82.16541,4.9777083,3.1469843
22.0,122.0,2016-07-01,2016-09-09,70,25,28.53885,28.97599,28.079086,83.79596,6.2719316,9.59427,86.13048,81.465324,7.505295,4.9883995
22.0,120.0,2016-07-01,2016-09-09,70,25,27.823458,28.621557,27.157555,84.68785,4.638172,12.333518,87.98944,80.74054,5.8870544,3.4122498
23.0,122.0,2016-07-01,2016-09-09,70,25,26.549936,27.39828,25.850323,85.397835,4.0319414,11.353306,88.285324,81.731125,5.0148244,2.8159716
25.0,121.0,2016-07-01,2016-09-10,71,25,27.436989,28.287395,26.764194,84.19431,4.698112,12.914133,87.41424,80.35177,5.6855454,3.581346
23.0,120.0,2016-07-01,2016-09-10,71,25,27.55019,28.562838,26.825333,84.99012,3.3137608,9.116217,88.67333,79.473694,4.282835,2.3334603
24.0,120.0,2016-07-01,2016-09-10,71,25,27.52483,28.415047,26.83084,84.7397,3.9870095,9.6957445,88.15284,80.215706,5.2052674,2.7543628
22.0,121.0,2016-07-01,2016-09-10,71,25,27.683744,28.545042,26.951344,85.20064,4.9931912,11.890877,88.92783,80.49816,5.881998,4.149043
23.0,122.0,2016-07-01,2016-09-10,71,25,26.44935,27.244236,25.767174,85.62327,4.0330606,10.151675,88.4584,81.95894,4.944381,3.0849597
25.0,122.0,2016-07-01,2016-09-10,71,25,28.212952,28.646177,27.780933,82.80783,5.493468,12.060246,85.15411,80.628426,6.6528473,4.2502913
22.0,120.0,2016-07-01,2016-09-10,71,25,27.752598,28.585161,27.087505,84.744354,4.4706535,10.868843,87.94975,80.352234,5.3710494,3.5965543
24.0,121.0,2016-07-01,2016-09-10,71,25,25.582033,26.864351,24.663921,86.49293,2.8082235,13.300472,90.17483,81.09971,3.6993518,1.8811445
22.0,122.0,2016-07-01,2016-09-10,71,25,28.534645,28.925545,28.074146,84.13948,6.7944145,9.302676,86.70309,81.73313,7.978919,5.594925
25.0,120.0,2016-07-01,2016-09-10,71,25,27.160402,28.466333,26.228926,84.48232,4.2756886,11.314701,88.77995,78.45995,5.333982,3.1110868
24.0,122.0,2016-07-01,2016-09-10,71,25,26.370842,27.11465,25.757563,84.95233,3.6729636,12.419129,87.72964,81.67971,4.5324965,2.7430053
23.0,121.0,2016-07-01,2016-09-10,71,25,25.600723,27.01796,24.62712,86.77807,2.1652853,12.7307205,90.58938,80.22541,2.6234677,1.7076602
23.0,122.0,2016-07-01,2016-09-11,72,25,26.39523,27.220423,25.648487,86.26401,4.520971,13.962286,89.36991,82.56424,5.536521,3.4600222
24.0,122.0,2016-07-01,2016-09-11,72,25,26.394102,27.193853,25.67082,85.67679,4.1604834,11.3914795,88.92557,81.85031,5.201492,3.139022
25.0,120.0,2016-07-01,2016-09-11,72,25,27.274181,28.540003,26.404913,84.3135,5.0935655,10.381348,89.01846,78.13099,6.16587,3.6264257
22.0,121.0,2016-07-01,2016-09-11,72,25,27.698797,28.578203,26.973257,85.38742,5.1028824,12.058584,88.91342,81.02228,5.994541,4.3383603
22.0,120.0,2016-07-01,2016-09-11,72,25,27.767534,28.621437,27.08395,84.88616,4.3501863,10.84948,88.074745,80.6926,5.4418073,3.2479563
24.0,120.0,2016-07-01,2016-09-11,72,25,27.635975,28.522987,26.956821,85.131,4.9901185,7.358275,88.68956,80.92636,6.2000737,3.3809235
23.0,120.0,2016-07-01,2016-09-11,72,25,27.599188,28.593124,26.889833,85.462654,3.609799,9.095643,89.00406,80.48018,4.539171,2.6846778
25.0,121.0,2016-07-01,2016-09-11,72,25,27.52581,28.341011,26.840347,84.702576,5.2384224,9.216182,88.64043,80.48019,6.4039073,3.7621279
25.0,122.0,2016-07-01,2016-09-11,72,25,28.203657,28.594063,27.782835,84.03855,5.952681,8.727905,86.64637,81.48691,7.2403398,4.645055
24.0,121.0,2016-07-01,2016-09-11,72,25,25.704084,27.021763,24.744907,86.41787,3.5752454,11.885872,90.845215,80.57779,4.4810457,2.4600515
23.0,121.0,2016-07-01,2016-09-11,72,25,25.660505,27.119034,24.599228,86.776184,2.2499077,13.648243,91.22649,80.13772,2.8695927,1.6837562
22.0,122.0,2016-07-01,2016-09-11,72,25,28.435314,28.824713,27.990551,84.94368,7.380336,12.373532,87.41069,82.80761,8.588704,6.1877456
25.0,122.0,2016-07-01,2016-09-12,73,25,28.065708,28.46972,27.657211,84.000595,6.1065025,10.98918,86.69305,81.53232,7.277758,4.6448326
25.0,121.0,2016-07-01,2016-09-12,73,25,27.400581,28.299677,26.670494,84.453995,5.589421,8.730884,87.84857,80.544334,6.7462416,4.226515
22.0,120.0,2016-07-01,2016-09-12,73,25,27.731853,28.647856,27.03827,84.648575,4.0694404,7.974363,87.90088,80.06013,5.34059,2.9552
23.0,120.0,2016-07-01,2016-09-12,73,25,27.596085,28.638891,26.867691,85.445145,4.064759,6.2848964,88.989395,80.01761,5.0809956,2.997455
23.0,121.0,2016-07-01,2016-09-12,73,25,25.71213,27.377958,24.575224,86.64511,2.211853,10.203067,91.18308,79.10417,2.8635464,1.5468514
24.0,121.0,2016-07-01,2016-09-12,73,25,25.704365,27.218496,24.580006,86.26032,3.7494988,10.297959,90.48545,80.20519,4.7844677,2.6186721
24.0,122.0,2016-07-01,2016-09-12,73,25,26.381748,27.357468,25.61483,85.70769,4.301335,12.565418,88.97683,81.65805,5.258671,3.1754901
23.0,122.0,2016-07-01,2016-09-12,73,25,26.4349,27.422613,25.670479,86.02961,4.5597997,12.353014,89.006935,81.81922,5.565077,3.4512994
22.0,122.0,2016-07-01,2016-09-12,73,25,28.344387,28.784046,27.868614,84.99741,6.7359548,11.140254,87.32757,82.57317,8.113721,5.2781706
24.0,120.0,2016-07-01,2016-09-12,73,25,27.581871,28.471756,26.877846,85.101524,5.5950212,6.3944592,88.37765,81.09179,7.1372423,3.9412625
22.0,121.0,2016-07-01,2016-09-12,73,25,27.620049,28.579662,26.898071,85.524445,4.48805,8.982364,88.9504,80.63423,5.524898,3.4570627
25.0,120.0,2016-07-01,2016-09-12,73,25,27.182085,28.558666,26.133501,83.885155,5.4177394,7.115282,88.49197,77.7803,6.6925573,3.9230106
24.0,120.0,2016-07-01,2016-09-13,74,25,27.382479,28.20957,26.748764,84.112404,5.321938,7.3127294,87.65716,79.26409,6.7813115,3.6002624
22.0,122.0,2016-07-01,2016-09-13,74,25,28.19637,28.621223,27.780323,84.29123,5.9866505,14.91802,86.6531,82.03954,7.366385,4.630135
23.0,121.0,2016-07-01,2016-09-13,74,25,25.46229,26.987226,24.33208,86.75408,2.1189775,19.850874,90.92867,79.99845,2.8177912,1.4176875
24.0,121.0,2016-07-01,2016-09-13,74,25,25.451576,26.807827,24.44357,86.00322,3.4691718,13.757437,89.84201,80.17924,4.60356,2.2842374
23.0,122.0,2016-07-01,2016-09-13,74,25,26.202766,27.125402,25.447973,85.68844,4.0021806,16.991686,88.57414,81.94326,5.1198616,2.9381878
24.0,122.0,2016-07-01,2016-09-13,74,25,26.197206,27.06548,25.478144,84.96296,4.1910667,16.066704,87.76733,81.36199,5.320676,2.935959
25.0,120.0,2016-07-01,2016-09-13,74,25,26.958092,28.243887,26.066992,82.962326,5.2352343,8.653674,87.474434,76.12565,6.5240393,3.730873
23.0,120.0,2016-07-01,2016-09-13,74,25,27.399921,28.396397,26.649815,84.77819,3.9895997,13.3842,88.497955,79.40655,4.971854,2.9750462
22.0,120.0,2016-07-01,2016-09-13,74,25,27.558325,28.36825,26.790321,84.642654,3.918659,16.12437,88.11925,80.770706,4.9958515,2.8150468
25.0,121.0,2016-07-01,2016-09-13,74,25,27.224443,28.018936,26.54337,83.45256,5.638779,8.282273,86.89899,79.04929,6.7170415,4.4133773
25.0,122.0,2016-07-01,2016-09-13,74,25,27.957504,28.352016,27.514877,82.511024,6.334607,10.593064,85.06917,79.73393,7.60143,4.9221816
22.0,121.0,2016-07-01,2016-09-13,74,25,27.45424,28.350845,26.683418,85.26451,4.2317796,17.788193,88.80884,80.80225,5.359729,2.9197462
25.0,120.0,2016-07-01,2016-09-14,75,25,26.77452,27.981783,25.850063,83.104744,5.065426,10.435497,87.41297,77.34223,6.2108736,3.838136
23.0,122.0,2016-07-01,2016-09-14,75,25,26.06972,26.871984,25.353888,85.63791,4.0130796,10.901804,89.1042,82.181175,5.1266217,2.8682806
24.0,122.0,2016-07-01,2016-09-14,75,25,26.00332,26.748072,25.34607,84.632614,3.9876654,10.349434,87.35529,81.72007,5.04287,2.88854
22.0,122.0,2016-07-01,2016-09-14,75,25,28.126436,28.537617,27.64933,84.11055,6.1177974,11.675728,87.0375,81.57957,7.4752254,4.67236
24.0,121.0,2016-07-01,2016-09-14,75,25,25.302593,26.55417,24.339243,85.912315,3.2428904,9.43971,89.65549,81.19431,4.1503825,2.2399936
22.0,120.0,2016-07-01,2016-09-14,75,25,27.382437,28.11021,26.775078,84.6806,4.1273274,12.8323555,87.46791,81.17065,5.2184496,2.9225967
23.0,120.0,2016-07-01,2016-09-14,75,25,27.220766,28.108593,26.588842,84.635056,3.9823349,10.381487,87.76045,80.28653,5.0679407,2.8548632
25.0,121.0,2016-07-01,2016-09-14,75,25,27.072105,27.874825,26.401749,83.381744,5.36776,7.3196545,86.38746,79.8604,6.26731,4.273401
23.0,121.0,2016-07-01,2016-09-14,75,25,25.270042,26.606272,24.31245,86.603836,2.2078512,11.269546,90.28855,81.30043,2.7900007,1.6201446
25.0,122.0,2016-07-01,2016-09-14,75,25,27.76078,28.174047,27.33207,82.22284,6.105146,8.236098,84.758934,79.73198,7.055957,4.9075403
22.0,121.0,2016-07-01,2016-09-14,75,25,27.32474,28.099226,26.67878,85.01664,4.4259596,12.039197,88.189476,81.17922,5.399166,3.2823486
24.0,120.0,2016-07-01,2016-09-14,75,25,27.24667,28.073036,26.60729,84.01035,4.9886055,8.541578,87.20538,80.0468,6.3762865,3.4710894
24.0,121.0,2016-07-01,2016-09-15,76,25,25.192421,26.478554,24.18546,85.82373,3.4853983,12.231137,89.62947,80.71416,4.483844,2.3605046
23.0,121.0,2016-07-01,2016-09-15,76,25,25.28412,26.62777,24.28161,86.39348,2.3149712,12.625728,90.45128,80.73178,2.9698577,1.6764586
23.0,122.0,2016-07-01,2016-09-15,76,25,25.96004,26.770947,25.299604,85.63052,4.093526,17.026672,88.55828,82.180954,5.1108537,3.0690203
22.0,120.0,2016-07-01,2016-09-15,76,25,27.54086,28.2929,26.857206,83.56601,3.8261726,7.6803565,86.91442,79.81827,4.901566,2.6528394
25.0,122.0,2016-07-01,2016-09-15,76,25,27.588097,27.952408,27.220697,81.73543,6.203653,11.406246,84.43261,79.46859,7.4231105,4.750926
22.0,121.0,2016-07-01,2016-09-15,76,25,27.380547,28.156645,26.737621,84.63746,4.41324,9.989014,87.57109,80.8076,5.3587146,3.2994323
22.0,122.0,2016-07-01,2016-09-15,76,25,28.057903,28.499897,27.601568,83.97028,6.235412,14.4012375,86.32953,81.49583,7.488983,4.8445334
24.0,122.0,2016-07-01,2016-09-15,76,25,25.877674,26.650959,25.238691,84.73674,4.2087355,15.735474,87.44768,81.811455,5.2953973,3.0667863
25.0,120.0,2016-07-01,2016-09-15,76,25,26.476492,27.725689,25.504766,83.21363,5.071136,8.898618,87.488846,77.49778,6.2295403,3.820898
23.0,120.0,2016-07-01,2016-09-15,76,25,27.229033,28.116497,26.572031,84.285225,3.971498,7.2885084,87.47186,79.62233,4.9787035,2.7584677
24.0,120.0,2016-07-01,2016-09-15,76,25,27.13036,27.971407,26.463228,83.77836,5.1257267,6.918329,86.93772,79.57656,6.493413,3.4790015
25.0,121.0,2016-07-01,2016-09-15,76,25,26.914602,27.739294,26.197826,82.69623,5.3899293,7.9324303,86.169044,78.75884,6.4143157,4.136594
24.0,121.0,2016-07-01,2016-09-16,77,25,25.056194,26.31771,24.128965,85.70508,3.740327,16.337236,89.55502,80.24513,4.8381453,2.5510967
22.0,120.0,2016-07-01,2016-09-16,77,25,27.459484,28.206846,26.839785,83.33516,3.831006,12.267708,86.336494,79.66193,4.8504944,2.8653562
23.0,121.0,2016-07-01,2016-09-16,77,25,25.159388,26.402588,24.246166,86.12126,2.410647,17.786814,89.9993,80.411255,3.0924191,1.8417497
23.0,122.0,2016-07-01,2016-09-16,77,25,25.951426,26.68117,25.334116,84.715225,4.386369,16.634167,88.067375,81.18344,5.228366,3.410916
24.0,122.0,2016-07-01,2016-09-16,77,25,25.81437,26.496635,25.260592,83.976,4.348738,18.736221,86.917015,80.97924,5.2143726,3.380141
22.0,122.0,2016-07-01,2016-09-16,77,25,28.153215,28.53052,27.773989,82.76008,6.557945,11.359204,85.90494,80.08057,7.799299,5.056189
22.0,121.0,2016-07-01,2016-09-16,77,25,27.359331,28.08564,26.76688,84.04705,4.538726,12.518865,87.28086,80.40981,5.3848834,3.564159
23.0,120.0,2016-07-01,2016-09-16,77,25,27.148964,28.047949,26.508032,83.82244,3.877628,8.947091,87.20149,79.1511,4.894136,2.7519925
24.0,120.0,2016-07-01,2016-09-16,77,25,27.038908,27.957642,26.363754,83.45297,5.4265676,7.531698,86.94612,78.86884,6.749636,3.9666204
25.0,121.0,2016-07-01,2016-09-16,77,25,26.774925,27.573013,26.164804,82.761856,5.4671674,9.263571,86.14493,78.96204,6.391435,4.4554377
25.0,122.0,2016-07-01,2016-09-16,77,25,27.520485,27.830761,27.16877,81.195946,6.149483,11.646994,83.97569,78.91594,7.288727,4.9039636
25.0,120.0,2016-07-01,2016-09-16,77,25,26.361963,27.596342,25.480146,82.87089,5.333553,8.135641,87.233284,76.96534,6.329635,4.182851
25.0,120.0,2016-07-01,2016-09-17,78,25,26.452383,27.716616,25.56917,82.43649,5.802645,7.632775,86.51604,76.521645,7.029256,4.4717226
25.0,122.0,2016-07-01,2016-09-17,78,25,27.558277,27.910568,27.17483,82.13005,6.4019904,10.954923,84.62815,79.46065,7.3959136,5.2289557
25.0,121.0,2016-07-01,2016-09-17,78,25,26.840862,27.658144,26.193398,83.18393,5.8773627,7.507196,86.48905,79.26271,7.022853,4.588541
24.0,120.0,2016-07-01,2016-09-17,78,25,27.060493,27.960796,26.380322,83.66789,5.715493,7.0602674,87.23012,79.06527,7.2389846,3.9152703
22.0,122.0,2016-07-01,2016-09-17,78,25,28.10573,28.496069,27.704023,83.24329,7.384943,7.726477,85.44905,80.75261,8.766869,6.014543
23.0,121.0,2016-07-01,2016-09-17,78,25,25.192104,26.606943,24.213877,85.8,2.476336,12.316931,90.09198,79.25798,3.1533134,1.7790129
22.0,121.0,2016-07-01,2016-09-17,78,25,27.31201,28.063284,26.680971,84.32293,5.006689,9.782449,87.73107,80.1747,5.9760528,3.9771624
23.0,120.0,2016-07-01,2016-09-17,78,25,27.111134,28.051523,26.439892,84.22603,4.2696037,8.964726,88.18676,78.86319,5.2685738,3.1211708
24.0,121.0,2016-07-01,2016-09-17,78,25,25.147932,26.52842,24.1911,85.202614,3.9955912,10.407434,89.04509,79.437256,5.070554,2.8012137
24.0,122.0,2016-07-01,2016-09-17,78,25,25.877832,26.699848,25.226631,84.00168,4.5158944,13.856992,86.87011,80.58669,5.4353595,3.552647
23.0,122.0,2016-07-01,2016-09-17,78,25,25.983925,26.775213,25.301006,84.59006,4.80531,10.270569,87.48072,81.25915,5.910234,3.695485
22.0,120.0,2016-07-01,2016-09-17,78,25,27.410616,28.21809,26.798262,83.522385,4.1252623,10.874065,86.91672,79.243385,5.1354246,3.1155596
24.0,120.0,2016-07-01,2016-09-18,79,25,27.06616,27.901377,26.41665,82.99201,6.2203083,4.5258985,86.50006,78.78716,7.4385705,4.771122
25.0,120.0,2016-07-01,2016-09-18,79,25,26.449715,27.725052,25.49419,81.82785,6.0576015,3.959187,86.47307,76.069336,7.1016126,4.9562755
25.0,121.0,2016-07-01,2016-09-18,79,25,26.813105,27.645021,26.107935,82.815994,6.2225037,4.8303113,86.01245,79.221306,7.082557,5.2956676
22.0,122.0,2016-07-01,2016-09-18,79,25,28.063667,28.45294,27.574121,82.51133,7.174504,11.936477,85.95057,79.78435,8.345231,6.0153656
23.0,122.0,2016-07-01,2016-09-18,79,25,25.99681,26.799952,25.347427,83.95857,4.9499936,13.691084,87.156494,80.05804,5.857007,3.8835285
22.0,121.0,2016-07-01,2016-09-18,79,25,27.2647,28.084856,26.574976,83.78424,4.7189913,9.7325,87.51859,79.257355,5.6111574,3.7832932
23.0,121.0,2016-07-01,2016-09-18,79,25,25.199638,26.57165,24.231611,85.35794,2.503991,11.50283,89.52022,78.9016,3.1558862,1.7991388
24.0,121.0,2016-07-01,2016-09-18,79,25,25.156204,26.429878,24.227749,84.71537,4.322583,9.8829565,88.430664,79.49247,5.194093,3.3205352
25.0,122.0,2016-07-01,2016-09-18,79,25,27.570974,27.976442,27.132324,81.713646,6.784176,6.304153,84.18855,79.43641,7.635245,5.868128
24.0,122.0,2016-07-01,2016-09-18,79,25,25.926783,26.710583,25.330942,83.528656,4.8480573,11.367175,86.31079,79.86233,5.726672,3.7802896
22.0,120.0,2016-07-01,2016-09-18,79,25,27.379786,28.182852,26.728876,82.95938,4.0799785,7.2013674,86.32615,78.42075,5.27425,2.6867814
23.0,120.0,2016-07-01,2016-09-18,79,25,27.116383,28.043373,26.435976,83.56836,4.3850265,6.1187696,87.375275,78.33639,5.3598695,3.262021
25.0,121.0,2016-07-01,2016-09-19,80,25,26.72855,27.511639,26.098248,83.19622,6.160583,4.6845717,86.45164,79.29657,7.096618,5.145694
24.0,120.0,2016-07-01,2016-09-19,80,25,26.983496,27.863466,26.347773,83.09255,6.31458,3.6362903,86.63738,78.502464,7.390362,5.042988
23.0,120.0,2016-07-01,2016-09-19,80,25,27.09356,28.069273,26.384731,83.29597,4.244091,6.5793996,87.18927,77.74583,5.0241456,3.4140844
25.0,120.0,2016-07-01,2016-09-19,80,25,26.406992,27.72375,25.459034,82.02784,5.932909,3.2874756,86.44351,75.958084,6.9407763,4.853279
24.0,122.0,2016-07-01,2016-09-19,80,25,25.81822,26.633339,25.139254,84.031364,4.5746455,10.121276,87.303986,80.237625,5.2168574,3.7922926
23.0,122.0,2016-07-01,2016-09-19,80,25,25.95293,26.789028,25.265997,84.12795,5.0649543,11.310249,87.31914,80.138596,5.8123837,4.1834755
23.0,121.0,2016-07-01,2016-09-19,80,25,25.129238,26.588755,24.067968,85.196754,2.3062654,11.419487,89.567535,78.41325,2.8208334,1.8176701
25.0,122.0,2016-07-01,2016-09-19,80,25,27.507946,27.84687,27.160185,82.35289,6.593381,6.3419824,84.55867,79.85061,7.431034,5.6919665
22.0,122.0,2016-07-01,2016-09-19,80,25,28.09812,28.453413,27.733896,82.671326,7.3100505,10.033691,85.38525,80.14332,8.355996,6.1631956
22.0,120.0,2016-07-01,2016-09-19,80,25,27.396107,28.220997,26.747309,82.14714,3.7241518,9.007686,85.40757,77.722176,4.8634996,2.584311
24.0,121.0,2016-07-01,2016-09-19,80,25,25.025557,26.392813,24.034775,84.9435,4.2377543,8.454711,88.86436,79.04556,5.150513,3.2918308
22.0,121.0,2016-07-01,2016-09-19,80,25,27.272652,28.065737,26.63481,83.61474,4.529477,10.141099,87.3698,79.1423,5.250758,3.7131917
24.0,120.0,2016-07-01,2016-09-20,81,25,26.945684,27.788565,26.30916,83.08132,6.4897833,3.0641248,86.45393,78.6192,7.668376,5.149262
22.0,121.0,2016-07-01,2016-09-20,81,25,27.356806,28.217754,26.656626,83.65692,4.674265,5.482029,86.98754,79.3215,5.744555,3.6193986
23.0,121.0,2016-07-01,2016-09-20,81,25,25.213686,26.803473,24.108648,85.020256,2.372529,5.2803054,89.58723,77.407616,2.8806581,1.8753381
22.0,122.0,2016-07-01,2016-09-20,81,25,28.105837,28.498526,27.691504,83.35487,7.419558,5.8546433,85.70156,80.745674,8.732764,6.0379553
23.0,120.0,2016-07-01,2016-09-20,81,25,27.130442,28.140898,26.438599,83.33414,4.5727262,3.692783,86.82767,77.93113,5.481922,3.5341547
25.0,122.0,2016-07-01,2016-09-20,81,25,27.52547,27.904247,27.150885,82.60498,6.930995,6.2696877,85.29021,80.0019,7.913982,5.9781356
22.0,120.0,2016-07-01,2016-09-20,81,25,27.500721,28.363682,26.843256,82.1566,3.6489542,4.489595,85.583244,77.44994,4.745715,2.5047424
23.0,122.0,2016-07-01,2016-09-20,81,25,25.961182,26.80084,25.26441,84.59919,5.1548905,5.6501756,87.84723,80.582924,6.014269,4.158342
25.0,120.0,2016-07-01,2016-09-20,81,25,26.404297,27.750816,25.42646,81.52608,5.964952,3.5575929,86.06955,75.35397,7.0465517,4.7057014
25.0,121.0,2016-07-01,2016-09-20,81,25,26.722889,27.526392,26.01623,83.09191,6.458531,4.822545,86.77153,78.88038,7.434788,5.3424187
24.0,122.0,2016-07-01,2016-09-20,81,25,25.851107,26.754187,25.151196,84.16674,4.862005,6.0975733,87.29858,79.99785,5.5620046,3.9950933
24.0,121.0,2016-07-01,2016-09-20,81,25,25.03521,26.451138,23.9765,84.72715,4.231868,4.6437087,88.990456,78.47348,5.067957,3.3097272
22.0,121.0,2016-07-01,2016-09-21,82,25,27.396076,28.329102,26.615181,83.28767,4.6781974,6.178379,87.04577,78.75779,5.5841374,3.6968412
25.0,122.0,2016-07-01,2016-09-21,82,25,27.438072,27.842678,27.004738,81.66733,6.7840056,6.796044,84.35669,79.33837,7.7140703,5.5990386
23.0,120.0,2016-07-01,2016-09-21,82,25,27.124128,28.157442,26.362022,82.75046,4.7491,2.3709948,86.51879,77.41808,5.372861,4.050784
24.0,120.0,2016-07-01,2016-09-21,82,25,26.912283,27.812916,26.182417,82.02437,6.649217,2.2300024,85.87096,77.35561,7.6594477,5.4642873
24.0,122.0,2016-07-01,2016-09-21,82,25,25.869152,26.81416,25.101036,83.49009,4.663945,6.199725,86.71383,79.59011,5.4564815,3.7244523
24.0,121.0,2016-07-01,2016-09-21,82,25,25.061953,26.612661,23.900757,83.948845,4.1917696,4.06381,88.339905,77.44718,5.007332,3.2954135
22.0,120.0,2016-07-01,2016-09-21,82,25,27.473267,28.414545,26.702812,82.3169,4.0764375,4.915254,85.951004,77.66054,4.9648094,3.0652258
23.0,122.0,2016-07-01,2016-09-21,82,25,26.044123,27.061699,25.250845,83.917145,4.8559117,5.076687,87.36866,79.43643,5.701839,3.7710614
25.0,121.0,2016-07-01,2016-09-21,82,25,26.644075,27.532906,25.872988,82.03538,6.3610034,4.671713,85.80649,77.82832,7.2088375,5.2337356
25.0,120.0,2016-07-01,2016-09-21,82,25,26.299976,27.778757,25.197203,80.53523,5.895959,3.0445154,85.30016,73.96351,6.7693586,4.826688
23.0,121.0,2016-07-01,2016-09-21,82,25,25.267633,26.959698,24.05101,84.737305,2.3159347,4.2170067,89.22398,77.339264,2.8383856,1.7702605
22.0,122.0,2016-07-01,2016-09-21,82,25,28.174583,28.531284,27.771328,82.57747,7.2686963,7.036531,85.47397,79.83392,8.421377,5.947333
24.0,120.0,2016-07-01,2016-09-22,83,25,26.783073,27.671978,26.080381,82.25297,6.4759007,3.5367675,86.536095,77.19493,7.6938324,4.9165645
25.0,122.0,2016-07-01,2016-09-22,83,25,27.403027,27.760479,26.981474,82.19946,6.6368046,10.013515,85.245224,79.02281,7.851446,5.3405237
22.0,122.0,2016-07-01,2016-09-22,83,25,28.020134,28.441885,27.492447,82.618744,7.199605,9.719021,85.70343,79.66423,8.364747,5.872725
24.0,121.0,2016-07-01,2016-09-22,83,25,24.949165,26.463247,23.872686,84.33611,3.9708033,8.10494,89.0717,77.68424,4.751351,3.060748
22.0,121.0,2016-07-01,2016-09-22,83,25,27.27049,28.197735,26.432789,82.989235,4.693797,6.606533,87.10735,77.73543,5.6369977,3.7883945
25.0,121.0,2016-07-01,2016-09-22,83,25,26.555065,27.42148,25.85684,82.7455,6.0524874,6.489653,86.52338,78.36158,7.1547756,4.706185
24.0,122.0,2016-07-01,2016-09-22,83,25,25.810257,26.691704,25.06943,83.70491,4.561706,11.653226,87.24415,79.85989,5.4443016,3.535979
23.0,121.0,2016-07-01,2016-09-22,83,25,25.170645,26.802925,23.99041,84.48409,2.2171257,7.8455467,89.35777,76.67604,2.722542,1.7543303
25.0,120.0,2016-07-01,2016-09-22,83,25,26.113531,27.575247,25.056412,81.3184,5.596802,4.437345,87.01862,73.94028,6.4850755,4.6108828
23.0,122.0,2016-07-01,2016-09-22,83,25,25.918598,26.890215,25.141245,84.02463,4.7307196,10.945826,87.73936,79.40138,5.597522,3.7226
23.0,120.0,2016-07-01,2016-09-22,83,25,27.010662,28.007282,26.20181,82.35288,4.674588,3.2520459,86.663826,76.45603,5.6338964,3.6063504
22.0,120.0,2016-07-01,2016-09-22,83,25,27.339293,28.209414,26.63708,81.97617,4.1932034,4.966819,85.42917,77.23196,5.036294,3.2638474
24.0,122.0,2016-07-01,2016-09-23,84,25,25.580664,26.35064,24.960957,84.331566,4.922184,16.36973,87.27567,80.862976,5.8792677,3.9688914
24.0,120.0,2016-07-01,2016-09-23,84,25,26.86361,27.755163,26.142256,82.35276,6.732631,5.501511,86.09004,77.7657,8.098878,4.834262
23.0,120.0,2016-07-01,2016-09-23,84,25,26.967556,27.948349,26.228779,82.79597,4.721386,6.343782,86.61875,77.83672,5.7338257,3.4546914
22.0,122.0,2016-07-01,2016-09-23,84,25,27.844275,28.249966,27.37321,83.37633,7.334665,12.218108,85.93808,80.88235,8.618347,6.0361476
25.0,121.0,2016-07-01,2016-09-23,84,25,26.58935,27.462196,25.878202,82.166084,6.575548,7.1064243,86.14771,77.83436,7.7164226,5.1774416
22.0,121.0,2016-07-01,2016-09-23,84,25,27.12425,27.969742,26.443422,83.641335,4.924923,10.273835,87.11615,79.359055,5.8272,4.037477
22.0,120.0,2016-07-01,2016-09-23,84,25,27.263975,28.093296,26.600073,82.08443,4.4134912,10.461834,85.44789,78.025276,5.5282087,3.339117
25.0,122.0,2016-07-01,2016-09-23,84,25,27.267979,27.66939,26.81122,81.9601,7.1868463,12.814741,85.12094,79.17722,8.278355,5.9067173
24.0,121.0,2016-07-01,2016-09-23,84,25,24.889782,26.21645,23.932524,84.6053,4.3375955,10.61442,88.56774,79.261505,5.3034706,3.1295774
23.0,121.0,2016-07-01,2016-09-23,84,25,24.98674,26.400019,24.008413,85.1163,2.478681,11.481121,89.028656,79.18836,3.0605707,1.8770787
23.0,122.0,2016-07-01,2016-09-23,84,25,25.704933,26.474293,25.085089,84.7686,4.794654,13.425388,87.35254,81.553474,5.8808856,3.548342
25.0,120.0,2016-07-01,2016-09-23,84,25,26.193409,27.619804,25.17525,80.962456,6.305719,5.0956225,85.91413,74.5771,7.352807,4.9445467
25.0,120.0,2016-07-01,2016-09-24,85,25,25.907156,27.081203,25.094345,80.99506,6.70406,5.7918077,85.17633,75.53146,7.8287644,5.349483
23.0,122.0,2016-07-01,2016-09-24,85,25,25.55572,26.361334,24.892231,84.77324,5.7179704,15.814101,87.53938,81.45832,6.6247215,4.676255
25.0,121.0,2016-07-01,2016-09-24,85,25,26.420534,27.183123,25.82754,81.89107,6.8532352,7.3460693,85.34085,78.152435,7.7392883,5.7420173
22.0,122.0,2016-07-01,2016-09-24,85,25,27.735674,28.079441,27.369701,83.18746,8.090706,15.093584,85.62783,80.94479,9.481492,6.753436
23.0,121.0,2016-07-01,2016-09-24,85,25,24.8533,26.290499,23.86859,85.203224,2.9941213,12.548716,88.96306,79.15593,3.6074567,2.4419987
24.0,121.0,2016-07-01,2016-09-24,85,25,24.735088,26.036749,23.825317,84.49819,4.7806883,11.647527,88.05722,79.34468,5.792788,3.557799
24.0,122.0,2016-07-01,2016-09-24,85,25,25.468029,26.184536,24.905146,83.908585,5.1026974,14.102361,86.50972,80.73196,6.1412897,4.0486197
25.0,122.0,2016-07-01,2016-09-24,85,25,27.141424,27.478697,26.837519,81.38076,7.2485185,9.775577,83.80417,79.019875,8.309539,6.0613613
23.0,120.0,2016-07-01,2016-09-24,85,25,26.802471,27.730206,26.096674,83.066574,5.1485095,6.655465,86.34486,78.0784,6.2075977,4.012327
24.0,120.0,2016-07-01,2016-09-24,85,25,26.677595,27.486744,26.015024,82.42736,7.0116034,5.781737,85.82393,78.25279,8.314084,5.3002086
22.0,120.0,2016-07-01,2016-09-24,85,25,27.112593,27.939184,26.429228,82.99523,5.033148,11.201677,86.24736,78.829346,6.1653523,3.9148073
22.0,121.0,2016-07-01,2016-09-24,85,25,27.031599,27.876177,26.392694,83.515,5.5451035,11.808369,86.334694,79.46445,6.748646,4.492528
24.0,120.0,2016-07-01,2016-09-25,86,25,26.74727,27.56242,26.113043,82.87389,6.3812017,7.854266,86.329704,78.73575,7.8918743,4.6304154
25.0,121.0,2016-07-01,2016-09-25,86,25,26.553991,27.345453,25.914278,82.14639,6.4469914,7.693137,85.48211,78.494804,7.4588804,5.357884
23.0,120.0,2016-07-01,2016-09-25,86,25,26.801044,27.643295,26.128565,83.693405,4.8495173,10.5621,87.2764,79.16672,5.756263,3.8832595
23.0,121.0,2016-07-01,2016-09-25,86,25,24.851263,26.174562,23.960527,85.56931,2.8237443,17.116043,89.52428,79.938324,3.4908843,2.0035703
24.0,121.0,2016-07-01,2016-09-25,86,25,24.804089,26.10095,23.947754,84.681885,4.443674,14.369165,88.45542,79.48215,5.5633945,3.3714151
25.0,122.0,2016-07-01,2016-09-25,86,25,27.339401,27.697617,26.941992,80.98927,7.114488,9.175676,83.436745,78.89685,8.344782,5.842071
22.0,121.0,2016-07-01,2016-09-25,86,25,26.976696,27.703667,26.368492,84.1321,5.2850494,15.937137,87.33204,80.226654,6.1410522,4.4864497
22.0,120.0,2016-07-01,2016-09-25,86,25,27.04179,27.764187,26.431513,83.49359,4.9063835,12.54908,86.499435,79.62396,5.894266,3.867507
22.0,122.0,2016-07-01,2016-09-25,86,25,27.771465,28.094946,27.405947,83.40521,7.907167,18.920237,85.87161,81.183044,9.039607,6.662493
24.0,122.0,2016-07-01,2016-09-25,86,25,25.60221,26.35377,25.021523,83.41319,5.1062307,15.8599415,86.43149,80.50765,6.0335317,3.9686196
25.0,120.0,2016-07-01,2016-09-25,86,25,25.969332,27.179314,25.098818,81.86959,6.3192635,6.8670263,86.187805,76.12647,7.4152346,5.3368464
23.0,122.0,2016-07-01,2016-09-25,86,25,25.643887,26.4225,25.079292,84.743744,5.4963446,20.082657,87.55583,81.63451,6.5217,4.424402
23.0,122.0,2016-07-01,2016-09-26,87,25,25.711662,26.495413,25.04663,84.67365,4.4162383,9.381597,87.67915,81.02142,5.317634,3.513096
25.0,120.0,2016-07-01,2016-09-26,87,25,25.910053,27.139166,24.96774,82.441025,5.8007917,5.7814317,86.9414,76.82468,6.858157,4.5343432
22.0,121.0,2016-07-01,2016-09-26,87,25,27.079788,28.001148,26.31563,83.706764,4.576066,7.080581,87.32531,78.98228,5.528207,3.6330652
22.0,120.0,2016-07-01,2016-09-26,87,25,27.148745,28.080923,26.419937,82.82035,4.2519374,5.67188,86.32187,77.931305,5.30785,3.1913211
24.0,122.0,2016-07-01,2016-09-26,87,25,25.628565,26.356226,25.009174,83.78735,4.267166,9.764888,86.64911,80.23315,5.375053,3.098536
23.0,121.0,2016-07-01,2016-09-26,87,25,24.903397,26.407124,23.874683,85.60529,2.2804189,7.9777904,89.76347,78.8781,2.874692,1.7091023
22.0,122.0,2016-07-01,2016-09-26,87,25,27.889894,28.30686,27.406015,82.89325,6.7583423,8.487434,85.8835,80.0119,7.990179,5.4633117
24.0,121.0,2016-07-01,2016-09-26,87,25,24.773489,26.07727,23.811806,85.22246,3.868843,8.847224,89.23642,79.555305,4.7031565,2.7938426
25.0,122.0,2016-07-01,2016-09-26,87,25,27.303963,27.619453,26.917583,81.41168,6.2850432,9.090756,84.44973,78.468544,7.591969,4.9725556
23.0,120.0,2016-07-01,2016-09-26,87,25,26.835651,27.914883,26.054873,83.51944,4.2707844,4.4484143,87.64634,77.90795,5.1685896,3.378924
25.0,121.0,2016-07-01,2016-09-26,87,25,26.462395,27.275616,25.761713,82.72179,6.0255294,8.181945,86.8005,78.400925,6.995439,4.783414
24.0,120.0,2016-07-01,2016-09-26,87,25,26.699427,27.595308,25.993315,83.174446,5.8928804,5.3349624,87.08402,78.774864,6.9453797,4.580929
23.0,120.0,2016-07-01,2016-09-27,88,25,26.817272,27.814068,26.122831,83.134315,4.2375965,5.3115163,86.83178,77.62415,5.148736,3.077299
22.0,120.0,2016-07-01,2016-09-27,88,25,27.120884,27.923637,26.4963,82.72403,3.8402696,8.713304,86.05984,78.29495,5.0527453,2.577632
25.0,121.0,2016-07-01,2016-09-27,88,25,26.437239,27.296038,25.72356,82.57443,5.931571,4.5266066,86.2891,78.16822,6.946352,4.699083
22.0,121.0,2016-07-01,2016-09-27,88,25,27.034155,27.834726,26.405054,83.99795,4.3422794,8.792964,87.36955,79.67399,5.2915306,3.2466738
24.0,121.0,2016-07-01,2016-09-27,88,25,24.752422,26.145542,23.721664,84.572174,4.05162,7.0330076,88.84727,78.34646,5.0107503,2.9179258
23.0,121.0,2016-07-01,2016-09-27,88,25,24.904268,26.392105,23.834711,85.018616,2.2839992,8.748399,89.45923,78.12049,2.8555944,1.6671082
24.0,122.0,2016-07-01,2016-09-27,88,25,25.58191,26.36663,24.888794,83.369385,4.4892554,8.442615,86.33364,79.86392,5.4419584,3.335414
22.0,122.0,2016-07-01,2016-09-27,88,25,27.79673,28.145836,27.460953,83.430176,6.771344,8.718806,85.84076,80.91803,8.0137615,5.539046
25.0,120.0,2016-07-01,2016-09-27,88,25,25.87685,27.21896,24.91855,82.0892,5.866125,6.5410695,87.278046,75.31153,6.8587627,4.6264358
23.0,122.0,2016-07-01,2016-09-27,88,25,25.664854,26.480679,24.986034,84.3087,4.7182937,8.680345,87.63914,80.55715,5.543993,3.744047
25.0,122.0,2016-07-01,2016-09-27,88,25,27.253582,27.632256,26.829233,81.51819,6.3735075,5.9346886,84.2367,78.95686,7.420293,5.230205
24.0,120.0,2016-07-01,2016-09-27,88,25,26.659157,27.568266,25.972343,82.7415,6.035498,3.612296,86.682755,77.886505,7.3655133,4.1909714
23.0,120.0,2016-07-01,2016-09-28,89,25,26.805439,27.795017,26.09209,82.69864,4.7328334,2.6026807,86.58077,76.91541,5.5953245,3.7965603
22.0,120.0,2016-07-01,2016-09-28,89,25,27.094467,27.948658,26.491962,82.52583,4.1370106,4.8600707,85.6087,77.81917,5.098072,3.3156838
25.0,121.0,2016-07-01,2016-09-28,89,25,26.39712,27.26294,25.706558,81.60124,6.8885055,4.71052,85.23417,77.579865,8.041188,5.549556
25.0,120.0,2016-07-01,2016-09-28,89,25,25.881584,27.158623,25.022598,80.44841,6.837524,3.0708168,84.55224,74.627716,7.913343,5.6071315
23.0,122.0,2016-07-01,2016-09-28,89,25,25.60743,26.462605,24.9227,83.86785,5.5176563,7.1131787,87.53487,79.9448,6.2046394,4.69669
25.0,122.0,2016-07-01,2016-09-28,89,25,27.073265,27.477345,26.590445,81.57995,7.0029564,6.5241823,84.784485,78.71564,8.121734,5.9009843
24.0,120.0,2016-07-01,2016-09-28,89,25,26.720642,27.583668,26.100727,81.58799,7.0834203,2.241958,85.24117,77.09598,8.360334,5.617667
22.0,121.0,2016-07-01,2016-09-28,89,25,26.99259,27.889956,26.253345,83.7,4.921903,6.1692677,87.72284,78.65631,5.56592,4.2792053
22.0,122.0,2016-07-01,2016-09-28,89,25,27.762657,28.16458,27.31496,82.955185,7.83641,7.8785596,86.310326,79.96864,8.74267,6.941272
23.0,121.0,2016-07-01,2016-09-28,89,25,24.839405,26.414892,23.780136,84.712616,2.4999804,5.413042,89.13648,77.51894,2.8759446,2.1485138
24.0,122.0,2016-07-01,2016-09-28,89,25,25.450075,26.35365,24.754112,83.42495,5.004382,6.8546996,87.02568,79.55454,5.825622,4.1260424
24.0,121.0,2016-07-01,2016-09-28,89,25,24.761387,26.185919,23.804106,83.51957,4.922657,5.029746,87.60777,77.69619,5.80171,3.9170034
24.0,122.0,2016-07-01,2016-09-29,90,25,25.334038,26.244925,24.620811,83.89435,5.847907,10.859507,87.41955,79.88978,6.733507,4.8452697
23.0,122.0,2016-07-01,2016-09-29,90,25,25.568218,26.484045,24.872602,83.94343,6.469834,9.493838,87.433014,79.82104,7.208299,5.54945
23.0,121.0,2016-07-01,2016-09-29,90,25,24.784004,26.416641,23.672876,84.77151,2.7912955,7.779055,89.405655,77.0092,3.2457833,2.2923527
24.0,121.0,2016-07-01,2016-09-29,90,25,24.68028,26.190014,23.626572,83.441986,5.778771,7.193425,87.545975,77.35416,6.6371613,4.5529695
22.0,122.0,2016-07-01,2016-09-29,90,25,27.791294,28.208033,27.365917,82.777664,9.005148,7.8504543,85.82423,79.66706,10.023793,7.8824925
22.0,121.0,2016-07-01,2016-09-29,90,25,27.005247,27.943962,26.27503,83.492004,5.3416576,6.1216383,87.22751,78.42112,6.092913,4.5008855
24.0,120.0,2016-07-01,2016-09-29,90,25,26.62977,27.573366,25.912895,81.87598,8.22245,2.479984,85.41083,77.56914,9.550012,6.3482423
23.0,120.0,2016-07-01,2016-09-29,90,25,26.740025,27.80275,25.954283,83.13568,5.238495,3.0411952,86.77533,77.498184,6.0983825,4.2578306
25.0,121.0,2016-07-01,2016-09-29,90,25,26.235485,27.133255,25.517982,81.67024,7.953846,5.499392,85.40231,77.60842,9.10748,6.45821
22.0,120.0,2016-07-01,2016-09-29,90,25,27.14184,28.09662,26.40226,82.05833,3.7249951,4.4779663,85.70139,76.99051,4.6654134,2.8774967
25.0,122.0,2016-07-01,2016-09-29,90,25,26.877104,27.257645,26.431269,82.15148,8.055445,9.14014,85.25107,79.48072,9.210185,6.6936827
25.0,120.0,2016-07-01,2016-09-29,90,25,25.720345,27.032988,24.711016,79.93527,7.9635344,2.8382592,84.03341,74.971825,9.116154,6.4650965
25.0,120.0,2016-07-01,2016-09-30,91,25,25.392908,26.622566,24.460756,79.03938,8.646269,3.8612707,83.0658,73.69883,9.739913,7.6542883
22.0,121.0,2016-07-01,2016-09-30,91,25,26.979778,27.880943,26.27565,83.62378,6.1504765,7.303027,87.00771,79.02951,6.896193,5.284018
24.0,120.0,2016-07-01,2016-09-30,91,25,26.361065,27.143833,25.750927,81.79926,9.411589,3.3433886,84.4503,78.64417,10.811973,7.7647023
24.0,121.0,2016-07-01,2016-09-30,91,25,24.529453,25.877222,23.602798,83.4971,6.2971425,12.390307,86.95055,78.18744,7.2879076,5.3305626
24.0,122.0,2016-07-01,2016-09-30,91,25,25.287949,26.081903,24.661396,83.87966,6.357503,17.21117,87.29966,80.197136,7.2590346,5.271353
25.0,121.0,2016-07-01,2016-09-30,91,25,25.946678,26.680367,25.334795,81.8188,8.832405,8.395271,84.92722,78.69026,9.908846,7.594038
23.0,122.0,2016-07-01,2016-09-30,91,25,25.54229,26.39646,24.870277,84.37551,6.943756,14.520127,87.388275,80.58962,7.6268773,6.0883093
22.0,122.0,2016-07-01,2016-09-30,91,25,27.737581,28.125822,27.33479,83.41155,9.852754,9.899777,85.8153,81.080154,10.799614,8.673587
25.0,122.0,2016-07-01,2016-09-30,91,25,26.692486,27.074312,26.300346,82.264305,8.821331,13.189273,85.32198,79.419975,10.033125,7.2075825
22.0,120.0,2016-07-01,2016-09-30,91,25,27.123707,28.072182,26.420982,82.08513,4.63934,5.029465,85.45685,76.94106,5.7422376,3.666708
23.0,120.0,2016-07-01,2016-09-30,91,25,26.62372,27.64374,25.910786,82.919685,6.3462663,2.8425868,86.34214,77.825325,7.3044367,5.349792
23.0,121.0,2016-07-01,2016-09-30,91,25,24.786148,26.391912,23.736187,84.691956,3.2866178,11.937117,89.19304,77.22754,3.724037,2.8584042
24.0,121.0,2016-07-01,2016-10-01,92,25,24.447075,25.83028,23.381119,82.8955,6.137793,9.69043,86.786385,77.15869,7.069482,5.1300335
24.0,120.0,2016-07-01,2016-10-01,92,25,26.308117,27.13581,25.635307,81.07946,8.936256,2.2407763,84.70389,77.05545,10.310322,7.472214
22.0,121.0,2016-07-01,2016-10-01,92,25,26.917015,27.823763,26.143867,83.2942,6.258405,8.739204,86.9518,78.603226,7.013345,5.501911
25.0,120.0,2016-07-01,2016-10-01,92,25,25.341463,26.69976,24.31585,78.49681,8.147135,2.4586706,83.32777,72.16681,9.256405,7.0953393
25.0,121.0,2016-07-01,2016-10-01,92,25,25.904072,26.714497,25.190908,80.80923,8.428682,6.8800573,84.093925,77.00955,9.504313,7.3382344
24.0,122.0,2016-07-01,2016-10-01,92,25,25.247805,26.075634,24.529879,83.23355,6.4299703,14.286075,86.42647,79.34702,7.380217,5.3439
23.0,120.0,2016-07-01,2016-10-01,92,25,26.543056,27.57476,25.765121,82.4308,6.0452576,2.8062756,86.24942,76.87906,6.9874425,5.1119475
22.0,120.0,2016-07-01,2016-10-01,92,25,27.016567,27.938593,26.28646,81.90677,4.9848423,7.093086,85.29905,77.181786,6.111624,3.9688046
22.0,122.0,2016-07-01,2016-10-01,92,25,27.691496,28.026665,27.302906,82.9476,9.990478,11.680486,85.75059,80.12283,11.119181,8.767672
23.0,122.0,2016-07-01,2016-10-01,92,25,25.448797,26.255816,24.711826,83.88257,7.065136,13.239634,87.05438,79.93132,7.921343,6.091701
23.0,121.0,2016-07-01,2016-10-01,92,25,24.675976,26.272295,23.47771,84.33001,3.3231902,10.304758,88.88865,77.05872,3.9082317,2.7949913
25.0,122.0,2016-07-01,2016-10-01,92,25,26.691551,27.06405,26.31563,81.20136,8.658207,11.445793,84.07672,78.33787,9.695492,7.6186924
25.0,122.0,2016-07-01,2016-10-02,93,25,26.542486,26.8578,26.132505,80.01507,8.83447,9.097264,83.39397,77.10631,9.923871,7.433459
25.0,121.0,2016-07-01,2016-10-02,93,25,25.8027,26.632679,25.110092,79.54976,8.559966,5.0164514,82.83455,75.884514,9.640601,7.3350306
24.0,120.0,2016-07-01,2016-10-02,93,25,26.200947,27.067421,25.53247,80.3254,9.116829,1.6051978,83.75216,76.40711,10.445493,7.510469
24.0,121.0,2016-07-01,2016-10-02,93,25,24.325233,25.836014,23.300406,82.35494,6.0744586,8.2424755,85.8958,76.47873,7.117405,4.883491
25.0,120.0,2016-07-01,2016-10-02,93,25,25.173523,26.5956,24.128872,77.64002,8.155525,1.9820923,82.09091,71.35342,9.219968,7.0246916
22.0,121.0,2016-07-01,2016-10-02,93,25,26.784985,27.761587,26.04566,83.10241,5.845278,6.9283667,86.54266,78.136536,6.5711846,5.052474
24.0,122.0,2016-07-01,2016-10-02,93,25,25.077547,25.898907,24.422129,82.74672,6.394435,12.356237,86.02581,79.14813,7.3924117,5.2545037
22.0,122.0,2016-07-01,2016-10-02,93,25,27.5226,27.941957,27.07708,82.812836,9.509803,9.267547,85.91667,80.023865,10.680694,8.360706
22.0,120.0,2016-07-01,2016-10-02,93,25,26.909145,27.845387,26.178482,81.441956,4.560228,7.12064,84.65208,76.88868,5.6263065,3.534353
23.0,120.0,2016-07-01,2016-10-02,93,25,26.440144,27.428944,25.716475,81.97524,6.1636915,2.3641822,85.414474,76.87088,6.985018,5.1655354
23.0,122.0,2016-07-01,2016-10-02,93,25,25.294592,26.21792,24.565035,83.739746,6.7790318,11.385781,87.31288,79.744705,7.7767196,5.7055554
23.0,121.0,2016-07-01,2016-10-02,93,25,24.558393,26.200996,23.47044,84.108055,3.1680994,9.040501,88.25916,76.89013,3.7053812,2.4988203
24.0,120.0,2016-07-01,2016-10-03,94,25,26.008657,26.78399,25.397802,80.16369,8.837567,3.296377,83.55319,76.23686,10.222443,7.204337
24.0,121.0,2016-07-01,2016-10-03,94,25,24.110292,25.427595,23.13018,82.29566,5.670462,9.971187,85.927536,77.3375,6.7204003,4.4586263
24.0,122.0,2016-07-01,2016-10-03,94,25,24.946848,25.690628,24.360668,81.26927,5.8467603,12.88988,84.40524,78.081375,6.7626734,4.6870646
23.0,120.0,2016-07-01,2016-10-03,94,25,26.275795,27.14833,25.65167,81.67439,6.024346,4.6528807,84.8904,77.05128,6.9097395,5.062836
22.0,120.0,2016-07-01,2016-10-03,94,25,26.758072,27.604115,26.124405,81.26962,4.486864,9.072751,84.61275,76.81687,5.543338,3.370563
23.0,121.0,2016-07-01,2016-10-03,94,25,24.371048,25.80531,23.373062,83.90499,2.8625195,11.362788,87.69241,77.69016,3.4335253,2.22689
25.0,121.0,2016-07-01,2016-10-03,94,25,25.65619,26.438711,25.007587,79.01795,8.142694,5.3441076,83.019,74.92042,9.261035,6.815624
25.0,120.0,2016-07-01,2016-10-03,94,25,24.924978,26.296738,23.86976,77.13941,7.952344,3.3183508,81.79217,70.920525,9.090097,6.696173
23.0,122.0,2016-07-01,2016-10-03,94,25,25.133804,25.910479,24.526217,82.70179,5.8783097,12.475766,85.41399,79.43264,6.942365,4.702605
25.0,122.0,2016-07-01,2016-10-03,94,25,26.4795,26.845625,26.06112,78.14544,8.445366,8.2463255,81.83148,74.81761,9.3521805,7.2292695
22.0,122.0,2016-07-01,2016-10-03,94,25,27.405146,27.736528,27.054028,81.29809,8.668948,10.318176,84.002594,78.66423,9.858127,7.419318
22.0,121.0,2016-07-01,2016-10-03,94,25,26.640537,27.468267,26.04376,82.35877,5.5589094,9.205823,85.44553,78.03138,6.337272,4.837435
25.0,122.0,2016-07-01,2016-10-04,95,25,26.477034,26.863619,26.000757,78.72521,7.6371064,6.5428843,81.50857,75.73454,8.786286,6.5270567
25.0,121.0,2016-07-01,2016-10-04,95,25,25.673616,26.618193,24.88418,78.96744,7.2901635,3.64646,82.76626,74.64951,8.389923,6.0567904
23.0,122.0,2016-07-01,2016-10-04,95,25,25.05855,26.006882,24.357037,82.2961,5.6742463,9.923914,85.87824,78.16981,6.462323,4.756442
23.0,121.0,2016-07-01,2016-10-04,95,25,24.235498,25.981583,23.126987,83.62824,2.769312,8.851228,88.46927,75.33532,3.2836463,2.244718
25.0,120.0,2016-07-01,2016-10-04,95,25,24.8195,26.36165,23.751137,78.070465,7.136136,2.0696118,83.472374,70.81238,8.153206,5.9713078
24.0,120.0,2016-07-01,2016-10-04,95,25,26.01303,26.996283,25.277794,79.67119,7.684038,2.327794,84.117874,74.43881,9.086796,5.990053
24.0,122.0,2016-07-01,2016-10-04,95,25,24.858992,25.813444,24.156904,81.59231,5.2845726,9.1179495,85.430626,77.25655,6.103015,4.4852204
24.0,121.0,2016-07-01,2016-10-04,95,25,24.042025,25.70329,22.939857,81.926796,4.974225,6.197107,86.69086,74.65172,5.910817,3.933204
22.0,121.0,2016-07-01,2016-10-04,95,25,26.539282,27.540241,25.807877,82.23839,5.5907893,10.782685,85.91142,76.99443,6.3698964,4.798252
22.0,120.0,2016-07-01,2016-10-04,95,25,26.627867,27.582787,25.952559,81.30197,4.5671587,9.342554,84.94731,76.06978,5.603509,3.5508728
23.0,120.0,2016-07-01,2016-10-04,95,25,26.213179,27.279097,25.510288,81.24068,5.370578,4.9581017,85.67727,75.092926,6.343639,4.271266
22.0,122.0,2016-07-01,2016-10-04,95,25,27.36463,27.681099,26.984062,81.0707,8.504339,11.854162,83.57576,78.77897,9.61943,7.4451494
25.0,120.0,2016-07-01,2016-10-05,96,25,24.748259,26.150246,23.720732,78.15462,7.329675,2.9447742,82.56128,72.25595,8.344203,6.1028013
24.0,122.0,2016-07-01,2016-10-05,96,25,24.798908,25.68922,24.181602,81.08277,5.686415,9.371277,84.386444,76.97951,6.630924,4.626929
24.0,121.0,2016-07-01,2016-10-05,96,25,23.97316,25.456196,22.97891,81.83506,5.340223,8.696533,85.75387,75.71872,6.2475123,4.209294
22.0,121.0,2016-07-01,2016-10-05,96,25,26.502407,27.382734,25.818676,82.1192,5.7257576,10.499512,85.90632,77.11581,6.526202,4.865591
23.0,121.0,2016-07-01,2016-10-05,96,25,24.160133,25.715761,23.139044,83.518456,2.8362217,11.333264,87.92502,75.980774,3.3874555,2.276374
23.0,120.0,2016-07-01,2016-10-05,96,25,26.090551,27.065157,25.363535,81.774704,5.5893874,6.6353745,85.341034,76.661736,6.4104333,4.5743866
22.0,120.0,2016-07-01,2016-10-05,96,25,26.607555,27.548891,25.92938,80.669495,4.5263762,9.625197,84.33607,75.43663,5.396757,3.6328878
23.0,122.0,2016-07-01,2016-10-05,96,25,25.022955,25.867973,24.379707,82.451904,6.14324,10.466257,86.00892,78.27186,7.049488,5.240878
22.0,122.0,2016-07-01,2016-10-05,96,25,27.367222,27.671608,27.020714,81.183754,8.958248,9.621821,84.49338,77.985985,10.103556,7.8565345
24.0,120.0,2016-07-01,2016-10-05,96,25,25.897322,26.801752,25.203428,80.195755,8.149769,4.026117,83.61905,76.15794,9.473056,6.4294786
25.0,121.0,2016-07-01,2016-10-05,96,25,25.601467,26.511309,24.902428,78.59833,7.338009,4.002926,82.31673,74.52776,8.437996,6.090777
25.0,122.0,2016-07-01,2016-10-05,96,25,26.413555,26.819435,26.001959,77.971725,7.6388617,4.6831603,81.24909,75.32,8.740612,6.3914876
24.0,122.0,2016-07-01,2016-10-06,97,25,24.73872,25.523165,24.147367,80.59064,5.7479625,9.670457,83.33197,77.118385,6.6369734,4.7423387
24.0,120.0,2016-07-01,2016-10-06,97,25,25.77708,26.668896,25.13394,80.58716,8.039175,4.532822,83.9664,76.28592,9.193524,6.6659346
24.0,121.0,2016-07-01,2016-10-06,97,25,23.882362,25.285698,22.940533,82.204765,5.338687,8.389029,86.21829,76.38576,6.147589,4.4784913
23.0,122.0,2016-07-01,2016-10-06,97,25,24.995045,25.776884,24.410122,81.913376,6.3473263,9.264256,84.817444,78.30571,7.2074585,5.3277564
25.0,121.0,2016-07-01,2016-10-06,97,25,25.469698,26.357803,24.793266,79.01402,7.3531494,5.550885,82.18039,75.09917,8.233971,6.348127
23.0,120.0,2016-07-01,2016-10-06,97,25,26.035791,27.048264,25.374067,81.65866,5.550285,5.6726537,85.18444,76.23002,6.307447,4.641214
25.0,120.0,2016-07-01,2016-10-06,97,25,24.515854,25.8748,23.547314,79.1252,7.4178796,4.0854335,83.9264,73.1997,8.415384,6.439671
23.0,121.0,2016-07-01,2016-10-06,97,25,24.1351,25.679428,23.166723,83.35882,2.9949958,9.550512,87.7583,76.245995,3.5995157,2.463373
22.0,120.0,2016-07-01,2016-10-06,97,25,26.55616,27.472588,25.924376,80.94649,4.662521,8.624307,84.61221,76.09845,5.531644,3.7549713
22.0,122.0,2016-07-01,2016-10-06,97,25,27.366978,27.671118,27.033394,80.48277,9.320214,6.9488916,82.77437,78.18973,10.440631,8.000546
25.0,122.0,2016-07-01,2016-10-06,97,25,26.312668,26.670273,25.913609,77.56833,7.537624,6.819806,80.05114,75.154755,8.412526,6.5383515
22.0,121.0,2016-07-01,2016-10-06,97,25,26.504936,27.380627,25.913925,81.76626,5.9643364,7.2418556,85.247665,77.1478,6.7958984,5.134369
24.0,122.0,2016-07-01,2016-10-07,98,25,24.85309,25.747564,24.176607,81.02413,5.4351377,9.909839,84.4395,76.990105,6.23071,4.585755
22.0,121.0,2016-07-01,2016-10-07,98,25,26.558681,27.460796,25.757574,81.8176,5.4924974,5.216257,86.118996,76.76613,6.1722736,4.8967834
24.0,121.0,2016-07-01,2016-10-07,98,25,23.97169,25.482075,22.964863,82.30506,5.3998613,7.222153,86.77396,75.770226,6.114304,4.6042576
25.0,121.0,2016-07-01,2016-10-07,98,25,25.49368,26.323837,24.847406,79.94899,7.4889135,4.4236937,83.50214,75.85476,8.2138195,6.6364417
24.0,120.0,2016-07-01,2016-10-07,98,25,25.806826,26.656895,25.196562,81.09541,8.36369,2.2532814,84.73923,76.61003,9.356921,7.171258
23.0,122.0,2016-07-01,2016-10-07,98,25,25.084526,26.02274,24.37704,82.01621,5.9877386,9.297974,85.700966,77.61877,6.7178383,5.149162
22.0,120.0,2016-07-01,2016-10-07,98,25,26.63672,27.57437,25.910557,80.820404,4.25322,4.7728295,84.516045,75.73715,5.0184627,3.5150461
22.0,122.0,2016-07-01,2016-10-07,98,25,27.410364,27.761606,26.974287,80.640114,8.796994,6.6350145,83.851,77.801445,9.799753,7.820216
23.0,120.0,2016-07-01,2016-10-07,98,25,26.075655,27.072433,25.327618,82.06184,5.6897793,2.891936,86.50516,76.32789,6.4377317,4.9309883
25.0,122.0,2016-07-01,2016-10-07,98,25,26.361366,26.700384,25.941822,78.80948,7.4849052,7.09429,81.865105,76.054955,8.40949,6.4454603
23.0,121.0,2016-07-01,2016-10-07,98,25,24.234749,25.915255,23.057041,83.34217,2.7586408,7.891421,88.58879,75.43678,3.1995938,2.3548017
25.0,120.0,2016-07-01,2016-10-07,98,25,24.497246,25.803774,23.635323,79.68076,7.5147996,2.7137916,84.05141,73.706406,8.349417,6.595976
23.0,121.0,2016-07-01,2016-10-08,99,25,24.337915,25.913242,23.328375,83.6428,3.0084028,10.40617,88.14303,76.69971,3.44862,2.5399706
22.0,121.0,2016-07-01,2016-10-08,99,25,26.60711,27.503273,25.983023,82.01695,5.751781,6.5972776,85.8033,77.16337,6.5421953,4.922801
24.0,120.0,2016-07-01,2016-10-08,99,25,25.942028,26.877504,25.293007,81.34785,8.70218,3.0590832,84.98803,76.80087,10.046828,6.9021764
23.0,122.0,2016-07-01,2016-10-08,99,25,25.12383,25.878847,24.5038,82.55636,6.502855,14.003906,85.80421,79.28952,7.25967,5.722011
25.0,122.0,2016-07-01,2016-10-08,99,25,26.404858,26.764986,25.991358,80.00013,7.958815,8.750305,82.98514,77.26881,8.930509,6.76951
22.0,122.0,2016-07-01,2016-10-08,99,25,27.394705,27.73786,27.044523,81.07796,9.298493,10.214831,83.915764,78.58051,10.256512,8.277366
22.0,120.0,2016-07-01,2016-10-08,99,25,26.750374,27.689688,26.123629,81.04024,4.309341,4.346289,84.78153,75.86892,5.3494616,3.3968287
23.0,120.0,2016-07-01,2016-10-08,99,25,26.199175,27.250835,25.529985,82.25278,5.8566103,3.383484,86.29581,76.43765,6.8413215,4.659349
25.0,121.0,2016-07-01,2016-10-08,99,25,25.581028,26.492073,24.889185,80.73248,7.9550114,5.936891,84.16751,76.6616,8.858577,6.816643
25.0,120.0,2016-07-01,2016-10-08,99,25,24.740623,26.12023,23.774815,79.43932,7.8804154,2.7841234,83.8406,73.35386,8.903199,6.592848
24.0,121.0,2016-07-01,2016-10-08,99,25,24.086811,25.544397,23.100483,82.68953,5.7675185,10.050056,86.85134,77.11495,6.567272,4.7003813
24.0,122.0,2016-07-01,2016-10-08,99,25,24.923716,25.702541,24.30875,81.853455,5.842342,12.881172,85.07623,78.51515,6.6775117,4.8839684
23.0,121.0,2016-07-01,2016-10-09,100,25,24.33065,25.980148,23.221313,84.0557,3.3031046,12.48253,88.71244,76.32796,3.9061375,2.7835574
23.0,120.0,2016-07-01,2016-10-09,100,25,26.123798,27.131226,25.38479,82.59423,6.585179,4.982217,86.39822,77.08485,7.6122026,5.57908
25.0,122.0,2016-07-01,2016-10-09,100,25,26.304873,26.655418,25.882418,79.890945,8.815991,10.502555,82.61744,77.01467,10.006534,7.378998
24.0,120.0,2016-07-01,2016-10-09,100,25,25.79948,26.625835,25.107393,81.58354,9.49565,4.4396276,85.120384,77.5007,10.835568,7.8980236
25.0,120.0,2016-07-01,2016-10-09,100,25,24.611713,26.011236,23.579273,79.32658,8.184907,6.0277586,83.992645,73.91116,9.408046,6.834586
24.0,121.0,2016-07-01,2016-10-09,100,25,24.011782,25.491905,22.938026,82.981125,6.2063203,11.897802,86.96572,77.12037,7.1626525,5.0057173
22.0,121.0,2016-07-01,2016-10-09,100,25,26.622408,27.51902,25.950865,82.139015,6.1356773,7.7053003,85.45419,77.470245,6.9978266,5.2070327
25.0,121.0,2016-07-01,2016-10-09,100,25,25.431772,26.255054,24.731274,80.71292,8.522154,6.7046413,84.11901,77.13916,9.712393,7.1368036
24.0,122.0,2016-07-01,2016-10-09,100,25,24.898548,25.763506,24.200346,82.01379,6.605028,15.715859,85.24502,78.529854,7.534699,5.511074
23.0,122.0,2016-07-01,2016-10-09,100,25,25.118647,25.975595,24.449688,82.7292,7.0013413,13.143215,85.67747,79.27453,7.8798265,5.9661427
22.0,120.0,2016-07-01,2016-10-09,100,25,26.703342,27.62566,25.995424,81.503204,4.711535,6.783379,85.0536,76.63657,5.8614125,3.6747046
22.0,122.0,2016-07-01,2016-10-09,100,25,27.412186,27.733826,27.056011,80.995834,9.908479,8.371511,83.22942,78.69103,11.1377535,8.557169
25.0,120.0,2016-07-01,2016-10-10,101,25,24.294462,25.66833,23.350636,77.80545,8.356083,8.888104,83.04141,71.320984,9.387116,7.285307
25.0,121.0,2016-07-01,2016-10-10,101,25,25.1771,25.98834,24.569252,79.68205,8.844026,13.910381,83.759865,75.477974,9.810934,7.819826
24.0,121.0,2016-07-01,2016-10-10,101,25,23.744146,25.237799,22.78581,82.22489,6.232424,17.31645,86.62742,75.542595,7.1742187,5.2469525
25.0,122.0,2016-07-01,2016-10-10,101,25,26.12146,26.486822,25.70151,79.44121,9.317674,17.852032,82.9332,76.220535,10.541267,7.98191
22.0,120.0,2016-07-01,2016-10-10,101,25,26.372849,27.203619,25.681753,81.73937,5.32539,10.865327,85.04205,77.308174,6.126909,4.5019774
22.0,121.0,2016-07-01,2016-10-10,101,25,26.323477,27.192965,25.577402,82.42962,6.3542137,10.879375,86.28998,78.02721,7.388108,5.3184576
24.0,122.0,2016-07-01,2016-10-10,101,25,24.702602,25.67986,23.987417,81.903656,6.7439656,21.296547,85.89037,77.40085,7.770819,5.563089
24.0,120.0,2016-07-01,2016-10-10,101,25,25.498125,26.321793,24.903515,80.261536,9.7282295,7.6347446,83.95145,75.95097,10.896538,8.32532
22.0,122.0,2016-07-01,2016-10-10,101,25,27.19396,27.615442,26.75307,81.373314,9.577221,12.764141,84.716515,78.20279,10.933998,8.138767
23.0,122.0,2016-07-01,2016-10-10,101,25,24.91763,25.87995,24.175772,82.72384,6.723722,18.221601,86.27829,78.44705,7.656949,5.6502934
23.0,121.0,2016-07-01,2016-10-10,101,25,24.049307,25.659075,22.943321,83.92494,3.488813,16.342323,88.67161,76.36805,4.099902,2.9022431
23.0,120.0,2016-07-01,2016-10-10,101,25,25.80847,26.737259,25.094667,81.879074,6.8816543,6.620032,85.55737,76.96782,7.7704077,5.9477406
25.0,120.0,2016-07-01,2016-10-11,102,25,24.36365,25.726387,23.40722,79.53054,7.6386333,5.199315,84.08304,73.16902,9.132591,6.1100245
22.0,121.0,2016-07-01,2016-10-11,102,25,26.297121,27.149307,25.699072,83.246185,5.9344916,8.198887,86.20665,78.93295,6.655166,5.2854185
24.0,121.0,2016-07-01,2016-10-11,102,25,23.796099,25.216875,22.812305,83.501076,5.4125338,10.671711,87.272125,78.121254,6.5221686,4.247011
24.0,122.0,2016-07-01,2016-10-11,102,25,24.615574,25.426506,23.921894,82.97844,5.9410777,15.827973,86.16728,79.755806,7.167644,4.6588044
25.0,121.0,2016-07-01,2016-10-11,102,25,25.33496,26.103758,24.678438,80.68059,7.88254,8.042331,83.89074,77.2096,9.274795,6.3779893
23.0,120.0,2016-07-01,2016-10-11,102,25,25.925318,26.921919,25.274073,82.45563,6.0628138,2.6901538,85.75388,77.27202,7.168424,4.846608
25.0,122.0,2016-07-01,2016-10-11,102,25,26.141401,26.485117,25.735786,80.259636,8.387676,13.168973,83.07496,78.002785,9.64823,7.008951
23.0,121.0,2016-07-01,2016-10-11,102,25,24.032852,25.610468,23.000708,84.65664,3.0523612,10.09311,88.7417,77.68217,3.6534758,2.4459882
22.0,122.0,2016-07-01,2016-10-11,102,25,27.075329,27.453232,26.667553,82.56654,8.908821,12.092014,85.24365,79.76903,10.202961,7.5020137
22.0,120.0,2016-07-01,2016-10-11,102,25,26.403624,27.352652,25.723984,82.04756,4.910372,6.105686,85.39516,77.046906,5.83436,4.153058
24.0,120.0,2016-07-01,2016-10-11,102,25,25.682373,26.527544,25.066797,81.37425,8.573058,3.3017309,84.63835,77.60494,10.331533,6.5590725
23.0,122.0,2016-07-01,2016-10-11,102,25,24.809454,25.609272,24.165699,83.81549,5.9448566,13.954194,87.01234,80.55529,7.0018067,4.777179
25.0,122.0,2016-07-01,2016-10-12,103,25,26.083803,26.478552,25.66205,80.2179,7.7305646,8.216077,82.51963,77.70229,8.718593,6.6027875
22.0,122.0,2016-07-01,2016-10-12,103,25,27.135391,27.525757,26.713413,81.97032,9.178807,9.670545,84.597206,79.22699,10.277238,8.077397
22.0,120.0,2016-07-01,2016-10-12,103,25,26.446531,27.434135,25.693813,82.04701,4.7460847,7.3624973,85.596886,77.056274,5.541983,3.9265363
24.0,122.0,2016-07-01,2016-10-12,103,25,24.539423,25.371538,23.835997,82.69797,5.643301,11.557752,85.897255,79.061775,6.4084325,4.657759
22.0,121.0,2016-07-01,2016-10-12,103,25,26.359276,27.26735,25.665937,82.5795,5.9327326,7.9301195,85.97405,78.07435,6.6017494,5.237088
25.0,120.0,2016-07-01,2016-10-12,103,25,24.301872,25.66334,23.291147,79.69318,7.8819385,2.9890125,84.12562,73.86059,8.87561,6.7402077
23.0,121.0,2016-07-01,2016-10-12,103,25,23.999205,25.604162,22.869678,84.309944,3.0115833,8.922246,88.81138,77.122406,3.4446507,2.5065699
24.0,121.0,2016-07-01,2016-10-12,103,25,23.680809,25.089785,22.639463,83.71119,5.57174,8.914021,87.759026,77.89067,6.45016,4.59939
23.0,122.0,2016-07-01,2016-10-12,103,25,24.773443,25.621496,24.053911,83.56469,6.2176666,10.652597,87.00662,79.8506,7.0030284,5.328375
24.0,120.0,2016-07-01,2016-10-12,103,25,25.566824,26.444609,24.910873,81.99281,8.393542,3.096742,85.46846,77.73477,9.625565,6.9204836
25.0,121.0,2016-07-01,2016-10-12,103,25,25.238564,26.060144,24.5523,81.10523,7.6201863,5.5903406,84.47045,77.320366,8.627481,6.45891
23.0,120.0,2016-07-01,2016-10-12,103,25,25.891174,26.939112,25.148603,82.53503,5.7413635,3.0744848,86.20173,77.189575,6.536478,4.8318424
23.0,120.0,2016-07-01,2016-10-13,104,25,25.787989,26.780855,25.061708,82.14953,6.5982094,4.1043873,85.74464,76.868675,7.596976,5.5614247
23.0,121.0,2016-07-01,2016-10-13,104,25,23.950743,25.533058,22.87296,83.48466,3.4028692,12.487278,87.638504,76.05394,3.900846,2.884444
22.0,120.0,2016-07-01,2016-10-13,104,25,26.4322,27.33451,25.796982,81.00613,5.1310163,6.069426,84.083244,76.51474,6.0695844,4.1115613
22.0,122.0,2016-07-01,2016-10-13,104,25,27.004711,27.308636,26.64148,81.76788,9.745236,11.830532,84.25712,79.56152,10.807854,8.481407
25.0,121.0,2016-07-01,2016-10-13,104,25,25.090689,25.936525,24.336103,79.60649,8.951672,8.853839,83.04153,75.74545,9.969271,7.809978
24.0,121.0,2016-07-01,2016-10-13,104,25,23.61252,25.019907,22.584497,82.64056,6.5283527,13.152239,86.36291,76.8041,7.510565,5.5016437
22.0,121.0,2016-07-01,2016-10-13,104,25,26.272,27.187183,25.56568,82.11356,6.317099,8.8764305,85.611115,77.2754,7.121334,5.6041203
25.0,120.0,2016-07-01,2016-10-13,104,25,24.108757,25.424437,23.042944,78.48639,8.896903,4.7785277,82.9972,73.105545,9.963941,7.838342
23.0,122.0,2016-07-01,2016-10-13,104,25,24.681894,25.488012,24.036283,83.00876,7.0516577,15.410247,85.879906,79.25644,7.7993574,6.0844116
24.0,120.0,2016-07-01,2016-10-13,104,25,25.443995,26.287294,24.74627,81.36029,9.686506,4.8105726,84.826836,77.24348,11.182684,7.964282
24.0,122.0,2016-07-01,2016-10-13,104,25,24.46092,25.270714,23.804873,81.66994,6.536242,16.179895,84.43172,77.9758,7.451682,5.4952025
25.0,122.0,2016-07-01,2016-10-13,104,25,25.925993,26.312891,25.48084,78.79731,8.983405,11.861039,81.60316,76.22895,10.138122,7.8010974
25.0,122.0,2016-07-01,2016-10-14,105,25,25.704195,26.066753,25.310932,77.478676,9.547362,11.440486,79.76111,75.347374,10.391402,8.447354
23.0,122.0,2016-07-01,2016-10-14,105,25,24.500229,25.28341,23.817608,82.640564,7.534489,15.592695,85.53818,79.525635,8.316097,6.628669
24.0,120.0,2016-07-01,2016-10-14,105,25,25.326502,26.19662,24.63223,79.83005,9.844197,4.0683546,83.38278,75.63596,11.07428,8.232573
24.0,122.0,2016-07-01,2016-10-14,105,25,24.220243,24.994106,23.595322,81.205574,7.1671624,16.384632,83.7148,78.14397,7.961978,6.2364793
22.0,121.0,2016-07-01,2016-10-14,105,25,26.129911,27.071386,25.38456,81.84285,6.579102,7.9672756,85.33765,76.97462,7.2868237,5.782654
25.0,121.0,2016-07-01,2016-10-14,105,25,24.89189,25.67247,24.22922,78.07812,9.04479,7.4521422,81.43507,74.30155,9.981401,7.8133473
25.0,120.0,2016-07-01,2016-10-14,105,25,23.844883,25.16066,22.833813,77.59514,8.808802,4.245968,81.89594,72.1493,9.846944,7.5577393
24.0,121.0,2016-07-01,2016-10-14,105,25,23.394903,24.800087,22.408272,81.967636,6.5691414,12.369739,85.77582,76.370285,7.4648967,5.4615865
22.0,122.0,2016-07-01,2016-10-14,105,25,26.9159,27.27872,26.47793,81.054985,10.608581,9.555706,83.808876,78.15333,11.601799,9.606474
22.0,120.0,2016-07-01,2016-10-14,105,25,26.266558,27.240606,25.572744,80.80785,5.006488,7.4188695,84.387024,75.73631,5.9424024,4.230538
23.0,121.0,2016-07-01,2016-10-14,105,25,23.715805,25.295357,22.655283,83.596565,3.4616935,14.009744,88.040985,76.25185,3.9464016,2.989124
23.0,120.0,2016-07-01,2016-10-14,105,25,25.653547,26.700756,24.887598,81.36775,6.5513244,5.67113,85.14615,75.605774,7.4716315,5.655978
25.0,122.0,2016-07-01,2016-10-15,106,25,25.72582,26.08875,25.345108,77.65162,9.0477705,8.9588,80.92548,74.55347,10.091918,8.013588
23.0,122.0,2016-07-01,2016-10-15,106,25,24.462042,25.2837,23.849644,82.64482,7.2428713,11.364206,85.840996,78.92887,8.07941,6.236729
24.0,122.0,2016-07-01,2016-10-15,106,25,24.222084,25.016539,23.634077,81.16385,6.7726574,12.119812,84.35747,77.12631,7.5520744,5.8921843
24.0,120.0,2016-07-01,2016-10-15,106,25,25.183592,26.02625,24.566303,80.15401,9.101499,2.9205897,83.54542,75.933685,10.021402,7.7525954
25.0,120.0,2016-07-01,2016-10-15,106,25,23.8293,25.199074,22.905186,77.78266,8.180494,3.1134582,81.88257,71.9116,8.968971,7.2056212
24.0,121.0,2016-07-01,2016-10-15,106,25,23.324472,24.71277,22.387592,82.27815,6.227345,8.543161,86.41282,76.49942,6.8913026,5.304726
22.0,121.0,2016-07-01,2016-10-15,106,25,26.08127,26.976597,25.433252,81.26125,6.557746,7.7243724,84.86829,76.36603,7.305005,5.9138293
25.0,121.0,2016-07-01,2016-10-15,106,25,24.841911,25.698448,24.199879,78.595245,8.447958,5.411434,82.11656,74.4727,9.252791,7.4386125
23.0,120.0,2016-07-01,2016-10-15,106,25,25.496634,26.434776,24.84047,81.29922,6.3154187,3.7705102,84.98083,75.86244,6.974293,5.499191
23.0,121.0,2016-07-01,2016-10-15,106,25,23.631865,25.138056,22.654213,83.50014,3.38904,9.422072,88.044716,76.26219,3.8352523,2.93009
22.0,120.0,2016-07-01,2016-10-15,106,25,26.178091,27.097536,25.51797,80.38164,5.075187,5.4749293,84.13835,75.15815,5.9183464,4.170414
22.0,122.0,2016-07-01,2016-10-15,106,25,26.913155,27.223896,26.557598,80.58957,10.392185,9.675989,83.508415,78.05785,11.452737,9.2445135
22.0,122.0,2016-07-01,2016-10-16,107,25,26.859509,27.187963,26.520708,79.86123,10.538543,13.08633,82.56502,77.66552,11.8130245,9.204351
22.0,120.0,2016-07-01,2016-10-16,107,25,26.10959,27.036812,25.450567,80.13479,5.348784,7.1479173,83.70871,75.241844,6.3876586,4.215932
23.0,121.0,2016-07-01,2016-10-16,107,25,23.625494,25.206532,22.619492,83.040215,3.645254,12.946255,87.27287,75.69211,4.254747,3.003628
23.0,120.0,2016-07-01,2016-10-16,107,25,25.470026,26.465008,24.812124,80.82684,6.602831,4.217009,84.49644,75.38187,7.2874646,5.842069
24.0,121.0,2016-07-01,2016-10-16,107,25,23.234165,24.651484,22.343365,81.798256,6.4193754,11.519251,85.339264,75.700005,7.135866,5.5699043
25.0,120.0,2016-07-01,2016-10-16,107,25,23.682922,25.113625,22.733192,77.60919,8.213191,3.0756617,81.97289,71.60461,9.073985,7.244708
25.0,121.0,2016-07-01,2016-10-16,107,25,24.70988,25.584839,24.055157,77.990204,8.714626,6.529331,81.72054,73.82598,9.436936,7.8601537
22.0,121.0,2016-07-01,2016-10-16,107,25,26.008156,26.900976,25.3323,80.94829,6.7121077,10.648279,84.49458,76.35023,7.604839,5.896253
24.0,120.0,2016-07-01,2016-10-16,107,25,25.073187,25.934532,24.50333,79.653046,9.39667,2.840066,83.01639,75.360985,10.352365,8.238337
24.0,122.0,2016-07-01,2016-10-16,107,25,24.191397,25.024015,23.524696,80.20845,7.1581573,16.083767,83.5195,76.55087,8.035617,6.0300255
23.0,122.0,2016-07-01,2016-10-16,107,25,24.474756,25.27606,23.891163,81.78297,7.502993,15.364771,84.764824,78.20456,8.481281,6.3237247
25.0,122.0,2016-07-01,2016-10-16,107,25,25.652746,26.021809,25.163984,76.5994,9.530603,11.058749,80.02076,74.07931,10.584663,8.416083
23.0,120.0,2016-07-01,2016-10-17,108,25,25.397446,26.423193,24.6988,80.7355,6.57339,3.9033935,84.76723,75.02488,7.4579964,5.525875
23.0,121.0,2016-07-01,2016-10-17,108,25,23.550072,25.208376,22.484137,82.6516,3.5065246,8.661358,87.34927,74.87996,4.0802913,2.9015687
22.0,120.0,2016-07-01,2016-10-17,108,25,26.060955,26.980585,25.39358,79.431,5.619063,4.7050686,82.82212,74.53639,6.582966,4.7344637
22.0,122.0,2016-07-01,2016-10-17,108,25,26.828232,27.114052,26.51503,79.790634,10.612745,10.130176,82.445244,76.97786,11.945473,9.301395
25.0,120.0,2016-07-01,2016-10-17,108,25,23.657822,25.145918,22.607206,77.85594,8.105945,4.385646,82.33506,71.608376,9.138812,6.852788
24.0,121.0,2016-07-01,2016-10-17,108,25,23.179214,24.605423,22.19477,81.629974,6.0964093,8.3495,85.76434,75.448715,7.0531,5.0024166
23.0,122.0,2016-07-01,2016-10-17,108,25,24.408699,25.297657,23.733746,81.61341,7.476601,11.532771,84.995514,77.595695,8.440539,6.357821
22.0,121.0,2016-07-01,2016-10-17,108,25,25.967731,26.883629,25.318892,80.65869,6.7688365,7.2374096,84.440735,75.42604,7.5590205,5.972617
24.0,122.0,2016-07-01,2016-10-17,108,25,24.115135,24.991386,23.439756,80.41684,6.9514894,12.933847,83.898094,76.12608,7.8267436,5.7761974
24.0,120.0,2016-07-01,2016-10-17,108,25,25.021069,25.837988,24.384483,79.78269,9.224707,3.6192896,83.208565,75.42324,10.422632,7.6598387
25.0,122.0,2016-07-01,2016-10-17,108,25,25.559973,25.907034,25.18328,77.28679,9.593283,10.398748,80.14667,74.133446,10.749982,8.294403
25.0,121.0,2016-07-01,2016-10-17,108,25,24.638233,25.402407,23.983076,78.3496,8.621781,5.8491883,81.74183,74.69841,9.776174,7.300282
24.0,120.0,2016-07-01,2016-10-18,109,25,24.879515,25.720081,24.22018,79.714676,9.295906,2.4882386,83.38092,75.125885,10.397613,7.9038196
24.0,122.0,2016-07-01,2016-10-18,109,25,24.012405,24.849237,23.360098,80.659615,7.2035885,12.195881,83.8863,76.95819,8.022569,6.280849
25.0,121.0,2016-07-01,2016-10-18,109,25,24.549854,25.402422,23.804707,77.9611,8.552244,4.3150206,81.89277,73.90219,9.460453,7.4449906
25.0,120.0,2016-07-01,2016-10-18,109,25,23.517876,24.95833,22.49439,77.44065,7.911325,2.7952442,82.235146,71.20153,8.935931,6.70242
24.0,121.0,2016-07-01,2016-10-18,109,25,23.07924,24.495806,22.1177,81.51613,6.3168483,7.034143,85.7739,75.57827,7.0966954,5.259369
25.0,122.0,2016-07-01,2016-10-18,109,25,25.46881,25.83978,24.991514,77.24999,9.488194,9.446855,80.29063,74.369255,10.534911,8.358158
22.0,121.0,2016-07-01,2016-10-18,109,25,25.81598,26.719336,25.128609,81.867966,6.398154,7.4342504,85.679085,76.90502,7.427866,5.247707
23.0,122.0,2016-07-01,2016-10-18,109,25,24.27977,25.112038,23.627623,82.37853,7.6209974,9.552163,85.60062,78.73616,8.693357,6.4750366
22.0,122.0,2016-07-01,2016-10-18,109,25,26.666767,26.99933,26.29291,81.07989,10.496517,8.923196,84.141945,77.80517,12.06547,8.861527
22.0,120.0,2016-07-01,2016-10-18,109,25,25.895351,26.795927,25.253487,80.2747,5.22176,4.9665895,84.04312,75.19227,6.3707886,4.3446774
23.0,121.0,2016-07-01,2016-10-18,109,25,23.430946,24.959898,22.43456,83.2885,3.5055072,8.060159,87.792435,76.26053,4.029399,2.955599
23.0,120.0,2016-07-01,2016-10-18,109,25,25.23667,26.152212,24.597534,81.40033,6.448221,3.4895191,85.07735,76.248436,7.183681,5.6450825
24.0,120.0,2016-07-01,2016-10-19,110,25,24.598913,25.402094,23.920626,78.67019,10.221219,2.4898462,82.23891,74.83295,11.597213,8.539786
25.0,121.0,2016-07-01,2016-10-19,110,25,24.195202,24.956123,23.44685,76.91635,9.223041,5.5803623,80.974014,72.87539,10.414307,7.931797
25.0,120.0,2016-07-01,2016-10-19,110,25,23.122564,24.459723,22.005093,75.90659,8.728531,3.7245886,80.90025,70.52154,9.809486,7.563164
24.0,121.0,2016-07-01,2016-10-19,110,25,22.81242,24.172466,21.7425,80.52932,6.8486485,6.957605,84.471756,75.56343,7.688488,5.7367187
23.0,122.0,2016-07-01,2016-10-19,110,25,24.071138,24.901924,23.316435,80.75836,8.039141,8.922634,84.5174,76.76906,8.8067875,7.0916305
24.0,122.0,2016-07-01,2016-10-19,110,25,23.749563,24.545338,22.98396,79.66885,7.4460454,9.313879,83.251785,75.81473,8.382137,6.2253375
25.0,122.0,2016-07-01,2016-10-19,110,25,25.118523,25.520615,24.609482,76.192085,9.732077,7.9146557,79.60241,72.24964,10.9384775,8.405463
22.0,121.0,2016-07-01,2016-10-19,110,25,25.678589,26.60504,24.877182,80.35853,6.901929,3.5542872,84.07484,75.58553,7.6971874,6.125497
23.0,120.0,2016-07-01,2016-10-19,110,25,25.02466,25.974154,24.281898,80.562836,6.8874207,1.757727,84.04228,75.84397,7.738914,5.7617407
23.0,121.0,2016-07-01,2016-10-19,110,25,23.232916,24.784859,22.10501,82.525764,3.5600643,6.24625,86.72566,75.95164,3.9916146,3.070003
22.0,120.0,2016-07-01,2016-10-19,110,25,25.736994,26.649124,25.008896,79.92554,4.948255,3.32479,83.26437,75.45682,5.887469,4.0273323
22.0,122.0,2016-07-01,2016-10-19,110,25,26.518892,26.88264,26.083878,78.76766,11.349585,6.2453394,82.133606,75.486046,12.422866,10.256574
22.0,122.0,2016-07-01,2016-10-20,111,25,26.34033,26.638872,25.972544,77.48895,11.265105,4.769939,81.22265,74.44847,12.522513,10.11737
22.0,120.0,2016-07-01,2016-10-20,111,25,25.64556,26.57706,24.956728,77.94602,5.0052595,4.4277368,81.45404,72.9878,5.9107747,4.2395363
23.0,121.0,2016-07-01,2016-10-20,111,25,22.964361,24.475658,21.875616,80.88624,3.6997597,8.893071,85.637474,73.91224,4.1937065,3.2309852
23.0,120.0,2016-07-01,2016-10-20,111,25,24.871027,25.78828,24.15599,79.37984,6.915921,4.1472826,83.014824,74.32442,7.599837,6.0115414
22.0,121.0,2016-07-01,2016-10-20,111,25,25.509615,26.36212,24.843384,78.660355,7.142462,5.053657,82.3727,74.01482,7.812437,6.484456
25.0,122.0,2016-07-01,2016-10-20,111,25,24.98019,25.395771,24.486992,74.63337,9.306969,8.560111,78.38055,71.25475,10.389021,7.9147954
24.0,122.0,2016-07-01,2016-10-20,111,25,23.539745,24.285345,22.81502,77.812546,7.1867213,9.565683,81.749695,73.9482,8.226191,5.8846974
23.0,122.0,2016-07-01,2016-10-20,111,25,23.793404,24.540037,23.086288,79.51786,7.7887645,8.603763,83.41205,75.52158,8.746871,6.718768
25.0,120.0,2016-07-01,2016-10-20,111,25,22.748344,24.050835,21.729364,75.887245,8.79503,6.648799,80.61999,69.74082,9.839081,7.626236
25.0,121.0,2016-07-01,2016-10-20,111,25,23.961586,24.690815,23.332125,76.30698,8.936267,9.377067,80.15684,72.37318,10.0560875,7.363062
24.0,121.0,2016-07-01,2016-10-20,111,25,22.506443,23.83734,21.51689,79.67747,6.722619,10.388137,84.1739,73.92101,7.6875234,5.660322
24.0,120.0,2016-07-01,2016-10-20,111,25,24.407265,25.171423,23.77439,78.23231,10.090965,5.66369,81.71749,74.22582,11.270033,8.455515
24.0,122.0,2016-07-01,2016-10-21,112,25,23.608652,24.443132,22.884039,78.60424,6.3857546,9.880864,82.67724,74.36707,7.272483,5.4119368
25.0,122.0,2016-07-01,2016-10-21,112,25,25.211086,25.575249,24.814917,75.06902,8.540257,4.410898,78.5855,72.03021,9.50969,7.5171604
23.0,122.0,2016-07-01,2016-10-21,112,25,23.88517,24.723553,23.135292,80.10614,7.0900326,9.205219,84.16963,75.9337,8.013636,6.058533
22.0,121.0,2016-07-01,2016-10-21,112,25,25.58049,26.569761,24.801542,79.35269,6.8771257,4.040723,83.50247,74.03923,7.7679515,6.0942745
24.0,120.0,2016-07-01,2016-10-21,112,25,24.612442,25.627928,23.821339,78.510605,8.982701,1.1034045,82.61062,73.521416,10.0190525,7.5962768
24.0,121.0,2016-07-01,2016-10-21,112,25,22.661911,24.223156,21.521538,80.256165,6.0693474,7.9924316,85.20566,73.91963,6.819286,5.096182
25.0,121.0,2016-07-01,2016-10-21,112,25,24.279137,25.236597,23.487886,76.52057,8.105193,2.5322387,80.414764,72.23623,8.975894,6.9931445
25.0,120.0,2016-07-01,2016-10-21,112,25,23.085056,24.590523,22.015059,76.89383,8.103169,2.041808,81.58291,70.69809,9.043177,7.00119
23.0,120.0,2016-07-01,2016-10-21,112,25,24.965689,26.105644,24.142359,79.572014,6.304025,2.0711012,83.847176,73.359055,7.024072,5.4939246
23.0,121.0,2016-07-01,2016-10-21,112,25,23.009232,24.698603,21.831284,81.40042,3.367632,8.99251,86.560905,73.49241,3.8782618,2.895998
22.0,122.0,2016-07-01,2016-10-21,112,25,26.458307,26.812515,26.070053,78.24936,10.607163,4.259226,81.54361,75.131004,11.817929,9.414708
22.0,120.0,2016-07-01,2016-10-21,112,25,25.719326,26.73994,24.9573,78.25504,5.243407,3.229878,82.08902,72.64787,6.2733345,4.329173
22.0,122.0,2016-07-01,2016-10-22,113,25,26.370176,26.681475,26.059498,78.8425,10.637046,7.220178,81.651505,76.11288,11.719868,9.457422
23.0,120.0,2016-07-01,2016-10-22,113,25,24.98728,26.12768,24.244078,79.9915,5.9887652,1.7709765,84.008064,73.47333,6.9793315,4.8975005
23.0,121.0,2016-07-01,2016-10-22,113,25,23.059874,24.880316,21.961632,81.587006,3.321591,6.789563,86.71534,72.72219,3.894335,2.722774
25.0,122.0,2016-07-01,2016-10-22,113,25,25.162134,25.579042,24.696074,75.72675,8.188233,5.773053,78.72677,72.74186,9.333233,6.96967
24.0,122.0,2016-07-01,2016-10-22,113,25,23.623323,24.566534,22.905903,78.81048,6.1176524,9.028352,82.590744,74.3797,6.9178386,4.997414
23.0,122.0,2016-07-01,2016-10-22,113,25,23.882652,24.82576,23.232944,80.38779,7.025499,9.190688,84.09756,75.77335,7.8585906,6.0044646
22.0,121.0,2016-07-01,2016-10-22,113,25,25.545887,26.554348,24.825151,79.84953,6.912183,4.7998195,83.77309,74.44318,7.7909184,6.0446815
24.0,120.0,2016-07-01,2016-10-22,113,25,24.634102,25.62798,23.965733,79.08326,8.47956,1.3104712,82.89156,74.25378,9.911917,6.6439104
25.0,121.0,2016-07-01,2016-10-22,113,25,24.265932,25.227856,23.537983,77.324326,7.736631,3.0533302,81.35309,73.332985,8.831439,6.404484
22.0,120.0,2016-07-01,2016-10-22,113,25,25.731321,26.812456,24.975351,78.55857,5.300868,2.6199536,82.428055,72.77104,6.411774,4.217436
25.0,120.0,2016-07-01,2016-10-22,113,25,23.164108,24.648586,22.186733,77.9508,7.6797447,1.434375,82.53398,71.66915,8.889426,6.2106266
24.0,121.0,2016-07-01,2016-10-22,113,25,22.71275,24.377789,21.686054,80.60587,5.760398,6.295503,85.23305,73.63274,6.5754743,4.6099143
24.0,122.0,2016-07-01,2016-10-23,114,25,23.50359,24.273897,22.837002,80.50704,6.274525,12.898877,83.80289,76.98719,7.191496,5.2396264
24.0,120.0,2016-07-01,2016-10-23,114,25,24.504173,25.42605,23.783438,79.415344,8.622952,3.2715063,83.222855,74.73958,9.931642,7.0869536
24.0,121.0,2016-07-01,2016-10-23,114,25,22.590155,24.039867,21.568184,81.53899,5.9006405,9.595659,85.95328,75.24397,6.8124003,4.836961
23.0,122.0,2016-07-01,2016-10-23,114,25,23.726353,24.46166,23.10898,82.25196,7.0002813,11.785305,85.29912,78.77372,7.7417006,6.2243843
23.0,120.0,2016-07-01,2016-10-23,114,25,24.836842,25.811226,24.092617,80.3064,6.001861,3.5501294,84.295456,74.4999,6.914354,5.0192223
25.0,122.0,2016-07-01,2016-10-23,114,25,25.022026,25.431263,24.573013,77.109856,8.568738,9.495863,80.52294,74.126945,9.562321,7.360285
22.0,121.0,2016-07-01,2016-10-23,114,25,25.368643,26.225132,24.660341,80.88327,6.5552144,6.393467,84.9398,76.11458,7.3387814,5.8115826
23.0,121.0,2016-07-01,2016-10-23,114,25,22.916786,24.438536,21.875488,82.49449,3.272922,9.901157,87.10375,74.992294,3.7870753,2.7381449
22.0,122.0,2016-07-01,2016-10-23,114,25,26.179974,26.507252,25.820024,80.776215,10.252033,8.289814,83.53854,78.14868,11.313838,9.151236
25.0,121.0,2016-07-01,2016-10-23,114,25,24.122602,25.023985,23.390087,78.00565,8.206734,6.218588,81.98594,73.68054,9.115983,7.1364617
25.0,120.0,2016-07-01,2016-10-23,114,25,22.955944,24.44235,21.913092,78.00177,7.9648714,3.3127062,83.04336,71.30426,9.084338,6.7505436
22.0,120.0,2016-07-01,2016-10-23,114,25,25.557024,26.441692,24.819883,79.002686,4.9504867,4.5767503,82.79219,74.17474,5.8030853,4.138303
23.0,122.0,2016-07-01,2016-10-24,115,25,23.614796,24.35969,22.910532,81.4893,7.0817747,11.208782,85.250725,77.922455,7.8839326,6.2001133
22.0,121.0,2016-07-01,2016-10-24,115,25,25.21792,26.07299,24.467392,80.66138,6.7890167,6.017119,84.7008,75.77604,7.501253,6.049911
25.0,122.0,2016-07-01,2016-10-24,115,25,24.960655,25.397861,24.377705,76.05472,8.433983,7.4450526,79.66023,73.22308,9.60032,7.0610824
24.0,122.0,2016-07-01,2016-10-24,115,25,23.360193,24.12683,22.671171,79.809494,6.364477,11.605808,83.54413,76.14496,7.3215556,5.266989
23.0,120.0,2016-07-01,2016-10-24,115,25,24.688744,25.706753,23.892017,80.567154,6.0376377,2.680337,84.57079,74.90161,6.868909,5.1218457
22.0,122.0,2016-07-01,2016-10-24,115,25,26.149647,26.551748,25.657555,79.43816,10.55291,8.145727,83.142815,76.15859,11.52843,9.467169
23.0,121.0,2016-07-01,2016-10-24,115,25,22.685635,24.147503,21.626123,82.90108,3.2735662,9.082915,87.62745,75.71703,3.7983615,2.7960334
25.0,121.0,2016-07-01,2016-10-24,115,25,24.032042,24.9691,23.177584,77.801,7.9308586,4.467743,81.24248,74.187904,8.991629,6.5946155
22.0,120.0,2016-07-01,2016-10-24,115,25,25.392654,26.277744,24.665766,79.28049,5.1160564,5.1089087,83.26141,73.95316,6.129133,4.1382704
25.0,120.0,2016-07-01,2016-10-24,115,25,22.811287,24.26754,21.679844,78.01678,7.871929,2.6321044,83.10989,71.91745,9.062512,6.6545515
24.0,120.0,2016-07-01,2016-10-24,115,25,24.413862,25.373806,23.621187,79.50132,8.677454,2.24515,82.75966,75.3249,10.0340805,7.1022115
24.0,121.0,2016-07-01,2016-10-24,115,25,22.417261,23.824951,21.39857,81.75154,5.7859654,8.609597,85.52047,76.45753,6.6791515,4.672362
23.0,121.0,2016-07-01,2016-10-25,116,25,22.714886,24.254414,21.748169,81.94007,3.5347815,9.018601,86.49938,74.633675,4.0387707,2.91459
25.0,121.0,2016-07-01,2016-10-25,116,25,23.73344,24.539534,23.124615,76.856544,8.343856,2.83787,81.00911,72.46089,9.217677,7.3460436
25.0,122.0,2016-07-01,2016-10-25,116,25,24.715805,25.095043,24.285767,75.30101,8.855538,5.690961,79.466095,72.08413,9.93919,7.6307607
24.0,122.0,2016-07-01,2016-10-25,116,25,23.261934,23.997036,22.68006,79.108574,6.671333,10.983328,83.2804,75.2013,7.5880504,5.4635725
25.0,120.0,2016-07-01,2016-10-25,116,25,22.543404,23.89619,21.554668,76.691795,8.068952,1.1572692,81.29908,70.63731,8.952824,6.974182
22.0,121.0,2016-07-01,2016-10-25,116,25,25.298735,26.238955,24.593666,79.612206,6.998022,4.313701,83.60415,74.50931,7.6640058,6.1854167
23.0,122.0,2016-07-01,2016-10-25,116,25,23.583284,24.340351,23.014854,80.72832,7.330697,9.770852,84.65098,76.37125,8.203504,6.2642145
23.0,120.0,2016-07-01,2016-10-25,116,25,24.639395,25.651007,23.894194,79.92134,6.3602343,2.27604,83.77817,74.26485,7.1940765,5.5164924
22.0,122.0,2016-07-01,2016-10-25,116,25,26.169207,26.486496,25.764238,78.56955,10.8189745,5.0668797,82.18875,75.09413,11.859585,9.436073
22.0,120.0,2016-07-01,2016-10-25,116,25,25.38102,26.344297,24.630024,78.92972,5.2122135,4.4653835,82.7177,73.779465,6.0869446,4.295197
24.0,120.0,2016-07-01,2016-10-25,116,25,24.183693,25.019936,23.556372,78.90656,9.065692,1.3965259,82.73926,74.15521,10.213659,7.697183
24.0,121.0,2016-07-01,2016-10-25,116,25,22.265047,23.62269,21.4021,80.86003,6.201205,8.110076,84.79649,74.79327,7.0045805,5.136106
23.0,120.0,2016-07-01,2016-10-26,117,25,24.627525,25.688892,23.900015,80.7349,6.167387,1.6570166,84.85415,74.79295,6.876695,5.310664
22.0,122.0,2016-07-01,2016-10-26,117,25,26.259111,26.549326,25.87362,79.31717,10.38107,2.3996046,82.2706,76.67617,11.344695,9.188547
25.0,121.0,2016-07-01,2016-10-26,117,25,23.759336,24.609072,23.02731,77.41396,8.238123,3.297931,81.04266,73.78733,9.228344,7.1942883
22.0,120.0,2016-07-01,2016-10-26,117,25,25.383795,26.435043,24.65671,79.86823,4.794675,2.6412036,83.71937,74.1127,5.678072,4.0293365
25.0,122.0,2016-07-01,2016-10-26,117,25,24.74591,25.141464,24.285078,75.966606,8.614321,6.0735035,78.85766,73.43867,9.615525,7.404162
23.0,122.0,2016-07-01,2016-10-26,117,25,23.692787,24.526749,23.03351,81.42803,7.0837097,6.5761304,84.68328,77.403755,7.758391,6.213268
22.0,121.0,2016-07-01,2016-10-26,117,25,25.348572,26.327148,24.62078,80.612724,6.5880003,2.295132,84.60009,75.60769,7.3407598,5.76323
24.0,122.0,2016-07-01,2016-10-26,117,25,23.346724,24.170786,22.731148,79.90213,6.5231123,9.174399,82.91004,76.099014,7.3220363,5.625401
23.0,121.0,2016-07-01,2016-10-26,117,25,22.78447,24.484604,21.747797,82.9142,3.3171694,6.475427,87.762276,74.79676,3.8726447,2.7618237
25.0,120.0,2016-07-01,2016-10-26,117,25,22.469048,23.904015,21.388887,76.935295,7.924724,1.8211854,81.67587,70.77747,8.928383,6.8389463
24.0,120.0,2016-07-01,2016-10-26,117,25,24.183496,24.99272,23.511005,79.43174,8.976006,1.5831445,82.94277,75.46236,10.015661,7.77051
24.0,121.0,2016-07-01,2016-10-26,117,25,22.345587,23.786863,21.395376,81.51395,6.0618744,6.3826733,85.46337,75.45081,6.720699,5.2800603
25.0,121.0,2016-07-01,2016-10-27,118,25,23.563532,24.449932,22.82898,75.906395,8.470652,2.1452198,79.38331,72.257835,9.545562,7.250118
22.0,120.0,2016-07-01,2016-10-27,118,25,25.364473,26.412569,24.655039,79.40268,4.762802,2.5184522,83.15081,73.775764,5.7236423,3.7683494
22.0,122.0,2016-07-01,2016-10-27,118,25,26.227175,26.545742,25.838223,78.62379,10.290679,3.1098804,81.83286,75.819145,11.5573635,9.024596
23.0,120.0,2016-07-01,2016-10-27,118,25,24.537878,25.574299,23.831694,80.25963,6.323851,1.512273,83.75585,74.7027,7.1710286,5.495915
25.0,122.0,2016-07-01,2016-10-27,118,25,24.509356,24.911915,24.024693,74.46473,8.9802685,5.800322,78.45221,71.07105,10.166089,7.678729
24.0,122.0,2016-07-01,2016-10-27,118,25,23.199936,24.084454,22.449165,78.98193,6.859538,7.920066,82.52219,75.388596,7.812467,5.807806
23.0,121.0,2016-07-01,2016-10-27,118,25,22.719128,24.403404,21.62121,82.404045,3.3548632,5.1008644,86.72159,74.76239,3.8437917,2.8308544
22.0,121.0,2016-07-01,2016-10-27,118,25,25.31371,26.302114,24.591997,80.16906,6.3823743,2.855371,83.57443,75.13767,7.2580256,5.4744287
24.0,120.0,2016-07-01,2016-10-27,118,25,24.053123,24.914928,23.398964,78.58926,9.330628,0.670918,81.711174,74.72981,10.522295,8.125808
23.0,122.0,2016-07-01,2016-10-27,118,25,23.630339,24.473007,22.9254,80.650406,7.220244,5.3565965,83.83043,76.95422,8.232114,6.174549
24.0,121.0,2016-07-01,2016-10-27,118,25,22.239597,23.742771,21.204008,80.636475,6.365595,4.24146,84.10659,75.05578,7.2198014,5.4482603
25.0,120.0,2016-07-01,2016-10-27,118,25,22.329111,23.853857,21.263042,76.1964,8.024446,0.91978514,80.274536,70.27165,9.090346,6.9499817
25.0,122.0,2016-07-01,2016-10-28,119,25,24.164457,24.575493,23.714136,72.30208,8.743889,3.9874926,75.62859,69.21979,9.649347,7.5136013
24.0,122.0,2016-07-01,2016-10-28,119,25,22.900637,23.69124,22.266573,76.27433,6.743678,4.851428,79.71221,72.65589,7.523815,5.706224
24.0,121.0,2016-07-01,2016-10-28,119,25,21.991638,23.48736,20.98246,78.551544,6.555259,2.6306787,83.023445,72.33403,7.296441,5.6051307
25.0,120.0,2016-07-01,2016-10-28,119,25,22.018787,23.566801,20.950336,74.48013,8.22883,0.809696,79.97436,67.201355,9.141458,7.1458783
24.0,120.0,2016-07-01,2016-10-28,119,25,23.870258,24.805063,23.1818,76.81735,9.721238,0.8710559,80.921486,72.18648,10.647611,8.44936
23.0,122.0,2016-07-01,2016-10-28,119,25,23.325068,24.118492,22.653336,78.57351,7.7013354,3.8147388,81.809944,74.99699,8.498339,6.644437
23.0,120.0,2016-07-01,2016-10-28,119,25,24.386866,25.391321,23.660582,78.64704,6.594209,1.1200757,82.59838,73.24124,7.242196,5.8369093
23.0,121.0,2016-07-01,2016-10-28,119,25,22.502825,24.073801,21.420889,80.45969,3.420865,2.8818116,84.983925,73.32587,3.8491833,2.9193017
22.0,122.0,2016-07-01,2016-10-28,119,25,25.918999,26.220186,25.567286,76.879265,11.353577,2.9611695,80.17255,73.70762,12.370003,10.045525
22.0,121.0,2016-07-01,2016-10-28,119,25,25.0949,25.99537,24.387661,78.56439,7.0676885,2.023833,82.478836,73.989525,7.7901125,6.2342196
22.0,120.0,2016-07-01,2016-10-28,119,25,25.207573,26.17007,24.508217,78.064156,4.9597096,1.4337647,81.629776,72.951935,5.805356,4.223963
25.0,121.0,2016-07-01,2016-10-28,119,25,23.269424,24.169361,22.572495,74.331505,8.49873,1.7801635,78.649216,70.012985,9.351466,7.4053884
25.0,120.0,2016-07-01,2016-10-29,120,25,22.008883,23.6294,20.960308,74.94985,7.8055763,0.3904822,79.82858,67.852936,8.596502,6.9374638
24.0,121.0,2016-07-01,2016-10-29,120,25,21.901743,23.442566,20.90307,79.26975,6.316756,2.441565,83.3467,72.93298,6.9605556,5.496357
24.0,122.0,2016-07-01,2016-10-29,120,25,22.784117,23.56228,22.196474,77.33183,6.519785,3.7690797,80.41434,73.992966,7.2080936,5.7251463
25.0,122.0,2016-07-01,2016-10-29,120,25,24.154112,24.481201,23.76472,73.23315,8.33728,2.5965967,76.27039,70.80545,9.178731,7.381832
22.0,121.0,2016-07-01,2016-10-29,120,25,24.996391,25.957066,24.36251,78.21635,6.946562,2.1464648,81.983406,72.990875,7.677387,6.237928
22.0,122.0,2016-07-01,2016-10-29,120,25,25.841372,26.118784,25.547626,76.63655,11.092754,4.4331517,79.580505,74.126854,12.197643,10.066062
23.0,122.0,2016-07-01,2016-10-29,120,25,23.216911,24.047337,22.608727,78.76109,7.4702187,5.0505223,82.14777,74.92644,8.202848,6.7167664
24.0,120.0,2016-07-01,2016-10-29,120,25,23.803421,24.699306,23.182583,77.497375,9.47893,0.3852893,80.92053,73.34435,10.374202,8.320524
25.0,121.0,2016-07-01,2016-10-29,120,25,23.28603,24.176537,22.646221,74.93367,8.062464,1.2846435,78.383545,71.2472,8.882175,7.16572
23.0,121.0,2016-07-01,2016-10-29,120,25,22.37378,24.075006,21.350288,80.529686,3.3502338,2.7852,85.36286,72.41402,3.7334278,2.9177773
22.0,120.0,2016-07-01,2016-10-29,120,25,25.083534,26.107246,24.420504,77.474106,4.8609495,1.0914698,81.0854,71.71301,5.6552167,4.0895605
23.0,120.0,2016-07-01,2016-10-29,120,25,24.281029,25.304054,23.632402,78.68337,6.517951,0.7160938,82.65301,72.93691,7.137902,5.840411
24.0,121.0,2016-07-01,2016-10-30,121,25,21.700552,23.367565,20.588385,77.98194,6.224555,3.5512354,82.746826,71.11007,7.110617,4.9768376
23.0,122.0,2016-07-01,2016-10-30,121,25,23.053333,23.972729,22.327818,77.52024,7.6049666,5.446091,81.32151,73.57015,8.534633,6.48153
24.0,120.0,2016-07-01,2016-10-30,121,25,23.660305,24.676079,22.866158,75.94538,9.172277,0.43282714,80.50935,70.76665,10.26666,7.5321717
25.0,122.0,2016-07-01,2016-10-30,121,25,24.000813,24.391779,23.47234,70.97872,8.402487,3.472511,74.69269,67.58036,9.4042225,7.2708516
23.0,121.0,2016-07-01,2016-10-30,121,25,22.17476,23.892212,21.031866,79.586395,3.5477667,4.803086,84.10191,71.68118,4.079825,2.9443917
25.0,121.0,2016-07-01,2016-10-30,121,25,23.095444,24.11214,22.264961,73.05512,8.143589,1.1675171,77.99723,68.063324,9.069266,6.9908214
24.0,122.0,2016-07-01,2016-10-30,121,25,22.62037,23.544594,21.881695,75.62712,6.412478,5.86053,79.6102,71.48874,7.375682,5.2022953
25.0,120.0,2016-07-01,2016-10-30,121,25,21.896137,23.68078,20.61123,73.013954,7.791934,0.34297362,79.674805,64.493324,8.786873,6.413073
22.0,122.0,2016-07-01,2016-10-30,121,25,25.760109,26.082281,25.339336,75.2405,11.46824,4.427808,78.877884,71.9863,12.605487,10.125208
22.0,121.0,2016-07-01,2016-10-30,121,25,24.879509,25.846027,24.10167,77.05333,7.3353777,3.7834911,80.70335,72.44239,8.091153,6.546478
23.0,120.0,2016-07-01,2016-10-30,121,25,24.140274,25.213345,23.307367,77.44755,6.439459,1.6725879,81.1893,71.54726,7.2508183,5.5029383
22.0,120.0,2016-07-01,2016-10-30,121,25,24.969158,25.994856,24.141308,76.57207,5.6023717,3.7291749,80.06507,71.28519,6.5086446,4.8644075
23.0,122.0,2016-07-01,2016-10-31,122,25,22.822765,23.667368,22.13203,77.52592,6.6730504,4.633247,81.63879,73.17207,7.625161,5.7040467
24.0,120.0,2016-07-01,2016-10-31,122,25,23.42612,24.297935,22.69939,76.777176,7.620827,0.7822156,81.35058,71.41663,8.744372,6.2175484
25.0,120.0,2016-07-01,2016-10-31,122,25,21.622154,23.239082,20.437532,74.74351,6.647162,0.9674622,81.409225,66.01658,7.660717,5.4926567
25.0,121.0,2016-07-01,2016-10-31,122,25,22.973866,23.893066,22.175083,74.31293,7.1400256,1.6605127,79.36858,69.11272,8.113001,6.1668243
22.0,120.0,2016-07-01,2016-10-31,122,25,24.734016,25.720196,24.046036,75.59167,5.2020054,1.8534033,79.82721,69.91212,6.1259828,4.398398
24.0,122.0,2016-07-01,2016-10-31,122,25,22.38966,23.2443,21.669859,76.11352,5.699818,6.2061157,80.59943,71.614426,6.636657,4.655211
23.0,121.0,2016-07-01,2016-10-31,122,25,21.914034,23.520014,20.858843,79.091576,3.0812833,3.8681738,84.38206,71.10919,3.5966194,2.5611427
23.0,120.0,2016-07-01,2016-10-31,122,25,23.906963,24.895815,23.210459,77.15608,5.459871,1.0269752,81.499985,71.264145,6.3422575,4.450084
22.0,121.0,2016-07-01,2016-10-31,122,25,24.649727,25.539429,23.961782,76.45065,6.687547,1.4777392,80.94988,71.61524,7.4832153,5.9472313
25.0,122.0,2016-07-01,2016-10-31,122,25,23.909355,24.329819,23.384653,72.046936,7.8278704,4.2410793,76.7288,67.81304,8.8682995,6.819375
22.0,122.0,2016-07-01,2016-10-31,122,25,25.560825,25.925879,25.145317,75.10762,10.300135,2.2531762,78.64074,72.085724,11.545833,9.132089
24.0,121.0,2016-07-01,2016-10-31,122,25,21.43917,22.91682,20.363121,78.6627,5.187916,3.6112158,84.13658,71.6072,5.966214,4.204663
23.0,122.0,2016-07-01,2016-11-01,123,25,22.96254,23.818531,22.255531,79.33056,6.4747105,4.964299,83.0918,75.23064,7.306124,5.544887
23.0,121.0,2016-07-01,2016-11-01,123,25,22.013382,23.726791,20.862114,80.70926,2.9529722,3.731997,86.20494,72.34294,3.3459363,2.4719422
25.0,120.0,2016-07-01,2016-11-01,123,25,21.746763,23.469786,20.589561,76.8773,6.513507,0.9396692,82.9775,68.35186,7.3518224,5.6376743
24.0,120.0,2016-07-01,2016-11-01,123,25,23.5098,24.456665,22.825737,78.07872,7.59033,0.74557614,82.3706,72.752716,8.518285,6.2824006
25.0,121.0,2016-07-01,2016-11-01,123,25,23.04799,23.997597,22.368242,76.22617,6.8737335,2.5744946,80.38197,71.52838,7.571511,6.094534
22.0,122.0,2016-07-01,2016-11-01,123,25,25.647581,26.006372,25.232847,77.2866,9.895493,3.2077148,80.64425,74.02519,10.957167,8.713617
25.0,122.0,2016-07-01,2016-11-01,123,25,24.030293,24.404747,23.621698,73.83274,7.601912,7.6864843,77.63349,70.60028,8.483786,6.624342
22.0,121.0,2016-07-01,2016-11-01,123,25,24.695889,25.645761,23.9435,78.46276,6.3244395,1.9772363,82.91257,72.940834,7.0087585,5.573959
23.0,120.0,2016-07-01,2016-11-01,123,25,23.953995,25.02786,23.183556,78.56543,5.453978,0.93447024,83.49351,72.19565,6.187014,4.590197
24.0,121.0,2016-07-01,2016-11-01,123,25,21.574892,23.158964,20.52705,80.17598,5.027982,3.5330274,84.90704,73.068985,5.686881,4.1817884
24.0,122.0,2016-07-01,2016-11-01,123,25,22.572647,23.471142,21.853588,77.52487,5.6281796,8.669751,81.857994,72.716644,6.452989,4.6790786
22.0,120.0,2016-07-01,2016-11-01,123,25,24.750332,25.765675,23.97499,77.16582,4.736185,2.5173998,81.888245,71.55431,5.61634,3.958969
24.0,121.0,2016-07-01,2016-11-02,124,25,21.51789,22.995577,20.50246,80.70466,5.694487,6.224597,85.21773,74.07108,6.577876,4.6993103
25.0,120.0,2016-07-01,2016-11-02,124,25,21.644531,23.287447,20.45205,77.02479,7.42547,1.9371887,82.597,68.88121,8.396335,6.296381
25.0,121.0,2016-07-01,2016-11-02,124,25,22.976482,23.837671,22.235912,76.50152,7.6851516,5.655144,80.35621,72.49888,8.6320095,6.585531
24.0,122.0,2016-07-01,2016-11-02,124,25,22.522167,23.302065,21.879633,78.88018,6.0918646,11.65915,82.46369,74.82821,7.063534,5.087647
23.0,121.0,2016-07-01,2016-11-02,124,25,22.039656,23.707153,20.999887,81.50301,3.0869799,6.343911,86.5511,72.79384,3.5584364,2.5618382
23.0,120.0,2016-07-01,2016-11-02,124,25,24.017433,25.096342,23.265903,79.29547,6.157039,1.9170434,83.87088,72.909225,6.930135,5.2335668
22.0,121.0,2016-07-01,2016-11-02,124,25,24.74417,25.73419,24.044146,79.24981,6.447142,3.8179736,83.5578,73.35214,7.2449694,5.6304097
22.0,122.0,2016-07-01,2016-11-02,124,25,25.669405,26.04728,25.304312,78.21167,10.107835,5.5605226,81.31187,75.05158,11.215569,8.874107
25.0,122.0,2016-07-01,2016-11-02,124,25,23.965557,24.383852,23.524961,74.876366,8.027768,11.065298,78.36144,71.732475,9.202367,6.732734
23.0,122.0,2016-07-01,2016-11-02,124,25,22.962553,23.804537,22.308828,80.28568,6.698929,8.071819,83.94204,75.952934,7.5916905,5.6407576
24.0,120.0,2016-07-01,2016-11-02,124,25,23.489792,24.383995,22.75919,78.56894,8.761757,1.8210498,82.68484,74.095085,9.988894,7.153231
22.0,120.0,2016-07-01,2016-11-02,124,25,24.795628,25.875097,24.076958,78.029205,4.759261,2.366565,82.9644,71.49454,5.5106688,4.0064187
24.0,120.0,2016-07-01,2016-11-03,125,25,23.60838,24.649809,22.915815,77.674,8.661373,0.7670972,82.11882,72.15607,9.727396,7.100784
25.0,120.0,2016-07-01,2016-11-03,125,25,21.807158,23.44129,20.739952,76.75983,7.415865,0.963938,82.02135,69.108475,8.44772,6.188608
24.0,122.0,2016-07-01,2016-11-03,125,25,22.673803,23.499249,22.07393,78.46888,6.0041895,10.580518,82.48196,74.1875,7.0801654,5.03926
23.0,122.0,2016-07-01,2016-11-03,125,25,23.018566,23.911386,22.328588,80.50472,6.561394,6.381296,83.97411,76.376915,7.4434414,5.768155
25.0,121.0,2016-07-01,2016-11-03,125,25,23.120659,24.061874,22.457266,75.70651,7.7188015,2.9806836,79.86889,71.3262,8.589254,6.7465954
22.0,121.0,2016-07-01,2016-11-03,125,25,24.768261,25.7886,24.08314,79.707825,6.4582844,2.975537,83.78297,74.22117,7.146934,5.7833405
23.0,121.0,2016-07-01,2016-11-03,125,25,22.180614,24.01108,21.084667,80.96719,3.1224194,4.337539,86.03693,72.18881,3.6518607,2.6569984
24.0,121.0,2016-07-01,2016-11-03,125,25,21.69293,23.372665,20.648033,79.698906,5.636636,4.06531,84.57827,72.39243,6.425099,4.707695
23.0,120.0,2016-07-01,2016-11-03,125,25,24.101877,25.286375,23.337807,78.87512,6.1499987,1.0213794,83.48508,72.035995,6.887712,5.2558928
22.0,122.0,2016-07-01,2016-11-03,125,25,25.608274,25.95501,25.231915,79.4176,9.936529,5.032114,82.07097,76.91849,10.929955,8.979173
22.0,120.0,2016-07-01,2016-11-03,125,25,24.872622,25.9689,24.168633,78.147316,5.1153436,1.8820825,82.5809,71.86288,5.8389854,4.346383
25.0,122.0,2016-07-01,2016-11-03,125,25,24.086248,24.416279,23.726768,74.64226,7.991358,9.465069,78.123024,71.418884,9.340353,6.670982
22.0,120.0,2016-07-01,2016-11-04,126,25,24.870962,25.928164,24.200146,78.31802,4.867038,3.8702564,81.95162,72.742546,5.6648293,4.057481
23.0,120.0,2016-07-01,2016-11-04,126,25,24.124733,25.220102,23.4254,78.99991,5.8877897,1.6371777,83.11908,72.67275,6.529815,5.234602
22.0,121.0,2016-07-01,2016-11-04,126,25,24.76581,25.799952,24.088491,79.26958,6.3070216,3.8873389,83.25097,73.72117,7.107487,5.597722
22.0,122.0,2016-07-01,2016-11-04,126,25,25.620083,25.882183,25.313814,78.298355,9.879775,5.7470875,81.24917,75.86664,10.890625,8.943859
25.0,122.0,2016-07-01,2016-11-04,126,25,24.1459,24.514814,23.720688,74.398125,8.12904,6.376975,76.99708,72.0167,9.44524,6.752537
25.0,121.0,2016-07-01,2016-11-04,126,25,23.133163,24.06958,22.433365,76.00603,7.5878406,3.6230786,79.804306,71.18733,8.659369,6.576776
24.0,121.0,2016-07-01,2016-11-04,126,25,21.72984,23.348827,20.726177,79.79069,5.4274974,6.012283,84.18892,72.3122,6.2432137,4.568404
24.0,122.0,2016-07-01,2016-11-04,126,25,22.758106,23.652534,22.088745,77.98464,6.057995,8.786945,81.002945,74.050705,6.901455,5.152609
23.0,121.0,2016-07-01,2016-11-04,126,25,22.214355,24.050482,21.110302,81.10831,2.9787273,5.812705,86.00349,72.174484,3.4966135,2.4901009
25.0,120.0,2016-07-01,2016-11-04,126,25,21.927092,23.608448,20.874506,76.39542,7.0747747,1.708706,81.86797,67.92685,8.116746,6.2282133
23.0,122.0,2016-07-01,2016-11-04,126,25,23.066753,23.996492,22.436195,79.926,6.5226326,7.659319,82.78404,75.73203,7.231049,5.837525
24.0,120.0,2016-07-01,2016-11-04,126,25,23.634598,24.517054,23.03082,77.774925,8.377613,1.8558033,81.381386,72.77324,9.424415,7.200144
25.0,122.0,2016-07-01,2016-11-05,127,25,23.606102,24.089228,23.091606,75.709465,8.694344,8.54197,79.26683,72.4701,9.636448,7.6561427
23.0,120.0,2016-07-01,2016-11-05,127,25,23.881214,24.93751,23.064384,78.796875,6.3912096,2.7311034,82.958565,72.841194,7.0505767,5.62163
22.0,122.0,2016-07-01,2016-11-05,127,25,25.447275,25.87274,24.938461,78.59162,10.468971,6.3818703,82.2104,75.38916,11.432404,9.374685
22.0,121.0,2016-07-01,2016-11-05,127,25,24.610079,25.617598,23.776484,79.15483,6.8122325,3.9221876,83.594,73.647484,7.4562864,6.0235724
23.0,122.0,2016-07-01,2016-11-05,127,25,22.819038,23.67043,22.086664,80.67125,7.001545,10.163948,84.16224,76.64874,7.790789,6.0859504
23.0,121.0,2016-07-01,2016-11-05,127,25,21.983685,23.635181,20.855553,81.38795,3.3654566,7.7127686,86.19308,73.54584,3.8486238,2.8547165
24.0,120.0,2016-07-01,2016-11-05,127,25,23.291998,24.246319,22.573042,77.75055,8.967045,2.3423157,81.90114,72.69025,9.920111,7.8036785
25.0,120.0,2016-07-01,2016-11-05,127,25,21.477373,23.079962,20.341557,76.32249,7.463264,2.162262,81.9609,68.4788,8.311783,6.437231
25.0,121.0,2016-07-01,2016-11-05,127,25,22.648787,23.60169,21.90021,76.527954,7.9121156,3.9429638,81.094475,71.58738,8.828824,7.054306
22.0,120.0,2016-07-01,2016-11-05,127,25,24.723188,25.73774,23.93939,78.073494,5.321686,3.573369,81.81882,72.60176,6.056979,4.611073
24.0,122.0,2016-07-01,2016-11-05,127,25,22.372322,23.178232,21.677929,79.291626,6.580193,11.934279,82.37175,75.604416,7.1806035,5.808883
24.0,121.0,2016-07-01,2016-11-05,127,25,21.40039,22.903658,20.387728,80.25988,5.843469,7.3038454,84.529045,73.78049,6.545796,5.148271
22.0,122.0,2016-07-01,2016-11-06,128,25,25.301765,25.625263,24.95253,78.091576,10.897325,2.958689,80.87866,75.5191,11.906737,9.786231
25.0,122.0,2016-07-01,2016-11-06,128,25,23.525005,23.904541,23.086432,74.60251,8.567061,6.5124416,77.8613,71.87995,9.747927,7.2415185
22.0,121.0,2016-07-01,2016-11-06,128,25,24.452818,25.421919,23.75871,78.8907,7.1422553,2.5839355,82.44173,73.950165,7.9619503,6.4158983
23.0,120.0,2016-07-01,2016-11-06,128,25,23.703224,24.775175,22.933926,78.83835,6.4171844,3.8937426,82.56827,72.92344,7.2378016,5.4520464
23.0,122.0,2016-07-01,2016-11-06,128,25,22.59666,23.37807,21.952364,80.114655,7.235829,5.4745655,83.16424,76.41096,8.064489,6.2303243
23.0,121.0,2016-07-01,2016-11-06,128,25,21.749641,23.408672,20.688389,81.098724,3.4600184,5.1068263,85.42134,73.31839,4.0933666,2.925605
24.0,120.0,2016-07-01,2016-11-06,128,25,23.149097,24.022085,22.402061,78.06923,9.019995,3.889159,81.33864,73.565895,10.18313,7.6494365
25.0,120.0,2016-07-01,2016-11-06,128,25,21.185915,22.64518,20.088171,76.04874,7.781789,2.3934925,80.73119,69.31699,8.782352,6.6712317
22.0,120.0,2016-07-01,2016-11-06,128,25,24.601616,25.629545,23.901098,77.75638,5.5668817,2.5256445,81.320694,72.35644,6.3726726,4.7704315
24.0,121.0,2016-07-01,2016-11-06,128,25,21.201567,22.676786,20.147364,80.27034,5.7797356,5.097053,83.99539,73.902596,6.5469933,4.846458
25.0,121.0,2016-07-01,2016-11-06,128,25,22.589504,23.455801,21.839493,76.13349,8.022914,4.1476393,79.50717,72.559875,9.116747,6.7664013
24.0,122.0,2016-07-01,2016-11-06,128,25,22.15191,22.944042,21.486685,78.511444,6.4382725,7.467959,81.68799,74.926384,7.378699,5.3970685
24.0,121.0,2016-07-01,2016-11-07,129,25,21.065649,22.7044,19.951662,79.67228,5.963894,4.291177,84.27525,72.658424,6.793644,5.0595665
22.0,120.0,2016-07-01,2016-11-07,129,25,24.508282,25.611221,23.752066,76.983284,5.1516304,1.4988184,80.79735,71.04848,5.969425,4.40567
24.0,122.0,2016-07-01,2016-11-07,129,25,22.10132,23.022432,21.354454,77.402176,6.334811,6.517744,81.509125,72.91407,7.232751,5.427427
25.0,121.0,2016-07-01,2016-11-07,129,25,22.464024,23.45958,21.628712,75.627014,7.9639916,2.9249024,79.73084,70.96853,8.985765,6.82471
23.0,121.0,2016-07-01,2016-11-07,129,25,21.659702,23.49687,20.482954,80.376205,3.2919946,4.3094826,85.421104,71.44433,3.8050098,2.8110483
23.0,122.0,2016-07-01,2016-11-07,129,25,22.542307,23.442198,21.802252,78.77747,6.956831,5.3794265,82.644196,74.295944,7.714903,6.183357
25.0,120.0,2016-07-01,2016-11-07,129,25,21.037346,22.674404,19.816626,75.727196,7.742305,1.5131629,80.344894,68.92819,8.685145,6.7918677
24.0,120.0,2016-07-01,2016-11-07,129,25,23.028252,24.028374,22.216372,77.8824,9.1408,1.0041296,81.63685,72.9492,10.408819,7.7338824
23.0,120.0,2016-07-01,2016-11-07,129,25,23.628277,24.824507,22.794302,78.51875,6.444105,1.0053418,82.68031,71.75367,7.3327675,5.4922175
25.0,122.0,2016-07-01,2016-11-07,129,25,23.484255,23.890932,22.946308,73.61209,8.3716545,5.1328516,77.25746,69.9837,9.5489645,7.2095423
22.0,121.0,2016-07-01,2016-11-07,129,25,24.417988,25.487207,23.643282,77.55208,6.8286633,1.8393897,81.68203,71.80881,7.6695094,6.132577
22.0,122.0,2016-07-01,2016-11-07,129,25,25.30278,25.678204,24.863798,76.201416,10.51759,2.9163525,79.43025,73.46711,11.676572,9.483474
23.0,121.0,2016-07-01,2016-11-08,130,25,21.273079,23.04081,20.155973,80.37433,3.4118192,4.186846,85.42927,71.22968,3.9039369,2.887731
23.0,122.0,2016-07-01,2016-11-08,130,25,22.189404,23.05526,21.543179,79.39169,7.3103786,8.870681,83.12576,75.12437,8.079981,6.4516077
25.0,120.0,2016-07-01,2016-11-08,130,25,20.853088,22.350996,19.841713,75.38938,8.020362,0.7749707,80.411285,68.422874,8.867228,6.964899
24.0,120.0,2016-07-01,2016-11-08,130,25,22.842363,23.862066,22.141924,77.40728,9.126562,0.7246167,81.6188,71.64345,10.169165,7.7740397
25.0,122.0,2016-07-01,2016-11-08,130,25,23.1459,23.564068,22.691763,75.06796,8.721656,4.896985,78.39876,71.55733,9.720531,7.7946754
23.0,120.0,2016-07-01,2016-11-08,130,25,23.369976,24.472769,22.617905,78.111176,6.3479705,1.1875708,82.31804,71.306564,7.1191707,5.451273
22.0,122.0,2016-07-01,2016-11-08,130,25,25.018711,25.339975,24.648062,76.97574,10.94539,9.579001,79.81254,73.98172,11.917502,9.842797
22.0,121.0,2016-07-01,2016-11-08,130,25,24.100039,25.080225,23.395596,77.73475,7.021333,4.875625,81.44375,72.374435,7.7074165,6.268603
24.0,122.0,2016-07-01,2016-11-08,130,25,21.705217,22.50245,21.112154,78.4172,6.5853667,6.457041,82.427414,74.11364,7.4513535,5.6990166
25.0,121.0,2016-07-01,2016-11-08,130,25,22.207886,23.174282,21.457432,76.09092,8.214732,2.1613915,80.47296,70.94913,8.997379,7.2900977
24.0,121.0,2016-07-01,2016-11-08,130,25,20.752068,22.361788,19.743639,79.601295,6.1439576,3.6979566,84.633095,71.79327,6.84927,5.2296586
22.0,120.0,2016-07-01,2016-11-08,130,25,24.208677,25.270855,23.479996,76.750275,5.2734156,2.286211,80.49023,70.80548,6.1058435,4.4273524
24.0,121.0,2016-07-01,2016-11-09,131,25,20.775347,22.466393,19.585499,79.72049,5.758929,4.1318603,85.171165,71.92001,6.816753,4.558138
22.0,120.0,2016-07-01,2016-11-09,131,25,24.267954,25.373472,23.42298,75.95342,5.3919315,2.4091406,80.615715,69.61877,6.282251,4.4718947
24.0,122.0,2016-07-01,2016-11-09,131,25,21.789793,22.708061,20.846636,78.05659,6.207967,7.8534813,82.09619,73.612236,7.451562,5.048219
25.0,121.0,2016-07-01,2016-11-09,131,25,22.227295,23.36492,21.2421,76.54535,7.989342,4.0067334,81.3419,71.1521,9.280679,6.476234
24.0,120.0,2016-07-01,2016-11-09,131,25,22.841284,23.920279,21.925356,77.74854,8.658094,1.158225,82.68174,71.929596,10.1635895,6.644397
25.0,120.0,2016-07-01,2016-11-09,131,25,20.878738,22.471874,19.58948,76.30319,7.794942,1.4911718,82.07674,69.14025,8.882622,6.4052706
23.0,122.0,2016-07-01,2016-11-09,131,25,22.243755,23.178627,21.388008,79.44072,7.006915,7.9316063,83.375824,74.65833,8.21154,5.892438
23.0,121.0,2016-07-01,2016-11-09,131,25,21.320606,23.128136,20.127253,79.740944,3.263178,4.260332,85.41458,70.431694,3.9332983,2.625102
22.0,121.0,2016-07-01,2016-11-09,131,25,24.14685,25.174322,23.339214,77.47282,6.945633,4.603359,82.3382,71.57043,7.889474,6.068462
22.0,122.0,2016-07-01,2016-11-09,131,25,25.072138,25.477856,24.49788,77.337776,10.676392,8.302385,81.52175,73.89542,12.218864,9.368982
23.0,120.0,2016-07-01,2016-11-09,131,25,23.392942,24.583086,22.482056,77.71524,6.1870003,1.2705297,82.81017,70.72118,7.29812,4.78515
25.0,122.0,2016-07-01,2016-11-09,131,25,23.225813,23.78232,22.460835,75.03938,8.646836,7.702427,78.7475,71.33809,10.029749,7.190513
23.0,120.0,2016-07-01,2016-11-10,132,25,23.00709,24.025415,22.320807,78.22359,6.515901,1.712981,82.76929,72.48442,7.244489,5.553971
22.0,120.0,2016-07-01,2016-11-10,132,25,23.968199,24.946934,23.273916,77.60669,5.64069,2.485376,81.67956,72.19617,6.5433865,4.764716
25.0,122.0,2016-07-01,2016-11-10,132,25,22.78352,23.269688,22.199657,73.91526,8.645646,6.1587696,76.973236,71.13147,9.849422,7.4497547
22.0,122.0,2016-07-01,2016-11-10,132,25,24.781855,25.173124,24.406143,77.951126,10.892082,5.4721313,80.52645,75.39592,12.113056,9.669165
24.0,122.0,2016-07-01,2016-11-10,132,25,21.454918,22.334013,20.72189,78.10922,6.4373217,9.50136,81.74191,74.1533,7.4924903,5.320678
24.0,121.0,2016-07-01,2016-11-10,132,25,20.41374,21.934498,19.425043,79.75752,5.975989,5.9958105,83.96595,73.39814,6.8535786,4.7993617
25.0,121.0,2016-07-01,2016-11-10,132,25,21.757723,22.64414,21.026928,75.34339,8.100875,2.6812963,79.39041,70.60363,9.063284,6.8585176
24.0,120.0,2016-07-01,2016-11-10,132,25,22.34993,23.238935,21.67518,77.25413,9.015272,1.4181738,81.50235,72.30715,10.16032,7.4292006
22.0,121.0,2016-07-01,2016-11-10,132,25,23.887856,24.840899,23.194708,78.67405,7.101151,3.211084,82.27315,73.6517,7.828189,6.4377
23.0,121.0,2016-07-01,2016-11-10,132,25,21.065027,22.731483,20.030388,80.80351,3.4706385,6.3128905,85.59044,72.94206,3.9752154,2.949524
25.0,120.0,2016-07-01,2016-11-10,132,25,20.375332,21.854897,19.27166,74.81001,7.7468677,1.2228638,80.37354,68.21768,8.773332,6.474529
23.0,122.0,2016-07-01,2016-11-10,132,25,21.956736,22.78874,21.31437,79.91141,7.210367,8.561724,82.976105,75.98984,8.147068,6.1814117
22.0,122.0,2016-07-01,2016-11-11,133,25,24.90691,25.226744,24.525616,76.82054,10.171909,7.1360426,79.64535,73.91826,11.357617,9.167484
23.0,120.0,2016-07-01,2016-11-11,133,25,23.046803,24.15641,22.269403,78.36806,6.0779376,1.4832666,82.937965,71.83439,6.9127636,5.1854243
23.0,122.0,2016-07-01,2016-11-11,133,25,22.02252,22.800034,21.354492,79.374245,6.6052675,9.339717,83.21824,75.20146,7.593356,5.720884
25.0,121.0,2016-07-01,2016-11-11,133,25,21.799372,22.778004,20.905523,76.43623,7.281666,3.0637743,81.42462,70.93146,8.626606,5.97668
23.0,121.0,2016-07-01,2016-11-11,133,25,21.062017,22.776245,19.949102,80.53268,3.2020063,6.2977147,86.12402,71.50327,3.752178,2.7525263
22.0,121.0,2016-07-01,2016-11-11,133,25,23.944029,24.920439,23.218193,77.7612,6.666576,4.0775633,82.09456,71.973206,7.484654,5.9386616
22.0,120.0,2016-07-01,2016-11-11,133,25,24.0056,25.04064,23.290903,76.72315,5.182802,1.778977,81.02224,70.50455,6.139779,4.375031
25.0,122.0,2016-07-01,2016-11-11,133,25,22.898392,23.404823,22.279625,74.5121,8.185888,6.955984,78.301155,70.89501,9.573815,6.8264256
24.0,120.0,2016-07-01,2016-11-11,133,25,22.381079,23.318438,21.603735,77.999725,8.24922,1.2455517,82.23635,73.03656,9.595285,6.8431664
25.0,120.0,2016-07-01,2016-11-11,133,25,20.354063,21.889341,19.173128,75.82533,7.1245527,1.4377979,81.43157,68.63047,8.347932,5.858366
24.0,121.0,2016-07-01,2016-11-11,133,25,20.402214,21.920357,19.321354,80.106895,5.356084,6.0343533,85.02076,72.84705,6.317631,4.3447247
24.0,122.0,2016-07-01,2016-11-11,133,25,21.517534,22.326744,20.829687,78.000374,6.0023646,9.971431,82.29331,73.52842,7.0642357,4.96943
24.0,122.0,2016-07-01,2016-11-12,134,25,21.450876,22.55244,20.560102,77.74882,6.469675,7.609983,81.72063,73.42295,7.6404076,5.2208867
25.0,121.0,2016-07-01,2016-11-12,134,25,21.635374,22.714462,20.701147,75.99066,7.9296966,2.1836596,81.05693,70.53367,9.145434,6.4606175
25.0,120.0,2016-07-01,2016-11-12,134,25,20.238737,21.95998,19.048225,75.29797,7.5175695,0.84822387,81.13066,67.92919,8.724865,6.0987635
24.0,120.0,2016-07-01,2016-11-12,134,25,22.261902,23.307974,21.484068,77.6794,8.947202,0.8692712,82.19194,72.39401,10.267735,7.240756
24.0,121.0,2016-07-01,2016-11-12,134,25,20.335835,22.064053,19.201183,79.54706,5.973521,4.226499,84.51482,72.2753,6.939756,4.784942
23.0,122.0,2016-07-01,2016-11-12,134,25,21.952065,23.02452,21.152695,79.26501,7.334703,6.1561303,83.24924,75.01862,8.369016,6.1250854
23.0,120.0,2016-07-01,2016-11-12,134,25,22.928286,24.218018,22.091202,78.28851,6.423715,1.6947583,83.14717,71.32342,7.295068,5.46718
22.0,122.0,2016-07-01,2016-11-12,134,25,24.790833,25.20835,24.353745,77.3082,11.034435,5.32116,80.718025,74.24479,12.28385,9.61197
22.0,121.0,2016-07-01,2016-11-12,134,25,23.832993,25.031616,23.03253,78.0958,7.0900636,4.2304688,83.082405,71.65683,7.8274755,6.3222256
25.0,122.0,2016-07-01,2016-11-12,134,25,22.734287,23.306202,21.984081,74.35844,8.542606,5.542722,78.34676,70.6963,9.949047,7.065542
22.0,120.0,2016-07-01,2016-11-12,134,25,23.880732,25.056372,23.10062,76.7228,5.1975536,2.529419,81.09505,70.191154,6.0067234,4.345458
23.0,121.0,2016-07-01,2016-11-12,134,25,20.996635,22.99893,19.792313,80.23291,3.428656,5.0651317,85.927536,70.722435,4.0210257,2.8871741
22.0,122.0,2016-07-01,2016-11-13,135,25,24.483986,24.874208,24.001656,76.51019,11.395438,3.327798,79.0311,73.99935,12.402131,10.453153
23.0,120.0,2016-07-01,2016-11-13,135,25,22.675493,23.702105,21.902672,77.87463,6.723277,0.6520337,81.89672,72.15164,7.557685,5.744941
22.0,121.0,2016-07-01,2016-11-13,135,25,23.573204,24.564325,22.775845,77.76201,7.1979237,1.4192481,81.552536,72.52207,7.8875585,6.5661335
22.0,120.0,2016-07-01,2016-11-13,135,25,23.628147,24.620543,22.851324,76.97927,5.2468066,1.4061328,80.568954,71.43078,6.0480156,4.3532166
23.0,122.0,2016-07-01,2016-11-13,135,25,21.613144,22.525942,20.835424,78.82535,7.7395434,4.814932,81.98957,74.936386,8.590677,6.912729
25.0,120.0,2016-07-01,2016-11-13,135,25,19.869738,21.52566,18.715744,73.390755,7.7476344,0.459458,78.91376,65.14768,8.7481785,6.63638
23.0,121.0,2016-07-01,2016-11-13,135,25,20.70475,22.47799,19.55042,80.26839,3.5719638,2.9170556,84.897194,72.08973,4.1222973,3.0917768
25.0,122.0,2016-07-01,2016-11-13,135,25,22.248693,22.684351,21.674883,73.100365,8.630591,3.606128,76.063835,70.3393,9.999613,7.39651
24.0,120.0,2016-07-01,2016-11-13,135,25,22.033865,22.87255,21.380156,76.471954,9.504419,0.39048827,80.2294,72.071045,10.647644,8.00343
24.0,122.0,2016-07-01,2016-11-13,135,25,21.048203,21.980385,20.234612,77.30666,6.729965,4.7111793,80.81973,73.531395,7.7956176,5.7150993
24.0,121.0,2016-07-01,2016-11-13,135,25,20.069033,21.644215,19.028946,78.75908,6.381084,2.6472657,83.046074,72.03481,7.2007537,5.3445
25.0,121.0,2016-07-01,2016-11-13,135,25,21.2848,22.135117,20.531876,74.36237,8.266681,1.5577881,78.08483,70.2697,9.351307,7.060821
25.0,121.0,2016-07-01,2016-11-14,136,25,21.306429,22.267262,20.54103,73.87925,8.284705,2.6708496,78.15287,69.23524,9.453734,6.83286
22.0,120.0,2016-07-01,2016-11-14,136,25,23.549664,24.628647,22.819443,75.881386,5.631827,1.1477051,80.226204,69.51319,6.5414977,4.7043724
24.0,122.0,2016-07-01,2016-11-14,136,25,21.00008,21.841343,20.241066,76.83561,6.523897,8.319031,80.39573,72.54104,7.627698,5.3380656
24.0,121.0,2016-07-01,2016-11-14,136,25,20.036888,21.657598,18.958742,78.37865,6.012103,4.5266137,83.49749,70.74662,7.0104723,4.712346
23.0,121.0,2016-07-01,2016-11-14,136,25,20.609297,22.380444,19.498888,79.56412,3.4288635,4.3538723,85.414276,70.35576,4.0605826,2.7541604
23.0,122.0,2016-07-01,2016-11-14,136,25,21.59723,22.455845,20.857231,78.28187,6.94872,5.9276733,82.2941,73.605354,8.192599,5.843091
25.0,120.0,2016-07-01,2016-11-14,136,25,19.759703,21.40524,18.630783,73.50526,7.766148,0.91822755,79.20389,65.93078,8.895031,6.236517
24.0,120.0,2016-07-01,2016-11-14,136,25,21.989302,23.007086,21.225107,75.661575,9.171937,0.8666553,80.35993,70.294586,10.361881,7.4195957
25.0,122.0,2016-07-01,2016-11-14,136,25,22.253935,22.805483,21.619448,72.5955,8.908586,6.4367237,76.10307,69.370735,10.07303,7.5381956
22.0,121.0,2016-07-01,2016-11-14,136,25,23.519537,24.549316,22.737255,76.690506,6.856545,1.8294727,81.554695,70.73426,7.723798,5.9160986
23.0,120.0,2016-07-01,2016-11-14,136,25,22.567408,23.65917,21.770258,76.754524,6.583149,0.6731665,81.71032,70.25248,7.377409,5.557648
22.0,122.0,2016-07-01,2016-11-14,136,25,24.510105,24.897345,24.015718,75.606346,10.514875,3.4115014,78.909645,72.822975,11.876113,9.093942
25.0,122.0,2016-07-01,2016-11-15,137,25,22.4081,22.916441,21.79214,72.86529,8.782655,7.6349463,75.63729,70.24711,10.287098,7.452171
25.0,120.0,2016-07-01,2016-11-15,137,25,19.782383,21.460249,18.580269,74.348206,7.548684,1.1072364,79.785706,66.15791,8.776037,6.1414385
24.0,122.0,2016-07-01,2016-11-15,137,25,21.143736,22.139698,20.330656,76.767944,6.4105363,8.120501,80.273766,72.06191,7.647312,5.263664
24.0,121.0,2016-07-01,2016-11-15,137,25,20.080103,21.745527,18.980238,78.8409,5.87039,3.669817,83.67819,71.01406,6.872329,4.6261797
23.0,122.0,2016-07-01,2016-11-15,137,25,21.663887,22.617998,20.941216,78.59289,6.965532,5.296404,81.81483,74.276634,7.9581256,5.9128633
23.0,121.0,2016-07-01,2016-11-15,137,25,20.714968,22.651358,19.511793,79.7293,3.342013,3.4851904,85.34668,69.826904,3.8484213,2.8145795
24.0,120.0,2016-07-01,2016-11-15,137,25,21.990273,22.881577,21.247715,76.50558,9.051069,0.8380762,80.471725,71.80375,10.554443,7.1337457
23.0,120.0,2016-07-01,2016-11-15,137,25,22.630669,23.76206,21.80022,77.30363,6.5131025,0.6397656,81.857574,70.642166,7.4009986,5.4510193
22.0,121.0,2016-07-01,2016-11-15,137,25,23.530773,24.578037,22.771143,77.41627,6.823968,1.9333594,81.449,71.511925,7.58606,6.0359817
25.0,121.0,2016-07-01,2016-11-15,137,25,21.360655,22.336172,20.495039,74.67685,8.12011,3.2108154,79.03239,70.10409,9.34343,6.7475176
22.0,122.0,2016-07-01,2016-11-15,137,25,24.482073,24.827768,24.144062,76.50952,10.463539,3.752517,78.930885,74.09668,11.664458,9.168658
22.0,120.0,2016-07-01,2016-11-15,137,25,23.575787,24.69668,22.78878,76.289764,5.5625944,1.217417,80.87127,69.78391,6.3938875,4.762768
24.0,121.0,2016-07-01,2016-11-16,138,25,19.726871,21.364517,18.539074,78.080185,6.1091294,3.600237,82.683556,71.05523,7.2773705,4.8915486
24.0,122.0,2016-07-01,2016-11-16,138,25,20.794268,21.719395,19.921324,76.18618,6.680979,6.735613,79.74005,72.29453,7.8508763,5.458975
25.0,121.0,2016-07-01,2016-11-16,138,25,20.957369,21.99873,20.0461,73.67356,8.238599,2.5833862,78.319214,68.58649,9.567127,6.732496
25.0,122.0,2016-07-01,2016-11-16,138,25,22.008928,22.546494,21.342169,71.965775,8.998931,5.686421,75.388176,68.83788,10.42447,7.5680375
23.0,120.0,2016-07-01,2016-11-16,138,25,22.448326,23.627335,21.58584,76.25691,6.6724114,0.50788575,80.89031,69.95163,7.795037,5.488706
23.0,121.0,2016-07-01,2016-11-16,138,25,20.49436,22.33277,19.259676,78.768456,3.5999894,3.498003,83.95842,70.09407,4.286069,2.941185
24.0,120.0,2016-07-01,2016-11-16,138,25,21.675165,22.670288,20.83082,75.66954,9.188738,0.6264136,79.9047,70.63223,10.903086,7.4242463
23.0,122.0,2016-07-01,2016-11-16,138,25,21.409313,22.31666,20.625288,77.65592,7.534917,5.5957837,80.89832,73.971214,8.659181,6.4356856
25.0,120.0,2016-07-01,2016-11-16,138,25,19.389973,21.099731,18.014538,72.96955,7.8577924,0.8838623,79.14857,65.15938,9.194037,6.3898096
22.0,122.0,2016-07-01,2016-11-16,138,25,24.362356,24.757896,23.89497,75.28012,11.380529,3.645708,77.922295,72.457855,12.716857,10.049927
22.0,121.0,2016-07-01,2016-11-16,138,25,23.445229,24.514664,22.597813,76.18242,7.405846,1.5348047,80.38043,70.7691,8.3057375,6.5228634
22.0,120.0,2016-07-01,2016-11-16,138,25,23.500818,24.6075,22.69043,75.30546,5.739707,1.0944335,79.565926,69.46292,6.5685606,4.8914266
25.0,122.0,2016-07-01,2016-11-17,139,25,21.855854,22.540928,21.087208,72.747246,8.955143,6.2666845,76.26808,69.31442,10.353702,7.336483
25.0,120.0,2016-07-01,2016-11-17,139,25,19.035744,20.814976,17.654121,73.40444,8.1972885,1.331997,79.023186,66.06078,9.393738,6.632416
24.0,122.0,2016-07-01,2016-11-17,139,25,20.566034,21.482046,19.726208,76.387856,6.5893154,6.938672,80.50199,72.297295,7.8288665,5.387042
25.0,121.0,2016-07-01,2016-11-17,139,25,20.793491,21.899551,19.78235,74.37829,8.46948,3.1304028,78.14126,69.81122,9.796033,6.742422
23.0,122.0,2016-07-01,2016-11-17,139,25,21.155037,22.07142,20.39649,77.541664,7.529946,5.29927,81.240204,73.38877,8.752277,6.2368755
23.0,121.0,2016-07-01,2016-11-17,139,25,20.146221,21.976612,18.983639,78.66397,3.5568202,3.4541798,84.31237,69.475075,4.159097,3.0018053
24.0,120.0,2016-07-01,2016-11-17,139,25,21.523428,22.5875,20.572657,76.036125,9.391642,1.4290406,79.99226,70.917984,10.860824,7.4003596
24.0,121.0,2016-07-01,2016-11-17,139,25,19.487616,21.169537,18.303175,78.24347,6.304632,3.7880468,83.05925,70.90003,7.3609447,4.964162
22.0,121.0,2016-07-01,2016-11-17,139,25,23.219177,24.258316,22.454985,75.37484,7.425709,1.5205908,79.444115,69.538185,8.365871,6.331064
22.0,120.0,2016-07-01,2016-11-17,139,25,23.240551,24.323725,22.439415,74.780304,5.616308,1.4470459,79.32841,68.53914,6.559587,4.7820835
22.0,122.0,2016-07-01,2016-11-17,139,25,24.230366,24.578867,23.787329,74.476974,11.420632,3.3705616,77.24778,71.64958,12.953561,9.620336
23.0,120.0,2016-07-01,2016-11-17,139,25,22.188026,23.331978,21.291553,76.3866,6.6649184,1.0844946,81.148155,69.893524,7.68519,5.3863134
24.0,122.0,2016-07-01,2016-11-18,140,25,20.426668,21.186445,19.70924,77.36971,6.5838423,6.2050414,80.967575,73.32014,7.636462,5.3707275
25.0,121.0,2016-07-01,2016-11-18,140,25,20.602966,21.448936,19.874235,74.680466,8.360998,2.5160694,79.109634,70.117584,9.476818,6.9181256
25.0,122.0,2016-07-01,2016-11-18,140,25,21.688911,22.17375,21.144365,73.2243,8.803642,5.0017285,76.378845,70.24132,10.034989,7.382928
25.0,120.0,2016-07-01,2016-11-18,140,25,18.876583,20.316982,17.767696,73.284836,8.083093,1.0909448,79.47534,66.22793,9.128219,6.7383165
23.0,121.0,2016-07-01,2016-11-18,140,25,20.042576,21.63494,18.968521,79.579605,3.61386,3.916831,83.99794,71.90894,4.181848,2.9895816
23.0,122.0,2016-07-01,2016-11-18,140,25,21.034172,21.785028,20.328566,78.529305,7.524534,5.899248,81.8392,74.61355,8.447822,6.40254
24.0,121.0,2016-07-01,2016-11-18,140,25,19.324566,20.728422,18.36346,79.01096,6.26859,3.7053442,83.53778,72.59123,7.255774,4.9548464
24.0,120.0,2016-07-01,2016-11-18,140,25,21.320385,22.185051,20.632252,76.425224,9.501293,1.4717822,80.74087,71.415085,10.858949,7.6968627
22.0,122.0,2016-07-01,2016-11-18,140,25,24.088188,24.491919,23.605782,75.75855,11.478183,5.0389647,78.8937,72.80024,12.75357,10.152077
23.0,120.0,2016-07-01,2016-11-18,140,25,22.043972,23.06692,21.279942,76.92058,6.8535366,1.6756641,80.80103,71.24713,7.7466426,5.7651515
22.0,121.0,2016-07-01,2016-11-18,140,25,23.094004,24.03834,22.324047,76.59065,7.5274982,3.041284,80.29294,71.6122,8.396633,6.71922
22.0,120.0,2016-07-01,2016-11-18,140,25,23.083101,24.08965,22.287504,76.11537,5.9374638,2.119961,79.62228,70.62307,6.68607,5.1295986
25.0,122.0,2016-07-01,2016-11-19,141,25,21.90871,22.39933,21.28542,73.999016,8.328939,4.031372,77.3697,71.111046,9.758544,6.8342915
25.0,121.0,2016-07-01,2016-11-19,141,25,20.781164,21.704975,19.897987,75.753975,7.7615275,1.8902612,80.02395,71.36767,9.009029,6.2646966
24.0,122.0,2016-07-01,2016-11-19,141,25,20.60048,21.363564,19.942863,78.01367,6.12479,5.5026097,82.19651,74.04965,7.2387037,4.8558774
25.0,120.0,2016-07-01,2016-11-19,141,25,18.971489,20.483894,17.83819,74.95645,7.55356,1.05896,80.26841,67.806145,8.717504,6.1068554
23.0,122.0,2016-07-01,2016-11-19,141,25,21.172749,21.91925,20.526793,79.20848,6.8902364,4.9053907,82.537796,75.58494,7.9923306,5.657408
23.0,121.0,2016-07-01,2016-11-19,141,25,20.110262,21.699059,19.216408,80.613625,3.225395,3.6938233,85.834656,72.3696,3.8630025,2.5994883
24.0,120.0,2016-07-01,2016-11-19,141,25,21.439482,22.341997,20.658575,77.48008,8.616805,0.7263208,81.487724,72.598816,10.122686,6.6713643
24.0,121.0,2016-07-01,2016-11-19,141,25,19.456406,20.917437,18.513817,79.97769,5.588382,3.3383033,84.42753,73.38461,6.592035,4.252139
22.0,121.0,2016-07-01,2016-11-19,141,25,23.187162,24.09503,22.538828,77.05432,7.092253,1.7440577,80.923775,72.17252,8.000116,6.2986617
22.0,120.0,2016-07-01,2016-11-19,141,25,23.15168,24.099,22.53474,76.86531,5.6764226,2.0358007,80.95326,71.217865,6.3857408,4.9735675
22.0,122.0,2016-07-01,2016-11-19,141,25,24.252405,24.657715,23.80939,75.911316,10.783643,2.955913,78.867424,73.02486,12.134993,9.513017
23.0,120.0,2016-07-01,2016-11-19,141,25,22.098877,23.10803,21.40003,78.05592,6.2351995,1.069314,82.38717,71.78457,7.295683,5.1285243
24.0,122.0,2016-07-01,2016-11-20,142,25,20.720427,21.583164,19.970804,77.554695,6.0597315,7.263552,81.3242,73.20191,6.9821324,5.0742397
25.0,120.0,2016-07-01,2016-11-20,142,25,18.889978,20.501537,17.65322,75.90311,7.51588,1.787002,81.790016,68.22763,8.662157,6.243336
25.0,122.0,2016-07-01,2016-11-20,142,25,21.877256,22.480976,21.183603,73.78955,8.02521,5.023547,77.1892,70.42039,9.32445,6.7458925
25.0,121.0,2016-07-01,2016-11-20,142,25,20.687378,21.717524,19.766945,76.248344,7.7416387,2.9214892,81.098755,70.63039,9.011781,6.16542
23.0,121.0,2016-07-01,2016-11-20,142,25,20.278576,22.110292,19.157948,80.706345,3.2954981,5.998911,85.64151,71.9501,3.8173385,2.7241786
23.0,122.0,2016-07-01,2016-11-20,142,25,21.28334,22.167036,20.576788,78.974556,6.9313946,6.8112793,82.5001,74.38422,7.7127395,6.037993
24.0,121.0,2016-07-01,2016-11-20,142,25,19.513853,21.122227,18.43807,80.25936,5.6161985,5.1486816,85.08221,72.89275,6.6791053,4.4547496
24.0,120.0,2016-07-01,2016-11-20,142,25,21.350636,22.348892,20.556997,78.11484,8.772761,2.112622,82.81773,72.31058,10.188748,7.0221257
22.0,122.0,2016-07-01,2016-11-20,142,25,24.236973,24.586332,23.799038,75.80007,10.657432,4.082712,79.03916,73.17766,11.468518,9.744961
23.0,120.0,2016-07-01,2016-11-20,142,25,22.120163,23.261465,21.299868,78.531845,6.3337617,2.9533887,83.042854,71.98065,7.3265905,5.2452216
22.0,121.0,2016-07-01,2016-11-20,142,25,23.229677,24.298418,22.458384,77.28904,6.965982,3.2642286,81.37837,71.57683,7.547807,6.2889533
22.0,120.0,2016-07-01,2016-11-20,142,25,23.187973,24.302559,22.414097,77.27231,5.465934,3.725962,81.20132,71.382835,6.211424,4.7506266
25.0,122.0,2016-07-01,2016-11-21,143,25,22.053665,22.497608,21.543716,73.45246,8.403106,4.3415403,77.39663,69.639626,9.484865,7.284032
25.0,121.0,2016-07-01,2016-11-21,143,25,20.921547,21.93023,20.14833,75.86667,7.83902,2.4674609,80.4745,70.24933,8.7332535,6.7388606
24.0,122.0,2016-07-01,2016-11-21,143,25,20.67111,21.470694,20.044123,77.42095,6.31624,5.743823,81.39078,72.904816,7.2288866,5.3710384
25.0,120.0,2016-07-01,2016-11-21,143,25,19.028894,20.47211,18.068052,75.44911,7.9149995,1.2192895,80.13892,68.61186,8.903422,6.661986
23.0,122.0,2016-07-01,2016-11-21,143,25,21.173756,21.95777,20.55083,78.54756,7.486494,5.9168677,82.321976,74.10208,8.265745,6.6452265
23.0,121.0,2016-07-01,2016-11-21,143,25,20.088417,21.635674,19.074343,80.84817,3.3483431,4.413262,85.800285,72.701775,3.8541696,2.859774
24.0,120.0,2016-07-01,2016-11-21,143,25,21.48325,22.435112,20.788721,78.23198,8.958212,1.2116578,82.39223,72.685326,10.073484,7.47016
24.0,121.0,2016-07-01,2016-11-21,143,25,19.522295,21.053638,18.581827,80.101715,5.8913326,3.8605883,84.82537,72.81321,6.632281,4.885536
22.0,121.0,2016-07-01,2016-11-21,143,25,23.068733,23.942846,22.423037,77.46457,7.475117,3.45104,81.80549,71.966,8.143042,6.787805
22.0,120.0,2016-07-01,2016-11-21,143,25,23.035574,23.935425,22.38127,77.31146,5.5549912,2.712207,81.2252,71.653015,6.278052,4.845898
22.0,122.0,2016-07-01,2016-11-21,143,25,24.156958,24.47936,23.836132,75.42685,11.644517,4.966843,78.847824,72.21168,12.57975,10.643918
23.0,120.0,2016-07-01,2016-11-21,143,25,22.054634,22.99539,21.399702,78.93915,6.3862224,1.7542725,83.159134,72.61869,7.175594,5.483304
24.0,122.0,2016-07-01,2016-11-22,144,25,20.77296,21.548994,20.131567,78.90502,5.8756933,7.690076,82.47625,74.63855,6.860058,4.8117623
25.0,120.0,2016-07-01,2016-11-22,144,25,19.28304,20.706293,18.333126,77.86191,7.324771,2.2307787,82.59633,70.99975,8.352488,6.0542274
25.0,122.0,2016-07-01,2016-11-22,144,25,22.247662,22.701479,21.733662,75.94707,7.906076,6.262161,79.34278,72.682556,9.008589,6.6656933
25.0,121.0,2016-07-01,2016-11-22,144,25,21.15324,22.003511,20.472763,78.21166,7.259214,3.2784424,82.22273,73.38374,8.300606,5.9973507
23.0,121.0,2016-07-01,2016-11-22,144,25,20.187363,21.81327,19.11827,81.15052,3.2385893,4.910527,85.89241,72.779015,3.7835355,2.7000551
23.0,122.0,2016-07-01,2016-11-22,144,25,21.280869,22.077866,20.652885,79.43095,6.8990803,7.9955397,82.69444,75.308846,7.9148626,5.833093
24.0,121.0,2016-07-01,2016-11-22,144,25,19.661734,21.12712,18.738214,81.36845,5.3226757,4.6813426,85.753586,74.39668,6.1417193,4.2825007
24.0,120.0,2016-07-01,2016-11-22,144,25,21.705996,22.54291,21.073965,79.27664,8.312927,1.768274,83.15541,74.33501,9.659668,6.6371017
22.0,122.0,2016-07-01,2016-11-22,144,25,24.284178,24.620703,23.92852,76.33916,10.855347,7.2954783,79.6181,73.54991,12.098136,9.644982
23.0,120.0,2016-07-01,2016-11-22,144,25,22.237354,23.225883,21.46931,79.040276,6.1388326,1.980835,83.26015,72.91805,7.0549293,4.95885
22.0,121.0,2016-07-01,2016-11-22,144,25,23.187464,24.10728,22.419058,77.82891,7.1686535,4.191538,81.96865,72.44973,7.881718,6.517376
22.0,120.0,2016-07-01,2016-11-22,144,25,23.12392,24.062998,22.354292,77.29248,5.7821865,2.2664893,81.561806,71.59827,6.639529,4.9308076
25.0,122.0,2016-07-01,2016-11-23,145,25,22.361122,22.861362,21.775864,75.93931,8.562437,5.1064405,78.77266,73.16104,9.582446,7.524774
25.0,121.0,2016-07-01,2016-11-23,145,25,21.237358,22.25755,20.384468,78.10147,7.956477,2.6613941,81.8552,73.870804,9.049999,6.629866
24.0,122.0,2016-07-01,2016-11-23,145,25,21.117905,21.959063,20.345505,79.15493,6.360181,7.2628026,82.997185,75.40957,7.38094,5.276355
25.0,120.0,2016-07-01,2016-11-23,145,25,19.440208,21.024752,18.256441,77.54424,7.762464,1.6109754,82.61004,70.45297,8.889122,6.339669
23.0,122.0,2016-07-01,2016-11-23,145,25,21.591381,22.399614,20.877436,80.59842,7.309983,7.8490577,84.0053,77.0435,8.327488,6.1324425
23.0,121.0,2016-07-01,2016-11-23,145,25,20.57919,22.327011,19.509346,81.78956,3.4701486,5.1876073,86.96488,73.108025,3.984837,2.8950639
24.0,120.0,2016-07-01,2016-11-23,145,25,21.784924,22.759619,20.996407,79.79885,8.916934,1.3198413,83.33101,75.28061,10.316822,7.1436725
24.0,121.0,2016-07-01,2016-11-23,145,25,19.977882,21.538803,18.926704,81.51357,5.885091,4.795151,85.98018,74.75453,6.9171476,4.6219606
22.0,121.0,2016-07-01,2016-11-23,145,25,23.41001,24.435572,22.655483,79.1282,7.278757,3.4255176,83.67168,73.375,8.060927,6.464612
22.0,120.0,2016-07-01,2016-11-23,145,25,23.373247,24.42583,22.606806,78.402435,5.9759064,2.14958,82.99219,72.38296,6.8143706,5.0574903
22.0,122.0,2016-07-01,2016-11-23,145,25,24.424873,24.807467,23.981953,78.1378,11.159089,6.0982594,80.99021,75.74479,12.465445,9.80107
23.0,120.0,2016-07-01,2016-11-23,145,25,22.390936,23.475508,21.593086,80.0315,6.4591784,1.6903027,84.30943,73.70615,7.375153,5.4207444
24.0,122.0,2016-07-01,2016-11-24,146,25,20.805527,21.75876,20.084093,78.92176,6.375283,8.509744,82.42328,74.84656,7.2936335,5.5071864
25.0,120.0,2016-07-01,2016-11-24,146,25,19.142279,20.637266,18.038551,76.88414,7.9823956,1.2602783,81.85683,70.058044,8.958654,6.9022202
25.0,122.0,2016-07-01,2016-11-24,146,25,22.082012,22.686485,21.47639,76.024,8.84538,6.356416,79.12308,73.09106,9.797993,7.8609066
25.0,121.0,2016-07-01,2016-11-24,146,25,20.891441,21.875317,20.017292,77.59005,8.167595,3.3830836,81.19377,73.25449,9.1106615,7.1748247
23.0,121.0,2016-07-01,2016-11-24,146,25,20.270414,21.95624,19.1799,81.797195,3.4374619,6.553574,86.5454,73.83399,3.89351,2.9655187
23.0,122.0,2016-07-01,2016-11-24,146,25,21.295216,22.15169,20.636015,79.85984,7.4256434,7.3717504,83.35512,76.01559,8.226277,6.4458857
24.0,121.0,2016-07-01,2016-11-24,146,25,19.598625,21.109438,18.586744,80.618225,5.93591,5.520244,84.76035,74.22563,6.754255,5.0342402
24.0,120.0,2016-07-01,2016-11-24,146,25,21.444162,22.36375,20.633394,78.89317,9.199268,1.5300537,82.20843,74.694916,10.47236,7.539804
22.0,122.0,2016-07-01,2016-11-24,146,25,24.194294,24.536499,23.813671,77.37042,11.550598,5.2641993,80.688934,74.450745,12.5263,10.416479
23.0,120.0,2016-07-01,2016-11-24,146,25,22.120874,23.157677,21.346416,79.98726,6.6738195,2.550581,83.92634,74.30373,7.5445385,5.551077
22.0,121.0,2016-07-01,2016-11-24,146,25,23.166725,24.166592,22.427794,79.09468,7.506505,4.43229,83.110725,73.69971,8.168511,6.7941985
22.0,120.0,2016-07-01,2016-11-24,146,25,23.110264,24.134516,22.372705,78.99372,5.852442,3.7026172,83.13895,73.19635,6.752464,5.064731
25.0,122.0,2016-07-01,2016-11-25,147,25,22.031378,22.591137,21.414394,75.63608,8.389931,5.366338,79.07352,72.448395,9.676009,7.1254926
25.0,121.0,2016-07-01,2016-11-25,147,25,20.957478,22.010864,20.097826,77.42262,8.198248,2.8052979,81.47537,72.35995,9.48874,6.8359904
24.0,122.0,2016-07-01,2016-11-25,147,25,20.768404,21.616968,19.971188,78.48133,6.093564,6.1704736,82.648544,74.57547,6.950479,5.16359
25.0,120.0,2016-07-01,2016-11-25,147,25,18.98921,20.48753,17.832096,77.20188,8.143798,1.6599817,82.396126,70.646095,9.090131,6.994496
23.0,122.0,2016-07-01,2016-11-25,147,25,21.255049,22.085718,20.490322,79.78876,7.224551,5.8878713,83.16224,75.89121,8.246612,6.1650934
23.0,121.0,2016-07-01,2016-11-25,147,25,20.229834,21.857672,19.137638,81.13239,3.4846566,3.6585693,86.36619,72.87971,3.9497895,3.0340893
24.0,120.0,2016-07-01,2016-11-25,147,25,21.524363,22.540133,20.742115,78.74382,9.363045,1.249829,82.675026,73.55225,10.628012,7.8338237
24.0,121.0,2016-07-01,2016-11-25,147,25,19.678354,21.271791,18.624376,80.44211,6.1002936,3.5917335,85.1183,73.18487,6.971726,5.116763
22.0,121.0,2016-07-01,2016-11-25,147,25,23.076519,24.052769,22.292656,78.679146,7.4412217,3.2896192,83.07342,73.03249,8.210418,6.6291113
22.0,120.0,2016-07-01,2016-11-25,147,25,23.072788,24.107672,22.28683,77.93748,5.9796424,1.9422901,82.5092,71.8869,6.8156796,5.241659
22.0,122.0,2016-07-01,2016-11-25,147,25,24.104181,24.51082,23.60934,77.52709,11.250053,5.531123,80.549,74.75294,12.550879,9.819137
23.0,120.0,2016-07-01,2016-11-25,147,25,22.08055,23.132387,21.28606,79.38384,6.7311983,1.2961841,83.73884,73.27522,7.5586433,5.788869
24.0,122.0,2016-07-01,2016-11-26,148,25,20.64557,21.39897,19.88048,79.316376,6.5656323,10.184688,82.54701,75.591125,7.6008625,5.3653364
25.0,120.0,2016-07-01,2016-11-26,148,25,18.87353,20.459667,17.618444,76.54807,8.142104,1.4597449,81.47812,70.13016,9.287084,6.935526
25.0,122.0,2016-07-01,2016-11-26,148,25,21.798506,22.30043,21.080914,75.96707,9.11573,7.4027295,79.16409,72.18702,10.277158,7.8629513
25.0,121.0,2016-07-01,2016-11-26,148,25,20.703852,21.6291,19.697037,77.1064,8.661359,2.9740357,81.22471,72.71564,9.740622,7.451083
23.0,121.0,2016-07-01,2016-11-26,148,25,20.155935,21.73913,19.153126,81.76611,3.4853246,6.2701902,86.05023,74.46808,4.047623,3.0023699
23.0,122.0,2016-07-01,2016-11-26,148,25,21.199097,22.010479,20.4698,79.87946,7.275708,7.9266896,83.023254,76.15305,8.422844,6.2057757
24.0,121.0,2016-07-01,2016-11-26,148,25,19.534937,21.01309,18.448185,80.62893,6.214349,5.7315626,84.66807,74.665375,7.1706276,5.094414
24.0,120.0,2016-07-01,2016-11-26,148,25,21.369051,22.223642,20.53669,78.771965,9.511456,1.3584155,82.78317,74.26572,10.896526,8.048561
22.0,122.0,2016-07-01,2016-11-26,148,25,24.093071,24.464249,23.61709,77.05163,11.196488,4.6939626,79.84683,74.41981,12.696141,9.99146
23.0,120.0,2016-07-01,2016-11-26,148,25,21.994854,22.947529,21.261372,79.84892,6.790713,1.8772266,84.03836,74.55688,7.6550035,5.930867
22.0,121.0,2016-07-01,2016-11-26,148,25,23.047369,23.99894,22.344463,78.71435,7.3253965,3.018545,82.42037,73.76011,8.179327,6.645265
22.0,120.0,2016-07-01,2016-11-26,148,25,23.024788,23.985712,22.331812,78.213356,5.9517727,2.168623,82.06853,72.88052,6.798631,5.2520876
25.0,122.0,2016-07-01,2016-11-27,149,25,21.167883,21.752876,20.614893,75.24822,8.656502,5.527969,78.74026,71.79624,9.994861,7.256031
25.0,121.0,2016-07-01,2016-11-27,149,25,19.963297,20.89875,19.160124,76.77224,8.107769,2.6928759,80.71839,72.85286,9.185875,6.7080626
24.0,122.0,2016-07-01,2016-11-27,149,25,20.10668,20.876928,19.440044,78.89319,6.518664,6.2796435,82.339645,75.20421,7.563535,5.454429
25.0,120.0,2016-07-01,2016-11-27,149,25,18.165861,19.587973,17.053272,76.44162,7.639549,0.9655884,81.22068,69.90513,8.526857,6.583788
23.0,122.0,2016-07-01,2016-11-27,149,25,20.76601,21.640337,20.106735,79.42127,7.383636,5.1669774,83.23435,75.033646,8.22949,6.4107723
23.0,121.0,2016-07-01,2016-11-27,149,25,19.684063,21.219088,18.683683,81.65917,3.5002875,3.8119922,85.82367,74.23813,4.070263,2.9675522
24.0,120.0,2016-07-01,2016-11-27,149,25,20.693907,21.55189,19.94482,78.52376,9.120127,1.0415747,82.101456,74.59924,10.107083,7.80646
24.0,121.0,2016-07-01,2016-11-27,149,25,18.885601,20.282495,17.930109,80.596146,5.868175,3.4277735,84.6655,74.74889,6.509717,5.0206084
22.0,121.0,2016-07-01,2016-11-27,149,25,22.667038,23.555103,21.962543,78.47256,7.286302,3.1128418,82.25501,73.465775,7.9724007,6.519265
22.0,120.0,2016-07-01,2016-11-27,149,25,22.59543,23.493668,21.88832,77.98742,5.848186,2.0026026,81.48864,72.83827,6.67913,5.0090723
22.0,122.0,2016-07-01,2016-11-27,149,25,23.751959,24.148365,23.335703,76.48467,11.23059,4.4788036,80.230316,72.77491,12.279632,10.061745
23.0,120.0,2016-07-01,2016-11-27,149,25,21.497194,22.39105,20.73297,79.50762,6.7343855,1.417566,83.17948,74.52073,7.569187,5.6481543
24.0,122.0,2016-07-01,2016-11-28,150,25,19.652063,20.51497,18.861675,76.79416,6.764624,4.3470726,81.04349,72.37466,7.9055505,5.4503975
25.0,120.0,2016-07-01,2016-11-28,150,25,17.626549,19.151047,16.398249,72.6617,8.313743,0.6440723,77.7665,65.571686,9.2941,7.1440454
25.0,122.0,2016-07-01,2016-11-28,150,25,20.662884,21.36291,19.888292,72.68147,8.91727,4.0513673,76.99223,69.14731,10.291935,7.5440273
25.0,121.0,2016-07-01,2016-11-28,150,25,19.48619,20.459091,18.527662,73.55841,8.728713,1.7753638,78.10312,68.86288,10.073776,7.418545
23.0,121.0,2016-07-01,2016-11-28,150,25,19.345667,21.117226,18.148643,79.08607,3.7941206,2.230371,84.23845,70.91566,4.264931,3.2672281
23.0,122.0,2016-07-01,2016-11-28,150,25,20.33619,21.235771,19.558996,77.980095,7.9126296,4.023889,81.68137,73.90825,8.76652,6.9554796
24.0,121.0,2016-07-01,2016-11-28,150,25,18.458979,19.976788,17.380724,77.82179,6.7000446,2.0478857,82.13232,71.2117,7.641858,5.557851
24.0,120.0,2016-07-01,2016-11-28,150,25,20.279995,21.16974,19.44379,75.587234,10.324187,0.5238403,79.48776,71.05738,11.560289,8.715599
22.0,122.0,2016-07-01,2016-11-28,150,25,23.369905,23.84806,22.890419,75.386696,11.877279,3.5997045,78.846825,72.39145,12.923654,10.799585
23.0,120.0,2016-07-01,2016-11-28,150,25,21.171621,22.215029,20.347383,76.7402,7.42904,0.69413084,81.012825,71.065315,8.186709,6.416552
22.0,121.0,2016-07-01,2016-11-28,150,25,22.376526,23.391088,21.566353,76.27388,7.725738,1.7890918,80.48659,71.09374,8.403272,7.028952
22.0,120.0,2016-07-01,2016-11-28,150,25,22.331732,23.403648,21.517403,75.86884,5.8909802,1.1955322,80.18127,70.15426,6.7008104,5.1318817
25.0,122.0,2016-07-01,2016-11-29,151,25,20.563501,21.13598,19.916964,73.809586,8.876934,5.3409376,77.60249,70.10275,9.883849,7.776854
25.0,121.0,2016-07-01,2016-11-29,151,25,19.387262,20.388664,18.421354,74.89311,8.217265,2.4735205,79.46522,70.21813,9.336731,7.11441
24.0,122.0,2016-07-01,2016-11-29,151,25,19.424921,20.300356,18.595177,77.14375,6.554579,5.7035007,81.417404,73.047005,7.417441,5.5853124
25.0,120.0,2016-07-01,2016-11-29,151,25,17.409061,19.005674,16.008532,73.96086,7.9637213,1.1225073,79.81149,66.82252,8.95774,6.710306
23.0,122.0,2016-07-01,2016-11-29,151,25,20.067598,20.915953,19.299519,78.51544,7.6224294,4.934458,82.473656,74.7235,8.624509,6.448563
23.0,121.0,2016-07-01,2016-11-29,151,25,19.04427,20.77063,17.855186,78.851944,3.63144,3.098828,84.37049,70.70385,4.1071167,3.086987
24.0,120.0,2016-07-01,2016-11-29,151,25,20.025629,20.991636,19.112999,76.24121,9.4985285,1.2946191,80.63059,71.27538,10.751081,8.083603
24.0,121.0,2016-07-01,2016-11-29,151,25,18.23177,19.827808,17.030338,78.39986,6.080028,2.8201952,83.64151,71.37758,6.9681096,5.0455937
22.0,121.0,2016-07-01,2016-11-29,151,25,22.071445,23.015938,21.284765,76.841805,7.7728987,3.9493456,81.353935,72.116165,8.518132,7.0126915
22.0,120.0,2016-07-01,2016-11-29,151,25,22.015509,23.014624,21.22297,75.8926,6.2925816,2.1234815,80.55833,70.55661,7.0248656,5.543015
22.0,122.0,2016-07-01,2016-11-29,151,25,23.097588,23.485746,22.663633,76.68765,11.810258,5.80207,79.933205,72.76633,13.104715,10.388171
23.0,120.0,2016-07-01,2016-11-29,151,25,20.84274,21.85524,19.95921,76.64252,7.0231166,1.562251,81.34163,71.06767,7.835318,6.083259
24.0,122.0,2016-07-01,2016-11-30,152,25,19.783258,20.55508,19.007593,78.21275,6.1159344,6.9077272,81.96864,74.269394,7.1679397,4.8784285
25.0,120.0,2016-07-01,2016-11-30,152,25,17.634605,19.245495,16.451109,75.74559,7.200659,1.2857813,81.53424,67.8071,8.1649685,6.0106206
25.0,122.0,2016-07-01,2016-11-30,152,25,20.87587,21.39176,20.262135,75.34189,8.164196,5.963518,79.27254,71.699005,9.49821,6.5039854
25.0,121.0,2016-07-01,2016-11-30,152,25,19.59109,20.505016,18.735,76.67246,7.585988,3.0066626,81.20168,72.14138,8.764549,6.0122113
23.0,121.0,2016-07-01,2016-11-30,152,25,19.28057,21.018072,18.171545,80.13523,3.3631027,3.9166992,85.59383,71.64223,3.9309278,2.8100762
23.0,122.0,2016-07-01,2016-11-30,152,25,20.362755,21.185078,19.572412,79.27854,6.918457,5.592102,82.89953,75.47425,7.9400916,5.858791
24.0,121.0,2016-07-01,2016-11-30,152,25,18.48109,19.97866,17.400171,79.73909,5.656669,3.9331763,84.65909,72.97551,6.518494,4.50523
24.0,120.0,2016-07-01,2016-11-30,152,25,20.190601,21.027494,19.441143,77.837616,8.912343,2.1466894,82.21904,73.175,10.166991,7.2358575
22.0,122.0,2016-07-01,2016-11-30,152,25,23.284101,23.713467,22.792065,77.47463,10.657354,4.483401,80.341644,74.62599,12.011846,9.388841
23.0,120.0,2016-07-01,2016-11-30,152,25,20.994268,22.02328,20.233261,78.18556,6.5982594,2.1247094,82.79898,72.03077,7.456519,5.5439687
22.0,121.0,2016-07-01,2016-11-30,152,25,22.19875,23.226225,21.414326,78.13442,7.0333185,2.8058593,82.506424,72.40813,7.876659,6.2949243
22.0,120.0,2016-07-01,2016-11-30,152,25,22.108776,23.07681,21.358295,77.21545,5.7718067,2.89375,81.614845,71.52045,6.7198286,4.9359436
