latitude,longitude,init_date,valid_date,lead_day,ens_n,t2m_C,t2m_C_max,t2m_C_min,rh_pct,wind_mps,tp_mm_mean,rh_pct_max,rh_pct_min,wind_mps_max,wind_mps_min
23.0,121.0,2006-12-01,2006-12-01,0,25,20.404814,22.413174,19.1546,82.14935,4.2506104,0.0,87.18244,73.41173,4.648598,3.9303498
25.0,121.0,2006-12-01,2006-12-01,0,25,19.76339,20.308874,19.330847,79.958405,10.6273575,0.0,81.25409,78.746925,10.986751,10.256306
23.0,120.0,2006-12-01,2006-12-01,0,25,21.991196,23.012339,21.29525,80.36606,8.599242,0.0,82.5326,77.12205,8.89902,8.2997465
24.0,122.0,2006-12-01,2006-12-01,0,25,20.27241,21.358349,19.546906,82.88657,7.963187,0.0,85.89329,78.25235,8.438382,7.5143147
22.0,122.0,2006-12-01,2006-12-01,0,25,24.012432,24.34169,23.736954,83.61713,12.0709505,0.0,84.69954,82.54175,12.499497,11.648137
23.0,122.0,2006-12-01,2006-12-01,0,25,21.097301,22.223589,20.389738,84.065186,8.279184,0.0,87.11297,79.58201,8.6167345,7.9060097
25.0,122.0,2006-12-01,2006-12-01,0,25,20.849699,21.096376,20.57292,81.66754,10.750754,0.0,82.8191,80.5314,11.565119,9.974936
24.0,120.0,2006-12-01,2006-12-01,0,25,20.75437,21.185888,20.421558,79.53661,12.09605,0.0,80.64196,78.44026,12.366167,11.763878
24.0,121.0,2006-12-01,2006-12-01,0,25,19.1713,20.586166,18.294498,81.16407,7.8166084,0.0,84.49512,76.12205,8.045074,7.5717793
22.0,121.0,2006-12-01,2006-12-01,0,25,23.318123,24.522974,22.518286,81.59506,7.9942603,0.0,84.454216,77.270935,8.341388,7.617522
25.0,120.0,2006-12-01,2006-12-01,0,25,18.405264,19.450333,17.484762,77.215195,9.663197,0.0,79.2046,74.366486,10.005781,9.279579
22.0,120.0,2006-12-01,2006-12-01,0,25,23.139683,24.318153,22.4146,80.06462,6.500284,0.0,82.70811,76.05893,7.3271804,5.7545867
25.0,121.0,2006-12-01,2006-12-02,1,25,18.664795,19.53667,17.750904,73.77708,11.838465,2.4231646,78.41638,70.16041,12.553797,10.99673
25.0,122.0,2006-12-01,2006-12-02,1,25,19.521437,20.26567,18.85102,74.333565,12.186376,6.6126366,79.14074,69.16345,12.976698,11.126455
24.0,122.0,2006-12-01,2006-12-02,1,25,18.688595,19.636148,17.570168,78.858795,9.339652,9.543678,83.00304,74.794426,10.004981,8.549926
23.0,121.0,2006-12-01,2006-12-02,1,25,18.87488,20.709194,17.299463,80.389305,4.7660146,5.4262853,86.05702,74.77955,5.039758,4.4539385
24.0,120.0,2006-12-01,2006-12-02,1,25,20.0671,20.967138,19.221188,76.09064,13.050983,0.43241733,79.25129,73.22882,13.720994,12.235997
23.0,122.0,2006-12-01,2006-12-02,1,25,19.63752,20.514122,18.521002,81.714455,9.947911,9.116423,85.839355,78.24146,10.832576,8.929774
25.0,120.0,2006-12-01,2006-12-02,1,25,17.03392,18.30922,15.524371,69.94953,11.2121315,0.50229305,73.754234,64.67534,11.85055,10.252094
22.0,122.0,2006-12-01,2006-12-02,1,25,23.133005,23.738306,22.526064,80.05712,14.3505,5.974858,83.98881,75.71161,15.783953,12.615156
23.0,120.0,2006-12-01,2006-12-02,1,25,21.130133,22.358828,20.095783,78.032196,8.963918,0.5254197,82.84243,74.63299,9.343091,8.443513
22.0,121.0,2006-12-01,2006-12-02,1,25,22.368515,23.433687,21.325132,78.66706,9.146944,2.2676778,83.238205,75.20357,10.123621,8.035471
24.0,121.0,2006-12-01,2006-12-02,1,25,17.819534,19.319054,16.43524,78.3483,8.924351,5.31584,82.18992,74.55354,9.485373,8.267462
22.0,120.0,2006-12-01,2006-12-02,1,25,22.511797,23.712334,21.518364,76.60065,6.747303,1.4977574,80.87094,72.64892,7.8830733,5.774373
24.0,122.0,2006-12-01,2006-12-03,2,25,17.982243,18.560822,17.504728,77.88006,8.410205,9.740937,81.97002,74.09393,9.075658,7.758313
23.0,120.0,2006-12-01,2006-12-03,2,25,20.585655,21.459776,19.996916,74.33635,8.797174,1.4486525,77.54335,70.08983,9.229568,8.318315
25.0,122.0,2006-12-01,2006-12-03,2,25,19.001541,19.39671,18.621716,73.45308,11.281025,6.8258314,76.685326,69.666794,12.070643,10.486706
22.0,122.0,2006-12-01,2006-12-03,2,25,22.66864,23.010958,22.35022,75.2991,14.078492,8.469909,78.16391,72.111374,14.857702,13.229137
24.0,121.0,2006-12-01,2006-12-03,2,25,17.136246,18.342466,16.46169,77.652176,8.202542,6.140911,81.7102,72.450584,8.629727,7.7228184
23.0,121.0,2006-12-01,2006-12-03,2,25,18.110603,19.50523,17.306149,77.583694,4.5268955,6.406224,82.36772,70.95968,4.8592086,4.1714897
22.0,121.0,2006-12-01,2006-12-03,2,25,21.747803,22.595346,21.161715,74.315994,9.251017,5.5487366,77.63706,70.04031,9.912112,8.663833
25.0,121.0,2006-12-01,2006-12-03,2,25,18.168758,18.839214,17.688112,73.1655,11.082834,3.253119,76.20772,69.5449,11.680904,10.469392
24.0,120.0,2006-12-01,2006-12-03,2,25,19.602777,20.290583,19.114655,74.41004,12.45081,1.2099192,77.10876,71.27903,13.044843,11.71817
23.0,122.0,2006-12-01,2006-12-03,2,25,19.028982,19.599878,18.56552,78.52719,9.322553,9.306548,82.28236,74.96913,9.895521,8.754431
22.0,120.0,2006-12-01,2006-12-03,2,25,21.865742,22.707735,21.314838,73.02242,7.23248,2.5243018,76.22571,68.71869,7.979513,6.6263065
25.0,120.0,2006-12-01,2006-12-03,2,25,15.704251,16.671173,15.049982,71.76375,10.804024,1.2663292,73.86661,69.04014,11.285844,10.268416
24.0,122.0,2006-12-01,2006-12-04,3,25,18.664455,19.231539,17.931295,78.37386,6.9625993,8.197881,81.82283,74.79366,8.568709,5.4348884
25.0,122.0,2006-12-01,2006-12-04,3,25,20.285309,21.257164,19.2546,71.915764,9.908438,5.339109,75.35574,68.515114,11.457963,8.428866
25.0,121.0,2006-12-01,2006-12-04,3,25,19.356041,20.106861,18.283737,72.71804,9.140548,1.9487964,77.75957,66.73315,10.959603,7.181897
22.0,122.0,2006-12-01,2006-12-04,3,25,23.048428,23.52936,22.534405,76.531,13.200759,7.32668,80.06298,73.29789,14.370691,12.027312
23.0,120.0,2006-12-01,2006-12-04,3,25,20.890556,21.651527,20.256851,74.83042,7.212408,0.46100736,78.44939,69.67202,8.559467,5.694898
22.0,121.0,2006-12-01,2006-12-04,3,25,21.92622,22.599878,21.386015,75.47573,8.820842,4.04564,79.38244,71.141266,9.590206,8.067981
22.0,120.0,2006-12-01,2006-12-04,3,25,22.079277,22.840195,21.513027,73.44941,7.560325,1.3978779,77.22261,68.96158,8.316198,6.935871
24.0,121.0,2006-12-01,2006-12-04,3,25,17.71899,19.0009,16.88688,79.382034,6.4678254,4.7828684,84.246796,71.5809,8.122649,4.5814276
25.0,120.0,2006-12-01,2006-12-04,3,25,16.568724,17.664654,15.286603,73.904686,9.040221,0.45448416,78.93123,68.115204,10.615462,6.953541
23.0,122.0,2006-12-01,2006-12-04,3,25,19.403406,19.84655,18.835695,80.34024,8.251054,8.316194,83.69501,77.34621,9.475656,7.0118656
24.0,120.0,2006-12-01,2006-12-04,3,25,20.316605,21.177568,19.484997,74.8606,9.770338,0.21244167,79.22517,68.800896,12.023572,7.123528
23.0,121.0,2006-12-01,2006-12-04,3,25,18.284056,19.46688,17.531553,79.359474,3.9283323,5.0592813,83.55454,72.54507,4.6859927,3.1828592
24.0,121.0,2006-12-01,2006-12-05,4,25,19.323158,21.28808,18.308067,82.48116,3.793334,3.6047485,88.66088,72.677414,4.7216244,2.7948062
22.0,120.0,2006-12-01,2006-12-05,4,25,22.858461,23.832954,22.188837,77.08659,6.431678,2.2453425,82.708466,70.30147,7.0720325,5.828046
24.0,122.0,2006-12-01,2006-12-05,4,25,20.631233,21.45811,19.999414,77.78767,4.5884275,6.1102223,81.44286,73.07449,5.618958,3.645753
22.0,122.0,2006-12-01,2006-12-05,4,25,24.394001,24.811792,23.915318,75.41308,10.388372,4.700901,78.68382,72.37401,11.523367,9.452859
23.0,121.0,2006-12-01,2006-12-05,4,25,19.640924,21.462109,18.699177,81.43863,2.5443199,4.118626,87.97254,71.2281,3.0028186,2.1506667
25.0,120.0,2006-12-01,2006-12-05,4,25,18.535507,20.339787,17.35353,80.46337,6.3373637,0.23404324,86.943085,72.261024,7.5307965,5.1770825
23.0,122.0,2006-12-01,2006-12-05,4,25,21.109482,21.925947,20.527748,78.63876,5.8403783,5.6745067,82.335945,74.05802,6.774233,5.015792
24.0,120.0,2006-12-01,2006-12-05,4,25,21.392044,22.595835,20.640259,80.677704,7.051374,0.23524484,87.07679,73.740486,8.317962,5.498287
25.0,122.0,2006-12-01,2006-12-05,4,25,22.456654,22.880133,21.873413,74.70399,7.3830504,4.4285126,78.34552,71.18459,8.50792,6.3523808
25.0,121.0,2006-12-01,2006-12-05,4,25,21.168638,22.404125,20.349546,79.008545,5.8410406,1.9399377,84.7186,72.460464,6.885662,4.7901173
22.0,121.0,2006-12-01,2006-12-05,4,25,22.921448,23.900284,22.204605,77.85132,6.9934196,3.1395838,82.881874,71.54599,7.655082,6.351245
23.0,120.0,2006-12-01,2006-12-05,4,25,21.715342,22.772871,21.081884,79.65035,5.7013283,0.7258912,86.41754,72.11861,6.3328447,4.9768353
23.0,120.0,2006-12-01,2006-12-06,5,25,22.296326,23.574213,21.544252,82.87845,4.15365,0.7877181,87.5744,74.99886,5.1296096,3.1971982
24.0,122.0,2006-12-01,2006-12-06,5,25,21.66018,22.622465,20.953009,78.04129,3.7366967,4.2026734,81.37065,73.52713,4.730728,2.6435397
22.0,122.0,2006-12-01,2006-12-06,5,25,24.890182,25.195894,24.574,77.51549,9.248692,5.528643,80.12301,75.3227,10.313804,8.159835
25.0,122.0,2006-12-01,2006-12-06,5,25,23.72132,24.168896,23.094799,76.01797,6.789926,1.5308975,79.56145,72.936615,7.8836064,5.5408144
23.0,121.0,2006-12-01,2006-12-06,5,25,20.48251,22.526133,19.369884,83.00983,2.1857667,3.6583729,87.81949,73.04999,2.7431328,1.7359091
24.0,121.0,2006-12-01,2006-12-06,5,25,19.933271,22.016016,18.776539,84.88389,2.259264,3.1033916,89.47882,75.92822,3.2770662,1.2734591
22.0,121.0,2006-12-01,2006-12-06,5,25,23.534775,24.635025,22.830439,80.29298,6.5771832,3.487513,84.290375,73.86585,7.2146316,5.966482
25.0,121.0,2006-12-01,2006-12-06,5,25,22.015757,23.489199,21.12362,82.44765,4.321029,0.4432701,87.24068,75.51582,5.5333667,3.2659588
25.0,120.0,2006-12-01,2006-12-06,5,25,19.43532,21.317656,18.427755,86.15083,4.535445,0.47119355,91.50861,78.16672,5.761232,3.2525277
23.0,122.0,2006-12-01,2006-12-06,5,25,21.834589,22.757734,21.224669,79.89664,4.794081,5.682337,82.89224,75.546,5.812071,3.7670236
22.0,120.0,2006-12-01,2006-12-06,5,25,23.61002,24.79064,22.78099,79.823105,6.646222,1.6552948,84.09344,73.19914,7.19189,6.0460553
24.0,120.0,2006-12-01,2006-12-06,5,25,21.742867,23.062807,20.969732,84.75449,4.4924746,0.24973127,89.541756,77.973885,5.95496,2.9052377
23.0,120.0,2006-12-01,2006-12-07,6,25,22.872717,24.359785,22.063013,84.461296,3.9966648,0.12618285,89.26378,75.66371,4.650439,3.362446
22.0,122.0,2006-12-01,2006-12-07,6,25,25.242609,25.57044,24.899126,81.27183,8.302112,3.0046198,84.51023,78.16499,9.185472,7.3666835
24.0,121.0,2006-12-01,2006-12-07,6,25,20.423853,22.763111,19.142462,85.263535,2.468782,1.0649225,90.55772,75.75327,3.1807904,1.6197743
23.0,121.0,2006-12-01,2006-12-07,6,25,21.14813,23.660732,19.820108,83.406586,1.9390866,1.026871,89.64299,71.43667,2.306234,1.5770383
24.0,120.0,2006-12-01,2006-12-07,6,25,22.144842,23.462349,21.372725,86.37405,4.6280365,0.17169225,90.10511,80.22293,5.6788545,3.4175
25.0,122.0,2006-12-01,2006-12-07,6,25,24.01322,24.374819,23.68628,79.612434,5.641696,2.0808148,83.098946,76.759514,6.7703032,4.3968945
25.0,120.0,2006-12-01,2006-12-07,6,25,20.041672,22.192123,18.90676,88.08403,4.363281,0.52670705,92.64693,79.928246,5.4621944,3.1989377
23.0,122.0,2006-12-01,2006-12-07,6,25,22.391975,23.639517,21.602163,81.789764,4.2561574,2.4920197,86.12043,76.07338,4.9469624,3.379075
25.0,121.0,2006-12-01,2006-12-07,6,25,22.258223,23.677118,21.433218,84.71408,4.5060363,0.67424035,88.71869,78.891136,5.481914,3.2353165
24.0,122.0,2006-12-01,2006-12-07,6,25,22.20019,23.437084,21.446846,79.95859,2.9166205,2.4834368,84.55255,74.217995,3.7089102,2.0141177
22.0,120.0,2006-12-01,2006-12-07,6,25,24.133081,25.489214,23.390654,81.13821,5.83024,0.49735287,85.55187,73.6962,6.560957,5.1672163
22.0,121.0,2006-12-01,2006-12-07,6,25,23.995928,25.287735,23.230904,82.63244,5.9007955,1.5313072,87.22063,75.418884,6.5092344,5.2623854
24.0,122.0,2006-12-01,2006-12-08,7,25,22.573801,23.82163,21.825512,82.92617,3.0533347,2.2114208,86.67296,77.6917,3.9788876,2.0496185
22.0,120.0,2006-12-01,2006-12-08,7,25,24.375273,25.902626,23.513086,83.24685,5.4565167,0.43068174,87.97855,75.02181,6.11794,4.819638
22.0,121.0,2006-12-01,2006-12-08,7,25,24.28627,25.745577,23.402807,84.509285,5.631358,0.95367706,89.231895,76.58009,6.3959746,4.900873
25.0,121.0,2006-12-01,2006-12-08,7,25,22.321445,23.760883,21.338861,86.78506,4.3468895,0.81131226,91.503456,81.151764,5.7671027,2.5892532
23.0,122.0,2006-12-01,2006-12-08,7,25,22.774345,24.103697,21.967197,84.108,3.9777067,2.0259888,87.80095,78.24697,4.7054553,3.2618074
24.0,120.0,2006-12-01,2006-12-08,7,25,22.321384,23.562963,21.510347,87.4359,5.30618,0.1565195,91.22439,82.21125,6.5406885,3.7662463
23.0,121.0,2006-12-01,2006-12-08,7,25,21.580914,24.217964,20.215034,85.16839,1.7905295,0.95413476,91.405334,72.7772,2.2823048,1.3558145
24.0,121.0,2006-12-01,2006-12-08,7,25,20.799301,23.07021,19.503712,86.30678,2.6694617,0.9757641,91.64626,77.48297,3.5561721,1.5978972
25.0,122.0,2006-12-01,2006-12-08,7,25,24.07564,24.605797,23.568165,83.50126,5.5257874,2.036212,86.42229,80.7527,6.862222,3.9918137
25.0,120.0,2006-12-01,2006-12-08,7,25,20.063217,22.03852,18.830597,88.63494,4.775066,0.22373445,93.65764,81.097466,5.913493,3.3226023
23.0,120.0,2006-12-01,2006-12-08,7,25,23.105894,24.710102,22.231455,86.22383,4.3447456,0.1294733,91.00346,77.375275,5.0169415,3.5869663
22.0,122.0,2006-12-01,2006-12-08,7,25,25.482439,25.769463,25.126577,83.64833,7.925273,2.0297272,86.20266,81.58532,8.868798,7.01421
24.0,121.0,2006-12-01,2006-12-09,8,25,20.74546,23.025269,19.443443,86.15678,3.8032029,1.9042789,90.91407,77.21999,4.9455104,2.1709967
23.0,121.0,2006-12-01,2006-12-09,8,25,21.48293,24.0852,20.107424,85.82744,2.057731,2.1390352,91.76651,73.75331,2.618354,1.5417244
25.0,120.0,2006-12-01,2006-12-09,8,25,19.685217,21.527119,18.450827,87.575745,6.3335094,0.5756197,91.974014,81.14018,7.7323895,4.204771
24.0,122.0,2006-12-01,2006-12-09,8,25,22.32863,23.63415,21.461529,83.76577,3.6937008,3.7978187,87.31918,78.44883,4.815463,2.450689
23.0,122.0,2006-12-01,2006-12-09,8,25,22.615643,23.981949,21.74789,84.540245,4.3816085,3.2973304,87.74633,78.67664,5.242161,3.338984
22.0,122.0,2006-12-01,2006-12-09,8,25,25.35002,25.637157,24.979755,83.87277,8.166497,3.4367957,85.839836,82.052704,9.072397,7.1354003
24.0,120.0,2006-12-01,2006-12-09,8,25,22.293753,23.562162,21.493725,86.86228,7.100813,0.40784928,90.07095,81.782974,8.706252,4.8675103
23.0,120.0,2006-12-01,2006-12-09,8,25,23.034101,24.621279,22.166616,86.454285,5.2797766,0.6321153,90.959984,78.061134,6.2721815,4.2236586
22.0,120.0,2006-12-01,2006-12-09,8,25,24.277124,25.755766,23.436655,84.12427,5.5017653,1.4741336,88.73503,76.28621,6.0687037,4.951788
22.0,121.0,2006-12-01,2006-12-09,8,25,24.214859,25.660513,23.377623,84.96108,5.7408996,2.2745714,89.44041,77.425,6.3930683,5.093979
25.0,121.0,2006-12-01,2006-12-09,8,25,22.049221,23.36478,21.118916,86.58789,5.7358937,1.4819541,90.344765,81.63552,7.361238,3.2758234
25.0,122.0,2006-12-01,2006-12-09,8,25,23.613735,24.205069,23.029034,84.263535,5.9225793,3.3605776,86.85898,81.99215,7.341361,4.1967163
24.0,122.0,2006-12-01,2006-12-10,9,25,21.95137,23.008106,21.13415,84.764015,4.0276933,13.080989,88.062744,80.2769,5.418023,2.5730472
25.0,121.0,2006-12-01,2006-12-10,9,25,21.396095,22.431625,20.525713,85.7031,7.063648,5.905123,89.40193,81.41032,8.841745,4.812847
22.0,120.0,2006-12-01,2006-12-10,9,25,24.029757,25.150684,23.338852,84.67131,5.820749,5.661746,88.60568,78.322205,6.4282856,5.133915
23.0,120.0,2006-12-01,2006-12-10,9,25,22.736904,23.92836,21.953438,86.30738,6.1736937,3.362285,90.27333,79.77975,7.020248,5.29204
22.0,122.0,2006-12-01,2006-12-10,9,25,25.135479,25.438139,24.754213,83.74568,7.5520616,9.516079,85.98884,81.44337,9.002039,6.1924353
23.0,122.0,2006-12-01,2006-12-10,9,25,22.394096,23.41646,21.716625,85.20657,4.2423973,10.512172,88.23294,80.57762,5.3947606,3.0555809
22.0,121.0,2006-12-01,2006-12-10,9,25,24.047626,25.19526,23.336811,85.03089,5.4849772,6.081783,88.843185,78.6048,6.4391046,4.5666795
24.0,120.0,2006-12-01,2006-12-10,9,25,21.892096,22.763988,21.191772,86.318924,8.347237,3.8373673,89.37886,82.587776,9.736685,6.742109
25.0,120.0,2006-12-01,2006-12-10,9,25,19.197258,20.68772,18.164024,86.464836,6.921522,3.859111,90.52237,81.127106,8.318199,5.448139
25.0,122.0,2006-12-01,2006-12-10,9,25,22.862856,23.566578,22.130972,83.93707,6.4546056,11.414005,86.40741,81.144646,8.329182,4.0288982
23.0,121.0,2006-12-01,2006-12-10,9,25,21.308884,23.318487,20.244562,86.661446,2.370226,7.080127,91.57094,76.94216,3.0539746,1.7687613
24.0,121.0,2006-12-01,2006-12-10,9,25,20.46685,22.122822,19.526896,86.60869,4.4709563,7.527973,90.66455,79.91287,5.681608,3.1658676
23.0,121.0,2006-12-01,2006-12-11,10,25,20.951504,22.436611,19.992989,86.479454,2.8578327,9.448808,90.27552,79.936584,3.5320108,2.1384861
24.0,121.0,2006-12-01,2006-12-11,10,25,19.999147,21.242836,19.099249,85.58185,5.256068,8.354066,89.00245,80.68992,6.3655653,3.956891
25.0,122.0,2006-12-01,2006-12-11,10,25,22.144854,22.915377,21.3952,81.2325,7.9919724,10.220902,83.81861,78.87796,9.374216,6.409624
25.0,120.0,2006-12-01,2006-12-11,10,25,18.30268,19.354263,17.436607,84.00489,7.7049656,4.1675124,87.86871,79.51387,8.723957,6.366995
24.0,120.0,2006-12-01,2006-12-11,10,25,21.359095,22.113863,20.735445,84.71386,9.258266,3.8378458,87.87811,81.121445,10.556641,7.560852
22.0,122.0,2006-12-01,2006-12-11,10,25,24.818096,25.195595,24.42292,83.53404,8.587986,12.409776,85.97905,81.14778,10.491486,6.5070806
23.0,120.0,2006-12-01,2006-12-11,10,25,22.31406,23.220575,21.632797,85.5436,6.814392,4.8968062,88.7227,80.80269,7.6787806,5.883484
22.0,121.0,2006-12-01,2006-12-11,10,25,23.74748,24.631245,23.092085,84.83796,5.9318666,9.26555,88.1003,80.35666,7.118846,4.655057
24.0,122.0,2006-12-01,2006-12-11,10,25,21.434946,22.260786,20.669716,83.62442,5.426895,12.463526,86.55318,80.33192,6.6994085,4.116933
23.0,122.0,2006-12-01,2006-12-11,10,25,22.019093,22.796791,21.366909,85.03209,5.3674517,12.597459,87.827034,81.624435,6.7434635,3.819607
22.0,120.0,2006-12-01,2006-12-11,10,25,23.70028,24.592836,23.031694,84.39717,5.893245,7.830804,87.67386,79.64233,6.654327,5.105329
25.0,121.0,2006-12-01,2006-12-11,10,25,20.725864,21.545444,19.955074,83.101036,7.7325172,6.15104,86.60017,79.49278,9.051935,6.070061
25.0,120.0,2006-12-01,2006-12-12,11,25,18.628973,19.980833,17.63581,84.777,6.4519043,5.0973644,89.34184,78.98355,7.632633,5.0965652
23.0,120.0,2006-12-01,2006-12-12,11,25,22.424002,23.310707,21.823248,84.62909,5.8863378,3.1097925,88.07381,79.34633,6.9698033,4.8214455
23.0,121.0,2006-12-01,2006-12-12,11,25,20.989302,22.443886,20.149078,85.31041,2.5644019,4.6230445,89.740585,77.85581,3.327096,1.9726597
24.0,121.0,2006-12-01,2006-12-12,11,25,20.120743,21.446587,19.281935,85.36794,4.4829264,5.5906043,89.19004,79.5223,5.6678677,3.2454765
22.0,121.0,2006-12-01,2006-12-12,11,25,23.836224,24.650175,23.298437,83.506004,5.7337976,4.2585497,86.93963,78.60725,6.597633,4.857312
23.0,122.0,2006-12-01,2006-12-12,11,25,22.099277,22.768051,21.533682,83.94286,4.887417,6.482328,87.13252,80.25322,6.225937,3.7599816
22.0,120.0,2006-12-01,2006-12-12,11,25,23.803984,24.629482,23.207104,82.9547,5.6007495,3.20783,86.55848,77.91805,6.3802986,4.828538
24.0,120.0,2006-12-01,2006-12-12,11,25,21.552763,22.33022,20.89979,84.728096,7.859966,4.0904365,87.94266,80.86161,9.326694,6.001912
22.0,122.0,2006-12-01,2006-12-12,11,25,24.948965,25.26128,24.59917,82.295,8.211032,6.1225634,84.80525,80.11032,9.623244,6.9257493
25.0,122.0,2006-12-01,2006-12-12,11,25,22.632174,23.303814,21.807993,80.81795,6.7922087,7.1735888,83.26181,78.290306,8.729977,5.0341005
25.0,121.0,2006-12-01,2006-12-12,11,25,21.139515,22.061098,20.194948,83.41044,6.4902773,5.5560436,86.94699,79.28452,8.012279,4.7784133
24.0,122.0,2006-12-01,2006-12-12,11,25,21.631123,22.354824,20.956314,82.65077,4.6958594,7.223219,85.71745,79.01059,6.279871,3.3043647
24.0,121.0,2006-12-01,2006-12-13,12,25,19.72011,21.42207,18.385197,84.69387,5.2136383,5.917986,88.90134,78.58902,6.5858264,3.7094042
22.0,122.0,2006-12-01,2006-12-13,12,25,24.834755,25.390234,24.236948,82.35461,9.009457,4.792649,85.39367,79.60531,11.166015,6.747836
23.0,120.0,2006-12-01,2006-12-13,12,25,22.212936,23.463814,21.250996,84.30411,6.483252,2.0094852,88.68828,78.40112,7.6198115,5.2891455
22.0,120.0,2006-12-01,2006-12-13,12,25,23.64833,24.820566,22.772799,83.30084,5.9539394,2.6750355,87.71189,77.36563,6.9030437,5.074313
25.0,122.0,2006-12-01,2006-12-13,12,25,21.843464,22.831997,20.77873,80.12223,8.332224,8.938463,83.39703,76.87436,10.425742,6.046276
25.0,120.0,2006-12-01,2006-12-13,12,25,18.195786,19.68168,17.032448,83.68739,7.1230884,3.8838751,88.76726,78.09036,8.446805,5.5905123
24.0,120.0,2006-12-01,2006-12-13,12,25,21.072163,22.088125,20.118692,83.85324,8.712235,2.4484808,87.36255,79.85035,10.286149,6.803264
23.0,121.0,2006-12-01,2006-12-13,12,25,20.85873,22.904747,19.492096,85.21888,3.0427747,5.495966,90.82414,76.27204,3.9022574,2.1472213
23.0,122.0,2006-12-01,2006-12-13,12,25,21.940422,23.11356,20.933233,83.77086,5.741872,6.909005,87.45831,79.21552,7.4443803,3.7566113
22.0,121.0,2006-12-01,2006-12-13,12,25,23.750328,24.956749,22.852358,83.62364,6.0895557,3.3714476,88.17079,77.96956,7.4888616,4.687519
24.0,122.0,2006-12-01,2006-12-13,12,25,21.251213,22.481836,20.111397,82.260925,5.777083,9.88134,85.900345,78.30084,7.5411916,3.7338228
25.0,121.0,2006-12-01,2006-12-13,12,25,20.330254,21.538765,19.13423,82.40835,7.803186,5.0035644,86.75868,78.341965,9.331825,6.1547437
25.0,122.0,2006-12-01,2006-12-14,13,25,20.432364,21.386503,19.592701,77.41445,8.997192,7.87227,81.37302,73.914764,10.638566,7.0857606
23.0,121.0,2006-12-01,2006-12-14,13,25,19.787556,21.514492,18.477242,83.522194,3.6111135,5.904497,88.526024,76.44018,4.2456503,2.9519722
22.0,122.0,2006-12-01,2006-12-14,13,25,23.78858,24.475523,23.10875,81.44417,10.687072,4.540515,84.68903,78.51776,12.214899,9.0487175
24.0,121.0,2006-12-01,2006-12-14,13,25,18.527124,20.00598,17.360743,82.49485,6.0189643,5.990328,86.677956,77.1158,7.010413,4.7283034
25.0,120.0,2006-12-01,2006-12-14,13,25,17.018242,18.201195,15.893454,78.97207,7.9460173,3.953699,84.00728,73.53749,8.943796,6.6403723
24.0,120.0,2006-12-01,2006-12-14,13,25,20.081217,20.974356,19.233345,80.77402,9.539561,2.695345,84.28103,77.03869,10.802365,7.808
25.0,121.0,2006-12-01,2006-12-14,13,25,19.120981,20.173502,18.13338,78.75584,8.279672,4.6396203,83.00282,74.89302,9.617394,6.656852
24.0,122.0,2006-12-01,2006-12-14,13,25,19.854246,20.915136,18.873663,81.030426,6.7122817,9.240793,84.943,77.37087,7.806399,5.1813316
23.0,122.0,2006-12-01,2006-12-14,13,25,20.70962,21.774057,19.722721,82.786,7.0262556,6.901088,86.40689,79.08861,8.155617,5.7158766
22.0,120.0,2006-12-01,2006-12-14,13,25,22.909208,23.957954,22.030323,81.36868,6.585079,3.1277795,85.69444,76.36012,7.6804767,5.576781
22.0,121.0,2006-12-01,2006-12-14,13,25,22.864145,23.959126,21.91026,82.073105,7.242555,3.539423,86.41229,76.92852,8.165689,6.2719893
23.0,120.0,2006-12-01,2006-12-14,13,25,21.345549,22.37022,20.490244,81.72877,7.047605,2.593073,86.027855,76.83896,8.00662,5.8261
22.0,122.0,2006-12-01,2006-12-15,14,25,23.629028,24.295097,22.881172,78.26475,10.117888,9.962596,81.755455,75.03004,12.020432,7.916382
22.0,121.0,2006-12-01,2006-12-15,14,25,22.54186,23.490097,21.602764,79.154625,6.861562,3.914813,83.432594,74.2463,8.104898,5.5008802
25.0,120.0,2006-12-01,2006-12-15,14,25,16.786798,18.223003,15.476646,79.767784,6.9203563,4.590243,85.715324,73.80166,8.494761,4.877253
24.0,120.0,2006-12-01,2006-12-15,14,25,20.037556,20.99085,19.130186,79.29678,7.6208363,3.3826241,83.90726,74.36232,9.781598,5.1917005
24.0,121.0,2006-12-01,2006-12-15,14,25,18.252863,19.816841,17.025558,81.34954,4.888086,6.5715594,86.125206,74.781204,6.4857054,3.0907657
23.0,120.0,2006-12-01,2006-12-15,14,25,21.064478,22.05019,20.153751,79.25623,5.872345,2.8822503,83.66535,74.08291,7.3268847,4.4290776
22.0,120.0,2006-12-01,2006-12-15,14,25,22.55959,23.46289,21.638512,78.379074,6.294456,3.2594857,82.48013,73.6181,7.388525,5.2824907
23.0,122.0,2006-12-01,2006-12-15,14,25,20.35977,21.357553,19.303654,80.27985,6.410832,12.127665,83.803314,76.088066,7.990295,4.6477275
24.0,122.0,2006-12-01,2006-12-15,14,25,19.577341,20.592402,18.388458,78.293396,5.914132,9.06492,81.71431,74.66684,7.28734,4.447995
25.0,121.0,2006-12-01,2006-12-15,14,25,19.225456,20.246035,18.040611,77.49836,7.2488985,6.6227136,82.66256,72.67166,8.804314,5.475885
23.0,121.0,2006-12-01,2006-12-15,14,25,19.275433,20.91961,17.96195,81.32942,3.197764,6.094302,85.799324,74.21273,4.1123466,2.3942726
25.0,122.0,2006-12-01,2006-12-15,14,25,20.532452,21.600073,19.385412,74.7225,8.525669,9.083766,78.3296,71.282684,9.822491,6.8757668
25.0,122.0,2006-12-01,2006-12-16,15,25,21.175581,21.813066,20.452198,74.738945,7.3385615,5.245024,78.95108,71.02372,8.718555,5.9330025
23.0,121.0,2006-12-01,2006-12-16,15,25,19.595575,21.496391,18.293951,80.799065,2.874199,2.2102404,86.84926,71.88929,3.3952508,2.3184643
22.0,121.0,2006-12-01,2006-12-16,15,25,22.85551,23.91291,22.011847,78.090355,6.637165,1.4168212,83.02884,72.27849,7.573733,5.594746
24.0,121.0,2006-12-01,2006-12-16,15,25,18.499184,20.137081,17.35925,81.30154,4.6142797,2.5284235,86.69827,73.702515,5.64786,3.297845
22.0,122.0,2006-12-01,2006-12-16,15,25,23.996239,24.42097,23.503897,76.339455,9.788627,2.7351813,79.85879,73.45785,11.235302,7.9923067
23.0,120.0,2006-12-01,2006-12-16,15,25,21.335913,22.39043,20.485634,79.41104,5.885411,0.5679373,84.48536,73.033646,6.7283306,4.876211
23.0,122.0,2006-12-01,2006-12-16,15,25,20.733616,21.656178,19.863571,78.79519,5.9830256,3.5234902,83.15922,74.48624,7.046104,4.658491
22.0,120.0,2006-12-01,2006-12-16,15,25,22.859636,23.903442,22.0192,77.951546,6.069691,1.2303969,82.94014,71.810425,6.746669,5.42957
25.0,121.0,2006-12-01,2006-12-16,15,25,19.622866,20.51786,18.713747,78.32451,6.3476424,2.9121053,83.71466,72.52522,7.7826805,4.6211658
24.0,122.0,2006-12-01,2006-12-16,15,25,20.071062,20.927315,19.138195,77.462524,5.330477,4.876449,81.918396,72.93521,6.435046,4.170692
24.0,120.0,2006-12-01,2006-12-16,15,25,20.235449,21.061,19.430754,79.93349,7.6374125,0.8964972,84.33015,74.88024,8.962244,5.751613
25.0,120.0,2006-12-01,2006-12-16,15,25,17.079094,18.544075,15.723361,80.874344,6.4452085,1.5185219,86.5475,73.94914,7.5836244,4.979678
23.0,120.0,2006-12-01,2006-12-17,16,25,21.538567,22.8008,20.629517,81.40737,6.0276337,1.4046988,85.85634,74.58453,7.1945653,4.953248
23.0,121.0,2006-12-01,2006-12-17,16,25,19.953402,21.990704,18.786154,82.619415,2.9385364,3.9791608,87.79468,72.94241,3.8463962,2.123693
25.0,122.0,2006-12-01,2006-12-17,16,25,21.228691,22.128979,20.28612,77.75827,8.337264,8.007404,80.63938,74.722176,10.253657,5.9075665
25.0,120.0,2006-12-01,2006-12-17,16,25,17.256659,18.708736,16.048796,81.65269,7.2612233,3.6263788,86.44318,75.93969,8.9458,5.2515216
22.0,121.0,2006-12-01,2006-12-17,16,25,23.041645,24.20768,22.238935,79.5381,6.149345,2.519396,84.02666,73.150795,7.2504992,5.222342
24.0,121.0,2006-12-01,2006-12-17,16,25,18.917334,20.637505,17.832531,82.44248,5.0395207,4.1115313,86.674385,75.39489,6.6533837,3.403851
22.0,122.0,2006-12-01,2006-12-17,16,25,24.197437,24.597256,23.627363,77.64684,8.882671,3.8824205,80.99626,74.620964,10.689323,7.2960377
25.0,121.0,2006-12-01,2006-12-17,16,25,19.719791,20.7658,18.643717,79.938034,7.7618785,4.4657273,83.78696,75.4957,9.480457,5.442542
23.0,122.0,2006-12-01,2006-12-17,16,25,21.106531,22.16747,20.310743,80.44749,5.6173177,5.3360486,84.38874,75.67988,7.280008,4.2012105
24.0,122.0,2006-12-01,2006-12-17,16,25,20.44481,21.504019,19.54402,80.095856,5.680979,7.6770525,83.68122,76.02252,7.451685,3.8582444
22.0,120.0,2006-12-01,2006-12-17,16,25,23.041487,24.204493,22.224888,79.40547,6.0061407,2.4064815,83.665,73.0225,6.7246013,5.2289257
24.0,120.0,2006-12-01,2006-12-17,16,25,20.498985,21.468164,19.61355,81.277664,8.168835,1.5498862,85.05801,76.81495,10.134759,6.178332
25.0,121.0,2006-12-01,2006-12-18,17,25,18.810066,19.73695,17.842325,80.60597,8.669465,8.832669,83.801735,77.49457,10.167936,6.656198
23.0,120.0,2006-12-01,2006-12-18,17,25,20.945826,22.101948,20.017414,82.73255,7.356053,4.276243,86.65711,77.17624,8.222155,6.190503
22.0,122.0,2006-12-01,2006-12-18,17,25,23.818027,24.252958,23.336226,79.10171,10.33514,7.0673804,82.72779,76.044235,11.80901,8.759402
25.0,120.0,2006-12-01,2006-12-18,17,25,16.142227,17.295588,14.990562,80.80555,8.421528,6.275258,84.60898,76.918106,9.613648,6.797815
24.0,120.0,2006-12-01,2006-12-18,17,25,19.66767,20.626816,18.790041,82.25105,10.1003685,5.816122,85.0248,78.83084,11.470728,8.082763
24.0,122.0,2006-12-01,2006-12-18,17,25,19.836424,20.72691,19.055212,81.12989,6.5437484,10.842786,84.48123,77.982796,8.032247,4.973181
25.0,122.0,2006-12-01,2006-12-18,17,25,20.348106,21.204365,19.551472,78.55682,8.992762,11.574445,80.89536,76.12307,10.715669,6.87242
22.0,120.0,2006-12-01,2006-12-18,17,25,22.60937,23.71312,21.775322,81.10896,6.18515,4.5385036,85.57126,75.31989,7.000731,5.269869
23.0,121.0,2006-12-01,2006-12-18,17,25,19.556635,21.273657,18.438057,83.857086,3.442758,6.557471,88.60005,75.86868,4.2241664,2.6533074
22.0,121.0,2006-12-01,2006-12-18,17,25,22.682777,23.772411,21.878277,80.924385,6.884038,4.823423,85.66519,75.27887,7.6679287,5.955009
24.0,121.0,2006-12-01,2006-12-18,17,25,18.280916,19.70335,17.3092,83.31413,6.09913,8.083578,87.03975,78.06818,7.267833,4.611952
23.0,122.0,2006-12-01,2006-12-18,17,25,20.688946,21.609638,19.967632,81.78812,6.8514194,8.791661,85.09707,78.14708,8.223705,5.4421926
24.0,122.0,2006-12-01,2006-12-19,18,25,19.034214,19.91658,18.170656,80.218254,7.044152,8.382813,82.96918,76.831726,8.051073,5.7568603
25.0,122.0,2006-12-01,2006-12-19,18,25,19.514172,20.284227,18.724464,77.20483,9.582871,8.275239,80.05351,74.10996,10.798231,8.028463
23.0,121.0,2006-12-01,2006-12-19,18,25,18.896109,20.505571,17.718912,82.53952,3.7885404,4.8072605,86.51949,76.12413,4.329176,3.1729836
24.0,120.0,2006-12-01,2006-12-19,18,25,18.89688,19.646671,18.106827,80.83538,10.365759,3.5326562,83.9108,77.432076,11.741029,8.536034
22.0,122.0,2006-12-01,2006-12-19,18,25,23.157627,23.731787,22.563164,78.96733,11.190703,5.428027,82.77709,75.73205,12.873699,9.4369135
23.0,122.0,2006-12-01,2006-12-19,18,25,19.971287,20.91277,19.135622,81.11883,7.4326243,7.153108,84.26225,77.8552,8.718444,6.0232735
22.0,120.0,2006-12-01,2006-12-19,18,25,21.956566,22.83293,21.247461,79.97908,6.568842,2.7844038,83.78626,75.50932,7.4770684,5.7162895
23.0,120.0,2006-12-01,2006-12-19,18,25,20.299349,21.218887,19.531021,81.058655,7.6333733,2.5809274,84.56423,76.70954,8.60691,6.4426155
24.0,121.0,2006-12-01,2006-12-19,18,25,17.496187,18.782516,16.450201,82.28338,6.545016,5.7478504,85.83804,77.53522,7.493719,5.229897
25.0,120.0,2006-12-01,2006-12-19,18,25,15.497902,16.5549,14.433122,79.420135,8.547336,4.0490904,83.57509,74.655075,9.684587,7.0847206
25.0,121.0,2006-12-01,2006-12-19,18,25,17.99382,18.856861,17.090279,79.11748,8.931408,5.657519,82.70425,75.52078,10.115997,7.391696
22.0,121.0,2006-12-01,2006-12-19,18,25,22.079456,23.029701,21.293037,80.207924,7.4412293,3.0695524,84.11789,75.67608,8.4597225,6.450659
22.0,120.0,2006-12-01,2006-12-20,19,25,21.885664,22.812979,21.123896,77.804504,6.2646885,2.7027285,81.74522,72.86764,7.2112365,5.304819
25.0,122.0,2006-12-01,2006-12-20,19,25,19.844824,20.669668,19.006994,75.00627,8.428811,7.4572544,78.803276,71.492874,9.783503,6.7934837
24.0,122.0,2006-12-01,2006-12-20,19,25,18.963503,19.731503,18.106583,78.18445,5.9968376,7.7763524,81.86565,74.324234,7.17574,4.67341
23.0,121.0,2006-12-01,2006-12-20,19,25,18.598837,20.101524,17.548483,80.90529,3.3317337,4.7261596,85.60333,73.730034,4.1130104,2.6542852
25.0,121.0,2006-12-01,2006-12-20,19,25,18.36984,19.301952,17.411182,77.77913,7.976224,5.6289845,82.6576,72.94919,9.330878,6.251315
23.0,122.0,2006-12-01,2006-12-20,19,25,19.765226,20.53357,18.964148,79.48313,6.741508,6.211678,83.16936,75.80236,8.26092,5.1780663
24.0,120.0,2006-12-01,2006-12-20,19,25,19.15239,19.99002,18.32168,79.66942,9.113886,4.5065846,83.81654,74.783844,10.465196,7.2846375
22.0,122.0,2006-12-01,2006-12-20,19,25,23.107883,23.634644,22.544249,76.89234,10.726112,4.1021113,80.034004,74.23553,12.598171,8.90947
24.0,121.0,2006-12-01,2006-12-20,19,25,17.46982,18.766027,16.477839,81.173004,5.594027,5.938051,85.54398,74.86616,6.724124,4.166623
23.0,120.0,2006-12-01,2006-12-20,19,25,20.28507,21.216944,19.526066,79.37727,6.799798,3.290803,83.61317,73.865326,7.7233014,5.803025
25.0,120.0,2006-12-01,2006-12-20,19,25,15.619911,16.785055,14.505998,79.33814,7.877626,4.5646443,84.112434,73.4584,8.968011,6.468973
22.0,121.0,2006-12-01,2006-12-20,19,25,21.938484,22.819399,21.162632,78.14102,7.1524243,2.6078188,81.74051,73.51459,8.297234,6.0540733
22.0,122.0,2006-12-01,2006-12-21,20,25,23.371294,23.84431,22.829512,76.88186,9.280227,2.7655447,79.53222,74.1326,10.892706,7.6590962
24.0,121.0,2006-12-01,2006-12-21,20,25,17.685984,19.205242,16.589802,82.21341,4.9167967,4.5360208,86.412224,75.57067,6.044539,3.5754418
23.0,120.0,2006-12-01,2006-12-21,20,25,20.436739,21.501411,19.638966,80.12762,6.3176465,1.9692632,84.50066,73.96907,7.2512274,5.3834476
25.0,121.0,2006-12-01,2006-12-21,20,25,18.603722,19.578888,17.663322,79.31118,7.1744194,4.178011,83.527664,75.086174,8.744836,5.2903266
25.0,120.0,2006-12-01,2006-12-21,20,25,16.008072,17.368525,14.888458,80.288895,7.028652,3.2937663,85.67627,73.84739,8.286367,5.571974
22.0,121.0,2006-12-01,2006-12-21,20,25,22.160748,23.14434,21.344341,78.547424,6.4372725,2.0447946,82.35098,73.13064,7.4797916,5.5208893
23.0,122.0,2006-12-01,2006-12-21,20,25,20.077944,20.996187,19.238615,79.52919,5.6140203,4.4592705,82.50789,75.84571,6.788136,4.3125777
22.0,120.0,2006-12-01,2006-12-21,20,25,22.077377,23.04918,21.29499,78.36411,6.0398493,2.2597904,82.51844,72.680626,6.841013,5.274139
23.0,121.0,2006-12-01,2006-12-21,20,25,18.87057,20.659302,17.685963,81.43404,2.8689196,3.74039,86.34628,72.780716,3.450578,2.2999039
25.0,122.0,2006-12-01,2006-12-21,20,25,20.246685,21.026255,19.416471,75.7607,7.513818,5.289806,79.171844,73.076965,8.890662,6.0144515
24.0,120.0,2006-12-01,2006-12-21,20,25,19.248857,20.099075,18.522877,80.94919,8.398177,2.773287,84.92698,76.743965,9.946778,6.576771
24.0,122.0,2006-12-01,2006-12-21,20,25,19.348656,20.283478,18.375666,78.43855,5.1040773,5.655942,81.90465,74.52125,6.2625575,3.9627123
25.0,122.0,2006-12-01,2006-12-22,21,25,20.238523,20.981308,19.362667,77.28583,7.1386943,5.097843,81.41541,73.75851,8.844162,5.4403944
24.0,122.0,2006-12-01,2006-12-22,21,25,19.430664,20.425695,18.526525,79.642395,5.1603746,5.204274,84.63494,74.720276,6.5403795,3.6943448
24.0,121.0,2006-12-01,2006-12-22,21,25,17.660347,19.269293,16.59291,82.95572,4.2698503,4.0379314,87.49199,76.01479,5.2590404,3.2062287
22.0,121.0,2006-12-01,2006-12-22,21,25,22.179668,23.223896,21.407534,80.09826,5.8412642,3.0005243,83.893616,74.505936,6.94432,4.6462374
25.0,121.0,2006-12-01,2006-12-22,21,25,18.488659,19.579887,17.429846,80.41454,6.3670936,3.940313,84.468605,75.69842,7.7993774,5.0513353
23.0,120.0,2006-12-01,2006-12-22,21,25,20.416904,21.520664,19.639917,81.06995,5.5526094,2.3231478,84.91782,74.82266,6.4775324,4.496808
24.0,120.0,2006-12-01,2006-12-22,21,25,19.134668,20.032745,18.370861,81.63481,7.164158,2.6242416,85.18728,77.107574,8.317988,5.917332
23.0,121.0,2006-12-01,2006-12-22,21,25,18.93962,20.826544,17.821749,82.42798,2.7675037,3.7451148,87.13009,73.75025,3.569686,1.9912407
22.0,120.0,2006-12-01,2006-12-22,21,25,22.104652,23.204302,21.299648,79.97662,5.9395013,2.8389337,83.70805,74.2595,6.854614,4.834964
25.0,120.0,2006-12-01,2006-12-22,21,25,16.0796,17.507336,14.996242,81.463844,5.921845,4.184682,86.273994,75.02896,7.0041575,4.7665286
22.0,122.0,2006-12-01,2006-12-22,21,25,23.412622,23.889648,22.914219,78.60096,8.502161,4.498215,81.86681,75.50962,10.195451,6.6129622
23.0,122.0,2006-12-01,2006-12-22,21,25,20.169394,21.14082,19.373585,80.728546,5.351874,5.237771,84.84426,75.96192,6.66276,3.8793495
25.0,121.0,2006-12-01,2006-12-23,22,25,18.070591,19.089525,16.929571,79.86474,7.092105,8.155678,84.10072,75.70675,8.679113,5.446082
23.0,120.0,2006-12-01,2006-12-23,22,25,20.333153,21.487959,19.330484,81.200195,6.032759,3.7984173,85.34497,75.69792,7.1313114,5.003
22.0,120.0,2006-12-01,2006-12-23,22,25,22.02037,23.137695,21.036205,79.66966,5.3374968,2.653512,84.11416,73.979675,6.372116,4.354102
25.0,120.0,2006-12-01,2006-12-23,22,25,15.806899,17.235723,14.515568,81.07534,6.5420165,5.9199615,86.15495,74.80773,7.7194033,5.2658362
22.0,121.0,2006-12-01,2006-12-23,22,25,22.139648,23.205166,21.177021,79.458336,5.535284,1.7516418,84.14169,74.02958,6.5951014,4.4656935
24.0,120.0,2006-12-01,2006-12-23,22,25,18.951292,19.94338,17.980362,81.37309,8.043057,5.9512806,84.99595,77.31778,9.789495,6.1631904
23.0,121.0,2006-12-01,2006-12-23,22,25,18.857893,20.767406,17.482227,82.58576,2.9494464,4.2567525,87.54605,74.17166,3.5397062,2.381188
23.0,122.0,2006-12-01,2006-12-23,22,25,20.05359,21.122524,19.041954,80.56669,5.4570622,4.5595655,84.23632,76.407005,6.5783,4.114952
22.0,122.0,2006-12-01,2006-12-23,22,25,23.3383,23.945087,22.692593,77.70682,8.265116,2.0542624,81.250084,74.85623,9.600281,6.801862
24.0,122.0,2006-12-01,2006-12-23,22,25,19.122356,20.172192,18.11753,80.41308,5.411176,8.5623665,83.6099,76.494385,6.594445,4.2645974
25.0,122.0,2006-12-01,2006-12-23,22,25,19.694592,20.476107,18.771246,77.72566,7.4526057,10.294888,80.680954,75.079315,9.116505,5.801386
24.0,121.0,2006-12-01,2006-12-23,22,25,17.478937,19.159382,16.17862,82.74312,4.8525214,6.4128575,87.07084,76.07295,5.986586,3.6707864
22.0,122.0,2006-12-01,2006-12-24,23,25,22.846952,23.425919,22.26813,77.05041,9.393919,2.5177479,79.87132,74.35006,11.176558,7.1151676
24.0,120.0,2006-12-01,2006-12-24,23,25,18.352371,19.307919,17.425236,80.134125,9.134755,3.6809278,83.75659,76.30816,10.279418,7.593163
24.0,122.0,2006-12-01,2006-12-24,23,25,18.504084,19.484861,17.538404,79.64624,6.30614,9.651918,83.10089,75.63675,7.442782,4.888673
23.0,121.0,2006-12-01,2006-12-24,23,25,18.289381,19.971369,17.042706,81.67431,3.3637705,5.6369514,86.0528,74.28218,4.0587115,2.6566644
25.0,122.0,2006-12-01,2006-12-24,23,25,18.991308,19.8636,18.141085,76.58571,8.740807,9.18851,79.81912,73.23161,9.954728,7.1853623
22.0,120.0,2006-12-01,2006-12-24,23,25,21.465601,22.51917,20.565805,78.59053,5.7483993,3.428168,82.44312,73.59735,6.6622996,4.8682604
24.0,121.0,2006-12-01,2006-12-24,23,25,16.86669,18.260721,15.720181,81.95838,5.7561693,6.317494,85.99643,76.18824,6.6780963,4.6618433
22.0,121.0,2006-12-01,2006-12-24,23,25,21.641542,22.616562,20.812462,78.50444,6.307946,2.4098725,82.023796,73.80724,7.3759723,5.1104693
23.0,120.0,2006-12-01,2006-12-24,23,25,19.777771,20.799889,18.89521,79.8373,6.748732,2.991918,83.867645,74.9942,7.5531254,5.7330604
25.0,120.0,2006-12-01,2006-12-24,23,25,14.99163,16.18319,13.845372,79.73454,7.5035224,3.759358,84.44978,74.34154,8.26448,6.47234
25.0,121.0,2006-12-01,2006-12-24,23,25,17.37355,18.427362,16.316832,78.70298,8.101638,5.870717,82.64435,74.53166,9.23484,6.8223305
23.0,122.0,2006-12-01,2006-12-24,23,25,19.491714,20.420206,18.60919,79.98796,6.334629,5.747195,83.388664,75.83311,7.616241,4.621471
22.0,120.0,2006-12-01,2006-12-25,24,25,21.29255,22.290274,20.463848,77.51119,6.136684,3.5653863,82.058586,71.20682,6.836617,5.398004
24.0,120.0,2006-12-01,2006-12-25,24,25,18.350092,19.135578,17.69464,78.33543,8.881473,2.969455,82.6179,74.04694,9.899898,7.3896503
25.0,121.0,2006-12-01,2006-12-25,24,25,17.465439,18.2713,16.690132,76.75482,7.683833,4.7716703,81.37145,72.62864,8.869853,6.2084503
23.0,122.0,2006-12-01,2006-12-25,24,25,19.368221,20.244635,18.632195,79.7662,6.3470354,6.3393598,83.278206,75.637245,7.495253,5.0887904
23.0,120.0,2006-12-01,2006-12-25,24,25,19.676691,20.676153,18.877213,78.27907,6.729429,2.854403,83.17375,72.24436,7.4933233,5.7588596
22.0,121.0,2006-12-01,2006-12-25,24,25,21.47477,22.485132,20.62915,77.99243,6.6279626,3.5536377,82.34693,72.2153,7.5186925,5.7634044
25.0,120.0,2006-12-01,2006-12-25,24,25,14.905401,16.22608,13.832794,77.7841,7.2639036,3.272342,82.92065,71.59488,8.111212,6.270853
24.0,121.0,2006-12-01,2006-12-25,24,25,16.801607,18.233107,15.874132,80.66135,5.5007257,5.0480847,85.03523,74.26516,6.3471775,4.434512
23.0,121.0,2006-12-01,2006-12-25,24,25,18.125324,19.819504,17.031778,80.65159,3.379016,4.9427986,85.52535,72.4944,3.887221,2.7959127
24.0,122.0,2006-12-01,2006-12-25,24,25,18.47508,19.32086,17.694523,78.61258,6.187821,7.9480944,82.68665,74.49509,7.185453,4.969331
22.0,122.0,2006-12-01,2006-12-25,24,25,22.720953,23.192358,22.204718,77.29167,9.689003,4.9535575,80.80378,73.84827,11.214382,8.128888
25.0,122.0,2006-12-01,2006-12-25,24,25,19.118452,19.787725,18.431236,74.88005,8.492251,7.653065,79.448006,71.00972,9.740884,6.8385315
25.0,122.0,2006-12-01,2006-12-26,25,25,19.511024,20.1799,18.776056,75.65696,8.363948,9.392215,78.8298,72.83882,9.985268,6.59339
22.0,120.0,2006-12-01,2006-12-26,25,25,21.388666,22.303423,20.68299,77.653595,6.066739,4.3369417,81.55887,72.33117,7.036029,4.9808407
24.0,122.0,2006-12-01,2006-12-26,25,25,18.740746,19.63012,17.894821,79.25176,6.0678535,9.8424635,82.739655,75.36067,7.4111843,4.6302214
23.0,121.0,2006-12-01,2006-12-26,25,25,18.285912,19.936958,17.288298,81.25353,3.2592425,5.860835,86.01647,73.42788,4.012189,2.495473
22.0,122.0,2006-12-01,2006-12-26,25,25,22.920942,23.420664,22.37413,76.93044,9.511157,4.002658,79.87965,74.08396,11.031251,7.968078
25.0,121.0,2006-12-01,2006-12-26,25,25,17.786068,18.596832,16.985435,77.658844,7.9475975,5.703595,81.4845,73.4038,9.021585,6.5478754
24.0,120.0,2006-12-01,2006-12-26,25,25,18.479612,19.223942,17.856422,79.48876,9.235274,4.4364142,83.33179,75.18681,10.334812,7.789228
22.0,121.0,2006-12-01,2006-12-26,25,25,21.630735,22.536709,20.912735,77.97275,6.3635597,3.3194845,81.850555,72.68488,7.342745,5.409511
24.0,121.0,2006-12-01,2006-12-26,25,25,16.994955,18.416735,16.046574,81.48049,5.498228,6.1364098,85.640114,75.2049,6.503078,4.3129025
25.0,120.0,2006-12-01,2006-12-26,25,25,15.092633,16.382671,14.189571,78.82644,7.4964037,3.9284632,83.59929,72.31755,8.344985,6.3952746
23.0,122.0,2006-12-01,2006-12-26,25,25,19.57228,20.432076,18.796667,79.981155,6.2964625,6.5438194,83.02772,76.11984,7.4101624,4.921997
23.0,120.0,2006-12-01,2006-12-26,25,25,19.773073,20.714228,19.112848,79.23944,6.930355,4.1569633,83.40202,73.570915,7.795807,5.885413
23.0,120.0,2006-12-01,2006-12-27,26,25,19.833559,20.863564,19.001066,80.31769,6.7119517,2.9117901,84.222786,74.61827,7.513956,5.8357944
23.0,122.0,2006-12-01,2006-12-27,26,25,19.731737,20.697594,18.926594,79.81644,6.2366166,6.4695277,83.050385,75.767914,7.511619,5.062576
25.0,120.0,2006-12-01,2006-12-27,26,25,15.192985,16.415974,14.164991,80.0001,7.329279,2.841523,83.94944,74.1752,8.047397,6.528659
23.0,121.0,2006-12-01,2006-12-27,26,25,18.420298,20.264513,17.252832,81.91827,3.231202,5.260042,86.82351,73.33038,3.8927941,2.5856967
24.0,121.0,2006-12-01,2006-12-27,26,25,17.082186,18.628912,16.018429,82.28879,5.5907354,5.8784795,86.163635,76.101555,6.4229436,4.7265987
22.0,120.0,2006-12-01,2006-12-27,26,25,21.540411,22.59975,20.676172,78.611824,5.815933,4.104569,82.47713,72.96436,6.7681637,4.8564153
25.0,122.0,2006-12-01,2006-12-27,26,25,19.489937,20.156452,18.780949,76.64125,8.284965,7.641708,79.58767,73.15499,9.573143,6.669603
22.0,121.0,2006-12-01,2006-12-27,26,25,21.736319,22.786264,20.912739,78.7953,6.378873,3.2471771,82.89304,73.33544,7.388345,5.4494867
24.0,120.0,2006-12-01,2006-12-27,26,25,18.493319,19.320492,17.669933,80.71506,9.064666,3.5378618,83.93324,76.98648,10.092328,7.872643
24.0,122.0,2006-12-01,2006-12-27,26,25,18.848915,19.814629,17.9752,79.4646,6.1287007,8.636352,82.71589,75.65909,7.346153,4.7689137
25.0,121.0,2006-12-01,2006-12-27,26,25,17.74371,18.595377,16.847467,79.26562,7.775613,4.901383,82.85318,75.0638,8.690189,6.550339
22.0,122.0,2006-12-01,2006-12-27,26,25,23.051321,23.454927,22.546099,76.9465,9.431513,4.4569716,79.689865,74.339035,11.300872,7.891678
24.0,120.0,2006-12-01,2006-12-28,27,25,18.461658,19.351273,17.690626,79.933,8.98312,3.1950266,83.64258,75.25393,10.228391,7.584115
22.0,122.0,2006-12-01,2006-12-28,27,25,22.77873,23.225601,22.180504,75.82907,9.56287,3.6719384,79.35367,73.195755,11.198682,7.770673
24.0,122.0,2006-12-01,2006-12-28,27,25,18.609102,19.483236,17.73793,78.49987,6.1775517,10.309588,81.70845,74.316414,7.3095617,4.883288
23.0,121.0,2006-12-01,2006-12-28,27,25,18.295835,20.118584,17.12924,81.41143,3.3124726,5.682209,86.03955,72.70505,3.8946047,2.7521777
24.0,121.0,2006-12-01,2006-12-28,27,25,16.95409,18.513903,15.862872,81.65838,5.6838284,6.0151544,85.99675,74.634,6.671435,4.597972
22.0,120.0,2006-12-01,2006-12-28,27,25,21.517988,22.604815,20.703691,78.01106,5.706415,3.261249,81.50001,72.40076,6.6316133,4.891079
25.0,122.0,2006-12-01,2006-12-28,27,25,19.314756,19.96693,18.527624,74.82848,8.313517,8.934928,78.11314,71.19769,9.699813,6.8571906
22.0,121.0,2006-12-01,2006-12-28,27,25,21.591492,22.686958,20.741783,77.84332,6.418633,2.6792796,81.90715,72.19657,7.479981,5.381522
25.0,121.0,2006-12-01,2006-12-28,27,25,17.679157,18.616728,16.717375,77.674576,7.688478,4.6646004,81.675835,73.14077,8.878638,6.338597
25.0,120.0,2006-12-01,2006-12-28,27,25,15.05658,16.41507,13.935465,79.24488,7.5160527,3.0718875,84.05997,73.09896,8.591249,6.304808
23.0,122.0,2006-12-01,2006-12-28,27,25,19.480122,20.39675,18.62442,79.12001,6.3653646,6.6727333,82.66655,74.98792,7.4359474,5.097269
23.0,120.0,2006-12-01,2006-12-28,27,25,19.806303,20.928461,18.994518,79.66931,6.6103153,2.8443792,83.79245,73.605095,7.326212,5.8113017
22.0,121.0,2006-12-01,2006-12-29,28,25,21.180681,22.280483,20.212555,76.87309,6.1325483,1.7867433,80.96584,71.32685,7.03882,5.2651253
25.0,122.0,2006-12-01,2006-12-29,28,25,18.781725,19.481691,18.018888,74.79792,8.093675,6.4198475,78.06332,71.59903,9.55779,6.459959
22.0,120.0,2006-12-01,2006-12-29,28,25,21.073776,22.21021,20.10524,77.39389,5.9476347,2.4805596,82.086174,71.3623,6.876205,4.8931146
24.0,121.0,2006-12-01,2006-12-29,28,25,16.430223,18.082218,15.279532,81.59219,5.5263133,4.401186,85.901215,74.67766,6.47245,4.4120502
23.0,122.0,2006-12-01,2006-12-29,28,25,19.07608,20.072565,18.184053,78.45066,5.775152,4.637241,82.12806,74.52207,7.0714803,4.52067
24.0,120.0,2006-12-01,2006-12-29,28,25,17.916542,18.937286,17.095108,79.77052,9.212115,2.004181,83.66769,75.44406,10.411783,7.652561
25.0,120.0,2006-12-01,2006-12-29,28,25,14.579567,15.9988,13.548746,78.686966,7.5615597,2.462784,83.12663,73.07018,8.462995,6.5204687
23.0,120.0,2006-12-01,2006-12-29,28,25,19.291832,20.453262,18.362614,79.25632,6.8190684,1.6200403,83.54618,72.9863,7.7277336,5.7553253
23.0,121.0,2006-12-01,2006-12-29,28,25,17.802347,19.632154,16.516075,81.12082,3.146994,4.025133,86.32774,72.0864,3.8471603,2.4088612
24.0,122.0,2006-12-01,2006-12-29,28,25,18.166224,19.202007,17.26271,78.261375,5.586709,7.151356,82.176,74.06667,7.086426,4.053675
22.0,122.0,2006-12-01,2006-12-29,28,25,22.45786,22.984043,21.809532,74.57508,8.846988,2.3991578,77.75939,71.70896,10.387361,7.317067
25.0,121.0,2006-12-01,2006-12-29,28,25,17.065731,18.13668,16.051788,77.87141,8.033301,3.6811216,81.99352,73.49509,9.197772,6.5605035
22.0,120.0,2006-12-01,2006-12-30,29,25,20.589258,21.682013,19.62802,77.66304,6.394641,2.7445252,81.64214,72.54298,7.312476,5.3696384
24.0,121.0,2006-12-01,2006-12-30,29,25,15.776464,17.323986,14.436319,81.10899,5.843077,3.5353103,84.98902,75.23825,6.8185244,4.716593
23.0,120.0,2006-12-01,2006-12-30,29,25,18.793335,19.88111,17.807335,78.95918,7.1842003,1.4436382,82.78192,74.017555,8.082061,6.2463527
22.0,121.0,2006-12-01,2006-12-30,29,25,20.722754,21.794415,19.717798,77.34671,6.6859727,2.4693327,80.97781,72.72528,7.882705,5.458267
25.0,120.0,2006-12-01,2006-12-30,29,25,13.885786,15.35993,12.524879,77.23608,7.51832,1.2570955,82.63743,71.10336,8.634952,6.1883397
23.0,122.0,2006-12-01,2006-12-30,29,25,18.545547,19.591534,17.40316,79.0301,6.6474104,4.568787,82.109886,75.545715,8.119456,4.9214644
24.0,120.0,2006-12-01,2006-12-30,29,25,17.241945,18.159874,16.287926,79.05326,9.506716,1.2616755,82.60549,75.08495,10.768564,8.116747
25.0,122.0,2006-12-01,2006-12-30,29,25,17.971016,18.97586,16.803404,75.06926,8.611855,5.086597,78.423874,71.690796,10.1787815,6.939396
22.0,122.0,2006-12-01,2006-12-30,29,25,21.946527,22.665743,21.112665,75.61043,9.784977,3.314515,78.842094,72.46059,11.718982,7.6092587
25.0,121.0,2006-12-01,2006-12-30,29,25,16.228271,17.27663,15.039996,77.25268,8.025032,2.644046,81.61266,72.90193,9.209748,6.751645
24.0,122.0,2006-12-01,2006-12-30,29,25,17.539518,18.598871,16.30064,78.723274,6.455849,5.9921284,81.941765,75.26949,7.689783,5.00209
23.0,121.0,2006-12-01,2006-12-30,29,25,17.324984,19.15929,15.932873,81.05429,3.567962,3.7259681,85.34756,73.44269,4.2920985,2.8301744
25.0,122.0,2006-12-01,2006-12-31,30,25,17.523354,18.254972,16.744108,71.75993,8.575627,3.495177,75.543205,68.12277,10.100984,6.940225
22.0,120.0,2006-12-01,2006-12-31,30,25,20.281504,21.268208,19.495996,74.846085,6.245905,1.5036021,78.8257,69.52521,7.2325954,5.3124537
24.0,122.0,2006-12-01,2006-12-31,30,25,16.954735,17.923853,16.06855,75.57539,6.422551,4.4969954,79.58849,71.396996,7.75866,5.008966
25.0,120.0,2006-12-01,2006-12-31,30,25,13.549116,14.93338,12.313825,75.31204,7.9431496,0.61088747,80.279465,68.690056,8.987229,6.658168
23.0,122.0,2006-12-01,2006-12-31,30,25,17.941813,18.939709,17.04277,76.1233,7.121405,3.3790607,80.33986,71.92586,8.290595,5.8832393
23.0,120.0,2006-12-01,2006-12-31,30,25,18.467552,19.473536,17.711676,76.67622,7.2331376,0.753327,80.559715,71.05962,8.229347,6.059309
25.0,121.0,2006-12-01,2006-12-31,30,25,15.951236,16.767637,15.001056,74.47722,8.444428,1.6275787,78.513176,70.3217,9.58972,7.0412507
22.0,122.0,2006-12-01,2006-12-31,30,25,21.427357,21.977968,20.805132,72.50231,10.718728,1.7447686,76.63805,69.17301,12.068006,9.288136
23.0,121.0,2006-12-01,2006-12-31,30,25,16.793037,18.598063,15.625587,78.389885,3.6243603,2.7148445,83.29433,70.04066,4.2998676,2.9335058
24.0,120.0,2006-12-01,2006-12-31,30,25,17.033422,17.844109,16.26251,76.835304,9.83145,0.66322595,80.31378,72.573395,11.214457,8.028148
22.0,121.0,2006-12-01,2006-12-31,30,25,20.275782,21.30501,19.485191,74.46278,7.1979365,1.078187,78.81429,69.15811,8.018193,6.365799
24.0,121.0,2006-12-01,2006-12-31,30,25,15.362981,16.897194,14.301569,78.48445,6.241519,2.6173403,82.57391,71.90963,7.265849,4.987815
25.0,121.0,2006-12-01,2007-01-01,31,25,16.642647,17.589075,15.528913,74.522644,7.852716,1.6966101,78.66986,70.18448,9.09597,6.310475
23.0,120.0,2006-12-01,2007-01-01,31,25,18.72316,19.646452,17.947008,76.20584,6.5136485,0.5006266,80.2681,70.353165,7.5441113,5.3799877
22.0,122.0,2006-12-01,2007-01-01,31,25,21.690733,22.143276,21.132978,71.97637,10.898086,1.9022193,75.25482,68.890274,12.120999,9.579114
22.0,120.0,2006-12-01,2007-01-01,31,25,20.492525,21.410654,19.785387,74.19509,6.3273344,1.3529065,77.985916,69.06906,7.097307,5.519461
24.0,121.0,2006-12-01,2007-01-01,31,25,15.6755495,17.172142,14.61587,79.17017,5.6361694,3.1240695,83.5067,71.90549,6.7410626,4.1946263
23.0,121.0,2006-12-01,2007-01-01,31,25,16.871672,18.53932,15.751427,78.480965,3.3955135,3.1807559,83.14037,70.158356,4.0704985,2.7340395
24.0,120.0,2006-12-01,2007-01-01,31,25,17.52239,18.338446,16.6455,76.89535,8.765796,0.4539338,80.729126,72.06245,10.316695,6.7068768
22.0,121.0,2006-12-01,2007-01-01,31,25,20.441435,21.356323,19.686144,74.02091,7.265732,1.1892555,77.81122,69.03789,8.020336,6.5349574
24.0,122.0,2006-12-01,2007-01-01,31,25,17.169771,17.972136,16.259464,75.94715,6.2432203,5.682054,80.061966,71.83263,7.439113,5.0581756
23.0,122.0,2006-12-01,2007-01-01,31,25,18.118212,18.926495,17.275969,76.05911,6.9963202,3.8897538,79.94145,72.07611,8.015618,5.7795925
25.0,120.0,2006-12-01,2007-01-01,31,25,13.869784,15.105289,12.822354,76.16765,7.599041,0.6558841,80.94855,69.42826,8.716797,6.0633135
25.0,122.0,2006-12-01,2007-01-01,31,25,18.116928,18.94174,17.207785,71.59571,8.411713,4.241394,75.217575,67.96876,9.683493,7.1672626
23.0,122.0,2006-12-01,2007-01-02,32,25,18.70005,19.699732,17.825485,75.48214,5.502092,3.1184583,80.260155,70.30396,6.7074614,4.322465
25.0,120.0,2006-12-01,2007-01-02,32,25,14.451753,16.12315,13.237648,79.34641,6.2732778,0.9361449,85.026344,71.6448,7.4769006,4.8341637
23.0,120.0,2006-12-01,2007-01-02,32,25,19.107275,20.249508,18.304655,77.142136,5.954353,0.33105552,82.03519,70.128075,6.963084,4.988226
22.0,122.0,2006-12-01,2007-01-02,32,25,22.215385,22.738028,21.606827,71.30407,9.15735,1.4161868,75.61981,67.994606,10.622716,7.7287602
22.0,120.0,2006-12-01,2007-01-02,32,25,20.940506,22.091831,20.133297,74.5518,6.1268206,0.9932883,79.555084,67.72296,7.0186763,5.2135463
25.0,122.0,2006-12-01,2007-01-02,32,25,19.021162,19.763874,18.25171,72.03121,6.819196,3.8781922,76.32634,68.469345,8.516605,4.9713273
25.0,121.0,2006-12-01,2007-01-02,32,25,17.258692,18.290241,16.351208,76.79713,6.3355837,1.8401532,81.339005,71.63115,7.784249,4.6766243
24.0,122.0,2006-12-01,2007-01-02,32,25,17.911163,18.985388,16.969908,75.21561,4.7631745,4.7032347,80.05027,69.82379,6.097702,3.4272752
23.0,121.0,2006-12-01,2007-01-02,32,25,17.386993,19.373415,16.238077,78.85647,2.8124359,2.4955947,84.69239,68.21868,3.5276914,2.1889625
24.0,121.0,2006-12-01,2007-01-02,32,25,16.126944,17.86093,15.073014,80.27828,4.309447,2.6529894,85.04984,71.57003,5.4859114,3.0922658
24.0,120.0,2006-12-01,2007-01-02,32,25,17.84319,18.777863,17.077711,78.60996,7.568443,0.49769196,82.77277,73.52236,9.1073675,5.829638
22.0,121.0,2006-12-01,2007-01-02,32,25,20.899517,21.977842,20.085852,74.20138,6.381614,0.79194903,79.02784,67.957115,7.327064,5.5535364
25.0,121.0,2006-12-01,2007-01-03,33,25,17.315218,18.424309,16.242926,78.43559,7.075489,2.8428476,82.222626,74.12251,8.3703785,5.446565
23.0,121.0,2006-12-01,2007-01-03,33,25,17.748459,19.728706,16.584572,80.25709,2.9729803,3.2649827,85.60087,70.35777,3.721298,2.2593925
22.0,121.0,2006-12-01,2007-01-03,33,25,21.181055,22.334082,20.2834,75.4945,6.1389623,1.2118378,80.48076,68.6761,7.123827,5.2563977
24.0,120.0,2006-12-01,2007-01-03,33,25,17.934492,18.961979,17.090714,79.965515,8.113194,1.1578224,83.48958,75.518974,9.48692,6.426625
24.0,122.0,2006-12-01,2007-01-03,33,25,18.354279,19.355993,17.370768,76.871346,5.347559,5.5622687,81.50382,72.48079,6.630864,3.9243746
25.0,120.0,2006-12-01,2007-01-03,33,25,14.612963,16.344854,13.405196,80.51047,6.7344017,1.5877377,85.78956,73.39555,7.838532,5.20212
23.0,122.0,2006-12-01,2007-01-03,33,25,19.162603,20.175201,18.238668,76.28416,5.5009875,3.905241,80.85923,71.239235,6.829279,4.198262
25.0,122.0,2006-12-01,2007-01-03,33,25,19.221582,19.954054,18.31095,74.23872,7.659818,5.0688,77.46194,71.15785,9.271621,5.8752637
24.0,121.0,2006-12-01,2007-01-03,33,25,16.425686,18.264484,15.266623,81.33461,4.8636656,3.3235757,85.48068,73.69564,5.906882,3.6033423
22.0,122.0,2006-12-01,2007-01-03,33,25,22.598764,23.119576,21.904741,71.989525,8.766407,1.854155,76.89583,68.18753,10.341287,7.300138
23.0,120.0,2006-12-01,2007-01-03,33,25,19.260033,20.404396,18.404259,78.86016,6.1505156,1.0876322,83.29251,72.19695,7.2297645,5.1287565
22.0,120.0,2006-12-01,2007-01-03,33,25,21.06598,22.197159,20.219307,76.5894,6.129087,1.5788115,81.45962,70.24572,7.107962,5.302444
23.0,121.0,2006-12-01,2007-01-04,34,25,17.703676,19.485254,16.509,81.51013,3.217767,5.5800743,86.53815,73.08453,3.9618096,2.4968214
24.0,121.0,2006-12-01,2007-01-04,34,25,16.193377,17.752365,15.024191,82.036415,5.0907393,6.2180457,86.64317,74.89505,6.1989064,3.8601267
23.0,120.0,2006-12-01,2007-01-04,34,25,19.132984,20.14654,18.330635,79.71842,6.649855,2.7514758,84.1409,73.60593,7.503566,5.7780194
22.0,120.0,2006-12-01,2007-01-04,34,25,20.981789,21.996695,20.170431,77.93357,6.2817817,2.864925,81.997215,72.54503,7.2439904,5.313771
23.0,122.0,2006-12-01,2007-01-04,34,25,18.99177,19.972004,18.085142,79.67474,6.1062245,7.9780707,83.90161,74.98994,7.3937464,4.67137
25.0,120.0,2006-12-01,2007-01-04,34,25,14.203299,15.655421,13.094826,79.40054,6.8559666,4.19305,84.63888,72.46072,8.003011,5.570734
22.0,122.0,2006-12-01,2007-01-04,34,25,22.3619,22.908247,21.760902,76.60669,9.405408,6.4631786,80.74157,72.38229,11.050498,7.715191
25.0,122.0,2006-12-01,2007-01-04,34,25,18.699438,19.492575,17.88526,76.277725,8.346384,7.387329,80.1384,72.324066,9.727939,6.6348763
25.0,121.0,2006-12-01,2007-01-04,34,25,16.809767,17.853312,15.811593,78.9445,7.303596,4.84834,83.46642,73.56526,8.485126,5.8694124
24.0,122.0,2006-12-01,2007-01-04,34,25,18.104502,19.070446,17.192965,79.24666,5.9342995,8.781219,83.49864,74.7042,7.1595373,4.429096
22.0,121.0,2006-12-01,2007-01-04,34,25,21.070566,22.122543,20.239592,78.17687,6.4180584,4.059764,82.78469,72.62387,7.4460087,5.444746
24.0,120.0,2006-12-01,2007-01-04,34,25,17.61997,18.548302,16.762657,80.277435,8.5703745,3.4098926,84.32292,75.31703,9.981621,7.210973
23.0,122.0,2006-12-01,2007-01-05,35,25,18.925854,19.931114,18.124615,79.64281,6.2736616,5.6824107,84.073044,75.22008,7.700133,4.7048473
23.0,120.0,2006-12-01,2007-01-05,35,25,19.185923,20.44441,18.336603,79.17326,6.677267,2.3015974,83.54488,72.58749,7.7307844,5.510418
22.0,122.0,2006-12-01,2007-01-05,35,25,22.266464,22.728046,21.705269,76.53682,9.466956,3.2360468,80.68432,72.55543,11.169926,7.7008405
22.0,120.0,2006-12-01,2007-01-05,35,25,20.959063,22.152739,20.13531,77.868744,6.1490645,3.7448494,82.22525,71.75815,6.9833217,5.333603
24.0,121.0,2006-12-01,2007-01-05,35,25,16.25458,17.842453,15.198385,81.78974,5.38006,5.003243,85.60207,75.36139,6.554849,3.8836265
25.0,122.0,2006-12-01,2007-01-05,35,25,18.54746,19.376911,17.649605,76.57557,8.250657,6.261479,80.39843,72.997856,9.983421,6.262826
22.0,121.0,2006-12-01,2007-01-05,35,25,21.06489,22.224907,20.228985,77.57132,6.4891963,2.7996445,81.91043,71.800896,7.486378,5.5810456
25.0,120.0,2006-12-01,2007-01-05,35,25,14.239176,15.679767,13.038307,79.75933,7.1531634,3.5383995,84.170746,73.6443,8.22963,5.829614
24.0,120.0,2006-12-01,2007-01-05,35,25,17.710274,18.62837,16.820543,80.06145,8.795474,2.0712667,83.4015,75.9832,10.236136,6.917352
23.0,121.0,2006-12-01,2007-01-05,35,25,17.727283,19.711506,16.556168,80.91749,3.30363,5.2454762,86.06863,71.682,4.0906606,2.5543687
25.0,121.0,2006-12-01,2007-01-05,35,25,16.806309,17.783707,15.726598,78.6123,7.4487214,3.5820389,82.276566,74.97858,8.809063,5.715635
24.0,122.0,2006-12-01,2007-01-05,35,25,18.016003,19.014654,17.136011,79.545,6.2082405,7.6951184,83.4879,75.28686,7.6713276,4.5202646
23.0,122.0,2006-12-01,2007-01-06,36,25,18.857292,19.763796,17.98943,77.785286,5.5899334,5.223158,81.63084,73.44974,6.833683,4.242002
22.0,120.0,2006-12-01,2007-01-06,36,25,20.965216,22.104858,20.118132,77.16206,5.8137684,3.171692,81.769905,70.85868,6.815452,4.8857365
23.0,121.0,2006-12-01,2007-01-06,36,25,17.668804,19.52584,16.480593,79.93563,2.9131472,3.8541398,85.33318,70.64128,3.6451406,2.2663205
24.0,120.0,2006-12-01,2007-01-06,36,25,17.83251,18.703205,17.07146,78.98957,8.441537,1.9739779,83.10513,74.25469,9.72935,6.9855003
25.0,121.0,2006-12-01,2007-01-06,36,25,17.036863,17.976744,16.055582,77.27591,7.1198425,3.8446786,81.60896,72.542625,8.592996,5.5068226
25.0,122.0,2006-12-01,2007-01-06,36,25,18.745281,19.417984,17.833,74.33749,7.511699,7.3504643,77.49042,71.31412,9.414739,5.60463
24.0,122.0,2006-12-01,2007-01-06,36,25,18.062685,18.960787,17.108995,77.245224,5.4140697,7.6215386,81.0527,73.35422,6.8575435,4.1719255
23.0,120.0,2006-12-01,2007-01-06,36,25,19.170473,20.303492,18.31962,78.446915,6.2944446,1.7259978,82.892784,71.802414,7.2342405,5.333054
22.0,121.0,2006-12-01,2007-01-06,36,25,20.988653,22.076885,20.156027,76.47071,6.0771875,2.4425504,81.30889,70.41955,7.1146793,5.05416
22.0,122.0,2006-12-01,2007-01-06,36,25,22.180103,22.711582,21.630352,74.59032,8.844959,3.8151095,78.17558,71.54639,10.365234,7.213978
25.0,120.0,2006-12-01,2007-01-06,36,25,14.225975,15.566368,13.18967,79.76914,7.084305,3.0877934,84.87154,73.1495,8.13079,5.7930818
24.0,121.0,2006-12-01,2007-01-06,36,25,16.334183,17.901949,15.293278,80.44125,4.938053,4.0955334,85.19871,73.19442,6.0013914,3.8994284
22.0,121.0,2006-12-01,2007-01-07,37,25,20.889248,21.91874,19.989792,76.799866,5.976678,3.2930694,81.11437,71.45578,7.3422947,4.621636
25.0,121.0,2006-12-01,2007-01-07,37,25,16.524242,17.559834,15.542126,77.239624,7.36342,4.765544,80.925095,72.894035,8.436961,6.1291833
24.0,120.0,2006-12-01,2007-01-07,37,25,17.341928,18.337997,16.54862,78.99588,8.890717,4.0657077,82.86082,74.07895,9.821074,7.8063135
22.0,120.0,2006-12-01,2007-01-07,37,25,20.759943,21.821114,19.8884,76.813324,5.9877143,3.9658291,81.16525,71.31996,7.062758,4.9447155
25.0,120.0,2006-12-01,2007-01-07,37,25,14.058907,15.726479,12.828395,79.575,6.928868,3.4252954,84.568214,72.441185,7.831683,5.917925
23.0,121.0,2006-12-01,2007-01-07,37,25,17.479626,19.370079,16.173101,80.29645,3.130868,5.1934767,85.2155,72.04277,3.8531606,2.4280672
25.0,122.0,2006-12-01,2007-01-07,37,25,18.398771,19.177755,17.544205,73.833275,7.5621405,7.3119307,77.69902,70.47047,9.228255,5.533563
23.0,120.0,2006-12-01,2007-01-07,37,25,18.917557,20.015467,18.043512,78.1778,6.7398753,3.5380487,82.35094,72.42351,7.5848675,5.9679804
24.0,121.0,2006-12-01,2007-01-07,37,25,15.90651,17.627916,14.713341,81.09915,5.279049,5.7165465,85.39016,74.1363,6.1139803,4.2665696
24.0,122.0,2006-12-01,2007-01-07,37,25,17.802313,18.875412,16.725422,77.36827,5.529283,8.278499,81.761444,73.22555,6.8245225,3.9323683
22.0,122.0,2006-12-01,2007-01-07,37,25,22.109097,22.65978,21.50087,74.885376,8.7651415,4.654458,78.51829,71.63201,10.799635,6.610332
23.0,122.0,2006-12-01,2007-01-07,37,25,18.69637,19.7349,17.712921,78.09134,5.755406,6.5524254,82.092575,73.74118,7.2639923,4.324246
25.0,121.0,2006-12-01,2007-01-08,38,25,16.075928,17.092619,15.165382,76.25113,7.6798134,5.186576,81.15149,71.15882,8.590326,6.6441026
23.0,120.0,2006-12-01,2007-01-08,38,25,18.543806,19.654135,17.723751,77.74485,6.8391056,3.9710271,82.08833,71.596794,7.6971645,5.9237523
23.0,121.0,2006-12-01,2007-01-08,38,25,17.04623,18.924952,15.83775,80.32166,3.5247304,7.19933,85.269905,71.656075,4.1891036,2.8251085
22.0,121.0,2006-12-01,2007-01-08,38,25,20.564663,21.644506,19.682653,76.59106,6.347479,4.716113,81.0003,71.03261,7.512778,5.2102284
22.0,120.0,2006-12-01,2007-01-08,38,25,20.377073,21.468916,19.486055,76.79151,6.3165765,4.5104246,81.33543,70.83872,7.445664,5.28761
24.0,120.0,2006-12-01,2007-01-08,38,25,17.015844,17.965761,16.21423,77.95511,8.9101925,4.1296043,82.26186,72.76011,9.857708,7.691825
25.0,122.0,2006-12-01,2007-01-08,38,25,17.911932,18.661442,17.135353,73.62361,8.504363,9.109424,77.82976,69.11012,9.92101,7.074576
24.0,122.0,2006-12-01,2007-01-08,38,25,17.378437,18.450312,16.402412,77.58809,6.303873,11.291886,81.57337,72.88085,7.5317354,5.0030003
25.0,120.0,2006-12-01,2007-01-08,38,25,13.782485,15.343375,12.6553335,77.890945,6.98713,3.1017728,83.69249,70.21084,7.9908047,5.851004
24.0,121.0,2006-12-01,2007-01-08,38,25,15.521017,17.176691,14.383551,80.485,5.5864778,7.3394055,84.98191,73.15161,6.421288,4.517013
22.0,122.0,2006-12-01,2007-01-08,38,25,21.910295,22.565601,21.218515,74.7955,9.4208555,7.1170826,78.29425,71.335106,11.155862,7.744592
23.0,122.0,2006-12-01,2007-01-08,38,25,18.388298,19.415592,17.440899,78.213,6.242928,9.594193,81.77756,74.20174,7.609364,4.8029466
25.0,121.0,2006-12-01,2007-01-09,39,25,15.999355,16.83391,15.105602,74.33061,7.7462826,2.7395284,78.574265,69.34768,8.8152,6.3408012
23.0,120.0,2006-12-01,2007-01-09,39,25,18.48043,19.433834,17.648453,76.50428,6.8786855,2.255214,81.099106,70.85003,7.784178,5.958308
24.0,120.0,2006-12-01,2007-01-09,39,25,16.983116,17.844757,16.149395,76.34563,9.093673,1.9048784,80.57668,71.17632,10.361844,7.68827
22.0,120.0,2006-12-01,2007-01-09,39,25,20.268007,21.187563,19.486017,76.283066,6.4050055,3.5180323,80.30173,71.36272,7.2448635,5.4872837
24.0,122.0,2006-12-01,2007-01-09,39,25,17.116177,18.031315,16.213234,76.03405,6.436848,6.3824086,80.35881,71.706276,7.3722515,5.2670536
22.0,122.0,2006-12-01,2007-01-09,39,25,21.547447,22.104107,20.963867,74.24381,10.47304,4.93298,78.70148,69.971504,11.866025,9.130316
23.0,121.0,2006-12-01,2007-01-09,39,25,16.864536,18.497845,15.67277,79.05275,3.6327636,4.486658,84.00336,71.30161,4.168535,3.0209806
22.0,121.0,2006-12-01,2007-01-09,39,25,20.336552,21.264605,19.549948,75.87104,7.042311,3.4772906,80.64174,70.80347,7.9255414,6.134387
23.0,122.0,2006-12-01,2007-01-09,39,25,18.072355,18.968826,17.15715,77.16894,6.9775586,5.9382277,81.19513,72.67202,7.9712358,5.834642
25.0,122.0,2006-12-01,2007-01-09,39,25,17.724295,18.391129,17.042248,71.77302,8.430279,4.982718,75.70104,68.231155,9.521993,7.0741663
24.0,121.0,2006-12-01,2007-01-09,39,25,15.371081,16.846298,14.237667,78.83,5.8461943,4.1248727,83.3134,71.649734,6.662126,4.7982173
25.0,120.0,2006-12-01,2007-01-09,39,25,13.656321,15.197147,12.409908,76.06559,7.2817926,1.6529508,81.8695,68.09226,8.219671,6.085477
25.0,120.0,2006-12-01,2007-01-10,40,25,13.701297,15.241337,12.495977,77.92214,6.4320946,2.7320197,83.70669,70.416,7.4909377,5.302139
22.0,121.0,2006-12-01,2007-01-10,40,25,20.360714,21.39189,19.544796,74.96771,6.493382,1.8213485,80.00512,69.14862,7.5412817,5.5587044
23.0,121.0,2006-12-01,2007-01-10,40,25,16.895283,18.712444,15.695182,78.72554,3.163062,3.3183868,84.09062,69.83011,3.7768753,2.5981665
22.0,122.0,2006-12-01,2007-01-10,40,25,21.583384,22.065536,21.04584,73.76811,9.35163,3.194181,77.432785,70.26646,11.099037,7.6359444
23.0,120.0,2006-12-01,2007-01-10,40,25,18.529099,19.542294,17.71469,76.33839,6.20464,1.5563028,81.339264,69.790855,7.0303307,5.396912
24.0,122.0,2006-12-01,2007-01-10,40,25,17.236113,18.146334,16.334484,76.52985,5.40501,6.128598,80.80154,71.57196,6.487036,4.2676435
25.0,121.0,2006-12-01,2007-01-10,40,25,16.292263,17.375345,15.261535,75.69331,6.6027985,3.9449146,80.86203,70.19827,7.888319,5.2871175
23.0,122.0,2006-12-01,2007-01-10,40,25,18.11506,19.069273,17.273296,77.26743,6.0007625,4.6878643,81.06896,72.93149,7.2213287,4.703129
25.0,122.0,2006-12-01,2007-01-10,40,25,18.023525,18.753546,17.214039,72.67798,7.4368453,5.8630967,77.10541,68.513275,8.855051,6.1317844
24.0,121.0,2006-12-01,2007-01-10,40,25,15.484053,17.077888,14.3179655,79.79612,4.8597097,4.1937838,84.78469,72.271614,5.736685,3.8735623
22.0,120.0,2006-12-01,2007-01-10,40,25,20.35721,21.361181,19.540573,74.596886,6.244636,1.6208484,79.21076,68.7483,7.1630187,5.3459935
24.0,120.0,2006-12-01,2007-01-10,40,25,17.11402,18.024992,16.243044,77.40994,7.942189,2.4404516,82.10338,71.844574,9.046613,6.6599865
23.0,121.0,2006-12-01,2007-01-11,41,25,17.053383,19.08417,15.782184,79.14571,3.1540122,2.1643183,84.29078,69.63478,3.7918296,2.5397623
25.0,122.0,2006-12-01,2007-01-11,41,25,18.226467,18.97616,17.426851,74.13127,7.456872,4.4128575,77.78717,70.95863,8.921265,6.074297
22.0,120.0,2006-12-01,2007-01-11,41,25,20.465088,21.599468,19.536345,75.386345,5.965467,1.5055963,79.37845,69.25569,6.7846446,5.061224
24.0,120.0,2006-12-01,2007-01-11,41,25,17.0545,18.061882,16.203976,79.33301,8.13539,1.568005,83.08758,74.7471,9.324699,6.8580346
24.0,122.0,2006-12-01,2007-01-11,41,25,17.501987,18.548319,16.446081,76.57313,5.4757137,4.465346,80.63962,72.34622,6.710953,4.31355
23.0,120.0,2006-12-01,2007-01-11,41,25,18.598951,19.810665,17.71007,77.71831,6.2223907,1.1346562,81.98197,71.34582,7.0220904,5.4128675
25.0,120.0,2006-12-01,2007-01-11,41,25,13.706608,15.454606,12.428043,79.62768,6.6329217,2.2075007,84.885994,72.11552,7.579882,5.57167
24.0,121.0,2006-12-01,2007-01-11,41,25,15.512393,17.286297,14.3571005,80.74513,4.8965364,2.594159,85.09264,73.232254,5.973881,3.9097216
25.0,121.0,2006-12-01,2007-01-11,41,25,16.259174,17.382309,15.271515,78.03863,6.985864,2.5520437,82.37964,73.59543,8.246768,5.7744713
22.0,121.0,2006-12-01,2007-01-11,41,25,20.487999,21.613037,19.495949,75.636765,6.3581214,1.1866876,80.0006,69.74813,7.2923775,5.486078
23.0,122.0,2006-12-01,2007-01-11,41,25,18.32873,19.425745,17.268019,77.02009,5.900456,2.91612,81.341736,72.21428,7.066585,4.760156
22.0,122.0,2006-12-01,2007-01-11,41,25,21.766386,22.425268,20.955772,73.82615,9.164486,1.9410821,77.88413,70.36388,10.611285,7.7651124
23.0,120.0,2006-12-01,2007-01-12,42,25,18.793736,19.95967,17.84651,77.71277,6.2399864,1.4223675,82.3938,70.70794,7.1028075,5.1875386
23.0,122.0,2006-12-01,2007-01-12,42,25,18.453058,19.447268,17.51462,76.82154,6.006409,4.619391,80.41923,72.29162,7.071152,4.744202
22.0,120.0,2006-12-01,2007-01-12,42,25,20.67646,21.809742,19.75887,76.09909,5.9292192,2.4482152,80.51296,69.81389,6.7630424,5.0502324
22.0,122.0,2006-12-01,2007-01-12,42,25,21.92988,22.479464,21.269625,73.8534,9.463898,2.392369,77.466354,70.15278,10.92317,7.8179493
25.0,122.0,2006-12-01,2007-01-12,42,25,18.170044,18.966236,17.375055,74.34883,7.6223598,5.26911,78.030045,70.72973,9.0609255,6.180627
24.0,120.0,2006-12-01,2007-01-12,42,25,17.210827,18.162077,16.338957,79.007225,8.214916,1.3537022,82.95244,73.77842,9.407755,6.4760857
22.0,121.0,2006-12-01,2007-01-12,42,25,20.70751,21.835743,19.748083,75.892845,6.392145,1.9642072,80.842224,69.67349,7.4756565,5.2661858
23.0,121.0,2006-12-01,2007-01-12,42,25,17.233482,19.234612,15.927208,79.13657,3.0197754,4.1932116,84.5612,69.539566,3.6771967,2.3404596
24.0,121.0,2006-12-01,2007-01-12,42,25,15.6539955,17.325508,14.491154,80.42631,4.9420047,4.113255,85.145226,72.6628,5.8623447,3.7260485
25.0,120.0,2006-12-01,2007-01-12,42,25,13.744646,15.352111,12.469006,79.1654,6.714846,1.1785321,84.09202,72.041405,7.69398,5.4347267
24.0,122.0,2006-12-01,2007-01-12,42,25,17.560694,18.54966,16.612795,76.65837,5.478077,6.892953,81.0158,71.63832,6.753821,4.0967813
25.0,121.0,2006-12-01,2007-01-12,42,25,16.284578,17.31711,15.35192,77.941246,7.1135345,2.504674,81.759796,73.299866,8.337736,5.834229
22.0,122.0,2006-12-01,2007-01-13,43,25,22.191286,22.575552,21.761528,74.001564,8.47146,2.9520156,78.0002,70.952736,10.096731,7.030121
22.0,120.0,2006-12-01,2007-01-13,43,25,20.825674,21.941547,20.073048,76.941414,5.8589525,2.9706316,81.968094,70.49539,6.734566,4.8590055
23.0,122.0,2006-12-01,2007-01-13,43,25,18.815895,19.733166,18.018438,77.45193,5.3397217,4.650162,81.686745,72.43387,6.5617495,4.264559
23.0,120.0,2006-12-01,2007-01-13,43,25,18.98019,20.032547,18.271261,79.00864,6.0371046,1.5198243,83.16386,72.80845,7.033729,5.1997356
23.0,121.0,2006-12-01,2007-01-13,43,25,17.534527,19.410957,16.388433,80.08711,2.8801768,3.885701,85.68079,70.52299,3.658951,2.180786
22.0,121.0,2006-12-01,2007-01-13,43,25,20.906923,21.962383,20.146133,76.281624,5.962584,2.1838882,80.93678,70.19815,6.979402,5.0353684
25.0,120.0,2006-12-01,2007-01-13,43,25,14.178922,15.695187,12.973483,80.88903,6.575294,1.7090385,85.80398,74.14404,8.070173,5.2456207
24.0,121.0,2006-12-01,2007-01-13,43,25,16.09604,17.71409,15.098497,81.618866,4.6582694,3.9336138,85.99418,74.14186,6.029724,3.4521499
25.0,121.0,2006-12-01,2007-01-13,43,25,16.807215,17.758768,15.873502,79.24022,6.738418,3.268181,84.34067,73.88144,8.451159,5.0927787
24.0,122.0,2006-12-01,2007-01-13,43,25,18.055298,18.97849,17.2251,77.02052,4.9810038,5.7829704,81.00956,72.39337,6.3857226,3.753369
24.0,120.0,2006-12-01,2007-01-13,43,25,17.539036,18.370245,16.775925,80.57412,7.894058,1.5768973,84.4202,76.11368,9.589451,6.2251515
25.0,122.0,2006-12-01,2007-01-13,43,25,18.744562,19.322857,17.944761,74.847015,6.947395,5.105331,79.12801,71.2374,8.901868,5.0735135
24.0,120.0,2006-12-01,2007-01-14,44,25,17.152573,18.111122,16.25816,79.84579,9.324849,3.0660381,83.3502,75.37082,10.565651,7.661914
23.0,121.0,2006-12-01,2007-01-14,44,25,17.296005,19.220663,15.986739,80.88024,3.426101,4.554381,85.90241,72.035286,4.197204,2.6733656
22.0,121.0,2006-12-01,2007-01-14,44,25,20.691055,21.838388,19.766823,77.91697,6.820484,2.709898,82.44709,71.86503,8.124726,5.865028
24.0,121.0,2006-12-01,2007-01-14,44,25,15.726816,17.419733,14.495685,81.28675,5.7015343,4.832853,85.35223,74.70518,6.7116094,4.376735
23.0,122.0,2006-12-01,2007-01-14,44,25,18.502905,19.569157,17.50261,79.145546,6.3206563,5.3453984,83.118805,74.80273,7.989042,4.911991
25.0,120.0,2006-12-01,2007-01-14,44,25,13.828618,15.367797,12.695416,78.88766,7.6937695,2.5266404,83.99429,72.76229,8.717345,6.347453
25.0,121.0,2006-12-01,2007-01-14,44,25,16.209011,17.222515,15.199318,78.015625,8.20838,3.831723,82.113106,73.7337,9.328695,6.7755127
24.0,122.0,2006-12-01,2007-01-14,44,25,17.523212,18.536423,16.514557,78.91343,6.0771456,8.073672,82.55302,74.84591,7.5211964,4.457269
22.0,122.0,2006-12-01,2007-01-14,44,25,21.901012,22.46182,21.194468,76.42601,9.800212,3.504117,80.47114,72.65628,11.913577,8.249176
22.0,120.0,2006-12-01,2007-01-14,44,25,20.620356,21.77704,19.705362,77.86533,6.4267364,3.5656104,82.34939,71.461945,7.4340196,5.5724745
25.0,122.0,2006-12-01,2007-01-14,44,25,17.985235,18.752422,17.121973,75.7965,8.513805,7.0560646,78.805984,72.47575,9.944676,6.7422767
23.0,120.0,2006-12-01,2007-01-14,44,25,18.724564,19.87189,17.809889,79.36205,6.9945726,2.7807,83.58103,73.02317,7.9825306,5.8990655
24.0,121.0,2006-12-01,2007-01-15,45,25,15.376822,16.931208,14.317052,80.36959,5.8889112,4.1999946,84.482864,73.75315,6.9313993,4.7227116
24.0,122.0,2006-12-01,2007-01-15,45,25,17.218311,18.104769,16.288708,77.661316,6.235861,6.5777745,81.14272,73.90035,7.5888042,4.797378
25.0,120.0,2006-12-01,2007-01-15,45,25,13.382482,14.907731,12.186178,77.860855,7.8422737,1.9874737,82.760574,71.24063,8.856304,6.5314856
25.0,121.0,2006-12-01,2007-01-15,45,25,15.875886,16.973549,14.786877,76.988625,8.00445,2.9623544,81.11458,72.1445,9.485008,6.148905
22.0,122.0,2006-12-01,2007-01-15,45,25,21.590378,22.125483,20.965923,74.929504,10.562058,3.0412426,78.12962,72.132904,12.107305,8.941814
23.0,122.0,2006-12-01,2007-01-15,45,25,18.15097,18.965294,17.303394,78.07969,6.8722625,5.192732,81.31061,74.502785,8.202885,5.595328
22.0,120.0,2006-12-01,2007-01-15,45,25,20.243324,21.221636,19.397232,77.279976,6.561783,2.6675532,81.01521,71.90843,7.4775996,5.679977
25.0,122.0,2006-12-01,2007-01-15,45,25,17.69695,18.476538,16.762056,74.473656,8.433902,5.329145,77.85914,71.41421,10.033208,6.690425
23.0,120.0,2006-12-01,2007-01-15,45,25,18.329351,19.358551,17.507183,78.4392,7.269799,2.2361903,82.39604,72.6519,8.245342,6.33037
22.0,121.0,2006-12-01,2007-01-15,45,25,20.361456,21.330557,19.520113,76.57818,7.175618,2.1780515,80.7946,71.4199,8.1344595,6.193287
23.0,121.0,2006-12-01,2007-01-15,45,25,16.92503,18.630486,15.804508,79.99411,3.593956,4.3359494,84.81341,71.84884,4.3155265,2.8904967
24.0,120.0,2006-12-01,2007-01-15,45,25,16.77846,17.733597,15.939947,78.84864,9.638886,2.1092398,82.68817,74.14568,10.939069,8.0646305
23.0,121.0,2006-12-01,2007-01-16,46,25,16.756828,18.650219,15.587096,79.559105,3.3714838,3.5367532,84.60295,70.45582,4.0104256,2.6678772
24.0,120.0,2006-12-01,2007-01-16,46,25,16.472921,17.286392,15.779518,79.19343,9.426156,1.511759,82.28784,75.17981,10.599975,8.030915
25.0,122.0,2006-12-01,2007-01-16,46,25,17.387627,18.079435,16.696257,74.894905,8.124846,5.0624743,77.95871,71.76129,9.618057,6.5987
22.0,122.0,2006-12-01,2007-01-16,46,25,21.358301,21.819199,20.815292,75.00735,9.871635,3.750224,77.89688,72.39945,11.279153,8.56576
23.0,122.0,2006-12-01,2007-01-16,46,25,17.964462,18.924408,17.080725,77.67172,6.4040594,4.7122865,81.332466,73.44357,7.47982,5.2938824
25.0,120.0,2006-12-01,2007-01-16,46,25,13.136792,14.625184,11.96961,77.07598,7.5323725,1.0683287,82.374794,70.170334,8.655039,6.263903
25.0,121.0,2006-12-01,2007-01-16,46,25,15.611526,16.501951,14.788419,77.01019,7.997934,2.385632,80.937225,72.903244,9.248272,6.8588343
24.0,122.0,2006-12-01,2007-01-16,46,25,16.953842,17.901726,16.077066,77.80859,5.950764,6.1095304,81.44136,74.038605,7.1500916,4.481724
22.0,120.0,2006-12-01,2007-01-16,46,25,20.06801,21.1896,19.258385,76.86233,6.049632,2.7310877,80.961815,70.84493,6.904294,5.3076034
23.0,120.0,2006-12-01,2007-01-16,46,25,18.074234,19.172012,17.280275,78.629364,7.012261,1.6232971,82.536026,72.42029,7.764801,6.200536
22.0,121.0,2006-12-01,2007-01-16,46,25,20.147825,21.238653,19.367823,76.65023,6.724309,2.568123,80.65146,70.728615,7.617553,5.95276
24.0,121.0,2006-12-01,2007-01-16,46,25,15.157559,16.764894,14.079201,80.07963,5.759838,3.4169722,84.26971,73.33583,6.7086644,4.6457734
24.0,122.0,2006-12-01,2007-01-17,47,25,17.210285,18.150099,16.332788,78.81549,5.7100954,7.6150956,82.88697,74.87237,6.6049223,4.6849527
25.0,122.0,2006-12-01,2007-01-17,47,25,17.855305,18.553097,17.052004,75.69635,7.7740617,6.3234425,79.416084,72.566414,8.950139,6.5821705
22.0,120.0,2006-12-01,2007-01-17,47,25,20.25397,21.288418,19.501574,77.02814,5.7757964,3.3199017,81.73325,71.00415,6.5878215,4.9993825
23.0,120.0,2006-12-01,2007-01-17,47,25,18.324474,19.377876,17.526426,78.79631,6.176286,3.2114124,83.69621,71.98138,7.100037,5.1909027
25.0,121.0,2006-12-01,2007-01-17,47,25,16.037085,16.927336,15.102077,78.02322,7.1536846,4.0521693,82.215614,73.5989,8.259699,5.9428463
22.0,122.0,2006-12-01,2007-01-17,47,25,21.594398,22.05958,21.074854,75.4716,9.168793,3.952681,78.97879,72.24745,10.683031,7.422937
25.0,120.0,2006-12-01,2007-01-17,47,25,13.381766,14.898639,12.239557,78.69841,6.768371,2.8474894,83.99122,71.18205,7.7924824,5.5694118
23.0,122.0,2006-12-01,2007-01-17,47,25,18.126049,19.071012,17.288122,78.63406,5.916859,5.946091,82.65546,74.71185,7.0460596,4.6703606
24.0,121.0,2006-12-01,2007-01-17,47,25,15.370722,16.984953,14.216901,81.36375,5.095778,5.329024,85.96505,74.11307,6.0294094,4.027826
22.0,121.0,2006-12-01,2007-01-17,47,25,20.365393,21.411327,19.594826,76.85786,6.219364,2.928514,81.261116,71.054276,7.2188997,5.151424
24.0,120.0,2006-12-01,2007-01-17,47,25,16.792604,17.6471,15.973263,79.875786,8.211704,3.6292133,83.861786,74.76825,9.566979,6.7157307
23.0,121.0,2006-12-01,2007-01-17,47,25,16.900185,18.768532,15.698791,80.28306,3.0752366,4.920242,85.607445,71.05483,3.6900713,2.4705324
23.0,122.0,2006-12-01,2007-01-18,48,25,18.43759,19.524385,17.520166,79.4607,5.467959,5.3913574,83.65274,74.379456,7.075708,3.9173303
22.0,122.0,2006-12-01,2007-01-18,48,25,21.838594,22.30127,21.329365,76.614746,8.387271,4.2983665,79.92995,73.57006,10.557019,6.097661
25.0,122.0,2006-12-01,2007-01-18,48,25,18.197868,18.888653,17.398556,75.17537,7.389766,6.159179,79.00695,71.31734,8.944827,5.478775
22.0,120.0,2006-12-01,2007-01-18,48,25,20.43544,21.555283,19.601665,78.21104,5.5133405,2.6517904,82.822,72.06259,6.46427,4.5704
23.0,120.0,2006-12-01,2007-01-18,48,25,18.539701,19.700066,17.666794,79.90006,6.272866,1.80264,84.37832,73.26499,7.2807446,5.291414
23.0,121.0,2006-12-01,2007-01-18,48,25,17.162344,19.259668,15.796139,81.35207,2.860921,4.078945,87.07333,71.32123,3.6263146,2.0292242
24.0,120.0,2006-12-01,2007-01-18,48,25,17.019503,17.954182,16.156706,80.62373,8.23939,1.5986327,84.663124,75.55958,9.685862,6.7997203
25.0,121.0,2006-12-01,2007-01-18,48,25,16.294718,17.32089,15.320318,78.453026,7.0148277,2.8464944,83.28,73.304535,8.380858,5.5080504
24.0,121.0,2006-12-01,2007-01-18,48,25,15.644349,17.468039,14.396335,82.035706,4.850308,3.8621192,86.974236,74.06885,5.937927,3.7064486
22.0,121.0,2006-12-01,2007-01-18,48,25,20.560204,21.694546,19.72838,78.23969,5.7008166,2.980618,82.90398,71.976906,7.030794,4.419901
25.0,120.0,2006-12-01,2007-01-18,48,25,13.662524,15.250895,12.439025,79.795876,6.5878615,1.3175665,85.699974,72.36397,7.72832,5.373115
24.0,122.0,2006-12-01,2007-01-18,48,25,17.569656,18.639088,16.596926,78.487854,5.388905,7.192356,82.719925,73.392456,6.7605414,3.9674354
23.0,121.0,2006-12-01,2007-01-19,49,25,16.872719,18.810738,15.638131,81.044754,3.2996726,3.7679644,85.75025,71.854416,4.2270885,2.370365
24.0,120.0,2006-12-01,2007-01-19,49,25,16.712082,17.636429,15.893116,79.23191,9.371891,0.6737886,82.798904,74.963455,10.656961,7.8632603
22.0,122.0,2006-12-01,2007-01-19,49,25,21.510664,21.96228,20.997578,76.22704,9.2596245,3.6942658,79.41947,73.566505,11.380301,7.2897644
23.0,122.0,2006-12-01,2007-01-19,49,25,18.096169,19.015465,17.265715,79.38683,6.2030377,4.9819493,82.96689,75.32698,7.8449507,4.481527
25.0,121.0,2006-12-01,2007-01-19,49,25,15.764634,16.693157,14.743536,77.29302,8.036449,2.4294634,80.76026,73.25781,9.187862,6.551535
22.0,120.0,2006-12-01,2007-01-19,49,25,20.101233,21.228882,19.24096,77.91444,6.1419764,2.4230561,82.0126,71.75295,7.2299767,5.1312675
23.0,120.0,2006-12-01,2007-01-19,49,25,18.238045,19.394709,17.386364,79.073006,6.9928303,1.0740266,82.79788,73.03402,7.953487,5.8911934
24.0,122.0,2006-12-01,2007-01-19,49,25,17.106478,18.061954,16.186544,78.750854,6.0106716,6.440842,81.99153,74.85318,7.4566135,4.390672
25.0,120.0,2006-12-01,2007-01-19,49,25,13.237683,14.779462,12.005563,78.01318,7.4748607,0.9952905,83.42647,70.91852,8.458076,6.3612237
25.0,122.0,2006-12-01,2007-01-19,49,25,17.501719,18.311066,16.654234,75.11109,8.285183,5.497393,77.51386,72.75058,9.914502,6.5320005
22.0,121.0,2006-12-01,2007-01-19,49,25,20.283962,21.399126,19.416422,77.63742,6.290476,2.4744775,81.83521,71.669495,7.58841,5.0821443
24.0,121.0,2006-12-01,2007-01-19,49,25,15.348924,16.977394,14.194503,81.12639,5.6946635,3.3532293,85.395355,74.16801,6.7715855,4.36701
25.0,120.0,2006-12-01,2007-01-20,50,25,13.0353365,14.574696,11.891627,77.71746,6.85466,1.7433786,83.87571,70.066826,7.806467,5.679186
24.0,122.0,2006-12-01,2007-01-20,50,25,16.916048,17.873568,15.956774,76.662445,5.522683,4.912761,80.32207,72.339,6.617028,4.3325734
24.0,121.0,2006-12-01,2007-01-20,50,25,15.065668,16.79817,13.933468,79.92456,4.997678,2.7136621,84.86234,71.65498,5.9022155,3.9377346
23.0,121.0,2006-12-01,2007-01-20,50,25,16.675959,18.684864,15.433571,79.19769,3.100635,2.8725073,84.39848,69.71524,3.7592564,2.4420724
25.0,121.0,2006-12-01,2007-01-20,50,25,15.697483,16.660946,14.806945,76.26572,6.9942126,2.161295,80.991356,71.48308,8.196615,5.724514
22.0,120.0,2006-12-01,2007-01-20,50,25,20.064705,21.219933,19.19127,76.012115,6.092246,2.6385903,80.58189,69.62771,7.171298,4.906112
24.0,120.0,2006-12-01,2007-01-20,50,25,16.438532,17.349344,15.717072,78.24656,8.531687,1.281189,82.3416,73.18465,9.7824955,7.0977783
22.0,121.0,2006-12-01,2007-01-20,50,25,20.111261,21.207539,19.231276,76.09968,6.3741674,2.4844756,80.43577,70.68497,7.282616,5.4669642
25.0,122.0,2006-12-01,2007-01-20,50,25,17.52688,18.265314,16.791851,73.23769,7.386354,4.347575,76.859375,69.98976,9.149922,5.615673
23.0,122.0,2006-12-01,2007-01-20,50,25,17.851944,18.810448,16.936832,77.31827,6.1085405,3.6102705,80.93444,72.86239,7.2268705,4.9811916
23.0,120.0,2006-12-01,2007-01-20,50,25,18.051414,19.219057,17.231964,77.46143,6.5031238,1.433604,81.87231,70.98226,7.4650407,5.562253
22.0,122.0,2006-12-01,2007-01-20,50,25,21.289928,21.852867,20.67979,74.50795,9.462988,3.2196438,78.02772,71.507904,10.7749815,8.162497
24.0,120.0,2006-12-01,2007-01-21,51,25,16.866114,17.789766,16.049103,79.28952,7.00105,1.5288634,83.41416,74.023506,8.280804,5.4124956
23.0,122.0,2006-12-01,2007-01-21,51,25,18.240164,19.376856,17.135948,76.454216,5.2123785,3.3788311,80.380394,71.298485,6.6019707,3.7095437
23.0,120.0,2006-12-01,2007-01-21,51,25,18.372091,19.519894,17.464737,77.77115,5.4445796,1.2352773,82.2906,71.174835,6.403164,4.3702517
22.0,122.0,2006-12-01,2007-01-21,51,25,21.697657,22.363813,20.933266,72.82733,8.098839,1.8531067,76.576324,69.5682,9.789107,6.5430117
25.0,122.0,2006-12-01,2007-01-21,51,25,18.13502,18.940207,17.143106,74.02158,7.1726475,3.9255517,77.72634,70.669266,8.532111,5.6433263
25.0,121.0,2006-12-01,2007-01-21,51,25,16.150867,17.189093,15.15236,77.898895,6.3134823,2.3183587,82.3381,72.77022,7.609973,4.8160415
22.0,121.0,2006-12-01,2007-01-21,51,25,20.381052,21.532665,19.355406,75.10495,5.6837654,1.2590811,79.74637,68.62354,6.736677,4.6427813
23.0,121.0,2006-12-01,2007-01-21,51,25,16.926834,19.026222,15.52172,79.1145,2.8680391,2.7838929,84.77859,68.879425,3.753045,2.0958297
24.0,121.0,2006-12-01,2007-01-21,51,25,15.423725,17.224657,14.150822,80.58441,4.3091707,3.0713696,85.74809,72.009315,5.4039783,3.1117618
24.0,122.0,2006-12-01,2007-01-21,51,25,17.43017,18.537361,16.288546,76.47495,5.3446765,4.689558,80.71288,71.69589,6.5767665,4.0480485
22.0,120.0,2006-12-01,2007-01-21,51,25,20.288734,21.404888,19.310328,75.77948,5.709055,1.5390801,80.33864,69.4994,6.6785707,4.7899904
25.0,120.0,2006-12-01,2007-01-21,51,25,13.4521675,15.08129,12.139098,80.05996,5.841969,1.8284045,85.97028,71.762054,6.9719787,4.465571
23.0,122.0,2006-12-01,2007-01-22,52,25,18.482746,19.546867,17.443903,78.23947,5.3918257,5.5762377,82.51241,73.08252,6.8222194,4.0391994
25.0,122.0,2006-12-01,2007-01-22,52,25,18.180311,19.041325,17.353928,74.85437,7.4054565,5.777806,79.50978,70.880165,8.995611,5.7649226
22.0,121.0,2006-12-01,2007-01-22,52,25,20.71705,21.930326,19.71216,77.118385,5.669876,2.7936432,82.29587,70.161766,7.009426,4.3805437
24.0,120.0,2006-12-01,2007-01-22,52,25,17.278069,18.396852,16.348438,79.70404,7.5169716,3.1041589,84.23546,73.732414,8.804688,5.8085976
22.0,120.0,2006-12-01,2007-01-22,52,25,20.700512,21.892612,19.720768,77.282616,5.5077977,3.434359,82.06163,70.40476,6.501173,4.4977818
23.0,121.0,2006-12-01,2007-01-22,52,25,17.225029,19.27466,15.821651,80.332306,3.0252721,4.6207275,86.30553,70.205734,3.850433,2.2528417
25.0,121.0,2006-12-01,2007-01-22,52,25,16.305916,17.441051,15.226808,78.354485,6.5052114,4.011142,83.6838,72.5695,8.026682,4.691591
24.0,122.0,2006-12-01,2007-01-22,52,25,17.576,18.56156,16.531422,77.54622,5.5261245,7.0563426,82.2468,72.52011,6.9549627,4.024797
24.0,121.0,2006-12-01,2007-01-22,52,25,15.6802025,17.482521,14.432159,81.25082,4.6032715,5.2736535,86.2359,73.07229,5.782699,3.1277301
22.0,122.0,2006-12-01,2007-01-22,52,25,21.977852,22.509722,21.279692,75.32427,8.182225,3.7474704,79.62967,71.71143,10.0877495,6.240624
23.0,120.0,2006-12-01,2007-01-22,52,25,18.826668,20.11005,17.784113,78.714676,5.830379,2.443758,83.884056,70.99944,6.758499,4.7405615
25.0,120.0,2006-12-01,2007-01-22,52,25,13.844965,15.5830965,12.590118,80.94523,6.0674944,2.7501535,87.15598,73.695045,7.365546,4.244984
25.0,120.0,2006-12-01,2007-01-23,53,25,13.522146,15.236983,12.1025505,79.75442,6.480188,2.3787572,86.73749,71.9468,7.8940845,4.754488
23.0,121.0,2006-12-01,2007-01-23,53,25,17.189163,19.322084,15.755777,80.88376,3.2431827,4.41535,86.51179,71.435715,4.1614175,2.3752465
25.0,121.0,2006-12-01,2007-01-23,53,25,15.867099,16.990202,14.766441,78.17029,6.886073,3.922569,83.78373,72.70415,8.416752,5.021371
24.0,120.0,2006-12-01,2007-01-23,53,25,16.925495,17.97068,15.939171,79.91103,8.0895815,2.2856774,85.0425,73.90595,9.520796,6.2580194
22.0,120.0,2006-12-01,2007-01-23,53,25,20.554438,21.873125,19.427649,78.01574,6.0331974,2.360927,82.97486,71.24656,7.224559,4.8762455
23.0,120.0,2006-12-01,2007-01-23,53,25,18.61898,19.926468,17.551538,79.347786,6.249486,1.8450044,84.56184,72.03546,7.3268294,5.092201
22.0,122.0,2006-12-01,2007-01-23,53,25,21.789146,22.404732,21.069048,76.96882,8.684363,3.756037,80.95516,72.78473,10.582383,6.943158
23.0,122.0,2006-12-01,2007-01-23,53,25,18.343742,19.40133,17.307526,79.58546,5.8601875,5.5281715,83.76081,74.53244,7.3694096,4.3929396
25.0,122.0,2006-12-01,2007-01-23,53,25,17.742786,18.556417,16.85794,75.45856,8.035367,5.66428,79.43097,71.953384,9.546352,6.303571
24.0,122.0,2006-12-01,2007-01-23,53,25,17.395496,18.40279,16.33988,78.489105,5.9949365,6.5970473,82.79025,73.76206,7.358811,4.4025416
22.0,121.0,2006-12-01,2007-01-23,53,25,20.63179,21.921963,19.565138,78.04563,5.990481,2.6400104,83.042725,71.766685,7.1681156,4.8803234
24.0,121.0,2006-12-01,2007-01-23,53,25,15.498762,17.267225,14.189928,81.42397,5.0452175,4.841983,86.66058,73.37566,6.245359,3.6268203
25.0,121.0,2006-12-01,2007-01-24,54,25,15.721898,16.913633,14.511192,78.59506,6.357113,4.3175488,83.2721,73.31158,8.008396,4.897692
24.0,120.0,2006-12-01,2007-01-24,54,25,16.66332,17.781502,15.661603,79.548294,7.5407043,3.1558976,83.421455,74.553925,9.100763,6.033876
22.0,120.0,2006-12-01,2007-01-24,54,25,20.354395,21.602627,19.342237,76.554596,5.9719296,2.0754077,81.53099,69.722626,7.116723,4.874582
23.0,121.0,2006-12-01,2007-01-24,54,25,17.057955,19.135225,15.680225,79.596344,3.0150735,3.7073357,85.299904,69.77027,3.863773,2.2480428
22.0,121.0,2006-12-01,2007-01-24,54,25,20.390408,21.54711,19.439796,77.01624,5.9815235,2.7571692,81.68186,70.98865,7.0310183,4.888472
24.0,121.0,2006-12-01,2007-01-24,54,25,15.335742,17.147942,14.057501,80.728714,4.476705,4.388946,85.52439,72.81804,5.493829,3.4485211
25.0,120.0,2006-12-01,2007-01-24,54,25,13.185748,14.821124,11.845138,79.784645,6.110921,3.5419455,85.6763,72.20665,7.2821617,5.0350404
24.0,122.0,2006-12-01,2007-01-24,54,25,17.414192,18.460884,16.307858,77.3143,5.517491,6.400514,81.490685,72.93083,6.7921944,4.2208333
23.0,122.0,2006-12-01,2007-01-24,54,25,18.260637,19.27494,17.263517,77.92966,5.582218,5.1976604,81.60091,73.504456,6.8605595,4.29986
25.0,122.0,2006-12-01,2007-01-24,54,25,17.778341,18.630714,16.71438,75.30386,7.1539826,6.3162837,78.88767,71.510605,9.113,5.416969
22.0,122.0,2006-12-01,2007-01-24,54,25,21.595972,22.11791,21.00503,75.62534,8.632847,4.251326,79.362305,72.250114,10.139891,6.91827
23.0,120.0,2006-12-01,2007-01-24,54,25,18.388174,19.723639,17.302877,78.36836,5.890968,2.4669478,82.98364,71.46602,7.109152,4.726862
23.0,120.0,2006-12-01,2007-01-25,55,25,18.299698,19.349388,17.38046,78.43383,6.270691,2.2713256,83.00708,72.61025,7.1662574,5.3734684
23.0,122.0,2006-12-01,2007-01-25,55,25,18.076551,19.090319,17.044918,78.49691,5.6697483,5.7019615,81.9505,74.31115,7.13112,4.209488
22.0,122.0,2006-12-01,2007-01-25,55,25,21.506777,22.082178,20.862822,75.322845,8.400897,5.4820814,78.665016,72.10677,10.163758,6.662232
24.0,122.0,2006-12-01,2007-01-25,55,25,17.163883,18.151491,16.116768,78.269226,5.8763537,6.13928,81.69933,74.4489,7.1801887,4.350033
23.0,121.0,2006-12-01,2007-01-25,55,25,16.855736,18.794552,15.490377,80.49652,3.3050005,4.4312077,85.52704,72.076935,4.133993,2.5279408
25.0,121.0,2006-12-01,2007-01-25,55,25,15.512055,16.432053,14.512242,78.661835,6.6571727,2.908382,83.03125,73.6463,7.9298353,5.1125884
22.0,120.0,2006-12-01,2007-01-25,55,25,20.183172,21.241938,19.325811,77.55518,6.16498,3.4084103,81.84308,72.28235,7.0718837,5.1883016
24.0,120.0,2006-12-01,2007-01-25,55,25,16.572002,17.388546,15.736105,79.38124,7.833927,1.8799444,83.547226,74.710495,9.171352,6.3409853
25.0,122.0,2006-12-01,2007-01-25,55,25,17.523195,18.297298,16.663986,75.67264,7.698671,5.0038733,79.02725,72.53155,9.106503,5.8600674
24.0,121.0,2006-12-01,2007-01-25,55,25,15.131225,16.74195,13.990231,81.45793,4.8360996,4.028528,85.76611,74.49172,5.84326,3.6739194
22.0,121.0,2006-12-01,2007-01-25,55,25,20.282923,21.323843,19.32358,77.039055,6.000739,4.204615,81.52994,71.66178,7.012658,4.8654323
25.0,120.0,2006-12-01,2007-01-25,55,25,13.111807,14.6348715,11.847618,79.89673,6.037951,1.5736982,85.4798,72.140724,7.07156,4.898014
22.0,122.0,2006-12-01,2007-01-26,56,25,21.516987,22.076147,20.83167,74.55618,8.63379,1.8827484,78.35234,71.13906,10.440579,6.845221
23.0,120.0,2006-12-01,2007-01-26,56,25,18.33884,19.565706,17.362818,78.116776,5.9202724,2.6588104,82.73175,71.67103,6.824836,4.887495
24.0,122.0,2006-12-01,2007-01-26,56,25,17.148714,18.399364,16.020758,76.27506,5.61765,4.0970984,80.925804,71.29826,6.7636285,4.342039
25.0,120.0,2006-12-01,2007-01-26,56,25,13.256496,14.926312,11.919474,79.69855,6.012677,2.3191495,85.22348,72.03408,6.998007,4.972622
24.0,121.0,2006-12-01,2007-01-26,56,25,15.137945,16.958971,13.8747225,80.470535,4.618028,4.0722322,85.64052,72.25461,5.4925776,3.5615745
25.0,122.0,2006-12-01,2007-01-26,56,25,17.557405,18.394203,16.548054,74.04258,7.358699,3.1972907,78.24068,69.72995,8.996549,5.7206984
23.0,122.0,2006-12-01,2007-01-26,56,25,18.038559,19.184277,16.958555,77.2533,5.611353,3.4598937,81.597145,71.97642,7.0141187,4.145547
22.0,121.0,2006-12-01,2007-01-26,56,25,20.308577,21.419834,19.337662,76.23496,6.0170946,1.8693503,80.623,70.62658,7.1204047,4.998113
22.0,120.0,2006-12-01,2007-01-26,56,25,20.279268,21.455294,19.335855,76.38023,5.8303075,2.39819,80.8898,70.25508,6.71986,4.9672933
23.0,121.0,2006-12-01,2007-01-26,56,25,16.832975,18.938725,15.435851,79.24277,3.0452704,3.445553,84.73731,69.40969,3.7154083,2.3475091
25.0,121.0,2006-12-01,2007-01-26,56,25,15.568298,16.712591,14.483293,78.01445,6.342581,3.1713526,82.66947,72.69436,7.5140605,5.1130543
24.0,120.0,2006-12-01,2007-01-26,56,25,16.640215,17.637133,15.749478,79.35533,7.557694,3.2871675,83.63608,74.16586,8.628462,6.1817565
23.0,122.0,2006-12-01,2007-01-27,57,25,17.972662,18.959642,17.135147,76.98184,5.2593193,4.7417364,80.4594,72.64447,6.77185,3.954718
24.0,122.0,2006-12-01,2007-01-27,57,25,17.015041,18.002213,16.05022,76.86016,5.119459,5.9967747,80.450485,72.87142,6.440336,3.6435688
24.0,121.0,2006-12-01,2007-01-27,57,25,15.1960745,16.949747,13.941822,80.80914,4.689985,5.190343,85.4614,73.3364,5.5670094,3.6220388
23.0,120.0,2006-12-01,2007-01-27,57,25,18.374548,19.548286,17.42271,77.77634,5.764021,2.1521711,82.175156,71.3954,6.6815248,4.7923875
23.0,121.0,2006-12-01,2007-01-27,57,25,16.822489,18.751574,15.634782,79.91231,2.8925018,4.2146974,84.66556,71.05011,3.618827,2.2516847
25.0,121.0,2006-12-01,2007-01-27,57,25,15.655337,16.69202,14.5392685,77.58493,6.5135694,4.496682,81.98214,72.68586,7.6999073,5.197998
24.0,120.0,2006-12-01,2007-01-27,57,25,16.744343,17.76937,15.710314,78.66318,7.661377,3.132853,82.876976,73.29024,8.948407,6.093352
22.0,122.0,2006-12-01,2007-01-27,57,25,21.492973,21.963516,20.94457,73.23822,8.033524,2.7281878,77.054085,70.03302,9.911621,6.423338
25.0,122.0,2006-12-01,2007-01-27,57,25,17.453968,18.225138,16.581652,73.869026,6.7563024,5.296242,76.83142,70.75265,8.082821,5.424846
22.0,121.0,2006-12-01,2007-01-27,57,25,20.34013,21.418097,19.50614,75.8018,5.621637,2.2028286,80.16972,70.157425,6.7768207,4.628462
25.0,120.0,2006-12-01,2007-01-27,57,25,13.219965,14.850353,11.898776,79.43143,6.27881,3.4731247,85.361084,71.94531,7.3176928,5.0181637
22.0,120.0,2006-12-01,2007-01-27,57,25,20.335197,21.447998,19.462208,76.69357,5.488464,3.059153,80.83033,70.80471,6.500298,4.536046
22.0,121.0,2006-12-01,2007-01-28,58,25,20.391306,21.553354,19.407623,75.562904,5.915321,2.708837,80.508865,69.26772,6.984292,4.922158
24.0,122.0,2006-12-01,2007-01-28,58,25,17.173183,18.169174,16.146408,76.82446,5.463026,6.278479,81.06689,72.37015,6.5466576,4.40836
24.0,121.0,2006-12-01,2007-01-28,58,25,15.345119,17.022026,14.224571,80.64761,4.7853146,4.6935496,85.631905,72.83399,5.803905,3.6683145
23.0,122.0,2006-12-01,2007-01-28,58,25,18.104416,19.203669,17.109947,77.030785,5.5454164,5.097757,81.35358,71.72952,6.9397182,4.1946025
23.0,120.0,2006-12-01,2007-01-28,58,25,18.426723,19.570707,17.547823,77.82779,5.9913216,3.08573,82.854935,70.983826,6.8902764,5.0399904
25.0,122.0,2006-12-01,2007-01-28,58,25,17.595894,18.312757,16.811983,73.486496,7.3747735,4.899087,77.24039,69.91101,8.618833,6.0888777
25.0,121.0,2006-12-01,2007-01-28,58,25,15.788369,16.724943,14.883668,76.99982,6.9560847,3.323919,81.5811,71.60369,8.111757,5.550158
22.0,122.0,2006-12-01,2007-01-28,58,25,21.541943,22.162422,20.805674,73.402,8.473379,3.2149706,77.6407,69.95159,10.188644,6.8739686
22.0,120.0,2006-12-01,2007-01-28,58,25,20.396828,21.56087,19.464859,75.845726,5.8648653,2.7234857,80.580956,69.36064,6.7703795,4.845262
24.0,120.0,2006-12-01,2007-01-28,58,25,16.812424,17.707018,16.053644,78.99673,7.9425488,3.199866,83.642136,73.22824,9.303722,6.3415465
25.0,120.0,2006-12-01,2007-01-28,58,25,13.261908,14.685128,12.146139,79.35687,6.597366,2.8730211,85.114235,72.50834,7.570851,5.2915387
23.0,121.0,2006-12-01,2007-01-28,58,25,16.956219,18.930676,15.695309,79.47849,3.0358384,4.589636,84.81301,70.31628,3.7563102,2.3210452
24.0,120.0,2006-12-01,2007-01-29,59,25,16.889868,17.784954,16.120583,79.32032,7.7022815,1.4565662,83.92385,73.757385,8.9959755,6.043071
23.0,121.0,2006-12-01,2007-01-29,59,25,16.94558,18.826906,15.708898,80.11185,2.842844,4.3714113,85.183136,71.1492,3.612683,2.00449
23.0,122.0,2006-12-01,2007-01-29,59,25,18.143044,19.189716,17.187408,77.67568,5.36098,5.335914,81.66512,73.08666,6.8896346,3.6544862
24.0,121.0,2006-12-01,2007-01-29,59,25,15.4261265,17.08359,14.270036,81.192795,4.536824,4.1876945,85.99659,73.63669,5.688186,3.0660684
22.0,122.0,2006-12-01,2007-01-29,59,25,21.60729,22.237799,20.880527,73.44395,8.394584,3.1734424,77.48292,70.18439,10.326351,6.3309174
23.0,120.0,2006-12-01,2007-01-29,59,25,18.41257,19.512175,17.579098,78.22292,5.8990135,1.6251312,82.953186,71.47827,6.799972,4.937243
24.0,122.0,2006-12-01,2007-01-29,59,25,17.248297,18.218006,16.329523,77.56777,5.3798614,6.3544374,81.2681,73.25923,6.6264753,4.0255375
22.0,121.0,2006-12-01,2007-01-29,59,25,20.407286,21.488174,19.510801,75.50842,5.801329,2.2080173,79.92822,69.598885,6.990583,4.563049
25.0,121.0,2006-12-01,2007-01-29,59,25,16.078646,16.96903,15.191617,77.67921,6.5825677,2.5093806,83.35331,71.97243,7.8558407,5.0546865
25.0,122.0,2006-12-01,2007-01-29,59,25,17.879759,18.53836,17.174356,74.306786,7.5553064,4.664375,78.31675,70.48701,8.819413,6.097404
25.0,120.0,2006-12-01,2007-01-29,59,25,13.379184,14.862902,12.29111,80.086334,6.2880416,1.3832803,85.98513,72.75485,7.34265,4.913774
22.0,120.0,2006-12-01,2007-01-29,59,25,20.390047,21.484858,19.495523,75.91721,5.963614,1.9428198,80.2164,70.11648,6.7363014,5.0668073
24.0,122.0,2006-12-01,2007-01-30,60,25,17.827936,18.988468,16.790764,76.934845,4.940304,4.839817,81.688934,71.9003,6.442694,3.4511075
24.0,121.0,2006-12-01,2007-01-30,60,25,15.817227,17.644796,14.621949,81.157974,3.9909284,2.926822,86.285,72.67118,5.3573747,2.5821316
25.0,121.0,2006-12-01,2007-01-30,60,25,16.524134,17.534435,15.436056,78.69383,5.7816143,1.7975202,83.21474,73.251144,7.2790403,3.8706722
24.0,120.0,2006-12-01,2007-01-30,60,25,17.293612,18.289953,16.45026,79.98178,6.8341804,1.3360934,84.51795,74.4276,8.48756,4.910311
22.0,121.0,2006-12-01,2007-01-30,60,25,20.638233,21.692598,19.758825,76.46797,5.426369,1.6824685,81.08086,69.983185,6.3313427,4.6859784
23.0,122.0,2006-12-01,2007-01-30,60,25,18.586533,19.696617,17.646343,77.09274,4.823285,3.4939928,81.960236,71.456566,6.040314,3.622297
22.0,120.0,2006-12-01,2007-01-30,60,25,20.664635,21.809746,19.806652,76.320694,5.6953163,1.3437234,81.031494,69.591576,6.5089655,4.865717
25.0,122.0,2006-12-01,2007-01-30,60,25,18.512617,19.400816,17.472824,74.67017,6.4548125,3.699376,78.22978,71.20523,8.332967,4.4122066
25.0,120.0,2006-12-01,2007-01-30,60,25,13.888885,15.637668,12.596441,80.94274,5.64811,1.1642642,87.00158,72.767624,7.0042634,4.131948
23.0,121.0,2006-12-01,2007-01-30,60,25,17.26368,19.290186,16.067648,79.93839,2.6356595,2.8627343,85.6514,69.868996,3.3995583,1.9174013
23.0,120.0,2006-12-01,2007-01-30,60,25,18.743414,19.950905,17.90273,78.68669,5.286905,1.2674292,83.20521,71.53091,6.3177905,4.1433406
22.0,122.0,2006-12-01,2007-01-30,60,25,21.964117,22.498741,21.268217,73.97071,7.737433,2.3146386,78.124115,70.25233,9.055902,6.458764
22.0,122.0,2006-12-01,2007-01-31,61,25,22.115528,22.577255,21.566753,75.729675,7.6597223,2.932093,78.91127,72.85523,9.204044,6.104105
23.0,120.0,2006-12-01,2007-01-31,61,25,19.158287,20.386389,18.270655,78.73497,5.046797,1.5041717,83.93306,71.548225,6.1673756,3.9360266
22.0,121.0,2006-12-01,2007-01-31,61,25,20.95607,22.088076,20.098312,77.233955,5.438794,1.7501459,81.609055,71.20053,6.5183687,4.4340878
24.0,122.0,2006-12-01,2007-01-31,61,25,18.168713,19.209143,17.232746,77.205154,4.686654,3.9481776,81.33142,72.014786,6.0293465,3.2268586
25.0,122.0,2006-12-01,2007-01-31,61,25,18.753572,19.391891,18.006735,75.58276,6.0618153,3.1600976,79.10813,72.09088,7.7305284,4.4680147
22.0,120.0,2006-12-01,2007-01-31,61,25,21.013489,22.181568,20.130486,76.9948,5.6567492,2.0045083,81.84004,70.42351,6.7331376,4.658996
24.0,120.0,2006-12-01,2007-01-31,61,25,17.606237,18.502638,16.805367,80.450485,6.194972,1.5396112,85.01106,75.23616,7.6564183,4.735213
23.0,121.0,2006-12-01,2007-01-31,61,25,17.689667,19.855309,16.38802,79.83068,2.5620031,2.6153216,85.7294,69.603806,3.4788384,1.8729608
25.0,121.0,2006-12-01,2007-01-31,61,25,16.74739,17.728962,15.786896,79.77102,5.102824,1.8688977,84.76206,74.58865,6.724017,3.6711173
25.0,120.0,2006-12-01,2007-01-31,61,25,14.2504,15.944694,13.051413,81.217155,5.0365353,1.6223154,87.40788,73.57573,6.2975945,3.8053036
23.0,122.0,2006-12-01,2007-01-31,61,25,18.846666,19.914982,17.943434,78.02627,4.7717643,3.7949793,82.05759,73.013336,5.975584,3.6247718
24.0,121.0,2006-12-01,2007-01-31,61,25,16.141178,17.868034,15.0063925,81.48478,3.5655224,2.6449218,86.613396,73.21883,4.737027,2.4479375
22.0,121.0,2006-12-01,2007-02-01,62,25,21.322329,22.466944,20.345026,78.2094,5.351604,1.4282526,82.80491,72.19897,6.406393,4.2267394
24.0,122.0,2006-12-01,2007-02-01,62,25,18.537617,19.519379,17.536646,78.81078,4.7428646,5.721466,83.22136,74.10976,6.2416625,3.178081
23.0,120.0,2006-12-01,2007-02-01,62,25,19.393414,20.629604,18.500822,81.04315,5.099228,2.4370131,85.85538,74.21992,6.104658,4.0989017
23.0,122.0,2006-12-01,2007-02-01,62,25,19.272291,20.320646,18.253698,78.635994,4.630377,3.8728626,82.382996,73.75772,5.725943,3.516999
22.0,122.0,2006-12-01,2007-02-01,62,25,22.501776,23.039438,21.807856,75.54024,7.482802,2.0813293,79.18422,72.12759,8.962903,5.738116
24.0,120.0,2006-12-01,2007-02-01,62,25,17.81713,18.736557,17.03671,82.04756,6.7219753,3.542038,86.10159,76.85548,8.122495,5.148963
25.0,121.0,2006-12-01,2007-02-01,62,25,17.00414,18.031317,16.02687,81.00027,5.774729,3.8696594,86.45852,75.12668,7.192357,4.3901405
24.0,121.0,2006-12-01,2007-02-01,62,25,16.522017,18.293154,15.387325,82.646484,3.8063474,4.323303,87.61561,74.71577,4.910365,2.6332333
22.0,120.0,2006-12-01,2007-02-01,62,25,21.367754,22.623257,20.391832,78.68226,5.4787836,1.6206675,83.43669,72.067894,6.3720994,4.588923
23.0,121.0,2006-12-01,2007-02-01,62,25,18.095304,20.203974,16.747252,81.68923,2.4986055,3.222227,87.47376,71.9689,3.211026,1.8154858
25.0,120.0,2006-12-01,2007-02-01,62,25,14.3368435,15.959259,13.161944,81.98329,5.595919,3.7462156,88.283615,73.75659,6.807638,4.218748
25.0,122.0,2006-12-01,2007-02-01,62,25,18.998602,19.744448,18.148552,77.309296,6.260487,5.257444,81.35678,73.787994,8.060678,4.3983974
22.0,122.0,2006-12-01,2007-02-02,63,25,22.846197,23.264277,22.353775,77.58716,7.6605983,2.5365374,81.125786,74.04326,8.875625,6.337851
24.0,120.0,2006-12-01,2007-02-02,63,25,18.147799,19.174519,17.215807,83.79287,6.483396,4.987861,87.41075,79.053185,7.9075127,4.7273703
25.0,120.0,2006-12-01,2007-02-02,63,25,14.69353,16.39962,13.401119,84.45415,5.3846006,6.0010457,89.17833,77.70942,6.64469,3.926942
25.0,121.0,2006-12-01,2007-02-02,63,25,17.193972,18.437681,16.054987,83.19121,5.375336,6.223212,87.012,78.59967,7.0693383,3.594766
22.0,120.0,2006-12-01,2007-02-02,63,25,21.67245,23.010977,20.73871,80.05445,5.2611446,2.5565252,84.764366,72.98343,6.2302504,4.2774415
23.0,120.0,2006-12-01,2007-02-02,63,25,19.736332,21.125795,18.757462,82.354256,5.1241703,3.5207293,86.7138,74.76101,6.226324,3.9408016
23.0,121.0,2006-12-01,2007-02-02,63,25,18.431011,20.714869,17.012487,82.640205,2.7625592,3.9093702,87.96287,72.0875,3.6041162,1.9684595
24.0,121.0,2006-12-01,2007-02-02,63,25,16.84543,18.697226,15.570089,84.04779,3.785577,5.3755856,88.53689,76.20356,4.875904,2.5409083
25.0,122.0,2006-12-01,2007-02-02,63,25,19.23062,19.991718,18.36816,79.41133,6.4116597,6.649846,82.086945,76.983185,7.93149,4.826294
22.0,121.0,2006-12-01,2007-02-02,63,25,21.635405,22.921675,20.754063,79.59,5.3842354,2.2035894,84.44106,72.73735,6.445902,4.3751125
23.0,122.0,2006-12-01,2007-02-02,63,25,19.639221,20.797739,18.738916,80.3383,4.9504366,4.240635,84.394455,74.70022,6.0849595,3.616453
24.0,122.0,2006-12-01,2007-02-02,63,25,18.90359,20.045118,17.892706,80.135185,5.14638,5.807101,83.6982,75.32641,6.282333,3.7446625
24.0,121.0,2006-12-01,2007-02-03,64,25,16.622448,18.42963,15.486022,83.03935,4.7489967,4.4929094,87.57854,75.403145,5.8538094,3.5201058
24.0,120.0,2006-12-01,2007-02-03,64,25,17.873806,18.832613,17.128136,82.71126,7.7021275,2.9670331,86.51452,78.02573,9.150435,5.9775844
23.0,120.0,2006-12-01,2007-02-03,64,25,19.492514,20.815615,18.60818,81.74773,5.7277613,2.0852273,86.92477,74.52798,6.8937836,4.6075006
25.0,122.0,2006-12-01,2007-02-03,64,25,18.559752,19.291822,17.857002,78.063484,7.327631,5.434834,81.74466,75.23836,8.846781,5.6909924
22.0,122.0,2006-12-01,2007-02-03,64,25,22.554804,23.132622,21.986675,77.78853,7.9911876,2.285116,81.4901,73.98848,9.75456,5.999495
22.0,120.0,2006-12-01,2007-02-03,64,25,21.421518,22.764067,20.524927,79.62375,5.371062,2.2004316,84.77875,72.568474,6.50424,4.2410173
23.0,122.0,2006-12-01,2007-02-03,64,25,19.331264,20.580898,18.378092,80.23322,5.367979,4.097096,84.80008,74.67321,6.7168684,3.8610635
24.0,122.0,2006-12-01,2007-02-03,64,25,18.419945,19.609411,17.419357,79.85307,5.432403,5.8553724,84.18337,75.08449,6.7600427,4.029801
22.0,121.0,2006-12-01,2007-02-03,64,25,21.45983,22.708574,20.556538,79.41203,5.3818583,1.8049252,84.4497,72.96419,6.649316,4.00583
23.0,121.0,2006-12-01,2007-02-03,64,25,18.238783,20.493214,16.901007,82.12129,2.8649719,3.6153772,88.452385,71.88313,3.6782274,2.0514865
25.0,121.0,2006-12-01,2007-02-03,64,25,16.78184,17.681988,15.931026,81.088425,6.817466,4.0781746,85.34033,76.783844,8.143574,5.2012315
25.0,120.0,2006-12-01,2007-02-03,64,25,14.420858,15.884571,13.363268,83.15711,6.4562006,3.154561,87.860954,76.518616,7.690508,5.086663
23.0,121.0,2006-12-01,2007-02-04,65,25,17.858892,19.572437,16.732218,82.829475,2.883114,6.0089655,87.73374,74.79807,3.518235,2.3161936
24.0,121.0,2006-12-01,2007-02-04,65,25,16.316793,17.711857,15.385363,83.50932,4.957957,6.0855646,87.42518,77.45676,5.8786983,4.059912
24.0,120.0,2006-12-01,2007-02-04,65,25,17.62726,18.3642,17.042643,82.31729,8.318271,3.85091,85.67728,78.71042,9.398076,6.9826055
25.0,121.0,2006-12-01,2007-02-04,65,25,16.678719,17.475199,15.98924,80.409096,6.9777484,4.244895,84.45863,76.51278,8.097411,5.7103705
25.0,120.0,2006-12-01,2007-02-04,65,25,14.200111,15.498483,13.263117,82.11912,6.7658324,3.0486097,86.79293,76.2333,7.7103057,5.7080703
22.0,120.0,2006-12-01,2007-02-04,65,25,21.118559,22.163975,20.330568,79.875824,5.52969,5.592091,84.14938,74.04018,6.4328094,4.7610435
24.0,122.0,2006-12-01,2007-02-04,65,25,18.057293,18.958168,17.210709,80.47871,5.5996675,9.251911,84.5685,75.98948,6.6888733,4.53172
22.0,121.0,2006-12-01,2007-02-04,65,25,21.160393,22.161749,20.389278,79.516174,5.6079655,3.3871958,83.68202,74.30628,6.675223,4.653297
23.0,122.0,2006-12-01,2007-02-04,65,25,18.997765,19.941036,18.141472,80.62512,5.443487,6.5935307,84.397064,76.20182,6.6728954,4.169714
22.0,122.0,2006-12-01,2007-02-04,65,25,22.301863,22.815483,21.737066,77.603294,8.340852,3.970542,80.93825,74.5125,9.990702,6.6555157
25.0,122.0,2006-12-01,2007-02-04,65,25,18.399881,18.961065,17.742369,77.59585,7.4650493,7.394464,81.47153,74.27547,8.973602,6.112148
23.0,120.0,2006-12-01,2007-02-04,65,25,19.17146,20.162264,18.472443,81.59288,6.108424,3.7689686,85.698166,76.17237,6.856345,5.278107
23.0,122.0,2006-12-01,2007-02-05,66,25,18.92722,19.922245,18.041203,80.85955,5.519511,5.72825,84.06282,76.88835,6.985518,4.042625
22.0,122.0,2006-12-01,2007-02-05,66,25,22.241753,22.712753,21.651035,78.1209,8.427875,4.219306,81.016685,75.518425,10.274308,6.3385234
22.0,120.0,2006-12-01,2007-02-05,66,25,21.173168,22.355375,20.280949,79.38674,5.856633,3.5711155,83.90329,73.38439,6.9649324,4.7924
25.0,120.0,2006-12-01,2007-02-05,66,25,14.206351,15.7457,13.037193,82.125565,6.3694334,4.002333,87.83322,74.49075,7.5296106,5.0782413
25.0,122.0,2006-12-01,2007-02-05,66,25,18.465551,19.107992,17.7184,77.14725,7.8666816,6.2563586,80.87088,73.79439,9.132169,6.517406
23.0,120.0,2006-12-01,2007-02-05,66,25,19.191856,20.370932,18.368351,81.09555,5.830978,2.4895742,85.254776,74.62266,6.901727,4.947399
24.0,122.0,2006-12-01,2007-02-05,66,25,18.048172,19.016333,17.213137,80.221115,5.7948427,6.951549,83.798546,76.211174,6.9814076,4.602164
22.0,121.0,2006-12-01,2007-02-05,66,25,21.152554,22.298399,20.292912,79.3946,5.7974787,2.8791296,83.35678,73.80736,6.891077,4.5881596
23.0,121.0,2006-12-01,2007-02-05,66,25,17.840227,19.813074,16.652872,82.38941,2.9715192,4.3886786,87.50013,73.45712,3.7993844,2.3284142
24.0,121.0,2006-12-01,2007-02-05,66,25,16.310165,17.935972,15.225939,83.14433,4.6222744,5.0252767,87.624855,75.96543,5.8690753,3.406445
24.0,120.0,2006-12-01,2007-02-05,66,25,17.659115,18.548922,16.908981,81.870705,7.684067,3.1337988,85.883446,76.82901,9.133651,6.1138396
25.0,121.0,2006-12-01,2007-02-05,66,25,16.746937,17.69168,15.811817,79.842125,6.5607023,4.343057,84.745155,74.61937,7.809736,5.2464848
24.0,122.0,2006-12-01,2007-02-06,67,25,18.32378,19.53633,17.151955,78.86043,5.5233455,4.755397,83.14624,73.52857,6.645598,4.320446
25.0,120.0,2006-12-01,2007-02-06,67,25,14.527802,16.17635,13.367897,82.18182,5.5995674,3.9506454,87.89533,75.11785,6.779275,4.3886857
22.0,121.0,2006-12-01,2007-02-06,67,25,21.295408,22.418203,20.421627,79.58176,5.5533004,1.7156867,84.068016,73.41584,6.6426263,4.57432
22.0,120.0,2006-12-01,2007-02-06,67,25,21.334318,22.554102,20.442682,79.57812,5.505007,2.1671958,84.04501,73.02711,6.7464027,4.325205
23.0,120.0,2006-12-01,2007-02-06,67,25,19.399359,20.653511,18.519869,80.76335,5.356112,1.9145117,85.14658,74.187675,6.3604884,4.3011723
23.0,122.0,2006-12-01,2007-02-06,67,25,19.09508,20.24171,17.987057,80.429855,5.458521,4.0554695,84.81309,75.011795,6.5415626,4.277317
22.0,122.0,2006-12-01,2007-02-06,67,25,22.374414,22.84231,21.783598,78.38488,8.2681875,2.2926233,82.09737,75.44096,9.740422,6.926671
25.0,122.0,2006-12-01,2007-02-06,67,25,18.711248,19.428167,17.92464,76.20712,6.9331555,4.4879026,79.86216,72.570724,8.544072,5.3428783
24.0,120.0,2006-12-01,2007-02-06,67,25,17.883762,18.922995,17.087746,81.284164,6.9337397,2.835685,85.17405,76.54203,8.377267,5.5810175
25.0,121.0,2006-12-01,2007-02-06,67,25,16.913063,18.006647,16.021969,79.440994,5.856299,4.132985,84.17467,74.58355,7.0782857,4.516453
23.0,121.0,2006-12-01,2007-02-06,67,25,18.018179,20.150867,16.590178,81.844124,2.8216095,3.478534,87.52382,71.91079,3.5838785,2.073946
24.0,121.0,2006-12-01,2007-02-06,67,25,16.50588,18.361727,15.236842,82.328026,4.2580357,4.3968086,87.47319,74.327286,5.246346,3.306768
23.0,121.0,2006-12-01,2007-02-07,68,25,18.083103,20.211903,16.71355,81.76711,2.65021,4.190334,86.49741,72.52829,3.417329,1.8835028
25.0,121.0,2006-12-01,2007-02-07,68,25,16.658947,17.59835,15.746905,79.30177,6.098201,3.253749,84.09212,73.824196,7.388826,4.432795
24.0,120.0,2006-12-01,2007-02-07,68,25,17.74583,18.650045,16.949966,81.14253,7.095818,2.4627318,84.86676,76.18584,8.405185,5.4399
24.0,121.0,2006-12-01,2007-02-07,68,25,16.426617,18.18038,15.240079,82.415665,4.346678,4.749264,86.7716,75.063515,5.4951262,3.023497
22.0,120.0,2006-12-01,2007-02-07,68,25,21.36492,22.619701,20.430265,79.283905,5.1562557,2.2243893,83.12263,73.038574,6.243892,4.142816
22.0,122.0,2006-12-01,2007-02-07,68,25,22.399607,22.924467,21.7635,77.26515,7.923578,2.5071344,80.09835,74.59209,9.807728,6.092351
23.0,122.0,2006-12-01,2007-02-07,68,25,19.111013,20.291351,18.094397,79.883156,5.267066,4.8638573,83.24888,75.44182,6.639517,3.801497
23.0,120.0,2006-12-01,2007-02-07,68,25,19.404919,20.611372,18.50696,80.49741,5.2998366,1.8940371,84.59166,74.241905,6.2064433,4.2978334
25.0,122.0,2006-12-01,2007-02-07,68,25,18.401978,19.206827,17.550396,76.062355,6.7190175,4.502681,79.96253,72.604645,8.130755,5.068075
22.0,121.0,2006-12-01,2007-02-07,68,25,21.369678,22.60309,20.409845,78.9016,5.321756,1.8320864,83.09104,72.78586,6.6350923,4.135583
25.0,120.0,2006-12-01,2007-02-07,68,25,14.428686,16.071327,13.254694,81.461105,5.7707477,2.5793078,87.33234,73.466,6.9450254,4.456144
24.0,122.0,2006-12-01,2007-02-07,68,25,18.18896,19.203032,17.120743,78.95493,5.156824,6.0079565,82.60272,74.963356,6.417238,3.722731
25.0,121.0,2006-12-01,2007-02-08,69,25,17.03365,18.051481,16.041632,79.13062,5.8454657,3.1872394,83.808235,73.737976,7.651505,3.91998
24.0,121.0,2006-12-01,2007-02-08,69,25,16.480074,18.31097,15.373214,82.20751,4.1221504,4.5925746,87.34062,73.82493,5.4326463,2.7823942
23.0,121.0,2006-12-01,2007-02-08,69,25,18.041136,20.127367,16.849073,81.26084,2.5060296,4.020677,86.82132,71.20121,3.2930088,1.8289126
24.0,120.0,2006-12-01,2007-02-08,69,25,17.933392,18.940544,17.093067,80.95632,6.842832,2.671794,85.1115,75.70257,8.586121,5.0915546
25.0,120.0,2006-12-01,2007-02-08,69,25,14.376391,16.088686,13.213937,81.4407,5.884685,2.7148244,86.85546,73.67644,7.217037,4.305714
22.0,122.0,2006-12-01,2007-02-08,69,25,22.352303,22.75333,21.83709,76.54709,7.852262,2.4581757,79.581024,73.93689,9.538362,6.10453
25.0,122.0,2006-12-01,2007-02-08,69,25,18.73629,19.50951,17.815529,75.489426,6.6374874,4.34874,79.11681,72.52299,8.26255,4.959873
22.0,120.0,2006-12-01,2007-02-08,69,25,21.419939,22.56979,20.549683,78.6372,5.2079954,2.3605142,83.25855,72.34001,6.131239,4.283344
23.0,122.0,2006-12-01,2007-02-08,69,25,19.043098,20.102411,18.218155,79.170746,4.9200444,4.7851405,83.042206,74.1469,6.311831,3.5572705
23.0,120.0,2006-12-01,2007-02-08,69,25,19.497835,20.739243,18.66777,79.99253,5.0623846,2.0943995,84.639465,73.09163,6.2244205,3.9977148
24.0,122.0,2006-12-01,2007-02-08,69,25,18.20161,19.227514,17.267471,78.33055,4.847988,5.759259,82.58768,73.491585,6.1192393,3.5936508
22.0,121.0,2006-12-01,2007-02-08,69,25,21.348574,22.493437,20.551088,78.37136,5.3330812,1.694011,82.73297,72.04813,6.4916553,4.3292503
25.0,121.0,2006-12-01,2007-02-09,70,25,17.355837,18.508068,16.317442,81.12632,5.327634,3.814804,85.75416,75.56641,6.709362,4.1174965
23.0,121.0,2006-12-01,2007-02-09,70,25,18.295616,20.516417,16.998287,81.73329,2.5354314,4.239297,87.53954,71.358475,3.2742417,1.8051307
24.0,121.0,2006-12-01,2007-02-09,70,25,16.701845,18.642872,15.502638,83.0446,3.4772677,4.660134,88.078415,74.619675,4.518977,2.526124
24.0,120.0,2006-12-01,2007-02-09,70,25,18.237774,19.293488,17.318972,81.69916,6.0216236,3.4794145,85.83267,75.838104,7.377158,4.585549
25.0,120.0,2006-12-01,2007-02-09,70,25,14.6329,16.36939,13.383175,83.0715,5.263036,3.5469031,88.57995,75.062874,6.447584,4.0405803
24.0,122.0,2006-12-01,2007-02-09,70,25,18.657097,19.773478,17.651237,79.146996,5.011866,5.7425914,83.067,74.3698,6.0405345,3.8417096
22.0,120.0,2006-12-01,2007-02-09,70,25,21.724846,22.989517,20.777216,78.63419,5.5284357,2.8431237,83.54414,71.58694,6.5488496,4.5245667
25.0,122.0,2006-12-01,2007-02-09,70,25,19.29072,19.951368,18.425539,77.426926,6.424478,4.8902345,80.93774,74.58746,7.6245728,4.944661
23.0,122.0,2006-12-01,2007-02-09,70,25,19.32561,20.48454,18.391012,79.99003,4.728476,4.6506724,83.71073,74.696976,5.999457,3.5079882
22.0,122.0,2006-12-01,2007-02-09,70,25,22.614346,23.08257,21.97516,77.37871,7.5747585,3.1461585,80.50107,74.52823,9.177734,5.9949512
23.0,120.0,2006-12-01,2007-02-09,70,25,19.835642,21.165396,18.8936,80.348854,4.7090607,3.0530834,85.29826,72.74757,5.7563353,3.7657185
22.0,121.0,2006-12-01,2007-02-09,70,25,21.582485,22.820293,20.651007,78.87318,5.331667,2.7305126,83.56476,71.961395,6.3646502,4.342836
22.0,120.0,2006-12-01,2007-02-10,71,25,21.63398,22.912066,20.51418,79.64208,5.848772,4.9838214,84.22455,73.98232,7.2079186,4.4720683
25.0,122.0,2006-12-01,2007-02-10,71,25,18.657314,19.6856,17.61735,77.89537,7.5839667,8.900753,81.48875,74.63879,9.141758,5.9059114
22.0,122.0,2006-12-01,2007-02-10,71,25,22.700134,23.395645,21.905327,77.48975,8.298648,5.27679,81.00426,74.46225,10.052853,6.212183
23.0,120.0,2006-12-01,2007-02-10,71,25,19.724276,21.064219,18.51047,81.53884,5.5075293,5.623164,86.1394,75.173546,6.8321404,3.9674094
24.0,122.0,2006-12-01,2007-02-10,71,25,18.469444,19.721233,17.146599,79.67764,5.9887285,8.724666,83.49264,75.44311,7.4096065,4.5166554
22.0,121.0,2006-12-01,2007-02-10,71,25,21.565615,22.779335,20.469294,79.468765,5.780529,4.232175,83.81381,73.83883,6.964873,4.4319015
25.0,120.0,2006-12-01,2007-02-10,71,25,14.418554,16.060282,13.005343,83.982605,5.900105,7.773128,88.10278,77.826935,7.3263426,4.3877378
23.0,122.0,2006-12-01,2007-02-10,71,25,19.39837,20.71557,18.151125,80.235275,5.4617205,7.3944044,84.163826,75.71829,6.972469,3.5482955
24.0,120.0,2006-12-01,2007-02-10,71,25,18.053804,19.247643,16.878883,82.4577,7.0778656,7.895503,86.45198,77.52493,8.762729,5.2390013
23.0,121.0,2006-12-01,2007-02-10,71,25,18.266226,20.443602,16.69944,82.49288,3.0773776,6.34643,87.46661,73.78015,4.0925274,2.0837944
25.0,121.0,2006-12-01,2007-02-10,71,25,16.807137,18.09216,15.6387415,81.42862,6.226195,8.799738,85.87616,76.499374,7.7056537,4.6999683
24.0,121.0,2006-12-01,2007-02-10,71,25,16.599655,18.428343,15.206799,83.408516,4.297705,8.615719,87.78755,76.4607,5.647052,2.7215064
24.0,120.0,2006-12-01,2007-02-11,72,25,17.370054,18.365343,16.499445,81.43391,8.051754,3.046936,85.47597,77.042244,9.198686,6.446128
24.0,121.0,2006-12-01,2007-02-11,72,25,15.977231,17.63149,14.789005,82.61908,4.9851494,5.318054,86.73548,76.25356,6.0583367,3.592104
23.0,121.0,2006-12-01,2007-02-11,72,25,17.653776,19.605988,16.310993,82.050385,2.9604034,4.756531,87.01719,73.812874,3.8918958,2.0489542
25.0,121.0,2006-12-01,2007-02-11,72,25,16.154882,17.1799,15.2613,79.56309,7.2234654,3.7961414,83.91135,75.56431,8.495973,5.691269
22.0,121.0,2006-12-01,2007-02-11,72,25,21.020351,22.173164,20.07593,78.72539,5.6754775,2.418883,82.89886,73.51496,6.680481,4.608895
25.0,120.0,2006-12-01,2007-02-11,72,25,13.860604,15.406593,12.522535,80.92403,6.708101,2.5211225,86.21822,74.61521,7.805867,5.316276
24.0,122.0,2006-12-01,2007-02-11,72,25,17.68213,18.786486,16.659313,79.09226,5.476776,6.900393,82.29105,74.96668,7.1138067,3.7673206
23.0,122.0,2006-12-01,2007-02-11,72,25,18.683678,19.754068,17.670103,79.92725,5.5710316,6.084047,83.007645,75.51558,6.918268,4.1305995
23.0,120.0,2006-12-01,2007-02-11,72,25,19.049595,20.225285,18.122164,80.84372,5.899397,2.4777822,85.53949,74.98058,6.8545113,4.8055925
22.0,122.0,2006-12-01,2007-02-11,72,25,22.052378,22.631025,21.37502,76.85208,8.390746,3.7457867,79.717415,74.31789,9.861704,6.7926183
22.0,120.0,2006-12-01,2007-02-11,72,25,21.053495,22.230083,20.121841,79.24964,5.3101354,3.2575066,83.36537,73.8595,6.386858,4.170087
25.0,122.0,2006-12-01,2007-02-11,72,25,17.841326,18.668982,17.024742,76.26113,7.639165,5.3678,79.59012,72.9793,9.334118,5.6994996
22.0,120.0,2006-12-01,2007-02-12,73,25,21.032997,22.12709,20.124489,78.104416,5.590736,3.1192205,82.52296,72.17034,6.620298,4.6175275
25.0,122.0,2006-12-01,2007-02-12,73,25,18.450356,19.318117,17.396042,76.00656,6.971419,6.466692,79.960655,71.43577,8.551497,5.322155
22.0,122.0,2006-12-01,2007-02-12,73,25,22.077452,22.640785,21.365664,76.21433,7.4980564,3.507713,79.209015,73.58063,9.237796,5.8773437
23.0,120.0,2006-12-01,2007-02-12,73,25,19.09273,20.17949,18.147097,79.61432,5.3289976,1.7358612,84.62968,73.00171,6.391837,4.4207225
25.0,120.0,2006-12-01,2007-02-12,73,25,13.921487,15.3056755,12.675177,81.47635,6.0324836,3.7823708,87.34734,74.380394,7.246837,4.6425066
23.0,122.0,2006-12-01,2007-02-12,73,25,18.700346,19.747965,17.69155,79.3966,4.7816787,5.065637,83.26887,74.87438,6.183783,3.4190862
22.0,121.0,2006-12-01,2007-02-12,73,25,20.996502,22.091333,20.016882,77.52811,5.250018,2.0553775,82.141884,71.69643,6.294348,4.247838
24.0,122.0,2006-12-01,2007-02-12,73,25,17.921175,18.998102,16.801153,78.37461,5.036759,6.655598,82.748924,73.31899,6.437854,3.487752
25.0,121.0,2006-12-01,2007-02-12,73,25,16.651329,17.605236,15.502276,79.75992,6.1618257,4.569114,84.7372,74.27581,7.6723967,4.6691494
23.0,121.0,2006-12-01,2007-02-12,73,25,17.621502,19.543976,16.293507,80.959366,2.6013684,3.614829,86.546234,71.75775,3.4094598,1.8375764
24.0,121.0,2006-12-01,2007-02-12,73,25,16.10213,17.677637,14.834884,82.33052,4.064897,4.743369,87.26611,75.025345,5.3032017,2.6824827
24.0,120.0,2006-12-01,2007-02-12,73,25,17.57005,18.394302,16.688692,80.99838,6.982904,2.8744733,85.45425,75.764305,8.484217,5.28419
22.0,120.0,2006-12-01,2007-02-13,74,25,21.347021,22.616665,20.30407,78.459145,5.3599606,3.6514869,83.519844,72.18851,6.5206604,4.151479
25.0,121.0,2006-12-01,2007-02-13,74,25,16.88167,17.970726,15.863834,80.33204,5.5390873,3.7452393,84.5066,75.12339,6.631358,4.281529
25.0,122.0,2006-12-01,2007-02-13,74,25,18.725597,19.51936,17.924982,77.20742,6.642885,5.248805,80.68857,74.0786,8.158588,4.9701657
24.0,122.0,2006-12-01,2007-02-13,74,25,18.385557,19.683968,17.234425,79.07515,5.321231,5.9830284,83.453094,73.935104,6.646792,3.8482807
23.0,120.0,2006-12-01,2007-02-13,74,25,19.45784,20.778809,18.39294,80.21771,5.2509446,2.8323972,85.23904,73.40447,6.4049883,4.190891
25.0,120.0,2006-12-01,2007-02-13,74,25,14.397408,16.121168,12.873839,82.239456,5.296033,3.3237548,88.146126,74.15823,6.3546157,4.1330705
22.0,122.0,2006-12-01,2007-02-13,74,25,22.454765,23.097206,21.66832,75.74331,7.724091,3.6118407,80.1056,71.65576,9.210749,6.058712
24.0,121.0,2006-12-01,2007-02-13,74,25,16.521545,18.44722,15.112321,82.38288,4.0135784,4.4721,87.27877,73.97263,5.0045147,2.9596386
24.0,120.0,2006-12-01,2007-02-13,74,25,17.929699,19.021093,16.881647,81.20856,6.6283135,2.776918,85.47331,75.711426,7.83102,5.2559667
23.0,122.0,2006-12-01,2007-02-13,74,25,19.173288,20.480835,17.958214,79.03713,5.228501,5.0220227,83.64422,73.10719,6.2780175,4.087615
23.0,121.0,2006-12-01,2007-02-13,74,25,18.046152,20.289024,16.525118,81.42797,2.7562876,4.540458,87.4285,71.39473,3.6594446,1.9493197
22.0,121.0,2006-12-01,2007-02-13,74,25,21.325546,22.608305,20.2799,77.81819,5.1496196,3.130251,83.10415,71.099335,6.2981367,3.8567083
23.0,120.0,2006-12-01,2007-02-14,75,25,19.615461,21.020636,18.615524,79.58865,5.244364,2.8778949,84.79585,71.702736,6.2934046,4.112181
25.0,122.0,2006-12-01,2007-02-14,75,25,18.958479,19.773676,18.037935,75.329895,6.6860805,3.1902075,79.50311,71.44662,8.204753,5.108799
22.0,122.0,2006-12-01,2007-02-14,75,25,22.484259,23.07882,21.689096,76.27116,7.6765003,3.1940565,80.026474,72.734566,9.358151,6.0505733
25.0,121.0,2006-12-01,2007-02-14,75,25,17.240715,18.37318,16.140158,78.56451,5.6495705,1.7949469,83.561424,72.8242,7.071677,4.0630736
23.0,122.0,2006-12-01,2007-02-14,75,25,19.273159,20.53956,18.192188,78.93018,5.0647416,5.2777967,83.1145,73.59608,6.28138,3.6045976
23.0,121.0,2006-12-01,2007-02-14,75,25,18.18657,20.56373,16.737608,80.85975,2.7145069,5.2167635,87.033875,69.93552,3.4000409,1.9957328
24.0,120.0,2006-12-01,2007-02-14,75,25,18.188562,19.224657,17.23572,80.21238,6.6887245,2.0860817,84.60211,74.39236,8.112918,4.876016
25.0,120.0,2006-12-01,2007-02-14,75,25,14.754392,16.493298,13.421984,80.93903,5.5585375,1.850671,87.219215,72.36022,6.902685,3.992849
24.0,122.0,2006-12-01,2007-02-14,75,25,18.500364,19.706478,17.404078,77.94343,5.13692,5.820702,82.09811,72.90503,6.361658,3.5953128
22.0,120.0,2006-12-01,2007-02-14,75,25,21.445807,22.79212,20.401276,77.90033,5.319384,3.4006598,83.16563,70.87353,6.4242296,4.2984576
24.0,121.0,2006-12-01,2007-02-14,75,25,16.762999,18.675888,15.441808,81.40756,3.9421003,4.41415,86.56414,72.80582,5.021319,2.5388649
22.0,121.0,2006-12-01,2007-02-14,75,25,21.39583,22.741812,20.340065,77.88982,5.2266345,3.1345472,83.21858,70.88924,6.42343,4.1507354
24.0,121.0,2006-12-01,2007-02-15,76,25,16.706882,18.6281,15.520133,79.90352,4.142499,4.2436357,85.73473,71.08075,5.0352554,2.9831362
25.0,120.0,2006-12-01,2007-02-15,76,25,14.898861,16.668303,13.607238,79.585396,5.4390974,1.9427958,85.56945,71.58228,6.655304,4.064243
23.0,120.0,2006-12-01,2007-02-15,76,25,19.609552,20.9425,18.7157,78.04672,5.244692,2.4110553,82.849785,70.61442,6.4227796,4.049678
22.0,122.0,2006-12-01,2007-02-15,76,25,22.327478,22.809624,21.767105,74.37853,7.643138,2.1541138,78.52899,71.22701,9.177967,6.155836
24.0,122.0,2006-12-01,2007-02-15,76,25,18.489838,19.637432,17.52897,76.38105,5.3657274,5.2629185,81.10592,71.00172,6.6309705,4.0112114
24.0,120.0,2006-12-01,2007-02-15,76,25,18.19294,19.196836,17.388145,78.749664,6.809272,2.2861183,83.09799,73.25044,8.16457,5.1988587
22.0,120.0,2006-12-01,2007-02-15,76,25,21.36417,22.684868,20.411686,76.43769,5.4083204,2.7082965,81.25494,69.35743,6.430529,4.3581176
25.0,122.0,2006-12-01,2007-02-15,76,25,18.994297,19.613792,18.378342,74.01089,6.797842,3.2821765,77.849304,70.56479,8.06128,5.473618
25.0,121.0,2006-12-01,2007-02-15,76,25,17.231138,18.253185,16.33984,77.39845,5.6422563,2.2619762,82.58325,72.00714,6.7604175,4.1636357
23.0,122.0,2006-12-01,2007-02-15,76,25,19.161457,20.37628,18.2482,77.06811,5.2137814,4.0220766,82.032265,71.08432,6.3531623,4.0051656
22.0,121.0,2006-12-01,2007-02-15,76,25,21.284136,22.56271,20.319304,76.28142,5.2019334,2.50627,81.53369,69.37192,6.380983,4.114428
23.0,121.0,2006-12-01,2007-02-15,76,25,18.119665,20.387379,16.751476,79.288055,2.8011212,4.3742495,85.514496,68.56398,3.6214378,2.0325372
25.0,121.0,2006-12-01,2007-02-16,77,25,17.49465,18.605183,16.452267,77.90038,5.751715,3.2952282,83.31174,72.404305,7.2193565,4.0432086
22.0,120.0,2006-12-01,2007-02-16,77,25,21.42996,22.636885,20.494438,77.04573,5.514452,3.1428716,81.40329,70.72448,6.580693,4.3242116
22.0,121.0,2006-12-01,2007-02-16,77,25,21.38703,22.611475,20.424498,76.41946,5.1594453,3.0378916,81.20514,70.07813,6.3373733,4.017832
25.0,120.0,2006-12-01,2007-02-16,77,25,15.175349,17.024887,13.847823,80.38346,5.294713,2.814885,86.52696,72.57097,6.7549005,3.6613564
22.0,122.0,2006-12-01,2007-02-16,77,25,22.434595,23.063179,21.664757,74.45609,7.5676384,3.235949,78.461174,70.518555,9.316142,6.049377
24.0,121.0,2006-12-01,2007-02-16,77,25,16.824715,18.62543,15.556286,80.67975,3.8438065,4.4252214,85.65665,72.95788,5.1678133,2.338109
24.0,122.0,2006-12-01,2007-02-16,77,25,18.540869,19.671633,17.428791,77.6199,5.1869106,5.4680114,81.80989,72.96466,6.4702034,3.740642
23.0,122.0,2006-12-01,2007-02-16,77,25,19.240425,20.438396,18.146784,77.66095,5.0167036,4.593074,81.91275,72.09589,6.494823,3.513371
24.0,120.0,2006-12-01,2007-02-16,77,25,18.413834,19.423698,17.553839,79.23637,6.4699073,3.0385783,83.90486,73.933685,8.02966,4.6612043
25.0,122.0,2006-12-01,2007-02-16,77,25,19.191484,20.042706,18.215153,75.037865,6.928168,4.3303967,79.09935,70.97279,8.370286,5.2535095
23.0,120.0,2006-12-01,2007-02-16,77,25,19.787836,21.122427,18.847004,78.443634,5.1051087,2.9969969,83.24836,71.412865,6.2575974,3.9904904
23.0,121.0,2006-12-01,2007-02-16,77,25,18.1946,20.376932,16.818375,79.9397,2.707587,4.394706,85.385506,70.172066,3.6205652,1.831905
24.0,121.0,2006-12-01,2007-02-17,78,25,16.567934,18.296246,15.427731,81.47836,3.7756224,3.7311237,86.70484,73.85966,5.035594,2.3486168
25.0,120.0,2006-12-01,2007-02-17,78,25,14.745583,16.33044,13.554499,80.95721,5.1483026,2.2058556,87.139915,73.30154,6.4597363,3.7134194
23.0,120.0,2006-12-01,2007-02-17,78,25,19.651453,20.904228,18.736525,78.82518,5.088202,2.2543805,83.98672,71.64138,6.170004,3.8494616
22.0,122.0,2006-12-01,2007-02-17,78,25,22.371103,22.977236,21.651117,75.159164,7.8144026,2.5574188,79.429726,71.0444,9.642902,5.905846
24.0,122.0,2006-12-01,2007-02-17,78,25,18.366352,19.458565,17.419971,77.58823,5.146288,5.079088,82.05044,72.872536,6.4479866,3.6589282
22.0,121.0,2006-12-01,2007-02-17,78,25,21.302988,22.560469,20.310812,77.152756,5.3948827,2.3862154,82.44551,70.366394,6.587624,4.1515923
23.0,121.0,2006-12-01,2007-02-17,78,25,18.044035,20.188335,16.719917,80.33619,2.580782,3.8547199,86.35667,70.51746,3.42513,1.7478883
24.0,120.0,2006-12-01,2007-02-17,78,25,18.171034,19.131842,17.386208,80.018166,6.4226503,2.1356652,84.43613,74.878815,7.9172277,4.585403
23.0,122.0,2006-12-01,2007-02-17,78,25,19.110619,20.254313,18.09881,78.038055,5.0325193,4.027141,82.23733,72.82556,6.4129314,3.5128756
25.0,122.0,2006-12-01,2007-02-17,78,25,18.87642,19.579317,18.168648,75.460205,6.6537642,3.5248253,79.79803,71.66551,8.051155,5.2208996
22.0,120.0,2006-12-01,2007-02-17,78,25,21.442217,22.728033,20.465788,77.55375,5.544305,3.592881,82.4359,70.77518,6.6238127,4.314229
25.0,121.0,2006-12-01,2007-02-17,78,25,17.097633,18.123682,16.266695,79.18512,5.3267827,2.1817482,84.19377,74.33484,6.605032,3.9113922
25.0,121.0,2006-12-01,2007-02-18,79,25,17.141264,18.301712,16.002775,79.33411,5.914247,4.761703,84.1925,73.65058,7.425942,4.163545
22.0,120.0,2006-12-01,2007-02-18,79,25,21.396091,22.531822,20.450542,77.93213,4.9986815,4.592328,81.98719,72.0993,5.9734206,4.0440454
25.0,122.0,2006-12-01,2007-02-18,79,25,18.790058,19.687542,17.78427,76.11915,6.177532,6.5692554,79.42036,72.64174,7.8501678,4.1067934
23.0,122.0,2006-12-01,2007-02-18,79,25,19.027935,20.188515,17.99676,78.070305,4.8423195,6.1288905,81.80528,73.232704,6.296603,3.4179702
25.0,120.0,2006-12-01,2007-02-18,79,25,14.934131,16.736462,13.45277,81.94736,5.607498,4.3970156,87.48916,74.07037,7.0839543,4.1112423
24.0,121.0,2006-12-01,2007-02-18,79,25,16.603882,18.391455,15.2128725,81.94123,3.9196486,5.527693,86.92717,74.07943,5.1927843,2.5808096
24.0,120.0,2006-12-01,2007-02-18,79,25,18.243126,19.253979,17.289747,80.43118,6.674005,3.7753723,85.186455,74.190834,8.154791,4.9756293
23.0,121.0,2006-12-01,2007-02-18,79,25,17.984482,19.986073,16.548439,81.351906,2.5439482,5.752302,86.70491,72.18543,3.475211,1.7476737
22.0,121.0,2006-12-01,2007-02-18,79,25,21.23829,22.340961,20.299786,77.20149,5.0887327,4.6637387,81.96976,70.96347,6.201024,4.0265756
24.0,122.0,2006-12-01,2007-02-18,79,25,18.2721,19.477354,17.088219,78.54036,4.818882,7.345316,82.126114,73.5237,6.153818,3.3020196
22.0,122.0,2006-12-01,2007-02-18,79,25,22.282974,22.786959,21.643057,74.31024,7.4343047,5.041855,78.16782,70.8763,8.996867,5.9790435
23.0,120.0,2006-12-01,2007-02-18,79,25,19.628061,20.82604,18.653316,79.7791,4.9094152,3.9929628,84.682434,72.77141,6.03857,3.6893265
25.0,122.0,2006-12-01,2007-02-19,80,25,18.292936,18.881817,17.674034,74.76412,7.100542,6.197279,77.64655,71.903465,8.481923,5.535998
25.0,120.0,2006-12-01,2007-02-19,80,25,14.133792,15.5618105,13.092956,80.30261,6.7888703,3.263629,85.30061,73.621155,7.7167253,5.721731
23.0,121.0,2006-12-01,2007-02-19,80,25,17.584444,19.437887,16.427937,80.83194,2.6390631,5.1428967,85.76715,71.87152,3.3825366,1.9609191
24.0,121.0,2006-12-01,2007-02-19,80,25,16.111849,17.686493,15.06154,81.4967,4.6733556,5.3263073,85.95312,74.57098,5.57758,3.5552568
24.0,120.0,2006-12-01,2007-02-19,80,25,17.68249,18.611576,16.945812,79.91237,8.045282,3.1809266,83.84975,75.192474,9.150275,6.669689
23.0,120.0,2006-12-01,2007-02-19,80,25,19.159155,20.261497,18.375118,79.18435,5.7684155,2.9950683,83.58917,72.81462,6.5987816,4.807888
22.0,122.0,2006-12-01,2007-02-19,80,25,21.919312,22.36787,21.389755,73.78815,8.0559025,2.7286487,77.161415,70.91857,9.708341,6.3824
22.0,121.0,2006-12-01,2007-02-19,80,25,20.898525,21.895493,20.114748,76.6026,5.505515,2.593457,80.5794,70.97463,6.491204,4.5448117
22.0,120.0,2006-12-01,2007-02-19,80,25,21.090786,22.157846,20.227516,77.040504,5.064521,4.5474987,81.24884,71.37851,5.877919,4.1729417
23.0,122.0,2006-12-01,2007-02-19,80,25,18.603825,19.578337,17.778435,77.634056,5.1530914,5.2802258,81.25717,73.10026,6.4153776,3.8973124
24.0,122.0,2006-12-01,2007-02-19,80,25,17.755753,18.641554,16.933575,77.76878,5.054145,7.4225597,81.44309,73.38625,6.2554445,3.660032
25.0,121.0,2006-12-01,2007-02-19,80,25,16.667627,17.537521,15.93259,78.29645,6.961344,4.112013,82.1952,73.98985,8.160918,5.6491766
25.0,120.0,2006-12-01,2007-02-20,81,25,14.250437,15.880553,12.981793,80.06187,6.317745,3.5951877,85.781975,72.33642,7.4158306,5.083963
23.0,122.0,2006-12-01,2007-02-20,81,25,18.78583,19.820047,17.873947,77.73297,5.049972,5.551332,82.17588,72.5834,6.433158,3.7528522
23.0,121.0,2006-12-01,2007-02-20,81,25,17.678804,19.639112,16.455103,80.13552,2.719356,4.9006996,85.90635,70.35965,3.5932207,1.9116613
24.0,121.0,2006-12-01,2007-02-20,81,25,16.240803,17.956646,15.040988,80.7457,4.5171328,5.1613197,85.74135,73.09972,5.5096498,3.4622505
22.0,121.0,2006-12-01,2007-02-20,81,25,20.99686,22.088354,20.17588,76.13288,5.2084136,3.5551832,80.77502,69.75062,6.393784,4.1190667
22.0,122.0,2006-12-01,2007-02-20,81,25,22.105518,22.577217,21.528955,74.0435,7.5965943,4.2055116,77.89952,70.75869,9.371027,5.959591
25.0,122.0,2006-12-01,2007-02-20,81,25,18.611622,19.329239,17.731476,74.41461,6.704287,7.061039,77.79277,71.10614,8.096861,5.246481
22.0,120.0,2006-12-01,2007-02-20,81,25,21.064892,22.22496,20.201393,76.36294,5.243592,4.297673,81.324104,69.58768,6.296026,4.2804112
25.0,121.0,2006-12-01,2007-02-20,81,25,16.79555,17.806505,15.772135,77.80969,6.5909905,4.486577,82.239044,73.080315,7.870026,5.3069835
24.0,122.0,2006-12-01,2007-02-20,81,25,18.0775,19.197481,17.026579,77.16501,5.035323,7.751344,81.34311,72.1557,6.2597766,3.720958
24.0,120.0,2006-12-01,2007-02-20,81,25,17.78001,18.716751,16.873503,78.83615,7.848343,3.152988,82.91124,74.10218,9.093899,6.369356
23.0,120.0,2006-12-01,2007-02-20,81,25,19.221645,20.38568,18.331026,78.152664,5.7819233,2.8856266,82.77078,71.70088,6.8264036,4.6790776
24.0,121.0,2006-12-01,2007-02-21,82,25,16.291748,17.868532,15.171979,80.997986,4.8800187,6.126433,86.08882,73.56735,5.9650946,3.451321
25.0,121.0,2006-12-01,2007-02-21,82,25,16.750978,17.650333,15.729762,77.28513,7.182272,3.4930677,82.492546,71.3331,8.47029,5.6972136
25.0,120.0,2006-12-01,2007-02-21,82,25,14.211242,15.761803,12.900709,79.83083,6.721468,2.5528162,85.454475,72.3324,7.800352,5.358484
23.0,121.0,2006-12-01,2007-02-21,82,25,17.791193,19.717697,16.612385,80.694725,3.017008,6.777373,86.21526,71.916306,3.7201843,2.3596585
25.0,122.0,2006-12-01,2007-02-21,82,25,18.39714,19.134514,17.631334,74.830414,7.793625,6.7294593,79.37748,70.61847,9.392821,5.9286723
23.0,122.0,2006-12-01,2007-02-21,82,25,18.794441,19.799519,17.90841,79.00513,5.557695,7.5561805,82.93566,74.30871,6.8259315,4.1307197
23.0,120.0,2006-12-01,2007-02-21,82,25,19.290884,20.431515,18.439796,78.13344,5.8878255,2.583335,83.26039,71.88439,7.035777,4.666866
22.0,121.0,2006-12-01,2007-02-21,82,25,21.06123,22.16421,20.199625,76.96177,5.749797,4.0573344,81.92177,71.1522,6.8510633,4.546987
22.0,120.0,2006-12-01,2007-02-21,82,25,21.092026,22.21568,20.266373,77.32403,5.6502876,5.302757,82.77882,71.46726,6.7969604,4.578394
24.0,120.0,2006-12-01,2007-02-21,82,25,17.787683,18.727867,16.813078,78.47528,7.984192,1.952536,83.25733,72.7556,9.561847,5.9354944
24.0,122.0,2006-12-01,2007-02-21,82,25,17.956772,18.905304,17.093708,78.323944,5.7648497,9.388454,82.687546,73.43945,7.144771,4.2209277
22.0,122.0,2006-12-01,2007-02-21,82,25,22.066078,22.559961,21.443785,75.54771,8.435831,4.8324866,79.320984,72.01586,10.053177,6.6253395
24.0,122.0,2006-12-01,2007-02-22,83,25,18.340576,19.336796,17.459152,76.438995,4.8092165,6.270381,80.78435,71.20854,6.0662246,3.1814945
22.0,120.0,2006-12-01,2007-02-22,83,25,21.373608,22.532764,20.542568,76.67244,5.6652436,4.139943,82.036446,69.50093,6.814381,4.6163063
24.0,121.0,2006-12-01,2007-02-22,83,25,16.504053,18.237066,15.449357,80.67647,3.498028,4.6233397,86.16932,72.269226,4.412332,2.4232094
23.0,121.0,2006-12-01,2007-02-22,83,25,17.973991,20.036583,16.775543,79.5163,2.660578,5.056079,85.77212,69.203094,3.390464,1.9062518
24.0,120.0,2006-12-01,2007-02-22,83,25,18.077105,19.01283,17.351427,79.106125,6.368982,3.0879464,83.86792,73.6406,7.71631,4.7664285
25.0,120.0,2006-12-01,2007-02-22,83,25,14.721066,16.456268,13.629156,80.75,5.172111,3.2647443,87.41393,72.457115,6.2769213,3.9478345
22.0,122.0,2006-12-01,2007-02-22,83,25,22.225466,22.702011,21.654757,74.6828,7.706177,4.7716527,78.295784,71.700165,9.445543,6.1262746
22.0,121.0,2006-12-01,2007-02-22,83,25,21.236732,22.36361,20.388058,76.44116,5.4291997,4.0270267,81.90844,69.52172,6.607097,4.373628
23.0,122.0,2006-12-01,2007-02-22,83,25,18.961586,19.974735,18.128439,77.478546,4.850468,5.792168,81.73201,71.872284,6.163557,3.525042
25.0,122.0,2006-12-01,2007-02-22,83,25,19.131433,19.799515,18.429039,73.98125,6.140769,4.7360206,77.96977,70.07468,7.961391,4.448986
23.0,120.0,2006-12-01,2007-02-22,83,25,19.551462,20.758198,18.776041,77.90047,5.012406,3.5097547,83.17671,70.62256,6.013232,4.014173
25.0,121.0,2006-12-01,2007-02-22,83,25,17.31481,18.328524,16.468937,77.97425,5.496778,3.1066163,83.21855,71.79219,6.8273387,4.20901
25.0,121.0,2006-12-01,2007-02-23,84,25,17.420391,18.55755,16.331314,78.7799,5.0961037,2.9197798,83.28676,73.31029,6.9032335,3.4544528
23.0,120.0,2006-12-01,2007-02-23,84,25,19.87159,21.297138,18.968596,78.75726,4.739287,2.6915095,83.91015,71.06481,5.876836,3.6631567
24.0,121.0,2006-12-01,2007-02-23,84,25,16.922295,18.936848,15.629542,81.30388,3.51435,4.0400805,86.18069,72.39421,4.9180093,2.031973
23.0,121.0,2006-12-01,2007-02-23,84,25,18.36746,20.707119,16.99481,80.53761,2.407176,4.2997837,87.085915,69.261986,3.2742796,1.545329
22.0,120.0,2006-12-01,2007-02-23,84,25,21.61297,22.977245,20.65501,77.51898,4.9662695,3.5661438,82.875824,70.16972,5.9324064,3.809169
25.0,120.0,2006-12-01,2007-02-23,84,25,15.139705,17.093134,13.7464075,81.35595,4.7777214,2.2218423,86.840645,72.67052,6.247561,3.1618192
24.0,120.0,2006-12-01,2007-02-23,84,25,18.422583,19.548294,17.545553,79.56752,6.1025877,2.4409602,83.69504,73.89495,7.6695423,4.360305
22.0,122.0,2006-12-01,2007-02-23,84,25,22.486946,22.92002,21.944893,75.83181,6.7908764,4.413617,79.32563,73.05022,8.55672,5.116521
25.0,122.0,2006-12-01,2007-02-23,84,25,19.154675,19.815704,18.318306,75.48958,5.7544036,4.311075,78.57791,72.71964,7.704187,3.9803448
23.0,122.0,2006-12-01,2007-02-23,84,25,19.340288,20.538242,18.401148,78.477005,4.4114017,5.249187,82.91529,72.803474,5.960019,2.815047
22.0,121.0,2006-12-01,2007-02-23,84,25,21.513123,22.775206,20.636059,77.56966,4.683021,3.4608579,82.70197,70.464096,5.8122687,3.5845594
24.0,122.0,2006-12-01,2007-02-23,84,25,18.676006,19.89021,17.65943,77.78365,4.573478,5.437784,81.87202,72.51319,5.984295,3.0122125
23.0,121.0,2006-12-01,2007-02-24,85,25,18.305449,20.613253,16.881124,81.21808,2.6826422,5.281621,86.44105,70.80958,3.5947356,1.7314006
24.0,121.0,2006-12-01,2007-02-24,85,25,16.79084,18.697786,15.411398,81.36055,4.412652,4.7219276,86.38544,73.179924,5.6309676,2.904441
23.0,120.0,2006-12-01,2007-02-24,85,25,19.830233,21.219404,18.813044,79.13571,5.263475,2.458443,83.397606,72.320076,6.5231504,3.9487882
25.0,121.0,2006-12-01,2007-02-24,85,25,17.196411,18.216637,16.242062,77.75463,6.278418,2.5499945,82.19565,73.133995,7.7481275,4.4928045
22.0,122.0,2006-12-01,2007-02-24,85,25,22.427431,22.993145,21.775303,75.85778,7.0732684,4.1722765,79.40179,73.26367,8.888405,5.2335987
24.0,120.0,2006-12-01,2007-02-24,85,25,18.312132,19.378258,17.335608,79.313896,7.001871,1.9106518,83.45399,74.54131,8.66982,5.096002
23.0,122.0,2006-12-01,2007-02-24,85,25,19.22076,20.406612,18.200943,79.10713,4.903444,6.5093384,83.20004,74.06605,6.2424083,3.5300586
25.0,122.0,2006-12-01,2007-02-24,85,25,18.858156,19.571135,18.082766,74.63279,6.7749496,4.4771714,77.74394,71.43393,8.55445,4.877268
25.0,120.0,2006-12-01,2007-02-24,85,25,14.904001,16.680595,13.538082,80.24289,5.8580694,1.5902704,86.36984,72.44941,7.2408614,4.341849
22.0,120.0,2006-12-01,2007-02-24,85,25,21.57522,22.940332,20.581446,77.88446,4.8625417,3.3175178,82.20082,71.253426,6.0940056,3.5694158
24.0,122.0,2006-12-01,2007-02-24,85,25,18.471254,19.558586,17.47817,77.9243,5.142109,6.6591783,81.459656,73.845665,6.586818,3.5554676
22.0,121.0,2006-12-01,2007-02-24,85,25,21.511118,22.82044,20.55188,77.67939,4.8334904,2.940011,82.05916,71.114975,6.0495853,3.4237528
24.0,122.0,2006-12-01,2007-02-25,86,25,18.359262,19.473726,17.397774,77.385315,4.7432275,6.0663304,81.59213,72.31934,6.035753,3.3921583
22.0,121.0,2006-12-01,2007-02-25,86,25,21.352495,22.571924,20.4444,77.22879,4.949571,2.0557077,82.80773,70.48137,6.0206947,4.0531745
25.0,120.0,2006-12-01,2007-02-25,86,25,14.71386,16.383339,13.607516,80.689926,5.2813334,1.2140487,86.376686,72.729645,6.5597267,3.8474226
22.0,122.0,2006-12-01,2007-02-25,86,25,22.28761,22.76232,21.732319,75.20371,7.2919044,2.540023,79.04068,72.29341,8.8138895,5.91654
23.0,121.0,2006-12-01,2007-02-25,86,25,18.11944,20.280392,16.751154,80.707756,2.511403,4.0201235,87.09798,70.25076,3.2201169,1.8186833
23.0,122.0,2006-12-01,2007-02-25,86,25,19.053534,20.171057,18.139362,78.35751,4.761778,4.5026073,82.82171,73.05527,6.008177,3.6054223
22.0,120.0,2006-12-01,2007-02-25,86,25,21.427074,22.679771,20.528648,77.40993,5.0941906,2.073709,82.65621,70.64766,5.984453,4.3575983
24.0,120.0,2006-12-01,2007-02-25,86,25,18.050209,19.057001,17.268482,80.065704,6.517535,1.1124091,84.07314,74.52408,8.015384,5.078645
25.0,121.0,2006-12-01,2007-02-25,86,25,17.161537,18.222404,16.158913,78.739456,5.598598,1.9961994,83.43548,73.38329,7.0423284,4.1137767
24.0,121.0,2006-12-01,2007-02-25,86,25,16.591488,18.353775,15.42651,81.65169,3.7982094,3.7793396,86.61006,73.35342,4.935756,2.7207577
25.0,122.0,2006-12-01,2007-02-25,86,25,18.909733,19.687609,18.121725,74.73818,6.2509875,4.2694545,78.41992,71.378746,7.9608555,4.5222206
23.0,120.0,2006-12-01,2007-02-25,86,25,19.581594,20.937794,18.700861,79.085526,5.0009885,1.3419003,84.1981,71.355095,5.9968147,4.023511
22.0,121.0,2006-12-01,2007-02-26,87,25,21.630226,22.827662,20.674097,77.497215,5.104624,2.7300634,82.35046,71.071106,6.2746015,3.9838355
24.0,122.0,2006-12-01,2007-02-26,87,25,18.792841,19.910559,17.717892,78.00665,5.2178273,5.192538,82.39098,73.13938,6.3840075,3.7400599
23.0,120.0,2006-12-01,2007-02-26,87,25,20.108027,21.393871,19.063082,78.82935,4.868402,1.9997793,84.14546,71.30576,5.9681587,3.694979
24.0,121.0,2006-12-01,2007-02-26,87,25,17.047386,19.009605,15.825343,81.47086,3.721552,3.9974608,86.655975,72.37077,4.723701,2.6379685
23.0,122.0,2006-12-01,2007-02-26,87,25,19.387207,20.556168,18.372301,78.589615,5.031109,5.2062645,82.95823,72.774315,6.1851935,3.9295723
25.0,122.0,2006-12-01,2007-02-26,87,25,19.380547,19.99417,18.618898,75.65476,6.422802,4.0719237,79.660194,72.452415,7.637737,5.084867
23.0,121.0,2006-12-01,2007-02-26,87,25,18.478745,20.6779,17.099812,80.80655,2.7567294,4.088097,86.776634,70.125984,3.6102118,1.7482835
25.0,120.0,2006-12-01,2007-02-26,87,25,15.457758,17.375221,14.084708,81.680016,4.8664274,3.0048022,87.518524,72.79223,6.0605226,3.5943387
25.0,121.0,2006-12-01,2007-02-26,87,25,17.654408,18.761106,16.731276,78.908295,5.332915,2.8885303,83.65097,73.17785,6.414924,4.1566663
22.0,122.0,2006-12-01,2007-02-26,87,25,22.539545,23.01287,21.905113,75.55618,7.429395,3.847619,79.14877,72.407234,9.103219,5.960391
24.0,120.0,2006-12-01,2007-02-26,87,25,18.671982,19.734983,17.799347,79.51122,6.1461577,1.922341,84.330925,73.585175,7.5007186,4.824203
22.0,120.0,2006-12-01,2007-02-26,87,25,21.759178,22.95352,20.810366,77.6162,5.214357,3.363305,82.5293,71.03816,6.422407,3.9745767
22.0,121.0,2006-12-01,2007-02-27,88,25,21.682236,22.928154,20.67662,77.833534,5.336093,2.3098893,83.07826,71.38182,6.474147,4.192781
24.0,122.0,2006-12-01,2007-02-27,88,25,18.81425,20.237455,17.593702,77.37858,5.611147,4.5904675,82.3872,71.18311,6.839992,4.2697196
24.0,120.0,2006-12-01,2007-02-27,88,25,18.959377,20.344181,17.839659,78.7707,6.721083,1.8256826,83.96542,72.36034,8.306365,4.681257
22.0,122.0,2006-12-01,2007-02-27,88,25,22.546682,23.01472,21.880362,76.372604,7.9410334,2.8134265,80.13552,72.40341,9.603876,6.405114
23.0,121.0,2006-12-01,2007-02-27,88,25,18.571413,20.93089,17.016735,80.28621,2.8982074,3.2901134,86.52747,69.90882,3.8222551,2.0860033
23.0,122.0,2006-12-01,2007-02-27,88,25,19.435144,20.76456,18.353292,78.58252,5.292848,3.7933495,83.00063,72.55328,6.6977882,3.767026
25.0,122.0,2006-12-01,2007-02-27,88,25,19.42342,20.290255,18.285137,74.82028,7.0952454,3.8586597,78.766525,71.199524,8.650739,5.664949
23.0,120.0,2006-12-01,2007-02-27,88,25,20.281134,21.723267,19.19925,78.57545,5.1345325,1.572583,84.12123,71.36607,6.274044,3.8251245
25.0,120.0,2006-12-01,2007-02-27,88,25,15.800216,17.926098,14.148454,80.008675,5.6525927,1.9610885,86.1799,71.334045,7.160014,4.0972886
25.0,121.0,2006-12-01,2007-02-27,88,25,17.882042,19.33567,16.604063,77.6711,6.0267963,2.8080437,82.57596,72.04568,7.4841566,4.4667377
22.0,120.0,2006-12-01,2007-02-27,88,25,21.861845,23.107256,20.866728,77.35771,5.396238,1.9644312,82.55328,71.08872,6.4218626,4.2626452
24.0,121.0,2006-12-01,2007-02-27,88,25,17.254858,19.500053,15.737726,80.47928,4.2846155,3.533949,86.47587,71.08694,5.5339727,2.7260787
23.0,120.0,2006-12-01,2007-02-28,89,25,19.917173,21.272411,19.119898,78.074005,4.8570795,1.1678729,83.54368,69.799286,5.9839435,3.6874971
22.0,122.0,2006-12-01,2007-02-28,89,25,22.238813,22.706524,21.706734,74.657745,7.8556895,1.6381494,78.16221,71.37657,9.299915,6.3389983
22.0,120.0,2006-12-01,2007-02-28,89,25,21.54451,22.800518,20.666924,76.849236,5.3819647,2.644627,81.71208,69.7627,6.467218,4.2395835
25.0,120.0,2006-12-01,2007-02-28,89,25,15.500719,17.211958,14.353063,79.93142,5.55893,0.93289673,86.039795,71.810974,6.8959045,4.089661
23.0,121.0,2006-12-01,2007-02-28,89,25,18.18963,20.394062,16.877178,79.49616,2.6333792,2.9928248,85.42556,68.948875,3.4193976,1.915662
23.0,122.0,2006-12-01,2007-02-28,89,25,19.059006,20.174376,18.194538,77.34824,5.147685,3.1914904,81.39617,71.912186,6.3234158,4.0377555
24.0,121.0,2006-12-01,2007-02-28,89,25,16.987894,18.800762,15.88568,80.02754,3.9971967,2.7004638,85.0993,71.79572,5.1548705,2.7266915
25.0,122.0,2006-12-01,2007-02-28,89,25,19.154408,19.83683,18.376688,74.25617,6.608453,3.043783,77.9472,71.20122,8.473224,4.8091655
24.0,122.0,2006-12-01,2007-02-28,89,25,18.411777,19.498083,17.49279,76.895134,4.864443,4.52022,81.089066,71.57206,6.3099504,3.2828257
22.0,121.0,2006-12-01,2007-02-28,89,25,21.368725,22.581724,20.47234,76.49736,5.4046803,1.4416153,81.18687,69.66697,6.3953943,4.3399982
24.0,120.0,2006-12-01,2007-02-28,89,25,18.710163,19.721989,17.963028,78.642494,6.4204044,0.8810773,83.62615,72.73141,7.9018693,4.7813582
25.0,121.0,2006-12-01,2007-02-28,89,25,17.747818,18.707584,16.836763,77.14673,5.85218,1.2371576,82.12047,72.22398,7.420375,4.1692686
24.0,120.0,2006-12-01,2007-03-01,90,25,19.40334,20.583277,18.475723,78.49361,5.6306224,2.6660318,84.07105,71.4715,7.278369,4.062149
22.0,120.0,2006-12-01,2007-03-01,90,25,22.015823,23.227924,21.061752,75.261765,5.4722915,3.786332,80.32839,68.701324,6.4889135,4.455754
22.0,121.0,2006-12-01,2007-03-01,90,25,21.77136,22.989195,20.767998,75.38975,5.320356,2.4838386,80.40009,68.477196,6.432358,4.238022
25.0,120.0,2006-12-01,2007-03-01,90,25,16.026339,17.895668,14.677408,80.9971,4.9441285,3.6163492,87.57375,72.268105,6.3545265,3.3584845
22.0,122.0,2006-12-01,2007-03-01,90,25,22.670357,23.197178,21.986046,74.00497,7.5328693,2.6440625,77.92828,70.91887,9.2091465,5.911151
24.0,122.0,2006-12-01,2007-03-01,90,25,19.093296,20.232119,17.955265,76.43718,5.1524825,4.127517,80.64595,71.00087,6.55047,3.5050411
23.0,122.0,2006-12-01,2007-03-01,90,25,19.567598,20.737986,18.532154,77.1868,5.029156,3.5312035,81.73413,70.96646,6.3111653,3.7471728
23.0,120.0,2006-12-01,2007-03-01,90,25,20.508615,21.911366,19.50861,77.5283,4.501344,2.4594276,83.29572,69.295784,5.7372255,3.2321765
24.0,121.0,2006-12-01,2007-03-01,90,25,17.570406,19.589836,16.32147,79.84221,3.5749543,3.5724022,85.814865,70.19798,4.8781495,2.3746226
23.0,121.0,2006-12-01,2007-03-01,90,25,18.669256,20.926058,17.252316,78.88984,2.7514014,3.3703759,84.9865,67.943,3.663198,1.9494793
25.0,122.0,2006-12-01,2007-03-01,90,25,19.928583,20.628868,18.99153,74.275314,6.2330456,3.5296752,77.91981,70.81534,7.9221582,4.5989223
25.0,121.0,2006-12-01,2007-03-01,90,25,18.423765,19.581236,17.37877,77.45296,5.1403365,2.9773095,83.356445,71.23594,6.717032,3.5347912
24.0,121.0,2006-12-01,2007-03-02,91,25,17.816412,19.630085,16.610939,80.62814,2.9087052,6.6434484,86.4982,72.1294,4.0713573,1.6580515
25.0,121.0,2006-12-01,2007-03-02,91,25,18.711067,19.740576,17.807886,78.60759,4.169905,5.001147,84.53111,72.7672,5.6374116,2.5632284
24.0,120.0,2006-12-01,2007-03-02,91,25,19.73863,20.807524,18.769289,79.08839,4.6131577,6.1664524,84.63435,72.33201,6.184718,2.9766533
22.0,121.0,2006-12-01,2007-03-02,91,25,22.068665,23.278702,21.18473,76.81328,5.4671283,3.5379755,82.569466,70.24724,6.512367,4.3386517
23.0,120.0,2006-12-01,2007-03-02,91,25,20.955444,22.301582,19.974869,77.97594,4.113264,5.087047,84.00131,69.82446,5.2195916,3.0944033
23.0,122.0,2006-12-01,2007-03-02,91,25,19.820383,20.934332,18.956291,77.74284,5.102513,5.247266,82.10987,72.46627,6.23308,3.9853086
25.0,122.0,2006-12-01,2007-03-02,91,25,20.293432,20.858774,19.658985,74.53187,5.795791,5.851979,78.83335,71.07688,7.3066325,4.410112
23.0,121.0,2006-12-01,2007-03-02,91,25,19.026237,21.179243,17.71568,79.5977,2.769168,5.563125,86.109245,69.37556,3.6578455,1.9563636
22.0,122.0,2006-12-01,2007-03-02,91,25,22.862883,23.295761,22.345835,75.20697,7.742124,3.2184565,79.20807,71.8966,9.067731,6.328619
25.0,120.0,2006-12-01,2007-03-02,91,25,16.331287,18.019028,14.976837,82.09402,3.9817853,4.46815,88.29017,73.842155,5.4391823,2.51681
22.0,120.0,2006-12-01,2007-03-02,91,25,22.363935,23.63,21.461319,76.616974,5.4351335,3.6789668,82.65321,69.67743,6.5930657,4.2602935
24.0,122.0,2006-12-01,2007-03-02,91,25,19.416756,20.441826,18.576168,76.38165,4.868601,7.494581,80.56936,71.22585,6.092847,3.75006
24.0,122.0,2006-12-01,2007-03-03,92,25,19.671415,21.018639,18.506823,78.609665,4.9991245,4.70228,82.95972,73.26623,6.184499,3.599626
24.0,120.0,2006-12-01,2007-03-03,92,25,20.061953,21.311317,18.923775,81.05668,5.0960913,1.624588,85.53895,75.04581,6.637182,3.257814
25.0,120.0,2006-12-01,2007-03-03,92,25,16.960903,18.909622,15.449845,83.62998,4.406236,2.6142774,89.11098,75.50862,5.7859135,2.7925804
22.0,122.0,2006-12-01,2007-03-03,92,25,23.151396,23.732056,22.410679,76.393,7.234608,1.956311,80.00574,73.1743,8.686614,5.5233574
22.0,120.0,2006-12-01,2007-03-03,92,25,22.648523,24.025644,21.580585,78.40917,4.860242,1.560802,83.49996,71.32114,6.0219884,3.7354615
25.0,121.0,2006-12-01,2007-03-03,92,25,18.89265,20.206972,17.84423,80.99537,4.866193,2.541333,85.565765,75.7323,6.0329466,3.4252083
23.0,120.0,2006-12-01,2007-03-03,92,25,21.277681,22.83561,20.081291,79.792015,4.10235,1.0517713,85.347595,71.370155,5.229006,2.79398
24.0,121.0,2006-12-01,2007-03-03,92,25,18.218922,20.354141,16.719519,82.30171,3.3419442,3.8487036,87.79878,73.70088,4.538115,1.988798
22.0,121.0,2006-12-01,2007-03-03,92,25,22.426357,23.794102,21.31543,77.80253,4.9079375,1.2318256,82.9443,70.60243,6.016381,3.8399658
25.0,122.0,2006-12-01,2007-03-03,92,25,20.32821,21.10624,19.50737,77.463165,6.2252417,3.3820934,81.12731,74.01167,7.520665,4.8335385
23.0,121.0,2006-12-01,2007-03-03,92,25,19.428246,21.909737,17.785875,81.06076,2.5939493,3.2890112,87.622444,69.81789,3.518826,1.7330662
23.0,122.0,2006-12-01,2007-03-03,92,25,20.153187,21.615538,18.969152,79.39763,4.8394976,4.012583,84.019714,73.038605,6.089778,3.3063297
25.0,122.0,2006-12-01,2007-03-04,93,25,20.259727,20.956602,19.572523,77.44037,6.087472,4.8063293,80.55587,74.64098,7.5563993,4.6471357
23.0,122.0,2006-12-01,2007-03-04,93,25,19.868301,21.04393,19.023878,79.455154,4.6454797,4.722715,83.89766,73.97122,5.7011237,3.5072753
22.0,120.0,2006-12-01,2007-03-04,93,25,22.49204,23.723482,21.705141,78.01973,4.9015083,2.6646204,83.00247,71.35221,5.9351587,4.012215
23.0,121.0,2006-12-01,2007-03-04,93,25,19.223188,21.46751,17.885157,81.41103,2.536846,4.8084655,87.8059,70.79384,3.4948733,1.6971917
23.0,120.0,2006-12-01,2007-03-04,93,25,21.125378,22.552528,20.25543,80.13823,4.3124175,4.340935,85.12335,72.5148,5.5909843,2.9098878
25.0,120.0,2006-12-01,2007-03-04,93,25,16.901579,18.622261,15.707525,83.151794,4.874181,4.9653234,88.47098,74.971054,6.306643,3.4076025
24.0,121.0,2006-12-01,2007-03-04,93,25,18.15883,20.142384,16.966661,81.9421,3.4412835,5.0550466,87.04746,72.77925,4.616354,2.2517998
25.0,121.0,2006-12-01,2007-03-04,93,25,18.999954,20.15776,18.104984,80.16753,5.060808,4.1489825,84.18324,74.3921,6.637931,3.4880602
24.0,120.0,2006-12-01,2007-03-04,93,25,20.053988,21.233662,19.214777,80.689476,5.465929,4.587518,84.92499,74.38375,7.278877,3.5812302
24.0,122.0,2006-12-01,2007-03-04,93,25,19.434088,20.516949,18.606579,79.01907,4.835856,5.710564,83.50415,73.97878,6.1631565,3.4308097
22.0,122.0,2006-12-01,2007-03-04,93,25,22.834051,23.279068,22.277481,76.49926,7.0351257,2.5703216,80.545876,73.82891,8.348471,5.7024217
22.0,121.0,2006-12-01,2007-03-04,93,25,22.1892,23.382935,21.381695,78.15833,4.924856,2.656073,83.1262,71.81948,5.954221,4.051135
23.0,121.0,2006-12-01,2007-03-05,94,25,19.561794,21.955523,17.958195,81.64746,2.3750646,4.449735,88.49602,69.7916,3.2297273,1.638071
25.0,122.0,2006-12-01,2007-03-05,94,25,20.572699,21.403267,19.62841,78.50569,6.1695843,6.5267653,82.34388,74.65205,7.8948436,4.239851
23.0,122.0,2006-12-01,2007-03-05,94,25,20.406727,21.734234,19.368893,80.22782,4.379919,4.587368,85.075,73.55711,5.7668,3.1438448
22.0,120.0,2006-12-01,2007-03-05,94,25,22.660194,24.017569,21.543013,78.32199,4.5816975,2.7322052,83.48006,70.630424,5.9188867,3.394796
25.0,121.0,2006-12-01,2007-03-05,94,25,18.96795,20.276688,17.805422,81.70535,5.190073,5.076566,86.19464,75.91851,6.5745606,3.5491366
24.0,121.0,2006-12-01,2007-03-05,94,25,18.326723,20.406208,16.85385,82.97179,3.229914,5.363434,88.74805,73.20303,4.5132937,1.781391
24.0,120.0,2006-12-01,2007-03-05,94,25,19.967052,21.175953,18.84544,81.96824,5.2815924,3.697796,86.708435,75.6965,7.1417537,3.2564797
24.0,122.0,2006-12-01,2007-03-05,94,25,19.949701,21.2223,18.8738,79.58465,4.772737,6.8212647,84.16552,73.60957,6.3270655,3.0564902
22.0,121.0,2006-12-01,2007-03-05,94,25,22.45368,23.787603,21.369745,78.67339,4.548272,3.06851,83.92128,71.11189,5.838676,3.3692727
22.0,122.0,2006-12-01,2007-03-05,94,25,23.299065,23.809921,22.676094,77.53061,6.7616014,3.2046528,80.985855,74.02652,8.404559,5.211933
25.0,120.0,2006-12-01,2007-03-05,94,25,16.636436,18.332104,15.271354,84.623924,4.7086167,4.163189,90.026726,77.10614,6.193434,2.8136497
23.0,120.0,2006-12-01,2007-03-05,94,25,21.207321,22.679737,20.023293,80.60376,4.0498667,2.7795076,86.310196,72.28117,5.436705,2.6765149
22.0,122.0,2006-12-01,2007-03-06,95,25,23.256655,23.844526,22.547031,77.469505,7.217144,1.6175079,81.80974,73.85334,8.971928,5.4923296
22.0,121.0,2006-12-01,2007-03-06,95,25,22.404173,23.790058,21.329746,78.763596,5.006804,1.6144593,84.290115,71.45915,6.2632837,3.8187804
24.0,122.0,2006-12-01,2007-03-06,95,25,19.763477,21.132383,18.661871,78.47836,5.228666,5.030897,83.12754,73.00367,6.4186964,3.9045584
24.0,120.0,2006-12-01,2007-03-06,95,25,19.87647,20.978428,18.907614,80.88042,5.857232,2.5623345,85.6703,74.95922,7.2535048,4.321911
24.0,121.0,2006-12-01,2007-03-06,95,25,18.229351,20.315695,16.846193,81.644516,3.806594,3.7573998,87.15647,72.65521,4.7883315,2.699176
23.0,120.0,2006-12-01,2007-03-06,95,25,21.1117,22.511969,20.051632,80.423454,4.6774592,2.3188062,85.786476,72.60525,5.7231517,3.5555549
25.0,121.0,2006-12-01,2007-03-06,95,25,18.79318,19.89423,17.912325,80.00495,5.539269,2.9679139,84.663605,74.73876,6.8946033,4.1887345
25.0,120.0,2006-12-01,2007-03-06,95,25,16.795712,18.679298,15.327648,82.84832,4.7280197,2.5748456,88.51277,74.81315,5.9379516,3.3067663
22.0,120.0,2006-12-01,2007-03-06,95,25,22.544537,23.9546,21.460293,78.629395,4.9289174,1.6346021,84.21436,71.32191,6.1937757,3.6673086
23.0,122.0,2006-12-01,2007-03-06,95,25,20.311462,21.768583,19.160597,79.69382,4.8673744,3.5227196,84.50662,73.39728,6.167442,3.423318
25.0,122.0,2006-12-01,2007-03-06,95,25,20.309578,21.032402,19.604006,77.047874,6.9371667,4.2380505,81.04071,73.59046,8.416525,5.6400185
23.0,121.0,2006-12-01,2007-03-06,95,25,19.459593,21.962074,17.911032,81.24084,2.7374816,3.5196693,87.33542,69.973114,3.5492954,1.9470478
24.0,120.0,2006-12-01,2007-03-07,96,25,20.068768,21.241158,19.070005,79.97651,5.5263085,2.8239558,84.35041,74.30935,7.1241884,3.7845783
24.0,122.0,2006-12-01,2007-03-07,96,25,19.700666,20.933256,18.672403,78.67434,4.7596908,3.8118005,82.98423,73.12039,6.1042967,3.2937472
22.0,121.0,2006-12-01,2007-03-07,96,25,22.378935,23.704014,21.37961,79.39803,4.655301,1.4027436,84.29227,72.52991,5.8481526,3.4633439
25.0,120.0,2006-12-01,2007-03-07,96,25,16.89334,18.919662,15.398024,82.05041,4.537975,4.84634,87.426895,74.08179,6.1669292,2.754407
25.0,121.0,2006-12-01,2007-03-07,96,25,18.889631,20.057281,17.817213,79.44054,4.85691,4.888159,84.19207,73.749886,6.536993,3.1688867
22.0,122.0,2006-12-01,2007-03-07,96,25,23.13393,23.558325,22.594643,78.38603,6.7277765,1.3667389,81.67779,75.410164,8.4087105,4.8751245
23.0,120.0,2006-12-01,2007-03-07,96,25,21.234463,22.695654,20.143547,79.869064,4.339236,1.6081241,84.884514,71.91088,5.5085835,3.1012363
25.0,122.0,2006-12-01,2007-03-07,96,25,20.24762,20.952759,19.410294,76.74966,6.0631022,4.8976135,80.68821,72.69963,7.849901,4.3846083
23.0,121.0,2006-12-01,2007-03-07,96,25,19.486221,21.860811,17.952223,81.52435,2.5250673,2.592018,87.94775,70.62797,3.384585,1.714673
22.0,120.0,2006-12-01,2007-03-07,96,25,22.592579,23.94519,21.587383,79.08059,4.722826,1.5794404,84.16323,71.9004,6.0213203,3.4046009
23.0,122.0,2006-12-01,2007-03-07,96,25,20.241043,21.532866,19.289127,80.28523,4.4791417,2.5563111,84.72977,74.316345,5.773355,3.0040534
24.0,121.0,2006-12-01,2007-03-07,96,25,18.326357,20.338652,16.9757,81.55272,3.53098,3.802041,86.81529,72.800804,4.7454185,2.24603
22.0,120.0,2006-12-01,2007-03-08,97,25,22.3788,23.621407,21.409618,78.73172,4.8626885,1.8361963,83.808685,72.06333,6.027933,3.6388488
23.0,122.0,2006-12-01,2007-03-08,97,25,19.753054,21.050844,18.668327,79.6445,5.080201,3.8729408,83.83207,74.11869,6.616232,3.44763
25.0,121.0,2006-12-01,2007-03-08,97,25,18.392925,19.373611,17.347052,78.20702,5.7650995,4.0917487,82.60131,72.87114,7.0267763,4.5035458
22.0,121.0,2006-12-01,2007-03-08,97,25,22.132559,23.387667,21.11601,78.61822,4.9999685,1.4058979,83.63847,72.15326,6.198764,3.9657557
25.0,122.0,2006-12-01,2007-03-08,97,25,19.581415,20.45203,18.69564,76.00411,7.1714845,4.2562404,79.82704,72.552246,8.446818,5.8920555
23.0,121.0,2006-12-01,2007-03-08,97,25,19.114412,21.33706,17.665573,81.06968,2.7240915,3.8277698,86.71637,71.16501,3.521882,1.9332032
24.0,121.0,2006-12-01,2007-03-08,97,25,17.892725,19.75584,16.576574,80.84224,4.1303577,5.191293,85.331795,73.07817,5.3580446,2.738555
23.0,120.0,2006-12-01,2007-03-08,97,25,20.926386,22.255312,19.922165,79.21389,4.6860895,1.9228672,84.491394,72.25536,5.871403,3.3205116
24.0,122.0,2006-12-01,2007-03-08,97,25,19.096254,20.315472,18.024157,78.449326,5.6106606,5.353954,82.178,73.912056,6.873553,4.1580634
24.0,120.0,2006-12-01,2007-03-08,97,25,19.698616,20.732481,18.728443,79.049446,6.178862,3.2955468,83.46836,73.88347,7.805422,4.2287807
22.0,122.0,2006-12-01,2007-03-08,97,25,22.770819,23.39019,22.034927,77.395294,7.3622856,1.4477044,81.38674,74.055,9.206552,5.6901207
25.0,120.0,2006-12-01,2007-03-08,97,25,16.548576,18.215929,15.175671,80.338455,5.306867,3.8341827,85.889275,72.608574,6.7143164,3.7275019
24.0,122.0,2006-12-01,2007-03-09,98,25,19.525555,20.780678,18.356901,78.32634,5.0800548,7.8351684,82.79634,72.917114,6.4138136,3.7203093
25.0,121.0,2006-12-01,2007-03-09,98,25,18.944008,20.17139,17.887472,78.73279,5.3311033,6.938261,84.401306,72.16899,6.6143565,3.8597136
24.0,120.0,2006-12-01,2007-03-09,98,25,20.098915,21.27371,19.095055,79.570984,6.0185146,5.96271,84.77158,73.043365,7.6147523,4.267185
22.0,122.0,2006-12-01,2007-03-09,98,25,22.887589,23.462265,22.154047,77.21787,7.6480947,4.0158954,80.141235,74.69625,9.111095,6.1865516
23.0,121.0,2006-12-01,2007-03-09,98,25,19.345493,21.595547,17.805387,80.93163,2.70401,6.852201,86.98326,70.42202,3.5585284,1.9077699
24.0,121.0,2006-12-01,2007-03-09,98,25,18.268913,20.214458,16.9201,81.10753,3.77022,7.5699754,86.94727,72.01612,5.097078,2.4019005
22.0,120.0,2006-12-01,2007-03-09,98,25,22.538408,23.821426,21.47002,78.5513,5.2045813,4.7861605,83.23044,71.87175,6.292141,4.0610237
23.0,122.0,2006-12-01,2007-03-09,98,25,19.980951,21.233852,18.856316,79.52195,5.1245437,6.441119,83.45601,73.73569,6.312308,3.7390423
25.0,120.0,2006-12-01,2007-03-09,98,25,16.840496,18.517303,15.557374,81.190605,5.070084,5.8876343,87.87531,73.0952,6.2823696,3.5351255
22.0,121.0,2006-12-01,2007-03-09,98,25,22.252548,23.48316,21.193472,78.39018,5.2057705,4.4275804,83.063416,71.80796,6.299101,4.106505
25.0,122.0,2006-12-01,2007-03-09,98,25,20.185091,21.068598,19.244024,76.1627,6.3135962,7.1955214,80.22745,72.42206,7.810708,4.47122
23.0,120.0,2006-12-01,2007-03-09,98,25,21.18179,22.564375,20.035343,79.36074,4.639162,5.238127,84.834465,71.73466,5.953313,3.3919232
23.0,120.0,2006-12-01,2007-03-10,99,25,21.434944,22.827534,20.42887,80.35948,4.260846,3.0228858,85.94644,72.19527,5.509537,3.1213775
24.0,121.0,2006-12-01,2007-03-10,99,25,18.565851,20.491455,17.225597,82.43806,3.206081,5.3895216,88.417755,73.94003,4.3955307,2.0037653
25.0,122.0,2006-12-01,2007-03-10,99,25,20.717491,21.32817,19.843098,78.16732,6.121632,4.9162,81.45423,75.214966,7.856847,4.2317653
23.0,121.0,2006-12-01,2007-03-10,99,25,19.66999,21.971655,18.203102,81.07768,2.3734214,4.046139,87.67027,69.88236,3.3760128,1.4810692
23.0,122.0,2006-12-01,2007-03-10,99,25,20.366583,21.65113,19.397608,80.212654,4.6266384,3.9500146,84.84989,74.18823,5.9904222,3.2988284
24.0,120.0,2006-12-01,2007-03-10,99,25,20.324736,21.350536,19.381378,81.73105,5.434481,4.3687105,86.96419,76.02067,7.084823,3.761041
25.0,120.0,2006-12-01,2007-03-10,99,25,17.02976,18.610939,15.735025,83.43276,5.013741,5.153625,89.435165,76.30057,6.4394274,3.2995956
25.0,121.0,2006-12-01,2007-03-10,99,25,19.323776,20.421835,18.314293,81.18582,5.001692,5.527157,86.27541,75.891594,6.602338,3.3670633
22.0,122.0,2006-12-01,2007-03-10,99,25,23.2622,23.65719,22.706596,78.04274,7.1205616,2.0930145,81.87674,75.13396,8.65228,5.728328
22.0,121.0,2006-12-01,2007-03-10,99,25,22.565746,23.830917,21.607319,78.67356,4.8886204,2.1918902,84.39102,71.38855,6.013164,3.8219345
24.0,122.0,2006-12-01,2007-03-10,99,25,19.975937,21.110289,18.915983,79.22343,4.850649,4.771853,83.19098,74.13711,6.4427547,3.1615982
22.0,120.0,2006-12-01,2007-03-10,99,25,22.810413,24.112364,21.835678,78.41124,4.978971,2.2999237,83.94196,71.03391,6.146143,3.7381854
25.0,120.0,2006-12-01,2007-03-11,100,25,17.425278,19.250923,16.045538,82.6657,4.899185,4.2770557,88.060715,74.65212,6.3131566,3.2592242
25.0,121.0,2006-12-01,2007-03-11,100,25,19.372284,20.533897,18.287037,80.54205,5.2303615,4.515399,85.364685,74.82923,6.6461535,3.724705
22.0,121.0,2006-12-01,2007-03-11,100,25,22.759632,24.106148,21.65606,80.28552,4.9054613,2.2256653,86.0062,73.297424,6.0330772,3.679515
24.0,122.0,2006-12-01,2007-03-11,100,25,20.011341,21.259634,18.823439,80.11973,5.4367566,4.9243336,83.99348,75.017296,6.685056,4.1164904
23.0,120.0,2006-12-01,2007-03-11,100,25,21.684143,23.165163,20.495825,80.741974,4.296674,2.8607342,86.60038,72.49722,5.596032,3.004133
23.0,121.0,2006-12-01,2007-03-11,100,25,19.878712,22.275196,18.251598,82.171814,2.692818,3.7008874,88.486176,71.70362,3.6043901,1.8792273
22.0,122.0,2006-12-01,2007-03-11,100,25,23.370966,23.914541,22.690758,79.8185,7.272104,2.670611,83.38201,77.02519,8.686434,5.7793384
24.0,121.0,2006-12-01,2007-03-11,100,25,18.711561,20.731035,17.308243,82.591125,3.5495222,4.913656,87.703224,74.318146,4.8295636,2.2423382
22.0,120.0,2006-12-01,2007-03-11,100,25,22.999413,24.390244,21.929024,79.96219,4.966208,2.0129578,85.71679,72.412224,6.172413,3.4940186
23.0,122.0,2006-12-01,2007-03-11,100,25,20.490503,21.886656,19.398537,81.49361,4.9539957,4.1433897,85.65734,75.832275,6.05246,3.7482092
25.0,122.0,2006-12-01,2007-03-11,100,25,20.656572,21.359653,19.743275,78.22884,6.848637,4.5233326,81.91767,74.66095,8.366642,5.0780516
24.0,120.0,2006-12-01,2007-03-11,100,25,20.510908,21.631968,19.466251,81.2106,5.4639754,4.0765557,85.89052,74.98005,7.230447,3.5564837
23.0,120.0,2006-12-01,2007-03-12,101,25,21.513147,22.964972,20.34379,80.859955,4.7563663,5.8710966,85.53983,73.61873,6.199989,3.3495922
24.0,122.0,2006-12-01,2007-03-12,101,25,19.740007,20.916832,18.686895,79.87114,5.3743825,7.177859,83.48071,74.86195,7.121876,3.3449368
25.0,121.0,2006-12-01,2007-03-12,101,25,19.12297,20.326317,17.93272,78.99753,5.697335,8.158087,83.18363,74.05954,7.3692126,3.7602408
25.0,122.0,2006-12-01,2007-03-12,101,25,20.298428,21.063818,19.290602,77.35542,6.7911696,6.3407655,80.47722,74.42325,8.558937,4.804201
22.0,122.0,2006-12-01,2007-03-12,101,25,23.16626,23.699379,22.53028,79.30963,7.3532214,3.3991742,82.57827,76.07597,9.225232,5.6054754
23.0,122.0,2006-12-01,2007-03-12,101,25,20.278114,21.513706,19.275656,81.181046,5.115523,5.8482094,85.328476,75.363976,6.585766,3.6247077
24.0,121.0,2006-12-01,2007-03-12,101,25,18.549982,20.498325,17.185616,81.69315,4.12886,9.014717,86.79596,73.624954,5.532987,2.6437879
23.0,121.0,2006-12-01,2007-03-12,101,25,19.673193,21.942865,18.145147,82.22161,2.895597,7.1232347,87.96304,71.91171,4.075282,1.7985588
22.0,120.0,2006-12-01,2007-03-12,101,25,22.837671,24.14753,21.797169,80.12206,4.9075184,4.88599,84.72287,73.542206,6.295983,3.5838227
22.0,121.0,2006-12-01,2007-03-12,101,25,22.561813,23.859692,21.526339,80.16288,5.03756,4.675724,84.716515,73.30022,6.3370695,3.7833676
25.0,120.0,2006-12-01,2007-03-12,101,25,17.329416,19.19386,15.857804,81.55921,5.2231407,7.677504,86.75928,74.38775,6.8204775,3.1258628
24.0,120.0,2006-12-01,2007-03-12,101,25,20.383312,21.60128,19.267427,80.40751,6.125383,7.769972,84.713844,75.20012,8.017159,4.1955695
24.0,122.0,2006-12-01,2007-03-13,102,25,19.294472,20.377077,18.224724,79.1037,5.0941277,4.442129,83.032234,74.64179,6.297832,3.7833536
25.0,122.0,2006-12-01,2007-03-13,102,25,19.981884,20.606182,19.207588,76.388176,6.721507,4.3963537,80.319534,72.92939,8.30963,4.9178743
22.0,121.0,2006-12-01,2007-03-13,102,25,22.27824,23.524717,21.274809,78.665955,5.3425994,1.9366431,83.06122,73.002396,6.3205132,4.289306
25.0,120.0,2006-12-01,2007-03-13,102,25,17.028252,18.641205,15.781506,80.68638,5.593076,4.354574,86.55213,73.302956,6.690997,4.393361
25.0,121.0,2006-12-01,2007-03-13,102,25,18.917845,19.854961,17.988228,78.291824,5.932161,4.769888,83.56831,72.78977,7.205146,4.377236
24.0,121.0,2006-12-01,2007-03-13,102,25,18.215843,19.995987,16.893135,81.20617,4.0850434,4.8205457,86.18596,73.818825,5.1228967,2.921912
23.0,120.0,2006-12-01,2007-03-13,102,25,21.224503,22.482738,20.235617,79.5593,4.756243,2.2805712,84.13708,73.29013,5.692569,3.7222242
22.0,120.0,2006-12-01,2007-03-13,102,25,22.52123,23.786108,21.552261,78.967415,5.3255076,2.1524334,83.30622,73.21651,6.2922716,4.294916
24.0,120.0,2006-12-01,2007-03-13,102,25,20.132069,21.090889,19.292423,79.58658,6.3606844,3.2556086,84.277374,74.23679,7.591867,4.870722
22.0,122.0,2006-12-01,2007-03-13,102,25,22.852724,23.362198,22.24892,77.83659,7.885851,1.5521154,80.99358,75.05022,9.440042,6.4050045
23.0,122.0,2006-12-01,2007-03-13,102,25,19.876764,21.027128,18.856054,80.19796,5.2083087,3.4667907,83.87656,75.36565,6.3685884,3.7555
23.0,121.0,2006-12-01,2007-03-13,102,25,19.301773,21.406025,17.829836,81.21158,2.7897809,3.849784,86.45791,72.43032,3.4739609,2.094213
22.0,122.0,2006-12-01,2007-03-14,103,25,22.785809,23.216568,22.228262,77.28792,7.534389,1.4671899,80.076805,74.70264,8.633565,6.2835345
25.0,122.0,2006-12-01,2007-03-14,103,25,20.397167,21.044527,19.731356,75.746735,6.4163446,3.5533729,78.83558,72.91958,7.7142425,5.0131006
24.0,120.0,2006-12-01,2007-03-14,103,25,20.269804,21.196001,19.486818,80.21194,5.6702075,2.1114154,84.11024,75.18749,7.1764817,3.867778
23.0,122.0,2006-12-01,2007-03-14,103,25,19.899792,21.049414,19.007652,79.60933,4.8948135,3.1838062,83.49179,73.92531,5.9294953,3.819326
24.0,122.0,2006-12-01,2007-03-14,103,25,19.471365,20.525723,18.573053,78.25008,4.9017854,3.9732983,81.97357,73.17237,5.942122,3.7479525
23.0,120.0,2006-12-01,2007-03-14,103,25,21.276543,22.53894,20.41835,79.26618,4.373067,1.6286273,83.677826,72.394516,5.513162,3.2519705
23.0,121.0,2006-12-01,2007-03-14,103,25,19.376932,21.52545,18.092525,80.553246,2.7329333,3.1361938,86.24142,70.46182,3.4221282,2.0676541
25.0,121.0,2006-12-01,2007-03-14,103,25,19.317116,20.28736,18.493673,78.67419,5.2742796,3.1954005,82.85648,74.10015,6.4961805,3.9725573
24.0,121.0,2006-12-01,2007-03-14,103,25,18.377266,20.139452,17.246168,81.45589,3.5688934,3.6113575,86.280334,73.440125,4.5925164,2.341353
22.0,121.0,2006-12-01,2007-03-14,103,25,22.263655,23.438887,21.432001,78.04043,5.3649235,1.4208057,82.05421,71.842,6.13482,4.5903606
25.0,120.0,2006-12-01,2007-03-14,103,25,17.1433,18.595419,16.071154,81.342865,5.1271143,2.3344073,86.51004,74.53684,6.5008764,3.3473442
22.0,120.0,2006-12-01,2007-03-14,103,25,22.581274,23.76954,21.743237,78.2269,5.3974977,1.6161151,82.67867,71.99314,6.384646,4.31571
24.0,121.0,2006-12-01,2007-03-15,104,25,18.762053,20.59026,17.450851,81.97212,3.6653166,7.036978,87.41898,74.37517,5.0338273,2.2330177
23.0,120.0,2006-12-01,2007-03-15,104,25,21.772245,23.218096,20.585869,79.31114,4.364085,2.6809058,84.55326,71.71745,5.7571645,2.8772717
25.0,121.0,2006-12-01,2007-03-15,104,25,19.586523,20.798433,18.550035,79.34407,5.381409,6.6951833,84.13107,73.81772,6.8387914,3.573309
23.0,121.0,2006-12-01,2007-03-15,104,25,19.802166,22.026783,18.346848,80.55807,2.9192877,4.478385,86.74926,70.60471,3.8523657,1.8464224
22.0,120.0,2006-12-01,2007-03-15,104,25,22.962519,24.247509,21.956837,78.034386,5.546563,1.926507,83.077255,71.15966,6.780182,4.3819785
24.0,122.0,2006-12-01,2007-03-15,104,25,19.884924,21.08482,18.702623,78.45639,5.419768,6.1483107,82.87628,73.516136,6.744673,3.9136157
25.0,120.0,2006-12-01,2007-03-15,104,25,17.588129,19.384289,16.098263,82.41301,4.8487935,6.4486027,88.02962,75.39991,6.3195457,3.137197
22.0,121.0,2006-12-01,2007-03-15,104,25,22.635443,23.921665,21.610693,78.27886,5.153098,2.0000556,83.44844,71.43967,6.3141084,3.980626
25.0,122.0,2006-12-01,2007-03-15,104,25,20.695412,21.509306,19.78195,76.104065,7.0760736,5.808955,80.220345,71.73518,8.468356,5.3297963
23.0,122.0,2006-12-01,2007-03-15,104,25,20.311615,21.534433,19.238035,79.6747,4.826602,4.543389,83.85968,74.111115,6.2491713,3.3215594
22.0,122.0,2006-12-01,2007-03-15,104,25,23.144075,23.686157,22.449444,77.55993,7.038905,2.0662763,80.91029,74.465485,8.866425,5.3487186
24.0,120.0,2006-12-01,2007-03-15,104,25,20.724642,21.905489,19.607471,80.742424,5.421483,5.247127,85.77419,75.13219,7.3918195,3.3513281
22.0,121.0,2006-12-01,2007-03-16,105,25,22.522655,23.650406,21.58083,79.41981,5.4516783,3.4778657,84.076324,73.73399,6.593971,4.4905453
25.0,120.0,2006-12-01,2007-03-16,105,25,17.553856,19.229252,16.158117,80.876205,5.420674,4.7623568,86.8296,73.00969,7.1294727,3.7655687
24.0,122.0,2006-12-01,2007-03-16,105,25,19.794153,20.988989,18.671488,77.87121,5.764193,5.4953785,82.403244,72.22528,7.111633,4.230585
22.0,120.0,2006-12-01,2007-03-16,105,25,22.809359,24.007002,21.890884,79.803314,5.286374,4.145899,84.59004,74.08269,6.638953,4.153308
25.0,121.0,2006-12-01,2007-03-16,105,25,19.469398,20.69253,18.413359,78.11585,5.684575,5.3955717,83.22946,72.26145,7.4294477,4.270855
23.0,121.0,2006-12-01,2007-03-16,105,25,19.653572,21.71705,18.194132,81.61913,3.0261843,5.528649,87.48106,72.327644,3.99444,2.1577032
24.0,121.0,2006-12-01,2007-03-16,105,25,18.670809,20.42683,17.375206,81.38671,4.270591,5.8844824,86.70233,73.37902,5.5931883,2.884929
23.0,120.0,2006-12-01,2007-03-16,105,25,21.597553,22.929932,20.540884,80.06715,5.0245714,4.0491548,85.15909,73.32625,6.0528483,3.8098986
22.0,122.0,2006-12-01,2007-03-16,105,25,23.122164,23.64773,22.485445,77.86325,7.8364434,2.0667353,81.23018,74.90628,9.241665,6.4857917
23.0,122.0,2006-12-01,2007-03-16,105,25,20.253468,21.455015,19.224852,79.85042,5.4142995,4.1269703,84.34024,74.15237,6.433158,4.21362
25.0,122.0,2006-12-01,2007-03-16,105,25,20.57882,21.37828,19.660093,74.9175,6.938882,5.014115,79.35709,70.646706,8.733829,5.243742
24.0,120.0,2006-12-01,2007-03-16,105,25,20.607954,21.734653,19.614655,79.88449,6.5144215,4.408347,84.45761,74.08687,8.149864,4.7947545
22.0,121.0,2006-12-01,2007-03-17,106,25,22.270912,23.431982,21.36858,77.48075,5.7377777,2.825254,81.798065,71.99247,6.5996037,4.9494557
25.0,120.0,2006-12-01,2007-03-17,106,25,17.19154,18.833122,15.905163,80.29606,5.82896,2.9271843,86.5619,72.51767,7.251559,3.7873702
24.0,122.0,2006-12-01,2007-03-17,106,25,19.343456,20.394867,18.430567,77.28872,5.5407534,5.8919654,80.87791,73.11355,6.717912,4.069112
22.0,120.0,2006-12-01,2007-03-17,106,25,22.550344,23.725883,21.597885,78.25915,5.332375,6.472713,82.38535,72.65699,6.301752,4.257562
23.0,121.0,2006-12-01,2007-03-17,106,25,19.358223,21.32579,18.04189,80.73308,2.956151,5.1799912,85.601364,72.37238,3.631025,2.3031952
23.0,120.0,2006-12-01,2007-03-17,106,25,21.27149,22.504566,20.311468,78.63695,5.1026564,2.8627887,83.23849,72.13448,6.3684406,3.6525474
25.0,121.0,2006-12-01,2007-03-17,106,25,19.271925,20.349297,18.341772,76.74936,6.1171246,3.7047706,81.69525,71.67886,7.524378,4.3836207
24.0,121.0,2006-12-01,2007-03-17,106,25,18.378233,19.999392,17.258526,80.84586,4.3336263,5.0365562,85.7875,74.05281,5.614305,2.6517258
25.0,122.0,2006-12-01,2007-03-17,106,25,20.2237,21.038725,19.45627,73.51687,7.2917724,4.562317,77.08897,70.08875,8.559205,5.843214
24.0,120.0,2006-12-01,2007-03-17,106,25,20.284985,21.288994,19.373337,78.75372,6.8048534,2.7203052,83.29007,73.70003,8.6582365,4.4249024
23.0,122.0,2006-12-01,2007-03-17,106,25,19.876047,21.008095,18.97255,78.76167,5.5622425,4.5223403,82.026955,74.35219,6.5378017,4.242594
22.0,122.0,2006-12-01,2007-03-17,106,25,22.788074,23.289257,22.213858,75.74506,8.388404,2.1563122,78.93491,73.03774,9.647195,7.144776
22.0,120.0,2006-12-01,2007-03-18,107,25,22.641363,23.78289,21.835552,76.29246,5.8151374,2.1082373,81.37213,69.87395,6.7280455,4.8901696
24.0,122.0,2006-12-01,2007-03-18,107,25,19.653563,20.642271,18.740059,76.13232,4.7909265,4.045493,80.215706,70.979904,5.804226,3.8251002
25.0,120.0,2006-12-01,2007-03-18,107,25,17.337828,19.074867,16.209816,81.56016,4.3705025,2.1722546,87.7455,73.59664,5.7201524,2.6702175
22.0,121.0,2006-12-01,2007-03-18,107,25,22.317059,23.43623,21.519888,76.28899,5.506068,1.6919775,81.16731,70.159676,6.3865924,4.6895638
24.0,121.0,2006-12-01,2007-03-18,107,25,18.437674,20.15027,17.370098,80.972244,2.7756686,3.067102,86.30378,73.12764,4.053129,1.520431
23.0,121.0,2006-12-01,2007-03-18,107,25,19.41477,21.449009,18.171999,79.43964,2.5154066,3.1861193,85.651726,69.79979,3.2381637,1.7832437
23.0,120.0,2006-12-01,2007-03-18,107,25,21.369278,22.658716,20.559643,77.55832,4.1005306,1.517724,83.2386,69.999344,5.291548,3.0436172
25.0,121.0,2006-12-01,2007-03-18,107,25,19.775911,20.865942,18.859083,77.81259,4.552538,1.8512812,83.457726,71.64906,6.3334675,2.7552018
23.0,122.0,2006-12-01,2007-03-18,107,25,19.951649,21.017681,19.125822,78.03163,4.6438723,3.3548803,82.0428,72.64526,5.654412,3.6310427
22.0,122.0,2006-12-01,2007-03-18,107,25,22.853287,23.27311,22.335537,75.11472,7.655256,1.8625745,78.49745,72.18292,8.782128,6.4532566
24.0,120.0,2006-12-01,2007-03-18,107,25,20.385227,21.369366,19.663326,79.09572,4.83643,1.4075562,84.043304,73.32721,6.708516,2.977847
25.0,122.0,2006-12-01,2007-03-18,107,25,20.97692,21.614408,20.168306,73.28441,6.2500525,2.8257031,77.518074,69.21485,7.8365746,4.850157
23.0,122.0,2006-12-01,2007-03-19,108,25,20.681005,21.853521,19.784054,79.29966,4.803621,4.6740627,84.861725,73.420044,5.9271183,3.7181165
22.0,122.0,2006-12-01,2007-03-19,108,25,23.386545,23.74917,22.857481,77.00159,7.1660423,2.835409,82.175156,72.913216,8.274526,6.1790023
25.0,122.0,2006-12-01,2007-03-19,108,25,21.513716,22.148985,20.696993,75.1424,5.9451966,6.037924,79.23647,71.22092,7.6994586,4.2604537
24.0,120.0,2006-12-01,2007-03-19,108,25,21.158031,22.2104,20.204304,79.101746,4.7734,5.197468,84.04858,73.08596,6.4516406,2.696685
23.0,121.0,2006-12-01,2007-03-19,108,25,20.157358,22.343008,18.79232,80.7197,2.8103726,4.759207,87.78047,70.61734,3.7811172,1.9844785
23.0,120.0,2006-12-01,2007-03-19,108,25,22.095274,23.50646,21.069214,78.34701,4.184747,4.075917,84.53169,70.76174,5.559163,2.6999373
22.0,120.0,2006-12-01,2007-03-19,108,25,23.185356,24.458311,22.237001,78.54899,5.505103,2.685841,84.665886,71.98613,6.6686335,4.4042125
25.0,121.0,2006-12-01,2007-03-19,108,25,20.282034,21.275826,19.267311,79.105736,4.2689667,5.984519,83.97343,73.53297,5.8356285,2.5863798
22.0,121.0,2006-12-01,2007-03-19,108,25,22.863642,24.083824,21.960918,78.2175,5.1613927,2.9199128,84.6529,71.27182,6.0785093,4.222152
25.0,120.0,2006-12-01,2007-03-19,108,25,18.142952,19.943274,16.733917,82.42143,3.7397406,6.344899,87.991005,74.509514,5.1974754,2.118638
24.0,121.0,2006-12-01,2007-03-19,108,25,19.22749,21.028706,18.072136,81.41934,2.971159,5.874928,87.142624,73.38675,4.133145,1.6865636
24.0,122.0,2006-12-01,2007-03-19,108,25,20.473814,21.57435,19.512548,77.17745,5.0722,5.92803,82.18185,71.8263,6.367734,3.7483687
22.0,120.0,2006-12-01,2007-03-20,109,25,23.352568,24.673882,22.369179,79.13803,5.0114393,2.0899384,84.424934,72.22924,6.2772937,3.6827273
25.0,122.0,2006-12-01,2007-03-20,109,25,21.605698,22.202656,20.887686,77.772995,6.552686,4.4132776,81.535,74.477036,8.082796,5.034666
23.0,120.0,2006-12-01,2007-03-20,109,25,22.28801,23.706718,21.30271,80.10895,4.1830473,2.271516,86.04527,72.02875,5.712718,2.638191
24.0,120.0,2006-12-01,2007-03-20,109,25,21.534853,22.64167,20.709927,80.20315,5.3438416,3.5365632,85.37959,73.918365,7.140277,3.2913425
25.0,120.0,2006-12-01,2007-03-20,109,25,18.852219,20.69254,17.610706,82.59203,4.6390038,4.4523993,88.73456,74.463684,6.172374,2.8048544
24.0,121.0,2006-12-01,2007-03-20,109,25,19.637516,21.601562,18.406824,82.04736,3.676547,4.7733474,87.78677,73.712135,4.991191,2.1649423
22.0,121.0,2006-12-01,2007-03-20,109,25,23.02685,24.288446,22.072989,79.87959,5.109712,1.8210778,84.96827,73.20232,6.185966,4.0934844
23.0,121.0,2006-12-01,2007-03-20,109,25,20.383547,22.697691,18.870792,82.0084,2.6674547,3.5157166,88.58692,71.54106,3.745285,1.6875621
22.0,122.0,2006-12-01,2007-03-20,109,25,23.510605,23.98979,22.923534,79.320404,7.503244,1.7252673,82.85316,76.575615,8.880548,6.082959
23.0,122.0,2006-12-01,2007-03-20,109,25,20.86818,22.13376,19.900587,81.2572,5.0370626,3.421422,85.62786,75.771965,6.162151,3.6438851
25.0,121.0,2006-12-01,2007-03-20,109,25,20.678251,21.875704,19.685778,79.89896,5.032747,4.7208595,85.08811,74.05647,6.5524926,3.5071845
24.0,122.0,2006-12-01,2007-03-20,109,25,20.577856,21.762817,19.63179,79.73808,5.21664,4.464824,83.95069,74.84753,6.5363927,3.605004
23.0,121.0,2006-12-01,2007-03-21,110,25,20.398746,22.800396,18.861193,81.733925,2.4529228,3.1333215,88.60835,70.451004,3.3450263,1.6295241
22.0,120.0,2006-12-01,2007-03-21,110,25,23.408628,24.78528,22.41476,79.36358,4.4805346,2.063075,84.76487,71.81276,5.7177978,3.3218544
24.0,120.0,2006-12-01,2007-03-21,110,25,21.539446,22.63041,20.709776,81.10824,5.7327614,3.4763384,85.46519,75.713844,7.1486835,4.0637774
23.0,120.0,2006-12-01,2007-03-21,110,25,22.321623,23.784822,21.329668,80.71726,4.1234694,2.3676348,86.19968,72.6873,5.340379,2.9019904
25.0,121.0,2006-12-01,2007-03-21,110,25,20.651657,21.780483,19.723043,80.211845,5.517921,4.9271474,84.561035,75.16853,6.8505144,4.178617
24.0,121.0,2006-12-01,2007-03-21,110,25,19.623573,21.630884,18.28399,82.04151,3.888847,4.241415,87.75352,73.60183,4.9114075,2.7043197
25.0,122.0,2006-12-01,2007-03-21,110,25,21.587244,22.086655,21.033873,78.19953,6.3888917,4.826434,82.0717,74.73602,7.739417,4.8948073
23.0,122.0,2006-12-01,2007-03-21,110,25,20.88159,22.220972,19.892218,81.38453,4.8762627,2.6059716,86.146866,75.01101,5.855199,3.8059876
22.0,121.0,2006-12-01,2007-03-21,110,25,23.114841,24.434141,22.110756,79.80667,4.795788,1.682821,84.92047,72.559875,5.82446,3.7678485
25.0,120.0,2006-12-01,2007-03-21,110,25,18.774935,20.491718,17.534016,82.429886,5.326555,4.066857,87.576904,75.216194,6.771376,3.707389
22.0,122.0,2006-12-01,2007-03-21,110,25,23.596767,24.065552,23.008266,79.66855,7.309433,1.1527405,83.14207,76.4604,8.517193,6.1496606
24.0,122.0,2006-12-01,2007-03-21,110,25,20.572117,21.814253,19.6241,79.83844,5.0070124,4.131853,84.73326,74.1082,6.340108,3.3502815
24.0,120.0,2006-12-01,2007-03-22,111,25,21.405672,22.682993,20.381105,81.07362,5.567293,3.0986512,86.22223,75.47409,7.026618,3.5517657
23.0,121.0,2006-12-01,2007-03-22,111,25,20.469025,22.780415,18.937162,81.49648,2.3306243,4.9031653,87.717735,71.00641,3.2495277,1.4636768
23.0,120.0,2006-12-01,2007-03-22,111,25,22.267385,23.774317,21.120884,80.768074,4.0081983,3.256731,86.44172,73.1503,5.2977443,2.6444712
22.0,120.0,2006-12-01,2007-03-22,111,25,23.481709,24.86874,22.452583,79.23404,4.900116,3.2127886,84.66968,72.08533,6.316406,3.6369793
25.0,122.0,2006-12-01,2007-03-22,111,25,21.452126,22.178755,20.635435,77.02125,6.6547346,3.5033202,81.39728,73.353935,8.202542,5.010438
23.0,122.0,2006-12-01,2007-03-22,111,25,20.926584,22.255287,19.8335,81.41473,4.529191,4.1542616,85.34539,75.825294,5.7995152,2.8314426
25.0,120.0,2006-12-01,2007-03-22,111,25,18.535027,20.323717,17.169178,82.21782,5.4912367,2.800191,88.81028,74.18455,6.7438555,3.7553854
24.0,121.0,2006-12-01,2007-03-22,111,25,19.613714,21.600924,18.265368,81.75897,3.7195127,4.7392898,87.11238,73.730965,4.9917293,2.0935545
22.0,121.0,2006-12-01,2007-03-22,111,25,23.172417,24.553608,22.117441,79.862625,4.941044,2.752585,85.25032,72.85065,6.301398,3.7280684
22.0,122.0,2006-12-01,2007-03-22,111,25,23.629139,24.144297,22.930332,79.94922,7.177461,1.999104,83.30238,76.80893,8.789497,5.4347334
24.0,122.0,2006-12-01,2007-03-22,111,25,20.544565,21.812593,19.451344,79.416565,4.709696,5.155542,83.31422,74.25511,5.926106,3.2267754
25.0,121.0,2006-12-01,2007-03-22,111,25,20.533926,21.783482,19.492857,79.10375,5.793088,3.076684,84.54056,73.511116,7.1692224,4.3126063
23.0,121.0,2006-12-01,2007-03-23,112,25,20.513714,22.6154,19.063396,82.358444,2.3755374,4.881272,88.6707,72.94333,3.2778885,1.5878563
23.0,120.0,2006-12-01,2007-03-23,112,25,22.29997,23.657993,21.272226,80.95208,4.0338454,3.3410528,86.80427,73.7479,5.2963963,2.8408554
24.0,120.0,2006-12-01,2007-03-23,112,25,21.418346,22.493183,20.434626,80.55784,5.566334,2.5869622,85.48276,75.03812,7.3301487,3.640672
22.0,120.0,2006-12-01,2007-03-23,112,25,23.453054,24.65541,22.552647,80.27652,4.651619,3.7487652,85.157295,73.96119,5.8036823,3.541301
25.0,122.0,2006-12-01,2007-03-23,112,25,21.603697,22.277973,20.792812,77.346565,6.292702,3.7734864,81.00021,74.228874,7.822725,4.7150974
25.0,121.0,2006-12-01,2007-03-23,112,25,20.575489,21.680386,19.54984,79.15932,5.43709,2.9025104,84.13901,74.12092,7.016951,3.7692122
24.0,121.0,2006-12-01,2007-03-23,112,25,19.638422,21.463886,18.26651,81.872536,3.5297782,4.1229053,87.44265,74.03107,4.849584,2.2590628
22.0,122.0,2006-12-01,2007-03-23,112,25,23.636713,24.051163,23.09103,80.823875,7.1735754,2.972704,84.30826,77.5518,8.553323,5.6693354
22.0,121.0,2006-12-01,2007-03-23,112,25,23.150381,24.324907,22.308252,80.919945,4.799499,3.7289288,85.965164,74.44248,5.959708,3.5928555
25.0,120.0,2006-12-01,2007-03-23,112,25,18.584702,20.354538,17.221338,82.34124,4.984626,2.6086292,87.88743,74.63819,6.513317,3.286216
23.0,122.0,2006-12-01,2007-03-23,112,25,21.000916,22.174814,20.004435,82.108376,4.729478,4.122909,86.39797,76.35625,6.028215,3.3947227
24.0,122.0,2006-12-01,2007-03-23,112,25,20.679949,21.799507,19.59574,79.85158,4.7360578,4.9920506,84.17185,74.75639,6.2568707,3.0941672
23.0,122.0,2006-12-01,2007-03-24,113,25,21.007977,22.288618,20.061092,81.46016,4.6850166,3.0321875,86.168205,75.1425,6.1217604,3.2454162
23.0,120.0,2006-12-01,2007-03-24,113,25,22.498144,24.004189,21.479774,80.24635,3.8036902,1.5395715,85.76828,72.086685,5.202003,2.5708375
25.0,121.0,2006-12-01,2007-03-24,113,25,20.755684,21.921558,19.709566,79.02662,5.0308833,2.610742,84.63448,73.01856,6.663895,3.4804604
25.0,122.0,2006-12-01,2007-03-24,113,25,21.647268,22.275654,20.791548,76.5846,6.0889463,2.74807,80.751,73.12705,8.030644,4.1968393
22.0,120.0,2006-12-01,2007-03-24,113,25,23.606464,24.988745,22.641817,78.7765,4.738924,1.2734619,84.11685,71.22497,5.945352,3.5209677
24.0,120.0,2006-12-01,2007-03-24,113,25,21.657476,22.824638,20.67775,80.898705,4.959854,2.13375,86.26755,74.520935,6.8619933,3.014244
22.0,121.0,2006-12-01,2007-03-24,113,25,23.29604,24.641933,22.343224,79.53225,4.9607167,1.1751934,84.81912,72.325424,5.923832,3.906149
22.0,122.0,2006-12-01,2007-03-24,113,25,23.678913,24.173735,23.16249,79.93251,7.370971,1.3796582,83.42192,76.83724,8.632776,5.766821
25.0,120.0,2006-12-01,2007-03-24,113,25,18.788885,20.659903,17.39194,82.36124,4.7314396,2.8243623,88.85922,74.092384,6.3242145,2.8933108
24.0,121.0,2006-12-01,2007-03-24,113,25,19.790215,21.742504,18.523388,81.83981,3.4489968,3.4154859,88.07668,72.86399,4.8349233,2.0400918
23.0,121.0,2006-12-01,2007-03-24,113,25,20.623999,22.933233,19.144215,81.23204,2.4476395,2.82985,87.638214,70.32714,3.4376926,1.575542
24.0,122.0,2006-12-01,2007-03-24,113,25,20.694143,21.872587,19.684652,79.112564,4.601042,3.5528173,83.747375,73.78553,6.151845,3.0226002
25.0,120.0,2006-12-01,2007-03-25,114,25,18.953259,20.665058,17.640867,82.45655,4.803339,2.3952453,88.23542,74.46121,6.1168904,3.0826385
24.0,121.0,2006-12-01,2007-03-25,114,25,19.950712,21.962017,18.578789,81.597336,3.5286639,2.9643946,87.32004,72.95853,4.595912,2.3693333
23.0,121.0,2006-12-01,2007-03-25,114,25,20.799711,23.278217,19.269234,80.78234,2.583692,2.4019518,87.94587,69.14656,3.3927534,1.7109399
23.0,120.0,2006-12-01,2007-03-25,114,25,22.647324,24.266129,21.631773,80.077614,4.0806317,1.2666998,85.75876,71.23953,5.2683434,2.7905598
24.0,120.0,2006-12-01,2007-03-25,114,25,21.791739,22.94644,20.844492,80.95928,5.306106,1.8334167,85.45502,74.96824,6.751232,3.656276
25.0,121.0,2006-12-01,2007-03-25,114,25,21.018099,22.21416,20.129004,79.841385,5.0242567,2.6534193,85.15157,74.07839,6.3930736,3.3811846
23.0,122.0,2006-12-01,2007-03-25,114,25,21.204319,22.543188,20.181639,81.02277,4.6848907,2.415072,85.85961,74.65889,5.699614,3.5468993
24.0,122.0,2006-12-01,2007-03-25,114,25,20.9667,22.187227,19.916368,79.12984,5.1192694,3.249729,83.55908,73.6067,6.286205,3.7861512
25.0,122.0,2006-12-01,2007-03-25,114,25,22.021286,22.595465,21.326488,77.5865,6.6432023,2.9378405,81.281784,74.31937,7.904074,5.198562
22.0,120.0,2006-12-01,2007-03-25,114,25,23.749357,25.225327,22.757715,79.22977,5.1181645,1.2743329,84.91536,71.3541,6.286217,3.9743564
22.0,122.0,2006-12-01,2007-03-25,114,25,23.855722,24.296192,23.32918,79.91728,6.952133,1.0576581,83.6614,76.951836,8.226962,5.6961217
22.0,121.0,2006-12-01,2007-03-25,114,25,23.452488,24.869585,22.51796,79.46448,4.858313,1.0457562,85.23602,71.74586,5.8413963,3.9161654
23.0,121.0,2006-12-01,2007-03-26,115,25,21.113018,23.502558,19.531975,82.25119,2.4567785,3.4168212,89.53926,70.910995,3.449657,1.5322013
23.0,122.0,2006-12-01,2007-03-26,115,25,21.49297,22.837187,20.5414,82.61883,4.592095,3.25172,86.97048,76.14066,5.6795435,3.3826602
24.0,122.0,2006-12-01,2007-03-26,115,25,21.222788,22.45336,20.283354,81.4487,4.5188746,4.7132053,85.31487,75.8746,5.91779,3.2133625
25.0,122.0,2006-12-01,2007-03-26,115,25,22.118809,22.61787,21.525507,80.41829,5.463076,3.9868836,83.72468,77.54615,6.9269805,4.083339
25.0,121.0,2006-12-01,2007-03-26,115,25,21.165354,22.292065,20.212425,81.60892,4.655373,3.740002,86.63035,76.04855,5.979985,3.4100811
22.0,120.0,2006-12-01,2007-03-26,115,25,24.013184,25.380678,23.02752,80.249756,4.6260657,2.197646,85.78547,73.021645,5.6986403,3.6893005
22.0,122.0,2006-12-01,2007-03-26,115,25,24.067799,24.407602,23.633291,81.27463,6.89442,1.3169104,84.33201,78.73675,8.080143,5.650116
25.0,120.0,2006-12-01,2007-03-26,115,25,19.37588,21.251446,18.084816,83.15513,4.535521,3.9002228,89.09045,74.98463,5.888324,3.0184033
24.0,121.0,2006-12-01,2007-03-26,115,25,20.256449,22.298086,18.89334,82.817375,3.295978,4.468755,89.05238,73.666695,4.3275356,2.1819708
22.0,121.0,2006-12-01,2007-03-26,115,25,23.689348,24.992304,22.741806,80.70996,4.720633,1.4868915,85.99483,73.58187,5.766562,3.756076
23.0,120.0,2006-12-01,2007-03-26,115,25,22.890118,24.393194,21.834263,81.6234,3.96724,2.1695702,87.615524,73.17181,5.034904,2.8480363
24.0,120.0,2006-12-01,2007-03-26,115,25,22.027046,23.193174,21.106739,82.23715,5.081332,3.2266986,87.466965,76.12745,6.3862944,3.8713553
23.0,121.0,2006-12-01,2007-03-27,116,25,21.088364,23.468042,19.376867,81.9142,2.6062362,3.8690956,88.32595,71.05964,3.6611383,1.6338125
24.0,120.0,2006-12-01,2007-03-27,116,25,22.13928,23.284868,21.296236,80.80505,6.2164116,2.4759588,85.502106,74.58545,7.6115017,4.772435
22.0,121.0,2006-12-01,2007-03-27,116,25,23.707561,25.052422,22.660053,80.44581,4.7067513,1.886969,85.64108,72.92942,5.7177696,3.5872533
23.0,120.0,2006-12-01,2007-03-27,116,25,22.887442,24.35561,21.840736,81.24971,4.4684734,1.728277,86.60156,73.19879,5.5714436,3.2201807
23.0,122.0,2006-12-01,2007-03-27,116,25,21.542797,22.873562,20.510561,82.08482,5.1215224,4.7812624,86.60289,75.67414,6.0907373,3.9546626
25.0,120.0,2006-12-01,2007-03-27,116,25,19.55178,21.29842,18.413473,81.963455,5.7403584,2.5263135,87.893906,74.00833,7.054793,4.340541
22.0,120.0,2006-12-01,2007-03-27,116,25,23.942253,25.354727,22.84873,80.09884,4.51505,2.2028472,85.47879,72.60388,5.790315,3.2257202
22.0,122.0,2006-12-01,2007-03-27,116,25,24.160986,24.594786,23.614796,80.810715,7.2039876,2.8049488,84.31536,77.40019,8.392831,5.902452
24.0,121.0,2006-12-01,2007-03-27,116,25,20.346243,22.372309,18.889551,81.46204,4.1202874,4.607926,87.118805,72.77732,5.211944,2.8646345
25.0,121.0,2006-12-01,2007-03-27,116,25,21.356518,22.553423,20.438532,79.50555,5.91323,3.1610827,85.14915,73.39193,7.0598254,4.604702
25.0,122.0,2006-12-01,2007-03-27,116,25,22.233694,22.816458,21.624096,79.41399,6.7749147,3.7992053,83.29964,75.81616,8.0516815,5.4058795
24.0,122.0,2006-12-01,2007-03-27,116,25,21.236326,22.458723,20.281883,81.20904,5.2456164,5.248784,85.41997,75.44292,6.578951,3.5972269
23.0,122.0,2006-12-01,2007-03-28,117,25,21.580647,22.892794,20.591703,81.362175,5.4725924,2.7862267,85.73772,75.4719,6.4892693,4.0946517
23.0,120.0,2006-12-01,2007-03-28,117,25,23.04126,24.41652,22.113886,80.13418,4.091955,1.0958533,85.88048,72.08513,5.2409225,2.8781443
22.0,121.0,2006-12-01,2007-03-28,117,25,23.707598,24.994526,22.71255,80.09877,5.0760646,1.5116388,85.3801,73.39159,6.0620313,4.1386313
24.0,120.0,2006-12-01,2007-03-28,117,25,22.299326,23.339737,21.577045,79.244965,5.618631,1.0671655,84.741,73.76,6.966173,4.106171
24.0,122.0,2006-12-01,2007-03-28,117,25,21.33424,22.522451,20.436806,79.65908,4.8722925,2.7831812,84.33509,74.11719,6.3162093,3.213899
25.0,120.0,2006-12-01,2007-03-28,117,25,19.794733,21.54832,18.568945,80.63594,5.0553765,1.2994031,86.70881,72.63903,6.386809,3.38791
22.0,122.0,2006-12-01,2007-03-28,117,25,24.101328,24.520205,23.5952,80.44041,7.9749393,2.060818,84.32426,77.377174,8.979743,6.690973
22.0,120.0,2006-12-01,2007-03-28,117,25,24.000782,25.330132,23.03377,79.56338,4.4652023,1.3080859,84.457214,72.7108,5.5753603,3.274853
24.0,121.0,2006-12-01,2007-03-28,117,25,20.450123,22.415268,19.117289,80.25662,3.683078,2.2091432,86.70417,72.266685,4.747202,2.3676388
25.0,122.0,2006-12-01,2007-03-28,117,25,22.440712,22.918028,21.94602,77.10789,5.7740154,1.6296118,80.94492,74.12213,7.2103863,4.0503416
25.0,121.0,2006-12-01,2007-03-28,117,25,21.569298,22.62453,20.816612,77.50181,4.953081,1.0595337,83.00743,72.41973,6.279157,3.3902526
23.0,121.0,2006-12-01,2007-03-28,117,25,21.185442,23.519014,19.602703,81.22687,2.627318,2.2424,87.90103,71.03483,3.585617,1.6667013
25.0,121.0,2006-12-01,2007-03-29,118,25,21.834196,23.226284,20.719044,78.57423,4.5403876,1.4563843,83.96324,72.60447,5.925864,2.8078141
23.0,122.0,2006-12-01,2007-03-29,118,25,21.707565,23.159185,20.57396,80.01664,4.626336,1.7487231,84.66421,72.93767,5.769327,3.2904463
25.0,122.0,2006-12-01,2007-03-29,118,25,22.630068,23.324375,21.86439,77.49461,5.5681458,1.4838427,80.82062,74.171906,6.9035077,3.916312
24.0,122.0,2006-12-01,2007-03-29,118,25,21.497637,22.872147,20.356459,78.87562,4.382142,1.7505493,82.918434,72.93637,5.6985765,2.7021353
22.0,121.0,2006-12-01,2007-03-29,118,25,23.863647,25.3217,22.794727,77.69014,4.7305317,0.68274355,83.079834,70.06344,5.6780934,3.8022428
24.0,120.0,2006-12-01,2007-03-29,118,25,22.656765,23.988209,21.610126,79.88675,4.6354537,1.071557,85.04375,73.730064,6.473866,2.5472467
23.0,120.0,2006-12-01,2007-03-29,118,25,23.327305,24.954008,22.161367,79.01921,3.4685926,0.66626525,84.777985,70.60096,4.819227,2.0906043
23.0,121.0,2006-12-01,2007-03-29,118,25,21.352995,23.94188,19.527748,79.387985,2.376813,1.3187329,87.167336,67.285934,3.2299383,1.557112
22.0,122.0,2006-12-01,2007-03-29,118,25,24.21673,24.688974,23.669697,78.549484,7.0851088,1.1127558,81.69516,75.64539,8.324041,5.7117023
24.0,121.0,2006-12-01,2007-03-29,118,25,20.68968,22.980984,19.049498,80.22771,3.2773974,1.7221692,87.12399,70.31001,4.5761333,1.8505925
22.0,120.0,2006-12-01,2007-03-29,118,25,24.209305,25.69616,23.109585,76.91813,4.3678594,0.5585651,82.45717,69.11669,5.5974803,3.2963161
25.0,120.0,2006-12-01,2007-03-29,118,25,20.136723,22.343525,18.57233,81.40483,4.2393374,1.5207788,88.20683,71.91682,6.073123,1.855218
22.0,122.0,2006-12-01,2007-03-30,119,25,24.180334,24.68559,23.56415,79.128235,6.5307283,1.3174353,82.46459,76.306656,8.027302,4.718526
22.0,120.0,2006-12-01,2007-03-30,119,25,24.223927,25.651978,23.100742,77.81818,4.325617,1.3363593,83.45069,70.484665,5.636287,3.0369146
24.0,121.0,2006-12-01,2007-03-30,119,25,20.570724,22.609003,19.187965,80.94075,3.098537,5.2435193,87.47116,70.93383,4.280676,1.750872
25.0,120.0,2006-12-01,2007-03-30,119,25,20.02517,22.017221,18.601282,82.15094,4.103623,5.066219,89.64203,72.936676,5.44826,2.5924375
24.0,122.0,2006-12-01,2007-03-30,119,25,21.381847,22.70417,20.374022,78.615105,4.28958,3.9346192,83.57519,72.08438,5.535761,2.882113
25.0,122.0,2006-12-01,2007-03-30,119,25,22.52017,23.07754,21.937998,76.60241,5.528002,3.5909925,81.12372,72.21633,6.843637,4.05554
25.0,121.0,2006-12-01,2007-03-30,119,25,21.72101,22.970781,20.835678,78.68447,4.5102534,4.8931823,85.28986,71.133575,5.761941,3.0856345
23.0,122.0,2006-12-01,2007-03-30,119,25,21.61806,23.042627,20.532343,80.76901,4.374858,3.2366822,85.57848,74.092804,5.5810184,3.0686846
24.0,120.0,2006-12-01,2007-03-30,119,25,22.529503,23.751715,21.592623,79.92132,4.416629,4.943843,85.74201,72.770134,6.075148,2.6921515
23.0,121.0,2006-12-01,2007-03-30,119,25,21.317724,23.725182,19.628563,80.28637,2.292503,3.2620142,87.386154,69.07642,3.2151275,1.4951313
22.0,121.0,2006-12-01,2007-03-30,119,25,23.88172,25.262915,22.761421,78.39969,4.4211335,1.3406317,83.71519,71.04417,5.5892196,3.1583118
23.0,120.0,2006-12-01,2007-03-30,119,25,23.28398,24.777988,22.101788,79.209724,3.4530811,2.9586737,85.22503,70.787834,4.719553,2.0812817
22.0,121.0,2006-12-01,2007-03-31,120,25,23.926182,25.275888,22.843277,78.28848,4.7880216,1.1430066,84.57576,70.84608,5.8920507,3.6707547
24.0,120.0,2006-12-01,2007-03-31,120,25,22.635176,23.759815,21.742857,79.46572,5.192005,2.65088,85.302795,73.30022,6.7459636,3.2682443
23.0,120.0,2006-12-01,2007-03-31,120,25,23.348022,24.822992,22.256498,78.661224,4.0545473,1.664552,85.42618,70.11072,5.2048893,2.9500027
23.0,121.0,2006-12-01,2007-03-31,120,25,21.334326,23.794565,19.576149,79.8951,2.622926,2.6340954,87.81951,68.18955,3.4320512,1.8009055
23.0,122.0,2006-12-01,2007-03-31,120,25,21.724707,23.148096,20.55711,80.39914,4.8007994,2.376222,85.90467,73.00772,5.8966966,3.4604404
25.0,122.0,2006-12-01,2007-03-31,120,25,22.736155,23.440092,21.947193,77.754684,6.2854023,3.541687,82.098015,73.5717,7.6630874,4.747447
24.0,122.0,2006-12-01,2007-03-31,120,25,21.539324,22.87668,20.365839,79.02637,5.19451,3.1458764,84.34122,72.3282,6.281335,3.9770412
25.0,121.0,2006-12-01,2007-03-31,120,25,21.838703,23.054878,20.773521,79.1772,4.873846,4.0122685,84.90847,73.005035,6.2849216,3.0613422
22.0,120.0,2006-12-01,2007-03-31,120,25,24.231028,25.627695,23.168116,77.80372,4.7473736,1.2241845,84.081985,70.05257,5.9299483,3.7194624
24.0,121.0,2006-12-01,2007-03-31,120,25,20.629044,22.674858,19.091532,80.60455,3.5312784,3.6188953,87.357956,71.276985,4.6837068,2.0931394
22.0,122.0,2006-12-01,2007-03-31,120,25,24.314926,24.78894,23.684195,78.98923,6.9570265,0.88056153,83.30456,75.573685,8.346823,5.2923665
25.0,120.0,2006-12-01,2007-03-31,120,25,20.264416,22.142437,18.881742,81.86147,4.7536592,3.245672,88.05412,73.34513,6.2367077,2.8110754
24.0,120.0,2006-12-01,2007-04-01,121,25,22.547003,23.805004,21.629066,79.61668,5.693092,3.5345678,85.340935,72.72342,7.3601904,3.5465918
22.0,121.0,2006-12-01,2007-04-01,121,25,23.841347,25.216524,22.706968,78.22211,5.1245747,1.0867517,83.48093,71.43578,6.154003,3.9929137
23.0,121.0,2006-12-01,2007-04-01,121,25,21.244984,23.570581,19.561712,80.484535,2.7436566,3.3194141,87.31124,69.966,3.7932696,1.7963588
23.0,120.0,2006-12-01,2007-04-01,121,25,23.274502,24.752163,22.17374,79.226204,4.3800344,2.255269,85.02353,71.239815,5.7124987,2.8717403
25.0,122.0,2006-12-01,2007-04-01,121,25,22.312883,22.932852,21.594229,77.06033,6.4991364,2.9840271,81.30026,73.19049,7.934632,4.9290357
23.0,122.0,2006-12-01,2007-04-01,121,25,21.537369,22.912382,20.426943,80.33486,5.1435723,2.949541,85.22685,74.16124,6.5696216,3.6786458
22.0,120.0,2006-12-01,2007-04-01,121,25,24.172583,25.536493,23.066206,78.51881,4.904221,1.2826746,83.774635,71.591705,6.0472264,3.8526926
24.0,122.0,2006-12-01,2007-04-01,121,25,21.254814,22.525375,20.226915,79.189285,5.235553,4.0103345,83.87656,73.27725,6.7744775,3.6122587
24.0,121.0,2006-12-01,2007-04-01,121,25,20.525108,22.564898,19.094296,80.81076,3.8883154,4.595359,87.426865,71.881454,5.158343,2.3665035
25.0,120.0,2006-12-01,2007-04-01,121,25,20.216274,22.169838,18.760065,81.19974,4.982492,3.7491064,88.07446,72.28746,6.594797,2.7750974
22.0,122.0,2006-12-01,2007-04-01,121,25,24.131845,24.711031,23.486338,78.25384,7.472526,0.71418947,82.285225,74.881584,8.86603,5.855728
25.0,121.0,2006-12-01,2007-04-01,121,25,21.594707,22.863365,20.563477,78.45479,5.170493,3.5611193,84.706345,71.94718,6.5374427,3.5636566
24.0,121.0,2006-12-01,2007-04-02,122,25,20.256157,22.202593,18.900568,81.33976,3.7576003,4.9479175,87.157394,72.89914,5.132059,2.4023361
25.0,121.0,2006-12-01,2007-04-02,122,25,21.293362,22.525454,20.187647,78.33497,5.3617373,3.9203894,83.637024,72.45748,7.2993145,3.6263244
22.0,122.0,2006-12-01,2007-04-02,122,25,23.97418,24.547998,23.306694,78.38882,6.9207,1.6782653,82.42704,75.05247,8.49786,5.1662726
25.0,120.0,2006-12-01,2007-04-02,122,25,19.71877,21.480507,18.325354,80.76102,5.127282,4.3186464,86.55464,73.34263,7.011625,3.3158216
22.0,120.0,2006-12-01,2007-04-02,122,25,24.020283,25.391323,22.979277,78.17162,4.7404623,3.0130975,83.8037,70.77728,5.857055,3.5826752
23.0,122.0,2006-12-01,2007-04-02,122,25,21.327358,22.635622,20.282988,80.662384,4.6878853,4.0259886,85.33132,74.152245,6.0551524,3.264925
25.0,122.0,2006-12-01,2007-04-02,122,25,22.007221,22.84694,21.014517,76.4028,6.4772615,3.740343,80.861755,72.45967,8.26673,4.7505155
24.0,122.0,2006-12-01,2007-04-02,122,25,20.981323,22.265347,19.818068,79.15819,5.092862,4.7651196,83.72882,73.309204,6.4938526,3.7190192
22.0,121.0,2006-12-01,2007-04-02,122,25,23.658165,25.00374,22.60374,78.28687,4.7803907,2.5434327,84.300354,70.902695,6.0091357,3.4896262
23.0,120.0,2006-12-01,2007-04-02,122,25,23.034407,24.571568,21.898594,78.966194,4.2400093,3.6222296,84.47091,71.02456,5.578623,2.9007363
24.0,120.0,2006-12-01,2007-04-02,122,25,22.273226,23.470474,21.315727,79.625145,5.574986,3.684795,84.41381,73.864044,7.418754,3.7197213
23.0,121.0,2006-12-01,2007-04-02,122,25,21.009548,23.32373,19.427156,80.72106,2.5882645,4.88902,87.452354,69.71086,3.6506848,1.5924578
24.0,121.0,2006-12-01,2007-04-03,123,25,20.186663,21.847206,19.110287,81.19251,3.7061617,7.2793117,87.034805,73.27371,4.92778,2.5812092
22.0,122.0,2006-12-01,2007-04-03,123,25,23.887995,24.341589,23.386074,79.77528,7.157179,2.0595808,83.531364,76.83994,8.371514,5.8490005
25.0,121.0,2006-12-01,2007-04-03,123,25,21.273037,22.187262,20.519203,78.97748,5.105742,7.8743987,84.24031,73.42892,6.5557103,3.776698
25.0,120.0,2006-12-01,2007-04-03,123,25,19.483852,20.932392,18.482124,81.01321,5.153892,7.4920125,86.90732,74.170364,6.463882,3.6897018
24.0,122.0,2006-12-01,2007-04-03,123,25,20.977722,21.964912,20.177366,79.83409,5.07206,5.577031,84.05544,74.48654,6.3811436,3.8308675
22.0,120.0,2006-12-01,2007-04-03,123,25,23.897556,25.066313,22.966103,79.660385,4.905888,3.35933,85.03969,73.19614,6.214436,3.6676178
23.0,122.0,2006-12-01,2007-04-03,123,25,21.290041,22.36525,20.420507,81.2212,4.822167,4.714906,85.8691,75.568886,5.9745064,3.7673604
25.0,122.0,2006-12-01,2007-04-03,123,25,22.05238,22.52896,21.497652,77.773865,6.371381,6.1858535,81.2083,74.49089,7.716065,5.097574
24.0,120.0,2006-12-01,2007-04-03,123,25,22.044289,22.944883,21.321865,79.98465,5.813376,7.458444,84.82349,74.55318,7.3208923,4.1008096
23.0,121.0,2006-12-01,2007-04-03,123,25,20.949726,22.974424,19.52636,81.329506,2.5873623,5.1769543,88.263885,71.486176,3.533781,1.8100076
22.0,121.0,2006-12-01,2007-04-03,123,25,23.549255,24.704792,22.650068,79.725784,4.9414034,2.5243647,85.441185,73.127846,6.022759,3.800246
23.0,120.0,2006-12-01,2007-04-03,123,25,22.81437,24.03151,21.904003,80.07021,4.3676295,5.363414,86.0489,72.7148,5.608473,3.020764
23.0,120.0,2006-12-01,2007-04-04,124,25,23.180637,24.561455,22.103643,80.39699,4.4263997,4.135199,86.09266,73.051735,5.830252,3.0376322
22.0,121.0,2006-12-01,2007-04-04,124,25,23.840305,25.094864,22.790928,80.06588,4.658341,3.1473486,85.891525,73.203285,5.7067084,3.6882143
24.0,120.0,2006-12-01,2007-04-04,124,25,22.512232,23.63263,21.571938,80.19472,5.9249196,4.3790407,84.90851,75.021614,7.626734,4.0590115
23.0,121.0,2006-12-01,2007-04-04,124,25,21.235998,23.380688,19.633081,81.80517,2.5115187,7.072826,89.04256,71.936264,3.5482712,1.6152688
22.0,120.0,2006-12-01,2007-04-04,124,25,24.105928,25.3531,23.073393,79.57832,4.364246,3.3457136,85.645134,72.62893,5.614308,3.1791186
24.0,122.0,2006-12-01,2007-04-04,124,25,21.358204,22.554249,20.280663,81.263405,4.8933406,9.422978,85.69462,75.734146,6.2362475,3.415491
25.0,122.0,2006-12-01,2007-04-04,124,25,22.376005,23.106157,21.656279,79.461784,6.2942705,8.700025,82.953705,76.01419,7.706042,4.796858
23.0,122.0,2006-12-01,2007-04-04,124,25,21.666628,22.902542,20.560127,82.16235,4.7894444,6.722484,86.94356,76.34091,5.856408,3.6991098
22.0,122.0,2006-12-01,2007-04-04,124,25,24.269594,24.858278,23.60806,80.57006,6.9698787,2.7948852,84.159935,77.658806,8.109771,5.9157314
25.0,120.0,2006-12-01,2007-04-04,124,25,19.989841,21.62805,18.68291,81.51825,5.1822047,4.5734377,87.31533,74.74074,6.6982822,3.518537
24.0,121.0,2006-12-01,2007-04-04,124,25,20.574621,22.346458,19.173334,81.529434,3.7343936,7.3004847,87.44455,73.98672,4.832202,2.4658852
25.0,121.0,2006-12-01,2007-04-04,124,25,21.604544,22.743052,20.653994,79.62004,5.419087,6.58485,84.68136,74.42521,6.920109,3.7132783
24.0,122.0,2006-12-01,2007-04-05,125,25,21.28648,22.488003,20.159647,81.404366,4.471038,6.8624363,85.32537,76.32444,6.295436,2.6467743
22.0,122.0,2006-12-01,2007-04-05,125,25,24.250132,24.8217,23.615807,81.428795,6.832944,2.3449354,84.319756,78.90188,8.441866,4.7976894
23.0,120.0,2006-12-01,2007-04-05,125,25,23.196327,24.619335,22.060972,80.596954,4.005892,5.8449774,85.987305,73.31415,5.5517597,2.6590018
25.0,120.0,2006-12-01,2007-04-05,125,25,20.06782,21.866772,18.502853,81.596954,5.057465,5.553244,88.12622,73.75343,7.187013,2.7271137
23.0,122.0,2006-12-01,2007-04-05,125,25,21.676802,22.915396,20.609253,82.98869,4.7161245,4.980115,86.87825,77.65106,6.0938225,3.2606945
23.0,121.0,2006-12-01,2007-04-05,125,25,21.341402,23.494644,19.701828,82.14562,2.295436,6.224923,88.719925,72.55429,3.3388398,1.2576566
24.0,120.0,2006-12-01,2007-04-05,125,25,22.46537,23.662348,21.352373,80.44206,5.531527,6.869468,85.49568,74.05769,7.8245487,3.3261766
22.0,121.0,2006-12-01,2007-04-05,125,25,23.916138,25.179144,22.867832,80.42119,4.3437233,3.5921705,85.09242,74.34894,5.6633,2.9833405
25.0,121.0,2006-12-01,2007-04-05,125,25,21.533087,22.805923,20.276999,79.33997,5.502845,6.4452586,84.73813,73.28257,7.4372725,3.3767576
24.0,121.0,2006-12-01,2007-04-05,125,25,20.616943,22.499819,19.06342,81.9384,3.5868368,7.2497034,88.05179,73.710846,5.241408,1.8330508
22.0,120.0,2006-12-01,2007-04-05,125,25,24.166582,25.39476,23.18144,79.78253,4.067102,3.8128126,84.29977,73.87376,5.4398627,2.7268603
25.0,122.0,2006-12-01,2007-04-05,125,25,22.191328,23.027397,21.183334,78.976204,5.9658637,6.0653186,82.56863,75.11222,7.9468136,3.8846567
23.0,120.0,2006-12-01,2007-04-06,126,25,23.003925,24.313326,22.082216,79.378006,4.1734223,5.1616173,85.088844,72.15488,5.4091444,2.9436038
23.0,121.0,2006-12-01,2007-04-06,126,25,21.075428,23.292915,19.525755,80.95678,2.5166183,6.399718,87.60724,70.91885,3.4551067,1.6601866
24.0,122.0,2006-12-01,2007-04-06,126,25,21.090761,22.228588,20.077435,79.51379,4.9301176,5.96698,83.52355,74.37815,6.2351146,3.3766146
25.0,120.0,2006-12-01,2007-04-06,126,25,19.725084,21.535372,18.401457,80.336266,5.1936674,3.795956,86.88584,71.96204,6.757701,3.4968941
22.0,121.0,2006-12-01,2007-04-06,126,25,23.72066,24.914248,22.716997,79.04318,4.8788548,4.405697,84.51162,72.75398,5.9955897,3.4630258
24.0,120.0,2006-12-01,2007-04-06,126,25,22.23441,23.314903,21.357002,79.40329,5.757605,4.821029,84.5791,73.46937,7.5887337,3.7588067
22.0,122.0,2006-12-01,2007-04-06,126,25,24.079035,24.614527,23.41723,79.690674,7.4697723,2.889889,83.16731,76.92668,8.772956,5.8765798
23.0,122.0,2006-12-01,2007-04-06,126,25,21.435041,22.677588,20.43167,81.482605,4.973946,4.889402,85.77348,75.83407,6.1825585,3.5347407
25.0,122.0,2006-12-01,2007-04-06,126,25,22.181822,22.88774,21.298306,77.17112,6.343086,4.3480225,80.569466,74.32728,7.977868,4.456354
22.0,120.0,2006-12-01,2007-04-06,126,25,24.022625,25.252314,23.037823,78.61333,4.643632,4.1365333,83.71174,72.28844,5.787977,3.4143555
24.0,121.0,2006-12-01,2007-04-06,126,25,20.31293,22.277006,18.936424,80.96492,3.8664846,6.0570045,87.03123,72.21123,5.203731,2.496209
25.0,121.0,2006-12-01,2007-04-06,126,25,21.415543,22.549507,20.379625,78.419044,5.486439,4.4285817,83.46135,72.97256,7.01875,3.7773535
23.0,121.0,2006-12-01,2007-04-07,127,25,21.225702,23.416458,19.803154,80.8569,2.3772027,3.706676,87.28686,70.86031,3.1848254,1.6617886
23.0,120.0,2006-12-01,2007-04-07,127,25,23.211803,24.635435,22.312403,79.33999,3.791413,1.8704419,85.04307,71.41122,4.803634,2.7957504
25.0,121.0,2006-12-01,2007-04-07,127,25,21.958359,23.002378,21.013243,79.48057,4.702101,2.8268714,84.94833,73.065315,6.0344405,3.2093623
24.0,121.0,2006-12-01,2007-04-07,127,25,20.595583,22.449697,19.360636,81.89211,3.0008645,4.117136,87.94245,73.14121,4.1088357,1.7841759
22.0,122.0,2006-12-01,2007-04-07,127,25,24.228235,24.621593,23.754248,78.81567,7.103882,1.2710742,82.05588,75.96236,8.364204,5.805245
25.0,120.0,2006-12-01,2007-04-07,127,25,20.213024,22.002243,19.025597,81.906044,4.3685226,2.8882172,88.90749,72.73862,5.895822,2.658592
23.0,122.0,2006-12-01,2007-04-07,127,25,21.59858,22.74914,20.742128,81.050865,4.4472194,3.5098352,85.02392,75.8577,5.3969536,3.4321084
24.0,122.0,2006-12-01,2007-04-07,127,25,21.400505,22.45576,20.542295,79.28551,4.4872303,5.1721287,83.09367,74.57421,5.4694,3.4853415
25.0,122.0,2006-12-01,2007-04-07,127,25,22.750975,23.311762,22.061176,77.12675,6.06696,3.8815393,80.533356,74.21722,7.3176875,4.754687
22.0,121.0,2006-12-01,2007-04-07,127,25,23.856775,25.107014,22.964706,78.481094,4.978012,1.4700458,83.82628,71.58724,5.880158,4.179059
24.0,120.0,2006-12-01,2007-04-07,127,25,22.574436,23.66435,21.802296,80.3557,4.794537,2.2888384,85.573875,73.80433,6.3144927,3.3088226
22.0,120.0,2006-12-01,2007-04-07,127,25,24.20248,25.523216,23.280035,77.84182,4.8862934,1.7022889,82.94558,70.88706,5.9727254,3.7945178
24.0,120.0,2006-12-01,2007-04-08,128,25,23.056252,24.124107,22.209698,81.6552,4.316166,3.078064,86.34592,75.81187,5.9919834,2.459699
22.0,121.0,2006-12-01,2007-04-08,128,25,24.235119,25.573114,23.223505,80.019745,4.615738,1.8973413,86.20415,72.31891,5.5952363,3.6914487
25.0,121.0,2006-12-01,2007-04-08,128,25,22.491402,23.598604,21.605341,81.06602,4.4946003,3.1983008,86.22294,75.398575,5.5990357,3.362694
24.0,121.0,2006-12-01,2007-04-08,128,25,21.075241,22.981436,19.75018,82.7333,2.747624,4.578301,88.9788,74.01263,3.709263,1.6452032
23.0,121.0,2006-12-01,2007-04-08,128,25,21.689081,24.046206,20.04986,81.65755,2.3294494,4.0314307,89.61422,70.03968,3.0879607,1.6247727
23.0,120.0,2006-12-01,2007-04-08,128,25,23.67759,25.197397,22.631845,80.54829,3.4259632,2.5229504,86.90893,71.89062,4.6756225,2.1031215
25.0,120.0,2006-12-01,2007-04-08,128,25,20.844868,22.711006,19.532625,83.27633,4.2408214,3.1827416,89.57074,75.25882,5.6610384,2.557825
22.0,122.0,2006-12-01,2007-04-08,128,25,24.598335,25.002705,24.103252,80.88394,6.347861,1.9925537,84.4458,77.33787,7.5117826,5.037679
23.0,122.0,2006-12-01,2007-04-08,128,25,22.053677,23.314096,21.069458,82.36418,4.031405,4.127864,87.629715,75.85515,5.0109553,2.9234955
24.0,122.0,2006-12-01,2007-04-08,128,25,21.882832,23.05374,20.9683,80.896095,4.6248803,5.296072,85.85534,75.29342,5.7194395,3.4226294
22.0,120.0,2006-12-01,2007-04-08,128,25,24.562664,25.962906,23.538624,79.31631,4.832121,2.1610174,85.681,71.430756,5.885089,3.8227668
25.0,122.0,2006-12-01,2007-04-08,128,25,23.287024,23.754341,22.7383,79.38216,6.0402026,3.9114916,82.812836,76.11711,7.3069806,4.983709
25.0,122.0,2006-12-01,2007-04-09,129,25,23.6263,24.122887,23.05168,81.50295,6.038786,4.2460804,84.52549,78.39879,7.195434,4.8081646
24.0,121.0,2006-12-01,2007-04-09,129,25,21.537647,23.541943,20.20609,83.49253,3.1056643,4.077014,89.51151,74.278595,4.340208,1.872982
22.0,121.0,2006-12-01,2007-04-09,129,25,24.572805,25.91809,23.577978,81.164276,4.2046766,2.693031,87.007286,73.66016,5.182746,3.2414286
24.0,120.0,2006-12-01,2007-04-09,129,25,23.491674,24.644497,22.636719,82.790634,4.547959,3.0138037,87.82545,76.5748,6.0572333,2.929019
23.0,120.0,2006-12-01,2007-04-09,129,25,24.084682,25.618006,23.047491,81.86594,3.5327902,2.7018774,88.193596,73.265594,4.66667,2.3501432
25.0,120.0,2006-12-01,2007-04-09,129,25,21.337444,23.131523,20.091908,84.36743,4.4482265,3.3137891,90.4225,75.95577,5.887152,2.8732529
23.0,121.0,2006-12-01,2007-04-09,129,25,22.12337,24.521751,20.512608,82.59201,2.262896,3.7675574,89.79562,71.01288,3.2656457,1.4435021
23.0,122.0,2006-12-01,2007-04-09,129,25,22.464653,23.788809,21.435186,83.9988,4.260651,3.8105907,88.58998,77.56435,5.2347507,3.093766
22.0,120.0,2006-12-01,2007-04-09,129,25,24.83918,26.234451,23.823555,80.37738,4.152713,2.7372816,86.029854,72.86732,5.2964144,3.0693629
22.0,122.0,2006-12-01,2007-04-09,129,25,24.912807,25.344458,24.396812,82.70312,6.130675,2.7308729,86.23396,79.885,7.353983,4.8895736
24.0,122.0,2006-12-01,2007-04-09,129,25,22.315248,23.51051,21.36643,82.701904,4.69679,4.918379,86.92052,76.76357,5.9628105,3.5002105
25.0,121.0,2006-12-01,2007-04-09,129,25,22.860407,23.982954,21.98672,82.14029,4.699716,3.406228,87.152275,76.175705,5.9308558,3.4552534
23.0,121.0,2006-12-01,2007-04-10,130,25,22.16793,24.468712,20.472956,82.50077,2.6644592,4.769652,89.33587,72.32723,3.5723815,1.8610345
23.0,120.0,2006-12-01,2007-04-10,130,25,24.118427,25.612104,23.064594,81.70558,3.780632,2.8253777,87.41817,74.23096,4.933282,2.5624814
25.0,120.0,2006-12-01,2007-04-10,130,25,21.262905,23.007368,19.817741,82.66489,4.6900816,5.374513,88.68496,75.314476,6.3115892,2.9003272
22.0,122.0,2006-12-01,2007-04-10,130,25,24.8754,25.486689,24.223608,81.82186,6.724876,2.428114,85.56403,78.271614,8.2425995,4.8877735
25.0,122.0,2006-12-01,2007-04-10,130,25,23.295889,24.012136,22.496597,80.350586,6.1457796,5.111753,84.84225,75.89809,7.6072817,4.6537833
24.0,121.0,2006-12-01,2007-04-10,130,25,21.535582,23.479708,19.982756,82.573944,3.5557373,5.42792,88.46048,74.534485,4.8031154,2.066663
22.0,120.0,2006-12-01,2007-04-10,130,25,24.857492,26.179502,23.84667,80.492294,4.2131968,2.5663245,86.01151,73.682755,5.4911113,2.89189
24.0,120.0,2006-12-01,2007-04-10,130,25,23.47862,24.617682,22.5248,81.82683,4.987223,3.4885266,86.986755,76.181305,6.597648,3.0127223
22.0,121.0,2006-12-01,2007-04-10,130,25,24.563381,25.913525,23.531212,80.93647,4.486549,2.9587805,86.34954,73.994705,5.673418,3.2376025
23.0,122.0,2006-12-01,2007-04-10,130,25,22.481356,23.948214,21.301601,83.23764,4.9052696,4.240172,87.9874,76.664,6.004401,3.4110947
25.0,121.0,2006-12-01,2007-04-10,130,25,22.600517,23.811035,21.504282,80.67578,5.0210643,5.198125,86.56765,74.64955,6.4313984,3.5039194
24.0,122.0,2006-12-01,2007-04-10,130,25,22.241787,23.553848,21.03941,82.067696,5.188003,5.3372803,86.63885,76.598816,6.408438,3.737575
25.0,120.0,2006-12-01,2007-04-11,131,25,20.761368,22.287329,19.540861,82.29488,5.209967,3.6267126,88.594284,75.22554,6.6103063,3.4187884
25.0,121.0,2006-12-01,2007-04-11,131,25,22.267735,23.251997,21.403383,79.824455,5.4608064,3.3429003,84.99716,74.74668,6.757719,3.9252825
24.0,121.0,2006-12-01,2007-04-11,131,25,21.203907,22.96645,19.971117,82.22636,3.5110943,4.3521156,87.86729,74.586716,4.6811585,2.0883834
24.0,122.0,2006-12-01,2007-04-11,131,25,21.823004,22.975454,20.883072,80.55262,4.649687,4.577949,84.13685,75.929,5.851129,3.3936465
23.0,121.0,2006-12-01,2007-04-11,131,25,21.88768,24.008326,20.368467,81.64701,2.3573039,4.4415393,87.933975,72.14297,3.39757,1.4804127
23.0,120.0,2006-12-01,2007-04-11,131,25,23.895037,25.299131,22.849297,80.5686,3.5596764,2.7746613,86.25342,73.360504,4.7011375,2.3011239
23.0,122.0,2006-12-01,2007-04-11,131,25,22.139194,23.356173,21.211163,81.915794,4.344299,3.5302832,85.42372,76.73979,5.638483,2.8656683
24.0,120.0,2006-12-01,2007-04-11,131,25,23.203806,24.25268,22.411646,81.17352,5.0240855,2.6901264,86.36116,75.65806,6.4562516,3.3217764
25.0,122.0,2006-12-01,2007-04-11,131,25,22.876768,23.497349,22.173027,78.34543,6.485117,3.570298,81.39639,75.29542,7.730678,5.1350474
22.0,120.0,2006-12-01,2007-04-11,131,25,24.694595,25.999937,23.707426,79.51217,4.390051,2.4252338,84.58121,73.11783,5.5065346,3.2356582
22.0,121.0,2006-12-01,2007-04-11,131,25,24.425322,25.707075,23.429155,79.8376,4.524422,2.2637959,85.088066,73.472305,5.6142693,3.5554278
22.0,122.0,2006-12-01,2007-04-11,131,25,24.675343,25.13639,24.09563,80.23222,6.5950794,1.3492455,83.28488,77.819885,7.9848,4.958999
24.0,120.0,2006-12-01,2007-04-12,132,25,23.24195,24.275766,22.38584,81.43752,4.428262,2.6202698,86.55693,76.00674,5.9716253,2.6384242
23.0,122.0,2006-12-01,2007-04-12,132,25,22.242546,23.36013,21.432383,82.02909,4.093242,3.050786,86.88058,76.16982,5.137808,2.944605
23.0,120.0,2006-12-01,2007-04-12,132,25,23.919058,25.23701,22.999483,80.90685,3.455053,2.4254823,86.98833,73.631516,4.493952,2.3937223
23.0,121.0,2006-12-01,2007-04-12,132,25,21.95978,23.949308,20.657343,82.19717,2.1786127,3.447511,89.03881,72.524284,2.9221706,1.5403075
22.0,122.0,2006-12-01,2007-04-12,132,25,24.718132,25.210522,24.178057,80.3907,6.3704615,1.9016638,84.3663,76.89349,7.6638875,5.0368943
25.0,121.0,2006-12-01,2007-04-12,132,25,22.512583,23.60206,21.685225,79.77785,4.052878,3.2839367,84.95822,74.37574,5.5176835,2.5440104
25.0,122.0,2006-12-01,2007-04-12,132,25,23.199593,23.759254,22.622543,77.74221,5.177244,3.059331,82.19255,74.341354,6.7983985,3.5288086
22.0,121.0,2006-12-01,2007-04-12,132,25,24.436918,25.685205,23.556875,80.42779,4.3840327,2.2985277,85.90151,73.701965,5.268017,3.4828436
24.0,122.0,2006-12-01,2007-04-12,132,25,21.987663,22.943794,21.263237,80.4358,4.156272,3.4145703,85.23791,75.6078,5.4243665,2.7630956
24.0,121.0,2006-12-01,2007-04-12,132,25,21.289976,22.940825,20.206802,82.7021,2.8012881,3.6458788,88.87068,75.006546,3.8818057,1.5609738
25.0,120.0,2006-12-01,2007-04-12,132,25,20.965725,22.602434,19.75171,82.55133,4.0913715,3.5071075,88.89286,74.849556,5.5808434,2.3853714
22.0,120.0,2006-12-01,2007-04-12,132,25,24.748253,25.946436,23.905659,80.12768,4.313137,2.8177385,85.72695,73.36968,5.3225226,3.2300773
22.0,122.0,2006-12-01,2007-04-13,133,25,24.95865,25.418945,24.36731,81.792366,6.210172,2.2797778,84.84688,79.03309,7.540865,4.7153497
23.0,120.0,2006-12-01,2007-04-13,133,25,24.236351,25.654425,23.2046,81.220276,3.4774528,2.538847,87.059814,73.59137,4.574856,2.337167
23.0,122.0,2006-12-01,2007-04-13,133,25,22.521877,23.692886,21.512226,83.34553,4.0017586,4.0659423,87.16343,77.976776,5.182513,2.7922256
23.0,121.0,2006-12-01,2007-04-13,133,25,22.272886,24.437403,20.701353,82.55207,2.2760344,3.4851942,89.18357,72.758896,3.1484575,1.5658743
24.0,121.0,2006-12-01,2007-04-13,133,25,21.615297,23.41483,20.274727,83.36904,3.0160437,6.377041,88.83276,75.72376,4.202319,1.8174546
24.0,122.0,2006-12-01,2007-04-13,133,25,22.340282,23.46516,21.331993,81.45606,4.277839,4.6262355,85.20023,76.9716,5.2716713,3.2152352
24.0,120.0,2006-12-01,2007-04-13,133,25,23.57149,24.651997,22.694067,82.06918,4.4592257,5.4352827,86.80207,76.49575,6.238881,2.7008953
25.0,120.0,2006-12-01,2007-04-13,133,25,21.460857,23.284405,20.054943,83.40266,4.117277,6.106975,89.39335,76.05388,5.7799225,2.3553529
25.0,122.0,2006-12-01,2007-04-13,133,25,23.561796,24.236303,22.865147,79.52273,5.3801985,5.291223,82.79029,76.26335,6.8815045,3.6227624
22.0,120.0,2006-12-01,2007-04-13,133,25,25.009228,26.298584,24.036987,80.42801,4.4275136,1.8851612,85.72234,73.71025,5.463226,3.4696655
25.0,121.0,2006-12-01,2007-04-13,133,25,22.847746,23.905933,21.942251,81.22248,4.469849,7.035017,85.71017,76.3858,6.0991826,2.7114577
22.0,121.0,2006-12-01,2007-04-13,133,25,24.711231,25.940113,23.752598,80.87938,4.362469,1.6968683,86.232834,74.324615,5.4305196,3.352129
22.0,122.0,2006-12-01,2007-04-14,134,25,25.21945,25.64289,24.65702,81.99825,6.270976,1.0594751,85.658806,78.77772,7.398141,5.2284474
25.0,121.0,2006-12-01,2007-04-14,134,25,23.010464,24.015615,22.134863,81.24792,4.9228354,7.8831224,86.00672,76.22729,6.211787,3.4609056
24.0,121.0,2006-12-01,2007-04-14,134,25,21.873796,23.57544,20.65256,83.22287,3.3084552,8.606999,89.10832,75.84501,4.3438616,2.0256228
24.0,120.0,2006-12-01,2007-04-14,134,25,23.74458,24.699936,22.94983,82.32911,4.8944225,7.169316,87.09076,76.89958,6.420844,3.1221256
25.0,120.0,2006-12-01,2007-04-14,134,25,21.579493,23.142153,20.45217,83.14767,4.6583323,6.944403,88.93411,76.01284,5.9836707,3.2601557
23.0,120.0,2006-12-01,2007-04-14,134,25,24.40774,25.855553,23.330463,81.747894,3.588691,5.200627,87.85757,74.03432,4.804193,2.2969253
23.0,122.0,2006-12-01,2007-04-14,134,25,22.784147,23.945786,21.863031,83.59925,4.144617,4.5661683,88.2561,78.12012,5.2273326,2.9545732
23.0,121.0,2006-12-01,2007-04-14,134,25,22.530073,24.737095,20.987389,82.68355,2.1648247,6.6398363,89.96257,72.47816,3.0891373,1.416927
24.0,122.0,2006-12-01,2007-04-14,134,25,22.509476,23.5962,21.60981,82.205734,4.5110717,6.7356663,86.96313,77.14036,5.7751546,3.2157235
22.0,121.0,2006-12-01,2007-04-14,134,25,24.967007,26.275728,23.922436,80.97694,4.244859,3.1391633,86.89302,73.743835,5.1482944,3.406579
22.0,120.0,2006-12-01,2007-04-14,134,25,25.25618,26.64085,24.189096,80.42214,4.0155296,3.7522614,86.11035,73.292274,5.1367755,2.8840067
25.0,122.0,2006-12-01,2007-04-14,134,25,23.635647,24.233843,22.984238,80.38467,6.0669694,6.0358934,84.35213,76.86604,7.4526157,4.7111154
25.0,122.0,2006-12-01,2007-04-15,135,25,23.465916,24.06466,22.864752,80.48113,6.129833,6.5817604,83.39051,77.44213,7.4987664,4.573076
22.0,120.0,2006-12-01,2007-04-15,135,25,25.100279,26.352655,24.167759,81.41784,4.318905,5.0683966,86.21979,75.25174,5.3779054,3.0072265
25.0,121.0,2006-12-01,2007-04-15,135,25,22.851604,23.838335,22.068848,81.340126,4.9046383,6.1661134,86.14896,76.02273,6.063856,3.5950382
25.0,120.0,2006-12-01,2007-04-15,135,25,21.535782,23.056778,20.408731,83.78568,4.627835,6.4810576,90.116394,76.162315,5.8227024,3.2687702
24.0,120.0,2006-12-01,2007-04-15,135,25,23.5491,24.449,22.808575,82.71093,4.9259934,5.939372,87.48033,77.4443,6.354917,3.228019
23.0,122.0,2006-12-01,2007-04-15,135,25,22.697613,23.895336,21.70526,84.14422,4.2465634,6.2512527,88.159065,78.95792,5.485268,2.7589777
24.0,121.0,2006-12-01,2007-04-15,135,25,21.737097,23.401495,20.492315,83.66252,3.1854444,7.673677,89.42919,76.609474,4.2760143,2.0183947
24.0,122.0,2006-12-01,2007-04-15,135,25,22.361683,23.44519,21.408447,82.66468,4.514036,8.089629,86.30353,78.20462,5.734466,3.2396913
22.0,122.0,2006-12-01,2007-04-15,135,25,25.159369,25.600117,24.625113,82.66663,6.5031996,3.3261573,85.48034,80.11816,8.059249,4.752922
22.0,121.0,2006-12-01,2007-04-15,135,25,24.853935,26.06139,23.895166,81.91691,4.402952,4.413184,86.74292,75.84454,5.5435376,3.1123502
23.0,120.0,2006-12-01,2007-04-15,135,25,24.209402,25.427114,23.291016,82.51137,3.7916508,5.5896344,87.53998,75.90752,4.915625,2.6112592
23.0,121.0,2006-12-01,2007-04-15,135,25,22.390854,24.405054,20.880299,83.50436,2.2628357,7.3276086,89.50564,74.79196,3.0796542,1.5266119
25.0,121.0,2006-12-01,2007-04-16,136,25,22.730505,23.659208,21.984425,81.53389,4.372092,4.583464,86.49343,75.90957,5.6152544,2.8399699
25.0,120.0,2006-12-01,2007-04-16,136,25,21.34122,23.021843,20.170153,83.34042,4.0944448,3.654811,88.66549,75.38919,5.467122,2.4983351
25.0,122.0,2006-12-01,2007-04-16,136,25,23.43578,23.964045,22.940025,80.00709,5.4196734,5.7071214,83.8013,76.688614,6.873873,3.976165
22.0,120.0,2006-12-01,2007-04-16,136,25,25.02811,26.375517,23.989326,81.07747,4.29078,5.3156548,86.44101,74.226204,5.266612,3.3267877
23.0,122.0,2006-12-01,2007-04-16,136,25,22.525291,23.647589,21.66876,84.27486,3.759663,6.7663865,88.04035,79.50825,4.8658996,2.6022186
24.0,120.0,2006-12-01,2007-04-16,136,25,23.406532,24.340042,22.660103,82.96347,4.493727,4.085417,87.379524,77.808624,6.1102057,2.75091
24.0,122.0,2006-12-01,2007-04-16,136,25,22.247625,23.242964,21.49353,82.35575,4.067557,7.8827147,85.91839,77.858,5.3550873,2.770349
24.0,121.0,2006-12-01,2007-04-16,136,25,21.53146,23.161001,20.386477,84.03491,2.8125067,6.759977,88.92408,77.09705,3.881992,1.568856
23.0,120.0,2006-12-01,2007-04-16,136,25,24.124977,25.516909,23.075655,82.11541,3.4584374,4.980191,87.888535,74.9308,4.5637145,2.3607562
23.0,121.0,2006-12-01,2007-04-16,136,25,22.243032,24.315351,20.730675,83.2252,2.115576,7.659027,89.64463,74.29573,2.932207,1.3789353
22.0,122.0,2006-12-01,2007-04-16,136,25,25.036798,25.493536,24.511948,82.84428,6.04359,3.6380713,86.178246,80.292435,7.485497,4.5454826
22.0,121.0,2006-12-01,2007-04-16,136,25,24.75584,26.067087,23.702412,81.687096,4.3081965,4.5374556,87.18074,75.131134,5.299985,3.1982052
25.0,122.0,2006-12-01,2007-04-17,137,25,24.104752,24.600317,23.453316,81.64462,5.1758003,4.775791,85.25413,78.17215,6.7013636,3.5083659
25.0,120.0,2006-12-01,2007-04-17,137,25,21.940971,23.693516,20.752808,83.76614,3.7934442,5.030614,90.28917,75.14417,5.010943,2.3662138
24.0,122.0,2006-12-01,2007-04-17,137,25,22.9017,24.077375,21.95668,82.8291,4.153187,4.3641114,86.73455,77.51094,5.461388,2.6895618
25.0,121.0,2006-12-01,2007-04-17,137,25,23.334787,24.442783,22.507462,82.357796,4.1269865,5.3891954,87.96131,76.50632,5.395421,2.5948236
23.0,122.0,2006-12-01,2007-04-17,137,25,23.076288,24.367304,22.12832,84.49228,3.830006,4.134922,88.5912,78.52184,4.9641304,2.6792417
23.0,121.0,2006-12-01,2007-04-17,137,25,22.69854,25.00438,21.222046,83.246735,2.0791073,4.1260695,89.8909,72.31464,2.9403796,1.2911586
24.0,120.0,2006-12-01,2007-04-17,137,25,23.935493,25.060781,23.109121,82.59717,4.3453794,4.36319,87.86905,76.336945,5.7641616,2.838983
24.0,121.0,2006-12-01,2007-04-17,137,25,22.120476,23.993355,20.86126,83.65949,2.840779,4.9778185,89.62803,75.15968,3.9618435,1.6888208
22.0,121.0,2006-12-01,2007-04-17,137,25,25.06922,26.405708,24.161993,81.974045,4.0156155,3.2700508,87.472145,74.199715,5.110978,2.9502087
22.0,120.0,2006-12-01,2007-04-17,137,25,25.26523,26.646574,24.336084,81.37254,4.002594,3.4583416,86.638084,73.9558,5.053097,3.074437
22.0,122.0,2006-12-01,2007-04-17,137,25,25.446037,25.911171,24.869282,83.33839,5.791368,3.277372,86.70941,80.23886,7.3532395,4.3700156
23.0,120.0,2006-12-01,2007-04-17,137,25,24.519669,26.044483,23.544662,82.1421,3.4125128,3.5141914,88.00386,73.58931,4.501675,2.3522816
24.0,122.0,2006-12-01,2007-04-18,138,25,22.983528,24.116114,22.038721,83.5597,4.4303007,4.696758,87.94635,78.56746,5.716127,2.9623792
25.0,121.0,2006-12-01,2007-04-18,138,25,23.547094,24.721718,22.58542,81.895134,4.807606,3.0094335,87.40287,75.599686,6.099413,3.1810844
25.0,122.0,2006-12-01,2007-04-18,138,25,24.226385,24.756042,23.653082,81.875755,5.8833966,3.2322145,86.10003,78.17406,7.1777587,4.533959
25.0,120.0,2006-12-01,2007-04-18,138,25,22.347057,24.192924,21.025932,83.37365,4.528837,2.6832068,90.066055,74.43455,5.9884906,2.6841638
23.0,121.0,2006-12-01,2007-04-18,138,25,22.827814,24.949463,21.236694,83.838776,2.2345994,5.162456,90.56314,74.46442,3.1687438,1.4297953
23.0,122.0,2006-12-01,2007-04-18,138,25,23.180153,24.46045,22.174751,84.754776,4.3759227,4.0568004,88.896034,79.33443,5.515894,3.0674217
24.0,121.0,2006-12-01,2007-04-18,138,25,22.293049,24.203594,20.867197,83.67891,3.2261198,4.4822154,89.64487,75.58653,4.457759,1.732489
24.0,120.0,2006-12-01,2007-04-18,138,25,24.154036,25.314716,23.279457,82.71478,4.853778,3.0015094,88.0713,76.43583,6.7024856,2.577241
22.0,122.0,2006-12-01,2007-04-18,138,25,25.556395,25.994297,25.073616,83.71757,6.662182,3.306687,86.521164,80.90315,7.785959,5.5089574
23.0,120.0,2006-12-01,2007-04-18,138,25,24.695171,26.009077,23.70475,82.84503,3.6617167,3.6768615,88.77784,75.48093,4.926311,2.2809708
22.0,121.0,2006-12-01,2007-04-18,138,25,25.205236,26.431196,24.229326,82.68235,4.495862,4.415693,87.91921,76.45662,5.464795,3.6672583
22.0,120.0,2006-12-01,2007-04-18,138,25,25.422243,26.653843,24.44642,81.94587,4.3431816,3.5685315,87.2559,75.68085,5.2951875,3.4697607
25.0,122.0,2006-12-01,2007-04-19,139,25,24.279926,24.763775,23.678818,79.88672,5.746737,2.0738158,83.50447,76.74708,6.868645,4.7094884
25.0,121.0,2006-12-01,2007-04-19,139,25,23.746557,24.818462,22.878925,80.329094,4.3952546,1.5174915,85.26978,74.30584,5.4274755,3.256875
24.0,122.0,2006-12-01,2007-04-19,139,25,22.949347,24.138983,21.97953,82.01167,4.5768404,3.6665308,86.20754,76.72488,5.7049947,3.3352938
25.0,120.0,2006-12-01,2007-04-19,139,25,22.593523,24.354433,21.308256,82.814255,4.3334146,1.4326428,88.954094,74.18877,5.5911913,2.8058062
23.0,122.0,2006-12-01,2007-04-19,139,25,23.143305,24.431868,22.127222,83.81543,4.2651844,3.5371387,88.209274,78.05707,5.2256756,3.179939
23.0,121.0,2006-12-01,2007-04-19,139,25,22.84719,25.09562,21.214775,82.64875,2.3510287,4.1777015,89.52817,72.39027,3.2497225,1.5433803
24.0,120.0,2006-12-01,2007-04-19,139,25,24.355179,25.468838,23.486757,82.02219,4.640675,1.457359,86.454926,76.155975,6.0206547,2.957129
24.0,121.0,2006-12-01,2007-04-19,139,25,22.405989,24.31487,21.013481,82.612785,3.1741724,3.1099024,88.38678,74.14299,4.1892366,1.9551685
22.0,121.0,2006-12-01,2007-04-19,139,25,25.212463,26.481358,24.193628,81.940956,4.6107388,3.0647187,87.323105,75.19681,5.3406725,3.7077727
22.0,120.0,2006-12-01,2007-04-19,139,25,25.469715,26.742626,24.49891,81.35752,4.5177064,3.344261,86.85756,74.29515,5.403634,3.5828211
22.0,122.0,2006-12-01,2007-04-19,139,25,25.507195,25.922817,25.028637,83.24428,6.492547,2.4192712,86.23762,80.59775,7.449979,5.514761
23.0,120.0,2006-12-01,2007-04-19,139,25,24.803503,26.257236,23.788881,82.00029,3.5827346,2.5208955,87.44957,74.169876,4.792218,2.358176
24.0,122.0,2006-12-01,2007-04-20,140,25,23.1547,24.2846,22.234175,82.78743,4.4158587,3.121792,87.019745,77.49155,5.5589933,3.183231
25.0,120.0,2006-12-01,2007-04-20,140,25,22.806215,24.616953,21.455328,83.613556,3.995319,2.6051514,89.38587,75.22422,5.326297,2.4514818
25.0,122.0,2006-12-01,2007-04-20,140,25,24.60485,25.157408,23.96248,81.728096,5.454148,2.8306544,84.53073,78.80271,6.605092,4.180941
25.0,121.0,2006-12-01,2007-04-20,140,25,24.002085,25.17046,23.046001,81.84225,4.078513,2.8394947,86.720726,75.66481,5.3210936,2.6346395
23.0,121.0,2006-12-01,2007-04-20,140,25,22.975462,25.24066,21.35191,82.762146,2.252294,2.4369714,90.681335,71.45582,3.1297503,1.4993347
23.0,122.0,2006-12-01,2007-04-20,140,25,23.32001,24.593287,22.35608,84.06519,3.922854,2.4156141,88.74507,77.63877,4.9777236,2.8032715
24.0,121.0,2006-12-01,2007-04-20,140,25,22.54121,24.460386,21.118671,83.08497,2.7748268,3.1272814,89.65723,73.940735,3.7358472,1.4541701
24.0,120.0,2006-12-01,2007-04-20,140,25,24.59026,25.700523,23.755444,81.98872,3.987567,1.8715118,86.93757,75.825264,5.390734,2.412354
22.0,122.0,2006-12-01,2007-04-20,140,25,25.744795,26.178082,25.194258,83.16571,5.8177586,1.1598133,86.28907,80.06561,6.9409003,4.433364
23.0,120.0,2006-12-01,2007-04-20,140,25,25.031845,26.470078,24.00933,81.61565,3.3212142,1.1756873,88.173454,73.15297,4.347503,2.253554
22.0,121.0,2006-12-01,2007-04-20,140,25,25.401339,26.713306,24.44311,81.72601,4.1500325,1.1817889,87.93137,73.92892,4.959924,3.3498347
22.0,120.0,2006-12-01,2007-04-20,140,25,25.617958,26.92164,24.652344,81.317116,4.2776885,1.0838287,87.172516,73.79714,5.2010455,3.4000125
25.0,122.0,2006-12-01,2007-04-21,141,25,24.4124,25.091202,23.613121,81.10937,5.929882,3.5082934,84.53582,77.92722,7.490352,4.125943
25.0,121.0,2006-12-01,2007-04-21,141,25,23.868664,25.091946,22.764555,81.263275,5.2821965,3.3317003,85.88514,75.664505,6.678815,3.600013
24.0,122.0,2006-12-01,2007-04-21,141,25,23.28977,24.549664,22.23722,82.646935,4.611192,3.861377,86.68356,77.44335,6.0061364,3.0578725
25.0,120.0,2006-12-01,2007-04-21,141,25,22.730152,24.466963,21.303417,83.47798,5.1896877,4.012549,89.02111,76.07337,6.5555115,3.406023
23.0,122.0,2006-12-01,2007-04-21,141,25,23.536943,24.875742,22.467388,84.55541,4.5527534,2.948297,88.76678,78.6658,5.8682113,3.0077877
23.0,121.0,2006-12-01,2007-04-21,141,25,23.232578,25.530935,21.566591,82.67598,2.3301575,3.5974097,89.319786,71.98465,3.3425512,1.4563502
24.0,120.0,2006-12-01,2007-04-21,141,25,24.604633,25.849741,23.616436,82.800705,5.275424,2.3578858,87.67547,76.28913,6.758063,3.7462783
24.0,121.0,2006-12-01,2007-04-21,141,25,22.735676,24.697084,21.20191,82.97439,3.6443784,3.6895704,88.873825,74.38778,4.889837,2.2183044
22.0,121.0,2006-12-01,2007-04-21,141,25,25.600584,26.986094,24.562632,82.16076,4.1790843,1.8264698,87.44875,75.04278,5.155714,3.217889
22.0,120.0,2006-12-01,2007-04-21,141,25,25.845736,27.233774,24.84607,81.02228,3.8385792,1.7703161,86.37269,73.6526,4.923164,2.7674367
22.0,122.0,2006-12-01,2007-04-21,141,25,25.903564,26.366377,25.301035,84.15552,6.416156,1.1788917,86.970085,81.75173,7.830745,4.770454
23.0,120.0,2006-12-01,2007-04-21,141,25,25.10813,26.676163,24.03028,82.47799,3.7432592,2.2604296,87.991356,74.007256,4.858797,2.6194293
24.0,122.0,2006-12-01,2007-04-22,142,25,22.927227,24.050488,22.009624,81.831184,4.1850777,4.15281,85.4698,77.22405,5.634071,2.5687394
25.0,120.0,2006-12-01,2007-04-22,142,25,22.13918,23.903082,20.8086,82.191696,4.78113,7.1911426,89.39939,74.240746,6.4698668,2.8808844
25.0,122.0,2006-12-01,2007-04-22,142,25,23.94867,24.621271,23.264307,79.567276,5.6817694,5.8392115,83.13533,76.28466,7.268277,3.968893
25.0,121.0,2006-12-01,2007-04-22,142,25,23.400877,24.572144,22.40793,79.96258,4.897068,7.9958935,85.957375,74.17212,6.545301,3.0493822
23.0,121.0,2006-12-01,2007-04-22,142,25,23.0149,25.068027,21.457525,82.20043,2.2404275,4.372229,88.92712,72.89524,3.2025135,1.4307196
23.0,122.0,2006-12-01,2007-04-22,142,25,23.265451,24.504257,22.284164,83.52564,4.7068496,3.5168238,87.66046,78.23061,6.125458,3.0954437
24.0,121.0,2006-12-01,2007-04-22,142,25,22.369587,24.201733,20.979273,82.394485,3.4298525,6.3296275,88.35206,74.68625,4.8094907,1.775221
24.0,120.0,2006-12-01,2007-04-22,142,25,24.146809,25.313921,23.230112,81.85436,5.2934527,6.196259,86.84281,76.4757,6.881769,3.389018
22.0,122.0,2006-12-01,2007-04-22,142,25,25.63345,26.131435,25.080235,82.853806,7.197411,1.8829663,85.75597,80.070305,8.55471,5.4889
23.0,120.0,2006-12-01,2007-04-22,142,25,24.798576,26.135061,23.732334,81.63165,3.8266168,4.244662,86.82627,74.842316,5.019761,2.484983
22.0,121.0,2006-12-01,2007-04-22,142,25,25.38431,26.59583,24.334175,81.42462,4.7052054,2.7392304,86.607216,75.322365,5.715064,3.5421207
22.0,120.0,2006-12-01,2007-04-22,142,25,25.66647,26.928755,24.613976,80.7097,4.268784,3.0599718,85.841194,74.21436,5.426553,3.1341772
25.0,122.0,2006-12-01,2007-04-23,143,25,24.351137,24.783924,23.7991,79.335655,5.180261,5.1537013,82.91039,76.1315,6.248294,4.0160923
25.0,121.0,2006-12-01,2007-04-23,143,25,23.706942,24.73897,22.856806,80.79002,3.946533,6.9701076,86.21278,74.78655,5.138485,2.7988377
24.0,122.0,2006-12-01,2007-04-23,143,25,22.96038,24.001875,22.155762,81.30436,3.8632705,4.4960523,85.482765,75.968056,4.9097795,2.8158236
25.0,120.0,2006-12-01,2007-04-23,143,25,22.331795,24.061977,21.172022,82.65539,3.715547,7.027732,88.884415,74.221,5.1043787,2.2315798
23.0,122.0,2006-12-01,2007-04-23,143,25,23.14157,24.293777,22.322779,83.05119,4.107314,3.3043373,87.23342,77.336525,5.0376854,2.9346955
23.0,121.0,2006-12-01,2007-04-23,143,25,22.859404,24.94272,21.366905,81.959465,2.0688474,4.363296,89.15099,71.865105,2.787282,1.3653228
24.0,120.0,2006-12-01,2007-04-23,143,25,24.210905,25.258629,23.373995,81.94551,4.006563,6.277359,86.995804,75.724724,5.402254,2.4918945
24.0,121.0,2006-12-01,2007-04-23,143,25,22.305632,24.093584,21.027437,82.93442,2.6753275,6.3228307,88.64206,74.42664,3.6435294,1.6841432
22.0,121.0,2006-12-01,2007-04-23,143,25,25.221865,26.379524,24.329912,80.661804,4.474945,3.0141156,86.40322,73.784996,5.468335,3.457948
22.0,120.0,2006-12-01,2007-04-23,143,25,25.498882,26.68171,24.60353,80.174675,4.372587,3.2533917,85.91667,73.211426,5.3936534,3.3249981
22.0,122.0,2006-12-01,2007-04-23,143,25,25.502806,25.922314,24.998936,81.89105,6.4637403,1.9478308,84.83089,79.08318,7.828914,5.084747
23.0,120.0,2006-12-01,2007-04-23,143,25,24.771744,26.104664,23.79223,80.91486,3.1889107,4.3233185,87.34511,73.08397,4.237888,2.163327
24.0,122.0,2006-12-01,2007-04-24,144,25,23.048487,24.16277,22.028437,83.094315,4.1048493,8.558514,87.30036,78.16629,5.472172,2.6627514
25.0,120.0,2006-12-01,2007-04-24,144,25,22.551416,24.252518,21.307383,84.43466,3.7911258,12.230396,89.952736,77.27255,5.2095203,2.173158
25.0,122.0,2006-12-01,2007-04-24,144,25,24.278332,24.89746,23.640331,81.64953,5.695034,7.938396,84.84925,79.01573,7.2790804,4.18709
25.0,121.0,2006-12-01,2007-04-24,144,25,23.71323,24.820904,22.745434,82.66067,4.388719,10.206466,87.31913,77.476585,5.766521,3.122602
23.0,121.0,2006-12-01,2007-04-24,144,25,23.027143,25.167542,21.487389,83.19406,2.2354956,7.376262,90.31731,72.97133,3.0563748,1.4749509
23.0,122.0,2006-12-01,2007-04-24,144,25,23.389631,24.684643,22.358458,84.28513,4.0730157,7.6820445,89.06577,78.266014,5.285861,2.6477184
24.0,121.0,2006-12-01,2007-04-24,144,25,22.473276,24.264013,21.137833,84.26354,2.7087142,10.842447,89.85527,76.73709,3.8896666,1.6518142
24.0,120.0,2006-12-01,2007-04-24,144,25,24.388872,25.476404,23.48623,83.4518,4.123802,10.769524,88.15689,77.95289,5.89893,2.5837762
22.0,122.0,2006-12-01,2007-04-24,144,25,25.810781,26.370396,25.140497,83.02864,6.407824,4.6357884,86.967064,79.34793,7.8079515,4.7923183
23.0,120.0,2006-12-01,2007-04-24,144,25,24.94969,26.299152,23.887714,82.354836,3.410082,7.302423,88.43271,74.70411,4.5868125,2.2942483
22.0,121.0,2006-12-01,2007-04-24,144,25,25.448967,26.700747,24.432457,81.81481,4.4510865,4.320546,87.54882,74.64085,5.431954,3.4153936
22.0,120.0,2006-12-01,2007-04-24,144,25,25.658056,26.910973,24.628227,81.53797,4.372411,4.977895,87.28745,74.450005,5.480398,3.148251
25.0,122.0,2006-12-01,2007-04-25,145,25,24.38778,24.836567,23.891035,81.27888,5.8707733,7.6431565,83.97071,78.482124,7.1599827,4.4712114
25.0,121.0,2006-12-01,2007-04-25,145,25,23.821806,24.709057,23.103209,82.33373,4.7616353,7.5003333,86.44145,77.33931,6.013509,3.4017367
24.0,122.0,2006-12-01,2007-04-25,145,25,23.16217,24.115131,22.276182,83.50331,4.3075237,9.72842,86.74024,79.38084,5.649399,2.9682932
25.0,120.0,2006-12-01,2007-04-25,145,25,22.75641,24.39194,21.607685,84.33718,4.3900323,6.8738084,89.83131,76.537506,5.735757,2.9236178
23.0,122.0,2006-12-01,2007-04-25,145,25,23.48929,24.512949,22.60267,85.16911,4.3617597,7.3938293,88.93752,80.312904,5.5499024,3.0540473
23.0,121.0,2006-12-01,2007-04-25,145,25,23.130827,24.995342,21.710117,84.0852,2.2811825,8.9407625,90.16824,75.28918,3.2413497,1.4858298
24.0,120.0,2006-12-01,2007-04-25,145,25,24.474968,25.366323,23.750679,84.17153,4.7111516,7.392302,88.5258,79.068,6.2071114,3.1147647
24.0,121.0,2006-12-01,2007-04-25,145,25,22.58592,24.047283,21.387222,84.71791,3.2203188,9.603604,89.7719,78.0127,4.425741,1.9700711
22.0,121.0,2006-12-01,2007-04-25,145,25,25.572876,26.714859,24.640095,82.97283,4.275909,5.0763226,88.21223,76.46192,5.538371,2.9765384
22.0,120.0,2006-12-01,2007-04-25,145,25,25.788246,26.929737,24.889063,82.5868,4.1384864,6.3122835,87.47877,76.26348,5.5660467,2.677435
22.0,122.0,2006-12-01,2007-04-25,145,25,25.930481,26.36437,25.361006,84.13131,6.4249306,3.5238929,86.997894,81.40634,7.8415937,4.9142785
23.0,120.0,2006-12-01,2007-04-25,145,25,25.02649,26.258957,24.08935,83.51083,3.6060388,6.727948,88.47704,76.50609,4.8040996,2.3984451
24.0,122.0,2006-12-01,2007-04-26,146,25,23.102219,24.183584,22.090708,83.077225,4.2330575,10.074616,87.10684,78.625626,5.707857,2.6698906
25.0,120.0,2006-12-01,2007-04-26,146,25,22.43542,24.046335,21.16538,84.06309,4.739423,8.178866,89.29241,77.26377,6.293872,2.7012646
25.0,122.0,2006-12-01,2007-04-26,146,25,24.14414,24.817698,23.417164,80.58315,5.921739,8.873753,84.6884,76.51074,7.561524,3.9146707
25.0,121.0,2006-12-01,2007-04-26,146,25,23.539091,24.56031,22.597872,82.106476,5.2039638,8.178866,86.39236,77.17378,6.745512,3.2259545
23.0,121.0,2006-12-01,2007-04-26,146,25,23.148464,25.125605,21.579346,84.00405,2.2215497,6.7485094,89.77083,75.68996,3.0547962,1.4444541
23.0,122.0,2006-12-01,2007-04-26,146,25,23.505312,24.68897,22.439419,85.20798,4.1522403,6.973424,89.03874,80.28319,5.5147386,2.73822
24.0,121.0,2006-12-01,2007-04-26,146,25,22.486784,24.110567,21.14249,84.80149,3.2190528,9.3806505,89.53904,77.97106,4.5691843,1.728086
24.0,120.0,2006-12-01,2007-04-26,146,25,24.312752,25.361801,23.42145,83.89502,4.8354125,6.873018,87.83938,78.31489,6.5900993,2.9258451
22.0,122.0,2006-12-01,2007-04-26,146,25,25.98496,26.48983,25.345366,83.9149,6.4142265,2.4116578,87.02951,80.68125,7.7519135,5.2223597
23.0,120.0,2006-12-01,2007-04-26,146,25,24.980494,26.296778,23.927954,83.07949,3.587207,4.2344704,87.98731,76.67735,4.8727736,2.4144404
22.0,121.0,2006-12-01,2007-04-26,146,25,25.62883,26.862677,24.577543,82.64,4.385128,2.1843,87.38989,76.93984,5.5389924,3.4270258
22.0,120.0,2006-12-01,2007-04-26,146,25,25.831194,27.06769,24.82687,81.88025,4.069366,2.499239,86.63085,76.19014,5.1847925,2.934671
25.0,122.0,2006-12-01,2007-04-27,147,25,24.030603,24.45546,23.481646,78.85886,6.0652647,7.8346095,82.59402,75.49795,7.279652,4.6466417
25.0,121.0,2006-12-01,2007-04-27,147,25,23.44964,24.299501,22.64291,80.19597,4.965387,10.3723135,84.86643,75.46664,6.187698,3.4793923
24.0,122.0,2006-12-01,2007-04-27,147,25,22.824194,23.749819,22.025703,81.6786,4.528934,6.9540405,85.56365,77.73838,5.518564,3.4780304
25.0,120.0,2006-12-01,2007-04-27,147,25,22.3656,23.790337,21.141602,81.97459,4.492418,8.774716,87.0737,75.30831,5.852823,2.8695025
23.0,122.0,2006-12-01,2007-04-27,147,25,23.156069,24.175356,22.312231,83.51137,4.259839,5.2099586,87.45226,78.62397,5.3217535,3.0408957
23.0,121.0,2006-12-01,2007-04-27,147,25,22.841867,24.703325,21.425606,82.78121,2.2904615,5.969237,88.84479,74.27217,3.1031003,1.6280366
24.0,120.0,2006-12-01,2007-04-27,147,25,24.21638,25.070898,23.486645,81.68144,4.792987,8.569657,86.45807,76.351685,5.9687386,3.352382
24.0,121.0,2006-12-01,2007-04-27,147,25,22.232689,23.68143,21.07105,83.18461,3.302244,9.510803,88.38456,76.52137,4.207641,2.251688
22.0,121.0,2006-12-01,2007-04-27,147,25,25.379742,26.525318,24.41961,81.26703,4.397829,2.8167627,86.32414,75.09411,5.300644,3.4526298
22.0,120.0,2006-12-01,2007-04-27,147,25,25.620049,26.778477,24.668116,80.438644,4.267089,3.2407928,85.24941,74.67083,5.517207,3.0482776
22.0,122.0,2006-12-01,2007-04-27,147,25,25.692951,26.13253,25.191284,82.072716,6.413728,2.0535169,84.92083,79.1492,7.5862064,5.0380025
23.0,120.0,2006-12-01,2007-04-27,147,25,24.832676,26.071968,23.874962,81.20333,3.5797393,5.0274587,86.4638,74.704735,4.5564013,2.5052192
24.0,122.0,2006-12-01,2007-04-28,148,25,22.750366,23.758818,21.96557,80.997604,4.610118,6.3887987,85.09906,76.35611,5.696269,3.370726
25.0,120.0,2006-12-01,2007-04-28,148,25,22.299692,23.762434,21.19144,81.65893,4.6564426,7.5625095,88.27399,74.64038,6.1163206,2.8031192
25.0,122.0,2006-12-01,2007-04-28,148,25,24.004534,24.554253,23.3733,78.111374,6.4091187,6.174268,82.82623,73.96914,7.480294,5.1424212
25.0,121.0,2006-12-01,2007-04-28,148,25,23.409056,24.349268,22.655289,79.77061,5.065465,7.597894,85.74101,74.44438,6.373172,3.5168393
23.0,121.0,2006-12-01,2007-04-28,148,25,22.799273,24.785616,21.388716,82.27876,2.325398,5.2712355,88.27029,73.5766,3.1211584,1.6071423
23.0,122.0,2006-12-01,2007-04-28,148,25,23.125774,24.255745,22.20916,82.607346,4.3204727,4.3642507,86.47204,77.93002,5.558493,2.7854135
24.0,121.0,2006-12-01,2007-04-28,148,25,22.144533,23.750206,20.950699,82.88366,3.2329166,7.8234205,88.60973,75.7842,4.373279,1.8776753
24.0,120.0,2006-12-01,2007-04-28,148,25,24.13819,25.069668,23.39895,80.94205,4.7368727,6.6131096,86.18551,75.47183,6.463942,2.842268
22.0,122.0,2006-12-01,2007-04-28,148,25,25.709143,26.19474,25.065987,80.92233,6.8598676,1.9460425,84.35727,78.41027,8.164123,5.488603
23.0,120.0,2006-12-01,2007-04-28,148,25,24.799969,26.092182,23.86711,80.28638,3.5589297,4.063655,85.51406,73.2988,4.7232676,2.3073297
22.0,121.0,2006-12-01,2007-04-28,148,25,25.383726,26.580788,24.381817,80.479675,4.822984,2.8576026,85.505486,74.579445,5.69554,3.9595509
22.0,120.0,2006-12-01,2007-04-28,148,25,25.604012,26.832321,24.641298,80.20994,4.893873,3.7200391,85.46052,73.85133,5.8589025,3.9380035
25.0,122.0,2006-12-01,2007-04-29,149,25,24.24615,24.713127,23.639307,79.011604,5.9565883,6.7143507,82.86663,75.90146,7.3960795,4.57129
25.0,121.0,2006-12-01,2007-04-29,149,25,23.584753,24.422094,22.773144,80.51025,4.2768693,7.765337,85.91169,75.29313,5.7877784,2.8423388
24.0,122.0,2006-12-01,2007-04-29,149,25,22.970215,23.914406,22.102934,81.65568,4.5634294,7.4857836,85.47747,77.7532,5.883582,3.1945422
25.0,120.0,2006-12-01,2007-04-29,149,25,22.49864,23.952333,21.267881,82.39367,4.0277185,7.729327,88.77413,75.45129,5.5519166,2.4812698
23.0,122.0,2006-12-01,2007-04-29,149,25,23.324587,24.36155,22.478941,83.27004,4.0924788,6.6328297,87.31914,78.34393,5.107441,2.8500767
23.0,121.0,2006-12-01,2007-04-29,149,25,22.927038,24.816168,21.540098,82.994705,2.3852139,6.36885,89.19926,74.50921,3.3047898,1.5464839
24.0,120.0,2006-12-01,2007-04-29,149,25,24.28079,25.154,23.446693,81.75477,4.270915,6.5125904,86.71791,76.80559,6.098674,2.4455426
24.0,121.0,2006-12-01,2007-04-29,149,25,22.297901,23.764214,21.124868,83.368484,2.8189414,8.548108,88.92766,76.70129,4.032203,1.6547505
22.0,121.0,2006-12-01,2007-04-29,149,25,25.4808,26.606285,24.578003,81.59109,4.7206407,3.2899377,87.06064,75.84285,5.608448,3.729531
22.0,120.0,2006-12-01,2007-04-29,149,25,25.705654,26.841612,24.81829,81.32485,4.8037505,3.5960302,86.79863,75.33577,5.8470697,3.4315884
22.0,122.0,2006-12-01,2007-04-29,149,25,25.877825,26.298609,25.36899,81.971565,6.4806175,3.5511682,85.52796,78.78694,7.6712713,5.115338
23.0,120.0,2006-12-01,2007-04-29,149,25,24.917124,26.188868,23.94689,81.34592,3.6426208,4.322957,86.71948,74.69314,4.7051506,2.5361145
24.0,122.0,2006-12-01,2007-04-30,150,25,23.194614,24.165302,22.344677,82.12581,4.6044445,6.424609,86.7114,77.613754,5.657091,3.5554428
25.0,120.0,2006-12-01,2007-04-30,150,25,22.711136,24.01838,21.750538,82.90775,3.7552905,5.925641,88.93433,75.75306,4.833161,2.490656
25.0,122.0,2006-12-01,2007-04-30,150,25,24.561113,25.046465,24.014868,79.433395,5.8030825,4.695178,84.007774,75.530754,7.023708,4.6928735
25.0,121.0,2006-12-01,2007-04-30,150,25,23.936455,24.773514,23.246328,80.50656,4.1395426,4.8923182,86.10234,74.896545,5.314817,2.825065
23.0,121.0,2006-12-01,2007-04-30,150,25,23.190447,25.074697,21.816338,83.193665,2.2660224,6.8332386,89.563644,74.84084,3.0983622,1.5176791
23.0,122.0,2006-12-01,2007-04-30,150,25,23.51348,24.63813,22.579111,83.92551,4.1293178,6.5280614,88.24013,78.94295,5.167402,3.0033953
24.0,121.0,2006-12-01,2007-04-30,150,25,22.559538,24.010752,21.480263,83.381256,2.7967596,6.623276,88.88502,76.72121,3.7046957,1.7616752
24.0,120.0,2006-12-01,2007-04-30,150,25,24.51115,25.351843,23.835499,81.61326,4.1529555,4.603622,86.48741,76.45635,5.3365107,2.8325577
22.0,122.0,2006-12-01,2007-04-30,150,25,25.952217,26.470331,25.381275,82.91096,6.396028,4.23163,85.94381,80.185104,7.6188087,4.952578
23.0,120.0,2006-12-01,2007-04-30,150,25,25.14932,26.374233,24.251978,81.38368,3.4348686,4.8126698,86.93115,74.827576,4.29825,2.5733774
22.0,121.0,2006-12-01,2007-04-30,150,25,25.629898,26.782232,24.734995,82.061386,4.4696574,4.5431976,86.77503,76.517395,5.5627985,3.3114846
22.0,120.0,2006-12-01,2007-04-30,150,25,25.867495,27.038662,24.98454,81.83871,4.3770275,6.5143285,86.61958,76.01044,5.525807,3.2859223
