latitude,longitude,init_date,valid_date,lead_day,ens_n,t2m_C,t2m_C_max,t2m_C_min,rh_pct,wind_mps,tp_mm_mean
22.0,120.0,2020-07-01,2020-07-01,0,51,27.955832,28.960346,27.221296,85.40574,4.9214573,0.0
22.0,120.0,2020-07-01,2020-07-02,1,51,27.988235,28.886557,27.30868,84.97494,4.4118986,5.8190584
22.0,120.0,2020-07-01,2020-07-03,2,51,28.366945,29.338367,27.539595,82.38088,3.0123339,1.6953847
22.0,120.0,2020-07-01,2020-07-04,3,51,28.500105,29.524458,27.644037,81.757675,2.5348725,1.5062484
22.0,120.0,2020-07-01,2020-07-05,4,51,28.369673,29.290169,27.634604,82.64618,3.044464,2.2373164
22.0,120.0,2020-07-01,2020-07-06,5,51,28.288357,29.098614,27.593979,83.36994,3.3506172,3.9250712
22.0,120.0,2020-07-01,2020-07-07,6,51,28.313164,29.205786,27.599373,83.25098,3.0842981,4.492102
22.0,120.0,2020-07-01,2020-07-08,7,51,28.454927,29.324593,27.764486,82.10479,2.740446,3.4641654
22.0,120.0,2020-07-01,2020-07-09,8,51,28.370733,29.087805,27.727945,81.64563,2.6298418,4.438327
22.0,120.0,2020-07-01,2020-07-10,9,51,28.40468,29.285679,27.653885,81.60528,2.7390254,3.8990946
22.0,120.0,2020-07-01,2020-07-11,10,51,28.253935,29.048061,27.575907,82.23659,2.9245331,5.8920994
22.0,120.0,2020-07-01,2020-07-12,11,51,28.142044,28.92917,27.438492,83.13454,3.5415564,8.005237
22.0,120.0,2020-07-01,2020-07-13,12,51,28.183996,29.04728,27.476997,83.095215,3.8700776,6.6521215
22.0,120.0,2020-07-01,2020-07-14,13,51,28.279505,29.113064,27.551254,82.7921,3.6854846,5.1449513
22.0,120.0,2020-07-01,2020-07-15,14,51,28.239809,29.098034,27.510736,82.84666,3.6499119,6.122714
22.0,120.0,2020-07-01,2020-07-16,15,51,28.326889,29.199032,27.588602,82.569336,3.4727705,5.743407
22.0,120.0,2020-07-01,2020-07-17,16,51,28.394852,29.175394,27.735725,82.59641,3.4020634,5.350592
22.0,120.0,2020-07-01,2020-07-18,17,51,28.516607,29.290712,27.817318,82.43728,3.3871498,4.181115
22.0,120.0,2020-07-01,2020-07-19,18,51,28.64947,29.510275,27.884296,82.39655,3.71818,3.9086328
22.0,120.0,2020-07-01,2020-07-20,19,51,28.734383,29.741858,27.895683,82.1265,3.8631272,3.3748522
22.0,120.0,2020-07-01,2020-07-21,20,51,28.722363,29.80418,27.865532,82.182556,3.6662893,3.087589
22.0,120.0,2020-07-01,2020-07-22,21,51,28.611778,29.606518,27.783365,82.13776,3.4426222,4.3202367
22.0,120.0,2020-07-01,2020-07-23,22,51,28.47963,29.36196,27.717285,82.280304,3.2643278,4.9031563
22.0,120.0,2020-07-01,2020-07-24,23,51,28.450508,29.324095,27.700323,82.10381,3.256802,6.3324695
22.0,120.0,2020-07-01,2020-07-25,24,51,28.365387,29.200798,27.64012,82.449295,3.3978896,6.8422937
22.0,120.0,2020-07-01,2020-07-26,25,51,28.34327,29.2106,27.584482,82.53935,3.3641477,6.5374637
22.0,120.0,2020-07-01,2020-07-27,26,51,28.274195,29.143373,27.58544,82.941444,3.3809347,7.6294885
22.0,120.0,2020-07-01,2020-07-28,27,51,28.26057,29.019972,27.621752,83.22967,3.3058696,8.477681
22.0,120.0,2020-07-01,2020-07-29,28,51,28.223627,28.973425,27.575254,83.466866,3.5587146,11.125197
22.0,120.0,2020-07-01,2020-07-30,29,51,28.201048,29.069084,27.452208,83.694374,3.9485013,12.861409
22.0,120.0,2020-07-01,2020-07-31,30,51,28.182579,29.067675,27.486525,83.96106,3.9014866,11.760703
22.0,120.0,2020-07-01,2020-08-01,31,51,28.136631,28.898394,27.488527,84.20614,3.84415,12.177663
22.0,120.0,2020-07-01,2020-08-02,32,51,28.153706,28.932367,27.49135,84.26139,3.7067518,11.90673
22.0,120.0,2020-07-01,2020-08-03,33,51,28.117733,28.852596,27.443314,84.36479,3.528319,9.941366
22.0,120.0,2020-07-01,2020-08-04,34,51,28.173136,28.94745,27.486626,84.17405,3.3881826,9.127902
22.0,120.0,2020-07-01,2020-08-05,35,51,28.209137,28.972845,27.56129,84.36776,3.6139488,10.7887745
22.0,120.0,2020-07-01,2020-08-06,36,51,28.198498,28.979803,27.536655,84.6132,3.9978046,13.523466
22.0,120.0,2020-07-01,2020-08-07,37,51,28.104391,28.848358,27.445042,85.19639,4.402854,15.792815
22.0,120.0,2020-07-01,2020-08-08,38,51,28.029688,28.72316,27.462797,85.37364,4.43947,18.188183
22.0,120.0,2020-07-01,2020-08-09,39,51,28.036968,28.665512,27.46808,85.418106,4.5720487,20.273924
22.0,120.0,2020-07-01,2020-08-10,40,51,28.0386,28.74019,27.449469,85.55932,4.4163427,19.024862
22.0,120.0,2020-07-01,2020-08-11,41,51,28.077324,28.823616,27.474216,85.442245,4.3607802,16.637022
22.0,120.0,2020-07-01,2020-08-12,42,51,28.10646,28.778399,27.518162,85.21728,4.520235,17.627108
22.0,120.0,2020-07-01,2020-08-13,43,51,28.083681,28.762642,27.493158,85.38374,5.0629134,21.145536
22.0,120.0,2020-07-01,2020-08-14,44,51,27.988949,28.644571,27.422407,85.95862,4.902834,20.425407
22.0,120.0,2020-07-01,2020-08-15,45,51,28.034912,28.754,27.431799,85.47662,4.181221,15.185422
22.0,120.0,2020-07-01,2020-08-16,46,51,28.089142,28.792387,27.434052,85.15073,3.9336245,14.497732
22.0,120.0,2020-07-01,2020-08-17,47,51,28.086742,28.86602,27.432856,85.15525,4.1749587,17.65467
22.0,120.0,2020-07-01,2020-08-18,48,51,28.022915,28.75616,27.400497,85.47096,4.423845,18.520447
22.0,120.0,2020-07-01,2020-08-19,49,51,27.954954,28.669247,27.334288,85.59286,4.2855525,19.157444
22.0,120.0,2020-07-01,2020-08-20,50,51,27.91733,28.628046,27.285915,85.45827,4.3360972,19.42351
22.0,120.0,2020-07-01,2020-08-21,51,51,27.894651,28.580887,27.341555,85.53734,4.0874496,17.745584
22.0,120.0,2020-07-01,2020-08-22,52,51,27.834501,28.498785,27.254902,85.907425,4.072885,16.799437
22.0,120.0,2020-07-01,2020-08-23,53,51,27.820795,28.59308,27.186306,86.06434,4.160016,16.06204
22.0,120.0,2020-07-01,2020-08-24,54,51,27.888887,28.655405,27.292183,85.42166,4.187901,15.139347
22.0,120.0,2020-07-01,2020-08-25,55,51,27.950634,28.742552,27.338284,84.93969,4.344018,15.585706
22.0,120.0,2020-07-01,2020-08-26,56,51,27.966156,28.780462,27.314754,84.76186,4.516834,18.222225
22.0,120.0,2020-07-01,2020-08-27,57,51,27.935032,28.75088,27.299751,84.90501,4.5410986,15.992898
22.0,120.0,2020-07-01,2020-08-28,58,51,27.914139,28.710196,27.235323,85.010666,4.545982,14.825706
22.0,120.0,2020-07-01,2020-08-29,59,51,27.840147,28.638447,27.185894,85.4598,4.18677,11.270674
22.0,120.0,2020-07-01,2020-08-30,60,51,27.855808,28.646378,27.236818,85.158394,3.9569921,13.110996
22.0,120.0,2020-07-01,2020-08-31,61,51,27.944845,28.755415,27.291693,84.733376,3.8836544,10.23887
22.0,120.0,2020-07-01,2020-09-01,62,51,27.896416,28.719011,27.213888,84.790764,3.7757957,12.256854
22.0,120.0,2020-07-01,2020-09-02,63,51,27.907976,28.677183,27.29521,84.83307,4.0534377,13.375098
22.0,120.0,2020-07-01,2020-09-03,64,51,27.783562,28.457775,27.156878,85.24114,3.9483159,15.801039
22.0,120.0,2020-07-01,2020-09-04,65,51,27.899103,28.782047,27.18917,84.16935,4.072914,11.032214
22.0,120.0,2020-07-01,2020-09-05,66,51,27.864887,28.66102,27.207922,84.49668,3.7301059,9.306947
22.0,120.0,2020-07-01,2020-09-06,67,51,27.920399,28.67462,27.26765,83.97293,3.67729,9.223245
22.0,120.0,2020-07-01,2020-09-07,68,51,27.928295,28.793768,27.181015,83.68517,3.5455573,8.4990015
22.0,120.0,2020-07-01,2020-09-08,69,51,27.868814,28.767286,27.168577,83.25157,3.234151,10.81249
22.0,120.0,2020-07-01,2020-09-09,70,51,27.86044,28.72809,27.172794,83.139915,3.363845,9.8027315
22.0,120.0,2020-07-01,2020-09-10,71,51,27.846846,28.634823,27.213585,83.039505,3.5635436,9.374188
22.0,120.0,2020-07-01,2020-09-11,72,51,27.866123,28.765898,27.129602,83.10405,3.5749512,6.9184027
22.0,120.0,2020-07-01,2020-09-12,73,51,27.793413,28.673727,27.116503,83.22118,3.5739484,8.563647
22.0,120.0,2020-07-01,2020-09-13,74,51,27.771069,28.586132,27.132233,82.86137,3.903832,10.257808
22.0,120.0,2020-07-01,2020-09-14,75,51,27.692516,28.513222,27.04975,82.694305,3.8350313,8.2735405
22.0,120.0,2020-07-01,2020-09-15,76,51,27.68514,28.54558,26.97695,82.58625,3.5194001,8.819453
22.0,120.0,2020-07-01,2020-09-16,77,51,27.530695,28.351873,26.849653,83.12559,3.468584,9.551304
22.0,120.0,2020-07-01,2020-09-17,78,51,27.612415,28.50403,26.947836,82.31085,3.5632977,7.8925023
22.0,120.0,2020-07-01,2020-09-18,79,51,27.52153,28.360327,26.887358,82.51667,3.8109715,10.192758
22.0,120.0,2020-07-01,2020-09-19,80,51,27.487764,28.298048,26.886627,82.86532,3.96861,11.774612
22.0,120.0,2020-07-01,2020-09-20,81,51,27.408272,28.183245,26.715105,82.85197,4.147315,11.891173
22.0,120.0,2020-07-01,2020-09-21,82,51,27.41413,28.242527,26.783852,82.83549,4.373718,10.308895
22.0,120.0,2020-07-01,2020-09-22,83,51,27.387543,28.174244,26.706314,82.90741,4.3151226,10.060417
22.0,120.0,2020-07-01,2020-09-23,84,51,27.387264,28.244379,26.747997,82.453064,4.1161594,8.424499
22.0,120.0,2020-07-01,2020-09-24,85,51,27.44251,28.323902,26.765875,81.90399,4.0873537,8.018463
22.0,120.0,2020-07-01,2020-09-25,86,51,27.424929,28.290567,26.763145,81.61541,4.151708,8.931046
22.0,120.0,2020-07-01,2020-09-26,87,51,27.39288,28.251177,26.725906,81.40911,3.9801438,9.507907
22.0,120.0,2020-07-01,2020-09-27,88,51,27.32255,28.199146,26.642477,81.68765,4.3199244,8.6343
22.0,120.0,2020-07-01,2020-09-28,89,51,27.288912,28.197536,26.607815,81.52379,4.837393,6.9197593
22.0,120.0,2020-07-01,2020-09-29,90,51,27.172337,28.063116,26.511377,81.77429,4.897189,8.517884
22.0,120.0,2020-07-01,2020-09-30,91,51,27.156168,28.056658,26.468498,81.64623,4.7892237,6.699299
22.0,120.0,2020-07-01,2020-10-01,92,51,27.215704,28.111523,26.506166,80.955864,4.6071296,4.4927373
22.0,120.0,2020-07-01,2020-10-02,93,51,27.201292,28.16459,26.457409,81.53132,4.411855,5.583747
22.0,120.0,2020-07-01,2020-10-03,94,51,27.107319,28.029982,26.476646,81.47927,4.820124,6.688511
22.0,120.0,2020-07-01,2020-10-04,95,51,27.028376,27.928204,26.349005,81.61508,4.9630685,8.407662
22.0,120.0,2020-07-01,2020-10-05,96,51,26.848124,27.744553,26.171587,80.99008,5.1101475,9.203511
22.0,120.0,2020-07-01,2020-10-06,97,51,26.79829,27.719841,26.092527,80.60642,4.891896,7.8641305
22.0,120.0,2020-07-01,2020-10-07,98,51,26.745941,27.688366,26.037592,80.94757,5.09708,8.081551
22.0,120.0,2020-07-01,2020-10-08,99,51,26.742939,27.647383,26.124697,80.331474,4.57629,5.3473935
22.0,120.0,2020-07-01,2020-10-09,100,51,26.791906,27.689117,26.10565,80.1942,4.671021,4.628114
22.0,120.0,2020-07-01,2020-10-10,101,51,26.759556,27.699444,26.096045,80.525085,5.057373,6.4694915
22.0,120.0,2020-07-01,2020-10-11,102,51,26.616167,27.511463,25.961443,80.04543,5.0144753,8.125086
22.0,120.0,2020-07-01,2020-10-12,103,51,26.461054,27.404297,25.742374,79.76079,5.0154696,5.526132
22.0,120.0,2020-07-01,2020-10-13,104,51,26.368763,27.254862,25.725693,79.668976,5.0046706,5.2208886
22.0,120.0,2020-07-01,2020-10-14,105,51,26.314629,27.246733,25.568577,79.703896,4.7932935,4.172927
22.0,120.0,2020-07-01,2020-10-15,106,51,26.204535,27.19829,25.467772,78.94949,4.7311726,3.6489072
22.0,120.0,2020-07-01,2020-10-16,107,51,26.23766,27.227133,25.55316,79.23328,4.8854666,5.0457225
22.0,120.0,2020-07-01,2020-10-17,108,51,26.123013,27.028149,25.408627,79.642586,4.9403906,4.531701
22.0,120.0,2020-07-01,2020-10-18,109,51,25.982597,26.949257,25.265802,79.10525,4.971691,3.4289408
22.0,120.0,2020-07-01,2020-10-19,110,51,25.958418,26.956156,25.265806,78.10899,4.929153,4.7936807
22.0,120.0,2020-07-01,2020-10-20,111,51,25.974405,26.983313,25.28463,78.47071,5.0812664,7.40767
22.0,120.0,2020-07-01,2020-10-21,112,51,25.886192,26.78909,25.212343,79.313416,5.11739,6.0845594
22.0,120.0,2020-07-01,2020-10-22,113,51,25.83768,26.801348,25.11843,79.06604,5.092792,4.600642
22.0,120.0,2020-07-01,2020-10-23,114,51,25.654125,26.68226,24.891865,78.59494,5.2663918,3.878345
22.0,120.0,2020-07-01,2020-10-24,115,51,25.559286,26.5642,24.813965,78.60012,5.3617907,4.921115
22.0,120.0,2020-07-01,2020-10-25,116,51,25.589508,26.583267,24.877016,79.04142,5.1618605,3.0397577
22.0,120.0,2020-07-01,2020-10-26,117,51,25.71869,26.70629,25.02498,79.29439,5.166432,3.5118313
22.0,120.0,2020-07-01,2020-10-27,118,51,25.681479,26.637882,25.006342,79.89422,5.530051,4.578028
22.0,120.0,2020-07-01,2020-10-28,119,51,25.655201,26.63003,24.941668,79.19155,5.349677,2.995274
22.0,120.0,2020-07-01,2020-10-29,120,51,25.642872,26.612692,24.937782,80.22015,5.2138386,4.76374
22.0,120.0,2020-07-01,2020-10-30,121,51,25.513838,26.476376,24.81778,80.226944,5.2945437,4.8242617
22.0,120.0,2020-07-01,2020-10-31,122,51,25.507439,26.49372,24.813469,80.008484,5.2567043,3.5730278
22.0,120.0,2020-07-01,2020-11-01,123,51,25.507343,26.488531,24.741932,79.313416,5.247788,3.439008
22.0,120.0,2020-07-01,2020-11-02,124,51,25.377642,26.36729,24.705914,79.72792,5.5026965,4.1868634
22.0,120.0,2020-07-01,2020-11-03,125,51,25.242636,26.282427,24.486414,80.01646,5.854402,5.7343354
22.0,120.0,2020-07-01,2020-11-04,126,51,25.199009,26.14344,24.498945,79.824554,5.7948656,4.482727
22.0,120.0,2020-07-01,2020-11-05,127,51,25.068644,26.076464,24.332315,79.03517,5.678291,2.7629633
22.0,120.0,2020-07-01,2020-11-06,128,51,24.957954,25.924282,24.26226,78.969376,5.6711464,4.8804536
22.0,120.0,2020-07-01,2020-11-07,129,51,24.978405,25.995232,24.200508,79.56844,5.855462,7.175422
22.0,120.0,2020-07-01,2020-11-08,130,51,24.957418,25.917854,24.242823,80.24685,5.7452116,5.4466515
22.0,120.0,2020-07-01,2020-11-09,131,51,24.919113,25.870766,24.192675,80.353226,5.770348,3.237179
22.0,120.0,2020-07-01,2020-11-10,132,51,24.83392,25.871656,24.083364,78.9041,5.9724326,2.3932197
22.0,120.0,2020-07-01,2020-11-11,133,51,24.779627,25.793646,24.073896,79.129425,5.656872,2.581616
22.0,120.0,2020-07-01,2020-11-12,134,51,24.640615,25.656435,23.887955,79.075134,5.746301,3.1338322
22.0,120.0,2020-07-01,2020-11-13,135,51,24.45729,25.442793,23.712969,78.819626,5.897247,3.424643
22.0,120.0,2020-07-01,2020-11-14,136,51,24.381561,25.380539,23.661013,78.64813,5.8701644,3.2404234
22.0,120.0,2020-07-01,2020-11-15,137,51,24.25261,25.276133,23.52831,78.990746,5.7894273,2.806485
22.0,120.0,2020-07-01,2020-11-16,138,51,24.169525,25.195639,23.40977,78.371025,6.013735,3.0139544
22.0,120.0,2020-07-01,2020-11-17,139,51,24.003548,25.062841,23.294254,78.15653,5.951229,3.521367
22.0,120.0,2020-07-01,2020-11-18,140,51,24.038174,25.105976,23.236958,77.8751,5.950249,1.8961552
22.0,120.0,2020-07-01,2020-11-19,141,51,23.846575,24.97245,23.032934,77.53695,5.90188,1.7221212
22.0,120.0,2020-07-01,2020-11-20,142,51,23.645988,24.664858,22.84543,77.29455,5.9850106,2.3229299
22.0,120.0,2020-07-01,2020-11-21,143,51,23.654665,24.676767,22.928183,77.44908,5.8374586,2.5273676
22.0,120.0,2020-07-01,2020-11-22,144,51,23.748781,24.750542,23.030432,77.93927,5.955675,2.1053574
22.0,120.0,2020-07-01,2020-11-23,145,51,23.617008,24.60649,22.857386,78.32373,6.0685897,3.5264354
22.0,120.0,2020-07-01,2020-11-24,146,51,23.498388,24.479519,22.79987,78.48206,5.9744306,4.0195622
22.0,120.0,2020-07-01,2020-11-25,147,51,23.392675,24.43851,22.623537,78.00121,6.0662436,3.1595614
22.0,120.0,2020-07-01,2020-11-26,148,51,23.238667,24.24039,22.45905,77.480316,6.055591,3.4329236
22.0,120.0,2020-07-01,2020-11-27,149,51,23.027266,23.977398,22.32962,77.28075,5.85471,3.637292
22.0,120.0,2020-07-01,2020-11-28,150,51,22.990961,24.037676,22.230047,76.9917,5.869614,2.4506106
22.0,120.0,2020-07-01,2020-11-29,151,51,22.908268,23.931982,22.138952,77.036964,6.064493,2.7171009
22.0,120.0,2020-07-01,2020-11-30,152,51,22.791578,23.745625,22.045061,77.38466,6.196038,4.2310205
22.0,121.0,2020-07-01,2020-07-01,0,51,27.989063,29.135206,27.081924,85.11389,4.3041687,0.0
22.0,121.0,2020-07-01,2020-07-02,1,51,28.033524,28.883411,27.378244,84.26352,3.8398144,4.1609297
22.0,121.0,2020-07-01,2020-07-03,2,51,28.38024,29.417812,27.49891,82.22624,3.1265576,1.4813182
22.0,121.0,2020-07-01,2020-07-04,3,51,28.446733,29.509134,27.585186,82.06525,2.8742347,1.4690727
22.0,121.0,2020-07-01,2020-07-05,4,51,28.349148,29.312542,27.566208,82.82463,3.495573,2.0729432
22.0,121.0,2020-07-01,2020-07-06,5,51,28.285917,29.237904,27.482346,83.500534,3.7441182,3.582964
22.0,121.0,2020-07-01,2020-07-07,6,51,28.358105,29.335548,27.57492,83.1191,3.4018106,3.7286596
22.0,121.0,2020-07-01,2020-07-08,7,51,28.444534,29.417143,27.64701,82.2914,3.1472268,3.1125278
22.0,121.0,2020-07-01,2020-07-09,8,51,28.316935,29.112602,27.6125,81.92085,2.8843875,4.1144886
22.0,121.0,2020-07-01,2020-07-10,9,51,28.288147,29.178444,27.506437,82.23851,2.826971,4.359638
22.0,121.0,2020-07-01,2020-07-11,10,51,28.116531,28.977789,27.367323,82.931244,2.7928576,6.596363
22.0,121.0,2020-07-01,2020-07-12,11,51,28.010302,28.804314,27.29603,83.54783,3.1650667,8.591246
22.0,121.0,2020-07-01,2020-07-13,12,51,28.085962,28.978245,27.344238,83.46434,3.2739873,6.72544
22.0,121.0,2020-07-01,2020-07-14,13,51,28.168386,29.072079,27.355583,83.19506,3.2269464,5.544429
22.0,121.0,2020-07-01,2020-07-15,14,51,28.142963,29.078648,27.323729,83.08015,3.1251643,5.7476788
22.0,121.0,2020-07-01,2020-07-16,15,51,28.232372,29.121101,27.43628,82.965744,3.1319647,5.943228
22.0,121.0,2020-07-01,2020-07-17,16,51,28.370811,29.253664,27.619043,82.59221,3.3166103,5.465634
22.0,121.0,2020-07-01,2020-07-18,17,51,28.479313,29.266617,27.760807,82.633194,3.4367213,4.3872614
22.0,121.0,2020-07-01,2020-07-19,18,51,28.583858,29.51139,27.776957,82.54251,3.6355681,4.22768
22.0,121.0,2020-07-01,2020-07-20,19,51,28.653824,29.667065,27.764025,82.35513,3.6458883,3.7489097
22.0,121.0,2020-07-01,2020-07-21,20,51,28.646626,29.790024,27.716095,82.13123,3.3868616,3.131659
22.0,121.0,2020-07-01,2020-07-22,21,51,28.51387,29.54212,27.630287,82.28685,3.1432605,4.725645
22.0,121.0,2020-07-01,2020-07-23,22,51,28.377138,29.31082,27.570778,82.61019,3.069217,5.3938646
22.0,121.0,2020-07-01,2020-07-24,23,51,28.331844,29.244143,27.531715,82.57541,3.042901,6.6149616
22.0,121.0,2020-07-01,2020-07-25,24,51,28.332584,29.183678,27.568977,82.51687,3.190678,7.0672436
22.0,121.0,2020-07-01,2020-07-26,25,51,28.257057,29.177843,27.415092,83.050964,3.1747146,6.849222
22.0,121.0,2020-07-01,2020-07-27,26,51,28.1897,29.086292,27.435764,83.29865,3.2687201,7.9514923
22.0,121.0,2020-07-01,2020-07-28,27,51,28.1741,29.00325,27.438507,83.502754,3.2942977,9.571084
22.0,121.0,2020-07-01,2020-07-29,28,51,28.161068,28.964159,27.470352,83.72255,3.5062623,12.73703
22.0,121.0,2020-07-01,2020-07-30,29,51,28.15115,29.078236,27.332756,83.874626,3.8003383,11.598278
22.0,121.0,2020-07-01,2020-07-31,30,51,28.127293,29.043308,27.381655,84.114334,3.5611496,11.193064
22.0,121.0,2020-07-01,2020-08-01,31,51,28.086536,28.936085,27.376434,84.53377,3.6649265,12.04398
22.0,121.0,2020-07-01,2020-08-02,32,51,28.095493,28.952644,27.35985,84.464775,3.6163225,12.046895
22.0,121.0,2020-07-01,2020-08-03,33,51,28.091316,28.921452,27.326057,84.35949,3.4051533,9.406032
22.0,121.0,2020-07-01,2020-08-04,34,51,28.187683,29.040928,27.430336,84.03148,3.3724728,8.091867
22.0,121.0,2020-07-01,2020-08-05,35,51,28.216028,29.068413,27.495644,84.34329,3.8391123,10.138809
22.0,121.0,2020-07-01,2020-08-06,36,51,28.144785,29.002544,27.42547,84.96826,4.269825,13.19636
22.0,121.0,2020-07-01,2020-08-07,37,51,28.056997,28.840645,27.368818,85.36484,4.6421766,16.396065
22.0,121.0,2020-07-01,2020-08-08,38,51,27.984047,28.716845,27.352451,85.52132,4.6462975,18.59985
22.0,121.0,2020-07-01,2020-08-09,39,51,27.97676,28.627546,27.401657,85.82094,4.7713013,21.084282
22.0,121.0,2020-07-01,2020-08-10,40,51,27.988514,28.748802,27.33854,85.781906,4.57699,18.602194
22.0,121.0,2020-07-01,2020-08-11,41,51,28.006863,28.82622,27.355442,85.73117,4.58001,16.096739
22.0,121.0,2020-07-01,2020-08-12,42,51,28.066998,28.818588,27.443317,85.37281,4.911305,16.843155
22.0,121.0,2020-07-01,2020-08-13,43,51,28.0503,28.782187,27.404724,85.47234,5.2937994,21.613987
22.0,121.0,2020-07-01,2020-08-14,44,51,27.977333,28.689022,27.324844,85.84311,5.2387023,20.3067
22.0,121.0,2020-07-01,2020-08-15,45,51,28.029156,28.794958,27.35226,85.46107,4.742648,15.457296
22.0,121.0,2020-07-01,2020-08-16,46,51,28.046968,28.846031,27.312231,85.31333,4.53545,14.828718
22.0,121.0,2020-07-01,2020-08-17,47,51,28.01136,28.822062,27.331264,85.62026,4.803618,18.45382
22.0,121.0,2020-07-01,2020-08-18,48,51,27.922552,28.6977,27.313595,85.78886,4.66538,18.061157
22.0,121.0,2020-07-01,2020-08-19,49,51,27.904413,28.61805,27.282127,85.65023,4.439071,17.027485
22.0,121.0,2020-07-01,2020-08-20,50,51,27.852083,28.635983,27.1576,85.69055,4.525768,19.21833
22.0,121.0,2020-07-01,2020-08-21,51,51,27.830708,28.557812,27.192913,85.857025,4.473302,18.726189
22.0,121.0,2020-07-01,2020-08-22,52,51,27.786346,28.5026,27.166828,86.05772,4.2259874,16.634647
22.0,121.0,2020-07-01,2020-08-23,53,51,27.771673,28.562107,27.094688,86.16217,4.339423,16.78731
22.0,121.0,2020-07-01,2020-08-24,54,51,27.825583,28.663923,27.192066,85.76864,4.2329473,14.140329
22.0,121.0,2020-07-01,2020-08-25,55,51,27.91118,28.76417,27.213915,85.313675,4.6714163,16.542004
22.0,121.0,2020-07-01,2020-08-26,56,51,27.88907,28.755526,27.168404,85.43799,4.9819765,18.410114
22.0,121.0,2020-07-01,2020-08-27,57,51,27.8497,28.688889,27.16959,85.39579,4.6711683,16.936367
22.0,121.0,2020-07-01,2020-08-28,58,51,27.810482,28.585888,27.089035,85.350464,4.64219,15.442642
22.0,121.0,2020-07-01,2020-08-29,59,51,27.79656,28.638666,27.094368,85.593346,4.1461997,11.302301
22.0,121.0,2020-07-01,2020-08-30,60,51,27.853743,28.725788,27.167564,85.15417,4.065423,11.513584
22.0,121.0,2020-07-01,2020-08-31,61,51,27.887213,28.749325,27.190147,84.96023,4.1564856,10.294994
22.0,121.0,2020-07-01,2020-09-01,62,51,27.825787,28.643059,27.132133,85.20468,4.044216,13.627581
22.0,121.0,2020-07-01,2020-09-02,63,51,27.822311,28.676407,27.131504,85.13541,4.179,15.807198
22.0,121.0,2020-07-01,2020-09-03,64,51,27.710522,28.437563,27.030605,85.66482,3.9514384,14.404682
22.0,121.0,2020-07-01,2020-09-04,65,51,27.820175,28.736912,27.073072,84.65735,3.8646975,11.162743
22.0,121.0,2020-07-01,2020-09-05,66,51,27.833324,28.698519,27.122812,84.70819,3.785821,9.69306
22.0,121.0,2020-07-01,2020-09-06,67,51,27.893833,28.743801,27.187595,84.376495,3.9079497,9.057627
22.0,121.0,2020-07-01,2020-09-07,68,51,27.862034,28.769909,27.050182,84.17846,3.7802992,8.823906
22.0,121.0,2020-07-01,2020-09-08,69,51,27.787569,28.710196,27.03389,83.81024,3.4893956,11.417849
22.0,121.0,2020-07-01,2020-09-09,70,51,27.760117,28.653397,27.015553,84.10595,3.8270159,12.080122
22.0,121.0,2020-07-01,2020-09-10,71,51,27.773874,28.654577,27.088314,83.782196,4.1339684,10.4982815
22.0,121.0,2020-07-01,2020-09-11,72,51,27.751978,28.634436,27.003267,83.983215,3.9392607,8.172596
22.0,121.0,2020-07-01,2020-09-12,73,51,27.685106,28.588062,26.937378,84.03003,3.838905,8.981147
22.0,121.0,2020-07-01,2020-09-13,74,51,27.653612,28.5275,26.920486,83.91173,4.2148833,10.9237175
22.0,121.0,2020-07-01,2020-09-14,75,51,27.615715,28.473671,26.906273,83.46228,4.1059427,9.631474
22.0,121.0,2020-07-01,2020-09-15,76,51,27.584616,28.414652,26.88804,83.306076,3.8801332,8.530618
22.0,121.0,2020-07-01,2020-09-16,77,51,27.521687,28.407295,26.769093,83.22974,4.069041,8.755037
22.0,121.0,2020-07-01,2020-09-17,78,51,27.51653,28.462643,26.753485,82.98126,4.0287037,9.466663
22.0,121.0,2020-07-01,2020-09-18,79,51,27.40886,28.264984,26.717001,83.66509,4.3500967,12.987331
22.0,121.0,2020-07-01,2020-09-19,80,51,27.410114,28.263887,26.760464,83.67434,4.6249304,14.79255
22.0,121.0,2020-07-01,2020-09-20,81,51,27.322323,28.083889,26.657318,83.62898,4.6302166,13.80582
22.0,121.0,2020-07-01,2020-09-21,82,51,27.298178,28.149652,26.610683,83.85276,4.678034,12.015747
22.0,121.0,2020-07-01,2020-09-22,83,51,27.26521,28.074257,26.581787,83.67297,4.7825346,13.474686
22.0,121.0,2020-07-01,2020-09-23,84,51,27.306011,28.15794,26.635633,83.354164,4.617691,9.808699
22.0,121.0,2020-07-01,2020-09-24,85,51,27.340485,28.247868,26.585953,82.74722,4.8903117,9.829707
22.0,121.0,2020-07-01,2020-09-25,86,51,27.303286,28.18589,26.607151,82.54817,4.8525314,8.997168
22.0,121.0,2020-07-01,2020-09-26,87,51,27.234255,28.136963,26.474712,82.53252,4.7864704,10.432487
22.0,121.0,2020-07-01,2020-09-27,88,51,27.202183,28.10268,26.452122,82.74781,5.1302557,11.0211
22.0,121.0,2020-07-01,2020-09-28,89,51,27.16188,28.062378,26.447584,82.65549,5.449769,8.940958
22.0,121.0,2020-07-01,2020-09-29,90,51,27.136696,28.070213,26.393578,82.48942,5.710326,8.309529
22.0,121.0,2020-07-01,2020-09-30,91,51,27.099987,28.009972,26.343613,82.46538,5.4381094,7.481721
22.0,121.0,2020-07-01,2020-10-01,92,51,27.10735,27.989841,26.44005,82.53397,5.6109076,7.5398054
22.0,121.0,2020-07-01,2020-10-02,93,51,27.138163,28.065556,26.368237,82.77522,5.4148574,7.614132
22.0,121.0,2020-07-01,2020-10-03,94,51,27.01961,27.910501,26.396988,82.736336,5.6258287,9.647614
22.0,121.0,2020-07-01,2020-10-04,95,51,26.938852,27.81343,26.216358,82.64563,5.8665643,10.460033
22.0,121.0,2020-07-01,2020-10-05,96,51,26.818287,27.700592,26.093618,81.862946,5.902077,9.523136
22.0,121.0,2020-07-01,2020-10-06,97,51,26.743557,27.667,26.048927,81.46246,5.754627,8.78164
22.0,121.0,2020-07-01,2020-10-07,98,51,26.726137,27.664543,26.039223,81.33823,5.9187446,8.00162
22.0,121.0,2020-07-01,2020-10-08,99,51,26.659523,27.558907,25.998928,81.20805,6.0076656,7.703352
22.0,121.0,2020-07-01,2020-10-09,100,51,26.654364,27.521317,25.9483,81.49809,6.0915203,8.870012
22.0,121.0,2020-07-01,2020-10-10,101,51,26.640232,27.582607,25.922836,82.007385,6.217873,8.478385
22.0,121.0,2020-07-01,2020-10-11,102,51,26.530228,27.386242,25.832422,81.06505,6.5135307,8.29344
22.0,121.0,2020-07-01,2020-10-12,103,51,26.347652,27.240505,25.669817,80.78482,6.5028048,7.625885
22.0,121.0,2020-07-01,2020-10-13,104,51,26.257025,27.122232,25.597895,81.1524,6.2977552,7.168117
22.0,121.0,2020-07-01,2020-10-14,105,51,26.218533,27.08237,25.483383,80.72313,6.3518863,6.209325
22.0,121.0,2020-07-01,2020-10-15,106,51,26.110382,27.050278,25.414442,80.2195,6.503889,4.842543
22.0,121.0,2020-07-01,2020-10-16,107,51,26.167446,27.124044,25.493217,80.34733,6.3259754,6.8018456
22.0,121.0,2020-07-01,2020-10-17,108,51,26.042084,26.925337,25.322979,80.49822,6.479995,4.936858
22.0,121.0,2020-07-01,2020-10-18,109,51,25.90504,26.825727,25.177284,79.86948,6.8287764,4.2703333
22.0,121.0,2020-07-01,2020-10-19,110,51,25.850815,26.785654,25.172485,79.44879,7.154731,5.628545
22.0,121.0,2020-07-01,2020-10-20,111,51,25.898266,26.838278,25.18708,79.49333,6.9308276,7.834488
22.0,121.0,2020-07-01,2020-10-21,112,51,25.82803,26.687723,25.15797,80.62358,6.5884113,6.6600556
22.0,121.0,2020-07-01,2020-10-22,113,51,25.711191,26.647093,24.961514,80.77225,7.0674677,6.929331
22.0,121.0,2020-07-01,2020-10-23,114,51,25.531136,26.52437,24.73991,80.16409,7.038636,6.232788
22.0,121.0,2020-07-01,2020-10-24,115,51,25.428993,26.376043,24.713541,80.01164,7.262174,6.367935
22.0,121.0,2020-07-01,2020-10-25,116,51,25.494469,26.447964,24.769379,80.75597,6.882967,4.3605633
22.0,121.0,2020-07-01,2020-10-26,117,51,25.57529,26.523098,24.878597,81.32121,6.804084,5.9425993
22.0,121.0,2020-07-01,2020-10-27,118,51,25.585386,26.499924,24.897362,81.26492,6.8200626,6.0374613
22.0,121.0,2020-07-01,2020-10-28,119,51,25.554977,26.487808,24.834312,80.96495,6.894935,4.624798
22.0,121.0,2020-07-01,2020-10-29,120,51,25.528711,26.437706,24.847797,81.65121,6.7830076,7.2476788
22.0,121.0,2020-07-01,2020-10-30,121,51,25.392527,26.336418,24.69865,81.38271,7.0155983,6.5330315
22.0,121.0,2020-07-01,2020-10-31,122,51,25.404385,26.347546,24.710949,81.20683,6.920924,5.072085
22.0,121.0,2020-07-01,2020-11-01,123,51,25.406757,26.365044,24.619148,80.693954,7.0665483,5.020292
22.0,121.0,2020-07-01,2020-11-02,124,51,25.285156,26.27298,24.587606,81.15905,7.147436,7.054281
22.0,121.0,2020-07-01,2020-11-03,125,51,25.18293,26.141531,24.460888,80.9415,7.1451273,5.8847866
22.0,121.0,2020-07-01,2020-11-04,126,51,25.145195,26.08383,24.47535,80.81923,7.0538807,4.626838
22.0,121.0,2020-07-01,2020-11-05,127,51,25.0195,25.96413,24.319368,79.67201,7.299139,3.8950968
22.0,121.0,2020-07-01,2020-11-06,128,51,24.923992,25.84087,24.206642,79.822624,7.3684053,5.821863
22.0,121.0,2020-07-01,2020-11-07,129,51,24.936176,25.917587,24.183167,80.559235,7.26882,7.5831127
22.0,121.0,2020-07-01,2020-11-08,130,51,24.89378,25.83776,24.17649,81.36479,6.9427595,6.5309963
22.0,121.0,2020-07-01,2020-11-09,131,51,24.848381,25.796335,24.119694,81.307976,6.78801,5.5772047
22.0,121.0,2020-07-01,2020-11-10,132,51,24.761044,25.741005,24.014359,80.19559,7.17903,4.8609004
22.0,121.0,2020-07-01,2020-11-11,133,51,24.704092,25.683846,24.010775,80.09806,7.3441525,4.250927
22.0,121.0,2020-07-01,2020-11-12,134,51,24.607231,25.577381,23.860806,80.01288,7.389373,4.0620074
22.0,121.0,2020-07-01,2020-11-13,135,51,24.398453,25.372574,23.658745,80.16413,7.647829,4.383952
22.0,121.0,2020-07-01,2020-11-14,136,51,24.357235,25.301098,23.638653,79.39305,7.170296,3.9388318
22.0,121.0,2020-07-01,2020-11-15,137,51,24.275345,25.281017,23.542414,79.73542,6.993594,3.9957867
22.0,121.0,2020-07-01,2020-11-16,138,51,24.137142,25.093609,23.423548,79.195465,7.3135204,4.6276445
22.0,121.0,2020-07-01,2020-11-17,139,51,24.003754,25.05036,23.272827,79.10553,7.3299646,5.0499983
22.0,121.0,2020-07-01,2020-11-18,140,51,24.00843,25.07879,23.229588,78.833534,7.1935396,2.526783
22.0,121.0,2020-07-01,2020-11-19,141,51,23.855291,24.924263,23.064476,78.210045,7.417627,2.706761
22.0,121.0,2020-07-01,2020-11-20,142,51,23.648504,24.60285,22.8895,77.827866,7.5505886,2.565292
22.0,121.0,2020-07-01,2020-11-21,143,51,23.658901,24.689419,22.90866,78.119225,7.162886,2.8458033
22.0,121.0,2020-07-01,2020-11-22,144,51,23.745026,24.699884,23.032755,78.37616,7.0652156,2.6733985
22.0,121.0,2020-07-01,2020-11-23,145,51,23.608854,24.554703,22.863396,78.75207,7.329567,3.7059536
22.0,121.0,2020-07-01,2020-11-24,146,51,23.507038,24.448975,22.818005,79.02571,7.445925,4.37889
22.0,121.0,2020-07-01,2020-11-25,147,51,23.396454,24.412315,22.639687,78.67187,7.6512537,4.152789
22.0,121.0,2020-07-01,2020-11-26,148,51,23.211842,24.170876,22.4362,78.14712,7.6714635,4.2713294
22.0,121.0,2020-07-01,2020-11-27,149,51,23.01648,23.953402,22.332462,77.89564,7.393031,4.2843857
22.0,121.0,2020-07-01,2020-11-28,150,51,23.01411,24.02682,22.264801,77.351685,7.3892508,3.644673
22.0,121.0,2020-07-01,2020-11-29,151,51,22.919613,23.913826,22.154682,77.71209,7.42716,3.6385784
22.0,121.0,2020-07-01,2020-11-30,152,51,22.82088,23.769821,22.046213,78.08171,7.4297795,4.926531
22.0,122.0,2020-07-01,2020-07-01,0,51,29.124004,29.666288,28.526443,83.61197,6.98708,0.0
22.0,122.0,2020-07-01,2020-07-02,1,51,29.020359,29.39727,28.596016,82.70082,6.0602355,1.0536598
22.0,122.0,2020-07-01,2020-07-03,2,51,29.233374,29.64851,28.798988,81.52171,4.944272,0.7937895
22.0,122.0,2020-07-01,2020-07-04,3,51,29.224138,29.665806,28.72373,81.619736,4.650005,0.78113145
22.0,122.0,2020-07-01,2020-07-05,4,51,29.200008,29.569757,28.785328,82.40601,5.963059,1.183432
22.0,122.0,2020-07-01,2020-07-06,5,51,29.125017,29.518358,28.681126,83.242714,6.371316,2.3156989
22.0,122.0,2020-07-01,2020-07-07,6,51,29.221407,29.671713,28.75422,82.17508,5.5621834,1.9554304
22.0,122.0,2020-07-01,2020-07-08,7,51,29.22254,29.670952,28.722178,81.616234,5.1118774,2.030048
22.0,122.0,2020-07-01,2020-07-09,8,51,29.100325,29.51304,28.653778,81.16869,4.554317,2.7275152
22.0,122.0,2020-07-01,2020-07-10,9,51,28.940178,29.351227,28.460386,81.959816,4.003947,4.095008
22.0,122.0,2020-07-01,2020-07-11,10,51,28.714169,29.198193,28.180283,82.80752,3.6993067,6.9452767
22.0,122.0,2020-07-01,2020-07-12,11,51,28.55439,29.102114,27.99179,83.712364,4.1557035,9.120686
22.0,122.0,2020-07-01,2020-07-13,12,51,28.694624,29.250473,28.089155,83.32817,4.2519608,6.8249893
22.0,122.0,2020-07-01,2020-07-14,13,51,28.807428,29.330574,28.292416,83.044815,4.181322,5.3832793
22.0,122.0,2020-07-01,2020-07-15,14,51,28.797035,29.349298,28.22235,82.59662,4.0196586,5.3448596
22.0,122.0,2020-07-01,2020-07-16,15,51,28.88346,29.45599,28.346296,82.8105,4.22715,5.3423176
22.0,122.0,2020-07-01,2020-07-17,16,51,29.079742,29.57838,28.565092,82.03916,4.61167,4.7307487
22.0,122.0,2020-07-01,2020-07-18,17,51,29.196484,29.65777,28.719732,82.134346,4.895388,4.0725274
22.0,122.0,2020-07-01,2020-07-19,18,51,29.259586,29.690777,28.804956,82.28691,5.038128,4.242666
22.0,122.0,2020-07-01,2020-07-20,19,51,29.30069,29.713652,28.831663,82.45101,4.8438635,3.7718215
22.0,122.0,2020-07-01,2020-07-21,20,51,29.284483,29.766079,28.743471,82.061325,4.4852915,2.9563649
22.0,122.0,2020-07-01,2020-07-22,21,51,29.118214,29.608624,28.548706,82.32798,4.211369,4.877122
22.0,122.0,2020-07-01,2020-07-23,22,51,28.975126,29.494675,28.42211,82.72366,4.1690536,5.5808754
22.0,122.0,2020-07-01,2020-07-24,23,51,28.986782,29.500864,28.49801,82.33497,4.19738,6.105086
22.0,122.0,2020-07-01,2020-07-25,24,51,28.984913,29.541418,28.467012,82.42532,4.358866,6.3778048
22.0,122.0,2020-07-01,2020-07-26,25,51,28.890728,29.447033,28.350906,83.10115,4.319798,6.897662
22.0,122.0,2020-07-01,2020-07-27,26,51,28.854485,29.402666,28.29776,83.06322,4.4017315,7.3333435
22.0,122.0,2020-07-01,2020-07-28,27,51,28.856462,29.398819,28.270159,83.190384,4.5847163,9.846913
22.0,122.0,2020-07-01,2020-07-29,28,51,28.844833,29.340746,28.295229,83.4565,4.820713,13.064755
22.0,122.0,2020-07-01,2020-07-30,29,51,28.855946,29.383461,28.322634,83.62506,4.940991,9.880719
22.0,122.0,2020-07-01,2020-07-31,30,51,28.852545,29.307184,28.39412,83.66654,4.7716656,9.305434
22.0,122.0,2020-07-01,2020-08-01,31,51,28.809626,29.33442,28.273561,84.00893,5.0329375,10.659518
22.0,122.0,2020-07-01,2020-08-02,32,51,28.851244,29.368853,28.330414,83.708786,4.8414097,10.647693
22.0,122.0,2020-07-01,2020-08-03,33,51,28.860603,29.34286,28.308832,83.60199,4.828783,8.913421
22.0,122.0,2020-07-01,2020-08-04,34,51,28.97199,29.441603,28.475527,83.1702,4.6428957,7.239845
22.0,122.0,2020-07-01,2020-08-05,35,51,29.02536,29.473724,28.58287,83.405876,5.1997375,7.8405066
22.0,122.0,2020-07-01,2020-08-06,36,51,28.93992,29.366024,28.507107,84.2308,5.7357745,10.382569
22.0,122.0,2020-07-01,2020-08-07,37,51,28.894571,29.347685,28.457588,84.206276,6.2497654,13.047433
22.0,122.0,2020-07-01,2020-08-08,38,51,28.883375,29.307861,28.454082,84.17613,6.2142687,14.194756
22.0,122.0,2020-07-01,2020-08-09,39,51,28.88668,29.280293,28.44185,84.586044,6.478453,14.951828
22.0,122.0,2020-07-01,2020-08-10,40,51,28.866596,29.326921,28.403564,84.646194,6.424159,13.113482
22.0,122.0,2020-07-01,2020-08-11,41,51,28.838442,29.278915,28.410727,84.90969,6.4830947,11.658596
22.0,122.0,2020-07-01,2020-08-12,42,51,28.955225,29.337757,28.572065,84.5503,6.9185066,13.433888
22.0,122.0,2020-07-01,2020-08-13,43,51,28.965925,29.40599,28.514809,84.31911,7.072596,14.706247
22.0,122.0,2020-07-01,2020-08-14,44,51,28.964104,29.378983,28.514648,84.44468,7.109667,12.502268
22.0,122.0,2020-07-01,2020-08-15,45,51,28.982853,29.389263,28.54688,84.39856,6.7689476,11.463833
22.0,122.0,2020-07-01,2020-08-16,46,51,28.943213,29.379177,28.467894,84.33056,6.368247,12.134168
22.0,122.0,2020-07-01,2020-08-17,47,51,28.875498,29.288115,28.45309,84.500046,6.5172048,13.397656
22.0,122.0,2020-07-01,2020-08-18,48,51,28.79608,29.203146,28.351812,84.56269,6.1136546,12.42144
22.0,122.0,2020-07-01,2020-08-19,49,51,28.819273,29.227968,28.402948,84.03614,5.761797,10.960457
22.0,122.0,2020-07-01,2020-08-20,50,51,28.7063,29.18137,28.20276,84.55967,6.039619,15.085839
22.0,122.0,2020-07-01,2020-08-21,51,51,28.689262,29.107105,28.24817,84.690475,5.9946733,14.617537
22.0,122.0,2020-07-01,2020-08-22,52,51,28.69609,29.117006,28.261318,84.632355,5.5918646,12.825849
22.0,122.0,2020-07-01,2020-08-23,53,51,28.597635,29.02435,28.177322,85.044464,5.823612,14.362465
22.0,122.0,2020-07-01,2020-08-24,54,51,28.64407,29.086775,28.186918,84.71059,5.83948,11.5327835
22.0,122.0,2020-07-01,2020-08-25,55,51,28.796576,29.235998,28.372429,84.086205,6.342562,15.68649
22.0,122.0,2020-07-01,2020-08-26,56,51,28.76395,29.17667,28.294184,84.37516,6.507665,15.930461
22.0,122.0,2020-07-01,2020-08-27,57,51,28.697418,29.133451,28.246798,84.34526,6.4308686,15.939915
22.0,122.0,2020-07-01,2020-08-28,58,51,28.67161,29.09376,28.24271,84.070435,6.1368804,12.759478
22.0,122.0,2020-07-01,2020-08-29,59,51,28.649601,29.071638,28.192818,84.31274,5.475823,10.246581
22.0,122.0,2020-07-01,2020-08-30,60,51,28.690071,29.090837,28.273802,84.116516,5.494878,11.00252
22.0,122.0,2020-07-01,2020-08-31,61,51,28.717587,29.153814,28.293285,83.976974,5.810243,9.2198925
22.0,122.0,2020-07-01,2020-09-01,62,51,28.677416,29.132711,28.179493,83.90141,5.773163,12.535227
22.0,122.0,2020-07-01,2020-09-02,63,51,28.606796,29.045511,28.173586,84.18141,5.890385,15.716186
22.0,122.0,2020-07-01,2020-09-03,64,51,28.540094,28.949081,28.118275,84.48752,5.6339197,11.672288
22.0,122.0,2020-07-01,2020-09-04,65,51,28.624935,29.076845,28.17566,83.62653,5.2814665,9.922197
22.0,122.0,2020-07-01,2020-09-05,66,51,28.662767,29.102114,28.19503,83.43814,5.322742,8.892354
22.0,122.0,2020-07-01,2020-09-06,67,51,28.711279,29.100643,28.26942,83.35787,5.408532,8.841482
22.0,122.0,2020-07-01,2020-09-07,68,51,28.683737,29.141645,28.186394,83.010826,5.474164,8.390824
22.0,122.0,2020-07-01,2020-09-08,69,51,28.621393,29.062393,28.141651,82.68337,5.3011155,9.885474
22.0,122.0,2020-07-01,2020-09-09,70,51,28.53614,28.96738,28.039707,83.24008,5.5948625,11.509
22.0,122.0,2020-07-01,2020-09-10,71,51,28.568863,28.99682,28.094477,83.09119,6.0588093,9.789629
22.0,122.0,2020-07-01,2020-09-11,72,51,28.498892,28.92038,28.04751,83.194084,5.8489175,9.090004
22.0,122.0,2020-07-01,2020-09-12,73,51,28.45213,28.903328,27.964493,83.19955,5.7755957,9.765364
22.0,122.0,2020-07-01,2020-09-13,74,51,28.396982,28.844677,27.88991,83.10916,6.2459326,11.229628
22.0,122.0,2020-07-01,2020-09-14,75,51,28.379234,28.816584,27.899883,82.51663,5.866746,10.667387
22.0,122.0,2020-07-01,2020-09-15,76,51,28.348341,28.741972,27.926264,82.30789,5.8203225,8.8983965
22.0,122.0,2020-07-01,2020-09-16,77,51,28.34479,28.80993,27.845669,81.82951,6.270937,7.7151275
22.0,122.0,2020-07-01,2020-09-17,78,51,28.26765,28.708328,27.771248,82.02509,6.425269,10.625668
22.0,122.0,2020-07-01,2020-09-18,79,51,28.181013,28.606464,27.720728,83.06606,6.6246805,14.545398
22.0,122.0,2020-07-01,2020-09-19,80,51,28.192436,28.596334,27.77278,82.94361,7.0816236,16.720198
22.0,122.0,2020-07-01,2020-09-20,81,51,28.081337,28.45428,27.651894,82.9767,6.8605814,17.391626
22.0,122.0,2020-07-01,2020-09-21,82,51,28.072361,28.477758,27.652908,82.96443,6.7565246,12.971677
22.0,122.0,2020-07-01,2020-09-22,83,51,28.068153,28.497147,27.613781,82.67123,7.1278996,15.025632
22.0,122.0,2020-07-01,2020-09-23,84,51,28.114399,28.53097,27.628702,82.56449,7.152346,11.589571
22.0,122.0,2020-07-01,2020-09-24,85,51,28.12452,28.501972,27.701086,81.79401,7.437075,10.950554
22.0,122.0,2020-07-01,2020-09-25,86,51,28.110003,28.527727,27.636875,81.41992,7.2760577,8.1382265
22.0,122.0,2020-07-01,2020-09-26,87,51,28.018143,28.41977,27.55048,81.58819,7.3326836,10.465288
22.0,122.0,2020-07-01,2020-09-27,88,51,28.023308,28.408459,27.57956,81.88654,7.991857,11.8422985
22.0,122.0,2020-07-01,2020-09-28,89,51,27.97439,28.39234,27.522995,81.663994,8.216851,11.778
22.0,122.0,2020-07-01,2020-09-29,90,51,27.9809,28.38264,27.498543,81.611206,8.44512,9.421703
22.0,122.0,2020-07-01,2020-09-30,91,51,27.938532,28.335583,27.493982,81.65356,8.490325,8.919092
22.0,122.0,2020-07-01,2020-10-01,92,51,27.90568,28.271875,27.54806,82.32891,8.650363,10.59421
22.0,122.0,2020-07-01,2020-10-02,93,51,27.936197,28.336311,27.469366,82.15246,8.471668,11.120182
22.0,122.0,2020-07-01,2020-10-03,94,51,27.80328,28.117836,27.427055,82.24034,8.775591,12.220625
22.0,122.0,2020-07-01,2020-10-04,95,51,27.741987,28.122364,27.333803,81.95131,9.032434,13.380563
22.0,122.0,2020-07-01,2020-10-05,96,51,27.654589,28.060968,27.220715,81.16984,9.2247095,11.725282
22.0,122.0,2020-07-01,2020-10-06,97,51,27.563522,27.939066,27.135101,80.836464,8.948253,9.334139
22.0,122.0,2020-07-01,2020-10-07,98,51,27.590693,27.933695,27.182919,80.15006,9.214459,8.142011
22.0,122.0,2020-07-01,2020-10-08,99,51,27.468645,27.78454,27.092827,80.32588,9.441294,9.692676
22.0,122.0,2020-07-01,2020-10-09,100,51,27.44844,27.804506,27.02614,80.68897,9.404319,12.246091
22.0,122.0,2020-07-01,2020-10-10,101,51,27.441103,27.78271,27.029196,81.439514,9.722363,11.404798
22.0,122.0,2020-07-01,2020-10-11,102,51,27.337833,27.703194,26.939548,79.97233,10.525246,9.084064
22.0,122.0,2020-07-01,2020-10-12,103,51,27.147455,27.50036,26.77569,79.75128,10.353754,9.394809
22.0,122.0,2020-07-01,2020-10-13,104,51,27.091621,27.467884,26.67137,80.15555,9.928362,9.7207
22.0,122.0,2020-07-01,2020-10-14,105,51,27.043917,27.449257,26.592085,79.645584,10.08554,8.339816
22.0,122.0,2020-07-01,2020-10-15,106,51,26.92851,27.216993,26.571033,79.53113,10.29073,7.520668
22.0,122.0,2020-07-01,2020-10-16,107,51,26.984425,27.301065,26.643976,79.55314,10.117596,8.454952
22.0,122.0,2020-07-01,2020-10-17,108,51,26.835897,27.195097,26.432447,79.37204,10.365944,6.2147026
22.0,122.0,2020-07-01,2020-10-18,109,51,26.755472,27.10878,26.345984,78.68802,10.957538,5.695238
22.0,122.0,2020-07-01,2020-10-19,110,51,26.701445,27.028717,26.356144,78.58113,11.508125,8.312586
22.0,122.0,2020-07-01,2020-10-20,111,51,26.787949,27.09955,26.431765,78.41229,10.990588,9.299089
22.0,122.0,2020-07-01,2020-10-21,112,51,26.688572,26.99278,26.331419,79.94944,10.629192,8.523345
22.0,122.0,2020-07-01,2020-10-22,113,51,26.530107,26.870783,26.128725,80.492714,11.1336355,10.17467
22.0,122.0,2020-07-01,2020-10-23,114,51,26.340527,26.740938,25.88575,79.97008,11.104356,11.575181
22.0,122.0,2020-07-01,2020-10-24,115,51,26.28226,26.663416,25.883022,79.632126,11.186765,9.048669
22.0,122.0,2020-07-01,2020-10-25,116,51,26.357513,26.71556,25.950111,80.37176,10.752529,8.670506
22.0,122.0,2020-07-01,2020-10-26,117,51,26.337046,26.669434,25.94155,81.480835,10.501679,9.23986
22.0,122.0,2020-07-01,2020-10-27,118,51,26.382095,26.695564,26.031843,81.155846,10.608398,8.376839
22.0,122.0,2020-07-01,2020-10-28,119,51,26.362326,26.698702,25.972881,80.86041,10.669874,6.572152
22.0,122.0,2020-07-01,2020-10-29,120,51,26.31284,26.647442,25.92714,81.45061,10.542068,10.32014
22.0,122.0,2020-07-01,2020-10-30,121,51,26.227287,26.544214,25.8646,80.63093,10.974443,8.897669
22.0,122.0,2020-07-01,2020-10-31,122,51,26.25188,26.585184,25.901806,80.445076,10.643271,8.774376
22.0,122.0,2020-07-01,2020-11-01,123,51,26.204412,26.581734,25.75397,80.65102,10.874822,8.111785
22.0,122.0,2020-07-01,2020-11-02,124,51,26.1071,26.411732,25.73817,80.78959,11.074663,9.416812
22.0,122.0,2020-07-01,2020-11-03,125,51,26.032211,26.389091,25.663912,80.39059,10.863972,8.881034
22.0,122.0,2020-07-01,2020-11-04,126,51,25.949894,26.250563,25.632915,80.55707,10.724534,5.9587474
22.0,122.0,2020-07-01,2020-11-05,127,51,25.834188,26.17717,25.487133,78.97173,11.225032,5.98465
22.0,122.0,2020-07-01,2020-11-06,128,51,25.761635,26.13826,25.3786,79.43728,11.365118,7.7477584
22.0,122.0,2020-07-01,2020-11-07,129,51,25.79531,26.117527,25.410194,80.13335,11.149683,8.937372
22.0,122.0,2020-07-01,2020-11-08,130,51,25.81479,26.171095,25.469933,80.66572,10.462903,8.353841
22.0,122.0,2020-07-01,2020-11-09,131,51,25.765524,26.133451,25.349892,80.108665,10.2312565,9.568782
22.0,122.0,2020-07-01,2020-11-10,132,51,25.663866,26.027384,25.24795,79.74973,10.83407,8.899583
22.0,122.0,2020-07-01,2020-11-11,133,51,25.526272,25.850897,25.15189,79.74428,11.249614,7.774165
22.0,122.0,2020-07-01,2020-11-12,134,51,25.475697,25.84396,25.074736,79.50424,11.291379,5.8688583
22.0,122.0,2020-07-01,2020-11-13,135,51,25.262026,25.594315,24.902084,80.040306,11.829338,7.115962
22.0,122.0,2020-07-01,2020-11-14,136,51,25.26776,25.597832,24.854683,78.76402,10.926108,6.301115
22.0,122.0,2020-07-01,2020-11-15,137,51,25.244238,25.641535,24.780293,78.96776,10.722825,6.9773273
22.0,122.0,2020-07-01,2020-11-16,138,51,25.072218,25.382664,24.725315,78.06249,11.224656,6.9651537
22.0,122.0,2020-07-01,2020-11-17,139,51,25.039927,25.397375,24.650082,78.01507,11.17289,7.475617
22.0,122.0,2020-07-01,2020-11-18,140,51,25.013117,25.361046,24.594099,77.69908,10.887095,4.241563
22.0,122.0,2020-07-01,2020-11-19,141,51,24.84218,25.262896,24.362099,76.94997,11.315279,4.2034206
22.0,122.0,2020-07-01,2020-11-20,142,51,24.619528,25.046167,24.177666,76.75653,11.506971,4.4139023
22.0,122.0,2020-07-01,2020-11-21,143,51,24.666376,25.001646,24.275013,76.86077,10.868827,4.5037627
22.0,122.0,2020-07-01,2020-11-22,144,51,24.739784,25.083244,24.319817,77.06563,10.647846,4.5017614
22.0,122.0,2020-07-01,2020-11-23,145,51,24.584867,24.980484,24.14921,77.505684,11.097331,5.487354
22.0,122.0,2020-07-01,2020-11-24,146,51,24.500088,24.855448,24.074913,78.00587,11.31329,6.27532
22.0,122.0,2020-07-01,2020-11-25,147,51,24.415462,24.841757,23.959682,77.33227,11.728218,5.2040834
22.0,122.0,2020-07-01,2020-11-26,148,51,24.175287,24.584023,23.699362,77.33364,11.7589245,5.911129
22.0,122.0,2020-07-01,2020-11-27,149,51,24.05878,24.393373,23.666914,76.3854,11.440712,5.486918
22.0,122.0,2020-07-01,2020-11-28,150,51,24.147976,24.504732,23.756668,75.5865,11.359338,5.588714
22.0,122.0,2020-07-01,2020-11-29,151,51,24.01309,24.438578,23.546688,76.29287,11.244956,5.380414
22.0,122.0,2020-07-01,2020-11-30,152,51,23.93738,24.456142,23.410006,76.991356,11.278771,7.018709
23.0,120.0,2020-07-01,2020-07-01,0,51,27.621454,28.6248,26.914547,87.40741,4.896741,0.0
23.0,120.0,2020-07-01,2020-07-02,1,51,27.632973,28.460466,27.037674,86.614044,4.6766148,6.509672
23.0,120.0,2020-07-01,2020-07-03,2,51,27.940102,28.946981,27.173304,85.20639,3.5112696,1.8852392
23.0,120.0,2020-07-01,2020-07-04,3,51,28.136993,29.274893,27.302309,84.68877,3.0953584,1.5557166
23.0,120.0,2020-07-01,2020-07-05,4,51,28.108185,29.140919,27.360569,84.993866,3.6832464,1.9315412
23.0,120.0,2020-07-01,2020-07-06,5,51,28.112719,29.11475,27.385162,85.36986,3.7802224,2.8995008
23.0,120.0,2020-07-01,2020-07-07,6,51,28.046461,29.031576,27.303946,85.55194,3.6124845,3.8396297
23.0,120.0,2020-07-01,2020-07-08,7,51,28.111391,29.136572,27.375687,84.88263,3.4801579,3.0155458
23.0,120.0,2020-07-01,2020-07-09,8,51,28.050003,28.952278,27.338285,84.3561,3.2797804,3.307137
23.0,120.0,2020-07-01,2020-07-10,9,51,28.15127,29.224365,27.333652,83.69013,2.7565408,2.6883502
23.0,120.0,2020-07-01,2020-07-11,10,51,28.096033,29.144295,27.313797,83.51471,2.1686635,3.34284
23.0,120.0,2020-07-01,2020-07-12,11,51,28.112701,29.249239,27.315878,83.40802,2.0611482,4.5108557
23.0,120.0,2020-07-01,2020-07-13,12,51,28.160189,29.288364,27.343002,83.28047,2.0425477,4.0188894
23.0,120.0,2020-07-01,2020-07-14,13,51,28.212934,29.398432,27.343822,83.2363,2.1193504,3.2141333
23.0,120.0,2020-07-01,2020-07-15,14,51,28.18954,29.435215,27.301928,83.31251,2.398573,3.800167
23.0,120.0,2020-07-01,2020-07-16,15,51,28.224274,29.370476,27.414206,83.42646,2.8061152,4.695738
23.0,120.0,2020-07-01,2020-07-17,16,51,28.237568,29.293825,27.479742,83.76836,3.1541007,4.65256
23.0,120.0,2020-07-01,2020-07-18,17,51,28.306519,29.292887,27.560953,83.808624,3.0641484,3.4255836
23.0,120.0,2020-07-01,2020-07-19,18,51,28.464375,29.548239,27.660294,83.53336,2.9750543,2.8888204
23.0,120.0,2020-07-01,2020-07-20,19,51,28.539295,29.750553,27.656937,83.311295,2.7650132,2.5294924
23.0,120.0,2020-07-01,2020-07-21,20,51,28.56408,29.874826,27.634224,83.07541,2.564018,2.2636023
23.0,120.0,2020-07-01,2020-07-22,21,51,28.505474,29.768776,27.538612,82.92012,2.305263,2.7705395
23.0,120.0,2020-07-01,2020-07-23,22,51,28.422514,29.563538,27.554031,82.756874,2.1984696,3.2357945
23.0,120.0,2020-07-01,2020-07-24,23,51,28.344322,29.460161,27.524395,82.71223,2.1116862,4.208601
23.0,120.0,2020-07-01,2020-07-25,24,51,28.34707,29.44393,27.54042,82.695175,2.235532,4.945711
23.0,120.0,2020-07-01,2020-07-26,25,51,28.287539,29.405876,27.40651,83.008606,2.2643,4.773341
23.0,120.0,2020-07-01,2020-07-27,26,51,28.20079,29.30246,27.433529,83.56572,2.3725624,5.5093575
23.0,120.0,2020-07-01,2020-07-28,27,51,28.186792,29.210056,27.420345,83.722244,2.2267187,6.226634
23.0,120.0,2020-07-01,2020-07-29,28,51,28.167103,29.214504,27.387741,83.91489,2.5564406,7.5213127
23.0,120.0,2020-07-01,2020-07-30,29,51,28.099327,29.207893,27.258545,84.194305,2.7746837,10.121682
23.0,120.0,2020-07-01,2020-07-31,30,51,28.064829,29.156082,27.314669,84.54881,2.8015866,9.161959
23.0,120.0,2020-07-01,2020-08-01,31,51,28.041748,29.047047,27.308882,84.720825,2.6786752,9.427226
23.0,120.0,2020-07-01,2020-08-02,32,51,28.015652,29.067532,27.263016,84.93216,2.620928,8.661682
23.0,120.0,2020-07-01,2020-08-03,33,51,28.000809,29.012714,27.215883,84.944435,2.5886164,7.039468
23.0,120.0,2020-07-01,2020-08-04,34,51,28.072023,29.103514,27.334187,84.84863,2.6018713,6.209339
23.0,120.0,2020-07-01,2020-08-05,35,51,28.087572,29.099995,27.371391,85.289696,2.7742167,8.780714
23.0,120.0,2020-07-01,2020-08-06,36,51,28.050327,29.076267,27.345537,85.435684,3.0953588,10.5362015
23.0,120.0,2020-07-01,2020-08-07,37,51,27.940022,28.906054,27.200096,86.17145,3.4959435,12.772445
23.0,120.0,2020-07-01,2020-08-08,38,51,27.85123,28.759136,27.19019,86.31198,3.6383345,14.769181
23.0,120.0,2020-07-01,2020-08-09,39,51,27.858067,28.738012,27.214195,86.46089,3.6276438,16.431889
23.0,120.0,2020-07-01,2020-08-10,40,51,27.849758,28.7101,27.21897,86.56764,3.3419662,14.731457
23.0,120.0,2020-07-01,2020-08-11,41,51,27.909443,28.941446,27.200043,86.48702,3.3517716,13.416668
23.0,120.0,2020-07-01,2020-08-12,42,51,27.867945,28.756384,27.200766,86.6093,3.48844,14.061901
23.0,120.0,2020-07-01,2020-08-13,43,51,27.8263,28.678764,27.166899,86.65945,4.0573206,18.034119
23.0,120.0,2020-07-01,2020-08-14,44,51,27.721142,28.597183,27.03587,87.21878,4.0427313,18.648447
23.0,120.0,2020-07-01,2020-08-15,45,51,27.759253,28.61636,27.060001,86.86877,3.419417,12.930129
23.0,120.0,2020-07-01,2020-08-16,46,51,27.816032,28.765594,27.073711,86.77554,3.0478137,10.738007
23.0,120.0,2020-07-01,2020-08-17,47,51,27.847618,28.833897,27.103315,86.68007,3.2516541,13.548808
23.0,120.0,2020-07-01,2020-08-18,48,51,27.783672,28.719776,27.10929,86.79086,3.5743604,15.374219
23.0,120.0,2020-07-01,2020-08-19,49,51,27.72368,28.592445,27.051554,86.92987,3.4775677,15.897743
23.0,120.0,2020-07-01,2020-08-20,50,51,27.715763,28.661655,26.984293,86.52033,3.381825,15.440299
23.0,120.0,2020-07-01,2020-08-21,51,51,27.65462,28.558971,26.974403,86.61992,3.3677654,14.740806
23.0,120.0,2020-07-01,2020-08-22,52,51,27.632622,28.516872,26.95884,86.84346,3.2585804,13.18177
23.0,120.0,2020-07-01,2020-08-23,53,51,27.655857,28.63254,26.96607,86.63245,2.9403756,10.385832
23.0,120.0,2020-07-01,2020-08-24,54,51,27.74195,28.806032,27.030903,86.25617,3.063808,10.648606
23.0,120.0,2020-07-01,2020-08-25,55,51,27.715645,28.764338,26.935987,85.98707,3.2717628,12.661064
23.0,120.0,2020-07-01,2020-08-26,56,51,27.690409,28.716206,26.965204,85.91751,3.6165116,15.447999
23.0,120.0,2020-07-01,2020-08-27,57,51,27.71261,28.683472,27.017097,85.79639,3.6691318,14.309106
23.0,120.0,2020-07-01,2020-08-28,58,51,27.675014,28.627338,26.937744,86.12668,3.6449573,12.605078
23.0,120.0,2020-07-01,2020-08-29,59,51,27.672073,28.68759,26.955294,86.34383,3.1807008,8.998446
23.0,120.0,2020-07-01,2020-08-30,60,51,27.740383,28.807644,27.019789,86.00532,2.8589063,8.460892
23.0,120.0,2020-07-01,2020-08-31,61,51,27.79044,28.832903,27.069576,85.695724,2.8718443,8.332506
23.0,120.0,2020-07-01,2020-09-01,62,51,27.733784,28.744377,26.985151,85.63382,2.981143,10.097637
23.0,120.0,2020-07-01,2020-09-02,63,51,27.721949,28.715294,27.028551,85.6772,3.3142524,11.530249
23.0,120.0,2020-07-01,2020-09-03,64,51,27.618748,28.499783,26.925112,85.74227,3.5294504,12.659903
23.0,120.0,2020-07-01,2020-09-04,65,51,27.722813,28.767612,26.962837,84.72215,3.3282514,9.322606
23.0,120.0,2020-07-01,2020-09-05,66,51,27.71182,28.713776,27.008394,84.600525,2.828288,7.645253
23.0,120.0,2020-07-01,2020-09-06,67,51,27.78146,28.788158,27.056309,84.52,3.0817223,6.40275
23.0,120.0,2020-07-01,2020-09-07,68,51,27.775778,28.823574,27.012367,84.18768,3.0278895,7.1676826
23.0,120.0,2020-07-01,2020-09-08,69,51,27.711735,28.803154,26.943232,83.67063,2.7288678,8.048487
23.0,120.0,2020-07-01,2020-09-09,70,51,27.689066,28.747341,26.95437,83.65759,2.9428883,8.038761
23.0,120.0,2020-07-01,2020-09-10,71,51,27.64584,28.646816,26.950933,83.81764,3.2187624,6.349387
23.0,120.0,2020-07-01,2020-09-11,72,51,27.6512,28.68517,26.874998,83.66039,3.364491,4.955453
23.0,120.0,2020-07-01,2020-09-12,73,51,27.570518,28.620975,26.85094,83.673134,3.455607,5.1238155
23.0,120.0,2020-07-01,2020-09-13,74,51,27.540623,28.556135,26.825338,83.513306,3.9010668,6.5591474
23.0,120.0,2020-07-01,2020-09-14,75,51,27.473574,28.433105,26.768312,83.104744,3.86278,5.1399574
23.0,120.0,2020-07-01,2020-09-15,76,51,27.434206,28.446964,26.70236,82.92206,3.5747833,5.582674
23.0,120.0,2020-07-01,2020-09-16,77,51,27.33474,28.333292,26.5842,82.585335,3.6544757,6.722602
23.0,120.0,2020-07-01,2020-09-17,78,51,27.328712,28.391823,26.606167,82.53389,4.0469723,5.7878036
23.0,120.0,2020-07-01,2020-09-18,79,51,27.23978,28.232239,26.535278,82.969864,4.367748,7.0636854
23.0,120.0,2020-07-01,2020-09-19,80,51,27.217356,28.139427,26.555054,82.91287,4.4369507,8.012114
23.0,120.0,2020-07-01,2020-09-20,81,51,27.185112,28.104275,26.480383,82.588326,4.451519,7.234526
23.0,120.0,2020-07-01,2020-09-21,82,51,27.178543,28.184002,26.507214,82.8364,4.274173,7.5522118
23.0,120.0,2020-07-01,2020-09-22,83,51,27.124765,28.036377,26.458902,82.73909,4.4634404,6.1360464
23.0,120.0,2020-07-01,2020-09-23,84,51,27.10267,28.080547,26.39704,82.51849,4.2697945,5.5324135
23.0,120.0,2020-07-01,2020-09-24,85,51,27.107496,28.111752,26.395758,82.464516,4.373802,6.3594346
23.0,120.0,2020-07-01,2020-09-25,86,51,27.09494,28.10178,26.41209,82.18792,4.2800827,6.2126827
23.0,120.0,2020-07-01,2020-09-26,87,51,27.021599,28.029982,26.289572,82.27135,4.495056,6.4325757
23.0,120.0,2020-07-01,2020-09-27,88,51,26.965536,27.943789,26.253185,82.34192,4.8497896,5.974297
23.0,120.0,2020-07-01,2020-09-28,89,51,26.902893,27.904224,26.199587,82.15883,5.182071,4.1195307
23.0,120.0,2020-07-01,2020-09-29,90,51,26.821993,27.7967,26.103672,82.12942,5.456705,4.926656
23.0,120.0,2020-07-01,2020-09-30,91,51,26.752138,27.734837,26.004543,82.08045,5.6864285,5.1890287
23.0,120.0,2020-07-01,2020-10-01,92,51,26.755753,27.733484,26.071625,81.87149,5.7529655,3.981423
23.0,120.0,2020-07-01,2020-10-02,93,51,26.757515,27.802258,26.010128,82.01142,5.439026,3.693161
23.0,120.0,2020-07-01,2020-10-03,94,51,26.675186,27.64965,26.030111,81.8035,5.744804,4.0300803
23.0,120.0,2020-07-01,2020-10-04,95,51,26.585608,27.566265,25.868858,81.73997,5.8928976,5.4280443
23.0,120.0,2020-07-01,2020-10-05,96,51,26.383842,27.342478,25.652756,81.30301,5.916038,5.8940077
23.0,120.0,2020-07-01,2020-10-06,97,51,26.316013,27.331333,25.582596,80.8909,5.7406025,5.062806
23.0,120.0,2020-07-01,2020-10-07,98,51,26.261398,27.27282,25.542456,81.40383,5.8546124,5.124852
23.0,120.0,2020-07-01,2020-10-08,99,51,26.23401,27.23563,25.575619,81.0799,5.697282,3.1832047
23.0,120.0,2020-07-01,2020-10-09,100,51,26.258091,27.272217,25.508589,81.470856,5.7572703,2.9379911
23.0,120.0,2020-07-01,2020-10-10,101,51,26.175,27.201542,25.437332,81.33375,6.3984222,2.8853707
23.0,120.0,2020-07-01,2020-10-11,102,51,26.011671,26.97332,25.291359,80.872406,6.52649,4.8820105
23.0,120.0,2020-07-01,2020-10-12,103,51,25.825735,26.80034,25.133131,80.59782,6.2163944,3.935381
23.0,120.0,2020-07-01,2020-10-13,104,51,25.763954,26.702417,25.100208,80.7274,6.2412624,3.2638135
23.0,120.0,2020-07-01,2020-10-14,105,51,25.676378,26.625908,24.94487,80.667175,6.285678,3.1528332
23.0,120.0,2020-07-01,2020-10-15,106,51,25.570005,26.61163,24.837872,79.85727,6.222683,2.2622743
23.0,120.0,2020-07-01,2020-10-16,107,51,25.569761,26.620668,24.86804,80.494514,6.3601785,3.1001182
23.0,120.0,2020-07-01,2020-10-17,108,51,25.435938,26.384268,24.71765,80.15545,6.5255337,2.5449786
23.0,120.0,2020-07-01,2020-10-18,109,51,25.26989,26.258724,24.546837,79.72785,6.6520643,1.935251
23.0,120.0,2020-07-01,2020-10-19,110,51,25.219904,26.267502,24.514484,79.073296,6.557746,2.339363
23.0,120.0,2020-07-01,2020-10-20,111,51,25.22803,26.260479,24.521193,79.82423,6.510848,4.1266155
23.0,120.0,2020-07-01,2020-10-21,112,51,25.149712,26.090683,24.480112,80.29161,6.780694,3.345326
23.0,120.0,2020-07-01,2020-10-22,113,51,25.04297,26.0678,24.261997,80.05226,6.889063,4.0663004
23.0,120.0,2020-07-01,2020-10-23,114,51,24.841986,25.919765,24.052465,79.27551,6.8699446,2.0301843
23.0,120.0,2020-07-01,2020-10-24,115,51,24.7417,25.767288,23.981771,79.5635,6.589182,4.065507
23.0,120.0,2020-07-01,2020-10-25,116,51,24.780977,25.817982,24.05412,80.304726,6.297265,1.8804858
23.0,120.0,2020-07-01,2020-10-26,117,51,24.938595,26.000982,24.208145,80.49769,6.3955126,1.752054
23.0,120.0,2020-07-01,2020-10-27,118,51,24.905678,25.931732,24.20411,80.721,6.5418296,2.4317217
23.0,120.0,2020-07-01,2020-10-28,119,51,24.869968,25.89296,24.103664,80.56729,6.5697536,1.7173938
23.0,120.0,2020-07-01,2020-10-29,120,51,24.858963,25.857231,24.155928,81.055016,6.5682483,2.1235185
23.0,120.0,2020-07-01,2020-10-30,121,51,24.71722,25.711369,23.983604,81.00656,6.530775,2.390472
23.0,120.0,2020-07-01,2020-10-31,122,51,24.645271,25.697475,23.92477,81.20007,6.4879494,2.2345004
23.0,120.0,2020-07-01,2020-11-01,123,51,24.635496,25.69853,23.815403,80.519714,6.6940503,2.055706
23.0,120.0,2020-07-01,2020-11-02,124,51,24.491842,25.49396,23.787834,81.33766,6.8220186,2.3131871
23.0,120.0,2020-07-01,2020-11-03,125,51,24.344288,25.402313,23.562944,81.019905,6.863925,2.774065
23.0,120.0,2020-07-01,2020-11-04,126,51,24.269342,25.238316,23.561995,80.86925,6.8476324,3.2554364
23.0,120.0,2020-07-01,2020-11-05,127,51,24.172817,25.236908,23.438696,79.91974,6.881221,2.4221892
23.0,120.0,2020-07-01,2020-11-06,128,51,24.061264,25.064869,23.339804,79.83589,6.791971,2.878008
23.0,120.0,2020-07-01,2020-11-07,129,51,24.086765,25.162737,23.296253,80.42668,6.6698065,4.2502556
23.0,120.0,2020-07-01,2020-11-08,130,51,24.037918,25.07053,23.327854,81.45681,6.3912277,3.043347
23.0,120.0,2020-07-01,2020-11-09,131,51,23.992542,24.99131,23.211584,81.733795,6.5807095,1.9940739
23.0,120.0,2020-07-01,2020-11-10,132,51,23.863707,24.948177,23.09303,80.629616,6.888198,1.2285455
23.0,120.0,2020-07-01,2020-11-11,133,51,23.831394,24.861889,23.123209,80.31026,6.7778044,1.3714947
23.0,120.0,2020-07-01,2020-11-12,134,51,23.675808,24.700005,22.917358,80.38043,6.9634905,2.0022664
23.0,120.0,2020-07-01,2020-11-13,135,51,23.462986,24.487625,22.690964,79.83214,6.9790444,1.9986961
23.0,120.0,2020-07-01,2020-11-14,136,51,23.367401,24.420248,22.60392,79.63104,6.8975816,2.6043477
23.0,120.0,2020-07-01,2020-11-15,137,51,23.216312,24.265972,22.465027,79.96823,6.9647074,1.5870821
23.0,120.0,2020-07-01,2020-11-16,138,51,23.085655,24.117767,22.34235,79.68108,6.9341354,1.6242598
23.0,120.0,2020-07-01,2020-11-17,139,51,22.929798,24.037428,22.187489,79.779816,6.5891247,2.2749581
23.0,120.0,2020-07-01,2020-11-18,140,51,22.926262,24.054462,22.10392,79.86598,6.464422,1.9203638
23.0,120.0,2020-07-01,2020-11-19,141,51,22.75572,23.923447,21.916014,79.26715,6.851362,1.2603526
23.0,120.0,2020-07-01,2020-11-20,142,51,22.510368,23.527168,21.710476,78.64379,6.857231,1.4321152
23.0,120.0,2020-07-01,2020-11-21,143,51,22.576893,23.611038,21.824394,79.14488,6.4345436,1.5334897
23.0,120.0,2020-07-01,2020-11-22,144,51,22.657734,23.717995,21.906626,79.33685,6.402214,1.6299899
23.0,120.0,2020-07-01,2020-11-23,145,51,22.472975,23.487564,21.73129,79.670204,6.7084694,2.5508776
23.0,120.0,2020-07-01,2020-11-24,146,51,22.416304,23.401909,21.684849,79.923584,6.564618,2.6965947
23.0,120.0,2020-07-01,2020-11-25,147,51,22.299297,23.363203,21.522312,79.63953,6.9369164,2.9083922
23.0,120.0,2020-07-01,2020-11-26,148,51,22.110548,23.16919,21.278433,79.026825,7.04051,2.7615125
23.0,120.0,2020-07-01,2020-11-27,149,51,21.923033,22.90306,21.214218,78.72039,6.583704,2.534697
23.0,120.0,2020-07-01,2020-11-28,150,51,21.849232,22.9531,21.086487,78.68108,6.404198,2.0534608
23.0,120.0,2020-07-01,2020-11-29,151,51,21.756912,22.824364,20.97132,78.48871,6.485461,1.4935285
23.0,120.0,2020-07-01,2020-11-30,152,51,21.695993,22.713936,20.88961,78.386444,6.20852,2.8148255
23.0,121.0,2020-07-01,2020-07-01,0,51,25.956194,27.677595,24.716862,88.45468,2.9115038,0.0
23.0,121.0,2020-07-01,2020-07-02,1,51,26.026398,27.471796,24.931679,88.17025,2.7448483,8.714774
23.0,121.0,2020-07-01,2020-07-03,2,51,26.256088,28.052643,24.804253,85.82001,2.2524223,2.8532677
23.0,121.0,2020-07-01,2020-07-04,3,51,26.322893,28.176716,24.805426,85.41846,1.8440939,2.9822085
23.0,121.0,2020-07-01,2020-07-05,4,51,26.35004,28.228642,24.844193,85.56383,2.2105696,2.7768822
23.0,121.0,2020-07-01,2020-07-06,5,51,26.43233,28.246124,24.952538,85.81181,2.387676,4.3552623
23.0,121.0,2020-07-01,2020-07-07,6,51,26.32132,28.07361,24.876398,86.52517,2.3589513,6.01266
23.0,121.0,2020-07-01,2020-07-08,7,51,26.309727,28.029541,24.943483,85.92024,2.1136527,5.174296
23.0,121.0,2020-07-01,2020-07-09,8,51,26.167915,27.742346,24.793434,85.25911,1.9390558,5.3752036
23.0,121.0,2020-07-01,2020-07-10,9,51,26.204977,27.932093,24.795155,84.40802,1.681748,3.8158042
23.0,121.0,2020-07-01,2020-07-11,10,51,26.099155,27.737415,24.767105,84.057396,1.391449,4.341576
23.0,121.0,2020-07-01,2020-07-12,11,51,26.07539,27.720156,24.77076,84.05683,1.4746461,5.7364154
23.0,121.0,2020-07-01,2020-07-13,12,51,26.120623,27.824266,24.762592,83.899826,1.5493233,4.2834573
23.0,121.0,2020-07-01,2020-07-14,13,51,26.190617,27.954254,24.760296,83.56235,1.5196555,3.449813
23.0,121.0,2020-07-01,2020-07-15,14,51,26.176376,28.045748,24.71586,83.7357,1.6076655,3.6514506
23.0,121.0,2020-07-01,2020-07-16,15,51,26.240587,28.042309,24.847977,84.13469,1.8361232,4.333136
23.0,121.0,2020-07-01,2020-07-17,16,51,26.322676,28.073387,24.93761,84.65962,2.07562,5.1293955
23.0,121.0,2020-07-01,2020-07-18,17,51,26.379349,28.05015,25.030474,84.8788,2.0469143,4.8167744
23.0,121.0,2020-07-01,2020-07-19,18,51,26.479378,28.270515,24.989214,84.51604,2.0379653,4.2514334
23.0,121.0,2020-07-01,2020-07-20,19,51,26.569618,28.483944,25.036575,83.93889,1.8219494,4.3264556
23.0,121.0,2020-07-01,2020-07-21,20,51,26.557516,28.558556,24.99288,83.46059,1.6644149,3.1366816
23.0,121.0,2020-07-01,2020-07-22,21,51,26.48885,28.404606,25.000973,83.26573,1.5015856,3.3958836
23.0,121.0,2020-07-01,2020-07-23,22,51,26.38506,28.169502,24.955,83.45433,1.5332391,4.1976075
23.0,121.0,2020-07-01,2020-07-24,23,51,26.33408,28.061453,24.9558,83.67935,1.4548746,5.178519
23.0,121.0,2020-07-01,2020-07-25,24,51,26.308052,28.01261,24.9408,83.75173,1.5329919,5.30763
23.0,121.0,2020-07-01,2020-07-26,25,51,26.271992,27.974077,24.89659,83.974205,1.5505922,5.8803873
23.0,121.0,2020-07-01,2020-07-27,26,51,26.17799,27.822151,24.923828,84.62217,1.5081774,7.0272493
23.0,121.0,2020-07-01,2020-07-28,27,51,26.171612,27.68951,24.916561,84.82164,1.4722018,7.657831
23.0,121.0,2020-07-01,2020-07-29,28,51,26.143698,27.67128,24.919218,85.13169,1.6174624,9.721048
23.0,121.0,2020-07-01,2020-07-30,29,51,26.133812,27.716345,24.835361,85.226746,1.7688344,10.780263
23.0,121.0,2020-07-01,2020-07-31,30,51,26.108053,27.665623,24.924551,85.36841,1.685055,9.705706
23.0,121.0,2020-07-01,2020-08-01,31,51,26.136126,27.638157,25.004326,85.743195,1.7109238,10.547832
23.0,121.0,2020-07-01,2020-08-02,32,51,26.11151,27.640371,24.923939,85.8188,1.6172365,9.58096
23.0,121.0,2020-07-01,2020-08-03,33,51,26.075,27.567684,24.857578,86.15005,1.4547675,8.519266
23.0,121.0,2020-07-01,2020-08-04,34,51,26.178474,27.720413,24.99391,85.85245,1.4113485,8.4835415
23.0,121.0,2020-07-01,2020-08-05,35,51,26.21291,27.716324,25.077278,86.117256,1.6705917,9.9027605
23.0,121.0,2020-07-01,2020-08-06,36,51,26.207638,27.751707,25.033623,86.27069,1.8666494,12.398745
23.0,121.0,2020-07-01,2020-08-07,37,51,26.104414,27.54906,24.944252,87.02089,2.0803733,15.427294
23.0,121.0,2020-07-01,2020-08-08,38,51,25.959473,27.294357,24.952759,87.63382,2.1704872,17.46899
23.0,121.0,2020-07-01,2020-08-09,39,51,25.94522,27.288853,24.913652,87.62671,2.1233149,19.004185
23.0,121.0,2020-07-01,2020-08-10,40,51,26.001179,27.362455,24.941092,87.421776,1.9538149,16.951138
23.0,121.0,2020-07-01,2020-08-11,41,51,26.05851,27.580257,24.929407,87.067635,1.9212717,14.8712225
23.0,121.0,2020-07-01,2020-08-12,42,51,26.022913,27.355507,24.974384,87.09466,2.003088,15.747961
23.0,121.0,2020-07-01,2020-08-13,43,51,25.976616,27.277569,24.933365,87.31518,2.3505745,20.868752
23.0,121.0,2020-07-01,2020-08-14,44,51,25.905405,27.237658,24.82394,87.738976,2.2814054,19.17205
23.0,121.0,2020-07-01,2020-08-15,45,51,25.980186,27.372303,24.892145,87.359505,1.7557552,12.533483
23.0,121.0,2020-07-01,2020-08-16,46,51,26.02361,27.470297,24.888456,87.37876,1.6042179,13.940312
23.0,121.0,2020-07-01,2020-08-17,47,51,25.97948,27.460806,24.837,87.22367,1.7842836,16.446922
23.0,121.0,2020-07-01,2020-08-18,48,51,25.885046,27.26193,24.86967,87.58428,1.856842,19.240889
23.0,121.0,2020-07-01,2020-08-19,49,51,25.82291,27.12732,24.766884,87.76524,1.8060863,17.28505
23.0,121.0,2020-07-01,2020-08-20,50,51,25.807957,27.19585,24.740051,87.44597,1.9177349,17.477196
23.0,121.0,2020-07-01,2020-08-21,51,51,25.775192,27.082472,24.78336,87.65595,1.9927634,17.938498
23.0,121.0,2020-07-01,2020-08-22,52,51,25.808662,27.166605,24.769249,87.69151,1.8278098,16.429174
23.0,121.0,2020-07-01,2020-08-23,53,51,25.85067,27.31586,24.758171,87.23796,1.7149048,12.597739
23.0,121.0,2020-07-01,2020-08-24,54,51,25.865984,27.36435,24.810112,86.8819,1.8694409,11.7255
23.0,121.0,2020-07-01,2020-08-25,55,51,25.886972,27.427696,24.732187,86.623856,1.9120104,14.065731
23.0,121.0,2020-07-01,2020-08-26,56,51,25.803738,27.332756,24.699219,86.904854,2.1744175,16.936413
23.0,121.0,2020-07-01,2020-08-27,57,51,25.856785,27.354843,24.805832,86.89471,2.1893816,16.338467
23.0,121.0,2020-07-01,2020-08-28,58,51,25.76315,27.182335,24.654089,87.31797,2.2965875,16.015156
23.0,121.0,2020-07-01,2020-08-29,59,51,25.770851,27.273174,24.671885,87.268814,1.9471437,10.239762
23.0,121.0,2020-07-01,2020-08-30,60,51,25.815874,27.26516,24.739983,86.83316,1.7999487,11.493895
23.0,121.0,2020-07-01,2020-08-31,61,51,25.857876,27.345577,24.798624,86.67909,1.7765298,12.05332
23.0,121.0,2020-07-01,2020-09-01,62,51,25.827213,27.347815,24.714815,86.857605,1.7815684,11.921964
23.0,121.0,2020-07-01,2020-09-02,63,51,25.808636,27.277443,24.754267,86.862656,1.9433525,13.2183075
23.0,121.0,2020-07-01,2020-09-03,64,51,25.699333,27.037165,24.663923,87.16543,1.9724529,14.163312
23.0,121.0,2020-07-01,2020-09-04,65,51,25.807032,27.360004,24.689465,86.149506,1.8835145,9.598421
23.0,121.0,2020-07-01,2020-09-05,66,51,25.803257,27.313715,24.717155,86.37271,1.7510539,8.662096
23.0,121.0,2020-07-01,2020-09-06,67,51,25.829575,27.272495,24.737585,86.26086,1.7991769,8.784929
23.0,121.0,2020-07-01,2020-09-07,68,51,25.826464,27.378498,24.674385,85.78024,1.6873032,7.8284187
23.0,121.0,2020-07-01,2020-09-08,69,51,25.727276,27.303032,24.621025,85.600586,1.6409538,11.086851
23.0,121.0,2020-07-01,2020-09-09,70,51,25.719059,27.220654,24.648254,85.5998,1.852418,12.271174
23.0,121.0,2020-07-01,2020-09-10,71,51,25.621595,27.0819,24.586424,85.58513,2.018805,10.308394
23.0,121.0,2020-07-01,2020-09-11,72,51,25.600677,27.093285,24.510181,85.590805,1.94771,8.755882
23.0,121.0,2020-07-01,2020-09-12,73,51,25.600048,27.157425,24.493742,85.56149,1.963343,7.2617517
23.0,121.0,2020-07-01,2020-09-13,74,51,25.52897,27.058874,24.478544,85.37295,2.1531415,11.083374
23.0,121.0,2020-07-01,2020-09-14,75,51,25.44656,26.882702,24.40966,85.19422,2.1278505,7.691197
23.0,121.0,2020-07-01,2020-09-15,76,51,25.40944,26.899122,24.345291,84.67856,2.073242,7.7210197
23.0,121.0,2020-07-01,2020-09-16,77,51,25.347797,26.835712,24.26683,84.68818,2.1732624,8.769361
23.0,121.0,2020-07-01,2020-09-17,78,51,25.376015,26.952337,24.313297,84.6629,2.242767,8.422129
23.0,121.0,2020-07-01,2020-09-18,79,51,25.253101,26.71274,24.224773,85.09097,2.4159615,12.385012
23.0,121.0,2020-07-01,2020-09-19,80,51,25.210224,26.624039,24.25803,85.371605,2.4847388,14.418852
23.0,121.0,2020-07-01,2020-09-20,81,51,25.13149,26.543976,24.121141,85.33861,2.5604994,14.229898
23.0,121.0,2020-07-01,2020-09-21,82,51,25.12785,26.584724,24.128454,85.323395,2.5137994,13.508619
23.0,121.0,2020-07-01,2020-09-22,83,51,25.142775,26.566925,24.117636,85.00742,2.5764446,10.389727
23.0,121.0,2020-07-01,2020-09-23,84,51,25.10778,26.5816,24.085222,85.01288,2.4095893,9.484851
23.0,121.0,2020-07-01,2020-09-24,85,51,25.139534,26.685604,24.060455,84.49731,2.5007284,9.047497
23.0,121.0,2020-07-01,2020-09-25,86,51,25.078121,26.57015,24.05246,84.18994,2.4251423,8.87934
23.0,121.0,2020-07-01,2020-09-26,87,51,24.995775,26.552525,23.896523,84.17876,2.527187,10.441647
23.0,121.0,2020-07-01,2020-09-27,88,51,24.9457,26.464918,23.889244,84.49744,2.7096019,12.48294
23.0,121.0,2020-07-01,2020-09-28,89,51,24.931942,26.532389,23.835323,84.02623,2.825457,7.32858
23.0,121.0,2020-07-01,2020-09-29,90,51,24.817345,26.39272,23.738684,84.16466,2.9454618,9.698862
23.0,121.0,2020-07-01,2020-09-30,91,51,24.8438,26.414759,23.770504,83.99672,2.9560847,10.6217
23.0,121.0,2020-07-01,2020-10-01,92,51,24.857922,26.448206,23.816868,84.094666,2.8912468,10.073
23.0,121.0,2020-07-01,2020-10-02,93,51,24.870054,26.52517,23.758179,84.30603,2.7796266,10.368673
23.0,121.0,2020-07-01,2020-10-03,94,51,24.785389,26.363453,23.787416,84.02774,3.0154269,10.345026
23.0,121.0,2020-07-01,2020-10-04,95,51,24.679,26.209969,23.601093,84.01782,3.1220918,13.276472
23.0,121.0,2020-07-01,2020-10-05,96,51,24.441225,25.925667,23.320967,83.50578,3.0962186,13.02159
23.0,121.0,2020-07-01,2020-10-06,97,51,24.348848,25.966839,23.302626,82.946266,3.0004485,10.640155
23.0,121.0,2020-07-01,2020-10-07,98,51,24.308224,25.9124,23.21059,83.35597,3.0828714,9.274512
23.0,121.0,2020-07-01,2020-10-08,99,51,24.212914,25.72359,23.20515,83.32353,3.0273838,8.594051
23.0,121.0,2020-07-01,2020-10-09,100,51,24.241837,25.814888,23.192581,83.16139,3.039156,7.8751993
23.0,121.0,2020-07-01,2020-10-10,101,51,24.234543,25.82745,23.132198,83.53948,3.2085247,10.223919
23.0,121.0,2020-07-01,2020-10-11,102,51,24.076698,25.612051,23.013445,82.76936,3.301392,10.951384
23.0,121.0,2020-07-01,2020-10-12,103,51,23.913166,25.47062,22.865044,82.46601,3.3385346,10.211117
23.0,121.0,2020-07-01,2020-10-13,104,51,23.827633,25.353535,22.81855,82.934845,3.1825929,11.916187
23.0,121.0,2020-07-01,2020-10-14,105,51,23.72,25.227135,22.644203,82.553894,3.2475123,9.882913
23.0,121.0,2020-07-01,2020-10-15,106,51,23.62841,25.305346,22.504925,81.787254,3.2436607,6.8388104
23.0,121.0,2020-07-01,2020-10-16,107,51,23.626772,25.265903,22.615547,82.60106,3.209606,8.907415
23.0,121.0,2020-07-01,2020-10-17,108,51,23.563278,25.113968,22.47948,82.34592,3.3110926,5.9663415
23.0,121.0,2020-07-01,2020-10-18,109,51,23.363098,25.025993,22.236214,81.932915,3.4325275,5.6282854
23.0,121.0,2020-07-01,2020-10-19,110,51,23.301798,25.01174,22.262531,81.2643,3.5193784,7.497815
23.0,121.0,2020-07-01,2020-10-20,111,51,23.362377,25.04499,22.3256,81.77195,3.4531841,9.4628725
23.0,121.0,2020-07-01,2020-10-21,112,51,23.312126,24.867142,22.281588,82.33262,3.4045966,9.310142
23.0,121.0,2020-07-01,2020-10-22,113,51,23.187273,24.826038,22.04866,82.30375,3.5537333,8.636826
23.0,121.0,2020-07-01,2020-10-23,114,51,22.946507,24.676369,21.780016,81.808624,3.5708988,7.9919724
23.0,121.0,2020-07-01,2020-10-24,115,51,22.798124,24.44724,21.667198,81.693436,3.6001961,9.799835
23.0,121.0,2020-07-01,2020-10-25,116,51,22.894388,24.574306,21.814718,82.49782,3.2841375,6.948448
23.0,121.0,2020-07-01,2020-10-26,117,51,23.039658,24.685926,22.006355,82.69118,3.2637157,7.015355
23.0,121.0,2020-07-01,2020-10-27,118,51,23.009224,24.619759,21.950954,82.79457,3.3653736,9.112315
23.0,121.0,2020-07-01,2020-10-28,119,51,22.96797,24.586004,21.859726,82.43855,3.313947,7.5822673
23.0,121.0,2020-07-01,2020-10-29,120,51,22.974667,24.576387,21.931648,83.28456,3.2783146,10.053675
23.0,121.0,2020-07-01,2020-10-30,121,51,22.77953,24.373072,21.718117,82.9907,3.4208624,8.104152
23.0,121.0,2020-07-01,2020-10-31,122,51,22.814753,24.484041,21.733662,82.78464,3.3307312,6.67606
23.0,121.0,2020-07-01,2020-11-01,123,51,22.825138,24.497463,21.65394,82.075035,3.4575388,5.1678815
23.0,121.0,2020-07-01,2020-11-02,124,51,22.650568,24.328043,21.618006,82.898895,3.5379152,7.051938
23.0,121.0,2020-07-01,2020-11-03,125,51,22.534153,24.194702,21.438095,82.69926,3.4754438,7.5656004
23.0,121.0,2020-07-01,2020-11-04,126,51,22.497427,24.120462,21.441689,82.45809,3.4610574,6.1465116
23.0,121.0,2020-07-01,2020-11-05,127,51,22.301386,23.945343,21.244253,81.84124,3.5654228,5.08294
23.0,121.0,2020-07-01,2020-11-06,128,51,22.17857,23.790806,21.134693,82.0522,3.5786295,8.030261
23.0,121.0,2020-07-01,2020-11-07,129,51,22.212517,23.840057,21.15802,82.57273,3.4439712,10.279393
23.0,121.0,2020-07-01,2020-11-08,130,51,22.195265,23.816483,21.163303,83.40126,3.2291617,9.110094
23.0,121.0,2020-07-01,2020-11-09,131,51,22.14415,23.744337,21.106897,83.81971,3.281261,7.6213336
23.0,121.0,2020-07-01,2020-11-10,132,51,22.040447,23.693623,20.955605,82.34753,3.4971278,7.4530597
23.0,121.0,2020-07-01,2020-11-11,133,51,21.936916,23.560268,20.882113,82.3083,3.4604154,5.536854
23.0,121.0,2020-07-01,2020-11-12,134,51,21.76836,23.402147,20.65577,82.54218,3.62699,6.7008877
23.0,121.0,2020-07-01,2020-11-13,135,51,21.585678,23.20711,20.544346,82.05701,3.696019,6.31196
23.0,121.0,2020-07-01,2020-11-14,136,51,21.575989,23.207117,20.535137,81.48999,3.5843277,5.113205
23.0,121.0,2020-07-01,2020-11-15,137,51,21.47853,23.150154,20.388094,82.062164,3.4618711,5.5011215
23.0,121.0,2020-07-01,2020-11-16,138,51,21.289541,22.953157,20.227867,81.56033,3.5903795,5.5341954
23.0,121.0,2020-07-01,2020-11-17,139,51,21.058056,22.766922,19.98531,81.57526,3.4714828,6.1656456
23.0,121.0,2020-07-01,2020-11-18,140,51,21.092411,22.855263,19.928308,81.26848,3.4165363,3.798357
23.0,121.0,2020-07-01,2020-11-19,141,51,20.916954,22.722752,19.778992,80.83506,3.5594444,4.238864
23.0,121.0,2020-07-01,2020-11-20,142,51,20.697725,22.392513,19.580517,80.39645,3.5850365,4.259169
23.0,121.0,2020-07-01,2020-11-21,143,51,20.721695,22.483768,19.64869,80.931915,3.3116724,5.2184753
23.0,121.0,2020-07-01,2020-11-22,144,51,20.787872,22.47633,19.740776,81.232666,3.3072674,5.1116343
23.0,121.0,2020-07-01,2020-11-23,145,51,20.61697,22.221134,19.57809,81.57847,3.4655614,6.5795116
23.0,121.0,2020-07-01,2020-11-24,146,51,20.535551,22.160395,19.496632,81.9342,3.5445654,6.324516
23.0,121.0,2020-07-01,2020-11-25,147,51,20.403397,22.09788,19.33151,81.35386,3.6198628,5.805033
23.0,121.0,2020-07-01,2020-11-26,148,51,20.209711,21.846888,19.108047,80.818375,3.6650364,6.0366707
23.0,121.0,2020-07-01,2020-11-27,149,51,20.012966,21.668573,18.96784,80.91657,3.397325,6.1061435
23.0,121.0,2020-07-01,2020-11-28,150,51,19.991825,21.793797,18.925795,80.51362,3.3614242,4.519962
23.0,121.0,2020-07-01,2020-11-29,151,51,19.824097,21.556473,18.688211,80.78535,3.457498,4.840668
23.0,121.0,2020-07-01,2020-11-30,152,51,19.732376,21.310143,18.637928,81.04802,3.41181,6.2444935
23.0,122.0,2020-07-01,2020-07-01,0,51,27.08791,28.184204,26.139984,86.82168,5.5001564,0.0
23.0,122.0,2020-07-01,2020-07-02,1,51,27.010204,27.875977,26.254696,86.45811,4.9343405,5.621429
23.0,122.0,2020-07-01,2020-07-03,2,51,27.107267,28.260015,26.150612,84.98338,4.1870975,2.1682253
23.0,122.0,2020-07-01,2020-07-04,3,51,27.09884,28.229866,26.164959,84.837585,3.8169608,2.296018
23.0,122.0,2020-07-01,2020-07-05,4,51,27.19891,28.372925,26.299347,85.02233,4.9048915,1.8908732
23.0,122.0,2020-07-01,2020-07-06,5,51,27.269281,28.411411,26.256962,85.45612,5.157137,3.0938818
23.0,122.0,2020-07-01,2020-07-07,6,51,27.182278,28.344536,26.22731,85.46153,4.6362543,4.247184
23.0,122.0,2020-07-01,2020-07-08,7,51,27.085964,28.1805,26.144493,85.1297,4.2475977,4.0970297
23.0,122.0,2020-07-01,2020-07-09,8,51,26.949635,27.953098,26.068977,84.39032,3.689774,3.9965925
23.0,122.0,2020-07-01,2020-07-10,9,51,26.85547,27.901546,25.959045,84.021454,2.9534726,3.5516968
23.0,122.0,2020-07-01,2020-07-11,10,51,26.69548,27.697319,25.82286,83.84884,2.3594654,4.689924
23.0,122.0,2020-07-01,2020-07-12,11,51,26.617893,27.602139,25.799305,84.1281,2.5404215,6.2697425
23.0,122.0,2020-07-01,2020-07-13,12,51,26.72755,27.695244,25.881111,83.653244,2.598843,4.38735
23.0,122.0,2020-07-01,2020-07-14,13,51,26.827934,27.904028,25.877174,83.30755,2.5274968,3.2946324
23.0,122.0,2020-07-01,2020-07-15,14,51,26.82866,27.892193,25.917559,83.11842,2.604895,3.2551084
23.0,122.0,2020-07-01,2020-07-16,15,51,26.890041,27.92313,26.033081,83.86301,3.066874,3.738284
23.0,122.0,2020-07-01,2020-07-17,16,51,27.029766,28.07555,26.18951,83.98465,3.4953468,4.3991194
23.0,122.0,2020-07-01,2020-07-18,17,51,27.094774,28.09734,26.262234,84.253746,3.6456647,4.5039206
23.0,122.0,2020-07-01,2020-07-19,18,51,27.153475,28.246689,26.212751,84.14966,3.610423,4.2697678
23.0,122.0,2020-07-01,2020-07-20,19,51,27.214767,28.347958,26.234669,83.93335,3.180553,4.3506155
23.0,122.0,2020-07-01,2020-07-21,20,51,27.193905,28.37165,26.167482,83.274055,2.8916302,2.9636064
23.0,122.0,2020-07-01,2020-07-22,21,51,27.091892,28.21811,26.131239,83.19124,2.6251392,3.5483665
23.0,122.0,2020-07-01,2020-07-23,22,51,26.981628,28.077345,26.073875,83.448395,2.7020202,4.3854303
23.0,122.0,2020-07-01,2020-07-24,23,51,26.98743,28.000439,26.145252,83.32196,2.6611807,4.672798
23.0,122.0,2020-07-01,2020-07-25,24,51,26.958626,27.96399,26.07526,83.55357,2.777143,4.622351
23.0,122.0,2020-07-01,2020-07-26,25,51,26.90396,27.949127,26.036926,83.92938,2.7770967,5.9312453
23.0,122.0,2020-07-01,2020-07-27,26,51,26.84097,27.761684,26.082134,84.27275,2.746995,6.412964
23.0,122.0,2020-07-01,2020-07-28,27,51,26.852238,27.792873,26.022324,84.4159,2.854751,7.9323254
23.0,122.0,2020-07-01,2020-07-29,28,51,26.825586,27.702318,26.043676,84.770096,3.0274405,10.051863
23.0,122.0,2020-07-01,2020-07-30,29,51,26.836624,27.756159,26.0239,84.89137,3.0739822,9.076431
23.0,122.0,2020-07-01,2020-07-31,30,51,26.831333,27.744217,26.084972,84.83519,2.9855747,7.8316813
23.0,122.0,2020-07-01,2020-08-01,31,51,26.857239,27.787025,26.071075,85.127815,3.1254697,9.171015
23.0,122.0,2020-07-01,2020-08-02,32,51,26.86506,27.784122,26.069613,84.9751,2.9079974,8.193338
23.0,122.0,2020-07-01,2020-08-03,33,51,26.84208,27.772688,26.010954,85.30427,2.928431,8.033403
23.0,122.0,2020-07-01,2020-08-04,34,51,26.960533,27.863127,26.209656,84.89126,2.7480118,7.6384287
23.0,122.0,2020-07-01,2020-08-05,35,51,27.019941,27.913963,26.256313,85.095726,3.1580715,7.614329
23.0,122.0,2020-07-01,2020-08-06,36,51,27.000555,27.920662,26.224878,85.456505,3.4744544,9.59668
23.0,122.0,2020-07-01,2020-08-07,37,51,26.939615,27.789803,26.198917,85.77126,3.7926202,12.088396
23.0,122.0,2020-07-01,2020-08-08,38,51,26.856194,27.641243,26.15423,86.182495,3.8104634,13.081255
23.0,122.0,2020-07-01,2020-08-09,39,51,26.852337,27.661654,26.163685,86.29951,3.9266787,12.9025
23.0,122.0,2020-07-01,2020-08-10,40,51,26.87655,27.71278,26.179539,86.205536,3.8187983,11.48704
23.0,122.0,2020-07-01,2020-08-11,41,51,26.887497,27.744411,26.135792,86.1579,3.8447728,10.455989
23.0,122.0,2020-07-01,2020-08-12,42,51,26.908474,27.683178,26.241447,86.18419,4.0890293,12.353895
23.0,122.0,2020-07-01,2020-08-13,43,51,26.88934,27.665741,26.260168,86.06555,4.2455735,13.991538
23.0,122.0,2020-07-01,2020-08-14,44,51,26.889088,27.693895,26.133781,86.2319,4.25301,11.405095
23.0,122.0,2020-07-01,2020-08-15,45,51,26.930952,27.842579,26.192017,86.21304,3.8295922,8.560025
23.0,122.0,2020-07-01,2020-08-16,46,51,26.917366,27.787983,26.17051,86.29076,3.490531,11.257471
23.0,122.0,2020-07-01,2020-08-17,47,51,26.841248,27.738905,26.098219,85.99715,3.563046,11.412226
23.0,122.0,2020-07-01,2020-08-18,48,51,26.756227,27.542221,26.07492,86.257965,3.4437864,13.625608
23.0,122.0,2020-07-01,2020-08-19,49,51,26.735046,27.493515,26.057083,86.035446,3.1723375,11.249939
23.0,122.0,2020-07-01,2020-08-20,50,51,26.659794,27.478691,25.90881,86.21748,3.5778012,13.359489
23.0,122.0,2020-07-01,2020-08-21,51,51,26.631426,27.376902,25.982864,86.395935,3.622908,13.839595
23.0,122.0,2020-07-01,2020-08-22,52,51,26.715752,27.562351,25.998985,86.18425,3.2751184,12.638542
23.0,122.0,2020-07-01,2020-08-23,53,51,26.674244,27.562977,25.939846,86.044876,3.3362808,10.191366
23.0,122.0,2020-07-01,2020-08-24,54,51,26.682125,27.556793,26.016539,85.73854,3.4583292,9.129008
23.0,122.0,2020-07-01,2020-08-25,55,51,26.770067,27.671688,26.016838,85.293495,3.6084652,13.208532
23.0,122.0,2020-07-01,2020-08-26,56,51,26.676254,27.574963,25.924759,85.73074,3.8461328,14.463038
23.0,122.0,2020-07-01,2020-08-27,57,51,26.702303,27.598211,26.005947,85.74759,4.104368,15.343971
23.0,122.0,2020-07-01,2020-08-28,58,51,26.622005,27.474174,25.901484,85.926926,3.777635,13.349285
23.0,122.0,2020-07-01,2020-08-29,59,51,26.621534,27.50273,25.90369,85.8878,3.3387976,9.195825
23.0,122.0,2020-07-01,2020-08-30,60,51,26.649647,27.48991,25.923584,85.69521,3.33937,10.992907
23.0,122.0,2020-07-01,2020-08-31,61,51,26.68586,27.55093,26.01127,85.585785,3.4915285,10.988701
23.0,122.0,2020-07-01,2020-09-01,62,51,26.676414,27.595066,25.88834,85.439575,3.599959,10.839134
23.0,122.0,2020-07-01,2020-09-02,63,51,26.59111,27.52084,25.87501,85.822624,3.7624443,13.130749
23.0,122.0,2020-07-01,2020-09-03,64,51,26.526613,27.345322,25.829748,85.89183,3.6902661,11.447821
23.0,122.0,2020-07-01,2020-09-04,65,51,26.609737,27.5421,25.870586,85.01587,3.4272137,8.358614
23.0,122.0,2020-07-01,2020-09-05,66,51,26.630463,27.563452,25.896145,84.99853,3.3986628,7.867219
23.0,122.0,2020-07-01,2020-09-06,67,51,26.644938,27.522884,25.870953,85.15603,3.367497,8.571141
23.0,122.0,2020-07-01,2020-09-07,68,51,26.646036,27.526348,25.893782,84.50503,3.5466132,7.396881
23.0,122.0,2020-07-01,2020-09-08,69,51,26.559055,27.483364,25.833626,84.36798,3.5158541,9.563318
23.0,122.0,2020-07-01,2020-09-09,70,51,26.493248,27.3817,25.759962,84.6348,3.6792378,11.703355
23.0,122.0,2020-07-01,2020-09-10,71,51,26.414509,27.304241,25.665462,84.81314,3.9225483,9.615841
23.0,122.0,2020-07-01,2020-09-11,72,51,26.345758,27.145393,25.657238,84.69592,3.9131076,9.669719
23.0,122.0,2020-07-01,2020-09-12,73,51,26.365131,27.27488,25.58114,84.6219,3.9355245,8.044088
23.0,122.0,2020-07-01,2020-09-13,74,51,26.270512,27.151062,25.556923,84.461586,4.22783,11.397341
23.0,122.0,2020-07-01,2020-09-14,75,51,26.208244,27.049202,25.506386,84.14008,4.007947,8.720095
23.0,122.0,2020-07-01,2020-09-15,76,51,26.17138,27.017729,25.491642,83.56858,4.1104755,8.091629
23.0,122.0,2020-07-01,2020-09-16,77,51,26.168543,27.038235,25.463879,83.17081,4.460438,7.735247
23.0,122.0,2020-07-01,2020-09-17,78,51,26.125431,27.013203,25.381145,83.597046,4.656639,9.575334
23.0,122.0,2020-07-01,2020-09-18,79,51,26.023302,26.868002,25.30239,84.4046,4.771531,13.935542
23.0,122.0,2020-07-01,2020-09-19,80,51,25.99053,26.820295,25.337557,84.53874,5.085455,16.348484
23.0,122.0,2020-07-01,2020-09-20,81,51,25.888454,26.675922,25.20597,84.589615,4.7777433,17.816292
23.0,122.0,2020-07-01,2020-09-21,82,51,25.9001,26.70042,25.239014,84.32369,4.611268,14.465348
23.0,122.0,2020-07-01,2020-09-22,83,51,25.94357,26.75771,25.285835,83.879166,5.0258875,11.940178
23.0,122.0,2020-07-01,2020-09-23,84,51,25.914047,26.73045,25.219688,84.111275,4.932927,11.258761
23.0,122.0,2020-07-01,2020-09-24,85,51,25.921665,26.792747,25.24538,83.400314,5.0266914,10.166964
23.0,122.0,2020-07-01,2020-09-25,86,51,25.882832,26.711681,25.178486,82.9145,4.8558598,8.031463
23.0,122.0,2020-07-01,2020-09-26,87,51,25.777746,26.68256,25.062145,83.09421,5.1030645,10.483765
23.0,122.0,2020-07-01,2020-09-27,88,51,25.764791,26.621105,25.10748,83.51001,5.5569243,13.29768
23.0,122.0,2020-07-01,2020-09-28,89,51,25.742317,26.680218,25.005722,82.89622,5.539814,10.156559
23.0,122.0,2020-07-01,2020-09-29,90,51,25.65935,26.580767,24.94898,83.146515,5.6945763,10.808329
23.0,122.0,2020-07-01,2020-09-30,91,51,25.680315,26.533188,24.994738,83.04394,6.0371566,12.0536175
23.0,122.0,2020-07-01,2020-10-01,92,51,25.654303,26.500706,24.998674,83.77625,5.9100766,13.105387
23.0,122.0,2020-07-01,2020-10-02,93,51,25.666012,26.563675,24.957752,83.55238,5.8733873,13.858
23.0,122.0,2020-07-01,2020-10-03,94,51,25.56711,26.379086,24.935425,83.39336,6.208418,12.909735
23.0,122.0,2020-07-01,2020-10-04,95,51,25.480198,26.349932,24.770233,83.19125,6.2725477,16.186335
23.0,122.0,2020-07-01,2020-10-05,96,51,25.275316,26.079067,24.552727,82.690094,6.4304514,15.219129
23.0,122.0,2020-07-01,2020-10-06,97,51,25.166607,26.03897,24.490707,82.17418,6.1333213,11.190128
23.0,122.0,2020-07-01,2020-10-07,98,51,25.17051,25.960693,24.500195,81.989075,6.3266735,9.416502
23.0,122.0,2020-07-01,2020-10-08,99,51,25.020111,25.768639,24.391142,82.28837,6.529686,10.574107
23.0,122.0,2020-07-01,2020-10-09,100,51,25.034332,25.87033,24.392015,82.17157,6.3464622,11.22686
23.0,122.0,2020-07-01,2020-10-10,101,51,25.033764,25.895105,24.351547,82.82561,6.715356,13.137217
23.0,122.0,2020-07-01,2020-10-11,102,51,24.882229,25.740204,24.154306,81.52289,7.2617874,11.740398
23.0,122.0,2020-07-01,2020-10-12,103,51,24.71109,25.506727,24.084816,81.27939,7.1661277,11.96929
23.0,122.0,2020-07-01,2020-10-13,104,51,24.660305,25.490564,23.98859,81.7867,6.7850494,14.457016
23.0,122.0,2020-07-01,2020-10-14,105,51,24.543625,25.377468,23.845554,81.333755,7.003703,11.999975
23.0,122.0,2020-07-01,2020-10-15,106,51,24.44487,25.323826,23.735416,80.940765,7.011803,9.503292
23.0,122.0,2020-07-01,2020-10-16,107,51,24.44183,25.245296,23.832937,81.63367,6.927889,10.54976
23.0,122.0,2020-07-01,2020-10-17,108,51,24.355225,25.183857,23.677696,81.05173,7.1851816,7.2365017
23.0,122.0,2020-07-01,2020-10-18,109,51,24.211575,25.067436,23.508522,80.579346,7.5049605,7.0442977
23.0,122.0,2020-07-01,2020-10-19,110,51,24.150536,25.00799,23.532436,80.2074,7.857411,10.168351
23.0,122.0,2020-07-01,2020-10-20,111,51,24.249954,25.0772,23.629787,80.49599,7.4383607,10.917829
23.0,122.0,2020-07-01,2020-10-21,112,51,24.170694,24.989965,23.521244,81.51554,7.300991,11.163473
23.0,122.0,2020-07-01,2020-10-22,113,51,24.0047,24.84229,23.319725,81.87847,7.584141,11.859928
23.0,122.0,2020-07-01,2020-10-23,114,51,23.75419,24.646473,23.016953,81.47052,7.59081,13.3037615
23.0,122.0,2020-07-01,2020-10-24,115,51,23.649502,24.498426,22.945847,81.16126,7.47563,12.468462
23.0,122.0,2020-07-01,2020-10-25,116,51,23.75541,24.618355,23.094238,81.97153,7.0880246,11.241407
23.0,122.0,2020-07-01,2020-10-26,117,51,23.799824,24.590614,23.162418,82.721725,6.903701,10.291084
23.0,122.0,2020-07-01,2020-10-27,118,51,23.804104,24.560911,23.190802,82.56047,7.090965,11.43811
23.0,122.0,2020-07-01,2020-10-28,119,51,23.773558,24.583961,23.123394,82.206696,7.0227127,9.517531
23.0,122.0,2020-07-01,2020-10-29,120,51,23.7571,24.561817,23.103874,82.94545,6.9807425,13.109144
23.0,122.0,2020-07-01,2020-10-30,121,51,23.612509,24.40826,22.975046,82.094604,7.3320494,10.447664
23.0,122.0,2020-07-01,2020-10-31,122,51,23.660315,24.516403,22.999405,81.869545,7.012674,10.35904
23.0,122.0,2020-07-01,2020-11-01,123,51,23.620956,24.47425,22.886469,81.91241,7.2303853,8.237829
23.0,122.0,2020-07-01,2020-11-02,124,51,23.470505,24.314327,22.826113,82.39255,7.434328,9.402281
23.0,122.0,2020-07-01,2020-11-03,125,51,23.38129,24.184877,22.713867,81.99962,7.1893125,10.549938
23.0,122.0,2020-07-01,2020-11-04,126,51,23.30013,24.120638,22.650429,82.06099,7.0973577,7.472707
23.0,122.0,2020-07-01,2020-11-05,127,51,23.114204,23.929867,22.439396,80.96608,7.459943,7.159007
23.0,122.0,2020-07-01,2020-11-06,128,51,23.014275,23.822548,22.373375,81.505165,7.4996448,9.939369
23.0,122.0,2020-07-01,2020-11-07,129,51,23.069536,23.855743,22.4636,82.000725,7.253758,11.622462
23.0,122.0,2020-07-01,2020-11-08,130,51,23.113947,23.93288,22.48598,82.56029,6.7387424,10.92415
23.0,122.0,2020-07-01,2020-11-09,131,51,23.059036,23.874699,22.379326,82.43341,6.6180143,11.589203
23.0,122.0,2020-07-01,2020-11-10,132,51,22.940983,23.747934,22.243036,81.74805,7.1400633,11.46644
23.0,122.0,2020-07-01,2020-11-11,133,51,22.7572,23.546808,22.10394,81.81557,7.337677,9.039494
23.0,122.0,2020-07-01,2020-11-12,134,51,22.634777,23.464422,21.92134,81.903915,7.4718494,8.497032
23.0,122.0,2020-07-01,2020-11-13,135,51,22.447231,23.218342,21.811409,81.83021,7.8402205,9.031187
23.0,122.0,2020-07-01,2020-11-14,136,51,22.484426,23.283707,21.784992,80.70352,7.2677107,7.4616003
23.0,122.0,2020-07-01,2020-11-15,137,51,22.445019,23.308388,21.71133,81.10608,7.094136,8.467281
23.0,122.0,2020-07-01,2020-11-16,138,51,22.22219,22.991905,21.60326,80.23337,7.449254,7.856398
23.0,122.0,2020-07-01,2020-11-17,139,51,22.09145,22.9472,21.41846,80.311035,7.265374,8.586075
23.0,122.0,2020-07-01,2020-11-18,140,51,22.094646,22.967686,21.366833,79.92406,7.060405,5.5018444
23.0,122.0,2020-07-01,2020-11-19,141,51,21.901375,22.824053,21.164354,79.36388,7.413954,5.725647
23.0,122.0,2020-07-01,2020-11-20,142,51,21.66644,22.525833,20.940723,79.12906,7.478218,6.099802
23.0,122.0,2020-07-01,2020-11-21,143,51,21.726597,22.616743,21.05936,79.46257,6.936304,6.8718224
23.0,122.0,2020-07-01,2020-11-22,144,51,21.780008,22.594706,21.104736,79.70181,6.8185167,6.9310503
23.0,122.0,2020-07-01,2020-11-23,145,51,21.590475,22.392887,20.936,80.12921,7.1847706,8.35178
23.0,122.0,2020-07-01,2020-11-24,146,51,21.526081,22.33356,20.857693,80.71898,7.3068304,8.215851
23.0,122.0,2020-07-01,2020-11-25,147,51,21.419867,22.285995,20.726387,79.80417,7.626213,6.8500566
23.0,122.0,2020-07-01,2020-11-26,148,51,21.170803,21.981585,20.428623,79.841095,7.7051725,7.6652193
23.0,122.0,2020-07-01,2020-11-27,149,51,21.052593,21.908455,20.402008,79.17542,7.361987,7.3027678
23.0,122.0,2020-07-01,2020-11-28,150,51,21.12284,22.001947,20.450497,78.479965,7.259427,6.451706
23.0,122.0,2020-07-01,2020-11-29,151,51,20.914692,21.804743,20.17736,79.1346,7.2214937,6.573099
23.0,122.0,2020-07-01,2020-11-30,152,51,20.84581,21.658646,20.078342,79.7652,7.174517,8.323522
24.0,120.0,2020-07-01,2020-07-01,0,51,27.825975,28.610294,27.211874,86.81268,6.102175,0.0
24.0,120.0,2020-07-01,2020-07-02,1,51,27.66331,28.25619,27.159563,86.47244,5.808744,6.613235
24.0,120.0,2020-07-01,2020-07-03,2,51,27.860943,28.63589,27.231737,86.237915,4.8204317,1.9512463
24.0,120.0,2020-07-01,2020-07-04,3,51,28.07165,29.012835,27.361523,85.34271,4.589054,1.1718504
24.0,120.0,2020-07-01,2020-07-05,4,51,28.12452,28.999166,27.448128,84.90926,5.546464,1.1191111
24.0,120.0,2020-07-01,2020-07-06,5,51,28.185259,29.066254,27.453114,85.15643,5.32343,1.5773157
24.0,120.0,2020-07-01,2020-07-07,6,51,28.082514,28.901482,27.393158,85.66128,5.013674,2.6861274
24.0,120.0,2020-07-01,2020-07-08,7,51,28.070126,28.965048,27.374578,85.33155,5.06191,1.8323394
24.0,120.0,2020-07-01,2020-07-09,8,51,28.048416,28.984505,27.29498,84.860886,4.769967,2.1868076
24.0,120.0,2020-07-01,2020-07-10,9,51,28.067461,29.046328,27.238176,84.59454,3.748097,1.9434476
24.0,120.0,2020-07-01,2020-07-11,10,51,28.034874,29.064405,27.199429,84.31431,2.6838522,2.1456378
24.0,120.0,2020-07-01,2020-07-12,11,51,28.085054,29.185312,27.273777,84.08736,2.3002083,3.1876316
24.0,120.0,2020-07-01,2020-07-13,12,51,28.138271,29.247267,27.305582,84.02298,2.2063897,3.3371146
24.0,120.0,2020-07-01,2020-07-14,13,51,28.18951,29.313774,27.358002,84.19536,2.3530757,2.7733555
24.0,120.0,2020-07-01,2020-07-15,14,51,28.196344,29.310724,27.388786,84.12702,2.7518032,3.2000365
24.0,120.0,2020-07-01,2020-07-16,15,51,28.219404,29.288338,27.48055,84.159515,3.3310843,3.4433465
24.0,120.0,2020-07-01,2020-07-17,16,51,28.212618,29.20861,27.490131,84.35825,3.8562174,3.6411164
24.0,120.0,2020-07-01,2020-07-18,17,51,28.26333,29.187845,27.532751,84.38492,3.909684,2.654887
24.0,120.0,2020-07-01,2020-07-19,18,51,28.395767,29.346306,27.635239,84.334885,3.734826,2.2057104
24.0,120.0,2020-07-01,2020-07-20,19,51,28.431133,29.45108,27.62858,84.4466,3.3590982,2.0447917
24.0,120.0,2020-07-01,2020-07-21,20,51,28.46521,29.550097,27.58999,84.24535,3.1662261,1.9939421
24.0,120.0,2020-07-01,2020-07-22,21,51,28.440771,29.56584,27.480669,83.95672,2.7477324,2.1654203
24.0,120.0,2020-07-01,2020-07-23,22,51,28.365917,29.482664,27.514288,83.90016,2.5766563,2.429077
24.0,120.0,2020-07-01,2020-07-24,23,51,28.314966,29.398449,27.524595,83.66174,2.596657,2.9215205
24.0,120.0,2020-07-01,2020-07-25,24,51,28.315962,29.371271,27.492365,83.608826,2.7385821,3.6887069
24.0,120.0,2020-07-01,2020-07-26,25,51,28.2395,29.29066,27.421894,83.93329,2.6806207,3.908155
24.0,120.0,2020-07-01,2020-07-27,26,51,28.201033,29.207603,27.41861,84.18168,2.7819505,4.472211
24.0,120.0,2020-07-01,2020-07-28,27,51,28.194954,29.2121,27.41237,84.33615,2.6840131,4.362316
24.0,120.0,2020-07-01,2020-07-29,28,51,28.191086,29.180882,27.389502,84.36042,3.055635,5.3152256
24.0,120.0,2020-07-01,2020-07-30,29,51,28.138844,29.144331,27.323614,84.500404,3.0467246,6.927171
24.0,120.0,2020-07-01,2020-07-31,30,51,28.082352,29.051807,27.318304,84.89838,3.084554,6.9737
24.0,120.0,2020-07-01,2020-08-01,31,51,28.076347,29.080511,27.262304,84.96696,2.971704,6.9498053
24.0,120.0,2020-07-01,2020-08-02,32,51,28.035772,29.039288,27.258402,85.290215,2.911958,6.039994
24.0,120.0,2020-07-01,2020-08-03,33,51,28.041231,29.045897,27.302649,85.252,2.9962616,5.767377
24.0,120.0,2020-07-01,2020-08-04,34,51,28.043852,28.968794,27.363478,85.32139,3.0206542,5.0327783
24.0,120.0,2020-07-01,2020-08-05,35,51,28.110643,29.066103,27.392239,85.47236,3.2729702,7.053517
24.0,120.0,2020-07-01,2020-08-06,36,51,28.073671,29.020256,27.38411,85.552124,3.4704237,8.0993
24.0,120.0,2020-07-01,2020-08-07,37,51,28.024893,28.871984,27.314425,85.90532,3.7599323,8.678218
24.0,120.0,2020-07-01,2020-08-08,38,51,27.961857,28.804258,27.27874,85.94559,3.9232068,10.471623
24.0,120.0,2020-07-01,2020-08-09,39,51,27.959099,28.842113,27.26872,85.97507,3.9981787,10.184955
24.0,120.0,2020-07-01,2020-08-10,40,51,27.956347,28.78684,27.338263,86.31454,3.9242778,10.404668
24.0,120.0,2020-07-01,2020-08-11,41,51,27.99541,28.9223,27.305225,86.33037,3.9619336,9.377371
24.0,120.0,2020-07-01,2020-08-12,42,51,27.944921,28.794792,27.267935,86.35558,4.325257,10.057518
24.0,120.0,2020-07-01,2020-08-13,43,51,27.88787,28.715445,27.234625,86.4724,4.68771,12.26994
24.0,120.0,2020-07-01,2020-08-14,44,51,27.827362,28.64472,27.172636,86.713875,4.6518645,12.509147
24.0,120.0,2020-07-01,2020-08-15,45,51,27.829466,28.627449,27.128387,86.662155,4.2381306,8.2782955
24.0,120.0,2020-07-01,2020-08-16,46,51,27.874964,28.779388,27.15299,86.670555,3.8718917,6.9216404
24.0,120.0,2020-07-01,2020-08-17,47,51,27.947882,28.877039,27.219555,86.40107,3.8464732,7.5959992
24.0,120.0,2020-07-01,2020-08-18,48,51,27.883041,28.793976,27.143658,86.43217,3.9543948,11.282158
24.0,120.0,2020-07-01,2020-08-19,49,51,27.80098,28.685934,27.095766,86.802475,3.7108295,10.894841
24.0,120.0,2020-07-01,2020-08-20,50,51,27.814306,28.780838,27.088707,86.27937,3.7665348,10.726207
24.0,120.0,2020-07-01,2020-08-21,51,51,27.710281,28.58877,27.023924,86.588554,4.0281296,10.0808935
24.0,120.0,2020-07-01,2020-08-22,52,51,27.681808,28.561148,26.965782,86.768814,3.6900034,9.374703
24.0,120.0,2020-07-01,2020-08-23,53,51,27.708197,28.668495,26.951738,86.42489,3.4584317,5.2715826
24.0,120.0,2020-07-01,2020-08-24,54,51,27.804094,28.76021,27.081694,86.145935,3.3668215,6.26778
24.0,120.0,2020-07-01,2020-08-25,55,51,27.730507,28.641886,26.97962,85.75425,3.6856937,8.456439
24.0,120.0,2020-07-01,2020-08-26,56,51,27.69845,28.621134,26.975199,85.70069,4.1735177,11.136427
24.0,120.0,2020-07-01,2020-08-27,57,51,27.702816,28.556356,27.046227,85.84198,4.184391,12.772662
24.0,120.0,2020-07-01,2020-08-28,58,51,27.703081,28.624105,27.026953,86.3729,4.0461235,11.268681
24.0,120.0,2020-07-01,2020-08-29,59,51,27.689888,28.576138,27.007673,86.64721,3.597344,7.9616017
24.0,120.0,2020-07-01,2020-08-30,60,51,27.78161,28.788565,27.05971,86.30597,3.2552981,6.432535
24.0,120.0,2020-07-01,2020-08-31,61,51,27.80399,28.788002,27.057407,85.964195,3.4158397,8.053467
24.0,120.0,2020-07-01,2020-09-01,62,51,27.7618,28.73681,26.998392,85.54399,3.6360614,7.3677464
24.0,120.0,2020-07-01,2020-09-02,63,51,27.755054,28.656796,27.077305,85.55417,3.9467833,7.252071
24.0,120.0,2020-07-01,2020-09-03,64,51,27.64435,28.511492,26.956264,85.591995,4.0728645,9.561872
24.0,120.0,2020-07-01,2020-09-04,65,51,27.638191,28.58361,26.890127,85.010925,3.8139827,6.9570875
24.0,120.0,2020-07-01,2020-09-05,66,51,27.67717,28.561954,27.028336,84.47502,3.4686654,6.6728816
24.0,120.0,2020-07-01,2020-09-06,67,51,27.755669,28.655113,27.096087,84.46672,3.887586,4.7397
24.0,120.0,2020-07-01,2020-09-07,68,51,27.731354,28.708765,26.96917,84.1668,3.9087229,6.9508896
24.0,120.0,2020-07-01,2020-09-08,69,51,27.693216,28.68489,26.925562,83.42056,3.5837674,5.4426966
24.0,120.0,2020-07-01,2020-09-09,70,51,27.608408,28.59633,26.858833,83.733986,3.7773252,5.958466
24.0,120.0,2020-07-01,2020-09-10,71,51,27.59525,28.563375,26.894854,84.05641,4.128792,4.4318123
24.0,120.0,2020-07-01,2020-09-11,72,51,27.608322,28.557192,26.872166,83.61587,4.359008,3.3641803
24.0,120.0,2020-07-01,2020-09-12,73,51,27.536928,28.456856,26.853113,83.44541,4.7110095,3.8181868
24.0,120.0,2020-07-01,2020-09-13,74,51,27.47226,28.40276,26.76943,83.37391,5.213701,4.779937
24.0,120.0,2020-07-01,2020-09-14,75,51,27.427511,28.340275,26.734854,82.53986,5.1496797,3.6271057
24.0,120.0,2020-07-01,2020-09-15,76,51,27.371225,28.357273,26.616364,82.30325,4.96133,4.3129106
24.0,120.0,2020-07-01,2020-09-16,77,51,27.253868,28.166641,26.542473,81.647285,5.2488265,4.531819
24.0,120.0,2020-07-01,2020-09-17,78,51,27.183249,28.11495,26.48966,81.78492,5.890001,4.0317106
24.0,120.0,2020-07-01,2020-09-18,79,51,27.132471,27.984222,26.438522,82.18126,6.151787,4.300334
24.0,120.0,2020-07-01,2020-09-19,80,51,27.104843,27.96009,26.433031,82.21127,6.3292127,4.8008995
24.0,120.0,2020-07-01,2020-09-20,81,51,27.13266,28.02036,26.459003,81.82321,6.1093235,6.009939
24.0,120.0,2020-07-01,2020-09-21,82,51,27.113165,28.019426,26.450684,82.22297,5.795534,7.899884
24.0,120.0,2020-07-01,2020-09-22,83,51,27.061544,27.944155,26.404366,81.96985,6.1956677,3.9769194
24.0,120.0,2020-07-01,2020-09-23,84,51,26.998028,27.864502,26.286772,81.974434,6.090656,4.4714575
24.0,120.0,2020-07-01,2020-09-24,85,51,27.010132,27.882027,26.359306,82.06063,6.116647,5.2537136
24.0,120.0,2020-07-01,2020-09-25,86,51,26.997355,27.94523,26.32687,81.64025,5.981589,4.0549464
24.0,120.0,2020-07-01,2020-09-26,87,51,26.897173,27.824879,26.171612,81.72451,6.2839894,3.8566926
24.0,120.0,2020-07-01,2020-09-27,88,51,26.877058,27.803055,26.223307,81.66445,6.848534,3.8138404
24.0,120.0,2020-07-01,2020-09-28,89,51,26.737518,27.635143,26.06745,81.32014,7.095636,4.736415
24.0,120.0,2020-07-01,2020-09-29,90,51,26.694946,27.59876,26.004469,81.25213,7.781361,5.39017
24.0,120.0,2020-07-01,2020-09-30,91,51,26.5675,27.37228,25.91236,80.98734,8.200479,4.2316065
24.0,120.0,2020-07-01,2020-10-01,92,51,26.587208,27.446812,25.947203,80.878975,8.260579,3.72389
24.0,120.0,2020-07-01,2020-10-02,93,51,26.533363,27.401796,25.87454,80.85817,7.7564883,3.4162261
24.0,120.0,2020-07-01,2020-10-03,94,51,26.43716,27.227407,25.805548,80.6695,8.039786,2.8935275
24.0,120.0,2020-07-01,2020-10-04,95,51,26.34805,27.236889,25.634787,80.27393,8.213858,4.623783
24.0,120.0,2020-07-01,2020-10-05,96,51,26.110327,26.956234,25.445328,79.96354,8.287485,4.424241
24.0,120.0,2020-07-01,2020-10-06,97,51,26.029043,26.929285,25.303194,79.94793,8.161511,3.6643946
24.0,120.0,2020-07-01,2020-10-07,98,51,26.032255,26.938656,25.321466,80.26026,8.266315,3.601354
24.0,120.0,2020-07-01,2020-10-08,99,51,25.983822,26.885517,25.318842,80.14898,8.147375,2.871463
24.0,120.0,2020-07-01,2020-10-09,100,51,25.99402,26.925327,25.269033,80.747696,8.213985,2.0789502
24.0,120.0,2020-07-01,2020-10-10,101,51,25.839926,26.71751,25.148373,80.22964,9.345076,2.473283
24.0,120.0,2020-07-01,2020-10-11,102,51,25.681444,26.590405,24.927105,79.31451,9.6939125,3.0666692
24.0,120.0,2020-07-01,2020-10-12,103,51,25.439095,26.314459,24.735928,79.19974,9.10501,3.1045864
24.0,120.0,2020-07-01,2020-10-13,104,51,25.429863,26.27581,24.73672,79.37063,9.033317,3.12021
24.0,120.0,2020-07-01,2020-10-14,105,51,25.307673,26.182709,24.613663,79.48429,9.321868,2.775778
24.0,120.0,2020-07-01,2020-10-15,106,51,25.205069,26.119152,24.528448,78.75498,9.083462,2.0546882
24.0,120.0,2020-07-01,2020-10-16,107,51,25.187384,26.121525,24.49736,79.28702,9.3985615,1.6015738
24.0,120.0,2020-07-01,2020-10-17,108,51,24.985258,25.814224,24.325855,78.65754,9.526565,2.36567
24.0,120.0,2020-07-01,2020-10-18,109,51,24.825384,25.674028,24.10619,78.25354,9.703395,1.6268287
24.0,120.0,2020-07-01,2020-10-19,110,51,24.777145,25.699352,24.141449,77.795616,9.552254,1.9389797
24.0,120.0,2020-07-01,2020-10-20,111,51,24.804867,25.687565,24.180223,78.81212,9.362413,3.3965325
24.0,120.0,2020-07-01,2020-10-21,112,51,24.688364,25.541147,24.02341,79.15921,9.764699,2.722512
24.0,120.0,2020-07-01,2020-10-22,113,51,24.56357,25.46505,23.828144,78.70813,9.9908085,4.094666
24.0,120.0,2020-07-01,2020-10-23,114,51,24.304798,25.202938,23.580776,78.02378,9.83104,1.5619851
24.0,120.0,2020-07-01,2020-10-24,115,51,24.259363,25.178843,23.536947,78.461815,9.341228,3.0988955
24.0,120.0,2020-07-01,2020-10-25,116,51,24.318867,25.22189,23.659224,79.35545,8.888384,1.7014602
24.0,120.0,2020-07-01,2020-10-26,117,51,24.468536,25.39869,23.785864,79.67355,9.155721,1.8185147
24.0,120.0,2020-07-01,2020-10-27,118,51,24.40313,25.246607,23.760082,79.9422,9.241264,1.5379971
24.0,120.0,2020-07-01,2020-10-28,119,51,24.36898,25.248882,23.683178,79.79493,9.402126,1.6360458
24.0,120.0,2020-07-01,2020-10-29,120,51,24.401688,25.260067,23.772919,79.98852,9.436436,1.8199915
24.0,120.0,2020-07-01,2020-10-30,121,51,24.25062,25.138212,23.53774,79.77214,9.310105,1.4335734
24.0,120.0,2020-07-01,2020-10-31,122,51,24.153584,25.0525,23.4885,80.17927,9.194008,1.9872673
24.0,120.0,2020-07-01,2020-11-01,123,51,24.053764,25.02565,23.254366,79.81232,9.544629,2.0130863
24.0,120.0,2020-07-01,2020-11-02,124,51,23.96038,24.807573,23.299915,80.53473,9.782279,2.148338
24.0,120.0,2020-07-01,2020-11-03,125,51,23.756273,24.669807,22.994244,80.19332,9.647267,2.752004
24.0,120.0,2020-07-01,2020-11-04,126,51,23.61351,24.4612,22.977251,80.21897,9.722917,2.8557928
24.0,120.0,2020-07-01,2020-11-05,127,51,23.558079,24.447031,22.896294,78.88359,9.805941,2.4292448
24.0,120.0,2020-07-01,2020-11-06,128,51,23.486137,24.332079,22.819592,79.07123,9.510466,2.6240258
24.0,120.0,2020-07-01,2020-11-07,129,51,23.52895,24.492733,22.828972,79.80472,9.293805,2.5984874
24.0,120.0,2020-07-01,2020-11-08,130,51,23.52188,24.4021,22.89039,80.76908,8.8697195,2.436472
24.0,120.0,2020-07-01,2020-11-09,131,51,23.460516,24.350603,22.701511,80.934074,9.224275,2.2908218
24.0,120.0,2020-07-01,2020-11-10,132,51,23.293802,24.190157,22.578222,79.991516,9.630447,1.1617606
24.0,120.0,2020-07-01,2020-11-11,133,51,23.227522,24.08684,22.585875,79.57379,9.631255,1.1262692
24.0,120.0,2020-07-01,2020-11-12,134,51,23.014492,23.898806,22.314192,79.427734,9.811989,1.4668484
24.0,120.0,2020-07-01,2020-11-13,135,51,22.796482,23.664053,22.072504,78.9247,9.798879,1.9458894
24.0,120.0,2020-07-01,2020-11-14,136,51,22.698837,23.598785,21.990982,79.12463,9.460093,2.2688174
24.0,120.0,2020-07-01,2020-11-15,137,51,22.538713,23.442554,21.801605,79.04203,9.789675,1.0076486
24.0,120.0,2020-07-01,2020-11-16,138,51,22.373331,23.243626,21.68646,78.83738,9.603636,1.1776345
24.0,120.0,2020-07-01,2020-11-17,139,51,22.290459,23.18693,21.621162,79.25619,9.107012,1.7908822
24.0,120.0,2020-07-01,2020-11-18,140,51,22.242365,23.191504,21.473532,79.75585,8.867953,2.1858723
24.0,120.0,2020-07-01,2020-11-19,141,51,22.042135,22.98201,21.230982,78.709564,9.582309,1.1556755
24.0,120.0,2020-07-01,2020-11-20,142,51,21.732382,22.626455,20.986553,78.040596,9.499458,1.3425406
24.0,120.0,2020-07-01,2020-11-21,143,51,21.92537,22.842564,21.244356,78.72582,8.931335,1.2642355
24.0,120.0,2020-07-01,2020-11-22,144,51,21.96094,22.891169,21.254196,78.95786,8.7656,1.8688002
24.0,120.0,2020-07-01,2020-11-23,145,51,21.677559,22.569553,20.969585,79.40975,9.198217,2.7005818
24.0,120.0,2020-07-01,2020-11-24,146,51,21.717539,22.651867,20.969774,79.657166,8.989658,2.2044923
24.0,120.0,2020-07-01,2020-11-25,147,51,21.58362,22.541882,20.837029,78.95005,9.583178,2.3967896
24.0,120.0,2020-07-01,2020-11-26,148,51,21.307598,22.233839,20.460844,78.62834,9.724438,1.9083486
24.0,120.0,2020-07-01,2020-11-27,149,51,21.228693,22.09868,20.479362,78.42364,8.989731,1.2862327
24.0,120.0,2020-07-01,2020-11-28,150,51,21.207476,22.169573,20.463005,78.41065,8.680363,1.8914807
24.0,120.0,2020-07-01,2020-11-29,151,51,21.023651,21.942202,20.278755,78.178566,8.827029,1.4001399
24.0,120.0,2020-07-01,2020-11-30,152,51,21.011946,21.993088,20.195873,78.127205,8.243177,2.3587599
24.0,121.0,2020-07-01,2020-07-01,0,51,26.16633,27.66352,24.98146,87.81111,4.1439776,0.0
24.0,121.0,2020-07-01,2020-07-02,1,51,26.061928,27.239635,24.995392,88.014084,3.8767958,8.8322315
24.0,121.0,2020-07-01,2020-07-03,2,51,26.182571,27.741222,24.875221,86.84413,3.5114415,2.9214883
24.0,121.0,2020-07-01,2020-07-04,3,51,26.263641,27.916939,24.872486,86.06685,3.310295,2.5972285
24.0,121.0,2020-07-01,2020-07-05,4,51,26.37203,28.088028,24.951881,85.454346,4.120101,1.966258
24.0,121.0,2020-07-01,2020-07-06,5,51,26.510132,28.197176,25.015278,85.59674,3.9298139,3.03659
24.0,121.0,2020-07-01,2020-07-07,6,51,26.36272,27.939106,24.96476,86.63005,3.7111874,4.8625784
24.0,121.0,2020-07-01,2020-07-08,7,51,26.274075,27.86017,24.932732,86.371,3.678681,3.9917579
24.0,121.0,2020-07-01,2020-07-09,8,51,26.172728,27.75897,24.748074,85.76596,3.3423376,4.254489
24.0,121.0,2020-07-01,2020-07-10,9,51,26.128265,27.762112,24.698889,85.32069,2.4567807,3.071658
24.0,121.0,2020-07-01,2020-07-11,10,51,26.045378,27.669811,24.658482,84.865875,1.6009207,3.1404862
24.0,121.0,2020-07-01,2020-07-12,11,51,26.055605,27.661655,24.739899,84.735504,1.3995621,4.409251
24.0,121.0,2020-07-01,2020-07-13,12,51,26.106388,27.788696,24.726612,84.64574,1.3536637,3.6038563
24.0,121.0,2020-07-01,2020-07-14,13,51,26.174788,27.874638,24.769806,84.51866,1.4588392,3.0104418
24.0,121.0,2020-07-01,2020-07-15,14,51,26.19062,27.928215,24.785833,84.54367,1.7341785,3.0580113
24.0,121.0,2020-07-01,2020-07-16,15,51,26.2427,27.9555,24.925474,84.868164,2.1442184,3.086534
24.0,121.0,2020-07-01,2020-07-17,16,51,26.304398,27.995285,24.943035,85.25662,2.6321554,4.1214848
24.0,121.0,2020-07-01,2020-07-18,17,51,26.342709,27.943886,25.001389,85.457794,2.7349424,4.04564
24.0,121.0,2020-07-01,2020-07-19,18,51,26.41795,28.084257,24.97258,85.3274,2.6324,3.566308
24.0,121.0,2020-07-01,2020-07-20,19,51,26.468573,28.188786,25.014656,85.08226,2.17877,3.8371415
24.0,121.0,2020-07-01,2020-07-21,20,51,26.465878,28.237614,24.951323,84.6304,2.0227919,2.865828
24.0,121.0,2020-07-01,2020-07-22,21,51,26.431461,28.204771,24.943104,84.304565,1.719771,2.7893825
24.0,121.0,2020-07-01,2020-07-23,22,51,26.335945,28.089806,24.924997,84.605736,1.7177402,3.3890555
24.0,121.0,2020-07-01,2020-07-24,23,51,26.31186,28.007343,24.946262,84.63701,1.7549663,3.8913271
24.0,121.0,2020-07-01,2020-07-25,24,51,26.284214,27.941402,24.899498,84.684845,1.7476289,4.0508194
24.0,121.0,2020-07-01,2020-07-26,25,51,26.231186,27.86467,24.9147,84.90779,1.7936332,5.0171075
24.0,121.0,2020-07-01,2020-07-27,26,51,26.185448,27.735188,24.921,85.24471,1.7896678,5.992506
24.0,121.0,2020-07-01,2020-07-28,27,51,26.18705,27.711578,24.911263,85.44797,1.8144507,5.793165
24.0,121.0,2020-07-01,2020-07-29,28,51,26.174824,27.632307,24.951618,85.575836,2.0222063,7.5130343
24.0,121.0,2020-07-01,2020-07-30,29,51,26.180191,27.667675,24.916695,85.52727,1.8950106,7.5918465
24.0,121.0,2020-07-01,2020-07-31,30,51,26.13254,27.559597,24.93702,85.72136,1.8541491,7.526878
24.0,121.0,2020-07-01,2020-08-01,31,51,26.177273,27.67652,24.966078,85.9931,1.8636944,8.073097
24.0,121.0,2020-07-01,2020-08-02,32,51,26.13824,27.606789,24.940504,86.17987,1.7994213,6.9631033
24.0,121.0,2020-07-01,2020-08-03,33,51,26.121975,27.60472,24.931953,86.46321,1.7733834,7.2500124
24.0,121.0,2020-07-01,2020-08-04,34,51,26.156511,27.592407,25.049799,86.33047,1.7481729,7.3053036
24.0,121.0,2020-07-01,2020-08-05,35,51,26.242077,27.68198,25.13237,86.30274,2.0361228,8.1803055
24.0,121.0,2020-07-01,2020-08-06,36,51,26.237099,27.701832,25.110012,86.39174,2.0851288,9.963052
24.0,121.0,2020-07-01,2020-08-07,37,51,26.19548,27.519524,25.060604,86.74115,2.3514671,11.32597
24.0,121.0,2020-07-01,2020-08-08,38,51,26.076698,27.340565,25.05653,87.25029,2.422813,13.170593
24.0,121.0,2020-07-01,2020-08-09,39,51,26.053017,27.40357,24.992039,87.130135,2.482957,12.757154
24.0,121.0,2020-07-01,2020-08-10,40,51,26.114363,27.447388,25.056467,87.16016,2.462113,12.627577
24.0,121.0,2020-07-01,2020-08-11,41,51,26.150946,27.559544,25.031048,86.902824,2.4747796,10.840946
24.0,121.0,2020-07-01,2020-08-12,42,51,26.106342,27.409197,25.04916,86.83673,2.6887493,11.750856
24.0,121.0,2020-07-01,2020-08-13,43,51,26.044758,27.308792,25.05235,87.11136,2.9015937,15.103806
24.0,121.0,2020-07-01,2020-08-14,44,51,26.017822,27.296782,24.963444,87.216644,2.7963977,13.046791
24.0,121.0,2020-07-01,2020-08-15,45,51,26.056438,27.418324,24.9705,87.14847,2.5188167,7.894944
24.0,121.0,2020-07-01,2020-08-16,46,51,26.088673,27.491879,24.996048,87.26454,2.3380547,10.120161
24.0,121.0,2020-07-01,2020-08-17,47,51,26.086227,27.508078,24.95119,86.9315,2.304412,10.489096
24.0,121.0,2020-07-01,2020-08-18,48,51,25.99121,27.339943,24.920618,87.21102,2.2989962,15.145317
24.0,121.0,2020-07-01,2020-08-19,49,51,25.906744,27.224277,24.808895,87.62683,2.106719,12.294512
24.0,121.0,2020-07-01,2020-08-20,50,51,25.913258,27.324799,24.827946,87.18614,2.3143442,12.767172
24.0,121.0,2020-07-01,2020-08-21,51,51,25.83755,27.103563,24.846294,87.61019,2.6455078,13.2700615
24.0,121.0,2020-07-01,2020-08-22,52,51,25.864061,27.208403,24.791397,87.612785,2.2962165,12.618238
24.0,121.0,2020-07-01,2020-08-23,53,51,25.909391,27.355139,24.769524,87.02005,2.1408868,7.483385
24.0,121.0,2020-07-01,2020-08-24,54,51,25.9347,27.342897,24.866371,86.76258,2.1755412,7.351685
24.0,121.0,2020-07-01,2020-08-25,55,51,25.907944,27.306856,24.770576,86.373505,2.2403364,9.866648
24.0,121.0,2020-07-01,2020-08-26,56,51,25.818499,27.247532,24.736155,86.65517,2.6794267,12.631486
24.0,121.0,2020-07-01,2020-08-27,57,51,25.853638,27.222822,24.832127,86.92646,2.7138548,14.799605
24.0,121.0,2020-07-01,2020-08-28,58,51,25.798212,27.16793,24.74577,87.5526,2.6524036,14.673159
24.0,121.0,2020-07-01,2020-08-29,59,51,25.79562,27.154587,24.742374,87.57025,2.3426478,9.199299
24.0,121.0,2020-07-01,2020-08-30,60,51,25.864164,27.24262,24.805746,87.1268,2.2234178,9.4515915
24.0,121.0,2020-07-01,2020-08-31,61,51,25.878223,27.30956,24.810436,86.94182,2.2956328,11.759188
24.0,121.0,2020-07-01,2020-09-01,62,51,25.861917,27.351234,24.719688,86.74297,2.426331,9.187851
24.0,121.0,2020-07-01,2020-09-02,63,51,25.848583,27.240898,24.814903,86.72386,2.5618153,8.934431
24.0,121.0,2020-07-01,2020-09-03,64,51,25.73164,27.05175,24.690437,86.99308,2.5510058,11.0753765
24.0,121.0,2020-07-01,2020-09-04,65,51,25.729076,27.166792,24.636732,86.43086,2.4976542,7.238879
24.0,121.0,2020-07-01,2020-09-05,66,51,25.77514,27.165054,24.757902,86.21751,2.3755293,7.6893053
24.0,121.0,2020-07-01,2020-09-06,67,51,25.810379,27.145187,24.803268,86.18166,2.46579,7.113015
24.0,121.0,2020-07-01,2020-09-07,68,51,25.7888,27.26404,24.629656,85.72952,2.4777484,7.610287
24.0,121.0,2020-07-01,2020-09-08,69,51,25.71569,27.190212,24.633648,85.305435,2.422298,8.465332
24.0,121.0,2020-07-01,2020-09-09,70,51,25.64518,27.072601,24.585756,85.6479,2.6379285,10.169176
24.0,121.0,2020-07-01,2020-09-10,71,51,25.57818,27.005112,24.54409,85.81179,2.9485774,8.368355
24.0,121.0,2020-07-01,2020-09-11,72,51,25.565083,26.970781,24.521477,85.516884,2.9543755,7.1424475
24.0,121.0,2020-07-01,2020-09-12,73,51,25.573446,26.993004,24.518158,85.29584,3.1068487,5.944659
24.0,121.0,2020-07-01,2020-09-13,74,51,25.467793,26.894882,24.453407,85.19502,3.421654,9.279346
24.0,121.0,2020-07-01,2020-09-14,75,51,25.407772,26.803381,24.380665,84.56792,3.3551984,6.162971
24.0,121.0,2020-07-01,2020-09-15,76,51,25.353582,26.816265,24.264614,84.0081,3.433738,6.4433722
24.0,121.0,2020-07-01,2020-09-16,77,51,25.27374,26.680607,24.231838,83.68056,3.6594222,6.5732646
24.0,121.0,2020-07-01,2020-09-17,78,51,25.237291,26.677109,24.219444,83.85352,4.023451,6.651518
24.0,121.0,2020-07-01,2020-09-18,79,51,25.15254,26.471745,24.137062,84.23067,4.1353865,9.589228
24.0,121.0,2020-07-01,2020-09-19,80,51,25.104347,26.444622,24.182388,84.60139,4.33261,11.1696
24.0,121.0,2020-07-01,2020-09-20,81,51,25.08623,26.45546,24.106783,84.50575,4.207053,12.960158
24.0,121.0,2020-07-01,2020-09-21,82,51,25.06975,26.426672,24.091524,84.642654,3.982008,13.822359
24.0,121.0,2020-07-01,2020-09-22,83,51,25.086615,26.46688,24.09742,84.16506,4.2365522,8.197394
24.0,121.0,2020-07-01,2020-09-23,84,51,25.00998,26.362621,23.996193,84.41509,4.1432304,8.400639
24.0,121.0,2020-07-01,2020-09-24,85,51,25.048927,26.455816,24.06936,84.04341,4.174383,7.9296546
24.0,121.0,2020-07-01,2020-09-25,86,51,24.987457,26.417057,23.97702,83.58758,4.0628376,6.7098675
24.0,121.0,2020-07-01,2020-09-26,87,51,24.87831,26.350657,23.797909,83.58087,4.3430996,7.8474474
24.0,121.0,2020-07-01,2020-09-27,88,51,24.864101,26.323322,23.865128,83.75841,4.64231,10.288773
24.0,121.0,2020-07-01,2020-09-28,89,51,24.773098,26.260426,23.726974,83.122185,4.6836414,7.925249
24.0,121.0,2020-07-01,2020-09-29,90,51,24.697063,26.182425,23.665268,83.21116,5.134409,10.133371
24.0,121.0,2020-07-01,2020-09-30,91,51,24.665424,26.035515,23.696846,82.81675,5.3735085,9.638552
24.0,121.0,2020-07-01,2020-10-01,92,51,24.695526,26.153496,23.731024,83.0108,5.3374634,9.784344
24.0,121.0,2020-07-01,2020-10-02,93,51,24.652098,26.128815,23.635374,83.054115,5.012491,10.054312
24.0,121.0,2020-07-01,2020-10-03,94,51,24.553555,25.937094,23.598623,82.79582,5.335642,9.173256
24.0,121.0,2020-07-01,2020-10-04,95,51,24.447868,25.87913,23.400682,82.43638,5.3621416,12.42708
24.0,121.0,2020-07-01,2020-10-05,96,51,24.17417,25.527912,23.143766,82.06653,5.3397665,11.513622
24.0,121.0,2020-07-01,2020-10-06,97,51,24.068283,25.550486,23.059532,81.92515,5.326682,9.214041
24.0,121.0,2020-07-01,2020-10-07,98,51,24.085318,25.568983,23.047787,82.136505,5.3773584,7.733409
24.0,121.0,2020-07-01,2020-10-08,99,51,23.969246,25.350277,22.99916,82.32349,5.520672,8.250696
24.0,121.0,2020-07-01,2020-10-09,100,51,23.984203,25.472494,22.971355,82.37323,5.493594,6.9858947
24.0,121.0,2020-07-01,2020-10-10,101,51,23.905561,25.347673,22.858343,82.34973,6.1001506,9.773552
24.0,121.0,2020-07-01,2020-10-11,102,51,23.75251,25.231619,22.682737,81.12691,6.3447094,9.1129265
24.0,121.0,2020-07-01,2020-10-12,103,51,23.53266,24.977991,22.531996,80.99127,6.0845585,9.351287
24.0,121.0,2020-07-01,2020-10-13,104,51,23.499588,24.92482,22.483147,81.47984,5.902526,11.733544
24.0,121.0,2020-07-01,2020-10-14,105,51,23.35732,24.774584,22.339819,81.3015,6.153309,9.474966
24.0,121.0,2020-07-01,2020-10-15,106,51,23.269485,24.793003,22.219065,80.61727,6.042883,6.600913
24.0,121.0,2020-07-01,2020-10-16,107,51,23.250378,24.741215,22.279753,81.31732,6.163333,7.378583
24.0,121.0,2020-07-01,2020-10-17,108,51,23.118435,24.535698,22.116814,80.760864,6.3193197,5.773961
24.0,121.0,2020-07-01,2020-10-18,109,51,22.924465,24.408684,21.847675,80.367004,6.423291,5.303357
24.0,121.0,2020-07-01,2020-10-19,110,51,22.865044,24.432377,21.873466,79.896545,6.4518566,7.0649395
24.0,121.0,2020-07-01,2020-10-20,111,51,22.94472,24.459473,22.009615,80.6914,6.240853,8.706774
24.0,121.0,2020-07-01,2020-10-21,112,51,22.855953,24.298393,21.882504,81.13042,6.356303,8.662024
24.0,121.0,2020-07-01,2020-10-22,113,51,22.713446,24.200554,21.662472,80.87128,6.554494,8.640958
24.0,121.0,2020-07-01,2020-10-23,114,51,22.415226,23.938324,21.349371,80.46187,6.52837,7.490096
24.0,121.0,2020-07-01,2020-10-24,115,51,22.32188,23.835712,21.244358,80.515274,6.339677,8.801582
24.0,121.0,2020-07-01,2020-10-25,116,51,22.43797,23.972942,21.43814,81.47028,5.8986416,6.7397704
24.0,121.0,2020-07-01,2020-10-26,117,51,22.575472,24.073757,21.59757,81.802536,6.0193653,7.0506697
24.0,121.0,2020-07-01,2020-10-27,118,51,22.512424,23.9133,21.55959,81.95298,6.0632668,8.184788
24.0,121.0,2020-07-01,2020-10-28,119,51,22.472622,23.913857,21.474411,81.610565,6.145875,7.4727545
24.0,121.0,2020-07-01,2020-10-29,120,51,22.523281,23.978832,21.589798,82.134415,6.1354914,9.710945
24.0,121.0,2020-07-01,2020-10-30,121,51,22.318838,23.76472,21.329617,81.689186,6.184905,7.1211195
24.0,121.0,2020-07-01,2020-10-31,122,51,22.328375,23.82207,21.33347,81.69803,6.007805,6.403748
24.0,121.0,2020-07-01,2020-11-01,123,51,22.248692,23.77695,21.120941,81.31526,6.2913175,5.1087303
24.0,121.0,2020-07-01,2020-11-02,124,51,22.124565,23.605965,21.150093,82.03699,6.464355,6.862238
24.0,121.0,2020-07-01,2020-11-03,125,51,21.951473,23.413887,20.912664,81.802956,6.2316713,7.5215054
24.0,121.0,2020-07-01,2020-11-04,126,51,21.846672,23.302734,20.894144,81.76373,6.284665,5.7370067
24.0,121.0,2020-07-01,2020-11-05,127,51,21.692158,23.113276,20.745811,80.72915,6.431779,5.0752506
24.0,121.0,2020-07-01,2020-11-06,128,51,21.608805,23.039259,20.660538,81.22119,6.2572174,7.7505856
24.0,121.0,2020-07-01,2020-11-07,129,51,21.660263,23.155159,20.690601,81.90584,5.9906344,8.597513
24.0,121.0,2020-07-01,2020-11-08,130,51,21.684761,23.116585,20.759438,82.65424,5.5469475,8.475267
24.0,121.0,2020-07-01,2020-11-09,131,51,21.617516,23.038754,20.622448,82.96826,5.8618045,7.888006
24.0,121.0,2020-07-01,2020-11-10,132,51,21.475769,22.914385,20.489502,81.65274,6.215169,7.3546653
24.0,121.0,2020-07-01,2020-11-11,133,51,21.338696,22.75615,20.366848,81.52046,6.2739706,5.271242
24.0,121.0,2020-07-01,2020-11-12,134,51,21.112587,22.564629,20.0821,81.521484,6.469573,6.145178
24.0,121.0,2020-07-01,2020-11-13,135,51,20.92457,22.34771,19.938946,81.08758,6.454962,6.2400565
24.0,121.0,2020-07-01,2020-11-14,136,51,20.912224,22.341606,19.953503,80.94134,6.0843267,4.765481
24.0,121.0,2020-07-01,2020-11-15,137,51,20.805462,22.2668,19.77393,81.05817,6.264678,4.8995867
24.0,121.0,2020-07-01,2020-11-16,138,51,20.582268,22.003757,19.628767,80.64788,6.252506,5.0663137
24.0,121.0,2020-07-01,2020-11-17,139,51,20.423756,21.89217,19.475262,80.98645,5.971117,5.662968
24.0,121.0,2020-07-01,2020-11-18,140,51,20.413527,21.933453,19.332233,81.11661,5.795928,4.0557323
24.0,121.0,2020-07-01,2020-11-19,141,51,20.208393,21.738928,19.13772,80.20929,6.2991543,4.119793
24.0,121.0,2020-07-01,2020-11-20,142,51,19.924511,21.457058,18.900116,79.743454,6.2251897,4.1573896
24.0,121.0,2020-07-01,2020-11-21,143,51,20.075212,21.657753,19.103577,80.462105,5.7870035,4.9318805
24.0,121.0,2020-07-01,2020-11-22,144,51,20.096258,21.628918,19.097387,80.80625,5.623863,5.3339367
24.0,121.0,2020-07-01,2020-11-23,145,51,19.826752,21.22215,18.876522,81.28324,5.9290853,6.7103415
24.0,121.0,2020-07-01,2020-11-24,146,51,19.841837,21.351437,18.87541,81.64186,5.9500084,5.8143187
24.0,121.0,2020-07-01,2020-11-25,147,51,19.692875,21.248085,18.701626,80.60803,6.2681513,5.2803326
24.0,121.0,2020-07-01,2020-11-26,148,51,19.412178,20.880064,18.342134,80.37744,6.348363,5.1674523
24.0,121.0,2020-07-01,2020-11-27,149,51,19.323864,20.849339,18.330418,80.57878,5.809674,4.839772
24.0,121.0,2020-07-01,2020-11-28,150,51,19.35495,20.988552,18.347664,80.199295,5.5995398,4.3424187
24.0,121.0,2020-07-01,2020-11-29,151,51,19.096241,20.6153,18.05367,80.4301,5.74854,4.729581
24.0,121.0,2020-07-01,2020-11-30,152,51,19.053791,20.568188,18.010006,80.74662,5.416113,5.772454
24.0,122.0,2020-07-01,2020-07-01,0,51,26.764694,27.658806,26.074295,88.039246,4.5228252,0.0
24.0,122.0,2020-07-01,2020-07-02,1,51,26.769646,27.377312,26.23907,88.16274,4.5233836,7.222905
24.0,122.0,2020-07-01,2020-07-03,2,51,26.885283,27.810234,26.110155,87.272415,4.6031666,2.4334798
24.0,122.0,2020-07-01,2020-07-04,3,51,26.893183,27.801044,26.126879,86.72842,4.194551,2.3897004
24.0,122.0,2020-07-01,2020-07-05,4,51,27.05098,28.019325,26.262188,86.97013,5.123431,1.7647489
24.0,122.0,2020-07-01,2020-07-06,5,51,27.13651,28.066746,26.286554,87.27876,5.0643215,2.7611365
24.0,122.0,2020-07-01,2020-07-07,6,51,27.01031,27.914404,26.192015,87.289764,4.8694696,4.3084264
24.0,122.0,2020-07-01,2020-07-08,7,51,26.926783,27.787094,26.174623,86.94621,4.6639485,4.1621594
24.0,122.0,2020-07-01,2020-07-09,8,51,26.86233,27.718678,26.107819,85.905464,4.4471626,3.9384801
24.0,122.0,2020-07-01,2020-07-10,9,51,26.811525,27.760874,25.989906,85.08546,3.6687477,2.7863739
24.0,122.0,2020-07-01,2020-07-11,10,51,26.745417,27.682909,25.916483,84.05883,2.7945836,2.9255583
24.0,122.0,2020-07-01,2020-07-12,11,51,26.73865,27.661848,25.973364,83.87488,2.7893481,3.9391758
24.0,122.0,2020-07-01,2020-07-13,12,51,26.843872,27.790115,26.020073,83.42796,3.0080552,2.7585223
24.0,122.0,2020-07-01,2020-07-14,13,51,26.907501,27.89897,26.001778,83.167755,2.96362,2.0593274
24.0,122.0,2020-07-01,2020-07-15,14,51,26.889225,27.930233,26.039927,83.26788,3.2244625,1.7835059
24.0,122.0,2020-07-01,2020-07-16,15,51,26.94729,27.926723,26.170074,83.98866,3.6489482,2.323851
24.0,122.0,2020-07-01,2020-07-17,16,51,27.023626,27.972551,26.26507,84.77099,4.113669,3.122456
24.0,122.0,2020-07-01,2020-07-18,17,51,27.05267,27.950497,26.270458,85.09577,4.1985188,3.5693069
24.0,122.0,2020-07-01,2020-07-19,18,51,27.087929,28.022648,26.236172,85.01276,4.103815,3.3374238
24.0,122.0,2020-07-01,2020-07-20,19,51,27.160608,28.12725,26.32475,84.39551,3.588098,3.605856
24.0,122.0,2020-07-01,2020-07-21,20,51,27.185165,28.195873,26.303892,83.56927,3.292961,2.534345
24.0,122.0,2020-07-01,2020-07-22,21,51,27.159075,28.180468,26.299747,83.16907,2.9060304,2.2496288
24.0,122.0,2020-07-01,2020-07-23,22,51,27.048002,28.025328,26.197733,83.542656,2.9434931,3.0740924
24.0,122.0,2020-07-01,2020-07-24,23,51,27.03637,27.970823,26.229332,83.68002,2.93682,3.3441372
24.0,122.0,2020-07-01,2020-07-25,24,51,27.026949,27.93136,26.205147,83.50204,2.8685076,3.312056
24.0,122.0,2020-07-01,2020-07-26,25,51,26.951141,27.87728,26.146326,83.933945,2.8314595,4.6790504
24.0,122.0,2020-07-01,2020-07-27,26,51,26.881386,27.729246,26.1469,84.188934,2.6475315,5.561322
24.0,122.0,2020-07-01,2020-07-28,27,51,26.875805,27.741707,26.113974,84.51246,2.6465523,6.187898
24.0,122.0,2020-07-01,2020-07-29,28,51,26.842022,27.638208,26.122393,84.75295,2.947394,7.481857
24.0,122.0,2020-07-01,2020-07-30,29,51,26.874073,27.7247,26.097872,84.7033,3.0759664,7.3293285
24.0,122.0,2020-07-01,2020-07-31,30,51,26.915161,27.694107,26.208578,84.579865,2.873749,6.160159
24.0,122.0,2020-07-01,2020-08-01,31,51,26.924635,27.745993,26.205303,84.80039,2.7364104,6.668634
24.0,122.0,2020-07-01,2020-08-02,32,51,26.907892,27.732447,26.177011,84.63016,2.5119941,6.2559433
24.0,122.0,2020-07-01,2020-08-03,33,51,26.8544,27.690561,26.111725,85.06677,2.508549,6.409109
24.0,122.0,2020-07-01,2020-08-04,34,51,26.931503,27.776638,26.255209,84.96584,2.4150748,7.170016
24.0,122.0,2020-07-01,2020-08-05,35,51,27.003746,27.805128,26.33061,85.01199,2.668329,7.7276697
24.0,122.0,2020-07-01,2020-08-06,36,51,27.008028,27.897398,26.282349,85.38562,3.0186815,10.36206
24.0,122.0,2020-07-01,2020-08-07,37,51,26.959831,27.734312,26.251932,85.83796,3.2596822,11.004764
24.0,122.0,2020-07-01,2020-08-08,38,51,26.838486,27.550266,26.192486,86.43337,3.233216,11.195737
24.0,122.0,2020-07-01,2020-08-09,39,51,26.807217,27.577215,26.16009,86.35051,3.1025426,11.345773
24.0,122.0,2020-07-01,2020-08-10,40,51,26.894905,27.637035,26.228256,85.73078,2.7285047,9.367519
24.0,122.0,2020-07-01,2020-08-11,41,51,26.895191,27.731543,26.185907,85.77809,2.7429788,9.108844
24.0,122.0,2020-07-01,2020-08-12,42,51,26.909555,27.639214,26.260248,85.791046,2.941019,9.697894
24.0,122.0,2020-07-01,2020-08-13,43,51,26.859604,27.585861,26.239157,86.04061,3.4524422,11.4797325
24.0,122.0,2020-07-01,2020-08-14,44,51,26.857777,27.604248,26.194159,86.14553,3.2013898,9.369738
24.0,122.0,2020-07-01,2020-08-15,45,51,26.887157,27.703814,26.233658,85.78621,2.5222025,6.0581827
24.0,122.0,2020-07-01,2020-08-16,46,51,26.840313,27.673922,26.15376,86.15305,2.3382454,9.054006
24.0,122.0,2020-07-01,2020-08-17,47,51,26.786585,27.614418,26.05901,85.94122,2.8969905,9.946147
24.0,122.0,2020-07-01,2020-08-18,48,51,26.69984,27.458242,26.064337,86.17459,2.9205532,11.518038
24.0,122.0,2020-07-01,2020-08-19,49,51,26.662214,27.394276,25.997795,86.19842,2.8748653,10.669697
24.0,122.0,2020-07-01,2020-08-20,50,51,26.588457,27.366728,25.908117,86.30259,3.10757,12.309548
24.0,122.0,2020-07-01,2020-08-21,51,51,26.554811,27.306524,25.942305,86.62026,3.4961078,12.290758
24.0,122.0,2020-07-01,2020-08-22,52,51,26.646933,27.44419,25.9514,86.29467,2.9760766,11.050805
24.0,122.0,2020-07-01,2020-08-23,53,51,26.692774,27.534351,25.99141,85.599144,2.6827805,7.380597
24.0,122.0,2020-07-01,2020-08-24,54,51,26.671137,27.475353,26.007866,85.364845,2.9429133,6.1235495
24.0,122.0,2020-07-01,2020-08-25,55,51,26.714272,27.560873,25.996588,85.174095,2.9392877,9.715426
24.0,122.0,2020-07-01,2020-08-26,56,51,26.619156,27.417463,25.952307,85.58722,3.4409668,11.868435
24.0,122.0,2020-07-01,2020-08-27,57,51,26.665367,27.519709,25.955183,85.855515,3.5001562,13.496765
24.0,122.0,2020-07-01,2020-08-28,58,51,26.575808,27.361738,25.896473,86.114624,3.593576,12.728112
24.0,122.0,2020-07-01,2020-08-29,59,51,26.584743,27.42706,25.891138,86.22589,3.1569207,8.37417
24.0,122.0,2020-07-01,2020-08-30,60,51,26.593681,27.34205,25.918915,85.76377,2.6954274,8.891662
24.0,122.0,2020-07-01,2020-08-31,61,51,26.601978,27.431051,25.953209,85.59568,2.9719512,12.476276
24.0,122.0,2020-07-01,2020-09-01,62,51,26.608175,27.478563,25.860182,85.44587,3.0485525,8.650537
24.0,122.0,2020-07-01,2020-09-02,63,51,26.5914,27.452412,25.896957,85.57917,3.2448575,10.722079
24.0,122.0,2020-07-01,2020-09-03,64,51,26.501797,27.274632,25.82627,85.84484,3.3973482,10.678841
24.0,122.0,2020-07-01,2020-09-04,65,51,26.543995,27.394262,25.841406,85.16151,3.2074728,6.2987347
24.0,122.0,2020-07-01,2020-09-05,66,51,26.56476,27.425299,25.90183,85.06059,3.214081,6.368269
24.0,122.0,2020-07-01,2020-09-06,67,51,26.57848,27.382856,25.859707,85.02662,3.2684839,6.811803
24.0,122.0,2020-07-01,2020-09-07,68,51,26.554327,27.417591,25.81806,84.29033,3.2881713,7.486008
24.0,122.0,2020-07-01,2020-09-08,69,51,26.50093,27.37637,25.842213,83.95955,3.381122,8.506032
24.0,122.0,2020-07-01,2020-09-09,70,51,26.459377,27.309402,25.715387,84.16657,3.431968,10.082801
24.0,122.0,2020-07-01,2020-09-10,71,51,26.326382,27.16607,25.629112,84.30486,3.7935772,9.687925
24.0,122.0,2020-07-01,2020-09-11,72,51,26.229809,26.973648,25.575865,84.49595,3.632855,8.971009
24.0,122.0,2020-07-01,2020-09-12,73,51,26.26743,27.118475,25.579758,84.2566,3.6277573,7.221572
24.0,122.0,2020-07-01,2020-09-13,74,51,26.166492,27.003159,25.493614,84.20465,3.931224,10.655697
24.0,122.0,2020-07-01,2020-09-14,75,51,26.13106,26.91194,25.486237,83.20483,4.017266,7.622457
24.0,122.0,2020-07-01,2020-09-15,76,51,26.08874,26.920822,25.410196,82.4236,3.974058,7.317043
24.0,122.0,2020-07-01,2020-09-16,77,51,26.05632,26.864653,25.378922,82.19729,4.2253695,7.396487
24.0,122.0,2020-07-01,2020-09-17,78,51,25.997456,26.832527,25.35434,83.11031,4.4849257,9.0327425
24.0,122.0,2020-07-01,2020-09-18,79,51,25.920887,26.73858,25.228052,83.39135,4.587492,11.765649
24.0,122.0,2020-07-01,2020-09-19,80,51,25.866585,26.64389,25.25173,83.71324,4.672718,14.012526
24.0,122.0,2020-07-01,2020-09-20,81,51,25.775429,26.573898,25.164463,83.768456,4.5128016,15.973968
24.0,122.0,2020-07-01,2020-09-21,82,51,25.78971,26.55788,25.168352,83.599754,4.5697165,15.69117
24.0,122.0,2020-07-01,2020-09-22,83,51,25.84394,26.610003,25.202461,83.32196,4.843005,11.485364
24.0,122.0,2020-07-01,2020-09-23,84,51,25.80662,26.582426,25.141119,83.32464,4.594856,11.277171
24.0,122.0,2020-07-01,2020-09-24,85,51,25.795195,26.647652,25.123158,82.826035,4.616028,10.59712
24.0,122.0,2020-07-01,2020-09-25,86,51,25.751312,26.59381,25.09122,82.10454,4.478116,8.649015
24.0,122.0,2020-07-01,2020-09-26,87,51,25.638935,26.478264,24.95486,82.64768,4.911485,10.45503
24.0,122.0,2020-07-01,2020-09-27,88,51,25.60139,26.447165,24.952202,82.87024,5.2617345,14.180932
24.0,122.0,2020-07-01,2020-09-28,89,51,25.596575,26.481909,24.881796,82.05945,4.795744,9.629422
24.0,122.0,2020-07-01,2020-09-29,90,51,25.45894,26.300518,24.804428,82.60694,5.3068447,11.3059225
24.0,122.0,2020-07-01,2020-09-30,91,51,25.499437,26.351814,24.83575,82.16079,5.7424903,12.355871
24.0,122.0,2020-07-01,2020-10-01,92,51,25.442549,26.240494,24.837654,83.11246,5.6965423,13.035049
24.0,122.0,2020-07-01,2020-10-02,93,51,25.453941,26.337042,24.76558,82.536575,5.5992837,14.62178
24.0,122.0,2020-07-01,2020-10-03,94,51,25.397032,26.2081,24.743214,82.34127,6.0045915,13.431193
24.0,122.0,2020-07-01,2020-10-04,95,51,25.315062,26.12332,24.629591,82.023895,6.061178,16.192148
24.0,122.0,2020-07-01,2020-10-05,96,51,25.040686,25.818596,24.37207,81.686905,6.103713,15.168933
24.0,122.0,2020-07-01,2020-10-06,97,51,24.956732,25.79334,24.31263,81.05622,5.89194,11.923493
24.0,122.0,2020-07-01,2020-10-07,98,51,24.898115,25.754347,24.193472,81.26924,5.94751,11.303952
24.0,122.0,2020-07-01,2020-10-08,99,51,24.783428,25.523096,24.154308,81.14555,6.123434,11.502942
24.0,122.0,2020-07-01,2020-10-09,100,51,24.840805,25.665178,24.161728,80.628075,5.6411886,9.938254
24.0,122.0,2020-07-01,2020-10-10,101,51,24.738628,25.599451,24.0597,81.687386,6.1537366,14.663313
24.0,122.0,2020-07-01,2020-10-11,102,51,24.605684,25.446089,23.915104,79.98184,6.695472,12.203239
24.0,122.0,2020-07-01,2020-10-12,103,51,24.42416,25.225386,23.800022,79.83577,6.493645,13.705374
24.0,122.0,2020-07-01,2020-10-13,104,51,24.372963,25.204441,23.704868,80.73189,6.206543,16.087551
24.0,122.0,2020-07-01,2020-10-14,105,51,24.280167,25.078201,23.632444,79.63523,6.449535,14.232689
24.0,122.0,2020-07-01,2020-10-15,106,51,24.175583,25.029285,23.449995,79.39456,6.206663,10.037637
24.0,122.0,2020-07-01,2020-10-16,107,51,24.16229,24.988144,23.531332,79.99984,6.3147297,11.696978
24.0,122.0,2020-07-01,2020-10-17,108,51,24.036362,24.833189,23.353872,79.76217,6.3741345,7.713107
24.0,122.0,2020-07-01,2020-10-18,109,51,23.865185,24.70413,23.159883,79.370384,6.698397,8.6762495
24.0,122.0,2020-07-01,2020-10-19,110,51,23.840096,24.708122,23.221941,78.69536,6.924453,10.314959
24.0,122.0,2020-07-01,2020-10-20,111,51,23.923065,24.766562,23.293169,79.59369,6.5588746,11.908796
24.0,122.0,2020-07-01,2020-10-21,112,51,23.849657,24.651669,23.21042,80.229675,6.5997076,13.24399
24.0,122.0,2020-07-01,2020-10-22,113,51,23.69064,24.56852,22.98117,80.1041,6.9217525,11.533159
24.0,122.0,2020-07-01,2020-10-23,114,51,23.35991,24.289928,22.604755,79.88556,6.953048,11.812214
24.0,122.0,2020-07-01,2020-10-24,115,51,23.246725,24.08249,22.517126,79.923874,6.771216,13.586936
24.0,122.0,2020-07-01,2020-10-25,116,51,23.386534,24.250278,22.704882,80.5007,6.189602,11.138338
24.0,122.0,2020-07-01,2020-10-26,117,51,23.51399,24.29699,22.831882,80.83538,6.135304,12.6481
24.0,122.0,2020-07-01,2020-10-27,118,51,23.48393,24.257933,22.870268,80.85137,6.378983,13.220112
24.0,122.0,2020-07-01,2020-10-28,119,51,23.424475,24.240805,22.769331,80.571266,6.3095946,11.621728
24.0,122.0,2020-07-01,2020-10-29,120,51,23.438814,24.231302,22.807981,81.086,6.3727813,14.628152
24.0,122.0,2020-07-01,2020-10-30,121,51,23.287333,24.068096,22.634922,80.051506,6.434429,10.173686
24.0,122.0,2020-07-01,2020-10-31,122,51,23.328306,24.165518,22.651312,79.95057,6.3150754,10.449546
24.0,122.0,2020-07-01,2020-11-01,123,51,23.261549,24.142439,22.506205,80.05887,6.5759373,9.734387
24.0,122.0,2020-07-01,2020-11-02,124,51,23.037382,23.838434,22.374828,81.1017,6.7865324,10.423564
24.0,122.0,2020-07-01,2020-11-03,125,51,22.981876,23.78876,22.275476,80.36866,6.61411,11.235466
24.0,122.0,2020-07-01,2020-11-04,126,51,22.855932,23.676558,22.173061,80.317276,6.497429,8.921081
24.0,122.0,2020-07-01,2020-11-05,127,51,22.666191,23.493622,21.93653,79.3912,6.652971,8.796033
24.0,122.0,2020-07-01,2020-11-06,128,51,22.588753,23.387321,21.935202,79.81679,6.784234,10.578394
24.0,122.0,2020-07-01,2020-11-07,129,51,22.682074,23.471428,22.045033,80.24511,6.444658,11.271785
24.0,122.0,2020-07-01,2020-11-08,130,51,22.737171,23.527617,22.081917,80.91444,5.9716897,11.570132
24.0,122.0,2020-07-01,2020-11-09,131,51,22.629423,23.419283,21.925722,81.54562,6.154851,12.443795
24.0,122.0,2020-07-01,2020-11-10,132,51,22.49019,23.30137,21.756884,80.14376,6.5962353,11.644596
24.0,122.0,2020-07-01,2020-11-11,133,51,22.2903,23.088902,21.605759,80.32278,6.542706,9.867932
24.0,122.0,2020-07-01,2020-11-12,134,51,22.106945,22.91299,21.346292,80.61127,6.795753,11.222043
24.0,122.0,2020-07-01,2020-11-13,135,51,21.939535,22.692493,21.27058,79.97139,7.0602245,9.703551
24.0,122.0,2020-07-01,2020-11-14,136,51,22.018957,22.812754,21.292036,79.127075,6.663448,8.723168
24.0,122.0,2020-07-01,2020-11-15,137,51,21.933977,22.791306,21.153723,80.02301,6.564535,9.78733
24.0,122.0,2020-07-01,2020-11-16,138,51,21.697979,22.475035,21.049503,78.60655,6.733837,7.9903374
24.0,122.0,2020-07-01,2020-11-17,139,51,21.574057,22.392832,20.899385,78.66668,6.5098305,9.76942
24.0,122.0,2020-07-01,2020-11-18,140,51,21.570751,22.441614,20.77137,78.73265,6.185133,6.6884036
24.0,122.0,2020-07-01,2020-11-19,141,51,21.336948,22.271816,20.550177,77.93142,6.4738812,6.3630023
24.0,122.0,2020-07-01,2020-11-20,142,51,21.085678,21.981556,20.360182,77.81307,6.6183352,8.0972185
24.0,122.0,2020-07-01,2020-11-21,143,51,21.170788,22.010025,20.502396,78.219345,6.1939416,10.428304
24.0,122.0,2020-07-01,2020-11-22,144,51,21.215313,22.055166,20.45633,78.16403,6.0738945,9.376462
24.0,122.0,2020-07-01,2020-11-23,145,51,21.003923,21.814568,20.315668,78.76304,6.367451,9.2177
24.0,122.0,2020-07-01,2020-11-24,146,51,20.981678,21.788115,20.299562,79.16925,6.5480704,10.3558855
24.0,122.0,2020-07-01,2020-11-25,147,51,20.862679,21.729498,20.119509,78.2878,6.652743,8.335019
24.0,122.0,2020-07-01,2020-11-26,148,51,20.575535,21.37225,19.793177,78.87689,7.0211473,7.895881
24.0,122.0,2020-07-01,2020-11-27,149,51,20.50707,21.334414,19.822048,78.12923,6.218517,7.7627025
24.0,122.0,2020-07-01,2020-11-28,150,51,20.590889,21.51957,19.867073,77.25934,6.141677,6.7697587
24.0,122.0,2020-07-01,2020-11-29,151,51,20.365484,21.294724,19.563799,77.62789,6.260852,7.5434093
24.0,122.0,2020-07-01,2020-11-30,152,51,20.29561,21.16998,19.454327,78.2551,6.1477947,8.26509
