latitude,longitude,init_date,valid_date,lead_day,ens_n,t2m_C,t2m_C_max,t2m_C_min,rh_pct,wind_mps,tp_mm_mean,rh_pct_max,rh_pct_min,wind_mps_max,wind_mps_min
24.5,120.5,2001-01-01,2001-01-01,0,25,15.254158,17.068928,14.013463,74.15563,5.030348,0.0,82.105965,62.013065,7.1536016,2.3975286
23.5,120.5,2001-01-01,2001-01-01,0,25,11.97322,16.306662,9.165455,80.65839,1.9029961,0.0,92.57541,58.098,2.5282538,1.4867318
22.5,120.5,2001-01-01,2001-01-01,0,25,16.845798,18.592052,15.576159,70.58326,1.9083493,0.0,79.73548,59.145756,2.273212,1.5808156
23.5,121.5,2001-01-01,2001-01-01,0,25,13.7637415,15.57338,12.769352,73.35801,2.786254,0.0,79.54473,61.739967,3.8155398,1.6412649
24.5,121.5,2001-01-01,2001-01-01,0,25,11.265434,13.900021,9.827907,78.647736,2.0171974,0.0,87.484856,62.12164,2.5937681,1.5912874
22.5,121.5,2001-01-01,2001-01-01,0,25,18.752335,18.977388,18.531384,66.67283,7.4086714,0.0,68.45446,64.75442,9.05948,5.631403
22.5,120.5,2001-01-01,2001-01-02,1,25,17.889503,19.82987,16.436792,73.27303,2.189877,0.18180847,79.93068,60.662,3.0178845,1.1249514
24.5,120.5,2001-01-01,2001-01-02,1,25,15.99425,17.47737,14.884987,79.03801,3.4831367,0.80955505,87.683304,66.00115,5.0691514,1.7774998
22.5,121.5,2001-01-01,2001-01-02,1,25,19.964739,20.415373,19.18717,66.45974,4.25301,1.2577057,69.74038,62.31498,4.9981446,3.4061267
24.5,121.5,2001-01-01,2001-01-02,1,25,13.136204,15.407916,11.920627,84.195175,2.006425,8.77121,91.817345,71.65536,2.5401402,1.4703925
23.5,121.5,2001-01-01,2001-01-02,1,25,14.938254,16.714401,13.746622,77.33057,1.574051,3.6850739,83.78427,66.80786,2.0326648,1.1431638
23.5,120.5,2001-01-01,2001-01-02,1,25,13.058899,17.284323,10.907975,82.03812,1.8080106,0.09803772,92.397354,62.34692,2.1688113,1.4534062
22.5,120.5,2001-01-01,2001-01-03,2,25,18.702398,20.745934,17.643106,76.435165,2.7796001,0.6970215,84.83396,62.212612,3.363515,2.1877716
23.5,121.5,2001-01-01,2001-01-03,2,25,15.4215,17.193668,14.407066,84.41329,3.0769796,13.56369,90.50119,75.25556,4.1405716,1.8091002
24.5,120.5,2001-01-01,2001-01-03,2,25,16.705757,17.955153,16.028088,80.053185,8.070498,0.6072998,84.419044,74.327225,8.979968,6.2647076
23.5,120.5,2001-01-01,2001-01-03,2,25,14.2848015,18.098278,12.226632,84.382256,2.533045,0.31906128,93.19012,66.50118,3.375169,1.8798752
24.5,121.5,2001-01-01,2001-01-03,2,25,12.993219,14.381403,12.156012,89.63852,3.81467,19.630127,92.46426,83.95622,4.485592,2.8432755
22.5,121.5,2001-01-01,2001-01-03,2,25,20.307222,21.020523,19.685978,75.39497,5.2413573,6.7045593,82.10376,68.49424,7.124405,3.472722
23.5,121.5,2001-01-01,2001-01-04,3,25,15.4530525,16.662863,14.75215,86.842926,3.8706686,16.063995,90.78846,80.57934,4.827452,2.9020472
22.5,121.5,2001-01-01,2001-01-04,3,25,20.180513,20.57271,19.77734,81.4233,7.8065767,11.821747,84.630554,78.2443,8.774856,6.7582827
22.5,120.5,2001-01-01,2001-01-04,3,25,19.232487,21.25497,18.07438,78.84753,2.5662866,0.9214783,85.40849,66.800224,3.0913084,1.9750704
24.5,120.5,2001-01-01,2001-01-04,3,25,17.626392,19.49841,16.642956,78.813095,7.3596973,0.29327393,85.528564,69.30392,8.511955,6.0646
23.5,120.5,2001-01-01,2001-01-04,3,25,15.359342,19.242472,13.1443815,83.60771,2.2868857,0.3225708,92.59127,65.83485,3.2081804,1.7032236
24.5,121.5,2001-01-01,2001-01-04,3,25,13.254655,14.713253,12.307033,88.68908,3.9592867,18.91983,92.633125,81.32849,4.596142,3.3186078
24.5,120.5,2001-01-01,2001-01-05,4,25,18.376503,20.188818,17.390806,82.442215,5.3729916,0.27175903,87.87047,73.95943,7.239093,3.0950935
22.5,120.5,2001-01-01,2001-01-05,4,25,19.528164,21.51874,18.297829,81.00394,3.3277857,2.514038,86.999626,70.35541,4.3350224,2.4824803
23.5,121.5,2001-01-01,2001-01-05,4,25,15.992989,17.034052,15.26609,86.55814,3.739235,24.760437,89.648155,82.189354,4.3914146,2.972659
23.5,120.5,2001-01-01,2001-01-05,4,25,16.239374,20.189285,14.068155,83.526955,1.8626435,0.67977905,92.18172,66.17622,2.6519728,1.1280578
24.5,121.5,2001-01-01,2001-01-05,4,25,14.431836,15.936898,13.59901,87.41138,4.1966786,20.047607,91.316864,79.883446,4.620955,3.6840742
22.5,121.5,2001-01-01,2001-01-05,4,25,20.90461,21.3359,20.37693,79.624275,8.608586,15.150909,83.48908,76.0092,9.671864,7.4831324
22.5,120.5,2001-01-01,2001-01-06,5,25,20.214098,22.668297,18.96713,78.85507,4.544775,1.795044,86.07732,65.2359,5.3131385,3.8179157
24.5,120.5,2001-01-01,2001-01-06,5,25,18.425348,20.502748,17.069273,86.832054,1.8710762,0.92529297,92.14524,78.290985,2.8727765,0.85586333
23.5,121.5,2001-01-01,2001-01-06,5,25,16.620583,18.120642,15.701071,83.079124,2.3651872,6.8515015,87.46543,76.05925,3.5250285,1.2810054
23.5,120.5,2001-01-01,2001-01-06,5,25,16.566422,20.971498,14.300549,83.576805,1.451706,0.69137573,93.102776,64.172325,2.050564,0.8586583
22.5,121.5,2001-01-01,2001-01-06,5,25,21.722515,22.183638,21.21623,75.229935,6.705556,6.5919495,79.05008,71.560936,8.836603,4.5497875
24.5,121.5,2001-01-01,2001-01-06,5,25,15.553844,18.302437,14.075445,84.30008,3.7790878,4.05777,89.50899,72.67028,4.323018,3.2034583
24.5,121.5,2001-01-01,2001-01-07,6,25,16.684917,19.761866,15.142823,85.480286,2.314594,4.033966,92.032295,72.05841,2.981554,1.6347365
22.5,121.5,2001-01-01,2001-01-07,6,25,22.639097,23.252851,22.023657,81.46844,4.0753207,15.379791,85.63595,77.17765,5.350386,2.8306308
23.5,120.5,2001-01-01,2001-01-07,6,25,17.321539,21.657803,15.116138,85.53255,1.705675,3.9411926,94.86781,68.94758,2.2517874,1.1714375
22.5,120.5,2001-01-01,2001-01-07,6,25,21.155346,23.548677,19.729488,83.81751,3.4039068,8.287048,91.35515,71.68052,4.1885915,2.5771158
24.5,120.5,2001-01-01,2001-01-07,6,25,18.822573,20.75257,17.641544,86.9559,3.0100892,3.1985474,92.08943,78.19145,4.037577,1.905881
23.5,121.5,2001-01-01,2001-01-07,6,25,17.987476,20.109756,16.57096,84.60501,1.6950936,10.105743,90.61249,75.39924,2.5062556,0.99061644
23.5,121.5,2001-01-01,2001-01-08,7,25,19.089643,21.435894,17.651226,87.625336,2.4072917,3.6917114,92.46616,79.01826,3.4317214,1.4448113
22.5,120.5,2001-01-01,2001-01-08,7,25,22.044605,24.509018,20.660444,86.77341,3.000015,3.390808,92.98335,75.23169,3.867921,2.0887535
24.5,120.5,2001-01-01,2001-01-08,7,25,19.36976,20.82667,18.175749,89.76797,2.5802994,5.6567383,93.08497,84.33835,4.0840464,1.3841754
23.5,120.5,2001-01-01,2001-01-08,7,25,18.354038,22.3698,16.193102,88.168495,1.550803,3.7142944,95.47592,75.023125,2.0667121,0.99913
24.5,121.5,2001-01-01,2001-01-08,7,25,17.910973,20.939018,16.280304,87.91737,2.397155,3.7251282,93.705925,77.16695,3.0000978,1.6701245
22.5,121.5,2001-01-01,2001-01-08,7,25,23.38855,24.053877,22.754517,84.7133,3.8840873,4.524536,88.19131,80.672,5.2575407,2.4304092
23.5,121.5,2001-01-01,2001-01-09,8,25,19.045378,21.930855,17.025177,88.2442,3.4734902,9.126892,92.97577,80.54551,5.224106,1.5420463
23.5,120.5,2001-01-01,2001-01-09,8,25,18.570398,22.486012,16.181211,88.293274,2.3980906,5.9310913,94.860344,77.030785,3.3923872,1.3219455
22.5,120.5,2001-01-01,2001-01-09,8,25,22.22112,24.956509,20.419333,87.60236,2.46389,3.7405396,93.81898,76.94438,3.3626063,1.2905569
24.5,120.5,2001-01-01,2001-01-09,8,25,18.723991,20.999546,16.403458,87.01224,6.245802,9.803162,91.808205,82.451096,9.564355,2.3917077
22.5,121.5,2001-01-01,2001-01-09,8,25,23.36323,24.833296,21.980947,86.26125,5.6322813,4.4473267,91.19807,81.28142,8.753866,2.5994973
24.5,121.5,2001-01-01,2001-01-09,8,25,16.271765,19.414085,13.43066,90.59786,2.9046116,14.203491,94.55735,83.833855,4.245787,1.2452668
23.5,120.5,2001-01-01,2001-01-10,9,25,15.968749,18.406637,13.991095,84.852196,3.728996,5.4870605,89.81317,77.01161,4.7229323,2.8087008
23.5,121.5,2001-01-01,2001-01-10,9,25,15.840565,17.3303,14.282911,86.08032,5.5347276,11.3671875,88.3177,82.808235,6.335382,4.553967
22.5,120.5,2001-01-01,2001-01-10,9,25,19.763338,21.462114,18.182032,82.52441,3.5163796,4.5401,87.32618,76.850296,4.388589,2.6524081
24.5,120.5,2001-01-01,2001-01-10,9,25,15.602655,16.900202,14.139806,80.51092,10.224378,3.378296,83.61705,77.51803,11.141466,9.111869
24.5,121.5,2001-01-01,2001-01-10,9,25,11.816288,13.46527,10.15424,90.532585,4.4918075,13.41217,92.44309,87.69688,5.083444,3.771722
22.5,121.5,2001-01-01,2001-01-10,9,25,20.563242,21.508135,19.548965,80.65757,10.468143,4.746399,84.07687,77.66149,11.941669,8.69917
23.5,120.5,2001-01-01,2001-01-11,10,25,14.2424135,16.751154,12.654459,81.815575,3.1645155,1.2393188,87.80946,71.49966,3.9374812,2.4204507
24.5,121.5,2001-01-01,2001-01-11,10,25,10.501827,12.108263,9.264586,87.56184,4.1084595,11.220093,91.31493,81.75084,4.8037815,3.4135025
23.5,121.5,2001-01-01,2001-01-11,10,25,13.886807,15.155919,12.62254,84.93802,4.7977986,9.964294,87.83294,80.774475,5.7708936,3.7722178
24.5,120.5,2001-01-01,2001-01-11,10,25,14.8178625,16.100758,13.849166,77.419304,9.332129,1.2237549,81.491264,72.19848,10.411374,8.14671
22.5,120.5,2001-01-01,2001-01-11,10,25,18.153332,19.556622,17.130787,77.44912,3.2733529,1.8917847,82.02574,70.87761,3.8498592,2.6740384
22.5,121.5,2001-01-01,2001-01-11,10,25,19.110773,19.713385,18.33855,77.6677,9.911278,5.0238037,80.66205,74.959816,11.364795,8.339866
22.5,121.5,2001-01-01,2001-01-12,11,25,19.052408,19.839714,18.19775,76.60274,8.647896,4.811096,80.501854,72.95279,10.343686,6.828337
24.5,121.5,2001-01-01,2001-01-12,11,25,10.682116,12.528897,9.195963,86.66433,3.748682,11.9192505,91.09161,78.83604,4.440161,2.8753316
23.5,121.5,2001-01-01,2001-01-12,11,25,13.77276,15.27295,12.417467,83.877686,4.2287445,9.836731,87.68273,77.22918,5.217844,3.2298424
24.5,120.5,2001-01-01,2001-01-12,11,25,14.840533,16.200026,13.682345,77.44956,8.420918,2.9092407,82.245804,71.2479,9.447051,7.2039075
23.5,120.5,2001-01-01,2001-01-12,11,25,13.93817,16.734953,12.203907,80.78907,2.908239,1.513977,88.20456,68.20517,3.7383344,2.056673
22.5,120.5,2001-01-01,2001-01-12,11,25,18.001549,19.732052,16.72798,75.52605,3.0815177,1.5975952,81.668365,66.469925,3.6969156,2.4326165
22.5,120.5,2001-01-01,2001-01-13,12,25,17.847145,19.58212,16.607424,75.86288,3.3118763,1.4224243,81.01918,67.82559,4.0186844,2.6419942
23.5,120.5,2001-01-01,2001-01-13,12,25,13.665485,16.485949,11.876915,81.01641,3.0542727,1.3684082,88.59159,69.16332,3.8602157,2.21673
24.5,120.5,2001-01-01,2001-01-13,12,25,14.565505,15.825709,13.39131,76.48477,8.750069,2.1224976,81.42383,70.7686,9.955133,7.206126
23.5,121.5,2001-01-01,2001-01-13,12,25,13.64822,15.085011,12.397833,84.219696,4.612113,9.425354,88.09577,78.12354,5.775496,3.1778536
22.5,121.5,2001-01-01,2001-01-13,12,25,18.791462,19.587116,17.914747,77.93622,9.208609,5.1974487,81.11734,74.573456,11.2783985,6.8906364
24.5,121.5,2001-01-01,2001-01-13,12,25,10.372341,12.190582,8.843014,87.00084,3.9927735,10.701294,90.76354,80.78463,4.6832633,3.0481784
22.5,120.5,2001-01-01,2001-01-14,13,25,17.50814,19.252462,16.414343,75.724884,3.2489746,1.5878296,81.547295,66.57449,3.7289417,2.6770234
23.5,121.5,2001-01-01,2001-01-14,13,25,13.447945,14.904493,12.355289,83.966286,4.348374,8.494873,87.73121,77.95501,5.2823014,3.42447
24.5,120.5,2001-01-01,2001-01-14,13,25,14.676597,15.935446,13.748224,76.827225,8.597087,1.4953613,81.20121,71.25774,9.534826,7.339876
24.5,121.5,2001-01-01,2001-01-14,13,25,10.437514,12.10212,9.243941,86.562706,3.7548447,10.105286,90.51218,80.15562,4.381438,2.9449885
23.5,120.5,2001-01-01,2001-01-14,13,25,13.450953,16.557306,11.717242,81.01549,2.9451745,1.3659668,88.91329,67.166214,3.728473,2.2215202
22.5,121.5,2001-01-01,2001-01-14,13,25,18.617027,19.204927,18.00357,77.07408,9.037069,4.767761,80.31822,73.5409,10.362661,7.590485
22.5,121.5,2001-01-01,2001-01-15,14,25,18.847662,19.664,17.797544,74.68833,9.020634,3.6380005,78.650955,70.88951,11.019524,6.7862334
22.5,120.5,2001-01-01,2001-01-15,14,25,17.605572,19.698332,16.191109,74.46587,3.5393178,1.3061523,80.46056,64.82827,4.2008934,2.841785
24.5,120.5,2001-01-01,2001-01-15,14,25,14.8204155,16.182243,13.637491,75.80877,7.742874,1.0635376,80.87633,69.209694,9.106126,6.0392027
24.5,121.5,2001-01-01,2001-01-15,14,25,10.588247,12.510992,8.941559,84.802986,3.6166935,7.162781,88.99662,77.76404,4.440292,2.5809731
23.5,121.5,2001-01-01,2001-01-15,14,25,13.550141,15.268214,12.160216,81.60172,4.2080536,6.315613,85.877106,75.41278,5.274137,2.7834573
23.5,120.5,2001-01-01,2001-01-15,14,25,13.3577585,16.707954,11.473785,80.21864,2.8186731,0.8190918,88.30606,65.75416,3.6978977,1.9980268
23.5,120.5,2001-01-01,2001-01-16,15,25,12.9583435,16.632492,10.841222,80.40335,2.7190769,0.34332275,89.49553,64.062965,3.6153631,1.9553632
23.5,121.5,2001-01-01,2001-01-16,15,25,13.412387,15.159523,12.092965,80.34573,3.7035394,5.327759,84.90755,72.704346,4.529199,2.7314346
22.5,120.5,2001-01-01,2001-01-16,15,25,17.451996,19.43713,16.096428,73.288025,3.1433592,0.73394775,79.922966,62.72862,3.8993027,2.493549
24.5,121.5,2001-01-01,2001-01-16,15,25,10.696156,12.802101,9.309781,83.50398,3.199829,6.1349487,88.59304,74.366394,3.8642263,2.4202323
24.5,120.5,2001-01-01,2001-01-16,15,25,14.642582,16.019289,13.572271,76.93474,7.21381,0.5001831,82.12114,69.7875,8.368996,5.7490773
22.5,121.5,2001-01-01,2001-01-16,15,25,18.719124,19.362398,17.880543,72.6216,8.298836,2.7679443,76.921906,68.593094,9.84827,6.716369
23.5,121.5,2001-01-01,2001-01-17,16,25,14.037184,16.036758,12.720895,79.31957,3.402653,4.676819,84.91309,70.038086,4.464582,2.3367996
23.5,120.5,2001-01-01,2001-01-17,16,25,13.17025,17.134884,10.930939,80.82077,2.6534305,0.48736572,90.106316,63.56261,3.4069607,2.0054855
22.5,120.5,2001-01-01,2001-01-17,16,25,17.727613,19.955744,16.425734,73.983955,3.121397,0.5258179,81.04555,61.837814,3.769646,2.5238278
24.5,121.5,2001-01-01,2001-01-17,16,25,11.404137,13.809025,9.854093,83.52156,2.9130673,6.1203003,89.09555,73.42054,3.6921296,2.0079398
22.5,121.5,2001-01-01,2001-01-17,16,25,19.273493,20.063848,18.360538,72.5659,7.3932977,2.1484375,76.83689,68.09884,9.324546,5.6336794
24.5,120.5,2001-01-01,2001-01-17,16,25,15.041168,16.736324,13.870231,77.46305,6.884644,1.0845947,83.136505,68.98095,8.25953,5.493533
23.5,120.5,2001-01-01,2001-01-18,17,25,13.564384,17.433468,11.318229,81.17751,2.6142335,1.2936401,89.927605,64.405876,3.5059385,1.8520976
23.5,121.5,2001-01-01,2001-01-18,17,25,14.307686,16.190266,12.966852,80.96607,3.7117693,5.449829,86.27368,72.55946,4.6295466,2.7225487
22.5,120.5,2001-01-01,2001-01-18,17,25,18.113096,20.31589,16.677017,74.77754,3.1948595,1.1355591,81.511955,63.473217,3.9812667,2.5248077
24.5,120.5,2001-01-01,2001-01-18,17,25,15.2579,16.900997,14.057989,77.912766,7.0523424,1.2716675,84.14908,69.966774,8.322216,5.400327
24.5,121.5,2001-01-01,2001-01-18,17,25,11.605517,13.728781,10.148966,84.49333,3.2774546,6.6000366,89.65091,75.62548,4.073973,2.439111
22.5,121.5,2001-01-01,2001-01-18,17,25,19.501358,20.141115,18.6817,74.58966,8.123103,2.9962158,78.8425,70.21964,9.658459,6.615283
23.5,121.5,2001-01-01,2001-01-19,18,25,14.750876,16.508461,13.522545,81.05344,3.315326,6.30249,85.78995,73.36711,4.3919005,2.1751926
23.5,120.5,2001-01-01,2001-01-19,18,25,14.272888,18.171507,12.204708,82.21592,2.3322277,1.6186523,90.97105,65.69296,2.9859006,1.6831539
22.5,121.5,2001-01-01,2001-01-19,18,25,19.854685,20.556822,18.987442,74.5141,7.7612514,4.8046875,78.428055,70.48175,9.478852,6.1493363
24.5,120.5,2001-01-01,2001-01-19,18,25,15.971149,17.818632,14.680934,79.90581,6.1687136,1.6595459,85.64924,71.57177,7.7875977,4.003321
24.5,121.5,2001-01-01,2001-01-19,18,25,12.527264,15.090258,10.870343,84.27439,2.9943216,6.7330933,89.92112,73.92108,3.667728,2.1894085
22.5,120.5,2001-01-01,2001-01-19,18,25,18.466911,20.671196,17.108961,75.932594,2.9948852,2.0458984,82.77926,64.124626,3.578908,2.404769
23.5,120.5,2001-01-01,2001-01-20,19,25,14.392597,18.291502,11.886036,83.54794,2.5310853,2.003479,92.1579,67.3467,3.3596148,1.8066416
23.5,121.5,2001-01-01,2001-01-20,19,25,15.278086,17.193066,13.909396,81.18153,3.1422377,4.920044,85.8255,73.400536,3.9708529,2.287175
24.5,120.5,2001-01-01,2001-01-20,19,25,15.948555,17.569813,14.679806,82.08804,5.835484,2.0440674,86.93471,75.164734,7.3586965,4.2854676
24.5,121.5,2001-01-01,2001-01-20,19,25,13.048476,15.625048,11.319894,84.80374,2.9897356,6.5545654,90.248856,74.82963,3.6966991,2.2757978
22.5,120.5,2001-01-01,2001-01-20,19,25,18.694609,20.936974,17.23589,77.46768,3.1785715,2.0114136,84.24784,65.926155,3.980534,2.441705
22.5,121.5,2001-01-01,2001-01-20,19,25,20.278242,20.916798,19.499561,74.35935,7.3468447,4.210205,78.26814,70.80631,8.867703,6.058457
23.5,121.5,2001-01-01,2001-01-21,20,25,15.478189,17.647062,14.03483,81.08922,3.3066623,5.6723022,86.76803,71.759125,4.454852,2.1569824
23.5,120.5,2001-01-01,2001-01-21,20,25,14.598678,18.634483,12.358873,82.87716,2.4778237,1.1444092,91.88199,66.408394,3.172635,1.7623843
22.5,121.5,2001-01-01,2001-01-21,20,25,20.411217,21.223608,19.599089,75.04898,7.2504673,4.07959,80.12315,69.59321,9.194134,5.350993
24.5,121.5,2001-01-01,2001-01-21,20,25,13.131881,15.848781,11.123185,84.6398,3.1125598,6.451416,90.698074,73.6304,3.9940546,2.1876628
24.5,120.5,2001-01-01,2001-01-21,20,25,16.09944,17.790255,14.70422,81.32229,5.926106,1.3479614,87.41033,73.76077,7.6705155,3.9130814
22.5,120.5,2001-01-01,2001-01-21,20,25,18.870905,21.252764,17.466822,77.505905,3.104452,2.095337,85.31139,64.708595,3.844341,2.3671076
22.5,120.5,2001-01-01,2001-01-22,21,25,18.854315,20.955776,17.53669,78.32416,2.7753136,1.6265869,84.74096,67.53591,3.4909897,1.9450431
24.5,120.5,2001-01-01,2001-01-22,21,25,15.851541,17.612408,14.510489,81.00117,6.452367,1.9659424,86.58653,73.322,8.231415,4.6140523
24.5,121.5,2001-01-01,2001-01-22,21,25,12.832341,15.42399,11.102462,84.93186,3.0410242,6.166992,90.27,74.819916,3.9179385,2.2035217
22.5,121.5,2001-01-01,2001-01-22,21,25,20.204157,20.994347,19.417511,76.2064,7.075793,3.2873535,80.55977,71.745316,8.806317,5.4811077
23.5,121.5,2001-01-01,2001-01-22,21,25,15.292947,17.263424,13.923161,82.19574,3.3721802,5.600586,87.47427,73.642944,4.573409,2.3674216
23.5,120.5,2001-01-01,2001-01-22,21,25,14.641755,18.50979,12.416735,83.19338,2.5687234,1.0986328,91.70868,67.44978,3.3747327,1.9153743
24.5,120.5,2001-01-01,2001-01-23,22,25,15.384922,16.90375,14.164913,78.80235,6.8262997,1.1779785,83.79097,71.93101,8.14965,5.4743567
22.5,120.5,2001-01-01,2001-01-23,22,25,18.607851,20.67751,17.193718,77.064285,3.0682416,2.0751953,83.38141,67.25959,3.7304666,2.2821188
22.5,121.5,2001-01-01,2001-01-23,22,25,19.836952,20.55808,19.067385,76.12281,7.8265166,3.9776611,80.71887,71.7287,9.524871,6.0400276
24.5,121.5,2001-01-01,2001-01-23,22,25,12.1469145,14.67664,10.438127,84.14871,3.2134032,4.8583984,89.34198,74.676155,3.9737644,2.3858056
23.5,120.5,2001-01-01,2001-01-23,22,25,14.33002,17.987978,12.090084,81.46311,2.7479565,1.0644531,89.70169,67.03571,3.625292,1.960514
23.5,121.5,2001-01-01,2001-01-23,22,25,14.924141,16.948446,13.459743,81.50945,3.7564514,5.3497314,86.948166,73.45862,4.6582155,2.6574888
23.5,121.5,2001-01-01,2001-01-24,23,25,14.65009,16.670364,13.133536,81.665955,3.9364936,5.654907,86.17599,73.983574,4.976473,2.7263315
22.5,121.5,2001-01-01,2001-01-24,23,25,19.667824,20.531103,18.710173,76.09939,8.371272,3.7200928,79.79243,72.010056,10.352801,6.207787
22.5,120.5,2001-01-01,2001-01-24,23,25,18.411243,20.50209,16.977882,76.41016,3.168726,2.1990967,82.738304,66.45139,3.8439484,2.5258641
24.5,120.5,2001-01-01,2001-01-24,23,25,15.253391,16.778475,13.855905,77.99429,7.2556453,1.953125,84.252045,70.350655,8.87616,5.283232
24.5,121.5,2001-01-01,2001-01-24,23,25,11.865169,14.393388,9.856573,84.0355,3.282301,6.749878,89.66207,74.307274,4.0214643,2.3365855
23.5,120.5,2001-01-01,2001-01-24,23,25,14.04054,17.600273,11.907745,81.5947,2.7168458,1.975708,89.76134,66.931145,3.655095,1.9439073
24.5,120.5,2001-01-01,2001-01-25,24,25,15.106767,16.735323,13.841231,78.196785,6.7805657,1.9519043,83.58451,70.410614,8.367917,5.1158376
22.5,120.5,2001-01-01,2001-01-25,24,25,18.08161,20.097843,16.697115,75.18128,3.2122703,2.4957275,81.43043,65.23067,3.7778344,2.562815
22.5,121.5,2001-01-01,2001-01-25,24,25,19.292976,20.036642,18.401924,73.41481,8.460034,3.4448242,77.45953,69.54544,10.208445,6.6444616
23.5,121.5,2001-01-01,2001-01-25,24,25,14.162724,15.980343,12.734518,80.16689,3.7857316,5.5151367,85.08432,72.28379,4.8451443,2.7529373
23.5,120.5,2001-01-01,2001-01-25,24,25,13.835458,17.397385,11.991969,80.933815,2.602614,2.2546387,89.3111,65.5415,3.2511663,1.9957892
24.5,121.5,2001-01-01,2001-01-25,24,25,11.548817,13.929025,9.826261,83.48048,3.326088,7.189331,88.96268,73.54469,3.9665112,2.597743
24.5,121.5,2001-01-01,2001-01-26,25,25,11.541289,13.999721,9.770953,84.774734,2.979237,7.4346924,90.292366,75.04276,3.7880569,1.9585806
23.5,121.5,2001-01-01,2001-01-26,25,25,14.187813,16.028324,12.828946,81.392914,3.3375778,5.6158447,86.61798,73.673615,4.36784,2.280774
22.5,121.5,2001-01-01,2001-01-26,25,25,19.437832,20.249044,18.510406,73.95312,7.556316,3.4381104,77.96728,69.91995,9.493816,5.8363204
24.5,120.5,2001-01-01,2001-01-26,25,25,15.07373,16.81097,13.674987,79.106125,6.523949,2.6013184,85.17496,71.32919,7.8816333,4.7726336
22.5,120.5,2001-01-01,2001-01-26,25,25,17.99586,19.90806,16.644665,75.96111,3.0580673,1.7919922,82.32553,65.760925,3.7051458,2.40688
23.5,120.5,2001-01-01,2001-01-26,25,25,13.740781,17.312675,11.430264,81.33836,2.5364654,2.1289062,90.40943,66.00862,3.248284,1.7923628
24.5,120.5,2001-01-01,2001-01-27,26,25,15.468797,17.356798,14.152966,78.62355,6.916823,3.4820557,84.48056,70.69368,8.315926,5.21792
22.5,120.5,2001-01-01,2001-01-27,26,25,18.373446,20.755888,16.870358,76.15207,3.0103445,1.9006348,83.49791,63.62167,3.7581515,2.2673042
23.5,121.5,2001-01-01,2001-01-27,26,25,14.759011,16.803078,13.297018,81.58289,3.47234,7.0892334,86.9709,72.93984,4.6511064,2.2367835
24.5,121.5,2001-01-01,2001-01-27,26,25,12.227722,14.997071,10.436022,84.60509,3.0264924,8.59375,90.46771,73.331,3.979632,1.858333
23.5,120.5,2001-01-01,2001-01-27,26,25,14.032879,18.040861,11.829118,81.45941,2.7361057,3.324585,90.07869,65.05384,3.3793998,2.0495942
22.5,121.5,2001-01-01,2001-01-27,26,25,19.847235,20.700718,18.937912,74.80775,7.2981176,3.647461,79.16504,70.34312,9.21178,5.5078883
22.5,121.5,2001-01-01,2001-01-28,27,25,19.606325,20.453714,18.584288,76.05681,8.453213,2.722168,80.01875,71.98619,10.378719,6.6618195
24.5,120.5,2001-01-01,2001-01-28,27,25,15.266697,16.87559,13.943116,77.88636,7.936416,0.960083,83.700195,71.12229,9.355543,6.311791
22.5,120.5,2001-01-01,2001-01-28,27,25,18.311247,20.559067,16.745476,76.44104,3.1556122,1.2268066,82.52988,65.42061,3.7179303,2.5861235
23.5,121.5,2001-01-01,2001-01-28,27,25,14.579587,16.580297,13.105826,82.22814,4.074846,5.9228516,86.34594,74.44772,5.2090993,2.8344316
24.5,121.5,2001-01-01,2001-01-28,27,25,11.803279,14.1325035,10.077892,85.25425,3.4414008,6.8640137,89.98988,76.675354,4.1697726,2.6045089
23.5,120.5,2001-01-01,2001-01-28,27,25,14.21867,17.970707,12.13483,81.12065,2.8563328,0.85632324,89.65817,65.651436,3.7428787,2.0763826
23.5,120.5,2001-01-01,2001-01-29,28,25,13.795413,17.356676,11.833605,80.36547,2.781541,1.1950684,88.42738,65.274185,3.6277978,2.0026898
22.5,121.5,2001-01-01,2001-01-29,28,25,18.913109,19.585533,18.10081,74.956055,8.999667,3.2843018,78.70162,71.31085,10.263655,7.5104585
24.5,120.5,2001-01-01,2001-01-29,28,25,14.771448,16.324186,13.551471,76.87644,7.8202305,1.4978027,82.353455,70.055855,9.214611,6.3107805
22.5,120.5,2001-01-01,2001-01-29,28,25,17.803772,19.860973,16.449362,75.71595,3.2436023,1.3909912,81.33535,65.82455,3.865447,2.6449966
23.5,121.5,2001-01-01,2001-01-29,28,25,13.953421,15.786188,12.698556,81.25578,4.196988,6.3049316,85.9147,73.45365,5.12016,3.14677
24.5,121.5,2001-01-01,2001-01-29,28,25,11.137424,13.283629,9.650538,84.19291,3.4602094,7.611084,89.42534,75.26565,4.2249336,2.4632106
22.5,120.5,2001-01-01,2001-01-30,29,25,17.683342,19.556402,16.39151,75.115746,3.0151038,1.9848633,81.84068,64.93115,3.7842886,2.3256955
23.5,120.5,2001-01-01,2001-01-30,29,25,13.577014,17.098112,11.4184,80.15894,2.597496,1.4916992,89.435524,64.40596,3.4244246,1.8630675
22.5,121.5,2001-01-01,2001-01-30,29,25,18.95297,19.710363,18.144142,74.00379,8.093152,4.366455,78.4684,69.93747,9.932041,6.4464674
23.5,121.5,2001-01-01,2001-01-30,29,25,13.911037,15.686285,12.620855,80.62249,3.6999624,6.647339,85.81463,72.51012,4.684887,2.7452774
24.5,121.5,2001-01-01,2001-01-30,29,25,11.328655,13.709167,9.788097,83.59159,3.2648094,6.9366455,89.07806,73.58288,4.0180907,2.5269616
24.5,120.5,2001-01-01,2001-01-30,29,25,14.935901,16.42795,13.781041,77.09523,6.7181416,1.2609863,82.74281,69.78242,7.9990516,5.455716
24.5,121.5,2001-01-01,2001-01-31,30,25,11.761414,14.393532,10.097501,83.643616,2.8134604,5.1361084,89.76922,72.4262,3.6200712,1.9632945
22.5,120.5,2001-01-01,2001-01-31,30,25,17.987682,20.045357,16.772545,75.56863,3.088252,1.68396,82.65652,64.53534,3.7597964,2.4199831
24.5,120.5,2001-01-01,2001-01-31,30,25,15.234675,16.973375,13.9564905,77.92282,6.6541567,0.64819336,83.661285,69.41869,8.088178,4.8770595
22.5,121.5,2001-01-01,2001-01-31,30,25,19.338211,19.986237,18.628708,74.379845,7.416661,4.838867,79.002655,69.68597,8.92891,5.9009643
23.5,121.5,2001-01-01,2001-01-31,30,25,14.221082,16.204107,12.944347,81.18589,3.3056881,6.081543,86.607956,72.29377,4.2826757,2.279018
23.5,120.5,2001-01-01,2001-01-31,30,25,13.71534,17.74192,11.482452,80.5456,2.634343,0.9869385,90.0203,63.773502,3.5144792,1.8992171
22.5,120.5,2001-01-01,2001-02-01,31,25,18.412218,20.74163,17.048956,75.47896,2.8720913,2.1289062,82.576035,62.220272,3.676577,2.1473823
24.5,120.5,2001-01-01,2001-02-01,31,25,15.834132,17.649288,14.520485,79.54965,6.275639,1.3195801,86.44077,69.97499,7.858644,4.3757634
23.5,120.5,2001-01-01,2001-02-01,31,25,14.104659,18.308039,11.879566,81.36303,2.3560426,1.2347412,91.171104,63.13936,3.1178782,1.7915875
24.5,121.5,2001-01-01,2001-02-01,31,25,12.396945,14.864884,10.78547,84.30772,2.766135,6.948242,90.33627,73.10443,3.6498628,1.8289219
22.5,121.5,2001-01-01,2001-02-01,31,25,19.824913,20.49083,19.04611,74.70636,7.068407,5.161133,78.45882,70.518234,8.787152,5.2881565
23.5,121.5,2001-01-01,2001-02-01,31,25,14.621202,16.65691,13.333243,81.09276,3.0351648,7.279663,86.522995,71.63258,4.1670456,1.8358431
24.5,121.5,2001-01-01,2001-02-02,32,25,13.050668,15.640724,11.416203,85.05466,2.8398874,7.520752,90.746796,73.91627,3.6328132,1.9812307
22.5,121.5,2001-01-01,2001-02-02,32,25,20.12807,20.808813,19.43278,76.09687,6.6815467,5.50354,81.05077,71.560524,8.291335,5.0478606
23.5,121.5,2001-01-01,2001-02-02,32,25,15.130863,17.088306,13.849205,82.32543,3.0071914,6.547241,87.804756,73.59812,4.0486865,1.9104637
23.5,120.5,2001-01-01,2001-02-02,32,25,14.660492,18.502056,12.501373,82.42679,2.407451,1.9207764,91.184616,66.315636,3.143193,1.7940181
22.5,120.5,2001-01-01,2001-02-02,32,25,18.744104,20.89854,17.42526,77.705315,2.9265292,3.145752,84.6859,66.54089,3.6574879,2.189991
24.5,120.5,2001-01-01,2001-02-02,32,25,16.062855,17.644201,14.977584,80.69274,6.1011353,1.3775635,86.32446,72.39751,7.425516,4.5702147
22.5,121.5,2001-01-01,2001-02-03,33,25,20.173016,20.847221,19.412603,76.62562,7.195256,3.9434814,80.59518,72.74391,8.78602,5.7021003
22.5,120.5,2001-01-01,2001-02-03,33,25,18.751883,20.949379,17.390793,78.54931,2.9437351,1.9519043,85.60027,66.907745,3.5312846,2.323413
24.5,121.5,2001-01-01,2001-02-03,33,25,13.064109,15.462364,11.549913,85.47017,2.9131646,8.363647,91.00687,75.34046,3.605606,1.9452952
23.5,121.5,2001-01-01,2001-02-03,33,25,15.28153,17.313313,13.995719,82.36997,3.2552743,6.4642334,87.16466,73.72048,4.232952,2.1756198
24.5,120.5,2001-01-01,2001-02-03,33,25,16.063622,17.648703,14.963717,81.519646,6.6622596,1.5783691,87.31374,74.16876,7.9809093,4.975602
23.5,120.5,2001-01-01,2001-02-03,33,25,14.703425,18.4986,12.563966,83.4264,2.6605024,1.7834473,91.99996,67.92096,3.3313475,2.1043205
24.5,120.5,2001-01-01,2001-02-04,34,25,15.823248,17.395123,14.671578,80.34465,7.5777864,1.0797119,86.11404,72.89262,8.881059,5.739085
22.5,120.5,2001-01-01,2001-02-04,34,25,18.869791,21.066744,17.458664,79.03391,2.9876251,1.8707275,85.337425,68.495544,3.6605105,2.1922245
23.5,120.5,2001-01-01,2001-02-04,34,25,14.8161,18.591354,12.85317,82.98137,2.753188,1.7022705,91.18346,67.57836,3.6479979,2.0521288
24.5,121.5,2001-01-01,2001-02-04,34,25,12.717272,14.952223,11.032877,86.703674,3.4788873,8.64502,91.36606,78.15027,4.2460194,2.5058243
23.5,121.5,2001-01-01,2001-02-04,34,25,15.161198,17.07818,13.711744,83.628136,3.8857377,8.28186,88.47132,76.072105,4.9094977,2.5764189
22.5,121.5,2001-01-01,2001-02-04,34,25,20.050064,20.879122,19.090347,78.1849,8.270838,4.6624756,82.08092,74.69116,9.847592,6.284919
24.5,120.5,2001-01-01,2001-02-05,35,25,16.18841,17.762445,15.0313,80.77424,6.555344,0.9991455,85.999,73.71907,7.9413576,5.0279455
22.5,120.5,2001-01-01,2001-02-05,35,25,18.879133,21.102789,17.604073,78.05611,2.9540427,1.4794922,84.73039,66.29136,3.5615706,2.3220732
23.5,120.5,2001-01-01,2001-02-05,35,25,14.949621,18.634506,12.887267,83.14666,2.5392187,1.1401367,91.53443,67.745186,3.3098054,1.8664563
24.5,121.5,2001-01-01,2001-02-05,35,25,13.130071,15.34556,11.610885,86.391846,3.2201898,8.977661,91.14732,77.16465,3.964179,2.4662046
22.5,121.5,2001-01-01,2001-02-05,35,25,20.138391,20.75354,19.305069,76.68977,7.5737715,4.2333984,81.12882,72.68352,9.138651,6.318388
23.5,121.5,2001-01-01,2001-02-05,35,25,15.242825,16.919193,13.976471,83.300964,3.3656893,7.2717285,87.94929,75.82362,4.4838142,2.446303
23.5,121.5,2001-01-01,2001-02-06,36,25,15.36097,17.526512,13.897521,83.16559,4.0293,8.422241,88.36045,74.632034,5.1815906,2.7686532
24.5,121.5,2001-01-01,2001-02-06,36,25,12.877024,15.4237,11.163464,86.206345,3.5956008,9.0234375,91.38952,76.93416,4.417162,2.6226788
24.5,120.5,2001-01-01,2001-02-06,36,25,15.998177,17.770971,14.676441,80.06003,7.5586452,2.078247,85.5542,73.25081,8.978886,5.7860723
23.5,120.5,2001-01-01,2001-02-06,36,25,15.082922,19.096355,12.798463,82.555374,2.854721,2.4597168,90.813095,66.97524,3.8173351,1.98002
22.5,120.5,2001-01-01,2001-02-06,36,25,19.033821,21.415499,17.56233,78.65997,3.1009028,3.1896973,85.53192,67.80137,3.8061297,2.3013608
22.5,121.5,2001-01-01,2001-02-06,36,25,20.192942,21.057426,19.286182,77.15627,8.292688,4.818115,81.23603,73.25986,9.953367,6.6052155
24.5,120.5,2001-01-01,2001-02-07,37,25,15.280178,16.846437,14.19296,78.569016,7.9870343,1.5905762,83.18956,71.95338,8.94408,6.7409816
22.5,120.5,2001-01-01,2001-02-07,37,25,18.29719,20.162535,17.059973,77.958595,3.520669,3.6120605,83.88993,68.96602,4.238275,2.831116
23.5,120.5,2001-01-01,2001-02-07,37,25,14.424963,17.85071,12.356872,81.886986,2.85465,1.9970703,89.78586,67.794174,3.6874785,2.1020267
24.5,121.5,2001-01-01,2001-02-07,37,25,11.830842,13.933122,10.418351,85.97439,3.6686196,7.598877,90.62371,77.55431,4.276116,2.9068487
22.5,121.5,2001-01-01,2001-02-07,37,25,19.392971,20.062702,18.655245,76.42158,9.021134,8.461914,80.14343,72.903786,10.485505,7.6385713
23.5,121.5,2001-01-01,2001-02-07,37,25,14.530237,16.205074,13.25258,82.83681,4.2981462,9.638672,86.84787,76.1497,5.1920915,3.428945
23.5,121.5,2001-01-01,2001-02-08,38,25,14.4590645,16.20802,13.208473,81.83307,3.3759642,7.484131,86.209465,73.93862,4.3131385,2.4139378
24.5,120.5,2001-01-01,2001-02-08,38,25,15.783167,17.355011,14.653024,79.43433,6.235546,1.6357422,85.36856,71.12182,7.729195,4.4493237
23.5,120.5,2001-01-01,2001-02-08,38,25,14.31928,17.971153,12.149571,81.91746,2.3449888,1.9506836,90.575066,66.32094,3.1160123,1.660752
24.5,121.5,2001-01-01,2001-02-08,38,25,12.361858,14.616339,10.847521,84.630905,3.0966165,6.7651367,89.91639,74.50625,3.6899633,2.5255268
22.5,121.5,2001-01-01,2001-02-08,38,25,19.43303,20.034418,18.738218,75.31446,7.817731,4.5428467,78.69623,71.80445,9.315683,6.3064923
22.5,120.5,2001-01-01,2001-02-08,38,25,18.194904,20.183342,16.941666,76.56453,3.116608,1.529541,82.23836,66.91823,3.8703992,2.3610106
23.5,120.5,2001-01-01,2001-02-09,39,25,14.903667,18.94098,12.65233,82.50606,2.209778,1.9226074,92.339035,65.05184,3.0019674,1.4971135
22.5,121.5,2001-01-01,2001-02-09,39,25,20.237633,20.899199,19.47757,75.56401,6.4992933,4.152832,79.543396,71.453575,7.8951006,5.154282
22.5,120.5,2001-01-01,2001-02-09,39,25,18.908998,21.18067,17.500675,77.07526,2.9011927,1.4508057,84.107086,65.04204,3.5599802,2.2634056
24.5,120.5,2001-01-01,2001-02-09,39,25,16.380365,18.060902,15.20879,82.40347,5.2573285,2.229004,87.76514,74.4242,6.722576,3.6868973
24.5,121.5,2001-01-01,2001-02-09,39,25,13.544116,16.18012,11.907409,84.87085,2.8543417,7.515259,90.69717,73.64902,3.4982572,2.1198406
23.5,121.5,2001-01-01,2001-02-09,39,25,15.287807,17.280468,13.913937,82.261375,2.782977,7.0477295,87.26214,73.40471,3.7543344,1.7363899
23.5,121.5,2001-01-01,2001-02-10,40,25,15.682774,17.709433,14.348771,82.49201,2.7791817,7.136841,87.446976,73.95164,3.8340747,1.6346785
24.5,121.5,2001-01-01,2001-02-10,40,25,13.683145,16.134115,12.15008,86.24919,2.7796237,9.163818,91.404686,76.42633,3.5850391,1.9508655
22.5,121.5,2001-01-01,2001-02-10,40,25,20.618906,21.332832,19.781584,76.14389,6.325474,3.4442139,80.77191,71.9167,8.024657,4.378589
23.5,120.5,2001-01-01,2001-02-10,40,25,15.458554,19.38621,13.395905,83.45795,2.2045739,3.897705,91.82949,66.89251,3.0325282,1.5207309
24.5,120.5,2001-01-01,2001-02-10,40,25,16.643261,18.377552,15.451393,82.4459,5.444894,3.5864258,87.75592,74.49023,6.761806,4.012583
22.5,120.5,2001-01-01,2001-02-10,40,25,19.341991,21.590508,17.988424,78.84069,2.6744094,1.550293,85.70606,67.08736,3.279491,2.0408754
24.5,121.5,2001-01-01,2001-02-11,41,25,13.622705,16.058338,12.107838,85.591515,3.028588,6.8286133,90.92745,75.59698,3.7394607,2.1753392
23.5,121.5,2001-01-01,2001-02-11,41,25,15.7471,17.81307,14.279171,82.86563,3.4886584,6.6174316,88.28216,74.688995,4.3741302,2.4470172
22.5,121.5,2001-01-01,2001-02-11,41,25,20.49292,21.222584,19.757502,77.458664,7.0023193,4.367676,82.3149,72.85,8.260973,5.399095
23.5,120.5,2001-01-01,2001-02-11,41,25,15.644854,19.439041,13.4451475,82.793365,2.4512951,2.3095703,91.454025,67.117035,3.3976426,1.674891
22.5,120.5,2001-01-01,2001-02-11,41,25,19.488253,21.723106,18.01904,78.7509,2.90962,2.2302246,85.755066,67.45758,3.7058823,2.0852447
24.5,120.5,2001-01-01,2001-02-11,41,25,16.809013,18.40615,15.562931,80.24543,6.168882,1.2969971,85.7657,72.30722,7.391172,4.606308
23.5,120.5,2001-01-01,2001-02-12,42,25,15.718297,19.73817,13.495251,83.05197,2.2581017,1.739502,92.083595,66.02013,3.1798148,1.5293311
24.5,120.5,2001-01-01,2001-02-12,42,25,17.14775,18.94776,15.92318,80.9082,6.081723,2.2833252,86.75352,72.72782,7.656253,3.9081287
23.5,121.5,2001-01-01,2001-02-12,42,25,15.717574,17.75856,14.465289,83.12918,3.212689,7.407837,88.36197,74.67204,4.310061,2.079411
24.5,121.5,2001-01-01,2001-02-12,42,25,13.798805,16.355124,12.167686,85.663155,2.9240572,7.859497,91.19478,75.09042,3.7591448,1.9294603
22.5,120.5,2001-01-01,2001-02-12,42,25,19.441462,21.801607,18.05151,78.70411,2.8079047,1.6156006,85.423515,66.631454,3.6196303,1.9379818
22.5,121.5,2001-01-01,2001-02-12,42,25,20.504156,21.219229,19.80648,77.16714,6.7463417,4.6313477,81.13194,73.05393,8.440463,5.234484
24.5,121.5,2001-01-01,2001-02-13,43,25,13.6023655,16.035755,12.055431,85.54998,3.151936,8.230591,90.60379,75.86554,3.712417,2.5483372
23.5,121.5,2001-01-01,2001-02-13,43,25,15.663205,17.571928,14.285944,82.47866,2.997407,6.646118,87.20891,74.81965,3.94783,1.9295249
22.5,121.5,2001-01-01,2001-02-13,43,25,20.522072,21.336708,19.698717,77.14129,6.740051,3.9111328,81.55384,73.11326,8.133795,5.239591
22.5,120.5,2001-01-01,2001-02-13,43,25,19.475998,21.725523,18.04778,78.60607,2.9869394,2.1844482,85.28298,67.23742,3.6500473,2.284817
23.5,120.5,2001-01-01,2001-02-13,43,25,15.631194,19.324116,13.466891,83.51566,2.1455402,3.6889648,91.9637,67.838776,2.9927466,1.5014595
24.5,120.5,2001-01-01,2001-02-13,43,25,16.751038,18.311766,15.638766,82.134964,5.412027,5.218506,86.68983,75.47064,6.8886437,3.8384204
24.5,120.5,2001-01-01,2001-02-14,44,25,16.980762,18.632343,15.69939,82.600006,5.3274693,4.4055176,87.919945,75.25078,6.6254606,3.7679517
22.5,121.5,2001-01-01,2001-02-14,44,25,20.684902,21.428247,19.974615,77.8948,6.411495,7.2961426,82.12389,73.37267,7.7997375,4.862583
23.5,121.5,2001-01-01,2001-02-14,44,25,15.9442,18.015322,14.562814,83.27374,3.015726,7.630615,88.599785,74.68372,4.0426326,2.009403
23.5,120.5,2001-01-01,2001-02-14,44,25,15.814375,19.4054,13.609215,84.34274,2.246925,4.8931885,91.99663,70.405556,2.9655108,1.539148
24.5,121.5,2001-01-01,2001-02-14,44,25,13.955469,16.526337,12.408146,85.94884,2.8351336,8.544312,91.58217,75.644325,3.4866495,2.1786866
22.5,120.5,2001-01-01,2001-02-14,44,25,19.498125,21.60751,18.113268,80.68094,2.8738613,4.946289,87.3556,70.13164,3.7856185,1.9222493
24.5,120.5,2001-01-01,2001-02-15,45,25,17.028973,18.672981,15.842794,81.63913,6.0038214,2.5396729,86.63982,74.37273,7.214495,4.4611278
24.5,121.5,2001-01-01,2001-02-15,45,25,13.856628,16.249012,12.279928,85.920654,2.812309,9.606934,91.189804,76.48381,3.5538113,2.024157
22.5,120.5,2001-01-01,2001-02-15,45,25,19.450144,21.665459,17.942184,80.55247,2.7238512,5.1867676,87.037315,69.583496,3.6093283,1.812513
23.5,121.5,2001-01-01,2001-02-15,45,25,15.970202,18.045927,14.544874,84.03176,3.0424137,9.291382,88.66333,75.77059,4.0186405,2.1241753
22.5,121.5,2001-01-01,2001-02-15,45,25,20.689793,21.498863,19.82757,78.500694,6.570103,8.543091,82.39596,74.16454,8.105513,5.1238537
23.5,120.5,2001-01-01,2001-02-15,45,25,15.828815,19.4721,13.68795,83.3657,2.425483,3.1713867,92.16039,68.20081,3.2944906,1.5039128
23.5,120.5,2001-01-01,2001-02-16,46,25,15.515387,19.329483,13.22402,83.17056,2.475593,2.0977783,91.6933,67.450966,3.2078867,1.8246672
23.5,121.5,2001-01-01,2001-02-16,46,25,15.696656,17.808014,14.346286,84.21337,3.0928657,6.6827393,89.49153,75.49891,4.199141,1.8378896
24.5,121.5,2001-01-01,2001-02-16,46,25,13.540699,16.07962,11.818371,86.37543,2.9914825,8.051758,92.00349,76.35359,3.7332833,2.042677
22.5,120.5,2001-01-01,2001-02-16,46,25,19.228668,21.522139,17.913858,79.72353,2.9088218,2.6782227,86.32729,68.04878,3.5927002,2.2638574
24.5,120.5,2001-01-01,2001-02-16,46,25,16.828356,18.515831,15.558268,81.11864,6.451131,2.0281982,86.94166,73.89702,7.7782702,4.8962746
22.5,121.5,2001-01-01,2001-02-16,46,25,20.469332,21.29839,19.710035,79.33498,6.9134536,4.9884033,83.44712,74.999596,8.641656,4.8142405
23.5,120.5,2001-01-01,2001-02-17,47,25,15.738306,19.801085,13.668439,83.705925,2.3769457,3.2885742,93.19331,66.968056,3.113904,1.6567247
23.5,121.5,2001-01-01,2001-02-17,47,25,16.07475,18.34591,14.722457,83.51553,2.7111688,8.446655,88.635765,73.43147,3.8646357,1.5929593
22.5,121.5,2001-01-01,2001-02-17,47,25,20.754908,21.530767,19.973043,78.51961,6.2149463,6.0528564,82.83474,74.03858,8.06143,4.30329
22.5,120.5,2001-01-01,2001-02-17,47,25,19.576685,22.081709,18.153868,79.52692,2.7696078,3.3459473,87.03745,66.54028,3.5228293,2.178318
24.5,121.5,2001-01-01,2001-02-17,47,25,14.195826,16.837257,12.48195,85.86814,2.6280344,7.005615,91.55948,74.55614,3.3037848,1.8709041
24.5,120.5,2001-01-01,2001-02-17,47,25,17.076294,18.679869,15.959278,82.28119,5.716036,2.7960205,87.75109,74.55325,7.0257354,4.2630925
23.5,120.5,2001-01-01,2001-02-18,48,25,15.923118,19.285606,13.897291,85.87607,2.3892517,7.29126,93.37769,71.85904,3.2229853,1.6034591
24.5,120.5,2001-01-01,2001-02-18,48,25,17.14765,18.519884,16.070715,83.41748,6.2346926,6.6467285,87.99213,76.93516,7.7206044,4.4339395
22.5,121.5,2001-01-01,2001-02-18,48,25,20.794075,21.444263,20.11087,79.21405,6.674243,6.253662,83.1143,75.26147,7.915625,5.148111
23.5,121.5,2001-01-01,2001-02-18,48,25,16.170656,18.049435,14.866725,84.72945,3.0787973,11.625977,89.34754,76.87942,3.8722177,2.197423
22.5,120.5,2001-01-01,2001-02-18,48,25,19.59304,21.577871,18.383,81.76182,2.7325225,3.7902832,87.74516,71.47674,3.4492123,2.014723
24.5,121.5,2001-01-01,2001-02-18,48,25,14.0819845,16.218283,12.712868,87.912346,2.9974608,13.458252,92.34416,79.55065,3.59978,2.3503084
22.5,121.5,2001-01-01,2001-02-19,49,25,20.919737,21.530718,20.298527,79.223656,6.341001,7.081299,82.79814,75.547554,7.880149,4.8237333
24.5,120.5,2001-01-01,2001-02-19,49,25,17.283213,18.917473,16.144768,83.49549,5.6420717,3.8500977,88.70664,75.79779,7.074022,3.9733462
23.5,121.5,2001-01-01,2001-02-19,49,25,16.208603,18.002237,14.990772,84.64801,2.8306968,8.568115,89.003426,76.799774,4.139067,1.5984039
23.5,120.5,2001-01-01,2001-02-19,49,25,16.059229,19.608624,13.925098,85.23266,2.2519386,4.98291,93.16522,70.47335,2.9884198,1.6205451
24.5,121.5,2001-01-01,2001-02-19,49,25,14.257647,16.670563,12.668146,87.05076,2.9680276,10.212402,92.304245,76.684685,3.804376,2.1735952
22.5,120.5,2001-01-01,2001-02-19,49,25,19.684736,21.772314,18.35487,81.86567,2.7021372,4.555664,87.77567,71.41755,3.4584615,1.9758312
22.5,121.5,2001-01-01,2001-02-20,50,25,21.193642,22.12586,20.338015,80.3545,6.371044,5.461426,84.68244,76.20904,8.085692,4.678619
23.5,121.5,2001-01-01,2001-02-20,50,25,16.519695,18.716955,14.994268,85.09559,3.0823994,7.668457,90.18086,76.42702,4.1348076,1.8849088
23.5,120.5,2001-01-01,2001-02-20,50,25,16.388954,20.147388,14.151647,85.55688,2.2806559,3.0151367,93.62388,71.060555,3.294521,1.4872876
24.5,120.5,2001-01-01,2001-02-20,50,25,17.488426,18.983717,16.514084,84.18671,5.923507,3.8256836,88.57485,77.83156,7.5596385,4.2011547
22.5,120.5,2001-01-01,2001-02-20,50,25,19.940361,22.320385,18.451506,82.332405,2.7279587,3.5449219,89.2952,70.694664,3.512462,1.8546747
24.5,121.5,2001-01-01,2001-02-20,50,25,14.630536,17.181969,13.078688,87.26848,2.7982998,9.135742,92.707794,77.0559,3.5284185,2.0174842
24.5,120.5,2001-01-01,2001-02-21,51,25,17.154142,18.6375,16.020544,82.17625,6.575145,3.8134766,87.10767,76.25646,8.083375,4.569588
22.5,121.5,2001-01-01,2001-02-21,51,25,20.881563,21.901339,19.982159,80.02697,7.0829268,5.7385254,84.35837,75.96684,8.687136,4.906983
23.5,121.5,2001-01-01,2001-02-21,51,25,16.275215,18.411793,14.81195,84.33914,3.332371,8.115234,89.59304,75.9865,4.3206716,2.21645
22.5,120.5,2001-01-01,2001-02-21,51,25,19.822268,22.296558,18.274132,81.50892,2.7623749,2.915039,88.33543,69.84659,3.5573244,1.8665699
24.5,121.5,2001-01-01,2001-02-21,51,25,13.981114,16.295055,12.383195,86.815056,3.09177,9.454346,91.74404,78.43514,3.8468108,2.2000952
23.5,120.5,2001-01-01,2001-02-21,51,25,16.236506,19.952808,14.161447,84.268555,2.5512803,4.0075684,92.13763,69.65286,3.5183702,1.6157805
23.5,120.5,2001-01-01,2001-02-22,52,25,15.96954,19.458395,13.890944,84.08858,2.095573,1.5380859,92.13132,70.218285,2.9072986,1.3819944
24.5,121.5,2001-01-01,2001-02-22,52,25,14.105047,16.693512,12.512467,85.362366,2.8515863,4.01001,90.94782,75.2117,3.4723878,2.2259912
22.5,120.5,2001-01-01,2001-02-22,52,25,19.633133,21.926908,18.26297,79.45517,2.7915287,1.9262695,86.48062,67.72804,3.6029267,1.9071801
23.5,121.5,2001-01-01,2001-02-22,52,25,16.079521,18.103317,14.779767,83.202385,2.953052,4.4714355,88.14785,75.073166,3.9921465,1.8400865
22.5,121.5,2001-01-01,2001-02-22,52,25,20.67714,21.272964,20.026178,77.657486,6.570167,3.4265137,81.824486,73.307976,8.198215,4.7865057
24.5,120.5,2001-01-01,2001-02-22,52,25,17.07739,18.644508,16.014595,82.09051,4.8768888,1.6333008,87.58417,74.96197,6.1437645,3.431379
22.5,121.5,2001-01-01,2001-02-23,53,25,21.030031,21.850952,20.12986,77.6894,5.711563,2.3168945,82.219376,72.95229,7.249793,4.0193114
24.5,120.5,2001-01-01,2001-02-23,53,25,17.597961,19.511032,16.10749,81.59448,4.7536683,2.74292,87.76631,73.02133,6.275911,3.0876648
23.5,121.5,2001-01-01,2001-02-23,53,25,16.446281,19.06234,14.705221,82.74392,2.936026,3.6291504,89.34756,72.09446,4.097231,1.6713945
23.5,120.5,2001-01-01,2001-02-23,53,25,16.235168,20.661167,13.719889,83.08883,2.1128278,1.574707,92.42923,65.09805,3.0514715,1.3228563
24.5,121.5,2001-01-01,2001-02-23,53,25,14.617746,17.78549,12.485958,84.69164,2.4841344,3.8012695,91.888855,71.56365,3.2016134,1.615005
22.5,120.5,2001-01-01,2001-02-23,53,25,20.02306,22.668823,18.44067,79.0905,2.497936,1.6223145,86.90367,66.0985,3.2624311,1.8213589
24.5,120.5,2001-01-01,2001-02-24,54,25,17.627342,19.272257,16.43481,81.26112,4.8598843,1.3122559,86.85857,73.249626,6.2155323,3.372428
24.5,121.5,2001-01-01,2001-02-24,54,25,14.527771,17.393576,12.748131,85.11945,2.4255881,4.8132324,91.291725,72.69754,3.0324035,1.6837195
23.5,120.5,2001-01-01,2001-02-24,54,25,16.28863,20.322481,14.071739,82.29977,2.1129706,1.0070801,91.4456,65.44529,2.9711874,1.4019976
22.5,121.5,2001-01-01,2001-02-24,54,25,21.011286,21.90998,20.177599,77.108185,5.743624,1.7700195,81.31642,72.13221,7.2086635,4.1136165
22.5,120.5,2001-01-01,2001-02-24,54,25,19.991169,22.555292,18.598156,78.900024,2.578368,0.8312988,86.11328,65.84081,3.4527328,1.8055156
23.5,121.5,2001-01-01,2001-02-24,54,25,16.386814,18.807404,14.900255,82.89485,2.7697613,3.9233398,87.99487,72.81225,3.8371606,1.6585016
22.5,120.5,2001-01-01,2001-02-25,55,25,19.981567,22.455044,18.41691,78.894775,2.5445297,1.0900879,85.92077,66.6959,3.5322065,1.70722
24.5,121.5,2001-01-01,2001-02-25,55,25,14.580435,17.300795,12.812833,85.297585,2.8503451,5.308838,91.1801,74.17551,3.5048335,1.9768398
23.5,121.5,2001-01-01,2001-02-25,55,25,16.55563,18.882776,15.005499,82.82413,3.0370944,4.8791504,87.95407,73.22476,4.1725287,1.8377725
22.5,121.5,2001-01-01,2001-02-25,55,25,21.058716,21.90812,20.205153,76.78733,5.6885586,2.3535156,80.970146,72.30132,7.7645392,3.629226
23.5,120.5,2001-01-01,2001-02-25,55,25,16.373795,20.270433,13.946798,83.07078,2.2020125,1.6296387,92.24978,66.95853,3.1143327,1.4468999
24.5,120.5,2001-01-01,2001-02-25,55,25,17.643345,19.262592,16.464968,81.25948,5.3221197,2.3498535,87.67934,73.527885,6.737459,3.6114204
24.5,120.5,2001-01-01,2001-02-26,56,25,17.739466,19.285864,16.51693,80.67251,5.1424575,2.183838,86.62123,73.78666,6.9384565,3.0002227
23.5,120.5,2001-01-01,2001-02-26,56,25,16.452394,20.315453,14.1205435,82.52985,2.066315,1.8603516,91.733246,66.041885,2.9132247,1.3459636
22.5,121.5,2001-01-01,2001-02-26,56,25,21.005676,21.797354,20.245132,77.08377,5.924092,3.0163574,81.7917,72.55699,7.736997,3.9125707
22.5,120.5,2001-01-01,2001-02-26,56,25,20.02759,22.272955,18.642384,78.34132,2.5751016,1.0974121,85.52333,66.40022,3.365895,1.7744331
23.5,121.5,2001-01-01,2001-02-26,56,25,16.28513,18.450472,14.826437,82.491554,2.842747,5.283203,87.36626,73.55494,4.039887,1.7129493
24.5,121.5,2001-01-01,2001-02-26,56,25,14.399777,16.86391,12.607501,85.48697,2.7709525,7.084961,91.09768,75.690384,3.6487331,1.7328933
23.5,121.5,2001-01-01,2001-02-27,57,25,16.641356,18.73172,15.2489805,83.52306,2.5111985,6.94458,88.846344,74.80597,3.5456154,1.3295708
24.5,121.5,2001-01-01,2001-02-27,57,25,14.786434,17.383673,13.177506,86.012115,2.3268094,6.7871094,92.16782,75.14798,2.9737427,1.7042938
22.5,121.5,2001-01-01,2001-02-27,57,25,21.28464,22.033907,20.593487,77.65305,4.9245543,4.3518066,82.702774,72.6326,6.3857603,3.5689094
24.5,120.5,2001-01-01,2001-02-27,57,25,17.813114,19.35405,16.758024,81.2178,4.864907,3.0212402,87.15164,73.45303,6.335922,3.3612783
22.5,120.5,2001-01-01,2001-02-27,57,25,20.159716,22.504297,18.880089,79.66141,2.4760745,3.519287,87.539276,67.49784,3.0676458,1.736131
23.5,120.5,2001-01-01,2001-02-27,57,25,16.413212,20.249767,14.128258,82.83973,2.0945091,3.5351562,91.997665,67.5504,2.909429,1.4530972
22.5,121.5,2001-01-01,2001-02-28,58,25,21.542875,22.502798,20.58814,79.55415,5.7429423,4.6691895,84.418465,73.820496,7.739761,3.6342602
23.5,121.5,2001-01-01,2001-02-28,58,25,17.070004,19.416584,15.461286,84.04732,3.1442623,6.303711,89.46316,74.78012,4.2713094,1.9554297
24.5,120.5,2001-01-01,2001-02-28,58,25,17.925726,19.552834,16.844156,81.6548,5.754698,4.3530273,87.0045,73.9737,7.16246,4.307899
23.5,120.5,2001-01-01,2001-02-28,58,25,16.93557,20.812988,14.516646,83.42376,2.2518036,2.72583,92.07071,67.74021,3.2998953,1.4339304
24.5,121.5,2001-01-01,2001-02-28,58,25,15.029574,17.844707,13.27629,86.52637,2.7943583,7.418213,92.486565,75.548996,3.5546308,1.828022
22.5,120.5,2001-01-01,2001-02-28,58,25,20.502602,22.960957,18.851847,80.42729,2.6383364,1.953125,88.31483,68.53367,3.4712026,1.8350164
23.5,120.5,2001-01-01,2001-03-01,59,25,16.934814,20.880043,14.760055,83.40952,2.2768888,1.6918945,92.28324,67.575165,3.202419,1.4755101
22.5,121.5,2001-01-01,2001-03-01,59,25,21.351124,22.298428,20.513887,78.729034,6.354925,2.7526855,82.64143,74.31046,8.481536,4.159764
23.5,121.5,2001-01-01,2001-03-01,59,25,16.844814,19.16473,15.388873,83.890175,3.3980389,6.348877,88.99335,74.52187,4.657121,1.9547791
24.5,121.5,2001-01-01,2001-03-01,59,25,14.742275,17.412777,13.025866,86.199265,3.0300875,7.786865,91.84601,75.75968,3.70389,2.1557188
22.5,120.5,2001-01-01,2001-03-01,59,25,20.45376,22.989965,19.004454,80.10313,2.7852151,1.159668,87.23979,67.68238,3.598541,2.017896
24.5,120.5,2001-01-01,2001-03-01,59,25,18.023212,19.71434,16.888252,80.74091,5.9716215,1.8896484,86.38473,73.067314,7.2216754,4.2280245
24.5,120.5,2001-01-01,2001-03-02,60,25,18.13377,19.761755,17.070728,80.98538,5.44543,2.7819824,86.659035,73.33123,7.0468254,3.900885
24.5,121.5,2001-01-01,2001-03-02,60,25,14.716915,17.146364,13.1991415,85.44242,2.9419498,6.9433594,91.3883,75.037056,3.7885637,2.1442459
23.5,121.5,2001-01-01,2001-03-02,60,25,16.623947,18.630714,15.265343,83.33624,3.2500787,5.262451,87.90258,74.68067,4.3119063,2.137475
22.5,120.5,2001-01-01,2001-03-02,60,25,20.346954,22.521963,19.011671,79.04326,2.7054548,1.1877441,85.42749,68.45648,3.5144458,1.9099257
22.5,121.5,2001-01-01,2001-03-02,60,25,21.221582,21.97774,20.464708,77.04052,6.515856,1.8249512,81.36471,72.614815,8.1124935,4.6957994
23.5,120.5,2001-01-01,2001-03-02,60,25,16.952091,20.485088,14.823561,83.40304,2.1628861,1.7285156,92.23667,68.357925,3.1427503,1.4168669
23.5,120.5,2001-01-01,2001-03-03,61,25,16.87757,20.796396,14.444518,82.53265,2.093293,1.7163086,91.83279,65.97319,3.0241985,1.3108555
22.5,121.5,2001-01-01,2001-03-03,61,25,21.094542,21.893316,20.331547,76.68264,6.072004,1.8969727,81.9147,72.02543,7.701778,4.443759
23.5,121.5,2001-01-01,2001-03-03,61,25,16.523039,18.815771,15.105352,82.602615,3.0232544,5.0756836,88.866776,72.38012,4.126973,1.9375376
24.5,120.5,2001-01-01,2001-03-03,61,25,18.176027,19.686005,17.015871,80.2802,5.284482,1.1401367,85.91023,72.850296,6.9042096,3.6733298
22.5,120.5,2001-01-01,2001-03-03,61,25,20.235285,22.660303,18.75059,78.37056,2.779337,1.0192871,86.01543,66.2062,3.531938,1.9145522
24.5,121.5,2001-01-01,2001-03-03,61,25,14.686202,17.328138,12.947306,85.0384,2.7151697,6.109619,91.35136,73.75479,3.4731326,1.9238582
22.5,120.5,2001-01-01,2001-03-04,62,25,20.47631,22.770464,19.057898,79.27286,2.5078886,1.4916992,86.216995,67.99049,3.2156124,1.7875632
23.5,121.5,2001-01-01,2001-03-04,62,25,16.739338,18.832962,15.378879,83.60216,3.0080428,5.496826,89.15954,74.08927,4.0290275,1.8678033
24.5,120.5,2001-01-01,2001-03-04,62,25,18.207796,19.741478,17.07299,80.33638,4.9185543,1.8188477,86.17884,72.57976,6.275504,3.5379162
24.5,121.5,2001-01-01,2001-03-04,62,25,14.946175,17.369448,13.408932,85.280594,2.6591234,5.098877,91.55954,74.71894,3.4109354,1.861343
23.5,120.5,2001-01-01,2001-03-04,62,25,16.945023,20.607704,14.844381,82.85641,2.0774863,1.2585449,92.14621,67.59644,3.0562267,1.3991826
22.5,121.5,2001-01-01,2001-03-04,62,25,21.239632,21.955576,20.424032,78.61147,5.8370934,4.038086,82.896904,74.058075,7.472833,3.989876
22.5,120.5,2001-01-01,2001-03-05,63,25,20.700876,23.130888,19.16403,78.48695,2.6318216,1.6101074,85.37007,66.91495,3.5552375,1.72965
24.5,121.5,2001-01-01,2001-03-05,63,25,15.064802,17.994013,13.151515,84.67359,2.7457874,6.8408203,90.88579,73.675804,3.6697695,1.8563217
23.5,121.5,2001-01-01,2001-03-05,63,25,16.989744,19.427181,15.372667,82.87437,3.2833173,5.57251,88.385544,72.977684,4.452512,2.1651473
22.5,121.5,2001-01-01,2001-03-05,63,25,21.456326,22.383614,20.523516,77.526665,6.0297203,2.5402832,82.09714,72.67497,7.530441,4.465411
23.5,120.5,2001-01-01,2001-03-05,63,25,17.293005,21.12284,15.16816,81.39327,2.2398272,3.28125,90.62319,65.30247,3.3424094,1.3823241
24.5,120.5,2001-01-01,2001-03-05,63,25,18.542614,20.426512,17.315245,78.50234,5.2741346,4.182129,84.92167,69.72697,6.8301353,3.5609596
23.5,120.5,2001-01-01,2001-03-06,64,25,17.003838,20.717379,14.630153,81.21814,2.2524183,3.5058594,91.302536,65.554344,3.3210711,1.3722122
24.5,120.5,2001-01-01,2001-03-06,64,25,18.309736,19.99952,16.933596,79.26313,5.4380817,4.3725586,85.739105,71.40462,6.905336,3.4947271
22.5,121.5,2001-01-01,2001-03-06,64,25,21.18831,21.970694,20.36503,76.144,6.1834154,3.746338,79.666954,71.780266,8.06442,4.1375484
23.5,121.5,2001-01-01,2001-03-06,64,25,16.638134,18.853914,15.145103,82.3733,3.0410116,7.036133,87.65039,73.0611,4.1946793,1.8560416
24.5,121.5,2001-01-01,2001-03-06,64,25,14.688408,17.365843,12.935236,84.57045,2.7910602,8.092041,91.24494,73.55353,3.3538985,2.1469846
22.5,120.5,2001-01-01,2001-03-06,64,25,20.401573,22.639956,18.971329,77.381065,2.6262803,2.7722168,84.49431,66.28014,3.5088563,1.8174847
22.5,121.5,2001-01-01,2001-03-07,65,25,21.267906,21.9946,20.534374,75.99516,5.695031,2.9577637,80.38157,71.50352,6.9970703,4.2866106
23.5,120.5,2001-01-01,2001-03-07,65,25,16.697556,20.235329,14.624738,82.12566,2.1739707,1.484375,90.8601,66.60937,3.0275636,1.4108529
24.5,121.5,2001-01-01,2001-03-07,65,25,14.524391,17.129704,12.835553,85.18482,2.5823927,7.2265625,91.476814,74.52601,3.4037647,1.6959214
24.5,120.5,2001-01-01,2001-03-07,65,25,17.923395,19.472048,16.84837,79.82847,5.4830694,2.34375,85.066154,72.58917,6.9819665,3.7983804
23.5,121.5,2001-01-01,2001-03-07,65,25,16.573141,18.557457,15.289308,82.811455,2.995621,5.743408,88.3487,74.12702,3.967147,2.0949204
22.5,120.5,2001-01-01,2001-03-07,65,25,20.349684,22.478218,19.097271,77.92178,2.3107073,1.3256836,84.84679,67.03399,2.9957926,1.5706887
22.5,120.5,2001-01-01,2001-03-08,66,25,20.27321,22.560171,18.784767,77.84726,2.425225,2.3571777,85.469345,66.05235,3.2267153,1.4887147
23.5,121.5,2001-01-01,2001-03-08,66,25,16.49038,18.555538,15.131447,83.24716,3.1416233,7.3205566,88.29223,74.739105,4.1392174,2.2172794
23.5,120.5,2001-01-01,2001-03-08,66,25,16.747488,20.29026,14.440992,81.82082,2.3143928,3.170166,91.180176,66.89485,3.4055495,1.4588552
24.5,121.5,2001-01-01,2001-03-08,66,25,14.289167,16.735865,12.568399,85.76098,2.9283934,9.770508,91.52843,75.84849,3.6038668,2.16706
22.5,121.5,2001-01-01,2001-03-08,66,25,21.103367,21.920473,20.301228,76.80285,6.29047,3.3105469,81.77795,71.96612,7.746809,4.7087765
24.5,120.5,2001-01-01,2001-03-08,66,25,17.993952,19.59917,16.776676,79.13141,6.010461,3.05542,84.82686,71.61921,7.49976,4.318351
23.5,120.5,2001-01-01,2001-03-09,67,25,16.773335,20.526508,14.570157,81.53508,2.0200224,1.0083008,91.30124,64.976746,3.009651,1.2295433
22.5,121.5,2001-01-01,2001-03-09,67,25,21.094488,21.835674,20.316156,75.82034,6.4722924,2.2814941,79.68374,71.41972,7.8487697,4.8496165
23.5,121.5,2001-01-01,2001-03-09,67,25,16.4514,18.45668,15.126276,82.565216,2.9458368,4.6240234,87.58674,73.54695,4.1477447,1.729132
24.5,121.5,2001-01-01,2001-03-09,67,25,14.621206,17.25276,12.967491,84.75766,2.8212771,5.128174,91.05888,73.267456,3.4931905,2.0784914
22.5,120.5,2001-01-01,2001-03-09,67,25,20.178492,22.480103,18.76047,76.83882,2.5851398,0.96435547,84.402855,64.781075,3.3593729,1.9626981
24.5,120.5,2001-01-01,2001-03-09,67,25,18.299585,20.003777,17.091223,78.98354,5.102676,0.67749023,85.353424,70.45144,6.6034894,3.3335383
23.5,120.5,2001-01-01,2001-03-10,68,25,17.143171,21.016787,14.81026,81.71253,2.037656,1.4367676,91.83212,64.887886,3.071676,1.1771537
22.5,120.5,2001-01-01,2001-03-10,68,25,20.595848,23.09124,19.105217,77.05063,2.826275,0.9863281,84.34389,64.249825,3.6882865,1.9948604
23.5,121.5,2001-01-01,2001-03-10,68,25,16.95698,19.218037,15.551818,81.59274,2.7784083,3.6999512,87.545876,71.47215,3.8408954,1.7934664
24.5,121.5,2001-01-01,2001-03-10,68,25,15.231531,17.895712,13.485094,84.527214,2.6061194,4.958496,91.05833,73.01819,3.2814715,1.918661
22.5,121.5,2001-01-01,2001-03-10,68,25,21.475847,22.187584,20.746998,75.528206,5.500366,2.302246,79.92829,70.91995,6.7595534,3.9711804
24.5,120.5,2001-01-01,2001-03-10,68,25,18.63155,20.229506,17.424494,79.84444,4.500796,2.1569824,85.85655,71.981285,5.969585,2.9079404
23.5,120.5,2001-01-01,2001-03-11,69,25,17.51425,21.315718,15.25882,82.88298,1.976964,3.5717773,92.70121,66.44178,2.8686335,1.3612431
24.5,120.5,2001-01-01,2001-03-11,69,25,18.931593,20.550209,17.854792,80.541405,4.8372207,2.6660156,86.63082,72.73852,6.254927,3.3210478
24.5,121.5,2001-01-01,2001-03-11,69,25,15.698761,18.309626,13.984391,85.04521,2.4836717,6.0009766,91.51082,73.52106,3.2042844,1.7030858
22.5,120.5,2001-01-01,2001-03-11,69,25,20.948624,23.305248,19.462805,78.04961,2.503368,4.3237305,85.95571,65.76305,3.177345,1.7880114
22.5,121.5,2001-01-01,2001-03-11,69,25,21.793486,22.5773,21.04685,75.826385,5.4618435,3.7976074,80.31434,70.64356,7.0066433,3.9822106
23.5,121.5,2001-01-01,2001-03-11,69,25,17.341417,19.613375,15.949185,82.47136,2.686055,5.6896973,88.10637,72.38585,3.6482782,1.6835316
23.5,120.5,2001-01-01,2001-03-12,70,25,17.773926,21.810732,15.337076,83.086815,1.9766586,2.866211,92.82995,65.53001,2.8283622,1.3493068
24.5,120.5,2001-01-01,2001-03-12,70,25,19.016836,20.578623,17.988327,81.696,4.971401,2.0629883,87.54936,73.48746,6.466838,3.2591739
22.5,120.5,2001-01-01,2001-03-12,70,25,21.095879,23.661201,19.5388,79.01546,2.3574908,3.026123,87.31945,65.27629,3.2473762,1.377177
24.5,121.5,2001-01-01,2001-03-12,70,25,15.858027,18.461035,14.309557,86.056786,2.510833,6.088867,92.192444,74.645485,3.1899827,1.8136253
22.5,121.5,2001-01-01,2001-03-12,70,25,21.926895,22.859863,21.141508,77.38721,5.4953837,3.8635254,82.21972,72.00948,6.964426,4.0577374
23.5,121.5,2001-01-01,2001-03-12,70,25,17.538536,19.994404,16.046076,83.38661,2.708701,5.908203,89.563576,72.41939,3.839384,1.5788417
24.5,120.5,2001-01-01,2001-03-13,71,25,19.008709,20.726124,17.699165,81.17047,5.3035717,2.8747559,87.09152,74.28481,7.032041,3.512122
23.5,120.5,2001-01-01,2001-03-13,71,25,17.968866,21.868477,15.67401,82.753395,2.1004572,2.3217773,91.27877,66.6966,3.1492736,1.2713188
24.5,121.5,2001-01-01,2001-03-13,71,25,15.708846,18.429024,13.817448,86.092064,2.8839417,6.9470215,91.54589,76.395836,3.587753,2.089312
22.5,120.5,2001-01-01,2001-03-13,71,25,21.20955,23.662539,19.564957,79.242035,2.7641013,1.9897461,86.86098,67.34495,3.5954971,1.8873487
22.5,121.5,2001-01-01,2001-03-13,71,25,21.869375,22.923174,20.86756,78.253654,6.1351213,4.0356445,82.86697,72.77121,8.025666,4.021623
23.5,121.5,2001-01-01,2001-03-13,71,25,17.558495,19.906359,15.964616,83.71656,3.220324,6.42334,88.88044,74.366745,4.495238,1.8751671
22.5,121.5,2001-01-01,2001-03-14,72,25,21.567385,22.317999,20.842686,77.13796,6.6761403,2.7563477,81.71072,72.887955,8.185481,4.97895
24.5,120.5,2001-01-01,2001-03-14,72,25,18.819866,20.304205,17.748306,79.416214,5.970262,6.257324,85.988106,71.82009,7.4574904,4.4043083
23.5,120.5,2001-01-01,2001-03-14,72,25,17.79764,21.203453,15.740294,82.12045,2.18611,3.8000488,90.76852,67.60831,3.3744895,1.2885699
23.5,121.5,2001-01-01,2001-03-14,72,25,17.17881,19.143053,15.899283,82.97939,3.4224102,5.390625,88.050514,74.74087,4.5147123,2.286351
22.5,120.5,2001-01-01,2001-03-14,72,25,20.945314,23.042885,19.588121,78.79863,2.727489,3.1555176,85.42891,68.983986,3.65921,1.8534132
24.5,121.5,2001-01-01,2001-03-14,72,25,15.155842,17.579805,13.614039,85.4194,2.9712515,9.093018,91.4502,75.69506,3.7795532,2.1009548
24.5,120.5,2001-01-01,2001-03-15,73,25,18.969982,20.539335,17.78032,81.110664,4.9358454,3.6486816,86.75383,73.873405,6.4688573,3.005055
23.5,120.5,2001-01-01,2001-03-15,73,25,17.816154,21.518705,15.564513,83.30999,1.9763888,2.4658203,92.7906,67.68089,3.0341818,1.0936112
24.5,121.5,2001-01-01,2001-03-15,73,25,15.61719,18.128786,13.943028,86.029785,2.5458484,7.7246094,91.74934,76.39584,3.2329643,1.6673468
22.5,120.5,2001-01-01,2001-03-15,73,25,21.096447,23.451206,19.670216,78.70499,2.4933949,1.2475586,86.44098,66.469025,3.2820163,1.6662264
22.5,121.5,2001-01-01,2001-03-15,73,25,21.852268,22.62126,21.070585,76.95636,5.2730293,2.0202637,81.4738,72.05245,6.9902062,3.589278
23.5,121.5,2001-01-01,2001-03-15,73,25,17.401722,19.590113,15.981739,83.24536,2.7440722,5.1049805,88.67691,73.959564,3.9067216,1.6151478
22.5,121.5,2001-01-01,2001-03-16,74,25,22.130302,23.011972,21.05624,78.73269,5.5035095,3.0090332,83.21417,73.61888,7.3131104,3.8715372
23.5,120.5,2001-01-01,2001-03-16,74,25,17.963995,21.749199,15.582486,83.865906,2.0913744,3.5388184,93.1557,68.388214,3.2033622,1.1023872
22.5,120.5,2001-01-01,2001-03-16,74,25,21.314093,23.785294,19.708693,79.97082,2.7000115,2.0300293,87.49348,67.4515,3.5097246,1.8563522
24.5,121.5,2001-01-01,2001-03-16,74,25,15.874737,18.849178,13.742321,85.99401,2.7883155,7.86499,92.63523,74.58828,3.4966755,2.0062215
23.5,121.5,2001-01-01,2001-03-16,74,25,17.80085,20.2145,16.050304,84.137024,3.0255778,6.7211914,90.22031,74.0939,4.235302,1.9390235
24.5,120.5,2001-01-01,2001-03-16,74,25,18.925283,20.74672,17.404024,81.78324,5.030059,4.2773438,87.67,74.08467,6.799702,3.262427
22.5,121.5,2001-01-01,2001-03-17,75,25,21.934483,22.890587,20.90041,78.76586,6.118651,2.2338867,82.75707,74.46598,8.155194,3.9974298
23.5,121.5,2001-01-01,2001-03-17,75,25,17.5779,19.66996,16.063457,83.92413,3.2276406,5.5810547,88.90524,75.72715,4.600959,1.8946745
24.5,121.5,2001-01-01,2001-03-17,75,25,15.478369,18.083748,13.583512,85.28173,2.7831626,6.809082,90.92306,76.03723,3.7038152,1.8716694
22.5,120.5,2001-01-01,2001-03-17,75,25,21.197842,23.515884,19.631294,79.598785,2.5830688,1.8981934,86.66894,68.62278,3.6382558,1.5795579
24.5,120.5,2001-01-01,2001-03-17,75,25,18.771513,20.451,17.446808,80.23521,5.880303,5.340576,86.18673,73.243416,7.8302484,3.585831
23.5,120.5,2001-01-01,2001-03-17,75,25,17.821924,21.295416,15.705212,82.64327,2.2716885,4.1552734,91.55385,68.60202,3.356883,1.2945741
23.5,121.5,2001-01-01,2001-03-18,76,25,17.364351,19.686201,15.77005,82.41354,3.4809067,4.055176,88.251076,72.911865,4.511374,2.3681793
22.5,121.5,2001-01-01,2001-03-18,76,25,21.684898,22.70515,20.75397,77.47294,6.406176,3.4802246,82.617714,71.44029,7.931081,4.896824
23.5,120.5,2001-01-01,2001-03-18,76,25,17.819351,21.42066,15.395914,81.00128,2.1968565,1.7492676,90.253136,66.17176,3.117848,1.4281869
24.5,120.5,2001-01-01,2001-03-18,76,25,18.726519,20.272305,17.493063,78.33844,5.723059,2.5854492,84.2236,71.01197,7.2835817,4.1463575
22.5,120.5,2001-01-01,2001-03-18,76,25,21.054253,23.369175,19.532385,78.09184,2.788257,1.9628906,85.65144,66.34424,3.606891,1.9169066
24.5,121.5,2001-01-01,2001-03-18,76,25,15.420894,18.157455,13.665284,83.47625,2.818392,4.8242188,90.73879,72.355255,3.5784016,1.9695778
24.5,120.5,2001-01-01,2001-03-19,77,25,18.908085,20.684298,17.56833,79.455284,5.6185975,8.477783,86.58181,71.21061,7.376745,3.637314
23.5,120.5,2001-01-01,2001-03-19,77,25,17.833515,21.546558,15.524894,81.75635,2.2261999,5.41626,92.32939,66.11001,3.1803408,1.5171884
24.5,121.5,2001-01-01,2001-03-19,77,25,15.512694,18.311504,13.660758,85.44708,2.6106057,10.560303,91.84292,74.38896,3.384926,1.6805851
22.5,120.5,2001-01-01,2001-03-19,77,25,21.09959,23.44484,19.533287,78.75011,2.2994022,2.2094727,85.89381,67.83178,3.1824176,1.3680222
22.5,121.5,2001-01-01,2001-03-19,77,25,21.75088,22.61684,20.93456,77.78505,6.36411,2.0898438,81.807915,73.45927,7.960561,4.5409393
23.5,121.5,2001-01-01,2001-03-19,77,25,17.4216,19.78674,15.936418,82.92387,3.0399005,6.5649414,88.465546,73.31417,4.3096714,1.6451099
22.5,120.5,2001-01-01,2001-03-20,78,25,20.88963,23.07436,19.339558,78.80345,2.5323513,3.5534668,86.21311,68.57599,3.329048,1.7017784
22.5,121.5,2001-01-01,2001-03-20,78,25,21.603594,22.476234,20.736353,76.61135,6.252877,3.1677246,81.534256,71.91895,7.83412,4.2281413
24.5,120.5,2001-01-01,2001-03-20,78,25,18.46869,19.986177,17.393536,79.49893,6.1610847,4.345703,85.44281,72.58997,7.433827,4.5399814
23.5,121.5,2001-01-01,2001-03-20,78,25,17.207577,19.284386,15.74672,82.89988,3.2541146,7.381592,88.20652,74.85728,4.3999224,1.9001004
23.5,120.5,2001-01-01,2001-03-20,78,25,17.486464,20.760048,15.36839,82.67257,2.3730695,4.6032715,91.01883,69.59484,3.446569,1.3804367
24.5,121.5,2001-01-01,2001-03-20,78,25,15.049295,17.428038,13.384874,85.88868,2.9032905,7.8259277,91.55792,77.15342,3.6060305,2.0828378
24.5,121.5,2001-01-01,2001-03-21,79,25,15.512976,17.743195,13.875705,84.0641,2.6242797,6.900635,90.39966,74.32907,3.4003582,1.7934309
23.5,120.5,2001-01-01,2001-03-21,79,25,17.815807,21.195131,15.677032,80.95516,2.0482247,5.4467773,90.29562,67.30702,3.1420884,1.2884035
22.5,121.5,2001-01-01,2001-03-21,79,25,21.830008,22.606733,20.965683,76.221535,6.139431,2.6757812,81.261505,71.64669,7.699503,4.2234144
24.5,120.5,2001-01-01,2001-03-21,79,25,19.103855,20.612188,17.965622,77.75498,5.188181,3.1408691,84.70671,70.2324,6.737105,3.3851678
23.5,121.5,2001-01-01,2001-03-21,79,25,17.420515,19.348492,16.01796,81.98224,2.9165754,5.6640625,87.35338,73.781555,4.1233687,1.611211
22.5,120.5,2001-01-01,2001-03-21,79,25,21.14198,23.355131,19.699043,77.25158,2.4753041,4.1711426,85.32237,66.16981,3.354453,1.5788373
22.5,120.5,2001-01-01,2001-03-22,80,25,21.665186,24.065092,20.255377,77.93726,2.6414607,2.2949219,85.95339,65.699005,3.6122668,1.7258601
23.5,121.5,2001-01-01,2001-03-22,80,25,18.009462,20.277914,16.47964,82.651184,2.8032446,7.598877,89.126,72.571106,3.9342554,1.6367478
24.5,120.5,2001-01-01,2001-03-22,80,25,19.540712,21.089493,18.505875,79.61627,4.8885565,2.154541,86.082985,71.69333,6.220709,3.4898846
22.5,121.5,2001-01-01,2001-03-22,80,25,22.365498,23.309965,21.468922,77.351295,5.61435,4.256592,82.82044,71.85047,7.1340404,4.0874653
23.5,120.5,2001-01-01,2001-03-22,80,25,18.281631,21.9565,15.952237,81.19133,2.1619873,1.7773438,91.61908,66.2365,3.1619482,1.4502314
24.5,121.5,2001-01-01,2001-03-22,80,25,16.347784,19.02044,14.624581,84.35038,2.602978,6.9519043,91.46131,72.86409,3.298874,1.8369373
23.5,120.5,2001-01-01,2001-03-23,81,25,18.221231,21.693237,15.88966,82.479935,2.1169813,2.5952148,92.07589,68.26472,3.2472818,1.3077774
24.5,121.5,2001-01-01,2001-03-23,81,25,16.065958,18.595234,14.406158,85.144394,2.8685684,7.7453613,91.69166,75.146416,3.5661862,2.1105669
23.5,121.5,2001-01-01,2001-03-23,81,25,17.912834,20.074017,16.416384,83.8524,2.9727883,6.204834,89.11748,75.41375,4.027873,1.932917
24.5,120.5,2001-01-01,2001-03-23,81,25,19.483635,21.093418,18.245552,80.56182,4.7599263,3.4277344,87.621315,73.40476,6.2144966,3.2207901
22.5,121.5,2001-01-01,2001-03-23,81,25,22.228788,23.126362,21.358511,79.323235,5.822027,2.7331543,83.53733,74.996704,7.3570814,4.1898193
22.5,120.5,2001-01-01,2001-03-23,81,25,21.621056,23.931694,20.05356,79.52481,2.6920688,2.1264648,87.64602,69.16997,3.579676,1.8053927
22.5,120.5,2001-01-01,2001-03-24,82,25,21.697832,24.108746,20.189133,79.61604,2.342668,2.5390625,87.53255,67.058586,3.1647012,1.4672127
22.5,121.5,2001-01-01,2001-03-24,82,25,22.333769,23.19099,21.446953,79.25773,5.836088,3.277588,82.73096,75.33856,7.501924,4.2472563
24.5,120.5,2001-01-01,2001-03-24,82,25,19.643066,21.143438,18.39002,81.66709,4.878543,6.204834,87.575714,74.725784,6.608619,3.0679293
24.5,121.5,2001-01-01,2001-03-24,82,25,16.395527,18.818434,14.597062,85.52222,2.6370344,8.874512,91.85103,75.963936,3.3787344,1.8136091
23.5,120.5,2001-01-01,2001-03-24,82,25,18.521544,22.021948,16.37365,82.90164,1.900652,4.0161133,92.38725,67.89187,2.999127,1.0273145
23.5,121.5,2001-01-01,2001-03-24,82,25,18.132812,20.260075,16.672266,83.831726,3.0182736,6.4575195,89.348885,74.69751,4.14183,1.9359596
23.5,121.5,2001-01-01,2001-03-25,83,25,18.512863,20.789604,17.011042,82.87489,2.9704185,5.181885,88.55662,72.95335,4.148118,1.58079
24.5,120.5,2001-01-01,2001-03-25,83,25,19.953978,21.469526,18.827595,81.13933,4.600591,4.14917,87.969406,73.53963,6.216343,2.6040876
22.5,121.5,2001-01-01,2001-03-25,83,25,22.575676,23.480268,21.714794,78.579735,5.786865,2.3486328,82.96973,73.54269,7.2981963,3.7820797
23.5,120.5,2001-01-01,2001-03-25,83,25,18.799759,22.38182,16.492393,82.83738,1.9156332,2.2485352,92.783844,66.976906,3.0674798,1.0087758
24.5,121.5,2001-01-01,2001-03-25,83,25,16.729876,19.371374,15.023898,85.11081,2.6435688,6.5759277,91.76183,73.974014,3.3781652,1.7089233
22.5,120.5,2001-01-01,2001-03-25,83,25,21.964348,24.464634,20.437769,79.302315,2.486296,1.4050293,87.29572,66.554405,3.3312283,1.7110901
22.5,120.5,2001-01-01,2001-03-26,84,25,21.889637,24.150385,20.444948,79.54603,2.5878654,2.0056152,86.42447,68.55849,3.3450415,1.8107817
24.5,121.5,2001-01-01,2001-03-26,84,25,16.49364,18.945246,14.616794,85.91573,2.8423078,7.4523926,91.31129,76.95882,3.77194,1.7496614
23.5,120.5,2001-01-01,2001-03-26,84,25,18.83161,22.228603,16.573072,83.23371,2.114683,3.2958984,91.608,69.60794,3.2635436,1.3200142
22.5,121.5,2001-01-01,2001-03-26,84,25,22.45358,23.347446,21.633028,78.461845,6.149278,2.4731445,82.69876,73.76324,7.9189887,4.351525
24.5,120.5,2001-01-01,2001-03-26,84,25,20.035378,21.673002,18.874836,80.56685,5.4888287,2.8466797,86.04113,73.82843,6.861821,3.8954995
23.5,121.5,2001-01-01,2001-03-26,84,25,18.341745,20.51853,16.867418,83.600655,3.2741647,6.300049,88.887314,74.80129,4.5433307,1.9085721
23.5,120.5,2001-01-01,2001-03-27,85,25,18.625528,21.885122,16.343014,82.59415,2.060618,3.2751465,91.53484,68.701355,3.115365,1.1557364
24.5,121.5,2001-01-01,2001-03-27,85,25,16.323654,18.542233,14.625866,85.10401,2.681038,6.7004395,90.73724,76.55268,3.4831672,1.7600136
23.5,121.5,2001-01-01,2001-03-27,85,25,18.114122,20.078058,16.699537,82.93657,3.2176785,5.1953125,88.445175,74.640396,4.252165,2.1421647
22.5,120.5,2001-01-01,2001-03-27,85,25,21.637852,24.0329,20.091011,78.51669,2.5712466,2.3608398,86.575294,66.27808,3.5070038,1.6775855
22.5,121.5,2001-01-01,2001-03-27,85,25,22.209589,23.05399,21.491552,77.362564,5.962546,2.6550293,82.0782,72.3481,7.5655107,4.2613096
24.5,120.5,2001-01-01,2001-03-27,85,25,19.740059,21.114824,18.642809,79.94691,5.157492,3.7719727,85.555,73.49876,6.6466045,3.3341084
23.5,120.5,2001-01-01,2001-03-28,86,25,18.664888,22.134487,16.397917,81.73158,2.0031424,2.175293,91.58422,66.35596,3.3529088,1.0546563
22.5,121.5,2001-01-01,2001-03-28,86,25,22.309868,23.05152,21.559698,77.41213,6.18502,2.454834,82.78872,72.14719,7.881796,4.2729506
24.5,120.5,2001-01-01,2001-03-28,86,25,20.074867,21.751455,18.756813,79.36923,5.1561394,3.959961,85.18848,71.74309,7.0703807,3.0937338
24.5,121.5,2001-01-01,2001-03-28,86,25,16.51641,18.951048,14.767252,84.57404,2.6379876,7.3657227,91.23299,74.36999,3.492085,1.7677585
22.5,120.5,2001-01-01,2001-03-28,86,25,21.673227,23.818941,20.31465,77.95571,2.4334366,1.4624023,85.60055,66.704475,3.268364,1.6316652
23.5,121.5,2001-01-01,2001-03-28,86,25,18.115883,20.20597,16.695768,82.85323,3.1394699,6.138916,88.60649,73.9945,4.334684,1.7732507
23.5,120.5,2001-01-01,2001-03-29,87,25,18.45859,21.490532,16.227228,82.78637,1.9183393,4.055176,91.97939,69.56477,3.005561,1.0897202
22.5,121.5,2001-01-01,2001-03-29,87,25,22.19392,23.019356,21.450987,76.8245,6.5707073,4.460449,81.68088,72.20879,8.002693,5.026268
24.5,121.5,2001-01-01,2001-03-29,87,25,16.043842,18.16679,14.620753,85.03405,2.7830253,9.550781,90.675125,76.14141,3.6293812,1.9130255
24.5,120.5,2001-01-01,2001-03-29,87,25,19.873219,21.26729,18.779844,78.765045,4.9302936,4.116211,85.36712,70.98069,6.477302,3.2551064
23.5,121.5,2001-01-01,2001-03-29,87,25,17.798277,19.545921,16.495508,82.44904,3.088285,9.154053,87.59423,74.87738,4.1127424,1.890242
22.5,120.5,2001-01-01,2001-03-29,87,25,21.590757,23.670591,20.058912,78.280205,2.5061533,3.5949707,85.93127,67.679245,3.3096445,1.669415
22.5,120.5,2001-01-01,2001-03-30,88,25,21.76087,24.064936,20.38816,77.84449,2.327373,2.3742676,85.525185,66.08206,3.2406397,1.4849977
23.5,121.5,2001-01-01,2001-03-30,88,25,18.07712,19.841051,16.885529,81.96079,2.5018528,5.2819824,87.29169,74.088066,3.4047134,1.5312412
24.5,120.5,2001-01-01,2001-03-30,88,25,19.979132,21.401405,18.951153,79.353165,4.5674763,2.6342773,85.50756,72.33761,5.9150233,2.9009485
23.5,120.5,2001-01-01,2001-03-30,88,25,18.494736,21.680796,16.401983,82.615906,1.9051133,2.644043,91.668625,69.07664,2.992617,1.1334887
24.5,121.5,2001-01-01,2001-03-30,88,25,16.37413,18.494259,14.9043665,84.713455,2.4722674,6.6296387,90.7706,75.81944,3.1234438,1.7373222
22.5,121.5,2001-01-01,2001-03-30,88,25,22.378271,23.153912,21.635454,76.51574,5.353304,3.996582,81.00906,72.00249,6.722811,3.667523
24.5,120.5,2001-01-01,2001-03-31,89,25,20.143421,21.581236,19.011114,80.88438,4.2052355,4.506836,87.70961,73.36751,6.07526,2.2521594
22.5,120.5,2001-01-01,2001-03-31,89,25,22.189476,24.691635,20.595766,77.983894,2.3534172,1.71875,86.887245,65.60926,3.1918833,1.3984084
23.5,120.5,2001-01-01,2001-03-31,89,25,18.889456,22.469448,16.414518,82.45579,1.8384373,3.305664,92.94385,66.71391,2.7391062,1.0690552
24.5,121.5,2001-01-01,2001-03-31,89,25,16.884827,19.371819,15.09774,85.29868,2.3724046,8.00293,92.5996,74.73369,3.1668894,1.6329454
22.5,121.5,2001-01-01,2001-03-31,89,25,22.89674,23.799082,22.14771,78.05332,4.8643475,2.9797363,83.754005,72.7854,6.456395,3.1574602
23.5,121.5,2001-01-01,2001-03-31,89,25,18.61051,20.873144,17.165855,83.136566,2.458195,6.0388184,89.3793,73.40024,3.558982,1.2812717
24.5,120.5,2001-01-01,2001-04-01,90,25,20.221369,21.968203,19.022907,80.04738,5.125504,4.9121094,86.06745,72.633675,6.571135,3.532532
23.5,121.5,2001-01-01,2001-04-01,90,25,18.723343,20.955849,17.237701,83.706474,2.9190466,6.97876,89.46555,74.216805,4.234711,1.6565295
24.5,121.5,2001-01-01,2001-04-01,90,25,16.990393,19.79117,15.070573,84.580154,2.6633804,8.601074,91.11879,73.478455,3.5281768,1.6921606
23.5,120.5,2001-01-01,2001-04-01,90,25,19.040901,22.594032,16.648352,82.18957,2.127742,4.864502,91.34577,67.61237,3.1805015,1.3482841
22.5,120.5,2001-01-01,2001-04-01,90,25,22.220842,24.519907,20.646978,79.93706,2.595326,2.977295,87.339745,69.099335,3.4052932,1.8813854
22.5,121.5,2001-01-01,2001-04-01,90,25,22.912092,23.802052,22.071758,79.90886,5.5027375,4.359131,84.84271,75.31319,7.2495537,3.887131
23.5,120.5,2001-01-01,2001-04-02,91,25,18.87519,22.252876,16.474777,81.506744,2.1107042,3.2788086,90.6391,68.16326,3.2057648,1.2140663
22.5,120.5,2001-01-01,2001-04-02,91,25,21.913784,24.020151,20.406553,79.16539,2.5288398,1.9091797,86.14937,69.43439,3.2602057,1.7338334
22.5,121.5,2001-01-01,2001-04-02,91,25,22.45777,23.449863,21.597559,78.19363,6.174846,2.0336914,83.250114,73.145485,7.781526,4.31906
24.5,121.5,2001-01-01,2001-04-02,91,25,16.39939,18.893917,14.440426,84.233185,2.7160196,6.4416504,91.02714,74.190994,3.4880767,1.9529289
23.5,121.5,2001-01-01,2001-04-02,91,25,18.212553,20.29022,16.585045,83.266945,3.2849274,5.206299,88.933044,74.93283,4.3148813,2.178517
24.5,120.5,2001-01-01,2001-04-02,91,25,20.125425,21.687979,18.89902,78.36881,5.023861,3.503418,85.1618,70.94781,6.7626934,3.039581
24.5,120.5,2001-01-01,2001-04-03,92,25,19.852955,21.376049,18.66357,77.67594,4.9946046,2.9797363,84.26145,70.72867,6.5179443,3.2411182
23.5,121.5,2001-01-01,2001-04-03,92,25,18.0911,20.082628,16.618649,82.64376,2.8443055,5.987549,88.665016,74.02791,3.8320944,1.9309747
24.5,121.5,2001-01-01,2001-04-03,92,25,16.374596,18.889738,14.538063,84.25793,2.6324277,6.80542,90.92068,73.617805,3.4313836,1.8515893
22.5,121.5,2001-01-01,2001-04-03,92,25,22.334145,23.115732,21.530458,76.71189,5.7359715,2.980957,81.48373,71.83932,7.2095137,4.2113853
22.5,120.5,2001-01-01,2001-04-03,92,25,21.82313,24.03083,20.293669,77.98978,2.4352906,1.9836426,85.30407,67.529335,3.1881008,1.770879
23.5,120.5,2001-01-01,2001-04-03,92,25,18.660337,21.840986,16.432262,81.7905,1.9391298,3.157959,91.586815,68.181984,3.0447974,1.0734462
24.5,120.5,2001-01-01,2001-04-04,93,25,20.169458,21.70543,19.091993,79.15805,5.166432,3.6865234,84.89165,72.28079,7.180041,2.9881086
22.5,120.5,2001-01-01,2001-04-04,93,25,21.949867,24.2464,20.426178,77.82627,2.780453,3.930664,85.28837,67.35461,3.52064,2.0805154
23.5,120.5,2001-01-01,2001-04-04,93,25,18.967447,22.312773,16.803268,82.021484,1.9267689,6.068115,91.51611,68.3293,2.9371402,1.0352744
24.5,121.5,2001-01-01,2001-04-04,93,25,16.527037,18.943947,14.911295,84.97326,2.9910169,8.527832,90.82048,76.07181,3.777042,2.1348412
22.5,121.5,2001-01-01,2001-04-04,93,25,22.430395,23.254692,21.57188,76.78293,6.2488976,3.873291,81.283615,72.40664,8.077804,4.200684
23.5,121.5,2001-01-01,2001-04-04,93,25,18.25649,20.239025,16.857897,82.58814,3.2956216,7.8601074,87.69724,75.10762,4.465903,1.8654835
22.5,120.5,2001-01-01,2001-04-05,94,25,21.936577,24.150484,20.39672,78.67804,2.6037397,4.088135,86.373474,67.82529,3.550437,1.7678035
23.5,120.5,2001-01-01,2001-04-05,94,25,18.943432,22.047735,16.79467,83.20535,2.0556996,6.036377,91.65331,70.78716,3.2814088,1.2169895
23.5,121.5,2001-01-01,2001-04-05,94,25,18.272358,20.347338,16.784977,83.20969,3.1708972,7.8808594,89.17662,74.92063,4.344163,1.8935987
24.5,120.5,2001-01-01,2001-04-05,94,25,20.27357,21.69106,19.26876,78.99253,5.6962166,3.848877,84.408455,72.86294,7.2312107,3.778028
24.5,121.5,2001-01-01,2001-04-05,94,25,16.631166,19.075434,14.966925,85.01624,2.908988,7.7819824,91.37765,75.73156,3.635391,2.0004148
22.5,121.5,2001-01-01,2001-04-05,94,25,22.580679,23.542402,21.633873,77.04102,6.5896983,4.324951,81.97133,71.98147,8.1171055,4.8882985
22.5,121.5,2001-01-01,2001-04-06,95,25,22.72637,23.319067,22.165264,77.27815,5.9779234,2.3486328,81.634735,72.82258,7.47917,4.315406
24.5,121.5,2001-01-01,2001-04-06,95,25,17.01598,19.171206,15.693585,84.39096,2.676799,6.0705566,90.162865,75.283615,3.4243116,1.8896838
23.5,120.5,2001-01-01,2001-04-06,95,25,19.276506,22.439487,17.282955,82.49771,1.7589486,3.9404297,91.37137,69.04946,2.7580194,0.9897984
22.5,120.5,2001-01-01,2001-04-06,95,25,22.158714,24.372768,20.918344,77.996155,2.4663792,2.4694824,85.26722,67.01186,3.1887643,1.7002187
23.5,121.5,2001-01-01,2001-04-06,95,25,18.451916,20.226814,17.359919,82.842674,2.818115,4.7302246,88.44544,74.597626,3.8118327,1.8454525
24.5,120.5,2001-01-01,2001-04-06,95,25,20.717112,22.10729,19.73814,78.62299,4.7111254,3.515625,84.71987,71.69687,6.2590632,3.0178149
23.5,121.5,2001-01-01,2001-04-07,96,25,19.233421,21.314287,17.842516,83.34308,2.6892474,5.185547,89.643524,74.05563,3.7712936,1.5272053
24.5,120.5,2001-01-01,2001-04-07,96,25,21.29467,22.8356,20.10359,80.91496,4.0679417,2.6916504,87.370186,73.148865,5.7203145,2.3008745
22.5,120.5,2001-01-01,2001-04-07,96,25,22.843636,25.275763,21.307817,78.95575,2.3358762,1.7712402,87.54056,67.0215,3.2537951,1.4944028
23.5,120.5,2001-01-01,2001-04-07,96,25,19.936838,23.419199,17.657194,83.04721,1.612249,2.6159668,93.299034,67.47012,2.6343906,0.8242453
24.5,121.5,2001-01-01,2001-04-07,96,25,17.867092,20.250998,16.21273,84.53001,2.3896437,6.467285,91.547646,74.20428,3.1678982,1.5801212
22.5,121.5,2001-01-01,2001-04-07,96,25,23.32428,24.122631,22.553473,79.22557,5.4459167,2.9675293,84.04369,74.49873,6.9973974,3.5485706
22.5,121.5,2001-01-01,2001-04-08,97,25,23.560476,24.746943,22.56466,79.09023,6.0173073,1.9958496,84.028496,73.72832,7.529838,4.0084167
23.5,120.5,2001-01-01,2001-04-08,97,25,19.952782,23.217564,17.665382,83.253555,2.050416,5.419922,91.79957,69.81884,3.223951,1.2109474
24.5,120.5,2001-01-01,2001-04-08,97,25,21.05114,22.567286,19.98035,81.75711,5.0341835,6.1853027,88.10548,74.88633,6.33235,3.3947015
23.5,121.5,2001-01-01,2001-04-08,97,25,19.443972,21.632164,17.927458,83.86224,2.7995398,6.14624,89.23897,75.631935,3.9874694,1.6427445
24.5,121.5,2001-01-01,2001-04-08,97,25,17.692097,20.114435,15.930324,86.03378,2.475098,8.3654785,92.13251,76.95877,3.159672,1.5665032
22.5,120.5,2001-01-01,2001-04-08,97,25,22.841686,25.235786,21.154488,79.77232,2.7124088,2.6123047,87.547874,68.19056,3.7844765,1.8315603
23.5,121.5,2001-01-01,2001-04-09,98,25,19.27879,21.348013,17.78763,83.84396,2.5708096,8.239746,89.5868,75.96529,3.7787185,1.4337845
24.5,120.5,2001-01-01,2001-04-09,98,25,21.3275,23.026527,20.123787,80.45263,4.719698,8.4021,87.101944,72.41689,6.2909184,2.6998208
22.5,120.5,2001-01-01,2001-04-09,98,25,22.791973,24.918169,21.351728,79.37162,2.139436,3.713379,87.07118,68.80528,3.10511,1.3279326
24.5,121.5,2001-01-01,2001-04-09,98,25,17.734629,20.23501,15.984288,85.15953,2.234908,11.2890625,92.23563,75.44927,2.994751,1.3621281
23.5,120.5,2001-01-01,2001-04-09,98,25,19.965351,23.080982,17.811094,82.09779,1.8518653,6.4746094,91.4331,68.58186,2.8782055,0.89153296
22.5,121.5,2001-01-01,2001-04-09,98,25,23.351212,24.265907,22.450869,78.59653,5.536311,3.5375977,83.596306,73.74156,7.0748596,3.7541952
23.5,120.5,2001-01-01,2001-04-10,99,25,19.75483,23.038033,17.351954,83.648476,1.6959518,5.616455,92.811134,69.87995,2.6844933,0.97637486
24.5,120.5,2001-01-01,2001-04-10,99,25,21.002037,22.570948,19.811842,80.88074,4.6219544,6.209717,87.34859,73.35619,6.212889,2.7266734
22.5,121.5,2001-01-01,2001-04-10,99,25,23.141352,23.932558,22.436821,78.46783,5.6104364,2.5097656,82.35185,74.178635,7.1217937,3.7481856
22.5,120.5,2001-01-01,2001-04-10,99,25,22.634731,24.82691,21.1896,79.05652,2.380515,3.071289,86.33046,68.1546,3.2098892,1.5268877
23.5,121.5,2001-01-01,2001-04-10,99,25,19.031216,20.975307,17.668516,83.55569,2.5583632,6.5270996,88.83764,75.33091,3.6253948,1.6119215
24.5,121.5,2001-01-01,2001-04-10,99,25,17.429205,19.826183,15.684249,85.54139,2.606862,8.988037,91.522736,76.10799,3.2714944,1.953931
24.5,121.5,2001-01-01,2001-04-11,100,25,17.903416,20.275797,16.362541,85.14889,2.5393229,6.602783,92.13474,74.92956,3.2122128,1.863937
22.5,120.5,2001-01-01,2001-04-11,100,25,22.913963,25.22331,21.324623,78.54925,2.6341102,2.385254,87.59013,66.955696,3.5766,1.7702478
23.5,121.5,2001-01-01,2001-04-11,100,25,19.346092,21.424667,18.002043,83.836494,2.8213944,5.123291,89.87063,74.93747,4.05098,1.6248814
22.5,121.5,2001-01-01,2001-04-11,100,25,23.42572,24.183784,22.661095,78.88141,5.4710636,3.1384277,84.27113,73.91931,6.8889613,4.0944395
24.5,120.5,2001-01-01,2001-04-11,100,25,21.432106,22.973843,20.383394,80.325905,4.0817137,3.9550781,86.94539,72.63433,5.529044,2.6473565
23.5,120.5,2001-01-01,2001-04-11,100,25,20.0249,23.439438,17.762867,82.51287,1.7970779,3.963623,92.09058,68.50759,2.9932258,0.89528245
23.5,120.5,2001-01-01,2001-04-12,101,25,20.833076,24.117226,18.59938,83.49366,1.9311305,7.626953,93.60333,69.10788,3.2181823,1.0024917
22.5,120.5,2001-01-01,2001-04-12,101,25,23.450459,25.674839,22.041435,81.38781,2.5334313,5.4174805,89.26208,70.40017,3.7360096,1.3813982
24.5,120.5,2001-01-01,2001-04-12,101,25,22.206825,23.740244,20.980825,82.37744,4.667227,8.056641,89.494446,74.54865,6.274238,2.713569
23.5,121.5,2001-01-01,2001-04-12,101,25,20.092218,22.184526,18.674088,85.55322,2.785784,8.713379,91.25669,77.25581,3.8957632,1.5828166
22.5,121.5,2001-01-01,2001-04-12,101,25,24.040577,24.889467,23.306412,82.47049,5.6317625,4.5910645,86.89181,77.69607,7.2774796,3.6590736
24.5,121.5,2001-01-01,2001-04-12,101,25,18.894249,21.235167,17.324015,85.68515,2.4793715,9.445801,92.48747,75.649506,3.2515006,1.6625377
22.5,121.5,2001-01-01,2001-04-13,102,25,24.077753,25.084507,23.285864,82.80152,5.6478353,4.095459,87.16688,77.758286,7.235522,3.571348
24.5,121.5,2001-01-01,2001-04-13,102,25,18.507753,20.642994,16.792458,87.16916,2.5699282,8.175049,93.182274,78.968544,3.266373,1.8358716
23.5,120.5,2001-01-01,2001-04-13,102,25,20.714062,23.729242,18.394367,85.51879,1.7010843,6.796875,93.82676,73.29778,2.7333589,0.76820564
23.5,121.5,2001-01-01,2001-04-13,102,25,20.081816,22.03869,18.588478,85.83081,2.7398562,7.076416,90.82608,78.053116,3.7874908,1.608398
22.5,120.5,2001-01-01,2001-04-13,102,25,23.587852,25.800806,22.000141,82.50531,2.5952919,3.984375,90.15371,72.03254,3.4340508,1.7542331
24.5,120.5,2001-01-01,2001-04-13,102,25,21.883945,23.180151,20.749336,83.88861,4.0829144,5.4345703,90.24462,77.246605,5.4968085,2.6366804
23.5,120.5,2001-01-01,2001-04-14,103,25,20.761389,23.635674,18.631926,84.799355,1.8081213,7.286377,93.20587,72.915825,2.9043276,1.0401157
24.5,121.5,2001-01-01,2001-04-14,103,25,18.591036,20.80042,16.867926,85.99156,2.1598864,9.870605,92.39039,77.44604,2.9191296,1.3426305
22.5,121.5,2001-01-01,2001-04-14,103,25,24.056116,25.035578,23.112968,81.71806,5.3155684,3.6535645,86.41717,76.98608,7.062292,3.695512
23.5,121.5,2001-01-01,2001-04-14,103,25,20.047287,22.040888,18.571241,85.48829,2.660738,8.146973,90.964134,77.93764,3.8893838,1.4875125
24.5,120.5,2001-01-01,2001-04-14,103,25,22.061916,23.476006,20.835102,82.56289,4.244428,7.9492188,88.54266,75.82401,5.583311,2.6714628
22.5,120.5,2001-01-01,2001-04-14,103,25,23.608675,25.839146,21.975483,81.501465,2.3301423,3.717041,89.08652,71.33865,3.4011507,1.2193643
22.5,121.5,2001-01-01,2001-04-15,104,25,23.921625,24.746553,23.174854,81.81942,5.3029504,3.2629395,85.28013,77.75101,6.62381,4.001629
24.5,120.5,2001-01-01,2001-04-15,104,25,22.282953,23.622017,21.113218,81.84958,4.134521,2.7612305,87.39744,75.29182,5.3637733,2.7421317
22.5,120.5,2001-01-01,2001-04-15,104,25,23.637075,25.844654,22.106977,81.443115,2.169928,2.5891113,88.85919,70.4631,3.0165591,1.4367942
23.5,120.5,2001-01-01,2001-04-15,104,25,20.857094,23.834595,18.631437,84.99321,1.6364583,4.8583984,93.391914,72.59027,2.6209588,0.9680399
23.5,121.5,2001-01-01,2001-04-15,104,25,20.069126,21.980513,18.707579,85.81535,2.562432,9.23584,90.73644,78.74169,3.79109,1.4825616
24.5,121.5,2001-01-01,2001-04-15,104,25,18.578169,20.642797,17.014381,87.21389,2.2416887,8.225098,92.43198,79.33703,2.9898696,1.4571702
24.5,121.5,2001-01-01,2001-04-16,105,25,19.164928,21.441694,17.540348,86.15049,2.025961,6.2390137,92.663155,76.03474,2.7501438,1.3024973
22.5,121.5,2001-01-01,2001-04-16,105,25,24.307331,25.16672,23.60646,80.50831,4.5962553,1.7797852,85.17546,75.58926,5.9571486,2.9194055
24.5,120.5,2001-01-01,2001-04-16,105,25,22.525476,23.997597,21.416948,82.215744,3.7863483,3.581543,89.365,73.64253,5.0827208,2.2366955
22.5,120.5,2001-01-01,2001-04-16,105,25,23.838387,25.99142,22.285826,81.27178,2.0444133,1.8591309,89.81891,70.44014,2.975233,1.1844423
23.5,120.5,2001-01-01,2001-04-16,105,25,21.02784,24.124155,18.686373,85.19766,1.5207596,4.2700195,94.67161,71.65366,2.6387942,0.70839864
23.5,121.5,2001-01-01,2001-04-16,105,25,20.380379,22.36207,19.048693,85.70301,2.269373,4.555664,90.99843,77.302986,3.3061688,1.2920325
23.5,121.5,2001-01-01,2001-04-17,106,25,20.589716,22.698067,19.02918,85.770134,2.0353396,5.0769043,91.283134,76.78453,3.1414487,1.0888523
24.5,121.5,2001-01-01,2001-04-17,106,25,19.421453,21.647886,17.60134,86.74525,1.7809384,6.994629,93.61091,77.23776,2.458469,1.076585
22.5,121.5,2001-01-01,2001-04-17,106,25,24.557646,25.53271,23.745878,80.83106,3.9487007,2.1740723,85.645164,75.3658,5.4169188,2.3986056
24.5,120.5,2001-01-01,2001-04-17,106,25,22.642744,24.005947,21.476631,83.88294,3.192072,3.182373,89.95909,77.11204,4.5488105,1.8980598
22.5,120.5,2001-01-01,2001-04-17,106,25,24.01249,26.390879,22.259947,81.24683,2.2485297,1.862793,90.249825,69.37867,3.0980368,1.4802692
23.5,120.5,2001-01-01,2001-04-17,106,25,21.104345,24.31002,18.435728,85.24814,1.4732645,4.001465,94.968636,71.34546,2.5044303,0.7324657
24.5,121.5,2001-01-01,2001-04-18,107,25,19.678766,21.984575,17.938635,86.585526,1.9054031,11.053467,92.98712,76.84775,2.5358267,1.313127
22.5,120.5,2001-01-01,2001-04-18,107,25,24.387205,26.827543,22.72536,81.99686,2.1583624,2.697754,90.9293,69.61262,3.1695151,1.3381059
23.5,121.5,2001-01-01,2001-04-18,107,25,21.031715,23.342388,19.423468,85.71973,2.376238,7.6794434,91.85944,76.31504,3.534776,1.3300531
23.5,120.5,2001-01-01,2001-04-18,107,25,21.554783,24.985987,18.999542,84.12349,1.7579416,6.7858887,93.82076,69.42625,2.8952868,1.0403655
24.5,120.5,2001-01-01,2001-04-18,107,25,23.010466,24.539013,21.771162,83.63374,4.048814,8.233643,89.1259,77.03959,5.4284234,2.4210682
22.5,121.5,2001-01-01,2001-04-18,107,25,24.988182,25.956768,24.142939,82.08971,4.814299,2.7197266,87.13701,76.36132,6.2590203,3.1554456
24.5,120.5,2001-01-01,2001-04-19,108,25,23.03489,24.733286,21.710966,83.073105,4.33671,6.1279297,89.60676,75.55698,5.72217,2.6692243
23.5,121.5,2001-01-01,2001-04-19,108,25,20.980768,23.15255,19.40269,86.08517,2.5993302,8.435059,91.16027,77.561806,3.9187865,1.3846034
22.5,121.5,2001-01-01,2001-04-19,108,25,24.89071,26.09411,23.997086,82.78588,5.4642196,3.1298828,86.92141,77.74894,7.029928,3.590394
24.5,121.5,2001-01-01,2001-04-19,108,25,19.60153,22.144371,17.661858,86.32355,2.1785257,9.536133,93.226105,75.78379,2.9736676,1.2851498
22.5,120.5,2001-01-01,2001-04-19,108,25,24.4445,26.860909,22.723364,82.30846,2.3355458,4.7216797,90.49858,70.314674,3.3352265,1.3989621
23.5,120.5,2001-01-01,2001-04-19,108,25,21.679617,24.875996,19.186441,84.74024,1.7473009,7.717285,94.03561,70.87707,2.8025444,1.0420519
24.5,120.5,2001-01-01,2001-04-20,109,25,22.641468,24.114433,21.474829,82.4064,4.5335593,8.950195,88.42844,76.03943,6.0656376,2.931303
22.5,121.5,2001-01-01,2001-04-20,109,25,24.657385,25.57001,23.84707,82.59769,5.2930617,6.965332,86.90492,77.76217,7.10818,2.9336016
23.5,121.5,2001-01-01,2001-04-20,109,25,20.809359,22.82373,19.279305,86.089775,2.736518,8.45459,91.83323,78.03364,3.8689985,1.5166646
24.5,121.5,2001-01-01,2001-04-20,109,25,19.367737,21.969122,17.502222,86.71726,2.4011102,10.412598,93.42307,76.35697,3.1376133,1.6287352
22.5,120.5,2001-01-01,2001-04-20,109,25,24.23971,26.322905,22.754335,82.29734,2.5590637,6.779785,89.64945,72.51589,3.4234629,1.541614
23.5,120.5,2001-01-01,2001-04-20,109,25,21.512932,24.53542,19.265524,84.22123,2.0207393,6.71875,93.41555,71.58684,3.170872,1.1547259
24.5,120.5,2001-01-01,2001-04-21,110,25,22.305082,23.64645,21.104132,81.93704,4.745504,10.002441,87.36705,75.30133,6.3144627,2.7226624
23.5,120.5,2001-01-01,2001-04-21,110,25,21.032621,23.88276,18.823658,85.09553,1.9646994,10.053711,93.00436,72.98144,3.119307,0.9288569
22.5,121.5,2001-01-01,2001-04-21,110,25,24.580473,25.501947,23.762573,81.47622,5.5193963,2.7636719,85.59256,77.37682,7.087047,3.9235816
24.5,121.5,2001-01-01,2001-04-21,110,25,18.63227,20.66086,16.890064,87.386086,2.222334,11.92627,93.20179,79.4621,3.0601945,1.4916855
23.5,121.5,2001-01-01,2001-04-21,110,25,20.45268,22.277184,19.059807,85.662674,2.6460564,8.540039,90.23684,78.453186,3.7439957,1.5169356
22.5,120.5,2001-01-01,2001-04-21,110,25,23.960981,26.004082,22.526627,81.654495,2.2145147,4.5458984,88.13651,71.80386,3.243508,1.324993
22.5,120.5,2001-01-01,2001-04-22,111,25,23.971504,25.997705,22.453945,80.92038,2.1896455,5.0219727,88.06015,71.472595,3.05949,1.2440572
23.5,121.5,2001-01-01,2001-04-22,111,25,20.47086,22.191391,19.302715,84.99828,2.2115607,6.3061523,89.695656,77.50833,3.1253023,1.252068
22.5,121.5,2001-01-01,2001-04-22,111,25,24.477598,25.231762,23.840263,80.0503,5.015062,4.5825195,83.84763,75.980774,6.2703185,3.8125548
24.5,121.5,2001-01-01,2001-04-22,111,25,19.07205,21.213018,17.684395,86.42007,2.1486402,8.071289,92.34756,77.54017,2.805542,1.465622
23.5,120.5,2001-01-01,2001-04-22,111,25,21.149921,24.093287,19.126114,84.74634,1.5064801,5.2441406,92.99833,72.447655,2.5146792,0.77778643
24.5,120.5,2001-01-01,2001-04-22,111,25,22.731817,24.146534,21.655312,81.85008,3.8597324,3.3740234,88.458786,75.064285,5.3924456,2.2409806
24.5,120.5,2001-01-01,2001-04-23,112,25,22.983929,24.271982,22.003756,83.41508,3.4036055,4.9316406,89.68767,77.098465,4.6113033,1.932556
23.5,121.5,2001-01-01,2001-04-23,112,25,21.009592,23.012861,19.62052,85.37246,2.0509021,7.4560547,90.97293,76.95986,3.234677,0.9662069
22.5,121.5,2001-01-01,2001-04-23,112,25,24.911955,25.779028,24.165411,81.150345,4.8063207,4.3603516,86.458664,75.890495,6.392871,3.0710506
23.5,120.5,2001-01-01,2001-04-23,112,25,21.418968,24.274395,19.319695,85.19003,1.5011191,6.6796875,94.22539,72.557594,2.5546045,0.8116262
24.5,121.5,2001-01-01,2001-04-23,112,25,19.741526,21.888878,18.194283,86.70219,1.8114462,9.165039,92.656456,78.41635,2.3568578,1.1789469
22.5,120.5,2001-01-01,2001-04-23,112,25,24.262775,26.317862,22.758745,80.91065,2.156041,4.0966797,89.25757,70.39386,3.1568215,1.196974
24.5,120.5,2001-01-01,2001-04-24,113,25,22.86996,24.158852,21.822886,84.127235,4.396129,9.919434,89.22966,78.16457,5.8177214,2.8017402
23.5,121.5,2001-01-01,2001-04-24,113,25,21.021269,22.814926,19.68735,86.57781,2.4375174,11.240234,91.50966,79.53285,3.6033108,1.3097438
23.5,120.5,2001-01-01,2001-04-24,113,25,21.656288,24.235558,19.614649,85.88903,1.6401862,10.60791,94.04668,74.88436,2.6929615,0.87559974
22.5,121.5,2001-01-01,2001-04-24,113,25,24.878515,25.898252,24.072716,83.213554,5.3436437,5.9472656,87.49415,78.48623,6.974854,3.307446
22.5,120.5,2001-01-01,2001-04-24,113,25,24.435234,26.460869,22.93853,82.21478,2.4473832,5.0756836,89.498314,72.65026,3.4530823,1.3875244
24.5,121.5,2001-01-01,2001-04-24,113,25,19.5933,21.601206,18.076256,87.34106,2.367026,11.342773,92.62759,79.92164,3.1258476,1.6432294
23.5,121.5,2001-01-01,2001-04-25,114,25,20.84775,22.624668,19.643072,86.76836,2.6488044,7.5341797,90.74994,79.92488,3.6650164,1.6702274
24.5,120.5,2001-01-01,2001-04-25,114,25,22.869995,23.976158,21.969814,84.44545,4.6249695,9.56543,89.44483,79.12491,6.112374,2.9714344
22.5,121.5,2001-01-01,2001-04-25,114,25,24.756031,25.513756,24.15272,82.75872,5.427271,4.4311523,86.163895,78.8665,6.832074,3.752134
23.5,120.5,2001-01-01,2001-04-25,114,25,21.527945,24.128668,19.64256,86.53956,1.7650448,9.458008,93.39755,75.88685,2.821036,1.0314226
24.5,121.5,2001-01-01,2001-04-25,114,25,19.390192,21.344776,17.986198,88.096855,2.2934473,11.657715,92.995964,80.705215,3.065348,1.496437
22.5,120.5,2001-01-01,2001-04-25,114,25,24.310463,26.159956,22.97963,82.80367,2.3251987,6.11084,88.8572,74.14369,3.2510355,1.4859414
22.5,120.5,2001-01-01,2001-04-26,115,25,24.339914,26.341982,22.98578,82.019295,2.256821,4.538574,88.45974,72.89401,3.111063,1.3397657
24.5,121.5,2001-01-01,2001-04-26,115,25,19.426418,21.26579,18.061773,87.598,2.3653882,10.141602,92.54806,80.25486,2.921022,1.7179359
23.5,120.5,2001-01-01,2001-04-26,115,25,21.650677,24.214327,19.78375,85.82175,1.6429858,6.928711,93.12553,75.50571,2.6440616,0.7547021
22.5,121.5,2001-01-01,2001-04-26,115,25,24.770754,25.638325,24.013678,82.193146,5.3485813,4.111328,86.0924,78.179276,7.1302514,3.2116303
24.5,120.5,2001-01-01,2001-04-26,115,25,23.009016,24.210493,22.009956,83.31121,4.2405567,4.9902344,89.52727,76.584274,6.0468974,2.3344293
23.5,121.5,2001-01-01,2001-04-26,115,25,20.852728,22.536339,19.618868,86.48375,2.4100056,9.448242,91.124344,79.914024,3.4924288,1.1924819
23.5,121.5,2001-01-01,2001-04-27,116,25,21.09373,23.008545,19.639454,86.072624,2.4321644,8.955078,91.38242,78.43483,3.6409748,1.3334562
24.5,120.5,2001-01-01,2001-04-27,116,25,23.200996,24.642021,21.97168,82.611595,4.1041527,9.897461,88.333115,76.14755,5.875222,2.3247275
22.5,121.5,2001-01-01,2001-04-27,116,25,25.045898,25.982372,24.152187,82.503876,4.8839564,5.576172,86.86256,77.61465,6.559122,3.1183372
23.5,120.5,2001-01-01,2001-04-27,116,25,21.760645,24.61745,19.558443,84.84093,1.7535608,10.522461,93.09937,73.10522,2.8331852,0.8278743
24.5,121.5,2001-01-01,2001-04-27,116,25,19.756073,22.136333,17.952208,86.62626,2.1631548,12.55127,92.61634,77.21034,2.9202883,1.4287447
22.5,120.5,2001-01-01,2001-04-27,116,25,24.448828,26.326982,23.111567,82.954216,2.404869,6.2475586,89.63177,74.05203,3.3521621,1.6063694
23.5,121.5,2001-01-01,2001-04-28,117,25,21.194344,23.057978,19.747486,85.697266,2.487826,6.07666,91.12305,77.89502,3.6005197,1.3985281
24.5,120.5,2001-01-01,2001-04-28,117,25,23.109617,24.4569,21.936338,82.01059,4.77225,6.3549805,88.196686,75.53263,6.370704,2.905433
23.5,120.5,2001-01-01,2001-04-28,117,25,21.849342,24.570087,19.557222,84.25491,1.8474084,6.237793,93.15659,73.03117,2.9035032,0.94456947
22.5,121.5,2001-01-01,2001-04-28,117,25,25.035671,26.112665,24.136518,82.64254,5.2419477,3.618164,87.13103,77.50402,6.9304137,3.5115807
22.5,120.5,2001-01-01,2001-04-28,117,25,24.519714,26.480322,23.015816,82.4557,2.273987,5.095215,89.45884,73.17844,3.398681,1.2764014
24.5,121.5,2001-01-01,2001-04-28,117,25,19.660711,21.816357,17.90968,86.507225,2.1123807,9.016113,92.66029,78.3123,2.956275,1.2441736
24.5,121.5,2001-01-01,2001-04-29,118,25,19.597527,21.882305,17.671568,85.781105,2.2149506,10.224609,92.12292,77.27752,2.8616881,1.3780626
22.5,120.5,2001-01-01,2001-04-29,118,25,24.429655,26.422379,22.918184,82.02817,2.3578634,4.1674805,89.05133,72.715996,3.4974663,1.4969451
22.5,121.5,2001-01-01,2001-04-29,118,25,24.988836,26.041182,24.045269,81.75933,5.6515684,3.400879,86.010994,76.61699,7.4226446,3.7678576
23.5,120.5,2001-01-01,2001-04-29,118,25,21.718426,24.62855,19.32592,85.234055,1.7764567,10.300293,94.540085,72.819244,2.7398224,1.0490421
24.5,120.5,2001-01-01,2001-04-29,118,25,23.103601,24.597525,21.767982,82.69249,4.919789,8.193359,88.956085,75.52346,6.3964086,2.9408042
23.5,121.5,2001-01-01,2001-04-29,118,25,21.13487,23.132618,19.542154,84.67764,2.6013033,9.777832,89.91892,76.869514,3.67449,1.5075465
22.5,120.5,2001-01-01,2001-04-30,119,25,24.46373,26.51355,22.938915,81.50357,2.1650336,4.650879,89.46447,71.359436,2.9164515,1.4969695
22.5,121.5,2001-01-01,2001-04-30,119,25,24.862696,25.640419,24.16421,81.37981,5.2836285,3.0029297,85.863075,76.754005,6.5227685,3.8777997
24.5,120.5,2001-01-01,2001-04-30,119,25,23.200567,24.50338,22.147139,82.45292,4.343862,5.5078125,88.24005,76.057755,5.729132,2.9171226
23.5,120.5,2001-01-01,2001-04-30,119,25,21.649355,24.601675,19.416895,85.45416,1.6480943,8.469238,94.11663,73.09189,2.5884268,0.9424755
24.5,121.5,2001-01-01,2001-04-30,119,25,19.628748,21.7448,17.948761,86.080345,2.3020787,8.056641,92.76875,77.07299,3.0601928,1.5851808
23.5,121.5,2001-01-01,2001-04-30,119,25,20.990723,22.880322,19.568556,85.11957,2.546467,6.7504883,91.181816,76.703514,3.6222367,1.5094554
23.5,120.5,2001-01-01,2001-05-01,120,25,21.709461,24.476416,19.440088,85.545555,1.644154,6.8432617,94.039375,74.25489,2.598082,0.93350935
23.5,121.5,2001-01-01,2001-05-01,120,25,21.31612,23.268589,19.927858,86.03268,2.3855636,7.6757812,91.42758,78.3997,3.4621267,1.3490384
24.5,120.5,2001-01-01,2001-05-01,120,25,23.308952,24.657202,22.111895,82.870964,4.4466486,8.930664,88.22094,76.94948,5.8365116,2.905171
24.5,121.5,2001-01-01,2001-05-01,120,25,20.042683,22.231514,18.30339,86.7637,2.0736525,11.501465,93.270096,77.986015,2.8170133,1.3271066
22.5,121.5,2001-01-01,2001-05-01,120,25,25.255632,26.219555,24.392641,81.97159,5.1889014,4.519043,86.69365,76.89712,6.4838533,3.6080723
22.5,120.5,2001-01-01,2001-05-01,120,25,24.584988,26.651182,23.067192,81.82745,2.0865622,4.838867,89.79507,71.57957,2.898057,1.3709614
24.5,121.5,2001-01-01,2001-05-02,121,25,19.874823,22.050365,18.147388,87.82781,2.2953498,14.25293,93.45302,80.19693,3.09774,1.4421619
24.5,120.5,2001-01-01,2001-05-02,121,25,23.184336,24.514908,22.013788,84.078255,4.4392476,8.828125,89.66419,78.57959,6.05466,2.6042414
23.5,120.5,2001-01-01,2001-05-02,121,25,21.891602,24.499126,19.843424,86.37713,1.5482001,8.969727,94.38474,75.742065,2.5435772,0.8239585
22.5,121.5,2001-01-01,2001-05-02,121,25,25.183125,26.085365,24.338242,82.664856,5.2379494,4.9243164,86.61212,78.556404,6.8604207,3.3089783
23.5,121.5,2001-01-01,2001-05-02,121,25,21.34463,23.216393,19.915718,86.357864,2.7354467,11.403809,91.47813,78.96885,3.7260394,1.7446233
22.5,120.5,2001-01-01,2001-05-02,121,25,24.640762,26.451754,23.254345,83.02341,2.178656,4.086914,89.408485,74.4365,3.1464243,1.2867469
23.5,121.5,2001-01-01,2001-05-03,122,25,21.112993,22.747622,19.806437,85.18453,2.6086533,8.47168,89.711945,78.56084,3.627105,1.6197302
24.5,121.5,2001-01-01,2001-05-03,122,25,19.612993,21.624195,18.130587,85.982445,2.3539677,9.291992,92.08511,78.13538,3.0359898,1.5580548
23.5,120.5,2001-01-01,2001-05-03,122,25,21.771997,24.530079,19.64614,85.46185,1.714648,4.140625,93.3479,74.02285,2.6283503,0.93527293
24.5,120.5,2001-01-01,2001-05-03,122,25,23.148619,24.460289,22.159853,82.10017,4.3395863,3.5620117,87.7446,75.63587,5.7937193,2.8238206
22.5,121.5,2001-01-01,2001-05-03,122,25,24.931353,25.591684,24.338062,81.64747,5.445116,7.1240234,85.713974,77.53545,6.8384,4.0502467
22.5,120.5,2001-01-01,2001-05-03,122,25,24.542524,26.423979,23.210756,81.8869,2.2382326,5.263672,88.42917,73.073425,3.1197238,1.3833579
24.5,121.5,2001-01-01,2001-05-04,123,25,20.160133,22.2107,18.670134,86.55008,2.2154443,9.902344,92.68136,77.8616,2.8842058,1.6330692
23.5,121.5,2001-01-01,2001-05-04,123,25,21.422457,23.121109,20.24881,85.74876,2.5205684,9.841309,90.76907,78.5712,3.6880023,1.4335022
24.5,120.5,2001-01-01,2001-05-04,123,25,23.623608,25.042841,22.573301,82.8194,3.7139258,5.2685547,89.145256,75.689705,5.397407,2.087289
23.5,120.5,2001-01-01,2001-05-04,123,25,22.090698,24.834545,19.999357,84.80231,1.4985623,9.521484,93.53404,73.16601,2.6029315,0.68988246
22.5,120.5,2001-01-01,2001-05-04,123,25,24.827065,26.82025,23.4102,80.889496,2.429467,5.5566406,88.312164,71.67615,3.240051,1.6869893
22.5,121.5,2001-01-01,2001-05-04,123,25,25.287006,25.964825,24.67879,81.4286,5.180651,4.338379,85.40653,77.24267,6.7738204,3.4444833
23.5,121.5,2001-01-01,2001-05-05,124,25,21.835915,23.754648,20.349176,86.28564,2.352696,8.574219,91.62666,78.8167,3.5281696,1.2773796
23.5,120.5,2001-01-01,2001-05-05,124,25,22.290955,25.12396,20.023722,86.40978,1.5431602,10.981445,95.147316,74.75327,2.443276,0.87660336
24.5,120.5,2001-01-01,2001-05-05,124,25,23.839157,25.256157,22.616549,84.76315,3.555478,8.0078125,90.93129,78.37703,4.9410257,2.1691456
22.5,120.5,2001-01-01,2001-05-05,124,25,25.091131,27.119804,23.468496,82.05935,2.351715,6.5893555,90.050575,72.71224,3.454811,1.3552891
22.5,121.5,2001-01-01,2001-05-05,124,25,25.747047,26.693165,24.797974,82.30695,4.9503675,3.515625,86.58079,77.54411,6.5550838,3.3505454
24.5,121.5,2001-01-01,2001-05-05,124,25,20.73201,22.98584,18.856457,86.731316,2.0507472,10.422363,93.63274,78.34612,2.8376586,1.3020359
23.5,120.5,2001-01-01,2001-05-06,125,25,22.327034,25.169228,20.212301,85.49438,1.675833,9.277344,93.51577,72.99429,2.8129494,0.7654188
24.5,121.5,2001-01-01,2001-05-06,125,25,20.17926,22.241596,18.53001,86.40444,2.306194,12.751465,92.38529,78.3616,3.0407658,1.5303333
23.5,121.5,2001-01-01,2001-05-06,125,25,21.560003,23.329174,20.232008,85.4836,2.6147413,10.202637,90.86572,77.913605,3.772743,1.6268167
22.5,120.5,2001-01-01,2001-05-06,125,25,24.95842,26.959873,23.390923,81.65153,2.320694,4.482422,89.49176,71.89125,3.23242,1.4398723
22.5,121.5,2001-01-01,2001-05-06,125,25,25.313147,26.228203,24.511158,81.92651,5.2569304,3.930664,86.25571,77.127014,6.8562703,3.5685403
24.5,120.5,2001-01-01,2001-05-06,125,25,23.779905,25.121964,22.713467,82.31592,4.2604704,9.118652,88.233246,75.198006,5.7469196,2.4636245
22.5,120.5,2001-01-01,2001-05-07,126,25,24.96832,26.861065,23.474825,81.53729,2.4911413,5.776367,89.395775,72.23171,3.4883957,1.6414621
24.5,120.5,2001-01-01,2001-05-07,126,25,23.779726,25.004223,22.780806,82.50617,3.694117,9.831543,88.51677,76.11413,5.255042,1.8312548
23.5,121.5,2001-01-01,2001-05-07,126,25,21.593653,23.193413,20.392965,85.59427,2.2160223,10.3125,90.87692,79.07288,3.2342584,1.2346344
23.5,120.5,2001-01-01,2001-05-07,126,25,22.263575,24.73149,20.149591,85.63233,1.53164,9.689941,93.9022,75.04472,2.4359198,0.68792754
24.5,121.5,2001-01-01,2001-05-07,126,25,20.31422,22.250557,18.83984,86.78874,2.1146142,11.311035,93.07622,78.65563,2.8638604,1.3499942
22.5,121.5,2001-01-01,2001-05-07,126,25,25.351992,26.082338,24.644863,81.40493,4.6009874,6.1157227,85.70261,76.875824,6.045539,3.0511923
24.5,120.5,2001-01-01,2001-05-08,127,25,23.863401,25.072319,22.805859,84.83471,4.0114985,10.544434,90.19597,79.414055,5.5238633,2.4437246
24.5,121.5,2001-01-01,2001-05-08,127,25,20.59348,22.575523,18.974459,88.6369,2.2333763,15.622559,94.0748,81.309906,3.008882,1.4663272
23.5,120.5,2001-01-01,2001-05-08,127,25,22.36764,24.927563,20.274849,87.19946,1.7228662,11.630859,95.07648,77.08794,2.599935,1.0012747
22.5,121.5,2001-01-01,2001-05-08,127,25,25.634808,26.457441,24.82378,83.382774,5.0586443,9.094238,87.87298,78.86585,6.457554,3.3603191
22.5,120.5,2001-01-01,2001-05-08,127,25,25.129202,27.008188,23.771612,83.228546,2.3221047,6.472168,90.46703,74.215294,3.2940824,1.3087715
23.5,121.5,2001-01-01,2001-05-08,127,25,21.8393,23.623486,20.42269,87.38913,2.2751284,14.406738,92.30635,80.85882,3.4229288,1.1068568
24.5,121.5,2001-01-01,2001-05-09,128,25,20.744492,22.490074,19.354607,89.001884,2.3372695,12.321777,94.161514,82.22275,3.068006,1.5351076
24.5,120.5,2001-01-01,2001-05-09,128,25,24.18209,25.342808,23.234194,84.933075,3.909743,8.457031,90.45237,78.93105,5.512733,2.3982427
23.5,121.5,2001-01-01,2001-05-09,128,25,21.96045,23.505386,20.826576,88.35412,2.5091176,12.199707,92.60888,82.8112,3.461766,1.6310519
22.5,121.5,2001-01-01,2001-05-09,128,25,25.635899,26.318043,25.011036,84.754684,5.033432,7.727051,88.0195,80.70259,6.1759715,3.655542
22.5,120.5,2001-01-01,2001-05-09,128,25,25.256992,26.9321,24.037632,84.399704,2.2491038,8.583984,90.3233,76.484436,3.0887063,1.4137839
23.5,120.5,2001-01-01,2001-05-09,128,25,22.638515,25.05187,20.813614,87.71694,1.5843635,11.765137,94.753525,77.97626,2.5397463,0.8919991
23.5,120.5,2001-01-01,2001-05-10,129,25,22.769077,25.20413,20.83081,88.1007,1.3720567,6.032715,95.401054,77.96553,2.219903,0.73406565
24.5,121.5,2001-01-01,2001-05-10,129,25,21.12859,22.919806,19.761442,89.175285,2.0007904,12.138672,94.34278,82.13075,2.60637,1.3736643
23.5,121.5,2001-01-01,2001-05-10,129,25,22.232847,23.83499,21.100279,88.2186,2.0802214,9.802246,92.541115,82.61064,3.1262503,1.1849222
22.5,120.5,2001-01-01,2001-05-10,129,25,25.402027,27.172256,24.013544,84.21021,2.3168721,7.7319336,91.0326,75.70749,3.1456296,1.5412166
22.5,121.5,2001-01-01,2001-05-10,129,25,25.893414,26.633081,25.265068,83.93879,4.3464975,7.133789,87.574776,80.14486,5.691927,2.9280062
24.5,120.5,2001-01-01,2001-05-10,129,25,24.36605,25.584389,23.404747,86.40761,3.2674034,3.9575195,91.497986,80.04672,4.676842,1.6976148
22.5,120.5,2001-01-01,2001-05-11,130,25,25.702375,27.737364,24.159492,83.465294,2.16683,4.4433594,91.0152,73.49605,2.9761362,1.533779
24.5,120.5,2001-01-01,2001-05-11,130,25,24.77091,26.186739,23.589355,84.86763,3.869765,3.5644531,90.89773,77.6573,4.941633,2.568299
23.5,121.5,2001-01-01,2001-05-11,130,25,22.542551,24.323809,21.22132,87.24924,1.9580978,7.282715,92.21724,80.17884,2.9784687,1.2171804
22.5,121.5,2001-01-01,2001-05-11,130,25,26.17925,27.033028,25.442358,83.70623,3.8473465,3.6938477,87.64934,79.30406,5.238325,2.5032403
23.5,120.5,2001-01-01,2001-05-11,130,25,23.108665,25.849237,20.834726,86.50028,1.5025314,4.958496,94.989044,74.63397,2.315715,0.82907414
24.5,121.5,2001-01-01,2001-05-11,130,25,21.429934,23.489042,19.662931,88.136345,1.7558414,8.811035,94.39358,79.45687,2.3957932,1.1367831
23.5,120.5,2001-01-01,2001-05-12,131,25,23.18935,25.829414,21.034517,86.69483,1.5354184,11.088867,94.95888,75.65999,2.493862,0.79169464
24.5,121.5,2001-01-01,2001-05-12,131,25,21.47396,23.51793,19.815533,88.5843,2.0922956,13.112793,94.26178,80.84838,2.7980354,1.3271273
24.5,120.5,2001-01-01,2001-05-12,131,25,24.64187,26.012993,23.531294,85.486786,3.8430717,7.7807617,90.33283,79.15287,5.207528,2.2510617
22.5,121.5,2001-01-01,2001-05-12,131,25,26.11226,26.869835,25.40461,84.142265,4.028311,6.179199,87.689384,80.49082,5.5044556,2.2703488
22.5,120.5,2001-01-01,2001-05-12,131,25,25.6623,27.533072,24.155317,84.14294,2.2569656,7.8027344,91.341545,74.89649,3.1715608,1.4732535
23.5,121.5,2001-01-01,2001-05-12,131,25,22.59816,24.270884,21.255894,87.460495,2.0979989,11.494141,92.27126,80.71741,3.2530727,1.0835936
23.5,120.5,2001-01-01,2001-05-13,132,25,23.263037,25.997978,21.02665,86.65002,1.5167937,9.379883,94.78,74.93558,2.5839617,0.6694939
24.5,120.5,2001-01-01,2001-05-13,132,25,24.750069,26.053717,23.690693,85.49477,3.7296975,7.019043,90.82097,79.24921,5.154538,2.1321175
23.5,121.5,2001-01-01,2001-05-13,132,25,22.8362,24.691256,21.425234,87.45393,2.1564806,8.969727,92.96784,79.96549,3.1330414,1.1863589
22.5,120.5,2001-01-01,2001-05-13,132,25,25.827587,27.821972,24.3279,84.078094,2.1845849,5.3930664,91.60303,74.17365,3.0621946,1.4169339
22.5,121.5,2001-01-01,2001-05-13,132,25,26.384972,27.258223,25.595722,84.02382,3.7019281,4.8535156,88.27579,79.66006,5.0313334,2.3222487
24.5,121.5,2001-01-01,2001-05-13,132,25,21.688759,23.764776,20.025402,88.13355,1.9252434,10.766602,94.3398,80.08882,2.5882561,1.2608902
23.5,121.5,2001-01-01,2001-05-14,133,25,22.784945,24.645214,21.241386,86.94772,2.17726,7.20459,92.08287,79.25217,3.3365493,1.1207563
24.5,120.5,2001-01-01,2001-05-14,133,25,24.742054,26.043486,23.660263,84.778145,3.9999022,4.5751953,89.71457,78.71771,5.214761,2.4763775
24.5,121.5,2001-01-01,2001-05-14,133,25,21.42801,23.363604,19.766153,88.48023,1.8180739,9.291992,94.07879,80.92042,2.5061731,1.183054
22.5,121.5,2001-01-01,2001-05-14,133,25,26.398186,27.378721,25.54757,83.9328,4.2955494,2.8930664,88.06445,79.27117,5.7084913,2.734511
22.5,120.5,2001-01-01,2001-05-14,133,25,25.898714,27.757862,24.477514,83.58002,1.9680078,4.1210938,90.25027,74.75119,2.907234,1.1360383
23.5,120.5,2001-01-01,2001-05-14,133,25,23.22674,25.827314,20.990717,86.5804,1.4278868,6.4160156,95.00983,75.13278,2.3277493,0.6791456
22.5,120.5,2001-01-01,2001-05-15,134,25,25.797993,27.5227,24.522442,83.81539,2.0626044,8.217773,89.65061,75.82916,2.8724308,1.4094863
24.5,121.5,2001-01-01,2001-05-15,134,25,21.356665,23.299877,19.838394,88.353165,1.8076407,12.102051,93.98287,80.5051,2.5583973,1.0873035
23.5,121.5,2001-01-01,2001-05-15,134,25,22.545864,24.044155,21.404047,87.59497,1.8573487,13.693848,92.03293,81.49599,2.7994428,1.0023674
23.5,120.5,2001-01-01,2001-05-15,134,25,23.242973,25.708374,21.246157,87.17743,1.3738426,8.962402,95.06428,76.52697,2.2021108,0.66830164
24.5,120.5,2001-01-01,2001-05-15,134,25,24.781431,26.066109,23.64019,84.77796,3.5383248,6.154785,90.62166,78.5278,5.012033,1.9002106
22.5,121.5,2001-01-01,2001-05-15,134,25,26.253345,26.992714,25.622227,83.4466,4.246256,6.5625,86.69576,80.07541,5.61172,2.7772303
22.5,120.5,2001-01-01,2001-05-16,135,25,25.738,27.392569,24.415556,83.28823,2.1041102,7.0581055,89.81247,75.02525,3.2794862,1.2848756
22.5,121.5,2001-01-01,2001-05-16,135,25,26.30009,27.082798,25.518545,82.91801,4.8295393,5.883789,86.661896,78.674095,6.1052833,3.4275124
23.5,121.5,2001-01-01,2001-05-16,135,25,22.679699,24.362286,21.389877,86.82881,2.1254964,12.700195,91.42477,80.136604,3.162178,1.2488006
24.5,120.5,2001-01-01,2001-05-16,135,25,24.779408,26.092276,23.653008,84.95301,4.078128,7.4316406,89.8373,79.16562,5.623572,2.5870664
23.5,120.5,2001-01-01,2001-05-16,135,25,23.166183,25.577665,21.108902,87.07219,1.6496549,10.517578,94.6791,77.11661,2.5504024,0.96872133
24.5,121.5,2001-01-01,2001-05-16,135,25,21.51716,23.616993,19.874214,87.76331,2.004252,11.977539,93.369316,79.399826,2.8487582,1.2134922
23.5,120.5,2001-01-01,2001-05-17,136,25,23.150007,25.673634,21.075386,87.18289,1.5227942,7.7929688,95.16367,76.34807,2.446933,0.78489196
24.5,120.5,2001-01-01,2001-05-17,136,25,24.6336,25.731787,23.705294,85.00706,4.1954,6.352539,90.59792,78.83962,5.2998357,2.959803
24.5,121.5,2001-01-01,2001-05-17,136,25,21.240633,23.041636,19.720377,88.73227,2.271315,11.716309,94.0379,82.18545,3.0154366,1.5398576
22.5,121.5,2001-01-01,2001-05-17,136,25,26.223093,27.07773,25.511953,83.569435,4.8649187,5.925293,87.32269,79.286354,6.1256037,3.2855947
22.5,120.5,2001-01-01,2001-05-17,136,25,25.751003,27.527573,24.334814,83.33045,2.3430085,4.8168945,90.17617,75.03309,3.2239377,1.4795612
23.5,121.5,2001-01-01,2001-05-17,136,25,22.664696,24.461445,21.30356,87.06484,2.49036,10.749512,91.921364,80.08002,3.584771,1.6069576
22.5,121.5,2001-01-01,2001-05-18,137,25,26.384678,27.186329,25.715303,82.979485,5.0156994,4.7021484,86.88899,79.17991,6.2020025,3.746836
22.5,120.5,2001-01-01,2001-05-18,137,25,25.834248,27.806913,24.334204,82.96742,2.3892372,5.078125,90.17951,73.78382,3.190426,1.6217782
23.5,121.5,2001-01-01,2001-05-18,137,25,22.631708,24.250532,21.367353,87.059456,2.5103664,11.123047,91.663216,80.5206,3.5293927,1.6188893
24.5,121.5,2001-01-01,2001-05-18,137,25,21.38671,23.141157,19.951794,88.18499,2.2019374,10.305176,93.23682,81.459595,2.869306,1.597657
24.5,120.5,2001-01-01,2001-05-18,137,25,24.89999,26.119516,23.880127,84.78549,3.8425705,4.9780273,90.0858,78.658195,5.1699953,2.4614909
23.5,120.5,2001-01-01,2001-05-18,137,25,23.17997,25.759127,21.09834,86.9595,1.4719855,8.273926,95.15422,75.702515,2.3587477,0.7992109
22.5,121.5,2001-01-01,2001-05-19,138,25,26.383394,27.170025,25.67648,83.32908,4.331735,7.158203,87.377785,79.22818,5.749424,2.8206604
23.5,120.5,2001-01-01,2001-05-19,138,25,23.37603,26.064096,21.197016,86.44208,1.2360985,7.6220703,94.780945,74.657814,1.8913388,0.6346987
24.5,121.5,2001-01-01,2001-05-19,138,25,21.592358,23.632387,19.930143,87.98742,1.9343289,8.395996,94.29736,79.49075,2.598922,1.386802
22.5,120.5,2001-01-01,2001-05-19,138,25,25.892319,27.769184,24.441572,82.95556,2.368311,6.435547,90.33936,73.70107,3.2236025,1.5587769
24.5,120.5,2001-01-01,2001-05-19,138,25,25.116636,26.495277,23.973583,84.95887,3.5064564,5.095215,90.41787,78.399,4.792769,2.1801128
23.5,121.5,2001-01-01,2001-05-19,138,25,22.66021,24.319574,21.344477,86.845566,1.9587586,10.949707,92.072235,79.88057,2.9759016,1.0194144
22.5,120.5,2001-01-01,2001-05-20,139,25,25.85519,27.593325,24.471138,83.3052,2.6465163,10.539551,89.75455,75.059296,3.6494737,1.7730315
22.5,121.5,2001-01-01,2001-05-20,139,25,26.432964,27.222794,25.67498,83.21436,4.1997647,11.237793,86.9899,79.060005,5.433823,2.8159375
23.5,121.5,2001-01-01,2001-05-20,139,25,22.754253,24.472622,21.407959,86.75094,2.1094277,12.626953,91.89316,79.39273,3.0405462,1.2871977
24.5,120.5,2001-01-01,2001-05-20,139,25,25.279058,26.502935,24.151915,85.04174,3.1880777,7.1289062,90.640625,78.62958,4.7191353,1.7679355
23.5,120.5,2001-01-01,2001-05-20,139,25,23.438902,25.926294,21.312895,86.043106,1.2737513,9.885254,94.492615,75.32105,2.0835972,0.5650826
24.5,121.5,2001-01-01,2001-05-20,139,25,21.793316,23.702496,20.142853,87.61932,2.029956,12.353516,93.861084,79.55115,2.7036743,1.3672138
24.5,120.5,2001-01-01,2001-05-21,140,25,25.319666,26.643057,24.17108,85.26715,3.6738105,8.015137,90.7281,79.33711,5.226748,2.2009375
23.5,121.5,2001-01-01,2001-05-21,140,25,22.890486,24.482994,21.63111,87.38254,2.2529554,19.001465,92.42948,80.920135,3.4757307,1.1590124
24.5,121.5,2001-01-01,2001-05-21,140,25,21.720758,23.627436,20.194464,88.59598,2.335065,23.02246,93.96757,80.84816,3.1095214,1.6136601
22.5,120.5,2001-01-01,2001-05-21,140,25,25.998337,27.787447,24.699438,83.28624,2.6799023,9.436035,89.49591,74.66258,3.6815662,1.7923822
22.5,121.5,2001-01-01,2001-05-21,140,25,26.48988,27.305767,25.770649,83.959404,4.6260896,11.003418,87.84992,79.850716,6.075388,3.129223
23.5,120.5,2001-01-01,2001-05-21,140,25,23.553923,25.993853,21.48147,86.29158,1.541533,12.380371,94.21701,76.259155,2.480622,0.77074033
22.5,121.5,2001-01-01,2001-05-22,141,25,26.392328,27.235268,25.661772,83.84308,4.222459,8.981934,87.43792,80.167206,5.997613,2.4727945
22.5,120.5,2001-01-01,2001-05-22,141,25,25.888247,27.580313,24.527206,83.6655,2.6595623,9.262695,89.9851,75.847466,3.6295722,1.7829894
23.5,121.5,2001-01-01,2001-05-22,141,25,22.853931,24.469467,21.5552,86.645744,2.3260264,11.677246,91.462616,80.28289,3.3915439,1.2861092
24.5,121.5,2001-01-01,2001-05-22,141,25,21.632935,23.638208,20.043848,87.982834,2.364924,13.288574,93.6404,80.32165,3.0710769,1.5678215
24.5,120.5,2001-01-01,2001-05-22,141,25,25.07809,26.27603,24.061626,85.02044,3.8902545,5.8911133,90.08761,79.06372,5.3349276,2.274914
23.5,120.5,2001-01-01,2001-05-22,141,25,23.452602,25.834375,21.441923,86.60132,1.5310475,9.436035,94.34427,76.709625,2.4459867,0.76481515
22.5,121.5,2001-01-01,2001-05-23,142,25,26.573942,27.37187,25.859165,83.929794,4.4737444,9.003906,88.21268,79.32629,6.031998,3.194368
24.5,120.5,2001-01-01,2001-05-23,142,25,25.207067,26.375864,24.164902,85.57543,3.7300296,6.555176,90.42355,79.94999,5.1172214,2.404306
24.5,121.5,2001-01-01,2001-05-23,142,25,21.930174,23.87208,20.281002,87.96198,1.9445741,15.014648,93.87228,80.2811,2.651352,1.2777092
22.5,120.5,2001-01-01,2001-05-23,142,25,25.910955,27.627878,24.539,83.8644,2.7701528,11.855469,90.90256,75.1428,3.6552253,2.0339723
23.5,120.5,2001-01-01,2001-05-23,142,25,23.322693,25.613955,21.174786,87.08213,1.535903,12.353516,94.484314,78.04744,2.4162173,0.8649924
23.5,121.5,2001-01-01,2001-05-23,142,25,22.913532,24.55294,21.563759,87.63546,2.043437,12.138672,92.96534,80.707504,3.17009,1.2558563
24.5,120.5,2001-01-01,2001-05-24,143,25,25.328194,26.606264,24.256786,84.66808,3.7859356,6.989746,90.5687,78.16595,5.0577955,2.5443451
22.5,121.5,2001-01-01,2001-05-24,143,25,26.552763,27.469614,25.765879,84.51138,4.9952602,10.595703,88.38294,80.18225,6.4031386,3.4009192
22.5,120.5,2001-01-01,2001-05-24,143,25,25.910147,27.628046,24.542046,84.61429,2.9396157,14.367676,91.06763,76.39194,3.9912653,1.9104005
24.5,121.5,2001-01-01,2001-05-24,143,25,21.9429,24.081816,20.239483,87.85052,2.201408,16.374512,94.06985,79.17402,2.8520322,1.6263566
23.5,121.5,2001-01-01,2001-05-24,143,25,22.995615,24.809076,21.605234,87.22359,2.4637945,14.675293,91.994606,80.422165,3.605541,1.4459931
23.5,120.5,2001-01-01,2001-05-24,143,25,23.589014,26.278292,21.450855,86.46988,1.5563735,15.13916,94.38332,75.34821,2.5305045,0.7334832
23.5,120.5,2001-01-01,2001-05-25,144,25,23.705887,26.3006,21.712133,86.35385,1.4108418,7.0874023,94.10508,75.131134,2.1966722,0.8173465
22.5,121.5,2001-01-01,2001-05-25,144,25,26.519129,27.227837,25.860615,84.76872,5.4301243,9.128418,87.73765,81.342575,7.0835643,3.6494992
24.5,121.5,2001-01-01,2001-05-25,144,25,21.929811,23.778305,20.422754,87.80457,2.2266147,11.628418,93.78709,80.28867,3.0656345,1.4384013
23.5,121.5,2001-01-01,2001-05-25,144,25,23.029968,24.695053,21.788935,87.0887,2.598277,9.484863,91.87597,80.4502,3.5954254,1.6100943
24.5,120.5,2001-01-01,2001-05-25,144,25,25.430944,26.760962,24.393047,83.96834,3.7970102,5.004883,89.31818,77.481285,5.0699944,2.2781029
22.5,120.5,2001-01-01,2001-05-25,144,25,25.988758,27.67396,24.763472,84.24177,2.4332247,9.39209,90.274025,76.476425,3.3927069,1.4334985
23.5,121.5,2001-01-01,2001-05-26,145,25,23.106644,24.72085,21.866568,87.71785,2.4054635,12.30957,92.4547,81.33376,3.4587126,1.3253763
24.5,121.5,2001-01-01,2001-05-26,145,25,21.87676,23.671587,20.43676,88.78017,2.1373794,13.571777,94.10066,81.71113,2.8142123,1.4105633
22.5,120.5,2001-01-01,2001-05-26,145,25,25.933577,27.38584,24.74959,84.92777,2.6728082,12.114258,90.44112,78.05922,3.5927844,1.784682
24.5,120.5,2001-01-01,2001-05-26,145,25,25.334358,26.483086,24.312553,84.252815,4.0321712,5.3588867,90.222015,78.3299,5.328737,2.550434
22.5,121.5,2001-01-01,2001-05-26,145,25,26.464163,27.216152,25.795444,85.17265,4.685833,10.939941,88.81438,81.00426,6.1986456,2.9840615
23.5,120.5,2001-01-01,2001-05-26,145,25,23.690002,25.847515,21.733652,86.77811,1.5978231,10.43457,94.08207,78.291046,2.6351893,0.83732915
23.5,120.5,2001-01-01,2001-05-27,146,25,23.64556,25.756777,21.719488,87.284904,1.5543131,13.220215,93.94828,79.66347,2.4169598,0.93755347
23.5,121.5,2001-01-01,2001-05-27,146,25,23.114016,24.457125,21.935053,88.253235,2.1298957,14.162598,92.45215,83.16084,3.179188,1.1719071
24.5,121.5,2001-01-01,2001-05-27,146,25,21.934935,23.668848,20.411491,88.66875,1.9105592,16.286621,93.95218,81.82978,2.654895,1.2520728
24.5,120.5,2001-01-01,2001-05-27,146,25,25.404778,26.568798,24.342266,85.32835,3.7813241,8.94043,90.23203,80.18127,4.945362,2.6066668
22.5,121.5,2001-01-01,2001-05-27,146,25,26.66632,27.480375,25.937119,84.64722,4.767046,7.866211,88.723015,80.66465,6.34104,3.1977844
22.5,120.5,2001-01-01,2001-05-27,146,25,25.935247,27.43287,24.68683,85.23783,2.4275007,9.934082,90.74408,78.79692,3.4670916,1.5702481
23.5,121.5,2001-01-01,2001-05-28,147,25,23.237358,24.848574,21.995537,87.96987,2.0493073,11.044922,92.65193,81.87544,3.0507967,1.2060616
23.5,120.5,2001-01-01,2001-05-28,147,25,23.806324,26.046186,21.865337,86.80131,1.4780436,8.54248,94.11893,77.860176,2.3407292,0.8691132
22.5,121.5,2001-01-01,2001-05-28,147,25,26.857925,27.747393,26.07206,84.27392,4.3841558,4.382324,88.198555,80.03146,5.930278,2.8236258
24.5,121.5,2001-01-01,2001-05-28,147,25,22.051598,23.738022,20.589361,88.836174,1.7854629,13.623047,94.04137,82.21573,2.5850022,1.0407223
22.5,120.5,2001-01-01,2001-05-28,147,25,26.206284,27.91706,24.9144,84.598976,1.9669,5.654297,90.70971,77.08089,2.8922625,1.129159
24.5,120.5,2001-01-01,2001-05-28,147,25,25.558472,26.718155,24.520786,85.11608,3.956188,6.1523438,90.43732,79.88235,5.440382,2.4685214
24.5,121.5,2001-01-01,2001-05-29,148,25,22.346508,24.018007,20.833218,88.267166,1.6985681,15.681152,93.69086,81.8484,2.4711525,0.9863382
22.5,120.5,2001-01-01,2001-05-29,148,25,26.188501,27.716133,24.997158,85.37966,1.9920144,8.464355,91.0278,78.30623,2.9270415,1.1446934
24.5,120.5,2001-01-01,2001-05-29,148,25,25.748716,26.909512,24.760664,84.96817,3.7665582,7.6098633,89.9719,79.79219,4.949213,2.6288264
22.5,121.5,2001-01-01,2001-05-29,148,25,27.036118,27.91455,26.295479,84.33905,4.3199368,4.453125,88.20797,80.30271,5.6979923,3.1086068
23.5,120.5,2001-01-01,2001-05-29,148,25,23.784946,26.025654,21.679424,87.03072,1.6167525,11.2890625,94.15643,78.33348,2.466233,0.9659168
23.5,121.5,2001-01-01,2001-05-29,148,25,23.37485,24.801035,22.133545,87.92715,1.8539824,13.120117,91.9097,83.16435,2.7646713,1.0609789
23.5,121.5,2001-01-01,2001-05-30,149,25,23.575432,25.088295,22.208668,87.430305,1.9797392,10.793457,92.54482,81.046684,2.8213007,1.2085638
24.5,121.5,2001-01-01,2001-05-30,149,25,22.462893,24.185215,20.909386,87.96146,1.7377986,12.324219,93.57175,81.21253,2.3812072,1.1469545
22.5,121.5,2001-01-01,2001-05-30,149,25,27.123713,28.02062,26.327177,84.44872,4.7386794,4.091797,88.52544,80.09731,6.0778856,3.107389
24.5,120.5,2001-01-01,2001-05-30,149,25,25.914183,27.071117,24.860634,85.20783,4.185614,6.010742,90.32184,79.88455,5.4051137,2.9941382
22.5,120.5,2001-01-01,2001-05-30,149,25,26.279924,27.77623,25.02268,84.89124,2.3215737,5.7373047,90.76167,77.74485,3.3201306,1.428541
23.5,120.5,2001-01-01,2001-05-30,149,25,23.97047,26.220762,21.902056,86.5171,1.699815,8.90625,93.872284,77.14543,2.5868344,1.0758878
23.5,120.5,2001-01-01,2001-05-31,150,25,23.981739,26.1558,21.91294,87.51858,1.5066621,9.048323,95.0646,78.47837,2.3450587,0.87520105
23.5,121.5,2001-01-01,2001-05-31,150,25,23.68209,25.331284,22.274292,87.60913,1.8717421,12.520005,92.41671,81.334015,2.7643278,1.0360473
24.5,121.5,2001-01-01,2001-05-31,150,25,22.602598,24.433252,20.971308,88.02791,1.7212178,12.078111,94.03791,80.03835,2.4384272,0.93249124
22.5,121.5,2001-01-01,2001-05-31,150,25,27.097109,28.072817,26.239862,85.05582,4.717883,5.786604,88.61038,80.71691,6.204141,3.25505
24.5,120.5,2001-01-01,2001-05-31,150,25,25.871191,27.108881,24.73631,85.95362,4.2874293,7.439436,91.314026,80.1109,5.635448,2.855471
22.5,120.5,2001-01-01,2001-05-31,150,25,26.367657,27.96916,25.006367,84.94152,2.3586946,7.102522,91.34819,77.66217,3.1947706,1.5757527
