latitude,longitude,init_date,valid_date,lead_day,ens_n,t2m_C,t2m_C_max,t2m_C_min,rh_pct,wind_mps,tp_mm_mean,rh_pct_max,rh_pct_min,wind_mps_max,wind_mps_min
22.5,120.5,2003-09-01,2003-09-01,0,25,27.090504,28.757656,25.860405,86.02974,3.483113,0.0,91.12457,78.23298,4.327125,2.7254097
24.5,120.5,2003-09-01,2003-09-01,0,25,27.800243,28.919218,27.131332,79.7728,10.642565,0.0,82.39573,76.93865,11.02964,10.29473
23.5,120.5,2003-09-01,2003-09-01,0,25,25.412952,28.08461,23.68564,84.06009,3.0645928,0.0,89.50983,74.39086,3.6090722,2.597087
22.5,121.5,2003-09-01,2003-09-01,0,25,27.34066,27.699425,26.950708,87.31079,13.674242,0.0,88.87486,85.99784,14.8326645,12.455382
24.5,121.5,2003-09-01,2003-09-01,0,25,23.118315,24.292109,22.4523,89.73086,7.908018,0.0,92.814186,84.84404,9.58723,6.781058
23.5,121.5,2003-09-01,2003-09-01,0,25,23.923264,24.902187,23.29622,89.39566,8.269846,0.0,92.03169,85.20397,9.198006,7.528858
23.5,120.5,2003-09-01,2003-09-02,1,25,24.31061,26.141079,22.8175,88.46376,1.1965759,11.000519,93.46176,80.85518,1.615953,0.8503156
22.5,120.5,2003-09-01,2003-09-02,1,25,25.624615,26.640287,24.776583,88.46168,7.70095,23.649597,91.26849,85.00241,11.621442,4.96902
23.5,121.5,2003-09-01,2003-09-02,1,25,22.888735,23.799942,21.910986,91.22315,3.8833039,66.5889,93.85607,88.62753,7.403397,1.0807873
24.5,121.5,2003-09-01,2003-09-02,1,25,22.581139,23.837553,21.530088,89.28084,5.083865,19.85672,92.980644,83.568405,8.097349,2.725089
22.5,121.5,2003-09-01,2003-09-02,1,25,26.618774,27.334751,25.742031,88.31983,7.4744053,55.598446,90.96451,85.433304,11.803021,4.3753676
24.5,120.5,2003-09-01,2003-09-02,1,25,27.404732,28.874195,26.083984,84.51874,3.1773133,3.0078125,91.84744,77.96063,8.000987,0.9227113
23.5,120.5,2003-09-01,2003-09-03,2,25,24.09146,26.662254,22.26586,88.81746,1.0490406,10.161133,95.561554,78.27918,1.5359557,0.5852406
22.5,121.5,2003-09-01,2003-09-03,2,25,26.130913,26.713123,25.664404,88.70086,6.2912745,20.191345,90.52086,86.46745,7.3269196,5.1989813
22.5,120.5,2003-09-01,2003-09-03,2,25,25.918901,27.636082,24.899067,86.44288,3.1155539,5.1542664,90.52292,79.287025,4.3985844,2.1839364
24.5,120.5,2003-09-01,2003-09-03,2,25,26.653824,28.1703,25.567036,88.47662,1.8180687,5.6869507,92.64531,81.735535,3.1058624,0.85338473
24.5,121.5,2003-09-01,2003-09-03,2,25,23.058413,25.79194,21.33266,86.501144,2.2666123,1.9706726,93.748436,73.75322,2.992185,1.5744758
23.5,121.5,2003-09-01,2003-09-03,2,25,23.256851,25.010456,22.138325,87.61191,1.9869559,7.3999023,91.77002,80.36407,2.4517648,1.5141845
23.5,121.5,2003-09-01,2003-09-04,3,25,23.517662,25.664557,22.046646,86.13823,2.4228365,3.4509277,92.2254,76.19024,2.9494033,1.9028527
24.5,121.5,2003-09-01,2003-09-04,3,25,23.283716,26.331196,21.17687,84.745026,1.9024755,1.0185242,93.77089,69.71455,2.7209406,1.2010833
22.5,121.5,2003-09-01,2003-09-04,3,25,26.39182,27.08837,25.751728,87.45434,7.2331843,9.553986,89.782845,84.54949,7.943835,6.500757
23.5,120.5,2003-09-01,2003-09-04,3,25,24.345806,27.668463,21.851713,86.94454,1.3062114,5.0082397,95.077034,74.00562,1.844072,0.730123
24.5,120.5,2003-09-01,2003-09-04,3,25,26.770298,28.828773,25.209604,86.0594,2.0311086,4.3107605,92.47219,77.42857,2.7789774,1.3493484
22.5,120.5,2003-09-01,2003-09-04,3,25,26.345356,28.31518,24.944683,84.43645,2.4296532,2.7017212,90.1718,75.42068,3.290462,1.7373585
22.5,120.5,2003-09-01,2003-09-05,4,25,26.083319,27.909653,24.695917,85.23655,2.1654475,6.105194,90.41506,76.829544,2.8033917,1.528516
24.5,120.5,2003-09-01,2003-09-05,4,25,26.54744,28.465044,25.091396,86.21874,2.439217,5.8439636,91.70633,78.55427,3.6208947,1.4635992
23.5,120.5,2003-09-01,2003-09-05,4,25,23.947908,26.811373,21.69834,87.75932,1.1201999,7.636566,95.10921,76.303246,1.6059277,0.5682955
22.5,121.5,2003-09-01,2003-09-05,4,25,26.287146,26.928476,25.673775,87.258644,6.696865,15.016022,89.751595,84.25359,7.435355,5.893896
24.5,121.5,2003-09-01,2003-09-05,4,25,23.05652,25.737465,21.172945,84.71794,1.9121988,3.5591125,92.563255,71.51628,2.7863865,1.2363925
23.5,121.5,2003-09-01,2003-09-05,4,25,23.352888,25.11192,22.01105,86.34518,2.5047314,7.591095,91.56052,78.08752,3.1478167,1.9176449
23.5,120.5,2003-09-01,2003-09-06,5,25,23.685154,25.813217,22.25934,89.25086,1.1694771,11.76239,94.96291,80.43376,1.7942194,0.549026
22.5,120.5,2003-09-01,2003-09-06,5,25,25.890993,27.34939,25.001772,86.33192,2.5206246,8.140564,90.466805,79.26277,3.3733442,1.6901585
23.5,121.5,2003-09-01,2003-09-06,5,25,23.393572,24.898062,22.404213,86.50198,1.9568268,9.1719055,90.45168,80.04817,2.8837783,1.0818752
24.5,121.5,2003-09-01,2003-09-06,5,25,23.034723,25.100605,21.676664,86.208084,2.1559882,6.3497925,92.26875,76.56369,2.7613382,1.5607775
22.5,121.5,2003-09-01,2003-09-06,5,25,26.467068,27.119133,25.980415,86.51447,5.3770432,14.152222,89.02681,83.538536,6.7098393,3.8551621
24.5,120.5,2003-09-01,2003-09-06,5,25,26.252224,27.470327,25.46419,86.96431,2.3809502,8.922119,91.41137,81.39583,3.552455,1.3146571
24.5,120.5,2003-09-01,2003-09-07,6,25,26.562788,27.665176,25.670713,86.6063,2.3559954,5.2682495,90.88365,81.792725,3.266471,1.5201775
22.5,121.5,2003-09-01,2003-09-07,6,25,27.248081,27.936201,26.633726,85.2291,3.5877674,2.50885,88.416916,81.650185,4.7840424,2.452021
24.5,121.5,2003-09-01,2003-09-07,6,25,23.602104,25.539742,22.131836,87.18803,1.6662158,5.3240967,94.3051,77.77073,2.1291559,1.1707376
23.5,121.5,2003-09-01,2003-09-07,6,25,24.160172,25.817236,23.095997,86.63616,1.6820871,2.7835083,92.03879,79.28066,2.660494,0.84357834
22.5,120.5,2003-09-01,2003-09-07,6,25,26.310328,27.649424,25.344053,86.707985,2.548758,4.3569946,91.60131,80.37696,3.5441175,1.5088348
23.5,120.5,2003-09-01,2003-09-07,6,25,24.224566,26.448017,22.546837,88.3809,1.4863168,5.9381104,94.64767,78.92246,2.280073,0.8965068
23.5,121.5,2003-09-01,2003-09-08,7,25,24.367132,26.131641,22.996504,87.9656,1.3600882,4.4595337,93.16658,80.90116,2.6112037,0.46296474
24.5,121.5,2003-09-01,2003-09-08,7,25,23.49475,25.300468,21.90291,88.45277,1.0142969,5.5374146,94.84282,80.09859,1.5438515,0.5322905
22.5,121.5,2003-09-01,2003-09-08,7,25,27.626057,28.525078,26.889257,85.40502,3.4069588,1.902771,89.18008,81.09858,4.7242513,2.0846195
23.5,120.5,2003-09-01,2003-09-08,7,25,24.444963,26.744923,22.513067,88.653694,1.3626043,6.3775635,95.002205,79.53605,2.1752799,0.7918366
24.5,120.5,2003-09-01,2003-09-08,7,25,26.717737,28.009844,25.663536,86.645,2.694687,3.5760498,91.41908,80.797035,3.6468487,1.7530229
22.5,120.5,2003-09-01,2003-09-08,7,25,26.650724,28.138046,25.547441,86.542175,1.9715978,3.804016,91.14146,79.84754,2.9816408,1.0958691
24.5,120.5,2003-09-01,2003-09-09,8,25,26.7,28.058466,25.588799,86.93205,2.9677138,3.567505,91.32829,80.80795,3.9353762,1.9424263
22.5,120.5,2003-09-01,2003-09-09,8,25,26.6542,28.08206,25.483902,86.52685,1.6379849,4.7973633,91.71547,80.13971,2.6330063,0.89024454
23.5,120.5,2003-09-01,2003-09-09,8,25,24.365175,26.80081,22.331167,89.118095,1.2016206,6.7929077,95.6002,79.82674,1.9174292,0.68044007
24.5,121.5,2003-09-01,2003-09-09,8,25,23.389824,25.280107,21.90523,88.43331,1.0189801,9.115601,93.89332,80.35812,1.5971057,0.55564857
22.5,121.5,2003-09-01,2003-09-09,8,25,27.563515,28.59917,26.815264,85.35457,2.8759162,3.279419,88.851944,80.48914,4.2706985,1.5955367
23.5,121.5,2003-09-01,2003-09-09,8,25,24.136114,25.760576,22.925308,88.5172,1.3005389,7.1557617,92.343544,83.013626,2.2142487,0.61119086
22.5,121.5,2003-09-01,2003-09-10,9,25,27.432312,28.324278,26.771713,85.05633,2.8592286,3.6663818,88.3172,80.76555,4.2365956,1.5936929
24.5,121.5,2003-09-01,2003-09-10,9,25,23.158289,24.976252,21.59916,88.825134,1.2417517,9.314575,94.20209,82.10756,1.7809428,0.6983939
23.5,120.5,2003-09-01,2003-09-10,9,25,24.179148,26.511955,22.205704,89.4081,1.0698351,9.511719,95.3887,81.23415,1.5923796,0.5928545
24.5,120.5,2003-09-01,2003-09-10,9,25,26.563055,27.787502,25.507265,86.71536,2.6194282,5.4647827,91.18409,81.66114,3.5560958,1.7097642
23.5,121.5,2003-09-01,2003-09-10,9,25,24.06997,25.59094,22.915781,87.53502,1.4276313,7.3745728,91.22116,82.39626,2.3167489,0.68522406
22.5,120.5,2003-09-01,2003-09-10,9,25,26.541609,28.027424,25.372656,86.60576,1.567191,5.7666016,91.51612,80.14694,2.5581787,0.7086489
23.5,120.5,2003-09-01,2003-09-11,10,25,24.102915,26.580572,22.121187,89.35323,1.1366309,9.310608,95.62902,79.45814,1.8075926,0.63573456
22.5,120.5,2003-09-01,2003-09-11,10,25,26.65307,28.250338,25.480797,85.78949,1.5389179,5.462036,90.94032,78.264084,2.4582124,0.72497696
24.5,121.5,2003-09-01,2003-09-11,10,25,23.058578,24.951977,21.490328,88.07325,1.4199383,9.803467,94.27095,79.73365,2.0871167,0.7839698
22.5,121.5,2003-09-01,2003-09-11,10,25,27.448013,28.244795,26.70104,84.86003,3.3341346,6.044922,88.40687,81.02507,4.456212,2.3037505
24.5,120.5,2003-09-01,2003-09-11,10,25,26.509008,27.837763,25.453838,86.55367,2.7493317,6.3827515,91.1534,80.579254,3.8042257,1.6419376
23.5,121.5,2003-09-01,2003-09-11,10,25,24.00686,25.577446,22.697826,87.00519,1.4706236,8.138123,91.9412,80.18733,2.3419847,0.70018786
22.5,121.5,2003-09-01,2003-09-12,11,25,27.288715,28.06398,26.598116,85.25304,4.0497913,4.4073486,88.527435,81.2505,5.111532,2.9727144
23.5,120.5,2003-09-01,2003-09-12,11,25,24.10694,26.577791,22.012548,89.0685,1.4217622,10.259705,95.67567,79.09063,2.17174,0.75708807
23.5,121.5,2003-09-01,2003-09-12,11,25,24.03727,25.720915,22.783096,86.53105,1.9119078,7.0736694,91.369446,79.66797,2.780642,1.036683
24.5,121.5,2003-09-01,2003-09-12,11,25,22.941626,25.048338,21.320053,88.11315,1.8966513,12.049255,94.571014,79.01283,2.6256542,1.1095054
24.5,120.5,2003-09-01,2003-09-12,11,25,26.418638,27.754118,25.365595,85.538025,3.8060687,5.868225,89.96226,79.755974,4.863799,2.5223603
22.5,120.5,2003-09-01,2003-09-12,11,25,26.519615,28.025057,25.305204,86.16983,1.4611297,6.0214233,91.55004,78.78562,2.0873976,0.78768516
23.5,121.5,2003-09-01,2003-09-13,12,25,23.97177,25.56974,22.791885,86.697975,2.2200794,7.5979614,91.60462,80.32815,3.0538428,1.4753482
22.5,121.5,2003-09-01,2003-09-13,12,25,27.17101,27.905367,26.51023,85.53285,4.392754,8.218994,88.70009,82.251945,5.623213,3.1350083
24.5,121.5,2003-09-01,2003-09-13,12,25,22.855247,24.666616,21.454805,88.384964,1.9966184,11.608276,94.333145,80.68782,2.9075806,1.0838213
24.5,120.5,2003-09-01,2003-09-13,12,25,26.433294,27.75501,25.378193,85.52981,4.172307,6.098938,90.44164,79.58899,5.3986974,2.9202335
22.5,120.5,2003-09-01,2003-09-13,12,25,26.528742,28.023726,25.399258,85.84239,1.6234343,6.217041,90.93614,78.71142,2.305344,1.1075618
23.5,120.5,2003-09-01,2003-09-13,12,25,24.121809,26.591225,22.20207,88.82879,1.4276395,8.183899,95.3066,78.865944,2.2245455,0.8024123
24.5,120.5,2003-09-01,2003-09-14,13,25,26.50006,27.850733,25.47337,86.28006,4.0798793,4.938965,91.10321,80.55312,5.6490574,2.3745272
23.5,121.5,2003-09-01,2003-09-14,13,25,23.920372,25.533232,22.746933,87.27215,2.2242222,8.544617,91.44152,81.57172,3.1318789,1.3666778
24.5,121.5,2003-09-01,2003-09-14,13,25,22.930138,25.005108,21.493286,88.47955,1.8814523,6.5512085,93.947624,80.59349,2.9611602,1.0439742
23.5,120.5,2003-09-01,2003-09-14,13,25,24.078926,26.670654,22.1467,89.00424,1.4340161,10.002441,95.2032,79.160355,2.1655042,0.75921994
22.5,121.5,2003-09-01,2003-09-14,13,25,27.002968,27.641787,26.391996,86.30849,4.826062,11.82373,89.10926,83.480896,5.8466578,3.6874387
22.5,120.5,2003-09-01,2003-09-14,13,25,26.561094,28.149483,25.419561,85.30259,1.6433579,7.369385,90.23169,78.02937,2.410284,0.9436417
24.5,120.5,2003-09-01,2003-09-15,14,25,26.394566,27.65811,25.455307,87.33712,3.7378268,7.144165,91.52179,81.76996,5.164234,2.4717655
24.5,121.5,2003-09-01,2003-09-15,14,25,22.944546,24.899176,21.560303,88.60629,2.1559608,11.525574,94.02186,80.695496,3.0711343,1.335951
22.5,121.5,2003-09-01,2003-09-15,14,25,26.988256,27.589506,26.459585,86.398674,5.0209317,13.784485,88.96606,83.35676,6.0839844,3.7586029
23.5,120.5,2003-09-01,2003-09-15,14,25,24.076754,26.60936,22.18623,88.80106,1.548361,11.937866,95.18838,78.89743,2.25649,0.935838
23.5,121.5,2003-09-01,2003-09-15,14,25,23.838629,25.368628,22.722265,87.76157,2.3420506,11.868286,92.33479,82.16999,2.9746463,1.6160841
22.5,120.5,2003-09-01,2003-09-15,14,25,26.414312,27.838266,25.361021,86.01881,2.1312563,8.534241,90.54548,79.28248,2.8199692,1.4205426
23.5,120.5,2003-09-01,2003-09-16,15,25,24.13263,26.673018,22.095991,88.74507,1.5417361,14.995422,95.608795,78.292076,2.3702934,0.8563418
22.5,121.5,2003-09-01,2003-09-16,15,25,26.93843,27.649311,26.366314,86.70716,5.41253,13.859558,89.462204,83.369606,6.5583887,4.259453
23.5,121.5,2003-09-01,2003-09-16,15,25,23.78093,25.35977,22.654125,87.87996,2.4020264,12.989502,92.059784,81.481224,3.2559435,1.6704961
24.5,120.5,2003-09-01,2003-09-16,15,25,26.640793,28.159033,25.501875,86.99284,3.6605544,8.938904,91.729324,81.03998,5.038885,2.4354753
24.5,121.5,2003-09-01,2003-09-16,15,25,23.043177,25.17544,21.51793,88.44121,2.217327,10.160217,94.14462,79.98204,3.0793915,1.5744786
22.5,120.5,2003-09-01,2003-09-16,15,25,26.45589,28.094019,25.269781,86.0621,2.337998,13.432007,91.27792,78.11165,3.2004137,1.4917481
22.5,121.5,2003-09-01,2003-09-17,16,25,26.971373,27.695904,26.389776,86.52667,5.3402705,9.258118,89.12338,83.31068,6.4696565,4.220835
23.5,121.5,2003-09-01,2003-09-17,16,25,23.717113,25.204615,22.573925,87.59495,2.4506545,9.430237,91.241844,82.13751,3.3048546,1.6866881
23.5,120.5,2003-09-01,2003-09-17,16,25,24.08106,26.752583,22.037115,88.98484,1.464173,7.748108,95.07875,78.67549,2.2646563,0.7601136
24.5,120.5,2003-09-01,2003-09-17,16,25,26.610064,28.215004,25.439926,85.750824,4.0610223,4.819336,89.90629,79.329765,5.3187437,2.7466238
22.5,120.5,2003-09-01,2003-09-17,16,25,26.377836,27.947504,25.234306,86.532326,2.1115115,6.95282,91.217735,79.30142,2.9891315,1.2815334
24.5,121.5,2003-09-01,2003-09-17,16,25,22.840298,24.912895,21.350147,88.07693,2.2442963,8.759155,93.33259,79.411995,3.1770267,1.3886162
22.5,121.5,2003-09-01,2003-09-18,17,25,27.114014,27.900171,26.375996,85.34165,5.4250836,10.088196,88.7412,81.60918,6.5912895,4.08376
24.5,121.5,2003-09-01,2003-09-18,17,25,22.786533,24.935328,21.20777,87.826546,2.2930894,16.863403,94.00269,78.6146,3.4390478,1.3190209
23.5,121.5,2003-09-01,2003-09-18,17,25,23.952705,25.70853,22.67826,86.061935,2.5291593,11.903381,91.13153,78.641396,3.383498,1.6752281
23.5,120.5,2003-09-01,2003-09-18,17,25,24.022139,26.736889,21.98086,88.75178,1.6935197,12.581177,95.40433,77.61337,2.5041804,0.8957383
24.5,120.5,2003-09-01,2003-09-18,17,25,26.515575,28.035639,25.288252,85.713425,4.4235234,8.804321,91.10694,79.256714,6.0804534,2.737226
22.5,120.5,2003-09-01,2003-09-18,17,25,26.4646,28.186811,25.19375,85.801926,2.0785394,7.36084,91.52475,77.16573,2.9991043,1.2018232
24.5,120.5,2003-09-01,2003-09-19,18,25,26.396032,27.8148,25.39752,85.070595,4.9642406,6.775818,89.31603,79.06455,6.6497917,3.204458
22.5,120.5,2003-09-01,2003-09-19,18,25,26.292479,27.932276,25.126158,85.87884,2.4057739,9.707031,90.55078,78.24134,3.3289301,1.535261
24.5,121.5,2003-09-01,2003-09-19,18,25,22.732517,24.708706,21.379145,87.729324,2.6300597,13.514709,93.07787,79.44457,3.7066317,1.6458068
23.5,121.5,2003-09-01,2003-09-19,18,25,23.788982,25.399317,22.573614,87.2747,2.7486825,12.211304,91.8426,81.47116,3.6245356,1.8618753
23.5,120.5,2003-09-01,2003-09-19,18,25,23.932184,26.466503,22.062027,88.49127,1.8025806,9.977112,94.52581,78.484764,2.86384,0.90262777
22.5,121.5,2003-09-01,2003-09-19,18,25,26.97488,27.765118,26.274483,85.773056,5.59314,11.240845,88.84609,81.781944,7.1022363,4.0884
24.5,121.5,2003-09-01,2003-09-20,19,25,22.60546,24.478865,21.25682,88.19236,2.7786622,15.361023,93.49797,80.56409,3.821663,1.9149866
22.5,121.5,2003-09-01,2003-09-20,19,25,26.878956,27.617168,26.288677,85.54501,5.563935,10.057983,88.59372,81.80786,6.932535,4.090471
24.5,120.5,2003-09-01,2003-09-20,19,25,26.330303,27.610651,25.32621,84.14178,5.223872,8.907776,88.67949,78.3517,6.3907537,4.08091
22.5,120.5,2003-09-01,2003-09-20,19,25,26.226866,27.796904,25.084091,85.7712,2.2357154,7.383423,91.14908,78.3019,3.126784,1.3177669
23.5,121.5,2003-09-01,2003-09-20,19,25,23.635752,25.101341,22.598814,87.49982,2.8770454,12.384033,91.5171,81.966484,3.887397,1.8615792
23.5,120.5,2003-09-01,2003-09-20,19,25,23.938251,26.344904,22.090586,87.9087,1.9330611,10.016785,94.806816,78.20532,3.0090451,1.1249307
24.5,121.5,2003-09-01,2003-09-21,20,25,22.569988,24.487856,21.28541,88.13047,2.5218058,12.251587,93.50379,79.98941,3.4149468,1.7038965
24.5,120.5,2003-09-01,2003-09-21,20,25,26.364246,27.781372,25.365982,84.30716,4.665286,5.1239014,89.34594,77.78538,6.0204906,3.3031707
23.5,121.5,2003-09-01,2003-09-21,20,25,23.621803,25.188023,22.579233,87.10325,2.589705,11.433716,91.28892,80.87803,3.3787632,1.8288361
22.5,120.5,2003-09-01,2003-09-21,20,25,26.10112,27.562387,25.09956,85.968994,2.0465298,8.409424,90.37929,78.64744,2.9503028,1.1533982
23.5,120.5,2003-09-01,2003-09-21,20,25,23.869774,26.481216,22.042875,88.1877,1.6082141,9.282837,94.88962,77.70024,2.5117185,0.9214997
22.5,121.5,2003-09-01,2003-09-21,20,25,26.869186,27.505981,26.315712,85.431564,5.1538916,11.071777,88.1453,82.27744,6.2014875,3.8942711
24.5,121.5,2003-09-01,2003-09-22,21,25,22.472206,24.414679,21.077675,88.326065,2.3034854,10.150757,93.82459,79.6399,3.2496514,1.4232135
23.5,120.5,2003-09-01,2003-09-22,21,25,23.824375,26.465927,21.805395,88.3428,1.67245,7.987671,95.235886,77.65736,2.5345404,1.0402129
24.5,120.5,2003-09-01,2003-09-22,21,25,26.214024,27.596241,25.165005,84.844666,4.8514757,5.9136963,89.48477,78.66361,6.5555935,3.2374518
22.5,120.5,2003-09-01,2003-09-22,21,25,26.191816,27.787813,25.048355,86.01963,1.7884607,7.006836,91.4074,78.12776,2.5340586,1.036126
22.5,121.5,2003-09-01,2003-09-22,21,25,26.862617,27.459692,26.324839,86.06037,5.5057497,11.572266,89.08804,83.17729,6.7421694,4.1500373
23.5,121.5,2003-09-01,2003-09-22,21,25,23.605919,25.117725,22.511187,87.156296,2.6052315,8.502197,91.617256,80.44338,3.3356943,1.664022
24.5,121.5,2003-09-01,2003-09-23,22,25,22.420786,24.585255,20.991812,87.366936,2.280857,7.5683594,93.51136,77.5078,3.2627387,1.481618
22.5,120.5,2003-09-01,2003-09-23,22,25,26.228344,27.942408,25.113056,85.52863,2.0597253,5.6610107,90.447014,76.75168,2.7963169,1.3553908
23.5,121.5,2003-09-01,2003-09-23,22,25,23.565474,25.191895,22.465904,86.331856,2.5688996,5.307007,91.375916,78.86702,3.2574847,1.9026805
24.5,120.5,2003-09-01,2003-09-23,22,25,26.152973,27.621557,25.158197,84.84117,5.057242,4.4500732,89.600006,78.433075,6.5003295,3.4004955
23.5,120.5,2003-09-01,2003-09-23,22,25,23.771059,26.465488,21.847666,87.973145,1.8426061,6.1065674,94.860275,76.353096,2.7109098,1.1025422
22.5,121.5,2003-09-01,2003-09-23,22,25,26.875572,27.649996,26.247236,85.18519,5.695375,6.09375,88.58155,81.072464,6.627755,4.6725526
22.5,121.5,2003-09-01,2003-09-24,23,25,26.871933,27.583637,26.181158,84.45096,6.1302514,10.8428955,87.684814,81.133286,7.262181,5.093046
23.5,120.5,2003-09-01,2003-09-24,23,25,23.791485,26.50665,21.870903,87.3689,1.7945176,8.257446,94.20229,76.18622,2.5946765,1.1162486
22.5,120.5,2003-09-01,2003-09-24,23,25,26.280489,27.948061,25.105825,84.74244,2.040937,8.067017,89.81345,76.56222,2.800099,1.3479245
23.5,121.5,2003-09-01,2003-09-24,23,25,23.52625,25.088999,22.392662,85.98742,2.8131309,10.182495,90.43432,79.88894,3.601361,2.104514
24.5,121.5,2003-09-01,2003-09-24,23,25,22.314903,24.277353,20.90103,86.828224,2.479544,8.547974,92.401985,78.62392,3.411854,1.6834419
24.5,120.5,2003-09-01,2003-09-24,23,25,26.1741,27.620167,25.082745,83.15341,5.1859417,4.046631,88.11085,76.78981,6.5309386,3.7391076
23.5,120.5,2003-09-01,2003-09-25,24,25,23.566032,26.151733,21.654015,87.67879,1.7098829,9.934082,94.37708,76.97481,2.4777877,1.0621514
22.5,121.5,2003-09-01,2003-09-25,24,25,26.830837,27.47836,26.217579,83.5777,6.4739428,13.424683,86.21675,80.48704,7.358556,5.6064897
24.5,121.5,2003-09-01,2003-09-25,24,25,22.025564,23.835665,20.686733,87.028175,2.7308576,11.087036,92.35042,79.37143,3.4869788,2.016022
24.5,120.5,2003-09-01,2003-09-25,24,25,25.996521,27.388634,24.861544,82.93208,5.189795,5.133667,87.49863,77.134285,6.6246905,3.8175972
23.5,121.5,2003-09-01,2003-09-25,24,25,23.300661,24.663452,22.280655,85.827614,3.154723,15.323486,89.612366,80.4497,3.8739254,2.4385345
22.5,120.5,2003-09-01,2003-09-25,24,25,26.024744,27.570795,24.967817,85.01183,2.2560062,12.991333,89.71809,77.04615,2.9453092,1.6383072
22.5,121.5,2003-09-01,2003-09-26,25,25,26.85834,27.513325,26.189102,83.86109,6.471102,6.628418,87.20763,80.146515,7.5816045,5.441055
23.5,120.5,2003-09-01,2003-09-26,25,25,23.46453,26.102257,21.540146,87.9262,1.8023515,7.6123047,94.62151,76.72223,2.6576362,1.1417791
22.5,120.5,2003-09-01,2003-09-26,25,25,26.04172,27.60874,24.876947,84.79917,2.345215,7.3413086,90.11878,76.76283,3.2395883,1.5713283
23.5,121.5,2003-09-01,2003-09-26,25,25,23.343145,24.820704,22.247564,85.66878,3.260627,8.442383,90.23891,79.67495,4.0188866,2.483957
24.5,120.5,2003-09-01,2003-09-26,25,25,25.871798,27.152657,24.908388,83.36629,5.612994,4.993286,87.950966,78.0922,6.887744,4.2310762
24.5,121.5,2003-09-01,2003-09-26,25,25,21.979727,23.75257,20.793676,87.5447,2.7977471,9.894409,92.44399,80.16759,3.7239947,1.8987805
23.5,120.5,2003-09-01,2003-09-27,26,25,23.591423,26.30105,21.740284,86.710556,1.946914,4.324951,93.89725,75.18902,2.9478855,1.1494433
22.5,121.5,2003-09-01,2003-09-27,26,25,26.928259,27.52628,26.37581,83.01574,6.4211793,3.7646484,86.304596,79.0896,7.476005,5.2083306
23.5,121.5,2003-09-01,2003-09-27,26,25,23.497576,25.135883,22.456045,84.74307,3.3237793,4.7644043,89.63312,77.736595,4.00528,2.5790033
22.5,120.5,2003-09-01,2003-09-27,26,25,26.135387,27.790815,25.043789,83.76218,1.8516529,3.4869385,89.03884,75.258575,2.4997742,1.0255848
24.5,120.5,2003-09-01,2003-09-27,26,25,25.8649,27.220894,24.853876,82.73069,5.650675,2.8051758,87.331055,77.06913,7.0165462,4.3325014
24.5,121.5,2003-09-01,2003-09-27,26,25,21.932068,23.914478,20.502417,87.112724,2.7292578,7.13562,92.84262,78.590164,3.7145333,1.9028401
22.5,121.5,2003-09-01,2003-09-28,27,25,26.856077,27.481909,26.229286,82.66526,6.612384,6.1328125,86.015686,79.29319,7.5497804,5.690237
23.5,120.5,2003-09-01,2003-09-28,27,25,23.36389,25.94191,21.371222,86.62447,2.183704,4.11438,93.929924,75.51997,3.2009475,1.4713832
22.5,120.5,2003-09-01,2003-09-28,27,25,26.093987,27.688862,24.907001,83.282265,1.9075068,3.032837,89.00111,74.72971,2.632808,1.2965224
24.5,121.5,2003-09-01,2003-09-28,27,25,21.723732,23.463984,20.43112,87.37808,2.9837399,12.091675,92.91857,79.871414,3.9550054,2.0835807
23.5,121.5,2003-09-01,2003-09-28,27,25,23.398693,24.964956,22.287163,84.32039,3.391124,7.8497314,89.31664,77.67916,4.1248975,2.7024534
24.5,120.5,2003-09-01,2003-09-28,27,25,25.65387,26.837378,24.705761,82.30462,6.580283,4.0704346,86.6318,77.57302,7.806767,5.0772557
23.5,120.5,2003-09-01,2003-09-29,28,25,23.36034,25.904053,21.414986,87.331985,2.4441633,6.871338,93.869965,76.99759,3.560647,1.569293
22.5,121.5,2003-09-01,2003-09-29,28,25,26.853426,27.450478,26.32434,83.85619,7.3843594,9.848022,86.716896,80.495056,8.584001,6.141081
23.5,121.5,2003-09-01,2003-09-29,28,25,23.448582,24.84708,22.438955,85.77717,3.6309032,12.5616455,90.12553,80.00104,4.3851857,2.7992349
22.5,120.5,2003-09-01,2003-09-29,28,25,26.029696,27.646162,24.844389,84.40743,2.464431,4.5758057,90.47294,75.71607,3.3046288,1.6263591
24.5,121.5,2003-09-01,2003-09-29,28,25,21.903854,23.753653,20.766567,88.10516,3.474037,18.391113,93.28934,80.39051,4.529395,2.6023867
24.5,120.5,2003-09-01,2003-09-29,28,25,25.743034,27.032167,24.807358,82.6094,7.466128,7.046509,86.92534,77.641014,8.810562,5.812345
22.5,121.5,2003-09-01,2003-09-30,29,25,26.85176,27.462587,26.332857,83.90791,8.10744,13.088379,86.65683,81.16539,9.082411,6.926935
23.5,120.5,2003-09-01,2003-09-30,29,25,23.386642,26.026426,21.556524,86.82456,2.4947836,4.7906494,93.14658,76.48105,3.5024438,1.6974984
24.5,120.5,2003-09-01,2003-09-30,29,25,25.633753,26.882055,24.757578,81.71314,7.7756,3.3197021,85.33352,76.87575,9.027218,6.417701
22.5,120.5,2003-09-01,2003-09-30,29,25,25.975275,27.618868,24.85246,84.880486,2.3761833,4.972534,90.404816,76.33197,3.1876872,1.6660113
24.5,121.5,2003-09-01,2003-09-30,29,25,21.638517,23.316456,20.516783,88.61728,3.7471414,13.035889,92.92401,81.5202,4.8752193,2.7369835
23.5,121.5,2003-09-01,2003-09-30,29,25,23.38846,24.944931,22.323969,85.82722,4.2717757,11.068726,89.74282,79.70859,5.0386786,3.4673269
23.5,121.5,2003-09-01,2003-10-01,30,25,23.319538,24.786436,22.25898,85.08125,4.2887344,11.96167,89.392685,79.28602,5.1058717,3.5301626
22.5,121.5,2003-09-01,2003-10-01,30,25,26.77245,27.276157,26.281866,83.388176,8.226749,7.616577,85.997215,80.488815,9.340384,6.994658
22.5,120.5,2003-09-01,2003-10-01,30,25,25.882996,27.370342,24.85392,84.490326,2.199063,5.776367,89.41109,76.5372,2.9668634,1.4145651
24.5,120.5,2003-09-01,2003-10-01,30,25,25.43118,26.709223,24.434721,80.92477,7.911172,8.400879,85.0852,75.24307,9.04631,6.649449
23.5,120.5,2003-09-01,2003-10-01,30,25,23.311024,25.98354,21.537983,86.66608,2.6242075,9.561768,93.39641,75.41747,3.9225385,1.656329
24.5,121.5,2003-09-01,2003-10-01,30,25,21.449364,23.06336,20.2992,87.61548,3.7976975,18.601685,92.34833,80.50768,4.794005,2.7644243
24.5,121.5,2003-09-01,2003-10-02,31,25,21.361809,23.183691,20.01959,86.70706,3.699352,14.2907715,91.37265,79.11983,4.590475,2.8973582
23.5,120.5,2003-09-01,2003-10-02,31,25,23.264484,26.043535,21.417744,86.22088,2.4063287,4.831543,93.535,74.4136,3.5146024,1.7224782
22.5,121.5,2003-09-01,2003-10-02,31,25,26.68261,27.305498,26.11171,82.65214,7.8337164,7.5494385,85.76552,79.44655,8.991755,6.498548
22.5,120.5,2003-09-01,2003-10-02,31,25,25.915754,27.546425,24.80979,83.852615,2.0040345,2.8985596,88.747826,75.51422,2.7818332,1.1901948
24.5,120.5,2003-09-01,2003-10-02,31,25,25.244114,26.575367,24.163525,80.7955,7.6761622,4.032593,85.49968,75.39538,8.792008,6.5811934
23.5,121.5,2003-09-01,2003-10-02,31,25,23.129192,24.701582,21.99651,84.98249,4.2577353,10.994263,89.251465,78.7023,4.9062614,3.6252635
22.5,120.5,2003-09-01,2003-10-03,32,25,25.73579,27.333668,24.62126,83.51079,1.946095,3.9587402,88.4067,75.253044,2.5954804,1.2512429
24.5,120.5,2003-09-01,2003-10-03,32,25,25.140654,26.472885,24.16604,80.107185,7.536876,4.1644287,84.85013,74.1078,8.659896,6.2932105
23.5,120.5,2003-09-01,2003-10-03,32,25,23.125948,25.641088,21.312979,86.02055,2.295853,5.070801,92.97376,75.32631,3.3619862,1.5619838
22.5,121.5,2003-09-01,2003-10-03,32,25,26.51995,27.054296,25.978247,81.55498,7.664536,7.3187256,85.09714,77.78573,8.570724,6.6837764
24.5,121.5,2003-09-01,2003-10-03,32,25,21.071201,22.766386,19.827814,86.53084,3.6813896,15.643311,91.6934,79.46539,4.6707454,2.8584626
23.5,121.5,2003-09-01,2003-10-03,32,25,22.9804,24.406548,21.887163,84.07208,4.1650863,14.973755,88.44216,78.32146,4.979582,3.387693
23.5,121.5,2003-09-01,2003-10-04,33,25,22.80224,24.312876,21.754438,83.759094,4.101006,5.6152344,88.345184,77.11821,4.6519146,3.4031363
23.5,120.5,2003-09-01,2003-10-04,33,25,22.925014,25.84771,20.778423,85.61617,2.244201,3.4320068,93.264824,72.986786,3.2356184,1.530958
22.5,121.5,2003-09-01,2003-10-04,33,25,26.385992,26.860767,25.968628,81.526886,8.03901,5.3771973,84.30577,78.576614,8.969228,7.03302
24.5,121.5,2003-09-01,2003-10-04,33,25,20.973883,22.723423,19.851067,86.30698,3.3866875,7.224121,91.52794,78.36826,4.194715,2.5664794
24.5,120.5,2003-09-01,2003-10-04,33,25,25.114918,26.49318,24.08415,79.65741,7.147542,2.3773193,84.7387,73.6673,8.162759,5.9938397
22.5,120.5,2003-09-01,2003-10-04,33,25,25.616362,27.30357,24.50311,82.89693,1.9477638,3.2684326,88.15549,73.69856,2.5742557,1.2925473
24.5,120.5,2003-09-01,2003-10-05,34,25,25.114517,26.455093,24.180899,80.541794,7.628019,2.2576904,84.773506,75.261566,8.821311,5.997877
22.5,120.5,2003-09-01,2003-10-05,34,25,25.593227,27.198765,24.475674,82.87939,2.0408416,3.6383057,88.34126,74.46359,2.7780159,1.3355771
24.5,121.5,2003-09-01,2003-10-05,34,25,20.975103,22.642584,19.751417,87.119835,3.4729037,11.095581,91.813835,80.45079,4.3204484,2.6421075
22.5,121.5,2003-09-01,2003-10-05,34,25,26.435122,26.935766,25.971724,81.65464,8.226754,5.9136963,84.67362,78.555504,9.36351,6.967911
23.5,120.5,2003-09-01,2003-10-05,34,25,22.882544,25.635248,20.979189,86.254395,2.265866,3.9788818,92.963425,74.84029,3.2399313,1.4938302
23.5,121.5,2003-09-01,2003-10-05,34,25,22.789457,24.265156,21.765713,84.357796,4.1579227,9.133911,88.59542,78.4772,4.772256,3.4184687
22.5,121.5,2003-09-01,2003-10-06,35,25,26.457836,26.971592,25.915762,81.43611,8.459764,12.318726,85.097435,78.04135,9.591639,7.1694536
24.5,121.5,2003-09-01,2003-10-06,35,25,21.00227,22.67622,19.828741,86.5633,3.7772515,16.134644,91.74871,78.86397,4.649835,2.789055
23.5,121.5,2003-09-01,2003-10-06,35,25,22.771118,24.269922,21.593243,84.12436,4.2023864,13.149414,89.38093,77.60778,4.930708,3.3910804
23.5,120.5,2003-09-01,2003-10-06,35,25,22.942114,25.830595,21.004107,85.691086,2.2972624,4.190674,92.56983,73.81266,3.2490199,1.50229
22.5,120.5,2003-09-01,2003-10-06,35,25,25.514908,27.14872,24.315361,83.16043,2.2313733,6.0949707,88.43936,74.979866,3.026037,1.4722089
24.5,120.5,2003-09-01,2003-10-06,35,25,25.185942,26.590244,24.189325,79.7927,7.8300743,2.2937012,84.47988,74.02704,9.146851,6.2483544
22.5,120.5,2003-09-01,2003-10-07,36,25,25.523403,27.380049,24.378891,83.09111,2.856852,7.0446777,88.6791,73.58604,3.585582,2.0914996
24.5,120.5,2003-09-01,2003-10-07,36,25,24.89598,26.162926,24.020576,80.04609,8.632591,4.7406006,83.68987,75.23881,9.869006,7.3799977
24.5,121.5,2003-09-01,2003-10-07,36,25,20.78438,22.212519,19.741339,87.38204,4.5202174,27.072754,91.614044,81.50941,5.3764367,3.5582645
22.5,121.5,2003-09-01,2003-10-07,36,25,26.363482,27.012007,25.842886,81.93113,9.316793,17.365112,85.218475,78.08224,10.628552,7.7282963
23.5,120.5,2003-09-01,2003-10-07,36,25,22.823872,25.581142,21.04234,85.78885,2.8226678,5.527954,92.34231,74.73615,3.7929604,1.8568195
23.5,121.5,2003-09-01,2003-10-07,36,25,22.66143,24.162315,21.65249,84.76349,5.054978,25.123901,89.348946,78.58408,5.9555683,3.9172301
23.5,121.5,2003-09-01,2003-10-08,37,25,22.692389,23.997515,21.740118,83.971115,4.8048525,25.750122,87.87187,78.75229,5.622622,3.9525611
23.5,120.5,2003-09-01,2003-10-08,37,25,22.824244,25.27689,21.013369,86.02369,2.8598423,6.862793,92.07473,76.40202,3.8540356,1.9761978
24.5,121.5,2003-09-01,2003-10-08,37,25,20.77561,22.091969,19.746109,87.634476,4.5547123,28.33374,91.5367,82.08837,5.4286456,3.685222
22.5,121.5,2003-09-01,2003-10-08,37,25,26.47358,26.983492,25.994648,80.853485,9.294805,13.81897,83.42434,77.92174,10.567484,8.007066
22.5,120.5,2003-09-01,2003-10-08,37,25,25.412369,26.891733,24.383516,83.68049,3.0500815,7.4884033,88.381165,76.09042,3.8711832,2.1340516
24.5,120.5,2003-09-01,2003-10-08,37,25,24.871567,26.000698,23.998642,80.318016,8.869568,6.548462,84.535225,75.13823,10.10853,7.349834
24.5,120.5,2003-09-01,2003-10-09,38,25,24.641308,25.972324,23.61936,79.96658,8.249677,6.491089,84.326355,74.76804,9.662903,6.8244963
22.5,120.5,2003-09-01,2003-10-09,38,25,25.153868,26.736729,24.072472,83.56389,2.7728553,5.4711914,88.512566,75.37662,3.6599085,1.9852558
24.5,121.5,2003-09-01,2003-10-09,38,25,20.642832,22.29124,19.432707,86.60149,4.3444576,23.45459,91.33967,79.637085,5.295279,3.3988976
22.5,121.5,2003-09-01,2003-10-09,38,25,26.20828,26.67318,25.72558,80.994774,8.405308,9.867554,84.30077,77.596825,9.849331,6.9238777
23.5,120.5,2003-09-01,2003-10-09,38,25,22.630684,25.2571,20.699366,85.38972,2.7616599,5.388794,91.98306,74.996735,3.813556,1.9440912
23.5,121.5,2003-09-01,2003-10-09,38,25,22.48209,23.796806,21.4604,83.99354,4.545011,16.574707,87.913795,78.630974,5.586474,3.430279
22.5,120.5,2003-09-01,2003-10-10,39,25,25.183897,26.815624,24.103643,83.302986,2.4472532,6.3293457,88.233246,75.344734,3.157551,1.802628
22.5,121.5,2003-09-01,2003-10-10,39,25,26.201162,26.73891,25.703873,80.794136,8.609832,10.308838,83.77944,77.458,9.622925,7.5001464
24.5,121.5,2003-09-01,2003-10-10,39,25,20.557724,22.230234,19.390778,86.457756,4.1415887,16.69983,90.83865,79.371704,4.960883,3.2393723
23.5,120.5,2003-09-01,2003-10-10,39,25,22.521318,25.165155,20.701654,85.69783,2.6061316,7.163086,92.58677,74.469666,3.5920823,1.8734174
24.5,120.5,2003-09-01,2003-10-10,39,25,24.54999,25.809849,23.601093,79.65839,8.143311,4.706421,83.70048,74.60957,9.172816,6.9819684
23.5,121.5,2003-09-01,2003-10-10,39,25,22.447237,23.880625,21.478437,83.71809,4.5389557,15.507202,87.38931,78.17842,5.121118,3.7462428
23.5,121.5,2003-09-01,2003-10-11,40,25,22.257713,23.871998,21.103134,82.70732,4.682667,12.955933,88.08258,75.86528,5.415479,3.814588
23.5,120.5,2003-09-01,2003-10-11,40,25,22.228865,25.073036,20.243336,84.82531,2.8334641,4.1186523,92.33472,73.445244,3.8895414,1.9204421
24.5,120.5,2003-09-01,2003-10-11,40,25,24.15525,25.494795,23.181509,78.49434,8.838245,3.7322998,83.50677,72.780914,9.873609,7.6702895
22.5,121.5,2003-09-01,2003-10-11,40,25,26.045465,26.657799,25.476475,79.16638,9.167013,10.880737,82.87027,75.28002,10.3530245,7.658888
22.5,120.5,2003-09-01,2003-10-11,40,25,24.924685,26.554155,23.798618,82.84821,2.6374395,6.239624,87.994286,75.228096,3.556449,1.6173664
24.5,121.5,2003-09-01,2003-10-11,40,25,20.110857,21.895273,18.91066,86.18883,4.1849594,17.004395,91.1649,79.12729,5.1859326,3.2409112
22.5,121.5,2003-09-01,2003-10-12,41,25,25.781706,26.322372,25.262182,79.66325,8.966947,5.9014893,82.280876,76.69296,10.03754,7.728217
24.5,121.5,2003-09-01,2003-10-12,41,25,19.904207,21.718325,18.703575,85.659874,3.8960688,9.458618,90.985214,77.57948,4.786833,3.0626078
22.5,120.5,2003-09-01,2003-10-12,41,25,24.822664,26.466797,23.588316,82.000534,2.298758,3.060913,87.85498,73.25028,2.9912276,1.6519841
24.5,120.5,2003-09-01,2003-10-12,41,25,24.071178,25.443789,23.05125,77.85652,8.652172,2.142334,82.02899,71.82552,9.6195345,7.5262666
23.5,120.5,2003-09-01,2003-10-12,41,25,22.033855,24.986328,19.956676,84.62904,2.5551662,2.3272705,92.38629,72.12616,3.5599103,1.848871
23.5,121.5,2003-09-01,2003-10-12,41,25,22.003717,23.490234,21.0171,82.58558,4.676486,8.00293,86.89246,76.307,5.421178,3.8753421
23.5,121.5,2003-09-01,2003-10-13,42,25,22.087208,23.683931,21.048399,82.7802,5.3060126,13.618164,87.39304,76.34866,5.9874463,4.450444
22.5,121.5,2003-09-01,2003-10-13,42,25,25.836523,26.418194,25.370806,79.81495,9.56593,8.023071,83.22039,76.52652,11.17923,8.022284
24.5,120.5,2003-09-01,2003-10-13,42,25,24.077168,25.406689,23.081167,77.5583,9.492602,6.0321045,82.25069,71.92622,10.547638,8.206098
23.5,120.5,2003-09-01,2003-10-13,42,25,21.972227,24.9898,19.98006,84.48855,3.0334616,8.4021,91.766335,72.12695,4.206926,2.1315184
22.5,120.5,2003-09-01,2003-10-13,42,25,24.740313,26.536127,23.510654,81.98545,2.6613255,5.727539,87.53405,72.65657,3.4109855,1.7890902
24.5,121.5,2003-09-01,2003-10-13,42,25,19.926014,21.617231,18.661955,85.65192,4.6506133,21.350098,90.488174,78.525406,5.668352,3.5417187
22.5,120.5,2003-09-01,2003-10-14,43,25,24.688349,26.367603,23.531122,81.08298,2.916143,7.5360107,86.13879,72.697655,3.9261217,2.0659735
22.5,121.5,2003-09-01,2003-10-14,43,25,25.699717,26.257524,25.165546,78.69984,10.634596,13.960571,82.58209,74.95795,11.790075,9.28682
23.5,120.5,2003-09-01,2003-10-14,43,25,21.926298,24.836977,19.971651,83.27045,3.2061944,7.810669,90.585495,71.21791,4.549604,2.2268639
24.5,120.5,2003-09-01,2003-10-14,43,25,23.874092,25.18936,22.867031,76.451195,9.492614,6.6918945,81.33406,70.43706,10.734834,8.159575
24.5,121.5,2003-09-01,2003-10-14,43,25,19.592003,21.203667,18.273575,84.78551,4.8670697,21.723633,90.08315,77.91816,5.846012,3.8039203
23.5,121.5,2003-09-01,2003-10-14,43,25,21.848526,23.307178,20.804985,82.10048,5.7859163,18.952026,86.6649,75.77219,6.694408,4.9353476
24.5,121.5,2003-09-01,2003-10-15,44,25,19.73027,21.437403,18.613506,84.90088,4.2940307,17.32605,90.53788,76.80461,5.167498,3.3382647
22.5,120.5,2003-09-01,2003-10-15,44,25,24.461226,26.051176,23.354755,81.03428,2.7240107,7.849121,86.47301,72.80464,3.5611858,1.9869142
23.5,120.5,2003-09-01,2003-10-15,44,25,21.606186,24.516088,19.52779,84.29443,2.8684118,6.2835693,92.06424,72.5228,4.153478,1.9013622
22.5,121.5,2003-09-01,2003-10-15,44,25,25.672924,26.235044,25.099575,77.70962,9.560323,9.318848,81.11339,74.57605,10.664021,8.252172
23.5,121.5,2003-09-01,2003-10-15,44,25,21.769272,23.349747,20.627813,81.71483,4.976669,13.571777,86.73172,75.06003,5.671746,4.1567726
24.5,120.5,2003-09-01,2003-10-15,44,25,23.82605,25.198135,22.814703,77.36386,8.85519,4.4836426,82.18562,71.63713,9.917845,7.6143208
24.5,121.5,2003-09-01,2003-10-16,45,25,19.725784,21.426508,18.602945,86.572205,4.173119,23.294678,91.017914,79.94447,5.203193,2.9562466
22.5,121.5,2003-09-01,2003-10-16,45,25,25.626392,26.227577,25.029673,79.51722,9.121103,8.150635,83.43414,75.79428,10.235154,7.8968353
23.5,121.5,2003-09-01,2003-10-16,45,25,21.793247,23.335709,20.778984,83.14264,4.7361393,13.851929,87.7312,76.91282,5.4706116,3.8195798
22.5,120.5,2003-09-01,2003-10-16,45,25,24.406528,26.103569,23.285582,82.47419,2.4375947,6.4074707,88.19416,73.61388,3.1943989,1.7132953
24.5,120.5,2003-09-01,2003-10-16,45,25,23.637505,24.909286,22.637423,78.73704,8.929543,5.302124,83.4155,73.73993,10.195102,7.149146
23.5,120.5,2003-09-01,2003-10-16,45,25,21.587309,24.36982,19.6746,84.78501,2.8330126,4.099121,92.19287,73.3697,4.013246,1.8417387
22.5,121.5,2003-09-01,2003-10-17,46,25,25.387348,25.99124,24.833624,79.023796,9.376962,3.6932373,82.29279,75.68465,10.3834305,8.229831
23.5,121.5,2003-09-01,2003-10-17,46,25,21.55561,23.07853,20.534101,82.56679,4.794326,5.687256,86.76214,76.22727,5.4433265,3.960642
23.5,120.5,2003-09-01,2003-10-17,46,25,21.331781,24.279512,19.282438,84.561676,2.7040012,2.3065186,91.964035,72.59056,3.7196286,1.9424977
24.5,121.5,2003-09-01,2003-10-17,46,25,19.328209,21.227758,18.104723,85.68304,4.004924,9.338989,90.34557,77.69893,4.7404943,3.1702814
22.5,120.5,2003-09-01,2003-10-17,46,25,24.24891,25.955917,23.038467,82.09605,2.3904378,2.4749756,87.7607,73.07848,3.069596,1.7037759
24.5,120.5,2003-09-01,2003-10-17,46,25,23.368227,24.804028,22.38516,78.26184,8.287807,1.5649414,82.689064,72.17503,9.432151,6.9175353
23.5,120.5,2003-09-01,2003-10-18,47,25,21.25404,24.372475,19.198072,84.184746,2.6122303,1.8328857,92.00175,70.9052,3.663305,1.919908
22.5,120.5,2003-09-01,2003-10-18,47,25,24.288729,26.105263,23.166992,81.35904,2.1217053,2.145996,87.0795,71.500206,2.6777391,1.5065194
24.5,120.5,2003-09-01,2003-10-18,47,25,23.389256,24.794947,22.397333,77.91744,8.29608,0.9979248,82.6571,71.60809,9.278771,7.1005692
24.5,121.5,2003-09-01,2003-10-18,47,25,19.269821,21.093779,18.033503,85.13554,3.9455085,7.5579834,90.75223,76.76188,4.687032,3.2139606
22.5,121.5,2003-09-01,2003-10-18,47,25,25.369743,25.984888,24.790493,78.48989,9.196862,2.23938,82.31816,74.801414,9.92487,8.388315
23.5,121.5,2003-09-01,2003-10-18,47,25,21.575954,23.245678,20.459127,81.576035,4.72592,3.6242676,86.548615,74.30195,5.2541285,4.195435
22.5,120.5,2003-09-01,2003-10-19,48,25,24.350012,26.209967,23.152534,81.84784,2.2635934,1.8652344,88.04013,71.59866,2.8519983,1.7090045
23.5,121.5,2003-09-01,2003-10-19,48,25,21.559425,23.200356,20.564795,82.15928,4.7161636,5.272827,86.67961,75.69124,5.3059106,3.9392152
24.5,120.5,2003-09-01,2003-10-19,48,25,23.454739,24.938013,22.41061,78.611305,8.356445,2.9083252,83.02716,72.805084,9.572253,6.886085
23.5,120.5,2003-09-01,2003-10-19,48,25,21.397688,24.643091,19.361393,84.33133,2.583349,1.9750977,92.28999,71.105354,3.7686636,1.7234868
24.5,121.5,2003-09-01,2003-10-19,48,25,19.356535,21.233482,18.10814,85.68942,3.9606037,11.8029785,90.46126,77.73577,4.8184133,3.063277
22.5,121.5,2003-09-01,2003-10-19,48,25,25.357004,25.97183,24.804527,79.54271,9.332356,3.312378,82.85098,76.40057,10.298409,8.218061
24.5,120.5,2003-09-01,2003-10-20,49,25,23.537952,25.089825,22.45998,77.65771,8.315023,1.3897705,82.69924,71.106544,9.504224,6.963749
23.5,120.5,2003-09-01,2003-10-20,49,25,21.40135,24.799278,19.204714,83.969315,2.5910425,1.7193604,91.6341,69.96435,3.7083502,1.8714024
22.5,121.5,2003-09-01,2003-10-20,49,25,25.320393,25.953896,24.678457,79.48365,9.8493595,8.780518,82.64721,76.10501,10.784227,8.8075075
22.5,120.5,2003-09-01,2003-10-20,49,25,24.343264,26.293106,23.117525,81.827774,2.3679783,2.4047852,87.90007,71.39077,2.947597,1.7777275
24.5,121.5,2003-09-01,2003-10-20,49,25,19.353127,21.213886,18.092888,85.385345,4.094514,12.705688,90.608665,77.385315,4.941321,3.2604668
23.5,121.5,2003-09-01,2003-10-20,49,25,21.515549,23.278574,20.301573,81.914055,4.8953147,10.837402,87.05888,74.32275,5.499167,4.192018
23.5,121.5,2003-09-01,2003-10-21,50,25,21.487339,23.030909,20.477882,82.71637,4.9003496,17.697754,87.36871,76.14206,5.5916595,4.052767
24.5,121.5,2003-09-01,2003-10-21,50,25,19.476068,21.277187,18.162569,85.71618,4.25006,19.171143,90.57098,78.67673,5.045652,3.4119372
22.5,120.5,2003-09-01,2003-10-21,50,25,24.307964,26.274918,23.097252,81.90465,2.6303942,5.576172,87.76008,72.085045,3.1807168,1.9598682
22.5,121.5,2003-09-01,2003-10-21,50,25,25.314682,25.958462,24.680126,79.99619,9.764233,11.309814,83.41747,76.36135,10.853412,8.410999
24.5,120.5,2003-09-01,2003-10-21,50,25,23.50431,24.93291,22.42937,78.6095,8.076824,4.6643066,83.41992,72.487144,9.310863,6.507132
23.5,120.5,2003-09-01,2003-10-21,50,25,21.470152,24.696089,19.478981,84.238846,2.5788953,6.0424805,91.987366,71.18085,3.6205714,1.8384292
22.5,121.5,2003-09-01,2003-10-22,51,25,25.38881,26.029922,24.847998,79.510956,9.179598,17.386475,82.655594,75.96571,10.20031,8.179455
22.5,120.5,2003-09-01,2003-10-22,51,25,24.256933,26.005177,23.051943,81.912476,2.8329077,9.556885,87.095436,72.99225,3.7014194,2.0554008
24.5,121.5,2003-09-01,2003-10-22,51,25,19.54258,21.46962,18.173702,85.407585,4.289453,21.292725,90.5635,77.6136,5.212618,3.3807502
23.5,121.5,2003-09-01,2003-10-22,51,25,21.600508,23.135855,20.478058,82.39016,4.6183577,19.508057,87.22144,76.06652,5.4480596,3.7771664
23.5,120.5,2003-09-01,2003-10-22,51,25,21.450176,24.447847,19.284132,84.19305,2.9220872,8.908691,91.72272,72.188484,4.060812,1.9668785
24.5,120.5,2003-09-01,2003-10-22,51,25,23.41502,24.871754,22.345781,78.777176,8.455323,6.7907715,83.05498,72.64224,9.502059,7.300179
24.5,120.5,2003-09-01,2003-10-23,52,25,23.009659,24.400763,22.06875,77.710686,9.100049,6.546631,82.302605,71.915825,10.137915,7.9638352
23.5,120.5,2003-09-01,2003-10-23,52,25,21.01585,24.141617,18.855665,83.93945,3.0630517,4.9694824,91.27696,71.482376,4.1297483,2.3174176
23.5,121.5,2003-09-01,2003-10-23,52,25,21.303154,23.011831,20.12716,82.26007,4.9921203,11.875,87.34347,75.30725,5.754375,4.1255555
24.5,121.5,2003-09-01,2003-10-23,52,25,19.030577,20.805195,17.838488,85.712494,4.355828,20.582275,90.730255,78.48578,5.1368217,3.5957916
22.5,120.5,2003-09-01,2003-10-23,52,25,24.00919,25.826069,22.79099,81.37021,2.8988142,4.2822266,86.74264,72.168884,3.5002146,2.294361
22.5,121.5,2003-09-01,2003-10-23,52,25,25.256397,25.88354,24.680492,78.27098,10.017641,7.25708,81.684715,74.81051,11.069574,8.908036
23.5,120.5,2003-09-01,2003-10-24,53,25,20.83863,23.915014,18.80422,83.45494,2.9472709,2.8051758,90.9804,71.0549,4.1122518,2.1425655
24.5,120.5,2003-09-01,2003-10-24,53,25,22.681736,24.056011,21.734634,77.47629,8.91519,3.9697266,81.57859,71.88452,10.001765,7.753409
24.5,121.5,2003-09-01,2003-10-24,53,25,18.553005,20.334291,17.329216,85.56301,4.26818,13.57666,90.40353,78.5168,5.1165657,3.465245
23.5,121.5,2003-09-01,2003-10-24,53,25,20.83828,22.342134,19.68503,81.88967,4.8889074,8.71582,86.9545,75.23468,5.5368176,4.267091
22.5,121.5,2003-09-01,2003-10-24,53,25,24.950485,25.620333,24.311226,77.79067,10.000313,5.118408,81.22727,73.86622,10.933963,9.033087
22.5,120.5,2003-09-01,2003-10-24,53,25,23.826033,25.646109,22.607754,80.50282,2.7469141,2.4816895,85.99627,71.1907,3.4112635,2.1081192
23.5,121.5,2003-09-01,2003-10-25,54,25,20.791803,22.375654,19.733536,81.94689,4.77466,5.5773926,86.608505,75.65383,5.4081945,3.9357805
24.5,121.5,2003-09-01,2003-10-25,54,25,18.647253,20.423544,17.481691,85.222015,3.89619,7.6293945,90.44926,77.64959,4.7684817,2.9733076
22.5,120.5,2003-09-01,2003-10-25,54,25,23.825905,25.603544,22.741943,80.68548,2.4309754,2.0092773,85.92306,71.54673,3.016463,1.8838928
22.5,121.5,2003-09-01,2003-10-25,54,25,24.857643,25.377476,24.382383,78.42169,9.978607,5.6140137,81.72991,75.10762,10.884378,8.829483
24.5,120.5,2003-09-01,2003-10-25,54,25,22.866453,24.338545,21.834824,77.16901,8.371508,1.1584473,81.963425,71.04701,9.382868,7.035045
23.5,120.5,2003-09-01,2003-10-25,54,25,20.933308,24.162685,18.857214,83.628876,2.4947958,1.4953613,91.74424,70.11256,3.536026,1.7569556
22.5,121.5,2003-09-01,2003-10-26,55,25,24.871494,25.45915,24.321299,79.15935,9.26308,7.947998,82.626854,75.75015,10.397521,7.960065
22.5,120.5,2003-09-01,2003-10-26,55,25,23.879345,25.654213,22.767193,80.963196,2.207827,2.659912,87.00559,71.40637,2.6689472,1.7411275
24.5,120.5,2003-09-01,2003-10-26,55,25,22.988018,24.59648,21.969555,78.164055,7.869182,1.8566895,83.10484,71.257324,8.967466,6.728764
23.5,120.5,2003-09-01,2003-10-26,55,25,20.873175,24.117027,18.714493,83.997635,2.2538407,3.001709,92.24234,70.1677,3.1713586,1.6104759
23.5,121.5,2003-09-01,2003-10-26,55,25,20.845205,22.426792,19.832253,82.52361,4.5365734,12.436523,87.7092,75.33816,5.1730366,3.6836681
24.5,121.5,2003-09-01,2003-10-26,55,25,18.852861,20.688301,17.632057,85.57178,3.7426596,11.6345215,91.028496,77.10902,4.612791,2.9157007
22.5,120.5,2003-09-01,2003-10-27,56,25,23.848194,25.665142,22.659063,81.553955,2.1939185,3.3374023,87.45404,71.6919,2.7141285,1.6946924
23.5,120.5,2003-09-01,2003-10-27,56,25,20.895947,23.842485,18.952995,84.35296,2.2904284,3.717041,91.63687,71.9368,3.11754,1.7141051
24.5,120.5,2003-09-01,2003-10-27,56,25,22.898409,24.276001,21.921455,78.453316,8.253371,2.4621582,82.98022,73.04516,9.354066,6.9789944
24.5,121.5,2003-09-01,2003-10-27,56,25,18.659874,20.178087,17.511568,87.13755,3.9371386,18.406982,91.464745,81.055695,4.7619534,3.0358384
23.5,121.5,2003-09-01,2003-10-27,56,25,20.63839,21.918842,19.715324,84.62649,4.4803295,18.104248,88.98963,78.62196,5.3439884,3.534925
22.5,121.5,2003-09-01,2003-10-27,56,25,24.671299,25.233301,24.08688,80.8762,9.099676,13.696289,84.1627,77.27172,10.571746,7.6587024
24.5,121.5,2003-09-01,2003-10-28,57,25,18.378504,19.982218,17.305992,86.933815,3.865088,18.010254,91.15859,80.117645,4.6100526,2.9970205
24.5,120.5,2003-09-01,2003-10-28,57,25,22.555458,24.016943,21.51646,78.325386,8.57256,2.0812988,83.04771,72.24583,9.636212,7.2924695
22.5,121.5,2003-09-01,2003-10-28,57,25,24.722158,25.290377,24.210283,79.20107,9.456076,5.1794434,82.492004,75.79583,10.41958,8.362619
23.5,121.5,2003-09-01,2003-10-28,57,25,20.640322,22.092157,19.640251,83.62186,4.511052,10.111084,88.122734,77.4287,5.0788116,3.8461692
23.5,120.5,2003-09-01,2003-10-28,57,25,20.78704,23.659033,18.886765,84.04299,2.6746447,2.7770996,91.667854,71.96728,3.6771634,1.99001
22.5,120.5,2003-09-01,2003-10-28,57,25,23.758701,25.455986,22.677847,81.35658,2.3877058,2.692871,86.46937,72.44869,2.8417108,1.9050539
23.5,120.5,2003-09-01,2003-10-29,58,25,20.611607,23.698692,18.493414,83.89508,2.4607325,2.2839355,91.55266,70.972176,3.4283438,1.8258513
24.5,120.5,2003-09-01,2003-10-29,58,25,22.530884,24.00924,21.46101,77.69108,8.23851,1.1535645,81.95137,71.55663,9.1576,7.2191396
22.5,121.5,2003-09-01,2003-10-29,58,25,24.675709,25.194136,24.205688,77.695564,9.593903,7.5231934,81.19317,74.229,10.444303,8.537803
24.5,121.5,2003-09-01,2003-10-29,58,25,18.264612,19.957989,17.12339,85.90604,3.7333724,9.737549,89.93226,79.37076,4.4939303,2.8978379
23.5,121.5,2003-09-01,2003-10-29,58,25,20.490025,21.926113,19.487097,82.26495,4.639337,8.729248,86.56849,76.066376,5.178558,4.0111837
22.5,120.5,2003-09-01,2003-10-29,58,25,23.570005,25.330801,22.45019,81.39698,2.3251112,2.8308105,86.824875,72.28079,2.7767286,1.8738464
23.5,120.5,2003-09-01,2003-10-30,59,25,20.293413,23.687183,18.005417,83.86748,2.3681684,1.9628906,92.43576,69.24328,3.2958534,1.6731939
24.5,121.5,2003-09-01,2003-10-30,59,25,18.338999,20.398983,17.01589,83.73172,3.5267243,9.637451,89.49086,74.26098,4.2821064,2.6983807
24.5,120.5,2003-09-01,2003-10-30,59,25,22.555307,24.200855,21.425259,76.96312,7.815237,0.64208984,82.299255,69.31545,8.9007845,6.4855404
22.5,121.5,2003-09-01,2003-10-30,59,25,24.742613,25.343819,24.241714,76.235954,9.567938,7.9125977,79.82006,72.41125,10.539848,8.427186
22.5,120.5,2003-09-01,2003-10-30,59,25,23.493158,25.409136,22.281782,80.1986,2.3998969,2.944336,86.56512,69.90945,2.914567,1.8321576
23.5,121.5,2003-09-01,2003-10-30,59,25,20.434292,22.120996,19.30648,81.08724,4.465395,11.553955,86.18017,73.380295,5.0474405,3.7498126
22.5,121.5,2003-09-01,2003-10-31,60,25,24.683125,25.268003,24.153095,76.97014,9.251341,8.508301,80.55765,73.23419,9.93637,8.483238
24.5,120.5,2003-09-01,2003-10-31,60,25,22.553106,24.185503,21.470453,78.361244,7.451506,2.4072266,83.88146,71.09843,8.533199,6.194988
24.5,121.5,2003-09-01,2003-10-31,60,25,18.465801,20.437479,17.249414,84.81423,3.5615978,11.741943,90.556046,76.00465,4.2450485,2.7999902
22.5,120.5,2003-09-01,2003-10-31,60,25,23.455605,25.25631,22.357206,80.71599,2.331103,4.5495605,86.41332,70.760574,2.884681,1.8129152
23.5,121.5,2003-09-01,2003-10-31,60,25,20.448593,22.080294,19.44698,81.9578,4.386187,12.655029,86.49448,74.31218,4.9405003,3.839616
23.5,120.5,2003-09-01,2003-10-31,60,25,20.22336,23.545216,18.123917,84.546295,2.2739964,3.0126953,92.77546,70.39165,3.1274862,1.6482636
24.5,121.5,2003-09-01,2003-11-01,61,25,18.494741,20.354385,17.17467,84.97546,3.548924,11.687012,90.29395,77.13131,4.336191,2.7168975
23.5,120.5,2003-09-01,2003-11-01,61,25,20.450953,23.780712,18.496597,83.962135,2.219055,2.6867676,91.869606,69.65516,3.2155733,1.586
22.5,120.5,2003-09-01,2003-11-01,61,25,23.562319,25.529385,22.265375,80.19626,2.3581054,2.1411133,86.288376,69.583015,2.9668534,1.7610744
23.5,121.5,2003-09-01,2003-11-01,61,25,20.571949,22.236963,19.60353,81.64509,4.183737,7.2753906,86.83245,74.26043,4.846037,3.5019135
22.5,121.5,2003-09-01,2003-11-01,61,25,24.733627,25.390425,24.184755,77.066696,8.890271,3.3044434,81.073296,73.085236,9.73862,7.847114
24.5,120.5,2003-09-01,2003-11-01,61,25,22.58898,24.1154,21.532524,78.35562,7.2999644,2.0812988,82.80298,72.05687,8.337165,6.1952934
24.5,121.5,2003-09-01,2003-11-02,62,25,18.174057,20.183928,16.66089,84.63523,3.6287067,8.288574,89.709915,76.2008,4.4956307,2.8039758
23.5,120.5,2003-09-01,2003-11-02,62,25,20.197613,23.50106,17.959303,83.08674,2.5541418,1.1877441,91.10592,69.080925,3.620827,1.781704
24.5,120.5,2003-09-01,2003-11-02,62,25,22.219213,23.860746,20.975727,77.63837,7.7584934,1.0913086,82.307365,70.35704,9.211378,6.3548036
22.5,121.5,2003-09-01,2003-11-02,62,25,24.599096,25.223505,24.013233,76.700836,9.087913,5.4626465,79.54389,73.325676,10.407671,7.859879
23.5,121.5,2003-09-01,2003-11-02,62,25,20.383238,22.050669,19.242355,81.118324,4.3075476,6.846924,85.75285,73.60579,5.228407,3.4672456
22.5,120.5,2003-09-01,2003-11-02,62,25,23.374136,25.36395,22.029272,79.82752,2.5522501,1.9592285,86.02075,69.41795,3.1594753,1.9220321
23.5,120.5,2003-09-01,2003-11-03,63,25,19.86889,23.065737,17.869709,82.67276,2.6909454,1.0583496,90.670876,68.84132,3.760094,1.9197272
22.5,121.5,2003-09-01,2003-11-03,63,25,24.25481,24.853647,23.697441,76.478714,9.875161,3.7390137,79.73592,73.40361,10.753768,8.893635
22.5,120.5,2003-09-01,2003-11-03,63,25,23.111607,25.076363,21.918291,79.48998,2.526264,1.3598633,85.744774,69.10753,3.0827427,2.0118716
24.5,120.5,2003-09-01,2003-11-03,63,25,21.744751,23.21567,20.675562,77.09272,8.25411,1.4416504,82.13055,70.48165,9.449498,6.8442783
23.5,121.5,2003-09-01,2003-11-03,63,25,20.00434,21.694252,18.909498,80.962944,4.6464314,5.2697754,85.72342,73.77359,5.236865,3.9239683
24.5,121.5,2003-09-01,2003-11-03,63,25,17.561703,19.445045,16.320446,84.71088,3.7419486,11.228027,89.65346,76.3221,4.4836793,2.9491315
22.5,121.5,2003-09-01,2003-11-04,64,25,24.201862,24.84748,23.559155,76.2333,9.88469,3.4301758,80.91403,72.272484,11.014163,8.63374
22.5,120.5,2003-09-01,2003-11-04,64,25,23.015398,24.851177,21.866894,79.01144,2.493077,1.361084,84.78505,69.44072,3.010543,2.0513396
24.5,120.5,2003-09-01,2003-11-04,64,25,21.822975,23.281078,20.787807,76.3343,8.181151,0.83251953,81.0724,69.73849,9.190625,7.0208573
24.5,121.5,2003-09-01,2003-11-04,64,25,17.460085,19.198166,16.257038,85.312454,3.835952,9.008789,89.94002,77.915085,4.5447106,3.0709085
23.5,120.5,2003-09-01,2003-11-04,64,25,19.786823,23.107193,17.739151,82.71379,2.5302927,1.0009766,90.74385,68.61551,3.5425527,1.8207109
23.5,121.5,2003-09-01,2003-11-04,64,25,19.874266,21.497242,18.715422,80.83296,4.779013,5.498047,85.90612,73.856766,5.4494896,3.9540396
22.5,120.5,2003-09-01,2003-11-05,65,25,23.10221,25.0369,21.827242,79.21998,2.5305154,4.370117,85.98686,68.76933,3.0709662,2.082907
22.5,121.5,2003-09-01,2003-11-05,65,25,24.168968,24.73604,23.64209,77.759735,9.704314,6.965332,81.55867,73.95105,10.864857,8.411539
23.5,121.5,2003-09-01,2003-11-05,65,25,19.817717,21.368774,18.782843,81.86726,4.558395,12.049561,86.752716,75.15392,5.275203,3.6008987
24.5,120.5,2003-09-01,2003-11-05,65,25,22.06924,23.742159,20.884205,77.02287,7.773822,1.9897461,82.60153,69.37216,9.120493,5.974358
24.5,121.5,2003-09-01,2003-11-05,65,25,17.72637,19.439789,16.572252,85.048615,3.6793919,13.028564,89.670235,78.23552,4.494926,2.7967281
23.5,120.5,2003-09-01,2003-11-05,65,25,19.787033,23.210337,17.515778,83.617966,2.386453,3.05542,92.47739,68.84265,3.4013836,1.7179815
23.5,120.5,2003-09-01,2003-11-06,66,25,19.959923,23.334248,17.966042,83.96074,2.294076,1.7822266,92.45786,69.32856,3.347536,1.5495019
23.5,121.5,2003-09-01,2003-11-06,66,25,20.02791,21.561167,19.13565,82.15134,4.0762806,5.394287,86.44578,75.3424,4.801846,3.1264732
24.5,120.5,2003-09-01,2003-11-06,66,25,22.223085,23.935888,21.228456,78.07264,6.9354124,2.2399902,84.57961,69.7189,8.1500435,5.3665276
24.5,121.5,2003-09-01,2003-11-06,66,25,18.019005,20.044683,16.962439,85.00405,3.1159916,6.7163086,90.37792,76.03052,3.8493643,2.358288
22.5,121.5,2003-09-01,2003-11-06,66,25,24.311485,24.848906,23.80064,77.26729,9.058586,4.046631,80.0744,73.995926,10.014883,8.006122
22.5,120.5,2003-09-01,2003-11-06,66,25,23.066153,24.985186,21.871372,80.34769,2.4445434,2.2460938,86.58217,70.12,3.1589303,1.8299217
22.5,120.5,2003-09-01,2003-11-07,67,25,23.236162,25.327208,21.938004,81.236145,2.2183542,1.2512207,88.1017,69.85835,2.7413871,1.7629808
22.5,121.5,2003-09-01,2003-11-07,67,25,24.57374,25.255484,24.031836,77.872055,8.371644,2.8601074,81.91088,73.213745,9.50405,6.983641
24.5,121.5,2003-09-01,2003-11-07,67,25,18.392939,20.609068,16.949099,85.718925,3.1932144,6.887207,91.390594,76.44698,3.9665508,2.4277859
23.5,120.5,2003-09-01,2003-11-07,67,25,20.092667,23.59877,17.88376,84.02419,2.2873304,0.91674805,92.711426,69.25796,3.150929,1.6833739
24.5,120.5,2003-09-01,2003-11-07,67,25,22.25415,23.997286,21.047514,79.85689,6.650227,0.592041,86.34821,71.86661,8.087688,5.169292
23.5,121.5,2003-09-01,2003-11-07,67,25,20.448174,22.225567,19.28986,82.174034,3.7987037,3.7316895,87.21328,74.44031,4.596081,2.9589396
22.5,121.5,2003-09-01,2003-11-08,68,25,24.4343,25.177837,23.82459,78.0096,8.731775,2.574463,81.5081,74.11526,9.996105,7.627105
22.5,120.5,2003-09-01,2003-11-08,68,25,23.159613,25.15457,21.954296,81.19563,2.3467853,2.2814941,87.10127,70.63318,2.785599,1.8755922
23.5,121.5,2003-09-01,2003-11-08,68,25,20.137306,21.874434,18.951096,82.54757,4.0414248,5.2160645,87.2633,75.359505,4.835888,3.2925894
24.5,120.5,2003-09-01,2003-11-08,68,25,21.975393,23.608248,20.864351,80.22507,7.234811,0.7006836,85.06617,73.47324,8.783699,5.710467
23.5,120.5,2003-09-01,2003-11-08,68,25,19.926077,23.28293,17.797853,84.37227,2.405746,1.685791,92.41794,70.60321,3.216434,1.8093661
24.5,121.5,2003-09-01,2003-11-08,68,25,18.030607,20.183765,16.568937,86.428894,3.3690345,7.9711914,91.20399,77.59784,4.161356,2.6395862
22.5,120.5,2003-09-01,2003-11-09,69,25,22.997766,25.004942,21.68524,79.93695,2.5164917,1.4282227,86.704475,69.45809,3.0434341,2.0015044
22.5,121.5,2003-09-01,2003-11-09,69,25,24.097454,24.693676,23.585737,77.680405,9.236933,3.0297852,81.22287,74.31301,10.092116,8.218814
24.5,121.5,2003-09-01,2003-11-09,69,25,17.62222,19.520912,16.393156,86.07269,3.4727137,8.532715,91.02646,77.519966,4.2008333,2.7118998
24.5,120.5,2003-09-01,2003-11-09,69,25,21.779211,23.3556,20.72375,78.636925,7.6838636,0.9484863,83.70015,71.51021,8.736752,6.3149285
23.5,121.5,2003-09-01,2003-11-09,69,25,19.7297,21.347988,18.66174,82.60855,4.2726517,5.1086426,87.24522,75.674576,4.9415956,3.432174
23.5,120.5,2003-09-01,2003-11-09,69,25,19.754152,23.27877,17.480206,83.43097,2.4772377,1.8005371,91.94619,68.720535,3.3769045,1.8480062
23.5,121.5,2003-09-01,2003-11-10,70,25,19.640678,21.29337,18.526749,82.960754,3.956401,7.414551,87.55232,75.67671,4.76763,3.02937
24.5,121.5,2003-09-01,2003-11-10,70,25,17.657299,19.615065,16.277409,86.28138,3.524361,12.386475,91.1962,77.8937,4.29279,2.6391668
23.5,120.5,2003-09-01,2003-11-10,70,25,19.592358,22.995947,17.55982,84.02561,2.3252726,1.8664551,92.34911,69.94023,3.1054065,1.6991004
24.5,120.5,2003-09-01,2003-11-10,70,25,21.735367,23.417915,20.63255,79.07699,7.484422,1.081543,84.627815,71.59777,8.602989,6.141032
22.5,121.5,2003-09-01,2003-11-10,70,25,24.01355,24.613926,23.497026,77.8705,8.86406,4.3859863,80.884315,74.201935,10.272379,7.4185834
22.5,120.5,2003-09-01,2003-11-10,70,25,22.84105,24.78915,21.64285,80.07181,2.3831704,2.2497559,86.363556,69.4765,2.9253135,1.8742954
24.5,120.5,2003-09-01,2003-11-11,71,25,21.788685,23.381094,20.798994,79.026794,6.7306666,1.8334961,84.65485,70.952705,7.9995656,5.269037
22.5,121.5,2003-09-01,2003-11-11,71,25,24.08386,24.678144,23.538048,77.65501,8.477405,4.029541,81.28684,74.18742,9.496794,7.2489567
23.5,120.5,2003-09-01,2003-11-11,71,25,19.692904,23.027206,17.610558,83.81501,2.1880186,2.113037,92.49697,69.40889,2.957291,1.5177307
23.5,121.5,2003-09-01,2003-11-11,71,25,19.674484,21.195625,18.765884,83.029305,3.631301,8.563232,87.33664,76.25935,4.3667965,2.8418717
22.5,120.5,2003-09-01,2003-11-11,71,25,23.009388,24.908613,21.847837,79.66099,2.3043983,1.7333984,85.598816,69.39868,2.7528777,1.8068463
24.5,121.5,2003-09-01,2003-11-11,71,25,17.67681,19.525703,16.595802,86.02292,3.2341785,11.678467,90.44653,78.20968,3.9190629,2.4770308
24.5,121.5,2003-09-01,2003-11-12,72,25,18.274107,20.116955,17.026604,86.36661,3.0731018,8.948975,90.82189,78.275795,3.9198074,2.318934
22.5,121.5,2003-09-01,2003-11-12,72,25,24.321762,24.85982,23.785992,78.99509,8.090176,6.0668945,81.79398,76.10793,9.256545,6.9077425
23.5,121.5,2003-09-01,2003-11-12,72,25,19.981081,21.467657,19.047565,83.637474,3.3689098,7.504883,87.84937,77.15408,4.1717105,2.6011612
24.5,120.5,2003-09-01,2003-11-12,72,25,22.168873,23.691484,21.12645,80.699905,6.0767307,1.3757324,85.82836,73.48438,7.5027924,4.639276
23.5,120.5,2003-09-01,2003-11-12,72,25,19.938795,23.321796,17.961275,84.39712,2.0775242,1.4916992,92.75979,69.579094,2.8281448,1.5355703
22.5,120.5,2003-09-01,2003-11-12,72,25,23.209068,25.188126,21.970102,80.749504,2.247271,2.0996094,87.214905,69.955,2.6804736,1.7929112
23.5,121.5,2003-09-01,2003-11-13,73,25,20.156199,21.5871,19.153502,84.62018,3.3482242,13.76709,88.984406,78.04734,4.095227,2.5304987
22.5,121.5,2003-09-01,2003-11-13,73,25,24.395594,25.025644,23.82583,80.17302,7.7944627,10.592041,83.81801,76.07617,9.079068,6.5982776
22.5,120.5,2003-09-01,2003-11-13,73,25,23.29282,25.18827,22.1277,81.79992,2.4886255,4.2211914,88.01151,71.550186,2.9606,2.0353394
24.5,120.5,2003-09-01,2003-11-13,73,25,22.053738,23.497597,21.0279,81.45858,6.257814,2.463379,86.55342,74.63146,7.4104004,4.835824
23.5,120.5,2003-09-01,2003-11-13,73,25,20.155144,23.363506,18.216505,84.48472,2.3154407,2.302246,92.17958,70.94794,3.0567503,1.7054411
24.5,121.5,2003-09-01,2003-11-13,73,25,18.347858,20.281584,17.101212,87.43287,3.1966276,13.0896,92.031105,79.519684,3.8416324,2.5024333
24.5,120.5,2003-09-01,2003-11-14,74,25,21.952374,23.458624,20.785995,81.16591,6.8069587,2.4645996,86.180954,74.59481,8.111017,5.2188587
23.5,121.5,2003-09-01,2003-11-14,74,25,20.08997,21.557295,19.056389,85.127266,3.4577298,9.768066,89.048035,79.43619,4.4981856,2.3471699
24.5,121.5,2003-09-01,2003-11-14,74,25,18.261454,20.100319,16.931164,87.48824,3.1038995,14.119873,91.91965,80.63367,4.0666943,2.1028814
23.5,120.5,2003-09-01,2003-11-14,74,25,20.084599,23.271435,18.084997,85.36238,2.3754416,2.8503418,92.72144,72.87322,3.1497028,1.715546
22.5,121.5,2003-09-01,2003-11-14,74,25,24.25585,24.818544,23.695595,81.073555,7.7479343,9.89624,83.98204,77.65711,9.429076,6.1349907
22.5,120.5,2003-09-01,2003-11-14,74,25,23.246475,25.059092,22.060785,82.16384,2.4473333,4.334717,88.26,72.764496,3.0572615,1.8726048
22.5,120.5,2003-09-01,2003-11-15,75,25,22.9733,24.689732,21.920498,82.25102,2.4599044,5.690918,87.62509,73.25192,2.9539695,1.9407988
24.5,121.5,2003-09-01,2003-11-15,75,25,17.884218,19.565016,16.719015,87.60664,3.4079404,15.743408,91.957245,80.16574,4.2365785,2.5065117
23.5,120.5,2003-09-01,2003-11-15,75,25,19.968456,23.033325,17.893385,85.11306,2.3522005,4.831543,92.478584,72.56028,3.1119184,1.7076906
24.5,120.5,2003-09-01,2003-11-15,75,25,21.817715,23.194931,20.866383,80.19065,7.4398155,2.668457,84.6234,74.30144,8.637684,5.801971
22.5,121.5,2003-09-01,2003-11-15,75,25,24.05127,24.673672,23.50646,81.06863,8.2658,9.6154785,84.37412,77.19905,9.6426525,6.888063
23.5,121.5,2003-09-01,2003-11-15,75,25,19.817598,21.298603,18.77506,85.1805,3.8486445,14.279785,89.47458,78.602425,4.7165995,2.9376822
22.5,121.5,2003-09-01,2003-11-16,76,25,24.0713,24.614317,23.54976,80.99228,8.298462,7.88208,84.3542,77.635735,9.613178,6.8899856
22.5,120.5,2003-09-01,2003-11-16,76,25,22.9797,24.920727,21.77268,81.8417,2.5339928,4.9279785,87.59716,72.110306,3.0276492,1.9494529
23.5,121.5,2003-09-01,2003-11-16,76,25,19.781614,21.208286,18.830847,85.01917,3.6968853,16.882324,89.11409,78.64323,4.4993916,2.763058
24.5,120.5,2003-09-01,2003-11-16,76,25,21.662376,23.117823,20.61351,81.12141,7.507656,3.1420898,86.21973,74.37216,8.770513,5.9171114
24.5,121.5,2003-09-01,2003-11-16,76,25,17.833704,19.556019,16.64489,87.76307,3.3005097,19.533691,91.777824,80.73811,4.1174426,2.3913944
23.5,120.5,2003-09-01,2003-11-16,76,25,19.72093,23.008833,17.726387,85.12544,2.4480357,5.161133,92.59922,71.9033,3.257068,1.7939465
24.5,120.5,2003-09-01,2003-11-17,77,25,21.652386,23.248663,20.536963,79.919334,7.6911354,1.7578125,85.27739,73.36324,9.041314,6.0545855
22.5,121.5,2003-09-01,2003-11-17,77,25,24.205101,24.901909,23.53749,79.23393,8.578726,6.768799,82.637764,75.44669,9.992156,7.095419
24.5,121.5,2003-09-01,2003-11-17,77,25,17.754768,19.749603,16.339996,86.88355,3.6229143,16.243896,91.5793,78.85971,4.4322896,2.7843223
23.5,121.5,2003-09-01,2003-11-17,77,25,19.8118,21.518827,18.650206,83.74414,4.062488,16.07666,88.321,76.47181,5.114149,2.9105422
23.5,120.5,2003-09-01,2003-11-17,77,25,19.679924,23.082344,17.617672,84.386375,2.5422635,3.5766602,91.92424,71.14012,3.310343,1.8285252
22.5,120.5,2003-09-01,2003-11-17,77,25,22.912386,24.938047,21.616915,81.746864,2.5326068,4.135742,87.80525,71.40817,3.092321,1.9997764
24.5,120.5,2003-09-01,2003-11-18,78,25,21.311226,22.851606,20.185118,79.313835,7.7235394,0.88378906,84.594734,72.13662,9.010289,6.118013
23.5,121.5,2003-09-01,2003-11-18,78,25,19.635347,21.368315,18.557028,82.16309,4.273955,10.541992,86.66948,74.55503,5.030019,3.3685346
22.5,121.5,2003-09-01,2003-11-18,78,25,24.010191,24.612486,23.440546,78.45896,9.3037615,4.223633,81.78061,75.08317,10.511793,7.888159
23.5,120.5,2003-09-01,2003-11-18,78,25,19.439722,23.142769,17.180119,83.007454,2.5570724,0.736084,91.36406,67.530876,3.371218,1.8920777
24.5,121.5,2003-09-01,2003-11-18,78,25,17.337124,19.200941,16.046555,86.55666,3.7724957,14.234619,91.35497,78.471214,4.450531,3.059697
22.5,120.5,2003-09-01,2003-11-18,78,25,22.745386,24.87019,21.424189,80.040375,2.6909685,1.1889648,86.78882,68.76921,3.2559772,2.116196
23.5,120.5,2003-09-01,2003-11-19,79,25,19.331707,23.026226,17.180832,83.483,2.5818987,1.2145996,91.73496,68.604515,3.3535438,1.8933994
22.5,120.5,2003-09-01,2003-11-19,79,25,22.638348,24.68857,21.374937,80.95034,2.6376781,1.7797852,87.207794,70.18984,3.1564887,2.1545277
24.5,121.5,2003-09-01,2003-11-19,79,25,17.366804,19.349833,15.940582,86.65232,3.6196892,12.017822,91.30654,78.952484,4.4334,2.7215884
23.5,121.5,2003-09-01,2003-11-19,79,25,19.506296,21.1706,18.452642,83.3178,4.121176,6.772461,88.254295,75.993164,4.9669566,3.298924
22.5,121.5,2003-09-01,2003-11-19,79,25,23.885632,24.476612,23.285072,79.67578,9.136253,4.6191406,83.43282,75.888214,10.357774,8.073755
24.5,120.5,2003-09-01,2003-11-19,79,25,21.314674,22.954117,20.095186,79.28795,7.6111536,1.237793,84.65909,72.30291,8.977823,6.0314984
23.5,120.5,2003-09-01,2003-11-20,80,25,19.270868,22.853697,17.035543,82.703224,2.5974648,2.467041,91.09773,67.93653,3.4397612,1.8764821
23.5,121.5,2003-09-01,2003-11-20,80,25,19.37118,21.138155,18.130617,82.44187,4.2189445,5.592041,87.15834,74.042786,4.905249,3.394906
24.5,120.5,2003-09-01,2003-11-20,80,25,21.146885,22.609604,20.147266,78.39276,7.730521,2.2546387,83.89902,70.98947,8.693881,6.5551867
22.5,121.5,2003-09-01,2003-11-20,80,25,23.696201,24.31933,23.107594,78.77977,9.246857,6.340332,82.07854,75.214294,10.473314,7.973627
22.5,120.5,2003-09-01,2003-11-20,80,25,22.537159,24.482838,21.335743,80.10306,2.5832324,5.8789062,86.30803,70.04042,3.1177506,1.9725145
24.5,121.5,2003-09-01,2003-11-20,80,25,17.157001,19.05899,15.86777,85.666016,3.7047858,10.516357,91.245735,76.6509,4.480575,2.8640924
22.5,121.5,2003-09-01,2003-11-21,81,25,23.50479,24.076675,22.939215,78.57754,9.349487,4.284668,81.441574,75.1954,10.708287,7.944959
23.5,120.5,2003-09-01,2003-11-21,81,25,19.11688,22.506504,16.949255,83.37667,2.6357458,1.5197754,91.98323,69.2734,3.4269624,2.0379517
23.5,121.5,2003-09-01,2003-11-21,81,25,19.049948,20.518927,18.020075,83.37562,4.2902412,7.5549316,87.8652,76.91706,5.218803,3.2504215
24.5,120.5,2003-09-01,2003-11-21,81,25,21.017797,22.502113,20.031525,78.56236,8.216318,2.224121,83.94042,71.80927,9.414452,6.790454
22.5,120.5,2003-09-01,2003-11-21,81,25,22.283735,24.283535,21.034527,80.83504,2.6528368,1.8078613,87.00123,70.423584,3.1538558,2.1537786
24.5,121.5,2003-09-01,2003-11-21,81,25,16.908854,18.620743,15.697121,86.69431,3.5933175,10.362549,90.73875,79.47232,4.375638,2.6891382
22.5,120.5,2003-09-01,2003-11-22,82,25,22.008123,24.012846,20.784771,80.87802,2.6652973,1.4929199,87.46895,70.2099,3.2632623,2.069741
23.5,120.5,2003-09-01,2003-11-22,82,25,18.76738,22.337797,16.565495,83.37686,2.488671,1.8664551,92.15559,68.39999,3.309629,1.8219528
24.5,120.5,2003-09-01,2003-11-22,82,25,20.916756,22.514082,19.765436,78.15256,7.825548,1.3818359,83.765976,70.62879,8.9134655,6.500723
23.5,121.5,2003-09-01,2003-11-22,82,25,18.897772,20.536753,17.818058,82.55426,4.0290556,6.8359375,86.81583,75.38745,4.8038344,3.1345582
24.5,121.5,2003-09-01,2003-11-22,82,25,16.704021,18.529657,15.433366,86.16264,3.4187212,10.888672,90.88779,78.59239,4.188304,2.552502
22.5,121.5,2003-09-01,2003-11-22,82,25,23.35531,23.970991,22.779047,78.085526,9.005169,3.2800293,81.107086,74.60877,10.2371855,7.6716228
23.5,120.5,2003-09-01,2003-11-23,83,25,18.784136,22.436865,16.631153,82.65148,2.3612194,1.1328125,91.463974,67.37401,3.1361475,1.7114319
24.5,121.5,2003-09-01,2003-11-23,83,25,16.611479,18.63171,15.373141,85.63845,3.5744104,8.146973,90.42496,76.975,4.353844,2.7914417
24.5,120.5,2003-09-01,2003-11-23,83,25,20.940834,22.769444,19.842613,77.77434,7.49394,1.7089844,83.41675,69.554375,8.801535,6.015418
23.5,121.5,2003-09-01,2003-11-23,83,25,18.869604,20.55541,17.82105,82.132034,4.2118545,5.4467773,86.92711,74.77687,5.0513735,3.1943467
22.5,121.5,2003-09-01,2003-11-23,83,25,23.387007,24.047388,22.717232,77.20027,9.056324,3.7817383,81.24428,72.831375,10.262766,7.772684
22.5,120.5,2003-09-01,2003-11-23,83,25,22.076948,24.218975,20.78019,79.882454,2.4946394,1.3696289,86.37241,68.31957,3.0414116,1.8830353
22.5,120.5,2003-09-01,2003-11-24,84,25,22.142273,24.112837,20.937075,79.64984,2.432993,1.4929199,86.35721,68.62297,2.918837,1.9405353
23.5,120.5,2003-09-01,2003-11-24,84,25,18.767488,22.34518,16.72315,82.610725,2.437,0.68481445,91.200714,67.65991,3.1957874,1.7596582
24.5,121.5,2003-09-01,2003-11-24,84,25,16.609755,18.647993,15.147574,85.47696,3.629917,7.973633,91.03295,76.21277,4.3792486,2.8062904
23.5,121.5,2003-09-01,2003-11-24,84,25,18.838036,20.448774,17.766773,82.398094,4.2080517,6.4086914,87.56299,75.23425,5.034048,3.3329237
22.5,121.5,2003-09-01,2003-11-24,84,25,23.3486,23.935127,22.734936,77.40237,8.979205,3.5778809,81.114136,73.03103,10.382247,7.4718947
24.5,120.5,2003-09-01,2003-11-24,84,25,20.767899,22.539322,19.437525,77.98458,7.418848,0.67626953,83.97918,69.931,8.626318,5.8057356
23.5,120.5,2003-09-01,2003-11-25,85,25,18.351616,21.885103,16.099567,81.619934,2.5209746,0.7397461,90.61736,66.00515,3.435351,1.8652585
22.5,120.5,2003-09-01,2003-11-25,85,25,21.825464,23.747133,20.528793,77.94907,2.5945046,1.1108398,84.346436,68.47724,3.0654352,2.0925097
24.5,120.5,2003-09-01,2003-11-25,85,25,20.185425,21.801674,19.038536,77.02823,7.6252675,0.60302734,82.55673,69.29869,9.059583,5.953502
22.5,121.5,2003-09-01,2003-11-25,85,25,22.858217,23.484491,22.176607,76.071144,9.395416,2.1264648,79.79348,72.77293,10.458775,8.330882
23.5,121.5,2003-09-01,2003-11-25,85,25,18.253725,19.871744,17.076212,81.54096,4.324213,4.4555664,86.479004,74.11657,5.1002812,3.5446987
24.5,121.5,2003-09-01,2003-11-25,85,25,15.836656,17.80238,14.556574,85.20792,3.5377204,6.8847656,89.90188,76.53738,4.280191,2.7514448
24.5,121.5,2003-09-01,2003-11-26,86,25,16.042618,18.339231,14.6836195,84.02835,3.0958505,6.0583496,89.32083,73.98989,3.871446,2.2673101
23.5,121.5,2003-09-01,2003-11-26,86,25,18.195429,19.88056,17.061563,80.779465,3.56698,3.334961,85.658195,72.68997,4.3587513,2.817855
22.5,121.5,2003-09-01,2003-11-26,86,25,22.764843,23.367992,22.12232,74.616905,8.152336,1.8847656,78.45568,70.560936,9.291226,6.9287934
24.5,120.5,2003-09-01,2003-11-26,86,25,20.183535,21.945826,19.028013,77.716156,6.608026,1.1999512,83.58612,69.15541,7.7303576,5.2742286
22.5,120.5,2003-09-01,2003-11-26,86,25,21.502148,23.441734,20.32692,77.781494,2.303157,0.8618164,84.21984,67.10416,2.9753208,1.6834118
23.5,120.5,2003-09-01,2003-11-26,86,25,18.104277,21.631187,16.065304,82.32311,2.1622148,1.3818359,91.65382,66.26863,2.8992276,1.5455269
24.5,120.5,2003-09-01,2003-11-27,87,25,20.050983,21.857597,18.767136,78.21653,7.2505836,0.8911133,83.77774,70.32254,8.657341,5.5708094
22.5,121.5,2003-09-01,2003-11-27,87,25,22.883718,23.586372,22.1737,75.61161,8.050874,2.0690918,79.85092,71.404884,9.623961,6.6391497
23.5,120.5,2003-09-01,2003-11-27,87,25,17.938465,21.620668,15.840588,82.915016,2.4986231,0.6616211,91.44063,67.482376,3.2616265,1.8858446
22.5,120.5,2003-09-01,2003-11-27,87,25,21.47622,23.550669,20.243517,78.89644,2.4821656,0.79711914,86.00711,67.39222,3.119357,1.8174156
23.5,121.5,2003-09-01,2003-11-27,87,25,18.292038,20.056374,17.13587,81.34015,3.7170327,3.5595703,86.602585,73.363075,4.5032234,2.9673028
24.5,121.5,2003-09-01,2003-11-27,87,25,16.07823,18.45026,14.5749235,85.01127,3.1011713,6.8945312,90.72333,74.61182,3.78749,2.2609444
24.5,120.5,2003-09-01,2003-11-28,88,25,19.528978,21.195469,18.358326,77.14059,7.542666,1.2475586,82.78484,69.51755,8.865386,5.9743757
24.5,121.5,2003-09-01,2003-11-28,88,25,15.549154,17.796545,14.08652,84.542786,3.5277648,6.9335938,89.4042,75.29174,4.216033,2.6554055
22.5,120.5,2003-09-01,2003-11-28,88,25,21.242378,23.28065,19.916162,78.67561,2.817583,2.142334,84.911194,68.18575,3.3534622,2.2683854
22.5,121.5,2003-09-01,2003-11-28,88,25,22.62646,23.333809,21.937061,75.69223,8.978418,3.0078125,79.19339,72.145706,10.18057,7.7640224
23.5,121.5,2003-09-01,2003-11-28,88,25,18.067142,19.870417,16.90107,80.670204,4.2010612,4.682617,85.332146,72.85322,4.934313,3.3295481
23.5,120.5,2003-09-01,2003-11-28,88,25,17.576849,21.23788,15.35669,81.9458,2.7526538,1.5600586,90.291794,66.93893,3.5912483,2.105537
23.5,120.5,2003-09-01,2003-11-29,89,25,17.444168,21.062973,15.188498,81.72469,2.5483031,1.0021973,90.82826,66.29053,3.448887,1.8216124
24.5,120.5,2003-09-01,2003-11-29,89,25,19.420008,21.151802,18.255802,77.09439,7.49672,0.9350586,82.99467,68.61432,8.546545,6.174563
22.5,121.5,2003-09-01,2003-11-29,89,25,22.43204,23.084356,21.787592,75.373505,9.08746,6.2316895,79.041756,71.18068,10.414698,7.7581806
22.5,120.5,2003-09-01,2003-11-29,89,25,21.099382,23.07477,19.80838,77.07683,2.7376533,1.2390137,83.44622,66.82482,3.2973585,1.9851546
23.5,121.5,2003-09-01,2003-11-29,89,25,17.724089,19.312094,16.557447,81.094154,4.1698337,7.3999023,85.893906,73.81111,4.91718,3.3387396
24.5,121.5,2003-09-01,2003-11-29,89,25,15.276316,17.302021,14.005802,84.7858,3.5298007,7.8100586,90.39045,75.65228,4.2041516,2.756252
23.5,121.5,2003-09-01,2003-11-30,90,25,17.976902,19.62098,17.037687,81.78823,3.4501715,4.349365,86.46735,73.90927,4.347282,2.50772
23.5,120.5,2003-09-01,2003-11-30,90,25,17.576687,21.134184,15.461495,82.64516,2.2967758,0.37475586,91.62524,66.85335,3.0598524,1.6868068
24.5,120.5,2003-09-01,2003-11-30,90,25,19.796629,21.508307,18.699635,78.55319,6.540237,0.43701172,84.84298,69.56674,7.728973,5.049297
24.5,121.5,2003-09-01,2003-11-30,90,25,15.862585,17.945726,14.576954,85.552956,3.0687644,6.9873047,90.65489,76.244156,3.816266,2.2887106
22.5,121.5,2003-09-01,2003-11-30,90,25,22.663698,23.301952,22.07631,75.61603,8.028526,3.5949707,79.58483,71.55779,9.2392235,6.818909
22.5,120.5,2003-09-01,2003-11-30,90,25,21.190594,23.261763,19.9163,78.0547,2.552517,1.3659668,85.17588,66.399376,3.1085398,2.0871644
23.5,121.5,2003-09-01,2003-12-01,91,25,18.136368,19.90281,16.924904,81.77128,3.9632316,6.0754395,86.855576,73.69843,4.8631043,2.9935157
24.5,120.5,2003-09-01,2003-12-01,91,25,19.871544,21.545385,18.525099,78.02179,7.391672,1.1999512,83.85383,69.83888,8.814248,5.693677
23.5,120.5,2003-09-01,2003-12-01,91,25,17.717714,21.309057,15.428311,82.800125,2.5718122,1.6162109,91.48433,67.56122,3.5571427,1.7570988
22.5,121.5,2003-09-01,2003-12-01,91,25,22.738281,23.410313,21.976475,76.279564,8.731726,4.559326,79.671326,72.49084,10.110089,7.386702
22.5,120.5,2003-09-01,2003-12-01,91,25,21.254044,23.325933,19.974068,78.782394,2.7462115,2.3205566,84.92459,67.67134,3.3849227,2.0735826
24.5,121.5,2003-09-01,2003-12-01,91,25,15.883418,18.066168,14.275055,85.10861,3.400483,9.213867,90.682175,75.55821,4.2071295,2.4274783
24.5,120.5,2003-09-01,2003-12-02,92,25,19.323456,21.160982,18.105705,76.1531,7.812907,0.7885742,81.92993,67.555984,8.898457,6.275831
23.5,121.5,2003-09-01,2003-12-02,92,25,17.46205,19.194479,16.187048,81.72211,4.389464,7.7075195,87.137344,74.13397,5.106701,3.575145
24.5,121.5,2003-09-01,2003-12-02,92,25,14.939198,17.00896,13.54152,84.76182,3.7865226,9.263916,90.148895,75.5516,4.4373884,2.8630688
23.5,120.5,2003-09-01,2003-12-02,92,25,17.359394,21.155064,15.003668,80.496475,2.6922696,1.8664551,89.215324,64.603134,3.48594,1.9416118
22.5,121.5,2003-09-01,2003-12-02,92,25,22.173378,22.866684,21.518417,76.77341,9.849387,5.7421875,80.447426,72.793274,10.880794,8.69342
22.5,120.5,2003-09-01,2003-12-02,92,25,20.895527,22.953423,19.476305,77.41026,2.9086432,3.7280273,83.9677,67.15263,3.5143638,2.3200314
24.5,120.5,2003-09-01,2003-12-03,93,25,19.0994,20.699594,17.922798,77.80894,7.1802907,2.2937012,83.21143,70.26578,8.453959,5.5999327
22.5,120.5,2003-09-01,2003-12-03,93,25,20.748852,22.49647,19.64176,78.30195,2.828696,3.3520508,84.541435,68.45515,3.38121,2.1844678
23.5,121.5,2003-09-01,2003-12-03,93,25,17.436314,18.958815,16.356491,81.835396,3.8640373,8.03833,86.15963,74.72723,4.6229315,3.1052964
24.5,121.5,2003-09-01,2003-12-03,93,25,15.01354,17.072868,13.617692,85.17813,3.3551528,10.799561,90.965614,75.824295,4.1728683,2.5602307
23.5,120.5,2003-09-01,2003-12-03,93,25,17.137661,20.519672,15.143576,81.55259,2.5732672,3.6523438,90.60488,66.84678,3.4004638,1.8056672
22.5,121.5,2003-09-01,2003-12-03,93,25,22.138521,22.760977,21.514463,76.68387,8.836628,4.98291,80.40324,72.87042,9.989564,7.8656325
22.5,120.5,2003-09-01,2003-12-04,94,25,20.800732,22.684326,19.586935,78.52241,2.8981326,1.6491699,84.849846,67.99167,3.5318058,2.2946386
23.5,120.5,2003-09-01,2003-12-04,94,25,17.084131,20.453156,14.97713,82.25386,2.6768675,1.6333008,90.41848,67.71335,3.4943562,1.9535693
24.5,121.5,2003-09-01,2003-12-04,94,25,14.908291,16.79359,13.534503,86.05584,3.515296,9.42627,90.218994,78.3648,4.3275785,2.5914507
23.5,121.5,2003-09-01,2003-12-04,94,25,17.349678,18.956495,16.210915,82.73029,4.1309657,5.4870605,86.892586,75.91796,4.9829063,3.2302485
22.5,121.5,2003-09-01,2003-12-04,94,25,22.115284,22.675274,21.455185,77.270584,9.116901,3.4960938,80.52486,73.89526,10.517717,7.6928406
24.5,120.5,2003-09-01,2003-12-04,94,25,19.022198,20.51791,17.92152,77.53784,7.5615125,1.003418,83.2335,70.17051,8.749584,6.0483274
22.5,120.5,2003-09-01,2003-12-05,95,25,20.677586,22.748413,19.29796,77.97253,2.8957837,1.1877441,84.95026,67.51947,3.5495858,2.3185542
23.5,121.5,2003-09-01,2003-12-05,95,25,17.137077,18.819977,16.042091,81.994484,4.0669365,5.3723145,86.70765,74.91398,4.8241715,3.3186796
24.5,121.5,2003-09-01,2003-12-05,95,25,14.988152,17.068336,13.805865,84.72002,3.3302376,8.081055,89.991974,75.90601,4.114503,2.586461
23.5,120.5,2003-09-01,2003-12-05,95,25,17.09366,20.689116,14.796593,81.69494,2.5284169,0.64697266,90.66864,66.642525,3.2691684,1.92821
24.5,120.5,2003-09-01,2003-12-05,95,25,19.157507,20.757027,18.089142,77.3344,7.366076,0.56884766,82.74361,69.68522,8.747245,5.975082
22.5,121.5,2003-09-01,2003-12-05,95,25,21.932547,22.609995,21.279507,75.94199,9.290313,2.869873,79.65394,72.33984,10.32435,8.326707
24.5,120.5,2003-09-01,2003-12-06,96,25,19.12425,21.011787,17.904709,77.20004,7.4865785,0.99243164,83.30744,68.58722,8.732731,5.8845363
24.5,121.5,2003-09-01,2003-12-06,96,25,14.913488,17.04959,13.514693,85.186035,3.537007,10.091553,90.367355,76.43135,4.2023177,2.7074854
23.5,120.5,2003-09-01,2003-12-06,96,25,16.967297,20.798447,14.674264,81.68123,2.498488,0.75561523,90.73019,66.06466,3.2259257,1.857654
23.5,121.5,2003-09-01,2003-12-06,96,25,17.187473,18.950766,15.859376,81.5543,4.122454,6.8969727,86.56602,74.05862,4.8687744,3.1208067
22.5,121.5,2003-09-01,2003-12-06,96,25,22.06847,22.841894,21.238672,75.30149,9.236327,3.5656738,78.97371,71.26829,10.413835,7.709585
22.5,120.5,2003-09-01,2003-12-06,96,25,20.534758,22.697432,19.16505,78.150055,2.8368223,0.9814453,84.70807,67.09913,3.4493928,2.2897384
24.5,120.5,2003-09-01,2003-12-07,97,25,19.00901,20.742104,17.823345,79.16028,7.4102297,2.545166,84.68791,71.394066,8.54553,5.870149
22.5,120.5,2003-09-01,2003-12-07,97,25,20.64639,22.779888,19.407042,78.9625,2.8551712,2.1276855,85.83289,67.18366,3.4644303,2.2887523
23.5,121.5,2003-09-01,2003-12-07,97,25,17.252487,18.940388,16.158356,82.70319,3.7852392,8.6328125,87.39622,75.344086,4.5748577,3.0057464
22.5,121.5,2003-09-01,2003-12-07,97,25,22.216255,22.869936,21.558613,77.05603,8.724113,6.343994,80.44201,73.09694,9.911337,7.499438
24.5,121.5,2003-09-01,2003-12-07,97,25,15.018893,17.124079,13.657418,86.57579,3.419489,11.485596,91.461624,78.11732,4.087601,2.6684196
23.5,120.5,2003-09-01,2003-12-07,97,25,16.870651,20.730513,14.645289,82.80227,2.6267502,2.286377,91.88354,67.23903,3.4514549,1.9042178
23.5,121.5,2003-09-01,2003-12-08,98,25,17.284475,19.030819,16.081905,83.163666,4.618968,8.813477,87.48926,75.49767,5.769848,3.282362
24.5,120.5,2003-09-01,2003-12-08,98,25,18.794554,20.389912,17.709343,77.550735,8.5367,2.2338867,82.94136,70.961975,9.861605,6.5964775
22.5,121.5,2003-09-01,2003-12-08,98,25,22.013927,22.796436,21.251684,77.83764,9.696376,5.341797,81.44734,73.84423,11.50895,7.781002
23.5,120.5,2003-09-01,2003-12-08,98,25,16.895042,20.516417,14.748195,82.11743,2.9117455,3.0041504,90.19779,67.426575,3.8535361,2.1376426
24.5,121.5,2003-09-01,2003-12-08,98,25,14.771038,16.552845,13.494196,86.73118,4.018301,12.154541,90.97321,79.17215,4.906511,2.7695417
22.5,120.5,2003-09-01,2003-12-08,98,25,20.67389,22.704308,19.388458,78.72997,3.0883765,3.3435059,85.19049,68.13718,3.630738,2.5652142
22.5,121.5,2003-09-01,2003-12-09,99,25,21.563574,22.107744,20.967833,76.56863,10.181354,7.034912,79.81006,73.33801,11.2414055,9.053169
22.5,120.5,2003-09-01,2003-12-09,99,25,20.269783,22.05876,19.141914,78.846855,2.878224,3.8598633,85.07153,69.469826,3.4857054,2.2700775
24.5,121.5,2003-09-01,2003-12-09,99,25,14.30453,15.917511,13.046827,86.02033,3.88338,9.154053,90.2091,78.826904,4.7014146,3.0271134
23.5,121.5,2003-09-01,2003-12-09,99,25,16.815018,18.252745,15.822824,82.62044,4.6107674,7.886963,86.75341,75.86528,5.5383887,3.6938465
24.5,120.5,2003-09-01,2003-12-09,99,25,18.54162,20.0009,17.389141,76.48222,8.516965,1.8713379,81.79717,69.22064,9.837616,6.9643993
23.5,120.5,2003-09-01,2003-12-09,99,25,16.84002,20.2684,14.916344,81.60923,2.7131414,2.5305176,89.72165,66.32805,3.6474886,1.946784
22.5,121.5,2003-09-01,2003-12-10,100,25,21.502762,22.091562,20.860245,75.07536,9.845587,3.9318848,79.269554,71.3435,11.08003,8.763365
23.5,120.5,2003-09-01,2003-12-10,100,25,16.417976,19.765255,14.408082,81.770676,2.6211872,0.7470703,89.700966,67.0341,3.3298843,1.9842814
24.5,121.5,2003-09-01,2003-12-10,100,25,14.072859,16.038555,12.649176,85.61254,3.635889,9.018555,90.531,77.17343,4.3085384,2.8208444
24.5,120.5,2003-09-01,2003-12-10,100,25,18.331394,20.013248,17.168156,76.72707,7.6592555,1.4074707,83.0996,68.28628,8.755039,6.169534
22.5,120.5,2003-09-01,2003-12-10,100,25,20.107899,21.84205,18.969719,77.59316,2.9799247,1.4074707,83.61155,68.571655,3.6020496,2.3864524
23.5,121.5,2003-09-01,2003-12-10,100,25,16.637293,18.13754,15.567775,81.47129,4.482094,4.8498535,86.20744,74.63029,5.275744,3.7239997
24.5,121.5,2003-09-01,2003-12-11,101,25,13.897691,15.749513,12.589688,86.071175,3.7366734,10.251465,90.42041,78.38483,4.4995513,2.7590609
22.5,121.5,2003-09-01,2003-12-11,101,25,21.282534,21.900406,20.570518,75.64767,9.600558,3.984375,79.14534,72.113106,11.069947,7.997718
24.5,120.5,2003-09-01,2003-12-11,101,25,18.192886,19.790276,16.948238,76.63605,7.7506084,0.60791016,82.409256,68.62235,8.898162,6.190033
22.5,120.5,2003-09-01,2003-12-11,101,25,20.056734,21.869194,18.88588,77.01102,2.7215583,1.5332031,82.780136,67.14108,3.2574177,2.2247324
23.5,121.5,2003-09-01,2003-12-11,101,25,16.47476,18.00734,15.432823,82.17334,4.43738,7.3876953,86.744705,75.484314,5.291582,3.4559367
23.5,120.5,2003-09-01,2003-12-11,101,25,16.376245,19.823648,14.294439,81.476715,2.5091531,0.9399414,90.15053,66.53228,3.2121105,1.8005409
22.5,121.5,2003-09-01,2003-12-12,102,25,21.168163,21.705053,20.599249,75.296364,9.550065,5.4174805,78.6413,71.70039,10.500646,8.544339
23.5,121.5,2003-09-01,2003-12-12,102,25,16.300196,17.668045,15.370007,82.14613,4.3618712,7.3095703,86.75367,75.726715,4.9570904,3.6407735
22.5,120.5,2003-09-01,2003-12-12,102,25,19.913515,21.636875,18.719376,77.11795,2.7337043,1.652832,83.61985,67.62507,3.2613788,2.159871
24.5,120.5,2003-09-01,2003-12-12,102,25,18.264668,19.961327,17.124142,76.03449,7.649966,0.9082031,81.410614,68.038185,8.536771,6.462668
23.5,120.5,2003-09-01,2003-12-12,102,25,16.442245,19.814842,14.472882,81.152855,2.4432273,1.2036133,89.23883,65.6789,3.2415082,1.8081056
24.5,121.5,2003-09-01,2003-12-12,102,25,13.868203,15.714784,12.668824,85.253,3.605736,9.34082,89.8341,77.401184,4.166023,2.9760728
24.5,120.5,2003-09-01,2003-12-13,103,25,18.235935,19.898947,17.097033,75.77259,7.5679884,0.75439453,81.44692,66.9877,8.550767,6.209743
22.5,120.5,2003-09-01,2003-12-13,103,25,19.792732,21.645195,18.673164,76.548615,2.8667994,1.1523438,82.47996,66.696754,3.5060654,2.2711048
23.5,120.5,2003-09-01,2003-12-13,103,25,16.173573,19.65676,14.168204,80.98957,2.49409,0.7348633,89.62119,64.9873,3.2828448,1.8481044
22.5,121.5,2003-09-01,2003-12-13,103,25,21.168161,21.837744,20.50768,74.8592,9.714685,3.9916992,78.77937,70.79349,10.808179,8.51351
24.5,121.5,2003-09-01,2003-12-13,103,25,13.825232,15.566368,12.62068,84.66525,3.4856558,7.6782227,88.91374,77.03803,4.0971303,2.7507858
23.5,121.5,2003-09-01,2003-12-13,103,25,16.194138,17.615528,15.253658,81.62551,4.2488403,6.2963867,85.93618,75.10458,4.9568725,3.4314814
23.5,120.5,2003-09-01,2003-12-14,104,25,16.248629,19.969809,13.961525,81.60501,2.1055083,1.7773438,91.13484,64.28475,2.7513058,1.5426658
24.5,120.5,2003-09-01,2003-12-14,104,25,18.703354,20.538202,17.386232,77.84212,6.0940466,1.6357422,85.25667,67.973656,7.276036,4.7579503
22.5,121.5,2003-09-01,2003-12-14,104,25,21.487007,22.201035,20.71314,74.622055,8.914047,4.614258,78.60831,70.65267,10.199967,7.596396
23.5,121.5,2003-09-01,2003-12-14,104,25,16.541344,18.150301,15.389884,81.29868,3.5735636,6.574707,85.987816,73.81628,4.3643136,2.8086908
24.5,121.5,2003-09-01,2003-12-14,104,25,14.507515,16.68644,13.071837,84.338455,3.1139002,7.783203,89.90411,74.621925,3.7399344,2.4682355
22.5,120.5,2003-09-01,2003-12-14,104,25,19.838394,21.851015,18.491817,77.51394,2.8313239,1.7211914,85.33664,66.414734,3.3996844,2.2959635
24.5,120.5,2003-09-01,2003-12-15,105,25,18.748318,20.501593,17.538376,79.116394,7.140424,2.4047852,84.922226,71.31958,8.654482,5.1606297
23.5,121.5,2003-09-01,2003-12-15,105,25,17.024178,18.733932,15.915544,82.59149,3.9625702,7.4316406,87.3402,74.993515,4.933651,2.7565844
22.5,121.5,2003-09-01,2003-12-15,105,25,21.813221,22.494013,21.13563,76.59238,8.96255,8.666992,80.657135,72.29337,10.40406,7.3136077
23.5,120.5,2003-09-01,2003-12-15,105,25,16.60736,20.439875,14.535035,82.5517,2.514247,1.9604492,90.95941,66.98102,3.376054,1.8441428
24.5,121.5,2003-09-01,2003-12-15,105,25,14.823377,16.735397,13.479679,86.32545,3.6477745,10.419922,90.80727,78.70644,4.369042,2.7325754
22.5,120.5,2003-09-01,2003-12-15,105,25,20.248161,22.466045,18.918058,78.66238,2.9526227,3.2324219,85.23784,67.09081,3.4985166,2.3151653
24.5,121.5,2003-09-01,2003-12-16,106,25,14.343775,16.396835,13.023014,85.60177,3.9218836,10.070801,90.348045,77.07135,4.5627728,3.2485986
22.5,120.5,2003-09-01,2003-12-16,106,25,20.120787,22.024176,18.808956,77.92973,3.000437,2.6269531,83.87455,68.163704,3.5933304,2.3379934
23.5,121.5,2003-09-01,2003-12-16,106,25,16.721197,18.398397,15.458131,82.05298,4.297183,7.487793,86.50943,74.97657,5.0872197,3.4532633
24.5,120.5,2003-09-01,2003-12-16,106,25,18.248169,19.781796,17.212921,77.59339,7.656027,1.7211914,82.601944,70.354706,8.824131,6.144407
23.5,120.5,2003-09-01,2003-12-16,106,25,16.496958,20.060112,14.273429,81.5246,2.601808,1.2548828,89.76158,66.847115,3.5429587,1.8218007
22.5,121.5,2003-09-01,2003-12-16,106,25,21.533209,22.21332,20.819624,75.78813,9.693374,7.1118164,79.426506,71.957664,10.914637,8.3258915
23.5,120.5,2003-09-01,2003-12-17,107,25,16.433815,19.834635,14.464577,81.72817,2.4224176,2.6367188,89.80646,67.25587,3.174533,1.771011
22.5,120.5,2003-09-01,2003-12-17,107,25,20.036901,21.71126,18.923307,78.19038,2.8670478,2.3388672,83.906906,69.79428,3.4727774,2.3050086
23.5,121.5,2003-09-01,2003-12-17,107,25,16.526842,18.03082,15.502159,83.28424,4.062742,9.345703,86.9986,77.38057,5.1740108,2.8708842
24.5,120.5,2003-09-01,2003-12-17,107,25,18.160318,19.772448,16.95822,77.84385,7.230429,1.9897461,83.74501,69.96683,8.567318,5.395641
24.5,121.5,2003-09-01,2003-12-17,107,25,14.307818,16.247658,12.954123,86.09202,3.6429217,10.002441,90.59682,78.034485,4.3981395,2.7211456
22.5,121.5,2003-09-01,2003-12-17,107,25,21.288559,21.901348,20.64588,77.23001,9.125413,7.3583984,80.62644,73.46099,10.963714,7.2173295
23.5,121.5,2003-09-01,2003-12-18,108,25,16.572704,18.16533,15.383927,83.000885,3.8103952,7.1777344,87.86108,76.40474,4.9839835,2.7445185
24.5,120.5,2003-09-01,2003-12-18,108,25,17.871748,19.390375,16.591011,78.07882,6.9798665,2.5073242,83.84777,70.96841,8.38648,5.1901927
23.5,120.5,2003-09-01,2003-12-18,108,25,16.199228,19.46291,14.228141,82.84833,2.598003,2.7368164,90.23173,69.39021,3.4640098,1.7761708
24.5,121.5,2003-09-01,2003-12-18,108,25,14.184052,16.182226,12.498395,86.35245,3.3829172,9.560547,90.75325,79.06811,4.2726836,2.4032853
22.5,121.5,2003-09-01,2003-12-18,108,25,21.335499,22.107368,20.54876,76.85282,8.5235405,4.0844727,80.83052,72.8853,10.545323,6.8761387
22.5,120.5,2003-09-01,2003-12-18,108,25,19.926807,21.824785,18.738928,78.648636,3.0013297,2.109375,84.79699,69.15138,3.761126,2.3624656
24.5,120.5,2003-09-01,2003-12-19,109,25,17.595284,19.203836,16.50652,77.6675,7.2953014,1.9580078,83.072395,70.46363,8.683764,5.44266
22.5,120.5,2003-09-01,2003-12-19,109,25,19.659931,21.500238,18.425333,78.14708,3.1353412,1.5429688,84.155914,69.04871,3.5878763,2.6684437
24.5,121.5,2003-09-01,2003-12-19,109,25,13.491768,15.26368,12.180347,86.815315,3.6029499,9.521484,91.00154,79.98482,4.310527,2.6145084
23.5,121.5,2003-09-01,2003-12-19,109,25,16.064892,17.514027,14.943487,83.38071,4.289899,7.854004,87.45468,77.39828,5.362529,3.078801
23.5,120.5,2003-09-01,2003-12-19,109,25,15.995205,19.187113,14.138092,81.865135,2.548642,2.0288086,89.398865,67.88821,3.27724,1.9027863
22.5,121.5,2003-09-01,2003-12-19,109,25,20.999521,21.689293,20.29023,76.62664,9.295126,3.2983398,80.130135,73.15636,11.126068,7.2867603
23.5,120.5,2003-09-01,2003-12-20,110,25,15.487199,18.950232,13.44336,82.22427,2.6024878,1.5649414,90.12712,67.80964,3.4142487,1.8902324
22.5,121.5,2003-09-01,2003-12-20,110,25,20.772764,21.506783,20.034327,75.95234,8.296488,2.5927734,79.197815,72.02684,9.902057,6.6992717
23.5,121.5,2003-09-01,2003-12-20,110,25,15.819152,17.496162,14.612423,82.48005,3.7979877,5.461426,87.112274,75.27556,4.645209,2.8853588
24.5,120.5,2003-09-01,2003-12-20,110,25,17.234718,18.804665,15.983698,77.90232,7.068885,0.8935547,83.44789,70.789894,8.350541,5.4720917
22.5,120.5,2003-09-01,2003-12-20,110,25,19.392336,21.310728,18.144712,77.65727,3.045775,1.4160156,83.23995,68.1301,3.678467,2.4351366
24.5,121.5,2003-09-01,2003-12-20,110,25,13.325401,15.41986,11.703614,85.7746,3.1707335,6.057129,90.21418,77.540436,3.9086187,2.3151026
24.5,120.5,2003-09-01,2003-12-21,111,25,17.330431,18.883644,16.269045,77.50796,7.1940947,0.87890625,82.83325,69.60782,8.470383,5.525796
23.5,121.5,2003-09-01,2003-12-21,111,25,15.756037,17.401266,14.5387125,81.7482,3.8820724,6.611328,85.94161,74.645226,4.705496,2.9991846
24.5,121.5,2003-09-01,2003-12-21,111,25,13.354962,15.360944,12.006876,84.74523,3.2123127,7.1118164,89.70065,75.74073,3.8679762,2.4060166
23.5,120.5,2003-09-01,2003-12-21,111,25,15.500782,18.970451,13.452032,81.57687,2.472792,1.7895508,90.33562,66.34277,3.234207,1.8207002
22.5,121.5,2003-09-01,2003-12-21,111,25,20.688848,21.292944,20.059595,75.46199,8.77931,4.147949,78.98171,71.751816,9.912101,7.5064807
22.5,120.5,2003-09-01,2003-12-21,111,25,19.288439,21.27623,17.97132,77.20667,2.8270545,2.6049805,84.01688,66.94915,3.4871361,2.1924925
23.5,121.5,2003-09-01,2003-12-22,112,25,15.938808,17.424652,14.94254,81.69252,3.3311212,7.17041,86.15865,75.06587,4.1505585,2.453341
24.5,120.5,2003-09-01,2003-12-22,112,25,17.66877,19.325672,16.624147,79.25974,6.0918303,1.8579102,85.05549,70.44525,7.3127513,4.4846525
24.5,121.5,2003-09-01,2003-12-22,112,25,13.839395,15.949818,12.61008,85.188484,3.0230122,8.068848,90.09626,75.78641,3.6188364,2.3166425
22.5,120.5,2003-09-01,2003-12-22,112,25,19.371153,21.247252,18.182833,78.24473,2.7346947,2.6269531,84.008064,67.91343,3.3343859,2.240698
23.5,120.5,2003-09-01,2003-12-22,112,25,15.548398,19.021708,13.549943,82.98285,2.2068472,2.487793,91.91542,67.8342,2.84787,1.6377342
22.5,121.5,2003-09-01,2003-12-22,112,25,20.963848,21.456064,20.353806,74.98,8.249091,5.534668,78.73297,71.47125,9.411593,7.024367
23.5,121.5,2003-09-01,2003-12-23,113,25,16.662897,18.431435,15.551647,82.33848,3.18938,8.330078,87.638824,74.51155,4.0281596,2.3402126
24.5,120.5,2003-09-01,2003-12-23,113,25,18.027155,19.86408,16.91835,80.53096,6.051593,3.4204102,86.73748,71.34125,7.1643844,4.800143
22.5,121.5,2003-09-01,2003-12-23,113,25,21.589989,22.140512,20.98813,75.63184,7.195918,7.192383,79.463356,71.85333,8.490761,5.913785
24.5,121.5,2003-09-01,2003-12-23,113,25,14.57698,16.86784,13.246393,86.115135,2.7472281,9.458008,91.69486,75.88595,3.5211053,1.8698316
22.5,120.5,2003-09-01,2003-12-23,113,25,19.91202,21.954718,18.690191,79.16661,2.7026663,3.293457,86.21023,67.521545,3.2292309,2.1617136
23.5,120.5,2003-09-01,2003-12-23,113,25,16.024422,19.686502,14.015787,83.466934,2.2742767,3.4301758,91.91555,67.74775,2.8369427,1.7913768
24.5,121.5,2003-09-01,2003-12-24,114,25,14.570888,16.67542,13.19338,87.07629,3.152597,9.6875,91.84758,78.442825,3.8539407,2.4331942
22.5,121.5,2003-09-01,2003-12-24,114,25,21.669014,22.28567,21.058071,78.04502,8.005229,4.819336,82.20922,73.88799,9.242017,6.6856246
23.5,120.5,2003-09-01,2003-12-24,114,25,16.215828,19.57675,14.377375,84.20564,2.6800065,3.7792969,91.726845,70.20335,3.4659524,1.9044627
22.5,120.5,2003-09-01,2003-12-24,114,25,20.034676,22.015434,18.79293,80.89605,3.00613,4.4677734,87.11088,70.3177,3.6988943,2.3146284
24.5,120.5,2003-09-01,2003-12-24,114,25,17.876356,19.386456,16.705553,80.51059,7.2924514,2.4853516,85.095726,74.0878,8.560514,5.7183323
23.5,121.5,2003-09-01,2003-12-24,114,25,16.977215,18.771856,15.833453,83.566086,3.6968412,7.4121094,88.3864,75.94142,4.6085987,2.7826931
23.5,121.5,2003-09-01,2003-12-25,115,25,16.063034,17.805624,14.705836,83.36146,4.68885,6.5844727,87.495316,76.640945,5.4233336,3.728609
24.5,120.5,2003-09-01,2003-12-25,115,25,16.905945,18.33911,15.8432045,78.29535,8.878626,1.4453125,82.726494,72.34353,9.827683,7.6749544
22.5,120.5,2003-09-01,2003-12-25,115,25,19.657019,21.683271,18.206842,79.25941,3.30118,1.7675781,85.37456,69.95999,3.8374102,2.730544
23.5,120.5,2003-09-01,2003-12-25,115,25,15.703855,19.101015,13.539528,82.50837,3.1118608,2.2387695,89.3143,68.905876,4.090146,2.31787
22.5,121.5,2003-09-01,2003-12-25,115,25,20.925886,21.705795,20.152336,77.8964,9.727848,3.6206055,81.20667,74.38931,10.9626255,8.007061
24.5,121.5,2003-09-01,2003-12-25,115,25,13.07532,14.921727,11.736007,87.54257,3.9675121,9.387207,91.28525,80.95091,4.5606403,3.2781446
24.5,120.5,2003-09-01,2003-12-26,116,25,17.147886,18.524235,16.147892,77.33478,7.6975484,2.5488281,83.19487,70.1311,8.970924,6.0553045
23.5,121.5,2003-09-01,2003-12-26,116,25,15.558961,16.979078,14.5813875,82.557594,3.9805207,7.6416016,86.990265,75.81891,4.962317,2.964432
24.5,121.5,2003-09-01,2003-12-26,116,25,13.129352,14.831656,11.995334,85.855644,3.4447284,9.697266,90.12577,77.87814,4.146559,2.6221857
22.5,120.5,2003-09-01,2003-12-26,116,25,19.221891,21.068687,18.10212,77.14194,2.875633,2.1826172,83.21722,67.21277,3.4881806,2.3575335
23.5,120.5,2003-09-01,2003-12-26,116,25,15.45691,18.786188,13.519855,81.55995,2.4873927,2.9663086,90.05891,66.771545,3.2727277,1.7814099
22.5,121.5,2003-09-01,2003-12-26,116,25,20.518433,21.01463,19.9698,76.45205,9.221692,4.4555664,80.11086,72.89806,10.637517,7.8170967
22.5,121.5,2003-09-01,2003-12-27,117,25,20.960014,21.55768,20.322819,77.115906,7.5505724,6.4624023,80.6418,73.36866,9.006597,6.0390415
23.5,120.5,2003-09-01,2003-12-27,117,25,15.433276,18.943466,13.379478,84.18178,2.456966,5.2929688,92.641205,69.30011,3.113493,1.8337755
22.5,120.5,2003-09-01,2003-12-27,117,25,19.366968,21.368935,18.125992,78.932594,2.8181705,5.8032227,85.91404,68.13748,3.3820527,2.2667923
24.5,121.5,2003-09-01,2003-12-27,117,25,13.938472,16.035423,12.665216,86.555,2.8524728,10.686035,91.74563,77.29008,3.657817,2.0302603
23.5,121.5,2003-09-01,2003-12-27,117,25,16.041323,17.683466,14.984942,83.06679,3.1648352,8.349609,87.58396,75.81031,4.045475,2.1187074
24.5,120.5,2003-09-01,2003-12-27,117,25,17.393589,18.87474,16.35195,80.9894,6.615835,4.272461,86.87026,72.97113,7.8326387,5.1400385
23.5,120.5,2003-09-01,2003-12-28,118,25,15.381977,18.983788,13.395836,84.13237,2.6035166,3.2006836,92.06668,69.09414,3.2818897,2.1022565
22.5,121.5,2003-09-01,2003-12-28,118,25,21.014263,21.727467,20.287422,77.87437,7.640606,4.313965,82.38097,73.37584,9.217668,6.1385865
22.5,120.5,2003-09-01,2003-12-28,118,25,19.442799,21.474218,18.173521,79.786514,2.9896717,2.3828125,86.67505,68.67609,3.5417655,2.4030256
24.5,121.5,2003-09-01,2003-12-28,118,25,13.82643,16.096386,12.46004,87.30315,3.1183038,9.892578,92.038795,78.205475,3.7149534,2.4173732
24.5,120.5,2003-09-01,2003-12-28,118,25,17.214302,18.799345,16.172419,80.69163,6.76995,2.6098633,86.12452,73.30311,8.029072,5.419141
23.5,121.5,2003-09-01,2003-12-28,118,25,16.10063,17.907343,14.815812,83.79983,3.4621067,7.3095703,88.46835,76.210396,4.2764635,2.5704715
23.5,121.5,2003-09-01,2003-12-29,119,25,15.791805,17.413248,14.668175,83.307755,4.075409,6.2768555,87.14816,76.993675,4.8853154,3.0790033
24.5,120.5,2003-09-01,2003-12-29,119,25,16.856825,18.28653,15.799669,78.84914,7.55089,1.8188477,84.094475,72.07437,8.699223,6.127284
22.5,120.5,2003-09-01,2003-12-29,119,25,19.349169,21.328794,18.087502,78.74282,2.9292,1.1254883,84.53713,68.558205,3.448009,2.3929229
24.5,121.5,2003-09-01,2003-12-29,119,25,13.149794,15.186075,11.68568,86.82192,3.5028226,8.884277,90.84648,79.3283,4.1154723,2.7608883
22.5,121.5,2003-09-01,2003-12-29,119,25,20.736845,21.466377,19.997774,77.26515,8.376224,2.6879883,80.94168,73.11918,9.903126,6.688594
23.5,120.5,2003-09-01,2003-12-29,119,25,15.315477,18.695826,13.41363,82.9669,2.8167562,1.6210938,90.158134,69.38634,3.5458784,2.131913
24.5,120.5,2003-09-01,2003-12-30,120,25,16.641027,18.18619,15.607604,77.292816,7.3011956,0.88134766,83.18409,69.160095,8.498081,6.047158
23.5,121.5,2003-09-01,2003-12-30,120,25,15.325286,16.88477,14.264723,82.116,3.960995,6.838379,86.2907,75.41035,4.8130445,3.0574863
24.5,121.5,2003-09-01,2003-12-30,120,25,12.669953,14.606479,11.383009,85.57829,3.4215531,7.9418945,90.36279,77.20352,4.1669955,2.6014035
22.5,120.5,2003-09-01,2003-12-30,120,25,19.079933,21.134638,17.750147,77.0292,2.9085495,0.78125,83.00666,66.534904,3.5123343,2.3156457
23.5,120.5,2003-09-01,2003-12-30,120,25,14.925481,18.517899,12.7424965,81.17455,2.670877,0.5834961,89.877815,65.727264,3.4662542,2.0139554
22.5,121.5,2003-09-01,2003-12-30,120,25,20.408293,20.977095,19.743736,76.00015,8.479078,3.4545898,79.15861,72.854706,9.826188,7.044054
23.5,121.5,2003-09-01,2003-12-31,121,25,15.5749235,17.373863,14.425411,82.36841,3.6037855,6.772461,87.10456,74.71611,4.633948,2.5336475
24.5,120.5,2003-09-01,2003-12-31,121,25,16.801485,18.364185,15.678951,78.79147,7.2512074,1.4526367,84.59238,70.919495,8.601035,5.458513
24.5,121.5,2003-09-01,2003-12-31,121,25,13.137443,15.22066,11.654698,85.77877,3.250361,8.842773,90.54681,77.23639,4.0139985,2.3536763
23.5,120.5,2003-09-01,2003-12-31,121,25,15.133693,18.974646,13.000461,81.661285,2.6117022,0.5517578,90.81858,65.34745,3.465754,1.8676698
22.5,120.5,2003-09-01,2003-12-31,121,25,19.121096,21.284096,17.783897,77.3925,2.7942185,0.60302734,84.14973,65.75383,3.38808,2.1975813
22.5,121.5,2003-09-01,2003-12-31,121,25,20.5575,21.235258,19.886217,76.039055,7.778929,3.1201172,80.02698,71.616936,9.38554,6.285122
24.5,120.5,2003-09-01,2004-01-01,122,25,16.647121,17.90477,15.704123,78.97015,6.9752026,0.9033203,83.764915,72.26142,8.026302,5.687713
22.5,120.5,2003-09-01,2004-01-01,122,25,19.011848,20.97729,17.811735,78.76609,2.8785143,1.8847656,84.814026,68.20803,3.4733346,2.3404813
22.5,121.5,2003-09-01,2004-01-01,122,25,20.443157,21.137968,19.7034,76.799416,7.809191,4.5214844,80.83916,72.809944,9.093195,6.4884953
23.5,121.5,2003-09-01,2004-01-01,122,25,15.47884,17.278383,14.291373,82.94556,3.488365,7.0825195,87.74863,75.185005,4.3888526,2.575079
23.5,120.5,2003-09-01,2004-01-01,122,25,14.981829,18.286898,13.051266,83.227715,2.6212332,1.3769531,90.872536,69.48629,3.5723464,1.8193556
24.5,121.5,2003-09-01,2004-01-01,122,25,13.016633,15.183383,11.685621,85.9505,3.0954423,7.5268555,90.86291,76.75725,3.8171363,2.2540605
22.5,121.5,2003-09-01,2004-01-02,123,25,20.385853,20.895771,19.802925,76.82923,8.221111,4.272461,79.677376,73.8444,9.431723,6.7460327
22.5,120.5,2003-09-01,2004-01-02,123,25,19.098137,20.983793,18.020163,78.30491,2.7083554,2.4194336,83.8439,68.72417,3.312705,2.1385248
24.5,121.5,2003-09-01,2004-01-02,123,25,12.979934,14.790112,11.761901,86.262024,3.312276,9.11377,90.21626,78.957855,3.9681625,2.5716128
24.5,120.5,2003-09-01,2004-01-02,123,25,16.74423,18.186731,15.720943,78.9357,7.3053217,1.2792969,84.709984,71.420074,8.399735,5.9319806
23.5,121.5,2003-09-01,2004-01-02,123,25,15.409328,16.907377,14.351867,83.066055,3.7079968,6.904297,87.14334,76.62113,4.5464892,2.753024
23.5,120.5,2003-09-01,2004-01-02,123,25,15.210091,18.536518,13.334747,82.443855,2.5328095,1.7773438,90.40476,67.23818,3.3464222,1.9381605
22.5,120.5,2003-09-01,2004-01-03,124,25,19.053053,21.150723,17.694454,78.10268,2.9183197,0.8203125,84.5441,67.412224,3.563757,2.1436799
22.5,121.5,2003-09-01,2004-01-03,124,25,20.425865,21.102066,19.720007,76.139435,8.461448,2.9101562,79.687874,72.49017,9.875915,6.979706
23.5,120.5,2003-09-01,2004-01-03,124,25,15.136178,18.675411,13.022604,82.83793,2.7286322,1.5478516,91.11241,68.073456,3.5376997,2.057237
24.5,120.5,2003-09-01,2004-01-03,124,25,16.609108,18.17712,15.506314,79.33908,7.623237,2.5463867,84.46422,72.17477,9.123623,5.7746406
23.5,121.5,2003-09-01,2004-01-03,124,25,15.376217,17.041388,14.224244,83.28461,3.8375037,6.557617,87.40178,76.41714,4.8479824,2.8263655
24.5,121.5,2003-09-01,2004-01-03,124,25,12.954772,15.045714,11.572902,86.39321,3.3575332,9.794922,90.832184,77.97973,4.1382747,2.3571138
24.5,121.5,2003-09-01,2004-01-04,125,25,12.672659,14.54568,11.473961,86.28677,3.3391562,9.858398,90.65364,78.36515,4.090893,2.4632072
23.5,121.5,2003-09-01,2004-01-04,125,25,15.208518,16.863228,14.106012,82.22359,3.8583672,6.1987305,86.43721,74.97587,4.763444,2.8584945
24.5,120.5,2003-09-01,2004-01-04,125,25,16.321701,17.744278,15.318673,78.27566,7.6604795,4.116211,83.26551,71.36428,8.649693,6.361873
23.5,120.5,2003-09-01,2004-01-04,125,25,14.876565,18.394224,12.88527,81.85845,2.6985788,1.8188477,90.00627,67.461464,3.517326,1.9893728
22.5,121.5,2003-09-01,2004-01-04,125,25,20.292854,20.861025,19.691437,75.11725,8.185066,3.071289,78.91947,71.42837,9.905794,6.5765934
22.5,120.5,2003-09-01,2004-01-04,125,25,18.81807,20.733599,17.606426,78.08746,2.9679399,1.4306641,84.408615,67.969986,3.5538058,2.3948863
22.5,121.5,2003-09-01,2004-01-05,126,25,20.31388,21.022993,19.64854,76.17471,8.325066,3.190918,80.02563,72.14546,9.986188,6.573208
23.5,121.5,2003-09-01,2004-01-05,126,25,15.318335,17.044262,14.102017,82.965614,4.041362,6.6088867,87.886925,75.67452,5.0494933,2.9464288
24.5,120.5,2003-09-01,2004-01-05,126,25,16.462221,17.8497,15.502843,78.51437,7.770582,1.7773438,83.67207,71.863014,8.967476,6.356652
24.5,121.5,2003-09-01,2004-01-05,126,25,12.791069,14.671117,11.619229,86.79586,3.6125758,9.614258,90.93592,79.28555,4.4294815,2.7707703
23.5,120.5,2003-09-01,2004-01-05,126,25,14.851401,18.31518,12.9857235,82.52639,2.7282946,1.7749023,90.3781,67.999275,3.5282998,2.0043294
22.5,120.5,2003-09-01,2004-01-05,126,25,18.861988,20.976118,17.586935,78.078964,3.0114183,1.418457,84.61087,66.7801,3.7001808,2.33491
23.5,121.5,2003-09-01,2004-01-06,127,25,15.150775,16.820534,13.968156,81.60415,4.121814,5.402832,86.44472,74.58437,5.0157394,3.2470462
23.5,120.5,2003-09-01,2004-01-06,127,25,14.820169,18.32147,12.680851,82.50942,2.6549919,0.546875,91.01166,67.1491,3.4610577,1.9588568
24.5,121.5,2003-09-01,2004-01-06,127,25,12.565385,14.545275,11.230695,85.687195,3.519754,8.415527,90.11592,77.956474,4.3198857,2.7947505
22.5,120.5,2003-09-01,2004-01-06,127,25,18.774975,20.76272,17.564415,77.47093,2.9092605,0.6713867,83.37633,67.049484,3.4368372,2.3497615
22.5,121.5,2003-09-01,2004-01-06,127,25,20.141068,20.762905,19.50129,75.44581,8.942665,2.6464844,79.55731,71.61936,10.491456,7.639816
24.5,120.5,2003-09-01,2004-01-06,127,25,16.443901,17.93897,15.40357,78.11111,7.6308875,0.8178711,83.60586,71.04608,9.079046,5.9978065
22.5,120.5,2003-09-01,2004-01-07,128,25,18.844847,21.011425,17.53485,76.500595,2.7226942,0.46875,83.65276,64.65733,3.2040517,2.2905972
22.5,121.5,2003-09-01,2004-01-07,128,25,20.152346,20.78935,19.534317,74.88373,8.073531,2.692871,78.98193,71.049866,9.613216,6.6375823
23.5,120.5,2003-09-01,2004-01-07,128,25,14.738186,18.7326,12.555241,82.046326,2.327917,0.41015625,90.91236,64.3465,2.9803438,1.8145419
24.5,120.5,2003-09-01,2004-01-07,128,25,16.564358,18.230333,15.602989,78.36681,6.923457,0.67626953,84.36122,69.65573,8.1529045,5.402418
23.5,121.5,2003-09-01,2004-01-07,128,25,15.058733,16.78299,13.921554,81.73929,3.6020064,5.6347656,87.021194,73.32721,4.5752544,2.6001089
24.5,121.5,2003-09-01,2004-01-07,128,25,12.781897,14.800802,11.519098,85.62284,3.1196158,8.063965,90.71142,76.18301,3.9112198,2.3350577
24.5,121.5,2003-09-01,2004-01-08,129,25,13.301139,15.515944,11.847843,86.15636,3.0511255,9.846191,90.97579,77.183495,3.955771,2.1637444
23.5,121.5,2003-09-01,2004-01-08,129,25,15.484654,17.335709,14.278531,82.85651,3.4145555,6.994629,87.73253,74.38474,4.4101677,2.4753332
24.5,120.5,2003-09-01,2004-01-08,129,25,16.765612,18.432398,15.670963,79.56491,6.684571,0.8300781,85.62959,70.548386,8.067831,5.01671
22.5,120.5,2003-09-01,2004-01-08,129,25,19.008541,21.204771,17.674986,78.68991,2.7834516,1.8286133,85.63024,66.93705,3.4939218,2.1457574
23.5,120.5,2003-09-01,2004-01-08,129,25,14.9595375,18.785162,12.9209385,82.79593,2.48154,0.83984375,91.19218,66.68039,3.392742,1.7855409
22.5,121.5,2003-09-01,2004-01-08,129,25,20.475143,21.161324,19.780348,76.14241,7.585216,4.658203,79.72624,72.149925,9.151071,6.122088
23.5,121.5,2003-09-01,2004-01-09,130,25,15.423819,17.227423,14.240392,83.07429,3.5201187,7.0117188,87.462364,75.9615,4.3817205,2.528628
23.5,120.5,2003-09-01,2004-01-09,130,25,14.989209,18.695972,12.968815,82.095665,2.6559896,1.5844727,90.45634,66.383446,3.497079,1.8934375
22.5,121.5,2003-09-01,2004-01-09,130,25,20.380264,21.078012,19.645758,76.515945,7.951325,5.3588867,80.45796,72.72791,9.496751,6.3484235
24.5,121.5,2003-09-01,2004-01-09,130,25,12.977666,15.222809,11.475812,86.20644,3.04789,8.17627,91.45444,77.34701,3.8700156,2.0631628
22.5,120.5,2003-09-01,2004-01-09,130,25,18.961376,21.00558,17.784918,78.74904,2.933815,2.4682617,85.56416,67.865204,3.6124606,2.3062043
24.5,120.5,2003-09-01,2004-01-09,130,25,16.565536,18.123913,15.439786,78.79086,7.13943,0.96435547,85.2012,71.10914,8.323411,5.562226
22.5,121.5,2003-09-01,2004-01-10,131,25,20.173195,20.94564,19.368263,76.09179,8.533056,3.4179688,79.51727,72.44889,10.229003,6.702957
22.5,120.5,2003-09-01,2004-01-10,131,25,18.873487,20.900507,17.611925,77.837395,3.0538917,1.3452148,83.46376,68.44827,3.7813914,2.285894
24.5,121.5,2003-09-01,2004-01-10,131,25,12.82878,15.073058,11.325255,85.07241,3.378556,7.03125,90.11837,76.70392,4.2188063,2.4142487
24.5,120.5,2003-09-01,2004-01-10,131,25,16.393097,17.973742,15.237096,77.993385,7.390476,1.0449219,84.71843,70.492134,8.747786,5.728051
23.5,121.5,2003-09-01,2004-01-10,131,25,15.350324,17.072227,14.103908,82.119354,3.8683298,5.7177734,86.60843,75.462425,5.0184755,2.5221863
23.5,120.5,2003-09-01,2004-01-10,131,25,14.917237,18.509571,12.79901,82.07203,2.7536156,1.0620117,90.57951,67.036766,3.846368,1.8396447
23.5,121.5,2003-09-01,2004-01-11,132,25,15.13747,16.974655,13.853268,80.74464,3.2980719,4.3652344,85.7448,72.50122,4.195628,2.2358139
24.5,120.5,2003-09-01,2004-01-11,132,25,16.287647,18.034567,15.085309,78.333466,6.476117,0.60791016,84.45362,69.13648,7.785582,4.9002376
24.5,121.5,2003-09-01,2004-01-11,132,25,12.807979,15.1994295,11.342931,84.15525,3.0210516,5.793457,89.79007,73.451546,3.677898,2.1959896
22.5,121.5,2003-09-01,2004-01-11,132,25,20.113525,20.833721,19.326221,73.71811,7.7865553,1.5551758,77.83657,69.56177,9.2130375,6.3629646
22.5,120.5,2003-09-01,2004-01-11,132,25,18.710243,20.807076,17.440495,76.46001,2.9948208,0.53222656,82.91798,65.455055,3.5923066,2.3051362
23.5,120.5,2003-09-01,2004-01-11,132,25,14.74081,18.735905,12.475411,80.990105,2.4980097,0.41259766,90.1565,63.304886,3.352513,1.7581788
23.5,121.5,2003-09-01,2004-01-12,133,25,15.526787,17.39348,14.221413,81.11203,2.8659666,5.1123047,86.50903,72.395355,4.018566,1.812113
24.5,120.5,2003-09-01,2004-01-12,133,25,16.415478,18.228558,15.024875,80.376526,5.7934585,3.8061523,87.27898,71.24347,7.5450554,3.9661133
24.5,121.5,2003-09-01,2004-01-12,133,25,13.31835,16.037796,11.444225,84.62476,2.7517958,8.154297,90.80514,72.85201,3.6595466,1.8545204
23.5,120.5,2003-09-01,2004-01-12,133,25,14.68583,18.702293,12.464313,82.537315,2.41847,2.2143555,92.13997,65.69064,3.1913846,1.7005726
22.5,121.5,2003-09-01,2004-01-12,133,25,20.579208,21.287325,19.826286,74.02534,6.8621025,2.8808594,78.58839,69.56735,8.581727,5.1203656
22.5,120.5,2003-09-01,2004-01-12,133,25,18.95667,21.239561,17.662434,77.28375,2.9317498,1.574707,84.3652,64.92591,3.5591202,2.3170397
24.5,120.5,2003-09-01,2004-01-13,134,25,16.370949,18.050404,15.138922,81.40616,6.495038,1.027832,87.18479,73.50684,7.8242884,4.887976
23.5,121.5,2003-09-01,2004-01-13,134,25,15.615579,17.524027,14.370016,82.73344,3.200119,5.847168,87.685585,74.799164,4.091749,2.2925577
24.5,121.5,2003-09-01,2004-01-13,134,25,13.287493,15.703714,11.73881,86.13113,2.9610434,7.294922,91.50673,76.09468,3.6430829,2.0994534
22.5,120.5,2003-09-01,2004-01-13,134,25,19.024406,21.298403,17.695152,78.925,2.8761795,1.3598633,86.51849,66.67105,3.6291823,2.1062315
22.5,121.5,2003-09-01,2004-01-13,134,25,20.644075,21.302797,19.975367,75.64393,7.2540784,2.932129,79.649124,71.58328,8.66769,5.748445
23.5,120.5,2003-09-01,2004-01-13,134,25,14.81011,18.853304,12.4530525,83.24709,2.5626557,1.3818359,92.14729,66.98128,3.2349443,1.8286265
22.5,121.5,2003-09-01,2004-01-14,135,25,20.429287,21.184986,19.7078,75.70471,7.178247,2.9736328,80.39375,70.980354,9.035888,5.377513
23.5,121.5,2003-09-01,2004-01-14,135,25,15.500967,17.436638,14.183532,82.06292,3.353583,7.072754,86.46397,74.47685,4.470507,2.1361532
23.5,120.5,2003-09-01,2004-01-14,135,25,14.931084,18.796783,12.7480135,82.64675,2.4844599,3.178711,90.623085,66.548416,3.2848258,1.8124088
24.5,120.5,2003-09-01,2004-01-14,135,25,16.51087,18.274939,15.298468,79.4553,6.6156135,1.9506836,85.14715,71.22205,7.9564266,5.023109
24.5,121.5,2003-09-01,2004-01-14,135,25,13.14417,15.577516,11.564318,85.538475,2.9572108,7.6757812,90.462814,75.93805,3.8000586,1.881848
22.5,120.5,2003-09-01,2004-01-14,135,25,18.970596,21.178705,17.664406,78.59798,2.8503647,2.2607422,84.75415,67.16416,3.5065997,2.322292
22.5,120.5,2003-09-01,2004-01-15,136,25,19.02845,21.054111,17.753693,78.05599,3.0311327,2.7148438,84.88261,67.21952,3.6719108,2.3589513
22.5,121.5,2003-09-01,2004-01-15,136,25,20.36513,20.95332,19.654581,76.57925,7.532611,5.539551,80.607025,72.18904,9.199086,5.8821507
23.5,120.5,2003-09-01,2004-01-15,136,25,15.022278,18.63989,13.080494,82.61887,2.5924566,1.5405273,90.92458,66.780266,3.4578815,1.8469043
24.5,121.5,2003-09-01,2004-01-15,136,25,13.21845,15.637587,11.673688,85.49017,3.1720164,8.671875,91.14668,74.80805,3.8914857,2.3001847
23.5,121.5,2003-09-01,2004-01-15,136,25,15.52804,17.317781,14.319127,82.73841,3.3411722,7.102051,87.32684,74.78546,4.297824,2.3873327
24.5,120.5,2003-09-01,2004-01-15,136,25,16.4447,18.08205,15.332501,80.098595,6.5875764,1.3305664,86.26645,71.828384,8.0665455,4.817863
22.5,120.5,2003-09-01,2004-01-16,137,25,19.05942,21.07327,17.730856,77.97407,3.175868,1.0913086,84.49565,68.086624,3.781555,2.5623193
23.5,120.5,2003-09-01,2004-01-16,137,25,15.135102,18.771866,12.938297,82.45927,2.501809,0.67626953,90.57193,67.45339,3.244791,1.8581467
24.5,120.5,2003-09-01,2004-01-16,137,25,16.641705,18.216164,15.523107,79.690765,6.793817,1.0620117,85.30915,71.868935,8.008741,5.1805086
22.5,121.5,2003-09-01,2004-01-16,137,25,20.39143,21.075,19.635157,76.40851,7.8538976,3.0639648,80.97099,72.48099,9.188725,6.500573
23.5,121.5,2003-09-01,2004-01-16,137,25,15.556841,17.290695,14.238936,82.028564,3.6751895,5.6835938,86.90901,75.25171,4.5935607,2.6812897
24.5,121.5,2003-09-01,2004-01-16,137,25,13.2697115,15.468917,11.6985655,85.52817,3.4060633,7.9492188,90.66242,76.341995,4.100874,2.603377
24.5,121.5,2003-09-01,2004-01-17,138,25,13.451926,16.026527,11.816296,84.957794,3.1079082,5.8911133,90.21027,74.22265,3.721062,2.4281743
23.5,121.5,2003-09-01,2004-01-17,138,25,15.596126,17.503656,14.355724,81.8377,3.3024411,4.3896484,86.460915,73.36503,4.231705,2.3725836
24.5,120.5,2003-09-01,2004-01-17,138,25,16.849934,18.802855,15.4130335,80.372444,6.085366,1.3745117,86.28591,70.92728,7.8003416,4.3022714
22.5,120.5,2003-09-01,2004-01-17,138,25,19.159739,21.37356,17.866047,77.83854,2.931388,1.1279297,84.578674,65.84883,3.6635406,2.2807863
22.5,121.5,2003-09-01,2004-01-17,138,25,20.553547,21.27766,19.835382,75.48423,7.6567683,2.2827148,79.168045,71.4449,9.081017,6.371953
23.5,120.5,2003-09-01,2004-01-17,138,25,15.227043,19.222153,13.030279,82.29385,2.3344088,1.2939453,91.32095,64.9993,3.0904572,1.6784881
23.5,120.5,2003-09-01,2004-01-18,139,25,15.121255,18.765463,13.172702,83.05637,2.4203215,2.7392578,91.21271,67.509796,3.245116,1.7907296
22.5,121.5,2003-09-01,2004-01-18,139,25,20.517017,21.161715,19.839283,75.97883,7.1665554,4.211426,79.17518,72.23646,8.4189005,5.9285736
22.5,120.5,2003-09-01,2004-01-18,139,25,19.081665,21.089947,17.836393,78.58992,2.89036,2.8271484,85.211426,67.81572,3.5095685,2.352124
24.5,120.5,2003-09-01,2004-01-18,139,25,16.421314,17.985912,15.150719,82.15849,6.0898323,2.4780273,87.26478,74.40274,7.6461897,4.307254
23.5,121.5,2003-09-01,2004-01-18,139,25,15.6454735,17.526098,14.348341,82.29824,3.0609324,6.0058594,86.64401,74.78204,3.8935184,2.1951137
24.5,121.5,2003-09-01,2004-01-18,139,25,13.436001,15.774349,11.908473,85.667435,2.942397,7.1313477,90.83947,75.691574,3.5450475,2.251215
24.5,121.5,2003-09-01,2004-01-19,140,25,13.313189,15.651271,11.708473,86.10805,2.9671185,7.5146484,91.17636,76.13533,3.5880682,2.3098106
23.5,121.5,2003-09-01,2004-01-19,140,25,15.696079,17.425217,14.39777,83.08162,3.2933702,5.9960938,87.704796,75.5889,4.2541885,2.3430374
22.5,120.5,2003-09-01,2004-01-19,140,25,19.106333,21.098564,17.80063,79.0556,2.9813235,2.758789,85.53508,68.26418,3.6891067,2.3061533
23.5,120.5,2003-09-01,2004-01-19,140,25,15.113422,18.703878,12.991451,83.02598,2.5383382,2.6000977,91.57459,67.830734,3.169596,1.9215877
24.5,120.5,2003-09-01,2004-01-19,140,25,16.313677,17.945597,15.0878525,81.37497,6.2902985,3.317871,86.88498,73.32543,7.668303,4.668242
22.5,121.5,2003-09-01,2004-01-19,140,25,20.506313,21.26394,19.716032,77.37163,7.34034,4.7192383,81.30124,73.02868,8.861414,5.75791
23.5,121.5,2003-09-01,2004-01-20,141,25,15.501177,17.425419,14.213048,83.86417,3.568488,8.815918,88.63374,76.40617,4.4462566,2.7053103
24.5,121.5,2003-09-01,2004-01-20,141,25,12.911548,15.241434,11.383575,85.99802,3.2358987,9.797363,91.464645,77.162605,4.0450115,2.3822072
24.5,120.5,2003-09-01,2004-01-20,141,25,16.135845,17.686277,15.0396,79.92291,6.797258,4.211426,85.48542,73.08534,8.073751,5.2390623
23.5,120.5,2003-09-01,2004-01-20,141,25,14.892407,18.50042,12.808922,82.84686,2.67744,4.951172,91.67533,68.48921,3.4454458,1.9870505
22.5,121.5,2003-09-01,2004-01-20,141,25,20.34104,21.088282,19.574938,78.86786,7.5848927,6.2353516,82.82523,74.55608,9.1767025,6.164581
22.5,120.5,2003-09-01,2004-01-20,141,25,18.982641,21.119013,17.684942,79.54502,2.9438019,3.7426758,86.01114,69.04522,3.5981586,2.2963092
22.5,120.5,2003-09-01,2004-01-21,142,25,18.773287,20.947193,17.305588,79.16269,2.8871796,3.5131836,85.84519,68.417244,3.4802344,2.3744466
23.5,121.5,2003-09-01,2004-01-21,142,25,15.231335,17.00234,13.866295,83.395325,3.6715512,7.6660156,87.44981,76.806244,4.595325,2.539849
23.5,120.5,2003-09-01,2004-01-21,142,25,14.7529745,18.462038,12.492653,83.13113,2.5283244,4.9438477,91.37322,67.98363,3.3854008,1.833976
24.5,120.5,2003-09-01,2004-01-21,142,25,16.101646,17.690006,14.877018,79.22163,6.8147597,5.070801,84.9157,71.274956,8.082417,5.2665462
24.5,121.5,2003-09-01,2004-01-21,142,25,12.760026,15.012906,11.1263685,85.87033,3.047993,8.527832,90.823395,77.37835,3.7609375,2.1754444
22.5,121.5,2003-09-01,2004-01-21,142,25,20.041334,20.762833,19.206295,78.22266,7.995532,5.395508,81.76553,74.92331,9.524792,6.222484
23.5,121.5,2003-09-01,2004-01-22,143,25,15.05611,16.844715,13.579508,83.19189,3.4288898,9.1015625,87.3989,76.56513,4.4438252,2.2311208
22.5,121.5,2003-09-01,2004-01-22,143,25,19.912186,20.661753,18.999542,77.2644,7.617179,6.6845703,80.941925,73.63991,9.398332,5.8827705
22.5,120.5,2003-09-01,2004-01-22,143,25,18.498884,20.490185,17.163843,79.22365,2.984447,5.9960938,85.00679,69.59282,3.6720483,2.2465231
23.5,120.5,2003-09-01,2004-01-22,143,25,14.542263,17.800106,12.549865,83.540535,2.6615412,5.649414,91.191475,70.33829,3.3690076,1.9103798
24.5,120.5,2003-09-01,2004-01-22,143,25,15.73863,17.381279,14.338912,79.6712,7.117468,4.0722656,85.73323,71.99875,8.447764,5.2800813
24.5,121.5,2003-09-01,2004-01-22,143,25,12.439373,14.930995,10.504455,86.39603,3.0430763,10.083008,91.1695,77.89209,3.716958,2.1328228
22.5,121.5,2003-09-01,2004-01-23,144,25,19.477013,20.092987,18.810133,75.65211,8.408883,2.915039,79.147385,71.958916,9.560594,6.9368577
22.5,120.5,2003-09-01,2004-01-23,144,25,18.241718,20.277538,16.875612,77.632545,2.839093,2.0458984,84.08863,67.7973,3.404396,2.2800624
24.5,121.5,2003-09-01,2004-01-23,144,25,11.907929,14.151972,10.530348,84.93118,3.282696,7.0947266,90.2944,75.800804,3.87642,2.566289
23.5,120.5,2003-09-01,2004-01-23,144,25,14.245078,17.885662,12.180704,81.9529,2.6279178,1.8481445,90.15615,66.918915,3.3999677,1.9843583
24.5,120.5,2003-09-01,2004-01-23,144,25,15.5020895,17.217928,14.406212,78.071,7.3031597,2.2094727,84.15558,69.76461,8.447738,5.805058
23.5,121.5,2003-09-01,2004-01-23,144,25,14.552188,16.265116,13.340197,82.17776,3.617019,5.1879883,86.865585,75.21306,4.4474688,2.7659466
24.5,120.5,2003-09-01,2004-01-24,145,25,15.684104,17.2893,14.604186,79.88655,6.6819134,2.6611328,85.34842,72.3794,7.9908543,5.073801
22.5,120.5,2003-09-01,2004-01-24,145,25,18.235374,20.166292,17.029377,77.63079,2.837453,1.7138672,83.47919,67.39171,3.4582644,2.1384897
22.5,121.5,2003-09-01,2004-01-24,145,25,19.696018,20.385511,18.971926,75.79128,7.532528,4.140625,79.678955,71.929085,9.095465,5.9332037
23.5,120.5,2003-09-01,2004-01-24,145,25,14.17467,17.87098,12.275363,82.119446,2.5523489,2.458496,90.822365,66.59547,3.2627265,1.9514841
23.5,121.5,2003-09-01,2004-01-24,145,25,14.7715845,16.59176,13.621998,82.38155,3.4112043,7.1606445,87.20837,74.333855,4.298848,2.4864438
24.5,121.5,2003-09-01,2004-01-24,145,25,12.428987,14.78223,10.925167,85.74721,3.0243778,8.840332,90.47472,76.38378,3.7077982,2.165625
22.5,121.5,2003-09-01,2004-01-25,146,25,19.838797,20.452269,19.202198,76.93138,7.8152623,4.0722656,81.136345,73.02081,9.3366,6.3711534
23.5,121.5,2003-09-01,2004-01-25,146,25,15.008387,16.746933,13.687535,82.27006,3.572908,7.01416,86.59466,74.71364,4.4586926,2.6854546
23.5,120.5,2003-09-01,2004-01-25,146,25,14.4853,18.162924,12.391339,82.05848,2.5378976,1.8432617,90.873985,66.11023,3.3634331,1.798402
24.5,120.5,2003-09-01,2004-01-25,146,25,15.928367,17.586142,14.714674,78.2454,6.6307616,1.4331055,84.37848,70.0717,7.619187,5.488676
24.5,121.5,2003-09-01,2004-01-25,146,25,12.576726,14.807948,11.150822,85.26703,3.388901,7.8564453,90.658066,75.608864,3.8974752,2.7324047
22.5,120.5,2003-09-01,2004-01-25,146,25,18.522137,20.477768,17.30483,78.00288,2.957258,2.1118164,84.689064,67.42954,3.6685867,2.2346766
23.5,121.5,2003-09-01,2004-01-26,147,25,14.966173,16.896412,13.648229,82.706795,3.7022889,7.614746,87.452194,75.19268,4.7706065,2.5071218
24.5,121.5,2003-09-01,2004-01-26,147,25,12.349513,14.585592,10.749786,85.95681,3.2635381,8.132324,91.1324,77.08897,4.028595,2.4020202
24.5,120.5,2003-09-01,2004-01-26,147,25,15.671779,17.222136,14.547946,79.5072,6.8041706,2.7636719,85.23748,72.05167,8.336697,5.02689
22.5,121.5,2003-09-01,2004-01-26,147,25,19.903614,20.683477,19.0473,76.84641,7.998269,5.209961,80.27323,73.11882,9.92595,6.1403484
22.5,120.5,2003-09-01,2004-01-26,147,25,18.462442,20.557583,17.13649,78.73898,3.1784482,3.2983398,84.909225,68.98675,3.8224418,2.489663
23.5,120.5,2003-09-01,2004-01-26,147,25,14.277911,17.897974,12.199063,83.08074,2.6974347,3.684082,91.49791,68.46827,3.634097,1.9195404
24.5,121.5,2003-09-01,2004-01-27,148,25,12.312386,14.83579,10.82381,84.28871,3.0775194,5.822754,89.82297,72.89264,3.7702105,2.3479722
23.5,121.5,2003-09-01,2004-01-27,148,25,14.713049,16.75744,13.435665,81.07705,3.4052422,4.4433594,86.94749,71.32354,4.403964,2.4346507
23.5,120.5,2003-09-01,2004-01-27,148,25,14.042366,18.157967,11.6958065,81.88796,2.644709,0.87890625,91.32394,63.675682,3.4128363,2.003098
24.5,120.5,2003-09-01,2004-01-27,148,25,15.601721,17.19829,14.543668,78.36871,6.779321,0.63964844,84.45912,69.83987,8.197117,5.0936565
22.5,121.5,2003-09-01,2004-01-27,148,25,19.62432,20.318436,18.913454,75.57073,7.773199,2.5708008,79.91257,71.39362,9.374687,6.2440057
22.5,120.5,2003-09-01,2004-01-27,148,25,18.275608,20.573906,16.947687,76.90934,3.0420856,1.2280273,84.401405,64.413635,3.59339,2.4794855
22.5,120.5,2003-09-01,2004-01-28,149,25,18.479475,20.88131,16.924103,77.44274,3.2017384,1.7114258,85.08186,65.15237,3.7630486,2.6848485
24.5,120.5,2003-09-01,2004-01-28,149,25,15.819788,17.530941,14.608463,79.485306,6.0133376,0.72753906,85.135124,71.59105,7.492417,4.651215
22.5,121.5,2003-09-01,2004-01-28,149,25,19.995237,20.647724,19.289278,76.50289,7.1591477,3.9086914,80.24241,72.13343,8.512124,5.618441
23.5,120.5,2003-09-01,2004-01-28,149,25,14.316663,18.518026,11.92714,81.36782,2.5197642,0.9667969,90.25593,64.3472,3.2900848,1.848154
23.5,121.5,2003-09-01,2004-01-28,149,25,14.989768,17.069822,13.573116,81.57739,3.3096545,5.307617,86.65547,72.36969,4.297974,2.2289588
24.5,121.5,2003-09-01,2004-01-28,149,25,12.721838,15.387773,11.069611,83.921326,3.078887,5.7055664,89.965675,72.919075,3.7650144,2.3402297
24.5,121.5,2003-09-01,2004-01-29,150,25,13.086935,15.848585,11.2421255,84.547775,2.8885965,6.4379883,90.94555,72.9408,3.6390903,1.9661833
22.5,120.5,2003-09-01,2004-01-29,150,25,18.705372,20.994766,17.282608,78.80398,2.8713238,3.0419922,85.62087,66.51881,3.59186,2.2290761
24.5,120.5,2003-09-01,2004-01-29,150,25,16.23131,18.136477,14.827575,80.213066,5.943115,3.1225586,86.03096,71.326996,7.4532604,4.2102556
22.5,121.5,2003-09-01,2004-01-29,150,25,20.25088,21.073746,19.403423,77.20871,6.5594525,4.584961,81.493164,72.578514,8.373621,4.813539
23.5,120.5,2003-09-01,2004-01-29,150,25,14.61799,18.880852,12.421168,82.02297,2.44306,2.9418945,91.44336,64.61337,3.256853,1.6945416
23.5,121.5,2003-09-01,2004-01-29,150,25,15.281486,17.498663,13.875104,82.22917,3.125885,6.3793945,87.29217,72.95229,4.2430286,1.8954195
22.5,120.5,2003-09-01,2004-01-30,151,25,18.936964,21.18542,17.69544,79.95233,2.7762187,2.6635742,86.70589,68.72636,3.4457843,2.0832233
24.5,121.5,2003-09-01,2004-01-30,151,25,13.118331,15.6437025,11.469821,86.15418,2.8983746,7.5927734,91.54667,76.748505,3.6337821,1.895433
24.5,120.5,2003-09-01,2004-01-30,151,25,16.351221,18.096031,15.145636,80.11205,6.031806,2.0214844,86.52681,71.79957,7.2777405,4.5452905
23.5,120.5,2003-09-01,2004-01-30,151,25,14.85839,18.944717,12.619708,83.23671,2.5107152,2.6269531,92.05557,66.808334,3.50903,1.7136276
23.5,121.5,2003-09-01,2004-01-30,151,25,15.4562025,17.620173,14.09779,83.13696,3.2450018,6.4086914,87.848366,74.65374,4.187231,2.2391846
22.5,121.5,2003-09-01,2004-01-30,151,25,20.292023,21.038359,19.633669,77.35561,7.002163,4.411621,80.70587,74.03447,8.487957,5.4619555
24.5,121.5,2003-09-01,2004-01-31,152,25,13.456372,15.855529,11.902858,86.074646,2.522754,6.6015625,91.3481,75.80543,3.334171,1.6126046
23.5,121.5,2003-09-01,2004-01-31,152,25,15.55522,17.579826,14.233048,83.12747,2.670395,5.1879883,88.46889,74.350525,3.6981647,1.6347702
23.5,120.5,2003-09-01,2004-01-31,152,25,15.096899,19.018888,12.905949,83.38579,2.190861,1.1254883,92.0675,67.14422,2.8080912,1.5831755
24.5,120.5,2003-09-01,2004-01-31,152,25,16.608618,18.348497,15.384787,81.22035,5.4979973,1.1083984,87.328476,72.4408,6.7177825,3.8032064
22.5,121.5,2003-09-01,2004-01-31,152,25,20.559498,21.293833,19.775118,76.41567,5.9939837,2.0166016,81.5688,71.66655,7.3330812,4.6815333
22.5,120.5,2003-09-01,2004-01-31,152,25,19.16688,21.428886,17.886877,78.70004,2.5263412,0.75683594,85.658424,66.47106,3.2006338,1.8972197
