latitude,longitude,init_date,valid_date,lead_day,ens_n,t2m_C,t2m_C_max,t2m_C_min,rh_pct,wind_mps,tp_mm_mean,rh_pct_max,rh_pct_min,wind_mps_max,wind_mps_min
25.0,121.0,2000-01-01,2000-01-01,0,25,17.656675,18.571789,16.94319,85.72612,4.2277117,0.0,88.46348,82.39777,4.754983,3.6770759
22.0,120.0,2000-01-01,2000-01-01,0,25,21.58891,23.023144,20.687387,80.61561,4.9108458,0.0,84.726654,74.307434,5.8251233,4.149901
23.0,122.0,2000-01-01,2000-01-01,0,25,20.041706,21.495508,19.072369,83.73278,3.3954837,0.0,86.88243,78.41,3.9245086,2.938506
24.0,120.0,2000-01-01,2000-01-01,0,25,18.394323,19.240446,17.847057,84.612854,6.0513124,0.0,87.87981,81.342155,6.359482,5.7429333
22.0,121.0,2000-01-01,2000-01-01,0,25,22.032793,23.575151,21.075624,82.918144,3.6210139,0.0,87.33265,75.07151,4.2699566,3.0755038
23.0,120.0,2000-01-01,2000-01-01,0,25,20.109528,21.561167,19.31921,82.55457,4.9453773,0.0,87.32471,75.29086,5.3316555,4.5678606
22.0,122.0,2000-01-01,2000-01-01,0,25,23.095596,23.385386,22.757832,83.4171,4.6034923,0.0,84.49919,82.225784,5.478489,3.6104639
24.0,121.0,2000-01-01,2000-01-01,0,25,17.266497,19.39135,15.891646,85.40851,3.858329,0.0,90.68044,76.956276,4.213705,3.4736462
25.0,120.0,2000-01-01,2000-01-01,0,25,15.904074,18.265968,14.113913,84.47771,3.5566282,0.0,91.50375,71.5733,3.8512058,3.2216043
23.0,121.0,2000-01-01,2000-01-01,0,25,18.981667,21.71629,17.379522,83.468025,2.661655,0.0,90.13379,71.1665,3.028604,2.3352969
24.0,122.0,2000-01-01,2000-01-01,0,25,19.440645,20.921158,18.485485,81.32672,5.0181136,0.0,84.97548,76.56903,5.944438,4.1120744
25.0,122.0,2000-01-01,2000-01-01,0,25,19.808418,20.094654,19.506325,81.775826,5.674597,0.0,83.208595,80.10477,6.1260047,5.2626014
24.0,120.0,2000-01-01,2000-01-02,1,25,18.473549,20.153543,17.443941,76.141335,8.028805,0.020730846,81.65718,68.22408,8.890273,7.0148597
22.0,121.0,2000-01-01,2000-01-02,1,25,21.230381,22.418476,20.28031,74.84557,6.703921,0.69821036,81.964,68.10162,7.2168665,6.0737853
23.0,122.0,2000-01-01,2000-01-02,1,25,18.977135,20.459345,17.782194,74.229195,7.686466,1.9393592,78.67328,67.7309,8.258557,6.918477
24.0,121.0,2000-01-01,2000-01-02,1,25,16.647423,19.18939,15.176637,77.18923,5.826845,1.6466956,83.10628,66.93106,6.499952,5.0240636
25.0,120.0,2000-01-01,2000-01-02,1,25,15.927792,18.885592,14.524928,79.40286,5.8694954,0.042037126,86.47367,67.11289,7.2698765,3.9696577
23.0,121.0,2000-01-01,2000-01-02,1,25,18.058996,20.38575,16.665573,76.34912,3.4302006,2.142494,81.38446,65.41582,3.714399,3.1452334
25.0,122.0,2000-01-01,2000-01-02,1,25,18.652122,19.550383,17.327808,74.27498,7.9452586,0.56807315,77.000114,71.890594,9.232882,6.6698737
24.0,122.0,2000-01-01,2000-01-02,1,25,18.163645,19.764124,16.698376,74.0629,6.90831,2.1076157,78.83547,68.61224,7.561933,6.0676904
22.0,122.0,2000-01-01,2000-01-02,1,25,22.150385,22.568623,21.394434,72.977005,10.922729,0.4960397,80.87758,68.89543,11.684561,9.824028
23.0,120.0,2000-01-01,2000-01-02,1,25,19.890087,21.352358,18.940905,75.32793,5.640488,0.51134264,80.18144,66.67161,6.087612,4.950808
22.0,120.0,2000-01-01,2000-01-02,1,25,21.264643,22.395546,20.520454,72.2122,5.472785,0.75927055,76.275566,65.039856,6.6058803,4.5731716
25.0,121.0,2000-01-01,2000-01-02,1,25,17.15617,18.907816,15.828473,77.284004,6.8803277,0.10932004,81.17394,71.169044,8.427489,4.69509
23.0,120.0,2000-01-01,2000-01-03,2,25,18.943007,20.002604,18.35838,76.11023,4.707424,0.10981182,79.7271,68.82586,5.4467626,3.9288864
24.0,121.0,2000-01-01,2000-01-03,2,25,15.781397,17.56674,14.862745,78.39686,3.8103626,1.058496,82.642136,69.72807,5.1166644,1.9096086
24.0,120.0,2000-01-01,2000-01-03,2,25,17.776426,18.738585,17.20502,78.27986,6.289386,0.050157115,81.415726,72.06072,7.838449,4.23036
25.0,121.0,2000-01-01,2000-01-03,2,25,16.909918,17.741999,15.980631,74.14824,5.2897143,0.20477633,78.25503,68.13877,6.635535,3.3488483
23.0,122.0,2000-01-01,2000-01-03,2,25,17.900238,18.758316,17.40568,71.18823,4.8321466,1.2319431,74.41562,66.94129,6.306619,3.3266358
22.0,120.0,2000-01-01,2000-01-03,2,25,20.625923,21.65434,20.016651,71.51509,5.932037,0.23568253,75.40473,65.21519,6.9679203,5.19124
25.0,120.0,2000-01-01,2000-01-03,2,25,14.67833,16.424112,13.517399,77.19381,5.766183,0.035687488,83.927795,66.747406,7.108067,3.898119
22.0,121.0,2000-01-01,2000-01-03,2,25,20.42186,21.375473,19.896324,70.238884,5.7179127,0.19795996,73.72532,64.23487,6.95779,4.863808
22.0,122.0,2000-01-01,2000-01-03,2,25,21.382431,21.66686,21.074858,65.83264,8.140816,0.31121117,68.42415,63.292923,9.934023,6.5662165
24.0,122.0,2000-01-01,2000-01-03,2,25,17.11903,17.872398,16.445337,70.885544,4.0024347,1.5383754,74.744415,66.94319,5.1445165,2.8281798
25.0,122.0,2000-01-01,2000-01-03,2,25,18.229042,19.089928,17.152803,67.21601,5.780813,0.6826935,70.468254,64.46724,6.740544,4.6718717
23.0,121.0,2000-01-01,2000-01-03,2,25,16.941704,18.8267,15.951115,76.198975,2.4194334,1.1194048,80.944,66.58767,3.2931998,1.7177452
23.0,121.0,2000-01-01,2000-01-04,3,25,17.231134,19.657394,15.986295,77.0884,1.5473511,0.9928546,84.210075,63.593006,1.983171,1.1321121
25.0,122.0,2000-01-01,2000-01-04,3,25,19.986841,20.356714,19.43568,70.74063,3.721529,1.5815293,75.92749,66.24416,4.64512,2.8910828
22.0,122.0,2000-01-01,2000-01-04,3,25,22.421328,22.79228,21.918018,64.997574,6.0495396,0.447806,68.01675,62.236168,6.861681,5.245026
24.0,122.0,2000-01-01,2000-01-04,3,25,18.331427,19.396925,17.514645,70.97787,2.627971,2.2272146,76.08757,64.759186,3.1731946,1.9905822
24.0,121.0,2000-01-01,2000-01-04,3,25,16.089796,18.184757,14.887799,81.075905,1.914966,1.0169874,86.84903,70.94102,2.6224508,1.0689489
25.0,121.0,2000-01-01,2000-01-04,3,25,17.770803,19.008394,16.907198,80.52432,2.7843533,0.37696236,86.7718,73.488396,3.603682,1.8996392
23.0,122.0,2000-01-01,2000-01-04,3,25,18.767632,19.907072,18.041588,70.76978,2.9947934,1.1934458,75.046776,64.77114,3.5705457,2.2980871
24.0,120.0,2000-01-01,2000-01-04,3,25,17.97843,19.071476,17.23106,81.12421,3.991501,0.23531789,86.13048,74.36731,5.0216203,2.5593286
22.0,121.0,2000-01-01,2000-01-04,3,25,20.881441,22.114819,20.17194,70.426056,4.550302,0.24670953,75.46472,62.508736,5.2640924,3.8065095
25.0,120.0,2000-01-01,2000-01-04,3,25,15.266531,17.590895,13.863639,83.324814,3.4147031,0.17950886,90.6117,72.01333,4.3504963,2.3393803
22.0,120.0,2000-01-01,2000-01-04,3,25,20.948061,22.223452,20.188814,71.46638,5.150818,0.2774846,76.951775,62.94918,5.9185348,4.339042
23.0,120.0,2000-01-01,2000-01-04,3,25,19.124346,20.544756,18.349083,77.10967,3.5005136,0.20779485,83.29695,66.783485,4.283105,2.7295086
24.0,122.0,2000-01-01,2000-01-05,4,25,19.033154,20.25175,18.22357,76.38091,2.8392673,3.01268,81.265335,70.64429,3.555709,2.0158012
24.0,121.0,2000-01-01,2000-01-05,4,25,16.631645,19.021542,15.308233,82.95472,1.2280924,1.1257019,89.023346,72.23696,1.7846943,0.5825996
24.0,120.0,2000-01-01,2000-01-05,4,25,18.495167,19.778212,17.64404,82.45523,2.8550375,0.41296864,86.72802,75.15585,3.5671804,1.9868604
22.0,120.0,2000-01-01,2000-01-05,4,25,21.701714,23.098505,20.84791,74.87681,4.970476,0.53597826,81.32599,65.76582,5.7054906,4.2572594
23.0,120.0,2000-01-01,2000-01-05,4,25,19.803537,21.427876,18.854607,79.49896,2.9220304,0.3183212,85.6584,68.39687,3.5545876,2.0732071
23.0,122.0,2000-01-01,2000-01-05,4,25,19.450891,20.749352,18.602242,75.1847,2.5759063,1.4753476,80.223465,69.21086,3.1353283,1.9112518
25.0,121.0,2000-01-01,2000-01-05,4,25,17.954754,19.339087,17.083,84.49077,2.142615,0.82061666,89.19454,77.37587,2.9748049,1.2355621
22.0,121.0,2000-01-01,2000-01-05,4,25,21.555117,22.951294,20.686455,74.17094,4.1849785,0.5918588,80.56263,65.44873,4.8549976,3.4149833
25.0,120.0,2000-01-01,2000-01-05,4,25,16.070011,18.541828,14.641358,85.19193,1.9924214,1.2692703,91.85107,72.98838,2.7531705,1.1587515
22.0,122.0,2000-01-01,2000-01-05,4,25,23.074575,23.429838,22.69232,70.03515,5.3022943,1.0329,73.96486,67.1127,6.1524215,4.291691
25.0,122.0,2000-01-01,2000-01-05,4,25,20.329597,20.69898,19.901848,77.94831,3.4179237,2.6969805,81.72846,74.98084,4.18471,2.6123228
23.0,121.0,2000-01-01,2000-01-05,4,25,17.934698,20.670874,16.525177,80.014084,1.4194446,1.0350027,88.081764,65.709625,1.844405,1.0013874
24.0,120.0,2000-01-01,2000-01-06,5,25,19.03488,20.543573,18.02733,83.77557,3.6621163,1.842312,88.856575,75.52641,5.368118,1.988571
23.0,120.0,2000-01-01,2000-01-06,5,25,20.402002,22.25047,19.207916,82.3157,3.3293848,0.9902708,88.58649,71.38293,4.47922,2.1199384
25.0,121.0,2000-01-01,2000-01-06,5,25,18.129915,19.601725,17.089014,85.41292,3.249347,3.1404772,90.07706,77.87471,5.2174745,1.4807242
25.0,120.0,2000-01-01,2000-01-06,5,25,16.392708,18.794847,14.910192,87.02908,2.8844957,4.1617193,92.89529,76.629135,4.663654,1.3226646
22.0,120.0,2000-01-01,2000-01-06,5,25,22.155205,23.785162,21.085953,79.45718,4.6675596,0.98092955,84.85598,70.5909,5.539217,3.6650455
23.0,121.0,2000-01-01,2000-01-06,5,25,18.493477,21.386763,16.926569,83.27887,1.741224,1.9459813,90.228,69.45332,2.4648087,1.0660467
25.0,122.0,2000-01-01,2000-01-06,5,25,20.157251,20.693926,19.501154,82.307976,4.02345,4.9781694,85.47559,79.671555,5.916959,2.2143197
22.0,122.0,2000-01-01,2000-01-06,5,25,23.35513,23.733418,22.812637,75.33745,5.1371813,1.3023082,79.52354,72.27207,6.448793,3.8629642
24.0,122.0,2000-01-01,2000-01-06,5,25,19.182865,20.532104,18.172976,81.54308,3.1408608,4.645957,86.27772,75.84587,4.5113974,1.8027116
24.0,121.0,2000-01-01,2000-01-06,5,25,17.132374,19.598131,15.751979,84.7326,1.8715966,2.7944555,90.80256,73.642365,3.0645475,0.7529743
22.0,121.0,2000-01-01,2000-01-06,5,25,22.01246,23.660688,20.966646,78.463234,4.0320797,0.8233158,84.39781,69.346985,4.929602,3.032216
23.0,122.0,2000-01-01,2000-01-06,5,25,19.833372,21.333218,18.795055,79.66007,2.8085513,2.4249165,84.577,73.007706,3.7921565,1.659097
25.0,122.0,2000-01-01,2000-01-07,6,25,19.098467,19.900602,18.338654,81.92211,7.585828,6.589038,84.59552,79.26553,9.731963,4.652592
22.0,122.0,2000-01-01,2000-01-07,6,25,22.905136,23.417427,22.33273,79.64074,6.2243557,2.1934197,82.738846,76.73377,7.9753575,4.4600377
25.0,120.0,2000-01-01,2000-01-07,6,25,15.031398,16.484493,13.649469,84.524315,7.202615,2.564151,89.18039,79.059685,8.547063,5.3016996
23.0,120.0,2000-01-01,2000-01-07,6,25,20.063541,21.596548,19.000895,83.89903,5.4529157,1.4573834,88.36086,76.383545,6.9104114,3.9456208
22.0,120.0,2000-01-01,2000-01-07,6,25,21.904028,23.363379,20.88874,81.582794,4.6033444,1.4460682,85.974495,74.646576,5.6769533,3.4418943
22.0,121.0,2000-01-01,2000-01-07,6,25,21.82835,23.194702,20.868834,81.01061,4.4511724,1.194651,85.45852,74.35295,5.650302,3.3349316
24.0,122.0,2000-01-01,2000-01-07,6,25,18.821438,20.055296,17.849712,82.973595,5.1652584,6.309483,86.4769,78.77535,6.996718,3.0691984
23.0,121.0,2000-01-01,2000-01-07,6,25,18.539614,20.923828,17.171524,84.113434,2.5167234,2.691867,89.45096,73.756424,3.571762,1.4904895
25.0,121.0,2000-01-01,2000-01-07,6,25,17.336267,18.344864,16.376417,83.562546,7.5701537,3.8390322,87.38792,79.35816,9.169223,5.378239
23.0,122.0,2000-01-01,2000-01-07,6,25,19.613983,20.93351,18.684992,82.498566,4.2092943,3.6877892,86.1425,77.50569,5.560717,2.665873
24.0,121.0,2000-01-01,2000-01-07,6,25,17.039385,18.97766,15.795187,84.70867,4.6635914,3.5399842,88.84488,77.57799,6.239094,2.7995114
24.0,120.0,2000-01-01,2000-01-07,6,25,18.55963,19.733828,17.575705,84.53703,7.7305465,2.3105023,88.21418,79.731,9.593045,5.290894
23.0,121.0,2000-01-01,2000-01-08,7,25,18.397554,20.635,17.229435,83.12112,2.4767866,1.8932501,88.75917,72.20604,3.3239439,1.6606584
25.0,122.0,2000-01-01,2000-01-08,7,25,19.118359,19.804071,18.447618,79.839195,7.1768813,6.2510076,82.20545,77.66227,8.946898,5.2337584
25.0,120.0,2000-01-01,2000-01-08,7,25,14.472016,15.456317,13.588317,82.55993,7.412026,2.2154777,86.440056,77.862206,8.529896,6.013195
24.0,122.0,2000-01-01,2000-01-08,7,25,18.823822,19.885147,18.019102,81.22933,4.8534245,5.0863137,84.698975,76.67484,6.3663073,3.2963376
24.0,120.0,2000-01-01,2000-01-08,7,25,18.299873,19.104696,17.623287,83.25172,8.316449,1.283709,86.483,79.23672,9.843149,6.53345
24.0,121.0,2000-01-01,2000-01-08,7,25,17.026604,18.710697,16.031343,83.464714,4.8109236,2.4915757,87.86715,76.18142,6.0236382,3.3942518
22.0,120.0,2000-01-01,2000-01-08,7,25,21.529472,22.816631,20.738829,80.78469,4.8359203,0.96996933,85.44754,73.43891,5.7335753,3.9884067
22.0,122.0,2000-01-01,2000-01-08,7,25,22.719885,23.095098,22.26271,79.42235,6.907343,1.6231503,82.06186,77.19846,8.383539,5.1597776
22.0,121.0,2000-01-01,2000-01-08,7,25,21.564812,22.801542,20.795473,80.57664,4.9089303,0.944859,84.89926,73.574554,5.894434,3.8246055
23.0,122.0,2000-01-01,2000-01-08,7,25,19.550098,20.653624,18.818195,81.74269,4.4122767,2.5692909,85.23783,76.48552,5.691413,2.9765894
25.0,121.0,2000-01-01,2000-01-08,7,25,17.341272,18.105803,16.593102,81.94869,7.460018,3.6704507,85.68565,78.15543,8.87337,5.8004804
23.0,120.0,2000-01-01,2000-01-08,7,25,19.67246,20.979858,18.891954,82.837776,5.9332647,0.6814828,87.16997,75.41768,6.951608,4.765444
24.0,122.0,2000-01-01,2000-01-09,8,25,19.293093,20.23125,18.50544,82.37699,5.368618,7.0173607,85.4569,78.478905,6.8193035,3.5441098
25.0,122.0,2000-01-01,2000-01-09,8,25,19.684359,20.30818,19.048956,81.427444,7.5234566,6.510283,83.74766,79.4926,8.955622,5.534531
23.0,121.0,2000-01-01,2000-01-09,8,25,18.730322,20.90357,17.540564,83.79641,2.5991135,3.3870754,89.10125,73.295906,3.4311712,1.7758914
24.0,120.0,2000-01-01,2000-01-09,8,25,18.483404,19.229416,17.858435,84.33468,8.2400465,1.1722432,87.201614,80.627716,9.634244,6.5198364
24.0,121.0,2000-01-01,2000-01-09,8,25,17.373495,19.002644,16.433996,84.61421,4.817912,3.9418662,88.49082,77.65445,5.863442,3.4338596
22.0,122.0,2000-01-01,2000-01-09,8,25,22.992142,23.342886,22.557339,79.603714,7.247073,2.265507,82.42927,77.272675,8.957232,5.399998
22.0,121.0,2000-01-01,2000-01-09,8,25,21.799639,23.051182,20.998877,80.80752,5.1189165,0.9982454,85.19932,73.938416,6.194945,4.023976
22.0,120.0,2000-01-01,2000-01-09,8,25,21.68786,22.977379,20.902306,81.12011,5.132924,0.95527273,85.35201,73.951675,6.018134,4.276449
25.0,121.0,2000-01-01,2000-01-09,8,25,17.785347,18.62508,17.010801,83.57795,7.2286077,3.4541092,86.82737,80.1124,8.428031,5.7919335
25.0,120.0,2000-01-01,2000-01-09,8,25,14.939766,16.017204,14.087316,84.30182,7.079474,2.2208462,87.98355,79.35487,8.256436,5.5950036
23.0,122.0,2000-01-01,2000-01-09,8,25,19.920288,20.973154,19.180431,82.356476,4.6241727,4.649769,85.54877,77.71461,6.048684,3.034547
23.0,120.0,2000-01-01,2000-01-09,8,25,19.8409,21.07462,19.075861,83.45839,5.982945,0.6059514,87.563225,76.228004,7.0009923,4.8545275
24.0,121.0,2000-01-01,2000-01-10,9,25,17.535799,19.204239,16.483757,84.71275,4.6300144,3.97515,89.09708,77.78007,5.6299963,3.348589
22.0,120.0,2000-01-01,2000-01-10,9,25,21.825808,23.097403,21.007431,81.3509,5.822689,1.0834194,85.56743,74.30925,6.520153,5.160034
22.0,121.0,2000-01-01,2000-01-10,9,25,21.87371,23.172451,21.045448,81.42921,5.8800025,1.3442684,85.597275,74.43961,6.8482685,4.901287
22.0,122.0,2000-01-01,2000-01-10,9,25,22.977287,23.327045,22.588755,80.49989,8.449935,2.760513,83.234955,77.8383,9.869129,6.9769444
23.0,122.0,2000-01-01,2000-01-10,9,25,19.894945,20.936586,19.070084,82.864395,5.280795,5.297306,86.21051,78.14027,6.381082,4.0172353
24.0,120.0,2000-01-01,2000-01-10,9,25,18.752478,19.631212,18.105831,84.47153,7.885401,0.70378095,87.68963,80.47915,9.226435,6.107629
25.0,121.0,2000-01-01,2000-01-10,9,25,18.169502,19.033722,17.413073,83.3642,6.9343762,2.360046,86.89303,79.58433,8.100513,5.4434786
25.0,120.0,2000-01-01,2000-01-10,9,25,15.378195,16.643482,14.411652,84.60362,6.791155,1.1439775,88.91271,79.384705,7.9174347,5.3390975
23.0,120.0,2000-01-01,2000-01-10,9,25,20.012047,21.326363,19.162008,83.70075,5.9299135,0.5994489,87.924255,76.35832,6.764831,4.9183283
23.0,121.0,2000-01-01,2000-01-10,9,25,18.793682,20.995693,17.504396,84.00422,2.7912903,3.8868594,89.296394,73.507324,3.4361832,2.1778164
24.0,122.0,2000-01-01,2000-01-10,9,25,19.279358,20.241163,18.455875,82.54289,5.8200603,8.100536,85.62042,78.35127,6.8445783,4.602907
25.0,122.0,2000-01-01,2000-01-10,9,25,19.893944,20.491152,19.321016,81.29729,7.836072,6.460979,83.16549,79.35949,8.892513,6.585519
22.0,122.0,2000-01-01,2000-01-11,10,25,23.19823,23.549595,22.78022,80.573784,7.7246876,2.511041,83.55274,77.69868,8.994675,6.5700183
25.0,120.0,2000-01-01,2000-01-11,10,25,15.698556,17.42901,14.391075,86.02742,5.5613685,3.0113769,90.54957,79.35001,6.932763,3.982398
22.0,120.0,2000-01-01,2000-01-11,10,25,22.143408,23.464092,21.25816,81.66046,5.5377088,1.6421676,86.54579,74.31976,6.394865,4.6860304
24.0,120.0,2000-01-01,2000-01-11,10,25,18.894203,20.010338,17.967876,85.63743,6.365738,2.1319938,89.242355,80.7384,7.9406476,4.7992516
22.0,121.0,2000-01-01,2000-01-11,10,25,22.102818,23.357368,21.317568,81.63563,5.3811173,1.7772841,86.043365,74.87867,6.2201543,4.540031
23.0,122.0,2000-01-01,2000-01-11,10,25,20.084087,21.12399,19.345818,82.98749,4.664529,4.900511,86.42715,78.43588,5.7923098,3.5359693
23.0,120.0,2000-01-01,2000-01-11,10,25,20.245148,21.64286,19.299763,84.18255,4.983082,1.7682433,88.947014,76.24968,6.097558,3.9211674
25.0,121.0,2000-01-01,2000-01-11,10,25,18.439531,19.66343,17.384455,84.449104,5.5327454,3.249681,88.50542,79.63594,7.562662,3.541708
25.0,122.0,2000-01-01,2000-01-11,10,25,20.354387,21.020811,19.515743,81.40007,6.881864,6.1027117,84.08731,78.85707,8.756939,4.853708
24.0,122.0,2000-01-01,2000-01-11,10,25,19.577404,20.601011,18.706095,82.52142,5.1231246,7.388779,85.902855,78.01707,6.508262,3.5752203
24.0,121.0,2000-01-01,2000-01-11,10,25,17.64229,19.564018,16.503517,85.72575,3.5608861,4.518526,90.164925,77.842766,4.8255568,2.3061776
23.0,121.0,2000-01-01,2000-01-11,10,25,18.990864,21.244835,17.745064,84.30664,2.4024441,4.168642,89.818504,73.39921,3.2397928,1.6363126
25.0,120.0,2000-01-01,2000-01-12,11,25,14.802356,16.307484,13.553034,85.22617,6.753641,3.1890054,89.66867,79.61917,7.943447,5.382614
23.0,121.0,2000-01-01,2000-01-12,11,25,18.79542,20.986835,17.335245,84.16955,2.9510508,3.885779,89.67371,74.81662,3.7654812,1.9690837
25.0,121.0,2000-01-01,2000-01-12,11,25,17.33967,18.449274,16.36658,84.0716,7.0237274,4.4125123,87.931595,79.964836,8.381675,5.5133986
24.0,121.0,2000-01-01,2000-01-12,11,25,17.11079,18.851604,15.8850355,85.17678,4.730477,4.2699375,89.25806,78.833405,5.82968,3.4828985
25.0,122.0,2000-01-01,2000-01-12,11,25,19.298365,20.113245,18.518814,80.751884,7.4757776,6.293673,83.97303,77.937996,9.4507265,5.386631
24.0,122.0,2000-01-01,2000-01-12,11,25,19.089252,20.263548,18.016407,81.77153,5.841853,6.163287,85.66327,77.46393,7.2076263,4.0407033
23.0,120.0,2000-01-01,2000-01-12,11,25,19.860569,21.246235,18.852066,84.26281,6.016445,2.188582,88.74636,77.39481,7.1638575,4.77225
23.0,122.0,2000-01-01,2000-01-12,11,25,19.838436,21.0275,18.857891,81.960526,5.4665685,4.935965,86.21317,77.07485,6.8032923,3.6941814
22.0,120.0,2000-01-01,2000-01-12,11,25,21.814253,23.106304,20.837734,82.048836,5.570897,2.6133294,86.43284,75.645065,6.4946194,4.4114223
24.0,120.0,2000-01-01,2000-01-12,11,25,18.174711,19.19354,17.305933,85.32808,8.096231,2.578635,88.58814,81.41796,9.546656,6.349001
22.0,121.0,2000-01-01,2000-01-12,11,25,21.882374,23.133808,20.915615,81.2346,5.7473345,2.624335,85.9916,74.79676,6.9973183,4.283988
22.0,122.0,2000-01-01,2000-01-12,11,25,22.927841,23.483599,22.402016,79.31411,8.256909,3.6810062,83.31553,75.81147,10.200567,5.984196
22.0,122.0,2000-01-01,2000-01-13,12,25,22.153828,22.641298,21.64754,78.877464,9.110941,3.6944697,82.590675,75.57185,10.925387,6.8708997
24.0,120.0,2000-01-01,2000-01-13,12,25,17.595692,18.632792,16.547447,83.01905,9.171728,2.460758,86.279236,78.95514,10.671591,7.479152
22.0,120.0,2000-01-01,2000-01-13,12,25,21.00073,22.178852,20.193697,81.02438,5.559609,2.4884145,84.89909,75.2002,6.4033427,4.7415056
25.0,120.0,2000-01-01,2000-01-13,12,25,14.027674,15.407899,12.696276,82.29697,7.82493,2.8338547,86.463005,77.24857,9.106985,6.3609834
25.0,122.0,2000-01-01,2000-01-13,12,25,18.245335,19.080334,17.35381,79.02332,8.5631895,6.8938365,81.894806,76.30508,10.101709,6.5124407
23.0,122.0,2000-01-01,2000-01-13,12,25,18.942192,20.050987,18.039299,81.29844,6.228097,5.5869026,85.31208,76.6168,7.6817503,4.450547
23.0,120.0,2000-01-01,2000-01-13,12,25,19.154848,20.469837,18.20107,82.70002,6.6827836,2.0490568,86.69618,76.15979,7.7475414,5.6060762
23.0,121.0,2000-01-01,2000-01-13,12,25,17.907951,20.01264,16.619923,82.97167,3.2560086,4.1033287,87.88833,73.48765,4.0272236,2.4433358
24.0,122.0,2000-01-01,2000-01-13,12,25,18.03451,19.116898,16.975689,80.81438,6.309405,6.7016716,84.75352,76.58165,7.5598354,4.544153
22.0,121.0,2000-01-01,2000-01-13,12,25,21.11731,22.282001,20.271408,80.31226,6.066711,2.2056694,84.614334,74.26082,7.250494,4.7037945
24.0,121.0,2000-01-01,2000-01-13,12,25,16.350574,18.137962,15.095831,83.2498,5.808325,4.50721,87.206375,76.26569,6.9772797,4.4704604
25.0,121.0,2000-01-01,2000-01-13,12,25,16.579523,17.663572,15.454625,81.292114,8.214912,4.7108192,84.603065,77.80074,9.628796,6.56618
23.0,121.0,2000-01-01,2000-01-14,13,25,17.18844,19.09608,15.87256,81.927986,3.407343,4.875864,86.881485,73.710396,4.1884847,2.5890622
25.0,120.0,2000-01-01,2000-01-14,13,25,13.188044,14.336002,12.200831,80.31229,8.290413,1.6534946,84.05077,75.52689,9.227394,7.0804677
22.0,122.0,2000-01-01,2000-01-14,13,25,21.588594,22.249794,20.852158,77.20395,9.592745,2.473101,80.70491,74.286705,11.209799,7.6050105
22.0,121.0,2000-01-01,2000-01-14,13,25,20.59292,21.717041,19.602564,78.55666,6.405529,1.6768403,83.14066,72.941086,7.3639674,5.302615
24.0,120.0,2000-01-01,2000-01-14,13,25,16.723595,17.555069,15.983336,81.43091,9.959372,1.2970108,84.454056,78.37079,11.072323,8.316094
25.0,122.0,2000-01-01,2000-01-14,13,25,17.280886,18.020733,16.467066,77.188934,9.127072,7.7349806,79.77775,74.41332,10.374138,7.5313845
23.0,122.0,2000-01-01,2000-01-14,13,25,18.181934,19.309372,17.12407,80.357864,6.5168676,5.6684246,83.82846,76.00183,7.8983374,5.0012603
23.0,120.0,2000-01-01,2000-01-14,13,25,18.411955,19.541876,17.530846,80.898994,7.2168293,1.3686509,84.886444,75.66409,8.090416,6.2321715
22.0,120.0,2000-01-01,2000-01-14,13,25,20.394428,21.53606,19.462023,79.5164,5.8844233,2.244639,83.635216,74.19809,6.616293,4.999597
24.0,121.0,2000-01-01,2000-01-14,13,25,15.501273,17.027296,14.383634,82.43475,6.128142,4.792685,86.11965,76.57967,7.170731,4.8146987
25.0,121.0,2000-01-01,2000-01-14,13,25,15.686603,16.573307,14.812756,79.53925,8.773591,3.6847825,82.75006,76.39411,9.918455,7.328287
24.0,122.0,2000-01-01,2000-01-14,13,25,17.113457,18.200748,16.07885,79.904884,6.4967275,8.863845,83.19117,75.97891,7.8322444,4.904855
22.0,121.0,2000-01-01,2000-01-15,14,25,20.170025,21.3006,19.298029,77.58269,6.5764713,1.8060876,82.21482,71.63176,7.383136,5.7769775
22.0,122.0,2000-01-01,2000-01-15,14,25,21.239277,21.715698,20.68208,76.4866,9.612015,3.4313776,79.876205,73.850716,10.9323435,8.210091
24.0,120.0,2000-01-01,2000-01-15,14,25,16.300138,17.07377,15.60401,80.94471,10.014719,1.9611549,83.96454,77.31621,10.991512,8.776685
25.0,120.0,2000-01-01,2000-01-15,14,25,12.755441,13.907453,11.828536,78.92088,8.352847,2.0920749,82.8703,74.08106,9.183514,7.3593874
23.0,120.0,2000-01-01,2000-01-15,14,25,17.982912,19.083921,17.182,79.99386,7.3284497,1.5507315,83.87623,74.017624,8.089045,6.472379
23.0,121.0,2000-01-01,2000-01-15,14,25,16.666887,18.533516,15.470001,81.309814,3.495191,5.2733045,86.25022,72.460434,4.12003,2.820185
22.0,120.0,2000-01-01,2000-01-15,14,25,19.979988,21.108921,19.152023,78.175545,6.2090745,2.1440697,82.4255,72.007095,7.18791,5.249609
23.0,122.0,2000-01-01,2000-01-15,14,25,17.733614,18.70214,16.871456,79.97712,6.4416347,6.8927193,83.55574,75.86553,7.5056434,5.2396727
24.0,122.0,2000-01-01,2000-01-15,14,25,16.69859,17.599113,15.824396,80.21889,6.613787,10.132923,83.13174,76.52336,7.6857915,5.3483477
25.0,122.0,2000-01-01,2000-01-15,14,25,16.99866,17.573633,16.346823,77.66835,9.297062,8.80167,79.429115,75.7259,10.497542,7.9492326
24.0,121.0,2000-01-01,2000-01-15,14,25,14.986114,16.451143,13.998678,82.245255,6.175604,5.670414,85.901764,76.10808,6.9383464,5.227411
25.0,121.0,2000-01-01,2000-01-15,14,25,15.304937,16.030499,14.551764,79.5632,8.918074,4.369602,82.63294,76.1064,9.9567175,7.6620216
23.0,121.0,2000-01-01,2000-01-16,15,25,16.475418,18.545181,15.1785755,81.00694,3.6944273,5.2123175,85.65791,71.78743,4.469325,2.8266253
24.0,121.0,2000-01-01,2000-01-16,15,25,14.629404,16.227165,13.42922,81.87384,6.509391,5.0104437,85.116486,76.318565,7.4678454,5.3836336
24.0,122.0,2000-01-01,2000-01-16,15,25,16.456764,17.637476,15.353346,80.49651,6.919557,8.876983,83.921036,76.505394,8.181007,5.4279456
25.0,122.0,2000-01-01,2000-01-16,15,25,16.645878,17.621563,15.59337,77.80852,9.754387,7.5315776,80.90011,74.72821,11.123613,8.145707
22.0,122.0,2000-01-01,2000-01-16,15,25,20.991072,21.479029,20.365255,76.71179,9.813559,4.1490474,79.38955,74.275856,11.803034,7.9798336
22.0,121.0,2000-01-01,2000-01-16,15,25,19.942648,21.16298,18.98957,77.36476,6.643637,2.6465902,81.20022,71.385315,7.9629974,5.5182314
24.0,120.0,2000-01-01,2000-01-16,15,25,15.750868,16.620924,14.791915,80.5208,10.679144,1.2154686,83.096504,77.821655,11.853907,9.302951
25.0,120.0,2000-01-01,2000-01-16,15,25,12.2914915,13.485949,11.139327,77.97041,8.728044,1.3423836,81.6707,73.190475,9.619357,7.6262455
23.0,122.0,2000-01-01,2000-01-16,15,25,17.521515,18.668581,16.573732,80.15351,6.75053,6.709625,83.42623,75.86943,8.147067,5.1375756
23.0,120.0,2000-01-01,2000-01-16,15,25,17.597683,18.760792,16.613127,79.61542,7.80379,1.4001765,83.26928,73.908455,8.715238,6.7573047
22.0,120.0,2000-01-01,2000-01-16,15,25,19.729874,20.956348,18.770138,78.06976,6.4547014,2.6563942,82.064705,71.91125,7.523634,5.3356996
25.0,121.0,2000-01-01,2000-01-16,15,25,14.838085,15.917414,13.689776,79.06535,9.295089,3.6891854,82.10808,75.89583,10.539882,7.8430395
24.0,121.0,2000-01-01,2000-01-17,16,25,13.906086,15.1388,12.900006,80.730125,6.487869,4.391403,83.939705,75.74423,7.566457,5.378823
22.0,121.0,2000-01-01,2000-01-17,16,25,19.384758,20.325035,18.532066,76.305855,7.2620397,1.6213217,80.22738,71.45671,8.193291,6.3154073
25.0,122.0,2000-01-01,2000-01-17,16,25,15.995619,16.939455,14.9642105,75.86489,9.495723,6.4072022,78.672356,72.961685,10.933264,7.878069
23.0,120.0,2000-01-01,2000-01-17,16,25,17.02722,17.957687,16.271856,78.18516,7.764241,1.2470233,81.87183,73.55874,8.684097,6.8265615
24.0,120.0,2000-01-01,2000-01-17,16,25,15.2211275,16.007652,14.448029,78.875374,10.396255,1.3704289,81.98555,75.76635,11.57827,8.97185
25.0,120.0,2000-01-01,2000-01-17,16,25,11.693646,12.770421,10.607833,75.78895,8.59655,1.2691106,80.6999,70.47844,9.532303,7.5590076
23.0,121.0,2000-01-01,2000-01-17,16,25,15.710391,17.298927,14.543287,80.046394,3.90346,4.2789073,84.11599,73.08551,4.686117,3.0848868
22.0,122.0,2000-01-01,2000-01-17,16,25,20.483154,21.078814,19.863716,75.70629,10.56624,2.6261127,79.09278,72.624,12.049171,9.051487
24.0,122.0,2000-01-01,2000-01-17,16,25,15.679517,16.609879,14.718092,79.332214,6.9488344,7.4961834,82.144745,76.106964,8.276222,5.459876
25.0,121.0,2000-01-01,2000-01-17,16,25,14.241775,15.100308,13.1699915,77.08766,9.066765,3.3193586,80.44478,73.90947,10.23253,7.653425
22.0,120.0,2000-01-01,2000-01-17,16,25,19.196283,20.124249,18.41735,77.150345,6.699576,2.664107,81.047485,72.41392,7.5825434,5.7045183
23.0,122.0,2000-01-01,2000-01-17,16,25,16.806334,17.711128,15.912057,79.27142,7.1332593,5.2778997,82.165276,75.672264,8.367879,5.937035
24.0,121.0,2000-01-01,2000-01-18,17,25,14.028969,15.439825,12.941207,80.19881,6.081539,3.9807336,84.15647,73.78022,6.8997483,5.1141763
22.0,121.0,2000-01-01,2000-01-18,17,25,19.47059,20.597412,18.582212,74.99923,7.049746,1.7416214,79.45174,69.32439,7.913336,6.2132373
22.0,122.0,2000-01-01,2000-01-18,17,25,20.63169,21.156675,20.090021,74.69034,10.143071,3.0071468,77.73368,72.0852,11.59575,8.692253
23.0,120.0,2000-01-01,2000-01-18,17,25,17.07816,18.199757,16.175064,76.829636,7.4695435,0.77535874,80.61934,70.852,8.174967,6.5411625
22.0,120.0,2000-01-01,2000-01-18,17,25,19.289597,20.506607,18.389181,75.61366,6.813283,1.7529514,80.085724,69.17645,7.7412953,5.8963947
23.0,121.0,2000-01-01,2000-01-18,17,25,15.769396,17.721704,14.490817,78.870125,3.6902857,3.810255,83.904144,69.723305,4.347089,3.0983298
24.0,122.0,2000-01-01,2000-01-18,17,25,15.862787,16.786896,14.945924,78.52898,6.538794,8.108313,82.478455,74.440254,7.671979,5.360213
25.0,122.0,2000-01-01,2000-01-18,17,25,16.302896,17.058737,15.486828,75.44492,9.0337105,7.7615952,78.61296,72.34556,10.200323,7.7185726
25.0,121.0,2000-01-01,2000-01-18,17,25,14.489918,15.282804,13.548483,76.98002,8.6841,3.6549969,80.37396,73.32101,9.5986185,7.457819
24.0,120.0,2000-01-01,2000-01-18,17,25,15.336008,16.102413,14.473361,78.14412,9.8721285,0.9595323,81.32594,74.68633,10.846646,8.627242
25.0,120.0,2000-01-01,2000-01-18,17,25,11.795632,12.999577,10.649781,76.31718,8.1465225,1.1364963,81.211655,70.33893,9.028683,7.053877
23.0,122.0,2000-01-01,2000-01-18,17,25,16.927963,17.840485,16.033434,78.378426,6.7113085,5.07086,81.70697,74.15276,7.9021425,5.523135
25.0,122.0,2000-01-01,2000-01-19,18,25,16.831018,17.50189,16.025446,76.16599,8.711758,9.043227,79.118355,73.21916,10.231434,7.185758
22.0,121.0,2000-01-01,2000-01-19,18,25,19.609596,20.677265,18.670666,75.25907,6.9121842,2.8055105,79.979576,68.98002,7.646118,6.1594853
24.0,121.0,2000-01-01,2000-01-19,18,25,14.366724,15.845353,13.292101,81.184845,5.9552083,5.7219996,85.269066,74.48654,6.901855,4.8800864
22.0,122.0,2000-01-01,2000-01-19,18,25,20.81791,21.423985,20.116661,74.35269,9.991108,4.0011134,78.15413,70.89049,11.234941,8.73674
23.0,120.0,2000-01-01,2000-01-19,18,25,17.26206,18.315954,16.4496,77.99733,7.462795,1.8781576,82.53979,71.55285,8.250483,6.6082487
23.0,121.0,2000-01-01,2000-01-19,18,25,15.941889,17.747595,14.737804,79.41377,3.432128,5.2255926,84.73039,70.22989,4.147995,2.8140044
24.0,122.0,2000-01-01,2000-01-19,18,25,16.163876,17.049625,15.226393,78.89316,6.2859254,9.483443,82.37102,75.006744,7.5769362,5.0684056
25.0,121.0,2000-01-01,2000-01-19,18,25,15.054225,15.889044,14.15381,78.28894,8.524278,5.3026495,82.30527,74.09981,9.741853,7.150343
24.0,120.0,2000-01-01,2000-01-19,18,25,15.684923,16.497702,14.885504,79.75926,10.045086,2.3899376,83.40109,75.470566,11.092695,8.679054
23.0,122.0,2000-01-01,2000-01-19,18,25,17.147425,18.07363,16.179512,78.248924,6.3932514,6.418754,81.89376,74.06137,7.451349,5.220645
25.0,120.0,2000-01-01,2000-01-19,18,25,12.1180725,13.290744,11.0549965,78.2559,8.345322,2.5607977,83.047714,72.36101,9.125553,7.4589715
22.0,120.0,2000-01-01,2000-01-19,18,25,19.485456,20.609926,18.584059,75.80418,6.562446,3.1762993,80.83715,69.052986,7.4683743,5.6886864
24.0,121.0,2000-01-01,2000-01-20,19,25,14.539154,16.129488,13.391749,81.412025,6.007359,4.5798545,85.51621,75.24968,7.205863,4.640184
22.0,121.0,2000-01-01,2000-01-20,19,25,19.740896,20.888071,18.87857,76.75162,6.980673,4.8875856,80.930046,71.14018,8.122783,5.873491
22.0,120.0,2000-01-01,2000-01-20,19,25,19.682365,20.830757,18.815733,77.16388,6.602524,3.5648391,81.27192,71.37988,7.532383,5.6835637
23.0,121.0,2000-01-01,2000-01-20,19,25,16.27995,18.220524,15.038419,80.39576,3.5290115,4.843526,85.228836,71.76935,4.390014,2.7067292
22.0,122.0,2000-01-01,2000-01-20,19,25,20.85542,21.44109,20.19175,75.9581,10.26036,6.7966504,79.579865,72.81955,11.982899,8.393305
25.0,122.0,2000-01-01,2000-01-20,19,25,16.863703,17.867882,15.945006,77.13462,8.884588,8.518071,80.52984,73.919525,10.703536,6.8619084
24.0,120.0,2000-01-01,2000-01-20,19,25,15.633068,16.579552,14.763341,80.14315,10.123882,1.7697192,83.6115,76.40452,11.517966,8.317747
23.0,122.0,2000-01-01,2000-01-20,19,25,17.392218,18.458023,16.405123,79.39541,6.6979957,6.736455,83.03903,75.23301,8.059671,5.1221066
25.0,121.0,2000-01-01,2000-01-20,19,25,15.001379,15.966696,13.950334,78.71388,8.822063,4.2932177,82.4445,75.287346,10.190172,7.028452
25.0,120.0,2000-01-01,2000-01-20,19,25,12.14882,13.499952,10.949669,78.0184,8.419838,1.9154407,83.17542,72.05088,9.591431,7.006525
24.0,122.0,2000-01-01,2000-01-20,19,25,16.421717,17.528063,15.396549,79.73667,6.555106,8.831104,83.60574,75.50663,7.9267025,4.9976583
23.0,120.0,2000-01-01,2000-01-20,19,25,17.37495,18.52691,16.53004,79.102844,7.5192723,2.0188951,82.921005,73.38841,8.509266,6.453387
25.0,122.0,2000-01-01,2000-01-21,20,25,17.335678,18.24835,16.394499,76.00762,8.557466,8.120206,79.49063,72.91903,10.216718,6.672718
24.0,122.0,2000-01-01,2000-01-21,20,25,16.800749,17.742878,15.772282,78.98786,6.4139013,8.414319,82.974464,74.913605,7.9654236,4.6971984
22.0,121.0,2000-01-01,2000-01-21,20,25,19.86768,20.898619,18.997673,76.57763,6.967367,2.832462,80.51288,71.161316,7.952605,5.9881115
22.0,122.0,2000-01-01,2000-01-21,20,25,21.048847,21.541954,20.421656,75.33566,10.240344,4.6234474,78.86514,72.52893,11.80563,8.66391
24.0,121.0,2000-01-01,2000-01-21,20,25,14.853651,16.376408,13.749317,81.41385,5.9067297,4.3383527,85.42376,75.214325,6.984,4.555742
23.0,122.0,2000-01-01,2000-01-21,20,25,17.644417,18.575636,16.723291,79.13704,6.707295,6.1599846,82.71131,75.0278,8.027611,5.4572883
22.0,120.0,2000-01-01,2000-01-21,20,25,19.777674,20.833258,18.955948,77.51681,6.5708814,3.012821,81.799225,71.95526,7.5553656,5.5747046
24.0,120.0,2000-01-01,2000-01-21,20,25,15.8431835,16.579826,15.03049,80.537766,9.988228,1.6010776,83.8382,76.984055,11.204174,8.401166
25.0,120.0,2000-01-01,2000-01-21,20,25,12.426624,13.714147,11.247897,78.675316,8.158432,1.8558992,83.25939,73.3201,9.235424,6.755066
25.0,121.0,2000-01-01,2000-01-21,20,25,15.409205,16.378044,14.386657,78.25069,8.503855,4.067852,82.060715,74.31616,9.829693,6.848691
23.0,121.0,2000-01-01,2000-01-21,20,25,16.46573,18.257545,15.245007,80.65022,3.4649978,4.3784833,85.55929,72.32824,4.2756963,2.6329353
23.0,120.0,2000-01-01,2000-01-21,20,25,17.455885,18.409117,16.638971,79.72375,7.4663324,1.6274371,83.84689,74.391716,8.360908,6.497403
24.0,120.0,2000-01-01,2000-01-22,21,25,15.746399,16.62721,14.826979,80.1659,9.694439,3.776318,83.55316,76.13659,11.041139,8.216825
23.0,121.0,2000-01-01,2000-01-22,21,25,16.613161,18.700668,15.274689,80.93995,3.583902,5.54317,86.66275,71.25095,4.4403644,2.8809402
25.0,122.0,2000-01-01,2000-01-22,21,25,17.273218,18.047194,16.282013,76.68521,8.899391,9.5305195,80.24092,73.15585,10.532532,7.2776575
24.0,122.0,2000-01-01,2000-01-22,21,25,16.901995,18.064848,15.82506,79.40232,6.742988,9.361453,83.74372,74.362656,8.016725,5.3672376
22.0,121.0,2000-01-01,2000-01-22,21,25,19.963642,21.178213,18.987263,77.49237,6.7370057,4.447666,82.59383,70.782585,7.81803,5.774711
22.0,122.0,2000-01-01,2000-01-22,21,25,21.191774,21.76564,20.578022,76.072586,9.722811,5.238452,79.847626,72.245094,11.354476,8.230591
24.0,121.0,2000-01-01,2000-01-22,21,25,14.867419,16.536575,13.665729,81.38481,5.75487,5.930094,85.96616,74.1117,6.837383,4.6509633
23.0,120.0,2000-01-01,2000-01-22,21,25,17.492256,18.685541,16.504826,79.65537,7.4024477,3.3761182,83.790146,73.18902,8.406995,6.379804
25.0,121.0,2000-01-01,2000-01-22,21,25,15.2602625,16.24511,14.142404,78.524925,8.001885,6.113848,82.5279,74.3493,9.315904,6.6199665
23.0,122.0,2000-01-01,2000-01-22,21,25,17.838493,19.044552,16.896866,79.27819,6.5411057,6.330371,83.454735,73.73789,7.710637,5.3353825
22.0,120.0,2000-01-01,2000-01-22,21,25,19.791784,21.04792,18.86252,78.16152,6.6100917,3.8406336,82.90991,71.58753,7.590491,5.565046
25.0,120.0,2000-01-01,2000-01-22,21,25,12.498452,13.951305,11.225558,78.73496,7.6100636,3.6484113,83.56564,72.24305,8.689372,6.430173
24.0,121.0,2000-01-01,2000-01-23,22,25,14.33068,15.939142,13.062878,80.66995,6.396246,4.810459,84.681175,74.50244,7.2241387,5.37811
22.0,122.0,2000-01-01,2000-01-23,22,25,20.71594,21.32354,19.954489,76.193665,11.167231,2.9591486,79.29504,73.08248,12.799482,9.538153
25.0,122.0,2000-01-01,2000-01-23,22,25,16.565243,17.415285,15.662672,74.52796,9.55371,5.9314466,77.92515,71.47294,10.729361,8.256333
25.0,120.0,2000-01-01,2000-01-23,22,25,11.977989,13.422447,10.818839,77.10325,8.133262,2.0611672,82.54071,70.78513,8.965996,7.2039757
24.0,120.0,2000-01-01,2000-01-23,22,25,15.22838,16.085308,14.447955,79.635956,10.1132345,1.9136529,83.38392,75.414604,11.122719,8.973781
22.0,120.0,2000-01-01,2000-01-23,22,25,19.477007,20.628462,18.521383,77.161,6.7262964,2.3748112,81.35576,71.444214,7.5353737,5.9498224
23.0,120.0,2000-01-01,2000-01-23,22,25,17.111893,18.202374,16.189068,78.891945,7.6471653,1.2165926,83.27941,73.14225,8.274251,6.8970547
24.0,122.0,2000-01-01,2000-01-23,22,25,16.284538,17.409786,15.082032,78.21984,7.258382,6.809742,81.46991,74.81919,8.370337,5.94751
25.0,121.0,2000-01-01,2000-01-23,22,25,14.631749,15.537306,13.671998,76.74226,8.646271,3.9421961,80.83112,72.84039,9.789312,7.5676503
23.0,122.0,2000-01-01,2000-01-23,22,25,17.289782,18.368902,16.11923,79.13479,7.5759993,5.006801,82.32813,75.316925,8.9202585,6.1830244
23.0,121.0,2000-01-01,2000-01-23,22,25,16.21418,18.227886,14.753722,79.96154,4.009601,4.1261406,84.838844,71.40007,4.601119,3.3867745
22.0,121.0,2000-01-01,2000-01-23,22,25,19.638016,20.790123,18.612486,76.79688,7.5009246,2.0738702,80.671776,71.64469,8.506378,6.4727306
23.0,122.0,2000-01-01,2000-01-24,23,25,17.19686,18.19052,16.308678,77.81385,6.6890736,4.4246645,81.35728,73.094505,7.685426,5.7091675
25.0,120.0,2000-01-01,2000-01-24,23,25,12.025797,13.47862,10.882663,78.065445,8.027658,1.4492763,82.91038,71.38607,8.821432,7.030249
25.0,121.0,2000-01-01,2000-01-24,23,25,14.978569,15.865265,13.940304,77.575134,8.136632,2.631756,81.04835,73.86126,9.118465,6.8841186
23.0,121.0,2000-01-01,2000-01-24,23,25,16.129969,18.176847,14.877497,78.89676,3.4684796,3.3631861,84.35829,68.744026,3.973659,2.9224396
22.0,122.0,2000-01-01,2000-01-24,23,25,20.72221,21.19119,20.191793,74.77929,10.439101,2.6242793,77.83047,71.97938,11.7153845,9.295865
22.0,121.0,2000-01-01,2000-01-24,23,25,19.653326,20.829327,18.79797,75.65299,7.1207542,1.559216,80.57291,68.7351,7.946598,6.415921
24.0,121.0,2000-01-01,2000-01-24,23,25,14.377668,15.995617,13.241886,80.61675,5.853163,3.71574,85.018486,73.35924,6.610739,4.859805
25.0,122.0,2000-01-01,2000-01-24,23,25,16.875582,17.664206,16.070694,74.22132,8.231816,5.1179466,77.28035,71.33889,9.305255,7.1355333
24.0,122.0,2000-01-01,2000-01-24,23,25,16.295292,17.309298,15.329845,77.06202,6.0371313,6.2153587,80.95643,72.50412,6.916125,5.174751
24.0,120.0,2000-01-01,2000-01-24,23,25,15.45421,16.21478,14.616871,80.51369,9.704972,1.3906826,83.45581,76.7061,10.811237,8.477383
23.0,120.0,2000-01-01,2000-01-24,23,25,17.207586,18.29523,16.327696,78.72313,7.2544775,1.0294315,82.783,72.06274,7.9637065,6.556978
22.0,120.0,2000-01-01,2000-01-24,23,25,19.588516,20.777325,18.68508,76.36404,6.363892,2.2047393,80.97444,69.37478,7.163509,5.583939
23.0,120.0,2000-01-01,2000-01-25,24,25,17.487411,18.655304,16.638712,79.881516,7.166236,2.1178977,84.4647,73.32759,7.9524703,6.4544
25.0,121.0,2000-01-01,2000-01-25,24,25,15.32241,16.219938,14.419103,78.63293,7.782395,4.03898,82.877335,74.199036,8.776603,6.7615876
25.0,120.0,2000-01-01,2000-01-25,24,25,12.408251,13.882541,11.210973,78.9982,7.5608983,2.7171118,84.663445,72.22144,8.541248,6.359907
24.0,120.0,2000-01-01,2000-01-25,24,25,15.705106,16.52759,14.978443,81.22128,9.360583,2.7328277,85.03548,76.82791,10.484968,8.050369
24.0,122.0,2000-01-01,2000-01-25,24,25,16.788935,17.845255,15.704176,79.26072,6.6880903,7.8071375,82.72901,75.1075,7.7955265,5.5200844
25.0,122.0,2000-01-01,2000-01-25,24,25,17.343372,18.071735,16.461275,76.28738,8.803522,6.94761,79.655876,73.11166,10.004214,7.502732
22.0,122.0,2000-01-01,2000-01-25,24,25,21.088896,21.638193,20.423859,76.40479,10.232311,2.9836066,79.51135,73.89698,11.920418,8.641086
24.0,121.0,2000-01-01,2000-01-25,24,25,14.746627,16.412834,13.585602,81.79918,5.623816,4.8798923,86.35323,74.52397,6.4809003,4.6418486
22.0,121.0,2000-01-01,2000-01-25,24,25,19.95652,21.150723,19.022867,77.16898,6.953702,1.9660739,81.5367,71.04336,8.036025,5.856046
23.0,121.0,2000-01-01,2000-01-25,24,25,16.528425,18.557253,15.232047,80.50946,3.5811393,4.2764072,85.74448,71.07495,4.256254,2.9568985
22.0,120.0,2000-01-01,2000-01-25,24,25,19.846336,21.020761,18.922853,77.80552,6.5057006,2.7580051,82.048225,71.45127,7.382893,5.596427
23.0,122.0,2000-01-01,2000-01-25,24,25,17.658676,18.698614,16.633795,79.54047,6.781876,5.291803,82.96518,75.109055,8.068444,5.5532293
22.0,121.0,2000-01-01,2000-01-26,25,25,19.923752,21.030981,19.10067,76.9375,6.7931643,2.9648888,81.62256,70.81522,7.799668,5.861916
24.0,121.0,2000-01-01,2000-01-26,25,25,14.759831,16.350344,13.70445,81.836975,5.173564,5.043059,85.92623,75.39815,6.13901,4.0774627
25.0,122.0,2000-01-01,2000-01-26,25,25,17.371431,18.02319,16.641178,75.48309,8.298993,6.4757066,78.63134,72.03497,9.779637,6.7007713
24.0,122.0,2000-01-01,2000-01-26,25,25,16.809822,17.841066,15.94274,78.25729,6.0673857,7.5640407,82.02138,73.68218,7.314267,4.7572846
25.0,121.0,2000-01-01,2000-01-26,25,25,15.343101,16.221022,14.467052,78.85675,7.438802,3.9717388,82.13955,75.10143,8.743315,5.952019
24.0,120.0,2000-01-01,2000-01-26,25,25,15.7221985,16.515518,14.9792595,81.57163,8.741454,2.4541776,84.9987,77.45143,10.109433,7.255155
23.0,121.0,2000-01-01,2000-01-26,25,25,16.551773,18.535948,15.339625,80.141945,3.28569,4.6664715,85.46802,71.062416,4.0097256,2.610443
22.0,122.0,2000-01-01,2000-01-26,25,25,21.054882,21.548325,20.511934,75.878746,10.055767,4.082136,79.77522,72.75705,11.552512,8.690825
25.0,120.0,2000-01-01,2000-01-26,25,25,12.610103,14.080372,11.528703,79.08439,7.1104555,2.4116812,84.36021,72.133484,8.11708,5.8975706
23.0,122.0,2000-01-01,2000-01-26,25,25,17.680712,18.72802,16.847092,78.867226,6.4147964,5.779218,82.97042,74.32868,7.6034408,5.177522
23.0,120.0,2000-01-01,2000-01-26,25,25,17.514528,18.587828,16.683825,79.81635,6.653844,2.0640864,84.07477,73.41006,7.568985,5.671681
22.0,120.0,2000-01-01,2000-01-26,25,25,19.835163,21.005083,19.037579,77.23385,6.175657,2.825347,81.661766,70.90835,7.176264,5.2356954
25.0,120.0,2000-01-01,2000-01-27,26,25,12.659119,14.265153,11.527038,80.14668,7.185026,2.0461187,85.40524,72.47153,8.147138,6.0945263
23.0,120.0,2000-01-01,2000-01-27,26,25,17.64887,18.771969,16.828712,79.35517,6.6084857,1.2886695,83.400856,72.99291,7.3924894,5.7193727
22.0,120.0,2000-01-01,2000-01-27,26,25,19.896843,21.043642,19.09275,76.51684,5.9565306,2.461765,80.725426,70.564354,6.730251,5.119378
23.0,122.0,2000-01-01,2000-01-27,26,25,17.671131,18.741564,16.824142,78.72606,6.0364056,5.2377954,82.37942,74.18784,6.9998317,5.0286236
23.0,121.0,2000-01-01,2000-01-27,26,25,16.542889,18.610777,15.282975,80.07611,3.1035376,3.8532135,85.28909,70.40233,3.739528,2.4807703
25.0,122.0,2000-01-01,2000-01-27,26,25,17.558376,18.192663,16.867302,75.22653,8.0272665,6.9530363,78.122826,72.61137,9.421501,6.5180407
22.0,122.0,2000-01-01,2000-01-27,26,25,21.06144,21.47193,20.539707,75.37285,9.533503,3.1748884,78.79587,72.227,10.772572,8.364181
22.0,121.0,2000-01-01,2000-01-27,26,25,19.93122,21.027061,19.112062,76.42968,6.499605,1.7865634,80.95164,70.451324,7.3660083,5.7239137
24.0,122.0,2000-01-01,2000-01-27,26,25,16.888075,17.979269,16.000525,78.12771,5.786506,7.7206287,81.63467,73.758705,6.8423877,4.6243443
24.0,120.0,2000-01-01,2000-01-27,26,25,15.946331,16.863165,15.160689,80.91294,8.757851,1.8921576,84.668396,76.20186,9.855504,7.323684
25.0,121.0,2000-01-01,2000-01-27,26,25,15.533616,16.499313,14.683781,78.445854,7.3977294,3.7002435,82.10784,74.22381,8.431616,6.04455
24.0,121.0,2000-01-01,2000-01-27,26,25,14.841578,16.665905,13.711827,81.62093,5.149518,4.446933,85.9792,73.60856,6.098665,4.0249724
23.0,120.0,2000-01-01,2000-01-28,27,25,17.888165,19.193531,16.97006,79.38236,6.357073,1.1254157,84.0819,71.73476,7.2713995,5.4383583
25.0,122.0,2000-01-01,2000-01-28,27,25,18.054771,18.69151,17.219294,74.923546,7.8207817,6.315465,79.0005,71.3862,8.875976,6.7145443
24.0,122.0,2000-01-01,2000-01-28,27,25,17.148417,18.250734,16.135626,77.16639,5.6164536,7.2732615,81.45167,71.83481,6.5281568,4.684878
23.0,121.0,2000-01-01,2000-01-28,27,25,16.755623,19.007998,15.328595,79.31181,3.1363816,3.8341568,85.12088,68.32464,3.7381387,2.5748038
24.0,121.0,2000-01-01,2000-01-28,27,25,15.071272,17.011723,13.856296,81.79502,4.853347,3.9784296,86.966385,73.139465,5.7322917,3.7884169
22.0,122.0,2000-01-01,2000-01-28,27,25,21.26353,21.769102,20.575771,74.95981,9.579813,3.16872,78.14775,72.28374,10.99181,8.076752
22.0,121.0,2000-01-01,2000-01-28,27,25,20.12566,21.359097,19.153088,76.248116,6.53152,1.959003,80.73984,69.438,7.6136074,5.4371867
25.0,120.0,2000-01-01,2000-01-28,27,25,13.005838,14.704645,11.749035,81.30842,6.9714227,1.1329693,87.11447,73.54031,7.8866034,5.895261
23.0,122.0,2000-01-01,2000-01-28,27,25,17.891186,19.022709,16.896872,77.72704,6.044091,5.041053,81.335655,72.62239,7.03479,4.9063954
25.0,121.0,2000-01-01,2000-01-28,27,25,15.999513,17.054543,15.057917,79.27156,6.881905,3.0390222,84.27617,73.81241,7.9829426,5.7788496
24.0,120.0,2000-01-01,2000-01-28,27,25,16.202412,17.207125,15.405802,81.942116,8.270052,1.2847942,86.12127,76.56215,9.542124,6.8688674
22.0,120.0,2000-01-01,2000-01-28,27,25,20.03999,21.324135,19.076544,76.549515,6.368318,1.9982941,81.1503,69.4369,7.1694856,5.413155
22.0,120.0,2000-01-01,2000-01-29,28,25,20.051424,21.088501,19.252647,77.331085,6.422229,3.180132,81.23965,72.00278,7.2366943,5.5642524
25.0,120.0,2000-01-01,2000-01-29,28,25,13.09006,14.576027,11.957394,80.933685,7.1918983,1.8136307,85.80943,74.48651,8.394079,5.714513
25.0,121.0,2000-01-01,2000-01-29,28,25,15.829807,16.817389,14.813482,80.40143,7.34373,2.9101276,84.382706,76.625114,8.8320875,5.5776753
23.0,121.0,2000-01-01,2000-01-29,28,25,16.74558,18.680845,15.480236,80.51123,3.1057785,5.722094,85.58559,71.69879,3.7894213,2.4071074
22.0,121.0,2000-01-01,2000-01-29,28,25,20.11759,21.179565,19.33025,76.41123,6.5184,3.03113,80.210144,71.17413,7.465882,5.5452905
24.0,120.0,2000-01-01,2000-01-29,28,25,16.226242,17.059307,15.461525,82.14175,8.623994,1.7829605,85.77113,78.214294,10.296525,6.616793
23.0,120.0,2000-01-01,2000-01-29,28,25,17.921442,18.943487,17.112774,80.05307,6.51234,2.5734427,84.14485,74.3457,7.6271377,5.30505
23.0,122.0,2000-01-01,2000-01-29,28,25,17.847374,18.868336,16.929283,78.08331,5.98282,6.4918227,81.73802,74.15003,7.059265,4.700595
25.0,122.0,2000-01-01,2000-01-29,28,25,17.874056,18.646706,17.02112,76.41515,8.028094,6.272326,79.8235,73.55087,10.067543,6.0536714
24.0,122.0,2000-01-01,2000-01-29,28,25,17.11757,18.173765,16.12237,78.37942,5.6714125,8.297471,82.47012,73.88971,7.1757293,4.257579
24.0,121.0,2000-01-01,2000-01-29,28,25,15.052206,16.677502,13.892291,82.5726,4.9612737,4.9175735,86.68955,75.62922,6.1853766,3.635785
22.0,122.0,2000-01-01,2000-01-29,28,25,21.221416,21.613012,20.735004,74.32932,9.5062895,3.8062003,77.110016,71.61497,10.995846,8.046009
24.0,122.0,2000-01-01,2000-01-30,29,25,17.02192,18.02838,16.043034,78.81019,6.0150037,7.403573,82.94471,74.14579,6.8627467,5.1046786
22.0,121.0,2000-01-01,2000-01-30,29,25,20.013588,21.11085,19.147135,77.40961,6.7162824,2.167446,82.15496,71.17878,7.55263,5.8480577
22.0,122.0,2000-01-01,2000-01-30,29,25,21.075224,21.550566,20.521675,75.78479,9.667676,2.9857748,79.03478,72.52563,10.825481,8.551388
24.0,120.0,2000-01-01,2000-01-30,29,25,16.088037,16.961462,15.372628,81.53097,8.370678,1.1960716,86.07872,76.488396,9.557671,6.988699
22.0,120.0,2000-01-01,2000-01-30,29,25,19.997301,21.142994,19.137926,77.85722,6.575478,2.4243279,82.78485,71.28371,7.4423656,5.602908
25.0,121.0,2000-01-01,2000-01-30,29,25,15.6066475,16.671501,14.680548,79.7338,6.882732,2.7871814,85.03139,74.12936,8.276322,5.6037464
25.0,122.0,2000-01-01,2000-01-30,29,25,17.671198,18.298615,16.904675,76.52362,7.7864146,5.9285827,80.4209,72.99937,9.114018,6.395678
24.0,121.0,2000-01-01,2000-01-30,29,25,14.936359,16.734688,13.747335,82.13319,4.777016,4.2434807,86.94168,74.22268,5.584463,3.8859046
23.0,122.0,2000-01-01,2000-01-30,29,25,17.736374,18.766378,16.782873,78.86763,6.05777,5.2393436,82.847336,73.954025,6.9048686,5.135132
23.0,120.0,2000-01-01,2000-01-30,29,25,17.830572,18.918434,17.025406,80.06056,6.411431,1.357891,85.259865,73.457054,7.310805,5.546184
23.0,121.0,2000-01-01,2000-01-30,29,25,16.67673,18.707941,15.333512,80.74702,3.1227233,4.4201775,86.32248,70.83984,3.7390935,2.4928887
25.0,120.0,2000-01-01,2000-01-30,29,25,12.857277,14.491002,11.713512,80.78143,6.7893934,1.8662375,86.37265,73.12576,7.7951384,5.645358
22.0,121.0,2000-01-01,2000-01-31,30,25,20.150885,21.346498,19.265089,76.61925,6.3017817,2.0618978,80.54068,70.29505,7.182649,5.413274
24.0,120.0,2000-01-01,2000-01-31,30,25,16.253172,17.224167,15.39046,80.315926,8.37022,2.3504412,83.76129,75.76995,10.0414915,6.8942695
24.0,122.0,2000-01-01,2000-01-31,30,25,17.071894,18.20324,16.061827,78.93356,5.925106,8.455866,82.532326,74.68167,7.5882487,4.1380887
24.0,121.0,2000-01-01,2000-01-31,30,25,15.046566,16.963879,13.809728,81.59357,5.0325,5.3191905,85.93222,73.44352,6.312202,3.8825538
25.0,121.0,2000-01-01,2000-01-31,30,25,15.391876,16.502466,14.3006115,79.088875,7.2161036,3.4132917,83.4932,74.609764,8.971256,5.766714
22.0,122.0,2000-01-01,2000-01-31,30,25,21.185797,21.603844,20.686201,75.3648,9.330783,2.5794756,78.00651,73.07289,10.61413,8.02777
25.0,120.0,2000-01-01,2000-01-31,30,25,13.000375,14.939947,11.615846,79.736824,6.6996675,2.7047503,85.078705,71.344795,8.305056,5.347778
23.0,121.0,2000-01-01,2000-01-31,30,25,16.853024,19.079342,15.486315,80.21712,3.2178771,4.980064,85.65091,69.75956,4.047706,2.484686
23.0,122.0,2000-01-01,2000-01-31,30,25,17.886341,19.040642,16.93353,78.68535,6.1847186,5.498331,82.22928,74.20256,7.255385,4.9191685
22.0,120.0,2000-01-01,2000-01-31,30,25,20.119368,21.325068,19.266617,77.27439,5.95827,2.8217096,81.204025,70.48612,6.860051,5.0850506
25.0,122.0,2000-01-01,2000-01-31,30,25,17.396404,18.098698,16.46499,76.62241,7.823412,6.5345554,79.64383,74.06903,9.756913,6.0557237
23.0,120.0,2000-01-01,2000-01-31,30,25,18.061718,19.291803,17.132257,78.93233,6.321426,1.9991843,83.07931,71.99887,7.3388805,5.380046
22.0,121.0,2000-01-01,2000-02-01,31,25,19.911247,20.971807,19.077007,76.5792,6.903837,3.457922,81.111176,70.659546,7.7793446,5.9394894
22.0,120.0,2000-01-01,2000-02-01,31,25,19.928322,21.016495,19.146656,77.09583,6.5713234,3.2797756,81.50097,70.86693,7.484805,5.7236137
23.0,120.0,2000-01-01,2000-02-01,31,25,17.723396,18.80839,16.905836,78.97171,6.805937,3.529944,83.230194,72.47002,7.5684657,6.011053
23.0,122.0,2000-01-01,2000-02-01,31,25,17.470499,18.286304,16.712696,78.98655,6.5772443,7.678352,83.03157,75.115715,7.762274,5.4020495
25.0,121.0,2000-01-01,2000-02-01,31,25,15.184798,15.997345,14.438434,78.1623,8.114728,5.6831884,81.82754,74.018265,9.114771,6.955928
25.0,122.0,2000-01-01,2000-02-01,31,25,17.092382,17.674425,16.440802,74.930786,9.041801,7.911431,77.9109,71.97101,10.280095,7.6417484
23.0,121.0,2000-01-01,2000-02-01,31,25,16.524782,18.244024,15.363561,80.25905,3.6170685,6.5495057,85.10063,71.97555,4.2344594,3.0382824
25.0,120.0,2000-01-01,2000-02-01,31,25,12.38959,13.769488,11.299439,79.2958,7.685865,4.436774,83.91533,72.82566,8.607419,6.5188518
24.0,122.0,2000-01-01,2000-02-01,31,25,16.634388,17.431686,15.806784,78.39602,6.623587,9.843118,81.75142,74.47711,7.809067,5.284829
24.0,121.0,2000-01-01,2000-02-01,31,25,14.706913,16.07318,13.746681,81.88389,5.6068087,7.6022096,85.56027,75.73069,6.5036745,4.4995694
24.0,120.0,2000-01-01,2000-02-01,31,25,15.903064,16.738625,15.233214,80.58025,9.104917,4.5945497,84.17463,76.29139,10.113269,7.707091
22.0,122.0,2000-01-01,2000-02-01,31,25,20.858564,21.295673,20.36695,75.52145,9.995807,4.590583,79.44527,72.15488,11.367228,8.547027
25.0,120.0,2000-01-01,2000-02-02,32,25,12.700026,14.211226,11.376686,79.99134,6.932129,4.835814,85.33523,72.73706,7.968504,5.760113
23.0,121.0,2000-01-01,2000-02-02,32,25,16.648615,18.355274,15.519132,80.969246,3.35216,6.9636517,85.746315,72.91944,4.075888,2.555765
25.0,121.0,2000-01-01,2000-02-02,32,25,15.565714,16.505983,14.587691,78.794685,7.0793214,6.230162,83.24872,73.93001,8.457097,5.567852
23.0,120.0,2000-01-01,2000-02-02,32,25,17.861017,18.876091,16.999557,79.46199,6.621782,4.705808,83.50212,73.231514,7.5915704,5.5902014
22.0,122.0,2000-01-01,2000-02-02,32,25,21.18744,21.704424,20.558619,74.84908,9.188194,4.322202,78.93218,71.674446,10.729818,7.5016155
24.0,120.0,2000-01-01,2000-02-02,32,25,16.16025,17.02797,15.304147,80.828064,8.560306,5.252683,84.66836,75.948006,9.947299,6.879973
22.0,121.0,2000-01-01,2000-02-02,32,25,20.065199,21.109482,19.222902,76.58026,6.4040923,3.7158191,81.06501,70.79216,7.4249945,5.3385363
24.0,122.0,2000-01-01,2000-02-02,32,25,16.984848,17.817638,16.159836,78.801346,6.262262,11.284634,82.17955,74.92858,7.543302,4.932009
23.0,122.0,2000-01-01,2000-02-02,32,25,17.768473,18.587702,16.90525,78.96997,5.9826107,7.567135,82.605705,75.354774,7.201309,4.5681105
22.0,120.0,2000-01-01,2000-02-02,32,25,19.986847,21.083447,19.158224,77.40562,6.3265285,4.05319,81.792854,71.37867,7.2828608,5.3170843
25.0,122.0,2000-01-01,2000-02-02,32,25,17.579292,18.238785,16.758883,75.47815,8.20776,9.99328,79.2336,71.91809,9.494282,6.7970414
24.0,121.0,2000-01-01,2000-02-02,32,25,14.949782,16.41023,13.91694,82.36111,5.1381383,7.502744,86.29711,76.05865,6.18065,3.826839
24.0,122.0,2000-01-01,2000-02-03,33,25,17.114277,18.253578,16.057585,78.82461,6.107339,7.779973,82.33828,74.58064,7.4275637,4.4297347
22.0,121.0,2000-01-01,2000-02-03,33,25,20.153797,21.26725,19.154352,76.869064,6.1272492,2.572451,81.0345,70.94878,7.3858747,4.9465957
24.0,121.0,2000-01-01,2000-02-03,33,25,14.921016,16.642986,13.709195,82.183815,5.0987916,5.6663265,86.63831,75.218094,6.2645354,3.861492
25.0,122.0,2000-01-01,2000-02-03,33,25,17.393127,18.124537,16.499,76.92485,7.9426174,6.9808736,80.157196,73.639465,9.398589,6.120434
24.0,120.0,2000-01-01,2000-02-03,33,25,15.909839,16.801834,15.050353,81.75871,8.637539,3.5246007,85.87492,77.50295,9.88321,7.295636
22.0,122.0,2000-01-01,2000-02-03,33,25,21.30331,21.876543,20.582945,74.99342,8.956489,3.1548803,78.46124,71.915695,10.704768,7.333494
22.0,120.0,2000-01-01,2000-02-03,33,25,19.942501,21.120111,19.021618,77.97068,6.05322,2.7515905,82.00257,71.62029,7.116641,4.838452
23.0,122.0,2000-01-01,2000-02-03,33,25,17.959105,19.086311,16.924103,78.463776,5.9879193,5.629554,82.38446,73.78572,7.2529488,4.5255003
23.0,120.0,2000-01-01,2000-02-03,33,25,17.80127,18.903044,16.917477,80.21318,6.599799,2.8979223,84.25432,73.92272,7.5412774,5.7080054
25.0,121.0,2000-01-01,2000-02-03,33,25,15.222198,16.22611,14.217726,80.09184,7.217868,4.8820224,84.66525,75.35928,8.550172,5.713444
23.0,121.0,2000-01-01,2000-02-03,33,25,16.81211,18.833197,15.506862,80.65807,3.3150263,5.050633,85.47806,71.58757,4.16534,2.3694942
25.0,120.0,2000-01-01,2000-02-03,33,25,12.587732,14.120916,11.313375,80.74797,6.872755,4.1659303,86.072365,74.16226,8.016217,5.6946135
25.0,121.0,2000-01-01,2000-02-04,34,25,14.976999,16.0028,14.070939,79.07942,7.1208625,3.0903473,83.387375,74.7712,8.29111,5.66154
23.0,121.0,2000-01-01,2000-02-04,34,25,16.682928,18.754171,15.410123,80.514595,3.294073,3.9430082,85.765495,70.94081,3.923855,2.6498072
23.0,122.0,2000-01-01,2000-02-04,34,25,17.716053,18.8859,16.730177,79.35654,6.390946,4.5426764,83.149376,74.76025,7.458539,5.10017
25.0,120.0,2000-01-01,2000-02-04,34,25,12.396499,13.971227,11.223717,79.6281,6.887672,2.7874603,84.93235,72.70106,7.873894,5.6780934
24.0,121.0,2000-01-01,2000-02-04,34,25,14.784277,16.483479,13.61567,81.67738,5.372044,4.3049464,86.1748,74.26704,6.296316,4.1955714
25.0,122.0,2000-01-01,2000-02-04,34,25,17.002789,17.773531,16.249962,76.36692,8.098083,5.000744,79.575485,73.4797,9.244235,6.7600245
22.0,121.0,2000-01-01,2000-02-04,34,25,20.045889,21.231539,19.156153,77.406364,6.544351,1.9961394,81.61653,71.21829,7.364969,5.7041345
22.0,120.0,2000-01-01,2000-02-04,34,25,19.931402,21.099873,19.088737,77.78906,5.8817654,2.2570646,81.76851,71.07704,6.709047,5.05959
22.0,122.0,2000-01-01,2000-02-04,34,25,21.080967,21.636992,20.415333,76.476845,9.713537,2.5961144,79.78387,73.53458,10.961459,8.375282
24.0,120.0,2000-01-01,2000-02-04,34,25,15.857716,16.777042,15.081007,81.009636,8.673028,1.909012,84.895645,76.44168,9.771116,7.3574395
24.0,122.0,2000-01-01,2000-02-04,34,25,16.830738,17.914825,15.867384,78.83822,6.231105,6.2267876,82.44622,74.88328,7.333333,4.87806
23.0,120.0,2000-01-01,2000-02-04,34,25,17.75747,18.911236,16.953209,79.79125,6.567762,1.5363926,84.268036,73.0436,7.395414,5.637483
24.0,120.0,2000-01-01,2000-02-05,35,25,16.036087,16.914055,15.036198,81.11543,8.69284,2.164755,84.57968,77.18188,10.288011,6.8884907
22.0,120.0,2000-01-01,2000-02-05,35,25,20.02722,21.242495,19.116945,77.440216,5.978148,3.043357,81.412476,71.18629,6.936729,5.131454
22.0,122.0,2000-01-01,2000-02-05,35,25,21.134314,21.648516,20.437756,75.37422,9.122224,2.3132253,78.22464,72.88582,10.789154,7.5327673
24.0,122.0,2000-01-01,2000-02-05,35,25,16.931412,18.034836,15.7923355,78.144615,5.829616,7.873987,82.064804,73.9429,7.042949,4.324844
23.0,120.0,2000-01-01,2000-02-05,35,25,17.916378,19.085108,16.923483,79.445076,6.551576,1.8607999,83.495285,72.99032,7.532233,5.426236
25.0,122.0,2000-01-01,2000-02-05,35,25,17.128777,17.916525,16.159513,75.306175,7.5557375,5.954431,78.71764,72.12814,9.239732,5.77974
24.0,121.0,2000-01-01,2000-02-05,35,25,14.910942,16.65147,13.628868,82.02859,5.2351537,5.7020483,86.602646,74.83865,6.4376135,3.8555975
22.0,121.0,2000-01-01,2000-02-05,35,25,20.140917,21.34056,19.166046,76.59746,6.106555,2.2242653,80.803795,70.46294,7.259425,5.115689
25.0,120.0,2000-01-01,2000-02-05,35,25,12.606825,14.240157,11.220075,79.49005,7.0287533,2.3345852,84.934906,72.28281,8.363594,5.57494
23.0,122.0,2000-01-01,2000-02-05,35,25,17.781702,18.903517,16.749533,78.90517,6.110735,5.5015492,82.34499,74.49595,7.3592668,4.807181
23.0,121.0,2000-01-01,2000-02-05,35,25,16.78998,18.923273,15.445099,80.38565,3.1581733,5.411216,85.47953,70.77745,3.9248517,2.3621678
25.0,121.0,2000-01-01,2000-02-05,35,25,15.128897,16.13212,13.989557,78.96657,7.223619,3.7956142,82.95519,74.95081,8.576339,5.5403566
25.0,121.0,2000-01-01,2000-02-06,36,25,14.46592,15.417355,13.576944,76.35593,7.7933016,2.8891559,81.5351,71.85461,8.7326565,6.572752
25.0,120.0,2000-01-01,2000-02-06,36,25,12.164895,13.809338,11.042829,77.63088,7.449131,1.8151442,83.38455,70.457924,8.334574,6.362177
23.0,122.0,2000-01-01,2000-02-06,36,25,17.189909,18.252882,16.23269,79.26045,6.49139,7.8064504,83.385124,74.92366,7.794768,4.927083
23.0,121.0,2000-01-01,2000-02-06,36,25,16.224241,18.13499,15.001632,80.614265,3.3252726,7.03039,85.733025,71.89515,4.1092296,2.4247732
22.0,122.0,2000-01-01,2000-02-06,36,25,20.60163,21.202784,19.91403,75.918846,9.510076,5.149743,80.00087,72.19623,11.186505,7.711537
22.0,121.0,2000-01-01,2000-02-06,36,25,19.634182,20.783081,18.706758,77.02904,6.25744,4.371089,81.71573,71.11804,7.3671727,5.1187053
22.0,120.0,2000-01-01,2000-02-06,36,25,19.52481,20.71084,18.61051,77.54657,6.0528646,5.1972003,82.296555,71.413124,7.0466824,5.0122237
24.0,120.0,2000-01-01,2000-02-06,36,25,15.47419,16.432516,14.686012,79.24457,9.257929,1.9867511,83.30651,74.75317,10.319091,7.7327857
23.0,120.0,2000-01-01,2000-02-06,36,25,17.389538,18.504835,16.602697,78.72049,6.866754,2.9063983,83.20797,72.72367,7.7407007,5.8783746
24.0,122.0,2000-01-01,2000-02-06,36,25,16.189539,17.295778,15.223751,78.2139,6.2052135,8.589685,82.77542,73.54584,7.4005885,4.52572
25.0,122.0,2000-01-01,2000-02-06,36,25,16.32552,17.124426,15.533004,73.75567,8.364765,5.3731313,78.60748,69.092636,9.793977,6.6321564
24.0,121.0,2000-01-01,2000-02-06,36,25,14.310617,16.008244,13.2151575,81.090164,5.664889,6.090142,85.67856,74.0323,6.651578,4.3488355
23.0,122.0,2000-01-01,2000-02-07,37,25,16.79495,17.73635,15.927731,76.83397,6.202402,5.9968696,80.407,72.339676,7.208039,5.2412176
23.0,121.0,2000-01-01,2000-02-07,37,25,15.873341,17.645256,14.7443075,79.4687,3.0195649,5.5635195,84.03409,70.96171,3.7199628,2.4527228
25.0,121.0,2000-01-01,2000-02-07,37,25,14.558186,15.445709,13.728615,75.3947,6.917636,1.8925592,79.42274,70.89189,8.030976,5.7153378
25.0,120.0,2000-01-01,2000-02-07,37,25,12.130725,13.659518,11.14942,77.1218,6.9280066,1.1726493,82.30779,69.474884,8.073128,5.8277698
22.0,121.0,2000-01-01,2000-02-07,37,25,19.290215,20.206993,18.499205,75.46267,6.2622066,2.876446,79.710075,70.296585,7.4236355,5.34632
22.0,122.0,2000-01-01,2000-02-07,37,25,20.21323,20.67898,19.65644,73.13956,9.477877,3.3105586,76.91705,70.07991,10.899161,8.234862
24.0,120.0,2000-01-01,2000-02-07,37,25,15.3911495,16.175617,14.740172,78.43656,8.608914,1.5879929,81.5898,74.083305,9.664909,7.412283
22.0,120.0,2000-01-01,2000-02-07,37,25,19.273767,20.247139,18.520676,76.274155,5.723645,3.6448789,80.29992,70.75273,6.93854,4.7888093
25.0,122.0,2000-01-01,2000-02-07,37,25,16.416937,17.055363,15.706554,71.645645,7.334893,4.0684648,74.91277,68.46175,8.670704,6.0943255
24.0,121.0,2000-01-01,2000-02-07,37,25,14.071491,15.655382,13.083224,80.25779,5.128206,4.8785534,84.45926,72.853676,5.947069,4.213951
23.0,120.0,2000-01-01,2000-02-07,37,25,17.195456,18.109337,16.526686,77.63523,6.3913784,2.2596853,81.364044,72.22227,7.1376967,5.613704
24.0,122.0,2000-01-01,2000-02-07,37,25,15.949877,16.786402,15.089181,76.070145,5.669239,7.0652876,79.20744,72.10062,6.713168,4.5278254
22.0,122.0,2000-01-01,2000-02-08,38,25,20.64963,21.184107,19.983517,73.47271,8.614201,5.2810216,78.59028,69.66604,10.2563305,7.0370483
24.0,121.0,2000-01-01,2000-02-08,38,25,14.30239,15.741794,13.261134,81.10336,4.6805196,7.431595,85.88289,73.971565,5.6121383,3.49414
25.0,121.0,2000-01-01,2000-02-08,38,25,14.799717,15.674176,13.969538,76.92309,6.9157605,6.031449,81.728584,72.149376,7.9985576,5.6663127
24.0,122.0,2000-01-01,2000-02-08,38,25,16.364775,17.30612,15.297482,77.165306,5.60122,9.16484,81.68045,72.2555,6.8838477,4.0842834
24.0,120.0,2000-01-01,2000-02-08,38,25,15.616458,16.415918,14.991432,79.13313,8.103976,5.3690643,83.330315,74.51601,9.384744,6.705109
25.0,122.0,2000-01-01,2000-02-08,38,25,16.84103,17.589064,16.015064,73.21504,7.566443,7.751569,77.059654,69.60438,9.059644,6.0441723
22.0,121.0,2000-01-01,2000-02-08,38,25,19.550743,20.540752,18.70133,75.47276,5.92209,4.6102443,80.579704,69.41262,7.0645814,4.835187
23.0,122.0,2000-01-01,2000-02-08,38,25,17.185173,18.13922,16.19395,77.687965,5.6254354,8.091994,82.46201,72.8795,6.948285,4.2157626
23.0,120.0,2000-01-01,2000-02-08,38,25,17.405155,18.358463,16.646368,77.96321,6.1824646,5.3443446,82.31247,72.30489,7.0930953,5.134735
25.0,120.0,2000-01-01,2000-02-08,38,25,12.253351,13.697819,11.207403,78.39569,6.6919928,5.5576677,84.405975,70.907036,7.605058,5.5592256
23.0,121.0,2000-01-01,2000-02-08,38,25,16.088478,17.759558,14.897472,79.97683,3.080492,7.420609,85.378586,71.39069,3.8467019,2.2380633
22.0,120.0,2000-01-01,2000-02-08,38,25,19.497095,20.55629,18.601255,76.37683,5.9119697,5.6283107,81.469055,70.12211,6.9711475,4.697528
24.0,120.0,2000-01-01,2000-02-09,39,25,15.965306,16.72651,15.380519,79.7762,7.742048,1.9253213,83.00345,75.36284,8.809144,6.5454082
25.0,121.0,2000-01-01,2000-02-09,39,25,15.1199465,15.959284,14.353336,78.49951,6.644992,3.3286724,82.76216,74.31634,7.7022204,5.4221797
24.0,121.0,2000-01-01,2000-02-09,39,25,14.656957,16.274635,13.667428,82.05742,4.551619,5.5459266,86.43355,74.986374,5.338809,3.5588753
22.0,122.0,2000-01-01,2000-02-09,39,25,20.864197,21.282965,20.342897,76.39987,8.640363,3.7455423,79.77305,72.882965,10.065285,6.9654565
23.0,122.0,2000-01-01,2000-02-09,39,25,17.48987,18.51481,16.679977,79.6584,5.565962,6.7265,83.36242,75.08723,6.690827,4.449786
22.0,121.0,2000-01-01,2000-02-09,39,25,19.80053,20.917662,18.928068,77.807755,5.81946,2.9656658,82.43805,71.465775,6.7959914,4.8688893
24.0,122.0,2000-01-01,2000-02-09,39,25,16.690985,17.580553,15.991681,78.79825,5.5996027,9.387631,81.981384,74.88657,6.777473,4.2886515
25.0,122.0,2000-01-01,2000-02-09,39,25,17.133245,17.665695,16.529762,75.41426,7.601449,7.1436753,78.36423,72.256546,9.0522585,5.973535
23.0,121.0,2000-01-01,2000-02-09,39,25,16.42839,18.340391,15.230617,81.301094,2.8312173,5.947538,86.44995,72.22725,3.572613,2.0903897
25.0,120.0,2000-01-01,2000-02-09,39,25,12.6670475,14.305089,11.578141,79.63872,6.267907,2.175107,85.250175,71.626274,7.2145925,5.2239203
22.0,120.0,2000-01-01,2000-02-09,39,25,19.753183,20.918144,18.970377,77.87977,5.5968843,3.0711038,82.3231,71.32702,6.4852247,4.677159
23.0,120.0,2000-01-01,2000-02-09,39,25,17.739439,18.797438,17.033228,78.949104,5.8352437,2.308317,82.88742,72.8426,6.6417394,5.0552526
24.0,120.0,2000-01-01,2000-02-10,40,25,16.587473,17.502821,15.792882,81.58468,7.0629854,2.9678724,86.14124,76.47786,8.150357,5.784716
25.0,122.0,2000-01-01,2000-02-10,40,25,17.785856,18.404852,16.98069,76.68967,6.6693425,5.976601,79.88389,73.298775,8.137997,5.3225765
22.0,121.0,2000-01-01,2000-02-10,40,25,20.327568,21.366972,19.422432,78.45345,5.336103,2.7672193,83.00681,72.46302,6.5469093,4.1794586
25.0,120.0,2000-01-01,2000-02-10,40,25,13.249143,14.957047,12.011432,81.82538,5.8362164,3.0534737,87.91191,73.84895,6.998087,4.586496
25.0,121.0,2000-01-01,2000-02-10,40,25,15.724404,16.667112,14.795094,80.2665,6.051045,3.8316717,85.2251,74.743256,7.3815517,4.6656303
24.0,122.0,2000-01-01,2000-02-10,40,25,17.47229,18.525606,16.448952,79.102394,5.1555824,7.6344686,82.87208,74.374664,6.4536657,3.7663574
24.0,121.0,2000-01-01,2000-02-10,40,25,15.389946,17.11537,14.224313,82.89501,4.1606464,5.477334,88.08208,75.26709,5.081878,3.1382153
22.0,122.0,2000-01-01,2000-02-10,40,25,21.350496,21.820297,20.757519,76.96083,7.6882763,3.539315,80.283295,73.99928,9.614057,5.873993
22.0,120.0,2000-01-01,2000-02-10,40,25,20.349468,21.436373,19.472233,78.418076,5.533306,2.6510987,82.965126,72.064995,6.489319,4.479129
23.0,120.0,2000-01-01,2000-02-10,40,25,18.322617,19.407152,17.468443,80.28157,5.4357214,2.6083753,84.781105,73.753296,6.293496,4.5952706
23.0,122.0,2000-01-01,2000-02-10,40,25,18.144014,19.195944,17.18134,79.86137,5.0204234,5.899851,83.432755,75.025444,6.3074856,3.5833824
23.0,121.0,2000-01-01,2000-02-10,40,25,17.123003,19.07477,15.835245,81.60204,2.6797626,5.1306543,86.8947,72.26097,3.5077777,1.9030409
22.0,121.0,2000-01-01,2000-02-11,41,25,20.652292,21.883438,19.6863,78.886475,5.2714076,2.3679447,83.49816,72.63827,6.6227193,4.0458956
25.0,122.0,2000-01-01,2000-02-11,41,25,17.82288,18.609259,16.963713,77.471825,7.35776,7.0597167,81.1433,73.99105,8.720839,5.6723537
24.0,122.0,2000-01-01,2000-02-11,41,25,17.670637,18.764366,16.64839,79.87769,5.6391563,8.032468,83.64737,75.52274,6.909723,4.008971
24.0,121.0,2000-01-01,2000-02-11,41,25,15.534252,17.35,14.209991,83.565575,4.6359477,5.440453,88.3121,76.32085,5.694447,3.385535
25.0,121.0,2000-01-01,2000-02-11,41,25,15.707206,16.86256,14.663649,81.00022,6.9090867,4.485406,85.56142,76.187874,8.196328,5.3105664
22.0,122.0,2000-01-01,2000-02-11,41,25,21.62813,22.110512,20.960981,77.55396,7.736034,3.2643967,81.08547,73.87437,9.843945,5.847166
23.0,121.0,2000-01-01,2000-02-11,41,25,17.44103,19.547243,16.061779,82.244316,2.7851658,4.9260783,87.762184,72.75028,3.550079,1.9186461
25.0,120.0,2000-01-01,2000-02-11,41,25,13.226816,14.94025,11.934073,82.480865,6.6223617,3.263484,87.56197,75.5087,7.807951,5.3231373
23.0,122.0,2000-01-01,2000-02-11,41,25,18.414892,19.470251,17.426832,80.63422,5.216321,5.823142,84.28712,76.304504,6.6593804,3.6521332
22.0,120.0,2000-01-01,2000-02-11,41,25,20.59144,21.873764,19.67949,79.37425,5.3378925,2.4453077,84.16163,72.7845,6.2648396,4.272246
23.0,120.0,2000-01-01,2000-02-11,41,25,18.485697,19.803658,17.579,81.416336,5.8512163,2.0206552,85.766045,74.52383,6.777204,4.77219
24.0,120.0,2000-01-01,2000-02-11,41,25,16.577576,17.593615,15.696852,82.76702,7.926088,2.5449462,86.56215,78.23351,9.21402,6.4673796
23.0,121.0,2000-01-01,2000-02-12,42,25,16.962797,19.115246,15.50633,82.15567,3.1049416,5.454368,87.26081,72.980934,3.9305613,2.1880798
25.0,120.0,2000-01-01,2000-02-12,42,25,12.6456,14.065729,11.489596,80.330666,7.4165077,3.094291,85.07759,74.14161,8.713139,6.0738816
24.0,122.0,2000-01-01,2000-02-12,42,25,16.912031,18.169226,15.752769,80.47302,6.039819,8.62072,84.06258,75.98241,7.534075,4.293936
24.0,120.0,2000-01-01,2000-02-12,42,25,16.092253,17.046608,15.225997,82.36501,8.81865,2.8666303,85.41297,78.38875,10.393006,7.135441
22.0,120.0,2000-01-01,2000-02-12,42,25,20.207037,21.45936,19.245333,79.33113,5.4877496,2.5295641,84.31089,72.70775,6.345862,4.464176
25.0,122.0,2000-01-01,2000-02-12,42,25,16.852869,17.60838,15.938834,77.58646,8.215916,6.708337,80.59132,74.648895,9.949418,6.3545723
23.0,120.0,2000-01-01,2000-02-12,42,25,18.05099,19.32233,17.143757,81.3002,6.3876247,2.3081577,85.61372,74.85488,7.512923,5.119368
23.0,122.0,2000-01-01,2000-02-12,42,25,17.91788,19.105953,16.823072,80.06935,5.830931,6.1759562,84.13584,75.20437,7.0438275,4.363034
24.0,121.0,2000-01-01,2000-02-12,42,25,15.005502,16.751867,13.7806015,83.18831,5.255909,5.9991055,87.118065,76.55912,6.6252227,3.9672163
25.0,121.0,2000-01-01,2000-02-12,42,25,14.96544,15.913785,13.971012,80.14371,7.7041173,4.099388,83.945564,76.59089,9.063203,6.1355743
22.0,122.0,2000-01-01,2000-02-12,42,25,21.21648,21.792608,20.479729,76.63516,8.574491,3.0553815,80.31926,73.286835,10.238008,6.864624
22.0,121.0,2000-01-01,2000-02-12,42,25,20.259783,21.520615,19.206612,78.447975,5.6690607,2.3308942,83.0164,72.3555,6.7835145,4.51264
22.0,122.0,2000-01-01,2000-02-13,43,25,20.581972,21.086601,19.943584,76.650345,9.250236,4.713631,80.60121,73.39255,11.121819,7.254061
24.0,122.0,2000-01-01,2000-02-13,43,25,16.237104,17.13527,15.318419,79.21187,6.1580176,8.441806,82.744934,75.764565,7.458601,4.663046
24.0,120.0,2000-01-01,2000-02-13,43,25,15.697989,16.48864,15.060368,81.212135,9.53859,1.8773266,84.5242,77.05027,10.688724,8.216803
22.0,121.0,2000-01-01,2000-02-13,43,25,19.716623,20.785303,18.788927,77.92022,6.244912,2.9245367,81.77401,72.85579,7.5868926,4.997914
22.0,120.0,2000-01-01,2000-02-13,43,25,19.74589,20.853785,18.880949,78.36144,6.1131372,2.597693,82.29874,73.10605,6.990668,5.235227
25.0,120.0,2000-01-01,2000-02-13,43,25,12.100995,13.289474,11.251754,78.86513,7.972307,1.7715818,83.68258,73.19775,8.861942,6.9328246
25.0,121.0,2000-01-01,2000-02-13,43,25,14.554743,15.339962,13.815822,78.59093,8.24547,3.1433458,82.28628,74.682434,9.306262,6.8911195
24.0,121.0,2000-01-01,2000-02-13,43,25,14.485552,15.94842,13.484933,82.19921,5.7900634,5.2298374,86.00791,76.55493,6.76915,4.6099215
25.0,122.0,2000-01-01,2000-02-13,43,25,16.288206,16.947525,15.586769,75.81959,8.515163,6.3327394,78.86589,72.42973,9.862816,6.983328
23.0,120.0,2000-01-01,2000-02-13,43,25,17.585798,18.62771,16.765495,80.13141,6.9830666,1.8330771,83.71429,75.02346,7.8396816,6.066731
23.0,121.0,2000-01-01,2000-02-13,43,25,16.371143,18.173376,15.145807,81.10829,3.381073,5.2013025,85.390686,73.90514,4.2486296,2.5892603
23.0,122.0,2000-01-01,2000-02-13,43,25,17.235195,18.151773,16.301916,79.63152,6.213454,6.9816985,83.19818,75.7964,7.616692,4.7472334
24.0,120.0,2000-01-01,2000-02-14,44,25,15.969375,16.757072,15.255182,80.362366,9.031387,1.1427798,83.44014,76.37457,9.927625,7.9368353
22.0,121.0,2000-01-01,2000-02-14,44,25,19.788336,20.735073,19.032007,76.59413,6.0226855,1.7647276,80.19388,71.40619,7.025796,5.129571
23.0,121.0,2000-01-01,2000-02-14,44,25,16.407524,18.114286,15.262081,80.98703,3.0071206,4.6342955,85.80727,72.94126,3.611375,2.453203
22.0,120.0,2000-01-01,2000-02-14,44,25,19.738073,20.723911,19.027506,77.61661,5.8732176,2.078296,81.59513,72.21638,6.8088493,4.980067
23.0,120.0,2000-01-01,2000-02-14,44,25,17.642595,18.586,16.900318,79.7227,6.5626225,1.4319332,83.46278,74.38252,7.1988683,5.8971434
25.0,120.0,2000-01-01,2000-02-14,44,25,12.377486,13.66899,11.395343,79.23724,7.4017553,1.3496894,84.14918,72.71314,8.219832,6.414032
25.0,122.0,2000-01-01,2000-02-14,44,25,16.935549,17.55422,16.213081,75.707,7.8695817,5.9699016,78.62973,72.72083,9.032441,6.6489825
23.0,122.0,2000-01-01,2000-02-14,44,25,17.455929,18.388765,16.609396,78.14572,5.725305,5.300647,81.21499,73.950356,6.780755,4.74425
25.0,121.0,2000-01-01,2000-02-14,44,25,15.089736,15.909542,14.245938,78.432755,7.796187,2.9228714,82.091,74.25444,8.779645,6.701222
24.0,122.0,2000-01-01,2000-02-14,44,25,16.601557,17.476377,15.696506,78.71264,5.6811676,7.395835,82.081955,74.80502,6.65228,4.6666603
24.0,121.0,2000-01-01,2000-02-14,44,25,14.7361355,16.196375,13.696691,81.62283,5.361576,4.333851,85.54412,75.049164,6.1443834,4.42272
22.0,122.0,2000-01-01,2000-02-14,44,25,20.8387,21.31101,20.295425,74.11743,8.845184,2.4344354,76.3841,71.869896,10.304047,7.4509478
24.0,122.0,2000-01-01,2000-02-15,45,25,16.994074,18.001818,16.2107,77.762726,5.56555,6.6521745,81.7449,73.25373,6.998055,4.0158143
25.0,121.0,2000-01-01,2000-02-15,45,25,15.407475,16.359512,14.690543,79.25269,6.548503,3.2445853,82.968956,74.745674,7.6518555,5.3172374
22.0,122.0,2000-01-01,2000-02-15,45,25,21.103157,21.628334,20.563848,73.10424,8.204577,2.0142689,76.86533,69.81241,9.733437,6.6453567
24.0,121.0,2000-01-01,2000-02-15,45,25,15.025745,16.693287,14.0558605,81.89595,4.415216,4.426378,86.39276,74.705414,5.54371,3.2834842
23.0,122.0,2000-01-01,2000-02-15,45,25,17.788563,18.825235,16.951202,77.42321,5.3164897,4.5859838,81.80777,72.49799,6.4911323,4.0957375
25.0,122.0,2000-01-01,2000-02-15,45,25,17.355782,17.841114,16.791857,75.344315,7.603256,5.4578676,78.70328,72.29949,9.0389185,6.0200152
22.0,120.0,2000-01-01,2000-02-15,45,25,20.038685,21.350313,19.151173,76.76931,6.124531,1.4593058,81.68248,69.809006,7.128702,5.154059
23.0,121.0,2000-01-01,2000-02-15,45,25,16.774834,18.87397,15.602599,80.24146,2.9388518,4.0517735,85.98735,70.28176,3.7906702,2.1841333
25.0,120.0,2000-01-01,2000-02-15,45,25,12.790384,14.21127,11.864113,80.77763,6.331946,2.0475657,85.71031,74.31897,7.3774714,4.9799085
23.0,120.0,2000-01-01,2000-02-15,45,25,17.94921,19.215895,17.14926,79.40525,5.8034844,1.289933,84.10051,72.45166,6.7368345,4.7487288
22.0,121.0,2000-01-01,2000-02-15,45,25,20.087685,21.280415,19.269825,75.539215,5.7531157,1.4794475,80.32525,69.2062,6.7847447,4.680583
24.0,120.0,2000-01-01,2000-02-15,45,25,16.198105,17.111885,15.518161,81.08059,7.5973682,1.6755344,84.60727,76.659004,8.7650175,6.114613
22.0,120.0,2000-01-01,2000-02-16,46,25,20.07712,21.211924,19.24317,77.689674,5.9244337,2.4091928,82.32951,71.398605,6.9559135,4.859907
23.0,121.0,2000-01-01,2000-02-16,46,25,16.781342,18.797565,15.513956,81.3422,3.0709426,5.693799,86.4924,72.27477,3.7868443,2.3197505
23.0,120.0,2000-01-01,2000-02-16,46,25,18.15422,19.30985,17.303146,79.67309,5.7771473,2.6130483,84.19078,73.27765,6.588565,4.9179606
25.0,121.0,2000-01-01,2000-02-16,46,25,15.491558,16.46374,14.677618,79.28984,6.108504,3.24812,83.383934,74.452736,7.351923,4.753687
22.0,121.0,2000-01-01,2000-02-16,46,25,20.114841,21.278671,19.182028,77.00656,5.782338,2.0229924,81.368744,70.875336,6.748075,4.859796
24.0,120.0,2000-01-01,2000-02-16,46,25,16.436321,17.31647,15.691856,80.52444,7.2960505,2.5517085,84.43584,75.67751,8.3746395,6.103384
25.0,122.0,2000-01-01,2000-02-16,46,25,17.423351,18.004225,16.7115,75.88184,7.3017664,5.420057,79.08546,73.22022,8.763086,5.778204
23.0,122.0,2000-01-01,2000-02-16,46,25,17.76628,18.794987,16.781897,78.65562,5.5005426,5.836467,82.25729,74.37559,6.669593,4.2763724
24.0,122.0,2000-01-01,2000-02-16,46,25,17.018408,18.020731,16.04756,78.5693,5.83803,7.800733,82.01004,74.70779,6.9093127,4.5619307
24.0,121.0,2000-01-01,2000-02-16,46,25,15.066516,16.761715,13.962985,82.179436,4.4631906,5.6190295,86.31739,75.231575,5.37018,3.4523063
22.0,122.0,2000-01-01,2000-02-16,46,25,21.101479,21.65974,20.410368,74.67016,8.251864,2.164746,78.10988,72.03142,9.769703,6.858537
25.0,120.0,2000-01-01,2000-02-16,46,25,13.2017565,14.962985,12.017242,80.69269,5.7435484,2.5829892,86.47859,72.700226,6.5923266,4.758118
25.0,121.0,2000-01-01,2000-02-17,47,25,15.284987,16.440058,14.322598,77.0645,6.826701,4.579824,81.910255,72.04184,8.16295,5.0776234
22.0,122.0,2000-01-01,2000-02-17,47,25,20.909945,21.37315,20.389885,76.18455,8.464355,5.092977,79.89553,72.914024,10.179702,6.635889
24.0,121.0,2000-01-01,2000-02-17,47,25,15.018291,16.660385,13.964899,81.62951,4.9455323,7.201283,86.09012,75.20682,6.1135087,3.5302422
24.0,122.0,2000-01-01,2000-02-17,47,25,16.816727,17.851418,15.877247,78.412766,5.76062,9.063618,82.33639,74.05893,7.225483,4.0331936
23.0,122.0,2000-01-01,2000-02-17,47,25,17.644081,18.658371,16.81966,79.47195,5.75836,7.4968457,83.28946,75.3086,7.1651325,4.3662143
22.0,121.0,2000-01-01,2000-02-17,47,25,20.02508,21.15936,19.19046,77.77031,5.7515235,4.7948194,82.28012,72.233246,6.9912977,4.5084553
24.0,120.0,2000-01-01,2000-02-17,47,25,16.414534,17.414793,15.552291,79.71967,8.060512,4.4379177,83.69539,75.06673,9.469627,6.176947
25.0,122.0,2000-01-01,2000-02-17,47,25,17.06463,17.915014,16.211237,74.16406,7.370011,6.4345274,78.33239,70.0932,8.975668,5.2258277
25.0,120.0,2000-01-01,2000-02-17,47,25,12.98896,14.716251,11.733293,79.754326,6.4413953,3.740285,85.41951,72.33738,7.7202544,4.8193245
23.0,120.0,2000-01-01,2000-02-17,47,25,18.159956,19.326744,17.273615,79.344894,6.121883,4.4231157,83.722244,73.62403,7.222543,4.838022
23.0,121.0,2000-01-01,2000-02-17,47,25,16.760693,18.724571,15.556129,81.30791,3.0859811,7.1962476,86.50843,73.04643,4.1116467,2.0785487
22.0,120.0,2000-01-01,2000-02-17,47,25,20.04337,21.183872,19.131739,78.29745,5.6100945,5.2487683,83.24007,72.37224,6.606345,4.473098
25.0,122.0,2000-01-01,2000-02-18,48,25,17.185255,17.997633,16.2619,72.3741,6.5822773,3.4960237,76.23869,68.61223,7.9867234,5.1819005
24.0,121.0,2000-01-01,2000-02-18,48,25,14.899601,16.41574,13.853,80.684845,4.52658,3.9170117,85.50843,73.49294,5.591474,3.1675286
22.0,120.0,2000-01-01,2000-02-18,48,25,19.962025,21.039394,19.22033,76.693245,5.3360267,1.7409561,80.97867,70.83452,6.438411,4.2950883
23.0,121.0,2000-01-01,2000-02-18,48,25,16.59897,18.4586,15.523609,79.76711,2.7183685,3.661427,84.90956,70.85683,3.425972,2.0809875
24.0,122.0,2000-01-01,2000-02-18,48,25,16.71196,17.618874,15.807853,76.298515,5.11235,5.298695,80.48814,71.94735,6.313736,3.751666
23.0,120.0,2000-01-01,2000-02-18,48,25,18.025585,19.089226,17.262222,77.90664,5.6486387,0.98946214,81.97585,71.84498,6.6957164,4.5874715
25.0,120.0,2000-01-01,2000-02-18,48,25,12.918307,14.5462265,11.797755,78.91443,6.3525586,2.1270173,84.42244,70.92567,7.5988426,4.764844
24.0,120.0,2000-01-01,2000-02-18,48,25,16.32304,17.093292,15.538444,78.87876,7.7421846,1.2557396,82.67099,73.93869,9.224466,5.791604
22.0,121.0,2000-01-01,2000-02-18,48,25,19.860977,20.923424,19.104733,76.07254,5.618129,1.5024621,80.36746,70.103485,6.7130766,4.623128
25.0,121.0,2000-01-01,2000-02-18,48,25,15.391975,16.435299,14.323141,76.381714,6.380449,2.123187,81.07397,71.42197,7.6212373,4.783112
22.0,122.0,2000-01-01,2000-02-18,48,25,20.703808,21.126421,20.15545,74.10295,8.3939495,1.9876893,77.7847,71.1995,10.029179,6.8665395
23.0,122.0,2000-01-01,2000-02-18,48,25,17.440798,18.41508,16.620964,77.51464,5.4991417,4.144369,81.48025,72.40281,6.7165523,4.138474
23.0,121.0,2000-01-01,2000-02-19,49,25,16.846708,18.874979,15.595738,79.605316,2.6336813,4.1386495,85.355194,69.69321,3.3476179,1.9078947
24.0,121.0,2000-01-01,2000-02-19,49,25,15.20514,16.830431,14.203068,81.403984,4.0628877,4.1920543,86.420906,73.553406,4.960026,2.959867
24.0,122.0,2000-01-01,2000-02-19,49,25,17.054058,18.059782,16.118546,76.45566,5.1526294,5.883797,80.405655,71.626595,6.3448596,3.8842516
25.0,120.0,2000-01-01,2000-02-19,49,25,13.303584,14.93222,12.22694,80.243225,5.7807436,2.3836215,85.96278,72.63577,7.00313,4.415167
23.0,120.0,2000-01-01,2000-02-19,49,25,18.299837,19.395832,17.583858,78.322685,5.3224516,1.9491675,82.58839,71.837395,6.249809,4.455921
23.0,122.0,2000-01-01,2000-02-19,49,25,17.659119,18.694078,16.72819,77.970825,5.221141,4.642495,81.86919,72.89157,6.2548676,3.9683807
25.0,121.0,2000-01-01,2000-02-19,49,25,15.807758,16.686827,15.011227,78.24612,5.6715846,2.6632788,82.60466,73.71553,7.1055818,4.1689653
22.0,121.0,2000-01-01,2000-02-19,49,25,20.090193,21.15958,19.265915,76.06236,5.502217,1.8232827,80.478264,70.019684,6.6881924,4.4498777
24.0,120.0,2000-01-01,2000-02-19,49,25,16.654518,17.404055,16.066988,80.12997,6.988397,2.0091639,83.54,75.63394,8.191429,5.464955
22.0,120.0,2000-01-01,2000-02-19,49,25,20.256344,21.375444,19.471275,76.261765,5.469797,2.235118,80.87498,69.71503,6.4889154,4.547024
22.0,122.0,2000-01-01,2000-02-19,49,25,20.903437,21.390396,20.325377,74.71677,8.215651,2.3306446,77.72608,72.01894,9.712513,6.5540133
25.0,122.0,2000-01-01,2000-02-19,49,25,17.637676,18.22552,16.97588,73.61533,6.7771263,4.3443456,77.15742,70.67682,8.373615,5.201663
25.0,120.0,2000-01-01,2000-02-20,50,25,13.61188,15.399366,12.392745,80.87175,6.3165193,2.2962694,86.098236,73.32794,7.797919,4.9777565
24.0,122.0,2000-01-01,2000-02-20,50,25,17.197338,18.259375,16.214602,77.95731,5.2248187,6.7698402,81.46806,73.73499,6.432539,3.9101257
24.0,120.0,2000-01-01,2000-02-20,50,25,17.036457,18.013956,16.277359,80.7863,7.397254,2.0271037,84.4708,76.085594,8.985441,5.950485
23.0,121.0,2000-01-01,2000-02-20,50,25,17.018852,19.019327,15.829777,81.10873,2.6649177,5.0176744,86.07121,71.76458,3.3469028,1.9958797
24.0,121.0,2000-01-01,2000-02-20,50,25,15.52019,17.29872,14.421144,82.331856,4.470833,5.077336,86.77244,74.79502,5.665905,3.3314984
23.0,120.0,2000-01-01,2000-02-20,50,25,18.538982,19.734207,17.74651,79.5653,5.429877,1.9584403,83.87626,73.025604,6.469232,4.5416055
25.0,122.0,2000-01-01,2000-02-20,50,25,17.646357,18.312601,16.867271,74.802574,7.206524,4.8168664,78.09534,71.81542,8.747976,5.4390855
23.0,122.0,2000-01-01,2000-02-20,50,25,17.938879,19.003319,17.056252,78.66201,5.1947,5.2850075,82.443214,74.145294,6.4474516,4.0464005
22.0,120.0,2000-01-01,2000-02-20,50,25,20.399128,21.550528,19.60732,77.41663,5.2546406,2.4926496,81.53276,71.29634,6.192295,4.3783875
25.0,121.0,2000-01-01,2000-02-20,50,25,15.987424,17.02795,15.059615,78.89246,6.54245,3.1313827,82.95926,74.48876,7.969254,5.1665325
22.0,122.0,2000-01-01,2000-02-20,50,25,21.152843,21.619156,20.617369,75.18952,8.040982,2.3101542,78.38218,72.412094,9.422394,6.7521405
22.0,121.0,2000-01-01,2000-02-20,50,25,20.231636,21.30671,19.46591,77.25659,5.416974,2.0414474,81.41806,71.73128,6.3738956,4.6006684
25.0,121.0,2000-01-01,2000-02-21,51,25,15.78769,16.73359,15.000084,78.47965,6.835353,4.1777625,82.45187,73.82132,7.8121796,5.6020494
22.0,120.0,2000-01-01,2000-02-21,51,25,20.326164,21.385836,19.551798,77.85161,5.565017,4.121305,82.28582,71.74555,6.6541443,4.415931
22.0,121.0,2000-01-01,2000-02-21,51,25,20.236784,21.270401,19.467663,77.097824,5.516518,2.988797,81.550186,71.20401,6.6702943,4.256092
25.0,122.0,2000-01-01,2000-02-21,51,25,17.465399,18.079887,16.851599,74.5269,7.4901576,6.1492023,77.86319,71.42549,8.765365,6.0383544
23.0,122.0,2000-01-01,2000-02-21,51,25,17.864607,18.811699,17.03324,78.47863,5.2645574,6.415771,82.55344,73.81265,6.534795,3.8874993
23.0,120.0,2000-01-01,2000-02-21,51,25,18.354164,19.444992,17.647892,79.92609,5.8296576,3.6731548,84.029205,73.624344,6.7946672,4.74216
24.0,120.0,2000-01-01,2000-02-21,51,25,16.737988,17.642052,16.037413,80.91309,7.8201776,3.8931854,84.69392,75.74966,9.004606,6.391724
24.0,122.0,2000-01-01,2000-02-21,51,25,17.067636,18.02598,16.2367,77.99306,5.3580046,8.545597,81.92326,73.76972,6.5389104,4.0466456
23.0,121.0,2000-01-01,2000-02-21,51,25,16.984776,18.84995,15.824708,81.25448,2.8592334,6.3507676,86.04908,72.47624,3.6021585,2.0193605
24.0,121.0,2000-01-01,2000-02-21,51,25,15.371599,17.008818,14.339513,82.25557,4.7177076,6.565002,86.475296,75.09783,5.657196,3.5496645
22.0,122.0,2000-01-01,2000-02-21,51,25,21.117643,21.555435,20.615776,74.66497,8.055428,3.0498333,78.495766,71.44712,9.766184,6.258194
25.0,120.0,2000-01-01,2000-02-21,51,25,13.372205,14.92838,12.323204,80.92117,6.5795503,3.4264197,86.171524,73.76711,7.710558,5.221737
22.0,120.0,2000-01-01,2000-02-22,52,25,20.166122,21.250595,19.331612,77.8869,5.504351,6.40085,82.21252,72.173,6.4682937,4.5705714
22.0,121.0,2000-01-01,2000-02-22,52,25,20.040213,21.075014,19.207481,77.97426,5.7028866,5.9244714,82.178024,72.452965,6.883068,4.657632
24.0,121.0,2000-01-01,2000-02-22,52,25,15.075117,16.675133,14.0973015,82.11006,4.6419797,8.029422,86.4779,75.45331,5.5716376,3.6104658
24.0,122.0,2000-01-01,2000-02-22,52,25,16.857971,17.79007,16.006916,78.821205,5.5385118,9.709567,82.64362,74.73358,6.5476503,4.3328886
22.0,122.0,2000-01-01,2000-02-22,52,25,20.910156,21.384306,20.391949,76.4156,8.479838,5.9188247,79.498245,73.47261,10.1090355,6.790805
25.0,120.0,2000-01-01,2000-02-22,52,25,13.281795,14.788561,12.333556,80.462746,6.2754893,4.1182075,85.918655,72.94788,7.437287,5.1938148
23.0,122.0,2000-01-01,2000-02-22,52,25,17.614656,18.632462,16.76357,79.41541,5.6343904,8.213595,82.88483,74.946625,6.725677,4.3950257
23.0,121.0,2000-01-01,2000-02-22,52,25,16.745966,18.664288,15.474034,81.231804,2.8696418,8.21802,86.50046,72.58849,3.52372,2.2093825
23.0,120.0,2000-01-01,2000-02-22,52,25,18.242018,19.28457,17.50443,79.31985,5.938235,5.12964,84.11177,73.51693,6.6806145,5.092079
25.0,122.0,2000-01-01,2000-02-22,52,25,17.324038,17.884073,16.753614,75.70496,7.069776,7.3984704,79.187325,72.433624,8.456657,5.522341
24.0,120.0,2000-01-01,2000-02-22,52,25,16.567444,17.338297,16.002892,80.254295,7.9306526,4.949282,84.30251,76.03747,9.032838,6.5848308
25.0,121.0,2000-01-01,2000-02-22,52,25,15.56031,16.3949,14.903395,78.8259,6.481245,5.7224464,83.10314,74.78233,7.819381,5.221145
23.0,122.0,2000-01-01,2000-02-23,53,25,17.626537,18.711742,16.696154,78.9746,5.6845717,6.0615935,83.14897,74.1232,7.0977745,4.2359295
25.0,122.0,2000-01-01,2000-02-23,53,25,17.325611,18.128414,16.539713,74.61919,7.320151,6.208382,78.339,71.17648,8.67661,5.539245
22.0,120.0,2000-01-01,2000-02-23,53,25,20.221043,21.481977,19.366179,77.383575,5.521964,3.3465989,82.07273,70.46673,6.688971,4.12704
23.0,120.0,2000-01-01,2000-02-23,53,25,18.368626,19.617132,17.510103,78.789375,6.021912,2.76707,83.38606,71.83943,6.9941235,4.9668293
25.0,120.0,2000-01-01,2000-02-23,53,25,13.4184475,15.140255,12.228419,79.656105,6.5998926,3.4331372,85.532845,71.85768,7.7651873,5.143106
24.0,120.0,2000-01-01,2000-02-23,53,25,16.767149,17.819221,15.93317,79.628075,8.171457,3.569703,83.72577,74.71237,9.502427,6.4417906
22.0,122.0,2000-01-01,2000-02-23,53,25,20.953962,21.47943,20.333664,75.641235,8.420284,2.7202265,79.55152,71.97334,10.307354,6.538293
24.0,122.0,2000-01-01,2000-02-23,53,25,16.875734,17.933613,15.893717,78.20268,5.6358714,8.143347,82.24483,73.62586,6.8612046,4.17096
24.0,121.0,2000-01-01,2000-02-23,53,25,15.188769,16.92541,14.076896,81.50612,4.8878574,6.4889913,86.20393,73.960434,5.8819556,3.5898414
22.0,121.0,2000-01-01,2000-02-23,53,25,20.112795,21.276295,19.256598,77.11443,5.7166667,2.3581343,81.734436,70.80776,6.976239,4.4595404
25.0,121.0,2000-01-01,2000-02-23,53,25,15.656978,16.786966,14.613287,77.67166,6.964081,4.562569,82.502205,72.854515,8.188556,5.344897
23.0,121.0,2000-01-01,2000-02-23,53,25,16.78617,18.832003,15.545089,80.716736,2.9977124,5.6972127,86.29329,70.790085,3.7975178,2.1502624
24.0,122.0,2000-01-01,2000-02-24,54,25,17.14461,18.20092,16.135645,76.370514,5.422539,5.5861487,80.6653,71.69394,6.8096232,4.016865
23.0,122.0,2000-01-01,2000-02-24,54,25,17.8404,18.96731,16.883898,77.67807,5.632906,4.8633366,82.122215,72.44594,6.848122,4.430815
22.0,121.0,2000-01-01,2000-02-24,54,25,20.257645,21.421515,19.335974,76.31167,5.620052,1.6162671,81.11205,70.273445,6.7295165,4.606898
22.0,120.0,2000-01-01,2000-02-24,54,25,20.46398,21.711851,19.526423,76.552864,5.5607853,2.3808854,81.30656,69.95948,6.692068,4.4786634
24.0,120.0,2000-01-01,2000-02-24,54,25,16.897728,17.863617,16.095758,79.916794,7.3667846,2.0547097,83.41703,75.10062,8.78562,5.792955
25.0,122.0,2000-01-01,2000-02-24,54,25,17.597212,18.317389,16.761261,73.39621,6.9546885,3.8142974,77.26244,69.99161,8.428147,5.3589296
23.0,121.0,2000-01-01,2000-02-24,54,25,17.06563,19.160995,15.767223,79.756325,2.8480806,4.237729,85.28941,69.836075,3.6588645,2.0259795
24.0,121.0,2000-01-01,2000-02-24,54,25,15.4536705,17.23314,14.237775,81.01541,4.3337135,4.708616,85.64843,73.13597,5.5294585,3.1765234
22.0,122.0,2000-01-01,2000-02-24,54,25,21.03283,21.50417,20.395782,74.502815,8.466661,2.2424884,78.43521,71.010216,9.872067,7.064512
25.0,120.0,2000-01-01,2000-02-24,54,25,13.536012,15.280148,12.239459,79.60764,5.961466,2.2306433,85.634705,71.609924,7.1158223,4.7779856
25.0,121.0,2000-01-01,2000-02-24,54,25,15.924514,16.964838,14.970304,77.733604,6.1751137,2.940426,82.06306,72.86075,7.423264,4.7622776
23.0,120.0,2000-01-01,2000-02-24,54,25,18.51353,19.711319,17.607872,78.62244,5.5138726,1.5733894,82.96066,72.28038,6.5807824,4.3532567
23.0,122.0,2000-01-01,2000-02-25,55,25,17.948359,18.943636,17.126833,77.15218,5.09243,4.9373565,81.56043,72.00287,6.09715,4.1799293
23.0,120.0,2000-01-01,2000-02-25,55,25,18.702705,19.933857,17.892336,78.303375,4.903096,2.6341949,82.80168,71.01314,5.908098,3.9284253
24.0,122.0,2000-01-01,2000-02-25,55,25,17.403645,18.439316,16.545578,76.68544,5.2721715,7.1933665,80.597015,71.59675,6.484685,4.0026956
22.0,121.0,2000-01-01,2000-02-25,55,25,20.305946,21.371494,19.536514,75.15476,5.3947816,1.6194855,80.21729,68.7779,6.4411845,4.3440948
25.0,122.0,2000-01-01,2000-02-25,55,25,17.96727,18.610088,17.322325,74.3062,6.7375,5.65223,77.52833,71.32264,8.209859,5.062196
22.0,120.0,2000-01-01,2000-02-25,55,25,20.519968,21.677935,19.761724,75.77826,5.4476695,2.2981958,80.728714,69.04772,6.4087224,4.3931093
24.0,121.0,2000-01-01,2000-02-25,55,25,15.649031,17.30625,14.663732,81.47327,3.8048415,5.1662374,85.964676,73.59901,4.7097096,2.7792587
22.0,122.0,2000-01-01,2000-02-25,55,25,21.09922,21.49183,20.65393,73.11349,7.8910246,1.8962936,76.8863,70.22033,9.159438,6.7300587
25.0,120.0,2000-01-01,2000-02-25,55,25,13.89903,15.600592,12.777926,80.64641,5.3989754,2.8408117,85.86814,73.157135,6.406501,4.115584
25.0,121.0,2000-01-01,2000-02-25,55,25,16.231113,17.182001,15.515211,78.80437,5.638512,3.6354904,82.879906,74.02224,6.7922707,4.1932006
24.0,120.0,2000-01-01,2000-02-25,55,25,17.191824,18.13029,16.4717,80.24204,6.363698,3.1504126,84.12859,75.18088,7.5766993,4.994324
23.0,121.0,2000-01-01,2000-02-25,55,25,17.155407,19.15832,15.96279,79.55208,2.6901724,4.658579,85.377045,69.36471,3.5141656,2.040725
23.0,120.0,2000-01-01,2000-02-26,56,25,18.984083,20.309938,18.069317,78.526085,4.880492,1.7494211,84.02617,70.90244,5.852052,3.8782592
22.0,121.0,2000-01-01,2000-02-26,56,25,20.557245,21.794819,19.623957,76.150665,5.1600933,1.3844299,81.28034,69.28823,6.042597,4.2009664
25.0,121.0,2000-01-01,2000-02-26,56,25,16.429008,17.378277,15.565191,79.09272,5.462001,2.5502028,84.01765,73.8606,6.8433576,3.9893224
22.0,120.0,2000-01-01,2000-02-26,56,25,20.793167,22.06964,19.858044,76.25941,5.3603916,2.056733,81.296295,69.25768,6.3271813,4.3683343
25.0,122.0,2000-01-01,2000-02-26,56,25,18.243675,18.882116,17.511295,74.37253,6.1695337,3.957523,79.235985,70.31917,7.8266907,4.457364
22.0,122.0,2000-01-01,2000-02-26,56,25,21.367657,21.860527,20.752398,74.63176,7.3043823,1.8486032,78.506805,71.056946,8.505192,5.9236236
23.0,121.0,2000-01-01,2000-02-26,56,25,17.384092,19.567572,15.988424,79.648834,2.6867414,3.287967,86.01425,69.22185,3.4234464,1.999963
24.0,120.0,2000-01-01,2000-02-26,56,25,17.439543,18.383787,16.625557,80.46752,6.498322,2.2489948,85.06652,75.1387,7.8373194,5.0056906
25.0,120.0,2000-01-01,2000-02-26,56,25,14.040132,15.6733,12.896222,81.18844,5.435072,2.4617023,87.177536,73.5887,6.5284896,4.2316766
24.0,122.0,2000-01-01,2000-02-26,56,25,17.678015,18.781868,16.725817,76.55551,5.205287,5.1985216,81.715096,71.201675,6.3948183,3.969523
24.0,121.0,2000-01-01,2000-02-26,56,25,15.844426,17.603148,14.613302,81.50831,3.7521522,3.7841833,86.69522,73.5096,4.7241025,2.6649442
23.0,122.0,2000-01-01,2000-02-26,56,25,18.194038,19.315445,17.235054,77.84809,4.7954183,3.7524462,82.54889,72.20502,5.913472,3.5988925
25.0,121.0,2000-01-01,2000-02-27,57,25,16.811316,17.795658,16.026823,80.56625,5.4483905,2.343058,85.73374,75.209984,6.726225,4.090983
22.0,120.0,2000-01-01,2000-02-27,57,25,21.091087,22.421192,20.130655,77.19893,4.750463,1.7137866,82.12715,69.84729,5.7049413,3.6652994
23.0,121.0,2000-01-01,2000-02-27,57,25,17.741257,20.232393,16.234474,80.34642,2.3864715,3.5231714,86.95055,68.59917,3.1453903,1.6436851
24.0,120.0,2000-01-01,2000-02-27,57,25,17.82876,18.830727,16.9946,81.372536,6.05212,1.5367842,86.070526,75.83814,7.4232373,4.5518875
24.0,122.0,2000-01-01,2000-02-27,57,25,18.052341,19.368021,16.954777,78.23012,4.589288,5.859598,82.874695,72.24207,5.6527433,3.419815
23.0,122.0,2000-01-01,2000-02-27,57,25,18.562263,19.920317,17.544415,79.17811,4.3479214,4.2092066,83.80508,72.73685,5.5752425,2.9761255
22.0,121.0,2000-01-01,2000-02-27,57,25,20.88147,22.198492,19.898155,77.15237,4.4502892,1.5833234,82.5163,69.66414,5.541053,3.3898351
24.0,121.0,2000-01-01,2000-02-27,57,25,16.230606,18.30282,14.967691,82.33121,3.6074502,3.7609038,87.8532,73.140144,4.7487645,2.4263432
25.0,122.0,2000-01-01,2000-02-27,57,25,18.613586,19.20229,17.908062,76.64792,5.9832587,4.4264936,80.69529,73.00118,7.339634,4.4000173
23.0,120.0,2000-01-01,2000-02-27,57,25,19.34411,20.761284,18.3361,79.348755,4.6134663,1.2900488,84.80713,71.281395,5.626934,3.7082903
22.0,122.0,2000-01-01,2000-02-27,57,25,21.703062,22.21357,21.056128,76.26269,6.5761137,2.270122,80.24199,72.73361,8.067852,4.9978642
25.0,120.0,2000-01-01,2000-02-27,57,25,14.516804,16.421854,13.273229,82.40411,5.151369,1.8400602,88.43088,73.715965,6.3291903,3.8037543
23.0,121.0,2000-01-01,2000-02-28,58,25,18.0066,20.505356,16.575489,81.26492,2.5230029,4.6236115,87.2333,69.28802,3.3417432,1.7565502
25.0,120.0,2000-01-01,2000-02-28,58,25,14.764478,16.745287,13.318404,82.71461,5.596337,2.1955318,88.14416,74.39407,7.0049257,4.2114525
24.0,122.0,2000-01-01,2000-02-28,58,25,18.228827,19.530209,17.2702,78.77403,5.05503,6.3426647,82.49253,73.4003,6.3076415,3.6694837
22.0,122.0,2000-01-01,2000-02-28,58,25,21.813637,22.18521,21.35016,77.81552,7.1113973,2.1771772,80.79452,74.75991,8.6062,5.6781063
24.0,120.0,2000-01-01,2000-02-28,58,25,18.166098,19.287643,17.214767,81.36791,6.451953,1.9278429,85.4117,75.71133,7.9549656,4.8018465
22.0,120.0,2000-01-01,2000-02-28,58,25,21.295967,22.7089,20.38894,77.450066,4.7921867,1.6829407,82.60865,69.64824,5.791892,3.7084093
24.0,121.0,2000-01-01,2000-02-28,58,25,16.60622,18.730482,15.299967,82.57178,4.0643034,4.9948573,87.59783,73.222305,5.256287,2.7523303
25.0,121.0,2000-01-01,2000-02-28,58,25,17.068548,18.175108,16.052965,80.51837,5.893008,2.816515,84.40976,75.709435,7.357368,4.4285507
23.0,122.0,2000-01-01,2000-02-28,58,25,18.75448,20.094366,17.836666,80.44365,4.69769,5.1970363,84.258575,74.16315,6.044542,3.3367965
23.0,120.0,2000-01-01,2000-02-28,58,25,19.570686,21.05084,18.626911,80.00343,4.7755504,1.5453064,84.79321,71.761604,5.7777967,3.7711172
25.0,122.0,2000-01-01,2000-02-28,58,25,18.673182,19.232328,17.955494,76.91775,6.630936,4.1534853,79.85969,74.23603,8.227409,4.831862
22.0,121.0,2000-01-01,2000-02-28,58,25,21.065603,22.42524,20.169336,78.37433,4.712687,1.6020691,83.16222,70.81877,5.6608777,3.7043738
25.0,120.0,2000-01-01,2000-02-29,59,25,14.477809,16.11543,13.405929,81.79433,5.8026414,1.5194757,87.39493,74.239174,6.895926,4.4820495
24.0,122.0,2000-01-01,2000-02-29,59,25,18.053034,19.189644,17.126236,77.27684,5.1442657,6.170051,81.79103,71.70197,6.1705327,3.8296778
22.0,122.0,2000-01-01,2000-02-29,59,25,21.590542,22.090923,21.004244,75.71091,7.8965607,1.8977395,79.64988,72.42038,9.164309,6.5130076
22.0,120.0,2000-01-01,2000-02-29,59,25,21.119574,22.416723,20.197863,77.33331,5.2018003,2.4516337,82.045074,70.07217,6.171541,4.1329174
24.0,120.0,2000-01-01,2000-02-29,59,25,17.89679,18.871313,17.169336,80.94128,6.90542,2.1316586,84.94208,75.8639,8.2307205,5.330296
23.0,121.0,2000-01-01,2000-02-29,59,25,17.846369,20.00575,16.445728,80.66979,2.5584452,5.1442027,86.69914,70.22837,3.2524297,1.8453006
24.0,121.0,2000-01-01,2000-02-29,59,25,16.392672,18.182137,15.201672,81.90711,4.0221806,5.0256433,86.80935,73.9657,5.0414214,2.8913424
23.0,122.0,2000-01-01,2000-02-29,59,25,18.55778,19.728718,17.655382,78.67039,5.121184,5.139319,83.022575,73.037506,6.050964,4.1017337
25.0,121.0,2000-01-01,2000-02-29,59,25,16.965536,17.998215,16.147964,79.451256,5.9475765,2.409368,83.89338,74.50409,7.0811987,4.546622
23.0,120.0,2000-01-01,2000-02-29,59,25,19.354502,20.662212,18.497013,79.6572,5.117653,2.2392323,84.528656,71.927025,6.1167545,4.016535
25.0,122.0,2000-01-01,2000-02-29,59,25,18.608482,19.192404,17.967926,75.03481,6.7242317,3.5464575,78.87668,71.509476,8.17725,5.2252135
22.0,121.0,2000-01-01,2000-02-29,59,25,20.879318,22.14235,19.987936,77.423615,5.2999043,1.9052169,82.40639,70.6835,6.2801623,4.30657
23.0,120.0,2000-01-01,2000-03-01,60,25,19.583157,20.917149,18.68608,79.24637,4.384654,2.1029353,84.086044,71.48511,5.421029,3.2247884
22.0,121.0,2000-01-01,2000-03-01,60,25,21.011972,22.214903,20.107843,76.903114,5.189438,1.659515,81.36534,70.403564,6.1888494,4.1641474
25.0,121.0,2000-01-01,2000-03-01,60,25,17.13275,18.19666,16.257048,79.89006,5.3396235,3.1799014,84.65495,74.44277,6.335828,3.9180517
25.0,122.0,2000-01-01,2000-03-01,60,25,18.767605,19.352955,18.099049,76.226776,6.4890594,3.9170508,79.86174,73.02116,7.6437774,4.9420915
23.0,122.0,2000-01-01,2000-03-01,60,25,18.701893,19.896915,17.763477,78.62566,4.905566,4.1537156,82.65333,72.74119,5.9957104,3.768398
22.0,122.0,2000-01-01,2000-03-01,60,25,21.673298,22.073048,21.102749,75.68086,7.5400047,1.727569,78.42985,73.08466,8.964912,6.0622945
25.0,120.0,2000-01-01,2000-03-01,60,25,14.898659,16.746252,13.589708,81.89744,5.020686,2.4924946,87.99933,73.50735,6.1839337,3.6224058
24.0,121.0,2000-01-01,2000-03-01,60,25,16.597692,18.500103,15.445484,81.51446,3.5751615,4.587675,87.09543,72.82335,4.602884,2.2774656
24.0,120.0,2000-01-01,2000-03-01,60,25,18.13566,19.166388,17.328756,80.678375,5.6939874,2.6142578,84.7765,75.072586,7.0639915,4.027293
22.0,120.0,2000-01-01,2000-03-01,60,25,21.27416,22.5154,20.4365,77.042175,5.383041,1.9860525,82.27689,69.87313,6.3768964,4.3579826
24.0,122.0,2000-01-01,2000-03-01,60,25,18.249666,19.35214,17.324171,77.61967,5.0521693,5.3260484,81.88447,72.08933,6.1285458,3.684723
23.0,121.0,2000-01-01,2000-03-01,60,25,18.04045,20.277826,16.711056,80.1295,2.5411987,4.0870347,86.32735,69.142815,3.2092588,1.9145594
25.0,120.0,2000-01-01,2000-03-02,61,25,15.108123,16.750162,13.970458,83.15581,5.275932,3.670755,87.972626,75.43202,6.4148035,3.9111972
23.0,121.0,2000-01-01,2000-03-02,61,25,18.138865,20.285944,16.841703,80.72365,2.5563834,4.8272166,86.71265,70.46113,3.374101,1.7106943
24.0,122.0,2000-01-01,2000-03-02,61,25,18.313469,19.322454,17.442638,78.84333,4.9007936,7.5699816,82.7841,74.1076,6.139052,3.6651425
24.0,121.0,2000-01-01,2000-03-02,61,25,16.806618,18.51759,15.735279,82.577705,3.5370712,5.743507,87.1152,74.93973,4.572628,2.2960615
22.0,121.0,2000-01-01,2000-03-02,61,25,21.1442,22.408087,20.330639,77.41891,5.101525,2.429145,82.475235,70.28583,6.0636506,4.0601673
24.0,120.0,2000-01-01,2000-03-02,61,25,18.481304,19.440626,17.8003,81.532745,5.7801228,3.4456878,85.46103,76.38676,7.0832353,4.1068835
22.0,122.0,2000-01-01,2000-03-02,61,25,21.767525,22.159418,21.326328,76.64011,7.09648,3.197429,79.85659,73.93817,8.506743,5.6145325
22.0,120.0,2000-01-01,2000-03-02,61,25,21.434692,22.729132,20.625332,77.64871,5.4536223,2.8263328,82.65291,70.487335,6.5424395,4.353898
25.0,121.0,2000-01-01,2000-03-02,61,25,17.385544,18.326344,16.576963,81.17019,5.4171157,4.4127884,85.69138,76.16858,6.621358,3.961048
23.0,120.0,2000-01-01,2000-03-02,61,25,19.81913,21.156069,19.042017,79.6583,4.5096354,2.5184104,84.669044,71.94875,5.508418,3.4028058
25.0,122.0,2000-01-01,2000-03-02,61,25,18.875696,19.444277,18.266745,77.62228,6.5632353,6.233921,81.33307,74.0841,7.9339323,4.956642
23.0,122.0,2000-01-01,2000-03-02,61,25,18.76251,19.837452,17.908537,79.73902,4.5416136,5.5932064,83.7303,74.49822,5.67157,3.3396864
22.0,120.0,2000-01-01,2000-03-03,62,25,21.764372,23.160917,20.81644,78.31122,5.1367664,2.0640304,83.5137,70.59343,6.2519393,4.2422543
24.0,121.0,2000-01-01,2000-03-03,62,25,17.128199,18.98006,15.848566,82.8962,3.7024806,4.3571205,88.01438,75.265495,5.098794,2.1189518
25.0,121.0,2000-01-01,2000-03-03,62,25,17.526962,18.775856,16.374458,81.21439,5.911765,2.9874914,86.45657,75.86228,7.601654,3.7695954
23.0,121.0,2000-01-01,2000-03-03,62,25,18.612988,20.994379,17.227654,81.2781,2.3857226,3.8944733,87.59961,70.06006,3.2244284,1.4612312
24.0,122.0,2000-01-01,2000-03-03,62,25,18.732288,19.93453,17.638586,79.850975,5.006209,6.3902025,84.43399,74.759895,6.461897,3.2738836
24.0,120.0,2000-01-01,2000-03-03,62,25,18.55005,19.60896,17.581026,81.98196,6.5611267,1.665776,86.43073,77.13127,8.252458,4.315494
22.0,122.0,2000-01-01,2000-03-03,62,25,22.164097,22.625483,21.469273,77.51558,6.852922,1.9773587,80.85658,74.690765,8.886925,5.154182
25.0,122.0,2000-01-01,2000-03-03,62,25,19.114216,20.059898,18.114494,78.31493,6.907356,5.008371,82.882706,73.7656,8.835003,4.6764617
25.0,120.0,2000-01-01,2000-03-03,62,25,15.040606,16.730331,13.668971,83.000626,5.8556275,2.317937,88.622406,76.06992,7.362883,3.8632624
23.0,122.0,2000-01-01,2000-03-03,62,25,19.246067,20.484516,18.242115,80.25686,4.3356776,4.3467464,84.11357,74.89105,5.852517,2.8490863
23.0,120.0,2000-01-01,2000-03-03,62,25,20.038935,21.571129,19.025017,80.327644,4.7992964,1.1921424,86.00983,72.14514,5.988419,3.2814918
22.0,121.0,2000-01-01,2000-03-03,62,25,21.53138,22.937372,20.573936,78.30301,4.774378,1.526923,83.3522,70.58772,6.10709,3.593603
25.0,120.0,2000-01-01,2000-03-04,63,25,15.037449,16.909584,13.746588,82.46274,5.6658616,2.39277,88.19811,74.62428,7.007952,4.019737
24.0,121.0,2000-01-01,2000-03-04,63,25,16.951078,18.932108,15.700875,82.41274,4.09836,3.587218,87.304306,74.05885,5.17206,2.8940694
22.0,120.0,2000-01-01,2000-03-04,63,25,21.637043,22.946552,20.680645,78.29447,5.393677,2.326841,82.9427,71.76061,6.4264026,4.5403533
23.0,121.0,2000-01-01,2000-03-04,63,25,18.444702,20.737988,16.984396,81.26625,2.7904804,3.8206775,86.999,70.93322,3.6033425,2.0715
22.0,122.0,2000-01-01,2000-03-04,63,25,21.916233,22.440718,21.241255,76.766136,7.338092,1.5852649,80.565834,73.60342,9.176686,5.427911
24.0,120.0,2000-01-01,2000-03-04,63,25,18.432346,19.555883,17.560963,81.565735,6.639124,1.5553594,85.464005,76.22098,8.089653,5.0060606
24.0,122.0,2000-01-01,2000-03-04,63,25,18.498274,19.76637,17.441568,78.97946,5.5639124,5.3169556,82.97922,73.666145,6.7025447,4.261456
25.0,122.0,2000-01-01,2000-03-04,63,25,18.753262,19.438963,18.03354,77.76206,6.665849,4.337341,80.66517,74.69756,8.161222,5.1040187
22.0,121.0,2000-01-01,2000-03-04,63,25,21.362686,22.629717,20.361265,78.05163,5.1052303,1.8406959,82.88905,71.48263,6.413339,3.8807762
23.0,120.0,2000-01-01,2000-03-04,63,25,19.930428,21.347496,18.954226,80.39992,5.0010467,1.780578,84.9913,72.855034,6.1249027,3.89637
23.0,122.0,2000-01-01,2000-03-04,63,25,18.999043,20.26036,17.94837,79.67455,5.016893,3.5673828,84.127174,74.10555,6.326274,3.6453238
25.0,121.0,2000-01-01,2000-03-04,63,25,17.222282,18.357243,16.301115,81.06564,5.823606,2.613412,85.0446,75.70721,7.1219387,4.281219
25.0,121.0,2000-01-01,2000-03-05,64,25,17.063515,18.054712,16.13864,79.45712,6.582758,5.2048244,83.74107,75.19089,7.7674456,4.9198403
23.0,122.0,2000-01-01,2000-03-05,64,25,18.72851,19.911625,17.766554,79.30008,5.451531,5.2975917,82.72166,74.67226,6.540405,4.100408
22.0,121.0,2000-01-01,2000-03-05,64,25,21.17228,22.435171,20.24315,77.2367,5.455353,1.6013037,81.50561,70.924164,6.612889,4.26687
23.0,120.0,2000-01-01,2000-03-05,64,25,19.742653,21.091436,18.80529,79.57979,5.1824355,2.616318,84.16801,72.672615,6.359077,4.0018754
25.0,122.0,2000-01-01,2000-03-05,64,25,18.515676,19.293922,17.71564,76.30306,7.2165136,6.722152,79.32665,73.67811,8.722158,5.3074117
24.0,120.0,2000-01-01,2000-03-05,64,25,18.249622,19.230392,17.412569,80.9683,7.1258955,4.0103602,84.77486,76.57315,8.669529,5.3156433
22.0,122.0,2000-01-01,2000-03-05,64,25,21.715113,22.240635,21.05101,76.24584,8.108359,1.8112646,79.24245,73.6827,9.571341,6.600686
24.0,122.0,2000-01-01,2000-03-05,64,25,18.164808,19.366198,17.076159,78.52441,5.6513367,7.996875,82.07293,74.37356,6.8165007,4.25358
23.0,121.0,2000-01-01,2000-03-05,64,25,18.18496,20.332623,16.852604,80.52802,2.9085877,5.087937,85.78208,71.02469,3.7138534,2.062769
22.0,120.0,2000-01-01,2000-03-05,64,25,21.413765,22.727417,20.477108,77.41883,5.2604737,2.0254984,81.957214,70.543526,6.5079775,4.1384716
25.0,120.0,2000-01-01,2000-03-05,64,25,14.90209,16.399117,13.690055,81.115,6.301071,4.6405544,86.538635,74.99851,7.450796,4.8432045
24.0,121.0,2000-01-01,2000-03-05,64,25,16.696728,18.396505,15.461403,81.86642,4.5546913,6.4758754,86.0393,75.39636,5.745629,3.2432456
23.0,122.0,2000-01-01,2000-03-06,65,25,18.48204,19.469324,17.654572,79.40291,5.290227,4.7600584,82.42617,75.1137,6.3311505,4.1104474
22.0,122.0,2000-01-01,2000-03-06,65,25,21.558653,22.002012,20.988653,76.25332,8.036735,1.6957916,79.12574,73.53849,9.468846,6.452681
24.0,122.0,2000-01-01,2000-03-06,65,25,17.915483,18.835741,17.08778,78.39733,5.420992,7.0925136,82.15139,74.04709,6.7446613,3.8570528
25.0,121.0,2000-01-01,2000-03-06,65,25,16.900393,17.877157,15.961217,78.87333,6.641958,3.111803,83.90851,73.91287,7.986714,5.063123
22.0,120.0,2000-01-01,2000-03-06,65,25,21.249163,22.416088,20.388239,77.17543,5.4766545,1.9612933,81.32002,71.310875,6.476801,4.451373
23.0,121.0,2000-01-01,2000-03-06,65,25,17.940407,19.873398,16.670235,80.42945,2.8361433,4.594349,85.40321,71.90808,3.6093674,2.0083659
24.0,120.0,2000-01-01,2000-03-06,65,25,18.020544,18.957584,17.228039,80.7058,7.2920046,2.0571172,85.4802,75.470055,8.874189,5.4005256
23.0,120.0,2000-01-01,2000-03-06,65,25,19.5353,20.738325,18.65902,79.16177,5.4150124,1.573414,83.82648,72.611244,6.4163465,4.1333427
22.0,121.0,2000-01-01,2000-03-06,65,25,21.017656,22.179237,20.106207,77.07947,5.55911,1.52947,81.22654,71.38863,6.6137085,4.429537
25.0,122.0,2000-01-01,2000-03-06,65,25,18.369331,19.012663,17.58902,75.554344,7.2855926,5.130847,79.388916,71.91762,8.8833065,5.5842633
25.0,120.0,2000-01-01,2000-03-06,65,25,14.631217,16.224602,13.36568,81.158615,6.318445,2.5487547,87.12332,74.06503,7.586688,4.8065615
24.0,121.0,2000-01-01,2000-03-06,65,25,16.430553,18.0255,15.34213,81.96453,4.4396744,5.0655403,86.66963,75.04463,5.6094823,3.0591204
25.0,122.0,2000-01-01,2000-03-07,66,25,19.01377,19.602306,18.275265,74.522316,6.3939886,5.8947296,78.08537,71.79626,7.8092155,4.9262486
23.0,120.0,2000-01-01,2000-03-07,66,25,19.675356,20.875626,18.922297,78.35168,4.960617,2.8057675,83.16978,70.92459,5.934065,3.942154
22.0,122.0,2000-01-01,2000-03-07,66,25,21.779503,22.22255,21.24354,75.01141,8.062719,2.4889991,78.902794,71.822296,9.431394,6.7001643
23.0,122.0,2000-01-01,2000-03-07,66,25,18.740137,19.739494,17.833576,78.176956,5.0820603,5.0747533,82.467735,73.36962,6.173615,3.9988298
24.0,122.0,2000-01-01,2000-03-07,66,25,18.295412,19.255802,17.387365,76.90399,5.0718584,6.8563685,80.92834,72.58562,6.20546,3.7469418
22.0,120.0,2000-01-01,2000-03-07,66,25,21.442167,22.609732,20.630753,76.03344,5.6227126,2.8646662,81.01917,69.06486,6.7005944,4.5839915
25.0,121.0,2000-01-01,2000-03-07,66,25,17.453785,18.400507,16.650978,78.98225,5.44024,4.627975,83.84096,73.468285,6.8461385,3.8861158
22.0,121.0,2000-01-01,2000-03-07,66,25,21.159204,22.270533,20.354244,76.0663,5.5741534,2.2537034,81.14485,69.33116,6.5888844,4.559719
23.0,121.0,2000-01-01,2000-03-07,66,25,18.119408,20.101465,16.881062,79.46561,2.6380093,4.8376293,85.40208,69.7909,3.4646134,1.883662
24.0,120.0,2000-01-01,2000-03-07,66,25,18.269585,19.165504,17.522106,80.52451,6.559701,3.5610778,84.82778,75.16103,7.8187184,5.1304803
24.0,121.0,2000-01-01,2000-03-07,66,25,16.718376,18.327518,15.70525,81.637474,3.6419451,5.584089,86.61919,74.05114,4.659476,2.5680726
25.0,120.0,2000-01-01,2000-03-07,66,25,14.932148,16.53578,13.810324,81.99082,5.6045146,3.6821601,87.57317,73.94065,6.6522713,4.44736
23.0,121.0,2000-01-01,2000-03-08,67,25,18.56418,20.680626,17.20756,80.42972,2.568406,5.238916,86.646126,70.48123,3.452941,1.7968944
24.0,121.0,2000-01-01,2000-03-08,67,25,17.192959,18.912714,16.002901,82.6859,3.5682065,4.785425,87.836815,74.93501,4.627538,2.1354272
23.0,122.0,2000-01-01,2000-03-08,67,25,19.1395,20.303974,18.209375,79.1979,5.148789,5.1913085,83.606804,73.86576,6.298401,4.014542
25.0,121.0,2000-01-01,2000-03-08,67,25,17.975716,19.026476,17.028322,80.626564,5.553703,2.2930536,85.11562,75.2252,6.838365,3.984641
22.0,121.0,2000-01-01,2000-03-08,67,25,21.46881,22.677158,20.523954,77.190475,5.479581,2.2582655,82.25076,70.562965,6.610386,4.477583
23.0,120.0,2000-01-01,2000-03-08,67,25,20.045301,21.32829,19.101349,79.7574,4.9049067,2.226833,84.68578,72.74502,6.024621,3.6461036
22.0,122.0,2000-01-01,2000-03-08,67,25,22.0435,22.474878,21.489014,76.15715,8.05919,2.2094374,79.67794,73.200584,9.640651,6.6551833
22.0,120.0,2000-01-01,2000-03-08,67,25,21.75526,23.036856,20.76813,77.075,5.6143456,2.3159437,82.2137,70.22482,6.66041,4.493
24.0,122.0,2000-01-01,2000-03-08,67,25,18.75107,19.82205,17.72712,78.448784,5.248055,7.192959,82.273445,73.77759,6.421036,3.821508
25.0,122.0,2000-01-01,2000-03-08,67,25,19.517105,20.206785,18.671799,76.63167,6.7501736,4.6902113,79.951195,73.33255,8.051617,5.1974697
25.0,120.0,2000-01-01,2000-03-08,67,25,15.490054,17.162062,14.291276,82.3146,5.8006477,1.5996943,88.50466,74.43958,7.047246,4.2797036
24.0,120.0,2000-01-01,2000-03-08,67,25,18.669876,19.640305,17.793434,82.03007,6.509061,1.7821913,86.02536,76.85934,7.984598,4.559126
22.0,120.0,2000-01-01,2000-03-09,68,25,21.758919,23.054882,20.89496,77.52497,5.6603565,1.7852728,82.63359,70.444,6.7166915,4.538946
22.0,122.0,2000-01-01,2000-03-09,68,25,22.05248,22.48751,21.554478,76.42945,7.7664332,0.92809385,79.70335,73.47171,9.000437,6.657901
25.0,122.0,2000-01-01,2000-03-09,68,25,19.651178,20.177034,19.093033,77.2276,5.932594,3.1530695,80.366104,73.9436,7.504425,4.4435225
24.0,122.0,2000-01-01,2000-03-09,68,25,18.982677,20.037622,18.136286,78.14731,5.03566,4.6108937,81.96938,72.924255,6.2148223,3.4534638
23.0,122.0,2000-01-01,2000-03-09,68,25,19.247108,20.416033,18.333742,79.35918,4.8958087,3.0398498,83.561584,73.63035,5.919189,3.7417228
23.0,120.0,2000-01-01,2000-03-09,68,25,20.28318,21.632513,19.436007,79.736534,4.621396,1.1856012,85.43901,71.94016,5.5558996,3.6053355
22.0,121.0,2000-01-01,2000-03-09,68,25,21.491123,22.76203,20.613052,77.45169,5.519327,1.1578314,82.814896,70.47743,6.5119305,4.568068
25.0,121.0,2000-01-01,2000-03-09,68,25,18.076162,19.012005,17.389347,81.5303,4.7928443,1.948848,85.68247,76.409325,6.176779,3.27504
24.0,120.0,2000-01-01,2000-03-09,68,25,18.984095,19.857197,18.29463,81.74237,5.6132836,1.3287301,85.94126,76.608345,6.955538,4.0487084
24.0,121.0,2000-01-01,2000-03-09,68,25,17.3912,19.100252,16.354063,82.59941,3.2782004,3.4027052,87.22513,74.67957,4.253227,2.2513447
23.0,121.0,2000-01-01,2000-03-09,68,25,18.685051,20.898256,17.338882,80.62876,2.6631005,3.2678168,86.81316,69.8808,3.5440118,1.6981921
25.0,120.0,2000-01-01,2000-03-09,68,25,15.839056,17.480944,14.705855,82.786156,4.5938134,1.5420495,88.57349,74.82965,5.841265,3.4048967
22.0,122.0,2000-01-01,2000-03-10,69,25,22.183605,22.603394,21.652178,77.93119,7.4076214,3.9333198,80.73368,75.54379,9.020914,5.7510505
25.0,121.0,2000-01-01,2000-03-10,69,25,18.328789,19.266203,17.550627,80.023026,5.4828386,2.9982607,84.745224,74.702385,6.768684,4.094278
24.0,122.0,2000-01-01,2000-03-10,69,25,19.020823,20.03749,18.052614,79.71469,5.5315733,6.5615053,83.48635,75.55745,6.6292377,4.139648
25.0,122.0,2000-01-01,2000-03-10,69,25,19.626362,20.224943,18.998634,77.295685,6.7924747,4.091406,81.06337,73.91465,7.8841267,5.4101696
22.0,120.0,2000-01-01,2000-03-10,69,25,21.909924,23.105556,21.025782,78.856544,5.280853,3.2909248,83.29369,72.682495,6.261401,4.179446
25.0,120.0,2000-01-01,2000-03-10,69,25,16.348892,18.046019,15.15151,82.708275,5.299637,2.7828054,88.35341,74.60355,6.628873,3.7535415
23.0,122.0,2000-01-01,2000-03-10,69,25,19.383486,20.48979,18.414757,80.72495,4.937999,5.9688478,84.35177,76.3038,6.0853276,3.5755374
23.0,120.0,2000-01-01,2000-03-10,69,25,20.534426,21.76355,19.644459,80.25266,4.8337584,2.5179148,85.132416,73.48228,5.8010516,3.7212207
22.0,121.0,2000-01-01,2000-03-10,69,25,21.662416,22.85934,20.76524,78.62458,5.1720862,3.2976394,83.28973,72.599815,6.257291,4.038668
23.0,121.0,2000-01-01,2000-03-10,69,25,18.8615,20.886015,17.524626,81.63873,2.7748165,5.333164,87.257416,72.39996,3.704904,1.8788495
24.0,121.0,2000-01-01,2000-03-10,69,25,17.70853,19.368631,16.579338,82.68271,3.9548001,5.462254,87.402145,75.219894,4.992817,2.587565
24.0,120.0,2000-01-01,2000-03-10,69,25,19.376097,20.304083,18.621613,81.30951,6.286093,2.658905,85.47685,76.15182,7.566566,4.533296
23.0,122.0,2000-01-01,2000-03-11,70,25,19.480188,20.682611,18.61648,79.98759,4.925548,3.3021424,83.54193,74.829865,5.854002,3.994377
24.0,120.0,2000-01-01,2000-03-11,70,25,19.690098,20.772276,18.900509,81.33894,5.6629615,1.4344685,85.69897,75.436584,7.1050344,3.8811984
25.0,120.0,2000-01-01,2000-03-11,70,25,16.689629,18.632572,15.396881,82.46782,4.771879,2.4705412,89.19382,73.44173,6.1362615,3.318928
23.0,121.0,2000-01-01,2000-03-11,70,25,18.951519,21.164078,17.659977,81.366356,2.6209424,3.185567,87.05879,71.52247,3.5345724,1.8903714
24.0,121.0,2000-01-01,2000-03-11,70,25,17.919992,19.856556,16.760529,82.442024,3.4778647,3.1889226,87.87043,73.93284,4.4966373,2.3325012
23.0,120.0,2000-01-01,2000-03-11,70,25,20.727695,22.056475,19.908516,80.266106,4.4275136,1.4250087,84.86062,72.99866,5.4867997,3.351704
24.0,122.0,2000-01-01,2000-03-11,70,25,19.213442,20.353434,18.335442,78.90444,5.2726135,4.471266,82.57737,73.763405,6.4809656,4.1150775
25.0,121.0,2000-01-01,2000-03-11,70,25,18.749474,19.896656,17.8888,80.41636,4.837771,2.439719,85.48005,74.7244,6.0136623,3.5976572
25.0,122.0,2000-01-01,2000-03-11,70,25,20.028118,20.608213,19.40183,77.09281,6.2097034,3.7159595,80.235016,74.037445,7.3634233,4.928473
22.0,121.0,2000-01-01,2000-03-11,70,25,21.749317,22.914331,20.972954,78.12077,5.097109,1.4485059,82.20895,72.161705,5.881219,4.3886094
22.0,120.0,2000-01-01,2000-03-11,70,25,22.043919,23.223194,21.266851,78.39471,4.9656773,2.1000593,83.02563,72.143425,5.8076015,4.089434
22.0,122.0,2000-01-01,2000-03-11,70,25,22.277067,22.677881,21.737368,77.011246,7.372113,1.5675244,79.73962,74.15345,8.462853,6.2960463
25.0,120.0,2000-01-01,2000-03-12,71,25,16.486822,18.381256,14.979659,83.33044,4.9555097,3.624223,89.72373,75.04912,6.493307,3.1978977
23.0,122.0,2000-01-01,2000-03-12,71,25,19.919456,21.196983,18.913849,80.41465,4.690777,4.21016,85.64994,74.2957,5.9047694,3.3311331
22.0,122.0,2000-01-01,2000-03-12,71,25,22.629536,23.047964,22.08913,78.427086,6.9144535,2.258316,82.942894,74.97487,8.400805,5.4803615
24.0,122.0,2000-01-01,2000-03-12,71,25,19.594965,20.853144,18.41358,78.702354,5.115858,5.1357493,82.9429,73.59537,6.599757,3.7114213
22.0,121.0,2000-01-01,2000-03-12,71,25,22.062162,23.317217,21.127203,78.68502,4.683417,2.0312054,84.63248,71.29987,5.9269776,3.6596615
22.0,120.0,2000-01-01,2000-03-12,71,25,22.28981,23.613174,21.2948,78.80185,4.7628984,2.5728936,84.59218,71.163284,5.868737,3.7362428
23.0,120.0,2000-01-01,2000-03-12,71,25,20.907194,22.372568,19.74563,80.44287,4.3088956,2.8661652,85.91337,72.442024,5.8967214,2.6808245
25.0,121.0,2000-01-01,2000-03-12,71,25,18.594385,19.796978,17.394928,80.95404,5.2640476,4.3169713,85.80247,75.55673,6.9682784,3.586303
24.0,120.0,2000-01-01,2000-03-12,71,25,19.611073,20.798988,18.475777,81.92798,5.564817,3.9379444,86.546234,76.17944,7.625337,3.2693212
25.0,122.0,2000-01-01,2000-03-12,71,25,20.113388,20.977978,19.03905,77.473976,6.1226406,4.3993697,80.85492,74.5296,8.34087,3.7420177
24.0,121.0,2000-01-01,2000-03-12,71,25,18.060125,19.999706,16.620504,82.3661,3.5085156,5.0554967,87.89414,73.884155,5.0537357,1.9590982
23.0,121.0,2000-01-01,2000-03-12,71,25,19.351334,21.660717,17.844698,80.892815,2.542975,3.9846344,87.505974,69.75138,3.489806,1.6517775
22.0,120.0,2000-01-01,2000-03-13,72,25,22.142471,23.521889,21.134083,78.735466,5.0244827,2.3358243,83.93806,71.89893,6.234117,3.7286787
24.0,120.0,2000-01-01,2000-03-13,72,25,19.634089,20.683819,18.7344,80.69292,6.578966,2.7069135,84.978584,75.45376,8.050333,4.8069377
22.0,121.0,2000-01-01,2000-03-13,72,25,21.901634,23.188442,20.904,78.762825,5.3214483,2.0306458,83.95915,72.38739,6.316116,4.309725
22.0,122.0,2000-01-01,2000-03-13,72,25,22.377571,22.873116,21.825571,78.63331,7.8600936,1.6342243,82.4983,75.76592,9.228714,6.446524
23.0,120.0,2000-01-01,2000-03-13,72,25,20.79718,22.127169,19.815483,79.93162,4.976656,2.5961366,85.17154,72.49715,6.162761,3.8109787
24.0,122.0,2000-01-01,2000-03-13,72,25,19.243423,20.51915,18.249958,79.58221,5.4801598,5.0814915,83.54992,74.33049,6.872546,3.992779
25.0,122.0,2000-01-01,2000-03-13,72,25,19.846962,20.526417,19.099764,77.9008,6.796886,3.9279194,80.91217,74.8554,8.318307,5.1899085
25.0,121.0,2000-01-01,2000-03-13,72,25,18.59207,19.726559,17.601557,80.12937,5.8005176,3.2690492,84.416306,75.35187,7.083601,4.315512
25.0,120.0,2000-01-01,2000-03-13,72,25,16.568567,18.24422,15.300219,82.02747,5.430485,2.9245043,87.515656,74.20915,6.7330713,3.983938
23.0,121.0,2000-01-01,2000-03-13,72,25,19.131935,21.42437,17.650743,81.2163,2.8797178,4.3176327,87.35947,71.08537,3.8744116,1.9794953
23.0,122.0,2000-01-01,2000-03-13,72,25,19.608892,20.896606,18.63409,80.889175,5.35505,3.9242578,85.03513,75.52763,6.585752,4.005295
24.0,121.0,2000-01-01,2000-03-13,72,25,17.974121,19.777363,16.719477,81.97657,4.274433,4.421393,87.321365,74.1732,5.591791,2.9052713
23.0,122.0,2000-01-01,2000-03-14,73,25,19.592718,20.86078,18.529272,80.25375,5.0855465,2.9705932,84.29273,74.87689,5.996624,3.9505084
24.0,122.0,2000-01-01,2000-03-14,73,25,19.267962,20.482807,18.156925,78.70538,5.055054,4.1653576,82.633514,73.61788,6.198022,3.8335993
23.0,120.0,2000-01-01,2000-03-14,73,25,20.92231,22.34452,20.000092,80.12855,4.5492845,1.4163332,85.36291,72.374954,5.53227,3.5102296
22.0,121.0,2000-01-01,2000-03-14,73,25,21.855574,23.173447,20.879663,78.6571,5.1616707,1.6143945,83.57974,71.81626,6.1322603,4.2532682
25.0,120.0,2000-01-01,2000-03-14,73,25,17.000282,18.919865,15.70108,81.8561,5.380277,3.7988422,88.165436,72.80998,6.6107817,4.0711956
22.0,120.0,2000-01-01,2000-03-14,73,25,22.146807,23.522139,21.191435,78.39662,4.871301,1.9125476,83.48006,71.00623,5.9377155,3.849278
24.0,121.0,2000-01-01,2000-03-14,73,25,18.232979,20.178532,16.892113,81.613144,4.0480466,4.607862,87.01128,72.98253,4.9663987,3.056123
25.0,122.0,2000-01-01,2000-03-14,73,25,20.027716,20.618086,19.302597,76.498825,6.5422063,3.84645,79.488846,73.398026,7.5768375,5.377066
24.0,120.0,2000-01-01,2000-03-14,73,25,20.002213,21.040049,19.258568,80.81634,6.1810126,2.9470966,85.51176,74.920944,7.4009056,4.8650618
22.0,122.0,2000-01-01,2000-03-14,73,25,22.299873,22.717793,21.745092,78.16242,7.722929,1.4993421,81.4174,75.420815,8.865635,6.503157
25.0,121.0,2000-01-01,2000-03-14,73,25,19.005932,20.08689,18.141996,79.15293,5.6312776,4.28529,83.5423,73.52917,6.664657,4.3430614
23.0,121.0,2000-01-01,2000-03-14,73,25,19.147102,21.485645,17.538921,80.96249,2.5469527,3.0841198,86.90061,70.49171,3.3489022,1.851763
24.0,120.0,2000-01-01,2000-03-15,74,25,20.112679,21.147886,19.325808,81.09529,5.5895495,1.815918,85.5194,75.75644,7.347511,3.5616028
22.0,121.0,2000-01-01,2000-03-15,74,25,21.853552,23.180937,20.97066,78.06078,5.168762,2.5660412,82.74906,71.2188,6.062633,4.317786
22.0,122.0,2000-01-01,2000-03-15,74,25,22.236774,22.620293,21.77648,77.16738,7.4122553,2.6624775,80.19078,74.617615,8.728752,6.1818895
25.0,121.0,2000-01-01,2000-03-15,74,25,19.279364,20.33913,18.433548,79.22664,5.3405223,2.2669718,83.76325,74.2515,6.7017365,3.6695445
23.0,122.0,2000-01-01,2000-03-15,74,25,19.572826,20.830605,18.696217,79.53773,4.7541585,3.9445238,83.41449,73.85377,5.8044143,3.697448
23.0,120.0,2000-01-01,2000-03-15,74,25,20.990715,22.362783,20.098166,79.91019,4.051607,2.1192646,85.08196,72.380714,5.3192906,2.7852895
24.0,122.0,2000-01-01,2000-03-15,74,25,19.358099,20.487139,18.499174,77.643814,4.676368,3.4708874,81.155785,72.91157,5.7617793,3.42171
25.0,122.0,2000-01-01,2000-03-15,74,25,20.30788,20.753847,19.727707,75.39573,6.257503,2.2010534,78.48788,72.75015,7.452644,4.973774
24.0,121.0,2000-01-01,2000-03-15,74,25,18.316587,20.198586,17.158798,81.81869,3.5500224,3.5380285,86.85855,73.48855,4.713627,2.193734
23.0,121.0,2000-01-01,2000-03-15,74,25,19.18826,21.494556,17.786236,80.66144,2.447556,3.8490026,86.659645,70.071945,3.2373846,1.8252813
25.0,120.0,2000-01-01,2000-03-15,74,25,17.11322,18.939617,15.903382,82.174835,5.195227,2.067993,87.671455,74.147736,6.7444935,3.4709382
22.0,120.0,2000-01-01,2000-03-15,74,25,22.181398,23.524023,21.274443,78.17143,5.1930723,2.5526137,82.93728,71.39436,6.1093616,4.2534885
24.0,121.0,2000-01-01,2000-03-16,75,25,18.505451,20.48707,17.190052,82.34548,3.0088437,4.5059004,87.89794,73.79259,4.1488194,1.8039961
25.0,122.0,2000-01-01,2000-03-16,75,25,20.47134,21.248789,19.581696,76.66135,6.021371,3.7176337,80.31192,73.08594,7.494411,4.4908886
23.0,122.0,2000-01-01,2000-03-16,75,25,19.822502,21.064976,18.80494,79.76376,4.2307496,4.5687656,83.822586,73.89438,5.302471,2.954177
22.0,121.0,2000-01-01,2000-03-16,75,25,22.048822,23.29104,21.155098,78.46922,4.846444,2.5433166,82.95708,71.63568,5.765472,3.7581232
23.0,120.0,2000-01-01,2000-03-16,75,25,21.19229,22.64255,20.283539,80.450745,3.7594962,2.1636782,85.28959,72.35751,4.9700594,2.630318
24.0,122.0,2000-01-01,2000-03-16,75,25,19.60621,20.85854,18.509008,77.81771,4.740514,4.870592,81.64581,72.658066,5.658363,3.699825
22.0,122.0,2000-01-01,2000-03-16,75,25,22.441822,22.879482,21.84442,77.55533,6.837652,3.0978472,80.593285,75.262825,8.258581,5.2923164
25.0,121.0,2000-01-01,2000-03-16,75,25,19.383999,20.635757,18.288866,80.97859,4.5429997,3.3535836,85.77915,75.30968,6.080974,2.9661207
24.0,120.0,2000-01-01,2000-03-16,75,25,20.263409,21.41457,19.374632,81.912186,4.974277,2.655343,86.46864,75.78926,6.5676155,3.4833736
23.0,121.0,2000-01-01,2000-03-16,75,25,19.428015,21.734512,18.004076,80.92089,2.2460942,4.0200605,86.91746,70.08509,3.0554461,1.3740748
25.0,120.0,2000-01-01,2000-03-16,75,25,17.293125,19.223925,15.899969,83.28698,4.6272283,3.452157,89.06328,75.08727,6.032078,3.2164261
22.0,120.0,2000-01-01,2000-03-16,75,25,22.427729,23.740698,21.525763,78.04113,4.8688946,2.33183,82.603905,71.01015,5.9329796,3.9134088
24.0,122.0,2000-01-01,2000-03-17,76,25,19.547823,20.80204,18.507511,78.66336,4.749683,5.479524,82.826935,73.608894,6.067609,3.3176348
22.0,120.0,2000-01-01,2000-03-17,76,25,22.48509,23.87458,21.473095,77.6944,4.8609996,1.2363647,82.95278,70.323494,5.97502,3.7074738
23.0,121.0,2000-01-01,2000-03-17,76,25,19.534792,21.852476,18.061495,80.73731,2.3500774,3.6829584,87.00735,69.71925,3.163571,1.5370084
24.0,121.0,2000-01-01,2000-03-17,76,25,18.275826,20.207575,16.980875,82.5331,3.6440516,5.452368,87.72179,74.16904,4.972299,2.337605
25.0,120.0,2000-01-01,2000-03-17,76,25,16.686346,18.493639,15.350734,82.89597,5.473172,3.9866104,88.50634,75.60578,6.9573717,3.7852173
22.0,122.0,2000-01-01,2000-03-17,76,25,22.499172,22.944086,21.979609,78.244316,6.740384,1.8427515,82.00913,75.32259,8.35217,5.3376927
23.0,122.0,2000-01-01,2000-03-17,76,25,19.853985,21.13147,18.931751,80.56759,4.4557924,4.2374644,84.79551,74.88425,5.6063867,3.2670004
22.0,121.0,2000-01-01,2000-03-17,76,25,22.181625,23.519653,21.182335,78.22485,4.612937,1.2845829,83.48292,71.03579,5.744903,3.578557
25.0,121.0,2000-01-01,2000-03-17,76,25,18.802683,20.010948,17.676529,80.977585,5.832266,5.262549,85.684456,75.390076,7.4779863,3.962643
25.0,122.0,2000-01-01,2000-03-17,76,25,20.060669,20.861889,19.18679,77.28184,6.201763,5.287572,80.46595,74.237595,8.203644,4.047206
24.0,120.0,2000-01-01,2000-03-17,76,25,19.80306,20.978584,18.801378,81.87234,6.164619,3.3152237,86.787834,75.438995,8.086269,4.0450153
23.0,120.0,2000-01-01,2000-03-17,76,25,21.067026,22.575336,19.958658,80.026375,4.5075626,1.5360479,85.4706,71.61582,5.8300686,3.0674856
23.0,120.0,2000-01-01,2000-03-18,77,25,20.937159,22.28683,20.034273,79.45876,5.0398803,2.7623909,84.90818,71.61524,6.1228013,3.980085
25.0,121.0,2000-01-01,2000-03-18,77,25,18.62195,19.575914,17.767208,79.745186,6.25597,4.883669,84.53474,74.44354,7.4704485,4.9661856
23.0,122.0,2000-01-01,2000-03-18,77,25,19.660822,20.808306,18.79176,80.6865,5.128332,4.092346,85.159744,75.00602,6.077548,4.0036955
25.0,122.0,2000-01-01,2000-03-18,77,25,19.743742,20.32763,19.14602,77.47218,7.025839,5.3481445,80.77885,74.25695,8.495328,5.566117
25.0,120.0,2000-01-01,2000-03-18,77,25,16.614737,18.210724,15.419611,81.28083,5.73795,4.0484233,86.44867,74.092316,6.799902,4.4679246
22.0,120.0,2000-01-01,2000-03-18,77,25,22.296747,23.564926,21.416626,78.02611,5.1596193,2.3980114,83.35085,71.05054,6.2196975,3.9033337
22.0,121.0,2000-01-01,2000-03-18,77,25,22.017979,23.258852,21.148829,78.24089,5.1435986,1.5267346,83.45543,71.33727,6.202888,4.0880537
24.0,122.0,2000-01-01,2000-03-18,77,25,19.252607,20.316298,18.338776,79.25571,5.386769,5.6984863,83.298294,74.29836,6.5756006,4.182781
22.0,122.0,2000-01-01,2000-03-18,77,25,22.360996,22.808725,21.832094,78.37311,7.467047,1.7846087,82.14921,75.337326,8.939637,5.8297744
24.0,120.0,2000-01-01,2000-03-18,77,25,19.73275,20.700499,18.90046,80.46248,6.858107,4.1643677,84.94174,74.86375,8.027634,5.344131
23.0,121.0,2000-01-01,2000-03-18,77,25,19.316416,21.472832,18.021341,80.70525,2.8316855,3.8360004,87.023155,70.201096,3.56359,2.1113558
24.0,121.0,2000-01-01,2000-03-18,77,25,18.11743,19.884968,16.96939,81.67736,4.355298,5.234926,86.57743,73.41807,5.386787,3.191709
25.0,121.0,2000-01-01,2000-03-19,78,25,19.03989,20.124691,18.092096,79.71011,5.6578026,3.533948,83.73587,74.46659,7.232764,3.899247
22.0,122.0,2000-01-01,2000-03-19,78,25,22.544697,22.996323,21.978155,78.13974,6.7623925,1.3253986,81.96082,75.4194,8.141313,5.2957177
22.0,121.0,2000-01-01,2000-03-19,78,25,22.077393,23.281929,21.1927,78.30354,4.639345,1.3116596,83.42037,71.38674,5.656537,3.656578
24.0,121.0,2000-01-01,2000-03-19,78,25,18.438816,20.327362,17.30172,81.51216,3.6109438,3.6023066,86.90245,72.64006,4.834093,2.257505
22.0,120.0,2000-01-01,2000-03-19,78,25,22.276497,23.523867,21.406109,78.32541,4.6925893,1.6455209,83.26319,71.232285,5.8078303,3.6333447
23.0,120.0,2000-01-01,2000-03-19,78,25,21.07455,22.436407,20.154215,79.67896,4.439142,1.8301535,84.734505,71.87333,5.7443194,3.0782125
25.0,122.0,2000-01-01,2000-03-19,78,25,20.246157,20.869532,19.525904,77.20538,6.1441045,4.9417243,80.21159,74.12483,7.6286106,4.579204
24.0,122.0,2000-01-01,2000-03-19,78,25,19.659185,20.75961,18.772924,78.8192,4.590547,5.0152745,82.81396,73.74686,5.84202,3.2315457
23.0,122.0,2000-01-01,2000-03-19,78,25,19.95703,21.145714,19.086472,80.46351,4.394423,3.0523827,84.84693,74.48724,5.50994,3.268339
25.0,120.0,2000-01-01,2000-03-19,78,25,16.803326,18.489012,15.645275,81.51335,5.580283,2.9361103,87.011505,73.64283,6.980996,3.9078054
23.0,121.0,2000-01-01,2000-03-19,78,25,19.488962,21.727314,18.176868,80.80441,2.421607,3.0352905,86.73427,69.93224,3.2188663,1.6640376
24.0,120.0,2000-01-01,2000-03-19,78,25,20.019478,21.081158,19.214825,80.423805,6.0267706,2.4002218,85.18181,74.57416,7.69678,4.0332623
22.0,121.0,2000-01-01,2000-03-20,79,25,22.331793,23.630552,21.360308,78.83091,4.599486,2.414178,84.34758,71.475975,5.6457562,3.4830072
24.0,120.0,2000-01-01,2000-03-20,79,25,19.982126,20.895693,19.207413,81.68399,5.5881066,2.9738696,86.167244,76.30833,7.057129,3.9989147
23.0,121.0,2000-01-01,2000-03-20,79,25,19.66954,21.901108,18.188873,81.13711,2.3801925,4.8699303,87.651405,70.68751,3.1309037,1.6961827
24.0,121.0,2000-01-01,2000-03-20,79,25,18.448494,20.205065,17.266232,82.70375,3.4495678,5.165952,87.824005,74.87834,4.5022435,2.2869177
24.0,122.0,2000-01-01,2000-03-20,79,25,19.802834,20.90578,18.874393,79.89048,4.8640575,6.1510606,83.822014,75.11392,6.1021733,3.639106
23.0,122.0,2000-01-01,2000-03-20,79,25,20.15095,21.354956,19.228918,81.190056,4.2319875,4.3142066,85.33196,75.53513,5.2101007,3.1962674
22.0,122.0,2000-01-01,2000-03-20,79,25,22.812483,23.247255,22.245079,79.02868,6.5361724,1.8532782,82.40691,76.013115,7.8933496,4.967472
25.0,122.0,2000-01-01,2000-03-20,79,25,20.411911,20.949091,19.798042,78.53891,6.4195857,4.745726,81.79226,75.27425,7.774992,5.056998
23.0,120.0,2000-01-01,2000-03-20,79,25,21.207975,22.559473,20.248653,80.10116,4.2724686,2.6696093,85.80867,72.480225,5.268078,3.2237763
22.0,120.0,2000-01-01,2000-03-20,79,25,22.50754,23.8002,21.54794,78.3743,4.639813,3.0925834,83.74762,71.366135,5.605559,3.6137774
25.0,121.0,2000-01-01,2000-03-20,79,25,19.072449,20.009325,18.277624,81.22128,5.349863,3.7581756,85.53369,76.00091,6.7166176,3.755018
25.0,120.0,2000-01-01,2000-03-20,79,25,16.883934,18.50149,15.796984,82.65078,4.877922,2.9232123,88.19078,75.107796,6.0701613,3.527468
25.0,121.0,2000-01-01,2000-03-21,80,25,19.376526,20.4366,18.561207,79.97897,5.3376527,3.7077026,84.32453,74.45423,6.577982,4.017001
22.0,120.0,2000-01-01,2000-03-21,80,25,22.66824,23.973858,21.768892,79.51743,4.802528,2.205934,84.96526,72.504166,5.877201,3.6175692
23.0,121.0,2000-01-01,2000-03-21,80,25,19.792358,22.04021,18.429283,81.447754,2.4858832,3.5581646,88.06805,70.74243,3.432533,1.7272558
25.0,120.0,2000-01-01,2000-03-21,80,25,17.332565,19.216764,16.085583,82.4016,5.032505,2.8578615,88.592155,73.42865,6.4202247,3.6753254
23.0,122.0,2000-01-01,2000-03-21,80,25,20.180637,21.392422,19.33723,81.36431,4.58036,3.527035,85.72181,75.37499,5.69151,3.5259643
22.0,122.0,2000-01-01,2000-03-21,80,25,22.786753,23.165474,22.33954,79.876785,7.010806,1.9456964,83.27109,77.11027,8.105152,5.8390107
25.0,122.0,2000-01-01,2000-03-21,80,25,20.529732,21.039629,19.85148,77.56327,6.231884,4.866452,80.57078,74.79957,7.575922,4.9162
24.0,122.0,2000-01-01,2000-03-21,80,25,19.872696,21.044737,18.98002,79.40744,4.877662,5.1935997,83.90803,73.96733,6.0456834,3.7985687
23.0,120.0,2000-01-01,2000-03-21,80,25,21.447964,22.8902,20.489752,80.160515,4.3553343,1.8830578,86.20794,72.034645,5.3216686,3.2371063
24.0,121.0,2000-01-01,2000-03-21,80,25,18.706013,20.632074,17.515392,82.013466,3.5405908,4.032102,87.767365,73.036644,4.635603,2.4832635
24.0,120.0,2000-01-01,2000-03-21,80,25,20.355911,21.502779,19.529299,80.75113,5.657504,2.3646967,85.729645,74.41551,7.0137105,4.1803703
22.0,121.0,2000-01-01,2000-03-21,80,25,22.399729,23.659765,21.51751,79.80279,4.902213,1.9779648,85.29273,72.84861,5.840077,3.8991082
25.0,122.0,2000-01-01,2000-03-22,81,25,20.510292,21.054747,19.897911,77.12841,6.6477222,3.2697718,80.60677,74.30632,8.053839,5.2458286
22.0,122.0,2000-01-01,2000-03-22,81,25,22.602768,23.066856,22.072891,79.13005,7.355924,1.0389465,82.40318,76.43592,8.60749,5.772124
24.0,122.0,2000-01-01,2000-03-22,81,25,19.697796,20.920683,18.764458,79.262825,5.177905,3.6942675,83.439865,73.851456,6.2222013,4.0332522
23.0,122.0,2000-01-01,2000-03-22,81,25,19.97774,21.276577,19.048431,81.08997,4.9873285,2.709468,85.17963,75.3676,6.0598965,3.800116
24.0,121.0,2000-01-01,2000-03-22,81,25,18.721975,20.730122,17.408575,81.53401,3.7682474,2.7222853,87.07553,72.45419,4.9291334,2.5326643
22.0,121.0,2000-01-01,2000-03-22,81,25,22.33829,23.736538,21.384912,78.824684,5.038233,1.1295743,83.55208,71.62394,5.980658,3.9178154
24.0,120.0,2000-01-01,2000-03-22,81,25,20.484608,21.659796,19.592897,80.18667,6.218363,0.84973997,85.18467,73.74158,7.728783,4.5567293
23.0,120.0,2000-01-01,2000-03-22,81,25,21.480007,22.988863,20.488628,79.598335,4.6824646,0.91991824,85.14389,71.179924,5.7377954,3.537789
25.0,120.0,2000-01-01,2000-03-22,81,25,17.528118,19.4007,16.179659,81.19406,5.411565,1.0163647,87.17748,72.77536,6.712491,3.811786
23.0,121.0,2000-01-01,2000-03-22,81,25,19.711357,22.058857,18.237633,80.97097,2.6822708,2.8007154,86.9339,69.87395,3.351871,1.9812583
25.0,121.0,2000-01-01,2000-03-22,81,25,19.546795,20.683706,18.628565,79.181435,5.641593,2.302362,83.98161,73.25428,6.898884,4.4242625
22.0,120.0,2000-01-01,2000-03-22,81,25,22.648998,24.088516,21.681543,78.44771,5.3044086,1.0914291,83.40627,70.794815,6.2929835,4.186841
24.0,121.0,2000-01-01,2000-03-23,82,25,18.872475,20.714453,17.698362,82.0417,3.2130995,3.761048,87.28829,73.74035,4.1658325,2.0372763
25.0,121.0,2000-01-01,2000-03-23,82,25,19.800922,20.820948,19.033602,80.110146,4.836201,3.7766132,85.40063,74.556526,5.8424625,3.657852
25.0,122.0,2000-01-01,2000-03-23,82,25,20.80447,21.328432,20.096626,77.49474,6.536785,5.100771,81.61869,73.84074,7.70832,5.092895
23.0,120.0,2000-01-01,2000-03-23,82,25,21.662273,23.174063,20.706459,79.32086,4.039601,1.3162842,84.881966,70.96316,4.9416356,2.96902
23.0,122.0,2000-01-01,2000-03-23,82,25,20.13449,21.389887,19.121973,80.60938,4.533075,3.002992,84.844666,74.612946,5.625761,3.3258176
24.0,120.0,2000-01-01,2000-03-23,82,25,20.648785,21.663654,19.911644,80.87763,4.928129,2.2678866,85.36106,75.31445,6.16662,3.4789462
22.0,121.0,2000-01-01,2000-03-23,82,25,22.414017,23.77139,21.416529,78.35843,4.8420305,1.1621708,83.58394,70.71728,6.065203,3.7989042
23.0,121.0,2000-01-01,2000-03-23,82,25,19.879543,22.224937,18.405758,80.50686,2.5679634,2.8150032,86.9462,69.31898,3.4574358,1.7242085
22.0,122.0,2000-01-01,2000-03-23,82,25,22.667202,23.12545,22.037003,78.64451,6.8465185,1.3483258,82.235794,75.725945,8.530808,5.282669
22.0,120.0,2000-01-01,2000-03-23,82,25,22.72854,24.109848,21.778173,78.09427,5.1203613,1.1887192,83.38219,70.35377,6.158582,4.07944
25.0,120.0,2000-01-01,2000-03-23,82,25,17.778908,19.528505,16.619593,82.51028,4.5133805,3.5535285,88.61526,74.27411,5.7914433,3.077292
24.0,122.0,2000-01-01,2000-03-23,82,25,19.88828,21.01165,18.895575,79.23513,5.1577764,5.0864353,82.99874,74.14928,6.068577,3.96201
23.0,122.0,2000-01-01,2000-03-24,83,25,20.400629,21.715649,19.426434,81.81687,4.286375,3.2908094,86.25756,75.64165,5.42946,3.1023867
23.0,120.0,2000-01-01,2000-03-24,83,25,21.830284,23.451553,20.727173,79.89938,3.9841926,2.57548,85.96165,70.98828,5.2339144,2.6567636
24.0,121.0,2000-01-01,2000-03-24,83,25,19.077587,21.006407,17.796171,82.27878,3.338042,5.2790294,88.03822,73.48856,4.388496,2.1309474
25.0,122.0,2000-01-01,2000-03-24,83,25,20.797668,21.341856,20.215372,78.85265,6.038328,5.263161,81.825485,76.026634,7.4675593,4.3518705
22.0,121.0,2000-01-01,2000-03-24,83,25,22.699278,24.143408,21.677124,79.1629,4.65714,1.3349392,84.879295,71.19817,5.594606,3.6650732
23.0,121.0,2000-01-01,2000-03-24,83,25,20.129528,22.54494,18.60105,80.93177,2.4052174,3.3228528,88.27737,69.14669,3.293855,1.5976281
25.0,121.0,2000-01-01,2000-03-24,83,25,19.76234,20.921045,18.873646,81.10596,5.1392994,5.633949,85.621025,75.41811,6.3312335,3.4747677
25.0,120.0,2000-01-01,2000-03-24,83,25,17.809835,19.555267,16.59466,83.53219,4.841756,5.637616,89.20245,75.66779,6.19487,3.1202734
22.0,120.0,2000-01-01,2000-03-24,83,25,23.001318,24.505766,21.94227,78.68612,4.5679073,1.6343173,84.748055,70.5162,5.6290174,3.5016906
24.0,120.0,2000-01-01,2000-03-24,83,25,20.772547,21.991508,19.898918,81.24756,5.211709,4.5359316,86.249275,74.940994,6.742043,3.2700286
22.0,122.0,2000-01-01,2000-03-24,83,25,22.968515,23.417212,22.366327,80.19919,6.646618,1.3041174,83.25827,77.4762,7.890539,5.430466
24.0,122.0,2000-01-01,2000-03-24,83,25,20.125332,21.332373,19.190722,79.83977,4.8208146,4.9045753,83.71215,74.71179,6.1125517,3.3752506
23.0,121.0,2000-01-01,2000-03-25,84,25,20.013048,22.30301,18.550812,81.80734,2.4081936,4.0701265,88.18202,70.84383,3.2062943,1.6629825
23.0,122.0,2000-01-01,2000-03-25,84,25,20.349627,21.62727,19.445314,82.16449,4.4668097,3.4948707,86.53826,76.039856,5.410043,3.3142798
23.0,120.0,2000-01-01,2000-03-25,84,25,21.702065,23.118496,20.735743,80.4806,4.214582,2.2058043,85.929405,72.27141,5.2854433,3.0360289
22.0,121.0,2000-01-01,2000-03-25,84,25,22.620855,23.902748,21.706993,79.72803,4.5642047,1.7782534,84.81073,72.36035,5.4768715,3.6452181
25.0,122.0,2000-01-01,2000-03-25,84,25,20.949532,21.5062,20.338795,78.48567,6.25834,4.9212584,81.68193,75.869316,7.591095,4.676758
24.0,121.0,2000-01-01,2000-03-25,84,25,19.005878,20.906729,17.770012,82.613846,3.4921765,4.855648,87.97166,73.98845,4.474919,2.3892941
25.0,120.0,2000-01-01,2000-03-25,84,25,17.795994,19.53147,16.509665,82.65272,5.1533704,3.2174618,88.13183,74.66206,6.3452044,3.743082
22.0,122.0,2000-01-01,2000-03-25,84,25,22.95595,23.311974,22.525597,80.26374,6.7497783,1.1990284,83.35621,77.280205,7.8060412,5.519619
24.0,122.0,2000-01-01,2000-03-25,84,25,20.092487,21.263487,19.217882,80.424126,4.920103,5.908805,84.657196,75.263084,6.1390133,3.5514944
22.0,120.0,2000-01-01,2000-03-25,84,25,22.875505,24.179272,21.945127,79.397316,4.4289446,2.3403869,84.58251,72.035545,5.4093113,3.3549104
25.0,121.0,2000-01-01,2000-03-25,84,25,19.876318,20.82832,19.00718,80.47702,5.2250237,3.8696241,84.587685,75.62122,6.5625844,3.7338603
24.0,120.0,2000-01-01,2000-03-25,84,25,20.689487,21.7508,19.857061,81.31317,5.692367,2.9962094,86.08015,75.397484,7.0602894,4.2802677
23.0,122.0,2000-01-01,2000-03-26,85,25,20.40509,21.598623,19.457586,81.917595,4.16878,4.2730103,85.933945,76.39541,5.234262,2.8550684
25.0,122.0,2000-01-01,2000-03-26,85,25,20.935566,21.514463,20.199766,77.05826,5.974561,3.9962182,80.4569,74.22715,7.4829116,4.1196885
23.0,120.0,2000-01-01,2000-03-26,85,25,21.819246,23.31712,20.776802,79.63646,4.128352,1.550849,85.62497,71.507805,5.360829,2.9383283
24.0,122.0,2000-01-01,2000-03-26,85,25,20.122265,21.25748,19.129675,79.79461,4.741457,5.9771166,84.02588,74.82253,5.9972506,3.464545
22.0,120.0,2000-01-01,2000-03-26,85,25,23.04373,24.389263,22.06121,78.765236,4.131459,1.3787314,83.99743,71.33317,5.3443103,3.1416597
25.0,121.0,2000-01-01,2000-03-26,85,25,19.918146,20.962252,19.013346,79.00233,5.3075957,2.7318773,84.07941,73.76941,6.744914,3.6217465
22.0,122.0,2000-01-01,2000-03-26,85,25,23.032356,23.473883,22.47168,79.90269,6.3003173,1.1431372,82.80877,77.514725,7.5374937,5.106083
25.0,120.0,2000-01-01,2000-03-26,85,25,17.766573,19.546698,16.412306,81.90412,4.9725976,2.6885438,88.27873,73.88986,6.303507,3.4709113
22.0,121.0,2000-01-01,2000-03-26,85,25,22.760769,24.09019,21.783419,79.2337,4.2205467,1.2313321,84.50064,71.925934,5.3096123,3.1721468
23.0,121.0,2000-01-01,2000-03-26,85,25,20.131798,22.371914,18.679337,81.38431,2.2684422,4.361819,87.799225,70.72129,3.0607693,1.4687207
24.0,120.0,2000-01-01,2000-03-26,85,25,20.774275,21.93847,19.827583,80.23559,5.7169995,1.9109558,85.68519,74.31212,7.3234673,4.1171427
24.0,121.0,2000-01-01,2000-03-26,85,25,19.092434,20.960693,17.8307,81.955605,3.5123498,4.710635,87.78202,73.885254,4.674332,2.4005036
22.0,120.0,2000-01-01,2000-03-27,86,25,23.0136,24.420513,21.992886,78.03497,4.8737803,1.7304864,83.4486,70.73349,5.8646364,3.788115
24.0,120.0,2000-01-01,2000-03-27,86,25,20.750689,21.97024,19.684563,79.881645,5.5191197,3.7312198,85.47747,73.27549,7.425602,3.2899628
24.0,122.0,2000-01-01,2000-03-27,86,25,19.961668,21.092241,18.911974,78.92564,4.533512,5.5097876,82.71417,74.087234,5.852129,2.9634025
22.0,122.0,2000-01-01,2000-03-27,86,25,22.958342,23.461226,22.353144,79.26905,6.721674,1.2055829,82.4941,76.5879,8.229232,5.201935
23.0,121.0,2000-01-01,2000-03-27,86,25,20.042194,22.310575,18.519224,80.748085,2.4294708,4.265586,87.34161,70.70667,3.2251656,1.5534282
22.0,121.0,2000-01-01,2000-03-27,86,25,22.724054,24.131802,21.703638,78.47868,4.7074375,1.5238812,83.875824,71.2452,5.7570677,3.57084
25.0,120.0,2000-01-01,2000-03-27,86,25,17.752987,19.693928,16.194918,81.07918,4.9931216,3.708637,87.72913,72.78892,6.669161,3.0197484
23.0,122.0,2000-01-01,2000-03-27,86,25,20.278131,21.499737,19.273668,81.42568,4.2961903,3.9491198,85.19384,76.50354,5.652666,2.7988605
25.0,121.0,2000-01-01,2000-03-27,86,25,19.817291,20.988197,18.695162,78.37838,5.5585103,3.5111904,84.39801,72.13543,7.1173506,3.7240167
24.0,121.0,2000-01-01,2000-03-27,86,25,18.976135,20.85766,17.633297,81.82672,3.4762638,4.979697,87.49041,73.66225,4.8569136,1.7929285
25.0,122.0,2000-01-01,2000-03-27,86,25,20.790577,21.51791,19.922043,75.75429,6.2924495,4.0409765,80.19999,71.60086,7.9283147,4.2504587
23.0,120.0,2000-01-01,2000-03-27,86,25,21.822971,23.325668,20.716934,78.80093,4.071514,3.0106993,85.243576,70.70059,5.4271083,2.5628364
23.0,120.0,2000-01-01,2000-03-28,87,25,21.714615,23.138378,20.691006,79.100266,4.040984,1.1794107,84.718376,70.89515,5.133516,2.8820384
22.0,120.0,2000-01-01,2000-03-28,87,25,22.929155,24.287388,21.962412,78.23473,4.6235976,1.7339127,83.79385,70.511955,5.7561216,3.503358
25.0,121.0,2000-01-01,2000-03-28,87,25,19.748085,20.763906,18.910769,78.66356,5.324071,2.3812268,83.30959,74.05201,6.723783,3.8701007
24.0,121.0,2000-01-01,2000-03-28,87,25,18.965103,20.74954,17.704742,81.511635,3.4146774,3.4044433,86.768456,73.62587,4.6207576,2.3364162
22.0,121.0,2000-01-01,2000-03-28,87,25,22.604403,23.891119,21.65082,78.62384,4.5311875,1.4638333,84.038864,71.35896,5.6209173,3.5893142
23.0,122.0,2000-01-01,2000-03-28,87,25,20.287575,21.486221,19.34779,80.72374,4.241377,3.3574488,85.25081,75.094,5.1996303,3.0655265
25.0,122.0,2000-01-01,2000-03-28,87,25,20.743359,21.414072,20.042662,76.24928,6.292182,3.5094225,79.72503,73.22104,7.8261595,4.8111134
25.0,120.0,2000-01-01,2000-03-28,87,25,17.636646,19.304867,16.49402,81.159065,5.100842,2.1727664,86.88293,73.69895,6.292844,3.6440873
24.0,122.0,2000-01-01,2000-03-28,87,25,19.972927,21.147066,19.013536,78.864204,4.710051,4.537561,82.99518,73.9771,5.7424083,3.7156663
22.0,122.0,2000-01-01,2000-03-28,87,25,22.907652,23.311186,22.379677,78.61211,6.6219354,1.6185864,82.24978,75.60803,7.8062024,5.4671116
24.0,120.0,2000-01-01,2000-03-28,87,25,20.69132,21.677008,19.891613,79.74837,5.52066,1.385108,84.34787,74.1718,6.99409,3.9525993
23.0,121.0,2000-01-01,2000-03-28,87,25,19.9826,22.23752,18.483288,80.9215,2.220321,3.2042506,87.55156,70.16163,3.0147643,1.5194505
22.0,121.0,2000-01-01,2000-03-29,88,25,22.679968,24.043463,21.591396,78.45777,4.7706966,1.3832977,84.08518,71.36218,5.8569155,3.707101
25.0,120.0,2000-01-01,2000-03-29,88,25,17.700695,19.19443,16.618294,81.47261,5.248842,4.179622,87.76792,74.40169,6.340809,3.898848
23.0,122.0,2000-01-01,2000-03-29,88,25,20.248703,21.514076,19.209713,80.9675,4.528085,3.3895202,85.892624,74.96176,5.3688655,3.4929516
22.0,122.0,2000-01-01,2000-03-29,88,25,22.85746,23.359259,22.183716,78.93036,6.788666,1.2355908,82.78293,75.58475,8.151975,5.476279
25.0,122.0,2000-01-01,2000-03-29,88,25,20.829458,21.364756,20.273262,75.881256,6.2470174,3.9162562,80.18818,72.2302,7.507929,4.562494
23.0,120.0,2000-01-01,2000-03-29,88,25,21.815483,23.269293,20.75455,78.81166,4.325525,2.5640216,84.63936,71.03769,5.4095955,3.1493387
24.0,121.0,2000-01-01,2000-03-29,88,25,18.938244,20.722095,17.66776,81.38662,3.4924088,4.333738,87.41369,73.489525,4.4709325,2.43922
25.0,121.0,2000-01-01,2000-03-29,88,25,19.796045,20.73789,19.079283,78.20734,5.5046787,3.4844325,83.57082,72.876305,6.594088,4.1275597
24.0,122.0,2000-01-01,2000-03-29,88,25,19.983921,21.13499,19.03919,78.84727,4.837329,4.7652564,83.29863,73.64293,6.0696015,3.6214848
23.0,121.0,2000-01-01,2000-03-29,88,25,20.069304,22.405352,18.506432,80.64714,2.4834788,3.5347838,87.55681,70.08847,3.2422433,1.7304648
22.0,120.0,2000-01-01,2000-03-29,88,25,22.993097,24.412125,21.942295,78.36497,4.920632,1.8026092,83.844734,70.87775,6.0117383,3.7143514
24.0,120.0,2000-01-01,2000-03-29,88,25,20.678198,21.662657,19.887306,79.62716,5.743618,3.3660245,84.77543,74.15182,7.191785,4.1403947
24.0,122.0,2000-01-01,2000-03-30,89,25,20.10362,21.279575,19.125225,79.52239,4.9249544,5.297742,83.58625,74.60483,6.0030766,3.8320837
24.0,120.0,2000-01-01,2000-03-30,89,25,20.931236,21.961697,20.121803,80.06495,5.3015246,3.0073938,85.18381,74.58487,6.901575,3.5426798
23.0,121.0,2000-01-01,2000-03-30,89,25,20.079878,22.281578,18.613947,81.240135,2.4842443,4.3974695,87.6776,71.18272,3.403966,1.5242375
25.0,120.0,2000-01-01,2000-03-30,89,25,18.216333,20.083895,16.9132,81.6349,4.855321,3.0467618,88.221146,73.6536,6.3691444,3.1632528
25.0,121.0,2000-01-01,2000-03-30,89,25,20.013365,21.077978,19.094995,79.3146,5.379613,2.7882807,85.25231,73.77084,6.8761206,3.6918192
22.0,120.0,2000-01-01,2000-03-30,89,25,23.03272,24.336176,22.089912,78.55106,4.842193,3.4196885,84.11524,71.68964,5.9456434,3.7183664
24.0,121.0,2000-01-01,2000-03-30,89,25,19.139118,20.941387,17.899714,82.04949,3.3911285,4.6605296,87.57698,74.39501,4.7690325,1.8882401
23.0,120.0,2000-01-01,2000-03-30,89,25,21.878101,23.274126,20.916166,79.236404,3.9461746,2.743418,84.77396,71.731926,5.1707587,2.6616476
22.0,122.0,2000-01-01,2000-03-30,89,25,23.047182,23.517637,22.442305,79.24058,6.4421544,2.6723132,82.692635,76.559494,8.01581,4.8482466
23.0,122.0,2000-01-01,2000-03-30,89,25,20.393593,21.61316,19.512222,81.5664,4.3569503,4.7066126,85.858536,75.97788,5.530927,3.0664642
22.0,121.0,2000-01-01,2000-03-30,89,25,22.734848,23.977564,21.836885,78.79292,4.5038605,2.3604226,84.17606,72.17586,5.682983,3.4919267
25.0,122.0,2000-01-01,2000-03-30,89,25,20.965393,21.635279,20.119537,76.97615,6.4069667,3.4245727,81.62884,73.1375,8.041575,4.5419364
22.0,120.0,2000-01-01,2000-03-31,90,25,23.051935,24.337608,22.150991,78.96893,5.003475,4.027346,83.928314,72.54086,6.021914,4.021694
25.0,120.0,2000-01-01,2000-03-31,90,25,18.383875,20.265663,17.129675,81.11973,4.857416,3.1661446,87.69374,72.51719,6.060275,3.490222
23.0,121.0,2000-01-01,2000-03-31,90,25,20.12632,22.283218,18.759586,80.84855,2.45773,3.9300013,87.146706,71.03419,3.2262235,1.826834
24.0,120.0,2000-01-01,2000-03-31,90,25,21.042475,22.0848,20.260479,79.56077,5.347226,2.6769474,85.23078,73.46938,6.6191387,3.9417875
24.0,121.0,2000-01-01,2000-03-31,90,25,19.22454,21.021162,18.090717,81.3259,3.5442274,4.1231785,87.27055,73.29734,4.4810805,2.5221813
23.0,122.0,2000-01-01,2000-03-31,90,25,20.359947,21.442799,19.480911,81.94019,4.4870243,4.1356897,86.32236,76.48348,5.5555534,3.3394194
22.0,122.0,2000-01-01,2000-03-31,90,25,23.021547,23.502827,22.44683,80.53787,6.8914876,3.1377594,84.151054,77.746185,8.068001,5.359484
22.0,121.0,2000-01-01,2000-03-31,90,25,22.789402,24.063501,21.864195,79.33665,4.8358784,2.93909,84.48248,72.94791,5.78697,3.774339
23.0,120.0,2000-01-01,2000-03-31,90,25,21.950401,23.310137,21.035425,79.083244,4.0686293,2.477666,85.177704,71.43086,5.002757,3.0960815
25.0,122.0,2000-01-01,2000-03-31,90,25,21.084858,21.648155,20.48059,76.81612,6.350121,4.117988,81.348114,73.0804,7.429727,5.079629
25.0,121.0,2000-01-01,2000-03-31,90,25,20.182575,21.225204,19.401476,78.854965,5.206981,3.593996,84.53802,73.08189,6.26348,3.995127
24.0,122.0,2000-01-01,2000-03-31,90,25,20.138582,21.194014,19.258812,79.07882,4.889145,4.6526504,83.96261,73.57256,5.834882,3.8239222
23.0,121.0,2000-01-01,2000-04-01,91,25,20.398369,22.624931,18.939499,81.07946,2.2682238,6.2105346,88.04359,70.81725,3.0265892,1.4954304
24.0,122.0,2000-01-01,2000-04-01,91,25,20.373219,21.482256,19.398169,79.98293,4.551268,7.025659,84.50988,75.18214,5.8773994,3.0878713
24.0,120.0,2000-01-01,2000-04-01,91,25,21.187134,22.220806,20.290009,81.32572,5.187648,5.7323275,86.90669,75.8064,6.995993,3.335878
22.0,120.0,2000-01-01,2000-04-01,91,25,23.342222,24.732494,22.359247,78.94163,4.6337013,3.2820683,84.851906,71.82904,5.654182,3.5442495
23.0,122.0,2000-01-01,2000-04-01,91,25,20.684965,21.896997,19.721762,82.17746,4.0650167,5.8769765,86.60119,76.41264,5.3425493,2.7575502
22.0,122.0,2000-01-01,2000-04-01,91,25,23.359043,23.844257,22.788198,80.671814,6.281786,3.1374164,84.51026,77.25861,7.6972594,4.920903
25.0,120.0,2000-01-01,2000-04-01,91,25,18.42557,20.15599,17.096062,83.03039,4.6973352,6.161405,89.32132,75.10476,6.1683283,3.3028295
25.0,122.0,2000-01-01,2000-04-01,91,25,21.257568,21.857882,20.536806,78.145226,5.874579,6.277362,82.07508,74.688484,7.364372,4.104933
22.0,121.0,2000-01-01,2000-04-01,91,25,23.073921,24.411318,22.123062,79.478386,4.47063,3.4731083,85.45389,72.293076,5.4329896,3.346892
25.0,121.0,2000-01-01,2000-04-01,91,25,20.304832,21.336939,19.33691,80.48489,5.093415,6.738186,85.85782,75.372986,6.663014,3.6515074
23.0,120.0,2000-01-01,2000-04-01,91,25,22.183569,23.651636,21.170752,79.86459,3.9495096,4.445397,86.031364,72.029205,5.141322,2.7749875
24.0,121.0,2000-01-01,2000-04-01,91,25,19.407898,21.182358,18.048538,82.529335,3.1635306,7.49166,88.860275,74.68797,4.371261,1.8502731
25.0,122.0,2000-01-01,2000-04-02,92,25,21.28801,21.828823,20.619068,77.72851,6.5025654,3.3620288,81.60133,74.472664,7.6021533,5.200895
24.0,122.0,2000-01-01,2000-04-02,92,25,20.283054,21.29018,19.457666,80.090164,5.2926693,5.248932,83.67236,75.56334,6.2669125,4.0234094
23.0,120.0,2000-01-01,2000-04-02,92,25,22.148584,23.460014,21.29418,80.12432,4.240577,3.0321314,85.86123,72.61041,5.3065963,3.0075235
24.0,121.0,2000-01-01,2000-04-02,92,25,19.383574,21.066675,18.31925,82.22527,3.5761166,5.076808,87.29855,74.66749,4.5971828,2.3361366
22.0,122.0,2000-01-01,2000-04-02,92,25,23.145967,23.634825,22.60402,80.48479,7.4230914,3.0522723,83.6401,77.83237,8.823282,5.508578
22.0,121.0,2000-01-01,2000-04-02,92,25,22.904076,24.138477,22.039385,79.96234,5.2173686,2.8926673,84.97785,73.776184,6.214131,4.0248475
23.0,121.0,2000-01-01,2000-04-02,92,25,20.280832,22.385532,18.974127,81.85172,2.8090715,4.8381605,87.66982,72.57557,3.4875994,2.1120522
23.0,122.0,2000-01-01,2000-04-02,92,25,20.524176,21.60519,19.658817,82.24179,4.963939,4.998683,85.9215,77.36771,5.993669,3.6321387
25.0,121.0,2000-01-01,2000-04-02,92,25,20.400227,21.377857,19.500679,79.66412,5.043043,3.1865497,84.93946,74.053444,6.203132,3.7356281
25.0,120.0,2000-01-01,2000-04-02,92,25,18.670752,20.347536,17.457766,81.96527,4.4916005,3.1462655,88.178215,73.80037,5.604456,3.2086413
22.0,120.0,2000-01-01,2000-04-02,92,25,23.167593,24.41286,22.30669,79.85918,5.2824125,3.747469,85.0467,73.37822,6.195707,4.2318907
24.0,120.0,2000-01-01,2000-04-02,92,25,21.244879,22.189814,20.5273,80.52886,5.27007,3.2759664,85.58312,74.621796,6.71916,3.538847
22.0,122.0,2000-01-01,2000-04-03,93,25,23.43171,23.885492,22.939663,80.98155,7.1779156,2.385561,84.59538,77.26734,8.482065,5.924826
23.0,121.0,2000-01-01,2000-04-03,93,25,20.692732,22.96121,19.296097,81.7206,2.5689003,5.238652,89.1525,70.8371,3.467009,1.9111809
24.0,121.0,2000-01-01,2000-04-03,93,25,20.021826,21.978897,18.825497,82.477745,3.3854868,6.272587,89.02017,73.32391,4.3694615,2.1986268
22.0,121.0,2000-01-01,2000-04-03,93,25,23.243628,24.543222,22.390215,80.02887,5.05356,2.803652,85.79802,72.745346,5.8144493,4.24249
23.0,120.0,2000-01-01,2000-04-03,93,25,22.667253,24.165903,21.695084,80.60037,4.110113,3.1753564,87.216446,72.15695,5.2677293,3.06022
25.0,122.0,2000-01-01,2000-04-03,93,25,22.018055,22.499058,21.478872,78.23064,5.8810396,3.9746423,82.732086,74.17473,7.014249,4.5879183
23.0,122.0,2000-01-01,2000-04-03,93,25,20.882597,22.056353,20.03219,82.5296,4.65062,4.8184266,87.39328,76.35287,5.6658845,3.3923535
25.0,120.0,2000-01-01,2000-04-03,93,25,19.459887,21.262402,18.22151,82.93458,4.4947925,4.6340985,88.97874,74.53811,5.7229767,3.1242783
24.0,120.0,2000-01-01,2000-04-03,93,25,21.989052,23.164219,21.165522,81.374214,5.1267066,4.2193646,87.15716,74.63274,6.554055,3.3678536
24.0,122.0,2000-01-01,2000-04-03,93,25,20.791365,21.893301,19.997046,80.11069,4.8783727,4.945681,85.36129,74.01208,6.004177,3.5623624
22.0,120.0,2000-01-01,2000-04-03,93,25,23.577053,24.913261,22.676748,79.73189,4.868568,2.8256254,85.70871,72.46923,5.7870426,4.023609
25.0,121.0,2000-01-01,2000-04-03,93,25,21.25934,22.41327,20.473812,80.38949,4.598484,5.2914457,86.08326,73.8082,5.700388,3.2811155
24.0,120.0,2000-01-01,2000-04-04,94,25,22.303734,23.381557,21.495102,83.16867,4.7860203,4.4090652,87.68576,77.22652,6.234977,3.0231323
24.0,122.0,2000-01-01,2000-04-04,94,25,21.208254,22.30563,20.346336,82.58388,4.885623,6.7418275,86.51918,77.538605,5.899595,3.6303277
22.0,120.0,2000-01-01,2000-04-04,94,25,23.916885,25.291275,22.988096,80.94325,4.4172716,4.103584,86.318436,73.41723,5.5382366,3.3468192
25.0,121.0,2000-01-01,2000-04-04,94,25,21.549883,22.562872,20.750463,82.263985,4.9756956,5.08686,86.97266,76.83826,6.0053086,3.8634963
25.0,120.0,2000-01-01,2000-04-04,94,25,19.863213,21.491508,18.7265,84.307816,4.75204,5.210458,89.81758,76.72429,6.0154567,3.3402767
22.0,121.0,2000-01-01,2000-04-04,94,25,23.607698,24.989674,22.624966,81.77681,4.748414,3.5441957,87.36294,74.29092,5.741171,3.8441384
22.0,122.0,2000-01-01,2000-04-04,94,25,23.81923,24.283281,23.193247,83.33625,6.800321,2.5127032,86.88816,80.422874,8.054452,5.518652
23.0,120.0,2000-01-01,2000-04-04,94,25,23.013134,24.47731,22.019468,82.252556,3.7076576,4.082222,88.00792,74.14643,4.775084,2.4569657
23.0,122.0,2000-01-01,2000-04-04,94,25,21.360054,22.628115,20.366457,84.42213,4.501405,4.980962,88.82744,78.48243,5.4016085,3.396182
24.0,121.0,2000-01-01,2000-04-04,94,25,20.444208,22.267572,19.227812,83.82754,3.2768242,6.3307557,89.107956,75.6617,4.2525105,2.07318
25.0,122.0,2000-01-01,2000-04-04,94,25,22.303001,22.771822,21.748476,81.1611,6.334778,5.50281,84.28247,78.2071,7.4820313,4.989666
23.0,121.0,2000-01-01,2000-04-04,94,25,21.146927,23.41953,19.712362,82.94363,2.410596,6.0100145,89.48624,72.355545,3.2737267,1.5801718
25.0,121.0,2000-01-01,2000-04-05,95,25,21.28546,22.372831,20.335442,81.23811,5.172827,6.9562836,85.531364,76.50105,6.5590553,3.632347
22.0,120.0,2000-01-01,2000-04-05,95,25,24.019665,25.378515,22.965513,80.611206,4.535842,3.1802862,85.72885,73.73156,5.7551184,3.4365587
22.0,121.0,2000-01-01,2000-04-05,95,25,23.687056,25.0425,22.555025,81.77008,4.658473,3.2544422,86.94663,75.20987,5.801114,3.5726118
24.0,120.0,2000-01-01,2000-04-05,95,25,22.155235,23.140831,21.30437,82.151306,5.0869813,6.226852,86.63287,77.0385,6.8095074,3.1985452
24.0,121.0,2000-01-01,2000-04-05,95,25,20.416824,22.144829,19.062132,82.97177,3.3973746,7.7573133,87.95994,76.33699,4.665932,2.0102236
23.0,120.0,2000-01-01,2000-04-05,95,25,23.050117,24.45811,21.97541,81.311516,3.931429,3.8650978,86.8465,73.96594,5.164363,2.5339377
24.0,122.0,2000-01-01,2000-04-05,95,25,21.268675,22.498062,20.14267,81.24926,5.0551305,6.605879,85.33823,76.60751,6.2719154,3.490033
25.0,120.0,2000-01-01,2000-04-05,95,25,19.734856,21.341284,18.492342,84.09033,4.5436506,5.919845,89.57261,76.9928,5.8666606,3.0202267
23.0,122.0,2000-01-01,2000-04-05,95,25,21.446531,22.801846,20.316053,83.89011,4.715357,5.9589086,88.069786,78.50816,5.886071,3.2719278
22.0,122.0,2000-01-01,2000-04-05,95,25,23.82633,24.42001,23.102257,83.56492,6.8887267,3.8107777,87.28183,80.06566,8.518647,5.2044764
23.0,121.0,2000-01-01,2000-04-05,95,25,21.30537,23.584312,19.6656,82.212715,2.5840728,5.4053187,88.627266,72.543915,3.3299448,1.8374597
25.0,122.0,2000-01-01,2000-04-05,95,25,22.126087,22.95331,21.258217,79.667946,6.6180644,5.809985,83.65028,75.79385,8.124717,4.9317365
22.0,120.0,2000-01-01,2000-04-06,96,25,23.6372,24.712074,22.792612,81.18796,5.0626674,6.034411,85.56038,75.80708,6.2714605,3.8716285
24.0,121.0,2000-01-01,2000-04-06,96,25,20.112648,21.720465,18.96852,82.00706,4.228995,7.3329344,86.95918,75.39011,5.4818807,2.76815
25.0,122.0,2000-01-01,2000-04-06,96,25,21.699533,22.290474,21.017754,77.59587,7.070689,5.6193724,81.28918,74.37547,8.332353,5.5271196
23.0,122.0,2000-01-01,2000-04-06,96,25,21.035269,22.044622,20.179815,83.34255,5.1199822,5.953579,86.975334,78.8826,6.5945754,3.479918
24.0,120.0,2000-01-01,2000-04-06,96,25,21.938828,22.867376,21.197094,80.40459,6.1927614,5.577259,85.10195,75.19271,7.8121843,4.2420444
22.0,121.0,2000-01-01,2000-04-06,96,25,23.33642,24.389122,22.495092,81.424286,5.2244396,5.657521,85.62786,75.9892,6.3108025,4.2281837
25.0,120.0,2000-01-01,2000-04-06,96,25,19.581314,21.199883,18.270922,81.651085,5.5680723,4.494188,87.8093,73.92086,7.1544313,3.7092896
24.0,122.0,2000-01-01,2000-04-06,96,25,20.746294,21.732021,19.865425,80.873886,5.1843247,7.627129,84.71274,76.34356,6.402778,3.7735455
23.0,120.0,2000-01-01,2000-04-06,96,25,22.651657,23.789402,21.813032,81.15331,4.6825156,6.60143,85.797676,75.31628,5.7032557,3.594718
25.0,121.0,2000-01-01,2000-04-06,96,25,21.076204,22.066355,20.213875,78.56772,5.9477215,5.3105335,83.59366,73.45354,7.349681,4.291539
22.0,122.0,2000-01-01,2000-04-06,96,25,23.551062,24.00585,23.073418,82.07461,7.6221514,3.2441895,84.65883,79.71982,9.287962,5.9180007
23.0,121.0,2000-01-01,2000-04-06,96,25,20.819118,22.664352,19.501184,82.80499,2.746351,8.358329,87.95755,75.09514,3.4959664,1.9980911
24.0,122.0,2000-01-01,2000-04-07,97,25,20.796343,21.800709,19.97714,81.05292,4.7605147,5.783751,85.322716,75.95668,6.1333222,3.2769194
22.0,121.0,2000-01-01,2000-04-07,97,25,23.481722,24.723503,22.591377,81.04702,5.1338625,3.029231,86.45669,74.33331,6.1710725,4.1204777
25.0,121.0,2000-01-01,2000-04-07,97,25,21.2493,22.246826,20.322186,79.914566,5.30465,5.830747,85.04353,74.5934,6.450474,3.7717035
23.0,120.0,2000-01-01,2000-04-07,97,25,22.822542,24.152552,21.950869,81.36261,4.2901216,3.8519845,87.168495,73.96087,5.327113,2.952857
22.0,120.0,2000-01-01,2000-04-07,97,25,23.820366,25.06482,22.93587,80.83929,5.065936,4.8367896,86.10638,74.03012,6.1614666,3.9464011
23.0,121.0,2000-01-01,2000-04-07,97,25,20.966259,23.077452,19.647131,82.37779,2.5385437,4.8572364,88.67938,72.942986,3.357366,1.7993746
24.0,121.0,2000-01-01,2000-04-07,97,25,20.231579,21.953964,19.071016,82.45359,3.4388976,6.098082,87.76871,74.827194,4.5390673,2.1412773
22.0,122.0,2000-01-01,2000-04-07,97,25,23.640375,24.05099,23.12556,81.70887,7.3098826,2.6725678,85.03624,78.66385,8.468083,6.0016646
23.0,122.0,2000-01-01,2000-04-07,97,25,21.126656,22.27717,20.296497,82.91573,4.6102037,4.509033,87.143105,77.48959,5.675724,3.3651845
25.0,122.0,2000-01-01,2000-04-07,97,25,21.804363,22.390518,21.134296,78.70999,6.720091,5.521611,82.741234,74.93706,8.124903,5.1588664
24.0,120.0,2000-01-01,2000-04-07,97,25,22.080938,23.034328,21.29772,81.4592,5.4937944,5.094967,86.62783,75.751854,6.828051,3.7476957
25.0,120.0,2000-01-01,2000-04-07,97,25,19.485529,21.0563,18.199139,82.35352,5.0436106,5.907652,88.3997,75.03386,6.47183,3.1872492
24.0,121.0,2000-01-01,2000-04-08,98,25,20.570366,22.238432,19.400843,83.8409,3.5763907,5.0241466,89.00908,77.15832,4.6389766,2.4402785
23.0,122.0,2000-01-01,2000-04-08,98,25,21.510248,22.646877,20.601622,83.82378,4.5524535,4.0515504,87.99307,78.93383,5.568375,3.282912
25.0,122.0,2000-01-01,2000-04-08,98,25,22.222168,22.702509,21.625084,80.12856,6.6137877,4.063756,83.976364,76.678,7.8575916,5.3231697
22.0,120.0,2000-01-01,2000-04-08,98,25,24.083406,25.378124,23.048634,82.074646,4.83999,3.9044585,86.685814,75.52224,5.98632,3.557679
22.0,122.0,2000-01-01,2000-04-08,98,25,23.894123,24.394512,23.294548,82.688156,6.737567,2.1564124,86.159424,79.76504,7.976155,5.2777925
23.0,121.0,2000-01-01,2000-04-08,98,25,21.358143,23.443031,19.902376,83.431786,2.5417843,4.913673,89.38097,74.57711,3.4949722,1.687726
23.0,120.0,2000-01-01,2000-04-08,98,25,23.041018,24.474024,22.039757,82.78701,4.164701,3.9181936,88.02759,75.83705,5.4752836,2.7989092
25.0,121.0,2000-01-01,2000-04-08,98,25,21.53914,22.537325,20.69226,81.802704,5.2216735,4.6796055,86.72817,76.92241,6.5489964,3.6756568
22.0,121.0,2000-01-01,2000-04-08,98,25,23.743792,25.013647,22.762686,82.17516,4.773449,3.0215876,87.09051,76.012184,5.797385,3.5893967
24.0,120.0,2000-01-01,2000-04-08,98,25,22.247059,23.312466,21.406225,83.21086,5.4124436,4.0271406,88.10759,77.75016,7.1597357,3.4157276
24.0,122.0,2000-01-01,2000-04-08,98,25,21.263193,22.290989,20.400263,82.012276,5.0365157,4.396096,85.97381,77.54078,6.1330175,3.8809378
25.0,120.0,2000-01-01,2000-04-08,98,25,19.705032,21.20499,18.475946,84.16298,4.9791794,4.797405,89.8185,77.43737,6.3557806,3.2714844
24.0,121.0,2000-01-01,2000-04-09,99,25,20.48828,22.117622,19.217318,84.09071,3.8219306,8.196735,88.31836,78.01098,5.0050535,2.3552477
22.0,120.0,2000-01-01,2000-04-09,99,25,24.136744,25.412773,23.148457,81.781105,4.201801,2.8766112,86.50681,75.42526,5.263435,3.2475073
22.0,122.0,2000-01-01,2000-04-09,99,25,24.069496,24.574272,23.408901,82.41697,6.5464435,2.5909655,85.50387,79.304825,8.041091,5.1554103
23.0,121.0,2000-01-01,2000-04-09,99,25,21.411161,23.498838,19.965563,83.455154,2.39375,5.764181,88.95648,74.44832,3.2547245,1.5312653
25.0,121.0,2000-01-01,2000-04-09,99,25,21.20371,22.271822,20.22181,82.28355,5.857796,7.654135,86.09618,78.40213,7.189798,4.0928226
23.0,122.0,2000-01-01,2000-04-09,99,25,21.651133,22.819063,20.687246,83.80069,4.4992094,6.1215405,87.43935,78.991425,5.6489024,3.26744
23.0,120.0,2000-01-01,2000-04-09,99,25,22.986317,24.33871,21.919428,82.76706,4.2289305,3.4005973,87.20613,76.26382,5.443348,2.8505096
25.0,122.0,2000-01-01,2000-04-09,99,25,22.007822,22.74045,21.299639,80.796234,6.735167,7.048965,84.05662,77.75442,8.113413,4.793838
25.0,120.0,2000-01-01,2000-04-09,99,25,19.555943,21.136757,18.247612,84.03888,5.377683,6.82894,88.946815,77.85876,6.8103886,3.3701353
22.0,121.0,2000-01-01,2000-04-09,99,25,23.831049,25.113228,22.82066,81.95962,4.3750362,2.2342145,86.70476,75.568535,5.4128666,3.250863
24.0,120.0,2000-01-01,2000-04-09,99,25,22.05816,23.066904,21.127876,83.419785,5.8664184,5.838645,87.01101,79.41438,7.653464,3.8103428
24.0,122.0,2000-01-01,2000-04-09,99,25,21.303293,22.332422,20.340303,82.47618,4.8619213,7.589126,85.9632,78.151054,6.2106566,3.1111624
24.0,121.0,2000-01-01,2000-04-10,100,25,20.218487,21.703917,19.097258,83.609695,4.3132677,6.0196095,88.12236,77.96717,5.3732347,2.9447293
22.0,122.0,2000-01-01,2000-04-10,100,25,23.868036,24.330805,23.338097,82.52432,6.853012,6.517353,85.7482,79.6037,8.141176,5.101767
22.0,121.0,2000-01-01,2000-04-10,100,25,23.667454,24.772993,22.788565,81.78004,4.56233,4.8150806,86.146835,76.29303,5.5095177,3.4175117
22.0,120.0,2000-01-01,2000-04-10,100,25,23.950674,25.10647,23.103998,81.23937,4.328208,3.9871368,85.585686,75.539505,5.331755,3.2202222
23.0,120.0,2000-01-01,2000-04-10,100,25,22.779974,23.994335,21.901499,81.9178,4.6751175,4.0677037,86.05117,76.37677,5.7507653,3.5690114
23.0,122.0,2000-01-01,2000-04-10,100,25,21.388945,22.473076,20.530376,84.11631,4.7861953,8.20131,87.65159,79.59161,5.94007,3.1767151
25.0,122.0,2000-01-01,2000-04-10,100,25,21.67912,22.228657,21.056005,78.98358,7.0517454,4.0347643,82.56094,75.549324,8.384332,5.544021
25.0,121.0,2000-01-01,2000-04-10,100,25,20.933283,21.838858,20.149578,80.110916,6.196786,3.613601,84.39415,76.15521,7.414579,4.6545205
23.0,121.0,2000-01-01,2000-04-10,100,25,21.187096,23.021116,19.875914,83.45681,2.5506177,6.506671,88.56753,75.72883,3.4104595,1.7619766
24.0,120.0,2000-01-01,2000-04-10,100,25,21.806152,22.709566,21.056734,82.10442,6.5806127,3.596818,85.705246,78.34773,8.01249,4.6962833
25.0,120.0,2000-01-01,2000-04-10,100,25,19.190586,20.634773,18.04437,82.14249,5.9672594,3.275161,87.09343,76.249306,7.292079,4.3877797
24.0,122.0,2000-01-01,2000-04-10,100,25,20.974861,21.918238,20.148405,82.34082,5.3465466,6.436787,86.12904,78.429535,6.5889125,3.873746
24.0,122.0,2000-01-01,2000-04-11,101,25,20.876368,21.76108,20.084833,80.90064,4.6946263,6.3983703,84.391014,76.57299,5.8566923,3.3808362
25.0,120.0,2000-01-01,2000-04-11,101,25,19.16917,20.743994,17.977745,81.937256,5.374522,5.414219,88.27126,74.843094,6.6270533,3.8062785
22.0,122.0,2000-01-01,2000-04-11,101,25,23.725357,24.148272,23.206005,81.55729,6.90171,1.8729187,84.553024,78.72153,8.338189,5.3213935
24.0,120.0,2000-01-01,2000-04-11,101,25,21.858767,22.865372,21.03233,81.42448,5.937705,4.784944,86.5469,75.663345,7.630666,3.8870401
23.0,121.0,2000-01-01,2000-04-11,101,25,21.041777,22.846241,19.846786,82.57937,2.470238,5.282955,88.09794,74.315735,3.1787887,1.7307708
23.0,120.0,2000-01-01,2000-04-11,101,25,22.775951,24.02211,21.892916,80.68394,4.4336476,3.8187177,85.588974,73.76363,5.4065537,3.1478083
22.0,121.0,2000-01-01,2000-04-11,101,25,23.59522,24.707989,22.764032,80.71621,4.7315345,2.3157263,85.392845,74.79644,5.8988366,3.5903714
22.0,120.0,2000-01-01,2000-04-11,101,25,23.937231,25.116596,23.085321,80.11774,4.7446485,2.5510187,84.64626,74.132965,6.132679,3.4530668
23.0,122.0,2000-01-01,2000-04-11,101,25,21.173618,22.13749,20.39016,83.350494,4.6339684,4.843506,87.08551,78.60615,5.75646,3.3649185
25.0,121.0,2000-01-01,2000-04-11,101,25,21.131748,22.095337,20.264929,79.67563,5.3402185,4.9811754,85.131874,74.51434,6.8475194,3.776049
25.0,122.0,2000-01-01,2000-04-11,101,25,21.866798,22.470152,21.120747,77.48154,6.2170243,5.1376905,81.483345,73.79235,7.61516,4.8405166
24.0,121.0,2000-01-01,2000-04-11,101,25,20.130842,21.660654,19.064268,83.30471,3.6167004,6.2442613,88.87693,76.41443,4.8793507,2.241918
24.0,120.0,2000-01-01,2000-04-12,102,25,22.07073,22.887764,21.350786,81.90907,5.2392993,3.710545,86.600945,76.84741,6.509013,3.7171247
25.0,120.0,2000-01-01,2000-04-12,102,25,19.527107,20.936533,18.424603,82.6998,4.761324,4.576326,88.76562,75.49288,6.1383686,3.166797
23.0,121.0,2000-01-01,2000-04-12,102,25,21.173899,23.090752,19.907581,82.55612,2.471585,4.6367493,88.38559,73.68252,3.2437985,1.7120504
25.0,122.0,2000-01-01,2000-04-12,102,25,22.27603,22.882008,21.65065,79.6212,6.219914,6.3789964,83.25041,76.36885,7.81015,4.504966
23.0,122.0,2000-01-01,2000-04-12,102,25,21.439146,22.455898,20.640953,83.468506,4.4054966,4.5815063,87.29996,78.63335,5.47908,3.2044544
22.0,121.0,2000-01-01,2000-04-12,102,25,23.728094,24.86942,22.9273,80.5645,4.7694874,2.1651354,85.455696,74.3909,5.708426,3.8426678
23.0,120.0,2000-01-01,2000-04-12,102,25,22.95311,24.229408,22.113604,80.74279,4.0730205,2.675389,85.82866,73.763596,4.9505577,2.9640238
22.0,122.0,2000-01-01,2000-04-12,102,25,23.992348,24.369473,23.477383,81.582855,6.7097654,2.1086762,84.987404,78.940895,8.038218,5.180936
25.0,121.0,2000-01-01,2000-04-12,102,25,21.412073,22.26191,20.635094,81.310394,5.149981,5.253815,86.21836,76.36993,6.4483275,3.6710083
24.0,121.0,2000-01-01,2000-04-12,102,25,20.297453,21.767447,19.301996,83.71409,3.2194068,5.6642723,88.97112,76.90982,4.2495713,2.0413008
24.0,122.0,2000-01-01,2000-04-12,102,25,21.17288,22.121435,20.355005,81.8569,4.7238994,6.787323,85.37033,77.63689,5.752548,3.4283822
22.0,120.0,2000-01-01,2000-04-12,102,25,23.966377,25.15413,23.166964,79.90415,5.0669026,3.135288,84.83528,73.65125,6.0395565,3.9976473
22.0,122.0,2000-01-01,2000-04-13,103,25,24.223564,24.69233,23.663027,81.44707,5.9556804,2.23396,84.6421,78.68139,7.0709815,4.784287
23.0,121.0,2000-01-01,2000-04-13,103,25,21.433167,23.578896,19.994532,82.57724,2.112857,6.471936,88.76392,73.236916,2.686925,1.5660976
25.0,122.0,2000-01-01,2000-04-13,103,25,22.469528,22.998228,21.911715,79.78314,6.32327,6.3742785,83.37332,76.65821,7.690915,4.928043
25.0,121.0,2000-01-01,2000-04-13,103,25,21.652945,22.720757,20.750792,81.546265,5.1173587,6.0144806,85.69034,76.50475,6.291327,4.045542
24.0,120.0,2000-01-01,2000-04-13,103,25,22.326445,23.409145,21.480757,81.92575,5.136135,4.3720217,86.02997,76.770775,6.493074,3.6376724
23.0,122.0,2000-01-01,2000-04-13,103,25,21.698227,22.879902,20.792086,83.19291,3.8693268,5.39833,86.80895,78.25939,4.7710433,2.8106658
23.0,120.0,2000-01-01,2000-04-13,103,25,23.184254,24.613012,22.209435,80.82751,3.8705893,3.5492675,86.31704,73.61413,4.7464743,2.9676795
22.0,121.0,2000-01-01,2000-04-13,103,25,23.9594,25.253624,23.044893,80.71442,4.1382637,3.3139753,85.762566,74.400345,5.0405397,3.3452578
24.0,121.0,2000-01-01,2000-04-13,103,25,20.581158,22.323277,19.302767,83.6729,3.0589356,7.28401,88.5626,76.39398,4.1184773,2.0396016
24.0,122.0,2000-01-01,2000-04-13,103,25,21.409058,22.47269,20.484303,81.76132,4.527927,7.635875,85.23936,77.39648,5.511615,3.30638
25.0,120.0,2000-01-01,2000-04-13,103,25,19.861294,21.552212,18.59999,83.85797,4.692083,6.1777477,89.06221,76.985565,5.773414,3.5945082
22.0,120.0,2000-01-01,2000-04-13,103,25,24.194033,25.503027,23.287193,80.419304,4.457754,3.1552856,85.69635,74.02083,5.5803432,3.4524343
23.0,120.0,2000-01-01,2000-04-14,104,25,23.262075,24.648325,22.273638,81.62094,3.934478,4.479361,87.37825,73.60364,4.985819,2.7248223
23.0,122.0,2000-01-01,2000-04-14,104,25,21.876614,23.113466,20.96608,82.935585,4.0229573,5.103756,87.03178,77.33537,4.9345646,2.9579017
22.0,121.0,2000-01-01,2000-04-14,104,25,24.00264,25.306719,23.068077,80.59616,4.3837724,2.778313,86.074646,73.378265,5.159483,3.6064217
22.0,120.0,2000-01-01,2000-04-14,104,25,24.220354,25.535034,23.272743,80.34861,4.626673,3.3636377,85.92877,72.86636,5.4356937,3.6576712
24.0,122.0,2000-01-01,2000-04-14,104,25,21.61939,22.659853,20.803106,81.84009,4.5219183,6.491084,85.631,77.20758,5.599705,3.2379827
25.0,122.0,2000-01-01,2000-04-14,104,25,22.740757,23.188858,22.22377,80.04301,5.82719,5.7458425,83.876686,76.70798,7.242271,4.4516144
22.0,122.0,2000-01-01,2000-04-14,104,25,24.339993,24.820415,23.842827,80.83769,6.1053786,2.0065424,84.412796,77.70522,7.021412,5.0451818
24.0,121.0,2000-01-01,2000-04-14,104,25,20.798756,22.53063,19.664515,84.01041,3.2071805,6.94793,89.259705,76.210945,4.2479234,1.9493384
24.0,120.0,2000-01-01,2000-04-14,104,25,22.516542,23.497202,21.711489,82.806915,5.0707603,5.55602,87.57386,77.043175,6.5531144,3.3414466
25.0,120.0,2000-01-01,2000-04-14,104,25,20.28816,22.018276,18.978487,84.25467,4.3438606,6.2155056,90.02796,76.05764,5.513545,2.882452
25.0,121.0,2000-01-01,2000-04-14,104,25,21.93137,22.919117,21.114092,82.052605,4.723003,6.1904798,87.18872,76.29301,5.968272,3.380057
23.0,121.0,2000-01-01,2000-04-14,104,25,21.538738,23.71646,20.145628,82.82241,2.294578,5.872183,89.256775,72.78086,3.1314502,1.4389548
25.0,120.0,2000-01-01,2000-04-15,105,25,20.462141,22.197788,19.19237,83.50097,4.4037514,4.6390934,90.32745,75.221275,6.3695226,2.463041
25.0,121.0,2000-01-01,2000-04-15,105,25,21.901915,22.937412,21.090366,80.5634,4.9227657,5.348003,86.646835,74.29645,6.390014,3.3757093
24.0,120.0,2000-01-01,2000-04-15,105,25,22.567993,23.607285,21.777315,81.71625,4.9339795,4.886286,87.643234,75.166374,6.781945,3.1243064
24.0,122.0,2000-01-01,2000-04-15,105,25,21.483938,22.542841,20.585922,81.24447,4.6502495,8.080542,85.51451,76.64186,5.9493074,3.2675958
23.0,121.0,2000-01-01,2000-04-15,105,25,21.4775,23.448809,20.062386,82.74093,2.3472183,6.760967,88.644554,74.082375,3.1745865,1.497458
22.0,120.0,2000-01-01,2000-04-15,105,25,24.214819,25.36664,23.294838,80.39323,4.401225,4.5057173,85.22719,74.604515,5.7090297,3.115256
23.0,122.0,2000-01-01,2000-04-15,105,25,21.81527,23.01834,20.80983,83.04947,4.4960175,6.1121545,87.30965,77.84527,5.735742,2.870696
22.0,121.0,2000-01-01,2000-04-15,105,25,24.021181,25.215761,23.033794,80.94754,4.451228,3.541665,85.92877,74.72061,5.6603026,3.2189574
25.0,122.0,2000-01-01,2000-04-15,105,25,22.608896,23.168999,21.981186,78.71993,6.079765,6.8799806,83.12939,74.871414,7.3875194,4.527212
22.0,122.0,2000-01-01,2000-04-15,105,25,24.35854,24.969902,23.623178,81.36486,6.6843896,2.8876758,84.99244,78.00571,8.247846,5.0080314
24.0,121.0,2000-01-01,2000-04-15,105,25,20.76613,22.454653,19.55253,83.28469,3.3509402,6.5479527,88.783264,75.673775,4.6497126,2.0756674
23.0,120.0,2000-01-01,2000-04-15,105,25,23.285507,24.591578,22.345942,81.11715,3.7350793,5.092873,86.88392,73.811714,4.990441,2.456611
24.0,121.0,2000-01-01,2000-04-16,106,25,20.674717,22.189068,19.55221,82.55959,3.332073,10.134805,87.31814,75.958015,4.6104956,1.9047096
24.0,120.0,2000-01-01,2000-04-16,106,25,22.547752,23.490795,21.838188,81.5327,4.8828826,8.995295,86.16173,76.31198,6.5312405,2.7687287
24.0,122.0,2000-01-01,2000-04-16,106,25,21.385096,22.316582,20.606474,80.194565,4.4713216,8.869238,83.650055,75.8488,5.7300725,3.0557044
23.0,120.0,2000-01-01,2000-04-16,106,25,23.222462,24.498814,22.336786,80.63001,3.6864917,8.261639,85.69281,73.91516,4.8792934,2.3541903
22.0,121.0,2000-01-01,2000-04-16,106,25,23.883423,24.997324,23.0331,79.956154,4.733365,5.3148594,84.722275,74.00095,5.7231665,3.6481485
25.0,122.0,2000-01-01,2000-04-16,106,25,22.523321,22.9608,21.935175,77.78846,6.1915765,7.802052,81.37565,74.604866,7.6492543,4.658145
25.0,121.0,2000-01-01,2000-04-16,106,25,21.823576,22.701645,21.100698,79.95087,5.193419,9.051138,84.86719,74.80609,6.4940104,3.6089294
23.0,121.0,2000-01-01,2000-04-16,106,25,21.342756,23.223091,19.99386,81.67707,2.4463818,9.39719,87.418434,73.37433,3.3537862,1.6658117
25.0,120.0,2000-01-01,2000-04-16,106,25,20.197254,21.623194,19.11828,82.85332,4.5556703,8.618095,88.31937,75.61185,5.9263015,2.888696
22.0,122.0,2000-01-01,2000-04-16,106,25,24.271414,24.734488,23.720985,80.24668,6.8485694,2.3091822,83.34315,77.62112,8.314179,5.240284
23.0,122.0,2000-01-01,2000-04-16,106,25,21.73114,22.718246,20.945606,81.847946,4.5233912,6.40098,85.54126,77.10614,5.630472,3.2939723
22.0,120.0,2000-01-01,2000-04-16,106,25,24.153309,25.316805,23.258198,79.3823,4.7513084,6.706765,84.29168,72.80323,5.78801,3.6077075
24.0,120.0,2000-01-01,2000-04-17,107,25,22.545874,23.528559,21.77333,81.92292,4.317601,4.9143815,87.69373,76.42001,5.742331,2.9189734
24.0,121.0,2000-01-01,2000-04-17,107,25,20.742468,22.389732,19.53219,83.15877,3.045571,7.082349,89.24083,76.27583,4.166574,1.9574242
23.0,121.0,2000-01-01,2000-04-17,107,25,21.437538,23.409508,20.089706,82.56918,2.265705,8.716269,88.61057,74.23999,2.9515514,1.5670726
25.0,121.0,2000-01-01,2000-04-17,107,25,21.792046,22.701479,21.00776,79.96871,4.7825685,4.9857945,85.8561,74.418724,5.8943443,3.5659041
22.0,121.0,2000-01-01,2000-04-17,107,25,23.986872,25.111153,23.097675,81.10804,4.507286,6.6624284,86.09746,75.034515,5.642696,3.3570614
22.0,120.0,2000-01-01,2000-04-17,107,25,24.173067,25.302305,23.313608,80.07416,4.297568,7.694535,85.12444,74.26052,5.389322,3.0741787
24.0,122.0,2000-01-01,2000-04-17,107,25,21.405151,22.506,20.461622,80.70924,4.459769,8.100115,85.237434,76.37027,5.633595,3.1647909
25.0,120.0,2000-01-01,2000-04-17,107,25,20.369123,22.022223,19.158415,83.08155,3.98738,3.9268348,89.75084,75.43794,5.371632,2.695319
25.0,122.0,2000-01-01,2000-04-17,107,25,22.443935,22.9708,21.840204,77.732864,6.15883,6.006915,82.41852,73.57423,7.532161,4.5204897
22.0,122.0,2000-01-01,2000-04-17,107,25,24.444824,24.98475,23.76894,81.22375,6.734715,4.2531,84.70315,78.01992,8.124798,5.099806
23.0,122.0,2000-01-01,2000-04-17,107,25,21.895327,23.08205,20.924156,82.592926,4.40528,6.322462,87.14302,77.41404,5.535705,3.0373583
23.0,120.0,2000-01-01,2000-04-17,107,25,23.246943,24.498198,22.362177,81.31349,3.3252506,6.5434093,86.9299,74.77637,4.433922,2.308281
23.0,120.0,2000-01-01,2000-04-18,108,25,23.335344,24.608921,22.377623,81.10146,3.53492,3.6463056,86.413055,74.703835,4.6115885,2.4484048
22.0,122.0,2000-01-01,2000-04-18,108,25,24.344822,24.814312,23.791607,81.03345,6.6866665,2.4399462,84.47722,78.11597,7.9166975,5.3705416
23.0,122.0,2000-01-01,2000-04-18,108,25,21.714478,22.793707,20.844267,82.796524,4.237726,5.518562,86.95592,77.98853,5.4437647,2.9768384
25.0,122.0,2000-01-01,2000-04-18,108,25,22.504297,23.062729,21.86978,76.783134,5.63829,4.2554383,80.99072,73.208084,6.7020526,4.612702
25.0,120.0,2000-01-01,2000-04-18,108,25,20.474476,22.113672,19.225092,82.377335,4.264058,3.086626,88.06673,74.936356,5.5978236,2.7459342
24.0,122.0,2000-01-01,2000-04-18,108,25,21.29943,22.289898,20.477882,80.49059,4.128932,6.8256273,84.25302,76.397064,5.0956364,3.0051258
25.0,121.0,2000-01-01,2000-04-18,108,25,21.92185,22.985846,21.038647,79.00721,4.5868573,3.3142774,84.32502,73.48564,5.8144655,3.3438063
24.0,120.0,2000-01-01,2000-04-18,108,25,22.621319,23.582842,21.842823,81.15981,4.7345953,3.2041175,85.4686,75.77105,6.3014207,2.9983773
24.0,121.0,2000-01-01,2000-04-18,108,25,20.706867,22.277582,19.526825,82.9592,3.0890205,5.892097,87.77934,76.24458,4.190119,1.8829238
23.0,121.0,2000-01-01,2000-04-18,108,25,21.413912,23.324516,20.022032,82.96424,2.1199083,6.3446717,88.93352,74.94932,2.85665,1.5380799
22.0,121.0,2000-01-01,2000-04-18,108,25,24.044836,25.218819,23.099243,81.06914,4.3482637,3.2681928,85.97842,75.55214,5.2488747,3.513797
22.0,120.0,2000-01-01,2000-04-18,108,25,24.297773,25.50167,23.329863,80.605774,4.2194557,3.9017377,85.35048,74.93886,5.3802223,3.1524155
23.0,122.0,2000-01-01,2000-04-19,109,25,21.764982,22.858364,20.901495,82.955475,4.2420535,7.869114,86.93191,78.13437,5.1107106,3.2275882
23.0,121.0,2000-01-01,2000-04-19,109,25,21.49621,23.473305,20.24556,82.54064,2.242486,8.081208,88.30664,73.70865,2.9185877,1.6198776
24.0,121.0,2000-01-01,2000-04-19,109,25,20.812092,22.379166,19.752934,82.646484,3.3255966,8.519138,87.540955,75.71705,4.281051,2.2294118
22.0,120.0,2000-01-01,2000-04-19,109,25,24.31915,25.487158,23.537945,79.803925,4.2450056,2.7482612,84.712715,73.83084,5.3900533,3.300947
24.0,120.0,2000-01-01,2000-04-19,109,25,22.712612,23.563232,22.082094,80.5773,4.7703047,4.016632,84.81344,75.60483,6.1355896,3.105403
23.0,120.0,2000-01-01,2000-04-19,109,25,23.403519,24.639702,22.636957,80.426094,3.5751748,3.5649128,85.348175,73.56777,4.74127,2.475861
25.0,122.0,2000-01-01,2000-04-19,109,25,22.716393,23.157866,22.143745,77.046135,5.720524,4.1075206,81.067055,73.79055,6.803726,4.543803
24.0,122.0,2000-01-01,2000-04-19,109,25,21.460213,22.431934,20.673447,80.3895,4.319379,8.43522,84.25473,76.00248,5.3257923,3.2597897
22.0,122.0,2000-01-01,2000-04-19,109,25,24.357798,24.852398,23.815712,80.83632,6.204673,2.3780823,84.36289,77.941574,7.448761,4.9674053
25.0,121.0,2000-01-01,2000-04-19,109,25,22.078672,22.95209,21.327808,79.065544,4.7245693,4.1831956,84.041916,73.72674,5.728173,3.754
22.0,121.0,2000-01-01,2000-04-19,109,25,24.089605,25.264355,23.262545,80.3303,4.1442103,2.5901814,85.5346,73.844315,5.2738447,3.1483243
25.0,120.0,2000-01-01,2000-04-19,109,25,20.687677,22.269678,19.603903,81.68149,4.307297,4.186001,88.064415,73.68174,5.502165,2.9212048
24.0,121.0,2000-01-01,2000-04-20,110,25,21.09332,22.820156,19.930273,81.90376,2.968832,4.3014455,87.45219,74.344215,4.144181,1.5687004
22.0,121.0,2000-01-01,2000-04-20,110,25,24.253094,25.436525,23.343042,79.91426,4.230788,1.6638147,84.9519,73.51787,5.0921965,3.3168888
23.0,120.0,2000-01-01,2000-04-20,110,25,23.68831,25.061636,22.731806,79.89827,3.0797062,2.1965394,85.472176,72.442055,4.270161,2.0489414
23.0,121.0,2000-01-01,2000-04-20,110,25,21.691113,23.664211,20.340162,81.75971,2.1012464,3.2867358,87.85146,72.87433,2.8143456,1.458112
25.0,120.0,2000-01-01,2000-04-20,110,25,20.968033,22.73084,19.694515,81.83686,4.0367985,4.210813,88.72133,73.3553,5.2869244,2.3685217
24.0,122.0,2000-01-01,2000-04-20,110,25,21.650873,22.627735,20.875977,79.8619,4.1385136,3.448479,83.950554,75.400734,5.1958203,2.9434903
24.0,120.0,2000-01-01,2000-04-20,110,25,23.083284,24.218906,22.244444,80.079735,4.122108,3.2144141,85.204346,74.07567,5.828781,2.1133823
22.0,120.0,2000-01-01,2000-04-20,110,25,24.534893,25.738276,23.641518,79.07962,4.096489,1.5347253,84.30751,72.56135,5.1881742,3.094633
25.0,122.0,2000-01-01,2000-04-20,110,25,22.90456,23.404722,22.33918,76.84558,5.707921,2.3522875,80.77076,73.36659,6.9251475,4.344893
25.0,121.0,2000-01-01,2000-04-20,110,25,22.357023,23.374414,21.543861,78.65196,4.597461,3.2019007,84.02045,73.04605,5.7606673,3.1826434
22.0,122.0,2000-01-01,2000-04-20,110,25,24.563604,25.046669,23.947826,80.50503,6.413938,1.4874396,84.26952,77.31274,7.6163464,5.273074
23.0,122.0,2000-01-01,2000-04-20,110,25,22.002111,23.115921,21.170626,82.22828,4.201361,3.1048572,86.30099,77.220924,5.325753,3.083541
24.0,121.0,2000-01-01,2000-04-21,111,25,21.238297,22.928589,19.963095,82.808205,2.916701,5.6479273,88.68911,75.37298,4.0879884,1.6439137
22.0,122.0,2000-01-01,2000-04-21,111,25,24.765762,25.217686,24.180737,81.1365,6.604111,3.538551,84.618935,78.11093,7.9410005,5.144889
25.0,121.0,2000-01-01,2000-04-21,111,25,22.417017,23.52868,21.548622,80.17696,4.440864,5.0107713,85.19465,74.840004,5.682977,3.0743961
23.0,122.0,2000-01-01,2000-04-21,111,25,22.258966,23.386694,21.317837,82.49012,4.270175,4.5563097,86.68296,77.288864,5.297853,2.963321
23.0,121.0,2000-01-01,2000-04-21,111,25,21.887363,23.916304,20.411417,81.9699,2.139436,4.9594483,88.84039,72.49851,2.9420393,1.3794577
24.0,120.0,2000-01-01,2000-04-21,111,25,23.109262,24.129272,22.236547,81.62942,4.3582287,4.720913,86.28954,76.128105,6.0522237,2.6095757
24.0,122.0,2000-01-01,2000-04-21,111,25,21.885872,22.959938,20.970552,80.79477,4.2210736,4.9780617,85.02246,76.046524,5.6489077,2.7766607
25.0,120.0,2000-01-01,2000-04-21,111,25,20.997324,22.596024,19.750675,83.48995,4.1390915,5.156067,89.45554,76.22745,5.454537,2.63437
22.0,121.0,2000-01-01,2000-04-21,111,25,24.39453,25.59476,23.450127,80.510864,4.388765,3.9468744,86.24809,74.137276,5.507725,3.3385303
25.0,122.0,2000-01-01,2000-04-21,111,25,23.053957,23.671108,22.438194,78.36975,5.895111,4.3530626,82.329834,75.178955,7.3664513,4.409115
22.0,120.0,2000-01-01,2000-04-21,111,25,24.68033,25.900288,23.731728,79.46403,4.4598513,3.6346815,85.3193,72.777435,5.7035003,3.275018
23.0,120.0,2000-01-01,2000-04-21,111,25,23.764978,25.08757,22.753437,80.78277,3.3780928,4.0301876,86.52982,73.40525,4.4544396,2.195821
23.0,120.0,2000-01-01,2000-04-22,112,25,23.964731,25.283857,23.014204,82.20291,3.0827727,5.7101064,88.07313,74.628586,4.2382016,1.7273848
22.0,122.0,2000-01-01,2000-04-22,112,25,24.956842,25.377485,24.423712,81.43344,6.5712757,3.234825,84.33947,78.80164,7.473236,5.628462
25.0,121.0,2000-01-01,2000-04-22,112,25,22.862207,23.890024,21.93412,81.41438,4.1225915,6.091975,87.17584,75.84902,5.3667035,2.7103167
25.0,120.0,2000-01-01,2000-04-22,112,25,21.545477,23.1662,20.265953,84.23046,3.7941957,5.291806,90.72734,76.32767,5.3984346,2.0384376
24.0,122.0,2000-01-01,2000-04-22,112,25,22.149744,23.151804,21.318043,82.135925,4.321142,6.084868,85.84393,77.26008,5.4297166,3.0402262
22.0,120.0,2000-01-01,2000-04-22,112,25,24.815323,26.00329,23.976303,81.04869,4.5460176,4.5907197,86.26978,74.479256,5.5703273,3.4393048
25.0,122.0,2000-01-01,2000-04-22,112,25,23.471626,24.060774,22.785097,79.99211,5.6295867,5.2994423,83.77144,76.96085,6.7328124,4.1850724
24.0,121.0,2000-01-01,2000-04-22,112,25,21.529778,23.072182,20.421425,83.71994,2.6149278,6.8874745,89.83543,76.230125,3.803606,1.2874118
22.0,121.0,2000-01-01,2000-04-22,112,25,24.560919,25.730919,23.706211,81.412254,4.573899,4.322167,86.55075,74.87761,5.3388076,3.6517007
23.0,121.0,2000-01-01,2000-04-22,112,25,22.069042,24.016808,20.786715,83.286385,2.228058,6.515167,89.61158,73.84755,2.9940977,1.5362285
23.0,122.0,2000-01-01,2000-04-22,112,25,22.4653,23.525415,21.654015,83.16731,4.232724,5.4269056,86.959984,77.90039,5.136492,3.100067
24.0,120.0,2000-01-01,2000-04-22,112,25,23.418596,24.385704,22.58714,82.651215,3.7701156,6.081599,88.08949,76.883606,5.5512066,1.495438
22.0,120.0,2000-01-01,2000-04-23,113,25,24.990383,26.031782,24.138906,82.37343,4.196297,5.788666,87.10947,76.96065,5.2384796,3.053283
25.0,122.0,2000-01-01,2000-04-23,113,25,23.673315,24.12293,23.09472,80.98215,5.7632723,4.7754893,84.48922,77.98654,7.1500463,4.1448817
23.0,122.0,2000-01-01,2000-04-23,113,25,22.669704,23.748018,21.867704,84.43279,3.9831388,10.93332,88.31905,79.38856,5.223276,2.6145484
22.0,122.0,2000-01-01,2000-04-23,113,25,25.089397,25.495136,24.60955,83.02878,6.02628,9.6320505,85.80484,80.40144,7.464643,4.585007
23.0,121.0,2000-01-01,2000-04-23,113,25,22.292126,24.162714,20.904219,84.472694,2.125391,8.953338,90.62833,76.4459,2.9776154,1.431866
22.0,121.0,2000-01-01,2000-04-23,113,25,24.711958,25.751436,23.873009,82.965355,4.1466074,7.6395574,87.63373,77.62589,5.129521,3.1895745
24.0,122.0,2000-01-01,2000-04-23,113,25,22.371418,23.354952,21.545216,82.83326,4.2331676,7.5309157,86.61014,78.40215,5.559871,2.7873871
25.0,120.0,2000-01-01,2000-04-23,113,25,21.896955,23.497974,20.634941,85.04837,3.7961912,4.537474,90.79167,77.826004,5.074411,2.447308
25.0,121.0,2000-01-01,2000-04-23,113,25,23.140068,24.123806,22.258295,82.521935,4.2271466,5.1716285,87.50355,77.93127,5.435619,2.9277773
24.0,121.0,2000-01-01,2000-04-23,113,25,21.828264,23.460278,20.559175,84.537834,2.7084374,7.928562,89.77574,77.68041,3.627392,1.7406754
23.0,120.0,2000-01-01,2000-04-23,113,25,24.21294,25.469917,23.220581,83.767654,3.065968,5.942169,89.27463,77.26553,4.105722,1.8940364
24.0,120.0,2000-01-01,2000-04-23,113,25,23.741888,24.758755,22.863247,83.85496,3.92024,4.93631,88.499016,78.59407,5.2304325,2.404212
23.0,121.0,2000-01-01,2000-04-24,114,25,22.445528,24.408096,21.042568,83.88027,2.1465898,6.003511,89.57819,75.48545,2.9033937,1.4242206
22.0,122.0,2000-01-01,2000-04-24,114,25,25.161915,25.637657,24.579126,82.503555,6.08527,2.2181287,85.53576,79.953865,7.7549148,4.4302955
23.0,122.0,2000-01-01,2000-04-24,114,25,22.712463,23.82061,21.812593,84.40073,3.9846418,5.510963,87.96158,80.13006,5.2159395,2.58591
25.0,122.0,2000-01-01,2000-04-24,114,25,23.4848,23.886568,23.056137,80.2833,5.614112,5.331222,84.33789,76.9552,6.7779827,4.3247023
24.0,122.0,2000-01-01,2000-04-24,114,25,22.363964,23.377817,21.560854,82.668,4.2402916,7.407627,86.36001,78.60207,5.3835125,2.8066974
23.0,120.0,2000-01-01,2000-04-24,114,25,24.289923,25.6229,23.32,82.91944,3.421145,3.0326324,88.17012,75.98217,4.345792,2.2925057
22.0,121.0,2000-01-01,2000-04-24,114,25,24.895576,26.16458,23.92379,81.894035,4.1476617,2.7121966,86.39888,75.757454,5.3168745,3.0427222
25.0,120.0,2000-01-01,2000-04-24,114,25,21.626125,23.006548,20.540537,83.85888,4.504856,3.5013757,89.559525,77.57996,5.6288514,3.289143
24.0,121.0,2000-01-01,2000-04-24,114,25,21.777817,23.322481,20.587906,84.2073,3.1482055,6.1969957,89.41496,77.71131,4.061128,1.9790277
24.0,120.0,2000-01-01,2000-04-24,114,25,23.61565,24.53315,22.843622,83.28461,4.717143,3.2386248,88.05588,78.098625,5.855558,3.288368
22.0,120.0,2000-01-01,2000-04-24,114,25,25.152405,26.409683,24.1992,81.42422,4.08183,2.8638701,85.97725,75.25971,5.2726808,2.970228
25.0,121.0,2000-01-01,2000-04-24,114,25,22.908241,23.73709,22.184542,81.6725,4.6769905,4.1227136,86.83837,76.53182,5.8301935,3.4087772
23.0,120.0,2000-01-01,2000-04-25,115,25,24.24999,25.609907,23.295504,82.447174,3.391072,2.9186084,87.82097,75.12878,4.5404186,2.1820555
23.0,122.0,2000-01-01,2000-04-25,115,25,22.789783,23.953428,21.944448,83.53485,3.8162909,4.5305433,87.32794,78.43688,4.8310637,2.5688026
25.0,122.0,2000-01-01,2000-04-25,115,25,23.634218,24.062119,23.071264,80.690796,5.4826202,4.540625,84.09316,77.66197,6.5579896,4.2501655
22.0,122.0,2000-01-01,2000-04-25,115,25,25.271492,25.685556,24.770824,81.27339,5.8059053,2.200711,84.32775,78.65762,7.314148,4.1074214
23.0,121.0,2000-01-01,2000-04-25,115,25,22.37385,24.42661,20.971836,83.799065,2.0561955,5.1137404,89.73517,74.55632,2.860651,1.444478
24.0,122.0,2000-01-01,2000-04-25,115,25,22.454641,23.507133,21.667881,82.468475,3.980545,5.5000877,86.06878,77.95967,4.983104,2.9495041
25.0,120.0,2000-01-01,2000-04-25,115,25,21.705269,23.337715,20.52685,83.68219,4.60213,3.8918183,89.99069,75.72325,6.0191126,3.0176818
22.0,121.0,2000-01-01,2000-04-25,115,25,24.855488,26.064707,23.93607,81.40646,3.949302,2.7910454,86.5441,74.94173,4.9961534,2.9455743
22.0,120.0,2000-01-01,2000-04-25,115,25,25.06067,26.288183,24.129404,81.08372,3.8443851,3.6720893,85.99455,74.81145,4.8289843,2.803469
24.0,121.0,2000-01-01,2000-04-25,115,25,21.828098,23.545464,20.642994,84.03911,3.100898,5.6056786,89.34095,76.47418,4.201287,1.8040227
25.0,121.0,2000-01-01,2000-04-25,115,25,23.018244,24.020567,22.174892,82.1283,4.8909955,4.6398144,87.37166,76.23135,6.0545154,3.5577276
24.0,120.0,2000-01-01,2000-04-25,115,25,23.697727,24.73559,22.9156,82.72464,4.7792215,3.4133008,87.838135,76.598236,6.1926093,2.9247305
23.0,121.0,2000-01-01,2000-04-26,116,25,22.350645,24.35778,20.833267,82.94792,2.1543937,4.9569054,89.53396,73.80529,2.7903235,1.5157051
24.0,121.0,2000-01-01,2000-04-26,116,25,21.812363,23.51288,20.507847,83.101715,3.447814,4.525692,89.06005,75.20676,4.4569383,2.249015
24.0,120.0,2000-01-01,2000-04-26,116,25,23.684929,24.698793,22.948925,81.97246,5.1775556,2.1361651,87.12287,76.371895,6.6388187,3.358335
23.0,120.0,2000-01-01,2000-04-26,116,25,24.229683,25.509434,23.321596,81.7257,3.7410333,2.5585296,87.29873,74.85309,4.7737784,2.5032487
22.0,120.0,2000-01-01,2000-04-26,116,25,25.047998,26.244701,24.14517,80.31036,4.207263,4.5873547,85.64292,73.65769,5.3863134,2.9884884
23.0,122.0,2000-01-01,2000-04-26,116,25,22.778957,23.984009,21.84289,83.18041,4.261608,5.154354,87.704025,77.36711,5.4025908,2.7855191
24.0,122.0,2000-01-01,2000-04-26,116,25,22.465893,23.523388,21.627392,82.0356,4.286772,4.670652,86.798615,76.40423,5.296356,3.1048908
25.0,120.0,2000-01-01,2000-04-26,116,25,21.764236,23.403643,20.61832,82.25136,4.927312,2.3201857,88.901184,74.13312,6.3235216,3.3220544
22.0,121.0,2000-01-01,2000-04-26,116,25,24.834396,26.033306,23.86607,81.14968,4.2924404,3.9165618,86.292435,74.760666,5.336192,3.0162127
25.0,122.0,2000-01-01,2000-04-26,116,25,23.725313,24.16421,23.258081,80.08478,5.8580647,2.913755,84.385925,76.41524,6.9150457,4.710933
22.0,122.0,2000-01-01,2000-04-26,116,25,25.262564,25.766314,24.683638,81.51171,6.4532576,4.1125154,84.9686,78.36562,7.7562785,4.730643
25.0,121.0,2000-01-01,2000-04-26,116,25,23.082403,24.056353,22.334316,80.98811,5.17563,2.7697082,86.68442,75.32704,6.3031883,3.9080453
22.0,120.0,2000-01-01,2000-04-27,117,25,25.137367,26.329365,24.199316,79.200455,4.8054614,7.8768415,84.029564,73.109436,5.880079,3.7821426
22.0,121.0,2000-01-01,2000-04-27,117,25,24.932306,26.125267,23.968487,80.16992,4.7497487,4.856515,84.86615,74.08835,5.9612117,3.4868014
23.0,120.0,2000-01-01,2000-04-27,117,25,24.27745,25.594236,23.243345,81.10709,3.722985,5.6759114,86.309326,74.36373,4.7899566,2.6732428
24.0,121.0,2000-01-01,2000-04-27,117,25,21.787958,23.497671,20.474459,82.80917,3.1757913,8.69989,88.24795,75.21588,4.3362823,1.8487179
22.0,122.0,2000-01-01,2000-04-27,117,25,25.334267,25.789589,24.80894,81.25505,7.070056,4.4301577,83.83928,78.82508,8.4831295,5.0725126
23.0,122.0,2000-01-01,2000-04-27,117,25,22.789507,23.925264,21.873951,82.924355,4.5238585,8.833862,86.12231,78.02804,5.7320485,3.0443988
25.0,121.0,2000-01-01,2000-04-27,117,25,23.074257,24.149408,22.109653,80.351906,4.872342,5.1455727,85.71226,74.91043,6.1619997,3.5199041
24.0,122.0,2000-01-01,2000-04-27,117,25,22.433006,23.514843,21.504156,81.423676,4.566161,9.574519,84.9038,76.52223,5.7749352,3.2701209
25.0,120.0,2000-01-01,2000-04-27,117,25,21.750679,23.289892,20.532803,82.37588,4.4560347,5.5181932,88.36561,75.64942,5.8150215,2.8995714
23.0,121.0,2000-01-01,2000-04-27,117,25,22.38747,24.40913,20.891973,81.95165,2.3450289,9.253479,87.95075,72.87703,3.1542172,1.620491
25.0,122.0,2000-01-01,2000-04-27,117,25,23.70844,24.271639,23.055761,79.15652,6.384815,6.0082383,82.88446,75.65857,7.7527156,5.0107126
24.0,120.0,2000-01-01,2000-04-27,117,25,23.6713,24.691465,22.778315,81.99794,4.8290467,5.133063,86.88244,76.769226,6.2016344,3.3338795
25.0,121.0,2000-01-01,2000-04-28,118,25,23.142942,24.065971,22.4241,80.51574,4.067467,3.4343238,85.65256,75.56024,5.0634236,2.9542556
23.0,122.0,2000-01-01,2000-04-28,118,25,22.900087,24.065432,22.024342,82.22043,4.0854077,4.110901,87.08747,76.40969,5.063247,3.060693
24.0,122.0,2000-01-01,2000-04-28,118,25,22.554043,23.60044,21.779068,80.99027,4.2546954,4.4176073,85.41704,76.0047,5.228919,3.1304212
22.0,122.0,2000-01-01,2000-04-28,118,25,25.389414,25.850655,24.812847,80.71448,6.45598,2.1497474,84.69398,77.16784,7.646966,5.098909
23.0,121.0,2000-01-01,2000-04-28,118,25,22.50199,24.578642,21.091606,82.23212,1.9772459,5.6285386,88.96973,72.49708,2.663488,1.3693514
25.0,120.0,2000-01-01,2000-04-28,118,25,21.881638,23.421959,20.817377,82.57799,3.9939344,3.516416,89.005196,74.96893,4.9367313,2.7680492
24.0,121.0,2000-01-01,2000-04-28,118,25,21.84976,23.520334,20.662935,82.878845,2.7425132,4.946472,88.95992,75.13651,3.465742,1.8684304
22.0,120.0,2000-01-01,2000-04-28,118,25,25.219677,26.468037,24.337769,80.194916,4.227605,3.8032763,85.36601,73.72842,5.0975976,3.3965368
23.0,120.0,2000-01-01,2000-04-28,118,25,24.313705,25.657862,23.403193,80.825806,3.3927033,3.7651312,86.55092,73.36878,4.2017765,2.5922058
24.0,120.0,2000-01-01,2000-04-28,118,25,23.655064,24.57791,22.947138,81.52701,4.38412,3.0897784,86.62327,76.06187,5.392268,3.1244004
22.0,121.0,2000-01-01,2000-04-28,118,25,24.99142,26.209307,24.10603,80.59341,4.409558,3.672663,86.07756,73.751945,5.28151,3.455911
25.0,122.0,2000-01-01,2000-04-28,118,25,23.836285,24.20711,23.416943,78.79531,5.5328245,2.9136975,82.63906,75.98309,6.7606306,4.2319527
24.0,122.0,2000-01-01,2000-04-29,119,25,22.607534,23.670464,21.749887,82.26907,4.1314564,6.724006,86.13587,77.716354,5.3315954,2.8805091
23.0,120.0,2000-01-01,2000-04-29,119,25,24.394272,25.729332,23.43164,81.61577,3.5022192,2.2980347,86.83552,74.46906,4.5012016,2.316237
25.0,120.0,2000-01-01,2000-04-29,119,25,21.885618,23.52581,20.59854,82.76544,4.2106657,2.509519,88.52961,75.375595,5.4391103,2.725515
23.0,121.0,2000-01-01,2000-04-29,119,25,22.579506,24.549795,21.141495,83.23963,1.9670568,5.180122,89.71864,74.16464,2.730664,1.2823532
25.0,122.0,2000-01-01,2000-04-29,119,25,23.78403,24.266384,23.257286,80.04044,5.6792507,4.6237864,83.27137,77.39522,6.8971014,4.1423955
22.0,122.0,2000-01-01,2000-04-29,119,25,25.457766,25.921606,24.910273,82.31661,6.2429633,5.043529,85.43073,79.38523,7.379697,5.020494
23.0,122.0,2000-01-01,2000-04-29,119,25,22.979979,24.113188,22.114126,83.69175,3.912665,6.750249,87.68732,78.343704,5.000012,2.7678182
25.0,121.0,2000-01-01,2000-04-29,119,25,23.074993,24.04124,22.211924,81.07331,4.6097245,2.9041126,85.31523,76.389275,5.8996935,3.0345664
24.0,120.0,2000-01-01,2000-04-29,119,25,23.696182,24.684853,22.89394,81.89146,4.637952,2.125475,86.17136,76.844315,5.929578,2.9174979
24.0,121.0,2000-01-01,2000-04-29,119,25,21.887323,23.48749,20.627914,83.45455,2.9158916,4.9954906,88.6326,76.43967,3.9343553,1.6993608
22.0,120.0,2000-01-01,2000-04-29,119,25,25.233503,26.405546,24.339941,81.07678,4.1944833,3.3792732,86.51171,74.46579,5.1705794,3.1355069
22.0,121.0,2000-01-01,2000-04-29,119,25,25.057362,26.24856,24.122852,81.710686,4.24232,3.4659412,87.19862,75.10328,5.0587773,3.3451092
22.0,121.0,2000-01-01,2000-04-30,120,25,24.9367,26.1071,23.998579,81.36512,4.265515,3.1974359,85.946976,75.25639,5.184817,3.4139283
24.0,122.0,2000-01-01,2000-04-30,120,25,22.525957,23.459023,21.77937,81.01539,4.126169,5.8393407,84.42061,76.812645,5.260588,2.860249
24.0,120.0,2000-01-01,2000-04-30,120,25,23.942032,24.99814,23.157036,81.31593,4.200304,2.652696,86.19429,75.70376,5.923545,2.1074152
24.0,121.0,2000-01-01,2000-04-30,120,25,22.031145,23.702036,20.783833,82.72751,2.8361568,4.6738744,88.64886,74.79014,4.010494,1.553275
23.0,120.0,2000-01-01,2000-04-30,120,25,24.404902,25.73585,23.46251,81.24983,3.2195742,2.6438446,86.10279,74.22171,4.4195085,2.0472836
22.0,122.0,2000-01-01,2000-04-30,120,25,25.314688,25.730494,24.842285,81.543015,6.269333,3.7037342,84.303085,79.09382,7.3646636,5.182373
23.0,121.0,2000-01-01,2000-04-30,120,25,22.487505,24.43605,21.077505,82.69457,2.02677,4.675095,88.28625,73.52767,2.75175,1.4257411
25.0,121.0,2000-01-01,2000-04-30,120,25,23.360245,24.323921,22.567593,79.54964,4.3957834,3.0801575,84.839,74.03119,5.66998,2.9262972
23.0,122.0,2000-01-01,2000-04-30,120,25,22.86561,23.91416,22.022333,82.74518,4.007407,5.177721,86.42927,77.91971,5.0409226,2.9434974
25.0,120.0,2000-01-01,2000-04-30,120,25,22.055126,23.76554,20.809761,82.4232,4.0806584,3.492859,89.36209,74.015915,5.3817706,2.6318161
22.0,120.0,2000-01-01,2000-04-30,120,25,25.163113,26.360987,24.234829,80.89108,4.2325425,2.741504,85.33855,74.524,5.367314,3.150827
25.0,122.0,2000-01-01,2000-04-30,120,25,23.844988,24.32322,23.34437,78.08779,5.7725587,4.246323,81.25604,75.29722,6.971767,4.4959335
25.0,120.0,2000-01-01,2000-05-01,121,25,22.378174,24.020151,21.152603,83.338875,3.8470488,3.7373133,90.14367,75.20317,5.097556,2.4906962
22.0,122.0,2000-01-01,2000-05-01,121,25,25.631533,26.060453,25.194372,81.61214,6.303698,2.9939044,84.73049,78.72946,7.2896852,5.190881
25.0,122.0,2000-01-01,2000-05-01,121,25,24.30826,24.690596,23.832914,79.73664,5.626523,4.122748,84.53626,76.18954,6.606193,4.4521832
22.0,120.0,2000-01-01,2000-05-01,121,25,25.460024,26.69773,24.526089,80.39325,4.440788,2.9072301,85.64355,73.8273,5.413433,3.3918417
23.0,121.0,2000-01-01,2000-05-01,121,25,22.827374,24.911749,21.374355,82.25178,2.153312,5.1756053,88.66601,72.865135,2.996561,1.4722711
25.0,121.0,2000-01-01,2000-05-01,121,25,23.661936,24.660557,22.89376,81.20598,4.1571217,3.7937732,87.44154,75.00314,5.1190853,3.0597646
23.0,122.0,2000-01-01,2000-05-01,121,25,23.209541,24.289097,22.346664,82.7599,4.037298,4.8609667,87.05595,77.40929,4.979244,2.8879626
23.0,120.0,2000-01-01,2000-05-01,121,25,24.717022,26.112202,23.753653,81.23911,3.2536118,3.620429,87.02038,73.83977,4.2491665,2.2140908
24.0,121.0,2000-01-01,2000-05-01,121,25,22.260138,23.94419,21.020502,83.10313,2.6704683,5.5793505,89.12332,75.07322,3.495893,1.6785972
24.0,120.0,2000-01-01,2000-05-01,121,25,24.14298,25.170557,23.321436,82.09533,4.000978,4.030282,87.51978,76.00107,5.3311486,2.6023273
24.0,122.0,2000-01-01,2000-05-01,121,25,22.917274,23.942612,22.053194,81.49226,4.3285356,5.9071093,86.21731,76.58693,5.3025684,3.0373359
22.0,121.0,2000-01-01,2000-05-01,121,25,25.249224,26.449472,24.360699,81.0076,4.397826,3.3103685,85.97913,74.74875,5.2208347,3.4271467
24.0,120.0,2000-01-01,2000-05-02,122,25,24.45629,25.505531,23.619448,82.98074,4.4221034,5.441672,88.62203,77.2323,5.756476,2.8976405
24.0,121.0,2000-01-01,2000-05-02,122,25,22.659868,24.389643,21.294731,83.92431,2.924199,8.214507,90.305626,76.449844,3.9611826,1.7229812
22.0,121.0,2000-01-01,2000-05-02,122,25,25.524729,26.636175,24.670547,82.53773,3.9276319,3.6380854,87.78431,76.51962,4.9655986,2.959542
24.0,122.0,2000-01-01,2000-05-02,122,25,23.391113,24.48123,22.45454,83.74993,4.23356,7.635586,87.77634,79.24308,5.4508,2.835855
22.0,122.0,2000-01-01,2000-05-02,122,25,25.960869,26.318413,25.503712,83.16333,5.805828,3.9652288,86.1865,80.65101,7.0622187,4.6062965
23.0,122.0,2000-01-01,2000-05-02,122,25,23.61628,24.77933,22.702768,84.37307,3.7209866,7.1970506,88.76629,79.3038,4.8902082,2.4322264
25.0,120.0,2000-01-01,2000-05-02,122,25,22.860733,24.632347,21.506035,84.1383,3.9938986,5.0650854,90.80527,75.75102,5.2690525,2.4729607
23.0,121.0,2000-01-01,2000-05-02,122,25,23.180405,25.1549,21.699448,83.832275,1.9671139,6.87234,90.68489,75.16499,2.6924849,1.3282493
25.0,122.0,2000-01-01,2000-05-02,122,25,24.763157,25.264738,24.153545,82.59027,5.3989763,4.824613,86.180954,79.29736,6.7238092,3.5897949
22.0,120.0,2000-01-01,2000-05-02,122,25,25.684551,26.793123,24.835556,82.10678,3.8626444,3.0619135,87.34563,76.11404,4.8180695,2.898501
23.0,120.0,2000-01-01,2000-05-02,122,25,24.983025,26.256079,24.058403,82.84963,3.3693554,4.0854735,88.812744,75.98256,4.345586,2.3411138
25.0,121.0,2000-01-01,2000-05-02,122,25,24.042988,25.09666,23.190176,82.69957,4.205409,5.3946753,88.01241,76.983,5.476323,2.825388
23.0,122.0,2000-01-01,2000-05-03,123,25,23.644896,24.663702,22.804516,84.94004,4.2053146,6.0430226,88.813866,80.135056,5.232809,2.9386685
23.0,121.0,2000-01-01,2000-05-03,123,25,23.31755,25.210964,21.864843,84.08873,2.2919455,5.0673766,90.15308,75.80594,3.0431504,1.6976349
22.0,120.0,2000-01-01,2000-05-03,123,25,25.8929,27.098177,24.931866,82.44243,4.4085355,3.760009,87.1401,76.49872,5.3619685,3.3500898
25.0,121.0,2000-01-01,2000-05-03,123,25,24.188526,25.13289,23.401201,83.15199,4.3075924,3.3715174,88.07983,77.5924,5.5170484,3.113387
22.0,121.0,2000-01-01,2000-05-03,123,25,25.664762,26.818462,24.686543,82.93715,4.522172,3.7575665,87.45111,77.44984,5.348123,3.529022
24.0,121.0,2000-01-01,2000-05-03,123,25,22.819233,24.427261,21.593203,84.60129,3.0262768,5.203484,90.33514,77.090294,4.1031804,1.9252042
22.0,122.0,2000-01-01,2000-05-03,123,25,25.992002,26.42955,25.53746,83.86807,6.4453163,4.743308,86.688255,81.4814,7.6172023,4.921013
25.0,122.0,2000-01-01,2000-05-03,123,25,24.74633,25.137415,24.308931,82.231384,5.242504,3.6470861,85.61795,79.29172,6.348761,4.2883854
23.0,120.0,2000-01-01,2000-05-03,123,25,25.187536,26.516777,24.1725,83.430725,3.5541062,3.0596294,89.01448,76.6898,4.4772086,2.5959313
24.0,120.0,2000-01-01,2000-05-03,123,25,24.682358,25.715332,23.805592,83.96585,4.440426,3.206419,89.309296,77.98415,5.9038453,2.8579874
25.0,120.0,2000-01-01,2000-05-03,123,25,23.117676,24.70135,21.940645,84.83709,4.372208,4.1942735,90.707245,77.004616,5.7252436,2.858948
24.0,122.0,2000-01-01,2000-05-03,123,25,23.38697,24.32265,22.646992,83.58161,4.115657,5.4827223,87.43195,79.05461,5.1628084,3.0503168
24.0,120.0,2000-01-01,2000-05-04,124,25,24.78811,25.800858,23.952984,84.46349,4.4360523,5.592738,88.71889,78.893936,5.661976,3.1216438
23.0,120.0,2000-01-01,2000-05-04,124,25,25.257862,26.56094,24.28331,83.59838,3.5152323,5.0558715,88.53745,76.46334,4.581387,2.334939
24.0,122.0,2000-01-01,2000-05-04,124,25,23.651073,24.684708,22.73347,83.91325,4.1223397,6.034873,87.3005,79.53379,5.235729,2.8241825
25.0,120.0,2000-01-01,2000-05-04,124,25,23.108912,24.62262,21.884487,85.785736,4.4636583,6.81985,91.31087,78.468605,5.7889295,3.0010786
23.0,122.0,2000-01-01,2000-05-04,124,25,23.87505,24.966074,22.975513,84.92623,4.278723,5.1043944,88.121956,80.26029,5.2778997,3.02646
25.0,121.0,2000-01-01,2000-05-04,124,25,24.345284,25.332739,23.486553,83.67791,4.4454103,5.67422,88.406425,78.34384,5.6184235,3.1398187
22.0,120.0,2000-01-01,2000-05-04,124,25,25.947443,27.128838,25.036928,81.93456,4.0178413,4.662804,86.74405,75.44027,5.094009,3.1407099
25.0,122.0,2000-01-01,2000-05-04,124,25,25.004183,25.443047,24.457525,82.78631,5.473794,5.6286864,85.865875,79.81396,6.6969733,4.2171135
24.0,121.0,2000-01-01,2000-05-04,124,25,22.981695,24.621958,21.660873,84.91961,2.884612,6.0837035,90.24058,77.54551,3.7770872,1.8203862
22.0,121.0,2000-01-01,2000-05-04,124,25,25.731216,26.88224,24.773369,82.60647,4.367696,3.6599982,87.17663,76.22826,5.2533665,3.5655062
23.0,121.0,2000-01-01,2000-05-04,124,25,23.445044,25.395073,21.940746,84.071846,2.185932,5.5417104,90.16367,74.91145,2.9133308,1.5020343
22.0,122.0,2000-01-01,2000-05-04,124,25,26.161362,26.588823,25.669462,83.56125,6.4970465,3.217555,86.0921,81.31305,7.5628047,5.259737
22.0,120.0,2000-01-01,2000-05-05,125,25,25.869253,27.070274,24.903477,82.54873,3.933163,4.5897803,87.47745,76.45675,5.086419,2.7936466
23.0,121.0,2000-01-01,2000-05-05,125,25,23.403776,25.34278,21.89645,84.69368,2.159666,7.953744,90.88071,76.19715,2.8761806,1.5100728
25.0,121.0,2000-01-01,2000-05-05,125,25,24.078167,24.96895,23.303452,83.87236,4.468592,5.1824365,88.47994,79.050964,5.619008,3.1336422
23.0,122.0,2000-01-01,2000-05-05,125,25,23.847296,25.022022,22.922276,85.15802,3.8669648,7.680913,89.10076,80.28872,5.0019584,2.4835093
25.0,122.0,2000-01-01,2000-05-05,125,25,24.763376,25.174648,24.311949,82.681496,5.148239,6.8343654,86.15067,79.44063,6.3069954,3.764985
22.0,122.0,2000-01-01,2000-05-05,125,25,26.176386,26.682568,25.622208,83.659424,6.1935906,4.33955,86.52144,80.917465,7.4138165,4.6499496
24.0,121.0,2000-01-01,2000-05-05,125,25,22.839506,24.405405,21.553095,85.397125,2.9297674,7.93604,90.78052,78.66588,3.9282184,1.8745906
22.0,121.0,2000-01-01,2000-05-05,125,25,25.732447,26.95134,24.784029,83.10027,4.326376,4.613277,87.91773,76.979935,5.33704,3.406725
23.0,120.0,2000-01-01,2000-05-05,125,25,25.190075,26.481096,24.234629,83.63818,3.4843228,4.7084913,88.80713,77.15805,4.5716133,2.3914042
24.0,120.0,2000-01-01,2000-05-05,125,25,24.619907,25.553337,23.830498,84.38727,4.621895,4.69781,88.98541,79.58303,6.0116625,2.9513497
24.0,122.0,2000-01-01,2000-05-05,125,25,23.535385,24.582603,22.645645,84.085106,3.9674752,9.598335,88.011925,79.55232,5.00879,2.7241044
25.0,120.0,2000-01-01,2000-05-05,125,25,22.87876,24.440472,21.70624,85.05447,4.372339,6.028987,90.60483,77.94322,5.6116004,2.8752215
25.0,120.0,2000-01-01,2000-05-06,126,25,22.965883,24.591246,21.75463,84.64268,3.8782127,4.5549693,90.456566,77.445915,5.2494884,2.281247
24.0,122.0,2000-01-01,2000-05-06,126,25,23.50287,24.46644,22.722773,83.17505,3.9719286,7.695669,86.550156,78.862206,5.037804,2.935644
22.0,121.0,2000-01-01,2000-05-06,126,25,25.689882,26.779015,24.855206,82.433655,4.038922,5.241765,87.23404,76.57341,4.9256063,3.1666152
24.0,121.0,2000-01-01,2000-05-06,126,25,22.838528,24.43233,21.594288,84.851456,2.5401337,7.022759,90.033516,77.66595,3.630834,1.4281212
23.0,120.0,2000-01-01,2000-05-06,126,25,25.163496,26.40872,24.295893,83.225945,3.2395236,5.1978207,88.453835,76.35988,4.2033587,2.1714625
24.0,120.0,2000-01-01,2000-05-06,126,25,24.651175,25.643456,23.886303,83.83304,4.161092,4.726479,88.39687,78.24922,5.8405414,2.4777007
25.0,122.0,2000-01-01,2000-05-06,126,25,24.855358,25.304995,24.414692,81.370384,5.3407326,5.844023,84.43985,78.37204,6.4480286,4.1990724
22.0,122.0,2000-01-01,2000-05-06,126,25,26.123302,26.53521,25.699852,82.4698,5.871901,4.1532173,85.60539,79.51295,7.026477,4.5482564
23.0,122.0,2000-01-01,2000-05-06,126,25,23.777536,24.78308,22.97229,84.17485,3.8844328,6.4090505,87.59247,79.46137,4.86303,2.8305054
22.0,120.0,2000-01-01,2000-05-06,126,25,25.890985,27.017088,25.031328,82.093994,3.922116,6.152409,86.88989,75.97268,4.961224,2.8710938
23.0,121.0,2000-01-01,2000-05-06,126,25,23.344332,25.198353,21.976763,84.25286,1.946331,7.4921155,90.17026,75.72585,2.6847618,1.3497555
25.0,121.0,2000-01-01,2000-05-06,126,25,24.201372,25.237722,23.366098,82.89128,4.049851,5.1631813,87.80693,77.31746,4.977284,2.95938
22.0,120.0,2000-01-01,2000-05-07,127,25,26.11375,27.311132,25.194618,82.412636,3.4842522,5.5605226,87.51555,75.87544,4.256941,2.5452359
22.0,122.0,2000-01-01,2000-05-07,127,25,26.411236,26.848808,25.905771,83.15928,5.1511135,5.519524,86.47408,80.18003,6.240717,3.842455
24.0,120.0,2000-01-01,2000-05-07,127,25,24.902338,25.936657,24.033886,83.83863,3.676283,4.3050303,88.743614,77.9535,4.9910355,2.2379856
24.0,122.0,2000-01-01,2000-05-07,127,25,23.826075,24.786127,22.996138,84.05856,3.87362,4.485393,87.70308,79.859604,4.8808155,2.7060685
23.0,121.0,2000-01-01,2000-05-07,127,25,23.651447,25.575893,22.294033,84.289055,1.7794327,5.24772,90.5664,75.13541,2.5323174,1.1559521
23.0,122.0,2000-01-01,2000-05-07,127,25,24.125496,25.170063,23.266792,84.59354,3.3528397,5.7289796,88.26764,79.868515,4.305497,2.2825935
25.0,122.0,2000-01-01,2000-05-07,127,25,25.098997,25.594534,24.456236,83.02633,4.997282,4.276951,86.55487,79.76649,6.053051,4.108691
25.0,121.0,2000-01-01,2000-05-07,127,25,24.391207,25.4329,23.511152,83.85332,3.5872006,5.210791,89.33627,78.16309,4.630568,2.3650336
24.0,121.0,2000-01-01,2000-05-07,127,25,23.107405,24.748041,21.873848,84.97901,2.3545759,5.418616,90.632805,77.589836,3.2318745,1.3444422
22.0,121.0,2000-01-01,2000-05-07,127,25,25.93689,27.076065,25.077837,82.74282,3.530037,5.042334,87.68948,76.307434,4.3032894,2.6148195
23.0,120.0,2000-01-01,2000-05-07,127,25,25.452686,26.764221,24.49645,83.1445,2.8780642,4.1280274,88.56242,75.65264,3.7959058,1.9355781
25.0,120.0,2000-01-01,2000-05-07,127,25,23.396406,25.1506,22.143072,84.86775,3.3763185,5.0693884,91.54179,76.17576,4.520745,1.9940324
22.0,122.0,2000-01-01,2000-05-08,128,25,26.41993,26.812841,25.92899,83.02036,5.643517,6.533669,86.21401,80.45695,6.810456,4.4830875
25.0,122.0,2000-01-01,2000-05-08,128,25,25.315903,25.790186,24.854986,83.34409,4.782693,3.6363745,86.031845,80.73899,6.036145,3.279796
25.0,121.0,2000-01-01,2000-05-08,128,25,24.638165,25.661777,23.802095,83.93946,3.5862806,3.6131334,88.64412,78.65036,4.74512,2.0232332
22.0,120.0,2000-01-01,2000-05-08,128,25,26.131052,27.30605,25.232939,83.22213,3.6574726,6.3819957,87.67079,77.46108,4.74453,2.5895154
22.0,121.0,2000-01-01,2000-05-08,128,25,25.947302,27.109316,25.028915,83.134415,3.8344343,6.813818,87.84971,77.27052,4.806178,2.959741
24.0,120.0,2000-01-01,2000-05-08,128,25,25.052074,26.087374,24.217085,84.12754,3.86142,3.4382696,88.82888,78.629906,5.215412,2.1700191
23.0,120.0,2000-01-01,2000-05-08,128,25,25.51386,26.802168,24.514536,83.76795,3.1267114,5.10636,88.93732,77.21159,4.035306,2.072985
24.0,121.0,2000-01-01,2000-05-08,128,25,23.251745,24.9108,21.984175,85.38563,2.6416535,6.335911,90.89428,78.05436,3.690994,1.4580908
25.0,120.0,2000-01-01,2000-05-08,128,25,23.756279,25.55167,22.408081,85.33291,3.548462,3.8316443,91.187744,77.00809,4.8081226,2.0844464
24.0,122.0,2000-01-01,2000-05-08,128,25,23.940405,24.979332,23.119268,84.69988,3.9375346,6.357573,88.24774,80.48879,5.096787,2.805333
23.0,122.0,2000-01-01,2000-05-08,128,25,24.17954,25.328466,23.301802,84.797165,3.8037632,7.739414,88.69465,79.93977,4.8178234,2.7949784
23.0,121.0,2000-01-01,2000-05-08,128,25,23.707212,25.675318,22.24277,85.03867,1.9625686,8.019259,91.197395,76.54765,2.6665072,1.3604691
24.0,121.0,2000-01-01,2000-05-09,129,25,23.204172,24.86858,21.912592,85.43887,2.6046982,6.1805906,90.69421,77.72631,3.5612125,1.686262
23.0,120.0,2000-01-01,2000-05-09,129,25,25.582138,26.867882,24.579863,82.93295,3.0130148,3.5984962,88.05723,75.98895,3.8355482,2.2543342
22.0,121.0,2000-01-01,2000-05-09,129,25,26.07341,27.255909,25.113056,82.03051,3.690018,3.663805,86.8029,75.81933,4.572356,2.846413
24.0,120.0,2000-01-01,2000-05-09,129,25,25.08542,26.120152,24.232641,83.8418,3.6559336,4.0690746,88.53876,78.06243,4.856664,2.35473
25.0,121.0,2000-01-01,2000-05-09,129,25,24.580566,25.64813,23.669205,83.28526,3.628744,4.348009,88.28199,77.57556,4.8274813,2.4042802
23.0,121.0,2000-01-01,2000-05-09,129,25,23.694508,25.632437,22.218521,84.5301,1.9171555,5.7170286,90.38118,75.64993,2.6593359,1.3719592
24.0,122.0,2000-01-01,2000-05-09,129,25,23.866985,24.854918,23.021421,84.42044,3.658946,5.8299465,87.354065,80.37502,4.6715255,2.7005746
25.0,120.0,2000-01-01,2000-05-09,129,25,23.661789,25.46333,22.29942,84.87449,3.4443119,5.1588573,90.89237,76.45473,4.593817,2.253029
22.0,122.0,2000-01-01,2000-05-09,129,25,26.49222,26.947632,26.001305,82.883026,5.4123316,5.5424633,85.66262,80.25274,6.341199,4.436146
23.0,122.0,2000-01-01,2000-05-09,129,25,24.113125,25.194464,23.219599,85.30761,3.702217,7.5901976,88.47509,80.574295,4.675761,2.7246876
22.0,120.0,2000-01-01,2000-05-09,129,25,26.167053,27.3089,25.193964,81.89143,3.5101686,3.5157921,86.630615,75.98,4.34181,2.7448652
25.0,122.0,2000-01-01,2000-05-09,129,25,25.232744,25.702393,24.694687,82.41629,4.7116184,4.0028553,85.22378,79.61003,5.9811883,3.5789566
22.0,121.0,2000-01-01,2000-05-10,130,25,26.101866,27.113985,25.25627,82.16998,3.6414242,3.4464104,86.93694,76.85356,4.5993986,2.646065
25.0,120.0,2000-01-01,2000-05-10,130,25,23.670294,25.20759,22.587393,84.92012,3.8491669,4.093077,90.514404,77.45527,4.911483,2.5360801
24.0,120.0,2000-01-01,2000-05-10,130,25,25.137539,26.071972,24.412525,83.4314,3.8748162,3.9395752,88.09465,78.29085,5.118385,2.4578772
23.0,120.0,2000-01-01,2000-05-10,130,25,25.629663,26.763361,24.75544,82.49872,2.913984,3.6127326,87.78873,76.26665,3.885886,1.9891427
24.0,122.0,2000-01-01,2000-05-10,130,25,23.90366,24.776796,23.17647,83.64294,3.5941164,6.2631836,87.32322,79.71851,4.517036,2.6165888
24.0,121.0,2000-01-01,2000-05-10,130,25,23.257927,24.782692,22.084194,84.678894,2.5975525,6.388613,89.78954,78.10535,3.4935029,1.5991784
23.0,121.0,2000-01-01,2000-05-10,130,25,23.74361,25.487642,22.400791,83.73813,1.7989066,6.0660424,89.565674,76.103645,2.456051,1.2675163
23.0,122.0,2000-01-01,2000-05-10,130,25,24.183619,25.201616,23.398344,84.53746,3.611642,5.8545556,87.830925,80.33027,4.5558825,2.6371746
25.0,121.0,2000-01-01,2000-05-10,130,25,24.65361,25.554096,23.957266,82.89453,3.8863955,3.3832386,87.85664,77.64744,4.965378,2.5305958
22.0,122.0,2000-01-01,2000-05-10,130,25,26.541893,26.956533,26.06414,83.049,5.5575547,3.231263,85.87462,80.55834,6.6913853,4.5062685
22.0,120.0,2000-01-01,2000-05-10,130,25,26.261282,27.273891,25.454039,81.40527,3.3615692,3.9639885,86.25055,75.9818,4.2674084,2.3680398
25.0,122.0,2000-01-01,2000-05-10,130,25,25.288542,25.607372,24.90348,81.96453,4.8426394,3.268192,85.442184,78.98124,5.8970904,3.5724423
22.0,120.0,2000-01-01,2000-05-11,131,25,26.359886,27.377127,25.545557,82.95834,3.9078028,6.9128237,87.92124,77.48267,4.956973,2.8695276
25.0,122.0,2000-01-01,2000-05-11,131,25,25.516542,25.915806,25.03331,83.49246,4.900291,5.4934483,86.46666,80.77263,6.053286,3.5756998
24.0,121.0,2000-01-01,2000-05-11,131,25,23.380848,24.828083,22.242529,86.204094,2.458972,9.212625,91.066444,80.34148,3.425043,1.3910077
22.0,121.0,2000-01-01,2000-05-11,131,25,26.167315,27.19096,25.33065,83.18177,3.849531,7.300699,87.84939,77.84968,4.7199106,2.9687808
23.0,122.0,2000-01-01,2000-05-11,131,25,24.30761,25.259272,23.476923,85.377686,3.5587475,8.928201,88.639534,81.416985,4.440515,2.4772854
23.0,121.0,2000-01-01,2000-05-11,131,25,23.852505,25.552414,22.521938,85.13579,1.9770094,9.113445,90.97641,77.73037,2.7950635,1.2773021
22.0,122.0,2000-01-01,2000-05-11,131,25,26.622797,27.032896,26.112236,83.5138,5.449491,7.111797,86.70017,81.244514,6.369063,4.4094234
25.0,121.0,2000-01-01,2000-05-11,131,25,24.854004,25.725714,24.146378,84.476494,3.7646456,6.4205737,88.75474,79.81641,5.054608,2.2984114
25.0,120.0,2000-01-01,2000-05-11,131,25,23.766027,25.213537,22.717129,86.32108,3.560907,6.828287,91.79216,79.47299,5.014671,1.9368141
23.0,120.0,2000-01-01,2000-05-11,131,25,25.708464,26.9089,24.786358,84.05911,3.156588,7.9382105,89.38756,77.70488,4.2297688,2.011539
24.0,122.0,2000-01-01,2000-05-11,131,25,24.054462,24.944542,23.237154,85.116875,3.6233523,8.2665825,88.16653,81.62008,4.5442824,2.5415955
24.0,120.0,2000-01-01,2000-05-11,131,25,25.230467,26.19124,24.468174,85.12684,3.9077773,8.037697,89.45605,80.239655,5.396877,2.378687
22.0,121.0,2000-01-01,2000-05-12,132,25,26.130222,27.133978,25.386944,83.772224,3.9913702,6.8785815,88.008545,78.384514,4.974354,2.9317744
24.0,121.0,2000-01-01,2000-05-12,132,25,23.42307,24.78641,22.279858,85.99027,2.575094,9.44542,90.29539,80.53508,3.3274505,1.7348955
25.0,120.0,2000-01-01,2000-05-12,132,25,24.031654,25.447912,22.91959,86.29646,3.7007968,5.570602,91.22769,79.78534,4.869758,2.5007946
23.0,120.0,2000-01-01,2000-05-12,132,25,25.720947,26.863031,24.918476,84.43694,3.008184,6.14799,89.034225,78.299934,3.9121923,2.0724034
25.0,122.0,2000-01-01,2000-05-12,132,25,25.603222,25.975746,25.19607,83.60651,5.3379517,4.845502,86.39282,81.23483,6.447301,4.165499
23.0,121.0,2000-01-01,2000-05-12,132,25,23.838861,25.527847,22.59626,85.26179,2.011955,9.91844,90.46703,77.74015,2.794605,1.3809966
24.0,122.0,2000-01-01,2000-05-12,132,25,24.122356,24.92579,23.39811,84.738846,3.8794296,8.458782,87.885284,80.96215,4.9587746,2.6919024
22.0,122.0,2000-01-01,2000-05-12,132,25,26.64916,27.037226,26.234404,83.83959,5.774613,6.630171,86.950264,80.7719,7.220356,4.2139072
24.0,120.0,2000-01-01,2000-05-12,132,25,25.298567,26.156946,24.551651,85.1884,3.66587,5.6914525,89.20728,80.65106,4.630626,2.5602155
22.0,120.0,2000-01-01,2000-05-12,132,25,26.308456,27.301607,25.57224,83.37982,4.060392,6.4849024,87.5825,78.21846,5.0288787,3.1693637
23.0,122.0,2000-01-01,2000-05-12,132,25,24.35708,25.270115,23.5848,85.23427,3.811301,9.672471,88.630585,80.75079,4.8260756,2.7187388
25.0,121.0,2000-01-01,2000-05-12,132,25,24.915176,25.74181,24.129126,84.77068,3.994946,5.8269506,88.924934,80.64882,4.9087353,3.0499642
24.0,122.0,2000-01-01,2000-05-13,133,25,24.181746,25.166832,23.287031,84.5555,3.8435247,6.8738575,87.72485,80.331116,4.9748974,2.7141092
25.0,121.0,2000-01-01,2000-05-13,133,25,24.913118,25.940022,24.014439,83.935524,3.7958016,5.4624205,88.51375,78.916916,4.9717503,2.520198
23.0,122.0,2000-01-01,2000-05-13,133,25,24.510525,25.553291,23.567715,84.948074,3.6694067,6.6501613,88.309235,80.40707,4.8613353,2.464233
23.0,121.0,2000-01-01,2000-05-13,133,25,24.004114,25.846167,22.53771,84.72623,1.9926822,6.250381,91.0984,76.14664,2.8047245,1.2534012
22.0,122.0,2000-01-01,2000-05-13,133,25,26.821915,27.23599,26.296333,83.398155,5.698782,5.179829,86.297775,81.14226,7.0317497,4.256715
25.0,122.0,2000-01-01,2000-05-13,133,25,25.565092,26.1244,25.031544,82.97348,5.117386,4.703751,85.956726,79.974266,6.27581,3.8228915
23.0,120.0,2000-01-01,2000-05-13,133,25,25.857506,27.12828,24.927309,84.0738,3.0578265,5.422143,89.33811,77.55834,4.165068,1.9219974
25.0,120.0,2000-01-01,2000-05-13,133,25,24.119574,25.628115,22.967335,85.82766,3.509454,5.654988,91.37929,79.05295,4.6143928,2.1176524
24.0,121.0,2000-01-01,2000-05-13,133,25,23.518623,25.058489,22.230059,85.61032,2.5094826,7.644119,90.539696,79.11829,3.4178672,1.4371171
24.0,120.0,2000-01-01,2000-05-13,133,25,25.36563,26.371983,24.565361,84.98293,3.767227,6.8183184,89.1852,80.08597,5.028706,2.2306762
22.0,120.0,2000-01-01,2000-05-13,133,25,26.517057,27.640512,25.613247,82.51395,3.9381568,4.3552465,87.58028,76.587166,4.7792606,3.0223594
22.0,121.0,2000-01-01,2000-05-13,133,25,26.314947,27.42335,25.350298,83.0607,3.9792516,4.7779145,88.0458,77.21212,4.86707,3.0559013
22.0,120.0,2000-01-01,2000-05-14,134,25,26.596455,27.560589,25.821743,82.725716,3.9561548,8.780505,87.08429,77.849045,4.9427886,2.9993033
25.0,120.0,2000-01-01,2000-05-14,134,25,24.266052,25.790163,23.190777,85.79744,4.0476923,7.843005,90.92469,79.1963,5.280985,2.7339976
24.0,121.0,2000-01-01,2000-05-14,134,25,23.653635,25.199722,22.460527,85.69286,2.5667026,8.568108,90.81268,79.21745,3.513564,1.7695423
24.0,122.0,2000-01-01,2000-05-14,134,25,24.28062,25.201998,23.522392,84.98064,3.5684586,8.481137,88.72747,80.66479,4.700825,2.495108
23.0,121.0,2000-01-01,2000-05-14,134,25,24.075676,25.863453,22.739307,85.08594,1.7769967,8.430473,91.02734,77.30895,2.5260196,1.1707002
23.0,120.0,2000-01-01,2000-05-14,134,25,25.965527,27.10948,25.1081,84.0913,3.1011236,6.8356175,89.14089,78.01894,4.29035,2.1153955
23.0,122.0,2000-01-01,2000-05-14,134,25,24.5966,25.670322,23.76503,85.42671,3.718131,8.1790085,89.05922,80.87487,4.720188,2.7268546
24.0,120.0,2000-01-01,2000-05-14,134,25,25.537085,26.452015,24.731552,84.71767,4.0771275,6.9769154,89.226715,79.84256,5.432129,2.8826041
25.0,122.0,2000-01-01,2000-05-14,134,25,25.703289,26.16521,25.211948,83.58349,4.7547045,7.813103,86.91797,80.762695,5.946053,3.5535812
25.0,121.0,2000-01-01,2000-05-14,134,25,25.087202,26.007923,24.258482,84.21005,3.9526942,7.8961353,89.24332,79.54228,4.923498,2.7796412
22.0,121.0,2000-01-01,2000-05-14,134,25,26.4109,27.433723,25.606752,83.43078,4.0950866,7.803942,87.7478,78.194664,5.0952053,3.1772103
22.0,122.0,2000-01-01,2000-05-14,134,25,26.932331,27.388105,26.461592,83.85595,5.977426,7.5414925,86.315575,81.38888,7.301078,4.584938
24.0,121.0,2000-01-01,2000-05-15,135,25,23.751053,25.275015,22.435654,86.39313,2.6213715,10.5059595,91.36899,80.19107,3.5912738,1.5987101
24.0,122.0,2000-01-01,2000-05-15,135,25,24.444773,25.42323,23.557314,85.854805,3.819829,10.2032175,89.059235,81.993515,4.835855,2.767453
22.0,120.0,2000-01-01,2000-05-15,135,25,26.61403,27.696968,25.74287,83.25686,4.089454,11.886884,87.71131,78.05677,5.067558,2.964713
25.0,120.0,2000-01-01,2000-05-15,135,25,24.334593,25.827095,23.223839,85.97045,4.3294907,6.530742,91.2115,79.23559,5.581003,2.7333534
23.0,120.0,2000-01-01,2000-05-15,135,25,25.959663,27.105885,25.119741,84.65976,3.2843413,8.945907,89.24466,78.80609,4.28395,2.231843
23.0,121.0,2000-01-01,2000-05-15,135,25,24.160297,25.942856,22.71122,85.5963,1.8651913,12.38218,91.150314,78.12164,2.638575,1.2238165
24.0,120.0,2000-01-01,2000-05-15,135,25,25.544344,26.459497,24.79602,85.50379,4.438355,7.0776186,89.79836,80.85013,5.6462765,3.0332797
23.0,122.0,2000-01-01,2000-05-15,135,25,24.78675,25.851938,23.817217,85.82802,3.77184,10.410134,89.38499,81.38583,4.785787,2.8589861
22.0,121.0,2000-01-01,2000-05-15,135,25,26.500555,27.583014,25.582914,83.87375,4.118352,10.736372,88.276054,78.58525,5.059511,3.0984728
22.0,122.0,2000-01-01,2000-05-15,135,25,27.128017,27.59205,26.61104,84.1862,6.0412135,8.743571,86.88267,81.66281,7.2168536,4.9043875
25.0,122.0,2000-01-01,2000-05-15,135,25,25.855034,26.325161,25.390121,84.65977,5.092211,7.1554346,87.74199,82.010315,6.243657,3.7674274
25.0,121.0,2000-01-01,2000-05-15,135,25,25.172966,26.13042,24.343256,85.1394,4.208055,7.4490113,89.86246,80.38781,5.315419,2.989536
25.0,122.0,2000-01-01,2000-05-16,136,25,25.943596,26.430054,25.50189,84.57618,4.6843605,7.486687,87.56887,82.01381,6.005927,3.3728042
25.0,120.0,2000-01-01,2000-05-16,136,25,24.406172,25.87752,23.22416,86.197296,3.7851431,6.8552794,91.81781,79.44471,5.0845304,1.9705651
24.0,122.0,2000-01-01,2000-05-16,136,25,24.467825,25.443201,23.612455,86.160675,3.4078,9.73492,89.29122,82.60089,4.367223,2.3116379
25.0,121.0,2000-01-01,2000-05-16,136,25,25.289597,26.217247,24.468365,85.2977,3.9024615,6.964232,89.89589,80.27251,5.2051725,2.3662596
23.0,122.0,2000-01-01,2000-05-16,136,25,24.728544,25.801723,23.78644,86.717384,3.4036438,9.437981,89.93314,82.37564,4.4414754,2.3119833
23.0,121.0,2000-01-01,2000-05-16,136,25,24.219637,26.014185,22.81788,85.903244,1.7478086,8.881035,91.45501,78.20949,2.3821535,1.1585665
24.0,120.0,2000-01-01,2000-05-16,136,25,25.70706,26.694042,24.876724,85.3133,3.754147,5.2479186,89.9279,79.95168,5.1455836,2.0692759
24.0,121.0,2000-01-01,2000-05-16,136,25,23.803062,25.298784,22.516548,86.933525,2.2971375,9.211543,92.171326,80.63329,3.2989013,1.158195
22.0,121.0,2000-01-01,2000-05-16,136,25,26.553057,27.675066,25.665024,83.910934,3.913029,4.6979856,88.39174,78.306564,4.84669,2.9379308
22.0,120.0,2000-01-01,2000-05-16,136,25,26.664606,27.752579,25.815107,83.281784,3.8304462,4.900624,87.971306,77.634186,4.848044,2.9561448
22.0,122.0,2000-01-01,2000-05-16,136,25,27.062632,27.491035,26.532543,84.77842,5.5801563,5.2503576,87.31948,82.34863,6.8539233,4.2699146
23.0,120.0,2000-01-01,2000-05-16,136,25,26.130264,27.4098,25.207792,84.256195,2.9693058,4.89452,89.20791,77.601364,4.0238338,1.9480978
24.0,122.0,2000-01-01,2000-05-17,137,25,24.678272,25.701038,23.916254,86.497635,3.3288212,8.426182,89.638565,82.431915,4.4519362,2.2975578
25.0,121.0,2000-01-01,2000-05-17,137,25,25.346539,26.13685,24.662193,86.1929,4.170783,5.61703,90.103,81.84864,5.395405,2.9393125
25.0,122.0,2000-01-01,2000-05-17,137,25,26.08401,26.494148,25.68124,85.85376,4.7988987,6.746802,88.242386,83.533356,6.071978,3.4620125
25.0,120.0,2000-01-01,2000-05-17,137,25,24.430048,25.738388,23.45289,86.55129,4.1087065,4.4271507,91.7983,80.333046,5.2958612,2.9926062
23.0,121.0,2000-01-01,2000-05-17,137,25,24.40332,26.29151,22.99291,85.737366,1.70103,6.8853517,91.43106,77.35809,2.4353645,1.0358837
23.0,122.0,2000-01-01,2000-05-17,137,25,24.905397,26.03017,24.072206,86.32622,3.452274,6.9909425,89.640976,81.49691,4.440718,2.4591203
24.0,121.0,2000-01-01,2000-05-17,137,25,23.92914,25.48792,22.709532,86.88518,2.449785,7.2982497,91.59128,80.3282,3.2927234,1.6413363
24.0,120.0,2000-01-01,2000-05-17,137,25,25.73168,26.622665,25.018614,85.8509,4.1934853,3.67886,89.85455,81.22902,5.4897747,3.022872
22.0,122.0,2000-01-01,2000-05-17,137,25,27.143776,27.55257,26.687437,84.44457,5.3484473,4.147611,86.9195,82.12213,6.471652,4.1910024
23.0,120.0,2000-01-01,2000-05-17,137,25,26.211794,27.428307,25.301367,84.69937,3.196955,3.2601647,89.53921,78.21163,4.116199,2.2945955
22.0,121.0,2000-01-01,2000-05-17,137,25,26.641392,27.721365,25.7192,83.774826,3.625216,4.04172,88.49798,78.07269,4.489825,2.7451572
22.0,120.0,2000-01-01,2000-05-17,137,25,26.781723,27.86165,25.924717,83.14702,3.4994652,4.331331,87.40155,77.52967,4.36364,2.549557
25.0,122.0,2000-01-01,2000-05-18,138,25,26.233688,26.614614,25.792994,85.8522,4.9434667,8.693425,88.13901,83.6246,6.0262995,3.5016882
25.0,120.0,2000-01-01,2000-05-18,138,25,24.743141,26.185698,23.669409,86.72855,4.2894325,6.782732,91.60799,80.48641,5.5537734,2.8659265
24.0,122.0,2000-01-01,2000-05-18,138,25,24.87945,25.876274,24.014088,86.43394,3.705306,10.960579,90.00914,82.19571,4.6900563,2.5504959
25.0,121.0,2000-01-01,2000-05-18,138,25,25.591599,26.470495,24.79725,86.00335,4.2085137,8.089795,89.95348,81.73908,5.3129168,2.8527057
23.0,122.0,2000-01-01,2000-05-18,138,25,25.13139,26.214094,24.204473,86.36122,4.0249367,10.685617,90.208046,81.46232,4.9936113,2.934897
23.0,121.0,2000-01-01,2000-05-18,138,25,24.594746,26.37614,23.139732,85.814766,1.9509778,10.424387,91.82457,77.75112,2.8532965,1.2435086
24.0,120.0,2000-01-01,2000-05-18,138,25,26.01846,26.937344,25.239853,85.52901,4.4814343,4.5027637,89.73445,80.89324,5.867336,3.003094
24.0,121.0,2000-01-01,2000-05-18,138,25,24.226467,25.7859,22.93294,86.642365,2.8602974,10.351143,91.96864,79.955574,3.8637714,1.8441392
22.0,121.0,2000-01-01,2000-05-18,138,25,26.769382,27.763355,25.884214,84.051895,4.015532,6.491285,88.55256,78.88727,4.991929,2.9833207
22.0,120.0,2000-01-01,2000-05-18,138,25,26.881166,27.869585,26.019932,83.486885,3.570887,5.6248913,88.15495,78.16273,4.5307918,2.5701978
22.0,122.0,2000-01-01,2000-05-18,138,25,27.306606,27.698467,26.888212,84.692726,6.0361576,6.7558837,87.175575,82.406075,7.117514,4.909048
23.0,120.0,2000-01-01,2000-05-18,138,25,26.392717,27.52624,25.485468,84.69285,3.385318,4.5457892,89.550186,78.78378,4.3637776,2.2693703
24.0,122.0,2000-01-01,2000-05-19,139,25,24.837059,25.713753,24.11835,86.816025,3.908172,14.922153,89.80159,83.18913,5.2851076,2.7920532
25.0,121.0,2000-01-01,2000-05-19,139,25,25.61268,26.390156,24.977505,85.1498,4.745287,7.279635,89.21244,80.87668,5.855162,3.523806
25.0,122.0,2000-01-01,2000-05-19,139,25,26.173342,26.535147,25.797125,85.28533,5.5652657,8.342256,87.67623,82.8107,6.8390627,4.2181153
25.0,120.0,2000-01-01,2000-05-19,139,25,24.810902,26.013521,23.911001,86.00205,4.646889,7.0086317,90.81783,80.28376,5.8155956,3.3026998
23.0,121.0,2000-01-01,2000-05-19,139,25,24.622992,26.353989,23.23833,86.15914,2.0394926,14.916958,91.488976,78.74417,2.8670876,1.4326786
23.0,122.0,2000-01-01,2000-05-19,139,25,25.103193,26.114273,24.294506,86.5437,4.0584407,15.975918,89.51457,82.30594,5.0031753,3.1340995
24.0,121.0,2000-01-01,2000-05-19,139,25,24.265896,25.67826,23.084785,86.72226,2.9577386,13.860444,91.28047,80.903786,3.9447074,1.8775407
24.0,120.0,2000-01-01,2000-05-19,139,25,26.09499,26.94837,25.413324,85.510254,4.4971175,5.6756263,89.47463,81.27556,5.9864874,2.7190657
22.0,122.0,2000-01-01,2000-05-19,139,25,27.299505,27.743158,26.837318,84.55947,5.9174657,10.357333,87.22154,82.02686,6.8814354,4.874431
23.0,120.0,2000-01-01,2000-05-19,139,25,26.458345,27.60832,25.572817,84.92159,3.3811343,6.689729,89.58467,79.32313,4.5115557,2.3780708
22.0,121.0,2000-01-01,2000-05-19,139,25,26.818813,27.857553,25.942598,84.09894,4.0522923,9.289215,88.37549,78.790535,4.8509345,3.2357197
22.0,120.0,2000-01-01,2000-05-19,139,25,26.949997,28.004047,26.061596,83.89398,3.906809,7.7868347,88.23326,78.61992,4.8474464,2.9365094
25.0,122.0,2000-01-01,2000-05-20,140,25,26.327688,26.848076,25.77997,84.557465,5.6469173,6.483955,87.35205,82.034,6.825633,4.32677
25.0,121.0,2000-01-01,2000-05-20,140,25,25.717224,26.621225,24.91833,84.900856,4.798036,5.5015965,88.708984,81.055595,5.95922,3.4848056
24.0,122.0,2000-01-01,2000-05-20,140,25,24.898308,25.884932,24.030346,86.10749,3.9281049,11.255986,88.82953,82.68104,4.965111,2.771845
25.0,120.0,2000-01-01,2000-05-20,140,25,24.9638,26.327953,23.923628,85.92648,4.5955186,5.3062854,90.805115,80.13083,6.063507,2.833116
23.0,122.0,2000-01-01,2000-05-20,140,25,25.111643,26.179115,24.19668,85.92407,4.3093286,10.756418,89.17378,81.98667,5.207655,3.370532
23.0,121.0,2000-01-01,2000-05-20,140,25,24.529993,26.266762,23.12839,86.26833,2.1092443,12.233469,91.245285,79.45888,2.8518836,1.4301552
24.0,120.0,2000-01-01,2000-05-20,140,25,26.082508,26.996695,25.342945,85.545586,4.5793858,5.388376,89.09173,81.55621,5.9049463,3.060102
24.0,121.0,2000-01-01,2000-05-20,140,25,24.276934,25.772541,23.027851,86.54454,3.10482,10.273933,90.78607,81.2761,4.067612,1.9587511
22.0,121.0,2000-01-01,2000-05-20,140,25,26.67571,27.675787,25.799395,84.42828,4.2996783,8.916815,88.553375,79.64756,5.092156,3.329483
22.0,120.0,2000-01-01,2000-05-20,140,25,26.834602,27.830845,26.013647,84.108795,4.149785,8.263739,87.841896,79.519554,5.1223617,3.1762872
22.0,122.0,2000-01-01,2000-05-20,140,25,27.258125,27.70271,26.724504,84.1937,6.4581866,7.4324355,87.101555,81.47901,7.429843,5.1722713
23.0,120.0,2000-01-01,2000-05-20,140,25,26.341728,27.494835,25.472675,85.25212,3.385689,7.328985,89.28303,80.05564,4.4896636,2.3224888
24.0,122.0,2000-01-01,2000-05-21,141,25,24.798664,25.704674,24.049526,85.24926,4.4258037,13.440278,88.156136,82.06314,5.6732335,3.023089
25.0,120.0,2000-01-01,2000-05-21,141,25,24.967651,26.32517,24.013306,84.740814,4.8402314,5.7351975,89.65336,79.05497,6.0481935,3.099237
25.0,122.0,2000-01-01,2000-05-21,141,25,26.181358,26.568867,25.82147,83.15573,6.3295774,7.316626,86.00486,80.65365,7.7105894,4.8112392
25.0,121.0,2000-01-01,2000-05-21,141,25,25.599941,26.465786,24.897524,83.77268,4.91456,6.399568,87.530304,79.83199,5.958849,3.647158
23.0,121.0,2000-01-01,2000-05-21,141,25,24.434748,26.058788,23.191826,85.94084,2.3231184,14.028049,90.68032,79.26841,3.094175,1.6219472
23.0,122.0,2000-01-01,2000-05-21,141,25,25.028088,26.000942,24.216152,85.54158,4.593335,12.920261,88.38127,81.88017,5.647387,3.4376376
24.0,121.0,2000-01-01,2000-05-21,141,25,24.206676,25.654146,23.050259,85.95571,3.082801,12.524453,90.316795,80.66282,4.144459,1.769455
24.0,120.0,2000-01-01,2000-05-21,141,25,26.020123,26.916481,25.298853,84.99838,4.447756,6.485929,88.83267,80.84491,5.864066,2.6713877
22.0,122.0,2000-01-01,2000-05-21,141,25,27.196018,27.598595,26.703632,83.71433,7.011399,9.216647,86.47842,81.38705,8.48538,5.484295
23.0,120.0,2000-01-01,2000-05-21,141,25,26.254473,27.34791,25.455996,84.95232,3.6207206,7.9645042,89.05552,79.42475,4.635484,2.5928466
22.0,121.0,2000-01-01,2000-05-21,141,25,26.601683,27.557405,25.791992,84.000656,4.8377213,10.343048,87.89138,79.39648,5.746622,3.8407922
22.0,120.0,2000-01-01,2000-05-21,141,25,26.729214,27.613745,25.969727,83.77759,4.7300124,12.353244,87.400276,79.27053,5.644691,3.765666
25.0,122.0,2000-01-01,2000-05-22,142,25,26.16539,26.604954,25.6916,82.79612,5.6275506,9.697546,85.66037,80.06684,6.7915654,4.274118
25.0,121.0,2000-01-01,2000-05-22,142,25,25.487267,26.28236,24.705698,84.05502,4.674563,9.261763,88.21165,79.67003,6.0424953,3.2293656
24.0,122.0,2000-01-01,2000-05-22,142,25,24.767263,25.603765,23.977837,84.76536,3.9620368,16.840212,88.0887,81.12263,4.8906355,2.7968812
25.0,120.0,2000-01-01,2000-05-22,142,25,24.793428,26.078884,23.726269,85.21237,4.134537,8.029778,90.41374,79.42014,5.438595,2.45262
23.0,122.0,2000-01-01,2000-05-22,142,25,25.016289,25.9062,24.193876,85.109924,4.4112887,16.348255,88.20162,81.24209,5.532104,3.3090818
23.0,121.0,2000-01-01,2000-05-22,142,25,24.374382,25.852175,23.155449,85.803185,2.231877,18.897383,90.78892,79.399895,3.1489534,1.4286008
24.0,120.0,2000-01-01,2000-05-22,142,25,25.890842,26.722185,25.16082,85.12541,3.8209574,9.73571,89.199425,80.59317,5.3200593,2.0669487
24.0,121.0,2000-01-01,2000-05-22,142,25,24.077888,25.335983,22.911777,86.14128,2.5684147,16.415686,90.92972,80.747055,3.7116873,1.3615363
22.0,121.0,2000-01-01,2000-05-22,142,25,26.538342,27.366455,25.864708,83.89477,4.6382136,13.633719,87.39679,79.80061,5.576649,3.6915865
22.0,120.0,2000-01-01,2000-05-22,142,25,26.617998,27.472776,25.918364,84.03704,4.5244083,13.735643,87.76573,79.81107,5.3802047,3.609981
22.0,122.0,2000-01-01,2000-05-22,142,25,27.181509,27.570242,26.761377,83.32756,6.744241,11.062305,85.358215,81.2561,8.0405245,5.4013934
23.0,120.0,2000-01-01,2000-05-22,142,25,26.19356,27.22982,25.408648,84.75052,3.2602236,12.192074,88.693146,79.78892,4.459398,2.2122996
24.0,122.0,2000-01-01,2000-05-23,143,25,24.547491,25.33189,23.881142,84.94292,4.2198997,13.698089,87.61997,82.00705,5.3851414,2.9722867
25.0,120.0,2000-01-01,2000-05-23,143,25,24.691187,25.949492,23.728443,85.32756,3.8984833,7.549454,90.346886,79.00341,4.920361,2.873292
25.0,122.0,2000-01-01,2000-05-23,143,25,25.972004,26.357769,25.613256,82.75538,5.7282276,10.439444,85.10204,80.40676,7.269775,4.254262
25.0,121.0,2000-01-01,2000-05-23,143,25,25.349245,26.146093,24.666582,84.12445,4.477955,9.505947,87.636536,80.00261,5.516023,3.4671464
23.0,121.0,2000-01-01,2000-05-23,143,25,24.237164,25.719091,23.016748,86.16716,2.2190201,12.990098,90.911156,80.16281,2.9552414,1.5470451
23.0,122.0,2000-01-01,2000-05-23,143,25,24.838356,25.720304,24.100332,85.56464,3.9582832,12.923867,88.30385,82.12458,4.9338884,2.8584516
24.0,121.0,2000-01-01,2000-05-23,143,25,23.913996,25.23256,22.887407,86.43282,2.756689,12.764273,90.46595,81.2811,3.5918493,1.8617612
24.0,120.0,2000-01-01,2000-05-23,143,25,25.805595,26.609901,25.150278,84.96501,4.376283,7.634559,88.272194,80.76183,5.6617503,3.025517
22.0,122.0,2000-01-01,2000-05-23,143,25,27.08741,27.42525,26.688026,83.66806,6.1618037,9.542342,86.098,81.47281,7.410332,5.0102577
23.0,120.0,2000-01-01,2000-05-23,143,25,26.135326,27.108837,25.35624,84.67881,3.5988712,7.8426876,88.45792,79.85901,4.6463246,2.59241
22.0,121.0,2000-01-01,2000-05-23,143,25,26.485098,27.288103,25.71731,84.16745,4.3682766,9.616065,87.867676,80.17394,5.3643126,3.438226
22.0,120.0,2000-01-01,2000-05-23,143,25,26.61161,27.422945,25.840448,83.94342,4.244201,10.668009,87.620575,79.876144,5.2527056,3.2721272
25.0,122.0,2000-01-01,2000-05-24,144,25,25.991785,26.444118,25.49014,82.46174,5.592355,10.3174095,84.983116,79.930214,6.965207,4.185758
25.0,121.0,2000-01-01,2000-05-24,144,25,25.415152,26.265903,24.670523,83.58266,4.1689157,8.077112,87.34846,79.71273,5.276324,2.9397256
24.0,122.0,2000-01-01,2000-05-24,144,25,24.557999,25.391651,23.752691,84.78455,4.018032,12.776508,87.67048,81.6102,5.069526,2.8268845
25.0,120.0,2000-01-01,2000-05-24,144,25,24.77112,26.16804,23.6992,84.90274,3.5913763,6.7441063,89.477936,79.18045,4.8687916,2.2142522
23.0,122.0,2000-01-01,2000-05-24,144,25,24.848804,25.730337,23.995405,85.788055,3.709491,12.896445,89.24293,82.13278,4.691506,2.6425414
23.0,121.0,2000-01-01,2000-05-24,144,25,24.323353,25.901602,23.067924,85.75835,2.0424666,11.017786,90.863846,79.374916,2.7710023,1.4549096
24.0,120.0,2000-01-01,2000-05-24,144,25,25.850035,26.749073,25.101265,84.366394,3.6968708,6.6351624,87.96579,79.92672,5.178996,2.183058
24.0,121.0,2000-01-01,2000-05-24,144,25,23.970879,25.314417,22.836767,86.023964,2.4523678,10.529197,90.47033,80.85998,3.4462292,1.4913384
22.0,121.0,2000-01-01,2000-05-24,144,25,26.615673,27.557026,25.797607,83.70344,4.1210113,7.9120173,88.07193,79.04939,5.1341505,3.0850823
22.0,120.0,2000-01-01,2000-05-24,144,25,26.717487,27.612812,25.997564,83.39831,3.9838438,7.8512855,87.00851,79.02179,5.094255,2.9568262
22.0,122.0,2000-01-01,2000-05-24,144,25,27.142023,27.576618,26.628735,83.80716,5.837246,9.786708,86.62064,81.18051,6.820769,4.590073
23.0,120.0,2000-01-01,2000-05-24,144,25,26.20921,27.3219,25.372252,84.07564,3.0313067,7.105131,88.29708,78.60551,4.143878,2.0412333
24.0,122.0,2000-01-01,2000-05-25,145,25,24.709482,25.394037,24.084204,84.831955,3.8202355,9.8275585,87.87737,81.57581,4.706707,2.80192
25.0,120.0,2000-01-01,2000-05-25,145,25,24.863544,26.172256,23.86356,85.210945,3.7477365,6.077855,90.861374,78.90886,5.000349,2.25582
25.0,122.0,2000-01-01,2000-05-25,145,25,26.223316,26.600079,25.775219,82.62587,5.143783,4.889797,86.05791,79.83038,6.321612,3.8973687
25.0,121.0,2000-01-01,2000-05-25,145,25,25.63848,26.425129,24.986513,83.95511,3.8043365,5.0890794,88.74319,79.006836,4.9063582,2.4728029
23.0,121.0,2000-01-01,2000-05-25,145,25,24.393772,25.818432,23.25774,86.211914,2.1385329,11.72116,91.12298,80.090775,2.8453743,1.5344293
23.0,122.0,2000-01-01,2000-05-25,145,25,24.8863,25.66076,24.236387,86.06504,3.431775,11.098603,88.991005,82.95393,4.179047,2.672276
24.0,121.0,2000-01-01,2000-05-25,145,25,24.114143,25.386425,23.096163,86.28237,2.3904243,10.039338,91.12036,80.70154,3.3094199,1.358186
24.0,120.0,2000-01-01,2000-05-25,145,25,25.964312,26.833467,25.332603,84.862404,3.7403836,7.0171814,88.95024,80.08443,4.876304,2.431243
22.0,122.0,2000-01-01,2000-05-25,145,25,27.074684,27.489101,26.681313,84.68373,5.4233565,9.087194,87.288086,82.38193,6.416886,4.4025216
23.0,120.0,2000-01-01,2000-05-25,145,25,26.250679,27.281,25.520327,84.78257,3.2028337,8.691379,88.99921,79.509796,3.9772546,2.3987086
22.0,121.0,2000-01-01,2000-05-25,145,25,26.581387,27.42438,25.843378,84.72776,4.140972,9.71799,88.29967,80.66338,5.0070353,3.227586
22.0,120.0,2000-01-01,2000-05-25,145,25,26.762383,27.62126,26.039013,84.25006,4.4410887,10.0802355,88.24577,79.87391,5.3933344,3.5334613
25.0,122.0,2000-01-01,2000-05-26,146,25,26.69309,27.069664,26.321562,84.923645,5.024568,5.558557,87.94067,82.23855,6.246863,3.6623602
25.0,121.0,2000-01-01,2000-05-26,146,25,26.01879,26.868662,25.310741,85.980255,3.2559218,6.2726684,90.20567,81.78203,4.496642,2.0241396
24.0,122.0,2000-01-01,2000-05-26,146,25,25.051767,25.88894,24.348213,86.12616,3.6307623,8.696367,89.34327,82.578026,4.5714707,2.6260822
25.0,120.0,2000-01-01,2000-05-26,146,25,25.183666,26.465054,24.269814,87.080154,3.3469307,6.610796,92.14165,81.32845,4.517043,2.1654258
23.0,122.0,2000-01-01,2000-05-26,146,25,25.249468,26.196026,24.477749,86.248604,3.6276002,9.17062,89.76712,82.111664,4.367176,2.76703
23.0,121.0,2000-01-01,2000-05-26,146,25,24.598133,26.112799,23.37951,86.63608,2.0712564,12.97311,91.592606,80.234,2.7374735,1.4131868
24.0,120.0,2000-01-01,2000-05-26,146,25,26.23375,27.085972,25.539341,86.283554,3.4786124,7.229083,90.35539,81.9264,4.8222594,2.228011
24.0,121.0,2000-01-01,2000-05-26,146,25,24.36624,25.702593,23.27669,87.24778,1.9697467,9.428191,91.74539,81.86911,2.8494663,1.141501
22.0,121.0,2000-01-01,2000-05-26,146,25,26.804905,27.668806,26.062002,84.9841,4.5684514,12.237633,89.24781,80.462814,5.4203987,3.7168703
22.0,120.0,2000-01-01,2000-05-26,146,25,26.867779,27.698359,26.164257,84.862854,4.776409,12.919088,88.79043,80.539276,5.7458053,3.7310584
22.0,122.0,2000-01-01,2000-05-26,146,25,27.45771,27.902777,26.97523,84.67494,6.1588497,8.411033,87.50641,81.99893,7.344319,5.169284
23.0,120.0,2000-01-01,2000-05-26,146,25,26.472212,27.481558,25.709585,85.66835,3.3819664,10.765468,90.1748,80.365944,4.3278246,2.377307
24.0,122.0,2000-01-01,2000-05-27,147,25,25.371084,26.270239,24.665073,86.720566,4.0857267,9.4532,89.49654,83.28638,5.035557,3.0057964
25.0,120.0,2000-01-01,2000-05-27,147,25,25.539646,26.852608,24.563965,87.40073,3.5319629,8.306658,92.6152,81.109924,4.7524514,2.0582695
25.0,122.0,2000-01-01,2000-05-27,147,25,26.878708,27.250687,26.503809,85.89178,5.1325407,6.6501637,87.95557,83.74522,6.181887,4.03191
25.0,121.0,2000-01-01,2000-05-27,147,25,26.218264,27.044836,25.491304,86.18823,3.6336842,8.397296,90.057686,81.87068,4.7342777,2.423249
23.0,121.0,2000-01-01,2000-05-27,147,25,24.84775,26.504356,23.59391,86.899765,2.425567,13.917009,91.74303,80.12923,3.1946042,1.7742627
23.0,122.0,2000-01-01,2000-05-27,147,25,25.559858,26.55499,24.776861,86.47185,4.2432837,9.67018,89.53708,82.51399,5.22743,3.1942627
24.0,121.0,2000-01-01,2000-05-27,147,25,24.699244,26.16903,23.54273,87.072624,2.3966749,11.225661,91.65997,81.06552,3.2486143,1.4940808
24.0,120.0,2000-01-01,2000-05-27,147,25,26.525093,27.430222,25.840382,86.077835,3.799568,9.635087,89.89135,81.30684,5.0013733,2.4373772
22.0,122.0,2000-01-01,2000-05-27,147,25,27.662249,28.066885,27.246851,85.09195,6.5989895,8.485182,87.43999,82.77901,7.663347,5.3519726
23.0,120.0,2000-01-01,2000-05-27,147,25,26.679893,27.767954,25.919703,85.909355,3.4069793,12.329477,89.88785,80.38957,4.395605,2.4167113
22.0,121.0,2000-01-01,2000-05-27,147,25,26.948563,27.844847,26.221285,85.43774,4.7892294,12.75215,89.00265,81.05601,5.6115484,3.9141827
22.0,120.0,2000-01-01,2000-05-27,147,25,27.00441,27.909971,26.285816,85.42945,4.8748765,13.345106,89.056915,81.05051,5.688481,3.9801912
25.0,122.0,2000-01-01,2000-05-28,148,25,26.789307,27.194653,26.320406,85.55386,4.9674377,8.575359,88.27038,83.08199,6.349021,3.3352735
25.0,121.0,2000-01-01,2000-05-28,148,25,26.110134,26.996244,25.262539,85.99065,3.7867217,10.347515,90.28714,81.45664,5.128189,2.3484173
24.0,122.0,2000-01-01,2000-05-28,148,25,25.362358,26.263453,24.531641,86.56176,4.046979,9.344409,89.94996,82.792946,5.0681524,2.7921543
25.0,120.0,2000-01-01,2000-05-28,148,25,25.534788,26.894434,24.42858,86.963356,3.6264985,10.18273,91.60024,81.08149,4.974074,2.1729102
23.0,122.0,2000-01-01,2000-05-28,148,25,25.540747,26.564556,24.655518,86.71895,4.187375,8.2619505,90.32603,82.29497,5.1337557,3.1542645
23.0,121.0,2000-01-01,2000-05-28,148,25,24.815195,26.405067,23.538443,87.095795,2.2727058,10.30052,92.13877,80.24747,3.1181364,1.5078931
24.0,120.0,2000-01-01,2000-05-28,148,25,26.419916,27.332138,25.635069,86.20503,4.216419,9.887015,90.365906,81.57498,5.4224186,2.9402487
24.0,121.0,2000-01-01,2000-05-28,148,25,24.671515,26.097954,23.42401,87.058044,2.5057256,11.141888,92.236404,80.93932,3.5414007,1.2868149
22.0,121.0,2000-01-01,2000-05-28,148,25,26.851685,27.799244,26.01452,85.940216,4.5215144,8.750235,89.60756,81.63043,5.5051904,3.4425638
22.0,120.0,2000-01-01,2000-05-28,148,25,26.886297,27.757408,26.119858,85.62567,4.4706707,10.336233,89.24942,81.35316,5.419004,3.438809
22.0,122.0,2000-01-01,2000-05-28,148,25,27.57898,28.000395,27.107105,85.63343,6.4396577,6.697317,87.88459,83.49435,7.7355433,5.1780825
23.0,120.0,2000-01-01,2000-05-28,148,25,26.56937,27.63961,25.771318,86.21209,3.6128638,9.048389,90.2786,80.95829,4.5459366,2.7611213
24.0,122.0,2000-01-01,2000-05-29,149,25,25.194529,26.040339,24.437695,85.89189,3.6328907,7.3644214,88.73757,82.35132,4.5953245,2.5409853
25.0,120.0,2000-01-01,2000-05-29,149,25,25.413267,26.67388,24.381498,86.397255,3.5657585,6.165376,91.24211,80.553276,4.7226853,2.3416924
25.0,122.0,2000-01-01,2000-05-29,149,25,26.731194,27.14523,26.292578,84.19499,4.9727974,5.60051,86.98325,81.44078,6.007285,3.9048865
25.0,121.0,2000-01-01,2000-05-29,149,25,26.036924,26.821915,25.337734,85.39915,3.6620977,6.4229565,89.17431,81.15276,4.7943354,2.5036266
23.0,121.0,2000-01-01,2000-05-29,149,25,24.718262,26.251463,23.436636,86.874535,1.8586464,9.623325,91.63888,80.453186,2.5990818,1.2438427
23.0,122.0,2000-01-01,2000-05-29,149,25,25.397532,26.355698,24.571617,86.167595,3.2770061,6.747654,89.186386,82.39309,4.1293044,2.3907354
24.0,121.0,2000-01-01,2000-05-29,149,25,24.48877,25.802675,23.341675,87.18173,2.20808,8.202436,91.415146,82.04287,3.0287054,1.3315669
24.0,120.0,2000-01-01,2000-05-29,149,25,26.28511,27.074186,25.584429,86.18714,3.6637297,6.4867234,89.72106,82.133965,4.6636853,2.3868575
22.0,122.0,2000-01-01,2000-05-29,149,25,27.505238,27.983845,26.992657,84.61821,4.921194,4.838778,87.108246,82.23891,6.248738,3.6277914
23.0,120.0,2000-01-01,2000-05-29,149,25,26.520676,27.532915,25.724438,85.84584,3.2027063,7.9131203,89.845215,80.727974,4.182953,2.3632908
22.0,121.0,2000-01-01,2000-05-29,149,25,26.82439,27.79275,25.988394,85.2371,3.5738125,7.7306213,89.01451,80.70775,4.566496,2.6649003
22.0,120.0,2000-01-01,2000-05-29,149,25,26.879148,27.746984,26.115395,85.09226,3.8711743,9.026095,88.52075,80.959854,4.890089,2.9779708
25.0,122.0,2000-01-01,2000-05-30,150,25,26.684084,27.088642,26.24083,84.274864,4.3369846,6.407429,86.82178,82.066315,5.6082683,2.941841
25.0,121.0,2000-01-01,2000-05-30,150,25,26.076283,26.920137,25.332535,85.01539,3.903708,6.845023,88.71768,81.01189,5.058172,2.4863596
24.0,122.0,2000-01-01,2000-05-30,150,25,25.255281,26.177622,24.43098,85.781845,3.143681,8.341296,88.97649,82.06115,4.1578827,1.9547908
25.0,120.0,2000-01-01,2000-05-30,150,25,25.473211,26.746162,24.456089,86.01982,3.9042292,5.960626,90.6234,80.07939,5.195687,2.4933908
23.0,122.0,2000-01-01,2000-05-30,150,25,25.516567,26.487358,24.639414,85.94504,3.5673785,7.8780446,89.66407,81.81054,4.536164,2.4705784
23.0,121.0,2000-01-01,2000-05-30,150,25,24.838123,26.377846,23.585361,86.41832,1.8005874,8.924502,91.47095,80.09954,2.560732,1.1724257
24.0,120.0,2000-01-01,2000-05-30,150,25,26.419771,27.323702,25.677622,85.575195,3.8487098,6.294188,89.20602,81.19201,5.188886,2.4362125
24.0,121.0,2000-01-01,2000-05-30,150,25,24.636358,26.05709,23.436338,86.605736,2.366816,8.793266,91.425674,80.864685,3.2328491,1.3460044
22.0,121.0,2000-01-01,2000-05-30,150,25,26.955584,27.847824,26.153837,84.540985,3.6730335,6.6903076,88.439964,80.10078,4.657103,2.8496757
22.0,120.0,2000-01-01,2000-05-30,150,25,27.013412,27.822582,26.320375,84.43056,3.6779838,7.0693345,87.886604,80.4778,4.7542086,2.5996444
22.0,122.0,2000-01-01,2000-05-30,150,25,27.635609,28.070274,27.161177,84.14584,5.424711,5.6350083,86.990654,81.42858,6.488882,4.282048
23.0,120.0,2000-01-01,2000-05-30,150,25,26.627457,27.643234,25.861553,85.3754,3.092864,6.420836,89.290016,80.316376,4.051416,2.1668463
24.0,122.0,2000-01-01,2000-05-31,151,25,25.191933,26.07596,24.43878,85.45918,3.644502,7.6767898,88.21903,82.23908,4.660354,2.5311723
25.0,120.0,2000-01-01,2000-05-31,151,25,25.461311,26.861225,24.32979,85.516266,3.9702277,9.323819,90.442,79.52293,4.9787736,2.798787
25.0,122.0,2000-01-01,2000-05-31,151,25,26.63207,27.041132,26.14357,83.59159,4.8013153,6.6568847,86.26405,81.54437,5.8882594,3.607581
25.0,121.0,2000-01-01,2000-05-31,151,25,26.030224,26.887016,25.230694,83.973564,4.159982,8.378379,87.969666,79.79677,5.1015873,3.1393616
23.0,121.0,2000-01-01,2000-05-31,151,25,24.809067,26.426582,23.484638,86.181526,2.073631,9.317402,91.13596,79.40201,2.851371,1.4880944
23.0,122.0,2000-01-01,2000-05-31,151,25,25.487852,26.502779,24.637335,85.609726,3.93887,7.162561,88.78449,81.57385,4.8870077,2.8650362
24.0,121.0,2000-01-01,2000-05-31,151,25,24.57883,26.02587,23.38312,85.89372,2.803673,9.423293,90.22014,80.28039,3.7804275,1.8772312
24.0,120.0,2000-01-01,2000-05-31,151,25,26.342121,27.247856,25.558315,85.29426,4.3237276,8.386623,89.01612,80.91172,5.572109,3.0989435
22.0,122.0,2000-01-01,2000-05-31,151,25,27.584213,28.028955,27.10595,84.08183,6.065883,5.8243628,86.81015,81.4123,7.2490015,4.84699
23.0,120.0,2000-01-01,2000-05-31,151,25,26.578306,27.642456,25.705528,85.55285,3.4560359,8.286217,89.853645,80.19959,4.4724803,2.550387
22.0,121.0,2000-01-01,2000-05-31,151,25,26.903875,27.846725,26.052197,84.569435,4.2072377,7.9953847,88.48376,79.898926,5.175139,3.2611368
22.0,120.0,2000-01-01,2000-05-31,151,25,27.002352,27.892353,26.179697,84.571075,3.871022,7.9251943,88.57285,80.195656,4.8201194,2.9847162
