latitude,longitude,init_date,valid_date,lead_day,ens_n,t2m_C,t2m_C_max,t2m_C_min,rh_pct,wind_mps,tp_mm_mean
22.0,120.0,2020-09-01,2020-09-01,0,51,27.85727,28.711823,27.029034,83.52769,5.4282207,0.0
22.0,120.0,2020-09-01,2020-09-02,1,51,27.817194,28.427313,27.264679,86.451355,4.9322443,5.4892983
22.0,120.0,2020-09-01,2020-09-03,2,51,27.657486,28.36636,26.909567,86.13432,2.7313159,5.1200066
22.0,120.0,2020-09-01,2020-09-04,3,51,27.446457,28.31918,26.729763,85.03656,1.7281635,4.327217
22.0,120.0,2020-09-01,2020-09-05,4,51,27.437136,28.452047,26.545195,83.59169,2.4111795,3.4592614
22.0,120.0,2020-09-01,2020-09-06,5,51,27.332012,28.331259,26.530079,80.238365,2.7129796,2.7199275
22.0,120.0,2020-09-01,2020-09-07,6,51,27.439423,28.421972,26.665262,80.35288,2.9051685,3.9595435
22.0,120.0,2020-09-01,2020-09-08,7,51,27.428757,28.348408,26.738861,82.29521,2.7761633,5.770473
22.0,120.0,2020-09-01,2020-09-09,8,51,27.299282,28.155008,26.628351,81.61376,2.3858025,6.952362
22.0,120.0,2020-09-01,2020-09-10,9,51,27.147943,27.917797,26.53681,81.55675,2.6700745,7.206837
22.0,120.0,2020-09-01,2020-09-11,10,51,27.27102,28.087349,26.565842,82.43362,3.3577414,7.707323
22.0,120.0,2020-09-01,2020-09-12,11,51,27.392944,28.232075,26.691425,82.82951,3.459795,8.150432
22.0,120.0,2020-09-01,2020-09-13,12,51,27.365528,28.237646,26.653448,83.70068,3.4949179,11.395264
22.0,120.0,2020-09-01,2020-09-14,13,51,27.417315,28.241493,26.762793,84.611755,3.968448,9.369288
22.0,120.0,2020-09-01,2020-09-15,14,51,27.605635,28.600622,26.841864,84.132355,3.9577272,9.248994
22.0,120.0,2020-09-01,2020-09-16,15,51,27.67768,28.589035,26.954027,84.52321,4.0097804,7.8719435
22.0,120.0,2020-09-01,2020-09-17,16,51,27.74343,28.734026,26.956137,84.57875,3.8534374,6.5874367
22.0,120.0,2020-09-01,2020-09-18,17,51,27.735928,28.744564,26.918278,84.16151,3.639109,7.182256
22.0,120.0,2020-09-01,2020-09-19,18,51,27.590492,28.543194,26.771898,84.09699,3.5948749,7.789312
22.0,120.0,2020-09-01,2020-09-20,19,51,27.51029,28.421368,26.788609,84.00869,3.965388,7.7171164
22.0,120.0,2020-09-01,2020-09-21,20,51,27.559225,28.505907,26.815245,83.363144,3.8979316,7.2119894
22.0,120.0,2020-09-01,2020-09-22,21,51,27.580532,28.531744,26.845922,83.09489,3.8465345,6.579966
22.0,120.0,2020-09-01,2020-09-23,22,51,27.576733,28.529118,26.840963,82.80684,3.9827983,9.741726
22.0,120.0,2020-09-01,2020-09-24,23,51,27.499737,28.44951,26.809767,82.4712,4.204934,10.066966
22.0,120.0,2020-09-01,2020-09-25,24,51,27.477737,28.372923,26.732622,81.80837,4.1438184,9.350689
22.0,120.0,2020-09-01,2020-09-26,25,51,27.408863,28.267344,26.76267,82.28659,4.3176484,8.494842
22.0,120.0,2020-09-01,2020-09-27,26,51,27.377321,28.30664,26.662746,81.93873,4.3245993,7.698264
22.0,120.0,2020-09-01,2020-09-28,27,51,27.379072,28.353317,26.669596,82.031075,4.2390304,7.3930283
22.0,120.0,2020-09-01,2020-09-29,28,51,27.315102,28.209593,26.642992,82.593925,4.5656376,10.482834
22.0,120.0,2020-09-01,2020-09-30,29,51,27.204456,28.03491,26.560781,82.76595,4.897895,10.677585
22.0,120.0,2020-09-01,2020-10-01,30,51,27.214922,28.09134,26.542036,82.67939,5.1718287,10.77491
22.0,120.0,2020-09-01,2020-10-02,31,51,27.162525,28.016712,26.504702,82.34599,4.8354635,10.870775
22.0,120.0,2020-09-01,2020-10-03,32,51,27.115059,28.024609,26.425259,83.07998,4.903101,8.403574
22.0,120.0,2020-09-01,2020-10-04,33,51,27.003656,27.878445,26.282703,83.15051,5.2574105,11.610525
22.0,120.0,2020-09-01,2020-10-05,34,51,26.934473,27.787346,26.27499,82.9289,5.430013,9.961698
22.0,120.0,2020-09-01,2020-10-06,35,51,26.951109,27.822773,26.305122,83.05133,5.1951694,10.1438675
22.0,120.0,2020-09-01,2020-10-07,36,51,26.97303,27.861578,26.32591,83.02261,4.556181,7.5752344
22.0,120.0,2020-09-01,2020-10-08,37,51,26.92488,27.844934,26.272245,82.79544,4.5791817,7.625349
22.0,120.0,2020-09-01,2020-10-09,38,51,26.94831,27.882635,26.278112,82.23037,4.928036,5.945864
22.0,120.0,2020-09-01,2020-10-10,39,51,26.906599,27.830616,26.211567,81.72735,5.1449122,6.7999544
22.0,120.0,2020-09-01,2020-10-11,40,51,26.831564,27.755669,26.112284,81.46672,5.141614,7.493187
22.0,120.0,2020-09-01,2020-10-12,41,51,26.714006,27.580084,26.04371,81.9824,4.8545737,7.2079754
22.0,120.0,2020-09-01,2020-10-13,42,51,26.615532,27.450668,25.96763,82.336426,4.9636283,10.718698
22.0,120.0,2020-09-01,2020-10-14,43,51,26.670736,27.585976,25.961191,81.87792,4.9689207,8.645699
22.0,120.0,2020-09-01,2020-10-15,44,51,26.682627,27.667332,25.921947,81.95707,5.2318025,5.0524926
22.0,120.0,2020-09-01,2020-10-16,45,51,26.516983,27.425474,25.835907,82.20668,4.951324,6.6709814
22.0,120.0,2020-09-01,2020-10-17,46,51,26.50402,27.435577,25.785599,81.93721,4.696515,5.346031
22.0,120.0,2020-09-01,2020-10-18,47,51,26.37901,27.327608,25.668064,81.58331,4.8847322,7.3751645
22.0,120.0,2020-09-01,2020-10-19,48,51,26.207258,27.015318,25.589209,82.15062,5.4027777,12.503353
22.0,120.0,2020-09-01,2020-10-20,49,51,26.206549,27.099062,25.533926,82.00991,5.3171906,10.210442
22.0,120.0,2020-09-01,2020-10-21,50,51,26.197235,27.10997,25.496288,81.71035,5.7176805,12.571932
22.0,120.0,2020-09-01,2020-10-22,51,51,26.037958,26.921713,25.32681,81.33827,5.657504,7.3874183
22.0,120.0,2020-09-01,2020-10-23,52,51,25.959389,26.865261,25.309742,80.79281,5.4254084,7.448104
22.0,120.0,2020-09-01,2020-10-24,53,51,25.891846,26.791868,25.257553,80.45701,5.242136,5.4567595
22.0,120.0,2020-09-01,2020-10-25,54,51,25.854635,26.825418,25.151045,79.91659,5.083567,4.981218
22.0,120.0,2020-09-01,2020-10-26,55,51,25.80831,26.824678,25.082314,80.067375,5.1276617,4.655445
22.0,120.0,2020-09-01,2020-10-27,56,51,25.7397,26.726965,25.025534,80.67035,5.4510493,4.49005
22.0,120.0,2020-09-01,2020-10-28,57,51,25.585785,26.54778,24.87913,80.340256,5.4849424,4.594434
22.0,120.0,2020-09-01,2020-10-29,58,51,25.441292,26.46152,24.74266,79.836205,5.3323593,5.65485
22.0,120.0,2020-09-01,2020-10-30,59,51,25.326277,26.235123,24.682673,79.74415,5.3083057,4.7570896
22.0,120.0,2020-09-01,2020-10-31,60,51,25.403555,26.376232,24.707403,79.39343,5.1310725,5.4495983
22.0,120.0,2020-09-01,2020-11-01,61,51,25.468836,26.475607,24.780012,79.86203,5.063338,3.563971
22.0,120.0,2020-09-01,2020-11-02,62,51,25.301188,26.255,24.534683,79.67941,5.4797125,4.49507
22.0,120.0,2020-09-01,2020-11-03,63,51,25.158909,26.134516,24.442255,78.81636,5.6116433,4.1119637
22.0,120.0,2020-09-01,2020-11-04,64,51,25.07285,26.040518,24.366743,78.7128,5.495178,4.957231
22.0,120.0,2020-09-01,2020-11-05,65,51,25.060484,26.00767,24.384577,79.33628,5.540795,3.686705
22.0,120.0,2020-09-01,2020-11-06,66,51,25.085382,26.056597,24.355759,79.50547,5.668305,3.2359912
22.0,120.0,2020-09-01,2020-11-07,67,51,24.941069,25.845083,24.225502,79.136734,5.8232756,4.9245343
22.0,120.0,2020-09-01,2020-11-08,68,51,24.86805,25.832903,24.161245,78.78121,5.664238,4.3985243
22.0,120.0,2020-09-01,2020-11-09,69,51,24.807014,25.882118,24.03802,78.559715,5.453377,3.1189208
22.0,120.0,2020-09-01,2020-11-10,70,51,24.717686,25.704233,24.016575,79.06787,5.6698914,4.2345247
22.0,120.0,2020-09-01,2020-11-11,71,51,24.660353,25.673914,23.894768,78.75158,5.6339083,4.231229
22.0,120.0,2020-09-01,2020-11-12,72,51,24.460533,25.519043,23.68956,78.51328,5.9094243,4.6965923
22.0,120.0,2020-09-01,2020-11-13,73,51,24.383583,25.382841,23.659534,79.31541,5.7018003,4.24163
22.0,120.0,2020-09-01,2020-11-14,74,51,24.356726,25.3992,23.57943,79.31672,5.875524,3.6223722
22.0,120.0,2020-09-01,2020-11-15,75,51,24.140726,25.189793,23.34191,78.65415,5.8274317,3.2971487
22.0,120.0,2020-09-01,2020-11-16,76,51,23.959707,25.018612,23.156408,78.325165,6.0513597,2.4874866
22.0,120.0,2020-09-01,2020-11-17,77,51,23.847317,24.817255,23.116936,77.72732,5.935415,2.9043834
22.0,120.0,2020-09-01,2020-11-18,78,51,23.824883,24.789007,23.106466,77.89088,5.6839066,4.886728
22.0,120.0,2020-09-01,2020-11-19,79,51,23.84879,24.892717,23.09432,78.03209,5.9073586,3.9708478
22.0,120.0,2020-09-01,2020-11-20,80,51,23.729033,24.72184,22.921938,77.148094,6.216409,2.0684528
22.0,120.0,2020-09-01,2020-11-21,81,51,23.611313,24.631592,22.864502,76.4811,5.8903236,2.2563639
22.0,120.0,2020-09-01,2020-11-22,82,51,23.778,24.794762,23.083841,77.32744,5.9798794,2.7068856
22.0,120.0,2020-09-01,2020-11-23,83,51,23.669956,24.734827,22.813015,77.95993,6.1113234,3.9789672
22.0,120.0,2020-09-01,2020-11-24,84,51,23.492523,24.545542,22.698784,78.11303,6.248726,3.6432788
22.0,120.0,2020-09-01,2020-11-25,85,51,23.510035,24.457144,22.789713,78.669174,6.196576,3.4256675
22.0,120.0,2020-09-01,2020-11-26,86,51,23.531488,24.563498,22.763195,78.06994,6.2083006,3.5398333
22.0,120.0,2020-09-01,2020-11-27,87,51,23.316967,24.271383,22.570686,77.88605,6.108563,3.394227
22.0,120.0,2020-09-01,2020-11-28,88,51,23.30375,24.267185,22.562569,78.29157,5.9498506,3.954028
22.0,120.0,2020-09-01,2020-11-29,89,51,23.309776,24.309591,22.552118,77.89823,6.1529894,3.2273219
22.0,120.0,2020-09-01,2020-11-30,90,51,23.139347,24.116812,22.4039,77.73339,6.1384206,3.220447
22.0,120.0,2020-09-01,2020-12-01,91,51,23.111542,24.041578,22.411646,78.05173,6.0604715,3.892433
22.0,120.0,2020-09-01,2020-12-02,92,51,23.202675,24.208364,22.45659,78.32422,6.148773,2.2895412
22.0,120.0,2020-09-01,2020-12-03,93,51,23.038452,24.174961,22.217148,78.669075,6.082543,2.5699189
22.0,120.0,2020-09-01,2020-12-04,94,51,22.670965,23.692423,21.938334,78.090645,6.099933,3.4871335
22.0,120.0,2020-09-01,2020-12-05,95,51,22.45765,23.47234,21.647068,77.380066,6.251127,3.339381
22.0,120.0,2020-09-01,2020-12-06,96,51,22.470411,23.461935,21.68776,77.0483,5.995941,2.3160813
22.0,120.0,2020-09-01,2020-12-07,97,51,22.583958,23.595493,21.890219,77.831406,5.90753,2.068233
22.0,120.0,2020-09-01,2020-12-08,98,51,22.438927,23.477833,21.671455,77.664894,6.1675477,2.048539
22.0,120.0,2020-09-01,2020-12-09,99,51,22.20764,23.220757,21.446833,76.82593,6.3325367,1.7000041
22.0,120.0,2020-09-01,2020-12-10,100,51,22.195356,23.178291,21.4804,76.4878,6.2288485,2.6492822
22.0,120.0,2020-09-01,2020-12-11,101,51,22.224611,23.23,21.497475,77.25157,6.1520705,2.5496461
22.0,120.0,2020-09-01,2020-12-12,102,51,22.199615,23.25693,21.37381,77.5926,5.8266954,2.1516256
22.0,120.0,2020-09-01,2020-12-13,103,51,21.97978,23.004675,21.149923,77.02887,6.1377625,1.8234833
22.0,120.0,2020-09-01,2020-12-14,104,51,21.976326,22.952175,21.347198,76.87181,6.059002,2.2525551
22.0,120.0,2020-09-01,2020-12-15,105,51,21.927351,22.934723,21.209602,77.34803,6.379386,2.180083
22.0,120.0,2020-09-01,2020-12-16,106,51,21.809736,22.850533,20.973692,76.87339,6.2120166,1.551032
22.0,120.0,2020-09-01,2020-12-17,107,51,21.576283,22.589993,20.701437,76.90737,6.415494,1.8507104
22.0,120.0,2020-09-01,2020-12-18,108,51,21.430393,22.406364,20.58942,76.638115,6.0618124,2.5579164
22.0,120.0,2020-09-01,2020-12-19,109,51,21.405554,22.333044,20.651937,77.34911,5.9652424,2.4106877
22.0,120.0,2020-09-01,2020-12-20,110,51,21.475283,22.59836,20.608593,76.932625,6.3493934,2.5756512
22.0,120.0,2020-09-01,2020-12-21,111,51,21.339357,22.44347,20.567337,76.94487,6.2021575,2.2985237
22.0,120.0,2020-09-01,2020-12-22,112,51,21.158112,22.202227,20.341644,77.13951,6.1592216,2.727715
22.0,120.0,2020-09-01,2020-12-23,113,51,21.102106,22.086931,20.273321,76.24597,6.286569,2.2897434
22.0,120.0,2020-09-01,2020-12-24,114,51,20.983667,22.05067,20.171444,75.584335,6.281317,3.2303486
22.0,120.0,2020-09-01,2020-12-25,115,51,20.682905,21.725014,19.781727,75.99469,6.567609,2.6219099
22.0,120.0,2020-09-01,2020-12-26,116,51,20.564175,21.62345,19.798374,75.705986,6.22533,1.66676
22.0,120.0,2020-09-01,2020-12-27,117,51,20.575224,21.626532,19.720253,75.730034,5.9419622,2.0934575
22.0,120.0,2020-09-01,2020-12-28,118,51,20.69278,21.771215,19.880556,75.636955,6.0571823,1.5040026
22.0,120.0,2020-09-01,2020-12-29,119,51,20.87311,21.931417,20.051014,75.67613,5.985518,1.743857
22.0,120.0,2020-09-01,2020-12-30,120,51,20.963015,22.079994,20.135517,76.82217,6.0345473,2.3005497
22.0,120.0,2020-09-01,2020-12-31,121,51,20.726171,21.788734,19.880865,76.84677,6.2324204,2.354646
22.0,120.0,2020-09-01,2021-01-01,122,51,20.817345,21.852793,19.993605,76.1187,5.8002367,3.2856607
22.0,120.0,2020-09-01,2021-01-02,123,51,20.877487,21.911648,20.039412,77.23727,5.673721,4.604973
22.0,120.0,2020-09-01,2021-01-03,124,51,20.751596,21.749119,19.93215,77.72569,5.8123145,4.0935783
22.0,120.0,2020-09-01,2021-01-04,125,51,20.500166,21.456955,19.710459,76.98037,6.048765,3.0177858
22.0,120.0,2020-09-01,2021-01-05,126,51,20.521894,21.610079,19.727043,76.96464,6.1081104,2.415571
22.0,120.0,2020-09-01,2021-01-06,127,51,20.528618,21.607714,19.661749,77.40364,6.0833783,2.4643357
22.0,120.0,2020-09-01,2021-01-07,128,51,20.35032,21.442352,19.49183,76.605896,6.2119827,3.155837
22.0,120.0,2020-09-01,2021-01-08,129,51,20.151905,21.13752,19.34576,76.00781,6.260178,2.9871845
22.0,120.0,2020-09-01,2021-01-09,130,51,20.106,21.128384,19.321291,76.311386,5.9238443,2.3395026
22.0,120.0,2020-09-01,2021-01-10,131,51,20.137924,21.170464,19.364809,76.48835,5.992138,1.7741059
22.0,120.0,2020-09-01,2021-01-11,132,51,20.225153,21.361973,19.375849,75.87864,6.207627,1.3373019
22.0,120.0,2020-09-01,2021-01-12,133,51,20.290123,21.395864,19.495256,76.13246,5.9691424,1.5109564
22.0,120.0,2020-09-01,2021-01-13,134,51,20.290173,21.430323,19.392868,77.096344,6.0680017,1.9747152
22.0,120.0,2020-09-01,2021-01-14,135,51,20.122719,21.213015,19.218714,77.33705,6.1845746,3.9502838
22.0,120.0,2020-09-01,2021-01-15,136,51,20.100456,21.18368,19.215063,75.897995,5.9475045,2.1017437
22.0,120.0,2020-09-01,2021-01-16,137,51,20.191174,21.252668,19.340286,76.2341,5.8291926,2.1383212
22.0,120.0,2020-09-01,2021-01-17,138,51,20.346796,21.448217,19.55678,76.98224,5.9096055,3.1445384
22.0,120.0,2020-09-01,2021-01-18,139,51,20.561102,21.699347,19.66382,77.28922,5.815979,3.9931977
22.0,120.0,2020-09-01,2021-01-19,140,51,20.53497,21.595575,19.726368,77.65081,6.016412,2.908725
22.0,120.0,2020-09-01,2021-01-20,141,51,20.540525,21.762573,19.661594,77.69284,5.6701035,2.129093
22.0,120.0,2020-09-01,2021-01-21,142,51,20.450174,21.645432,19.580147,76.88161,5.707916,2.5957756
22.0,120.0,2020-09-01,2021-01-22,143,51,20.388832,21.536304,19.485786,77.0263,5.6501656,4.2978015
22.0,120.0,2020-09-01,2021-01-23,144,51,20.296526,21.429123,19.459229,77.349014,5.7291946,2.8238418
22.0,120.0,2020-09-01,2021-01-24,145,51,20.305626,21.548567,19.448645,76.99009,5.9854674,2.2339933
22.0,120.0,2020-09-01,2021-01-25,146,51,20.297373,21.483612,19.474743,77.202446,5.7569723,2.472761
22.0,120.0,2020-09-01,2021-01-26,147,51,20.256441,21.423264,19.392973,77.23598,5.7810073,3.392267
22.0,120.0,2020-09-01,2021-01-27,148,51,20.202738,21.378973,19.288174,77.55389,5.7996583,4.15463
22.0,120.0,2020-09-01,2021-01-28,149,51,20.151863,21.309845,19.307919,77.43099,5.652944,3.684975
22.0,120.0,2020-09-01,2021-01-29,150,51,20.011456,21.218111,19.104595,77.31754,5.7168407,2.7807038
22.0,120.0,2020-09-01,2021-01-30,151,51,20.022026,21.107025,19.178596,76.71649,5.681566,2.002101
22.0,120.0,2020-09-01,2021-01-31,152,51,20.061045,21.208925,19.205729,76.27044,6.037554,1.8579898
22.0,121.0,2020-09-01,2020-09-01,0,51,27.908562,28.932821,26.923534,83.91254,6.7079554,0.0
22.0,121.0,2020-09-01,2020-09-02,1,51,27.772322,28.487593,27.224537,86.72928,6.012701,4.0150957
22.0,121.0,2020-09-01,2020-09-03,2,51,27.60302,28.4361,26.763992,86.55667,3.4325795,4.2830496
22.0,121.0,2020-09-01,2020-09-04,3,51,27.290615,28.177649,26.635807,85.697845,2.25936,5.137409
22.0,121.0,2020-09-01,2020-09-05,4,51,27.35188,28.4148,26.543816,83.6004,3.0375867,3.447071
22.0,121.0,2020-09-01,2020-09-06,5,51,27.253622,28.33694,26.315884,80.43348,2.4239583,3.2232347
22.0,121.0,2020-09-01,2020-09-07,6,51,27.292648,28.278086,26.503094,80.913345,2.7978258,4.1382422
22.0,121.0,2020-09-01,2020-09-08,7,51,27.327662,28.288933,26.507763,82.47521,2.7387195,5.826332
22.0,121.0,2020-09-01,2020-09-09,8,51,27.172144,28.10719,26.408466,82.38348,2.764565,7.386747
22.0,121.0,2020-09-01,2020-09-10,9,51,27.020191,27.781445,26.348423,82.38452,3.1599736,8.14736
22.0,121.0,2020-09-01,2020-09-11,10,51,27.142115,27.95356,26.43615,83.11986,3.7195663,8.969336
22.0,121.0,2020-09-01,2020-09-12,11,51,27.214136,28.09892,26.440746,83.84936,3.625094,10.193906
22.0,121.0,2020-09-01,2020-09-13,12,51,27.190144,28.058819,26.492779,84.68875,3.5794601,12.024622
22.0,121.0,2020-09-01,2020-09-14,13,51,27.306454,28.138332,26.602837,85.06798,3.734317,9.527412
22.0,121.0,2020-09-01,2020-09-15,14,51,27.480875,28.47009,26.723648,84.74936,3.7970011,9.785982
22.0,121.0,2020-09-01,2020-09-16,15,51,27.542763,28.493372,26.708721,85.35802,3.9642115,8.310051
22.0,121.0,2020-09-01,2020-09-17,16,51,27.592434,28.580542,26.720842,85.37245,3.7971897,7.7796183
22.0,121.0,2020-09-01,2020-09-18,17,51,27.540123,28.565477,26.670427,85.061905,3.6037698,8.90418
22.0,121.0,2020-09-01,2020-09-19,18,51,27.452047,28.403648,26.583393,84.78433,3.8343863,8.794075
22.0,121.0,2020-09-01,2020-09-20,19,51,27.421684,28.349712,26.68572,84.48515,4.1104794,6.8316345
22.0,121.0,2020-09-01,2020-09-21,20,51,27.446444,28.403967,26.633709,83.97803,4.1768794,8.367701
22.0,121.0,2020-09-01,2020-09-22,21,51,27.438526,28.402445,26.684158,84.00394,4.0914836,8.1310005
22.0,121.0,2020-09-01,2020-09-23,22,51,27.449982,28.381413,26.738274,83.39334,4.5976934,11.06901
22.0,121.0,2020-09-01,2020-09-24,23,51,27.394112,28.37529,26.630459,83.09029,4.822756,10.709191
22.0,121.0,2020-09-01,2020-09-25,24,51,27.34395,28.259378,26.56871,82.97374,4.9334345,10.890778
22.0,121.0,2020-09-01,2020-09-26,25,51,27.26062,28.124294,26.590609,83.355515,5.0504475,10.442463
22.0,121.0,2020-09-01,2020-09-27,26,51,27.264074,28.185135,26.502485,82.786575,5.028187,8.749771
22.0,121.0,2020-09-01,2020-09-28,27,51,27.23403,28.186941,26.505478,83.06305,4.9097733,9.7233715
22.0,121.0,2020-09-01,2020-09-29,28,51,27.22134,28.091536,26.53921,83.18874,5.043954,13.489532
22.0,121.0,2020-09-01,2020-09-30,29,51,27.1193,27.939419,26.433561,83.20481,5.2469225,12.590267
22.0,121.0,2020-09-01,2020-10-01,30,51,27.085197,27.923603,26.395348,83.63683,5.5851746,12.45559
22.0,121.0,2020-09-01,2020-10-02,31,51,27.083168,27.965446,26.384363,83.41731,5.6179214,11.644689
22.0,121.0,2020-09-01,2020-10-03,32,51,27.041483,27.970375,26.311428,84.08425,5.7869673,11.3947525
22.0,121.0,2020-09-01,2020-10-04,33,51,26.921162,27.770706,26.216208,84.25586,5.847637,13.646776
22.0,121.0,2020-09-01,2020-10-05,34,51,26.905258,27.71365,26.233383,83.4735,5.8740654,12.210222
22.0,121.0,2020-09-01,2020-10-06,35,51,26.909946,27.780922,26.245583,83.76581,5.488832,12.909735
22.0,121.0,2020-09-01,2020-10-07,36,51,26.921772,27.791279,26.222925,83.73399,5.39126,9.599455
22.0,121.0,2020-09-01,2020-10-08,37,51,26.827702,27.7025,26.157696,83.68645,5.707737,9.648217
22.0,121.0,2020-09-01,2020-10-09,38,51,26.810978,27.724957,26.115063,83.56076,5.984187,10.514431
22.0,121.0,2020-09-01,2020-10-10,39,51,26.800177,27.703485,26.059448,82.71891,6.1778135,9.582586
22.0,121.0,2020-09-01,2020-10-11,40,51,26.73558,27.602417,26.022446,82.72883,6.1370964,11.5568905
22.0,121.0,2020-09-01,2020-10-12,41,51,26.640005,27.525494,25.949295,83.20226,6.0167484,9.419683
22.0,121.0,2020-09-01,2020-10-13,42,51,26.505724,27.2933,25.860342,83.80067,6.061542,11.157382
22.0,121.0,2020-09-01,2020-10-14,43,51,26.599081,27.511307,25.855865,83.27434,6.1768723,10.6467285
22.0,121.0,2020-09-01,2020-10-15,44,51,26.562834,27.501879,25.803564,83.40578,6.2251534,8.057915
22.0,121.0,2020-09-01,2020-10-16,45,51,26.442366,27.309713,25.742197,83.30307,6.0696926,7.7886896
22.0,121.0,2020-09-01,2020-10-17,46,51,26.432995,27.358505,25.706726,82.96556,6.275152,7.8232946
22.0,121.0,2020-09-01,2020-10-18,47,51,26.230545,27.145891,25.498434,83.07916,6.6629157,13.220419
22.0,121.0,2020-09-01,2020-10-19,48,51,26.117086,26.89748,25.491417,83.28118,6.6914725,15.706327
22.0,121.0,2020-09-01,2020-10-20,49,51,26.168201,27.039188,25.467407,83.18709,6.407592,10.870066
22.0,121.0,2020-09-01,2020-10-21,50,51,26.108173,26.989038,25.411217,83.410095,6.6085463,15.404573
22.0,121.0,2020-09-01,2020-10-22,51,51,25.973663,26.855873,25.288877,82.74689,6.5174155,9.523438
22.0,121.0,2020-09-01,2020-10-23,52,51,25.915264,26.774815,25.250357,81.875916,6.600196,9.647614
22.0,121.0,2020-09-01,2020-10-24,53,51,25.839375,26.69484,25.217247,81.371155,6.7383604,6.08552
22.0,121.0,2020-09-01,2020-10-25,54,51,25.84027,26.738316,25.131851,80.320564,6.6462684,6.590987
22.0,121.0,2020-09-01,2020-10-26,55,51,25.797829,26.794247,25.04625,81.05104,6.5115504,6.189446
22.0,121.0,2020-09-01,2020-10-27,56,51,25.693283,26.655128,24.96909,81.80344,6.463236,6.2222652
22.0,121.0,2020-09-01,2020-10-28,57,51,25.569141,26.49772,24.848145,81.16371,6.657301,6.990757
22.0,121.0,2020-09-01,2020-10-29,58,51,25.436,26.432076,24.72491,80.58103,6.7769065,7.1731424
22.0,121.0,2020-09-01,2020-10-30,59,51,25.342312,26.223402,24.686157,80.305855,6.456126,5.6878405
22.0,121.0,2020-09-01,2020-10-31,60,51,25.373495,26.295332,24.657722,80.43829,6.455979,7.0107
22.0,121.0,2020-09-01,2020-11-01,61,51,25.415949,26.400755,24.675505,80.65489,6.5670404,4.9770184
22.0,121.0,2020-09-01,2020-11-02,62,51,25.225456,26.114586,24.45568,80.75281,6.9068184,5.627807
22.0,121.0,2020-09-01,2020-11-03,63,51,25.106314,25.998837,24.416958,79.388214,7.1900425,5.169999
22.0,121.0,2020-09-01,2020-11-04,64,51,25.061937,26.0009,24.323063,79.80897,7.013523,6.2699175
22.0,121.0,2020-09-01,2020-11-05,65,51,25.011484,25.951138,24.330055,80.68478,7.0374546,5.270625
22.0,121.0,2020-09-01,2020-11-06,66,51,25.01048,25.969698,24.262983,80.716064,7.030138,4.3512635
22.0,121.0,2020-09-01,2020-11-07,67,51,24.923431,25.77976,24.228594,79.90695,6.9282637,6.036599
22.0,121.0,2020-09-01,2020-11-08,68,51,24.865768,25.765425,24.169477,79.04999,6.900314,5.1234756
22.0,121.0,2020-09-01,2020-11-09,69,51,24.809967,25.830137,24.025665,79.42984,6.9335613,4.521044
22.0,121.0,2020-09-01,2020-11-10,70,51,24.73122,25.735851,23.971375,80.112885,7.0826187,5.6034007
22.0,121.0,2020-09-01,2020-11-11,71,51,24.598652,25.554085,23.853102,79.57027,7.257881,4.9176087
22.0,121.0,2020-09-01,2020-11-12,72,51,24.409351,25.410805,23.671244,79.2524,7.260537,6.723916
22.0,121.0,2020-09-01,2020-11-13,73,51,24.417599,25.390606,23.697563,79.71385,6.856557,4.794142
22.0,121.0,2020-09-01,2020-11-14,74,51,24.397507,25.435015,23.604248,79.97489,7.102054,4.3696632
22.0,121.0,2020-09-01,2020-11-15,75,51,24.12361,25.129429,23.31886,79.69342,7.5417356,3.4723966
22.0,121.0,2020-09-01,2020-11-16,76,51,23.964504,24.976091,23.145931,78.944725,7.5981884,3.5787983
22.0,121.0,2020-09-01,2020-11-17,77,51,23.86587,24.82016,23.122648,78.18441,7.410819,4.0033517
22.0,121.0,2020-09-01,2020-11-18,78,51,23.860237,24.818298,23.137714,78.23474,6.884303,5.2297506
22.0,121.0,2020-09-01,2020-11-19,79,51,23.896156,24.923359,23.155626,78.411354,6.5753355,3.357585
22.0,121.0,2020-09-01,2020-11-20,80,51,23.70108,24.70642,22.865332,77.78937,7.4345922,1.9911935
22.0,121.0,2020-09-01,2020-11-21,81,51,23.573288,24.600586,22.81329,77.17799,7.3759184,2.7116635
22.0,121.0,2020-09-01,2020-11-22,82,51,23.737577,24.725443,23.011452,78.487305,7.2136545,2.764752
22.0,121.0,2020-09-01,2020-11-23,83,51,23.679989,24.720564,22.864244,78.70726,7.3194427,4.387027
22.0,121.0,2020-09-01,2020-11-24,84,51,23.523296,24.569298,22.679663,78.86152,7.397048,3.6564116
22.0,121.0,2020-09-01,2020-11-25,85,51,23.546177,24.510368,22.82061,79.47838,7.6916776,2.9913883
22.0,121.0,2020-09-01,2020-11-26,86,51,23.540424,24.557646,22.774212,78.47685,7.812111,3.994533
22.0,121.0,2020-09-01,2020-11-27,87,51,23.322922,24.290518,22.545687,78.54366,7.7056932,4.3431015
22.0,121.0,2020-09-01,2020-11-28,88,51,23.28585,24.231842,22.545334,79.063385,7.506499,4.0937057
22.0,121.0,2020-09-01,2020-11-29,89,51,23.265812,24.262514,22.521383,78.378265,7.608547,3.8903627
22.0,121.0,2020-09-01,2020-11-30,90,51,23.145067,24.0975,22.434729,78.101654,7.5058784,5.709243
22.0,121.0,2020-09-01,2020-12-01,91,51,23.127743,24.047234,22.417618,78.5631,7.3530016,6.5274925
22.0,121.0,2020-09-01,2020-12-02,92,51,23.210304,24.218693,22.447575,78.86801,7.299485,3.0054379
22.0,121.0,2020-09-01,2020-12-03,93,51,23.064976,24.18289,22.2272,79.0682,7.224346,2.3613412
22.0,121.0,2020-09-01,2020-12-04,94,51,22.722578,23.749449,21.945232,78.365524,7.7239676,3.027813
22.0,121.0,2020-09-01,2020-12-05,95,51,22.452505,23.448002,21.6722,77.6074,7.7829075,2.5321565
22.0,121.0,2020-09-01,2020-12-06,96,51,22.504984,23.477476,21.751076,77.14203,7.209557,2.4980698
22.0,121.0,2020-09-01,2020-12-07,97,51,22.652779,23.657099,21.943699,78.29942,6.976515,2.261971
22.0,121.0,2020-09-01,2020-12-08,98,51,22.472893,23.525274,21.646938,78.280914,7.3213224,2.6023483
22.0,121.0,2020-09-01,2020-12-09,99,51,22.2291,23.200485,21.482355,77.409805,7.791089,2.087238
22.0,121.0,2020-09-01,2020-12-10,100,51,22.216032,23.151745,21.506851,76.757545,7.4563084,3.8099885
22.0,121.0,2020-09-01,2020-12-11,101,51,22.29398,23.292706,21.54401,77.48852,6.9429197,3.5181985
22.0,121.0,2020-09-01,2020-12-12,102,51,22.280241,23.357388,21.424547,77.84648,6.868972,2.0717745
22.0,121.0,2020-09-01,2020-12-13,103,51,22.048096,23.0335,21.228851,77.07443,7.3434153,1.5774009
22.0,121.0,2020-09-01,2020-12-14,104,51,22.05918,23.015614,21.404552,77.07899,7.1102457,1.6600943
22.0,121.0,2020-09-01,2020-12-15,105,51,21.98939,22.978695,21.285435,77.78922,7.1641955,1.8277953
22.0,121.0,2020-09-01,2020-12-16,106,51,21.908697,22.963997,21.04514,77.102325,6.996892,1.7519305
22.0,121.0,2020-09-01,2020-12-17,107,51,21.648449,22.647224,20.757694,76.92215,7.175037,1.8676084
22.0,121.0,2020-09-01,2020-12-18,108,51,21.524282,22.490551,20.694298,76.65761,6.90926,2.7280183
22.0,121.0,2020-09-01,2020-12-19,109,51,21.494404,22.415602,20.734112,77.678925,6.9405284,2.9695816
22.0,121.0,2020-09-01,2020-12-20,110,51,21.504272,22.596558,20.626858,77.413284,7.0850487,2.6136124
22.0,121.0,2020-09-01,2020-12-21,111,51,21.405827,22.498823,20.615696,77.09714,6.8852253,2.4627657
22.0,121.0,2020-09-01,2020-12-22,112,51,21.24095,22.280045,20.408356,77.27561,6.9243035,2.8117437
22.0,121.0,2020-09-01,2020-12-23,113,51,21.154118,22.135397,20.320889,76.60188,7.3437643,2.1546063
22.0,121.0,2020-09-01,2020-12-24,114,51,21.05495,22.097126,20.231041,75.747086,7.34059,2.6427264
22.0,121.0,2020-09-01,2020-12-25,115,51,20.772293,21.881443,19.828867,76.17145,7.4322248,2.8272116
22.0,121.0,2020-09-01,2020-12-26,116,51,20.617043,21.671864,19.843311,75.71737,7.253727,1.8053995
22.0,121.0,2020-09-01,2020-12-27,117,51,20.615078,21.654427,19.78397,75.78198,6.935947,2.2149997
22.0,121.0,2020-09-01,2020-12-28,118,51,20.695763,21.753721,19.865406,76.03268,7.0267973,2.2942095
22.0,121.0,2020-09-01,2020-12-29,119,51,20.88336,21.899858,20.0623,76.27783,6.8892193,2.1495543
22.0,121.0,2020-09-01,2020-12-30,120,51,21.029049,22.091558,20.2015,77.20706,6.770611,2.4151516
22.0,121.0,2020-09-01,2020-12-31,121,51,20.777779,21.85393,19.927147,77.23047,7.0255313,2.1640964
22.0,121.0,2020-09-01,2021-01-01,122,51,20.855583,21.890419,20.052505,76.452545,6.4531665,2.556264
22.0,121.0,2020-09-01,2021-01-02,123,51,20.973736,21.982338,20.160511,77.47885,6.353999,4.728899
22.0,121.0,2020-09-01,2021-01-03,124,51,20.784575,21.773937,19.998423,77.97368,6.8868093,5.0356655
22.0,121.0,2020-09-01,2021-01-04,125,51,20.547657,21.512192,19.775549,77.02878,7.0129156,3.1605039
22.0,121.0,2020-09-01,2021-01-05,126,51,20.604286,21.680847,19.8032,77.12569,6.7801213,2.9455948
22.0,121.0,2020-09-01,2021-01-06,127,51,20.651527,21.699665,19.793941,77.317825,6.6878986,3.102367
22.0,121.0,2020-09-01,2021-01-07,128,51,20.457024,21.526733,19.608362,76.78653,7.106607,2.6891322
22.0,121.0,2020-09-01,2021-01-08,129,51,20.237293,21.222347,19.413818,75.774315,7.18612,2.6667516
22.0,121.0,2020-09-01,2021-01-09,130,51,20.196697,21.196524,19.394718,76.44054,6.730006,2.7420893
22.0,121.0,2020-09-01,2021-01-10,131,51,20.213375,21.229645,19.402882,76.8359,6.8394785,2.1467826
22.0,121.0,2020-09-01,2021-01-11,132,51,20.2928,21.397404,19.458637,76.22543,6.8597374,1.8164742
22.0,121.0,2020-09-01,2021-01-12,133,51,20.380157,21.49797,19.569855,75.93367,6.588995,1.3530059
22.0,121.0,2020-09-01,2021-01-13,134,51,20.375307,21.480907,19.484917,76.73927,6.5336056,1.6339712
22.0,121.0,2020-09-01,2021-01-14,135,51,20.180279,21.238949,19.295477,76.96166,6.8578444,3.0012174
22.0,121.0,2020-09-01,2021-01-15,136,51,20.134726,21.229492,19.24075,75.90634,6.6089454,2.1084938
22.0,121.0,2020-09-01,2021-01-16,137,51,20.240093,21.246078,19.441227,75.92343,6.156352,2.4013891
22.0,121.0,2020-09-01,2021-01-17,138,51,20.493616,21.583267,19.69296,76.758804,6.2954698,3.314806
22.0,121.0,2020-09-01,2021-01-18,139,51,20.662346,21.748878,19.801527,77.32893,6.3793387,4.926569
22.0,121.0,2020-09-01,2021-01-19,140,51,20.628922,21.625494,19.843409,77.8671,6.3658624,3.374517
22.0,121.0,2020-09-01,2021-01-20,141,51,20.645271,21.795996,19.787254,77.1386,5.9468737,1.6854904
22.0,121.0,2020-09-01,2021-01-21,142,51,20.514389,21.70448,19.602585,76.468185,6.0678954,1.9336778
22.0,121.0,2020-09-01,2021-01-22,143,51,20.438835,21.557741,19.569824,76.98229,6.1609545,4.2913647
22.0,121.0,2020-09-01,2021-01-23,144,51,20.360405,21.49427,19.480087,77.42296,6.1002316,3.565115
22.0,121.0,2020-09-01,2021-01-24,145,51,20.3406,21.53986,19.484344,76.94394,6.2205157,2.165061
22.0,121.0,2020-09-01,2021-01-25,146,51,20.307997,21.465588,19.454128,76.8823,6.1320143,1.8014491
22.0,121.0,2020-09-01,2021-01-26,147,51,20.270035,21.393929,19.365032,76.67789,5.912783,2.7728505
22.0,121.0,2020-09-01,2021-01-27,148,51,20.261581,21.421976,19.323677,77.19565,5.9852223,3.7184267
22.0,121.0,2020-09-01,2021-01-28,149,51,20.215927,21.310131,19.364498,77.35544,6.2067432,3.493482
22.0,121.0,2020-09-01,2021-01-29,150,51,20.061691,21.256676,19.210274,77.24034,6.2148023,2.7806106
22.0,121.0,2020-09-01,2021-01-30,151,51,20.076899,21.142056,19.254646,76.82196,6.3090796,2.2163005
22.0,121.0,2020-09-01,2021-01-31,152,51,20.137966,21.276114,19.287909,76.233215,6.501816,1.6135573
22.0,122.0,2020-09-01,2020-09-01,0,51,28.913866,29.160683,28.52229,82.3067,6.940525,0.0
22.0,122.0,2020-09-01,2020-09-02,1,51,28.94602,29.225363,28.641016,85.45841,9.284937,0.926484
22.0,122.0,2020-09-01,2020-09-03,2,51,28.428911,28.77429,27.962418,85.421616,4.753866,4.7006116
22.0,122.0,2020-09-01,2020-09-04,3,51,27.956364,28.351706,27.57685,84.95012,4.220428,5.4754524
22.0,122.0,2020-09-01,2020-09-05,4,51,28.091581,28.460043,27.695723,82.45233,5.183606,4.392954
22.0,122.0,2020-09-01,2020-09-06,5,51,28.161093,28.604221,27.643993,77.285095,3.6451206,3.13172
22.0,122.0,2020-09-01,2020-09-07,6,51,28.115894,28.588228,27.618774,78.50594,3.795028,3.984516
22.0,122.0,2020-09-01,2020-09-08,7,51,28.075928,28.507383,27.572649,81.02781,4.05428,5.743375
22.0,122.0,2020-09-01,2020-09-09,8,51,27.824293,28.275768,27.349705,81.45877,4.302243,8.352236
22.0,122.0,2020-09-01,2020-09-10,9,51,27.70751,28.194355,27.237719,81.64296,4.9393706,8.8284855
22.0,122.0,2020-09-01,2020-09-11,10,51,27.814882,28.240204,27.394503,82.57008,5.476647,10.465385
22.0,122.0,2020-09-01,2020-09-12,11,51,27.841301,28.255785,27.392435,83.8472,5.338594,12.516408
22.0,122.0,2020-09-01,2020-09-13,12,51,27.831429,28.321447,27.352514,84.73088,5.116723,13.175421
22.0,122.0,2020-09-01,2020-09-14,13,51,27.983427,28.442934,27.51013,84.73549,5.087914,11.717766
22.0,122.0,2020-09-01,2020-09-15,14,51,28.100388,28.57934,27.623402,84.70936,5.2890043,11.331147
22.0,122.0,2020-09-01,2020-09-16,15,51,28.215305,28.732176,27.638737,85.192894,5.606805,9.731698
22.0,122.0,2020-09-01,2020-09-17,16,51,28.21293,28.697723,27.6709,85.12176,5.3301487,9.504931
22.0,122.0,2020-09-01,2020-09-18,17,51,28.135126,28.676533,27.562136,84.83643,5.170172,10.873699
22.0,122.0,2020-09-01,2020-09-19,18,51,28.093494,28.586748,27.559072,84.53677,5.6400847,9.351565
22.0,122.0,2020-09-01,2020-09-20,19,51,28.128885,28.580742,27.627983,83.72866,5.982213,7.5262237
22.0,122.0,2020-09-01,2020-09-21,20,51,28.15427,28.611988,27.647943,83.1275,6.2835326,9.640395
22.0,122.0,2020-09-01,2020-09-22,21,51,28.12006,28.543543,27.653337,83.30588,6.019205,10.075266
22.0,122.0,2020-09-01,2020-09-23,22,51,28.15673,28.55692,27.717623,82.52998,6.8544245,11.489684
22.0,122.0,2020-09-01,2020-09-24,23,51,28.149965,28.54509,27.702272,82.03916,7.289359,11.95325
22.0,122.0,2020-09-01,2020-09-25,24,51,28.072344,28.51787,27.604147,82.48122,7.666115,11.6865225
22.0,122.0,2020-09-01,2020-09-26,25,51,28.051981,28.416103,27.649021,82.41575,7.7750225,11.431886
22.0,122.0,2020-09-01,2020-09-27,26,51,28.012716,28.405743,27.593985,81.94613,7.7316923,10.181226
22.0,122.0,2020-09-01,2020-09-28,27,51,28.001652,28.417141,27.543146,82.173645,7.5345817,12.119163
22.0,122.0,2020-09-01,2020-09-29,28,51,27.972,28.350132,27.57245,82.35094,7.752993,16.06186
22.0,122.0,2020-09-01,2020-09-30,29,51,27.916143,28.312435,27.495136,82.42134,7.839873,15.642076
22.0,122.0,2020-09-01,2020-10-01,30,51,27.819286,28.240053,27.369968,83.1084,8.237201,13.905232
22.0,122.0,2020-09-01,2020-10-02,31,51,27.8534,28.287336,27.374641,83.253876,8.646378,13.704138
22.0,122.0,2020-09-01,2020-10-03,32,51,27.824184,28.263933,27.350943,83.60482,8.824128,15.384182
22.0,122.0,2020-09-01,2020-10-04,33,51,27.732542,28.11459,27.303812,83.87781,8.84717,16.263208
22.0,122.0,2020-09-01,2020-10-05,34,51,27.750816,28.201952,27.289948,82.76713,8.878041,16.25468
22.0,122.0,2020-09-01,2020-10-06,35,51,27.754759,28.129889,27.325048,83.072945,8.290019,15.273236
22.0,122.0,2020-09-01,2020-10-07,36,51,27.730804,28.0824,27.32492,82.95315,8.184026,12.001096
22.0,122.0,2020-09-01,2020-10-08,37,51,27.618988,28.029112,27.192713,82.90504,8.758527,12.266797
22.0,122.0,2020-09-01,2020-10-09,38,51,27.550648,27.92905,27.115572,83.51666,9.211037,15.091591
22.0,122.0,2020-09-01,2020-10-10,39,51,27.575657,27.995659,27.131664,82.363174,9.634183,14.719976
22.0,122.0,2020-09-01,2020-10-11,40,51,27.545364,27.925508,27.12072,82.62308,9.547463,15.225192
22.0,122.0,2020-09-01,2020-10-12,41,51,27.482338,27.864008,27.064936,82.88621,9.389143,12.615189
22.0,122.0,2020-09-01,2020-10-13,42,51,27.297174,27.67948,26.854828,83.49171,9.40817,14.911954
22.0,122.0,2020-09-01,2020-10-14,43,51,27.44826,27.873856,27.005806,82.73515,9.750949,12.462862
22.0,122.0,2020-09-01,2020-10-15,44,51,27.367752,27.767164,26.938198,82.76507,9.6599865,10.970361
22.0,122.0,2020-09-01,2020-10-16,45,51,27.310492,27.64367,26.938505,82.290825,9.425361,10.086876
22.0,122.0,2020-09-01,2020-10-17,46,51,27.238724,27.60837,26.853817,82.40253,9.81707,12.031219
22.0,122.0,2020-09-01,2020-10-18,47,51,26.991333,27.36746,26.601908,82.90467,10.618703,21.104145
22.0,122.0,2020-09-01,2020-10-19,48,51,26.980713,27.324669,26.618374,82.72916,10.565209,21.18469
22.0,122.0,2020-09-01,2020-10-20,49,51,27.06038,27.467283,26.63648,82.61789,9.974115,15.050223
22.0,122.0,2020-09-01,2020-10-21,50,51,26.906204,27.310215,26.498037,83.59988,10.273493,18.08102
22.0,122.0,2020-09-01,2020-10-22,51,51,26.799057,27.167103,26.39961,82.490685,9.856228,15.147302
22.0,122.0,2020-09-01,2020-10-23,52,51,26.762781,27.091352,26.408993,81.290855,10.200848,15.3176775
22.0,122.0,2020-09-01,2020-10-24,53,51,26.721247,27.026985,26.391802,80.4567,10.582213,8.63764
22.0,122.0,2020-09-01,2020-10-25,54,51,26.739965,27.083838,26.365326,78.790405,10.60073,8.184841
22.0,122.0,2020-09-01,2020-10-26,55,51,26.732632,27.090199,26.321138,80.05224,10.234485,8.775093
22.0,122.0,2020-09-01,2020-10-27,56,51,26.586174,26.966553,26.19519,81.0516,9.941157,10.679539
22.0,122.0,2020-09-01,2020-10-28,57,51,26.447546,26.80329,26.031374,80.190475,10.357914,9.59762
22.0,122.0,2020-09-01,2020-10-29,58,51,26.352392,26.708559,25.95843,79.645966,10.529284,10.036427
22.0,122.0,2020-09-01,2020-10-30,59,51,26.293512,26.681124,25.870604,79.30868,9.940512,10.40378
22.0,122.0,2020-09-01,2020-10-31,60,51,26.311079,26.681744,25.898993,79.31298,9.958352,8.371732
22.0,122.0,2020-09-01,2020-11-01,61,51,26.320274,26.705164,25.8983,79.28857,10.136966,7.341005
22.0,122.0,2020-09-01,2020-11-02,62,51,26.110239,26.521664,25.68837,79.81405,10.737898,9.593158
22.0,122.0,2020-09-01,2020-11-03,63,51,26.065807,26.428793,25.688871,77.92409,11.201308,7.827517
22.0,122.0,2020-09-01,2020-11-04,64,51,26.065552,26.449154,25.609354,78.76437,10.783061,7.830071
22.0,122.0,2020-09-01,2020-11-05,65,51,25.947218,26.300625,25.55898,80.2187,10.78219,8.077496
22.0,122.0,2020-09-01,2020-11-06,66,51,25.90472,26.309319,25.474258,79.96704,10.937202,7.3458776
22.0,122.0,2020-09-01,2020-11-07,67,51,25.843716,26.18807,25.402515,78.71177,10.588819,8.952025
22.0,122.0,2020-09-01,2020-11-08,68,51,25.843237,26.215454,25.432901,77.27233,10.60289,6.8783965
22.0,122.0,2020-09-01,2020-11-09,69,51,25.85758,26.204607,25.43539,78.029236,10.708046,7.1180253
22.0,122.0,2020-09-01,2020-11-10,70,51,25.749725,26.153267,25.288824,79.011185,10.848731,7.4050207
22.0,122.0,2020-09-01,2020-11-11,71,51,25.574162,25.87994,25.198195,78.34737,11.253919,6.241053
22.0,122.0,2020-09-01,2020-11-12,72,51,25.40018,25.790358,24.995687,77.991745,11.210344,7.9087834
22.0,122.0,2020-09-01,2020-11-13,73,51,25.475626,25.840643,25.080376,78.32937,10.512719,6.318015
22.0,122.0,2020-09-01,2020-11-14,74,51,25.391129,25.822697,24.901709,79.0633,10.759968,6.2409816
22.0,122.0,2020-09-01,2020-11-15,75,51,25.076286,25.49713,24.58564,79.17962,11.531328,5.6993065
22.0,122.0,2020-09-01,2020-11-16,76,51,24.946335,25.351185,24.49308,77.99598,11.738269,7.6187587
22.0,122.0,2020-09-01,2020-11-17,77,51,24.850113,25.276339,24.360909,77.478874,11.475693,6.7916117
22.0,122.0,2020-09-01,2020-11-18,78,51,24.917145,25.319038,24.474974,76.77009,10.480791,6.0708237
22.0,122.0,2020-09-01,2020-11-19,79,51,24.993494,25.362612,24.533579,76.816284,9.821519,4.153329
22.0,122.0,2020-09-01,2020-11-20,80,51,24.716825,25.193813,24.249262,76.39513,11.327651,3.0967915
22.0,122.0,2020-09-01,2020-11-21,81,51,24.5941,24.995117,24.157036,76.00092,11.14658,4.106885
22.0,122.0,2020-09-01,2020-11-22,82,51,24.780947,25.1669,24.317366,77.53204,10.841855,5.1166177
22.0,122.0,2020-09-01,2020-11-23,83,51,24.721441,25.162683,24.219568,77.46373,11.084883,5.98288
22.0,122.0,2020-09-01,2020-11-24,84,51,24.58345,25.07009,24.02291,78.11365,11.140884,5.8013654
22.0,122.0,2020-09-01,2020-11-25,85,51,24.550217,24.937735,24.122982,78.92103,11.703801,4.4287105
22.0,122.0,2020-09-01,2020-11-26,86,51,24.538454,24.912722,24.12835,77.36006,11.821627,7.7006273
22.0,122.0,2020-09-01,2020-11-27,87,51,24.36518,24.79483,23.890253,77.4672,11.759518,7.108488
22.0,122.0,2020-09-01,2020-11-28,88,51,24.336432,24.726204,23.86224,78.07876,11.438712,6.10657
22.0,122.0,2020-09-01,2020-11-29,89,51,24.267134,24.633602,23.874607,77.06721,11.613712,5.87689
22.0,122.0,2020-09-01,2020-11-30,90,51,24.200788,24.562294,23.756191,76.585495,11.289376,7.955989
22.0,122.0,2020-09-01,2020-12-01,91,51,24.214636,24.62597,23.74433,77.36382,11.085659,8.763124
22.0,122.0,2020-09-01,2020-12-02,92,51,24.239668,24.5804,23.803896,77.82479,10.850346,4.6387334
22.0,122.0,2020-09-01,2020-12-03,93,51,24.091524,24.528961,23.568556,77.70219,10.98865,3.8752117
22.0,122.0,2020-09-01,2020-12-04,94,51,23.789043,24.156624,23.31941,76.96614,11.748978,4.1896744
22.0,122.0,2020-09-01,2020-12-05,95,51,23.520777,23.94152,23.090727,75.85816,11.888553,3.3356419
22.0,122.0,2020-09-01,2020-12-06,96,51,23.6739,24.03384,23.23533,75.28256,10.827673,3.5402277
22.0,122.0,2020-09-01,2020-12-07,97,51,23.780968,24.101357,23.367434,76.70505,10.452647,3.445821
22.0,122.0,2020-09-01,2020-12-08,98,51,23.508154,23.966446,22.957472,77.2816,11.022749,4.4955616
22.0,122.0,2020-09-01,2020-12-09,99,51,23.276535,23.688486,22.813446,76.299194,11.762277,3.3614383
22.0,122.0,2020-09-01,2020-12-10,100,51,23.334723,23.756178,22.861757,75.220856,11.320806,6.1297507
22.0,122.0,2020-09-01,2020-12-11,101,51,23.44487,23.876144,22.955162,75.865654,10.285673,5.948914
22.0,122.0,2020-09-01,2020-12-12,102,51,23.419868,23.866425,22.905003,76.19913,10.328159,2.8583763
22.0,122.0,2020-09-01,2020-12-13,103,51,23.130898,23.538788,22.66211,75.23147,11.03107,2.3384051
22.0,122.0,2020-09-01,2020-12-14,104,51,23.170729,23.49337,22.799469,75.583275,10.595955,2.0688715
22.0,122.0,2020-09-01,2020-12-15,105,51,23.088821,23.49044,22.649622,76.51833,10.625366,2.3748176
22.0,122.0,2020-09-01,2020-12-16,106,51,23.021421,23.532791,22.414385,75.61988,10.531087,2.8834593
22.0,122.0,2020-09-01,2020-12-17,107,51,22.752443,23.33377,22.120775,75.2911,10.66297,3.1868944
22.0,122.0,2020-09-01,2020-12-18,108,51,22.667097,23.124428,22.107475,75.26842,10.255967,4.081872
22.0,122.0,2020-09-01,2020-12-19,109,51,22.632483,23.061611,22.1626,76.5591,10.40733,5.5462317
22.0,122.0,2020-09-01,2020-12-20,110,51,22.636225,23.079279,22.13541,76.22114,10.400052,3.8124814
22.0,122.0,2020-09-01,2020-12-21,111,51,22.553633,22.99832,22.077639,75.66365,10.173714,3.843519
22.0,122.0,2020-09-01,2020-12-22,112,51,22.40146,22.907324,21.816801,75.609985,10.312229,3.8378367
22.0,122.0,2020-09-01,2020-12-23,113,51,22.317724,22.815865,21.722132,75.09481,11.04848,3.0263433
22.0,122.0,2020-09-01,2020-12-24,114,51,22.221363,22.678844,21.720055,74.419876,11.02765,3.3397553
22.0,122.0,2020-09-01,2020-12-25,115,51,21.962845,22.571901,21.24922,74.33383,11.073874,3.83113
22.0,122.0,2020-09-01,2020-12-26,116,51,21.779276,22.213324,21.28444,74.04195,10.746968,2.6228364
22.0,122.0,2020-09-01,2020-12-27,117,51,21.78384,22.246078,21.268576,74.238846,10.326532,3.3343506
22.0,122.0,2020-09-01,2020-12-28,118,51,21.83146,22.274233,21.329353,74.55038,10.438913,3.7600641
22.0,122.0,2020-09-01,2020-12-29,119,51,22.00502,22.43654,21.506592,75.005516,10.234267,3.110329
22.0,122.0,2020-09-01,2020-12-30,120,51,22.185093,22.638062,21.664122,75.792625,9.994025,3.6875598
22.0,122.0,2020-09-01,2020-12-31,121,51,21.896255,22.412474,21.356005,76.02229,10.434509,2.9943745
22.0,122.0,2020-09-01,2021-01-01,122,51,22.029861,22.447865,21.560368,75.05058,9.457504,3.1528938
22.0,122.0,2020-09-01,2021-01-02,123,51,22.183384,22.622978,21.6182,75.976616,9.423201,5.697142
22.0,122.0,2020-09-01,2021-01-03,124,51,21.852972,22.313635,21.344658,76.80594,10.259677,6.799627
22.0,122.0,2020-09-01,2021-01-04,125,51,21.716904,22.198795,21.211765,75.269035,10.409799,4.370891
22.0,122.0,2020-09-01,2021-01-05,126,51,21.808453,22.266542,21.280169,75.604614,9.911891,4.412842
22.0,122.0,2020-09-01,2021-01-06,127,51,21.880379,22.390862,21.305239,75.55117,9.79127,4.3409495
22.0,122.0,2020-09-01,2021-01-07,128,51,21.580004,22.09576,21.07218,75.54092,10.594247,3.763801
22.0,122.0,2020-09-01,2021-01-08,129,51,21.383377,21.873857,20.839926,74.118,10.735802,3.8549912
22.0,122.0,2020-09-01,2021-01-09,130,51,21.322968,21.800621,20.784359,75.22916,10.044001,4.0854115
22.0,122.0,2020-09-01,2021-01-10,131,51,21.408722,21.833477,20.905464,75.39186,10.14052,3.0854
22.0,122.0,2020-09-01,2021-01-11,132,51,21.463686,21.903074,20.962456,75.0054,10.030686,2.9742851
22.0,122.0,2020-09-01,2021-01-12,133,51,21.567574,22.027712,21.061245,74.19215,9.771464,2.1819978
22.0,122.0,2020-09-01,2021-01-13,134,51,21.519732,22.034828,20.922047,75.045586,9.645307,2.6472952
22.0,122.0,2020-09-01,2021-01-14,135,51,21.25895,21.81936,20.680843,75.282234,10.154306,3.508931
22.0,122.0,2020-09-01,2021-01-15,136,51,21.311361,21.831888,20.68983,73.9903,9.760394,2.9914265
22.0,122.0,2020-09-01,2021-01-16,137,51,21.487942,21.935009,20.971895,73.80391,8.921824,3.3646486
22.0,122.0,2020-09-01,2021-01-17,138,51,21.768744,22.227285,21.224607,74.66047,9.189178,4.169702
22.0,122.0,2020-09-01,2021-01-18,139,51,21.831629,22.297924,21.275562,75.59101,9.365639,6.5524907
22.0,122.0,2020-09-01,2021-01-19,140,51,21.810558,22.244019,21.360825,76.22234,9.384423,4.9713597
22.0,122.0,2020-09-01,2021-01-20,141,51,21.862709,22.353052,21.312437,74.53611,8.841211,1.8297209
22.0,122.0,2020-09-01,2021-01-21,142,51,21.689493,22.21535,21.036121,74.10298,8.953803,2.2098515
22.0,122.0,2020-09-01,2021-01-22,143,51,21.566565,21.978209,21.0599,75.09132,9.114985,5.1496696
22.0,122.0,2020-09-01,2021-01-23,144,51,21.514875,22.015947,20.912237,75.58388,9.000429,5.1017833
22.0,122.0,2020-09-01,2021-01-24,145,51,21.464727,21.923618,20.930916,75.22924,9.047336,3.5561805
22.0,122.0,2020-09-01,2021-01-25,146,51,21.404907,21.879389,20.835821,75.28111,8.982372,2.5890863
22.0,122.0,2020-09-01,2021-01-26,147,51,21.426304,21.949068,20.790867,74.32621,8.454048,3.3368776
22.0,122.0,2020-09-01,2021-01-27,148,51,21.410591,21.93243,20.788877,75.297035,8.660363,4.105156
22.0,122.0,2020-09-01,2021-01-28,149,51,21.303898,21.766754,20.717667,75.93719,9.228981,4.3497577
22.0,122.0,2020-09-01,2021-01-29,150,51,21.184639,21.681501,20.641975,75.66373,9.2032795,3.8222208
22.0,122.0,2020-09-01,2021-01-30,151,51,21.176937,21.635733,20.666882,75.22456,9.327671,3.2582314
22.0,122.0,2020-09-01,2021-01-31,152,51,21.266054,21.714361,20.705225,74.44781,9.47369,2.5634227
23.0,120.0,2020-09-01,2020-09-01,0,51,27.689966,28.59015,26.862656,85.95586,4.3507357,0.0
23.0,120.0,2020-09-01,2020-09-02,1,51,27.67908,28.673199,26.915915,88.16172,3.5471663,6.4820185
23.0,120.0,2020-09-01,2020-09-03,2,51,27.341028,28.493351,26.410654,87.50105,1.8510628,5.441146
23.0,120.0,2020-09-01,2020-09-04,3,51,27.188778,28.230818,26.475105,85.55515,2.0957854,4.219504
23.0,120.0,2020-09-01,2020-09-05,4,51,27.174925,28.27875,26.313496,83.0946,3.538096,3.2379255
23.0,120.0,2020-09-01,2020-09-06,5,51,26.979607,28.074295,26.20288,78.85635,3.1240652,1.7023485
23.0,120.0,2020-09-01,2020-09-07,6,51,27.188272,28.394245,26.382935,78.124985,2.1368704,2.950925
23.0,120.0,2020-09-01,2020-09-08,7,51,27.21084,28.34237,26.418476,81.00518,2.0797467,4.030224
23.0,120.0,2020-09-01,2020-09-09,8,51,27.047695,28.087978,26.297432,81.98561,2.2648654,5.745372
23.0,120.0,2020-09-01,2020-09-10,9,51,26.930618,27.860062,26.277071,81.73261,2.4102714,5.602598
23.0,120.0,2020-09-01,2020-09-11,10,51,27.149582,28.190817,26.453829,82.06706,2.2956772,4.6875763
23.0,120.0,2020-09-01,2020-09-12,11,51,27.322311,28.42787,26.535276,82.69037,2.379332,5.172985
23.0,120.0,2020-09-01,2020-09-13,12,51,27.312895,28.374094,26.583788,83.466576,2.3019128,7.459734
23.0,120.0,2020-09-01,2020-09-14,13,51,27.373846,28.477264,26.618645,83.91853,2.3185651,5.4211855
23.0,120.0,2020-09-01,2020-09-15,14,51,27.532495,28.71194,26.760168,83.65329,2.4102516,5.392643
23.0,120.0,2020-09-01,2020-09-16,15,51,27.604588,28.744423,26.775578,84.27703,2.5192184,5.213658
23.0,120.0,2020-09-01,2020-09-17,16,51,27.676533,28.908875,26.815128,84.44594,2.3642168,4.2821445
23.0,120.0,2020-09-01,2020-09-18,17,51,27.652134,28.844133,26.772251,84.04169,2.4083023,4.519209
23.0,120.0,2020-09-01,2020-09-19,18,51,27.503311,28.616608,26.632784,83.82236,2.7782533,5.346046
23.0,120.0,2020-09-01,2020-09-20,19,51,27.40844,28.494755,26.646704,83.507324,3.2159343,4.225444
23.0,120.0,2020-09-01,2020-09-21,20,51,27.426605,28.581371,26.573475,83.23102,3.3727329,4.4290047
23.0,120.0,2020-09-01,2020-09-22,21,51,27.41414,28.555508,26.644793,83.04658,3.4390073,3.1342971
23.0,120.0,2020-09-01,2020-09-23,22,51,27.399826,28.538456,26.607622,82.77834,3.7992282,5.015274
23.0,120.0,2020-09-01,2020-09-24,23,51,27.303583,28.39777,26.557241,82.53552,4.235717,6.4056063
23.0,120.0,2020-09-01,2020-09-25,24,51,27.23558,28.27792,26.4617,82.11466,4.2522187,6.652624
23.0,120.0,2020-09-01,2020-09-26,25,51,27.174446,28.16396,26.480318,82.15148,4.3062944,5.5549297
23.0,120.0,2020-09-01,2020-09-27,26,51,27.099735,28.164934,26.334723,82.057785,4.2864923,4.8752136
23.0,120.0,2020-09-01,2020-09-28,27,51,27.07152,28.15319,26.315546,82.3435,4.2410293,4.301718
23.0,120.0,2020-09-01,2020-09-29,28,51,27.072031,28.115093,26.36432,82.53082,4.591764,5.1929293
23.0,120.0,2020-09-01,2020-09-30,29,51,26.912336,27.857489,26.236027,83.094604,4.862876,7.172167
23.0,120.0,2020-09-01,2020-10-01,30,51,26.914898,27.935604,26.20613,82.96893,4.951977,7.6892977
23.0,120.0,2020-09-01,2020-10-02,31,51,26.857227,27.879032,26.131662,82.67153,5.201951,6.96404
23.0,120.0,2020-09-01,2020-10-03,32,51,26.79198,27.788605,26.045204,83.41042,5.5235624,5.53041
23.0,120.0,2020-09-01,2020-10-04,33,51,26.63208,27.606607,25.894762,83.44047,5.834931,7.7828794
23.0,120.0,2020-09-01,2020-10-05,34,51,26.556107,27.490705,25.905743,83.03508,5.8009453,7.350831
23.0,120.0,2020-09-01,2020-10-06,35,51,26.601646,27.553356,25.923311,83.342674,5.121737,7.973874
23.0,120.0,2020-09-01,2020-10-07,36,51,26.584293,27.570972,25.908531,83.60618,5.031014,4.5705156
23.0,120.0,2020-09-01,2020-10-08,37,51,26.544144,27.523369,25.880787,83.31761,5.30997,4.811944
23.0,120.0,2020-09-01,2020-10-09,38,51,26.54047,27.599438,25.802221,82.846466,5.5824356,3.3154259
23.0,120.0,2020-09-01,2020-10-10,39,51,26.419395,27.408241,25.645,82.20123,6.2522798,4.2482505
23.0,120.0,2020-09-01,2020-10-11,40,51,26.328766,27.344376,25.597418,82.097946,6.230085,5.667323
23.0,120.0,2020-09-01,2020-10-12,41,51,26.16718,27.114185,25.471962,82.76198,6.263086,4.6135178
23.0,120.0,2020-09-01,2020-10-13,42,51,26.154116,27.067638,25.446457,82.74011,5.987689,5.119878
23.0,120.0,2020-09-01,2020-10-14,43,51,26.133844,27.108044,25.38358,82.85283,6.0850067,6.335685
23.0,120.0,2020-09-01,2020-10-15,44,51,26.116577,27.171856,25.349087,82.61708,6.394122,3.3834784
23.0,120.0,2020-09-01,2020-10-16,45,51,25.905987,26.876905,25.180504,82.90702,6.2911425,3.468674
23.0,120.0,2020-09-01,2020-10-17,46,51,25.874416,26.887405,25.097252,82.47402,6.398045,3.059084
23.0,120.0,2020-09-01,2020-10-18,47,51,25.733063,26.730017,25.00249,81.940575,6.9652524,3.5254862
23.0,120.0,2020-09-01,2020-10-19,48,51,25.582567,26.4651,24.928917,82.476814,7.1074243,5.9766207
23.0,120.0,2020-09-01,2020-10-20,49,51,25.568033,26.505703,24.863932,82.5293,6.7797823,4.315733
23.0,120.0,2020-09-01,2020-10-21,50,51,25.427343,26.404472,24.687496,82.00495,7.4413276,6.9384093
23.0,120.0,2020-09-01,2020-10-22,51,51,25.236885,26.199074,24.508293,81.8876,7.129201,3.2516737
23.0,120.0,2020-09-01,2020-10-23,52,51,25.140898,26.080408,24.461971,81.36421,7.242322,3.2621346
23.0,120.0,2020-09-01,2020-10-24,53,51,25.085741,26.02322,24.432861,81.23378,6.849303,3.3354192
23.0,120.0,2020-09-01,2020-10-25,54,51,25.044724,26.050117,24.340584,80.79413,6.4967403,2.9857423
23.0,120.0,2020-09-01,2020-10-26,55,51,25.014019,26.062681,24.252731,81.29874,6.446944,2.852344
23.0,120.0,2020-09-01,2020-10-27,56,51,24.906345,25.923512,24.164585,81.62391,6.77293,1.9299374
23.0,120.0,2020-09-01,2020-10-28,57,51,24.69197,25.697819,23.965126,81.258194,6.7695503,1.9788775
23.0,120.0,2020-09-01,2020-10-29,58,51,24.55102,25.613636,23.803238,80.84231,6.890394,2.541198
23.0,120.0,2020-09-01,2020-10-30,59,51,24.458267,25.404362,23.794762,80.81799,6.543912,1.9727011
23.0,120.0,2020-09-01,2020-10-31,60,51,24.516735,25.514648,23.819433,80.89404,6.344283,3.37673
23.0,120.0,2020-09-01,2020-11-01,61,51,24.606146,25.655357,23.90178,81.0827,6.388546,1.4819822
23.0,120.0,2020-09-01,2020-11-02,62,51,24.403282,25.412258,23.576948,80.656166,6.533597,2.308765
23.0,120.0,2020-09-01,2020-11-03,63,51,24.144938,25.147636,23.427462,80.22864,6.675413,2.2948642
23.0,120.0,2020-09-01,2020-11-04,64,51,24.13427,25.174839,23.411062,80.478714,6.543171,4.5185914
23.0,120.0,2020-09-01,2020-11-05,65,51,24.1002,25.070677,23.421875,81.076515,6.767925,2.4250321
23.0,120.0,2020-09-01,2020-11-06,66,51,24.09851,25.12642,23.326286,80.676575,6.853158,1.4881968
23.0,120.0,2020-09-01,2020-11-07,67,51,23.9708,24.924728,23.246601,80.156425,6.7920465,1.6985191
23.0,120.0,2020-09-01,2020-11-08,68,51,23.85909,24.869766,23.11726,80.163574,6.3880177,2.344308
23.0,120.0,2020-09-01,2020-11-09,69,51,23.800203,24.926903,22.968987,80.22279,6.2587547,1.7666872
23.0,120.0,2020-09-01,2020-11-10,70,51,23.677334,24.705444,22.934626,80.66469,6.8268366,2.679133
23.0,120.0,2020-09-01,2020-11-11,71,51,23.61604,24.685064,22.824078,80.1412,6.625861,3.0330136
23.0,120.0,2020-09-01,2020-11-12,72,51,23.412216,24.53743,22.61774,79.86961,6.429777,3.3848047
23.0,120.0,2020-09-01,2020-11-13,73,51,23.334621,24.371876,22.546646,80.62308,6.482966,2.9919
23.0,120.0,2020-09-01,2020-11-14,74,51,23.261711,24.353092,22.394714,80.50668,6.9802356,2.8027182
23.0,120.0,2020-09-01,2020-11-15,75,51,22.958439,24.042126,22.126133,80.17113,7.3250237,2.4513078
23.0,120.0,2020-09-01,2020-11-16,76,51,22.810772,23.87217,21.99755,79.30692,7.381424,1.669167
23.0,120.0,2020-09-01,2020-11-17,77,51,22.667967,23.646717,21.931118,78.55777,7.2006264,2.0465055
23.0,120.0,2020-09-01,2020-11-18,78,51,22.64469,23.632149,21.925135,79.45123,6.735527,3.2096496
23.0,120.0,2020-09-01,2020-11-19,79,51,22.607723,23.720495,21.830856,79.89293,6.7559195,2.1105433
23.0,120.0,2020-09-01,2020-11-20,80,51,22.482208,23.570372,21.615973,78.26804,6.8951445,1.1521916
23.0,120.0,2020-09-01,2020-11-21,81,51,22.436073,23.53812,21.692753,78.17943,6.464864,1.0532373
23.0,120.0,2020-09-01,2020-11-22,82,51,22.607332,23.667841,21.851122,79.15247,6.4990363,1.4992007
23.0,120.0,2020-09-01,2020-11-23,83,51,22.468996,23.566927,21.569468,79.49302,6.929406,2.4683704
23.0,120.0,2020-09-01,2020-11-24,84,51,22.285765,23.379133,21.42553,79.50917,7.14505,2.1825743
23.0,120.0,2020-09-01,2020-11-25,85,51,22.319145,23.314013,21.556936,79.706726,7.243682,2.1994538
23.0,120.0,2020-09-01,2020-11-26,86,51,22.292486,23.386612,21.46229,79.57672,7.190297,1.9562075
23.0,120.0,2020-09-01,2020-11-27,87,51,22.12453,23.141247,21.332912,79.50632,6.8297944,2.5557556
23.0,120.0,2020-09-01,2020-11-28,88,51,22.054361,23.062668,21.256538,79.637054,6.837881,2.4442663
23.0,120.0,2020-09-01,2020-11-29,89,51,21.99234,23.060432,21.195396,79.62511,6.8010054,2.5765996
23.0,120.0,2020-09-01,2020-11-30,90,51,21.843893,22.864403,21.07228,79.51784,6.836773,2.5920944
23.0,120.0,2020-09-01,2020-12-01,91,51,21.853298,22.839863,21.047653,79.8837,6.838156,2.4914434
23.0,120.0,2020-09-01,2020-12-02,92,51,21.885204,22.912766,21.133205,79.824265,6.863098,1.4476769
23.0,120.0,2020-09-01,2020-12-03,93,51,21.653057,22.81689,20.801064,80.094376,7.1496406,1.8135052
23.0,120.0,2020-09-01,2020-12-04,94,51,21.291964,22.333813,20.524563,79.515076,7.348864,1.6531695
23.0,120.0,2020-09-01,2020-12-05,95,51,21.074783,22.129362,20.25234,79.01765,7.058119,1.5544219
23.0,120.0,2020-09-01,2020-12-06,96,51,21.105196,22.147,20.289877,79.02366,6.427473,2.0113153
23.0,120.0,2020-09-01,2020-12-07,97,51,21.170305,22.212532,20.467154,79.73644,6.719696,1.2440897
23.0,120.0,2020-09-01,2020-12-08,98,51,21.004845,22.079248,20.197905,79.12168,7.2009096,0.9538375
23.0,120.0,2020-09-01,2020-12-09,99,51,20.761656,21.7671,19.99849,78.1414,7.246844,1.0769687
23.0,120.0,2020-09-01,2020-12-10,100,51,20.751247,21.706654,20.058737,78.52365,6.7980003,2.0711677
23.0,120.0,2020-09-01,2020-12-11,101,51,20.79284,21.814507,20.038528,79.22954,6.6180453,1.8765876
23.0,120.0,2020-09-01,2020-12-12,102,51,20.739668,21.845387,19.88664,79.14356,6.771166,1.275311
23.0,120.0,2020-09-01,2020-12-13,103,51,20.482088,21.51477,19.639606,78.70685,6.9987116,1.2861111
23.0,120.0,2020-09-01,2020-12-14,104,51,20.474346,21.43816,19.818735,78.86789,6.846916,1.8974591
23.0,120.0,2020-09-01,2020-12-15,105,51,20.411213,21.466682,19.675663,78.9227,6.8816633,2.0351348
23.0,120.0,2020-09-01,2020-12-16,106,51,20.272755,21.361454,19.438007,78.3338,6.8373656,1.1236253
23.0,120.0,2020-09-01,2020-12-17,107,51,19.995651,21.033197,19.097958,78.28836,6.818907,1.1834137
23.0,120.0,2020-09-01,2020-12-18,108,51,19.876953,20.907042,19.014923,77.97155,6.654213,1.6014669
23.0,120.0,2020-09-01,2020-12-19,109,51,19.859848,20.806576,19.094528,78.44367,6.7232733,2.2679768
23.0,120.0,2020-09-01,2020-12-20,110,51,19.89998,21.040232,18.997734,78.462326,6.870034,2.2675576
23.0,120.0,2020-09-01,2020-12-21,111,51,19.734644,20.863228,18.921574,78.791534,6.654895,1.5751445
23.0,120.0,2020-09-01,2020-12-22,112,51,19.605736,20.676409,18.78758,78.95715,6.7473907,2.4004886
23.0,120.0,2020-09-01,2020-12-23,113,51,19.504274,20.520378,18.652102,77.88631,7.0123186,1.832298
23.0,120.0,2020-09-01,2020-12-24,114,51,19.329678,20.4391,18.49599,77.66039,7.2110434,2.7917075
23.0,120.0,2020-09-01,2020-12-25,115,51,19.00111,20.11893,18.08646,77.7153,7.0950494,2.0760446
23.0,120.0,2020-09-01,2020-12-26,116,51,18.905014,19.98821,18.057644,77.20613,6.8008223,1.2869866
23.0,120.0,2020-09-01,2020-12-27,117,51,18.962795,20.048332,18.14059,77.14111,6.5511923,1.3002623
23.0,120.0,2020-09-01,2020-12-28,118,51,19.0649,20.175812,18.247272,77.429,6.5612183,1.2359161
23.0,120.0,2020-09-01,2020-12-29,119,51,19.319355,20.406645,18.529509,77.39505,6.3676634,1.0631444
23.0,120.0,2020-09-01,2020-12-30,120,51,19.33471,20.526333,18.453506,78.47,6.5776005,1.780096
23.0,120.0,2020-09-01,2020-12-31,121,51,19.023884,20.126947,18.165798,78.3152,6.7755013,2.5633051
23.0,120.0,2020-09-01,2021-01-01,122,51,19.122238,20.222647,18.280802,78.14868,6.193845,2.5003188
23.0,120.0,2020-09-01,2021-01-02,123,51,19.210781,20.27795,18.379501,79.19504,6.3102865,3.261998
23.0,120.0,2020-09-01,2021-01-03,124,51,19.07117,20.101294,18.29937,79.23802,6.9602003,2.896124
23.0,120.0,2020-09-01,2021-01-04,125,51,18.778885,19.771585,18.01336,78.96766,6.770588,2.085053
23.0,120.0,2020-09-01,2021-01-05,126,51,18.81198,19.910984,18.04215,78.752556,6.4818277,1.3562359
23.0,120.0,2020-09-01,2021-01-06,127,51,18.78823,19.895487,17.951727,79.38025,6.738573,2.5304093
23.0,120.0,2020-09-01,2021-01-07,128,51,18.623657,19.720901,17.75341,78.41568,6.9018507,1.9271781
23.0,120.0,2020-09-01,2021-01-08,129,51,18.369709,19.364796,17.57005,78.07897,6.9133635,2.0362277
23.0,120.0,2020-09-01,2021-01-09,130,51,18.36308,19.388062,17.58377,78.14838,6.686596,1.5659572
23.0,120.0,2020-09-01,2021-01-10,131,51,18.420677,19.462015,17.624062,78.37828,6.594269,0.97692513
23.0,120.0,2020-09-01,2021-01-11,132,51,18.495369,19.639025,17.665173,77.91176,6.528102,0.813138
23.0,120.0,2020-09-01,2021-01-12,133,51,18.519087,19.650385,17.748703,78.15216,6.32798,0.9839325
23.0,120.0,2020-09-01,2021-01-13,134,51,18.50348,19.658697,17.607359,78.69241,6.448717,1.2022085
23.0,120.0,2020-09-01,2021-01-14,135,51,18.302938,19.414207,17.403713,78.44412,6.682356,2.568553
23.0,120.0,2020-09-01,2021-01-15,136,51,18.283697,19.429619,17.405605,77.69308,6.3101687,1.4228716
23.0,120.0,2020-09-01,2021-01-16,137,51,18.336365,19.414549,17.464363,78.405106,6.0547266,1.7201371
23.0,120.0,2020-09-01,2021-01-17,138,51,18.556545,19.625942,17.789818,79.05094,6.2588625,2.5553756
23.0,120.0,2020-09-01,2021-01-18,139,51,18.81413,19.943638,17.944427,79.326324,6.266465,3.3609328
23.0,120.0,2020-09-01,2021-01-19,140,51,18.779678,19.840954,18.01911,79.40849,6.281092,2.245244
23.0,120.0,2020-09-01,2021-01-20,141,51,18.768692,19.98381,17.93975,79.68837,6.075775,1.875735
23.0,120.0,2020-09-01,2021-01-21,142,51,18.679947,19.904137,17.834839,79.04038,5.8962193,1.9728298
23.0,120.0,2020-09-01,2021-01-22,143,51,18.66164,19.823328,17.770967,78.85391,5.924135,4.3042545
23.0,120.0,2020-09-01,2021-01-23,144,51,18.61378,19.747581,17.77752,79.136536,5.911351,2.0961626
23.0,120.0,2020-09-01,2021-01-24,145,51,18.56992,19.81437,17.714685,79.08157,6.0309496,1.5419524
23.0,120.0,2020-09-01,2021-01-25,146,51,18.563404,19.751034,17.728825,78.75606,5.9918804,1.5918537
23.0,120.0,2020-09-01,2021-01-26,147,51,18.597744,19.80592,17.729748,78.777756,5.5504265,2.687777
23.0,120.0,2020-09-01,2021-01-27,148,51,18.510517,19.684898,17.61808,79.21536,6.0086436,3.0692396
23.0,120.0,2020-09-01,2021-01-28,149,51,18.461248,19.612453,17.64497,78.73805,6.3328733,2.2184937
23.0,120.0,2020-09-01,2021-01-29,150,51,18.253485,19.478619,17.371155,78.77408,6.330015,2.0809326
23.0,120.0,2020-09-01,2021-01-30,151,51,18.225368,19.315624,17.395254,78.77719,6.3456116,1.5201101
23.0,120.0,2020-09-01,2021-01-31,152,51,18.266743,19.451283,17.41308,78.336136,6.3531733,1.4209089
23.0,121.0,2020-09-01,2020-09-01,0,51,25.74321,27.404953,24.568863,86.08595,2.1857586,0.0
23.0,121.0,2020-09-01,2020-09-02,1,51,25.904987,27.683517,24.485844,87.61335,1.4626374,5.625389
23.0,121.0,2020-09-01,2020-09-03,2,51,25.489014,26.69802,24.347937,88.32648,0.79022753,10.0126295
23.0,121.0,2020-09-01,2020-09-04,3,51,25.240788,26.545471,24.21371,87.18932,1.2546793,8.807804
23.0,121.0,2020-09-01,2020-09-05,4,51,25.216118,26.697247,24.016874,85.22031,1.6776776,8.18228
23.0,121.0,2020-09-01,2020-09-06,5,51,24.684141,26.377863,23.350925,83.39818,1.270478,5.0352225
23.0,121.0,2020-09-01,2020-09-07,6,51,24.879696,26.546057,23.838726,82.31223,1.4123116,4.506479
23.0,121.0,2020-09-01,2020-09-08,7,51,25.115973,26.69723,23.999586,83.892654,1.3591734,7.068546
23.0,121.0,2020-09-01,2020-09-09,8,51,24.956348,26.376963,23.872952,84.41821,1.3628182,9.707811
23.0,121.0,2020-09-01,2020-09-10,9,51,24.830818,26.17284,23.919281,84.37485,1.5587844,8.465259
23.0,121.0,2020-09-01,2020-09-11,10,51,24.990616,26.429506,23.958836,84.63156,1.7771766,7.612171
23.0,121.0,2020-09-01,2020-09-12,11,51,25.124485,26.666487,23.988739,84.89522,1.7242538,7.622287
23.0,121.0,2020-09-01,2020-09-13,12,51,25.153011,26.707027,24.07159,85.62719,1.7158045,10.494142
23.0,121.0,2020-09-01,2020-09-14,13,51,25.243942,26.805614,24.140648,85.93638,1.7269876,6.974046
23.0,121.0,2020-09-01,2020-09-15,14,51,25.399273,27.077765,24.216393,85.49974,1.7091621,6.5778775
23.0,121.0,2020-09-01,2020-09-16,15,51,25.5,27.1711,24.267315,85.94272,1.7052252,5.8167253
23.0,121.0,2020-09-01,2020-09-17,16,51,25.543274,27.294579,24.273527,86.15263,1.6600494,5.559989
23.0,121.0,2020-09-01,2020-09-18,17,51,25.517128,27.218128,24.25502,85.809685,1.6078204,7.514019
23.0,121.0,2020-09-01,2020-09-19,18,51,25.374699,26.992336,24.127094,85.74235,1.792351,7.5749083
23.0,121.0,2020-09-01,2020-09-20,19,51,25.305756,26.97156,24.172775,85.173096,1.9151223,5.7039766
23.0,121.0,2020-09-01,2020-09-21,20,51,25.349258,27.0609,24.099333,84.874985,1.9964869,7.22156
23.0,121.0,2020-09-01,2020-09-22,21,51,25.327513,26.974438,24.191002,84.97694,2.0268342,5.74625
23.0,121.0,2020-09-01,2020-09-23,22,51,25.269674,26.993053,24.136093,84.69321,2.162917,8.748248
23.0,121.0,2020-09-01,2020-09-24,23,51,25.17333,26.821228,24.100693,84.54694,2.4267526,9.933524
23.0,121.0,2020-09-01,2020-09-25,24,51,25.14396,26.77788,23.975483,84.0781,2.5315223,9.860057
23.0,121.0,2020-09-01,2020-09-26,25,51,25.01631,26.580532,24.002426,84.49481,2.5348477,8.72559
23.0,121.0,2020-09-01,2020-09-27,26,51,24.99919,26.614607,23.878279,84.06682,2.5177383,8.9971075
23.0,121.0,2020-09-01,2020-09-28,27,51,24.968777,26.589102,23.909554,84.40672,2.3750346,8.905948
23.0,121.0,2020-09-01,2020-09-29,28,51,25.006582,26.541065,23.962841,84.68161,2.479252,10.656891
23.0,121.0,2020-09-01,2020-09-30,29,51,24.853577,26.369167,23.789072,85.00205,2.7298717,11.263751
23.0,121.0,2020-09-01,2020-10-01,30,51,24.845238,26.368706,23.805965,84.86849,2.8574607,13.805937
23.0,121.0,2020-09-01,2020-10-02,31,51,24.816025,26.378557,23.75711,84.52471,2.8214269,12.593914
23.0,121.0,2020-09-01,2020-10-03,32,51,24.812717,26.375587,23.72693,85.39167,2.9765244,12.062719
23.0,121.0,2020-09-01,2020-10-04,33,51,24.665237,26.172935,23.586727,85.51835,3.1372242,15.138592
23.0,121.0,2020-09-01,2020-10-05,34,51,24.618027,26.102247,23.62743,84.88062,3.103572,12.967867
23.0,121.0,2020-09-01,2020-10-06,35,51,24.665087,26.18607,23.632828,85.03006,2.7948024,12.902922
23.0,121.0,2020-09-01,2020-10-07,36,51,24.631744,26.217926,23.555784,85.29364,2.6724727,9.456836
23.0,121.0,2020-09-01,2020-10-08,37,51,24.523464,26.04755,23.516537,85.13969,2.8015227,10.273659
23.0,121.0,2020-09-01,2020-10-09,38,51,24.54816,26.166317,23.461294,84.268745,2.99783,8.605035
23.0,121.0,2020-09-01,2020-10-10,39,51,24.442598,26.07368,23.32184,83.94441,3.1798959,10.082201
23.0,121.0,2020-09-01,2020-10-11,40,51,24.378172,25.958138,23.326084,84.44893,3.2661722,16.351776
23.0,121.0,2020-09-01,2020-10-12,41,51,24.289892,25.83764,23.22198,84.63506,3.2566667,12.775207
23.0,121.0,2020-09-01,2020-10-13,42,51,24.138128,25.595036,23.119814,85.049385,3.201087,11.811861
23.0,121.0,2020-09-01,2020-10-14,43,51,24.207335,25.779797,23.097338,84.714325,3.2010813,14.060895
23.0,121.0,2020-09-01,2020-10-15,44,51,24.2558,25.92532,23.080723,84.630295,3.2093627,9.386624
23.0,121.0,2020-09-01,2020-10-16,45,51,24.013763,25.60774,22.917562,84.99497,3.0409505,8.417693
23.0,121.0,2020-09-01,2020-10-17,46,51,24.01682,25.715172,22.82164,84.23745,3.1429825,8.074788
23.0,121.0,2020-09-01,2020-10-18,47,51,23.794468,25.356407,22.71668,84.179405,3.4471188,12.309437
23.0,121.0,2020-09-01,2020-10-19,48,51,23.65158,25.025015,22.709606,84.91469,3.4340773,20.646517
23.0,121.0,2020-09-01,2020-10-20,49,51,23.705688,25.2042,22.70675,84.950516,3.3039582,12.766293
23.0,121.0,2020-09-01,2020-10-21,50,51,23.67567,25.187874,22.604586,84.47495,3.524377,18.191683
23.0,121.0,2020-09-01,2020-10-22,51,51,23.46087,24.944271,22.458649,84.32584,3.403651,12.542765
23.0,121.0,2020-09-01,2020-10-23,52,51,23.313389,24.832535,22.283373,83.590454,3.4688444,10.876166
23.0,121.0,2020-09-01,2020-10-24,53,51,23.235922,24.736284,22.214348,83.131355,3.3286703,11.618779
23.0,121.0,2020-09-01,2020-10-25,54,51,23.188534,24.807722,22.128412,82.61928,3.2724493,8.708672
23.0,121.0,2020-09-01,2020-10-26,55,51,23.200176,24.856895,22.109093,83.10097,3.2375312,10.262623
23.0,121.0,2020-09-01,2020-10-27,56,51,23.155724,24.786476,22.10092,83.389755,3.3336911,7.5796456
23.0,121.0,2020-09-01,2020-10-28,57,51,22.971264,24.570314,21.871593,83.18201,3.2840478,7.717708
23.0,121.0,2020-09-01,2020-10-29,58,51,22.754965,24.45783,21.653133,82.608086,3.3366659,8.181388
23.0,121.0,2020-09-01,2020-10-30,59,51,22.61898,24.12844,21.621542,82.78957,3.2093039,6.80389
23.0,121.0,2020-09-01,2020-10-31,60,51,22.659967,24.254711,21.616623,82.81797,3.119982,8.387108
23.0,121.0,2020-09-01,2020-11-01,61,51,22.771563,24.498875,21.656643,82.842705,3.1391013,5.853531
23.0,121.0,2020-09-01,2020-11-02,62,51,22.505276,24.053373,21.4068,82.84394,3.3677795,9.275845
23.0,121.0,2020-09-01,2020-11-03,63,51,22.3194,23.964325,21.192982,81.77302,3.452793,7.8681636
23.0,121.0,2020-09-01,2020-11-04,64,51,22.249958,23.884413,21.170347,82.044044,3.3958728,8.045193
23.0,121.0,2020-09-01,2020-11-05,65,51,22.24987,23.819658,21.220245,82.81644,3.3963056,6.5388594
23.0,121.0,2020-09-01,2020-11-06,66,51,22.253345,23.83634,21.20696,82.812454,3.4913917,6.3127623
23.0,121.0,2020-09-01,2020-11-07,67,51,22.16349,23.68398,21.148497,82.230545,3.4013748,8.088213
23.0,121.0,2020-09-01,2020-11-08,68,51,22.040154,23.658188,20.973991,82.00852,3.2900438,6.2914987
23.0,121.0,2020-09-01,2020-11-09,69,51,21.989916,23.762012,20.820366,81.778465,3.251719,5.1177635
23.0,121.0,2020-09-01,2020-11-10,70,51,21.893002,23.567553,20.7892,82.34317,3.477757,6.3872776
23.0,121.0,2020-09-01,2020-11-11,71,51,21.754068,23.448551,20.63411,81.923096,3.4478762,7.2394986
23.0,121.0,2020-09-01,2020-11-12,72,51,21.532942,23.285904,20.415897,81.712074,3.466482,8.292627
23.0,121.0,2020-09-01,2020-11-13,73,51,21.52961,23.188005,20.449726,82.43914,3.2727003,6.580599
23.0,121.0,2020-09-01,2020-11-14,74,51,21.499271,23.182152,20.368946,82.40456,3.5644128,5.6967964
23.0,121.0,2020-09-01,2020-11-15,75,51,21.204233,22.919357,20.01585,81.87137,3.7769456,5.655692
23.0,121.0,2020-09-01,2020-11-16,76,51,20.996862,22.730053,19.803888,81.31438,3.855101,7.156397
23.0,121.0,2020-09-01,2020-11-17,77,51,20.908043,22.565277,19.816605,80.49391,3.6594882,9.167132
23.0,121.0,2020-09-01,2020-11-18,78,51,20.864502,22.483528,19.801624,81.294876,3.3250694,9.322607
23.0,121.0,2020-09-01,2020-11-19,79,51,20.92655,22.733444,19.810507,81.4346,3.214361,5.7698717
23.0,121.0,2020-09-01,2020-11-20,80,51,20.687908,22.387196,19.49435,80.43635,3.617887,4.269208
23.0,121.0,2020-09-01,2020-11-21,81,51,20.535381,22.318676,19.429695,79.77565,3.4464374,2.987693
23.0,121.0,2020-09-01,2020-11-22,82,51,20.738995,22.43924,19.730095,81.11393,3.3551986,5.19372
23.0,121.0,2020-09-01,2020-11-23,83,51,20.688692,22.455547,19.448614,81.23779,3.5325375,5.6179266
23.0,121.0,2020-09-01,2020-11-24,84,51,20.526924,22.269098,19.41486,81.37039,3.6002226,5.0586276
23.0,121.0,2020-09-01,2020-11-25,85,51,20.548323,22.173218,19.498058,81.6531,3.6553278,5.8889613
23.0,121.0,2020-09-01,2020-11-26,86,51,20.496094,22.15939,19.354755,81.26777,3.6650877,5.2147427
23.0,121.0,2020-09-01,2020-11-27,87,51,20.250822,21.857761,19.146896,81.429306,3.5808644,5.5761356
23.0,121.0,2020-09-01,2020-11-28,88,51,20.24554,21.896439,19.1857,81.67554,3.5896807,6.7339873
23.0,121.0,2020-09-01,2020-11-29,89,51,20.192156,21.859907,19.110832,81.358986,3.6037564,6.2970953
23.0,121.0,2020-09-01,2020-11-30,90,51,20.083908,21.735495,19.028852,81.099945,3.4393697,6.8906794
23.0,121.0,2020-09-01,2020-12-01,91,51,20.028875,21.578588,19.031345,81.66906,3.4221702,6.9193835
23.0,121.0,2020-09-01,2020-12-02,92,51,20.188282,21.872236,19.083134,81.573166,3.4529793,4.420253
23.0,121.0,2020-09-01,2020-12-03,93,51,20.040407,21.881721,18.875969,81.81026,3.5896158,4.289619
23.0,121.0,2020-09-01,2020-12-04,94,51,19.613255,21.351713,18.469189,81.25431,3.7401197,4.7706075
23.0,121.0,2020-09-01,2020-12-05,95,51,19.316534,21.029728,18.14101,80.807274,3.6828892,4.596652
23.0,121.0,2020-09-01,2020-12-06,96,51,19.344822,21.02431,18.2132,80.58136,3.3073153,4.127771
23.0,121.0,2020-09-01,2020-12-07,97,51,19.574553,21.364887,18.566689,81.287415,3.2844007,4.1179266
23.0,121.0,2020-09-01,2020-12-08,98,51,19.386663,21.131054,18.218674,81.00156,3.6518023,3.9056456
23.0,121.0,2020-09-01,2020-12-09,99,51,19.077707,20.782246,18.015545,80.056816,3.7449622,3.1384187
23.0,121.0,2020-09-01,2020-12-10,100,51,19.014135,20.61684,18.016449,80.37481,3.503363,5.3321776
23.0,121.0,2020-09-01,2020-12-11,101,51,19.16215,20.936436,18.106007,80.94159,3.2726705,4.9686704
23.0,121.0,2020-09-01,2020-12-12,102,51,19.147343,20.984419,17.926723,80.79646,3.3004751,3.4698265
23.0,121.0,2020-09-01,2020-12-13,103,51,18.876854,20.590303,17.740932,80.37503,3.521674,3.4786615
23.0,121.0,2020-09-01,2020-12-14,104,51,18.891077,20.597641,17.900183,80.3669,3.308901,4.2387815
23.0,121.0,2020-09-01,2020-12-15,105,51,18.855751,20.612926,17.769615,80.83673,3.453256,4.2262645
23.0,121.0,2020-09-01,2020-12-16,106,51,18.760239,20.658697,17.548218,80.029144,3.3845909,3.2548218
23.0,121.0,2020-09-01,2020-12-17,107,51,18.448591,20.183596,17.171188,80.26409,3.471306,3.5374715
23.0,121.0,2020-09-01,2020-12-18,108,51,18.270958,20.065285,17.062096,79.82315,3.350429,4.0054483
23.0,121.0,2020-09-01,2020-12-19,109,51,18.227808,19.876572,17.143705,80.83443,3.3397377,4.855559
23.0,121.0,2020-09-01,2020-12-20,110,51,18.218954,20.135147,16.962414,80.462296,3.4501624,4.490388
23.0,121.0,2020-09-01,2020-12-21,111,51,18.143696,20.093906,16.972866,80.10996,3.295095,3.5907686
23.0,121.0,2020-09-01,2020-12-22,112,51,17.983269,19.78664,16.836294,80.65485,3.3122754,4.8790326
23.0,121.0,2020-09-01,2020-12-23,113,51,17.804874,19.500507,16.626307,80.03458,3.5419064,4.5766444
23.0,121.0,2020-09-01,2020-12-24,114,51,17.624044,19.445133,16.44707,79.434326,3.5420763,5.818031
23.0,121.0,2020-09-01,2020-12-25,115,51,17.420847,19.30947,16.069637,79.589775,3.6937633,4.485234
23.0,121.0,2020-09-01,2020-12-26,116,51,17.266312,19.108027,16.101757,79.21216,3.4897988,3.200811
23.0,121.0,2020-09-01,2020-12-27,117,51,17.252098,19.137606,16.014523,79.29491,3.3231978,3.5951076
23.0,121.0,2020-09-01,2020-12-28,118,51,17.35512,19.218204,16.198006,79.29304,3.3135707,3.3313024
23.0,121.0,2020-09-01,2020-12-29,119,51,17.58244,19.410625,16.412018,79.51785,3.1147919,3.363748
23.0,121.0,2020-09-01,2020-12-30,120,51,17.782097,19.717155,16.564264,80.18619,3.1768246,3.669741
23.0,121.0,2020-09-01,2020-12-31,121,51,17.513597,19.36695,16.30006,80.080505,3.3916647,3.835597
23.0,121.0,2020-09-01,2021-01-01,122,51,17.584127,19.46398,16.452,79.52769,2.9461422,3.8999567
23.0,121.0,2020-09-01,2021-01-02,123,51,17.71289,19.502998,16.530394,80.721275,3.0417717,5.9592576
23.0,121.0,2020-09-01,2021-01-03,124,51,17.566883,19.322624,16.366604,80.90305,3.3899868,5.338821
23.0,121.0,2020-09-01,2021-01-04,125,51,17.233791,18.932455,16.122208,80.536064,3.3835657,4.4449773
23.0,121.0,2020-09-01,2021-01-05,126,51,17.285244,19.189075,16.126019,80.27479,3.1938848,3.757614
23.0,121.0,2020-09-01,2021-01-06,127,51,17.309645,19.198984,16.055126,80.56507,3.352839,4.2580376
23.0,121.0,2020-09-01,2021-01-07,128,51,17.171696,19.07862,15.962526,80.04698,3.5568292,5.089674
23.0,121.0,2020-09-01,2021-01-08,129,51,16.877766,18.634468,15.672876,79.55396,3.4960928,4.290354
23.0,121.0,2020-09-01,2021-01-09,130,51,16.873802,18.743418,15.7089405,79.792244,3.286994,4.09449
23.0,121.0,2020-09-01,2021-01-10,131,51,16.84822,18.65559,15.659546,80.08133,3.346171,3.9862397
23.0,121.0,2020-09-01,2021-01-11,132,51,16.886158,18.785568,15.709029,79.84855,3.2885501,3.5295165
23.0,121.0,2020-09-01,2021-01-12,133,51,17.046463,18.974863,15.876773,79.68487,3.0605474,3.2185326
23.0,121.0,2020-09-01,2021-01-13,134,51,17.08895,19.12597,15.797925,80.21782,3.1402159,3.625043
23.0,121.0,2020-09-01,2021-01-14,135,51,16.864143,18.794193,15.560438,80.040276,3.479301,5.052916
23.0,121.0,2020-09-01,2021-01-15,136,51,16.737734,18.666733,15.4947195,79.261505,3.1054876,3.8049607
23.0,121.0,2020-09-01,2021-01-16,137,51,16.89355,18.813211,15.686962,79.820984,2.8796506,4.082158
23.0,121.0,2020-09-01,2021-01-17,138,51,17.18373,19.129303,16.023596,80.289955,3.014917,4.7113676
23.0,121.0,2020-09-01,2021-01-18,139,51,17.38658,19.302874,16.157211,80.50615,3.0781074,6.1297565
23.0,121.0,2020-09-01,2021-01-19,140,51,17.389185,19.243317,16.231396,80.79321,3.0123806,5.600973
23.0,121.0,2020-09-01,2021-01-20,141,51,17.418789,19.499567,16.130354,80.8461,2.782116,3.9703188
23.0,121.0,2020-09-01,2021-01-21,142,51,17.223236,19.323986,15.9392,80.16933,2.9845884,4.1292753
23.0,121.0,2020-09-01,2021-01-22,143,51,17.134125,19.08146,15.930878,80.107666,2.8862824,5.719671
23.0,121.0,2020-09-01,2021-01-23,144,51,17.073034,19.020077,15.868729,80.837555,2.940748,4.7110343
23.0,121.0,2020-09-01,2021-01-24,145,51,17.002522,19.079493,15.769083,80.43691,3.0138512,4.1205072
23.0,121.0,2020-09-01,2021-01-25,146,51,17.025063,19.095888,15.75176,80.110054,2.9250302,4.033931
23.0,121.0,2020-09-01,2021-01-26,147,51,16.995808,19.019659,15.732979,80.37012,2.81191,5.0616617
23.0,121.0,2020-09-01,2021-01-27,148,51,16.97616,18.985403,15.636347,80.654175,2.9681215,6.162885
23.0,121.0,2020-09-01,2021-01-28,149,51,16.937902,18.93148,15.712931,80.382904,3.0747063,4.9257407
23.0,121.0,2020-09-01,2021-01-29,150,51,16.795908,18.81585,15.569913,80.661644,3.0837152,4.674917
23.0,121.0,2020-09-01,2021-01-30,151,51,16.800236,18.697283,15.608366,80.23251,3.122922,3.961313
23.0,121.0,2020-09-01,2021-01-31,152,51,16.834667,18.879911,15.567626,79.518196,3.141757,3.4221146
23.0,122.0,2020-09-01,2020-09-01,0,51,26.745892,27.578712,26.162815,84.34421,2.680587,0.0
23.0,122.0,2020-09-01,2020-09-02,1,51,27.075478,28.31163,26.079197,86.25743,4.922011,2.552836
23.0,122.0,2020-09-01,2020-09-03,2,51,26.312548,26.967232,25.546272,87.117065,2.2885568,10.43054
23.0,122.0,2020-09-01,2020-09-04,3,51,25.905151,26.551176,25.301842,86.38191,3.4026158,9.139967
23.0,122.0,2020-09-01,2020-09-05,4,51,25.954468,26.658342,25.314789,83.99647,4.002774,9.12141
23.0,122.0,2020-09-01,2020-09-06,5,51,25.589428,26.597946,24.689907,80.02944,2.765964,4.9452677
23.0,122.0,2020-09-01,2020-09-07,6,51,25.700787,26.585707,25.054308,79.74283,2.4516582,4.354684
23.0,122.0,2020-09-01,2020-09-08,7,51,25.86253,26.765244,25.116566,82.331024,2.623594,6.9872646
23.0,122.0,2020-09-01,2020-09-09,8,51,25.607384,26.372211,24.877869,83.37792,2.915749,10.670198
23.0,122.0,2020-09-01,2020-09-10,9,51,25.516792,26.238634,24.948223,83.50898,3.3193026,9.141813
23.0,122.0,2020-09-01,2020-09-11,10,51,25.661922,26.477697,24.987803,83.97188,3.5119848,9.106475
23.0,122.0,2020-09-01,2020-09-12,11,51,25.750315,26.622932,24.9966,84.80768,3.4177556,9.942359
23.0,122.0,2020-09-01,2020-09-13,12,51,25.792807,26.72686,25.060991,85.59888,3.342483,11.655138
23.0,122.0,2020-09-01,2020-09-14,13,51,25.919067,26.829784,25.175896,85.51544,3.1047342,9.164613
23.0,122.0,2020-09-01,2020-09-15,14,51,26.017319,26.950037,25.270527,85.37593,3.2175205,8.124302
23.0,122.0,2020-09-01,2020-09-16,15,51,26.170738,27.169373,25.321888,85.70391,3.3344855,7.2399325
23.0,122.0,2020-09-01,2020-09-17,16,51,26.1623,27.14884,25.295128,85.81498,3.155797,7.282084
23.0,122.0,2020-09-01,2020-09-18,17,51,26.11087,27.10697,25.2374,85.49545,3.1881208,9.478402
23.0,122.0,2020-09-01,2020-09-19,18,51,26.01463,26.951462,25.21306,85.411125,3.600089,8.133537
23.0,122.0,2020-09-01,2020-09-20,19,51,26.011274,27.02864,25.224396,84.309944,3.763042,6.401037
23.0,122.0,2020-09-01,2020-09-21,20,51,26.055431,27.056847,25.227325,83.90874,4.1357775,8.497425
23.0,122.0,2020-09-01,2020-09-22,21,51,26.00737,26.913277,25.255213,84.17193,4.0208807,7.6883745
23.0,122.0,2020-09-01,2020-09-23,22,51,25.974602,26.961004,25.23706,83.695206,4.42727,9.181601
23.0,122.0,2020-09-01,2020-09-24,23,51,25.927208,26.848818,25.250484,83.36609,4.8963575,11.177916
23.0,122.0,2020-09-01,2020-09-25,24,51,25.870792,26.803898,25.11531,83.456116,5.2234707,10.649759
23.0,122.0,2020-09-01,2020-09-26,25,51,25.80561,26.720024,25.158554,83.425934,5.2210255,9.715782
23.0,122.0,2020-09-01,2020-09-27,26,51,25.745995,26.647999,25.04224,83.091125,5.165263,10.42375
23.0,122.0,2020-09-01,2020-09-28,27,51,25.734497,26.609226,25.067413,83.37741,4.981385,11.292765
23.0,122.0,2020-09-01,2020-09-29,28,51,25.755167,26.553226,25.092827,83.71449,5.2302265,13.224808
23.0,122.0,2020-09-01,2020-09-30,29,51,25.648264,26.518463,24.93026,84.07866,5.3254075,14.30821
23.0,122.0,2020-09-01,2020-10-01,30,51,25.577482,26.382214,24.8997,84.22985,5.5470986,15.251623
23.0,122.0,2020-09-01,2020-10-02,31,51,25.584206,26.50439,24.820274,84.24278,5.7810783,14.653736
23.0,122.0,2020-09-01,2020-10-03,32,51,25.593302,26.420383,24.905867,84.796005,5.9941616,16.038202
23.0,122.0,2020-09-01,2020-10-04,33,51,25.474459,26.292683,24.768541,85.028625,6.1227913,17.738771
23.0,122.0,2020-09-01,2020-10-05,34,51,25.461117,26.298105,24.791904,84.05278,5.9784727,16.995028
23.0,122.0,2020-09-01,2020-10-06,35,51,25.50737,26.348265,24.828217,84.21669,5.5159082,15.253505
23.0,122.0,2020-09-01,2020-10-07,36,51,25.438524,26.30768,24.72268,84.36641,5.4012165,11.848291
23.0,122.0,2020-09-01,2020-10-08,37,51,25.31277,26.173313,24.624107,84.24541,5.7653685,12.880865
23.0,122.0,2020-09-01,2020-10-09,38,51,25.28606,26.104908,24.582249,84.11804,6.1787233,13.161005
23.0,122.0,2020-09-01,2020-10-10,39,51,25.216179,26.097935,24.517445,83.463295,6.5927033,15.186941
23.0,122.0,2020-09-01,2020-10-11,40,51,25.185884,26.006342,24.505993,84.2182,6.720599,20.003977
23.0,122.0,2020-09-01,2020-10-12,41,51,25.130108,25.990524,24.427483,84.204025,6.5709734,15.951628
23.0,122.0,2020-09-01,2020-10-13,42,51,24.927881,25.686344,24.286325,84.63309,6.4686537,15.545416
23.0,122.0,2020-09-01,2020-10-14,43,51,25.054527,25.903458,24.352549,84.04242,6.6591387,15.858206
23.0,122.0,2020-09-01,2020-10-15,44,51,25.058716,25.942436,24.311642,83.86389,6.625963,12.283375
23.0,122.0,2020-09-01,2020-10-16,45,51,24.87967,25.720882,24.18116,83.83906,6.3718834,10.710636
23.0,122.0,2020-09-01,2020-10-17,46,51,24.820724,25.721804,24.082043,83.54062,6.646778,12.261154
23.0,122.0,2020-09-01,2020-10-18,47,51,24.55344,25.35952,23.880058,83.888565,7.382659,20.1496
23.0,122.0,2020-09-01,2020-10-19,48,51,24.513027,25.204609,23.922838,84.23251,7.196969,26.113129
23.0,122.0,2020-09-01,2020-10-20,49,51,24.59538,25.398815,23.942303,84.25807,6.836412,16.938837
23.0,122.0,2020-09-01,2020-10-21,50,51,24.471785,25.256937,23.783123,84.56957,7.0821295,20.862577
23.0,122.0,2020-09-01,2020-10-22,51,51,24.284132,25.022234,23.671223,83.954346,6.636158,18.147903
23.0,122.0,2020-09-01,2020-10-23,52,51,24.158726,24.902264,23.550695,82.850174,7.0106277,16.527054
23.0,122.0,2020-09-01,2020-10-24,53,51,24.115543,24.836613,23.52819,82.06811,7.105836,14.1611185
23.0,122.0,2020-09-01,2020-10-25,54,51,24.08602,24.898438,23.446663,80.894485,7.0580206,10.288689
23.0,122.0,2020-09-01,2020-10-26,55,51,24.132748,24.974129,23.434652,81.95112,6.846735,12.835064
23.0,122.0,2020-09-01,2020-10-27,56,51,24.04631,24.865742,23.39542,82.48538,6.7187066,12.02275
23.0,122.0,2020-09-01,2020-10-28,57,51,23.847515,24.645988,23.133656,82.04708,6.9273233,10.310066
23.0,122.0,2020-09-01,2020-10-29,58,51,23.669022,24.518536,22.96731,81.48773,6.973325,11.027685
23.0,122.0,2020-09-01,2020-10-30,59,51,23.567604,24.350727,22.926416,81.61371,6.566353,11.498384
23.0,122.0,2020-09-01,2020-10-31,60,51,23.59525,24.36766,22.96262,81.518295,6.5088167,9.733808
23.0,122.0,2020-09-01,2020-11-01,61,51,23.6737,24.557442,22.945282,81.27707,6.6482906,8.203552
23.0,122.0,2020-09-01,2020-11-02,62,51,23.387772,24.155537,22.694633,81.7249,7.131694,13.222395
23.0,122.0,2020-09-01,2020-11-03,63,51,23.276472,24.154613,22.594658,80.10393,7.405332,10.50815
23.0,122.0,2020-09-01,2020-11-04,64,51,23.251099,24.123337,22.528513,80.816345,7.09809,9.590506
23.0,122.0,2020-09-01,2020-11-05,65,51,23.183372,23.980732,22.523947,82.19641,7.0779214,9.329817
23.0,122.0,2020-09-01,2020-11-06,66,51,23.145452,23.943087,22.472506,81.93262,7.3492994,9.291084
23.0,122.0,2020-09-01,2020-11-07,67,51,23.081326,23.856728,22.434025,80.862015,6.9785585,10.99292
23.0,122.0,2020-09-01,2020-11-08,68,51,23.015175,23.846344,22.356081,79.99143,6.9599543,8.037928
23.0,122.0,2020-09-01,2020-11-09,69,51,23.034998,23.96601,22.30489,80.17589,6.999962,7.6967964
23.0,122.0,2020-09-01,2020-11-10,70,51,22.908974,23.805262,22.19389,81.06716,7.182503,8.180891
23.0,122.0,2020-09-01,2020-11-11,71,51,22.727352,23.533583,22.03714,80.49671,7.407529,8.556244
23.0,122.0,2020-09-01,2020-11-12,72,51,22.521347,23.368477,21.828167,80.22126,7.3541107,9.469053
23.0,122.0,2020-09-01,2020-11-13,73,51,22.584969,23.424404,21.900211,80.8233,6.8536425,8.096313
23.0,122.0,2020-09-01,2020-11-14,74,51,22.490442,23.335701,21.728506,81.31995,7.1540384,7.554825
23.0,122.0,2020-09-01,2020-11-15,75,51,22.154663,23.018246,21.37494,81.18565,7.68806,7.872447
23.0,122.0,2020-09-01,2020-11-16,76,51,21.976395,22.825642,21.211926,80.16036,7.9192085,11.180968
23.0,122.0,2020-09-01,2020-11-17,77,51,21.889954,22.687738,21.137672,79.61783,7.6370716,11.940982
23.0,122.0,2020-09-01,2020-11-18,78,51,21.918785,22.7409,21.228771,79.5622,6.817752,10.162295
23.0,122.0,2020-09-01,2020-11-19,79,51,22.021156,22.968477,21.271029,79.59537,6.3860493,6.566526
23.0,122.0,2020-09-01,2020-11-20,80,51,21.701447,22.586565,20.912197,78.825714,7.470804,5.3670006
23.0,122.0,2020-09-01,2020-11-21,81,51,21.553925,22.437275,20.857864,78.38127,7.1844406,4.3785114
23.0,122.0,2020-09-01,2020-11-22,82,51,21.7799,22.555471,21.107452,79.964294,6.9243755,7.540905
23.0,122.0,2020-09-01,2020-11-23,83,51,21.727608,22.60019,20.92395,79.78879,7.169816,7.20707
23.0,122.0,2020-09-01,2020-11-24,84,51,21.584595,22.471966,20.821737,80.443726,7.296631,7.1973906
23.0,122.0,2020-09-01,2020-11-25,85,51,21.550163,22.396135,20.8624,80.9467,7.5942745,7.3192263
23.0,122.0,2020-09-01,2020-11-26,86,51,21.491684,22.288883,20.762833,79.94591,7.6236897,8.906089
23.0,122.0,2020-09-01,2020-11-27,87,51,21.29063,22.15646,20.547047,80.14597,7.598219,8.32736
23.0,122.0,2020-09-01,2020-11-28,88,51,21.293766,22.115803,20.58762,80.50132,7.458574,8.740479
23.0,122.0,2020-09-01,2020-11-29,89,51,21.191359,22.007818,20.50971,79.833664,7.543407,8.270205
23.0,122.0,2020-09-01,2020-11-30,90,51,21.13728,21.97127,20.422024,79.34128,7.1684513,9.114927
23.0,122.0,2020-09-01,2020-12-01,91,51,21.113373,21.907604,20.393456,80.243484,7.0566316,9.136744
23.0,122.0,2020-09-01,2020-12-02,92,51,21.215422,22.027514,20.508698,80.33305,6.920587,6.0435877
23.0,122.0,2020-09-01,2020-12-03,93,51,21.064793,22.00149,20.277279,80.22896,7.214883,5.7968774
23.0,122.0,2020-09-01,2020-12-04,94,51,20.677366,21.586351,19.901237,79.641975,7.710454,5.931551
23.0,122.0,2020-09-01,2020-12-05,95,51,20.382536,21.226974,19.614609,78.79906,7.741948,5.3974133
23.0,122.0,2020-09-01,2020-12-06,96,51,20.511223,21.376059,19.764423,78.45526,6.8512926,5.165596
23.0,122.0,2020-09-01,2020-12-07,97,51,20.7003,21.556679,20.054752,79.43251,6.6817517,5.297143
23.0,122.0,2020-09-01,2020-12-08,98,51,20.41978,21.38454,19.584503,79.818344,7.299149,5.788735
23.0,122.0,2020-09-01,2020-12-09,99,51,20.12302,20.942093,19.423677,78.75531,7.689789,4.404249
23.0,122.0,2020-09-01,2020-12-10,100,51,20.130424,20.934574,19.446878,78.59126,7.2990036,7.637556
23.0,122.0,2020-09-01,2020-12-11,101,51,20.310429,21.172897,19.598034,79.03874,6.5661716,7.3887796
23.0,122.0,2020-09-01,2020-12-12,102,51,20.284376,21.24535,19.450336,78.90184,6.678912,4.2542095
23.0,122.0,2020-09-01,2020-12-13,103,51,19.957277,20.778168,19.231419,78.27022,7.1504993,4.2371497
23.0,122.0,2020-09-01,2020-12-14,104,51,20.000183,20.805513,19.355677,78.626915,6.7298203,4.6457458
23.0,122.0,2020-09-01,2020-12-15,105,51,19.952745,20.797947,19.26155,79.31885,6.8532085,4.7734194
23.0,122.0,2020-09-01,2020-12-16,106,51,19.870382,20.89856,18.988317,78.313324,6.8490863,4.378643
23.0,122.0,2020-09-01,2020-12-17,107,51,19.550055,20.47498,18.607605,78.38103,6.91139,4.849697
23.0,122.0,2020-09-01,2020-12-18,108,51,19.41103,20.355675,18.554806,78.19513,6.6109395,5.3537703
23.0,122.0,2020-09-01,2020-12-19,109,51,19.363289,20.168179,18.629768,79.50027,6.7325554,7.41715
23.0,122.0,2020-09-01,2020-12-20,110,51,19.348272,20.270498,18.53127,79.02128,6.6750727,5.688488
23.0,122.0,2020-09-01,2020-12-21,111,51,19.288727,20.261269,18.46423,78.40551,6.5207844,4.9647455
23.0,122.0,2020-09-01,2020-12-22,112,51,19.140926,20.127584,18.30241,78.72073,6.6513233,5.895562
23.0,122.0,2020-09-01,2020-12-23,113,51,18.965782,19.816555,18.103502,78.28926,7.187741,5.4436703
23.0,122.0,2020-09-01,2020-12-24,114,51,18.787683,19.698845,17.974293,77.853424,7.190089,6.5128694
23.0,122.0,2020-09-01,2020-12-25,115,51,18.608524,19.709156,17.579094,77.484665,7.2671123,5.4831324
23.0,122.0,2020-09-01,2020-12-26,116,51,18.425901,19.40678,17.602926,77.2744,6.9371786,4.012309
23.0,122.0,2020-09-01,2020-12-27,117,51,18.418098,19.397738,17.590843,77.48264,6.6730165,4.710233
23.0,122.0,2020-09-01,2020-12-28,118,51,18.488205,19.4055,17.688025,77.53476,6.6750135,4.785963
23.0,122.0,2020-09-01,2020-12-29,119,51,18.701588,19.577232,17.910442,77.982506,6.4092264,4.3178444
23.0,122.0,2020-09-01,2020-12-30,120,51,18.935303,19.941496,18.073563,78.518906,6.2865868,4.93789
23.0,122.0,2020-09-01,2020-12-31,121,51,18.629364,19.596603,17.785894,78.63994,6.7371807,4.664065
23.0,122.0,2020-09-01,2021-01-01,122,51,18.755568,19.706175,18.01516,77.8613,5.912013,4.495035
23.0,122.0,2020-09-01,2021-01-02,123,51,18.91948,19.829117,18.057953,78.96141,6.036173,6.924918
23.0,122.0,2020-09-01,2021-01-03,124,51,18.632687,19.529083,17.783941,79.490456,6.7363625,7.0925198
23.0,122.0,2020-09-01,2021-01-04,125,51,18.400297,19.267622,17.67411,78.49022,6.7258606,5.647203
23.0,122.0,2020-09-01,2021-01-05,126,51,18.486393,19.440514,17.655224,78.49892,6.2607737,5.220724
23.0,122.0,2020-09-01,2021-01-06,127,51,18.535309,19.567347,17.608845,78.50348,6.4101086,5.4867277
23.0,122.0,2020-09-01,2021-01-07,128,51,18.291828,19.27235,17.467894,78.55426,7.025933,6.158993
23.0,122.0,2020-09-01,2021-01-08,129,51,18.021048,18.927258,17.151917,77.61742,7.0073586,5.4715776
23.0,122.0,2020-09-01,2021-01-09,130,51,17.99716,18.930883,17.18245,78.33739,6.557358,5.430814
23.0,122.0,2020-09-01,2021-01-10,131,51,18.040483,18.935896,17.237679,78.37432,6.5636034,4.9192705
23.0,122.0,2020-09-01,2021-01-11,132,51,18.053913,18.97176,17.281647,78.35829,6.4126434,4.6801896
23.0,122.0,2020-09-01,2021-01-12,133,51,18.230808,19.219044,17.411636,77.646454,6.212774,4.044429
23.0,122.0,2020-09-01,2021-01-13,134,51,18.230452,19.318468,17.302177,78.21405,6.25122,4.6326847
23.0,122.0,2020-09-01,2021-01-14,135,51,17.940062,18.968887,17.030228,78.09392,6.711254,5.561614
23.0,122.0,2020-09-01,2021-01-15,136,51,17.911526,18.908833,16.98146,77.062225,6.1688223,4.683572
23.0,122.0,2020-09-01,2021-01-16,137,51,18.13833,19.109505,17.338652,77.350296,5.558377,5.0387287
23.0,122.0,2020-09-01,2021-01-17,138,51,18.455399,19.435326,17.632404,77.86406,5.8359394,5.560188
23.0,122.0,2020-09-01,2021-01-18,139,51,18.55267,19.512684,17.735102,78.48277,5.9703183,7.746089
23.0,122.0,2020-09-01,2021-01-19,140,51,18.567642,19.453098,17.756264,78.8651,5.927471,7.1901217
23.0,122.0,2020-09-01,2021-01-20,141,51,18.632973,19.681732,17.7425,77.884796,5.6316833,4.115756
23.0,122.0,2020-09-01,2021-01-21,142,51,18.395369,19.502838,17.43169,77.45645,5.792179,4.405225
23.0,122.0,2020-09-01,2021-01-22,143,51,18.258972,19.246494,17.457056,77.91539,5.7862654,6.573865
23.0,122.0,2020-09-01,2021-01-23,144,51,18.224327,19.24279,17.349562,78.703064,5.8348813,6.240396
23.0,122.0,2020-09-01,2021-01-24,145,51,18.123907,19.191053,17.266531,78.42954,5.7887297,5.507943
23.0,122.0,2020-09-01,2021-01-25,146,51,18.11921,19.13824,17.2144,78.19737,5.7787557,4.8204775
23.0,122.0,2020-09-01,2021-01-26,147,51,18.14904,19.221207,17.21835,77.67859,5.30538,5.6231036
23.0,122.0,2020-09-01,2021-01-27,148,51,18.122108,19.209076,17.14967,78.46074,5.570112,6.546467
23.0,122.0,2020-09-01,2021-01-28,149,51,18.023026,19.063202,17.137157,78.71431,5.9845123,5.7784414
23.0,122.0,2020-09-01,2021-01-29,150,51,17.916254,18.988216,17.03793,78.811584,5.975358,5.7107124
23.0,122.0,2020-09-01,2021-01-30,151,51,17.897594,18.856167,17.105127,78.38031,6.047799,4.99829
23.0,122.0,2020-09-01,2021-01-31,152,51,17.959942,19.000854,17.056433,77.44867,6.0777473,4.3665633
24.0,120.0,2020-09-01,2020-09-01,0,51,27.685747,28.331121,27.036127,85.34877,4.288454,0.0
24.0,120.0,2020-09-01,2020-09-02,1,51,28.03976,29.139997,27.0511,85.41601,4.9400034,5.132826
24.0,120.0,2020-09-01,2020-09-03,2,51,27.14044,28.165987,26.335081,87.5936,2.3129876,5.8607864
24.0,120.0,2020-09-01,2020-09-04,3,51,27.201746,28.148462,26.506363,84.87769,3.703556,2.5649874
24.0,120.0,2020-09-01,2020-09-05,4,51,27.07169,27.951742,26.336048,81.50568,5.5700326,2.7886226
24.0,120.0,2020-09-01,2020-09-06,5,51,26.820389,27.79605,26.0363,75.886536,4.474389,0.7776235
24.0,120.0,2020-09-01,2020-09-07,6,51,27.015434,28.173737,26.175499,76.01595,2.3438666,2.0360708
24.0,120.0,2020-09-01,2020-09-08,7,51,27.0489,28.06971,26.267654,80.37185,2.496403,3.2452612
24.0,120.0,2020-09-01,2020-09-09,8,51,26.932598,27.855177,26.1757,81.73794,3.1579278,4.20698
24.0,120.0,2020-09-01,2020-09-10,9,51,26.95217,27.848099,26.30512,81.38584,3.4815161,4.0070305
24.0,120.0,2020-09-01,2020-09-11,10,51,27.195004,28.202196,26.485521,81.98449,3.1441672,3.482727
24.0,120.0,2020-09-01,2020-09-12,11,51,27.351538,28.442263,26.548717,82.991425,3.2868605,4.3182073
24.0,120.0,2020-09-01,2020-09-13,12,51,27.353668,28.350908,26.63316,83.82004,3.0336375,5.785412
24.0,120.0,2020-09-01,2020-09-14,13,51,27.394863,28.449722,26.641365,84.05154,2.8519742,5.0276155
24.0,120.0,2020-09-01,2020-09-15,14,51,27.500978,28.538277,26.757896,83.81364,3.0929508,4.6027236
24.0,120.0,2020-09-01,2020-09-16,15,51,27.603832,28.634703,26.824663,84.335075,3.3312647,4.9648166
24.0,120.0,2020-09-01,2020-09-17,16,51,27.636547,28.721687,26.809025,84.59031,3.0808518,4.416591
24.0,120.0,2020-09-01,2020-09-18,17,51,27.578398,28.657734,26.771317,84.11399,3.4056716,3.7924187
24.0,120.0,2020-09-01,2020-09-19,18,51,27.48539,28.485682,26.689106,83.493286,4.057151,4.4513497
24.0,120.0,2020-09-01,2020-09-20,19,51,27.358374,28.367006,26.623074,83.05703,4.506123,4.0111666
24.0,120.0,2020-09-01,2020-09-21,20,51,27.387693,28.404478,26.555563,82.86334,4.7364287,3.4686313
24.0,120.0,2020-09-01,2020-09-22,21,51,27.343481,28.40671,26.583855,82.43999,4.8146734,2.3742485
24.0,120.0,2020-09-01,2020-09-23,22,51,27.368443,28.425196,26.59401,82.18987,5.4417176,3.27546
24.0,120.0,2020-09-01,2020-09-24,23,51,27.27598,28.272867,26.515175,81.55808,5.88376,4.242718
24.0,120.0,2020-09-01,2020-09-25,24,51,27.190655,28.251354,26.381922,81.297325,5.9439926,3.8269618
24.0,120.0,2020-09-01,2020-09-26,25,51,27.178946,28.208103,26.439625,80.81373,5.995132,4.068568
24.0,120.0,2020-09-01,2020-09-27,26,51,27.044294,28.060986,26.319477,81.04207,6.0217457,3.108627
24.0,120.0,2020-09-01,2020-09-28,27,51,27.004627,27.980602,26.25766,81.58247,6.0832586,3.282999
24.0,120.0,2020-09-01,2020-09-29,28,51,26.985546,27.96901,26.256899,81.800415,6.5384054,3.52823
24.0,120.0,2020-09-01,2020-09-30,29,51,26.85482,27.720959,26.179808,82.242935,6.6808524,4.992141
24.0,120.0,2020-09-01,2020-10-01,30,51,26.793825,27.709639,26.101412,82.0258,6.883791,6.1237707
24.0,120.0,2020-09-01,2020-10-02,31,51,26.733463,27.719774,25.981342,81.94686,7.2515125,6.316681
24.0,120.0,2020-09-01,2020-10-03,32,51,26.671148,27.506607,25.991293,82.53885,8.018902,4.3977757
24.0,120.0,2020-09-01,2020-10-04,33,51,26.513008,27.392237,25.821695,82.14655,8.4062605,4.7970843
24.0,120.0,2020-09-01,2020-10-05,34,51,26.411999,27.273542,25.798534,81.99359,7.9358006,5.5596023
24.0,120.0,2020-09-01,2020-10-06,35,51,26.475784,27.369278,25.793451,82.633255,7.2017174,6.010818
24.0,120.0,2020-09-01,2020-10-07,36,51,26.420155,27.284294,25.77014,82.90722,7.2488937,4.889156
24.0,120.0,2020-09-01,2020-10-08,37,51,26.408674,27.320734,25.750504,82.2044,7.6878023,3.527542
24.0,120.0,2020-09-01,2020-10-09,38,51,26.362154,27.302855,25.637232,81.75482,8.0900545,3.1097486
24.0,120.0,2020-09-01,2020-10-10,39,51,26.122595,26.953451,25.427303,81.200005,9.009513,3.6563838
24.0,120.0,2020-09-01,2020-10-11,40,51,26.05122,26.926239,25.387201,81.04762,9.088495,5.428561
24.0,120.0,2020-09-01,2020-10-12,41,51,25.910175,26.731674,25.255943,81.54763,8.906688,3.5304308
24.0,120.0,2020-09-01,2020-10-13,42,51,25.966972,26.803562,25.312687,81.33766,8.543953,3.1307714
24.0,120.0,2020-09-01,2020-10-14,43,51,25.88541,26.732124,25.212427,81.83551,8.809958,4.5593176
24.0,120.0,2020-09-01,2020-10-15,44,51,25.810112,26.696987,25.170805,81.356,9.203924,3.608797
24.0,120.0,2020-09-01,2020-10-16,45,51,25.593012,26.460335,24.901674,81.62986,9.237973,2.636043
24.0,120.0,2020-09-01,2020-10-17,46,51,25.532858,26.385098,24.83794,81.07233,9.412907,2.6155329
24.0,120.0,2020-09-01,2020-10-18,47,51,25.343018,26.158955,24.729458,80.29284,10.2938795,2.0310092
24.0,120.0,2020-09-01,2020-10-19,48,51,25.276674,26.071844,24.642138,80.931335,10.274631,3.6341236
24.0,120.0,2020-09-01,2020-10-20,49,51,25.21936,26.018002,24.5587,81.12565,9.67521,3.3509603
24.0,120.0,2020-09-01,2020-10-21,50,51,24.897896,25.723589,24.241747,80.516624,10.551175,4.499508
24.0,120.0,2020-09-01,2020-10-22,51,51,24.707949,25.544817,23.981041,80.49877,10.306843,3.145298
24.0,120.0,2020-09-01,2020-10-23,52,51,24.633144,25.382736,24.020523,79.892654,10.546227,2.5387182
24.0,120.0,2020-09-01,2020-10-24,53,51,24.620749,25.39522,24.01828,79.93514,9.969322,2.894673
24.0,120.0,2020-09-01,2020-10-25,54,51,24.562334,25.450344,23.915384,79.55626,9.439356,2.012607
24.0,120.0,2020-09-01,2020-10-26,55,51,24.61105,25.489815,23.919008,80.01829,9.33796,2.2435377
24.0,120.0,2020-09-01,2020-10-27,56,51,24.402412,25.250114,23.709105,80.72975,9.562233,2.0334961
24.0,120.0,2020-09-01,2020-10-28,57,51,24.10558,24.910357,23.435436,80.23359,9.71583,1.4021624
24.0,120.0,2020-09-01,2020-10-29,58,51,23.997334,24.825438,23.321445,79.834595,9.873699,1.7821921
24.0,120.0,2020-09-01,2020-10-30,59,51,23.919968,24.735672,23.32517,80.26921,9.302909,1.9491036
24.0,120.0,2020-09-01,2020-10-31,60,51,23.994429,24.809467,23.37357,80.373344,9.035398,1.8584125
24.0,120.0,2020-09-01,2020-11-01,61,51,24.102062,25.017975,23.437393,80.12574,9.184034,0.99281746
24.0,120.0,2020-09-01,2020-11-02,62,51,23.866323,24.82334,23.088654,79.42788,9.349328,2.175514
24.0,120.0,2020-09-01,2020-11-03,63,51,23.497171,24.409807,22.8016,79.71964,9.405237,2.4237096
24.0,120.0,2020-09-01,2020-11-04,64,51,23.552845,24.469711,22.844566,80.023575,9.2380705,4.1166763
24.0,120.0,2020-09-01,2020-11-05,65,51,23.485123,24.279392,22.856482,80.696365,9.459642,2.4569154
24.0,120.0,2020-09-01,2020-11-06,66,51,23.48102,24.347921,22.762148,79.72919,9.725085,1.3944286
24.0,120.0,2020-09-01,2020-11-07,67,51,23.331964,24.208092,22.631021,79.40245,9.510981,1.1530387
24.0,120.0,2020-09-01,2020-11-08,68,51,23.25526,24.10594,22.610697,79.534775,8.983621,1.5705582
24.0,120.0,2020-09-01,2020-11-09,69,51,23.21789,24.194653,22.430803,79.76649,8.739459,1.7278229
24.0,120.0,2020-09-01,2020-11-10,70,51,22.985538,23.897064,22.255936,80.19156,9.450619,2.0783923
24.0,120.0,2020-09-01,2020-11-11,71,51,22.981466,23.951813,22.213352,79.37434,9.184052,1.9643469
24.0,120.0,2020-09-01,2020-11-12,72,51,22.763521,23.71968,22.027025,79.42278,8.818845,2.0434027
24.0,120.0,2020-09-01,2020-11-13,73,51,22.693686,23.554205,21.932705,80.1945,8.996411,2.6142328
24.0,120.0,2020-09-01,2020-11-14,74,51,22.486095,23.444597,21.650194,79.996666,9.679423,3.609619
24.0,120.0,2020-09-01,2020-11-15,75,51,22.112017,22.97596,21.355556,79.57295,10.226106,2.4355042
24.0,120.0,2020-09-01,2020-11-16,76,51,22.036116,22.869198,21.32776,78.28331,10.28303,1.4166167
24.0,120.0,2020-09-01,2020-11-17,77,51,21.860792,22.694473,21.165396,77.87847,9.954682,2.1737926
24.0,120.0,2020-09-01,2020-11-18,78,51,21.910156,22.734175,21.210264,79.349434,9.264723,2.6726496
24.0,120.0,2020-09-01,2020-11-19,79,51,21.858635,22.779684,21.09707,79.5986,9.285247,2.3902838
24.0,120.0,2020-09-01,2020-11-20,80,51,21.650688,22.60037,20.854622,77.584785,9.436926,1.3856453
24.0,120.0,2020-09-01,2020-11-21,81,51,21.673029,22.621264,20.987715,78.15096,8.78623,0.93708545
24.0,120.0,2020-09-01,2020-11-22,82,51,21.870245,22.881247,21.099007,79.16213,8.898883,1.8079635
24.0,120.0,2020-09-01,2020-11-23,83,51,21.62343,22.586588,20.780825,79.24802,9.378787,1.9721099
24.0,120.0,2020-09-01,2020-11-24,84,51,21.44614,22.370605,20.648195,79.32442,9.7728,2.0593355
24.0,120.0,2020-09-01,2020-11-25,85,51,21.486795,22.359848,20.73031,79.28073,9.838048,1.8670756
24.0,120.0,2020-09-01,2020-11-26,86,51,21.445763,22.403736,20.632736,79.28267,9.884338,1.5482552
24.0,120.0,2020-09-01,2020-11-27,87,51,21.342201,22.280216,20.546255,79.23351,9.385759,2.408421
24.0,120.0,2020-09-01,2020-11-28,88,51,21.261627,22.133472,20.478128,79.27096,9.385977,2.5120664
24.0,120.0,2020-09-01,2020-11-29,89,51,21.120577,22.065376,20.36017,79.46786,9.30886,2.3084626
24.0,120.0,2020-09-01,2020-11-30,90,51,20.979204,21.889254,20.191912,79.3979,9.32814,2.75181
24.0,120.0,2020-09-01,2020-12-01,91,51,21.096098,22.00505,20.259512,79.67923,9.432275,1.7922825
24.0,120.0,2020-09-01,2020-12-02,92,51,21.01606,21.848494,20.303492,79.62456,9.32484,1.8783536
24.0,120.0,2020-09-01,2020-12-03,93,51,20.680723,21.640867,19.850468,79.696144,9.824333,1.9714215
24.0,120.0,2020-09-01,2020-12-04,94,51,20.346437,21.232672,19.556192,78.88135,10.135816,1.2820327
24.0,120.0,2020-09-01,2020-12-05,95,51,20.210184,21.12904,19.443707,78.473724,9.687909,0.93952346
24.0,120.0,2020-09-01,2020-12-06,96,51,20.316883,21.26448,19.461283,79.13602,8.682583,1.731308
24.0,120.0,2020-09-01,2020-12-07,97,51,20.228832,21.067423,19.48085,79.83722,9.121062,1.0308231
24.0,120.0,2020-09-01,2020-12-08,98,51,19.96298,20.878359,19.19456,78.691536,9.817177,0.62012887
24.0,120.0,2020-09-01,2020-12-09,99,51,19.73447,20.60193,18.926104,77.79116,9.944511,1.1071445
24.0,120.0,2020-09-01,2020-12-10,100,51,19.838865,20.696968,19.15117,78.63206,9.194096,2.2470138
24.0,120.0,2020-09-01,2020-12-11,101,51,19.833012,20.676945,19.114256,79.65114,8.831768,1.8112658
24.0,120.0,2020-09-01,2020-12-12,102,51,19.711384,20.65231,18.918766,78.97727,9.208763,1.1365818
24.0,120.0,2020-09-01,2020-12-13,103,51,19.390312,20.26496,18.569065,78.6942,9.544969,1.6238852
24.0,120.0,2020-09-01,2020-12-14,104,51,19.445337,20.251486,18.747936,79.21529,9.259323,2.1728327
24.0,120.0,2020-09-01,2020-12-15,105,51,19.312859,20.18479,18.61355,79.188416,9.199067,2.9859746
24.0,120.0,2020-09-01,2020-12-16,106,51,19.115301,19.985012,18.33643,78.67936,9.089202,1.4440577
24.0,120.0,2020-09-01,2020-12-17,107,51,18.79989,19.748154,17.976374,78.37275,9.06308,1.1489028
24.0,120.0,2020-09-01,2020-12-18,108,51,18.750593,19.677591,17.903088,78.17942,8.848214,1.6313102
24.0,120.0,2020-09-01,2020-12-19,109,51,18.744415,19.551683,18.039455,78.760635,8.97482,2.6854987
24.0,120.0,2020-09-01,2020-12-20,110,51,18.80309,19.709675,17.960213,78.871086,9.179332,2.662585
24.0,120.0,2020-09-01,2020-12-21,111,51,18.576488,19.513424,17.778482,79.30214,8.831277,1.4928048
24.0,120.0,2020-09-01,2020-12-22,112,51,18.47076,19.352842,17.644766,79.203316,9.083201,2.2800047
24.0,120.0,2020-09-01,2020-12-23,113,51,18.320694,19.24557,17.450254,78.058586,9.447526,2.368766
24.0,120.0,2020-09-01,2020-12-24,114,51,18.089762,19.004717,17.292492,78.40058,9.712493,3.3872294
24.0,120.0,2020-09-01,2020-12-25,115,51,17.682526,18.618086,16.857723,78.115524,9.392497,2.3843727
24.0,120.0,2020-09-01,2020-12-26,116,51,17.663342,18.60081,16.738947,77.535255,9.090662,1.3461252
24.0,120.0,2020-09-01,2020-12-27,117,51,17.76506,18.668974,17.001463,77.6369,8.677893,1.5941838
24.0,120.0,2020-09-01,2020-12-28,118,51,17.896765,18.84289,17.072891,77.93071,8.838632,1.2927486
24.0,120.0,2020-09-01,2020-12-29,119,51,18.182575,19.06392,17.480227,78.248245,8.426043,0.9224707
24.0,120.0,2020-09-01,2020-12-30,120,51,18.055264,19.132933,17.13437,79.11835,8.719018,1.6931772
24.0,120.0,2020-09-01,2020-12-31,121,51,17.656366,18.613007,16.822582,78.65042,8.945934,3.0340552
24.0,120.0,2020-09-01,2021-01-01,122,51,17.860806,18.81189,17.031712,78.933044,8.209876,3.030379
24.0,120.0,2020-09-01,2021-01-02,123,51,17.974836,18.910337,17.134773,79.92161,8.492893,2.410891
24.0,120.0,2020-09-01,2021-01-03,124,51,17.733759,18.607334,17.006536,79.41341,9.504032,2.8647685
24.0,120.0,2020-09-01,2021-01-04,125,51,17.55551,18.484268,16.704641,79.19042,9.122235,2.0017176
24.0,120.0,2020-09-01,2021-01-05,126,51,17.574873,18.506836,16.818773,79.49811,8.514466,1.4200709
24.0,120.0,2020-09-01,2021-01-06,127,51,17.443466,18.422043,16.656,80.10417,9.046715,2.6992493
24.0,120.0,2020-09-01,2021-01-07,128,51,17.253166,18.120285,16.470985,79.044334,9.250433,1.5592953
24.0,120.0,2020-09-01,2021-01-08,129,51,17.019892,17.859617,16.286184,78.84521,9.177602,2.1483605
24.0,120.0,2020-09-01,2021-01-09,130,51,17.005104,17.857077,16.26878,78.91845,8.951491,1.5013431
24.0,120.0,2020-09-01,2021-01-10,131,51,17.193632,18.088907,16.46087,78.82857,8.830194,1.0372237
24.0,120.0,2020-09-01,2021-01-11,132,51,17.192762,18.142485,16.384619,78.7433,8.626654,0.8954384
24.0,120.0,2020-09-01,2021-01-12,133,51,17.214035,18.16586,16.434572,78.93838,8.393891,1.0784909
24.0,120.0,2020-09-01,2021-01-13,134,51,17.054592,18.024103,16.165037,79.59899,8.598456,1.3407468
24.0,120.0,2020-09-01,2021-01-14,135,51,16.762579,17.733751,15.914548,78.85843,8.812581,2.1874645
24.0,120.0,2020-09-01,2021-01-15,136,51,16.898289,17.919199,16.032116,78.490036,8.282902,1.1571984
24.0,120.0,2020-09-01,2021-01-16,137,51,16.959688,17.957579,16.05206,79.6138,7.9143333,1.8886719
24.0,120.0,2020-09-01,2021-01-17,138,51,17.203333,18.01402,16.453964,79.82584,8.204898,2.2534482
24.0,120.0,2020-09-01,2021-01-18,139,51,17.485249,18.427517,16.754364,80.22317,8.285393,2.5400295
24.0,120.0,2020-09-01,2021-01-19,140,51,17.435972,18.291595,16.729883,80.175255,8.215228,2.071845
24.0,120.0,2020-09-01,2021-01-20,141,51,17.38648,18.368414,16.607336,80.33905,8.057221,2.0135672
24.0,120.0,2020-09-01,2021-01-21,142,51,17.28565,18.328108,16.451612,79.9155,7.8521676,1.8882791
24.0,120.0,2020-09-01,2021-01-22,143,51,17.257246,18.221708,16.38147,79.796005,7.806277,4.400185
24.0,120.0,2020-09-01,2021-01-23,144,51,17.26563,18.196976,16.457623,79.78844,7.8424287,1.7777603
24.0,120.0,2020-09-01,2021-01-24,145,51,17.158598,18.118198,16.350676,80.30924,7.918438,2.0789857
24.0,120.0,2020-09-01,2021-01-25,146,51,17.15762,18.044708,16.311129,79.806274,7.936939,1.8905137
24.0,120.0,2020-09-01,2021-01-26,147,51,17.256678,18.295822,16.415436,79.90951,7.2073016,2.9791481
24.0,120.0,2020-09-01,2021-01-27,148,51,17.118044,18.014399,16.30152,79.96595,7.912203,1.9039642
24.0,120.0,2020-09-01,2021-01-28,149,51,17.01546,17.932373,16.230143,79.27347,8.463795,1.418615
24.0,120.0,2020-09-01,2021-01-29,150,51,16.851568,17.806496,15.99663,79.056786,8.55712,1.8812621
24.0,120.0,2020-09-01,2021-01-30,151,51,16.806976,17.733404,16.017073,79.42622,8.562342,1.6562521
24.0,120.0,2020-09-01,2021-01-31,152,51,16.810888,17.754066,15.9879465,79.451385,8.503754,1.5748503
24.0,121.0,2020-09-01,2020-09-01,0,51,25.744818,27.146297,24.750668,85.46293,2.51569,0.0
24.0,121.0,2020-09-01,2020-09-02,1,51,26.270815,28.150211,24.628202,84.87439,2.8931162,4.2999296
24.0,121.0,2020-09-01,2020-09-03,2,51,25.294493,26.37577,24.30084,88.42211,1.2682741,10.424486
24.0,121.0,2020-09-01,2020-09-04,3,51,25.260576,26.469501,24.267803,86.483925,2.9399972,7.131054
24.0,121.0,2020-09-01,2020-09-05,4,51,25.119795,26.37162,24.047377,83.546555,3.7006226,7.711132
24.0,121.0,2020-09-01,2020-09-06,5,51,24.533295,26.091515,23.219154,80.18121,2.5900884,4.0923066
24.0,121.0,2020-09-01,2020-09-07,6,51,24.715183,26.331865,23.64382,80.02286,1.4788272,3.5850406
24.0,121.0,2020-09-01,2020-09-08,7,51,24.961342,26.438637,23.862751,83.2119,1.6734984,6.2762976
24.0,121.0,2020-09-01,2020-09-09,8,51,24.848549,26.139977,23.776257,84.1445,2.2062502,8.152889
24.0,121.0,2020-09-01,2020-09-10,9,51,24.859882,26.164051,23.976261,83.98971,2.5804179,6.854967
24.0,121.0,2020-09-01,2020-09-11,10,51,25.04406,26.446281,24.015713,84.52185,2.5123782,6.3911977
24.0,121.0,2020-09-01,2020-09-12,11,51,25.161995,26.68722,24.017332,85.18742,2.5004673,6.7495418
24.0,121.0,2020-09-01,2020-09-13,12,51,25.20212,26.691322,24.134354,85.97303,2.310597,8.798587
24.0,121.0,2020-09-01,2020-09-14,13,51,25.272957,26.78172,24.16222,86.04722,2.109905,6.5697083
24.0,121.0,2020-09-01,2020-09-15,14,51,25.375782,26.9068,24.206577,85.6379,2.1895545,5.780809
24.0,121.0,2020-09-01,2020-09-16,15,51,25.507145,27.065153,24.329994,85.97385,2.3207707,5.56025
24.0,121.0,2020-09-01,2020-09-17,16,51,25.511253,27.112476,24.273026,86.28054,2.2087488,5.6827707
24.0,121.0,2020-09-01,2020-09-18,17,51,25.451286,27.03751,24.264084,85.85813,2.4573677,6.7675757
24.0,121.0,2020-09-01,2020-09-19,18,51,25.364746,26.865454,24.196539,85.36555,2.9214802,6.665574
24.0,121.0,2020-09-01,2020-09-20,19,51,25.263374,26.851027,24.162687,84.67424,3.0511627,5.4828644
24.0,121.0,2020-09-01,2020-09-21,20,51,25.317633,26.882526,24.135641,84.4638,3.2921972,6.2464056
24.0,121.0,2020-09-01,2020-09-22,21,51,25.264236,26.831043,24.141481,84.308754,3.310062,4.9682174
24.0,121.0,2020-09-01,2020-09-23,22,51,25.24587,26.882177,24.12653,84.04563,3.6815917,6.9856157
24.0,121.0,2020-09-01,2020-09-24,23,51,25.153301,26.701584,24.075256,83.49544,3.9748945,7.7509117
24.0,121.0,2020-09-01,2020-09-25,24,51,25.106419,26.762249,23.922075,83.191025,4.127369,7.0117717
24.0,121.0,2020-09-01,2020-09-26,25,51,25.028488,26.624485,23.981462,83.04135,4.142187,7.216857
24.0,121.0,2020-09-01,2020-09-27,26,51,24.951004,26.509573,23.90015,82.968475,4.1313186,7.205119
24.0,121.0,2020-09-01,2020-09-28,27,51,24.909275,26.412525,23.872671,83.55338,4.129488,7.858555
24.0,121.0,2020-09-01,2020-09-29,28,51,24.927189,26.394608,23.881752,83.88471,4.293748,8.956196
24.0,121.0,2020-09-01,2020-09-30,29,51,24.803082,26.242659,23.762463,84.071594,4.4235353,9.058775
24.0,121.0,2020-09-01,2020-10-01,30,51,24.73119,26.146626,23.734844,83.860565,4.612693,12.214015
24.0,121.0,2020-09-01,2020-10-02,31,51,24.698874,26.179375,23.655485,83.74098,4.769719,11.911282
24.0,121.0,2020-09-01,2020-10-03,32,51,24.698502,26.074562,23.716644,84.44646,5.2325587,10.883266
24.0,121.0,2020-09-01,2020-10-04,33,51,24.552832,25.942837,23.554365,84.13637,5.5986443,12.102078
24.0,121.0,2020-09-01,2020-10-05,34,51,24.480177,25.877893,23.531937,83.76581,5.0989046,11.13973
24.0,121.0,2020-09-01,2020-10-06,35,51,24.545452,25.998985,23.524845,84.2603,4.5877943,10.912121
24.0,121.0,2020-09-01,2020-10-07,36,51,24.473862,25.916237,23.44686,84.53573,4.679557,9.751958
24.0,121.0,2020-09-01,2020-10-08,37,51,24.394533,25.833559,23.387949,83.95244,5.108307,8.957587
24.0,121.0,2020-09-01,2020-10-09,38,51,24.376537,25.866522,23.315567,83.10329,5.39075,8.3627205
24.0,121.0,2020-09-01,2020-10-10,39,51,24.15216,25.609798,23.129007,82.86899,5.83022,9.457137
24.0,121.0,2020-09-01,2020-10-11,40,51,24.106796,25.539331,23.137476,83.319954,5.942252,16.056393
24.0,121.0,2020-09-01,2020-10-12,41,51,24.038658,25.448402,23.04311,83.34634,5.7978973,11.64429
24.0,121.0,2020-09-01,2020-10-13,42,51,23.957537,25.335804,23.004555,83.56807,5.6642733,9.785394
24.0,121.0,2020-09-01,2020-10-14,43,51,23.96463,25.381947,22.973557,83.63475,5.853067,12.247639
24.0,121.0,2020-09-01,2020-10-15,44,51,23.955069,25.433876,22.91178,83.29077,5.9867496,9.578302
24.0,121.0,2020-09-01,2020-10-16,45,51,23.706553,25.191536,22.671135,83.64099,5.946248,7.556319
24.0,121.0,2020-09-01,2020-10-17,46,51,23.680826,25.200512,22.569803,82.758896,6.104147,7.599718
24.0,121.0,2020-09-01,2020-10-18,47,51,23.410683,24.777166,22.458843,82.431274,6.77001,10.755502
24.0,121.0,2020-09-01,2020-10-19,48,51,23.351717,24.637964,22.448475,83.272,6.5973024,18.21818
24.0,121.0,2020-09-01,2020-10-20,49,51,23.362663,24.711685,22.433071,83.456,6.1106787,11.755376
24.0,121.0,2020-09-01,2020-10-21,50,51,23.151403,24.464432,22.181087,82.88746,6.568655,15.691711
24.0,121.0,2020-09-01,2020-10-22,51,51,22.937094,24.270964,22.002756,82.854416,6.483264,12.390376
24.0,121.0,2020-09-01,2020-10-23,52,51,22.81093,24.10865,21.90312,82.02156,6.7283435,10.107748
24.0,121.0,2020-09-01,2020-10-24,53,51,22.776308,24.099022,21.859623,81.74265,6.423232,11.141325
24.0,121.0,2020-09-01,2020-10-25,54,51,22.711395,24.166622,21.735466,81.31256,6.1836247,7.7092924
24.0,121.0,2020-09-01,2020-10-26,55,51,22.802254,24.267612,21.814623,81.75073,6.0761156,9.61639
24.0,121.0,2020-09-01,2020-10-27,56,51,22.656685,24.069485,21.660275,82.43625,6.106037,7.653383
24.0,121.0,2020-09-01,2020-10-28,57,51,22.389704,23.769466,21.401636,82.09051,6.208521,7.1073236
24.0,121.0,2020-09-01,2020-10-29,58,51,22.206478,23.643574,21.216923,81.53615,6.2701774,7.390236
24.0,121.0,2020-09-01,2020-10-30,59,51,22.085976,23.429012,21.184256,82.186745,5.907664,6.7509623
24.0,121.0,2020-09-01,2020-10-31,60,51,22.143023,23.527683,21.205923,82.24304,5.722707,6.837042
24.0,121.0,2020-09-01,2020-11-01,61,51,22.272736,23.844498,21.197008,81.816124,5.909519,5.342167
24.0,121.0,2020-09-01,2020-11-02,62,51,21.974087,23.4338,20.929756,81.54164,6.167531,9.103874
24.0,121.0,2020-09-01,2020-11-03,63,51,21.6768,23.205242,20.644964,81.22906,6.104354,7.9671345
24.0,121.0,2020-09-01,2020-11-04,64,51,21.67378,23.155304,20.656925,81.54857,5.953589,7.624757
24.0,121.0,2020-09-01,2020-11-05,65,51,21.639986,22.990635,20.712257,82.38839,5.9592295,6.547982
24.0,121.0,2020-09-01,2020-11-06,66,51,21.641272,23.039652,20.668915,81.80461,6.3410673,6.1961517
24.0,121.0,2020-09-01,2020-11-07,67,51,21.529894,22.92551,20.586338,81.42319,6.0966744,7.5122433
24.0,121.0,2020-09-01,2020-11-08,68,51,21.441341,22.892202,20.504833,81.32071,5.859598,5.497476
24.0,121.0,2020-09-01,2020-11-09,69,51,21.412449,23.020006,20.332369,81.2734,5.7083654,5.0666237
24.0,121.0,2020-09-01,2020-11-10,70,51,21.205923,22.687046,20.16477,81.81311,6.0677752,5.766166
24.0,121.0,2020-09-01,2020-11-11,71,51,21.124842,22.678312,20.102417,81.09643,5.9415307,6.1502085
24.0,121.0,2020-09-01,2020-11-12,72,51,20.889614,22.456467,19.854408,81.22058,5.825595,6.9237766
24.0,121.0,2020-09-01,2020-11-13,73,51,20.893375,22.324867,19.85245,81.96352,5.7412834,6.182324
24.0,121.0,2020-09-01,2020-11-14,74,51,20.728142,22.179882,19.672348,81.8412,6.2629976,6.491069
24.0,121.0,2020-09-01,2020-11-15,75,51,20.362514,21.78116,19.29991,81.22269,6.6912727,5.6275024
24.0,121.0,2020-09-01,2020-11-16,76,51,20.2271,21.692516,19.198084,80.19665,6.777686,6.8719716
24.0,121.0,2020-09-01,2020-11-17,77,51,20.105417,21.518421,19.102722,79.75911,6.3978796,9.259447
24.0,121.0,2020-09-01,2020-11-18,78,51,20.134687,21.555689,19.183044,81.15524,5.8400545,8.753938
24.0,121.0,2020-09-01,2020-11-19,79,51,20.18166,21.748062,19.127182,81.07257,5.704852,6.0328536
24.0,121.0,2020-09-01,2020-11-20,80,51,19.861124,21.365177,18.780378,79.6985,6.0982766,4.4889865
24.0,121.0,2020-09-01,2020-11-21,81,51,19.77766,21.367527,18.751616,79.727264,5.7556434,2.8623981
24.0,121.0,2020-09-01,2020-11-22,82,51,20.006943,21.6007,18.983393,81.08283,5.72985,5.483187
24.0,121.0,2020-09-01,2020-11-23,83,51,19.847668,21.428768,18.68612,80.9488,5.962101,5.108561
24.0,121.0,2020-09-01,2020-11-24,84,51,19.691658,21.171726,18.653938,81.14336,6.2071514,4.9213305
24.0,121.0,2020-09-01,2020-11-25,85,51,19.720444,21.179478,18.736023,81.17767,6.2394514,5.539799
24.0,121.0,2020-09-01,2020-11-26,86,51,19.654026,21.107994,18.591015,80.93445,6.361356,4.790073
24.0,121.0,2020-09-01,2020-11-27,87,51,19.473494,20.97058,18.406351,81.08966,6.135709,5.413678
24.0,121.0,2020-09-01,2020-11-28,88,51,19.457527,20.9044,18.453678,81.256325,6.1340365,6.7810087
24.0,121.0,2020-09-01,2020-11-29,89,51,19.325165,20.812023,18.320087,81.17349,6.0838213,6.0109134
24.0,121.0,2020-09-01,2020-11-30,90,51,19.223587,20.681389,18.208221,80.940926,5.890062,7.028306
24.0,121.0,2020-09-01,2020-12-01,91,51,19.276318,20.717243,18.243305,81.42028,6.0278387,6.195555
24.0,121.0,2020-09-01,2020-12-02,92,51,19.32338,20.76018,18.333294,81.31503,5.8978853,4.836436
24.0,121.0,2020-09-01,2020-12-03,93,51,19.07177,20.61933,17.973286,81.36936,6.2535586,4.4370365
24.0,121.0,2020-09-01,2020-12-04,94,51,18.671738,20.210728,17.614334,80.563446,6.542841,4.3860693
24.0,121.0,2020-09-01,2020-12-05,95,51,18.456505,19.982521,17.348946,80.20093,6.2983866,3.9699898
24.0,121.0,2020-09-01,2020-12-06,96,51,18.560745,20.132845,17.427107,80.64643,5.5124664,3.8365855
24.0,121.0,2020-09-01,2020-12-07,97,51,18.636398,20.154743,17.702152,81.34375,5.6731873,3.8879128
24.0,121.0,2020-09-01,2020-12-08,98,51,18.348648,19.919664,17.26725,80.50578,6.2705927,3.5587187
24.0,121.0,2020-09-01,2020-12-09,99,51,18.054499,19.531002,17.039188,79.66371,6.42365,3.1581326
24.0,121.0,2020-09-01,2020-12-10,100,51,18.105951,19.560432,17.166405,80.46569,5.885953,5.490387
24.0,121.0,2020-09-01,2020-12-11,101,51,18.20605,19.753742,17.228977,81.31363,5.470816,4.887166
24.0,121.0,2020-09-01,2020-12-12,102,51,18.122646,19.755234,17.02533,80.556656,5.7258663,3.321658
24.0,121.0,2020-09-01,2020-12-13,103,51,17.788662,19.26273,16.734627,80.30943,6.073292,3.808493
24.0,121.0,2020-09-01,2020-12-14,104,51,17.865332,19.306004,16.935406,80.67493,5.71632,4.5062437
24.0,121.0,2020-09-01,2020-12-15,105,51,17.760777,19.264788,16.78666,81.082855,5.6951942,5.1697636
24.0,121.0,2020-09-01,2020-12-16,106,51,17.60578,19.235294,16.51683,80.331375,5.5870085,3.5655448
24.0,121.0,2020-09-01,2020-12-17,107,51,17.256245,18.816963,16.08967,80.32602,5.6752954,3.4910598
24.0,121.0,2020-09-01,2020-12-18,108,51,17.148033,18.75973,16.015728,79.996605,5.5397024,4.0251083
24.0,121.0,2020-09-01,2020-12-19,109,51,17.115921,18.555279,16.153656,81.127525,5.585582,5.2601647
24.0,121.0,2020-09-01,2020-12-20,110,51,17.126116,18.722752,16.029667,80.83601,5.726267,4.876509
24.0,121.0,2020-09-01,2020-12-21,111,51,16.98909,18.697123,15.904851,80.58748,5.430541,3.4983335
24.0,121.0,2020-09-01,2020-12-22,112,51,16.851986,18.437965,15.77426,80.87207,5.641223,4.7493916
24.0,121.0,2020-09-01,2020-12-23,113,51,16.6254,18.126377,15.472337,80.20152,5.955984,5.1029654
24.0,121.0,2020-09-01,2020-12-24,114,51,16.388105,17.995697,15.332185,80.161026,6.0349503,6.4024463
24.0,121.0,2020-09-01,2020-12-25,115,51,16.105747,17.75043,14.897696,79.94803,5.9609594,4.783647
24.0,121.0,2020-09-01,2020-12-26,116,51,16.02851,17.67208,14.833644,79.50888,5.777108,3.2508068
24.0,121.0,2020-09-01,2020-12-27,117,51,16.058615,17.7084,14.977499,79.77748,5.452795,3.8789694
24.0,121.0,2020-09-01,2020-12-28,118,51,16.191282,17.881895,15.096356,79.762375,5.5470376,3.3800836
24.0,121.0,2020-09-01,2020-12-29,119,51,16.449848,18.038984,15.442968,80.34303,5.1538525,3.2117522
24.0,121.0,2020-09-01,2020-12-30,120,51,16.506088,18.300755,15.313044,80.796814,5.280452,3.5729585
24.0,121.0,2020-09-01,2020-12-31,121,51,16.149357,17.760986,15.05294,80.382355,5.545103,4.300979
24.0,121.0,2020-09-01,2021-01-01,122,51,16.326038,18.026505,15.276281,80.27444,4.92227,4.423378
24.0,121.0,2020-09-01,2021-01-02,123,51,16.479992,18.119366,15.331875,81.43829,5.1508694,5.095538
24.0,121.0,2020-09-01,2021-01-03,124,51,16.232723,17.76036,15.192707,81.04981,5.8838034,5.2976832
24.0,121.0,2020-09-01,2021-01-04,125,51,16.01374,17.576128,14.9883,80.73166,5.7171407,4.352556
24.0,121.0,2020-09-01,2021-01-05,126,51,16.051426,17.740513,14.995882,80.982834,5.190334,3.8092027
24.0,121.0,2020-09-01,2021-01-06,127,51,15.967775,17.651926,14.782694,81.270325,5.565158,4.420542
24.0,121.0,2020-09-01,2021-01-07,128,51,15.804041,17.427927,14.752854,80.66183,5.8833556,4.709481
24.0,121.0,2020-09-01,2021-01-08,129,51,15.531154,17.101881,14.459076,80.308395,5.696872,4.3932095
24.0,121.0,2020-09-01,2021-01-09,130,51,15.519011,17.139654,14.49954,80.53954,5.5449905,4.0166073
24.0,121.0,2020-09-01,2021-01-10,131,51,15.624748,17.238052,14.622547,80.51398,5.591031,4.0341663
24.0,121.0,2020-09-01,2021-01-11,132,51,15.587352,17.214378,14.479056,80.66039,5.359896,3.5991778
24.0,121.0,2020-09-01,2021-01-12,133,51,15.744482,17.449268,14.690311,80.440735,5.069069,3.3033779
24.0,121.0,2020-09-01,2021-01-13,134,51,15.643057,17.457268,14.388391,81.08778,5.189325,3.7533815
24.0,121.0,2020-09-01,2021-01-14,135,51,15.326887,17.052555,14.165513,80.43434,5.536847,4.661038
24.0,121.0,2020-09-01,2021-01-15,136,51,15.3557625,17.10942,14.135689,80.03883,5.0119114,3.5291197
24.0,121.0,2020-09-01,2021-01-16,137,51,15.519705,17.268833,14.384369,81.02049,4.6357417,4.2401857
24.0,121.0,2020-09-01,2021-01-17,138,51,15.832956,17.48556,14.772762,81.04079,4.8615923,4.39853
24.0,121.0,2020-09-01,2021-01-18,139,51,16.060345,17.727757,15.04237,81.38397,5.0367117,5.2953396
24.0,121.0,2020-09-01,2021-01-19,140,51,16.048183,17.67237,15.005118,81.52103,4.8661723,5.409121
24.0,121.0,2020-09-01,2021-01-20,141,51,16.039005,17.82016,14.872499,81.44618,4.667367,4.100973
24.0,121.0,2020-09-01,2021-01-21,142,51,15.831932,17.718735,14.591195,81.010254,4.8799624,4.0378904
24.0,121.0,2020-09-01,2021-01-22,143,51,15.733197,17.444458,14.642448,81.04004,4.692417,5.809307
24.0,121.0,2020-09-01,2021-01-23,144,51,15.728349,17.406763,14.623563,81.45072,4.7986426,4.3798885
24.0,121.0,2020-09-01,2021-01-24,145,51,15.59474,17.33095,14.47139,81.66338,4.830496,4.646453
24.0,121.0,2020-09-01,2021-01-25,146,51,15.623018,17.336983,14.445658,81.13098,4.808858,4.3205442
24.0,121.0,2020-09-01,2021-01-26,147,51,15.658785,17.464703,14.484697,81.48369,4.309375,5.3447943
24.0,121.0,2020-09-01,2021-01-27,148,51,15.587273,17.291595,14.378178,81.35191,4.830136,4.9849267
24.0,121.0,2020-09-01,2021-01-28,149,51,15.495442,17.188448,14.364779,80.87428,5.197439,4.1161137
24.0,121.0,2020-09-01,2021-01-29,150,51,15.397087,17.10566,14.251862,80.890816,5.2382345,4.463546
24.0,121.0,2020-09-01,2021-01-30,151,51,15.3847275,17.042946,14.323885,80.87304,5.2493773,4.0870557
24.0,121.0,2020-09-01,2021-01-31,152,51,15.381578,17.121944,14.224925,80.592995,5.2241435,3.5683966
24.0,122.0,2020-09-01,2020-09-01,0,51,26.866652,27.43833,26.25862,82.71029,4.035625,0.0
24.0,122.0,2020-09-01,2020-09-02,1,51,27.1402,28.15626,26.186974,84.262245,1.9492239,3.0944035
24.0,122.0,2020-09-01,2020-09-03,2,51,26.14488,26.74969,25.415585,86.37744,2.143528,11.736411
24.0,122.0,2020-09-01,2020-09-04,3,51,25.809746,26.513025,25.184477,85.98284,3.4835348,9.433378
24.0,122.0,2020-09-01,2020-09-05,4,51,25.844494,26.538393,25.236074,82.613045,4.6757493,8.304126
24.0,122.0,2020-09-01,2020-09-06,5,51,25.391375,26.266582,24.622349,78.17836,3.6416752,4.1509614
24.0,122.0,2020-09-01,2020-09-07,6,51,25.56845,26.350578,25.023046,77.16349,2.1874413,4.223975
24.0,122.0,2020-09-01,2020-09-08,7,51,25.76687,26.57631,25.099863,80.80227,2.4842176,7.0384455
24.0,122.0,2020-09-01,2020-09-09,8,51,25.529886,26.264593,24.837421,82.21754,2.6897194,9.952207
24.0,122.0,2020-09-01,2020-09-10,9,51,25.49704,26.242085,24.926924,82.24941,2.8735178,7.6133957
24.0,122.0,2020-09-01,2020-09-11,10,51,25.662718,26.465399,25.001917,83.0607,3.0234406,7.9015083
24.0,122.0,2020-09-01,2020-09-12,11,51,25.754383,26.625168,24.991827,84.25179,3.0063791,9.283176
24.0,122.0,2020-09-01,2020-09-13,12,51,25.797062,26.727852,25.062529,85.26227,3.00614,10.4726
24.0,122.0,2020-09-01,2020-09-14,13,51,25.92061,26.800112,25.248358,85.32164,2.7813113,6.942488
24.0,122.0,2020-09-01,2020-09-15,14,51,26.018183,26.93304,25.291798,84.93025,2.829892,6.3034644
24.0,122.0,2020-09-01,2020-09-16,15,51,26.18816,27.12713,25.42012,84.96332,2.7466257,5.6969347
24.0,122.0,2020-09-01,2020-09-17,16,51,26.186874,27.157763,25.365133,85.368416,2.6644356,6.0218616
24.0,122.0,2020-09-01,2020-09-18,17,51,26.12573,27.097805,25.282782,84.964806,2.9593792,8.193953
24.0,122.0,2020-09-01,2020-09-19,18,51,25.965876,26.848661,25.175262,84.64492,3.3413696,7.9534717
24.0,122.0,2020-09-01,2020-09-20,19,51,25.933517,26.89065,25.182592,83.434875,3.407269,7.012527
24.0,122.0,2020-09-01,2020-09-21,20,51,25.995161,26.949362,25.229937,83.07039,3.763309,7.422511
24.0,122.0,2020-09-01,2020-09-22,21,51,25.930683,26.834023,25.22923,83.2594,3.7435615,6.3891854
24.0,122.0,2020-09-01,2020-09-23,22,51,25.864471,26.854418,25.146015,82.976776,4.1475987,8.777594
24.0,122.0,2020-09-01,2020-09-24,23,51,25.831446,26.729355,25.165556,82.26961,4.51842,9.695166
24.0,122.0,2020-09-01,2020-09-25,24,51,25.78555,26.731806,25.033257,82.03111,4.7163806,8.368209
24.0,122.0,2020-09-01,2020-09-26,25,51,25.67272,26.562212,25.004217,82.04407,4.6935763,8.467616
24.0,122.0,2020-09-01,2020-09-27,26,51,25.616772,26.501072,24.917023,81.78276,4.61801,9.776378
24.0,122.0,2020-09-01,2020-09-28,27,51,25.58908,26.445995,24.934816,82.49372,4.4138412,10.729619
24.0,122.0,2020-09-01,2020-09-29,28,51,25.623053,26.411777,24.940968,83.02112,4.659467,12.646416
24.0,122.0,2020-09-01,2020-09-30,29,51,25.495218,26.2845,24.818903,83.27745,4.925784,14.312306
24.0,122.0,2020-09-01,2020-10-01,30,51,25.44397,26.231876,24.81448,83.325096,5.08344,16.139399
24.0,122.0,2020-09-01,2020-10-02,31,51,25.449217,26.320265,24.75307,83.21488,5.201887,13.96616
24.0,122.0,2020-09-01,2020-10-03,32,51,25.45423,26.275253,24.755007,84.12625,5.463236,14.803181
24.0,122.0,2020-09-01,2020-10-04,33,51,25.30307,26.063328,24.65999,84.1251,5.7742834,15.968544
24.0,122.0,2020-09-01,2020-10-05,34,51,25.319464,26.148327,24.687143,82.97297,5.4773555,15.785991
24.0,122.0,2020-09-01,2020-10-06,35,51,25.34991,26.163116,24.70615,83.35159,4.7444077,13.8889475
24.0,122.0,2020-09-01,2020-10-07,36,51,25.263456,26.131424,24.551275,83.78951,4.868361,13.012417
24.0,122.0,2020-09-01,2020-10-08,37,51,25.139086,25.94087,24.483618,83.42316,5.1700597,12.482338
24.0,122.0,2020-09-01,2020-10-09,38,51,25.11453,25.937283,24.381195,82.840004,5.6223187,12.649273
24.0,122.0,2020-09-01,2020-10-10,39,51,24.97871,25.832941,24.300453,82.430405,6.05926,15.024675
24.0,122.0,2020-09-01,2020-10-11,40,51,24.93392,25.75473,24.273165,83.422554,6.3940563,19.552418
24.0,122.0,2020-09-01,2020-10-12,41,51,24.902397,25.755465,24.1909,82.85621,6.235404,15.199776
24.0,122.0,2020-09-01,2020-10-13,42,51,24.735992,25.492968,24.109207,82.89502,5.994331,13.367557
24.0,122.0,2020-09-01,2020-10-14,43,51,24.827587,25.625422,24.155172,82.57545,5.9948235,17.434563
24.0,122.0,2020-09-01,2020-10-15,44,51,24.827192,25.711643,24.101385,82.544785,6.2962623,13.525532
24.0,122.0,2020-09-01,2020-10-16,45,51,24.538273,25.383469,23.862198,83.11607,5.878147,12.570488
24.0,122.0,2020-09-01,2020-10-17,46,51,24.545849,25.46108,23.780685,81.994736,6.1306887,12.403601
24.0,122.0,2020-09-01,2020-10-18,47,51,24.281872,25.087866,23.639105,81.90754,6.7961707,15.704584
24.0,122.0,2020-09-01,2020-10-19,48,51,24.248007,24.952765,23.63227,82.804115,6.747567,24.180273
24.0,122.0,2020-09-01,2020-10-20,49,51,24.295605,25.04722,23.68949,82.91857,6.447246,17.541409
24.0,122.0,2020-09-01,2020-10-21,50,51,24.158892,24.910894,23.443188,82.60081,6.9555097,21.925991
24.0,122.0,2020-09-01,2020-10-22,51,51,23.926235,24.71062,23.26554,82.33723,6.5970583,20.703503
24.0,122.0,2020-09-01,2020-10-23,52,51,23.794561,24.559595,23.15736,80.94121,6.601697,14.195607
24.0,122.0,2020-09-01,2020-10-24,53,51,23.77951,24.509106,23.174221,80.11957,6.4410806,15.038696
24.0,122.0,2020-09-01,2020-10-25,54,51,23.710464,24.496243,23.080997,79.618614,6.3446684,12.596478
24.0,122.0,2020-09-01,2020-10-26,55,51,23.779488,24.589146,23.101019,80.569084,6.25317,15.83806
24.0,122.0,2020-09-01,2020-10-27,56,51,23.67714,24.525938,22.99752,81.1421,6.407632,13.3275
24.0,122.0,2020-09-01,2020-10-28,57,51,23.40543,24.200624,22.689314,81.03302,6.331183,10.903419
24.0,122.0,2020-09-01,2020-10-29,58,51,23.234703,24.084454,22.512232,80.38453,6.29646,11.651467
24.0,122.0,2020-09-01,2020-10-30,59,51,23.129631,23.899069,22.48179,80.56487,6.025057,11.430372
24.0,122.0,2020-09-01,2020-10-31,60,51,23.1625,23.902534,22.536606,80.621796,5.841085,10.431423
24.0,122.0,2020-09-01,2020-11-01,61,51,23.276752,24.147617,22.553638,80.42793,6.0121727,10.243794
24.0,122.0,2020-09-01,2020-11-02,62,51,22.967503,23.770857,22.252754,80.13939,6.3884435,13.9570675
24.0,122.0,2020-09-01,2020-11-03,63,51,22.791756,23.65621,22.089996,79.04199,6.5108237,11.645362
24.0,122.0,2020-09-01,2020-11-04,64,51,22.81833,23.684858,22.083216,79.58149,6.2880735,11.18564
24.0,122.0,2020-09-01,2020-11-05,65,51,22.754065,23.564814,22.068077,80.82748,6.27568,12.785349
24.0,122.0,2020-09-01,2020-11-06,66,51,22.6687,23.47833,21.968618,80.33181,6.608908,10.927238
24.0,122.0,2020-09-01,2020-11-07,67,51,22.592325,23.330898,21.902094,79.80666,6.380486,13.538226
24.0,122.0,2020-09-01,2020-11-08,68,51,22.547188,23.330746,21.886862,78.84633,6.152782,9.685368
24.0,122.0,2020-09-01,2020-11-09,69,51,22.594015,23.531898,21.847012,78.851006,6.1822104,9.599796
24.0,122.0,2020-09-01,2020-11-10,70,51,22.413092,23.268322,21.691132,79.80291,6.4628043,9.130333
24.0,122.0,2020-09-01,2020-11-11,71,51,22.279636,23.123306,21.549675,78.74744,6.626432,9.400044
24.0,122.0,2020-09-01,2020-11-12,72,51,22.06231,22.89824,21.32979,78.532745,6.389618,9.726149
24.0,122.0,2020-09-01,2020-11-13,73,51,22.089987,22.937923,21.342499,79.75293,6.064119,10.575877
24.0,122.0,2020-09-01,2020-11-14,74,51,21.946972,22.769512,21.179792,80.0723,6.638576,9.971691
24.0,122.0,2020-09-01,2020-11-15,75,51,21.539364,22.409788,20.740473,80.041725,7.07315,10.7380085
24.0,122.0,2020-09-01,2020-11-16,76,51,21.3848,22.273287,20.574709,78.72877,7.1847653,11.111437
24.0,122.0,2020-09-01,2020-11-17,77,51,21.352242,22.13894,20.534512,77.75834,6.945031,14.659963
24.0,122.0,2020-09-01,2020-11-18,78,51,21.369516,22.137028,20.669521,78.780396,6.2331104,13.180123
24.0,122.0,2020-09-01,2020-11-19,79,51,21.518682,22.48504,20.720171,78.44107,5.8752685,9.285226
24.0,122.0,2020-09-01,2020-11-20,80,51,21.155361,22.018627,20.315964,76.932655,6.687547,7.741964
24.0,122.0,2020-09-01,2020-11-21,81,51,21.038378,21.905132,20.309717,76.607635,6.2041416,5.721079
24.0,122.0,2020-09-01,2020-11-22,82,51,21.266478,22.066061,20.575323,78.21016,6.1000247,8.475092
24.0,122.0,2020-09-01,2020-11-23,83,51,21.178507,22.050644,20.379482,78.02163,6.354697,10.100782
24.0,122.0,2020-09-01,2020-11-24,84,51,21.041016,21.93623,20.206385,79.07424,6.558412,9.333075
24.0,122.0,2020-09-01,2020-11-25,85,51,21.040947,21.899385,20.286346,79.03843,6.6321583,9.07691
24.0,122.0,2020-09-01,2020-11-26,86,51,20.938858,21.747147,20.16019,78.50459,6.5755877,7.945415
24.0,122.0,2020-09-01,2020-11-27,87,51,20.751265,21.648691,20.013638,78.37116,6.4839573,9.182942
24.0,122.0,2020-09-01,2020-11-28,88,51,20.733932,21.581142,19.960657,79.063095,6.7546453,9.928332
24.0,122.0,2020-09-01,2020-11-29,89,51,20.628555,21.42733,19.924528,78.36404,6.684052,8.9571
24.0,122.0,2020-09-01,2020-11-30,90,51,20.56646,21.426146,19.796503,78.00934,6.1796975,10.609397
24.0,122.0,2020-09-01,2020-12-01,91,51,20.555214,21.372162,19.727612,79.06631,6.2899218,10.940796
24.0,122.0,2020-09-01,2020-12-02,92,51,20.63728,21.459156,19.873592,79.25237,6.206885,9.051435
24.0,122.0,2020-09-01,2020-12-03,93,51,20.450953,21.399027,19.596897,78.99651,6.5126233,7.6775646
24.0,122.0,2020-09-01,2020-12-04,94,51,20.021824,20.930334,19.22737,78.2245,6.87495,7.3369164
24.0,122.0,2020-09-01,2020-12-05,95,51,19.755674,20.55,18.968147,77.30878,6.7209716,6.4085054
24.0,122.0,2020-09-01,2020-12-06,96,51,19.95969,20.849916,19.164764,76.904015,5.9286475,6.0480585
24.0,122.0,2020-09-01,2020-12-07,97,51,20.121613,21.031235,19.37698,78.21542,5.825624,7.06343
24.0,122.0,2020-09-01,2020-12-08,98,51,19.766035,20.70735,18.924944,78.24583,6.6899085,7.4938354
24.0,122.0,2020-09-01,2020-12-09,99,51,19.499594,20.335701,18.72385,77.24664,6.826905,5.1768126
24.0,122.0,2020-09-01,2020-12-10,100,51,19.510857,20.27952,18.818598,77.397606,6.384739,7.991904
24.0,122.0,2020-09-01,2020-12-11,101,51,19.721594,20.605938,18.959478,78.23224,5.9499745,9.421262
24.0,122.0,2020-09-01,2020-12-12,102,51,19.641026,20.56773,18.747265,77.34444,5.9130344,6.279011
24.0,122.0,2020-09-01,2020-12-13,103,51,19.250904,20.105968,18.451828,77.29349,6.2769494,5.7445617
24.0,122.0,2020-09-01,2020-12-14,104,51,19.34375,20.142147,18.62736,77.31659,5.8322687,6.574269
24.0,122.0,2020-09-01,2020-12-15,105,51,19.302248,20.145403,18.562782,77.88597,6.21967,8.15502
24.0,122.0,2020-09-01,2020-12-16,106,51,19.191582,20.184526,18.253069,76.938225,6.0742445,6.6129713
24.0,122.0,2020-09-01,2020-12-17,107,51,18.794277,19.713108,17.839832,77.50554,6.20701,5.939781
24.0,122.0,2020-09-01,2020-12-18,108,51,18.650997,19.631792,17.673346,77.302895,6.0054436,6.7030115
24.0,122.0,2020-09-01,2020-12-19,109,51,18.641567,19.468084,17.827795,78.116516,5.98144,8.360207
24.0,122.0,2020-09-01,2020-12-20,110,51,18.625006,19.567455,17.727226,77.80938,6.1600504,8.388051
24.0,122.0,2020-09-01,2020-12-21,111,51,18.58008,19.558779,17.715796,77.19558,5.827336,6.085655
24.0,122.0,2020-09-01,2020-12-22,112,51,18.430447,19.421515,17.52018,77.44433,5.8556685,7.050257
24.0,122.0,2020-09-01,2020-12-23,113,51,18.180496,19.042759,17.252026,77.105576,6.489288,7.2525396
24.0,122.0,2020-09-01,2020-12-24,114,51,18.015253,18.92716,17.16979,76.8436,6.5226927,8.366244
24.0,122.0,2020-09-01,2020-12-25,115,51,17.77628,18.918781,16.684694,76.57224,6.517063,6.783197
24.0,122.0,2020-09-01,2020-12-26,116,51,17.614738,18.63248,16.662798,76.46724,6.2521596,5.150472
24.0,122.0,2020-09-01,2020-12-27,117,51,17.647707,18.650286,16.751596,76.31123,5.810702,5.808153
24.0,122.0,2020-09-01,2020-12-28,118,51,17.748037,18.678492,16.864096,76.19444,5.965921,5.421668
24.0,122.0,2020-09-01,2020-12-29,119,51,18.024618,18.91219,17.13626,76.345825,5.413102,5.325043
24.0,122.0,2020-09-01,2020-12-30,120,51,18.238537,19.27143,17.243326,77.40082,5.6424117,5.9976387
24.0,122.0,2020-09-01,2020-12-31,121,51,17.849762,18.790073,16.986242,77.68388,6.1285677,6.4171476
24.0,122.0,2020-09-01,2021-01-01,122,51,18.107634,19.054201,17.284557,76.29266,5.2358794,5.2164197
24.0,122.0,2020-09-01,2021-01-02,123,51,18.247486,19.177563,17.306458,77.57295,5.5101595,7.048304
24.0,122.0,2020-09-01,2021-01-03,124,51,17.875357,18.755987,17.010468,78.28063,6.232521,7.662247
24.0,122.0,2020-09-01,2021-01-04,125,51,17.604446,18.49307,16.82276,77.46933,6.0402813,6.7083836
24.0,122.0,2020-09-01,2021-01-05,126,51,17.750082,18.723917,16.904432,77.376305,5.705686,5.8484306
24.0,122.0,2020-09-01,2021-01-06,127,51,17.733135,18.75352,16.777863,77.654205,5.967314,6.3710065
24.0,122.0,2020-09-01,2021-01-07,128,51,17.47494,18.406197,16.59896,77.47149,6.5087023,7.1602497
24.0,122.0,2020-09-01,2021-01-08,129,51,17.194801,18.084236,16.29712,77.02291,6.433483,6.6188893
24.0,122.0,2020-09-01,2021-01-09,130,51,17.222183,18.194853,16.371647,77.18043,6.001767,6.0871224
24.0,122.0,2020-09-01,2021-01-10,131,51,17.269377,18.143354,16.440346,76.83695,6.0216517,6.3962965
24.0,122.0,2020-09-01,2021-01-11,132,51,17.228651,18.15036,16.380264,77.400154,5.9226737,5.854192
24.0,122.0,2020-09-01,2021-01-12,133,51,17.443378,18.350052,16.604279,76.83093,5.561833,5.0939345
24.0,122.0,2020-09-01,2021-01-13,134,51,17.441305,18.513863,16.429367,77.646866,5.86397,6.541129
24.0,122.0,2020-09-01,2021-01-14,135,51,17.062614,18.060339,16.106184,77.11867,6.3123784,7.2804065
24.0,122.0,2020-09-01,2021-01-15,136,51,17.115025,18.080988,16.104002,76.18768,5.638592,5.3648896
24.0,122.0,2020-09-01,2021-01-16,137,51,17.379534,18.36715,16.445494,77.09665,5.278606,6.537406
24.0,122.0,2020-09-01,2021-01-17,138,51,17.724136,18.707048,16.839087,77.013084,5.494812,6.867499
24.0,122.0,2020-09-01,2021-01-18,139,51,17.804173,18.73949,16.923916,77.508675,5.505784,7.5946836
24.0,122.0,2020-09-01,2021-01-19,140,51,17.844412,18.781118,16.960062,77.667625,5.391211,7.6658587
24.0,122.0,2020-09-01,2021-01-20,141,51,17.885326,18.956833,16.971077,77.294556,5.2037234,6.234309
24.0,122.0,2020-09-01,2021-01-21,142,51,17.605299,18.656515,16.634172,77.06649,5.6628203,5.438475
24.0,122.0,2020-09-01,2021-01-22,143,51,17.532091,18.52452,16.62888,76.447655,5.4602466,6.9789357
24.0,122.0,2020-09-01,2021-01-23,144,51,17.430407,18.397861,16.546202,77.941154,5.650768,6.6282024
24.0,122.0,2020-09-01,2021-01-24,145,51,17.34141,18.360771,16.451578,77.71981,5.744228,7.1050115
24.0,122.0,2020-09-01,2021-01-25,146,51,17.328693,18.317797,16.403242,77.53706,5.592854,6.401872
24.0,122.0,2020-09-01,2021-01-26,147,51,17.378902,18.417784,16.401567,77.56079,5.0174675,7.5710187
24.0,122.0,2020-09-01,2021-01-27,148,51,17.32771,18.374304,16.341036,78.10018,5.444442,7.780009
24.0,122.0,2020-09-01,2021-01-28,149,51,17.215164,18.236414,16.325396,77.83621,5.7035246,6.6149545
24.0,122.0,2020-09-01,2021-01-29,150,51,17.084366,18.144785,16.109224,77.804115,5.680925,7.1806293
24.0,122.0,2020-09-01,2021-01-30,151,51,17.062773,18.033121,16.166426,77.6146,5.764247,6.319191
24.0,122.0,2020-09-01,2021-01-31,152,51,17.097618,18.11778,16.146994,76.41781,5.650944,5.470192
